# Time (s),Angle of attack (°),Mass (g),Motor mass (g),Longitudinal moment of inertia (kg·m²),Rotational moment of inertia (kg·m²),CP location (cm),CG location (cm),Thrust (N),Drag coefficient (​),Friction drag coefficient (​),Pressure drag coefficient (​),Base drag coefficient (​),Axial drag coefficient (​),Normal force coefficient (​),Pitch moment coefficient (​),Yaw moment coefficient (​),Side force coefficient (​),Roll moment coefficient (​),Roll forcing coefficient (​),Roll damping coefficient (​),Pitch damping coefficient (​),Air pressure (mbar),Air density (g/cm³),Speed of sound (m/s),Mach number (​),Reference length (cm),Reference area (cm²)
0,90,2993.196,807,0.302,0.003,NaN,47.265,0,0.705,0.568,0.017,0.12,0,NaN,NaN,NaN,NaN,NaN,NaN,NaN,NaN,1013.25,0.001,340.389,0.007,6.4,32.17
0.01,89.371,2992.447,806.251,0.302,0.003,NaN,47.257,64.111,0.705,0.568,0.017,0.12,2.333e-6,NaN,NaN,NaN,NaN,NaN,NaN,NaN,NaN,1013.25,0.001,340.389,0.007,6.4,32.17
0.02,83.856,2991.698,805.502,0.302,0.003,NaN,47.249,128.222,0.705,0.568,0.017,0.12,0.002,NaN,NaN,NaN,NaN,NaN,NaN,NaN,NaN,1013.25,0.001,340.389,0.007,6.4,32.17
0.03,73.394,2990.949,804.753,0.302,0.003,NaN,47.241,192.334,0.7,0.564,0.017,0.12,0.036,NaN,NaN,NaN,NaN,NaN,NaN,NaN,NaN,1013.249,0.001,340.389,0.007,6.4,32.17
0.042,56.868,2990.05,803.854,0.301,0.003,NaN,47.232,269.267,0.683,0.546,0.017,0.12,0.219,NaN,NaN,NaN,NaN,NaN,NaN,NaN,NaN,1013.248,0.001,340.389,0.008,6.4,32.17
0.045,52.777,2989.65,803.454,0.301,0.003,NaN,47.228,326.466,0.676,0.54,0.017,0.12,0.288,NaN,NaN,NaN,NaN,NaN,NaN,NaN,NaN,1013.247,0.001,340.389,0.008,6.4,32.17
0.048,47.388,2989.068,802.872,0.301,0.003,NaN,47.222,311.56,0.667,0.53,0.017,0.12,0.388,NaN,NaN,NaN,NaN,NaN,NaN,NaN,NaN,1013.247,0.001,340.389,0.009,6.4,32.17
0.054,41.163,2988.196,802,0.301,0.003,NaN,47.213,289.2,0.653,0.516,0.017,0.12,0.507,NaN,NaN,NaN,NaN,NaN,NaN,NaN,NaN,1013.245,0.001,340.389,0.01,6.4,32.17
0.062,34.711,2986.887,800.691,0.301,0.003,NaN,47.199,255.66,0.636,0.499,0.017,0.12,0.62,NaN,NaN,NaN,NaN,NaN,NaN,NaN,NaN,1013.242,0.001,340.389,0.012,6.4,32.17
0.07,30.754,2985.695,799.499,0.301,0.003,NaN,47.187,225.102,0.624,0.487,0.017,0.12,0.678,NaN,NaN,NaN,NaN,NaN,NaN,NaN,NaN,1013.239,0.001,340.389,0.013,6.4,32.17
0.08,27.052,2984.506,798.31,0.301,0.003,NaN,47.175,214.247,0.611,0.474,0.017,0.12,0.719,NaN,NaN,NaN,NaN,NaN,NaN,NaN,NaN,1013.234,0.001,340.388,0.015,6.4,32.17
0.091,24.009,2983.198,797.002,0.301,0.003,NaN,47.161,202.307,0.599,0.462,0.017,0.12,0.741,NaN,NaN,NaN,NaN,NaN,NaN,NaN,NaN,1013.228,0.001,340.388,0.017,6.4,32.17
0.101,21.779,2981.984,795.788,0.301,0.003,NaN,47.148,208.8,0.59,0.453,0.017,0.12,0.749,NaN,NaN,NaN,NaN,NaN,NaN,NaN,NaN,1013.221,0.001,340.388,0.018,6.4,32.17
0.111,19.768,2980.77,794.573,0.301,0.003,NaN,47.136,215.294,0.581,0.444,0.017,0.12,0.749,NaN,NaN,NaN,NaN,NaN,NaN,NaN,NaN,1013.214,0.001,340.388,0.02,6.4,32.17
0.121,18.018,2979.556,793.359,0.3,0.003,NaN,47.123,221.787,0.573,0.436,0.017,0.12,0.744,NaN,NaN,NaN,NaN,NaN,NaN,NaN,NaN,1013.206,0.001,340.387,0.022,6.4,32.17
0.131,16.488,2978.341,792.145,0.3,0.003,NaN,47.11,228.281,0.566,0.428,0.017,0.12,0.735,NaN,NaN,NaN,NaN,NaN,NaN,NaN,NaN,1013.198,0.001,340.387,0.023,6.4,32.17
0.14,15.27,2977.249,791.053,0.3,0.003,NaN,47.099,234.125,0.559,0.422,0.017,0.12,0.722,NaN,NaN,NaN,NaN,NaN,NaN,NaN,NaN,1013.189,0.001,340.387,0.025,6.4,32.17
0.15,14.078,2975.914,789.718,0.3,0.003,NaN,47.085,235.963,0.553,0.415,0.017,0.12,0.705,NaN,NaN,NaN,NaN,NaN,NaN,NaN,NaN,1013.179,0.001,340.387,0.027,6.4,32.17
0.16,13.1,2974.58,788.384,0.3,0.003,NaN,47.071,237.801,0.546,0.409,0.017,0.12,0.688,NaN,NaN,NaN,NaN,NaN,NaN,NaN,NaN,1013.169,0.001,340.386,0.029,6.4,32.17
0.17,12.24,2973.246,787.049,0.3,0.003,NaN,47.057,239.64,0.541,0.404,0.017,0.12,0.672,NaN,NaN,NaN,NaN,NaN,NaN,NaN,NaN,1013.157,0.001,340.386,0.031,6.4,32.17
0.18,11.502,2971.955,785.759,0.3,0.003,NaN,47.044,241.417,0.536,0.398,0.017,0.12,0.657,NaN,NaN,NaN,NaN,NaN,NaN,NaN,NaN,1013.145,0.001,340.385,0.033,6.4,32.17
0.189,10.882,2970.745,784.549,0.299,0.003,59.062,47.031,243.084,0.532,0.395,0.017,0.12,0.644,3.377,6.348,1.762e-4,0,0.7,0.7,0,0,1013.133,0.001,340.385,0.035,6.4,32.17
0.196,10.404,2969.749,783.553,0.299,0.003,59.176,47.02,244.456,0.532,0.395,0.017,0.12,0.638,3.2,6.078,-2.276e-4,0,0.7,0.7,0,1.609e-5,1013.122,0.001,340.385,0.036,6.4,32.17
0.202,10.047,2968.976,782.78,0.299,0.003,59.263,47.012,245.522,0.532,0.395,0.017,0.12,0.633,3.07,5.877,-4.807e-4,0,0.7,0.7,0,4.921e-5,1013.114,0.001,340.384,0.038,6.4,32.17
0.208,9.657,2968.145,781.948,0.299,0.003,59.36,47.004,244.446,0.532,0.395,0.017,0.12,0.628,2.929,5.656,-3.77e-4,0,0.666,0.7,0.033,1.045e-4,1013.104,0.001,340.384,0.039,6.4,32.17
0.215,9.301,2967.331,781.135,0.299,0.003,59.45,46.995,243.393,0.532,0.395,0.017,0.12,0.623,2.803,5.454,2.196e-4,0,0.656,0.7,0.043,1.759e-4,1013.094,0.001,340.384,0.04,6.4,32.17
0.221,8.983,2966.558,780.362,0.299,0.003,59.531,46.987,242.391,0.532,0.395,0.017,0.12,0.619,2.691,5.274,4.218e-4,0,0.647,0.7,0.053,2.581e-4,1013.085,0.001,340.383,0.042,6.4,32.17
0.226,8.697,2965.82,779.623,0.299,0.003,59.605,46.979,241.435,0.532,0.395,0.017,0.12,0.615,2.591,5.11,-3.465e-4,0,0.638,0.7,0.062,3.485e-4,1013.075,0.001,340.383,0.043,6.4,32.17
0.232,8.437,2965.112,778.915,0.299,0.003,59.674,46.972,240.518,0.532,0.395,0.017,0.12,0.611,2.501,4.963,1.053e-4,0,0.629,0.7,0.071,4.454e-4,1013.066,0.001,340.383,0.044,6.4,32.17
0.237,8.198,2964.43,778.234,0.299,0.003,59.737,46.965,239.636,0.532,0.395,0.017,0.12,0.608,2.419,4.826,3.904e-4,0,0.621,0.7,0.079,5.474e-4,1013.057,0.001,340.382,0.045,6.4,32.17
0.242,7.979,2963.773,777.577,0.299,0.003,59.796,46.958,238.785,0.532,0.395,0.017,0.12,0.605,2.344,4.701,-2.638e-4,0,0.613,0.7,0.087,6.534e-4,1013.047,0.001,340.382,0.046,6.4,32.17
0.247,7.776,2963.137,776.94,0.299,0.003,59.852,46.951,237.961,0.532,0.395,0.017,0.12,0.602,2.275,4.586,2.902e-4,0,0.605,0.7,0.094,7.627e-4,1013.038,0.001,340.382,0.047,6.4,32.17
0.252,7.592,2962.52,776.323,0.299,0.003,59.902,46.944,237.162,0.532,0.395,0.017,0.12,0.599,2.214,4.481,3.755e-4,0,0.598,0.7,0.102,8.747e-4,1013.029,0.001,340.381,0.048,6.4,32.17
0.256,7.43,2961.92,775.724,0.299,0.003,59.947,46.938,236.386,0.532,0.395,0.017,0.12,0.597,2.159,4.388,-2.247e-4,0,0.591,0.7,0.109,9.889e-4,1013.021,0.001,340.381,0.049,6.4,32.17
0.261,7.277,2961.336,775.14,0.299,0.003,59.989,46.932,235.63,0.532,0.395,0.017,0.12,0.595,2.108,4.301,3.803e-4,0,0.584,0.7,0.116,0.001,1013.012,0.001,340.381,0.05,6.4,32.17
0.265,7.133,2960.767,774.571,0.298,0.003,60.03,46.926,234.894,0.532,0.395,0.017,0.12,0.593,2.061,4.219,-2.204e-4,0,0.577,0.7,0.123,0.001,1013.003,0.001,340.381,0.051,6.4,32.17
0.27,6.997,2960.212,774.015,0.298,0.003,60.068,46.92,234.174,0.532,0.395,0.017,0.12,0.591,2.016,4.141,-3.72e-4,0,0.571,0.7,0.129,0.001,1012.994,0.001,340.38,0.052,6.4,32.17
0.274,6.868,2959.668,773.472,0.298,0.003,60.105,46.914,233.47,0.532,0.395,0.017,0.12,0.59,1.974,4.067,-1.28e-4,0,0.564,0.7,0.136,0.001,1012.986,0.001,340.38,0.052,6.4,32.17
0.278,6.745,2959.136,772.94,0.298,0.003,60.14,46.909,232.781,0.532,0.395,0.017,0.12,0.588,1.934,3.996,1.653e-4,0,0.558,0.7,0.142,0.002,1012.977,0.001,340.38,0.053,6.4,32.17
0.282,6.628,2958.615,772.419,0.298,0.003,60.174,46.903,232.106,0.533,0.395,0.017,0.12,0.586,1.896,3.929,5.71e-5,0,0.552,0.7,0.148,0.002,1012.969,0.001,340.379,0.054,6.4,32.17
0.286,6.516,2958.103,771.907,0.298,0.003,60.206,46.898,231.444,0.533,0.395,0.017,0.12,0.585,1.859,3.865,-2.158e-4,0,0.546,0.7,0.154,0.002,1012.96,0.001,340.379,0.055,6.4,32.17
0.29,6.409,2957.601,771.404,0.298,0.003,60.238,46.892,230.793,0.533,0.395,0.017,0.12,0.584,1.825,3.803,-2.497e-4,0,0.54,0.7,0.16,0.002,1012.952,0.001,340.379,0.056,6.4,32.17
0.293,6.306,2957.107,770.911,0.298,0.003,60.268,46.887,230.154,0.533,0.395,0.017,0.12,0.582,1.792,3.744,2.264e-5,0,0.534,0.7,0.166,0.002,1012.943,0.001,340.379,0.056,6.4,32.17
0.297,6.207,2956.621,770.425,0.298,0.003,60.297,46.882,229.524,0.533,0.395,0.018,0.12,0.581,1.76,3.687,4.298e-4,0,0.529,0.7,0.171,0.002,1012.935,0.001,340.378,0.057,6.4,32.17
0.301,6.116,2956.142,769.946,0.298,0.003,60.324,46.877,228.905,0.533,0.395,0.018,0.12,0.58,1.731,3.635,9.151e-5,0,0.523,0.7,0.177,0.002,1012.926,0.001,340.378,0.058,6.4,32.17
0.305,6.041,2955.671,769.475,0.298,0.003,60.346,46.872,228.295,0.533,0.395,0.018,0.12,0.579,1.707,3.592,4.634e-4,0,0.518,0.7,0.182,0.002,1012.918,0.001,340.378,0.059,6.4,32.17
0.308,5.969,2955.206,769.01,0.298,0.003,60.367,46.867,227.693,0.533,0.395,0.018,0.12,0.578,1.684,3.55,2.275e-4,0,0.512,0.7,0.188,0.003,1012.91,0.001,340.377,0.059,6.4,32.17
0.312,5.899,2954.748,768.552,0.298,0.003,60.388,46.862,227.099,0.533,0.395,0.018,0.12,0.577,1.662,3.51,-3.879e-4,0,0.507,0.7,0.193,0.003,1012.901,0.001,340.377,0.06,6.4,32.17
0.315,5.831,2954.296,768.099,0.298,0.003,60.409,46.857,226.514,0.533,0.395,0.018,0.12,0.576,1.641,3.471,-2.85e-5,0,0.502,0.7,0.198,0.003,1012.893,0.001,340.377,0.061,6.4,32.17
0.319,5.765,2953.849,767.653,0.298,0.003,60.429,46.853,225.935,0.533,0.395,0.018,0.12,0.575,1.62,3.434,-2.913e-4,0,0.497,0.7,0.203,0.003,1012.884,0.001,340.377,0.061,6.4,32.17
0.322,5.7,2953.407,767.211,0.298,0.003,60.448,46.848,225.363,0.533,0.395,0.018,0.12,0.575,1.6,3.396,-1.273e-4,0,0.492,0.7,0.208,0.003,1012.876,0.001,340.376,0.062,6.4,32.17
0.325,5.638,2952.971,766.775,0.298,0.003,60.467,46.843,224.798,0.533,0.395,0.018,0.121,0.574,1.58,3.361,1.24e-5,0,0.487,0.7,0.213,0.003,1012.868,0.001,340.376,0.063,6.4,32.17
0.329,5.577,2952.539,766.343,0.298,0.003,60.485,46.839,224.239,0.533,0.395,0.018,0.121,0.573,1.561,3.325,1.19e-4,0,0.482,0.7,0.218,0.003,1012.859,0.001,340.376,0.063,6.4,32.17
0.332,5.517,2952.112,765.916,0.298,0.003,60.504,46.834,223.686,0.533,0.395,0.018,0.121,0.573,1.542,3.291,-2.607e-4,0,0.477,0.7,0.223,0.004,1012.851,0.001,340.376,0.064,6.4,32.17
0.335,5.459,2951.689,765.493,0.298,0.003,60.521,46.83,223.138,0.533,0.395,0.018,0.121,0.572,1.524,3.257,-4.078e-4,0,0.473,0.7,0.227,0.004,1012.843,0.001,340.375,0.065,6.4,32.17
0.338,5.402,2951.27,765.074,0.297,0.003,60.539,46.825,222.596,0.533,0.395,0.018,0.121,0.571,1.507,3.224,2.687e-4,0,0.468,0.7,0.232,0.004,1012.835,0.001,340.375,0.065,6.4,32.17
0.342,5.346,2950.855,764.659,0.297,0.003,60.556,46.821,222.059,0.533,0.395,0.018,0.121,0.57,1.489,3.192,-1.497e-4,0,0.463,0.7,0.237,0.004,1012.826,0.001,340.375,0.066,6.4,32.17
0.345,5.291,2950.444,764.248,0.297,0.003,60.573,46.816,221.526,0.533,0.395,0.018,0.121,0.57,1.472,3.161,-4.75e-4,0,0.459,0.7,0.241,0.004,1012.818,0.001,340.374,0.066,6.4,32.17
0.349,5.22,2949.905,763.708,0.297,0.003,60.595,46.811,220.828,0.533,0.395,0.018,0.121,0.569,1.45,3.12,-4.655e-4,0,0.453,0.7,0.247,0.004,1012.807,0.001,340.374,0.067,6.4,32.17
0.352,5.154,2949.539,763.342,0.297,0.003,60.615,46.807,220.497,0.533,0.395,0.018,0.121,0.568,1.43,3.081,3.521e-5,0,0.449,0.7,0.251,0.004,1012.799,0.001,340.374,0.068,6.4,32.17
0.355,5.083,2949.175,762.979,0.297,0.003,60.637,46.803,220.169,0.533,0.395,0.018,0.121,0.567,1.408,3.039,-2.976e-4,0,0.444,0.7,0.256,0.004,1012.79,0.001,340.373,0.068,6.4,32.17
0.358,5.013,2948.815,762.619,0.297,0.003,60.659,46.799,219.843,0.533,0.395,0.018,0.121,0.567,1.387,2.999,1.631e-4,0,0.44,0.7,0.26,0.005,1012.782,0.001,340.373,0.069,6.4,32.17
0.361,4.944,2948.457,762.261,0.297,0.003,60.681,46.795,219.519,0.533,0.395,0.018,0.121,0.566,1.366,2.959,-4.131e-4,0,0.436,0.7,0.264,0.005,1012.773,0.001,340.373,0.07,6.4,32.17
0.364,4.877,2948.102,761.906,0.297,0.003,60.702,46.792,219.198,0.533,0.395,0.018,0.121,0.565,1.345,2.919,1.801e-5,0,0.432,0.7,0.268,0.005,1012.765,0.001,340.373,0.07,6.4,32.17
0.367,4.811,2947.749,761.553,0.297,0.003,60.723,46.788,218.879,0.533,0.395,0.018,0.121,0.564,1.325,2.881,2.809e-4,0,0.428,0.7,0.273,0.005,1012.757,0.001,340.372,0.071,6.4,32.17
0.37,4.745,2947.398,761.202,0.297,0.003,60.743,46.784,218.561,0.533,0.395,0.018,0.121,0.564,1.305,2.842,-4.598e-4,0,0.423,0.7,0.277,0.005,1012.748,0.001,340.372,0.071,6.4,32.17
0.373,4.681,2947.05,760.853,0.297,0.003,60.764,46.78,218.246,0.533,0.395,0.018,0.121,0.563,1.286,2.805,-1.518e-4,0,0.419,0.7,0.281,0.005,1012.74,0.001,340.372,0.072,6.4,32.17
0.376,4.617,2946.703,760.507,0.297,0.003,60.784,46.777,217.933,0.533,0.395,0.018,0.121,0.562,1.267,2.767,2.616e-4,0,0.415,0.7,0.285,0.005,1012.731,0.001,340.371,0.072,6.4,32.17
0.379,4.555,2946.359,760.162,0.297,0.003,60.804,46.773,217.621,0.533,0.395,0.018,0.121,0.562,1.248,2.73,3.592e-4,0,0.412,0.7,0.289,0.006,1012.723,0.001,340.371,0.073,6.4,32.17
0.382,4.493,2946.016,759.82,0.297,0.003,60.824,46.769,217.312,0.533,0.395,0.018,0.121,0.561,1.23,2.695,2.427e-4,0,0.408,0.7,0.293,0.006,1012.715,0.001,340.371,0.073,6.4,32.17
0.385,4.433,2945.675,759.479,0.297,0.003,60.843,46.766,217.004,0.533,0.395,0.018,0.121,0.56,1.211,2.658,3.533e-4,0,0.404,0.7,0.296,0.006,1012.706,0.001,340.371,0.074,6.4,32.17
0.388,4.373,2945.336,759.14,0.297,0.003,60.862,46.762,216.697,0.533,0.395,0.018,0.121,0.56,1.193,2.624,-3.152e-4,0,0.4,0.7,0.3,0.006,1012.698,0.001,340.37,0.074,6.4,32.17
0.391,4.314,2944.999,758.803,0.297,0.003,60.881,46.758,216.392,0.533,0.395,0.018,0.121,0.559,1.176,2.589,2.267e-4,0,0.396,0.7,0.304,0.006,1012.689,0.001,340.37,0.075,6.4,32.17
0.394,4.255,2944.663,758.467,0.297,0.003,60.9,46.755,216.089,0.533,0.395,0.018,0.121,0.559,1.158,2.554,-2.817e-4,0,0.392,0.7,0.308,0.006,1012.681,0.001,340.37,0.076,6.4,32.17
0.396,4.197,2944.329,758.133,0.297,0.003,60.919,46.751,215.786,0.533,0.395,0.018,0.121,0.558,1.141,2.52,4.612e-5,0,0.389,0.7,0.311,0.006,1012.672,0.001,340.369,0.076,6.4,32.17
0.399,4.14,2943.996,757.8,0.297,0.003,60.938,46.748,215.486,0.534,0.395,0.018,0.121,0.557,1.124,2.486,-1.331e-4,0,0.385,0.7,0.315,0.006,1012.663,0.001,340.369,0.077,6.4,32.17
0.402,4.084,2943.665,757.469,0.297,0.003,60.956,46.744,215.186,0.534,0.395,0.018,0.121,0.557,1.108,2.453,2.88e-4,0,0.381,0.7,0.319,0.007,1012.655,0.001,340.369,0.077,6.4,32.17
0.405,4.028,2943.335,757.139,0.297,0.003,60.974,46.741,214.888,0.534,0.395,0.018,0.121,0.556,1.091,2.421,-3.129e-4,0,0.378,0.7,0.322,0.007,1012.646,0.001,340.369,0.078,6.4,32.17
0.408,3.973,2943.007,756.811,0.297,0.003,60.992,46.737,214.591,0.534,0.395,0.018,0.121,0.556,1.075,2.388,3.696e-6,0,0.374,0.7,0.326,0.007,1012.637,0.001,340.368,0.078,6.4,32.17
0.41,3.919,2942.679,756.483,0.297,0.003,61.01,46.734,214.295,0.534,0.395,0.018,0.121,0.555,1.059,2.356,8.392e-5,0,0.371,0.7,0.329,0.007,1012.629,0.001,340.368,0.079,6.4,32.17
0.413,3.865,2942.353,756.157,0.297,0.003,61.028,46.73,214,0.534,0.395,0.018,0.121,0.555,1.043,2.324,-8.92e-5,0,0.367,0.7,0.333,0.007,1012.62,0.001,340.368,0.079,6.4,32.17
0.416,3.811,2942.028,755.832,0.297,0.003,61.046,46.727,213.706,0.534,0.395,0.018,0.121,0.554,1.028,2.293,-1.976e-4,0,0.364,0.7,0.336,0.007,1012.611,0.001,340.367,0.08,6.4,32.17
0.419,3.758,2941.704,755.508,0.296,0.003,61.064,46.723,213.413,0.534,0.395,0.018,0.121,0.554,1.012,2.261,-9.051e-5,0,0.361,0.7,0.34,0.007,1012.603,0.001,340.367,0.08,6.4,32.17
0.421,3.706,2941.382,755.185,0.296,0.003,61.081,46.72,213.121,0.534,0.395,0.018,0.121,0.553,0.997,2.23,-4.054e-4,0,0.357,0.7,0.343,0.007,1012.594,0.001,340.367,0.081,6.4,32.17
0.424,3.654,2941.06,754.864,0.296,0.003,61.098,46.716,212.83,0.534,0.395,0.018,0.121,0.553,0.982,2.199,-4.747e-4,0,0.354,0.7,0.346,0.007,1012.585,0.001,340.367,0.081,6.4,32.17
0.427,3.602,2940.739,754.543,0.296,0.003,61.116,46.713,212.54,0.534,0.395,0.018,0.121,0.552,0.967,2.168,-4.375e-4,0,0.35,0.7,0.35,0.007,1012.576,0.001,340.366,0.082,6.4,32.17
0.43,3.551,2940.419,754.223,0.296,0.003,61.133,46.709,212.251,0.534,0.395,0.018,0.121,0.552,0.952,2.138,-2.228e-4,0,0.347,0.7,0.353,0.008,1012.567,0.001,340.366,0.082,6.4,32.17
0.432,3.5,2940.1,753.904,0.296,0.003,61.15,46.706,211.962,0.534,0.395,0.018,0.121,0.551,0.938,2.109,1.766e-4,0,0.344,0.7,0.356,0.008,1012.558,0.001,340.366,0.083,6.4,32.17
0.435,3.45,2939.781,753.585,0.296,0.003,61.167,46.703,211.674,0.534,0.395,0.018,0.121,0.551,0.923,2.078,-2.791e-5,0,0.341,0.7,0.36,0.008,1012.55,0.001,340.365,0.083,6.4,32.17
0.438,3.4,2939.464,753.268,0.296,0.003,61.184,46.699,211.387,0.534,0.395,0.018,0.121,0.551,0.909,2.049,4.71e-4,0,0.338,0.7,0.363,0.008,1012.541,0.001,340.365,0.084,6.4,32.17
0.44,3.35,2939.147,752.951,0.296,0.003,61.201,46.696,211.101,0.534,0.395,0.018,0.121,0.55,0.894,2.019,-7.568e-5,0,0.334,0.7,0.366,0.008,1012.532,0.001,340.365,0.084,6.4,32.17
0.443,3.301,2938.831,752.635,0.296,0.003,61.217,46.692,210.815,0.534,0.395,0.018,0.121,0.55,0.88,1.99,-8.732e-5,0,0.331,0.7,0.369,0.008,1012.523,0.001,340.364,0.085,6.4,32.17
0.446,3.252,2938.516,752.32,0.296,0.003,61.234,46.689,210.53,0.534,0.395,0.018,0.121,0.549,0.866,1.961,1.015e-4,0,0.328,0.7,0.372,0.008,1012.514,0.001,340.364,0.085,6.4,32.17
0.448,3.204,2938.201,752.005,0.296,0.003,61.251,46.686,210.245,0.534,0.395,0.018,0.121,0.549,0.853,1.932,4.486e-4,0,0.325,0.7,0.375,0.008,1012.504,0.001,340.364,0.086,6.4,32.17
0.451,3.161,2937.887,751.691,0.296,0.003,61.265,46.682,209.961,0.534,0.395,0.018,0.121,0.549,0.84,1.906,1.958e-4,0,0.322,0.7,0.378,0.008,1012.495,0.001,340.364,0.086,6.4,32.17
0.454,3.125,2937.573,751.377,0.296,0.003,61.278,46.679,209.677,0.534,0.395,0.018,0.121,0.548,0.83,1.886,2.267e-4,0,0.319,0.7,0.381,0.008,1012.486,0.001,340.363,0.087,6.4,32.17
0.456,3.09,2937.26,751.064,0.296,0.003,61.29,46.676,209.394,0.534,0.395,0.019,0.121,0.548,0.82,1.865,-3.784e-4,0,0.316,0.7,0.384,0.008,1012.477,0.001,340.363,0.087,6.4,32.17
0.459,3.055,2936.948,750.751,0.296,0.003,61.302,46.672,209.112,0.534,0.395,0.019,0.121,0.548,0.81,1.844,4.939e-4,0,0.313,0.7,0.387,0.009,1012.468,0.001,340.363,0.087,6.4,32.17
0.462,3.02,2936.636,750.439,0.296,0.003,61.314,46.669,208.83,0.534,0.395,0.019,0.121,0.547,0.801,1.823,4.378e-4,0,0.31,0.7,0.39,0.009,1012.459,0.001,340.362,0.088,6.4,32.17
0.464,2.986,2936.324,750.128,0.296,0.003,61.326,46.666,208.548,0.534,0.395,0.019,0.121,0.547,0.791,1.803,1.697e-4,0,0.307,0.7,0.393,0.009,1012.449,0.001,340.362,0.088,6.4,32.17
0.467,2.951,2936.013,749.817,0.296,0.003,61.338,46.662,208.266,0.534,0.395,0.019,0.121,0.547,0.781,1.782,1.972e-4,0,0.304,0.7,0.396,0.009,1012.44,0.001,340.362,0.089,6.4,32.17
0.47,2.917,2935.702,749.506,0.296,0.003,61.35,46.659,207.985,0.534,0.395,0.019,0.121,0.547,0.771,1.761,-4.052e-4,0,0.301,0.7,0.399,0.009,1012.431,0.001,340.361,0.089,6.4,32.17
0.472,2.882,2935.392,749.195,0.296,0.003,61.362,46.656,207.705,0.534,0.395,0.019,0.121,0.546,0.762,1.742,2.209e-4,0,0.299,0.7,0.402,0.009,1012.421,0.001,340.361,0.09,6.4,32.17
0.475,2.848,2935.081,748.885,0.296,0.003,61.374,46.652,207.424,0.534,0.395,0.019,0.121,0.546,0.752,1.721,-4.346e-5,0,0.296,0.7,0.405,0.009,1012.412,0.001,340.361,0.09,6.4,32.17
0.478,2.814,2934.772,748.575,0.296,0.003,61.386,46.649,207.144,0.534,0.395,0.019,0.121,0.546,0.742,1.701,-2.015e-4,0,0.293,0.7,0.407,0.009,1012.402,0.001,340.36,0.091,6.4,32.17
0.48,2.78,2934.462,748.266,0.296,0.003,61.398,46.646,206.864,0.534,0.395,0.019,0.121,0.546,0.733,1.681,-1.107e-4,0,0.29,0.7,0.41,0.009,1012.393,0.001,340.36,0.091,6.4,32.17
0.483,2.746,2934.153,747.957,0.296,0.003,61.41,46.642,206.585,0.534,0.395,0.019,0.121,0.545,0.723,1.66,-1.856e-4,0,0.287,0.7,0.413,0.009,1012.383,0.001,340.36,0.092,6.4,32.17
0.485,2.712,2933.844,747.648,0.296,0.003,61.422,46.639,206.305,0.534,0.395,0.019,0.121,0.545,0.714,1.64,-2.487e-4,0,0.285,0.7,0.416,0.009,1012.374,0.001,340.359,0.092,6.4,32.17
0.488,2.678,2933.535,747.339,0.296,0.003,61.434,46.636,206.026,0.534,0.395,0.019,0.121,0.545,0.704,1.62,2.996e-4,0,0.282,0.7,0.418,0.009,1012.364,0.001,340.359,0.093,6.4,32.17
0.491,2.644,2933.226,747.03,0.296,0.003,61.446,46.632,205.747,0.534,0.395,0.019,0.121,0.545,0.695,1.599,7.671e-5,0,0.279,0.7,0.421,0.009,1012.354,0.001,340.359,0.093,6.4,32.17
0.493,2.611,2932.918,746.721,0.296,0.003,61.458,46.629,205.468,0.534,0.394,0.019,0.121,0.545,0.686,1.58,4.094e-4,0,0.277,0.7,0.424,0.009,1012.344,0.001,340.358,0.094,6.4,32.17
0.496,2.577,2932.609,746.413,0.296,0.003,61.47,46.626,205.189,0.534,0.394,0.019,0.121,0.544,0.676,1.559,-2.961e-4,0,0.274,0.7,0.426,0.009,1012.335,0.001,340.358,0.094,6.4,32.17
0.499,2.544,2932.301,746.105,0.296,0.003,61.482,46.622,204.91,0.534,0.394,0.019,0.121,0.544,0.667,1.54,3.269e-4,0,0.271,0.7,0.429,0.009,1012.325,0.001,340.358,0.094,6.4,32.17
0.501,2.5,2931.993,745.796,0.295,0.003,61.497,46.619,204.631,0.534,0.394,0.019,0.121,0.544,0.655,1.513,7.903e-5,0,0.269,0.701,0.432,0.009,1012.315,0.001,340.357,0.095,6.4,32.17
0.504,2.442,2931.684,745.488,0.295,0.003,61.518,46.616,204.352,0.535,0.394,0.019,0.121,0.543,0.639,1.479,-4.075e-4,0,0.266,0.701,0.434,0.009,1012.305,0.001,340.357,0.095,6.4,32.17
0.506,2.386,2931.376,745.18,0.295,0.003,61.538,46.612,204.074,0.535,0.394,0.019,0.121,0.543,0.624,1.445,2.361e-4,0,0.264,0.701,0.437,0.009,1012.295,0.001,340.357,0.096,6.4,32.17
0.509,2.329,2931.068,744.872,0.295,0.003,61.558,46.609,203.795,0.535,0.394,0.019,0.121,0.543,0.608,1.411,3.584e-4,0,0.261,0.701,0.439,0.009,1012.285,0.001,340.356,0.096,6.4,32.17
0.512,2.273,2930.759,744.563,0.295,0.003,61.578,46.606,203.516,0.535,0.394,0.019,0.121,0.542,0.593,1.378,-4.815e-5,0,0.259,0.701,0.442,0.009,1012.275,0.001,340.356,0.097,6.4,32.17
0.514,2.218,2930.451,744.255,0.295,0.003,61.598,46.602,203.237,0.535,0.394,0.019,0.121,0.542,0.577,1.344,6.976e-5,0,0.256,0.701,0.444,0.009,1012.265,0.001,340.356,0.097,6.4,32.17
0.517,2.162,2930.142,743.946,0.295,0.003,61.618,46.599,202.958,0.535,0.394,0.019,0.121,0.542,0.562,1.311,-4.224e-4,0,0.254,0.701,0.447,0.009,1012.255,0.001,340.355,0.098,6.4,32.17
0.52,2.108,2929.834,743.638,0.295,0.003,61.638,46.596,202.679,0.535,0.394,0.019,0.121,0.541,0.547,1.277,7.145e-5,0,0.251,0.701,0.449,0.009,1012.244,0.001,340.355,0.098,6.4,32.17
0.523,2.035,2929.422,743.226,0.295,0.003,61.664,46.591,202.307,0.535,0.394,0.019,0.121,0.541,0.528,1.234,4.555e-5,0,0.248,0.701,0.453,0.009,1012.231,0.001,340.355,0.099,6.4,32.17
0.526,1.981,2929.141,742.945,0.295,0.003,61.684,46.588,202.148,0.535,0.394,0.019,0.121,0.541,0.513,1.201,-3.599e-4,0,0.246,0.701,0.455,0.009,1012.22,0.001,340.354,0.099,6.4,32.17
0.528,1.928,2928.859,742.663,0.295,0.003,61.704,46.585,201.989,0.535,0.394,0.019,0.121,0.54,0.499,1.169,-4.478e-4,0,0.243,0.701,0.457,0.009,1012.21,0.001,340.354,0.1,6.4,32.17
0.531,1.875,2928.577,742.381,0.295,0.003,61.723,46.582,201.83,0.535,0.394,0.019,0.121,0.54,0.484,1.137,-5.774e-5,0,0.241,0.701,0.46,0.009,1012.2,0.001,340.354,0.1,6.4,32.17
0.534,1.822,2928.295,742.099,0.295,0.003,61.743,46.579,201.671,0.535,0.394,0.019,0.121,0.54,0.47,1.105,4.164e-4,0,0.238,0.701,0.462,0.009,1012.189,0.001,340.353,0.101,6.4,32.17
0.536,1.77,2928.013,741.816,0.295,0.003,61.762,46.576,201.512,0.535,0.394,0.019,0.121,0.54,0.456,1.073,4.188e-4,0,0.236,0.701,0.464,0.008,1012.178,0.001,340.353,0.101,6.4,32.17
0.539,1.718,2927.73,741.534,0.295,0.003,61.781,46.573,201.353,0.535,0.394,0.019,0.121,0.539,0.442,1.042,-3.86e-4,0,0.234,0.701,0.467,0.008,1012.168,0.001,340.353,0.101,6.4,32.17
0.541,1.667,2927.447,741.251,0.295,0.003,61.8,46.57,201.193,0.535,0.394,0.019,0.121,0.539,0.429,1.012,9.392e-5,0,0.232,0.701,0.469,0.008,1012.157,0.001,340.352,0.102,6.4,32.17
0.544,1.616,2927.164,740.968,0.295,0.003,61.819,46.567,201.033,0.535,0.394,0.019,0.121,0.539,0.415,0.981,4.878e-4,0,0.229,0.701,0.471,0.008,1012.146,0.001,340.352,0.102,6.4,32.17
0.547,1.566,2926.881,740.685,0.295,0.003,61.838,46.564,200.874,0.535,0.394,0.019,0.121,0.539,0.402,0.951,3.114e-4,0,0.227,0.701,0.474,0.008,1012.136,0.001,340.351,0.103,6.4,32.17
0.549,1.516,2926.597,740.401,0.295,0.003,61.857,46.561,200.714,0.535,0.394,0.019,0.121,0.539,0.389,0.921,1.335e-4,0,0.225,0.701,0.476,0.008,1012.125,0.001,340.351,0.103,6.4,32.17
0.552,1.484,2926.313,740.117,0.295,0.003,61.869,46.558,200.554,0.535,0.394,0.019,0.121,0.538,0.38,0.902,3.953e-4,0,0.223,0.701,0.478,0.007,1012.114,0.001,340.351,0.104,6.4,32.17
0.555,1.457,2926.029,739.833,0.295,0.003,61.879,46.555,200.393,0.535,0.394,0.019,0.121,0.538,0.373,0.885,-3.866e-5,0,0.22,0.701,0.48,0.007,1012.103,0.001,340.35,0.104,6.4,32.17
0.557,1.43,2925.744,739.548,0.295,0.003,61.89,46.552,200.233,0.535,0.394,0.019,0.121,0.538,0.366,0.869,-2.627e-4,0,0.218,0.701,0.482,0.007,1012.092,0.001,340.35,0.105,6.4,32.17
0.56,1.404,2925.46,739.263,0.295,0.003,61.9,46.548,200.072,0.535,0.394,0.019,0.121,0.538,0.359,0.854,-6.642e-5,0,0.216,0.701,0.485,0.007,1012.081,0.001,340.35,0.105,6.4,32.17
0.563,1.378,2925.174,738.978,0.295,0.003,61.91,46.545,199.911,0.535,0.394,0.019,0.121,0.538,0.352,0.839,-1.905e-4,0,0.214,0.701,0.487,0.007,1012.07,0.001,340.349,0.106,6.4,32.17
0.565,1.353,2924.889,738.693,0.295,0.003,61.92,46.542,199.75,0.535,0.394,0.019,0.121,0.538,0.345,0.824,-2.222e-5,0,0.212,0.701,0.489,0.006,1012.058,0.001,340.349,0.106,6.4,32.17
0.568,1.328,2924.603,738.407,0.295,0.003,61.929,46.539,199.589,0.535,0.394,0.019,0.121,0.538,0.339,0.809,-3.969e-4,0,0.21,0.701,0.491,0.006,1012.047,0.001,340.349,0.106,6.4,32.17
0.571,1.303,2924.317,738.121,0.295,0.003,61.939,46.536,199.428,0.535,0.394,0.019,0.121,0.538,0.332,0.794,7.578e-5,0,0.208,0.701,0.493,0.006,1012.036,0.001,340.348,0.107,6.4,32.17
0.573,1.279,2924.03,737.834,0.295,0.003,61.948,46.533,199.266,0.535,0.394,0.019,0.121,0.538,0.326,0.78,-7.228e-6,0,0.206,0.701,0.495,0.005,1012.024,0.001,340.348,0.107,6.4,32.17
0.576,1.256,2923.743,737.547,0.295,0.003,61.957,46.53,199.104,0.535,0.394,0.019,0.122,0.538,0.32,0.766,-4.715e-4,0,0.204,0.701,0.497,0.005,1012.013,0.001,340.347,0.108,6.4,32.17
0.579,1.233,2923.456,737.26,0.295,0.003,61.966,46.527,198.942,0.535,0.394,0.019,0.122,0.538,0.314,0.753,-4.733e-4,0,0.202,0.701,0.499,0.005,1012.001,0.001,340.347,0.108,6.4,32.17
0.581,1.211,2923.168,736.972,0.295,0.003,61.975,46.524,198.78,0.535,0.394,0.02,0.122,0.538,0.308,0.739,-1.035e-4,0,0.2,0.701,0.501,0.005,1011.99,0.001,340.347,0.109,6.4,32.17
0.584,1.19,2922.88,736.684,0.295,0.003,61.983,46.521,198.618,0.535,0.394,0.02,0.122,0.538,0.303,0.727,1.429e-4,0,0.198,0.701,0.503,0.004,1011.978,0.001,340.346,0.109,6.4,32.17
0.587,1.169,2922.591,736.395,0.294,0.003,61.991,46.517,198.455,0.535,0.394,0.02,0.122,0.538,0.297,0.715,1.163e-4,0,0.196,0.701,0.505,0.004,1011.966,0.001,340.346,0.11,6.4,32.17
0.589,1.149,2922.302,736.106,0.294,0.003,61.999,46.514,198.292,0.536,0.394,0.02,0.122,0.538,0.292,0.703,3.106e-4,0,0.194,0.701,0.507,0.004,1011.955,0.001,340.345,0.11,6.4,32.17
0.592,1.13,2922.013,735.817,0.294,0.003,62.007,46.511,198.128,0.536,0.394,0.02,0.122,0.538,0.287,0.692,2.929e-4,0,0.192,0.701,0.509,0.003,1011.943,0.001,340.345,0.111,6.4,32.17
0.595,1.112,2921.723,735.526,0.294,0.003,62.014,46.508,197.965,0.536,0.394,0.02,0.122,0.538,0.282,0.681,9.79e-5,0,0.19,0.701,0.511,0.003,1011.931,0.001,340.345,0.111,6.4,32.17
0.597,1.094,2921.432,735.236,0.294,0.003,62.021,46.505,197.801,0.536,0.394,0.02,0.122,0.538,0.278,0.671,-3.33e-4,0,0.188,0.701,0.513,0.003,1011.919,0.001,340.344,0.111,6.4,32.17
0.6,1.077,2921.141,734.945,0.294,0.003,62.028,46.502,197.637,0.536,0.394,0.02,0.122,0.538,0.273,0.661,-3.346e-4,0,0.186,0.701,0.515,0.002,1011.907,0.001,340.344,0.112,6.4,32.17
0.603,1.048,2920.85,734.653,0.294,0.003,62.039,46.498,197.472,0.536,0.394,0.02,0.122,0.537,0.266,0.643,2.593e-4,0,0.184,0.701,0.516,0.002,1011.895,0.001,340.343,0.112,6.4,32.17
0.606,1.021,2920.557,734.361,0.294,0.003,62.05,46.495,197.308,0.536,0.394,0.02,0.122,0.537,0.259,0.627,-3.153e-4,0,0.183,0.701,0.518,0.002,1011.882,0.001,340.343,0.113,6.4,32.17
0.608,0.995,2920.265,734.069,0.294,0.003,62.06,46.492,197.143,0.536,0.394,0.02,0.122,0.537,0.252,0.612,-3.102e-4,0,0.181,0.701,0.52,0.001,1011.87,0.001,340.343,0.113,6.4,32.17
0.611,0.972,2919.972,733.775,0.294,0.003,62.069,46.489,196.977,0.536,0.394,0.02,0.122,0.537,0.246,0.598,1.839e-4,0,0.179,0.701,0.522,9.36e-4,1011.858,0.001,340.342,0.114,6.4,32.17
0.614,0.95,2919.678,733.482,0.294,0.003,62.077,46.486,196.812,0.536,0.394,0.02,0.122,0.537,0.24,0.586,-3.268e-4,0,0.177,0.701,0.524,6.468e-4,1011.845,0.001,340.342,0.114,6.4,32.17
0.617,0.931,2919.383,733.187,0.294,0.003,62.084,46.483,196.646,0.536,0.394,0.02,0.122,0.537,0.235,0.573,3.177e-4,0,0.175,0.701,0.526,4.014e-4,1011.833,0.001,340.341,0.115,6.4,32.17
0.619,0.914,2919.088,732.892,0.294,0.003,62.09,46.479,196.479,0.536,0.394,0.02,0.122,0.537,0.231,0.563,-3.106e-4,0,0.174,0.701,0.527,2.082e-4,1011.82,0.001,340.341,0.115,6.4,32.17
0.622,0.9,2918.793,732.596,0.294,0.003,62.096,46.476,196.313,0.536,0.394,0.02,0.122,0.537,0.227,0.555,-4.356e-4,0,0.172,0.701,0.529,7.488e-5,1011.808,0.001,340.34,0.116,6.4,32.17
0.625,0.887,2918.496,732.3,0.294,0.003,62.1,46.473,196.145,0.536,0.394,0.02,0.122,0.537,0.224,0.547,3.312e-4,0,0.17,0.701,0.531,7.539e-6,1011.795,0.001,340.34,0.116,6.4,32.17
0.628,0.878,2918.199,732.003,0.294,0.003,62.103,46.47,195.978,0.536,0.394,0.02,0.122,0.537,0.222,0.542,-1.525e-4,0,0.168,0.701,0.533,-1.051e-5,1011.782,0.001,340.34,0.116,6.4,32.17
0.63,0.871,2917.902,731.706,0.294,0.003,62.106,46.466,195.81,0.536,0.394,0.02,0.122,0.537,0.22,0.537,-1.737e-4,0,0.167,0.701,0.534,-8.568e-5,1011.769,0.001,340.339,0.117,6.4,32.17
0.633,0.866,2917.604,731.408,0.294,0.003,62.107,46.463,195.642,0.536,0.394,0.02,0.122,0.537,0.219,0.535,8.44e-5,0,0.165,0.701,0.536,-2.322e-4,1011.756,0.001,340.339,0.117,6.4,32.17
0.636,0.865,2917.305,731.109,0.294,0.003,62.107,46.46,195.474,0.536,0.394,0.02,0.122,0.537,0.218,0.535,2.357e-4,0,0.163,0.701,0.538,-4.462e-4,1011.743,0.001,340.338,0.118,6.4,32.17
0.639,0.865,2917.005,730.809,0.294,0.003,62.106,46.457,195.305,0.536,0.394,0.02,0.122,0.537,0.219,0.535,-3.405e-4,0,0.162,0.701,0.539,-7.215e-4,1011.73,0.001,340.338,0.118,6.4,32.17
0.642,0.869,2916.705,730.509,0.294,0.003,62.104,46.453,195.135,0.536,0.394,0.02,0.122,0.537,0.219,0.537,-1.718e-4,0,0.16,0.701,0.541,-0.001,1011.717,0.001,340.337,0.119,6.4,32.17
0.644,0.874,2916.404,730.208,0.294,0.003,62.101,46.45,194.966,0.536,0.394,0.02,0.122,0.538,0.221,0.541,3.243e-4,0,0.158,0.701,0.543,-0.001,1011.703,0.001,340.337,0.119,6.4,32.17
0.647,0.882,2916.102,729.906,0.294,0.003,62.098,46.447,194.795,0.536,0.394,0.02,0.122,0.538,0.223,0.547,1.302e-4,0,0.157,0.701,0.544,-0.002,1011.69,0.001,340.337,0.12,6.4,32.17
0.65,0.893,2915.8,729.604,0.294,0.003,62.093,46.444,194.625,0.536,0.394,0.02,0.122,0.538,0.226,0.554,2.239e-5,0,0.155,0.701,0.546,-0.002,1011.677,0.001,340.336,0.12,6.4,32.17
0.653,0.907,2915.497,729.301,0.294,0.003,62.087,46.44,194.454,0.536,0.394,0.02,0.122,0.538,0.229,0.563,1.514e-4,0,0.154,0.701,0.547,-0.003,1011.663,0.001,340.336,0.121,6.4,32.17
0.656,0.922,2915.193,728.997,0.294,0.003,62.081,46.437,194.283,0.536,0.394,0.02,0.122,0.538,0.233,0.573,1.409e-4,0,0.152,0.701,0.549,-0.003,1011.649,0.001,340.335,0.121,6.4,32.17
0.658,0.938,2914.888,728.692,0.294,0.003,62.074,46.434,194.111,0.536,0.394,0.02,0.122,0.538,0.237,0.583,2.863e-4,0,0.151,0.701,0.551,-0.003,1011.636,0.001,340.335,0.122,6.4,32.17
0.661,0.956,2914.583,728.387,0.294,0.003,62.068,46.43,193.939,0.537,0.394,0.02,0.122,0.538,0.242,0.594,-3.13e-4,0,0.149,0.701,0.552,-0.004,1011.622,0.001,340.334,0.122,6.4,32.17
0.664,0.974,2914.277,728.081,0.294,0.003,62.06,46.427,193.766,0.537,0.394,0.02,0.122,0.538,0.247,0.606,3.916e-4,0,0.148,0.701,0.554,-0.004,1011.608,0.001,340.334,0.123,6.4,32.17
0.667,0.993,2913.97,727.774,0.294,0.003,62.053,46.424,193.593,0.537,0.394,0.02,0.122,0.538,0.252,0.619,-1.089e-4,0,0.146,0.701,0.555,-0.004,1011.594,0.001,340.333,0.123,6.4,32.17
0.67,1.013,2913.663,727.466,0.294,0.003,62.045,46.42,193.42,0.537,0.394,0.02,0.122,0.538,0.257,0.631,-4.607e-4,0,0.145,0.701,0.557,-0.004,1011.58,0.001,340.333,0.123,6.4,32.17
0.673,1.034,2913.354,727.158,0.294,0.003,62.037,46.417,193.246,0.537,0.394,0.02,0.122,0.538,0.262,0.644,-2.652e-4,0,0.143,0.701,0.558,-0.005,1011.566,0.001,340.332,0.124,6.4,32.17
0.676,1.055,2913.045,726.849,0.293,0.003,62.029,46.414,193.071,0.537,0.394,0.02,0.122,0.538,0.268,0.658,-5.476e-5,0,0.142,0.701,0.56,-0.005,1011.551,0.001,340.332,0.124,6.4,32.17
0.679,1.077,2912.735,726.539,0.293,0.003,62.021,46.41,192.896,0.537,0.394,0.02,0.122,0.539,0.273,0.671,-9.436e-5,0,0.14,0.701,0.561,-0.005,1011.537,0.001,340.331,0.125,6.4,32.17
0.681,1.1,2912.424,726.228,0.293,0.003,62.012,46.407,192.721,0.537,0.394,0.021,0.122,0.539,0.279,0.685,-4.257e-4,0,0.139,0.701,0.562,-0.005,1011.523,0.001,340.331,0.125,6.4,32.17
0.684,1.122,2912.113,725.916,0.293,0.003,62.003,46.403,192.545,0.537,0.394,0.021,0.122,0.539,0.285,0.7,-3.233e-4,0,0.137,0.701,0.564,-0.005,1011.508,0.001,340.33,0.126,6.4,32.17
0.687,1.146,2911.8,725.604,0.293,0.003,61.995,46.4,192.369,0.537,0.394,0.021,0.122,0.539,0.291,0.715,-7.966e-5,0,0.136,0.701,0.565,-0.005,1011.493,0.001,340.33,0.126,6.4,32.17
0.69,1.169,2911.487,725.291,0.293,0.003,61.986,46.397,192.192,0.537,0.394,0.021,0.122,0.539,0.297,0.73,2.126e-4,0,0.135,0.701,0.567,-0.005,1011.479,0.001,340.329,0.127,6.4,32.17
0.693,1.193,2911.173,724.976,0.293,0.003,61.977,46.393,192.015,0.537,0.394,0.021,0.122,0.539,0.304,0.745,4.627e-4,0,0.133,0.701,0.568,-0.005,1011.464,0.001,340.329,0.127,6.4,32.17
0.696,1.217,2910.858,724.661,0.293,0.003,61.968,46.39,191.838,0.537,0.394,0.021,0.122,0.539,0.31,0.76,-1.988e-4,0,0.132,0.701,0.569,-0.006,1011.449,0.001,340.328,0.128,6.4,32.17
0.699,1.241,2910.542,724.345,0.293,0.003,61.96,46.386,191.66,0.537,0.394,0.021,0.122,0.539,0.316,0.775,2.98e-4,0,0.13,0.701,0.571,-0.006,1011.434,0.001,340.328,0.128,6.4,32.17
0.702,1.265,2910.225,724.029,0.293,0.003,61.951,46.383,191.481,0.537,0.394,0.021,0.122,0.54,0.323,0.79,-4.89e-4,0,0.129,0.701,0.572,-0.006,1011.419,0.001,340.327,0.129,6.4,32.17
0.705,1.29,2909.907,723.711,0.293,0.003,61.941,46.379,191.302,0.537,0.394,0.021,0.122,0.54,0.329,0.805,4.481e-4,0,0.128,0.701,0.574,-0.006,1011.404,0.001,340.327,0.129,6.4,32.17
0.708,1.315,2909.589,723.392,0.293,0.003,61.932,46.376,191.122,0.537,0.394,0.021,0.122,0.54,0.336,0.821,-2.261e-4,0,0.126,0.701,0.575,-0.006,1011.388,0.001,340.326,0.13,6.4,32.17
0.711,1.34,2909.269,723.073,0.293,0.003,61.923,46.372,190.942,0.537,0.394,0.021,0.122,0.54,0.342,0.837,3.434e-4,0,0.125,0.701,0.576,-0.006,1011.373,0.001,340.326,0.13,6.4,32.17
0.714,1.365,2908.949,722.753,0.293,0.003,61.914,46.369,190.761,0.537,0.394,0.021,0.122,0.54,0.349,0.853,3.946e-4,0,0.124,0.701,0.577,-0.005,1011.357,0.001,340.325,0.131,6.4,32.17
0.717,1.389,2908.627,722.431,0.293,0.003,61.906,46.365,190.58,0.537,0.394,0.021,0.122,0.54,0.355,0.868,-1.764e-5,0,0.123,0.701,0.579,-0.005,1011.342,0.001,340.325,0.131,6.4,32.17
0.72,1.414,2908.305,722.109,0.293,0.003,61.897,46.362,190.398,0.537,0.394,0.021,0.122,0.54,0.362,0.884,4.851e-4,0,0.121,0.701,0.58,-0.005,1011.326,0.001,340.324,0.132,6.4,32.17
0.723,1.438,2907.982,721.786,0.293,0.003,61.888,46.358,190.216,0.537,0.394,0.021,0.122,0.541,0.368,0.899,2.667e-4,0,0.12,0.701,0.581,-0.005,1011.31,0.001,340.324,0.132,6.4,32.17
0.726,1.463,2907.658,721.462,0.293,0.003,61.879,46.355,190.033,0.537,0.394,0.021,0.122,0.541,0.375,0.914,-1.747e-4,0,0.119,0.701,0.583,-0.005,1011.294,0.001,340.323,0.133,6.4,32.17
0.729,1.487,2907.333,721.136,0.293,0.003,61.871,46.351,189.85,0.537,0.394,0.021,0.122,0.541,0.381,0.929,1.195e-5,0,0.118,0.701,0.584,-0.005,1011.278,0.001,340.323,0.133,6.4,32.17
0.732,1.51,2907.007,720.81,0.293,0.003,61.862,46.348,189.666,0.537,0.394,0.021,0.122,0.541,0.387,0.944,1.493e-4,0,0.116,0.701,0.585,-0.005,1011.262,0.001,340.322,0.134,6.4,32.17
0.735,1.534,2906.68,720.483,0.293,0.003,61.854,46.344,189.482,0.538,0.394,0.021,0.122,0.541,0.393,0.958,1.345e-4,0,0.115,0.701,0.586,-0.005,1011.246,0.001,340.322,0.134,6.4,32.17
0.738,1.557,2906.351,720.155,0.293,0.003,61.846,46.34,189.297,0.538,0.394,0.021,0.122,0.541,0.4,0.973,-1.428e-4,0,0.114,0.701,0.587,-0.005,1011.229,0.001,340.321,0.135,6.4,32.17
0.741,1.58,2906.022,719.826,0.293,0.003,61.838,46.337,189.111,0.538,0.394,0.021,0.122,0.542,0.406,0.987,-4.861e-4,0,0.113,0.701,0.589,-0.005,1011.213,0.001,340.32,0.135,6.4,32.17
0.744,1.602,2905.692,719.496,0.293,0.003,61.83,46.333,188.925,0.538,0.394,0.021,0.122,0.542,0.412,1.001,-3.468e-4,0,0.112,0.701,0.59,-0.004,1011.196,0.001,340.32,0.136,6.4,32.17
0.747,1.624,2905.361,719.165,0.293,0.003,61.822,46.329,188.738,0.538,0.394,0.021,0.122,0.542,0.417,1.014,3.097e-5,0,0.111,0.701,0.591,-0.004,1011.18,0.001,340.319,0.136,6.4,32.17
0.75,1.645,2905.029,718.833,0.293,0.003,61.815,46.326,188.551,0.538,0.394,0.021,0.122,0.542,0.423,1.028,-3.905e-4,0,0.109,0.701,0.592,-0.004,1011.163,0.001,340.319,0.137,6.4,32.17
0.753,1.664,2904.696,718.5,0.293,0.003,61.808,46.322,188.363,0.538,0.394,0.021,0.122,0.542,0.428,1.04,2.82e-4,0,0.108,0.702,0.593,-0.004,1011.146,0.001,340.318,0.137,6.4,32.17
0.757,1.682,2904.362,718.166,0.293,0.003,61.802,46.319,188.175,0.538,0.394,0.021,0.122,0.542,0.433,1.051,1.549e-4,0,0.107,0.702,0.594,-0.004,1011.129,0.001,340.318,0.138,6.4,32.17
0.76,1.7,2904.027,717.831,0.293,0.003,61.796,46.315,187.986,0.538,0.394,0.021,0.122,0.542,0.438,1.063,4.686e-4,0,0.106,0.702,0.595,-0.004,1011.112,0.001,340.317,0.138,6.4,32.17
0.763,1.717,2903.691,717.495,0.292,0.003,61.79,46.311,187.796,0.538,0.394,0.021,0.122,0.543,0.442,1.073,4.909e-4,0,0.105,0.702,0.597,-0.004,1011.095,0.001,340.317,0.139,6.4,32.17
0.766,1.734,2903.354,717.158,0.292,0.003,61.784,46.307,187.606,0.538,0.394,0.021,0.123,0.543,0.447,1.083,-3.695e-5,0,0.104,0.702,0.598,-0.003,1011.077,0.001,340.316,0.139,6.4,32.17
0.769,1.75,2903.016,716.819,0.292,0.003,61.779,46.304,187.415,0.538,0.394,0.021,0.123,0.543,0.451,1.094,-6.8e-5,0,0.103,0.702,0.599,-0.003,1011.06,0.001,340.315,0.14,6.4,32.17
0.772,1.765,2902.676,716.48,0.292,0.003,61.774,46.3,187.224,0.538,0.394,0.021,0.123,0.543,0.455,1.104,4.98e-5,0,0.102,0.702,0.6,-0.003,1011.042,0.001,340.315,0.14,6.4,32.17
0.775,1.78,2902.336,716.14,0.292,0.003,61.769,46.296,187.032,0.538,0.394,0.021,0.123,0.543,0.459,1.113,-3.272e-4,0,0.101,0.702,0.601,-0.003,1011.024,0.001,340.314,0.141,6.4,32.17
0.779,1.794,2901.995,715.799,0.292,0.003,61.764,46.293,186.84,0.538,0.394,0.022,0.123,0.543,0.463,1.122,3.427e-4,0,0.1,0.702,0.602,-0.003,1011.007,0.001,340.314,0.141,6.4,32.17
0.782,1.808,2901.652,715.456,0.292,0.003,61.759,46.289,186.647,0.538,0.394,0.022,0.123,0.543,0.467,1.13,4.806e-4,0,0.099,0.702,0.603,-0.003,1010.989,0.001,340.313,0.142,6.4,32.17
0.785,1.821,2901.309,715.113,0.292,0.003,61.755,46.285,186.453,0.538,0.394,0.022,0.123,0.543,0.47,1.139,3.777e-4,0,0.098,0.702,0.604,-0.002,1010.97,0.001,340.312,0.142,6.4,32.17
0.788,1.833,2900.964,714.768,0.292,0.003,61.751,46.281,186.259,0.538,0.394,0.022,0.123,0.544,0.474,1.146,-1.868e-4,0,0.097,0.702,0.605,-0.002,1010.952,0.001,340.312,0.143,6.4,32.17
0.791,1.845,2900.619,714.423,0.292,0.003,61.747,46.277,186.064,0.538,0.394,0.022,0.123,0.544,0.477,1.155,-1.182e-4,0,0.096,0.702,0.606,-0.002,1010.934,0.001,340.311,0.143,6.4,32.17
0.795,1.855,2900.272,714.076,0.292,0.003,61.744,46.274,185.868,0.538,0.394,0.022,0.123,0.544,0.48,1.161,-1.364e-4,0,0.095,0.702,0.607,-0.002,1010.916,0.001,340.31,0.144,6.4,32.17
0.798,1.866,2899.924,713.728,0.292,0.003,61.74,46.27,185.672,0.538,0.394,0.022,0.123,0.544,0.482,1.167,2.174e-4,0,0.094,0.702,0.608,-0.002,1010.897,0.001,340.31,0.144,6.4,32.17
0.801,1.876,2899.575,713.379,0.292,0.003,61.737,46.266,185.475,0.539,0.394,0.022,0.123,0.544,0.485,1.174,2.98e-5,0,0.093,0.702,0.609,-0.002,1010.878,0.001,340.309,0.145,6.4,32.17
0.804,1.886,2899.225,713.029,0.292,0.003,61.734,46.262,185.278,0.539,0.394,0.022,0.123,0.544,0.488,1.181,-4.974e-4,0,0.092,0.702,0.61,-0.002,1010.859,0.001,340.309,0.145,6.4,32.17
0.808,1.896,2898.874,712.678,0.292,0.003,61.731,46.258,185.08,0.539,0.394,0.022,0.123,0.544,0.49,1.187,3.1e-4,0,0.091,0.702,0.611,-0.001,1010.84,0.001,340.308,0.146,6.4,32.17
0.811,1.905,2898.522,712.326,0.292,0.003,61.728,46.254,184.881,0.539,0.394,0.022,0.123,0.544,0.493,1.193,-9.275e-5,0,0.09,0.702,0.612,-0.001,1010.821,0.001,340.307,0.146,6.4,32.17
0.814,1.912,2898.168,711.972,0.292,0.003,61.726,46.25,184.682,0.539,0.394,0.022,0.123,0.544,0.495,1.198,1.244e-4,0,0.089,0.702,0.613,-0.001,1010.802,0.001,340.307,0.147,6.4,32.17
0.818,1.919,2897.814,711.617,0.292,0.003,61.724,46.246,184.482,0.539,0.394,0.022,0.123,0.544,0.497,1.203,-3.753e-4,0,0.088,0.702,0.614,-0.001,1010.783,0.001,340.306,0.147,6.4,32.17
0.821,1.925,2897.458,711.262,0.292,0.003,61.722,46.243,184.281,0.539,0.394,0.022,0.123,0.545,0.498,1.206,6.247e-5,0,0.087,0.702,0.615,-9.353e-4,1010.763,0.001,340.305,0.148,6.4,32.17
0.824,1.93,2897.101,710.905,0.292,0.003,61.721,46.239,184.08,0.539,0.394,0.022,0.123,0.545,0.5,1.21,1.968e-5,0,0.086,0.702,0.616,-8.251e-4,1010.744,0.001,340.305,0.148,6.4,32.17
0.828,1.935,2896.743,710.547,0.292,0.003,61.72,46.235,183.878,0.539,0.394,0.022,0.123,0.545,0.501,1.213,5.584e-5,0,0.085,0.702,0.616,-7.208e-4,1010.724,0.001,340.304,0.149,6.4,32.17
0.831,1.938,2896.384,710.187,0.292,0.003,61.719,46.231,183.675,0.539,0.394,0.022,0.123,0.545,0.502,1.215,4.513e-4,0,0.085,0.702,0.617,-6.226e-4,1010.704,0.001,340.303,0.149,6.4,32.17
0.834,1.94,2896.023,709.827,0.292,0.003,61.719,46.227,183.472,0.539,0.394,0.022,0.123,0.545,0.502,1.217,4.77e-4,0,0.084,0.702,0.618,-5.308e-4,1010.684,0.001,340.303,0.15,6.4,32.17
0.837,1.941,2895.738,709.541,0.292,0.003,61.719,46.224,183.311,0.539,0.394,0.022,0.123,0.545,0.503,1.217,2.726e-4,0,0.083,0.702,0.619,-4.63e-4,1010.668,0.001,340.302,0.15,6.4,32.17
0.84,1.941,2895.411,709.215,0.292,0.003,61.719,46.22,183.127,0.539,0.394,0.022,0.123,0.545,0.503,1.218,-3.358e-4,0,0.082,0.702,0.62,-3.834e-4,1010.648,0.001,340.302,0.151,6.4,32.17
0.844,1.94,2895.083,708.887,0.292,0.003,61.72,46.216,182.942,0.539,0.394,0.022,0.123,0.545,0.502,1.217,-4.948e-4,0,0.081,0.702,0.621,-3.108e-4,1010.628,0.001,340.301,0.151,6.4,32.17
0.847,1.938,2894.754,708.558,0.292,0.003,61.721,46.213,182.757,0.539,0.394,0.022,0.123,0.545,0.502,1.217,3.711e-4,0,0.081,0.702,0.621,-2.455e-4,1010.607,0.001,340.3,0.152,6.4,32.17
0.851,1.934,2894.424,708.228,0.292,0.003,61.723,46.209,182.572,0.539,0.394,0.022,0.123,0.545,0.501,1.215,-3.097e-4,0,0.08,0.702,0.622,-1.885e-4,1010.587,0.001,340.299,0.152,6.4,32.17
0.854,1.925,2894.093,707.896,0.291,0.003,61.727,46.205,182.385,0.539,0.394,0.022,0.123,0.545,0.498,1.209,-3.561e-4,0,0.079,0.702,0.623,-1.427e-4,1010.566,0.001,340.299,0.153,6.4,32.17
0.857,1.916,2893.76,707.564,0.291,0.003,61.73,46.202,182.198,0.539,0.394,0.022,0.123,0.545,0.496,1.204,4.151e-4,0,0.078,0.702,0.624,-1.033e-4,1010.545,0.001,340.298,0.153,6.4,32.17
0.861,1.905,2893.427,707.231,0.291,0.003,61.734,46.198,182.011,0.539,0.394,0.022,0.123,0.545,0.493,1.197,-3.778e-4,0,0.077,0.702,0.625,-7.027e-5,1010.524,0.001,340.297,0.154,6.4,32.17
0.864,1.895,2893.093,706.897,0.291,0.003,61.738,46.194,181.823,0.54,0.394,0.023,0.123,0.545,0.49,1.191,1.493e-5,0,0.077,0.702,0.625,-4.365e-5,1010.503,0.001,340.297,0.154,6.4,32.17
0.868,1.884,2892.758,706.562,0.291,0.003,61.743,46.191,181.634,0.54,0.394,0.023,0.123,0.545,0.487,1.184,-2.323e-4,0,0.076,0.702,0.626,-2.337e-5,1010.481,0.001,340.296,0.155,6.4,32.17
0.871,1.872,2892.422,706.226,0.291,0.003,61.747,46.187,181.445,0.54,0.394,0.023,0.123,0.545,0.484,1.177,-4.837e-5,0,0.075,0.702,0.627,-9.411e-6,1010.46,0.001,340.295,0.155,6.4,32.17
0.875,1.859,2892.085,705.889,0.291,0.003,61.752,46.183,181.255,0.54,0.394,0.023,0.123,0.545,0.481,1.17,1.679e-5,0,0.074,0.702,0.628,-1.704e-6,1010.438,0.001,340.294,0.156,6.4,32.17
0.878,1.846,2891.747,705.551,0.291,0.003,61.757,46.179,181.065,0.54,0.394,0.023,0.123,0.545,0.477,1.162,3.672e-4,0,0.074,0.702,0.628,2.027e-7,1010.416,0.001,340.294,0.156,6.4,32.17
0.882,1.833,2891.408,705.211,0.291,0.003,61.763,46.176,180.874,0.54,0.394,0.023,0.123,0.545,0.474,1.153,3.604e-4,0,0.073,0.702,0.629,4.838e-6,1010.394,0.001,340.293,0.157,6.4,32.17
0.885,1.818,2891.067,704.871,0.291,0.003,61.768,46.172,180.683,0.54,0.394,0.023,0.123,0.545,0.47,1.145,3.135e-4,0,0.072,0.702,0.63,1.553e-5,1010.372,0.001,340.292,0.158,6.4,32.17
0.889,1.804,2890.726,704.53,0.291,0.003,61.774,46.168,180.49,0.54,0.394,0.023,0.123,0.545,0.466,1.136,3.486e-4,0,0.072,0.702,0.631,3.221e-5,1010.35,0.001,340.292,0.158,6.4,32.17
0.892,1.788,2890.384,704.188,0.291,0.003,61.78,46.164,180.298,0.54,0.394,0.023,0.123,0.545,0.462,1.126,1.578e-4,0,0.071,0.702,0.631,5.477e-5,1010.328,0.001,340.291,0.159,6.4,32.17
0.896,1.772,2890.041,703.845,0.291,0.003,61.786,46.161,180.105,0.54,0.394,0.023,0.123,0.545,0.457,1.116,2.195e-5,0,0.07,0.702,0.632,8.311e-5,1010.306,0.001,340.29,0.159,6.4,32.17
0.899,1.755,2889.697,703.5,0.291,0.003,61.792,46.157,179.911,0.54,0.394,0.023,0.123,0.545,0.453,1.106,-3.363e-4,0,0.069,0.702,0.633,1.171e-4,1010.283,0.001,340.289,0.16,6.4,32.17
0.903,1.737,2889.351,703.155,0.291,0.003,61.8,46.153,179.717,0.54,0.394,0.023,0.123,0.545,0.448,1.095,-2.324e-4,0,0.069,0.702,0.633,1.618e-4,1010.26,0.001,340.288,0.16,6.4,32.17
0.907,1.717,2889.005,702.809,0.291,0.003,61.807,46.149,179.522,0.54,0.394,0.023,0.123,0.545,0.443,1.082,2.485e-4,0,0.068,0.702,0.634,2.141e-4,1010.237,0.001,340.288,0.161,6.4,32.17
0.91,1.696,2888.657,702.461,0.291,0.003,61.816,46.145,179.326,0.54,0.394,0.023,0.123,0.545,0.437,1.07,-3.982e-4,0,0.067,0.702,0.635,2.731e-4,1010.214,0.001,340.287,0.161,6.4,32.17
0.914,1.673,2888.309,702.113,0.291,0.003,61.824,46.141,179.13,0.54,0.394,0.023,0.123,0.545,0.431,1.056,-8.446e-5,0,0.067,0.702,0.636,3.384e-4,1010.191,0.001,340.286,0.162,6.4,32.17
0.917,1.649,2887.959,701.763,0.291,0.003,61.833,46.137,178.933,0.54,0.394,0.023,0.123,0.545,0.425,1.041,3.782e-4,0,0.066,0.702,0.636,4.097e-4,1010.168,0.001,340.285,0.162,6.4,32.17
0.921,1.625,2887.608,701.412,0.291,0.003,61.843,46.134,178.735,0.541,0.394,0.023,0.123,0.545,0.418,1.025,3.632e-4,0,0.065,0.702,0.637,4.864e-4,1010.144,0.001,340.285,0.163,6.4,32.17
0.925,1.599,2887.256,701.06,0.291,0.003,61.853,46.13,178.537,0.541,0.394,0.023,0.123,0.545,0.411,1.009,4.219e-4,0,0.065,0.702,0.638,5.681e-4,1010.121,0.001,340.284,0.163,6.4,32.17
0.928,1.571,2886.903,700.706,0.291,0.003,61.863,46.126,178.338,0.541,0.394,0.023,0.123,0.545,0.404,0.992,-2.312e-4,0,0.064,0.702,0.638,6.543e-4,1010.097,0.001,340.283,0.164,6.4,32.17
0.932,1.543,2886.548,700.352,0.291,0.003,61.874,46.122,178.139,0.541,0.394,0.023,0.124,0.544,0.396,0.974,8.857e-5,0,0.063,0.702,0.639,7.446e-4,1010.073,0.001,340.282,0.165,6.4,32.17
0.936,1.514,2886.193,699.996,0.291,0.003,61.885,46.118,177.939,0.541,0.394,0.023,0.124,0.544,0.388,0.956,-2.51e-4,0,0.063,0.702,0.64,8.382e-4,1010.049,0.001,340.281,0.165,6.4,32.17
0.939,1.483,2885.836,699.64,0.291,0.003,61.897,46.114,177.738,0.541,0.394,0.024,0.124,0.544,0.38,0.937,-2.493e-4,0,0.062,0.702,0.64,9.345e-4,1010.024,0.001,340.281,0.166,6.4,32.17
0.943,1.451,2885.478,699.282,0.291,0.003,61.909,46.11,177.537,0.541,0.394,0.024,0.124,0.544,0.372,0.917,-4.2e-6,0,0.062,0.702,0.641,0.001,1010,0.001,340.28,0.166,6.4,32.17
0.947,1.419,2885.119,698.923,0.291,0.003,61.921,46.106,177.335,0.541,0.394,0.024,0.124,0.544,0.363,0.896,-2.916e-4,0,0.061,0.702,0.641,0.001,1009.975,0.001,340.279,0.167,6.4,32.17
0.951,1.385,2884.759,698.563,0.29,0.003,61.934,46.102,177.132,0.541,0.394,0.024,0.124,0.544,0.354,0.875,8.774e-5,0,0.06,0.702,0.642,0.001,1009.951,0.001,340.278,0.167,6.4,32.17
0.954,1.351,2884.397,698.201,0.29,0.003,61.947,46.098,176.928,0.541,0.394,0.024,0.124,0.544,0.345,0.854,-4.733e-4,0,0.06,0.702,0.643,0.001,1009.926,0.001,340.277,0.168,6.4,32.17
0.958,1.316,2884.035,697.839,0.29,0.003,61.961,46.094,176.724,0.541,0.394,0.024,0.124,0.544,0.336,0.832,-2.219e-5,0,0.059,0.703,0.643,0.001,1009.901,0.001,340.276,0.168,6.4,32.17
0.962,1.279,2883.671,697.475,0.29,0.003,61.974,46.09,176.52,0.541,0.394,0.024,0.124,0.544,0.327,0.809,2.983e-4,0,0.059,0.703,0.644,0.002,1009.875,0.001,340.276,0.169,6.4,32.17
0.966,1.242,2883.307,697.111,0.29,0.003,61.988,46.086,176.315,0.541,0.394,0.024,0.124,0.544,0.317,0.786,-3.435e-4,0,0.058,0.703,0.644,0.002,1009.85,0.001,340.275,0.17,6.4,32.17
0.969,1.205,2882.941,696.745,0.29,0.003,62.003,46.082,176.109,0.541,0.394,0.024,0.124,0.544,0.307,0.762,3.321e-4,0,0.058,0.703,0.645,0.002,1009.824,0.001,340.274,0.17,6.4,32.17
0.973,1.166,2882.574,696.378,0.29,0.003,62.017,46.078,175.902,0.541,0.394,0.024,0.124,0.544,0.297,0.737,4.909e-4,0,0.057,0.703,0.646,0.002,1009.799,0.001,340.273,0.171,6.4,32.17
0.977,1.127,2882.206,696.01,0.29,0.003,62.032,46.073,175.695,0.542,0.394,0.024,0.124,0.544,0.287,0.713,-2.322e-4,0,0.056,0.703,0.646,0.002,1009.773,0.001,340.272,0.171,6.4,32.17
0.981,1.087,2881.837,695.641,0.29,0.003,62.047,46.069,175.487,0.542,0.394,0.024,0.124,0.544,0.276,0.688,-2.608e-4,0,0.056,0.703,0.647,0.002,1009.747,0.001,340.271,0.172,6.4,32.17
0.985,1.047,2881.466,695.27,0.29,0.003,62.062,46.065,175.279,0.542,0.394,0.024,0.124,0.543,0.266,0.663,-3.838e-4,0,0.055,0.703,0.647,0.002,1009.72,0.001,340.27,0.172,6.4,32.17
0.988,1.006,2881.095,694.899,0.29,0.003,62.078,46.061,175.07,0.542,0.394,0.024,0.124,0.543,0.255,0.636,-2.58e-4,0,0.055,0.703,0.648,0.002,1009.694,0.001,340.269,0.173,6.4,32.17
0.992,0.965,2880.722,694.526,0.29,0.003,62.093,46.057,174.86,0.542,0.394,0.024,0.124,0.543,0.244,0.611,-2.753e-4,0,0.054,0.703,0.648,0.002,1009.667,0.001,340.269,0.173,6.4,32.17
0.996,0.923,2880.349,694.153,0.29,0.003,62.109,46.053,174.65,0.542,0.394,0.024,0.124,0.543,0.234,0.584,2.877e-4,0,0.054,0.703,0.649,0.002,1009.641,0.001,340.268,0.174,6.4,32.17
1,0.882,2879.974,693.778,0.29,0.003,62.125,46.049,174.439,0.542,0.394,0.024,0.124,0.543,0.223,0.558,1.695e-4,0,0.053,0.703,0.649,0.002,1009.614,0.001,340.267,0.175,6.4,32.17
1.004,0.84,2879.598,693.402,0.29,0.003,62.14,46.044,174.227,0.542,0.394,0.024,0.124,0.543,0.212,0.531,-3.445e-4,0,0.053,0.703,0.65,0.002,1009.587,0.001,340.266,0.175,6.4,32.17
1.008,0.798,2879.221,693.025,0.29,0.003,62.156,46.04,174.015,0.542,0.394,0.024,0.124,0.543,0.202,0.505,-4.27e-4,0,0.052,0.703,0.65,0.002,1009.56,0.001,340.265,0.176,6.4,32.17
1.012,0.757,2878.843,692.647,0.29,0.003,62.172,46.036,173.802,0.542,0.394,0.025,0.124,0.543,0.191,0.479,-1.674e-4,0,0.052,0.703,0.651,0.002,1009.532,0.001,340.264,0.176,6.4,32.17
1.016,0.715,2878.464,692.268,0.29,0.003,62.187,46.032,173.589,0.542,0.394,0.025,0.124,0.543,0.18,0.453,-1.531e-4,0,0.051,0.703,0.651,0.002,1009.505,0.001,340.263,0.177,6.4,32.17
1.02,0.674,2878.084,691.888,0.29,0.003,62.202,46.027,173.375,0.542,0.394,0.025,0.124,0.543,0.17,0.427,4.087e-4,0,0.051,0.703,0.652,0.002,1009.477,0.001,340.262,0.177,6.4,32.17
1.023,0.634,2877.702,691.506,0.29,0.003,62.217,46.023,173.16,0.542,0.394,0.025,0.124,0.543,0.159,0.401,-1.382e-4,0,0.05,0.703,0.652,0.002,1009.449,0.001,340.261,0.178,6.4,32.17
1.027,0.595,2877.32,691.124,0.29,0.003,62.232,46.019,172.945,0.542,0.394,0.025,0.124,0.543,0.149,0.377,-3.552e-4,0,0.05,0.703,0.653,0.002,1009.421,0.001,340.26,0.179,6.4,32.17
1.031,0.556,2876.937,690.74,0.29,0.003,62.246,46.015,172.729,0.543,0.394,0.025,0.124,0.543,0.14,0.353,-4.585e-4,0,0.05,0.703,0.653,0.002,1009.393,0.001,340.259,0.179,6.4,32.17
1.035,0.519,2876.552,690.356,0.29,0.003,62.26,46.01,172.513,0.543,0.394,0.025,0.124,0.543,0.13,0.33,2.188e-4,0,0.049,0.703,0.654,0.001,1009.364,0.001,340.258,0.18,6.4,32.17
1.039,0.485,2876.166,689.97,0.29,0.003,62.272,46.006,172.296,0.543,0.394,0.025,0.124,0.543,0.121,0.308,-1.158e-4,0,0.049,0.703,0.654,0.001,1009.336,0.001,340.257,0.18,6.4,32.17
1.043,0.452,2875.78,689.583,0.289,0.003,62.284,46.002,172.078,0.543,0.394,0.025,0.124,0.543,0.113,0.287,1.463e-4,0,0.048,0.703,0.655,9.948e-4,1009.307,0.001,340.256,0.181,6.4,32.17
1.047,0.423,2875.392,689.195,0.289,0.003,62.295,45.997,171.86,0.543,0.394,0.025,0.124,0.543,0.106,0.269,4.083e-4,0,0.048,0.703,0.655,7.282e-4,1009.278,0.001,340.256,0.181,6.4,32.17
1.051,0.399,2875.003,688.807,0.289,0.003,62.303,45.993,171.641,0.543,0.394,0.025,0.124,0.543,0.1,0.254,3.78e-4,0,0.047,0.703,0.656,4.389e-4,1009.249,0.001,340.255,0.182,6.4,32.17
1.055,0.386,2874.613,688.416,0.289,0.003,62.308,45.989,171.421,0.543,0.394,0.025,0.124,0.543,0.096,0.245,-4.745e-4,0,0.047,0.703,0.656,1.663e-4,1009.22,0.001,340.254,0.183,6.4,32.17
1.059,0.381,2874.221,688.025,0.289,0.003,62.311,45.984,171.201,0.543,0.394,0.025,0.124,0.543,0.095,0.243,-4.284e-4,0,0.046,0.703,0.657,1.725e-5,1009.19,0.001,340.253,0.183,6.4,32.17
1.064,0.384,2873.829,687.633,0.289,0.003,62.31,45.98,170.98,0.543,0.394,0.025,0.124,0.543,0.096,0.245,3.378e-4,0,0.046,0.703,0.657,-2.209e-5,1009.161,0.001,340.252,0.184,6.4,32.17
1.068,0.395,2873.435,687.239,0.289,0.003,62.308,45.975,170.759,0.543,0.394,0.025,0.124,0.543,0.099,0.252,-4.594e-4,0,0.046,0.703,0.658,-1.706e-4,1009.131,0.001,340.251,0.184,6.4,32.17
1.072,0.413,2873.04,686.844,0.289,0.003,62.303,45.971,170.536,0.543,0.393,0.025,0.124,0.544,0.103,0.264,3.621e-4,0,0.045,0.703,0.658,-4.191e-4,1009.101,0.001,340.25,0.185,6.4,32.17
1.076,0.438,2872.644,686.448,0.289,0.003,62.295,45.967,170.313,0.543,0.393,0.025,0.124,0.544,0.11,0.28,-1.215e-4,0,0.045,0.703,0.658,-7.125e-4,1009.071,0.001,340.249,0.185,6.4,32.17
1.08,0.468,2872.247,686.051,0.289,0.003,62.286,45.962,170.09,0.543,0.393,0.025,0.124,0.544,0.117,0.3,-3.207e-4,0,0.044,0.703,0.659,-0.001,1009.04,0.001,340.248,0.186,6.4,32.17
1.084,0.501,2871.848,685.652,0.289,0.003,62.274,45.958,169.865,0.543,0.393,0.025,0.125,0.544,0.126,0.321,2.586e-4,0,0.044,0.703,0.659,-0.001,1009.01,0.001,340.246,0.187,6.4,32.17
1.088,0.538,2871.449,685.252,0.289,0.003,62.262,45.953,169.64,0.544,0.393,0.026,0.125,0.544,0.135,0.346,1.005e-5,0,0.043,0.703,0.66,-0.001,1008.979,0.001,340.245,0.187,6.4,32.17
1.092,0.578,2871.048,684.851,0.289,0.003,62.248,45.949,169.415,0.544,0.393,0.026,0.125,0.544,0.145,0.371,-9.035e-5,0,0.043,0.703,0.66,-0.002,1008.948,0.001,340.244,0.188,6.4,32.17
1.096,0.618,2870.646,684.449,0.289,0.003,62.233,45.944,169.189,0.544,0.393,0.026,0.125,0.544,0.155,0.398,2.153e-4,0,0.043,0.703,0.661,-0.002,1008.917,0.001,340.243,0.188,6.4,32.17
1.101,0.659,2870.242,684.046,0.289,0.003,62.218,45.94,168.962,0.544,0.393,0.026,0.125,0.544,0.166,0.424,-2.322e-4,0,0.042,0.703,0.661,-0.002,1008.886,0.001,340.242,0.189,6.4,32.17
1.105,0.691,2869.838,683.642,0.289,0.003,62.206,45.935,168.734,0.544,0.393,0.026,0.125,0.545,0.174,0.445,-2.763e-4,0,0.042,0.703,0.661,-0.002,1008.854,0.001,340.241,0.19,6.4,32.17
1.109,0.724,2869.432,683.236,0.289,0.003,62.194,45.93,168.506,0.544,0.393,0.026,0.125,0.545,0.182,0.465,-1.967e-4,0,0.042,0.703,0.662,-0.002,1008.822,0.001,340.24,0.19,6.4,32.17
1.113,0.756,2869.025,682.829,0.289,0.003,62.182,45.926,168.277,0.544,0.393,0.026,0.125,0.545,0.191,0.486,3.842e-4,0,0.041,0.703,0.662,-0.002,1008.791,0.001,340.239,0.191,6.4,32.17
1.117,0.789,2868.617,682.421,0.289,0.003,62.17,45.921,168.047,0.544,0.393,0.026,0.125,0.545,0.199,0.507,2.425e-5,0,0.041,0.703,0.663,-0.002,1008.758,0.001,340.238,0.191,6.4,32.17
1.122,0.821,2868.208,682.012,0.289,0.003,62.158,45.917,167.817,0.544,0.393,0.026,0.125,0.545,0.207,0.528,2.444e-4,0,0.04,0.703,0.663,-0.002,1008.726,0.001,340.237,0.192,6.4,32.17
1.126,0.852,2867.798,681.602,0.289,0.003,62.146,45.912,167.586,0.544,0.393,0.026,0.125,0.545,0.216,0.548,-3.452e-4,0,0.04,0.703,0.663,-0.002,1008.694,0.001,340.236,0.192,6.4,32.17
1.13,0.883,2867.387,681.191,0.289,0.003,62.135,45.907,167.354,0.544,0.393,0.026,0.125,0.546,0.223,0.568,-2.452e-4,0,0.04,0.703,0.664,-0.002,1008.661,0.001,340.235,0.193,6.4,32.17
1.134,0.913,2866.974,680.778,0.289,0.003,62.124,45.903,167.122,0.544,0.393,0.026,0.125,0.546,0.231,0.587,-9.799e-6,0,0.039,0.703,0.664,-0.002,1008.628,0.001,340.234,0.194,6.4,32.17
1.139,0.941,2866.561,680.365,0.288,0.003,62.113,45.898,166.89,0.544,0.393,0.026,0.125,0.546,0.239,0.605,-1.011e-4,0,0.039,0.703,0.664,-0.001,1008.595,0.001,340.233,0.194,6.4,32.17
1.143,0.968,2866.146,679.95,0.288,0.003,62.103,45.893,166.656,0.545,0.393,0.026,0.125,0.546,0.246,0.623,4.272e-4,0,0.039,0.704,0.665,-0.001,1008.562,0.001,340.231,0.195,6.4,32.17
1.147,0.994,2865.73,679.534,0.288,0.003,62.093,45.889,166.422,0.545,0.393,0.026,0.125,0.546,0.252,0.64,-2.509e-4,0,0.038,0.704,0.665,-0.001,1008.529,0.001,340.23,0.195,6.4,32.17
1.152,1.014,2865.313,679.117,0.288,0.003,62.085,45.884,166.187,0.545,0.393,0.026,0.125,0.546,0.258,0.653,1.702e-4,0,0.038,0.704,0.666,-0.001,1008.495,0.001,340.229,0.196,6.4,32.17
1.156,1.026,2864.895,678.699,0.288,0.003,62.081,45.879,165.952,0.545,0.393,0.026,0.125,0.547,0.261,0.661,-5.175e-5,0,0.038,0.704,0.666,-0.001,1008.461,0.001,340.228,0.197,6.4,32.17
1.16,1.036,2864.476,678.279,0.288,0.003,62.077,45.875,165.716,0.545,0.393,0.027,0.125,0.547,0.263,0.667,1.131e-4,0,0.037,0.704,0.666,-9.149e-4,1008.427,0.001,340.227,0.197,6.4,32.17
1.165,1.044,2864.055,677.859,0.288,0.003,62.074,45.87,165.479,0.545,0.393,0.027,0.125,0.547,0.265,0.672,-3.832e-4,0,0.037,0.704,0.667,-8.073e-4,1008.393,0.001,340.226,0.198,6.4,32.17
1.169,1.05,2863.634,677.437,0.288,0.003,62.071,45.865,165.242,0.545,0.393,0.027,0.125,0.547,0.267,0.676,3.973e-4,0,0.037,0.704,0.667,-7.037e-4,1008.359,0.001,340.225,0.198,6.4,32.17
1.173,1.055,2863.211,677.015,0.288,0.003,62.069,45.86,165.004,0.545,0.393,0.027,0.125,0.547,0.268,0.68,1.863e-4,0,0.036,0.704,0.667,-6.05e-4,1008.324,0.001,340.223,0.199,6.4,32.17
1.178,1.058,2862.787,676.591,0.288,0.003,62.068,45.856,164.766,0.545,0.393,0.027,0.125,0.547,0.269,0.681,1.451e-4,0,0.036,0.704,0.668,-5.121e-4,1008.29,0.001,340.222,0.2,6.4,32.17
1.182,1.059,2862.363,676.167,0.288,0.003,62.067,45.851,164.527,0.545,0.393,0.027,0.125,0.547,0.269,0.682,-3.418e-4,0,0.036,0.704,0.668,-4.256e-4,1008.255,0.001,340.221,0.2,6.4,32.17
1.186,1.058,2861.987,675.79,0.288,0.003,62.067,45.846,164.315,0.545,0.393,0.027,0.125,0.547,0.269,0.682,-1.309e-4,0,0.036,0.704,0.668,-3.551e-4,1008.224,0.001,340.22,0.201,6.4,32.17
1.19,1.056,2861.613,675.417,0.288,0.003,62.068,45.842,164.095,0.545,0.393,0.027,0.125,0.547,0.268,0.681,-2.116e-4,0,0.035,0.704,0.669,-2.824e-4,1008.188,0.001,340.219,0.201,6.4,32.17
1.195,1.051,2861.239,675.043,0.288,0.003,62.07,45.838,163.874,0.546,0.393,0.027,0.125,0.547,0.267,0.677,5.73e-5,0,0.035,0.704,0.669,-2.176e-4,1008.153,0.001,340.218,0.202,6.4,32.17
1.199,1.044,2860.864,674.668,0.288,0.003,62.072,45.834,163.653,0.546,0.393,0.027,0.125,0.547,0.265,0.673,-3.019e-4,0,0.035,0.704,0.669,-1.611e-4,1008.117,0.001,340.217,0.202,6.4,32.17
1.204,1.049,2860.488,674.292,0.288,0.003,62.07,45.83,163.431,0.546,0.393,0.027,0.125,0.548,0.267,0.677,4.34e-4,0,0.034,0.704,0.67,-1.131e-4,1008.081,0.001,340.215,0.203,6.4,32.17
1.208,1.055,2860.11,673.914,0.288,0.003,62.068,45.825,163.208,0.546,0.393,0.027,0.125,0.548,0.268,0.681,4.099e-4,0,0.034,0.704,0.67,-7.32e-5,1008.045,0.001,340.214,0.204,6.4,32.17
1.213,1.058,2859.732,673.536,0.288,0.003,62.067,45.821,162.985,0.546,0.393,0.027,0.125,0.548,0.269,0.683,3.965e-4,0,0.034,0.704,0.67,-4.167e-5,1008.009,0.001,340.213,0.204,6.4,32.17
1.217,1.06,2859.352,673.156,0.288,0.003,62.066,45.817,162.761,0.546,0.393,0.027,0.125,0.548,0.269,0.684,-1.903e-4,0,0.033,0.704,0.671,-1.883e-5,1007.972,0.001,340.212,0.205,6.4,32.17
1.222,1.059,2858.972,672.775,0.288,0.003,62.066,45.812,162.536,0.546,0.393,0.027,0.125,0.548,0.269,0.684,1.274e-4,0,0.033,0.704,0.671,-4.898e-6,1007.936,0.001,340.21,0.205,6.4,32.17
1.226,1.055,2858.59,672.393,0.288,0.003,62.068,45.808,162.311,0.546,0.393,0.028,0.126,0.548,0.268,0.682,-4.651e-4,0,0.033,0.704,0.671,-6.797e-9,1007.899,0.001,340.209,0.206,6.4,32.17
1.231,1.05,2858.207,672.01,0.288,0.003,62.07,45.804,162.085,0.546,0.393,0.028,0.126,0.548,0.267,0.679,-1.17e-4,0,0.033,0.704,0.671,4.194e-6,1007.861,0.001,340.208,0.207,6.4,32.17
1.235,1.042,2857.822,671.626,0.288,0.003,62.072,45.799,161.858,0.546,0.393,0.028,0.126,0.548,0.265,0.673,2.878e-4,0,0.032,0.704,0.672,1.741e-5,1007.824,0.001,340.207,0.207,6.4,32.17
1.24,1.032,2857.437,671.241,0.287,0.003,62.076,45.795,161.631,0.547,0.393,0.028,0.126,0.548,0.262,0.667,-4.257e-5,0,0.032,0.704,0.672,3.951e-5,1007.786,0.001,340.205,0.208,6.4,32.17
1.244,1.02,2857.05,670.854,0.287,0.003,62.081,45.791,161.402,0.547,0.393,0.028,0.126,0.548,0.259,0.66,7.503e-5,0,0.032,0.704,0.672,7.022e-5,1007.749,0.001,340.204,0.208,6.4,32.17
1.249,1.006,2856.663,670.466,0.287,0.003,62.086,45.786,161.174,0.547,0.393,0.028,0.126,0.548,0.255,0.65,-1.779e-4,0,0.031,0.704,0.673,1.092e-4,1007.71,0.001,340.203,0.209,6.4,32.17
1.254,0.983,2856.274,670.078,0.287,0.003,62.095,45.782,160.944,0.547,0.393,0.028,0.126,0.548,0.249,0.635,-1.273e-4,0,0.031,0.704,0.673,1.558e-4,1007.672,0.001,340.202,0.21,6.4,32.17
1.258,0.956,2855.884,669.688,0.287,0.003,62.105,45.777,160.714,0.547,0.393,0.028,0.126,0.548,0.242,0.618,-5.839e-5,0,0.031,0.704,0.673,2.09e-4,1007.634,0.001,340.2,0.21,6.4,32.17
1.263,0.927,2855.493,669.297,0.287,0.003,62.116,45.773,160.484,0.547,0.393,0.028,0.126,0.548,0.235,0.599,2.176e-4,0,0.031,0.704,0.674,2.682e-4,1007.595,0.001,340.199,0.211,6.4,32.17
1.267,0.896,2855.101,668.905,0.287,0.003,62.128,45.768,160.252,0.547,0.393,0.028,0.126,0.548,0.227,0.579,-2.351e-4,0,0.03,0.704,0.674,3.324e-4,1007.556,0.001,340.198,0.211,6.4,32.17
1.272,0.863,2854.708,668.512,0.287,0.003,62.141,45.764,160.02,0.547,0.393,0.028,0.126,0.548,0.218,0.558,2.237e-4,0,0.03,0.704,0.674,4.006e-4,1007.517,0.001,340.196,0.212,6.4,32.17
1.277,0.828,2854.314,668.117,0.287,0.003,62.154,45.76,159.788,0.547,0.393,0.028,0.126,0.548,0.209,0.536,3.926e-4,0,0.03,0.704,0.674,4.72e-4,1007.477,0.001,340.195,0.213,6.4,32.17
1.281,0.791,2853.918,667.722,0.287,0.003,62.169,45.755,159.554,0.547,0.393,0.028,0.126,0.548,0.2,0.512,-4.752e-4,0,0.03,0.704,0.675,5.453e-4,1007.438,0.001,340.194,0.213,6.4,32.17
1.286,0.753,2853.522,667.326,0.287,0.003,62.184,45.751,159.321,0.547,0.393,0.028,0.126,0.548,0.19,0.487,4.198e-4,0,0.029,0.704,0.675,6.194e-4,1007.398,0.001,340.192,0.214,6.4,32.17
1.291,0.713,2853.125,666.928,0.287,0.003,62.199,45.746,159.086,0.548,0.393,0.029,0.126,0.548,0.18,0.462,-3.571e-4,0,0.029,0.704,0.675,6.931e-4,1007.358,0.001,340.191,0.215,6.4,32.17
1.296,0.672,2852.726,666.53,0.287,0.003,62.215,45.741,158.851,0.548,0.393,0.029,0.126,0.548,0.169,0.435,4.546e-4,0,0.029,0.704,0.676,7.651e-4,1007.318,0.001,340.19,0.215,6.4,32.17
1.3,0.63,2852.326,666.13,0.287,0.003,62.232,45.737,158.615,0.548,0.393,0.029,0.126,0.548,0.159,0.408,2.82e-4,0,0.029,0.704,0.676,8.342e-4,1007.277,0.001,340.188,0.216,6.4,32.17
1.305,0.607,2851.926,665.73,0.287,0.003,62.241,45.732,158.379,0.548,0.393,0.029,0.126,0.548,0.153,0.393,-1.869e-4,0,0.028,0.704,0.676,9.011e-4,1007.236,0.001,340.187,0.216,6.4,32.17
1.31,0.583,2851.524,665.327,0.287,0.003,62.251,45.728,158.141,0.548,0.393,0.029,0.126,0.549,0.147,0.378,4.847e-5,0,0.028,0.704,0.676,9.628e-4,1007.195,0.001,340.186,0.217,6.4,32.17
1.315,0.557,2851.12,664.924,0.287,0.003,62.262,45.723,157.903,0.548,0.393,0.029,0.126,0.549,0.14,0.361,-1.108e-4,0,0.028,0.704,0.677,0.001,1007.154,0.001,340.184,0.218,6.4,32.17
1.319,0.531,2850.715,664.519,0.287,0.003,62.273,45.719,157.665,0.548,0.393,0.029,0.126,0.549,0.133,0.344,9.634e-5,0,0.028,0.705,0.677,0.001,1007.113,0.001,340.183,0.218,6.4,32.17
1.324,0.504,2850.309,664.113,0.287,0.003,62.284,45.714,157.425,0.548,0.393,0.029,0.126,0.549,0.126,0.326,-2.991e-4,0,0.027,0.705,0.677,0.001,1007.071,0.001,340.181,0.219,6.4,32.17
1.329,0.476,2849.902,663.705,0.287,0.003,62.296,45.709,157.184,0.548,0.393,0.029,0.126,0.549,0.119,0.308,1.988e-4,0,0.027,0.705,0.677,0.001,1007.029,0.001,340.18,0.219,6.4,32.17
1.334,0.449,2849.493,663.296,0.287,0.003,62.308,45.705,156.943,0.548,0.393,0.029,0.126,0.549,0.113,0.291,1.118e-4,0,0.027,0.705,0.678,0.001,1006.987,0.001,340.179,0.22,6.4,32.17
1.339,0.422,2849.082,662.886,0.287,0.003,62.32,45.7,156.701,0.549,0.393,0.029,0.126,0.549,0.106,0.274,-2.544e-4,0,0.027,0.705,0.678,0.001,1006.944,0.001,340.177,0.221,6.4,32.17
1.343,0.396,2848.671,662.475,0.287,0.003,62.332,45.695,156.458,0.549,0.393,0.029,0.126,0.549,0.099,0.257,2.293e-4,0,0.026,0.705,0.678,9.764e-4,1006.901,0.001,340.176,0.221,6.4,32.17
1.348,0.372,2848.258,662.062,0.286,0.003,62.343,45.691,156.215,0.549,0.393,0.029,0.126,0.549,0.093,0.242,1.659e-4,0,0.026,0.705,0.679,8.646e-4,1006.858,0.001,340.174,0.222,6.4,32.17
1.353,0.339,2847.844,661.647,0.286,0.003,62.358,45.686,155.97,0.549,0.393,0.03,0.126,0.549,0.085,0.22,4.775e-4,0,0.026,0.705,0.679,7.079e-4,1006.815,0.001,340.173,0.222,6.4,32.17
1.358,0.304,2847.428,661.232,0.286,0.003,62.374,45.681,155.725,0.549,0.393,0.03,0.126,0.549,0.076,0.198,2.768e-4,0,0.026,0.705,0.679,5.024e-4,1006.772,0.001,340.171,0.223,6.4,32.17
1.363,0.275,2847.012,660.816,0.286,0.003,62.387,45.676,155.479,0.549,0.393,0.03,0.127,0.549,0.069,0.179,-1.536e-4,0,0.026,0.705,0.679,2.725e-4,1006.728,0.001,340.17,0.224,6.4,32.17
1.368,0.255,2846.594,660.398,0.286,0.003,62.395,45.672,155.233,0.549,0.393,0.03,0.127,0.549,0.064,0.166,5.863e-5,0,0.025,0.705,0.679,7.721e-5,1006.684,0.001,340.168,0.224,6.4,32.17
1.373,0.247,2846.176,659.979,0.286,0.003,62.398,45.667,154.986,0.549,0.393,0.03,0.127,0.549,0.062,0.161,-1.827e-4,0,0.025,0.705,0.68,-4.951e-8,1006.64,0.001,340.167,0.225,6.4,32.17
1.378,0.25,2845.756,659.56,0.286,0.003,62.394,45.662,154.738,0.549,0.393,0.03,0.127,0.55,0.062,0.163,3.546e-4,0,0.025,0.705,0.68,-8.657e-5,1006.595,0.001,340.165,0.226,6.4,32.17
1.383,0.264,2845.335,659.139,0.286,0.003,62.386,45.657,154.49,0.549,0.393,0.03,0.127,0.55,0.066,0.173,4.63e-4,0,0.025,0.705,0.68,-2.942e-4,1006.55,0.001,340.164,0.226,6.4,32.17
1.388,0.288,2844.913,658.717,0.286,0.003,62.374,45.652,154.241,0.55,0.393,0.03,0.127,0.55,0.072,0.188,-2.89e-6,0,0.024,0.705,0.68,-5.335e-4,1006.505,0.001,340.162,0.227,6.4,32.17
1.393,0.319,2844.49,658.293,0.286,0.003,62.361,45.647,153.991,0.55,0.393,0.03,0.127,0.55,0.08,0.208,2.245e-4,0,0.024,0.705,0.681,-7.386e-4,1006.46,0.001,340.161,0.227,6.4,32.17
1.398,0.354,2844.065,657.869,0.286,0.003,62.347,45.643,153.741,0.55,0.393,0.03,0.127,0.55,0.088,0.232,-1.4e-4,0,0.024,0.705,0.681,-8.85e-4,1006.415,0.001,340.159,0.228,6.4,32.17
1.403,0.391,2843.64,657.443,0.286,0.003,62.332,45.638,153.49,0.55,0.393,0.03,0.127,0.55,0.098,0.257,-1.364e-4,0,0.024,0.705,0.681,-9.803e-4,1006.369,0.001,340.158,0.229,6.4,32.17
1.408,0.431,2843.213,657.017,0.286,0.003,62.317,45.633,153.238,0.55,0.393,0.03,0.127,0.55,0.108,0.283,3.357e-4,0,0.024,0.705,0.681,-0.001,1006.323,0.001,340.156,0.229,6.4,32.17
1.413,0.471,2842.785,656.589,0.286,0.003,62.302,45.628,152.985,0.55,0.393,0.031,0.127,0.551,0.118,0.309,9.044e-5,0,0.024,0.705,0.682,-0.001,1006.277,0.001,340.155,0.23,6.4,32.17
1.418,0.511,2842.356,656.16,0.286,0.003,62.287,45.623,152.732,0.55,0.393,0.031,0.127,0.551,0.128,0.336,-2.607e-4,0,0.023,0.705,0.682,-0.001,1006.23,0.001,340.153,0.231,6.4,32.17
1.423,0.551,2841.926,655.73,0.286,0.003,62.273,45.618,152.479,0.55,0.393,0.031,0.127,0.551,0.138,0.361,3.679e-4,0,0.023,0.705,0.682,-9.504e-4,1006.184,0.001,340.152,0.231,6.4,32.17
1.428,0.589,2841.495,655.298,0.286,0.003,62.26,45.613,152.224,0.55,0.393,0.031,0.127,0.551,0.148,0.386,1.371e-4,0,0.023,0.705,0.682,-8.823e-4,1006.137,0.001,340.15,0.232,6.4,32.17
1.433,0.626,2841.062,654.866,0.286,0.003,62.247,45.608,151.969,0.551,0.393,0.031,0.127,0.551,0.158,0.411,3.908e-4,0,0.023,0.705,0.682,-8.027e-4,1006.089,0.001,340.148,0.232,6.4,32.17
1.439,0.66,2840.628,654.432,0.286,0.003,62.234,45.603,151.713,0.551,0.393,0.031,0.127,0.551,0.166,0.434,1.023e-4,0,0.023,0.705,0.683,-7.16e-4,1006.042,0.001,340.147,0.233,6.4,32.17
1.444,0.693,2840.193,653.997,0.286,0.003,62.223,45.598,151.456,0.551,0.393,0.031,0.127,0.552,0.175,0.454,-2.584e-4,0,0.022,0.705,0.683,-6.255e-4,1005.994,0.001,340.145,0.234,6.4,32.17
1.449,0.722,2839.757,653.561,0.286,0.003,62.213,45.593,151.199,0.551,0.393,0.031,0.127,0.552,0.182,0.474,-1.046e-4,0,0.022,0.705,0.683,-5.343e-4,1005.946,0.001,340.144,0.234,6.4,32.17
1.454,0.749,2839.32,653.123,0.285,0.003,62.204,45.588,150.941,0.551,0.393,0.031,0.127,0.552,0.189,0.491,2.217e-4,0,0.022,0.705,0.683,-4.466e-4,1005.898,0.001,340.142,0.235,6.4,32.17
1.459,0.772,2838.881,652.685,0.285,0.003,62.196,45.583,150.682,0.551,0.393,0.031,0.127,0.552,0.195,0.507,-4.288e-4,0,0.022,0.705,0.684,-3.633e-4,1005.849,0.001,340.14,0.236,6.4,32.17
1.464,0.792,2838.441,652.244,0.285,0.003,62.19,45.578,150.422,0.551,0.393,0.031,0.127,0.552,0.2,0.521,3.579e-4,0,0.022,0.705,0.684,-2.856e-4,1005.801,0.001,340.139,0.236,6.4,32.17
1.47,0.809,2837.999,651.803,0.285,0.003,62.184,45.573,150.162,0.551,0.393,0.031,0.127,0.552,0.205,0.531,-4.895e-4,0,0.021,0.705,0.684,-2.15e-4,1005.751,0.001,340.137,0.237,6.4,32.17
1.475,0.823,2837.556,651.36,0.285,0.003,62.18,45.568,149.9,0.551,0.393,0.031,0.127,0.553,0.208,0.541,-4.141e-4,0,0.021,0.705,0.684,-1.528e-4,1005.702,0.001,340.135,0.237,6.4,32.17
1.48,0.834,2837.112,650.915,0.285,0.003,62.177,45.563,149.638,0.552,0.393,0.032,0.127,0.553,0.211,0.548,-1.209e-4,0,0.021,0.705,0.684,-1.001e-4,1005.652,0.001,340.134,0.238,6.4,32.17
1.485,0.841,2836.666,650.47,0.285,0.003,62.175,45.558,149.375,0.552,0.393,0.032,0.127,0.553,0.213,0.552,-3.917e-4,0,0.021,0.706,0.685,-5.791e-5,1005.602,0.001,340.132,0.239,6.4,32.17
1.491,0.845,2836.219,650.022,0.285,0.003,62.175,45.553,149.111,0.552,0.393,0.032,0.127,0.553,0.214,0.555,-4.89e-4,0,0.021,0.706,0.685,-2.686e-5,1005.552,0.001,340.13,0.239,6.4,32.17
1.496,0.845,2835.77,649.574,0.285,0.003,62.175,45.547,148.846,0.552,0.393,0.032,0.127,0.553,0.214,0.556,4.291e-4,0,0.021,0.706,0.685,-7.482e-6,1005.502,0.001,340.129,0.24,6.4,32.17
1.501,0.842,2835.32,649.124,0.285,0.003,62.178,45.542,148.581,0.552,0.393,0.032,0.128,0.553,0.213,0.553,-2.813e-4,0,0.02,0.706,0.685,-6.767e-8,1005.451,0.001,340.127,0.241,6.4,32.17
1.507,0.835,2834.868,648.672,0.285,0.003,62.181,45.537,148.314,0.552,0.393,0.032,0.128,0.553,0.211,0.55,-4.362e-4,0,0.02,0.706,0.685,5.148e-6,1005.4,0.001,340.125,0.241,6.4,32.17
1.512,0.824,2834.416,648.219,0.285,0.003,62.186,45.532,148.047,0.552,0.393,0.032,0.128,0.553,0.209,0.542,-4.717e-4,0,0.02,0.706,0.686,2.287e-5,1005.348,0.001,340.124,0.242,6.4,32.17
1.517,0.81,2833.961,647.765,0.285,0.003,62.192,45.527,147.779,0.552,0.393,0.032,0.128,0.553,0.205,0.534,-7.446e-5,0,0.02,0.706,0.686,5.275e-5,1005.296,0.001,340.122,0.242,6.4,32.17
1.523,0.792,2833.506,647.31,0.285,0.003,62.2,45.521,147.51,0.552,0.393,0.032,0.128,0.553,0.2,0.522,-1.591e-4,0,0.02,0.706,0.686,9.406e-5,1005.244,0.001,340.12,0.243,6.4,32.17
1.528,0.77,2833.049,646.853,0.285,0.003,62.209,45.516,147.241,0.553,0.392,0.032,0.128,0.554,0.195,0.508,-1.137e-4,0,0.02,0.706,0.686,1.458e-4,1005.192,0.001,340.118,0.244,6.4,32.17
1.534,0.745,2832.59,646.394,0.285,0.003,62.219,45.511,146.97,0.553,0.392,0.032,0.128,0.554,0.188,0.492,1.997e-5,0,0.019,0.706,0.686,2.066e-4,1005.139,0.001,340.117,0.244,6.4,32.17
1.539,0.716,2832.131,645.934,0.285,0.003,62.23,45.505,146.699,0.553,0.392,0.032,0.128,0.554,0.181,0.473,1.464e-5,0,0.019,0.706,0.687,2.749e-4,1005.087,0.001,340.115,0.245,6.4,32.17
1.545,0.685,2831.669,645.473,0.285,0.003,62.243,45.5,146.427,0.553,0.392,0.033,0.128,0.554,0.173,0.451,4.036e-4,0,0.019,0.706,0.687,3.489e-4,1005.033,0.001,340.113,0.246,6.4,32.17
1.55,0.65,2831.207,645.01,0.285,0.003,62.256,45.495,146.154,0.553,0.392,0.033,0.128,0.554,0.164,0.429,-1.088e-5,0,0.019,0.706,0.687,4.263e-4,1004.98,0.001,340.111,0.246,6.4,32.17
1.556,0.612,2830.742,644.546,0.285,0.003,62.271,45.489,145.88,0.553,0.392,0.033,0.128,0.554,0.154,0.404,2.437e-4,0,0.019,0.706,0.687,5.048e-4,1004.926,0.001,340.109,0.247,6.4,32.17
1.561,0.572,2830.277,644.081,0.284,0.003,62.286,45.484,145.605,0.553,0.392,0.033,0.128,0.554,0.144,0.378,1.869e-4,0,0.019,0.706,0.687,5.812e-4,1004.872,0.001,340.108,0.248,6.4,32.17
1.567,0.53,2829.81,643.613,0.284,0.003,62.302,45.479,145.33,0.553,0.392,0.033,0.128,0.554,0.133,0.349,-4.3e-4,0,0.018,0.706,0.688,6.52e-4,1004.817,0.001,340.106,0.248,6.4,32.17
1.572,0.486,2829.341,643.145,0.284,0.003,62.319,45.473,145.053,0.553,0.392,0.033,0.128,0.554,0.122,0.321,4.489e-4,0,0.018,0.706,0.688,7.127e-4,1004.763,0.001,340.104,0.249,6.4,32.17
1.578,0.44,2828.871,642.674,0.284,0.003,62.336,45.468,144.776,0.554,0.392,0.033,0.128,0.554,0.11,0.29,4.805e-4,0,0.018,0.706,0.688,7.576e-4,1004.708,0.001,340.102,0.249,6.4,32.17
1.583,0.394,2828.399,642.203,0.284,0.003,62.353,45.462,144.497,0.554,0.392,0.033,0.128,0.554,0.099,0.26,-4.798e-4,0,0.018,0.706,0.688,7.786e-4,1004.652,0.001,340.1,0.25,6.4,32.17
1.589,0.348,2827.926,641.729,0.284,0.003,62.37,45.457,144.218,0.554,0.392,0.033,0.128,0.554,0.087,0.229,3.573e-4,0,0.018,0.706,0.688,7.643e-4,1004.596,0.001,340.098,0.251,6.4,32.17
1.594,0.304,2827.451,641.255,0.284,0.003,62.386,45.451,143.938,0.554,0.392,0.033,0.128,0.554,0.076,0.2,-3.336e-4,0,0.018,0.706,0.688,6.991e-4,1004.54,0.001,340.096,0.251,6.4,32.17
1.6,0.264,2826.974,640.778,0.284,0.003,62.4,45.446,143.657,0.554,0.392,0.033,0.128,0.554,0.066,0.174,-4.914e-4,0,0.018,0.706,0.689,5.658e-4,1004.484,0.001,340.094,0.252,6.4,32.17
1.606,0.224,2826.496,640.3,0.284,0.003,62.414,45.44,143.375,0.554,0.392,0.034,0.128,0.554,0.056,0.148,-3.432e-5,0,0.017,0.706,0.689,4.175e-4,1004.427,0.001,340.093,0.253,6.4,32.17
1.611,0.19,2826.016,639.82,0.284,0.003,62.427,45.435,143.091,0.554,0.392,0.034,0.128,0.554,0.047,0.126,-2.641e-4,0,0.017,0.706,0.689,2.204e-4,1004.37,0.001,340.091,0.253,6.4,32.17
1.617,0.167,2825.534,639.338,0.284,0.003,62.438,45.429,142.807,0.554,0.392,0.034,0.128,0.554,0.042,0.111,-2.228e-4,0,0.017,0.706,0.689,4.019e-5,1004.313,0.001,340.089,0.254,6.4,32.17
1.623,0.158,2825.05,638.854,0.284,0.003,62.445,45.423,142.521,0.555,0.392,0.034,0.128,0.555,0.039,0.104,3.273e-4,0,0.017,0.706,0.689,-1.933e-5,1004.255,0.001,340.087,0.255,6.4,32.17
1.629,0.165,2824.564,638.368,0.284,0.003,62.448,45.418,142.235,0.555,0.392,0.034,0.128,0.555,0.041,0.109,-1.159e-4,0,0.017,0.706,0.69,-2.1e-4,1004.197,0.001,340.085,0.255,6.4,32.17
1.634,0.186,2824.076,637.88,0.284,0.003,62.443,45.412,141.947,0.555,0.392,0.034,0.129,0.555,0.046,0.123,-2.294e-5,0,0.017,0.706,0.69,-4.629e-4,1004.138,0.001,340.083,0.256,6.4,32.17
1.64,0.216,2823.586,637.39,0.284,0.003,62.432,45.406,141.658,0.555,0.392,0.034,0.129,0.555,0.054,0.144,-1.865e-4,0,0.016,0.706,0.69,-6.473e-4,1004.079,0.001,340.081,0.256,6.4,32.17
1.646,0.25,2823.094,636.898,0.284,0.003,62.419,45.401,141.367,0.555,0.392,0.034,0.129,0.555,0.063,0.167,1.3e-4,0,0.016,0.706,0.69,-7.439e-4,1004.02,0.001,340.079,0.257,6.4,32.17
1.652,0.29,2822.601,636.404,0.284,0.003,62.403,45.395,141.076,0.555,0.392,0.034,0.129,0.555,0.073,0.194,-1.682e-4,0,0.016,0.707,0.69,-7.735e-4,1003.96,0.001,340.077,0.258,6.4,32.17
1.658,0.337,2822.105,635.909,0.284,0.003,62.384,45.389,140.783,0.555,0.392,0.034,0.129,0.556,0.084,0.225,2.524e-4,0,0.016,0.707,0.69,-7.588e-4,1003.9,0.001,340.075,0.258,6.4,32.17
1.664,0.383,2821.607,635.411,0.284,0.003,62.366,45.383,140.49,0.555,0.392,0.035,0.129,0.556,0.096,0.256,1.152e-4,0,0.016,0.707,0.691,-7.19e-4,1003.839,0.001,340.073,0.259,6.4,32.17
1.669,0.427,2821.108,634.912,0.283,0.003,62.348,45.378,140.195,0.556,0.392,0.035,0.129,0.556,0.107,0.285,-4.716e-4,0,0.016,0.707,0.691,-6.627e-4,1003.778,0.001,340.071,0.26,6.4,32.17
1.675,0.47,2820.607,634.411,0.283,0.003,62.331,45.372,139.9,0.556,0.392,0.035,0.129,0.556,0.118,0.314,-4.03e-4,0,0.016,0.707,0.691,-5.955e-4,1003.717,0.001,340.069,0.26,6.4,32.17
1.681,0.507,2820.133,633.937,0.283,0.003,62.316,45.366,139.62,0.556,0.392,0.035,0.129,0.556,0.127,0.339,4.821e-4,0,0.016,0.707,0.691,-5.257e-4,1003.659,0.001,340.067,0.261,6.4,32.17
1.687,0.544,2819.718,633.521,0.283,0.003,62.302,45.361,139.365,0.556,0.392,0.035,0.129,0.556,0.137,0.362,-9.728e-6,0,0.015,0.707,0.691,-4.486e-4,1003.597,0.001,340.065,0.262,6.4,32.17
1.693,0.577,2819.301,633.105,0.283,0.003,62.288,45.357,139.109,0.556,0.392,0.035,0.129,0.557,0.145,0.385,2.574e-5,0,0.015,0.707,0.691,-3.709e-4,1003.535,0.001,340.063,0.262,6.4,32.17
1.699,0.607,2818.883,632.686,0.283,0.003,62.277,45.352,138.852,0.556,0.392,0.035,0.129,0.557,0.153,0.405,4.859e-4,0,0.015,0.707,0.692,-2.953e-4,1003.472,0.001,340.061,0.263,6.4,32.17
1.705,0.629,2818.463,632.267,0.283,0.003,62.268,45.347,138.594,0.556,0.392,0.035,0.129,0.557,0.159,0.42,4.335e-4,0,0.015,0.707,0.692,-2.242e-4,1003.409,0.001,340.058,0.263,6.4,32.17
1.711,0.646,2818.042,631.845,0.283,0.003,62.261,45.342,138.335,0.557,0.392,0.035,0.129,0.557,0.163,0.431,-3.731e-4,0,0.015,0.707,0.692,-1.602e-4,1003.346,0.001,340.056,0.264,6.4,32.17
1.717,0.658,2817.619,631.422,0.283,0.003,62.256,45.337,138.075,0.557,0.392,0.035,0.129,0.557,0.166,0.439,-2.592e-4,0,0.015,0.707,0.692,-1.053e-4,1003.282,0.001,340.054,0.265,6.4,32.17
1.723,0.666,2817.194,630.998,0.283,0.003,62.253,45.332,137.814,0.557,0.392,0.036,0.129,0.558,0.168,0.445,-1.414e-4,0,0.015,0.707,0.692,-6.099e-5,1003.218,0.001,340.052,0.265,6.4,32.17
1.729,0.67,2816.768,630.571,0.283,0.003,62.252,45.327,137.552,0.557,0.392,0.036,0.129,0.558,0.169,0.447,6.997e-5,0,0.014,0.707,0.692,-2.826e-5,1003.153,0.001,340.05,0.266,6.4,32.17
1.735,0.669,2816.34,630.144,0.283,0.003,62.252,45.322,137.289,0.557,0.392,0.036,0.129,0.558,0.169,0.447,2.54e-4,0,0.014,0.707,0.693,-7.85e-6,1003.088,0.001,340.048,0.267,6.4,32.17
1.742,0.664,2815.91,629.714,0.283,0.003,62.254,45.317,137.025,0.557,0.392,0.036,0.129,0.558,0.167,0.443,3.812e-4,0,0.014,0.707,0.693,-8.098e-8,1003.022,0.001,340.045,0.267,6.4,32.17
1.748,0.653,2815.479,629.283,0.283,0.003,62.258,45.312,136.76,0.557,0.392,0.036,0.129,0.558,0.165,0.436,-8.442e-5,0,0.014,0.707,0.693,4.907e-6,1002.956,0.001,340.043,0.268,6.4,32.17
1.754,0.643,2815.046,628.85,0.283,0.003,62.262,45.307,136.494,0.557,0.392,0.036,0.129,0.558,0.162,0.429,1.495e-4,0,0.014,0.707,0.693,2.189e-5,1002.89,0.001,340.041,0.269,6.4,32.17
1.76,0.63,2814.612,628.416,0.283,0.003,62.268,45.302,136.227,0.558,0.392,0.036,0.129,0.558,0.159,0.421,-4.475e-4,0,0.014,0.707,0.693,5.052e-5,1002.823,0.001,340.039,0.269,6.4,32.17
1.767,0.613,2814.176,627.98,0.283,0.003,62.275,45.297,135.959,0.558,0.392,0.036,0.129,0.558,0.154,0.409,4.672e-4,0,0.014,0.707,0.693,8.996e-5,1002.756,0.001,340.036,0.27,6.4,32.17
1.773,0.591,2813.739,627.543,0.283,0.003,62.284,45.292,135.69,0.558,0.392,0.036,0.13,0.558,0.149,0.396,-2.665e-4,0,0.014,0.707,0.694,1.39e-4,1002.689,0.001,340.034,0.271,6.4,32.17
1.779,0.565,2813.3,627.104,0.283,0.003,62.294,45.287,135.421,0.558,0.392,0.036,0.13,0.559,0.142,0.378,7.298e-5,0,0.014,0.707,0.694,1.96e-4,1002.621,0.001,340.032,0.271,6.4,32.17
1.785,0.535,2812.86,626.663,0.283,0.003,62.307,45.281,135.15,0.558,0.392,0.037,0.13,0.559,0.135,0.358,3.163e-4,0,0.013,0.707,0.694,2.591e-4,1002.553,0.001,340.03,0.272,6.4,32.17
1.792,0.501,2812.418,626.222,0.282,0.003,62.32,45.276,134.878,0.558,0.392,0.037,0.13,0.559,0.126,0.335,-1.946e-4,0,0.013,0.707,0.694,3.259e-4,1002.484,0.001,340.027,0.273,6.4,32.17
1.798,0.464,2811.974,625.778,0.282,0.003,62.336,45.271,134.606,0.558,0.392,0.037,0.13,0.559,0.117,0.31,-4.484e-4,0,0.013,0.707,0.694,3.939e-4,1002.415,0.001,340.025,0.273,6.4,32.17
1.805,0.415,2811.529,625.333,0.282,0.003,62.356,45.266,134.332,0.559,0.392,0.037,0.13,0.559,0.104,0.277,-1.657e-5,0,0.013,0.707,0.694,4.59e-4,1002.345,0.001,340.023,0.274,6.4,32.17
1.811,0.359,2811.082,624.886,0.282,0.003,62.379,45.261,134.057,0.559,0.392,0.037,0.13,0.559,0.09,0.241,3.64e-4,0,0.013,0.707,0.694,5.173e-4,1002.275,0.001,340.02,0.275,6.4,32.17
1.817,0.302,2810.633,624.437,0.282,0.003,62.402,45.255,133.782,0.559,0.392,0.037,0.13,0.559,0.076,0.202,2.121e-4,0,0.013,0.707,0.695,5.651e-4,1002.205,0.001,340.018,0.275,6.4,32.17
1.824,0.243,2810.182,623.986,0.282,0.003,62.427,45.25,133.504,0.559,0.392,0.037,0.13,0.559,0.061,0.163,3.077e-4,0,0.013,0.708,0.695,5.97e-4,1002.134,0.001,340.016,0.276,6.4,32.17
1.83,0.184,2809.729,623.533,0.282,0.003,62.452,45.245,133.226,0.559,0.392,0.037,0.13,0.559,0.046,0.122,1.141e-4,0,0.013,0.708,0.695,6.033e-4,1002.063,0.001,340.013,0.276,6.4,32.17
1.837,0.125,2809.275,623.079,0.282,0.003,62.478,45.239,132.947,0.559,0.392,0.037,0.13,0.559,0.031,0.084,-3.008e-4,0,0.013,0.708,0.695,5.561e-4,1001.991,0.001,340.011,0.277,6.4,32.17
1.844,0.071,2808.818,622.622,0.282,0.003,62.504,45.234,132.666,0.559,0.392,0.038,0.13,0.559,0.018,0.048,4.872e-4,0,0.012,0.708,0.695,3.354e-4,1001.918,0.001,340.008,0.278,6.4,32.17
1.85,0.048,2808.359,622.163,0.282,0.003,62.508,45.229,132.384,0.56,0.392,0.038,0.13,0.56,0.012,0.032,4.243e-4,0,0.012,0.708,0.695,-4.985e-5,1001.845,0.001,340.006,0.278,6.4,32.17
1.857,0.079,2807.899,621.703,0.282,0.003,62.49,45.223,132.101,0.56,0.392,0.038,0.13,0.56,0.02,0.054,3.874e-4,0,0.012,0.708,0.696,-4.301e-4,1001.772,0.001,340.003,0.279,6.4,32.17
1.863,0.123,2807.437,621.241,0.282,0.003,62.474,45.218,131.817,0.56,0.392,0.038,0.13,0.56,0.031,0.083,-7.781e-5,0,0.012,0.708,0.696,-5.591e-4,1001.698,0.001,340.001,0.28,6.4,32.17
1.87,0.168,2806.973,620.777,0.282,0.003,62.457,45.212,131.532,0.56,0.392,0.038,0.13,0.56,0.042,0.114,-3.621e-4,0,0.012,0.708,0.696,-5.842e-4,1001.624,0.001,339.998,0.28,6.4,32.17
1.877,0.214,2806.508,620.312,0.282,0.003,62.441,45.207,131.247,0.56,0.392,0.038,0.13,0.56,0.053,0.145,-1.553e-4,0,0.012,0.708,0.696,-5.708e-4,1001.55,0.001,339.996,0.281,6.4,32.17
1.883,0.258,2806.042,619.846,0.282,0.003,62.425,45.201,130.96,0.56,0.392,0.038,0.13,0.56,0.065,0.175,2.635e-4,0,0.012,0.708,0.696,-5.374e-4,1001.475,0.001,339.993,0.282,6.4,32.17
1.89,0.301,2805.574,619.377,0.282,0.003,62.41,45.196,130.672,0.56,0.392,0.038,0.13,0.561,0.075,0.203,-1.089e-4,0,0.012,0.708,0.696,-4.917e-4,1001.399,0.001,339.991,0.282,6.4,32.17
1.897,0.341,2805.104,618.907,0.282,0.003,62.395,45.19,130.383,0.561,0.392,0.038,0.13,0.561,0.085,0.23,3.518e-4,0,0.012,0.708,0.696,-4.377e-4,1001.324,0.001,339.988,0.283,6.4,32.17
1.904,0.379,2804.632,618.436,0.282,0.003,62.382,45.185,130.093,0.561,0.392,0.039,0.13,0.561,0.095,0.256,3.193e-4,0,0.012,0.708,0.696,-3.78e-4,1001.247,0.001,339.986,0.284,6.4,32.17
1.91,0.413,2804.158,617.962,0.282,0.003,62.37,45.179,129.802,0.561,0.392,0.039,0.131,0.561,0.104,0.279,-1.612e-4,0,0.011,0.708,0.697,-3.147e-4,1001.17,0.001,339.983,0.284,6.4,32.17
1.917,0.444,2803.683,617.487,0.281,0.003,62.359,45.174,129.51,0.561,0.392,0.039,0.131,0.561,0.112,0.301,-3.674e-4,0,0.011,0.708,0.697,-2.516e-4,1001.093,0.001,339.981,0.285,6.4,32.17
1.924,0.471,2803.206,617.009,0.281,0.003,62.35,45.168,129.217,0.561,0.392,0.039,0.131,0.561,0.118,0.319,-2.788e-4,0,0.011,0.708,0.697,-1.911e-4,1001.015,0.001,339.978,0.286,6.4,32.17
1.931,0.493,2802.726,616.53,0.281,0.003,62.343,45.162,128.922,0.561,0.392,0.039,0.131,0.562,0.124,0.333,-5.832e-5,0,0.011,0.708,0.697,-1.359e-4,1000.937,0.001,339.975,0.286,6.4,32.17
1.938,0.511,2802.245,616.049,0.281,0.003,62.337,45.157,128.626,0.561,0.392,0.039,0.131,0.562,0.129,0.345,1.946e-4,0,0.011,0.708,0.697,-8.802e-5,1000.858,0.001,339.973,0.287,6.4,32.17
1.945,0.523,2801.761,615.565,0.281,0.003,62.334,45.151,128.329,0.562,0.392,0.039,0.131,0.562,0.132,0.353,-4.966e-4,0,0.011,0.708,0.697,-4.93e-5,1000.779,0.001,339.97,0.288,6.4,32.17
1.952,0.53,2801.276,615.08,0.281,0.003,62.332,45.145,128.031,0.562,0.392,0.039,0.131,0.562,0.133,0.358,2.165e-4,0,0.011,0.708,0.697,-2.103e-5,1000.699,0.001,339.967,0.288,6.4,32.17
1.959,0.532,2800.788,614.592,0.281,0.003,62.332,45.14,127.731,0.562,0.392,0.039,0.131,0.562,0.134,0.359,-6.543e-5,0,0.011,0.708,0.698,-4.299e-6,1000.619,0.001,339.965,0.289,6.4,32.17
1.966,0.527,2800.298,614.102,0.281,0.003,62.335,45.134,127.43,0.562,0.392,0.04,0.131,0.562,0.133,0.357,-3.915e-6,0,0.011,0.708,0.698,1.987e-7,1000.538,0.001,339.962,0.29,6.4,32.17
1.973,0.517,2799.806,613.61,0.281,0.003,62.34,45.128,127.127,0.562,0.392,0.04,0.131,0.563,0.13,0.35,-3.985e-4,0,0.011,0.708,0.698,8.685e-6,1000.456,0.001,339.959,0.29,6.4,32.17
1.98,0.502,2799.312,613.116,0.281,0.003,62.347,45.122,126.824,0.562,0.391,0.04,0.131,0.563,0.126,0.34,-9.054e-5,0,0.01,0.708,0.698,2.913e-5,1000.374,0.001,339.956,0.291,6.4,32.17
1.987,0.481,2798.815,612.619,0.281,0.003,62.356,45.116,126.518,0.562,0.391,0.04,0.131,0.563,0.121,0.326,-3.139e-4,0,0.01,0.708,0.698,6.037e-5,1000.292,0.001,339.954,0.292,6.4,32.17
1.994,0.454,2798.316,612.12,0.281,0.003,62.366,45.11,126.212,0.563,0.391,0.04,0.131,0.563,0.114,0.308,3.404e-4,0,0.01,0.709,0.698,1.007e-4,1000.209,0.001,339.951,0.292,6.4,32.17
2.002,0.424,2797.815,611.619,0.281,0.003,62.379,45.104,125.904,0.563,0.391,0.04,0.131,0.563,0.106,0.287,4.268e-4,0,0.01,0.709,0.698,1.472e-4,1000.125,0.001,339.948,0.293,6.4,32.17
2.009,0.39,2797.312,611.116,0.281,0.003,62.392,45.098,125.594,0.563,0.391,0.04,0.131,0.563,0.098,0.265,-5.259e-5,0,0.01,0.709,0.699,1.955e-4,1000.041,0.001,339.945,0.294,6.4,32.17
2.016,0.353,2796.807,610.61,0.281,0.003,62.407,45.092,125.284,0.563,0.391,0.04,0.131,0.563,0.089,0.24,3.602e-5,0,0.01,0.709,0.699,2.455e-4,999.956,0.001,339.942,0.294,6.4,32.17
2.023,0.313,2796.299,610.103,0.281,0.003,62.423,45.086,124.972,0.563,0.391,0.04,0.131,0.563,0.079,0.212,-1.442e-4,0,0.01,0.709,0.699,2.949e-4,999.87,0.001,339.94,0.295,6.4,32.17
2.031,0.271,2795.789,609.593,0.281,0.003,62.44,45.08,124.659,0.563,0.391,0.041,0.131,0.563,0.068,0.183,-2.072e-4,0,0.01,0.709,0.699,3.413e-4,999.784,0.001,339.937,0.296,6.4,32.17
2.038,0.226,2795.278,609.081,0.281,0.003,62.458,45.074,124.344,0.563,0.391,0.041,0.131,0.564,0.056,0.153,2.765e-4,0,0.01,0.709,0.699,3.827e-4,999.698,0.001,339.934,0.296,6.4,32.17
2.045,0.179,2794.764,608.567,0.28,0.003,62.476,45.068,124.028,0.564,0.391,0.041,0.131,0.564,0.045,0.121,-1.884e-4,0,0.01,0.709,0.699,4.173e-4,999.611,0.001,339.931,0.297,6.4,32.17
2.053,0.128,2794.247,608.051,0.28,0.003,62.496,45.062,123.711,0.564,0.391,0.041,0.132,0.564,0.032,0.087,4.987e-5,0,0.01,0.709,0.699,4.451e-4,999.523,0.001,339.928,0.298,6.4,32.17
2.06,0.072,2793.729,607.532,0.28,0.003,62.518,45.056,123.392,0.564,0.391,0.041,0.132,0.564,0.018,0.048,-1.287e-5,0,0.009,0.709,0.699,4.607e-4,999.435,0.001,339.925,0.298,6.4,32.17
2.068,0.017,2793.207,607.011,0.28,0.003,62.534,45.05,123.072,0.564,0.391,0.041,0.132,0.564,0.004,0.011,-3.844e-4,0,0.009,0.709,0.7,3.519e-4,999.346,0.001,339.922,0.299,6.4,32.17
2.075,0.043,2792.683,606.486,0.28,0.003,62.533,45.044,122.749,0.564,0.391,0.041,0.132,0.564,0.011,0.03,-3.859e-4,0,0.009,0.709,0.7,-4.506e-4,999.257,0.001,339.919,0.3,6.4,32.17
2.083,0.098,2792.155,605.959,0.28,0.003,62.51,45.037,122.425,0.564,0.391,0.041,0.132,0.564,0.024,0.067,-9.164e-5,0,0.009,0.709,0.7,-4.48e-4,999.166,0.001,339.916,0.3,6.4,32.17
2.09,0.152,2791.625,605.429,0.28,0.003,62.488,45.031,122.099,0.565,0.391,0.041,0.132,0.565,0.038,0.104,1.834e-4,0,0.009,0.709,0.7,-4.191e-4,999.075,0.001,339.913,0.301,6.4,32.17
2.098,0.204,2791.093,604.896,0.28,0.003,62.467,45.025,121.772,0.565,0.391,0.042,0.132,0.565,0.051,0.139,-3.205e-4,0,0.009,0.709,0.7,-3.782e-4,998.984,0.001,339.91,0.302,6.4,32.17
2.106,0.253,2790.557,604.361,0.28,0.003,62.447,45.018,121.443,0.565,0.391,0.042,0.132,0.565,0.063,0.173,-1.456e-4,0,0.009,0.709,0.7,-3.288e-4,998.891,0.001,339.907,0.302,6.4,32.17
2.114,0.3,2790.018,603.822,0.28,0.003,62.429,45.012,121.112,0.565,0.391,0.042,0.132,0.565,0.075,0.205,-2.562e-4,0,0.009,0.709,0.7,-2.735e-4,998.798,0.001,339.904,0.303,6.4,32.17
2.121,0.342,2789.477,603.281,0.28,0.003,62.412,45.005,120.779,0.565,0.391,0.042,0.132,0.565,0.086,0.233,1.018e-4,0,0.009,0.709,0.701,-2.154e-4,998.704,0.001,339.9,0.304,6.4,32.17
2.129,0.378,2788.932,602.736,0.28,0.003,62.398,44.999,120.444,0.565,0.391,0.042,0.132,0.566,0.095,0.258,-3.469e-4,0,0.009,0.709,0.701,-1.582e-4,998.61,0.001,339.897,0.304,6.4,32.17
2.137,0.408,2788.385,602.188,0.28,0.003,62.386,44.992,120.108,0.566,0.391,0.042,0.132,0.566,0.103,0.279,3.974e-5,0,0.009,0.709,0.701,-1.055e-4,998.515,0.001,339.894,0.305,6.4,32.17
2.145,0.431,2787.834,601.638,0.28,0.003,62.377,44.986,119.769,0.566,0.391,0.042,0.132,0.566,0.108,0.295,2.943e-4,0,0.008,0.709,0.701,-6.066e-5,998.419,0.001,339.891,0.306,6.4,32.17
2.153,0.449,2787.281,601.084,0.28,0.003,62.37,44.979,119.429,0.566,0.391,0.043,0.132,0.566,0.113,0.307,-7.957e-5,0,0.008,0.709,0.701,-2.671e-5,998.322,0.001,339.888,0.306,6.4,32.17
2.161,0.461,2786.724,600.528,0.28,0.003,62.365,44.973,119.087,0.566,0.391,0.043,0.132,0.566,0.116,0.316,-8.539e-5,0,0.008,0.709,0.701,-5.925e-6,998.225,0.001,339.884,0.307,6.4,32.17
2.169,0.465,2786.164,599.968,0.279,0.003,62.364,44.966,118.743,0.566,0.391,0.043,0.132,0.567,0.117,0.318,3.094e-4,0,0.008,0.71,0.701,1.386e-7,998.126,0.001,339.881,0.308,6.4,32.17
2.177,0.461,2785.6,599.404,0.279,0.003,62.365,44.959,118.397,0.566,0.391,0.043,0.132,0.567,0.116,0.315,7.164e-5,0,0.008,0.71,0.701,1.025e-5,998.027,0.001,339.878,0.308,6.4,32.17
2.185,0.448,2785.034,598.838,0.279,0.003,62.37,44.953,118.048,0.567,0.391,0.043,0.132,0.567,0.113,0.307,4.363e-4,0,0.008,0.71,0.702,3.611e-5,997.927,0.001,339.874,0.309,6.4,32.17
2.193,0.428,2784.464,598.268,0.279,0.003,62.378,44.946,117.698,0.567,0.391,0.043,0.132,0.567,0.108,0.294,9.462e-6,0,0.008,0.71,0.702,7.638e-5,997.827,0.001,339.871,0.31,6.4,32.17
2.202,0.399,2783.891,597.695,0.279,0.003,62.39,44.939,117.346,0.567,0.391,0.043,0.133,0.567,0.1,0.273,2.211e-4,0,0.008,0.71,0.702,1.284e-4,997.725,0.001,339.867,0.311,6.4,32.17
2.21,0.359,2783.314,597.118,0.279,0.003,62.406,44.932,116.992,0.567,0.391,0.043,0.133,0.567,0.09,0.246,-3.94e-5,0,0.008,0.71,0.702,1.874e-4,997.623,0.001,339.864,0.311,6.4,32.17
2.218,0.313,2782.735,596.539,0.279,0.003,62.426,44.925,116.635,0.567,0.391,0.044,0.133,0.567,0.078,0.214,4.767e-4,0,0.008,0.71,0.702,2.492e-4,997.52,0.001,339.861,0.312,6.4,32.17
2.227,0.261,2782.152,595.956,0.279,0.003,62.447,44.918,116.277,0.567,0.391,0.044,0.133,0.568,0.065,0.179,-1.263e-4,0,0.008,0.71,0.702,3.089e-4,997.416,0.001,339.857,0.313,6.4,32.17
2.235,0.204,2781.566,595.37,0.279,0.003,62.471,44.911,115.917,0.568,0.391,0.044,0.133,0.568,0.051,0.14,-2.132e-4,0,0.008,0.71,0.702,3.615e-4,997.312,0.001,339.854,0.313,6.4,32.17
2.243,0.144,2780.977,594.781,0.279,0.003,62.496,44.904,115.555,0.568,0.391,0.044,0.133,0.568,0.036,0.098,6.712e-5,0,0.008,0.71,0.702,4.01e-4,997.206,0.001,339.85,0.314,6.4,32.17
2.252,0.078,2780.384,594.188,0.279,0.003,62.524,44.897,115.191,0.568,0.391,0.044,0.133,0.568,0.02,0.053,-4.4e-4,0,0.007,0.71,0.703,4.164e-4,997.1,0.001,339.846,0.315,6.4,32.17
2.26,0.002,2779.789,593.593,0.279,0.003,62.563,44.89,114.825,0.568,0.391,0.044,0.133,0.568,5.913e-4,0.002,3.079e-4,0,0.007,0.71,0.703,8.725e-5,996.993,0.001,339.843,0.315,6.4,32.17
2.269,0.073,2779.191,592.995,0.279,0.003,62.529,44.883,114.457,0.568,0.391,0.044,0.133,0.568,0.018,0.051,-2.407e-4,0,0.007,0.71,0.703,-3.966e-4,996.885,0.001,339.839,0.316,6.4,32.17
2.278,0.145,2778.59,592.394,0.279,0.003,62.503,44.875,114.088,0.568,0.391,0.045,0.133,0.569,0.036,0.1,-1.829e-4,0,0.007,0.71,0.703,-3.528e-4,996.777,0.001,339.836,0.317,6.4,32.17
2.286,0.21,2777.987,591.791,0.279,0.003,62.478,44.868,113.717,0.569,0.391,0.045,0.133,0.569,0.053,0.145,-1.927e-4,0,0.007,0.71,0.703,-2.96e-4,996.668,0.001,339.832,0.317,6.4,32.17
2.295,0.27,2777.38,591.184,0.278,0.003,62.457,44.861,113.345,0.569,0.391,0.045,0.133,0.569,0.068,0.186,-2.996e-4,0,0.007,0.71,0.703,-2.307e-4,996.558,0.001,339.828,0.318,6.4,32.17
2.304,0.32,2776.771,590.575,0.278,0.003,62.439,44.854,112.97,0.569,0.391,0.045,0.133,0.569,0.08,0.221,1.679e-4,0,0.007,0.71,0.703,-1.647e-4,996.447,0.001,339.825,0.319,6.4,32.17
2.313,0.359,2776.158,589.962,0.278,0.003,62.425,44.846,112.593,0.569,0.391,0.045,0.133,0.569,0.09,0.248,3.05e-4,0,0.007,0.71,0.703,-1.044e-4,996.336,0.001,339.821,0.319,6.4,32.17
2.321,0.389,2775.541,589.345,0.278,0.003,62.414,44.839,112.214,0.569,0.391,0.045,0.133,0.57,0.098,0.269,1.029e-4,0,0.007,0.71,0.703,-5.37e-5,996.223,0.001,339.817,0.32,6.4,32.17
2.33,0.409,2774.921,588.725,0.278,0.003,62.408,44.831,111.833,0.57,0.391,0.045,0.133,0.57,0.103,0.283,1.463e-6,0,0.007,0.71,0.704,-1.793e-5,996.11,0.001,339.813,0.321,6.4,32.17
2.339,0.417,2774.296,588.1,0.278,0.003,62.406,44.824,111.449,0.57,0.391,0.046,0.133,0.57,0.105,0.288,1.049e-4,0,0.007,0.71,0.704,-1.03e-6,995.995,0.001,339.809,0.321,6.4,32.17
2.348,0.414,2773.668,587.472,0.278,0.003,62.408,44.816,111.063,0.57,0.391,0.046,0.133,0.57,0.104,0.286,-1.075e-4,0,0.007,0.711,0.704,5.072e-6,995.88,0.001,339.806,0.322,6.4,32.17
2.358,0.398,2772.998,586.801,0.278,0.003,62.415,44.808,110.651,0.57,0.391,0.046,0.134,0.57,0.1,0.275,-4.941e-4,0,0.007,0.711,0.704,3.327e-5,995.756,0.001,339.801,0.323,6.4,32.17
2.367,0.372,2772.521,586.325,0.278,0.003,62.425,44.802,110.326,0.57,0.391,0.046,0.134,0.571,0.093,0.257,-5.366e-5,0,0.007,0.711,0.704,8.065e-5,995.639,0.001,339.797,0.324,6.4,32.17
2.376,0.333,2772.042,585.846,0.278,0.003,62.44,44.797,109.999,0.57,0.391,0.046,0.134,0.571,0.084,0.231,-2.384e-4,0,0.006,0.711,0.704,1.437e-4,995.521,0.001,339.793,0.324,6.4,32.17
2.386,0.285,2771.56,585.364,0.278,0.003,62.459,44.791,109.671,0.571,0.391,0.046,0.134,0.571,0.071,0.197,5.7e-5,0,0.006,0.711,0.704,2.163e-4,995.401,0.001,339.789,0.325,6.4,32.17
2.395,0.227,2771.075,584.879,0.278,0.003,62.481,44.785,109.34,0.571,0.391,0.046,0.134,0.571,0.057,0.157,-8.869e-5,0,0.006,0.711,0.704,2.912e-4,995.281,0.001,339.785,0.326,6.4,32.17
2.404,0.163,2770.587,584.391,0.278,0.003,62.506,44.779,109.007,0.571,0.391,0.047,0.134,0.571,0.041,0.112,-4.706e-4,0,0.006,0.711,0.705,3.518e-4,995.16,0.001,339.781,0.326,6.4,32.17
2.414,0.095,2770.095,583.899,0.278,0.003,62.533,44.773,108.671,0.571,0.391,0.047,0.134,0.571,0.024,0.065,-2.857e-4,0,0.006,0.711,0.705,3.865e-4,995.037,0.001,339.777,0.327,6.4,32.17
2.423,0.025,2769.6,583.403,0.278,0.003,62.563,44.767,108.333,0.571,0.391,0.047,0.134,0.571,0.006,0.017,4.906e-4,0,0.006,0.711,0.705,3.645e-4,994.913,0.001,339.773,0.328,6.4,32.17
2.433,0.048,2769.1,582.904,0.277,0.003,62.548,44.761,107.992,0.572,0.391,0.047,0.134,0.572,0.012,0.034,-3.91e-5,0,0.006,0.711,0.705,-3.981e-4,994.788,0.001,339.769,0.328,6.4,32.17
2.443,0.117,2768.596,582.4,0.277,0.003,62.521,44.755,107.649,0.572,0.391,0.047,0.134,0.572,0.029,0.081,-2.727e-4,0,0.006,0.711,0.705,-3.795e-4,994.662,0.001,339.765,0.329,6.4,32.17
2.452,0.183,2768.089,581.893,0.277,0.003,62.495,44.749,107.303,0.572,0.391,0.047,0.134,0.572,0.046,0.128,4.606e-4,0,0.006,0.711,0.705,-3.354e-4,994.534,0.001,339.76,0.33,6.4,32.17
2.462,0.243,2767.578,581.381,0.277,0.003,62.472,44.743,106.954,0.572,0.391,0.047,0.134,0.572,0.061,0.169,4.483e-4,0,0.006,0.711,0.705,-2.759e-4,994.406,0.001,339.756,0.33,6.4,32.17
2.472,0.296,2767.062,580.866,0.277,0.003,62.451,44.737,106.603,0.572,0.391,0.047,0.134,0.572,0.074,0.205,2.046e-4,0,0.006,0.711,0.705,-2.086e-4,994.276,0.001,339.752,0.331,6.4,32.17
2.482,0.34,2766.544,580.347,0.277,0.003,62.434,44.73,106.249,0.572,0.39,0.048,0.134,0.573,0.085,0.236,4.732e-4,0,0.006,0.711,0.705,-1.409e-4,994.144,0.001,339.747,0.332,6.4,32.17
2.492,0.373,2766.021,579.825,0.277,0.003,62.421,44.724,105.892,0.573,0.39,0.048,0.134,0.573,0.094,0.26,2.055e-4,0,0.006,0.711,0.706,-8.027e-5,994.012,0.001,339.743,0.333,6.4,32.17
2.502,0.396,2765.494,579.298,0.277,0.003,62.412,44.718,105.533,0.573,0.39,0.048,0.134,0.573,0.1,0.275,3.469e-4,0,0.006,0.711,0.706,-3.377e-5,993.878,0.001,339.738,0.333,6.4,32.17
2.512,0.409,2764.964,578.767,0.277,0.003,62.408,44.711,105.171,0.573,0.39,0.048,0.134,0.573,0.103,0.285,-4.884e-4,0,0.006,0.711,0.706,-6.406e-6,993.743,0.001,339.734,0.334,6.4,32.17
2.523,0.41,2764.429,578.233,0.277,0.003,62.408,44.705,104.807,0.573,0.39,0.048,0.135,0.573,0.103,0.285,-1.203e-4,0,0.005,0.711,0.706,6.965e-7,993.607,0.001,339.729,0.335,6.4,32.17
2.533,0.397,2763.891,577.695,0.277,0.003,62.414,44.698,104.44,0.573,0.39,0.048,0.135,0.574,0.1,0.277,-1.024e-4,0,0.005,0.711,0.706,1.749e-5,993.47,0.001,339.725,0.335,6.4,32.17
2.543,0.372,2763.35,577.154,0.277,0.003,62.425,44.692,104.07,0.574,0.39,0.048,0.135,0.574,0.094,0.259,-3.865e-4,0,0.005,0.712,0.706,5.487e-5,993.331,0.001,339.72,0.336,6.4,32.17
2.554,0.334,2762.804,576.608,0.277,0.003,62.44,44.685,103.698,0.574,0.39,0.049,0.135,0.574,0.084,0.233,-2.687e-4,0,0.005,0.712,0.706,1.082e-4,993.191,0.001,339.715,0.337,6.4,32.17
2.564,0.283,2762.254,576.058,0.277,0.003,62.462,44.678,103.323,0.574,0.39,0.049,0.135,0.574,0.071,0.198,-2.868e-4,0,0.005,0.712,0.706,1.698e-4,993.05,0.001,339.71,0.337,6.4,32.17
2.575,0.223,2761.7,575.504,0.277,0.003,62.487,44.672,102.945,0.574,0.39,0.049,0.135,0.574,0.056,0.155,-4.849e-4,0,0.005,0.712,0.707,2.304e-4,992.907,0.001,339.706,0.338,6.4,32.17
2.586,0.156,2761.142,574.946,0.277,0.003,62.514,44.665,102.564,0.574,0.39,0.049,0.135,0.574,0.039,0.108,-2.156e-4,0,0.005,0.712,0.707,2.8e-4,992.763,0.001,339.701,0.339,6.4,32.17
2.597,0.084,2760.579,574.383,0.277,0.003,62.543,44.658,102.18,0.575,0.39,0.049,0.135,0.575,0.021,0.059,-3.954e-4,0,0.005,0.712,0.707,3.032e-4,992.617,0.001,339.696,0.34,6.4,32.17
2.607,0.021,2760.011,573.815,0.276,0.003,62.567,44.651,101.793,0.575,0.39,0.049,0.135,0.575,0.005,0.015,1.168e-4,0,0.005,0.712,0.707,6.473e-5,992.47,0.001,339.691,0.34,6.4,32.17
2.618,0.065,2759.44,573.243,0.276,0.003,62.56,44.644,101.403,0.575,0.39,0.05,0.135,0.575,0.016,0.046,-3.982e-4,0,0.005,0.712,0.707,-2.972e-4,992.321,0.001,339.686,0.341,6.4,32.17
2.63,0.133,2758.863,572.667,0.276,0.003,62.533,44.637,101.01,0.575,0.39,0.05,0.135,0.575,0.033,0.094,-1.467e-4,0,0.005,0.712,0.707,-2.844e-4,992.171,0.001,339.681,0.342,6.4,32.17
2.641,0.196,2758.282,572.086,0.276,0.003,62.51,44.63,100.614,0.575,0.39,0.05,0.135,0.575,0.049,0.138,-7.497e-5,0,0.005,0.712,0.707,-2.375e-4,992.02,0.001,339.676,0.342,6.4,32.17
2.652,0.25,2757.697,571.501,0.276,0.003,62.49,44.623,100.214,0.575,0.39,0.05,0.135,0.576,0.063,0.175,-4.155e-4,0,0.005,0.712,0.707,-1.785e-4,991.867,0.001,339.671,0.343,6.4,32.17
2.663,0.29,2757.107,570.91,0.276,0.003,62.475,44.616,99.812,0.576,0.39,0.05,0.135,0.576,0.073,0.203,5.375e-5,0,0.005,0.712,0.707,-1.21e-4,991.712,0.001,339.666,0.344,6.4,32.17
2.675,0.319,2756.512,570.316,0.276,0.003,62.465,44.609,99.406,0.576,0.39,0.05,0.135,0.576,0.08,0.224,-1.298e-4,0,0.005,0.712,0.707,-6.895e-5,991.556,0.001,339.66,0.345,6.4,32.17
2.686,0.337,2755.913,569.717,0.276,0.003,62.459,44.601,98.998,0.576,0.39,0.05,0.135,0.576,0.085,0.236,-5.008e-5,0,0.005,0.712,0.708,-2.89e-5,991.399,0.001,339.655,0.345,6.4,32.17
2.698,0.343,2755.31,569.114,0.276,0.003,62.458,44.594,98.586,0.576,0.39,0.051,0.136,0.576,0.086,0.241,1.847e-4,0,0.005,0.712,0.708,-5.456e-6,991.24,0.001,339.65,0.346,6.4,32.17
2.709,0.337,2754.702,568.505,0.276,0.003,62.461,44.586,98.171,0.576,0.39,0.051,0.136,0.577,0.085,0.237,1.548e-4,0,0.004,0.712,0.708,3.459e-7,991.079,0.001,339.644,0.347,6.4,32.17
2.721,0.321,2754.089,567.892,0.276,0.003,62.468,44.579,97.753,0.577,0.39,0.051,0.136,0.577,0.081,0.225,-2.099e-4,0,0.004,0.712,0.708,1.129e-5,990.917,0.001,339.639,0.347,6.4,32.17
2.733,0.296,2753.471,567.275,0.276,0.003,62.478,44.571,97.332,0.577,0.39,0.051,0.136,0.577,0.074,0.209,6.136e-5,0,0.004,0.712,0.708,3.491e-5,990.753,0.001,339.633,0.348,6.4,32.17
2.745,0.264,2752.848,566.652,0.276,0.003,62.491,44.564,96.907,0.577,0.39,0.051,0.136,0.577,0.066,0.186,3.352e-5,0,0.004,0.712,0.708,6.609e-5,990.588,0.001,339.628,0.349,6.4,32.17
2.757,0.216,2752.22,566.024,0.276,0.003,62.511,44.556,96.478,0.577,0.39,0.051,0.136,0.577,0.054,0.151,-1.37e-4,0,0.004,0.713,0.708,1.083e-4,990.421,0.001,339.622,0.349,6.4,32.17
2.769,0.149,2751.584,565.387,0.275,0.003,62.538,44.548,96.044,0.577,0.39,0.051,0.136,0.577,0.037,0.104,-4.286e-4,0,0.004,0.713,0.708,1.506e-4,990.251,0.001,339.616,0.35,6.4,32.17
2.782,0.075,2750.938,564.742,0.275,0.003,62.568,44.54,95.604,0.578,0.39,0.052,0.136,0.578,0.019,0.053,-3.225e-4,0,0.004,0.713,0.709,1.564e-4,990.078,0.001,339.611,0.351,6.4,32.17
2.794,0.031,2750.285,564.088,0.275,0.003,62.573,44.532,95.158,0.578,0.39,0.052,0.136,0.578,0.008,0.022,1.887e-5,0,0.004,0.713,0.709,-4.99e-5,989.903,0.001,339.605,0.352,6.4,32.17
2.807,0.089,2749.622,563.426,0.275,0.003,62.554,44.524,94.707,0.578,0.39,0.052,0.136,0.578,0.022,0.063,3.469e-4,0,0.004,0.713,0.709,-1.69e-4,989.726,0.001,339.599,0.352,6.4,32.17
2.82,0.14,2748.955,562.758,0.275,0.003,62.534,44.516,94.251,0.578,0.39,0.052,0.136,0.578,0.035,0.099,-4.751e-4,0,0.004,0.713,0.709,-1.365e-4,989.546,0.001,339.593,0.353,6.4,32.17
2.833,0.18,2748.282,562.086,0.275,0.003,62.518,44.508,93.792,0.578,0.39,0.052,0.136,0.579,0.045,0.127,4.135e-4,0,0.004,0.713,0.709,-9.53e-5,989.365,0.001,339.587,0.354,6.4,32.17
2.846,0.207,2747.604,561.408,0.275,0.003,62.508,44.5,93.33,0.579,0.39,0.052,0.136,0.579,0.052,0.145,-2.262e-4,0,0.004,0.713,0.709,-5.608e-5,989.182,0.001,339.581,0.354,6.4,32.17
2.859,0.229,2746.921,560.724,0.275,0.003,62.5,44.491,92.864,0.579,0.39,0.053,0.136,0.579,0.058,0.162,-2.287e-4,0,0.004,0.713,0.709,-2.679e-5,988.997,0.001,339.574,0.355,6.4,32.17
2.872,0.243,2746.229,560.032,0.275,0.003,62.495,44.483,92.392,0.579,0.39,0.053,0.136,0.579,0.061,0.171,-8.809e-5,0,0.004,0.713,0.709,-6.967e-6,988.81,0.001,339.568,0.356,6.4,32.17
2.886,0.243,2745.527,559.331,0.275,0.003,62.495,44.474,91.913,0.579,0.39,0.053,0.137,0.579,0.061,0.171,4.93e-4,0,0.004,0.713,0.709,0,988.619,0.001,339.562,0.357,6.4,32.17
2.899,0.228,2744.818,558.621,0.275,0.003,62.502,44.465,91.429,0.58,0.39,0.053,0.137,0.58,0.057,0.161,-9.97e-5,0,0.004,0.713,0.71,6.365e-6,988.426,0.001,339.555,0.357,6.4,32.17
2.913,0.195,2744.099,557.902,0.275,0.003,62.515,44.457,90.939,0.58,0.39,0.053,0.137,0.58,0.049,0.138,3.336e-4,0,0.004,0.713,0.71,2.015e-5,988.23,0.001,339.549,0.358,6.4,32.17
2.927,0.155,2743.372,557.175,0.274,0.003,62.532,44.448,90.443,0.58,0.39,0.053,0.137,0.58,0.039,0.11,-2.067e-4,0,0.003,0.713,0.71,2.953e-5,988.032,0.001,339.542,0.359,6.4,32.17
2.941,0.118,2742.636,556.44,0.274,0.003,62.549,44.439,89.941,0.58,0.39,0.054,0.137,0.58,0.03,0.084,4.089e-4,0,0.003,0.713,0.71,1.954e-5,987.83,0.001,339.535,0.359,6.4,32.17
2.956,0.098,2741.891,555.695,0.274,0.003,62.562,44.429,89.433,0.58,0.39,0.054,0.137,0.58,0.025,0.07,4.428e-4,0,0.003,0.713,0.71,8.218e-7,987.626,0.001,339.528,0.36,6.4,32.17
2.97,0.099,2741.137,554.94,0.274,0.003,62.567,44.42,88.918,0.581,0.39,0.054,0.137,0.581,0.025,0.071,-4.499e-4,0,0.003,0.713,0.71,-1.014e-5,987.419,0.001,339.521,0.361,6.4,32.17
2.985,0.12,2740.37,554.174,0.274,0.003,62.561,44.411,88.395,0.581,0.39,0.054,0.137,0.581,0.03,0.086,1.28e-4,0,0.003,0.713,0.71,-3.08e-5,987.208,0.001,339.514,0.362,6.4,32.17
3,0.15,2739.592,553.395,0.274,0.003,62.55,44.401,87.865,0.581,0.39,0.054,0.137,0.581,0.038,0.106,-1.654e-4,0,0.003,0.714,0.71,-3.267e-5,986.993,0.001,339.507,0.362,6.4,32.17
3.015,0.192,2738.802,552.605,0.274,0.003,62.534,44.391,87.326,0.581,0.39,0.055,0.137,0.581,0.048,0.137,-3.883e-4,0,0.003,0.714,0.71,-1.214e-5,986.775,0.001,339.5,0.363,6.4,32.17
3.03,0.213,2738.005,551.809,0.274,0.003,62.527,44.381,86.782,0.582,0.39,0.055,0.137,0.582,0.053,0.151,-2.082e-4,0,0.003,0.714,0.711,-1.947e-7,986.554,0.001,339.492,0.364,6.4,32.17
3.046,0.21,2737.2,551.004,0.274,0.003,62.529,44.372,86.233,0.582,0.39,0.055,0.137,0.582,0.053,0.15,1.216e-4,0,0.003,0.714,0.711,8.388e-6,986.331,0.001,339.485,0.365,6.4,32.17
3.061,0.181,2736.385,550.189,0.274,0.003,62.541,44.361,85.677,0.582,0.39,0.055,0.137,0.582,0.046,0.129,-2.147e-4,0,0.003,0.714,0.711,2.676e-5,986.105,0.001,339.477,0.365,6.4,32.17
3.077,0.142,2735.555,549.359,0.274,0.003,62.557,44.351,85.111,0.582,0.39,0.055,0.137,0.582,0.036,0.102,-2.424e-4,0,0.003,0.714,0.711,3.694e-5,985.873,0.001,339.469,0.366,6.4,32.17
3.094,0.105,2734.709,548.513,0.273,0.003,62.571,44.341,84.534,0.582,0.39,0.055,0.137,0.582,0.026,0.076,7.058e-5,0,0.003,0.714,0.711,2.185e-5,985.637,0.001,339.462,0.367,6.4,32.17
3.11,0.08,2733.847,547.651,0.273,0.003,62.576,44.33,83.946,0.583,0.39,0.056,0.138,0.583,0.02,0.057,-1.75e-4,0,0.003,0.714,0.711,-7.138e-7,985.396,0.001,339.453,0.367,6.4,32.17
3.127,0.099,2732.972,546.775,0.273,0.003,62.563,44.319,83.349,0.583,0.389,0.056,0.138,0.583,0.025,0.071,2.876e-5,0,0.003,0.714,0.711,-5.413e-5,985.151,0.001,339.445,0.368,6.4,32.17
3.144,0.151,2732.084,545.888,0.273,0.003,62.544,44.308,82.744,0.583,0.389,0.056,0.138,0.583,0.038,0.108,-4.061e-4,0,0.003,0.714,0.711,-6.326e-5,984.902,0.001,339.437,0.369,6.4,32.17
3.161,0.197,2731.182,544.986,0.273,0.003,62.527,44.297,82.129,0.583,0.389,0.056,0.138,0.583,0.049,0.14,7.564e-5,0,0.003,0.714,0.711,-3.254e-5,984.648,0.001,339.428,0.37,6.4,32.17
3.179,0.218,2730.262,544.066,0.273,0.003,62.519,44.286,81.501,0.584,0.389,0.056,0.138,0.584,0.055,0.156,-1.676e-5,0,0.003,0.714,0.712,-6.2e-6,984.389,0.001,339.42,0.37,6.4,32.17
3.197,0.215,2729.322,543.126,0.273,0.003,62.521,44.274,80.859,0.584,0.389,0.056,0.138,0.584,0.054,0.154,-2.53e-4,0,0.002,0.714,0.712,8.816e-7,984.124,0.001,339.411,0.371,6.4,32.17
3.216,0.203,2728.361,542.165,0.273,0.003,62.526,44.262,80.204,0.584,0.389,0.057,0.138,0.584,0.051,0.145,-3.284e-4,0,0.002,0.714,0.712,1.643e-5,983.852,0.001,339.402,0.372,6.4,32.17
3.234,0.172,2727.385,541.189,0.273,0.003,62.539,44.25,79.538,0.584,0.389,0.057,0.138,0.584,0.043,0.124,4.593e-4,0,0.002,0.714,0.712,4.781e-5,983.575,0.001,339.392,0.372,6.4,32.17
3.253,0.119,2726.392,540.196,0.272,0.003,62.561,44.237,78.861,0.584,0.389,0.057,0.138,0.584,0.03,0.085,1.336e-4,0,0.002,0.714,0.712,7.995e-5,983.293,0.001,339.383,0.373,6.4,32.17
3.273,0.053,2725.379,539.183,0.272,0.003,62.589,44.225,78.17,0.585,0.389,0.057,0.138,0.585,0.013,0.038,4.468e-4,0,0.002,0.714,0.712,3.122e-5,983.005,0.001,339.373,0.374,6.4,32.17
3.293,0.074,2724.34,538.143,0.272,0.003,62.593,44.212,77.461,0.585,0.389,0.057,0.138,0.585,0.019,0.053,1.02e-4,0,0.002,0.715,0.712,-7.196e-5,982.709,0.001,339.363,0.375,6.4,32.17
3.313,0.147,2723.274,537.078,0.272,0.003,62.564,44.199,76.734,0.585,0.389,0.058,0.138,0.585,0.037,0.106,3.733e-4,0,0.002,0.715,0.712,-6.699e-5,982.405,0.001,339.353,0.375,6.4,32.17
3.321,0.171,2722.871,536.674,0.272,0.003,62.555,44.193,76.459,0.585,0.389,0.058,0.138,0.585,0.043,0.123,-4.501e-5,0,0.002,0.715,0.712,-5.139e-5,982.289,0.001,339.349,0.376,6.4,32.17
3.333,0.199,2722.443,536.247,0.272,0.003,62.545,44.188,76.145,0.585,0.389,0.058,0.138,0.585,0.05,0.144,1.213e-4,0,0.002,0.715,0.713,-2.753e-5,982.116,0.001,339.343,0.376,6.4,32.17
3.35,0.221,2721.803,535.607,0.272,0.003,62.537,44.18,75.674,0.586,0.389,0.058,0.138,0.586,0.055,0.159,-4.693e-4,0,0.002,0.715,0.713,-3.421e-6,981.856,0.001,339.335,0.377,6.4,32.17
3.372,0.207,2720.993,534.797,0.272,0.003,62.543,44.17,75.079,0.586,0.389,0.058,0.139,0.586,0.052,0.15,2.55e-4,0,0.002,0.715,0.713,4.37e-6,981.527,0.001,339.323,0.377,6.4,32.17
3.395,0.164,2720.167,533.971,0.272,0.003,62.561,44.16,74.472,0.586,0.389,0.058,0.139,0.586,0.041,0.118,-1.342e-4,0,0.002,0.715,0.713,2.657e-5,981.19,0.001,339.312,0.378,6.4,32.17
3.418,0.115,2719.323,533.126,0.272,0.003,62.581,44.149,73.851,0.586,0.389,0.058,0.139,0.586,0.029,0.082,-3.391e-4,0,0.002,0.715,0.713,2.747e-5,980.845,0.001,339.301,0.379,6.4,32.17
3.441,0.099,2718.462,532.266,0.271,0.003,62.582,44.138,73.219,0.586,0.389,0.059,0.139,0.586,0.025,0.071,3.613e-4,0,0.002,0.715,0.713,1.77e-6,980.493,0.001,339.289,0.38,6.4,32.17
3.465,0.114,2717.584,531.388,0.271,0.003,62.572,44.127,72.573,0.587,0.389,0.059,0.139,0.587,0.029,0.082,-1.369e-4,0,0.002,0.715,0.713,-3.701e-6,980.133,0.001,339.277,0.38,6.4,32.17
3.489,0.133,2716.683,530.487,0.271,0.003,62.564,44.116,71.911,0.587,0.389,0.059,0.139,0.587,0.033,0.096,-1.268e-4,0,0.002,0.715,0.713,-5.701e-6,979.763,0.001,339.264,0.381,6.4,32.17
3.515,0.149,2715.756,529.56,0.271,0.003,62.558,44.104,71.23,0.587,0.389,0.059,0.139,0.587,0.037,0.108,-4.855e-4,0,0.002,0.715,0.713,-3.53e-6,979.382,0.001,339.251,0.382,6.4,32.17
3.541,0.159,2714.798,528.602,0.271,0.003,62.556,44.092,70.525,0.587,0.389,0.059,0.139,0.587,0.04,0.115,2.291e-4,0,0.002,0.715,0.714,-8.934e-8,978.987,0.001,339.238,0.383,6.4,32.17
3.568,0.137,2713.804,527.608,0.271,0.003,62.568,44.08,69.794,0.588,0.389,0.059,0.139,0.588,0.034,0.099,-4.357e-4,0,0.002,0.715,0.714,5.483e-9,978.576,0.001,339.224,0.383,6.4,32.17
3.596,0.143,2712.785,526.589,0.271,0.003,62.573,44.067,69.046,0.588,0.389,0.06,0.139,0.588,0.036,0.104,-3.287e-4,0,0.002,0.715,0.714,-2.669e-6,978.155,0.001,339.21,0.384,6.4,32.17
3.624,0.156,2711.739,525.543,0.271,0.003,62.57,44.054,68.277,0.588,0.389,0.06,0.139,0.588,0.039,0.113,-3.994e-4,0,0.001,0.715,0.714,-9.828e-8,977.721,0.001,339.196,0.385,6.4,32.17
3.654,0.145,2710.648,524.452,0.271,0.003,62.577,44.04,67.475,0.588,0.389,0.06,0.139,0.588,0.036,0.105,-2.756e-4,0,0.001,0.715,0.714,2.391e-6,977.268,0.001,339.18,0.385,6.4,32.17
3.685,0.118,2709.509,523.313,0.27,0.003,62.588,44.026,66.637,0.589,0.389,0.06,0.139,0.589,0.029,0.086,-1.307e-4,0,0.001,0.715,0.714,1.208e-6,976.794,0.001,339.165,0.386,6.4,32.17
3.717,0.121,2708.313,522.117,0.27,0.003,62.582,44.011,65.758,0.589,0.389,0.06,0.139,0.589,0.03,0.088,-9.942e-6,0,0.001,0.716,0.714,-1.373e-6,976.295,0.001,339.148,0.387,6.4,32.17
3.752,0.14,2707.056,520.859,0.27,0.003,62.572,43.995,64.834,0.589,0.389,0.061,0.14,0.589,0.035,0.102,4.684e-4,0,0.001,0.716,0.714,-3.613e-7,975.771,0.001,339.13,0.388,6.4,32.17
3.788,0.131,2705.732,519.535,0.27,0.003,62.573,43.978,63.861,0.589,0.389,0.061,0.14,0.589,0.033,0.095,3.664e-4,0,0.001,0.716,0.715,-6.885e-7,975.217,0.001,339.112,0.388,6.4,32.17
3.825,0.125,2704.354,518.157,0.27,0.003,62.576,43.961,62.848,0.589,0.389,0.061,0.14,0.59,0.031,0.091,2.186e-4,0,0.001,0.716,0.715,0,974.639,0.001,339.092,0.389,6.4,32.17
3.865,0.114,2702.877,516.681,0.27,0.003,62.585,43.942,61.762,0.59,0.389,0.061,0.14,0.59,0.029,0.083,1.938e-4,0,9.733e-4,0.716,0.715,-3.861e-7,974.019,0.001,339.071,0.39,6.4,32.17
3.909,0.117,2701.291,515.095,0.269,0.003,62.589,43.922,60.596,0.59,0.389,0.061,0.14,0.59,0.029,0.086,-2.911e-4,0,9.055e-4,0.716,0.715,5.923e-8,973.352,0.001,339.049,0.391,6.4,32.17
3.955,0.076,2699.592,513.395,0.269,0.003,62.611,43.9,59.347,0.59,0.389,0.061,0.14,0.59,0.019,0.056,-1.734e-4,0,8.409e-4,0.716,0.715,-4.25e-6,972.636,0.001,339.025,0.391,6.4,32.17
4.003,0.132,2697.807,511.611,0.269,0.003,62.585,43.878,58.036,0.59,0.389,0.062,0.14,0.59,0.033,0.097,1.897e-5,0,7.512e-4,0.716,0.715,-6.352e-6,971.883,0.001,339,0.392,6.4,32.17
4.052,0.133,2696.026,509.83,0.269,0.003,62.586,43.855,56.727,0.591,0.389,0.062,0.14,0.591,0.033,0.097,1.298e-4,0,6.671e-4,0.716,0.715,6.527e-6,971.13,0.001,338.974,0.393,6.4,32.17
4.095,0.095,2694.443,508.247,0.269,0.003,62.604,43.835,55.563,0.591,0.389,0.062,0.14,0.591,0.024,0.07,-3.838e-4,0,6.232e-4,0.716,0.715,5.368e-5,970.46,0.001,338.952,0.393,6.4,32.17
4.143,0.078,2693.197,507.001,0.268,0.003,62.608,43.819,54.476,0.591,0.389,0.062,0.14,0.591,0.019,0.057,4.027e-4,0,5.284e-4,0.716,0.716,-6.426e-5,969.706,0.001,338.926,0.394,6.4,32.17
4.192,0.177,2691.952,505.756,0.268,0.003,62.566,43.803,53.39,0.591,0.389,0.062,0.14,0.591,0.044,0.13,-7.039e-5,0,4.489e-4,0.716,0.716,-3.524e-6,968.954,0.001,338.901,0.394,6.4,32.17
4.24,0.147,2690.709,504.512,0.268,0.003,62.578,43.787,52.305,0.591,0.389,0.062,0.14,0.591,0.037,0.108,2.272e-4,0,4.094e-4,0.716,0.716,1.563e-5,968.201,0.001,338.876,0.395,6.4,32.17
4.288,0.038,2689.466,503.27,0.268,0.003,62.629,43.771,51.221,0.591,0.389,0.062,0.14,0.591,0.01,0.028,9.854e-5,0,3.164e-4,0.716,0.716,-7.975e-7,967.448,0.001,338.851,0.395,6.4,32.17
4.336,0.164,2688.224,502.028,0.268,0.003,62.573,43.755,50.137,0.591,0.389,0.062,0.14,0.591,0.041,0.121,-2.576e-4,0,2.351e-4,0.716,0.716,-1.201e-5,966.695,0.001,338.825,0.395,6.4,32.17
4.385,0.162,2686.984,500.787,0.268,0.003,62.579,43.739,49.054,0.591,0.389,0.062,0.14,0.591,0.041,0.119,3.98e-4,0,1.678e-4,0.716,0.716,2.543e-5,965.942,0.001,338.8,0.395,6.4,32.17
4.433,0.031,2685.743,499.547,0.267,0.003,62.624,43.723,47.972,0.591,0.389,0.063,0.14,0.591,0.008,0.022,-1.549e-4,0,1.288e-4,0.716,0.716,-4.146e-5,965.19,0.001,338.775,0.395,6.4,32.17
4.481,0.166,2684.503,498.307,0.267,0.003,62.574,43.707,46.89,0.592,0.389,0.063,0.14,0.592,0.042,0.122,-1.607e-4,0,5.608e-5,0.716,0.716,-1.573e-5,964.437,0.001,338.749,0.395,6.4,32.17
4.529,0.155,2683.263,497.067,0.267,0.003,62.572,43.692,45.808,0.592,0.389,0.063,0.14,0.592,0.039,0.115,-1.838e-4,0,1.247e-5,0.716,0.716,2.156e-5,963.684,0.001,338.724,0.395,6.4,32.17
4.577,0.022,2682.023,495.827,0.267,0.003,62.627,43.676,44.727,0.592,0.389,0.063,0.14,0.592,0.006,0.016,4.463e-4,0,-4.173e-5,0.716,0.716,-3.545e-5,962.932,0.001,338.699,0.395,6.4,32.17
4.625,0.188,2680.783,494.587,0.267,0.003,62.564,43.66,43.645,0.592,0.389,0.063,0.14,0.592,0.047,0.14,-1.282e-4,0,-9.943e-5,0.716,0.716,-2.05e-5,962.18,0.001,338.674,0.395,6.4,32.17
4.673,0.19,2679.543,493.347,0.267,0.003,62.57,43.644,42.563,0.591,0.389,0.062,0.14,0.592,0.048,0.141,-2.918e-4,0,-1.711e-4,0.716,0.716,2.107e-5,961.428,0.001,338.648,0.395,6.4,32.17
4.722,0.035,2678.303,492.107,0.267,0.003,62.62,43.628,41.481,0.591,0.389,0.062,0.14,0.591,0.009,0.025,1.419e-4,0,-2.556e-4,0.716,0.717,-1.184e-6,960.676,0.001,338.623,0.395,6.4,32.17
4.77,0.158,2677.062,490.866,0.266,0.003,62.577,43.612,40.398,0.591,0.389,0.062,0.14,0.591,0.04,0.118,-2.927e-4,0,-2.981e-4,0.716,0.717,-2.084e-5,959.924,0.001,338.598,0.395,6.4,32.17
4.818,0.147,2675.821,489.625,0.266,0.003,62.576,43.596,39.315,0.591,0.389,0.062,0.14,0.591,0.037,0.109,-4.269e-4,0,-3.431e-4,0.716,0.717,4.647e-6,959.173,0.001,338.573,0.395,6.4,32.17
4.866,0.043,2674.578,488.382,0.266,0.003,62.615,43.579,38.231,0.591,0.389,0.062,0.14,0.591,0.011,0.032,4.227e-4,0,-4.068e-4,0.716,0.717,3.586e-5,958.421,0.001,338.547,0.394,6.4,32.17
4.914,0.069,2673.335,487.139,0.266,0.003,62.61,43.563,37.147,0.591,0.389,0.062,0.14,0.591,0.017,0.052,2.581e-4,0,-4.664e-4,0.716,0.717,-1.532e-5,957.67,0.001,338.522,0.394,6.4,32.17
4.919,0.075,2673.215,487.019,0.266,0.003,62.608,43.562,37.042,0.591,0.389,0.062,0.14,0.591,0.019,0.056,-2.894e-4,0,-4.718e-4,0.716,0.717,-1.308e-5,957.598,0.001,338.52,0.394,6.4,32.17
4.926,0.082,2673.102,486.906,0.266,0.003,62.605,43.56,36.935,0.591,0.389,0.062,0.14,0.591,0.02,0.061,-3.092e-4,0,-4.797e-4,0.716,0.717,-9.678e-6,957.489,0.001,338.516,0.394,6.4,32.17
4.936,0.087,2672.932,486.735,0.266,0.003,62.603,43.558,36.775,0.591,0.389,0.062,0.14,0.591,0.022,0.065,4.589e-4,0,-4.91e-4,0.716,0.717,-5.259e-6,957.326,0.001,338.511,0.394,6.4,32.17
4.952,0.089,2672.676,486.48,0.266,0.003,62.603,43.555,36.535,0.591,0.389,0.062,0.14,0.591,0.022,0.066,4.472e-4,0,-5.089e-4,0.716,0.717,-1.349e-6,957.082,0.001,338.502,0.393,6.4,32.17
4.976,0.094,2672.293,486.097,0.266,0.003,62.6,43.55,36.174,0.591,0.389,0.062,0.14,0.591,0.024,0.071,4.189e-4,0,-5.477e-4,0.716,0.717,1.509e-7,956.716,0.001,338.49,0.393,6.4,32.17
5.011,0.066,2671.719,485.523,0.266,0.003,62.609,43.542,35.634,0.591,0.389,0.062,0.14,0.591,0.016,0.049,-2.082e-4,0,-5.833e-4,0.716,0.717,3.013e-6,956.167,0.001,338.472,0.393,6.4,32.17
5.059,0.087,2670.932,484.736,0.266,0.003,62.596,43.532,34.894,0.591,0.389,0.062,0.14,0.591,0.022,0.064,2.124e-4,0,-6.144e-4,0.716,0.717,-3.004e-6,955.417,0.001,338.447,0.392,6.4,32.17
5.108,0.104,2670.145,483.949,0.266,0.003,62.588,43.522,34.153,0.59,0.389,0.062,0.14,0.59,0.026,0.078,-2.901e-4,0,-6.553e-4,0.716,0.717,7.222e-6,954.667,0.001,338.421,0.392,6.4,32.17
5.156,0.049,2669.356,483.16,0.265,0.003,62.618,43.512,33.411,0.59,0.389,0.061,0.14,0.59,0.012,0.036,1.395e-5,0,-7.199e-4,0.716,0.717,0,953.95,0.001,338.396,0.391,6.4,32.17
5.205,0.088,2668.567,482.371,0.265,0.003,62.604,43.501,32.668,0.59,0.389,0.061,0.14,0.59,0.022,0.066,-1.338e-4,0,-7.628e-4,0.716,0.717,-3.954e-6,953.236,0.001,338.371,0.39,6.4,32.17
5.254,0.132,2667.776,481.58,0.265,0.003,62.583,43.491,31.924,0.59,0.389,0.061,0.14,0.59,0.033,0.099,4.1e-4,0,-7.742e-4,0.716,0.717,0,952.522,0.001,338.346,0.39,6.4,32.17
5.302,0.127,2666.985,480.788,0.265,0.003,62.587,43.481,31.179,0.589,0.389,0.061,0.14,0.59,0.032,0.095,-1.181e-5,0,-8.023e-4,0.716,0.717,3.68e-5,951.808,0.001,338.321,0.389,6.4,32.17
5.351,0.019,2666.191,479.995,0.265,0.003,62.624,43.471,30.433,0.589,0.389,0.061,0.14,0.589,0.005,0.014,-6.732e-5,0,-8.564e-4,0.716,0.717,-3.01e-5,951.095,0.001,338.296,0.388,6.4,32.17
5.4,0.158,2665.397,479.201,0.265,0.003,62.574,43.46,29.686,0.589,0.389,0.061,0.14,0.589,0.04,0.119,1.763e-4,0,-8.671e-4,0.716,0.716,-3.63e-5,950.382,0.001,338.27,0.388,6.4,32.17
5.449,0.213,2664.602,478.405,0.265,0.003,62.544,43.45,28.937,0.589,0.389,0.06,0.139,0.589,0.054,0.159,-2.296e-4,0,-9.363e-4,0.716,0.716,9.517e-7,949.67,0.001,338.245,0.387,6.4,32.17
5.496,0.115,2663.846,477.65,0.265,0.003,62.578,43.44,28.226,0.589,0.389,0.06,0.139,0.589,0.029,0.086,-3.608e-4,0,-0.001,0.715,0.716,2.914e-5,948.994,0.001,338.221,0.386,6.4,32.17
5.539,0.078,2663.146,476.95,0.265,0.003,62.595,43.431,27.568,0.588,0.389,0.06,0.139,0.588,0.019,0.058,1.534e-4,0,-0.001,0.715,0.716,-2.733e-5,948.371,0.001,338.199,0.385,6.4,32.17
5.581,0.128,2662.461,476.265,0.265,0.003,62.571,43.422,26.923,0.588,0.389,0.06,0.139,0.588,0.032,0.096,3.551e-4,0,-0.001,0.715,0.716,-1.619e-5,947.761,0.001,338.178,0.385,6.4,32.17
5.622,0.109,2661.792,475.596,0.264,0.003,62.583,43.413,26.294,0.588,0.389,0.06,0.139,0.588,0.027,0.082,-8.433e-5,0,-0.001,0.715,0.716,1.318e-7,947.167,0.001,338.157,0.384,6.4,32.17
5.662,0.051,2661.14,474.944,0.264,0.003,62.605,43.405,25.68,0.588,0.389,0.059,0.139,0.588,0.013,0.039,1.59e-4,0,-0.001,0.715,0.716,6.741e-6,946.589,0.001,338.137,0.383,6.4,32.17
5.701,0.036,2660.509,474.313,0.264,0.003,62.605,43.396,25.087,0.587,0.389,0.059,0.139,0.587,0.009,0.027,-2.679e-4,0,-0.001,0.715,0.716,0,946.032,0.001,338.117,0.382,6.4,32.17
5.738,0.056,2659.901,473.705,0.264,0.003,62.606,43.388,24.514,0.587,0.389,0.059,0.139,0.587,0.014,0.042,-2.45e-4,0,-0.001,0.715,0.716,-3.083e-6,945.495,0.001,338.098,0.381,6.4,32.17
5.774,0.079,2659.323,473.126,0.264,0.003,62.595,43.381,23.97,0.587,0.389,0.059,0.139,0.587,0.02,0.059,-4.68e-4,0,-0.001,0.715,0.716,1.632e-8,944.986,0.001,338.08,0.381,6.4,32.17
5.808,0.061,2658.763,472.566,0.264,0.003,62.599,43.374,23.443,0.587,0.389,0.059,0.139,0.587,0.015,0.046,1.558e-4,0,-0.001,0.715,0.716,6.639e-6,944.494,0.001,338.063,0.38,6.4,32.17
5.842,0.015,2658.214,472.018,0.264,0.003,62.613,43.366,22.927,0.586,0.389,0.058,0.139,0.586,0.004,0.012,-4.119e-4,0,-0.001,0.715,0.716,-5.438e-6,944.013,0.001,338.046,0.379,6.4,32.17
5.876,0.084,2657.671,471.474,0.264,0.003,62.581,43.359,22.416,0.586,0.389,0.058,0.139,0.586,0.021,0.063,4.636e-5,0,-0.001,0.715,0.716,-5.648e-6,943.538,0.001,338.029,0.378,6.4,32.17
5.909,0.109,2657.132,470.936,0.264,0.003,62.573,43.352,21.909,0.586,0.389,0.058,0.139,0.586,0.027,0.082,-2.188e-4,0,-0.001,0.715,0.716,9.139e-7,943.068,0.001,338.013,0.378,6.4,32.17
5.941,0.061,2656.607,470.411,0.264,0.003,62.593,43.345,21.415,0.586,0.389,0.058,0.138,0.586,0.015,0.046,-4.257e-4,0,-0.001,0.715,0.716,1.051e-5,942.611,0.001,337.996,0.377,6.4,32.17
5.944,0.056,2656.559,470.363,0.264,0.003,62.594,43.345,21.37,0.586,0.389,0.058,0.138,0.586,0.014,0.043,-4.593e-4,0,-0.001,0.715,0.716,1.111e-5,942.569,0.001,337.995,0.377,6.4,32.17
5.948,0.049,2656.517,470.321,0.264,0.003,62.597,43.344,21.319,0.585,0.389,0.058,0.138,0.585,0.012,0.037,6.604e-5,0,-0.001,0.715,0.716,1.158e-5,942.506,0.001,337.993,0.377,6.4,32.17
5.955,0.04,2656.455,470.259,0.264,0.003,62.6,43.343,21.242,0.585,0.389,0.058,0.138,0.585,0.01,0.031,-3.857e-5,0,-0.002,0.715,0.716,1.326e-5,942.411,0.001,337.989,0.376,6.4,32.17
5.965,0.026,2656.361,470.165,0.264,0.003,62.606,43.342,21.126,0.585,0.389,0.058,0.138,0.585,0.006,0.02,1.684e-4,0,-0.002,0.715,0.716,1.589e-5,942.27,0.001,337.984,0.376,6.4,32.17
5.98,0.003,2656.22,470.024,0.264,0.003,62.61,43.34,20.953,0.585,0.389,0.058,0.138,0.585,7.792e-4,0.002,-4.049e-4,0,-0.002,0.715,0.716,1.363e-6,942.058,0.001,337.977,0.376,6.4,32.17
6.003,0.038,2656.008,469.812,0.264,0.003,62.606,43.337,20.692,0.585,0.389,0.057,0.138,0.585,0.009,0.028,-8.373e-5,0,-0.002,0.715,0.716,-1.928e-5,941.74,0.001,337.966,0.375,6.4,32.17
6.033,0.082,2655.722,469.526,0.264,0.003,62.589,43.334,20.34,0.585,0.389,0.057,0.138,0.585,0.021,0.062,4.189e-4,0,-0.002,0.715,0.716,-8.304e-6,941.311,0.001,337.951,0.375,6.4,32.17
6.063,0.097,2655.439,469.243,0.264,0.003,62.582,43.33,19.992,0.585,0.389,0.057,0.138,0.585,0.024,0.074,2.257e-4,0,-0.002,0.714,0.716,-1.114e-7,940.887,0.001,337.936,0.374,6.4,32.17
6.093,0.073,2655.161,468.965,0.264,0.003,62.587,43.326,19.65,0.584,0.389,0.057,0.138,0.584,0.018,0.055,4.785e-4,0,-0.002,0.714,0.716,4.665e-6,940.472,0.001,337.921,0.373,6.4,32.17
6.122,0.034,2654.888,468.692,0.264,0.003,62.597,43.323,19.315,0.584,0.389,0.057,0.138,0.584,0.009,0.026,3.131e-4,0,-0.002,0.714,0.716,1.26e-5,940.066,0.001,337.907,0.372,6.4,32.17
6.151,0.008,2654.618,468.422,0.264,0.003,62.605,43.319,18.982,0.584,0.389,0.057,0.138,0.584,0.002,0.007,-2.917e-4,0,-0.002,0.714,0.716,-1.469e-5,939.663,0.001,337.892,0.371,6.4,32.17
6.18,0.054,2654.35,468.154,0.264,0.003,62.584,43.316,18.652,0.584,0.389,0.056,0.138,0.584,0.014,0.041,-4.596e-4,0,-0.002,0.714,0.716,-8.054e-6,939.266,0.001,337.878,0.371,6.4,32.17
6.208,0.076,2654.086,467.89,0.264,0.003,62.575,43.312,18.328,0.583,0.389,0.056,0.138,0.583,0.019,0.057,4.262e-4,0,-0.002,0.714,0.716,-8.05e-7,938.875,0.001,337.865,0.37,6.4,32.17
6.235,0.066,2653.825,467.629,0.263,0.003,62.58,43.309,18.007,0.583,0.389,0.056,0.138,0.583,0.017,0.05,1.852e-4,0,-0.002,0.714,0.716,1.098e-6,938.489,0.001,337.851,0.369,6.4,32.17
6.263,0.035,2653.566,467.37,0.263,0.003,62.59,43.305,17.688,0.583,0.389,0.056,0.138,0.583,0.009,0.027,4.634e-6,0,-0.002,0.714,0.716,3.319e-6,938.107,0.001,337.838,0.368,6.4,32.17
6.291,0.038,2653.308,467.112,0.263,0.003,62.594,43.302,17.371,0.583,0.39,0.056,0.138,0.583,0.009,0.028,-3.624e-4,0,-0.002,0.714,0.716,-8.342e-7,937.727,0.001,337.824,0.368,6.4,32.17
6.318,0.062,2653.051,466.855,0.263,0.003,62.585,43.299,17.054,0.582,0.39,0.055,0.138,0.582,0.015,0.047,2.178e-4,0,-0.002,0.714,0.716,-7.97e-8,937.35,0.001,337.811,0.367,6.4,32.17
6.345,0.067,2652.796,466.6,0.263,0.003,62.58,43.295,16.741,0.582,0.39,0.055,0.137,0.582,0.017,0.051,-4.778e-4,0,-0.002,0.714,0.716,2.03e-6,936.977,0.001,337.798,0.366,6.4,32.17
6.372,0.058,2652.544,466.348,0.263,0.003,62.578,43.292,16.431,0.582,0.39,0.055,0.137,0.582,0.015,0.044,-2.362e-4,0,-0.002,0.714,0.716,1.336e-5,936.608,0.001,337.785,0.365,6.4,32.17
6.399,0.037,2652.293,466.097,0.263,0.003,62.59,43.289,16.122,0.582,0.39,0.055,0.137,0.582,0.009,0.028,2.464e-4,0,-0.002,0.714,0.716,1.446e-5,936.242,0.001,337.772,0.365,6.4,32.17
6.425,0.036,2652.043,465.847,0.263,0.003,62.586,43.285,15.815,0.582,0.39,0.055,0.137,0.582,0.009,0.027,4.635e-4,0,-0.002,0.714,0.716,-1.602e-5,935.878,0.001,337.759,0.364,6.4,32.17
6.451,0.075,2651.799,465.603,0.263,0.003,62.568,43.282,15.515,0.581,0.39,0.055,0.137,0.581,0.019,0.056,4.737e-4,0,-0.002,0.714,0.716,-1.448e-5,935.523,0.001,337.747,0.363,6.4,32.17
6.477,0.125,2651.558,465.362,0.263,0.003,62.548,43.279,15.218,0.581,0.39,0.054,0.137,0.581,0.031,0.094,-3.659e-4,0,-0.002,0.714,0.715,-4.014e-6,935.174,0.001,337.734,0.362,6.4,32.17
6.503,0.16,2651.315,465.119,0.263,0.003,62.536,43.276,14.919,0.581,0.39,0.054,0.137,0.581,0.04,0.121,2.384e-5,0,-0.002,0.713,0.715,5.538e-7,934.822,0.001,337.722,0.362,6.4,32.17
6.529,0.138,2651.072,464.876,0.263,0.003,62.549,43.273,14.62,0.581,0.39,0.054,0.137,0.581,0.035,0.104,1.399e-4,0,-0.002,0.713,0.715,1.228e-5,934.471,0.001,337.709,0.361,6.4,32.17
6.554,0.099,2650.834,464.638,0.263,0.003,62.568,43.269,14.328,0.58,0.39,0.054,0.137,0.58,0.025,0.075,-3.024e-4,0,-0.002,0.713,0.715,2.168e-5,934.129,0.001,337.697,0.36,6.4,32.17
6.579,0.073,2650.6,464.404,0.263,0.003,62.571,43.266,14.039,0.58,0.39,0.054,0.137,0.58,0.018,0.055,-3.828e-4,0,-0.002,0.713,0.715,5.944e-6,933.792,0.001,337.685,0.359,6.4,32.17
6.604,0.079,2650.366,464.17,0.263,0.003,62.562,43.263,13.752,0.58,0.39,0.053,0.137,0.58,0.02,0.059,-4.716e-4,0,-0.002,0.713,0.715,-1.015e-5,933.457,0.001,337.674,0.359,6.4,32.17
6.629,0.119,2650.135,463.939,0.263,0.003,62.556,43.26,13.468,0.58,0.39,0.053,0.137,0.58,0.03,0.09,3.763e-4,0,-0.002,0.713,0.715,-2.409e-5,933.126,0.001,337.662,0.358,6.4,32.17
6.653,0.152,2649.908,463.712,0.263,0.003,62.544,43.257,13.189,0.58,0.39,0.053,0.137,0.58,0.038,0.115,-4.113e-5,0,-0.002,0.713,0.715,-7.684e-6,932.802,0.001,337.651,0.357,6.4,32.17
6.677,0.153,2649.685,463.488,0.263,0.003,62.54,43.254,12.914,0.579,0.39,0.053,0.137,0.579,0.038,0.116,4.79e-4,0,-0.002,0.713,0.715,1.91e-8,932.483,0.001,337.639,0.356,6.4,32.17
6.701,0.129,2649.462,463.266,0.263,0.003,62.544,43.251,12.64,0.579,0.39,0.053,0.136,0.579,0.032,0.097,4.437e-4,0,-0.002,0.713,0.715,7.923e-6,932.167,0.001,337.628,0.356,6.4,32.17
6.726,0.1,2649.224,463.028,0.263,0.003,62.549,43.248,12.347,0.579,0.39,0.053,0.136,0.579,0.025,0.076,4.91e-4,0,-0.002,0.713,0.715,1.6e-5,931.829,0.001,337.616,0.355,6.4,32.17
6.749,0.098,2649.106,462.91,0.263,0.003,62.561,43.247,12.147,0.579,0.39,0.052,0.136,0.579,0.025,0.074,-2.187e-5,0,-0.002,0.713,0.715,6.933e-7,931.524,0.001,337.606,0.354,6.4,32.17
6.772,0.095,2648.989,462.793,0.263,0.003,62.558,43.245,11.951,0.578,0.39,0.052,0.136,0.578,0.024,0.072,4.115e-4,0,-0.002,0.713,0.715,-8.441e-6,931.224,0.001,337.595,0.353,6.4,32.17
6.794,0.116,2648.871,462.675,0.263,0.003,62.541,43.243,11.753,0.578,0.39,0.052,0.136,0.578,0.029,0.087,5.209e-5,0,-0.002,0.713,0.715,-1.378e-5,930.922,0.001,337.584,0.353,6.4,32.17
6.817,0.13,2648.754,462.557,0.263,0.003,62.537,43.242,11.554,0.578,0.39,0.052,0.136,0.578,0.033,0.098,2.771e-4,0,-0.002,0.713,0.715,-4.702e-6,930.62,0.001,337.574,0.352,6.4,32.17
6.84,0.126,2648.636,462.439,0.263,0.003,62.544,43.24,11.355,0.578,0.39,0.052,0.136,0.578,0.032,0.095,-4.696e-4,0,-0.002,0.713,0.715,2.445e-8,930.319,0.001,337.563,0.351,6.4,32.17
6.863,0.108,2648.518,462.321,0.263,0.003,62.554,43.239,11.156,0.577,0.39,0.052,0.136,0.578,0.027,0.081,-5.689e-5,0,-0.002,0.713,0.715,5.081e-6,930.018,0.001,337.552,0.35,6.4,32.17
6.886,0.079,2648.4,462.204,0.263,0.003,62.562,43.237,10.959,0.577,0.39,0.051,0.136,0.577,0.02,0.06,-4.172e-5,0,-0.002,0.713,0.715,1.094e-5,929.719,0.001,337.542,0.35,6.4,32.17
6.908,0.055,2648.284,462.088,0.263,0.003,62.562,43.236,10.763,0.577,0.39,0.051,0.136,0.577,0.014,0.041,-4.611e-4,0,-0.002,0.712,0.715,4.596e-6,929.424,0.001,337.531,0.349,6.4,32.17
6.931,0.046,2648.169,461.972,0.263,0.003,62.566,43.234,10.568,0.577,0.39,0.051,0.136,0.577,0.012,0.035,-2.066e-4,0,-0.002,0.712,0.715,-3.336e-7,929.132,0.001,337.521,0.348,6.4,32.17
6.953,0.059,2648.055,461.859,0.263,0.003,62.57,43.233,10.377,0.577,0.39,0.051,0.136,0.577,0.015,0.044,1.004e-4,0,-0.003,0.712,0.715,-9.37e-6,928.844,0.001,337.511,0.347,6.4,32.17
6.975,0.113,2647.942,461.746,0.263,0.003,62.546,43.231,10.187,0.576,0.39,0.051,0.136,0.576,0.028,0.085,6.3e-5,0,-0.003,0.712,0.715,-9.38e-6,928.56,0.001,337.501,0.347,6.4,32.17
6.997,0.158,2647.828,461.632,0.263,0.003,62.522,43.23,9.995,0.576,0.39,0.051,0.136,0.576,0.04,0.12,-1.223e-4,0,-0.003,0.712,0.715,-9.475e-7,928.273,0.001,337.491,0.346,6.4,32.17
7.019,0.14,2647.714,461.517,0.263,0.003,62.525,43.228,9.802,0.576,0.39,0.05,0.135,0.576,0.035,0.106,-5.314e-5,0,-0.003,0.712,0.715,2.197e-6,927.985,0.001,337.481,0.345,6.4,32.17
7.041,0.099,2647.601,461.405,0.263,0.003,62.539,43.227,9.612,0.576,0.39,0.05,0.135,0.576,0.025,0.075,-1.812e-4,0,-0.003,0.712,0.715,1.086e-5,927.704,0.001,337.471,0.345,6.4,32.17
7.062,0.08,2647.49,461.294,0.263,0.003,62.549,43.225,9.426,0.576,0.39,0.05,0.135,0.576,0.02,0.06,-2.134e-4,0,-0.003,0.712,0.715,1.458e-5,927.426,0.001,337.461,0.344,6.4,32.17
7.084,0.092,2647.379,461.183,0.263,0.003,62.553,43.224,9.238,0.575,0.39,0.05,0.135,0.575,0.023,0.07,-2.715e-4,0,-0.003,0.712,0.715,4.129e-6,927.148,0.001,337.451,0.343,6.4,32.17
7.106,0.114,2647.267,461.07,0.263,0.003,62.542,43.222,9.048,0.575,0.39,0.05,0.135,0.575,0.028,0.086,2.031e-5,0,-0.003,0.712,0.715,-1.69e-7,926.868,0.001,337.441,0.342,6.4,32.17
7.128,0.129,2647.154,460.958,0.263,0.003,62.526,43.221,8.859,0.575,0.39,0.05,0.135,0.575,0.032,0.097,-3.96e-4,0,-0.003,0.712,0.715,-4.598e-6,926.589,0.001,337.432,0.342,6.4,32.17
7.149,0.15,2647.043,460.847,0.263,0.003,62.516,43.219,8.671,0.575,0.39,0.049,0.135,0.575,0.038,0.113,-4.572e-4,0,-0.003,0.712,0.715,-5.315e-6,926.313,0.001,337.422,0.341,6.4,32.17
7.171,0.166,2646.932,460.736,0.263,0.003,62.513,43.218,8.485,0.575,0.39,0.049,0.135,0.575,0.041,0.125,-3.544e-4,0,-0.003,0.712,0.715,-1.838e-6,926.04,0.001,337.412,0.34,6.4,32.17
7.192,0.17,2646.822,460.626,0.263,0.003,62.516,43.216,8.3,0.574,0.39,0.049,0.135,0.575,0.042,0.128,-7.708e-6,0,-0.003,0.712,0.714,6.71e-9,925.769,0.001,337.403,0.339,6.4,32.17
7.213,0.163,2646.713,460.517,0.263,0.003,62.521,43.215,8.116,0.574,0.39,0.049,0.135,0.574,0.041,0.124,4.431e-4,0,-0.003,0.712,0.714,2.286e-6,925.5,0.001,337.393,0.339,6.4,32.17
7.234,0.148,2646.604,460.408,0.263,0.003,62.525,43.214,7.933,0.574,0.39,0.049,0.135,0.574,0.037,0.112,4.621e-4,0,-0.003,0.712,0.714,5.967e-6,925.232,0.001,337.384,0.338,6.4,32.17
7.255,0.131,2646.496,460.3,0.263,0.003,62.526,43.212,7.75,0.574,0.39,0.049,0.135,0.574,0.033,0.099,-1.611e-4,0,-0.003,0.712,0.714,6.662e-6,924.967,0.001,337.374,0.337,6.4,32.17
7.277,0.123,2646.388,460.191,0.263,0.003,62.524,43.211,7.567,0.574,0.39,0.049,0.135,0.574,0.031,0.093,1.388e-4,0,-0.003,0.712,0.714,5.918e-6,924.702,0.001,337.365,0.336,6.4,32.17
7.298,0.118,2646.279,460.083,0.263,0.003,62.523,43.209,7.384,0.573,0.39,0.048,0.135,0.574,0.03,0.09,-3.452e-5,0,-0.003,0.711,0.714,2.167e-6,924.436,0.001,337.356,0.336,6.4,32.17
7.319,0.116,2646.17,459.974,0.263,0.003,62.532,43.208,7.2,0.573,0.39,0.048,0.135,0.573,0.029,0.087,3.656e-4,0,-0.003,0.711,0.714,-6.382e-6,924.171,0.001,337.346,0.335,6.4,32.17
7.34,0.141,2646.063,459.867,0.263,0.003,62.526,43.206,7.02,0.573,0.39,0.048,0.135,0.573,0.035,0.106,-3.988e-5,0,-0.003,0.711,0.714,-1.871e-5,923.911,0.001,337.337,0.334,6.4,32.17
7.36,0.161,2645.957,459.761,0.262,0.003,62.514,43.205,6.842,0.573,0.39,0.048,0.134,0.573,0.04,0.121,-3.68e-4,0,-0.003,0.711,0.714,-1.082e-5,923.655,0.001,337.328,0.334,6.4,32.17
7.38,0.16,2645.852,459.656,0.262,0.003,62.51,43.204,6.665,0.573,0.39,0.048,0.134,0.573,0.04,0.12,-1.458e-4,0,-0.003,0.711,0.714,-2.079e-6,923.401,0.001,337.319,0.333,6.4,32.17
7.401,0.146,2645.747,459.551,0.262,0.003,62.512,43.202,6.487,0.573,0.39,0.048,0.134,0.573,0.037,0.11,-1.137e-5,0,-0.003,0.711,0.714,1.921e-7,923.146,0.001,337.31,0.332,6.4,32.17
7.421,0.125,2645.641,459.445,0.262,0.003,62.517,43.201,6.31,0.572,0.391,0.048,0.134,0.572,0.031,0.095,1.39e-4,0,-0.003,0.711,0.714,4.079e-6,922.893,0.001,337.301,0.331,6.4,32.17
7.437,0.102,2645.561,459.365,0.262,0.003,62.525,43.2,6.174,0.572,0.391,0.047,0.134,0.572,0.026,0.077,3.886e-4,0,-0.003,0.711,0.714,8.152e-6,922.699,0.001,337.294,0.331,6.4,32.17
7.457,0.067,2645.51,459.314,0.262,0.003,62.54,43.199,6.078,0.572,0.391,0.047,0.134,0.572,0.017,0.051,-4.931e-4,0,-0.003,0.711,0.714,1.08e-5,922.449,0.001,337.286,0.33,6.4,32.17
7.477,0.03,2645.459,459.263,0.262,0.003,62.556,43.198,5.983,0.572,0.391,0.047,0.134,0.572,0.007,0.023,4.542e-4,0,-0.003,0.711,0.714,1.145e-5,922.199,0.001,337.277,0.329,6.4,32.17
7.498,0.003,2645.408,459.212,0.262,0.003,62.567,43.198,5.888,0.572,0.391,0.047,0.134,0.572,6.965e-4,0.002,2.69e-4,0,-0.003,0.711,0.714,1.739e-5,921.95,0.001,337.268,0.329,6.4,32.17
7.518,0.03,2645.357,459.161,0.262,0.003,62.552,43.197,5.792,0.571,0.391,0.047,0.134,0.571,0.007,0.023,1.69e-4,0,-0.003,0.711,0.714,-1.828e-5,921.701,0.001,337.259,0.328,6.4,32.17
7.538,0.058,2645.307,459.111,0.262,0.003,62.541,43.196,5.697,0.571,0.391,0.047,0.134,0.571,0.014,0.043,-5.268e-5,0,-0.003,0.711,0.714,-1.22e-5,921.455,0.001,337.251,0.327,6.4,32.17
7.558,0.062,2645.257,459.061,0.262,0.003,62.541,43.196,5.603,0.571,0.391,0.047,0.134,0.571,0.015,0.046,-3.191e-6,0,-0.003,0.711,0.714,-4.64e-6,921.212,0.001,337.242,0.326,6.4,32.17
7.578,0.032,2645.207,459.011,0.262,0.003,62.553,43.195,5.509,0.571,0.391,0.046,0.134,0.571,0.008,0.024,-4.559e-4,0,-0.003,0.711,0.714,-1.521e-6,920.968,0.001,337.233,0.326,6.4,32.17
7.598,0.019,2645.156,458.96,0.262,0.003,62.56,43.194,5.414,0.571,0.391,0.046,0.134,0.571,0.005,0.014,-7.47e-5,0,-0.003,0.711,0.714,-9.012e-6,920.724,0.001,337.225,0.325,6.4,32.17
7.618,0.066,2645.106,458.909,0.262,0.003,62.545,43.194,5.319,0.57,0.391,0.046,0.134,0.57,0.017,0.05,-1.409e-5,0,-0.003,0.711,0.714,-3.727e-6,920.479,0.001,337.216,0.324,6.4,32.17
7.639,0.119,2645.055,458.859,0.262,0.003,62.522,43.193,5.223,0.57,0.391,0.046,0.134,0.57,0.03,0.089,-6.391e-5,0,-0.003,0.711,0.714,-1.287e-6,920.233,0.001,337.207,0.324,6.4,32.17
7.659,0.14,2645.004,458.807,0.262,0.003,62.508,43.192,5.127,0.57,0.391,0.046,0.134,0.57,0.035,0.106,2.443e-4,0,-0.003,0.711,0.714,6.98e-9,919.988,0.001,337.199,0.323,6.4,32.17
7.679,0.124,2644.953,458.757,0.262,0.003,62.509,43.192,5.032,0.57,0.391,0.046,0.133,0.57,0.031,0.093,4.004e-4,0,-0.003,0.711,0.714,1.062e-6,919.745,0.001,337.19,0.322,6.4,32.17
7.699,0.103,2644.903,458.707,0.262,0.003,62.517,43.191,4.939,0.57,0.391,0.046,0.133,0.57,0.026,0.077,-3.687e-4,0,-0.003,0.71,0.714,1.993e-6,919.507,0.001,337.182,0.321,6.4,32.17
7.719,0.094,2644.854,458.658,0.262,0.003,62.524,43.19,4.846,0.57,0.391,0.045,0.133,0.57,0.023,0.071,-9.968e-5,0,-0.003,0.71,0.714,1.827e-6,919.271,0.001,337.174,0.321,6.4,32.17
7.738,0.087,2644.805,458.609,0.262,0.003,62.532,43.19,4.754,0.569,0.391,0.045,0.133,0.569,0.022,0.066,-2.279e-4,0,-0.003,0.71,0.714,5.626e-7,919.037,0.001,337.165,0.32,6.4,32.17
7.758,0.083,2644.756,458.56,0.262,0.003,62.535,43.189,4.662,0.569,0.391,0.045,0.133,0.569,0.021,0.062,-2.364e-5,0,-0.003,0.71,0.714,-1.013e-7,918.804,0.001,337.157,0.319,6.4,32.17
7.777,0.085,2644.707,458.511,0.262,0.003,62.528,43.188,4.57,0.569,0.391,0.045,0.133,0.569,0.021,0.064,-2.485e-4,0,-0.003,0.71,0.714,-1.93e-6,918.572,0.001,337.149,0.319,6.4,32.17
7.797,0.091,2644.658,458.462,0.262,0.003,62.519,43.188,4.478,0.569,0.391,0.045,0.133,0.569,0.023,0.068,3.001e-4,0,-0.003,0.71,0.714,-3.338e-6,918.341,0.001,337.141,0.318,6.4,32.17
7.816,0.099,2644.61,458.413,0.262,0.003,62.514,43.187,4.387,0.569,0.391,0.045,0.133,0.569,0.025,0.075,-6.142e-5,0,-0.003,0.71,0.714,-3.237e-6,918.111,0.001,337.133,0.317,6.4,32.17
7.835,0.108,2644.561,458.365,0.262,0.003,62.516,43.187,4.296,0.568,0.391,0.044,0.133,0.568,0.027,0.081,-2.267e-4,0,-0.004,0.71,0.714,-1.143e-6,917.883,0.001,337.125,0.316,6.4,32.17
7.854,0.108,2644.513,458.317,0.262,0.003,62.52,43.186,4.205,0.568,0.391,0.044,0.133,0.568,0.027,0.081,-1.521e-5,0,-0.004,0.71,0.714,0,917.657,0.001,337.117,0.316,6.4,32.17
7.874,0.087,2644.465,458.269,0.262,0.003,62.529,43.185,4.115,0.568,0.391,0.044,0.133,0.568,0.022,0.066,5.211e-5,0,-0.004,0.71,0.714,1.27e-6,917.431,0.001,337.109,0.315,6.4,32.17
7.893,0.065,2644.417,458.22,0.262,0.003,62.537,43.185,4.024,0.568,0.391,0.044,0.133,0.568,0.016,0.05,4.996e-4,0,-0.004,0.71,0.713,4.028e-6,917.204,0.001,337.101,0.314,6.4,32.17
7.912,0.045,2644.368,458.172,0.262,0.003,62.545,43.184,3.933,0.568,0.391,0.044,0.133,0.568,0.011,0.034,-2.252e-6,0,-0.004,0.71,0.713,6.678e-6,916.977,0.001,337.093,0.314,6.4,32.17
7.932,0.024,2644.319,458.123,0.262,0.003,62.552,43.183,3.841,0.567,0.391,0.044,0.133,0.567,0.006,0.018,-9.914e-5,0,-0.004,0.71,0.713,7.041e-6,916.751,0.001,337.085,0.313,6.4,32.17
7.951,0.005,2644.271,458.075,0.262,0.003,62.549,43.183,3.75,0.567,0.391,0.044,0.133,0.567,0.001,0.004,-4.475e-4,0,-0.004,0.71,0.713,1.305e-7,916.525,0.001,337.077,0.312,6.4,32.17
7.97,0.008,2644.222,458.026,0.262,0.003,62.548,43.182,3.659,0.567,0.391,0.044,0.133,0.567,0.002,0.006,-5.838e-5,0,-0.004,0.71,0.713,-2.604e-7,916.301,0.001,337.069,0.311,6.4,32.17
7.99,0.013,2644.174,457.978,0.262,0.003,62.542,43.181,3.568,0.567,0.391,0.043,0.133,0.567,0.003,0.01,-4.585e-4,0,-0.004,0.71,0.713,7.674e-7,916.077,0.001,337.061,0.311,6.4,32.17
8.009,0.013,2644.125,457.929,0.262,0.003,62.547,43.181,3.477,0.567,0.391,0.043,0.132,0.567,0.003,0.01,4.122e-4,0,-0.004,0.71,0.713,8.765e-6,915.853,0.001,337.053,0.31,6.4,32.17
8.028,0.02,2644.077,457.881,0.262,0.003,62.55,43.18,3.386,0.567,0.391,0.043,0.132,0.567,0.005,0.015,-9.938e-5,0,-0.004,0.71,0.713,6.785e-6,915.629,0.001,337.045,0.309,6.4,32.17
8.048,0.039,2644.028,457.832,0.262,0.003,62.533,43.179,3.294,0.566,0.391,0.043,0.132,0.566,0.01,0.029,-4.817e-4,0,-0.004,0.71,0.713,5.15e-7,915.406,0.001,337.037,0.309,6.4,32.17
8.067,0.042,2643.979,457.783,0.262,0.003,62.529,43.179,3.203,0.566,0.391,0.043,0.132,0.566,0.011,0.032,-1.7e-4,0,-0.004,0.71,0.713,-2.387e-6,915.183,0.001,337.029,0.308,6.4,32.17
8.086,0.053,2643.931,457.735,0.262,0.003,62.531,43.178,3.112,0.566,0.391,0.043,0.132,0.566,0.013,0.04,4.35e-4,0,-0.004,0.709,0.713,-6.937e-6,914.962,0.001,337.022,0.307,6.4,32.17
8.105,0.066,2643.883,457.687,0.262,0.003,62.529,43.178,3.022,0.566,0.391,0.043,0.132,0.566,0.016,0.049,3.729e-4,0,-0.004,0.709,0.713,-6.34e-6,914.743,0.001,337.014,0.306,6.4,32.17
8.124,0.076,2643.836,457.639,0.262,0.003,62.526,43.177,2.933,0.566,0.391,0.042,0.132,0.566,0.019,0.058,-4.638e-4,0,-0.004,0.709,0.713,-3.441e-6,914.527,0.001,337.006,0.306,6.4,32.17
8.142,0.082,2643.791,457.595,0.262,0.003,62.522,43.176,2.849,0.566,0.391,0.042,0.132,0.566,0.02,0.062,-7.874e-5,0,-0.004,0.709,0.713,-1.067e-6,914.325,0.001,336.999,0.305,6.4,32.17
8.161,0.08,2643.771,457.575,0.262,0.003,62.52,43.176,2.789,0.565,0.391,0.042,0.132,0.565,0.02,0.06,-1.997e-4,0,-0.004,0.709,0.713,0,914.11,0.001,336.992,0.304,6.4,32.17
8.18,0.071,2643.751,457.555,0.262,0.003,62.52,43.176,2.728,0.565,0.391,0.042,0.132,0.565,0.018,0.053,1.461e-4,0,-0.004,0.709,0.713,7.14e-7,913.897,0.001,336.984,0.304,6.4,32.17
8.198,0.056,2643.731,457.535,0.262,0.003,62.521,43.176,2.668,0.565,0.391,0.042,0.132,0.565,0.014,0.043,-1.088e-4,0,-0.004,0.709,0.713,2.362e-6,913.684,0.001,336.977,0.303,6.4,32.17
8.217,0.049,2643.712,457.515,0.262,0.003,62.522,43.175,2.608,0.565,0.391,0.042,0.132,0.565,0.012,0.037,-1.456e-4,0,-0.004,0.709,0.713,4.395e-6,913.473,0.001,336.969,0.302,6.4,32.17
8.236,0.044,2643.692,457.496,0.262,0.003,62.523,43.175,2.548,0.565,0.391,0.042,0.132,0.565,0.011,0.034,4.154e-4,0,-0.004,0.709,0.713,6.735e-6,913.262,0.001,336.962,0.301,6.4,32.17
8.255,0.035,2643.672,457.476,0.262,0.003,62.525,43.175,2.488,0.564,0.391,0.041,0.132,0.564,0.009,0.026,2.712e-4,0,-0.004,0.709,0.713,8.665e-6,913.05,0.001,336.954,0.301,6.4,32.17
8.274,0.015,2643.652,457.456,0.262,0.003,62.534,43.174,2.427,0.564,0.391,0.041,0.132,0.564,0.004,0.011,-1.454e-4,0,-0.004,0.709,0.713,4.458e-6,912.839,0.001,336.947,0.3,6.4,32.17
8.292,0.015,2643.632,457.436,0.262,0.003,62.539,43.174,2.367,0.564,0.391,0.041,0.132,0.564,0.004,0.011,2.48e-4,0,-0.004,0.709,0.713,-8.877e-6,912.629,0.001,336.939,0.299,6.4,32.17
8.311,0.029,2643.612,457.416,0.262,0.003,62.527,43.174,2.307,0.564,0.391,0.041,0.132,0.564,0.007,0.022,-3.256e-4,0,-0.004,0.709,0.713,-9.351e-6,912.42,0.001,336.932,0.299,6.4,32.17
8.33,0.04,2643.593,457.396,0.262,0.003,62.52,43.174,2.247,0.564,0.391,0.041,0.132,0.564,0.01,0.031,-1.032e-4,0,-0.004,0.709,0.713,-6.509e-6,912.212,0.001,336.925,0.298,6.4,32.17
8.349,0.048,2643.573,457.377,0.262,0.003,62.517,43.173,2.188,0.564,0.391,0.041,0.131,0.564,0.012,0.035,1.089e-4,0,-0.004,0.709,0.713,-3.644e-6,912.005,0.001,336.917,0.297,6.4,32.17
8.367,0.048,2643.553,457.357,0.262,0.003,62.516,43.173,2.128,0.563,0.391,0.041,0.131,0.563,0.012,0.036,1.493e-4,0,-0.004,0.709,0.713,-1.934e-6,911.798,0.001,336.91,0.296,6.4,32.17
8.386,0.047,2643.533,457.337,0.262,0.003,62.516,43.173,2.068,0.563,0.391,0.041,0.131,0.563,0.012,0.036,1.202e-4,0,-0.004,0.709,0.713,-9.348e-7,911.592,0.001,336.903,0.296,6.4,32.17
8.405,0.046,2643.514,457.317,0.262,0.003,62.516,43.173,2.008,0.563,0.391,0.04,0.131,0.563,0.011,0.035,-2.569e-4,0,-0.004,0.709,0.713,-2.372e-7,911.386,0.001,336.896,0.295,6.4,32.17
8.423,0.04,2643.494,457.298,0.262,0.003,62.518,43.172,1.948,0.563,0.391,0.04,0.131,0.563,0.01,0.03,3.461e-5,0,-0.004,0.709,0.713,6.535e-8,911.181,0.001,336.888,0.294,6.4,32.17
8.442,0.03,2643.474,457.278,0.262,0.003,62.523,43.172,1.889,0.563,0.391,0.04,0.131,0.563,0.007,0.023,1.323e-4,0,-0.004,0.709,0.713,7.773e-7,910.977,0.001,336.881,0.294,6.4,32.17
8.46,0.016,2643.455,457.258,0.262,0.003,62.531,43.172,1.829,0.563,0.391,0.04,0.131,0.563,0.004,0.012,3.546e-4,0,-0.004,0.709,0.713,1.815e-6,910.774,0.001,336.874,0.293,6.4,32.17
8.479,5.234e-4,2643.435,457.239,0.262,0.003,62.538,43.172,1.77,0.563,0.391,0.04,0.131,0.563,1.302e-4,-5.17e-5,-1.748e-4,0,-0.004,0.709,0.713,0,910.572,0.001,336.867,0.292,6.4,32.17
8.497,0.017,2643.416,457.219,0.262,0.003,62.534,43.171,1.711,0.562,0.391,0.04,0.131,0.562,0.004,0.013,2.457e-4,0,-0.004,0.708,0.713,-2.452e-6,910.371,0.001,336.86,0.292,6.4,32.17
8.516,0.027,2643.396,457.2,0.262,0.003,62.527,43.171,1.652,0.562,0.392,0.04,0.131,0.562,0.007,0.02,-3.534e-4,0,-0.004,0.708,0.713,-3.277e-7,910.171,0.001,336.853,0.291,6.4,32.17
8.534,0.047,2643.376,457.18,0.262,0.003,62.511,43.171,1.593,0.562,0.392,0.04,0.131,0.562,0.012,0.036,2.003e-4,0,-0.004,0.708,0.713,5.686e-7,909.97,0.001,336.846,0.29,6.4,32.17
8.553,0.064,2643.357,457.161,0.262,0.003,62.505,43.171,1.533,0.562,0.392,0.04,0.131,0.562,0.016,0.048,4.269e-4,0,-0.004,0.708,0.713,3.294e-6,909.768,0.001,336.839,0.289,6.4,32.17
8.572,0.068,2643.337,457.141,0.262,0.003,62.507,43.17,1.473,0.562,0.392,0.039,0.131,0.562,0.017,0.051,3.762e-4,0,-0.004,0.708,0.713,6.885e-6,909.566,0.001,336.831,0.289,6.4,32.17
8.591,0.07,2643.317,457.121,0.262,0.003,62.511,43.17,1.413,0.562,0.392,0.039,0.131,0.562,0.017,0.052,-3.838e-4,0,-0.004,0.708,0.713,9.205e-6,909.364,0.001,336.824,0.288,6.4,32.17
8.609,0.055,2643.297,457.101,0.262,0.003,62.519,43.17,1.353,0.561,0.392,0.039,0.131,0.561,0.014,0.042,1.117e-4,0,-0.004,0.708,0.713,8.212e-6,909.163,0.001,336.817,0.287,6.4,32.17
8.628,0.029,2643.278,457.081,0.262,0.003,62.524,43.17,1.293,0.561,0.392,0.039,0.131,0.561,0.007,0.022,3.244e-4,0,-0.004,0.708,0.713,1.14e-6,908.964,0.001,336.81,0.287,6.4,32.17
8.646,0.024,2643.258,457.062,0.262,0.003,62.519,43.169,1.234,0.561,0.392,0.039,0.131,0.561,0.006,0.018,1.16e-4,0,-0.005,0.708,0.713,-1.271e-5,908.766,0.001,336.803,0.286,6.4,32.17
8.665,0.046,2643.239,457.042,0.262,0.003,62.511,43.169,1.175,0.561,0.392,0.039,0.131,0.561,0.012,0.035,2.876e-4,0,-0.005,0.708,0.713,-1.213e-5,908.571,0.001,336.796,0.285,6.4,32.17
8.683,0.074,2643.219,457.023,0.262,0.003,62.5,43.169,1.116,0.561,0.392,0.039,0.131,0.561,0.018,0.056,-1.641e-4,0,-0.005,0.708,0.713,-8.987e-6,908.375,0.001,336.789,0.285,6.4,32.17
8.702,0.101,2643.199,457.003,0.262,0.003,62.491,43.168,1.056,0.561,0.392,0.039,0.13,0.561,0.025,0.076,2.596e-4,0,-0.005,0.708,0.713,-5.194e-6,908.179,0.001,336.782,0.284,6.4,32.17
8.72,0.119,2643.18,456.984,0.262,0.003,62.486,43.168,0.997,0.561,0.392,0.038,0.13,0.561,0.03,0.09,4.974e-4,0,-0.005,0.708,0.713,-1.711e-6,907.983,0.001,336.776,0.283,6.4,32.17
8.735,0.13,2643.164,456.968,0.262,0.003,62.483,43.168,0.95,0.56,0.392,0.038,0.13,0.56,0.033,0.098,3.292e-4,0,-0.005,0.708,0.713,-1.493e-7,907.828,0.001,336.77,0.283,6.4,32.17
8.754,0.138,2643.159,456.963,0.262,0.003,62.481,43.168,0.882,0.56,0.392,0.038,0.13,0.56,0.034,0.103,3.24e-4,0,-0.005,0.708,0.713,7.77e-7,907.633,0.001,336.763,0.282,6.4,32.17
8.772,0.136,2643.155,456.958,0.262,0.003,62.482,43.168,0.813,0.56,0.392,0.038,0.13,0.56,0.034,0.102,-3.359e-4,0,-0.005,0.708,0.712,4.455e-6,907.438,0.001,336.756,0.281,6.4,32.17
8.791,0.127,2643.15,456.953,0.262,0.003,62.484,43.168,0.745,0.56,0.392,0.038,0.13,0.56,0.032,0.096,4.306e-4,0,-0.005,0.708,0.712,9.801e-6,907.244,0.001,336.75,0.28,6.4,32.17
8.809,0.111,2643.145,456.949,0.262,0.003,62.487,43.168,0.677,0.56,0.392,0.038,0.13,0.56,0.028,0.083,1.794e-4,0,-0.005,0.708,0.712,1.37e-5,907.051,0.001,336.743,0.28,6.4,32.17
8.828,0.092,2643.14,456.944,0.262,0.003,62.489,43.168,0.609,0.56,0.392,0.038,0.13,0.56,0.023,0.069,-1.077e-4,0,-0.005,0.708,0.712,1.155e-5,906.859,0.001,336.736,0.279,6.4,32.17
8.846,0.077,2643.135,456.939,0.262,0.003,62.49,43.168,0.541,0.56,0.392,0.038,0.13,0.56,0.019,0.058,-3.672e-4,0,-0.005,0.708,0.712,3.173e-6,906.668,0.001,336.729,0.278,6.4,32.17
8.864,0.08,2643.13,456.934,0.262,0.003,62.49,43.168,0.474,0.559,0.392,0.038,0.13,0.559,0.02,0.06,4.905e-4,0,-0.005,0.708,0.712,0,906.477,0.001,336.722,0.278,6.4,32.17
8.883,0.092,2643.125,456.929,0.262,0.003,62.489,43.167,0.406,0.559,0.392,0.037,0.13,0.559,0.023,0.069,-3.547e-4,0,-0.005,0.708,0.712,-1.522e-6,906.287,0.001,336.716,0.277,6.4,32.17
8.901,0.107,2643.12,456.924,0.262,0.003,62.486,43.167,0.338,0.559,0.392,0.037,0.13,0.559,0.027,0.081,-3.667e-4,0,-0.005,0.708,0.712,-4.455e-6,906.097,0.001,336.709,0.276,6.4,32.17
8.92,0.115,2643.116,456.919,0.262,0.003,62.486,43.167,0.27,0.559,0.392,0.037,0.13,0.559,0.029,0.086,1.473e-4,0,-0.005,0.708,0.712,-1.154e-5,905.907,0.001,336.702,0.276,6.4,32.17
8.938,0.127,2643.111,456.915,0.262,0.003,62.478,43.167,0.202,0.559,0.392,0.037,0.13,0.559,0.032,0.096,-4.742e-5,0,-0.005,0.707,0.712,-1.202e-5,905.719,0.001,336.696,0.275,6.4,32.17
8.956,0.137,2643.106,456.91,0.262,0.003,62.47,43.167,0.135,0.559,0.392,0.037,0.13,0.559,0.034,0.103,-2.487e-4,0,-0.005,0.707,0.712,-6.841e-6,905.533,0.001,336.689,0.274,6.4,32.17
8.975,0.143,2643.101,456.905,0.262,0.003,62.466,43.167,0.068,0.558,0.392,0.037,0.13,0.559,0.036,0.108,7.672e-5,0,-0.005,0.707,0.712,-1.829e-6,905.347,0.001,336.683,0.274,6.4,32.17
8.993,0.149,2643.096,456.9,0.262,0.003,62.462,43.167,0,0.558,0.392,0.037,0.13,0.558,0.037,0.112,-4.504e-4,0,-0.005,0.707,0.712,0,905.159,0.001,336.676,0.273,6.4,32.17
9.011,0.159,2643.096,456.9,0.262,0.003,62.457,43.167,0,0.558,0.392,0.037,0.13,0.558,0.04,0.12,7.882e-5,0,-0.005,0.707,0.712,2.05e-6,904.972,0.001,336.669,0.272,6.4,32.17
9.03,0.176,2643.096,456.9,0.262,0.003,62.45,43.167,0,0.558,0.392,0.037,0.13,0.558,0.044,0.132,-1.619e-4,0,-0.005,0.707,0.712,9.066e-6,904.785,0.001,336.663,0.271,6.4,32.17
9.049,0.192,2643.096,456.9,0.262,0.003,62.442,43.167,0,0.558,0.392,0.036,0.13,0.558,0.048,0.144,1.01e-4,0,-0.005,0.707,0.712,2.183e-5,904.597,0.001,336.656,0.271,6.4,32.17
9.067,0.164,2643.096,456.9,0.262,0.003,62.45,43.167,0,0.558,0.392,0.036,0.129,0.558,0.041,0.124,2.659e-4,0,-0.005,0.707,0.712,3.403e-5,904.408,0.001,336.65,0.27,6.4,32.17
9.086,0.131,2643.096,456.9,0.262,0.003,62.462,43.167,0,0.558,0.392,0.036,0.129,0.558,0.033,0.098,-3.459e-4,0,-0.005,0.707,0.712,3.366e-5,904.222,0.001,336.643,0.269,6.4,32.17
9.104,0.103,2643.096,456.9,0.262,0.003,62.477,43.167,0,0.557,0.392,0.036,0.129,0.557,0.026,0.077,-8.915e-5,0,-0.005,0.707,0.712,1.44e-5,904.037,0.001,336.636,0.269,6.4,32.17
9.123,0.094,2643.096,456.9,0.262,0.003,62.487,43.167,0,0.557,0.392,0.036,0.129,0.557,0.023,0.071,9.396e-5,0,-0.005,0.707,0.712,0,903.853,0.001,336.63,0.268,6.4,32.17
9.141,0.101,2643.096,456.9,0.262,0.003,62.484,43.167,0,0.557,0.392,0.036,0.129,0.557,0.025,0.076,-2.198e-4,0,-0.005,0.707,0.712,-1.501e-5,903.67,0.001,336.624,0.267,6.4,32.17
9.159,0.121,2643.096,456.9,0.262,0.003,62.472,43.167,0,0.557,0.392,0.036,0.129,0.557,0.03,0.09,-2.277e-4,0,-0.005,0.707,0.712,-3.142e-5,903.487,0.001,336.617,0.267,6.4,32.17
9.178,0.142,2643.096,456.9,0.262,0.003,62.459,43.167,0,0.557,0.392,0.036,0.129,0.557,0.035,0.107,2.381e-4,0,-0.005,0.707,0.712,-3.308e-5,903.305,0.001,336.611,0.266,6.4,32.17
9.196,0.162,2643.096,456.9,0.262,0.003,62.449,43.167,0,0.557,0.392,0.036,0.129,0.557,0.04,0.121,3.645e-4,0,-0.005,0.707,0.712,-2.585e-5,903.123,0.001,336.604,0.265,6.4,32.17
9.215,0.179,2643.096,456.9,0.262,0.003,62.441,43.167,0,0.557,0.392,0.035,0.129,0.557,0.045,0.135,-1.423e-4,0,-0.005,0.707,0.712,-1.268e-5,902.94,0.001,336.598,0.265,6.4,32.17
9.234,0.203,2643.096,456.9,0.262,0.003,62.431,43.167,0,0.556,0.392,0.035,0.129,0.557,0.051,0.152,-1.277e-4,0,-0.005,0.707,0.712,-3.238e-6,902.757,0.001,336.591,0.264,6.4,32.17
9.252,0.227,2643.096,456.9,0.262,0.003,62.421,43.167,0,0.556,0.392,0.035,0.129,0.556,0.057,0.171,2.002e-4,0,-0.005,0.707,0.712,0,902.572,0.001,336.585,0.263,6.4,32.17
9.271,0.214,2643.096,456.9,0.262,0.003,62.424,43.167,0,0.556,0.392,0.035,0.129,0.556,0.054,0.161,-1.969e-4,0,-0.005,0.707,0.712,1.787e-6,902.387,0.001,336.578,0.262,6.4,32.17
9.29,0.196,2643.096,456.9,0.262,0.003,62.433,43.167,0,0.556,0.392,0.035,0.129,0.556,0.049,0.147,1.868e-5,0,-0.005,0.707,0.712,5.229e-6,902.204,0.001,336.572,0.262,6.4,32.17
9.309,0.175,2643.096,456.9,0.262,0.003,62.444,43.167,0,0.556,0.392,0.035,0.129,0.556,0.044,0.132,2.421e-5,0,-0.005,0.707,0.712,7.604e-6,902.024,0.001,336.565,0.261,6.4,32.17
9.327,0.156,2643.096,456.9,0.262,0.003,62.456,43.167,0,0.556,0.392,0.035,0.129,0.556,0.039,0.117,3.883e-4,0,-0.005,0.707,0.712,7.148e-6,901.844,0.001,336.559,0.26,6.4,32.17
9.346,0.138,2643.096,456.9,0.262,0.003,62.465,43.167,0,0.556,0.392,0.035,0.129,0.556,0.034,0.103,-2.065e-4,0,-0.005,0.707,0.712,3.229e-6,901.665,0.001,336.553,0.26,6.4,32.17
9.364,0.125,2643.096,456.9,0.262,0.003,62.468,43.167,0,0.555,0.392,0.035,0.129,0.555,0.031,0.094,2.62e-4,0,-0.006,0.707,0.712,0,901.487,0.001,336.547,0.259,6.4,32.17
9.383,0.122,2643.096,456.9,0.262,0.003,62.463,43.167,0,0.555,0.392,0.034,0.129,0.555,0.03,0.091,4.655e-4,0,-0.006,0.707,0.712,-3.829e-6,901.309,0.001,336.54,0.258,6.4,32.17
9.401,0.126,2643.096,456.9,0.262,0.003,62.456,43.167,0,0.555,0.392,0.034,0.129,0.555,0.031,0.095,-4.76e-5,0,-0.006,0.706,0.712,-1.094e-5,901.132,0.001,336.534,0.258,6.4,32.17
9.42,0.119,2643.096,456.9,0.262,0.003,62.457,43.167,0,0.555,0.392,0.034,0.129,0.555,0.03,0.089,3.735e-4,0,-0.006,0.706,0.712,-9.306e-6,900.955,0.001,336.528,0.257,6.4,32.17
9.438,0.114,2643.096,456.9,0.262,0.003,62.459,43.167,0,0.555,0.392,0.034,0.129,0.555,0.028,0.086,3.883e-5,0,-0.006,0.706,0.712,-6.634e-6,900.778,0.001,336.522,0.256,6.4,32.17
9.457,0.111,2643.096,456.9,0.262,0.003,62.46,43.167,0,0.555,0.392,0.034,0.128,0.555,0.028,0.083,3.872e-4,0,-0.006,0.706,0.712,-3.928e-6,900.599,0.001,336.515,0.256,6.4,32.17
9.476,0.11,2643.096,456.9,0.262,0.003,62.461,43.167,0,0.555,0.392,0.034,0.128,0.555,0.027,0.083,2.007e-4,0,-0.006,0.706,0.712,-1.82e-6,900.421,0.001,336.509,0.255,6.4,32.17
9.495,0.111,2643.096,456.9,0.262,0.003,62.46,43.167,0,0.554,0.392,0.034,0.128,0.555,0.028,0.084,-3.538e-4,0,-0.006,0.706,0.712,-4.203e-7,900.242,0.001,336.503,0.254,6.4,32.17
9.514,0.113,2643.096,456.9,0.262,0.003,62.46,43.167,0,0.554,0.392,0.034,0.128,0.554,0.028,0.085,4.762e-4,0,-0.006,0.706,0.712,-1.075e-8,900.063,0.001,336.496,0.254,6.4,32.17
9.533,0.115,2643.096,456.9,0.262,0.003,62.461,43.167,0,0.554,0.392,0.034,0.128,0.554,0.029,0.086,-3.026e-5,0,-0.006,0.706,0.712,1.427e-7,899.885,0.001,336.49,0.253,6.4,32.17
9.552,0.115,2643.096,456.9,0.262,0.003,62.463,43.167,0,0.554,0.392,0.033,0.128,0.554,0.029,0.087,4.475e-4,0,-0.006,0.706,0.712,5.739e-7,899.708,0.001,336.484,0.252,6.4,32.17
9.57,0.103,2643.096,456.9,0.262,0.003,62.472,43.167,0,0.554,0.392,0.033,0.128,0.554,0.026,0.077,4.412e-4,0,-0.006,0.706,0.712,0,899.53,0.001,336.478,0.251,6.4,32.17
9.589,0.097,2643.096,456.9,0.262,0.003,62.474,43.167,0,0.554,0.392,0.033,0.128,0.554,0.024,0.073,-1.493e-4,0,-0.006,0.706,0.712,-8.932e-7,899.355,0.001,336.471,0.251,6.4,32.17
9.608,0.096,2643.096,456.9,0.262,0.003,62.469,43.167,0,0.554,0.392,0.033,0.128,0.554,0.024,0.072,-3.305e-4,0,-0.006,0.706,0.712,-2.532e-6,899.182,0.001,336.465,0.25,6.4,32.17
9.626,0.097,2643.096,456.9,0.262,0.003,62.463,43.167,0,0.554,0.392,0.033,0.128,0.554,0.024,0.073,1.125e-4,0,-0.006,0.706,0.712,-3.01e-6,899.009,0.001,336.459,0.249,6.4,32.17
9.645,0.098,2643.096,456.9,0.262,0.003,62.46,43.167,0,0.553,0.392,0.033,0.128,0.553,0.024,0.074,2.256e-4,0,-0.006,0.706,0.712,-2.476e-6,898.837,0.001,336.453,0.249,6.4,32.17
9.664,0.102,2643.096,456.9,0.262,0.003,62.459,43.167,0,0.553,0.392,0.033,0.128,0.553,0.026,0.077,3.12e-4,0,-0.006,0.706,0.712,-1.53e-6,898.669,0.001,336.447,0.248,6.4,32.17
9.682,0.107,2643.096,456.9,0.262,0.003,62.461,43.167,0,0.553,0.392,0.033,0.128,0.553,0.027,0.081,-2.453e-4,0,-0.006,0.706,0.712,-4.212e-7,898.507,0.001,336.441,0.247,6.4,32.17
9.701,0.108,2643.096,456.9,0.262,0.003,62.465,43.167,0,0.553,0.392,0.033,0.128,0.553,0.027,0.081,6.886e-5,0,-0.006,0.706,0.712,7.387e-9,898.345,0.001,336.435,0.247,6.4,32.17
9.719,0.058,2643.096,456.9,0.262,0.003,62.479,43.167,0,0.553,0.392,0.033,0.128,0.553,0.014,0.043,2.651e-4,0,-0.006,0.706,0.712,9.127e-7,898.184,0.001,336.429,0.246,6.4,32.17
9.738,0.072,2643.096,456.9,0.262,0.003,62.469,43.167,0,0.553,0.392,0.033,0.128,0.553,0.018,0.054,-1.434e-4,0,-0.006,0.706,0.712,1.533e-6,898.02,0.001,336.423,0.245,6.4,32.17
9.757,0.089,2643.096,456.9,0.262,0.003,62.462,43.167,0,0.553,0.392,0.032,0.128,0.553,0.022,0.066,9.153e-5,0,-0.006,0.706,0.712,4.111e-6,897.854,0.001,336.417,0.245,6.4,32.17
9.776,0.039,2643.096,456.9,0.262,0.003,62.48,43.167,0,0.553,0.392,0.032,0.128,0.553,0.01,0.029,2.423e-4,0,-0.006,0.706,0.712,7.502e-6,897.689,0.001,336.411,0.244,6.4,32.17
9.795,0.014,2643.096,456.9,0.262,0.003,62.491,43.167,0,0.552,0.393,0.032,0.128,0.552,0.004,0.01,3.543e-5,0,-0.006,0.706,0.712,-6.731e-6,897.527,0.001,336.405,0.243,6.4,32.17
9.814,0.006,2643.096,456.9,0.262,0.003,62.496,43.167,0,0.552,0.393,0.032,0.128,0.552,0.001,0.005,-4.484e-4,0,-0.006,0.706,0.712,5.302e-6,897.367,0.001,336.399,0.243,6.4,32.17
9.833,0.046,2643.096,456.9,0.262,0.003,62.477,43.167,0,0.552,0.393,0.032,0.128,0.552,0.011,0.034,1.803e-4,0,-0.006,0.706,0.712,8.742e-6,897.206,0.001,336.393,0.242,6.4,32.17
9.852,0.083,2643.096,456.9,0.262,0.003,62.465,43.167,0,0.552,0.393,0.032,0.128,0.552,0.021,0.061,4.595e-4,0,-0.006,0.706,0.712,1.033e-5,897.043,0.001,336.387,0.241,6.4,32.17
9.871,0.085,2643.096,456.9,0.262,0.003,62.467,43.167,0,0.552,0.393,0.032,0.128,0.552,0.021,0.064,-1.169e-4,0,-0.006,0.706,0.712,1.116e-5,896.88,0.001,336.381,0.241,6.4,32.17
9.89,0.087,2643.096,456.9,0.262,0.003,62.47,43.167,0,0.552,0.393,0.032,0.127,0.552,0.022,0.065,7.778e-6,0,-0.006,0.706,0.712,9.072e-6,896.717,0.001,336.375,0.24,6.4,32.17
9.909,0.076,2643.096,456.9,0.262,0.003,62.476,43.167,0,0.552,0.393,0.032,0.127,0.552,0.019,0.057,4.416e-4,0,-0.006,0.706,0.712,3.845e-6,896.555,0.001,336.369,0.239,6.4,32.17
9.928,0.056,2643.096,456.9,0.262,0.003,62.477,43.167,0,0.552,0.393,0.032,0.127,0.552,0.014,0.042,-4.533e-4,0,-0.006,0.705,0.712,-5.822e-7,896.394,0.001,336.363,0.238,6.4,32.17
9.947,0.054,2643.096,456.9,0.262,0.003,62.47,43.167,0,0.551,0.393,0.032,0.127,0.551,0.013,0.04,-6.307e-5,0,-0.006,0.705,0.712,-1.431e-5,896.235,0.001,336.357,0.238,6.4,32.17
9.966,0.096,2643.096,456.9,0.262,0.003,62.454,43.167,0,0.551,0.393,0.031,0.127,0.551,0.024,0.072,1.039e-4,0,-0.006,0.705,0.712,-6.474e-6,896.077,0.001,336.351,0.237,6.4,32.17
9.985,0.155,2643.096,456.9,0.262,0.003,62.43,43.167,0,0.551,0.393,0.031,0.127,0.551,0.039,0.116,-2.474e-4,0,-0.006,0.705,0.712,-2.542e-6,895.918,0.001,336.345,0.237,6.4,32.17
10.004,0.206,2643.096,456.9,0.262,0.003,62.409,43.167,0,0.551,0.393,0.031,0.127,0.551,0.051,0.154,-3.217e-4,0,-0.006,0.705,0.712,-4.108e-7,895.757,0.001,336.339,0.236,6.4,32.17
10.024,0.221,2643.096,456.9,0.262,0.003,62.403,43.167,0,0.551,0.393,0.031,0.127,0.551,0.055,0.165,2.687e-4,0,-0.006,0.705,0.712,6.132e-8,895.595,0.001,336.333,0.235,6.4,32.17
10.043,0.23,2643.096,456.9,0.262,0.003,62.401,43.167,0,0.551,0.393,0.031,0.127,0.551,0.058,0.172,-3.998e-5,0,-0.006,0.705,0.712,1.485e-6,895.434,0.001,336.327,0.234,6.4,32.17
10.063,0.226,2643.096,456.9,0.262,0.003,62.405,43.167,0,0.551,0.393,0.031,0.127,0.551,0.056,0.17,2.327e-4,0,-0.007,0.705,0.712,4.084e-6,895.274,0.001,336.321,0.234,6.4,32.17
10.082,0.213,2643.096,456.9,0.262,0.003,62.414,43.167,0,0.551,0.393,0.031,0.127,0.551,0.053,0.16,-2.414e-5,0,-0.007,0.705,0.712,5.941e-6,895.115,0.001,336.315,0.233,6.4,32.17
10.101,0.2,2643.096,456.9,0.262,0.003,62.421,43.167,0,0.551,0.393,0.031,0.127,0.551,0.05,0.15,3.047e-4,0,-0.007,0.705,0.712,5.815e-6,894.957,0.001,336.31,0.232,6.4,32.17
10.12,0.208,2643.096,456.9,0.262,0.003,62.419,43.167,0,0.55,0.393,0.031,0.127,0.551,0.052,0.156,1.61e-4,0,-0.007,0.705,0.712,6.317e-6,894.8,0.001,336.304,0.232,6.4,32.17
10.14,0.214,2643.096,456.9,0.262,0.003,62.414,43.167,0,0.55,0.393,0.031,0.127,0.55,0.053,0.16,2.802e-4,0,-0.007,0.705,0.712,5.812e-6,894.643,0.001,336.298,0.231,6.4,32.17
10.159,0.22,2643.096,456.9,0.262,0.003,62.409,43.167,0,0.55,0.393,0.031,0.127,0.55,0.055,0.165,3.562e-4,0,-0.007,0.705,0.712,4.29e-6,894.485,0.001,336.292,0.23,6.4,32.17
10.178,0.226,2643.096,456.9,0.262,0.003,62.402,43.167,0,0.55,0.393,0.03,0.127,0.55,0.056,0.17,4.867e-4,0,-0.007,0.705,0.712,2.281e-6,894.328,0.001,336.286,0.23,6.4,32.17
10.198,0.234,2643.096,456.9,0.262,0.003,62.395,43.167,0,0.55,0.393,0.03,0.127,0.55,0.058,0.175,2.305e-4,0,-0.007,0.705,0.712,6.906e-7,894.171,0.001,336.28,0.229,6.4,32.17
10.217,0.267,2643.096,456.9,0.262,0.003,62.381,43.167,0,0.55,0.393,0.03,0.127,0.55,0.067,0.2,-1.418e-4,0,-0.007,0.705,0.712,1.587e-6,894.013,0.001,336.275,0.228,6.4,32.17
10.237,0.304,2643.096,456.9,0.262,0.003,62.365,43.167,0,0.55,0.393,0.03,0.127,0.55,0.076,0.228,-3.696e-4,0,-0.007,0.705,0.712,3.581e-6,893.855,0.001,336.269,0.228,6.4,32.17
10.257,0.316,2643.096,456.9,0.262,0.003,62.361,43.167,0,0.55,0.393,0.03,0.127,0.55,0.079,0.237,1.832e-4,0,-0.007,0.705,0.712,3.375e-6,893.696,0.001,336.263,0.227,6.4,32.17
10.277,0.289,2643.096,456.9,0.262,0.003,62.376,43.167,0,0.55,0.393,0.03,0.127,0.55,0.072,0.217,3.541e-4,0,-0.007,0.705,0.712,-8.63e-8,893.537,0.001,336.257,0.226,6.4,32.17
10.296,0.277,2643.096,456.9,0.262,0.003,62.386,43.167,0,0.549,0.393,0.03,0.127,0.55,0.069,0.208,3.061e-5,0,-0.007,0.705,0.712,-7.65e-6,893.382,0.001,336.251,0.226,6.4,32.17
10.316,0.286,2643.096,456.9,0.262,0.003,62.384,43.167,0,0.549,0.393,0.03,0.127,0.549,0.071,0.214,-1.477e-4,0,-0.007,0.705,0.712,-1.269e-5,893.228,0.001,336.246,0.225,6.4,32.17
10.335,0.296,2643.096,456.9,0.262,0.003,62.378,43.167,0,0.549,0.393,0.03,0.127,0.549,0.074,0.222,-1.499e-4,0,-0.007,0.705,0.712,-1.238e-5,893.075,0.001,336.24,0.224,6.4,32.17
10.354,0.305,2643.096,456.9,0.262,0.003,62.372,43.167,0,0.549,0.393,0.03,0.127,0.549,0.076,0.228,3.536e-4,0,-0.007,0.705,0.712,-8.727e-6,892.922,0.001,336.234,0.224,6.4,32.17
10.374,0.31,2643.096,456.9,0.262,0.003,62.367,43.167,0,0.549,0.393,0.03,0.126,0.549,0.078,0.233,-2.514e-4,0,-0.007,0.705,0.712,-3.618e-6,892.769,0.001,336.229,0.223,6.4,32.17
10.393,0.311,2643.096,456.9,0.262,0.003,62.364,43.167,0,0.549,0.393,0.03,0.126,0.549,0.078,0.233,-8.28e-5,0,-0.007,0.705,0.712,-4.715e-7,892.616,0.001,336.223,0.222,6.4,32.17
10.413,0.304,2643.096,456.9,0.262,0.003,62.363,43.167,0,0.549,0.393,0.029,0.126,0.549,0.076,0.227,4.426e-4,0,-0.007,0.705,0.712,7.761e-8,892.463,0.001,336.217,0.222,6.4,32.17
10.432,0.291,2643.096,456.9,0.262,0.003,62.366,43.167,0,0.549,0.393,0.029,0.126,0.549,0.073,0.218,-8.997e-5,0,-0.007,0.705,0.712,9.235e-7,892.31,0.001,336.212,0.221,6.4,32.17
10.452,0.274,2643.096,456.9,0.262,0.003,62.373,43.167,0,0.549,0.393,0.029,0.126,0.549,0.068,0.206,-1.136e-4,0,-0.007,0.705,0.712,2.019e-6,892.159,0.001,336.206,0.22,6.4,32.17
10.471,0.256,2643.096,456.9,0.262,0.003,62.382,43.167,0,0.548,0.393,0.029,0.126,0.549,0.064,0.193,4.105e-4,0,-0.007,0.705,0.712,3.27e-6,892.008,0.001,336.2,0.22,6.4,32.17
10.491,0.237,2643.096,456.9,0.262,0.003,62.392,43.167,0,0.548,0.393,0.029,0.126,0.548,0.059,0.178,7.572e-5,0,-0.007,0.705,0.712,3.381e-6,891.857,0.001,336.195,0.219,6.4,32.17
10.511,0.217,2643.096,456.9,0.262,0.003,62.403,43.167,0,0.548,0.393,0.029,0.126,0.548,0.054,0.163,3.758e-5,0,-0.007,0.705,0.712,1.922e-6,891.706,0.001,336.189,0.218,6.4,32.17
10.53,0.199,2643.096,456.9,0.262,0.003,62.412,43.167,0,0.548,0.393,0.029,0.126,0.548,0.05,0.15,-4.724e-4,0,-0.007,0.704,0.712,1.985e-7,891.555,0.001,336.184,0.218,6.4,32.17
10.55,0.185,2643.096,456.9,0.262,0.003,62.418,43.167,0,0.548,0.393,0.029,0.126,0.548,0.046,0.138,-2.939e-4,0,-0.008,0.704,0.712,-6.443e-7,891.405,0.001,336.178,0.217,6.4,32.17
10.569,0.17,2643.096,456.9,0.262,0.003,62.423,43.167,0,0.548,0.393,0.029,0.126,0.548,0.042,0.128,-6.435e-5,0,-0.008,0.704,0.712,-1.522e-6,891.256,0.001,336.173,0.216,6.4,32.17
10.589,0.157,2643.096,456.9,0.262,0.003,62.425,43.167,0,0.548,0.393,0.029,0.126,0.548,0.039,0.117,-1.927e-4,0,-0.008,0.704,0.712,-2.621e-6,891.106,0.001,336.167,0.216,6.4,32.17
10.609,0.15,2643.096,456.9,0.262,0.003,62.424,43.167,0,0.548,0.393,0.029,0.126,0.548,0.037,0.113,-4.987e-4,0,-0.008,0.704,0.712,-6.749e-6,890.956,0.001,336.161,0.215,6.4,32.17
10.629,0.151,2643.096,456.9,0.262,0.003,62.419,43.167,0,0.548,0.393,0.029,0.126,0.548,0.038,0.113,3.154e-4,0,-0.008,0.704,0.712,-1.578e-5,890.806,0.001,336.156,0.214,6.4,32.17
10.649,0.155,2643.096,456.9,0.262,0.003,62.415,43.167,0,0.547,0.393,0.028,0.126,0.547,0.039,0.117,4.409e-4,0,-0.008,0.704,0.712,-2.136e-5,890.658,0.001,336.15,0.214,6.4,32.17
10.668,0.145,2643.096,456.9,0.262,0.003,62.419,43.167,0,0.547,0.393,0.028,0.126,0.547,0.036,0.109,3.204e-4,0,-0.008,0.704,0.712,-1.519e-5,890.51,0.001,336.145,0.213,6.4,32.17
10.688,0.137,2643.096,456.9,0.262,0.003,62.421,43.167,0,0.547,0.393,0.028,0.126,0.547,0.034,0.102,1.682e-4,0,-0.008,0.704,0.712,-8.601e-6,890.361,0.001,336.139,0.212,6.4,32.17
10.708,0.135,2643.096,456.9,0.262,0.003,62.423,43.167,0,0.547,0.393,0.028,0.126,0.547,0.034,0.101,4.857e-4,0,-0.008,0.704,0.712,-5.925e-6,890.213,0.001,336.134,0.212,6.4,32.17
10.728,0.135,2643.096,456.9,0.262,0.003,62.425,43.167,0,0.547,0.393,0.028,0.126,0.547,0.034,0.101,-3.466e-4,0,-0.008,0.704,0.712,-6.439e-6,890.065,0.001,336.128,0.211,6.4,32.17
10.748,0.135,2643.096,456.9,0.262,0.003,62.429,43.167,0,0.547,0.393,0.028,0.126,0.547,0.034,0.101,-6.761e-5,0,-0.008,0.704,0.712,-5.359e-6,889.918,0.001,336.123,0.21,6.4,32.17
10.767,0.126,2643.096,456.9,0.262,0.003,62.431,43.167,0,0.547,0.393,0.028,0.126,0.547,0.031,0.094,4.568e-4,0,-0.008,0.704,0.712,-1.39e-6,889.773,0.001,336.118,0.209,6.4,32.17
10.787,0.128,2643.096,456.9,0.262,0.003,62.428,43.167,0,0.547,0.393,0.028,0.126,0.547,0.032,0.097,4.884e-5,0,-0.008,0.704,0.712,1.237e-8,889.627,0.001,336.112,0.209,6.4,32.17
10.807,0.14,2643.096,456.9,0.262,0.003,62.423,43.167,0,0.547,0.393,0.028,0.126,0.547,0.035,0.105,-6.044e-5,0,-0.008,0.704,0.712,1.666e-6,889.48,0.001,336.107,0.208,6.4,32.17
10.827,0.151,2643.096,456.9,0.262,0.003,62.419,43.167,0,0.546,0.393,0.028,0.126,0.546,0.038,0.113,-2.738e-4,0,-0.008,0.704,0.712,5.314e-6,889.333,0.001,336.101,0.207,6.4,32.17
10.848,0.162,2643.096,456.9,0.262,0.003,62.415,43.167,0,0.546,0.393,0.028,0.126,0.546,0.04,0.121,1.493e-4,0,-0.008,0.704,0.712,1.085e-5,889.187,0.001,336.096,0.207,6.4,32.17
10.868,0.165,2643.096,456.9,0.262,0.003,62.415,43.167,0,0.546,0.393,0.028,0.126,0.546,0.041,0.123,-4.801e-4,0,-0.008,0.704,0.712,1.684e-5,889.041,0.001,336.091,0.206,6.4,32.17
10.888,0.165,2643.096,456.9,0.262,0.003,62.417,43.167,0,0.546,0.393,0.027,0.125,0.546,0.041,0.124,-1.184e-4,0,-0.008,0.704,0.712,2.197e-5,888.895,0.001,336.085,0.205,6.4,32.17
10.908,0.159,2643.096,456.9,0.262,0.003,62.421,43.167,0,0.546,0.393,0.027,0.125,0.546,0.04,0.12,2.363e-4,0,-0.008,0.704,0.712,2.373e-5,888.751,0.001,336.08,0.205,6.4,32.17
10.928,0.147,2643.096,456.9,0.262,0.003,62.426,43.167,0,0.546,0.393,0.027,0.125,0.546,0.037,0.11,4.18e-4,0,-0.008,0.704,0.712,1.879e-5,888.606,0.001,336.074,0.204,6.4,32.17
10.948,0.138,2643.096,456.9,0.262,0.003,62.427,43.167,0,0.546,0.393,0.027,0.125,0.546,0.034,0.103,4.458e-4,0,-0.008,0.704,0.712,9.315e-6,888.463,0.001,336.069,0.203,6.4,32.17
10.968,0.133,2643.096,456.9,0.262,0.003,62.425,43.167,0,0.546,0.393,0.027,0.125,0.546,0.033,0.1,4.385e-4,0,-0.008,0.704,0.712,1.077e-6,888.321,0.001,336.064,0.203,6.4,32.17
10.988,0.135,2643.096,456.9,0.262,0.003,62.419,43.167,0,0.546,0.393,0.027,0.125,0.546,0.034,0.101,4.217e-4,0,-0.009,0.704,0.712,-1.486e-6,888.179,0.001,336.059,0.202,6.4,32.17
11.008,0.15,2643.096,456.9,0.262,0.003,62.41,43.167,0,0.545,0.393,0.027,0.125,0.546,0.037,0.112,-3.887e-4,0,-0.009,0.704,0.712,-5.824e-6,888.038,0.001,336.053,0.201,6.4,32.17
11.028,0.182,2643.096,456.9,0.262,0.003,62.397,43.167,0,0.545,0.393,0.027,0.125,0.545,0.045,0.137,4.02e-6,0,-0.009,0.704,0.712,-5.093e-6,887.897,0.001,336.048,0.201,6.4,32.17
11.048,0.217,2643.096,456.9,0.262,0.003,62.383,43.167,0,0.545,0.393,0.027,0.125,0.545,0.054,0.162,3.572e-4,0,-0.009,0.704,0.712,-3.714e-6,887.755,0.001,336.043,0.2,6.4,32.17
11.068,0.236,2643.096,456.9,0.262,0.003,62.377,43.167,0,0.545,0.393,0.027,0.125,0.545,0.059,0.177,-1.097e-4,0,-0.009,0.704,0.712,-3.747e-6,887.613,0.001,336.038,0.199,6.4,32.17
11.088,0.253,2643.096,456.9,0.262,0.003,62.372,43.167,0,0.545,0.393,0.027,0.125,0.545,0.063,0.19,2.9e-4,0,-0.009,0.704,0.712,-2.891e-6,887.472,0.001,336.032,0.199,6.4,32.17
11.109,0.278,2643.096,456.9,0.262,0.003,62.364,43.167,0,0.545,0.393,0.027,0.125,0.545,0.069,0.208,-1.49e-4,0,-0.009,0.704,0.712,-8.667e-7,887.331,0.001,336.027,0.198,6.4,32.17
11.129,0.316,2643.096,456.9,0.262,0.003,62.351,43.167,0,0.545,0.393,0.027,0.125,0.545,0.079,0.237,-1.664e-4,0,-0.009,0.704,0.712,1.573e-7,887.19,0.001,336.022,0.197,6.4,32.17
11.149,0.351,2643.096,456.9,0.262,0.003,62.339,43.167,0,0.545,0.393,0.026,0.125,0.545,0.088,0.262,3.719e-4,0,-0.009,0.704,0.712,3.52e-6,887.049,0.001,336.017,0.197,6.4,32.17
11.17,0.352,2643.096,456.9,0.262,0.003,62.34,43.167,0,0.545,0.393,0.026,0.125,0.545,0.088,0.264,-4.868e-4,0,-0.009,0.704,0.712,8.41e-6,886.908,0.001,336.012,0.196,6.4,32.17
11.19,0.348,2643.096,456.9,0.262,0.003,62.342,43.167,0,0.545,0.393,0.026,0.125,0.545,0.087,0.261,2.211e-4,0,-0.009,0.704,0.712,1.345e-5,886.767,0.001,336.006,0.195,6.4,32.17
11.211,0.354,2643.096,456.9,0.262,0.003,62.339,43.167,0,0.545,0.393,0.026,0.125,0.545,0.089,0.266,4.241e-4,0,-0.009,0.704,0.712,1.928e-5,886.628,0.001,336.001,0.195,6.4,32.17
11.231,0.369,2643.096,456.9,0.262,0.003,62.332,43.167,0,0.544,0.393,0.026,0.125,0.545,0.092,0.276,4.425e-4,0,-0.009,0.703,0.712,2.671e-5,886.489,0.001,335.996,0.194,6.4,32.17
11.252,0.38,2643.096,456.9,0.262,0.003,62.325,43.167,0,0.544,0.393,0.026,0.125,0.545,0.095,0.284,3.746e-4,0,-0.009,0.703,0.712,3.174e-5,886.349,0.001,335.991,0.193,6.4,32.17
11.272,0.368,2643.096,456.9,0.262,0.003,62.326,43.167,0,0.544,0.393,0.026,0.125,0.545,0.092,0.275,2.749e-4,0,-0.009,0.703,0.713,2.533e-5,886.21,0.001,335.986,0.193,6.4,32.17
11.293,0.359,2643.096,456.9,0.262,0.003,62.325,43.167,0,0.544,0.393,0.026,0.125,0.544,0.09,0.269,2.061e-4,0,-0.009,0.703,0.713,1.393e-5,886.071,0.001,335.981,0.192,6.4,32.17
11.313,0.343,2643.096,456.9,0.262,0.003,62.329,43.167,0,0.544,0.393,0.026,0.125,0.544,0.086,0.257,4.971e-4,0,-0.009,0.703,0.713,1.398e-6,885.933,0.001,335.975,0.191,6.4,32.17
11.334,0.333,2643.096,456.9,0.262,0.003,62.334,43.167,0,0.544,0.393,0.026,0.125,0.544,0.083,0.249,-2.117e-4,0,-0.009,0.703,0.713,-4.8e-6,885.797,0.001,335.97,0.191,6.4,32.17
11.354,0.335,2643.096,456.9,0.262,0.003,62.337,43.167,0,0.544,0.393,0.026,0.125,0.544,0.084,0.251,-3.019e-4,0,-0.01,0.703,0.713,-2.768e-5,885.662,0.001,335.965,0.19,6.4,32.17
11.374,0.347,2643.096,456.9,0.262,0.003,62.336,43.167,0,0.544,0.393,0.026,0.125,0.544,0.087,0.26,1.899e-4,0,-0.01,0.703,0.713,-5.479e-5,885.528,0.001,335.96,0.189,6.4,32.17
11.394,0.364,2643.096,456.9,0.262,0.003,62.332,43.167,0,0.544,0.393,0.026,0.125,0.544,0.091,0.273,-2.594e-5,0,-0.01,0.703,0.713,-6.769e-5,885.395,0.001,335.956,0.189,6.4,32.17
11.414,0.381,2643.096,456.9,0.262,0.003,62.326,43.167,0,0.544,0.393,0.026,0.125,0.544,0.095,0.285,-4.744e-4,0,-0.01,0.703,0.713,-5.661e-5,885.263,0.001,335.951,0.188,6.4,32.17
11.434,0.392,2643.096,456.9,0.262,0.003,62.32,43.167,0,0.544,0.393,0.026,0.125,0.544,0.098,0.294,-4.499e-4,0,-0.01,0.703,0.713,-3.689e-5,885.131,0.001,335.946,0.187,6.4,32.17
11.454,0.397,2643.096,456.9,0.262,0.003,62.316,43.167,0,0.543,0.393,0.025,0.125,0.544,0.099,0.297,-2.1e-5,0,-0.01,0.703,0.713,-1.883e-5,884.999,0.001,335.941,0.187,6.4,32.17
11.475,0.394,2643.096,456.9,0.262,0.003,62.314,43.167,0,0.543,0.393,0.025,0.124,0.544,0.099,0.295,-1.716e-4,0,-0.01,0.703,0.713,-6.724e-6,884.868,0.001,335.936,0.186,6.4,32.17
11.495,0.384,2643.096,456.9,0.262,0.003,62.314,43.167,0,0.543,0.393,0.025,0.124,0.544,0.096,0.288,-4.995e-4,0,-0.01,0.703,0.713,-5.278e-7,884.737,0.001,335.931,0.185,6.4,32.17
11.515,0.366,2643.096,456.9,0.262,0.003,62.319,43.167,0,0.543,0.393,0.025,0.124,0.543,0.091,0.273,3.623e-4,0,-0.01,0.703,0.713,1.269e-6,884.607,0.001,335.926,0.185,6.4,32.17
11.535,0.34,2643.096,456.9,0.262,0.003,62.327,43.167,0,0.543,0.394,0.025,0.124,0.543,0.085,0.255,-3.181e-4,0,-0.01,0.703,0.713,7.651e-6,884.478,0.001,335.922,0.184,6.4,32.17
11.555,0.308,2643.096,456.9,0.262,0.003,62.339,43.167,0,0.543,0.394,0.025,0.124,0.543,0.077,0.23,2.554e-4,0,-0.01,0.703,0.713,1.656e-5,884.349,0.001,335.917,0.183,6.4,32.17
11.575,0.269,2643.096,456.9,0.262,0.003,62.354,43.167,0,0.543,0.394,0.025,0.124,0.543,0.067,0.201,3.061e-4,0,-0.01,0.703,0.713,2.563e-5,884.22,0.001,335.912,0.183,6.4,32.17
11.595,0.227,2643.096,456.9,0.262,0.003,62.372,43.167,0,0.543,0.394,0.025,0.124,0.543,0.057,0.17,4.874e-4,0,-0.01,0.703,0.713,3e-5,884.092,0.001,335.907,0.182,6.4,32.17
11.615,0.19,2643.096,456.9,0.262,0.003,62.391,43.167,0,0.543,0.394,0.025,0.124,0.543,0.047,0.142,7.291e-5,0,-0.011,0.703,0.713,1.925e-5,883.964,0.001,335.903,0.181,6.4,32.17
11.636,0.163,2643.096,456.9,0.262,0.003,62.406,43.167,0,0.543,0.394,0.025,0.124,0.543,0.04,0.122,-3.355e-4,0,-0.011,0.703,0.714,2.396e-6,883.836,0.001,335.898,0.181,6.4,32.17
11.656,0.151,2643.096,456.9,0.262,0.003,62.411,43.167,0,0.543,0.394,0.025,0.124,0.543,0.037,0.113,6.589e-7,0,-0.011,0.703,0.714,-5.462e-6,883.709,0.001,335.893,0.18,6.4,32.17
11.676,0.154,2643.096,456.9,0.262,0.003,62.406,43.167,0,0.543,0.394,0.025,0.124,0.543,0.038,0.114,-3.027e-4,0,-0.011,0.703,0.714,-3.162e-5,883.582,0.001,335.888,0.179,6.4,32.17
11.696,0.169,2643.096,456.9,0.262,0.003,62.394,43.167,0,0.542,0.394,0.025,0.124,0.543,0.042,0.126,3.359e-6,0,-0.011,0.703,0.714,-5.298e-5,883.456,0.001,335.884,0.179,6.4,32.17
11.716,0.16,2643.096,456.9,0.262,0.003,62.394,43.167,0,0.542,0.394,0.025,0.124,0.542,0.04,0.119,-9.742e-5,0,-0.011,0.703,0.714,-5.528e-5,883.331,0.001,335.879,0.178,6.4,32.17
11.736,0.144,2643.096,456.9,0.262,0.003,62.4,43.167,0,0.542,0.394,0.025,0.124,0.542,0.036,0.108,1.439e-4,0,-0.011,0.703,0.714,-4.671e-5,883.205,0.001,335.874,0.177,6.4,32.17
11.757,0.128,2643.096,456.9,0.262,0.003,62.409,43.167,0,0.542,0.394,0.025,0.124,0.542,0.032,0.095,3.232e-5,0,-0.011,0.703,0.714,-3.206e-5,883.079,0.001,335.87,0.177,6.4,32.17
11.777,0.112,2643.096,456.9,0.262,0.003,62.419,43.167,0,0.542,0.394,0.024,0.124,0.542,0.028,0.084,6.273e-5,0,-0.011,0.703,0.714,-1.677e-5,882.952,0.001,335.865,0.176,6.4,32.17
11.798,0.09,2643.096,456.9,0.262,0.003,62.43,43.167,0,0.542,0.394,0.024,0.124,0.542,0.022,0.067,-2.722e-4,0,-0.011,0.703,0.714,-5.124e-6,882.826,0.001,335.86,0.175,6.4,32.17
11.818,0.047,2643.096,456.9,0.262,0.003,62.45,43.167,0,0.542,0.394,0.024,0.124,0.542,0.012,0.036,8.282e-5,0,-0.011,0.703,0.714,8.466e-7,882.7,0.001,335.856,0.175,6.4,32.17
11.839,0.037,2643.096,456.9,0.262,0.003,62.441,43.167,0,0.542,0.394,0.024,0.124,0.542,0.009,0.028,-1.005e-4,0,-0.011,0.703,0.714,2.196e-5,882.574,0.001,335.851,0.174,6.4,32.17
11.86,0.087,2643.096,456.9,0.262,0.003,62.43,43.167,0,0.542,0.394,0.024,0.124,0.542,0.022,0.065,4.898e-4,0,-0.011,0.703,0.714,5.681e-6,882.447,0.001,335.846,0.173,6.4,32.17
11.881,0.148,2643.096,456.9,0.262,0.003,62.409,43.167,0,0.542,0.394,0.024,0.124,0.542,0.037,0.111,-4.669e-4,0,-0.011,0.703,0.714,1.873e-6,882.321,0.001,335.842,0.173,6.4,32.17
11.902,0.21,2643.096,456.9,0.262,0.003,62.385,43.167,0,0.542,0.394,0.024,0.124,0.542,0.052,0.156,4.882e-4,0,-0.011,0.703,0.714,1.185e-6,882.194,0.001,335.837,0.172,6.4,32.17
11.923,0.259,2643.096,456.9,0.262,0.003,62.364,43.167,0,0.542,0.394,0.024,0.124,0.542,0.065,0.193,4.212e-4,0,-0.011,0.703,0.714,1.606e-6,882.067,0.001,335.832,0.171,6.4,32.17
11.944,0.307,2643.096,456.9,0.262,0.003,62.342,43.167,0,0.541,0.394,0.024,0.124,0.542,0.077,0.23,3.337e-4,0,-0.011,0.703,0.714,3.093e-6,881.941,0.001,335.828,0.171,6.4,32.17
11.965,0.332,2643.096,456.9,0.262,0.003,62.33,43.167,0,0.541,0.394,0.024,0.124,0.542,0.083,0.249,3.203e-4,0,-0.011,0.703,0.714,5.878e-6,881.815,0.001,335.823,0.17,6.4,32.17
11.986,0.346,2643.096,456.9,0.262,0.003,62.321,43.167,0,0.541,0.394,0.024,0.124,0.542,0.086,0.258,1.405e-4,0,-0.012,0.703,0.714,9.294e-6,881.69,0.001,335.818,0.169,6.4,32.17
12.007,0.36,2643.096,456.9,0.262,0.003,62.313,43.167,0,0.541,0.394,0.024,0.124,0.541,0.09,0.269,3.416e-5,0,-0.012,0.703,0.714,1.268e-5,881.566,0.001,335.814,0.169,6.4,32.17
12.028,0.373,2643.096,456.9,0.262,0.003,62.306,43.167,0,0.541,0.394,0.024,0.124,0.541,0.093,0.279,-1.349e-4,0,-0.012,0.702,0.714,1.553e-5,881.443,0.001,335.809,0.168,6.4,32.17
12.049,0.385,2643.096,456.9,0.262,0.003,62.301,43.167,0,0.541,0.394,0.024,0.124,0.541,0.096,0.288,-7.71e-5,0,-0.012,0.702,0.714,1.712e-5,881.321,0.001,335.805,0.167,6.4,32.17
12.07,0.4,2643.096,456.9,0.262,0.003,62.297,43.167,0,0.541,0.394,0.024,0.124,0.541,0.1,0.299,-3.413e-5,0,-0.012,0.702,0.714,1.73e-5,881.199,0.001,335.8,0.167,6.4,32.17
12.091,0.414,2643.096,456.9,0.262,0.003,62.293,43.167,0,0.541,0.394,0.024,0.124,0.541,0.104,0.31,3.375e-4,0,-0.012,0.702,0.715,1.595e-5,881.077,0.001,335.796,0.166,6.4,32.17
12.112,0.418,2643.096,456.9,0.262,0.003,62.295,43.167,0,0.541,0.394,0.023,0.124,0.541,0.105,0.313,2.376e-4,0,-0.012,0.702,0.715,1.226e-5,880.956,0.001,335.791,0.165,6.4,32.17
12.133,0.416,2643.096,456.9,0.262,0.003,62.298,43.167,0,0.541,0.394,0.023,0.124,0.541,0.104,0.311,4.804e-4,0,-0.012,0.702,0.715,6.799e-6,880.836,0.001,335.787,0.165,6.4,32.17
12.154,0.418,2643.096,456.9,0.262,0.003,62.299,43.167,0,0.541,0.394,0.023,0.123,0.541,0.105,0.312,3.227e-4,0,-0.012,0.702,0.715,2.226e-6,880.716,0.001,335.782,0.164,6.4,32.17
12.175,0.429,2643.096,456.9,0.262,0.003,62.295,43.167,0,0.541,0.394,0.023,0.123,0.541,0.107,0.321,1.919e-4,0,-0.013,0.702,0.715,1.87e-7,880.597,0.001,335.778,0.163,6.4,32.17
12.196,0.441,2643.096,456.9,0.262,0.003,62.289,43.167,0,0.54,0.394,0.023,0.123,0.541,0.11,0.33,3.982e-4,0,-0.013,0.702,0.715,-2.966e-7,880.479,0.001,335.773,0.163,6.4,32.17
12.217,0.501,2643.096,456.9,0.262,0.003,62.264,43.167,0,0.54,0.394,0.023,0.123,0.541,0.126,0.375,1.618e-4,0,-0.013,0.702,0.715,-3.135e-8,880.361,0.001,335.769,0.162,6.4,32.17
12.238,0.572,2643.096,456.9,0.262,0.003,62.234,43.167,0,0.54,0.394,0.023,0.123,0.541,0.144,0.428,-4.625e-4,0,-0.013,0.702,0.715,6.482e-7,880.242,0.001,335.765,0.161,6.4,32.17
12.259,0.639,2643.096,456.9,0.262,0.003,62.206,43.167,0,0.54,0.394,0.023,0.123,0.541,0.161,0.478,6.787e-5,0,-0.013,0.702,0.715,4.368e-6,880.122,0.001,335.76,0.161,6.4,32.17
12.281,0.701,2643.096,456.9,0.262,0.003,62.18,43.167,0,0.54,0.394,0.023,0.123,0.541,0.176,0.525,2.491e-4,0,-0.013,0.702,0.715,1.302e-5,880.002,0.001,335.756,0.16,6.4,32.17
12.302,0.75,2643.096,456.9,0.262,0.003,62.159,43.167,0,0.54,0.394,0.023,0.123,0.541,0.189,0.561,1.39e-4,0,-0.013,0.702,0.715,2.703e-5,879.881,0.001,335.751,0.16,6.4,32.17
12.324,0.73,2643.096,456.9,0.262,0.003,62.165,43.167,0,0.54,0.394,0.023,0.123,0.541,0.184,0.545,-3.093e-4,0,-0.013,0.702,0.715,3.168e-5,879.761,0.001,335.747,0.159,6.4,32.17
12.346,0.708,2643.096,456.9,0.262,0.003,62.172,43.167,0,0.54,0.394,0.023,0.123,0.541,0.178,0.529,-3.554e-4,0,-0.013,0.702,0.715,2.916e-5,879.642,0.001,335.742,0.158,6.4,32.17
12.367,0.692,2643.096,456.9,0.262,0.003,62.18,43.167,0,0.54,0.394,0.023,0.123,0.541,0.174,0.518,5.862e-5,0,-0.013,0.702,0.715,2.152e-5,879.525,0.001,335.738,0.157,6.4,32.17
12.388,0.679,2643.096,456.9,0.262,0.003,62.187,43.167,0,0.54,0.394,0.023,0.123,0.541,0.171,0.507,-1.896e-4,0,-0.013,0.702,0.716,1.134e-5,879.408,0.001,335.734,0.157,6.4,32.17
12.41,0.669,2643.096,456.9,0.262,0.003,62.194,43.167,0,0.54,0.394,0.023,0.123,0.54,0.168,0.5,-3.464e-4,0,-0.014,0.702,0.716,2.72e-6,879.293,0.001,335.73,0.156,6.4,32.17
12.431,0.662,2643.096,456.9,0.262,0.003,62.199,43.167,0,0.54,0.394,0.023,0.123,0.54,0.167,0.495,-3.414e-4,0,-0.014,0.702,0.716,-1.236e-7,879.178,0.001,335.725,0.155,6.4,32.17
12.452,0.661,2643.096,456.9,0.262,0.003,62.202,43.167,0,0.54,0.394,0.023,0.123,0.54,0.166,0.494,1.221e-4,0,-0.014,0.702,0.716,-5.549e-6,879.064,0.001,335.721,0.155,6.4,32.17
12.473,0.665,2643.096,456.9,0.262,0.003,62.2,43.167,0,0.539,0.394,0.022,0.123,0.54,0.167,0.498,2.752e-4,0,-0.014,0.702,0.716,-1.603e-5,878.951,0.001,335.717,0.154,6.4,32.17
12.494,0.673,2643.096,456.9,0.262,0.003,62.196,43.167,0,0.539,0.394,0.022,0.123,0.54,0.169,0.504,3.737e-4,0,-0.014,0.702,0.716,-2.781e-5,878.838,0.001,335.713,0.153,6.4,32.17
12.515,0.683,2643.096,456.9,0.262,0.003,62.189,43.167,0,0.539,0.394,0.022,0.123,0.54,0.172,0.511,2.138e-6,0,-0.014,0.702,0.716,-3.6e-5,878.726,0.001,335.709,0.153,6.4,32.17
12.536,0.693,2643.096,456.9,0.262,0.003,62.183,43.167,0,0.539,0.394,0.022,0.123,0.54,0.174,0.518,-3.266e-4,0,-0.014,0.702,0.716,-3.854e-5,878.614,0.001,335.704,0.152,6.4,32.17
12.558,0.7,2643.096,456.9,0.262,0.003,62.177,43.167,0,0.539,0.394,0.022,0.123,0.54,0.176,0.523,5.603e-5,0,-0.014,0.702,0.716,-3.595e-5,878.503,0.001,335.7,0.151,6.4,32.17
12.579,0.704,2643.096,456.9,0.262,0.003,62.173,43.167,0,0.539,0.394,0.022,0.123,0.54,0.177,0.526,4.112e-4,0,-0.015,0.702,0.717,-2.969e-5,878.392,0.001,335.696,0.151,6.4,32.17
12.6,0.703,2643.096,456.9,0.262,0.003,62.171,43.167,0,0.539,0.394,0.022,0.123,0.54,0.177,0.526,7.195e-5,0,-0.015,0.702,0.717,-2.101e-5,878.282,0.001,335.692,0.15,6.4,32.17
12.621,0.696,2643.096,456.9,0.262,0.003,62.174,43.167,0,0.539,0.394,0.022,0.123,0.54,0.175,0.52,4.578e-5,0,-0.015,0.702,0.717,-1.463e-5,878.172,0.001,335.688,0.149,6.4,32.17
12.642,0.684,2643.096,456.9,0.262,0.003,62.179,43.167,0,0.539,0.394,0.022,0.123,0.54,0.172,0.511,7.341e-5,0,-0.015,0.702,0.717,-8.538e-6,878.063,0.001,335.684,0.149,6.4,32.17
12.663,0.678,2643.096,456.9,0.262,0.003,62.181,43.167,0,0.539,0.394,0.022,0.123,0.54,0.171,0.507,-2.747e-4,0,-0.015,0.702,0.717,-4.315e-7,877.954,0.001,335.68,0.148,6.4,32.17
12.685,0.68,2643.096,456.9,0.262,0.003,62.181,43.167,0,0.539,0.394,0.022,0.123,0.54,0.171,0.508,3.68e-4,0,-0.015,0.702,0.717,5.887e-6,877.845,0.001,335.676,0.148,6.4,32.17
12.706,0.674,2643.096,456.9,0.262,0.003,62.184,43.167,0,0.539,0.394,0.022,0.123,0.539,0.17,0.503,8.306e-5,0,-0.015,0.702,0.717,2.464e-5,877.735,0.001,335.672,0.147,6.4,32.17
12.728,0.638,2643.096,456.9,0.262,0.003,62.2,43.167,0,0.539,0.394,0.022,0.123,0.539,0.16,0.476,-1.311e-4,0,-0.015,0.702,0.717,3.266e-5,877.625,0.001,335.668,0.146,6.4,32.17
12.749,0.599,2643.096,456.9,0.262,0.003,62.218,43.167,0,0.539,0.394,0.022,0.123,0.539,0.15,0.448,-2.902e-4,0,-0.015,0.702,0.717,3.396e-5,877.516,0.001,335.664,0.145,6.4,32.17
12.771,0.572,2643.096,456.9,0.262,0.003,62.23,43.167,0,0.539,0.394,0.022,0.123,0.539,0.144,0.428,3.42e-4,0,-0.016,0.702,0.717,4.17e-5,877.408,0.001,335.66,0.145,6.4,32.17
12.793,0.545,2643.096,456.9,0.262,0.003,62.241,43.167,0,0.538,0.394,0.022,0.123,0.539,0.137,0.407,-1.991e-4,0,-0.016,0.702,0.717,4.491e-5,877.3,0.001,335.656,0.144,6.4,32.17
12.814,0.52,2643.096,456.9,0.262,0.003,62.251,43.167,0,0.538,0.394,0.022,0.123,0.539,0.13,0.389,7.903e-5,0,-0.016,0.702,0.717,4.421e-5,877.192,0.001,335.652,0.144,6.4,32.17
12.836,0.499,2643.096,456.9,0.262,0.003,62.26,43.167,0,0.538,0.394,0.022,0.123,0.539,0.125,0.373,4.798e-4,0,-0.016,0.702,0.718,3.905e-5,877.085,0.001,335.648,0.143,6.4,32.17
12.858,0.477,2643.096,456.9,0.262,0.003,62.267,43.167,0,0.538,0.394,0.022,0.123,0.539,0.119,0.356,4.961e-4,0,-0.016,0.702,0.718,2.557e-5,876.977,0.001,335.644,0.142,6.4,32.17
12.879,0.454,2643.096,456.9,0.262,0.003,62.274,43.167,0,0.538,0.394,0.022,0.123,0.539,0.114,0.339,2.977e-4,0,-0.016,0.702,0.718,6.966e-6,876.87,0.001,335.64,0.142,6.4,32.17
12.901,0.438,2643.096,456.9,0.262,0.003,62.278,43.167,0,0.538,0.394,0.022,0.123,0.538,0.109,0.327,1.587e-4,0,-0.016,0.702,0.718,-7.257e-8,876.764,0.001,335.636,0.141,6.4,32.17
12.923,0.424,2643.096,456.9,0.262,0.003,62.279,43.167,0,0.538,0.394,0.021,0.123,0.538,0.106,0.316,4.076e-4,0,-0.017,0.702,0.718,-2.159e-5,876.659,0.001,335.632,0.14,6.4,32.17
12.945,0.42,2643.096,456.9,0.262,0.003,62.277,43.167,0,0.538,0.394,0.021,0.123,0.538,0.105,0.314,-2.685e-4,0,-0.017,0.702,0.718,-7.49e-5,876.554,0.001,335.628,0.14,6.4,32.17
12.966,0.427,2643.096,456.9,0.262,0.003,62.274,43.167,0,0.538,0.394,0.021,0.123,0.538,0.107,0.319,-8.399e-5,0,-0.017,0.702,0.718,-7.604e-5,876.45,0.001,335.624,0.139,6.4,32.17
12.988,0.442,2643.096,456.9,0.262,0.003,62.267,43.167,0,0.538,0.394,0.021,0.122,0.538,0.111,0.331,3.549e-4,0,-0.017,0.702,0.718,-5.549e-5,876.346,0.001,335.62,0.138,6.4,32.17
13.01,0.467,2643.096,456.9,0.262,0.003,62.257,43.167,0,0.538,0.394,0.021,0.122,0.538,0.117,0.348,-9.13e-5,0,-0.017,0.702,0.718,-3.548e-5,876.242,0.001,335.617,0.138,6.4,32.17
13.032,0.502,2643.096,456.9,0.262,0.003,62.243,43.167,0,0.538,0.394,0.021,0.122,0.538,0.126,0.375,-5.317e-5,0,-0.017,0.702,0.718,-1.866e-5,876.137,0.001,335.613,0.137,6.4,32.17
13.054,0.542,2643.096,456.9,0.262,0.003,62.227,43.167,0,0.538,0.394,0.021,0.122,0.538,0.136,0.404,-3.465e-4,0,-0.017,0.701,0.718,-8.031e-6,876.032,0.001,335.609,0.136,6.4,32.17
13.077,0.576,2643.096,456.9,0.262,0.003,62.214,43.167,0,0.538,0.394,0.021,0.122,0.538,0.144,0.43,-6.96e-5,0,-0.017,0.701,0.719,-3.814e-6,875.927,0.001,335.605,0.136,6.4,32.17
13.099,0.611,2643.096,456.9,0.262,0.003,62.201,43.167,0,0.538,0.394,0.021,0.122,0.538,0.153,0.456,4.781e-4,0,-0.017,0.701,0.719,-8.585e-7,875.822,0.001,335.601,0.135,6.4,32.17
13.122,0.596,2643.096,456.9,0.262,0.003,62.208,43.167,0,0.538,0.394,0.021,0.122,0.538,0.15,0.445,-1.126e-4,0,-0.018,0.701,0.719,-4.359e-6,875.718,0.001,335.597,0.134,6.4,32.17
13.144,0.582,2643.096,456.9,0.262,0.003,62.216,43.167,0,0.537,0.394,0.021,0.122,0.538,0.146,0.435,-1.76e-4,0,-0.018,0.701,0.719,-1.091e-5,875.616,0.001,335.593,0.134,6.4,32.17
13.166,0.572,2643.096,456.9,0.262,0.003,62.223,43.167,0,0.537,0.394,0.021,0.122,0.538,0.143,0.426,-3.626e-4,0,-0.018,0.701,0.72,-1.901e-5,875.515,0.001,335.59,0.133,6.4,32.17
13.188,0.563,2643.096,456.9,0.262,0.003,62.229,43.167,0,0.537,0.394,0.021,0.122,0.538,0.141,0.42,-2.371e-5,0,-0.019,0.701,0.72,-2.708e-5,875.415,0.001,335.586,0.132,6.4,32.17
13.21,0.574,2643.096,456.9,0.262,0.003,62.225,43.167,0,0.537,0.394,0.021,0.122,0.538,0.144,0.428,2.431e-4,0,-0.019,0.701,0.72,-1.97e-5,875.317,0.001,335.582,0.132,6.4,32.17
13.232,0.614,2643.096,456.9,0.262,0.003,62.21,43.167,0,0.537,0.394,0.021,0.122,0.538,0.154,0.458,-3.113e-5,0,-0.019,0.701,0.72,-3.622e-6,875.218,0.001,335.579,0.131,6.4,32.17
13.254,0.647,2643.096,456.9,0.262,0.003,62.197,43.167,0,0.537,0.394,0.021,0.122,0.538,0.163,0.484,4.41e-4,0,-0.019,0.701,0.72,3.804e-8,875.12,0.001,335.575,0.13,6.4,32.17
13.276,0.612,2643.096,456.9,0.262,0.003,62.211,43.167,0,0.537,0.394,0.021,0.122,0.538,0.154,0.457,1.657e-4,0,-0.019,0.701,0.72,-9.059e-8,875.021,0.001,335.571,0.13,6.4,32.17
13.298,0.578,2643.096,456.9,0.262,0.003,62.223,43.167,0,0.537,0.394,0.021,0.122,0.538,0.145,0.432,-2.285e-6,0,-0.02,0.701,0.721,-1.22e-6,874.923,0.001,335.568,0.129,6.4,32.17
13.319,0.543,2643.096,456.9,0.262,0.003,62.234,43.167,0,0.537,0.394,0.021,0.122,0.538,0.136,0.406,1.795e-5,0,-0.02,0.701,0.721,-6.162e-6,874.828,0.001,335.564,0.128,6.4,32.17
13.341,0.514,2643.096,456.9,0.262,0.003,62.241,43.167,0,0.537,0.394,0.021,0.122,0.537,0.129,0.383,4.929e-4,0,-0.02,0.701,0.722,-1.663e-5,874.733,0.001,335.561,0.127,6.4,32.17
13.362,0.498,2643.096,456.9,0.262,0.003,62.245,43.167,0,0.537,0.394,0.021,0.122,0.537,0.125,0.372,4.965e-4,0,-0.021,0.701,0.722,-1.978e-5,874.64,0.001,335.557,0.127,6.4,32.17
13.384,0.489,2643.096,456.9,0.262,0.003,62.247,43.167,0,0.537,0.394,0.021,0.122,0.537,0.122,0.365,2.699e-5,0,-0.021,0.701,0.722,-1.457e-5,874.548,0.001,335.554,0.126,6.4,32.17
13.405,0.484,2643.096,456.9,0.262,0.003,62.248,43.167,0,0.537,0.394,0.021,0.122,0.537,0.121,0.361,-2.992e-4,0,-0.021,0.701,0.722,-7.206e-6,874.455,0.001,335.55,0.125,6.4,32.17
13.427,0.5,2643.096,456.9,0.262,0.003,62.241,43.167,0,0.537,0.394,0.02,0.122,0.537,0.125,0.374,3.553e-4,0,-0.021,0.701,0.722,-2.329e-8,874.363,0.001,335.547,0.125,6.4,32.17
13.448,0.528,2643.096,456.9,0.262,0.003,62.23,43.167,0,0.537,0.394,0.02,0.122,0.537,0.132,0.393,1.428e-4,0,-0.021,0.701,0.722,5.579e-6,874.269,0.001,335.544,0.124,6.4,32.17
13.47,0.509,2643.096,456.9,0.262,0.003,62.236,43.167,0,0.537,0.394,0.02,0.122,0.537,0.127,0.38,-5.242e-5,0,-0.021,0.701,0.722,8.408e-6,874.176,0.001,335.54,0.124,6.4,32.17
13.492,0.485,2643.096,456.9,0.262,0.003,62.245,43.167,0,0.537,0.394,0.02,0.122,0.537,0.121,0.363,2.076e-4,0,-0.021,0.701,0.722,9.375e-6,874.083,0.001,335.537,0.123,6.4,32.17
13.514,0.483,2643.096,456.9,0.262,0.003,62.245,43.167,0,0.537,0.394,0.02,0.122,0.537,0.121,0.36,4.739e-4,0,-0.022,0.701,0.723,1.548e-5,873.991,0.001,335.533,0.122,6.4,32.17
13.536,0.493,2643.096,456.9,0.262,0.003,62.241,43.167,0,0.536,0.394,0.02,0.122,0.537,0.124,0.368,2.889e-4,0,-0.022,0.701,0.723,2.722e-5,873.9,0.001,335.53,0.122,6.4,32.17
13.558,0.507,2643.096,456.9,0.262,0.003,62.236,43.167,0,0.536,0.394,0.02,0.122,0.537,0.127,0.378,2.156e-4,0,-0.022,0.701,0.723,4.122e-5,873.808,0.001,335.526,0.121,6.4,32.17
13.58,0.523,2643.096,456.9,0.262,0.003,62.23,43.167,0,0.536,0.394,0.02,0.122,0.537,0.131,0.39,1.008e-4,0,-0.022,0.701,0.723,5.645e-5,873.717,0.001,335.523,0.12,6.4,32.17
13.603,0.539,2643.096,456.9,0.262,0.003,62.224,43.167,0,0.536,0.394,0.02,0.122,0.537,0.135,0.402,-9.758e-5,0,-0.022,0.701,0.723,7.102e-5,873.626,0.001,335.52,0.12,6.4,32.17
13.625,0.544,2643.096,456.9,0.262,0.003,62.224,43.167,0,0.536,0.394,0.02,0.122,0.537,0.136,0.406,-3.347e-4,0,-0.022,0.701,0.723,7.757e-5,873.535,0.001,335.516,0.119,6.4,32.17
13.647,0.549,2643.096,456.9,0.262,0.003,62.223,43.167,0,0.536,0.394,0.02,0.122,0.537,0.138,0.41,4.754e-4,0,-0.023,0.701,0.724,7.986e-5,873.445,0.001,335.513,0.118,6.4,32.17
13.67,0.601,2643.096,456.9,0.262,0.003,62.204,43.167,0,0.536,0.394,0.02,0.122,0.537,0.151,0.448,4.756e-4,0,-0.023,0.701,0.724,9.887e-5,873.355,0.001,335.51,0.118,6.4,32.17
13.692,0.663,2643.096,456.9,0.262,0.003,62.181,43.167,0,0.536,0.394,0.02,0.122,0.537,0.167,0.495,2.754e-4,0,-0.023,0.701,0.724,1.197e-4,873.265,0.001,335.506,0.117,6.4,32.17
13.715,0.681,2643.096,456.9,0.262,0.003,62.176,43.167,0,0.536,0.394,0.02,0.122,0.537,0.171,0.508,3.349e-4,0,-0.023,0.701,0.724,1.194e-4,873.175,0.001,335.503,0.116,6.4,32.17
13.737,0.674,2643.096,456.9,0.262,0.003,62.18,43.167,0,0.536,0.394,0.02,0.122,0.537,0.169,0.504,1.577e-4,0,-0.023,0.701,0.724,9.969e-5,873.086,0.001,335.5,0.116,6.4,32.17
13.76,0.677,2643.096,456.9,0.262,0.003,62.18,43.167,0,0.536,0.394,0.02,0.122,0.537,0.17,0.505,3.716e-4,0,-0.024,0.701,0.725,7.592e-5,872.997,0.001,335.496,0.115,6.4,32.17
13.782,0.691,2643.096,456.9,0.262,0.003,62.176,43.167,0,0.536,0.394,0.02,0.122,0.537,0.174,0.516,3.216e-5,0,-0.024,0.701,0.725,5.361e-5,872.91,0.001,335.493,0.114,6.4,32.17
13.805,0.708,2643.096,456.9,0.262,0.003,62.169,43.167,0,0.536,0.394,0.02,0.122,0.537,0.178,0.529,-2.707e-4,0,-0.024,0.701,0.725,3.252e-5,872.823,0.001,335.49,0.114,6.4,32.17
13.827,0.728,2643.096,456.9,0.262,0.003,62.16,43.167,0,0.536,0.394,0.02,0.122,0.537,0.183,0.543,3.29e-4,0,-0.025,0.701,0.726,1.544e-5,872.736,0.001,335.487,0.113,6.4,32.17
13.85,0.752,2643.096,456.9,0.262,0.003,62.15,43.167,0,0.536,0.394,0.02,0.122,0.537,0.189,0.562,4.336e-4,0,-0.025,0.701,0.726,4.533e-6,872.65,0.001,335.484,0.112,6.4,32.17
13.872,0.882,2643.096,456.9,0.262,0.003,62.099,43.167,0,0.536,0.394,0.02,0.122,0.537,0.223,0.659,-1.093e-4,0,-0.025,0.701,0.726,1.107e-5,872.564,0.001,335.48,0.112,6.4,32.17
13.895,1.02,2643.096,456.9,0.262,0.003,62.046,43.167,0,0.536,0.394,0.02,0.122,0.537,0.259,0.763,-6.568e-5,0,-0.025,0.701,0.726,2.131e-5,872.478,0.001,335.477,0.111,6.4,32.17
13.918,1.043,2643.096,456.9,0.262,0.003,62.035,43.167,0,0.536,0.394,0.02,0.122,0.537,0.265,0.78,-2.104e-4,0,-0.025,0.701,0.726,1.537e-5,872.391,0.001,335.474,0.11,6.4,32.17
13.941,1.036,2643.096,456.9,0.262,0.003,62.035,43.167,0,0.536,0.394,0.02,0.122,0.537,0.263,0.774,-1.77e-4,0,-0.026,0.701,0.727,5.991e-6,872.305,0.001,335.471,0.11,6.4,32.17
13.964,1.095,2643.096,456.9,0.262,0.003,62.011,43.167,0,0.535,0.394,0.02,0.122,0.537,0.278,0.818,-4.291e-4,0,-0.026,0.701,0.727,5.225e-6,872.22,0.001,335.468,0.109,6.4,32.17
13.987,1.194,2643.096,456.9,0.262,0.003,61.973,43.167,0,0.535,0.394,0.019,0.122,0.538,0.304,0.892,2.27e-4,0,-0.026,0.701,0.727,1.038e-5,872.135,0.001,335.465,0.108,6.4,32.17
14.01,1.28,2643.096,456.9,0.262,0.003,61.939,43.167,0,0.535,0.394,0.019,0.122,0.538,0.326,0.957,4.223e-4,0,-0.026,0.701,0.727,1.778e-5,872.051,0.001,335.461,0.108,6.4,32.17
14.034,1.349,2643.096,456.9,0.262,0.003,61.913,43.167,0,0.535,0.394,0.019,0.121,0.538,0.344,1.008,3.787e-4,0,-0.026,0.701,0.727,2.635e-5,871.966,0.001,335.458,0.107,6.4,32.17
14.057,1.429,2643.096,456.9,0.262,0.003,61.883,43.167,0,0.535,0.394,0.019,0.121,0.538,0.366,1.069,-2.316e-4,0,-0.027,0.701,0.727,4.113e-5,871.882,0.001,335.455,0.106,6.4,32.17
14.08,1.538,2643.096,456.9,0.262,0.003,61.843,43.167,0,0.535,0.394,0.019,0.121,0.539,0.394,1.151,-1.389e-4,0,-0.027,0.701,0.727,7.034e-5,871.798,0.001,335.452,0.106,6.4,32.17
14.104,1.634,2643.096,456.9,0.262,0.003,61.808,43.167,0,0.535,0.394,0.019,0.121,0.539,0.42,1.222,-2.085e-4,0,-0.027,0.701,0.728,1.087e-4,871.714,0.001,335.449,0.105,6.4,32.17
14.128,1.675,2643.096,456.9,0.262,0.003,61.794,43.167,0,0.535,0.394,0.019,0.121,0.539,0.431,1.253,2.845e-5,0,-0.027,0.701,0.728,1.381e-4,871.63,0.001,335.446,0.104,6.4,32.17
14.152,1.713,2643.096,456.9,0.262,0.003,61.782,43.167,0,0.535,0.394,0.019,0.121,0.54,0.441,1.282,3.781e-4,0,-0.028,0.701,0.728,1.662e-4,871.547,0.001,335.443,0.104,6.4,32.17
14.175,1.756,2643.096,456.9,0.262,0.003,61.768,43.167,0,0.535,0.394,0.019,0.121,0.54,0.452,1.314,1.035e-4,0,-0.028,0.701,0.729,1.94e-4,871.465,0.001,335.44,0.103,6.4,32.17
14.199,1.796,2643.096,456.9,0.262,0.003,61.755,43.167,0,0.535,0.394,0.019,0.121,0.54,0.463,1.345,-8.779e-6,0,-0.028,0.701,0.729,2.166e-4,871.383,0.001,335.437,0.102,6.4,32.17
14.223,1.764,2643.096,456.9,0.262,0.003,61.768,43.167,0,0.535,0.394,0.019,0.121,0.54,0.455,1.321,4.497e-4,0,-0.029,0.701,0.73,1.902e-4,871.302,0.001,335.434,0.102,6.4,32.17
14.246,1.731,2643.096,456.9,0.262,0.003,61.782,43.167,0,0.535,0.394,0.019,0.121,0.539,0.446,1.297,-3.196e-5,0,-0.03,0.701,0.73,1.437e-4,871.222,0.001,335.431,0.101,6.4,32.17
14.27,1.778,2643.096,456.9,0.262,0.003,61.766,43.167,0,0.535,0.394,0.019,0.121,0.54,0.458,1.331,-4.799e-4,0,-0.03,0.701,0.731,1.306e-4,871.143,0.001,335.428,0.1,6.4,32.17
14.293,1.84,2643.096,456.9,0.262,0.003,61.743,43.167,0,0.535,0.394,0.019,0.121,0.54,0.475,1.379,-2.559e-4,0,-0.03,0.701,0.731,1.24e-4,871.065,0.001,335.425,0.1,6.4,32.17
14.316,1.871,2643.096,456.9,0.262,0.003,61.732,43.167,0,0.535,0.394,0.019,0.121,0.54,0.483,1.402,-1.901e-5,0,-0.031,0.701,0.731,9.909e-5,870.987,0.001,335.422,0.099,6.4,32.17
14.34,1.89,2643.096,456.9,0.262,0.003,61.724,43.167,0,0.535,0.394,0.019,0.121,0.54,0.488,1.416,-4.974e-4,0,-0.031,0.701,0.732,6.686e-5,870.909,0.001,335.419,0.098,6.4,32.17
14.364,1.894,2643.096,456.9,0.262,0.003,61.721,43.167,0,0.535,0.394,0.019,0.121,0.54,0.49,1.419,-4.877e-4,0,-0.032,0.701,0.732,3.241e-5,870.832,0.001,335.416,0.098,6.4,32.17
14.387,1.89,2643.096,456.9,0.262,0.003,61.721,43.167,0,0.535,0.394,0.019,0.121,0.54,0.488,1.416,-2.501e-4,0,-0.032,0.701,0.733,6.651e-6,870.756,0.001,335.413,0.097,6.4,32.17
14.41,1.957,2643.096,456.9,0.262,0.003,61.695,43.167,0,0.535,0.394,0.019,0.121,0.54,0.507,1.467,-2.17e-4,0,-0.032,0.701,0.733,2.571e-6,870.68,0.001,335.411,0.096,6.4,32.17
14.434,2.114,2643.096,456.9,0.262,0.003,61.637,43.167,0,0.535,0.394,0.019,0.121,0.541,0.549,1.584,3.166e-4,0,-0.032,0.701,0.733,1.363e-5,870.605,0.001,335.408,0.096,6.4,32.17
14.458,2.227,2643.096,456.9,0.262,0.003,61.595,43.167,0,0.534,0.394,0.019,0.121,0.542,0.58,1.669,1.029e-4,0,-0.032,0.701,0.733,2.381e-5,870.529,0.001,335.405,0.095,6.4,32.17
14.482,2.243,2643.096,456.9,0.262,0.003,61.588,43.167,0,0.534,0.394,0.019,0.121,0.542,0.584,1.682,2.843e-4,0,-0.033,0.7,0.733,1.266e-5,870.452,0.001,335.402,0.094,6.4,32.17
14.506,2.242,2643.096,456.9,0.262,0.003,61.586,43.167,0,0.534,0.394,0.019,0.121,0.542,0.584,1.68,2.497e-4,0,-0.034,0.7,0.734,2.68e-6,870.377,0.001,335.399,0.094,6.4,32.17
14.53,2.195,2643.096,456.9,0.262,0.003,61.602,43.167,0,0.534,0.395,0.019,0.121,0.542,0.571,1.645,3.385e-4,0,-0.035,0.7,0.735,-4.306e-6,870.303,0.001,335.397,0.093,6.4,32.17
14.554,2.167,2643.096,456.9,0.262,0.003,61.611,43.167,0,0.534,0.395,0.019,0.121,0.541,0.563,1.624,-2.773e-5,0,-0.036,0.7,0.736,-3.138e-5,870.231,0.001,335.394,0.092,6.4,32.17
14.577,2.2,2643.096,456.9,0.262,0.003,61.6,43.167,0,0.534,0.395,0.019,0.121,0.542,0.573,1.65,4.719e-5,0,-0.036,0.7,0.736,-4.559e-5,870.159,0.001,335.391,0.092,6.4,32.17
14.601,2.233,2643.096,456.9,0.262,0.003,61.589,43.167,0,0.534,0.395,0.019,0.121,0.542,0.581,1.673,-3.306e-4,0,-0.037,0.7,0.737,-5.835e-5,870.088,0.001,335.389,0.091,6.4,32.17
14.624,2.216,2643.096,456.9,0.262,0.003,61.596,43.167,0,0.534,0.395,0.019,0.121,0.542,0.577,1.661,-4.354e-4,0,-0.037,0.7,0.738,-1.048e-4,870.018,0.001,335.386,0.09,6.4,32.17
14.648,2.201,2643.096,456.9,0.262,0.003,61.603,43.167,0,0.534,0.395,0.019,0.121,0.542,0.573,1.651,-2.555e-4,0,-0.038,0.7,0.739,-1.596e-4,869.949,0.001,335.384,0.089,6.4,32.17
14.671,2.169,2643.096,456.9,0.262,0.003,61.616,43.167,0,0.534,0.395,0.019,0.121,0.541,0.564,1.626,2.617e-4,0,-0.039,0.7,0.74,-2.461e-4,869.881,0.001,335.381,0.089,6.4,32.17
14.694,2.139,2643.096,456.9,0.262,0.003,61.628,43.167,0,0.534,0.395,0.019,0.121,0.541,0.556,1.604,1.359e-4,0,-0.04,0.7,0.74,-3.443e-4,869.813,0.001,335.379,0.088,6.4,32.17
14.717,2.188,2643.096,456.9,0.262,0.003,61.612,43.167,0,0.534,0.395,0.019,0.121,0.541,0.569,1.641,-2.18e-4,0,-0.04,0.7,0.741,-2.88e-4,869.747,0.001,335.376,0.087,6.4,32.17
14.74,2.267,2643.096,456.9,0.262,0.003,61.585,43.167,0,0.534,0.395,0.018,0.121,0.542,0.591,1.7,-4.766e-4,0,-0.04,0.7,0.741,-1.82e-4,869.681,0.001,335.374,0.087,6.4,32.17
14.763,2.3,2643.096,456.9,0.262,0.003,61.574,43.167,0,0.534,0.395,0.018,0.121,0.542,0.6,1.725,2.27e-5,0,-0.041,0.7,0.741,-1.328e-4,869.614,0.001,335.371,0.086,6.4,32.17
14.787,2.293,2643.096,456.9,0.262,0.003,61.577,43.167,0,0.534,0.395,0.018,0.121,0.542,0.598,1.72,-2.901e-4,0,-0.041,0.7,0.742,-1.167e-4,869.548,0.001,335.369,0.085,6.4,32.17
14.81,2.354,2643.096,456.9,0.262,0.003,61.556,43.167,0,0.534,0.395,0.018,0.121,0.542,0.615,1.766,-4.573e-4,0,-0.042,0.7,0.742,-5.076e-5,869.483,0.001,335.366,0.085,6.4,32.17
14.834,2.522,2643.096,456.9,0.262,0.003,61.497,43.167,0,0.534,0.395,0.018,0.121,0.543,0.661,1.893,-3.209e-4,0,-0.041,0.7,0.741,1.019e-7,869.417,0.001,335.364,0.084,6.4,32.17
14.858,2.65,2643.096,456.9,0.262,0.003,61.452,43.167,0,0.534,0.395,0.018,0.121,0.544,0.697,1.99,-1.049e-4,0,-0.041,0.7,0.741,4.39e-5,869.35,0.001,335.361,0.084,6.4,32.17
14.883,2.666,2643.096,456.9,0.262,0.003,61.446,43.167,0,0.534,0.395,0.018,0.121,0.544,0.701,2.002,-1.705e-4,0,-0.042,0.7,0.742,1.06e-4,869.283,0.001,335.359,0.083,6.4,32.17
14.908,2.672,2643.096,456.9,0.262,0.003,61.443,43.167,0,0.534,0.395,0.018,0.121,0.544,0.703,2.007,3.87e-4,0,-0.042,0.7,0.743,1.882e-4,869.216,0.001,335.356,0.082,6.4,32.17
14.932,2.664,2643.096,456.9,0.262,0.003,61.446,43.167,0,0.534,0.395,0.018,0.121,0.544,0.7,2,-1.166e-4,0,-0.043,0.7,0.744,2.773e-4,869.15,0.001,335.354,0.082,6.4,32.17
14.957,2.668,2643.096,456.9,0.262,0.003,61.443,43.167,0,0.534,0.395,0.018,0.121,0.544,0.702,2.003,-2.368e-4,0,-0.044,0.7,0.744,3.859e-4,869.085,0.001,335.352,0.081,6.4,32.17
14.982,2.711,2643.096,456.9,0.262,0.003,61.427,43.167,0,0.534,0.395,0.018,0.121,0.545,0.714,2.035,-2.793e-5,0,-0.044,0.7,0.745,5.485e-4,869.021,0.001,335.349,0.08,6.4,32.17
15.007,2.728,2643.096,456.9,0.262,0.003,61.42,43.167,0,0.534,0.395,0.018,0.121,0.545,0.718,2.048,3.174e-4,0,-0.045,0.7,0.745,6.958e-4,868.957,0.001,335.347,0.08,6.4,32.17
15.031,2.667,2643.096,456.9,0.262,0.003,61.44,43.167,0,0.534,0.395,0.018,0.121,0.544,0.701,2.001,3.967e-4,0,-0.046,0.7,0.747,7.254e-4,868.893,0.001,335.344,0.079,6.4,32.17
15.056,2.619,2643.096,456.9,0.262,0.003,61.455,43.167,0,0.534,0.395,0.018,0.121,0.544,0.688,1.965,-7.165e-5,0,-0.047,0.7,0.748,7.28e-4,868.831,0.001,335.342,0.078,6.4,32.17
15.081,2.616,2643.096,456.9,0.262,0.003,61.454,43.167,0,0.534,0.395,0.018,0.121,0.544,0.687,1.962,-4.351e-4,0,-0.048,0.7,0.748,7.604e-4,868.769,0.001,335.34,0.077,6.4,32.17
15.105,2.617,2643.096,456.9,0.262,0.003,61.453,43.167,0,0.534,0.395,0.018,0.121,0.544,0.687,1.963,-4.781e-4,0,-0.049,0.7,0.749,7.709e-4,868.708,0.001,335.338,0.077,6.4,32.17
15.13,2.634,2643.096,456.9,0.262,0.003,61.446,43.167,0,0.533,0.395,0.018,0.121,0.544,0.692,1.976,-3.965e-4,0,-0.049,0.7,0.75,7.767e-4,868.648,0.001,335.335,0.076,6.4,32.17
15.155,2.653,2643.096,456.9,0.262,0.003,61.438,43.167,0,0.533,0.395,0.018,0.121,0.544,0.697,1.99,4.586e-4,0,-0.05,0.7,0.75,7.557e-4,868.588,0.001,335.333,0.075,6.4,32.17
15.179,2.666,2643.096,456.9,0.262,0.003,61.432,43.167,0,0.533,0.395,0.018,0.121,0.544,0.701,2,1.465e-4,0,-0.051,0.7,0.751,6.959e-4,868.528,0.001,335.331,0.075,6.4,32.17
15.204,2.692,2643.096,456.9,0.262,0.003,61.423,43.167,0,0.533,0.395,0.018,0.121,0.544,0.708,2.02,3.478e-4,0,-0.052,0.7,0.752,6.274e-4,868.469,0.001,335.329,0.074,6.4,32.17
15.229,2.755,2643.096,456.9,0.262,0.003,61.4,43.167,0,0.533,0.395,0.018,0.121,0.545,0.726,2.068,-2.008e-4,0,-0.052,0.7,0.752,5.966e-4,868.41,0.001,335.327,0.073,6.4,32.17
15.255,2.834,2643.096,456.9,0.262,0.003,61.373,43.167,0,0.533,0.395,0.018,0.121,0.545,0.748,2.126,-2.134e-4,0,-0.053,0.7,0.753,5.687e-4,868.351,0.001,335.324,0.073,6.4,32.17
15.28,2.957,2643.096,456.9,0.262,0.003,61.331,43.167,0,0.533,0.395,0.018,0.121,0.546,0.782,2.22,-2.222e-4,0,-0.053,0.7,0.753,5.877e-4,868.293,0.001,335.322,0.072,6.4,32.17
15.306,3.06,2643.096,456.9,0.262,0.003,61.296,43.167,0,0.533,0.395,0.018,0.121,0.547,0.812,2.299,-4.745e-4,0,-0.054,0.7,0.754,5.663e-4,868.235,0.001,335.32,0.072,6.4,32.17
15.331,3.066,2643.096,456.9,0.262,0.003,61.295,43.167,0,0.533,0.395,0.018,0.121,0.547,0.813,2.303,2.253e-4,0,-0.055,0.7,0.755,4.055e-4,868.177,0.001,335.318,0.071,6.4,32.17
15.357,3.118,2643.096,456.9,0.262,0.003,61.278,43.167,0,0.533,0.395,0.018,0.121,0.547,0.828,2.343,-4.413e-4,0,-0.056,0.7,0.756,2.987e-4,868.12,0.001,335.316,0.07,6.4,32.17
15.383,3.286,2643.096,456.9,0.262,0.003,61.222,43.167,0,0.533,0.395,0.018,0.121,0.549,0.876,2.47,-2.971e-4,0,-0.056,0.7,0.756,3.078e-4,868.064,0.001,335.314,0.07,6.4,32.17
15.409,3.434,2643.096,456.9,0.262,0.003,61.173,43.167,0,0.533,0.395,0.018,0.121,0.55,0.918,2.583,-3.583e-4,0,-0.057,0.7,0.757,2.957e-4,868.007,0.001,335.312,0.069,6.4,32.17
15.435,3.534,2643.096,456.9,0.262,0.003,61.141,43.167,0,0.533,0.395,0.018,0.121,0.551,0.947,2.659,3.566e-4,0,-0.058,0.7,0.758,2.382e-4,867.951,0.001,335.31,0.068,6.4,32.17
15.462,3.617,2643.096,456.9,0.262,0.003,61.114,43.167,0,0.533,0.395,0.018,0.121,0.552,0.971,2.724,-2.669e-4,0,-0.059,0.7,0.759,1.736e-4,867.896,0.001,335.308,0.068,6.4,32.17
15.488,3.678,2643.096,456.9,0.262,0.003,61.095,43.167,0,0.533,0.395,0.018,0.121,0.552,0.989,2.769,2.608e-4,0,-0.061,0.7,0.761,1.036e-4,867.841,0.001,335.305,0.067,6.4,32.17
15.514,3.836,2643.096,456.9,0.262,0.003,61.044,43.167,0,0.533,0.395,0.018,0.121,0.554,1.035,2.89,-1.366e-4,0,-0.061,0.7,0.761,9.109e-5,867.787,0.001,335.303,0.066,6.4,32.17
15.541,4.082,2643.096,456.9,0.262,0.003,60.964,43.167,0,0.533,0.395,0.018,0.121,0.556,1.107,3.078,4.365e-4,0,-0.062,0.7,0.762,1.256e-4,867.733,0.001,335.301,0.066,6.4,32.17
15.568,4.204,2643.096,456.9,0.262,0.003,60.925,43.167,0,0.533,0.395,0.018,0.121,0.557,1.143,3.172,-7.113e-5,0,-0.063,0.7,0.763,1.081e-4,867.68,0.001,335.3,0.065,6.4,32.17
15.595,4.261,2643.096,456.9,0.262,0.003,60.908,43.167,0,0.533,0.395,0.018,0.121,0.558,1.16,3.215,4.614e-5,0,-0.065,0.7,0.765,6.591e-5,867.627,0.001,335.298,0.064,6.4,32.17
15.621,4.386,2643.096,456.9,0.262,0.003,60.868,43.167,0,0.533,0.395,0.018,0.121,0.559,1.198,3.312,-8.851e-5,0,-0.066,0.7,0.766,5.423e-5,867.575,0.001,335.296,0.063,6.4,32.17
15.648,4.535,2643.096,456.9,0.262,0.003,60.82,43.167,0,0.533,0.395,0.018,0.121,0.561,1.242,3.426,2.636e-4,0,-0.067,0.7,0.767,5.324e-5,867.524,0.001,335.294,0.063,6.4,32.17
15.675,4.851,2643.096,456.9,0.262,0.003,60.721,43.167,0,0.533,0.395,0.018,0.121,0.564,1.337,3.668,2.458e-5,0,-0.067,0.7,0.767,1.164e-4,867.473,0.001,335.292,0.062,6.4,32.17
15.702,5.166,2643.096,456.9,0.262,0.003,60.622,43.167,0,0.533,0.395,0.018,0.12,0.568,1.434,3.911,3.203e-4,0,-0.067,0.7,0.767,2.149e-4,867.422,0.001,335.29,0.062,6.4,32.17
15.73,5.207,2643.096,456.9,0.262,0.003,60.609,43.167,0,0.533,0.395,0.018,0.12,0.569,1.446,3.942,2.843e-4,0,-0.07,0.7,0.77,2.037e-4,867.371,0.001,335.288,0.061,6.4,32.17
15.758,5.324,2643.096,456.9,0.262,0.003,60.573,43.167,0,0.533,0.395,0.018,0.12,0.57,1.483,4.032,2.274e-4,0,-0.072,0.7,0.772,2.244e-4,867.322,0.001,335.286,0.06,6.4,32.17
15.786,5.627,2643.096,456.9,0.262,0.003,60.48,43.167,0,0.533,0.395,0.018,0.12,0.574,1.577,4.265,6.699e-6,0,-0.072,0.7,0.772,3.597e-4,867.273,0.001,335.284,0.059,6.4,32.17
15.814,5.808,2643.096,456.9,0.262,0.003,60.424,43.167,0,0.533,0.395,0.018,0.12,0.576,1.634,4.405,-3.271e-4,0,-0.074,0.7,0.773,4.688e-4,867.224,0.001,335.283,0.059,6.4,32.17
15.842,5.85,2643.096,456.9,0.262,0.003,60.411,43.167,0,0.533,0.395,0.018,0.12,0.576,1.647,4.437,-2.689e-4,0,-0.076,0.7,0.776,4.937e-4,867.176,0.001,335.281,0.058,6.4,32.17
15.869,6.017,2643.096,456.9,0.262,0.003,60.36,43.167,0,0.533,0.395,0.018,0.12,0.579,1.7,4.565,-4.049e-4,0,-0.078,0.7,0.778,5.956e-4,867.13,0.001,335.279,0.057,6.4,32.17
15.897,6.242,2643.096,456.9,0.262,0.003,60.293,43.167,0,0.533,0.395,0.017,0.12,0.581,1.771,4.739,6.837e-5,0,-0.079,0.7,0.779,7.627e-4,867.084,0.001,335.277,0.057,6.4,32.17
15.925,6.561,2643.096,456.9,0.262,0.003,60.199,43.167,0,0.533,0.395,0.017,0.12,0.586,1.874,4.985,-6.766e-5,0,-0.08,0.7,0.779,0.001,867.038,0.001,335.276,0.056,6.4,32.17
15.954,6.907,2643.096,456.9,0.262,0.003,60.099,43.167,0,0.533,0.395,0.017,0.12,0.59,1.987,5.254,-2.4e-5,0,-0.08,0.7,0.78,0.001,866.993,0.001,335.274,0.055,6.4,32.17
15.983,7.308,2643.096,456.9,0.262,0.003,59.985,43.167,0,0.533,0.395,0.017,0.12,0.596,2.119,5.565,4.714e-5,0,-0.08,0.7,0.78,0.002,866.947,0.001,335.272,0.055,6.4,32.17
16.013,7.526,2643.096,456.9,0.262,0.003,59.924,43.167,0,0.533,0.395,0.017,0.12,0.599,2.191,5.735,-4.195e-5,0,-0.082,0.7,0.782,0.002,866.902,0.001,335.271,0.054,6.4,32.17
16.042,7.485,2643.096,456.9,0.262,0.003,59.934,43.167,0,0.532,0.395,0.017,0.12,0.598,2.178,5.702,3.276e-4,0,-0.086,0.7,0.786,0.003,866.857,0.001,335.269,0.053,6.4,32.17
16.072,7.581,2643.096,456.9,0.262,0.003,59.907,43.167,0,0.532,0.395,0.017,0.12,0.599,2.21,5.777,-3.085e-4,0,-0.089,0.7,0.789,0.003,866.815,0.001,335.267,0.052,6.4,32.17
16.101,7.728,2643.096,456.9,0.262,0.003,59.866,43.167,0,0.532,0.395,0.017,0.12,0.601,2.259,5.892,4.635e-4,0,-0.092,0.7,0.792,0.003,866.773,0.001,335.266,0.052,6.4,32.17
16.13,7.899,2643.096,456.9,0.262,0.003,59.819,43.167,0,0.532,0.395,0.017,0.12,0.604,2.317,6.025,-4.219e-4,0,-0.094,0.7,0.794,0.004,866.732,0.001,335.264,0.051,6.4,32.17
16.159,8.115,2643.096,456.9,0.262,0.003,59.76,43.167,0,0.532,0.395,0.017,0.12,0.607,2.391,6.194,-1.012e-4,0,-0.096,0.7,0.796,0.004,866.692,0.001,335.263,0.05,6.4,32.17
16.188,8.432,2643.096,456.9,0.262,0.003,59.676,43.167,0,0.532,0.395,0.017,0.12,0.611,2.499,6.442,-2.78e-4,0,-0.097,0.7,0.797,0.004,866.652,0.001,335.261,0.05,6.4,32.17
16.218,8.718,2643.096,456.9,0.262,0.003,59.601,43.167,0,0.532,0.395,0.017,0.12,0.615,2.598,6.667,-4.018e-5,0,-0.099,0.7,0.799,0.005,866.613,0.001,335.26,0.049,6.4,32.17
16.247,8.986,2643.096,456.9,0.262,0.003,59.531,43.167,0,0.532,0.395,0.017,0.12,0.619,2.692,6.878,-1.666e-4,0,-0.101,0.7,0.801,0.005,866.575,0.001,335.259,0.048,6.4,32.17
16.278,9.461,2643.096,456.9,0.262,0.003,59.411,43.167,0,0.532,0.395,0.017,0.12,0.626,2.86,7.252,1.588e-4,0,-0.101,0.7,0.801,0.006,866.537,0.001,335.257,0.048,6.4,32.17
16.308,9.884,2643.096,456.9,0.262,0.003,59.305,43.167,0,0.532,0.395,0.017,0.12,0.631,3.011,7.587,-4.424e-4,0,-0.102,0.7,0.802,0.007,866.499,0.001,335.256,0.047,6.4,32.17
16.34,10.074,2643.096,456.9,0.262,0.003,59.259,43.167,0,0.532,0.395,0.017,0.12,0.634,3.08,7.737,1.738e-4,0,-0.106,0.7,0.806,0.007,866.462,0.001,335.254,0.046,6.4,32.17
16.371,10.482,2643.096,456.9,0.262,0.003,59.161,43.167,0,0.532,0.395,0.017,0.12,0.64,3.229,8.062,-2.699e-4,0,-0.107,0.7,0.807,0.008,866.425,0.001,335.253,0.046,6.4,32.17
16.403,10.99,2643.096,456.9,0.262,0.003,59.041,43.167,0,0.532,0.395,0.017,0.12,0.646,3.417,8.467,3.982e-6,0,-0.108,0.7,0.807,0.009,866.389,0.001,335.252,0.045,6.4,32.17
16.435,11.32,2643.096,456.9,0.262,0.003,58.965,43.167,0,0.532,0.395,0.017,0.12,0.65,3.541,8.731,5.748e-5,0,-0.11,0.7,0.81,0.01,866.354,0.001,335.25,0.044,6.4,32.17
16.468,11.676,2643.096,456.9,0.262,0.003,58.884,43.167,0,0.532,0.395,0.017,0.12,0.655,3.676,9.016,-1.991e-4,0,-0.113,0.7,0.813,0.011,866.319,0.001,335.249,0.044,6.4,32.17
16.501,12.057,2643.096,456.9,0.262,0.003,58.799,43.167,0,0.532,0.395,0.017,0.12,0.659,3.821,9.322,-2.76e-4,0,-0.116,0.7,0.816,0.011,866.286,0.001,335.248,0.043,6.4,32.17
16.534,12.408,2643.096,456.9,0.262,0.003,58.721,43.167,0,0.532,0.395,0.017,0.12,0.663,3.957,9.605,-1.245e-4,0,-0.12,0.7,0.819,0.012,866.253,0.001,335.247,0.042,6.4,32.17
16.567,12.979,2643.096,456.9,0.262,0.003,58.598,43.167,0,0.532,0.395,0.017,0.12,0.669,4.18,10.065,4.239e-4,0,-0.12,0.7,0.82,0.013,866.221,0.001,335.245,0.042,6.4,32.17
16.601,13.762,2643.096,456.9,0.262,0.003,58.434,43.167,0,0.532,0.395,0.017,0.12,0.677,4.492,10.701,3.809e-4,0,-0.118,0.7,0.818,0.014,866.189,0.001,335.244,0.041,6.4,32.17
16.636,14.372,2643.096,456.9,0.262,0.003,58.31,43.167,0,0.532,0.395,0.017,0.12,0.682,4.739,11.198,3.196e-4,0,-0.12,0.7,0.82,0.016,866.158,0.001,335.243,0.041,6.4,32.17
16.672,14.989,2643.096,456.9,0.262,0.003,58.188,43.167,0,0.532,0.395,0.017,0.12,0.686,4.993,11.702,1.706e-4,0,-0.121,0.7,0.821,0.017,866.127,0.001,335.242,0.04,6.4,32.17
16.709,15.535,2643.096,456.9,0.262,0.003,58.083,43.167,0,0.532,0.395,0.017,0.12,0.688,5.221,12.149,4.256e-4,0,-0.124,0.7,0.824,0.019,866.097,0.001,335.241,0.039,6.4,32.17
16.746,15.822,2643.096,456.9,0.262,0.003,58.029,43.167,0,0.533,0.396,0.017,0.12,0.691,5.342,12.385,3.335e-4,0,-0.132,0.7,0.832,0.021,866.069,0.001,335.24,0.039,6.4,32.17
16.782,16.458,2643.096,456.9,0.262,0.003,57.911,43.167,0,0.534,0.397,0.017,0.12,0.694,5.613,12.908,-8.169e-5,0,-0.134,0.7,0.834,0.023,866.042,0.001,335.239,0.038,6.4,32.17
16.819,17.233,2643.096,456.9,0.262,0.003,57.771,43.167,0,0.536,0.398,0.017,0.12,0.696,5.949,13.549,-9.667e-5,0,-0.134,0.7,0.834,0.025,866.016,0.001,335.238,0.037,6.4,32.17
16.857,18.119,2643.096,456.9,0.262,0.003,57.618,43.167,0,0.537,0.399,0.017,0.12,0.697,6.339,14.286,-1.286e-4,0,-0.133,0.7,0.833,0.027,865.99,0.001,335.237,0.037,6.4,32.17
16.896,19.113,2643.096,456.9,0.262,0.003,57.453,43.167,0,0.538,0.4,0.017,0.12,0.695,6.786,15.119,2.45e-4,0,-0.131,0.7,0.831,0.029,865.966,0.001,335.236,0.036,6.4,32.17
16.937,19.92,2643.096,456.9,0.262,0.003,57.324,43.167,0,0.539,0.402,0.017,0.12,0.694,7.155,15.795,-8.274e-5,0,-0.133,0.7,0.833,0.033,865.942,0.001,335.235,0.036,6.4,32.17
16.979,20.772,2643.096,456.9,0.262,0.003,57.193,43.167,0,0.54,0.403,0.017,0.12,0.692,7.388,15.768,-3.839e-4,0,-0.187,0.646,0.833,0.036,865.919,0.001,335.234,0.035,6.4,32.17
17.01,21.433,2643.096,456.9,0.262,0.003,57.094,43.167,0,0.541,0.404,0.017,0.12,0.689,7.559,15.69,3.339e-4,0,-0.229,0.599,0.829,0.038,865.903,0.001,335.234,0.035,6.4,32.17
17.036,22.006,2643.096,456.9,0.262,0.003,57.012,43.167,0,0.542,0.405,0.017,0.12,0.687,7.711,15.624,4.043e-4,0,-0.264,0.559,0.823,0.04,865.891,0.001,335.233,0.034,6.4,32.17
17.058,22.528,2643.096,456.9,0.262,0.003,56.938,43.167,0,0.543,0.406,0.017,0.12,0.684,7.851,15.566,5.798e-5,0,-0.293,0.523,0.816,0.041,865.88,0.001,335.233,0.034,6.4,32.17
17.079,23.019,2643.096,456.9,0.262,0.003,56.871,43.167,0,0.544,0.406,0.017,0.12,0.681,7.985,15.514,-4.594e-4,0,-0.32,0.488,0.809,0.042,865.871,0.001,335.233,0.034,6.4,32.17
17.099,23.484,2643.096,456.9,0.262,0.003,56.808,43.167,0,0.544,0.407,0.017,0.12,0.678,8.114,15.464,1.232e-4,0,-0.344,0.456,0.8,0.042,865.863,0.001,335.232,0.034,6.4,32.17
17.117,23.855,2643.096,456.9,0.262,0.003,56.759,43.167,0,0.545,0.408,0.017,0.12,0.675,8.218,15.425,-4.114e-4,0,-0.363,0.43,0.793,0.044,865.856,0.001,335.232,0.033,6.4,32.17
17.134,24.215,2643.096,456.9,0.262,0.003,56.712,43.167,0,0.545,0.408,0.017,0.12,0.673,8.32,15.387,2.496e-5,0,-0.381,0.405,0.786,0.045,865.85,0.001,335.232,0.033,6.4,32.17
17.152,24.583,2643.096,456.9,0.262,0.003,56.665,43.167,0,0.546,0.409,0.017,0.12,0.67,8.425,15.35,8.958e-6,0,-0.399,0.379,0.778,0.046,865.844,0.001,335.232,0.033,6.4,32.17
17.168,25.054,2643.096,456.9,0.262,0.003,56.606,43.167,0,0.546,0.409,0.017,0.12,0.666,8.561,15.304,-4.896e-4,0,-0.421,0.346,0.767,0.046,865.838,0.001,335.231,0.033,6.4,32.17
17.184,25.507,2643.096,456.9,0.262,0.003,56.551,43.167,0,0.547,0.41,0.017,0.12,0.661,8.694,15.261,1.002e-4,0,-0.441,0.314,0.756,0.046,865.833,0.001,335.231,0.033,6.4,32.17
17.199,25.947,2643.096,456.9,0.262,0.003,56.498,43.167,0,0.547,0.41,0.017,0.12,0.657,8.823,15.221,2.943e-4,0,-0.46,0.284,0.744,0.046,865.828,0.001,335.231,0.033,6.4,32.17
17.214,26.354,2643.096,456.9,0.262,0.003,56.45,43.167,0,0.547,0.41,0.017,0.12,0.653,8.945,15.183,1.149e-4,0,-0.478,0.255,0.733,0.047,865.824,0.001,335.231,0.032,6.4,32.17
17.228,26.752,2643.096,456.9,0.262,0.003,56.405,43.167,0,0.548,0.41,0.017,0.12,0.649,9.065,15.147,2.012e-4,0,-0.494,0.227,0.721,0.047,865.82,0.001,335.231,0.032,6.4,32.17
17.242,27.142,2643.096,456.9,0.262,0.003,56.36,43.167,0,0.548,0.411,0.017,0.12,0.644,9.183,15.114,5.207e-5,0,-0.509,0.2,0.709,0.047,865.816,0.001,335.23,0.032,6.4,32.17
17.255,27.547,2643.096,456.9,0.262,0.003,56.316,43.167,0,0.548,0.411,0.017,0.12,0.639,9.307,15.079,2.324e-4,0,-0.525,0.172,0.697,0.048,865.813,0.001,335.23,0.032,6.4,32.17
17.268,27.978,2643.096,456.9,0.262,0.003,56.269,43.167,0,0.548,0.411,0.017,0.12,0.634,9.441,15.043,-3.751e-4,0,-0.542,0.141,0.683,0.048,865.809,0.001,335.23,0.032,6.4,32.17
17.281,28.396,2643.096,456.9,0.262,0.003,56.224,43.167,0,0.548,0.411,0.017,0.12,0.629,9.571,15.009,5.973e-5,0,-0.557,0.112,0.67,0.048,865.807,0.001,335.23,0.032,6.4,32.17
17.293,28.803,2643.096,456.9,0.262,0.003,56.182,43.167,0,0.548,0.411,0.017,0.12,0.624,9.699,14.977,-9.564e-5,0,-0.572,0.084,0.656,0.048,865.804,0.001,335.23,0.032,6.4,32.17
17.306,29.147,2643.096,456.9,0.262,0.003,56.147,43.167,0,0.548,0.411,0.017,0.12,0.619,9.808,14.95,4.444e-4,0,-0.584,0.06,0.643,0.049,865.801,0.001,335.23,0.032,6.4,32.17
17.318,29.429,2643.096,456.9,0.262,0.003,56.118,43.167,0,0.549,0.412,0.017,0.12,0.616,9.898,14.926,1.391e-4,0,-0.592,0.04,0.632,0.05,865.799,0.001,335.23,0.032,6.4,32.17
17.329,29.713,2643.096,456.9,0.262,0.003,56.09,43.167,0,0.549,0.412,0.017,0.12,0.612,9.988,14.904,8.207e-5,0,-0.601,0.02,0.621,0.052,865.797,0.001,335.23,0.032,6.4,32.17
17.341,29.996,2643.096,456.9,0.262,0.003,56.062,43.167,0,0.55,0.412,0.017,0.12,0.609,10.08,14.882,2.503e-4,0,-0.609,2.503e-4,0.609,0.054,865.795,0.001,335.23,0.032,6.4,32.17
17.353,30.284,2643.096,456.9,0.262,0.003,56.035,43.167,0,0.55,0.413,0.017,0.12,0.605,10.173,14.858,3.732e-4,0,-0.597,0,0.597,0.056,865.793,0.001,335.23,0.031,6.4,32.17
17.365,30.589,2643.096,456.9,0.262,0.003,56.006,43.167,0,0.55,0.413,0.017,0.12,0.601,10.272,14.835,-4.97e-4,0,-0.586,0,0.586,0.058,865.792,0.001,335.23,0.031,6.4,32.17
17.377,30.905,2643.096,456.9,0.262,0.003,55.976,43.167,0,0.55,0.413,0.017,0.12,0.597,10.375,14.811,-3.802e-4,0,-0.574,0,0.574,0.06,865.79,0.001,335.23,0.031,6.4,32.17
17.39,31.232,2643.096,456.9,0.262,0.003,55.946,43.167,0,0.551,0.414,0.017,0.12,0.592,10.482,14.786,-1.475e-4,0,-0.562,0,0.562,0.062,865.789,0.001,335.229,0.031,6.4,32.17
17.403,31.581,2643.096,456.9,0.262,0.003,55.914,43.167,0,0.551,0.414,0.017,0.12,0.587,10.598,14.761,1.476e-4,0,-0.549,0,0.549,0.064,865.787,0.001,335.229,0.031,6.4,32.17
17.417,31.976,2643.096,456.9,0.262,0.003,55.879,43.167,0,0.551,0.414,0.017,0.12,0.581,10.729,14.733,4.678e-4,0,-0.536,0,0.536,0.066,865.786,0.001,335.229,0.031,6.4,32.17
17.431,32.382,2643.096,456.9,0.262,0.003,55.844,43.167,0,0.551,0.414,0.017,0.12,0.575,10.864,14.705,-1.462e-4,0,-0.522,0,0.522,0.069,865.785,0.001,335.229,0.031,6.4,32.17
17.445,32.798,2643.096,456.9,0.262,0.003,55.809,43.167,0,0.551,0.414,0.017,0.12,0.569,11.004,14.677,-7.101e-5,0,-0.509,0,0.509,0.071,865.784,0.001,335.229,0.031,6.4,32.17
17.46,33.193,2643.096,456.9,0.262,0.003,55.776,43.167,0,0.552,0.415,0.017,0.12,0.563,11.137,14.649,-3.188e-4,0,-0.496,0,0.496,0.075,865.783,0.001,335.229,0.031,6.4,32.17
17.475,33.583,2643.096,456.9,0.262,0.003,55.744,43.167,0,0.552,0.415,0.017,0.12,0.557,11.27,14.622,-3.978e-4,0,-0.483,0,0.483,0.079,865.783,0.001,335.229,0.031,6.4,32.17
17.49,33.986,2643.096,456.9,0.262,0.003,55.712,43.167,0,0.552,0.415,0.017,0.12,0.551,11.407,14.595,-4.823e-4,0,-0.47,0,0.47,0.083,865.782,0.001,335.229,0.031,6.4,32.17
17.507,34.395,2643.096,456.9,0.262,0.003,55.68,43.167,0,0.553,0.415,0.017,0.12,0.544,11.547,14.567,-3.108e-4,0,-0.458,0,0.458,0.089,865.782,0.001,335.229,0.03,6.4,32.17
17.523,34.806,2643.096,456.9,0.262,0.003,55.649,43.167,0,0.553,0.416,0.017,0.12,0.538,11.689,14.539,2.124e-5,0,-0.445,0,0.445,0.095,865.782,0.001,335.229,0.03,6.4,32.17
17.541,35.231,2643.096,456.9,0.262,0.003,55.617,43.167,0,0.553,0.416,0.017,0.12,0.531,11.836,14.51,4.533e-4,0,-0.433,0,0.433,0.102,865.783,0.001,335.229,0.03,6.4,32.17
17.559,35.695,2643.096,456.9,0.262,0.003,55.583,43.167,0,0.554,0.416,0.017,0.12,0.524,11.997,14.479,-1.284e-4,0,-0.419,0,0.419,0.109,865.784,0.001,335.229,0.03,6.4,32.17
17.577,36.198,2643.096,456.9,0.262,0.003,55.548,43.167,0,0.554,0.417,0.017,0.12,0.515,12.173,14.448,1.205e-4,0,-0.405,0,0.405,0.116,865.785,0.001,335.229,0.03,6.4,32.17
17.597,36.712,2643.096,456.9,0.262,0.003,55.513,43.167,0,0.554,0.417,0.017,0.12,0.507,12.353,14.417,-5.325e-5,0,-0.391,0,0.391,0.123,865.787,0.001,335.229,0.03,6.4,32.17
17.617,37.3,2643.096,456.9,0.262,0.003,55.474,43.167,0,0.553,0.416,0.017,0.12,0.497,12.56,14.386,-4.249e-5,0,-0.375,0,0.375,0.129,865.789,0.001,335.229,0.03,6.4,32.17
17.638,37.904,2643.096,456.9,0.262,0.003,55.435,43.167,0,0.553,0.416,0.017,0.12,0.486,12.774,14.355,-7.415e-5,0,-0.359,0,0.359,0.134,865.791,0.001,335.23,0.03,6.4,32.17
17.659,38.468,2643.096,456.9,0.262,0.003,55.4,43.167,0,0.553,0.416,0.017,0.12,0.476,12.975,14.324,2.401e-5,0,-0.344,0,0.344,0.142,865.794,0.001,335.23,0.03,6.4,32.17
17.682,38.987,2643.096,456.9,0.262,0.003,55.369,43.167,0,0.553,0.416,0.017,0.12,0.467,13.16,14.292,-1.824e-4,0,-0.33,0,0.33,0.155,865.798,0.001,335.23,0.03,6.4,32.17
17.705,39.521,2643.096,456.9,0.262,0.003,55.338,43.167,0,0.553,0.416,0.017,0.12,0.458,13.351,14.259,1.021e-4,0,-0.315,0,0.315,0.168,865.803,0.001,335.23,0.03,6.4,32.17
17.73,40.082,2643.096,456.9,0.262,0.003,55.307,43.167,0,0.553,0.416,0.017,0.12,0.448,13.552,14.225,-8.556e-5,0,-0.3,0,0.3,0.182,865.808,0.001,335.23,0.03,6.4,32.17
17.756,40.67,2643.096,456.9,0.262,0.003,55.275,43.167,0,0.552,0.415,0.017,0.12,0.437,13.764,14.194,3.007e-4,0,-0.285,0,0.285,0.194,865.814,0.001,335.23,0.031,6.4,32.17
17.783,41.339,2643.096,456.9,0.262,0.003,55.241,43.167,0,0.551,0.414,0.017,0.12,0.425,14.005,14.17,-3.272e-4,0,-0.267,0,0.267,0.199,865.821,0.001,335.231,0.031,6.4,32.17
17.81,41.925,2643.096,456.9,0.262,0.003,55.212,43.167,0,0.55,0.413,0.017,0.12,0.414,14.217,14.141,-1.64e-4,0,-0.25,0,0.25,0.211,865.829,0.001,335.231,0.031,6.4,32.17
17.84,42.402,2643.096,456.9,0.262,0.003,55.189,43.167,0,0.55,0.413,0.017,0.12,0.405,14.389,14.103,1.874e-5,0,-0.236,0,0.236,0.236,865.838,0.001,335.231,0.031,6.4,32.17
17.871,42.893,2643.096,456.9,0.262,0.003,55.167,43.167,0,0.55,0.413,0.017,0.12,0.397,14.567,14.065,4.877e-4,0,-0.222,0,0.222,0.261,865.849,0.001,335.232,0.031,6.4,32.17
17.903,43.381,2643.096,456.9,0.262,0.003,55.145,43.167,0,0.549,0.412,0.017,0.12,0.388,14.744,14.03,-4.205e-4,0,-0.206,0,0.206,0.285,865.861,0.001,335.232,0.032,6.4,32.17
17.938,43.917,2643.096,456.9,0.262,0.003,55.122,43.167,0,0.548,0.41,0.017,0.12,0.377,14.938,14.01,2.311e-4,0,-0.188,0,0.188,0.292,865.875,0.001,335.233,0.032,6.4,32.17
17.974,44.359,2643.096,456.9,0.262,0.003,55.104,43.167,0,0.546,0.409,0.017,0.12,0.369,15.098,13.986,3.412e-4,0,-0.172,0,0.172,0.307,865.891,0.001,335.233,0.033,6.4,32.17
17.993,44.544,2643.096,456.9,0.262,0.003,55.097,43.167,0,0.545,0.408,0.017,0.12,0.365,15.165,13.973,-4.555e-4,0,-0.164,0,0.164,0.317,865.9,0.001,335.234,0.033,6.4,32.17
18.021,44.725,2643.096,456.9,0.262,0.003,55.09,43.167,0,0.545,0.408,0.017,0.12,0.361,15.231,13.94,2.314e-4,0,-0.153,0,0.153,0.346,865.914,0.001,335.234,0.033,6.4,32.17
18.063,44.876,2643.096,456.9,0.262,0.003,55.084,43.167,0,0.544,0.407,0.017,0.12,0.359,15.286,13.883,-1.067e-4,0,-0.14,0,0.14,0.4,865.935,0.001,335.235,0.034,6.4,32.17
18.108,44.926,2643.096,456.9,0.262,0.003,55.082,43.167,0,0.544,0.406,0.017,0.12,0.357,15.304,13.819,1.287e-4,0,-0.126,0,0.126,0.463,865.961,0.001,335.236,0.034,6.4,32.17
18.158,44.887,2643.096,456.9,0.262,0.003,55.083,43.167,0,0.542,0.405,0.017,0.12,0.357,15.29,13.779,-1.112e-4,0,-0.111,0,0.111,0.503,865.991,0.001,335.237,0.035,6.4,32.17
18.208,44.649,2643.096,456.9,0.262,0.003,55.093,43.167,0,0.54,0.403,0.017,0.12,0.36,15.204,13.733,-2.028e-4,0,-0.097,0,0.097,0.555,866.024,0.001,335.238,0.035,6.4,32.17
18.258,44.207,2643.096,456.9,0.262,0.003,55.11,43.167,0,0.539,0.402,0.017,0.12,0.366,15.043,13.671,-3.763e-4,0,-0.086,0,0.086,0.625,866.059,0.001,335.239,0.036,6.4,32.17
18.308,43.584,2643.096,456.9,0.262,0.003,55.136,43.167,0,0.538,0.4,0.017,0.12,0.376,14.818,13.612,2.467e-4,0,-0.075,0,0.075,0.698,866.096,0.001,335.241,0.036,6.4,32.17
18.358,42.789,2643.096,456.9,0.262,0.003,55.171,43.167,0,0.536,0.399,0.017,0.12,0.388,14.53,13.567,-3.171e-4,0,-0.066,0,0.066,0.762,866.135,0.001,335.242,0.037,6.4,32.17
18.408,41.825,2643.096,456.9,0.262,0.003,55.217,43.167,0,0.534,0.397,0.017,0.12,0.403,14.18,13.541,1.959e-5,0,-0.057,0,0.057,0.814,866.177,0.001,335.244,0.038,6.4,32.17
18.458,40.637,2643.096,456.9,0.262,0.003,55.277,43.167,0,0.533,0.395,0.017,0.12,0.422,13.752,13.497,3.298e-4,0,-0.05,0,0.05,0.893,866.222,0.001,335.246,0.039,6.4,32.17
18.508,39.28,2643.096,456.9,0.262,0.003,55.352,43.167,0,0.532,0.395,0.017,0.12,0.444,13.265,13.48,-9.763e-5,0,-0.043,0,0.043,0.956,866.268,0.001,335.247,0.04,6.4,32.17
18.558,37.698,2643.096,456.9,0.262,0.003,55.448,43.167,0,0.532,0.395,0.017,0.12,0.471,12.701,13.453,3.695e-4,0,-0.037,0,0.037,1.045,866.317,0.001,335.249,0.04,6.4,32.17
18.608,35.948,2643.096,456.9,0.262,0.003,55.565,43.167,0,0.532,0.395,0.017,0.12,0.5,12.086,13.459,-4.362e-4,0,-0.032,0,0.032,1.117,866.368,0.001,335.251,0.041,6.4,32.17
18.657,34.034,2643.096,456.9,0.262,0.003,55.708,43.167,0,0.532,0.395,0.017,0.12,0.53,11.424,13.486,1.864e-4,0,0,0,0,1.188,866.42,0.001,335.253,0.042,6.4,32.17
18.704,32.041,2643.096,456.9,0.262,0.003,55.872,43.167,0,0.532,0.395,0.017,0.12,0.56,10.75,13.549,-3.815e-4,0,0,0,0,1.244,866.473,0.001,335.255,0.043,6.4,32.17
18.75,29.989,2643.096,456.9,0.262,0.003,56.061,43.167,0,0.532,0.395,0.017,0.12,0.59,10.077,13.648,4.584e-4,0,7.744e-4,7.744e-4,0,1.284,866.525,0.001,335.257,0.044,6.4,32.17
18.794,27.949,2643.096,456.9,0.262,0.003,56.269,43.167,0,0.532,0.395,0.017,0.12,0.616,9.432,13.804,-3.839e-4,0,0.109,0.144,0.034,1.286,866.578,0.001,335.259,0.045,6.4,32.17
18.826,26.275,2643.096,456.9,0.262,0.003,56.456,43.167,0,0.532,0.395,0.017,0.12,0.636,8.921,13.912,4.688e-5,0,0.212,0.261,0.048,1.321,866.617,0.001,335.26,0.046,6.4,32.17
18.842,25.395,2643.096,456.9,0.262,0.003,56.56,43.167,0,0.532,0.395,0.017,0.12,0.645,8.661,13.973,4.569e-4,0,0.263,0.322,0.059,1.34,866.637,0.001,335.261,0.046,6.4,32.17
18.855,24.692,2643.096,456.9,0.262,0.003,56.647,43.167,0,0.532,0.395,0.017,0.12,0.652,8.456,14.031,-4.379e-4,0,0.302,0.371,0.069,1.349,866.654,0.001,335.262,0.046,6.4,32.17
18.866,24.095,2643.096,456.9,0.262,0.003,56.723,43.167,0,0.532,0.395,0.017,0.12,0.658,8.286,14.091,-2.675e-4,0,0.334,0.413,0.079,1.347,866.668,0.001,335.262,0.046,6.4,32.17
18.876,23.556,2643.096,456.9,0.262,0.003,56.793,43.167,0,0.532,0.395,0.017,0.12,0.662,8.134,14.149,1.045e-4,0,0.362,0.451,0.089,1.344,866.681,0.001,335.263,0.047,6.4,32.17
18.885,23.059,2643.096,456.9,0.262,0.003,56.859,43.167,0,0.532,0.395,0.017,0.12,0.666,7.996,14.205,4.924e-4,0,0.387,0.486,0.098,1.339,866.692,0.001,335.263,0.047,6.4,32.17
18.893,22.595,2643.096,456.9,0.262,0.003,56.923,43.167,0,0.532,0.395,0.017,0.12,0.67,7.869,14.26,-3.18e-4,0,0.41,0.518,0.108,1.332,866.703,0.001,335.263,0.047,6.4,32.17
18.901,22.16,2643.096,456.9,0.262,0.003,56.984,43.167,0,0.532,0.395,0.017,0.12,0.673,7.752,14.316,-6.276e-5,0,0.432,0.549,0.117,1.324,866.714,0.001,335.264,0.047,6.4,32.17
18.908,21.758,2643.096,456.9,0.262,0.003,57.041,43.167,0,0.532,0.395,0.017,0.12,0.676,7.645,14.373,-1.969e-4,0,0.45,0.577,0.126,1.311,866.723,0.001,335.264,0.047,6.4,32.17
18.915,21.375,2643.096,456.9,0.262,0.003,57.096,43.167,0,0.532,0.395,0.017,0.12,0.678,7.544,14.431,-4.638e-4,0,0.468,0.604,0.136,1.296,866.733,0.001,335.264,0.048,6.4,32.17
18.922,21.009,2643.096,456.9,0.262,0.003,57.15,43.167,0,0.532,0.395,0.017,0.12,0.68,7.449,14.488,-2.55e-4,0,0.485,0.629,0.145,1.281,866.742,0.001,335.265,0.048,6.4,32.17
18.929,20.657,2643.096,456.9,0.262,0.003,57.203,43.167,0,0.532,0.395,0.017,0.12,0.682,7.358,14.545,7.186e-5,0,0.5,0.654,0.154,1.265,866.75,0.001,335.265,0.048,6.4,32.17
18.935,20.319,2643.096,456.9,0.262,0.003,57.255,43.167,0,0.532,0.395,0.017,0.12,0.684,7.272,14.601,-1.208e-6,0,0.515,0.678,0.163,1.247,866.759,0.001,335.265,0.048,6.4,32.17
18.941,19.992,2643.096,456.9,0.262,0.003,57.305,43.167,0,0.532,0.395,0.017,0.12,0.685,7.189,14.651,1.095e-4,0,0.528,0.7,0.172,1.229,866.767,0.001,335.266,0.048,6.4,32.17
18.947,19.676,2643.096,456.9,0.262,0.003,57.355,43.167,0,0.532,0.395,0.017,0.12,0.687,7.043,14.403,3.891e-4,0,0.52,0.7,0.18,1.209,866.775,0.001,335.266,0.048,6.4,32.17
18.952,19.339,2643.096,456.9,0.262,0.003,57.408,43.167,0,0.532,0.395,0.017,0.12,0.688,6.889,14.135,3.933e-4,0,0.511,0.7,0.189,1.194,866.783,0.001,335.266,0.048,6.4,32.17
18.958,18.968,2643.096,456.9,0.262,0.003,57.468,43.167,0,0.532,0.395,0.017,0.12,0.689,6.72,13.831,3.706e-4,0,0.502,0.7,0.198,1.185,866.791,0.001,335.267,0.049,6.4,32.17
18.964,18.592,2643.096,456.9,0.262,0.003,57.53,43.167,0,0.532,0.395,0.017,0.12,0.69,6.551,13.526,-3.327e-4,0,0.493,0.7,0.207,1.174,866.799,0.001,335.267,0.049,6.4,32.17
18.97,18.211,2643.096,456.9,0.262,0.003,57.594,43.167,0,0.532,0.395,0.017,0.12,0.691,6.38,13.221,-3.972e-7,0,0.485,0.7,0.215,1.161,866.808,0.001,335.267,0.049,6.4,32.17
18.977,17.824,2643.096,456.9,0.262,0.003,57.66,43.167,0,0.532,0.395,0.017,0.12,0.692,6.208,12.914,4.229e-4,0,0.476,0.7,0.224,1.145,866.816,0.001,335.268,0.049,6.4,32.17
18.983,17.433,2643.096,456.9,0.262,0.003,57.728,43.167,0,0.532,0.395,0.017,0.12,0.692,6.036,12.607,8.18e-5,0,0.467,0.7,0.233,1.126,866.825,0.001,335.268,0.049,6.4,32.17
18.989,17.037,2643.096,456.9,0.262,0.003,57.798,43.167,0,0.532,0.395,0.017,0.12,0.692,5.863,12.299,7.183e-5,0,0.459,0.7,0.241,1.105,866.834,0.001,335.268,0.049,6.4,32.17
18.996,16.637,2643.096,456.9,0.262,0.003,57.87,43.167,0,0.532,0.395,0.017,0.12,0.692,5.69,11.992,-4.438e-6,0,0.45,0.7,0.25,1.08,866.843,0.001,335.269,0.049,6.4,32.17
19.002,16.257,2643.096,456.9,0.262,0.003,57.94,43.167,0,0.532,0.395,0.017,0.12,0.691,5.527,11.713,4.483e-5,0,0.442,0.7,0.258,1.044,866.852,0.001,335.269,0.049,6.4,32.17
19.009,15.924,2643.096,456.9,0.262,0.003,58.002,43.167,0,0.532,0.395,0.017,0.12,0.69,5.385,11.491,-3.089e-4,0,0.434,0.7,0.266,0.991,866.862,0.001,335.269,0.049,6.4,32.17
19.016,15.593,2643.096,456.9,0.262,0.003,58.065,43.167,0,0.532,0.395,0.017,0.12,0.689,5.245,11.276,3.164e-4,0,0.426,0.7,0.274,0.934,866.871,0.001,335.27,0.05,6.4,32.17
19.022,15.268,2643.096,456.9,0.262,0.003,58.127,43.167,0,0.532,0.395,0.017,0.12,0.687,5.109,11.068,3.656e-4,0,0.418,0.7,0.282,0.874,866.881,0.001,335.27,0.05,6.4,32.17
19.029,14.948,2643.096,456.9,0.262,0.003,58.19,43.167,0,0.532,0.395,0.017,0.12,0.686,4.976,10.869,-1.452e-4,0,0.41,0.7,0.29,0.811,866.891,0.001,335.27,0.05,6.4,32.17
19.036,14.634,2643.096,456.9,0.262,0.003,58.252,43.167,0,0.532,0.395,0.017,0.12,0.684,4.847,10.679,3.138e-4,0,0.402,0.7,0.298,0.744,866.901,0.001,335.271,0.05,6.4,32.17
19.043,14.329,2643.096,456.9,0.262,0.003,58.313,43.167,0,0.532,0.395,0.017,0.12,0.682,4.722,10.499,4.987e-4,0,0.394,0.7,0.305,0.675,866.911,0.001,335.271,0.05,6.4,32.17
19.05,14.031,2643.096,456.9,0.262,0.003,58.374,43.167,0,0.532,0.395,0.017,0.12,0.679,4.6,10.327,4.544e-4,0,0.387,0.7,0.313,0.604,866.922,0.001,335.271,0.051,6.4,32.17
19.058,13.691,2643.096,456.9,0.262,0.003,58.445,43.167,0,0.532,0.395,0.017,0.12,0.676,4.463,10.114,-2.413e-4,0,0.379,0.7,0.321,0.541,866.932,0.001,335.272,0.051,6.4,32.17
19.065,13.359,2643.096,456.9,0.262,0.003,58.514,43.167,0,0.532,0.395,0.017,0.12,0.673,4.331,9.91,3.259e-5,0,0.371,0.7,0.329,0.475,866.943,0.001,335.272,0.051,6.4,32.17
19.072,13.038,2643.096,456.9,0.262,0.003,58.583,43.167,0,0.532,0.395,0.017,0.12,0.67,4.203,9.717,4.51e-5,0,0.364,0.7,0.336,0.408,866.954,0.001,335.273,0.051,6.4,32.17
19.08,12.729,2643.096,456.9,0.262,0.003,58.65,43.167,0,0.532,0.395,0.017,0.12,0.667,4.082,9.534,-1.833e-6,0,0.356,0.7,0.344,0.341,866.965,0.001,335.273,0.051,6.4,32.17
19.087,12.435,2643.096,456.9,0.262,0.003,58.715,43.167,0,0.532,0.395,0.017,0.12,0.664,3.967,9.363,-1.787e-4,0,0.349,0.7,0.351,0.275,866.977,0.001,335.273,0.051,6.4,32.17
19.095,12.157,2643.096,456.9,0.262,0.003,58.777,43.167,0,0.532,0.395,0.017,0.12,0.661,3.86,9.204,-4.408e-4,0,0.341,0.7,0.359,0.211,866.988,0.001,335.274,0.052,6.4,32.17
19.103,11.914,2643.096,456.9,0.262,0.003,58.832,43.167,0,0.532,0.395,0.017,0.12,0.658,3.767,9.069,1.834e-4,0,0.334,0.7,0.366,0.15,867,0.001,335.274,0.052,6.4,32.17
19.111,11.717,2643.096,456.9,0.262,0.003,58.877,43.167,0,0.532,0.395,0.017,0.12,0.655,3.691,8.966,4.116e-4,0,0.327,0.7,0.373,0.095,867.012,0.001,335.275,0.052,6.4,32.17
19.119,11.549,2643.096,456.9,0.262,0.003,58.916,43.167,0,0.532,0.395,0.017,0.12,0.653,3.628,8.876,3.647e-4,0,0.319,0.7,0.38,0.051,867.025,0.001,335.275,0.052,6.4,32.17
19.127,11.413,2643.096,456.9,0.262,0.003,58.948,43.167,0,0.532,0.395,0.017,0.12,0.652,3.576,8.799,1.45e-4,0,0.312,0.7,0.387,0.019,867.037,0.001,335.276,0.052,6.4,32.17
19.136,11.311,2643.096,456.9,0.262,0.003,58.972,43.167,0,0.532,0.395,0.017,0.12,0.651,3.538,8.735,-3.329e-4,0,0.305,0.7,0.394,0.002,867.05,0.001,335.276,0.053,6.4,32.17
19.144,11.247,2643.096,456.9,0.262,0.003,58.987,43.167,0,0.532,0.395,0.017,0.12,0.65,3.514,8.688,3.234e-4,0,0.299,0.7,0.401,-0.002,867.063,0.001,335.277,0.053,6.4,32.17
19.153,11.194,2643.096,456.9,0.262,0.003,59,43.167,0,0.532,0.395,0.017,0.12,0.649,3.494,8.663,3.171e-4,0,0.292,0.7,0.408,-0.019,867.077,0.001,335.277,0.053,6.4,32.17
19.161,11.119,2643.096,456.9,0.262,0.003,59.018,43.167,0,0.532,0.395,0.017,0.12,0.648,3.466,8.637,-2.573e-4,0,0.285,0.7,0.415,-0.053,867.091,0.001,335.278,0.053,6.4,32.17
19.17,11.085,2643.096,456.9,0.262,0.003,59.027,43.167,0,0.532,0.395,0.017,0.12,0.648,3.453,8.662,-2.513e-4,0,0.278,0.7,0.422,-0.105,867.105,0.001,335.278,0.053,6.4,32.17
19.179,11.094,2643.096,456.9,0.262,0.003,59.025,43.167,0,0.532,0.395,0.017,0.12,0.648,3.456,8.738,3.628e-4,0,0.271,0.7,0.429,-0.173,867.119,0.001,335.279,0.053,6.4,32.17
19.189,11.147,2643.096,456.9,0.262,0.003,59.013,43.167,0,0.533,0.395,0.017,0.12,0.648,3.476,8.864,-1.886e-4,0,0.264,0.7,0.436,-0.257,867.134,0.001,335.279,0.054,6.4,32.17
19.198,11.247,2643.096,456.9,0.262,0.003,58.99,43.167,0,0.533,0.395,0.017,0.12,0.65,3.514,9.041,4.169e-4,0,0.257,0.7,0.443,-0.354,867.149,0.001,335.28,0.054,6.4,32.17
19.207,11.497,2643.096,456.9,0.262,0.003,58.932,43.167,0,0.533,0.395,0.017,0.12,0.653,3.608,9.346,4.038e-4,0,0.251,0.7,0.449,-0.458,867.164,0.001,335.28,0.054,6.4,32.17
19.217,11.823,2643.096,456.9,0.262,0.003,58.857,43.167,0,0.533,0.395,0.017,0.12,0.657,3.732,9.715,1.953e-4,0,0.245,0.7,0.455,-0.565,867.18,0.001,335.281,0.054,6.4,32.17
19.227,12.193,2643.096,456.9,0.262,0.003,58.774,43.167,0,0.533,0.395,0.017,0.12,0.661,3.874,10.115,3.378e-5,0,0.239,0.7,0.461,-0.669,867.197,0.001,335.282,0.055,6.4,32.17
19.237,12.602,2643.096,456.9,0.262,0.003,58.683,43.167,0,0.533,0.395,0.017,0.12,0.666,4.033,10.545,5.703e-6,0,0.233,0.7,0.467,-0.767,867.213,0.001,335.282,0.055,6.4,32.17
19.247,13.05,2643.096,456.9,0.262,0.003,58.586,43.167,0,0.533,0.395,0.017,0.12,0.67,4.209,10.996,-1.961e-4,0,0.227,0.7,0.472,-0.856,867.23,0.001,335.283,0.055,6.4,32.17
19.257,13.452,2643.096,456.9,0.262,0.003,58.501,43.167,0,0.533,0.395,0.017,0.12,0.674,4.368,11.405,-1.909e-4,0,0.221,0.7,0.478,-0.94,867.247,0.001,335.283,0.055,6.4,32.17
19.268,13.857,2643.096,456.9,0.262,0.003,58.416,43.167,0,0.533,0.395,0.017,0.12,0.678,4.531,11.809,3.225e-4,0,0.215,0.7,0.485,-1.014,867.265,0.001,335.284,0.056,6.4,32.17
19.279,14.295,2643.096,456.9,0.262,0.003,58.326,43.167,0,0.533,0.395,0.017,0.12,0.682,4.708,12.228,3.157e-5,0,0.209,0.7,0.49,-1.077,867.283,0.001,335.285,0.056,6.4,32.17
19.29,14.761,2643.096,456.9,0.262,0.003,58.233,43.167,0,0.533,0.395,0.017,0.12,0.685,4.899,12.661,4.101e-5,0,0.204,0.7,0.496,-1.128,867.302,0.001,335.286,0.056,6.4,32.17
19.301,15.264,2643.096,456.9,0.262,0.003,58.134,43.167,0,0.533,0.395,0.017,0.12,0.688,5.108,13.111,5.135e-5,0,0.198,0.7,0.502,-1.166,867.321,0.001,335.286,0.056,6.4,32.17
19.312,15.923,2643.096,456.9,0.262,0.003,58.008,43.167,0,0.533,0.395,0.017,0.12,0.691,5.385,13.669,-4.835e-4,0,0.193,0.7,0.507,-1.182,867.341,0.001,335.287,0.057,6.4,32.17
19.324,16.596,2643.096,456.9,0.262,0.003,57.883,43.167,0,0.533,0.395,0.017,0.12,0.692,5.673,14.229,-1.375e-4,0,0.188,0.7,0.512,-1.186,867.361,0.001,335.288,0.057,6.4,32.17
19.335,17.281,2643.096,456.9,0.262,0.003,57.76,43.167,0,0.533,0.395,0.018,0.12,0.692,5.97,14.791,1.005e-4,0,0.183,0.7,0.517,-1.179,867.381,0.001,335.288,0.057,6.4,32.17
19.347,17.973,2643.096,456.9,0.262,0.003,57.64,43.167,0,0.533,0.395,0.018,0.12,0.692,6.275,15.35,4.138e-4,0,0.178,0.7,0.522,-1.162,867.402,0.001,335.289,0.058,6.4,32.17
19.359,18.618,2643.096,456.9,0.262,0.003,57.531,43.167,0,0.533,0.395,0.018,0.12,0.69,6.563,15.867,-4.465e-4,0,0.173,0.7,0.527,-1.138,867.424,0.001,335.29,0.058,6.4,32.17
19.372,19.252,2643.096,456.9,0.262,0.003,57.427,43.167,0,0.533,0.395,0.018,0.12,0.689,6.85,16.368,1.233e-4,0,0.168,0.7,0.532,-1.106,867.446,0.001,335.291,0.058,6.4,32.17
19.384,19.888,2643.096,456.9,0.262,0.003,57.325,43.167,0,0.533,0.395,0.018,0.12,0.686,7.141,16.864,8.511e-5,0,0.163,0.7,0.537,-1.067,867.468,0.001,335.292,0.058,6.4,32.17
19.397,20.522,2643.096,456.9,0.262,0.003,57.227,43.167,0,0.533,0.395,0.018,0.12,0.683,7.324,16.852,6.931e-5,0,0.123,0.663,0.541,-1.021,867.492,0.001,335.293,0.059,6.4,32.17
19.414,21.346,2643.096,456.9,0.262,0.003,57.104,43.167,0,0.533,0.395,0.018,0.12,0.679,7.537,16.691,3.197e-4,0,0.063,0.606,0.543,-0.955,867.522,0.001,335.294,0.059,6.4,32.17
19.439,22.529,2643.096,456.9,0.262,0.003,56.935,43.167,0,0.533,0.395,0.018,0.12,0.671,7.852,16.456,3.565e-4,0,-0.016,0.523,0.539,-0.852,867.569,0.001,335.295,0.06,6.4,32.17
19.466,23.595,2643.096,456.9,0.262,0.003,56.791,43.167,0,0.533,0.395,0.018,0.12,0.663,8.146,16.232,-3.114e-4,0,-0.08,0.448,0.529,-0.739,867.621,0.001,335.297,0.06,6.4,32.17
19.49,24.382,2643.096,456.9,0.262,0.003,56.688,43.167,0,0.533,0.395,0.018,0.12,0.656,8.368,16.053,1.58e-4,0,-0.122,0.393,0.515,-0.639,867.667,0.001,335.299,0.061,6.4,32.17
19.506,24.841,2643.096,456.9,0.262,0.003,56.631,43.167,0,0.533,0.395,0.018,0.12,0.651,8.5,15.946,-2.527e-4,0,-0.143,0.361,0.504,-0.576,867.698,0.001,335.3,0.061,6.4,32.17
19.519,25.19,2643.096,456.9,0.262,0.003,56.588,43.167,0,0.533,0.395,0.018,0.12,0.648,8.601,15.861,-6.641e-5,0,-0.158,0.337,0.495,-0.525,867.724,0.001,335.301,0.061,6.4,32.17
19.531,25.48,2643.096,456.9,0.262,0.003,56.552,43.167,0,0.533,0.395,0.018,0.12,0.645,8.686,15.789,-8.082e-5,0,-0.169,0.316,0.485,-0.48,867.747,0.001,335.302,0.062,6.4,32.17
19.543,25.729,2643.096,456.9,0.262,0.003,56.522,43.167,0,0.533,0.395,0.018,0.12,0.642,8.76,15.726,3.232e-4,0,-0.177,0.299,0.476,-0.44,867.769,0.001,335.303,0.062,6.4,32.17
19.553,25.972,2643.096,456.9,0.262,0.003,56.493,43.167,0,0.533,0.395,0.018,0.121,0.64,8.832,15.666,1.64e-4,0,-0.185,0.282,0.467,-0.402,867.79,0.001,335.304,0.062,6.4,32.17
19.563,26.246,2643.096,456.9,0.262,0.003,56.461,43.167,0,0.533,0.395,0.018,0.121,0.637,8.913,15.608,2.163e-4,0,-0.195,0.263,0.458,-0.368,867.81,0.001,335.304,0.062,6.4,32.17
19.572,26.489,2643.096,456.9,0.262,0.003,56.433,43.167,0,0.533,0.395,0.018,0.121,0.634,8.986,15.556,7.332e-5,0,-0.203,0.246,0.449,-0.338,867.828,0.001,335.305,0.063,6.4,32.17
19.581,26.706,2643.096,456.9,0.262,0.003,56.409,43.167,0,0.533,0.395,0.018,0.121,0.632,9.051,15.508,4.975e-4,0,-0.21,0.231,0.44,-0.309,867.847,0.001,335.306,0.063,6.4,32.17
19.59,26.901,2643.096,456.9,0.262,0.003,56.386,43.167,0,0.533,0.395,0.018,0.121,0.629,9.111,15.465,-1.091e-4,0,-0.215,0.217,0.432,-0.283,867.864,0.001,335.306,0.063,6.4,32.17
19.598,27.079,2643.096,456.9,0.262,0.003,56.367,43.167,0,0.533,0.395,0.018,0.121,0.627,9.165,15.426,-3.256e-5,0,-0.219,0.204,0.423,-0.259,867.881,0.001,335.307,0.063,6.4,32.17
19.606,27.281,2643.096,456.9,0.262,0.003,56.344,43.167,0,0.533,0.395,0.018,0.121,0.625,9.227,15.386,-4.07e-5,0,-0.224,0.19,0.414,-0.237,867.898,0.001,335.308,0.063,6.4,32.17
19.614,27.476,2643.096,456.9,0.262,0.003,56.323,43.167,0,0.533,0.395,0.018,0.121,0.623,9.286,15.349,-6.058e-5,0,-0.229,0.177,0.406,-0.216,867.914,0.001,335.308,0.064,6.4,32.17
19.622,27.655,2643.096,456.9,0.262,0.003,56.303,43.167,0,0.533,0.395,0.018,0.121,0.621,9.342,15.316,9.184e-5,0,-0.233,0.164,0.398,-0.197,867.93,0.001,335.309,0.064,6.4,32.17
19.63,27.819,2643.096,456.9,0.262,0.003,56.285,43.167,0,0.533,0.395,0.018,0.121,0.619,9.392,15.284,1.23e-5,0,-0.237,0.153,0.389,-0.179,867.945,0.001,335.309,0.064,6.4,32.17
19.637,27.97,2643.096,456.9,0.262,0.003,56.269,43.167,0,0.533,0.395,0.018,0.121,0.617,9.439,15.255,3.709e-4,0,-0.239,0.142,0.381,-0.162,867.96,0.001,335.31,0.064,6.4,32.17
19.644,28.11,2643.096,456.9,0.262,0.003,56.254,43.167,0,0.533,0.395,0.018,0.121,0.615,9.482,15.228,-4.812e-4,0,-0.241,0.132,0.373,-0.147,867.975,0.001,335.31,0.064,6.4,32.17
19.651,28.22,2643.096,456.9,0.262,0.003,56.243,43.167,0,0.533,0.395,0.018,0.121,0.614,9.517,15.205,-1.286e-4,0,-0.24,0.125,0.365,-0.132,867.99,0.001,335.311,0.065,6.4,32.17
19.658,28.241,2643.096,456.9,0.262,0.003,56.241,43.167,0,0.533,0.395,0.018,0.121,0.613,9.523,15.19,1.496e-4,0,-0.234,0.123,0.357,-0.118,868.005,0.001,335.312,0.065,6.4,32.17
19.666,28.253,2643.096,456.9,0.262,0.003,56.239,43.167,0,0.533,0.395,0.018,0.121,0.613,9.527,15.176,-1.891e-4,0,-0.227,0.122,0.35,-0.105,868.02,0.001,335.312,0.065,6.4,32.17
19.673,28.255,2643.096,456.9,0.262,0.003,56.239,43.167,0,0.533,0.395,0.018,0.121,0.613,9.528,15.162,2.534e-4,0,-0.22,0.122,0.342,-0.092,868.036,0.001,335.313,0.065,6.4,32.17
19.681,28.247,2643.096,456.9,0.262,0.003,56.24,43.167,0,0.533,0.395,0.018,0.121,0.613,9.525,15.151,-3.759e-4,0,-0.212,0.123,0.335,-0.08,868.052,0.001,335.313,0.065,6.4,32.17
19.689,28.227,2643.096,456.9,0.262,0.003,56.242,43.167,0,0.533,0.395,0.018,0.121,0.614,9.519,15.141,3.127e-4,0,-0.203,0.124,0.327,-0.068,868.069,0.001,335.314,0.065,6.4,32.17
19.697,28.195,2643.096,456.9,0.262,0.003,56.246,43.167,0,0.533,0.395,0.018,0.121,0.614,9.509,15.132,4.649e-4,0,-0.193,0.126,0.32,-0.057,868.087,0.001,335.315,0.065,6.4,32.17
19.706,28.209,2643.096,456.9,0.262,0.003,56.244,43.167,0,0.533,0.395,0.018,0.121,0.614,9.513,15.121,9.51e-5,0,-0.187,0.125,0.312,-0.047,868.105,0.001,335.315,0.066,6.4,32.17
19.714,28.244,2643.096,456.9,0.262,0.003,56.241,43.167,0,0.533,0.395,0.018,0.121,0.613,9.524,15.109,-3.675e-4,0,-0.181,0.123,0.304,-0.037,868.124,0.001,335.316,0.066,6.4,32.17
19.723,28.264,2643.096,456.9,0.262,0.003,56.238,43.167,0,0.533,0.395,0.018,0.121,0.613,9.531,15.098,-1.922e-5,0,-0.175,0.122,0.297,-0.028,868.144,0.001,335.317,0.066,6.4,32.17
19.733,28.269,2643.096,456.9,0.262,0.003,56.238,43.167,0,0.533,0.395,0.018,0.121,0.613,9.532,15.09,4.248e-4,0,-0.168,0.121,0.289,-0.02,868.164,0.001,335.317,0.066,6.4,32.17
19.742,28.257,2643.096,456.9,0.262,0.003,56.239,43.167,0,0.533,0.395,0.018,0.121,0.613,9.529,15.085,-3.441e-5,0,-0.159,0.122,0.281,-0.014,868.185,0.001,335.318,0.066,6.4,32.17
19.753,28.214,2643.096,456.9,0.262,0.003,56.244,43.167,0,0.533,0.395,0.018,0.121,0.614,9.515,15.082,-8.376e-5,0,-0.149,0.125,0.274,-0.008,868.207,0.001,335.319,0.067,6.4,32.17
19.763,28.105,2643.096,456.9,0.262,0.003,56.255,43.167,0,0.533,0.395,0.018,0.121,0.615,9.481,15.087,-1.602e-4,0,-0.134,0.133,0.266,-0.004,868.23,0.001,335.32,0.067,6.4,32.17
19.775,27.961,2643.096,456.9,0.262,0.003,56.271,43.167,0,0.533,0.395,0.018,0.121,0.617,9.436,15.095,1.625e-4,0,-0.116,0.143,0.259,-9.468e-4,868.256,0.001,335.321,0.067,6.4,32.17
19.789,27.764,2643.096,456.9,0.262,0.003,56.292,43.167,0,0.533,0.395,0.018,0.121,0.619,9.375,15.111,4.296e-5,0,-0.095,0.157,0.252,2.483e-5,868.286,0.001,335.322,0.068,6.4,32.17
19.805,27.483,2643.096,456.9,0.262,0.003,56.323,43.167,0,0.533,0.395,0.018,0.121,0.623,9.289,15.132,3.305e-4,0,-0.069,0.176,0.245,0.002,868.323,0.001,335.323,0.068,6.4,32.17
19.826,27.047,2643.096,456.9,0.262,0.003,56.371,43.167,0,0.533,0.395,0.018,0.121,0.628,9.155,15.161,-3.06e-4,0,-0.032,0.207,0.238,0.011,868.371,0.001,335.325,0.068,6.4,32.17
19.847,26.53,2643.096,456.9,0.262,0.003,56.43,43.167,0,0.533,0.395,0.018,0.121,0.634,8.999,15.191,2.537e-4,0,0.007,0.243,0.236,0.026,868.419,0.001,335.327,0.069,6.4,32.17
19.868,25.983,2643.096,456.9,0.262,0.003,56.494,43.167,0,0.533,0.395,0.018,0.121,0.64,8.835,15.219,2.976e-4,0,0.045,0.281,0.236,0.046,868.467,0.001,335.329,0.069,6.4,32.17
19.889,25.366,2643.096,456.9,0.262,0.003,56.568,43.167,0,0.533,0.395,0.018,0.121,0.647,8.653,15.25,-8.549e-5,0,0.084,0.324,0.24,0.072,868.515,0.001,335.33,0.07,6.4,32.17
19.906,24.762,2643.096,456.9,0.262,0.003,56.642,43.167,0,0.533,0.395,0.018,0.121,0.653,8.478,15.281,-3.736e-4,0,0.12,0.367,0.247,0.099,868.555,0.001,335.332,0.07,6.4,32.17
19.918,24.285,2643.096,456.9,0.262,0.003,56.702,43.167,0,0.533,0.395,0.018,0.121,0.657,8.341,15.306,3.511e-4,0,0.147,0.4,0.253,0.12,868.583,0.001,335.333,0.071,6.4,32.17
19.928,23.878,2643.096,456.9,0.262,0.003,56.755,43.167,0,0.533,0.395,0.018,0.121,0.661,8.226,15.329,2.783e-4,0,0.17,0.429,0.259,0.139,868.606,0.001,335.334,0.071,6.4,32.17
19.936,23.512,2643.096,456.9,0.262,0.003,56.803,43.167,0,0.533,0.395,0.018,0.121,0.664,8.123,15.348,4.906e-4,0,0.189,0.454,0.265,0.156,868.626,0.001,335.335,0.071,6.4,32.17
19.944,23.173,2643.096,456.9,0.262,0.003,56.848,43.167,0,0.533,0.395,0.018,0.121,0.667,8.029,15.367,4.106e-4,0,0.207,0.478,0.271,0.172,868.644,0.001,335.335,0.071,6.4,32.17
19.951,22.852,2643.096,456.9,0.262,0.003,56.892,43.167,0,0.533,0.395,0.018,0.121,0.669,7.941,15.386,4.083e-4,0,0.224,0.5,0.277,0.188,868.66,0.001,335.336,0.071,6.4,32.17
19.957,22.52,2643.096,456.9,0.262,0.003,56.938,43.167,0,0.533,0.395,0.018,0.121,0.672,7.85,15.406,1.487e-4,0,0.241,0.524,0.283,0.203,868.675,0.001,335.336,0.071,6.4,32.17
19.963,22.205,2643.096,456.9,0.262,0.003,56.982,43.167,0,0.533,0.395,0.018,0.121,0.674,7.765,15.426,-4.877e-4,0,0.257,0.546,0.289,0.217,868.689,0.001,335.337,0.072,6.4,32.17
19.968,21.905,2643.096,456.9,0.262,0.003,57.024,43.167,0,0.533,0.395,0.018,0.121,0.676,7.685,15.445,1.716e-4,0,0.272,0.567,0.295,0.231,868.702,0.001,335.337,0.072,6.4,32.17
19.973,21.617,2643.096,456.9,0.262,0.003,57.066,43.167,0,0.533,0.395,0.018,0.121,0.678,7.609,15.463,1.537e-4,0,0.286,0.587,0.301,0.244,868.714,0.001,335.338,0.072,6.4,32.17
19.978,21.339,2643.096,456.9,0.262,0.003,57.106,43.167,0,0.533,0.395,0.018,0.121,0.68,7.536,15.481,-2.72e-5,0,0.3,0.606,0.307,0.257,868.725,0.001,335.338,0.072,6.4,32.17
19.983,21.07,2643.096,456.9,0.262,0.003,57.146,43.167,0,0.533,0.395,0.018,0.121,0.681,7.466,15.498,1.634e-4,0,0.313,0.625,0.313,0.27,868.736,0.001,335.339,0.072,6.4,32.17
19.987,20.808,2643.096,456.9,0.262,0.003,57.185,43.167,0,0.533,0.395,0.018,0.121,0.683,7.398,15.517,2.969e-4,0,0.325,0.644,0.319,0.283,868.747,0.001,335.339,0.072,6.4,32.17
19.991,20.554,2643.096,456.9,0.262,0.003,57.223,43.167,0,0.533,0.395,0.018,0.121,0.684,7.333,15.534,-1.864e-4,0,0.337,0.661,0.324,0.295,868.757,0.001,335.339,0.072,6.4,32.17
19.995,20.305,2643.096,456.9,0.262,0.003,57.261,43.167,0,0.533,0.395,0.018,0.121,0.685,7.27,15.551,2.518e-4,0,0.348,0.679,0.33,0.307,868.767,0.001,335.34,0.072,6.4,32.17
19.999,20.062,2643.096,456.9,0.262,0.003,57.299,43.167,0,0.533,0.395,0.018,0.121,0.686,7.209,15.568,-2.938e-4,0,0.36,0.696,0.336,0.319,868.777,0.001,335.34,0.072,6.4,32.17
20.003,19.842,2643.096,456.9,0.262,0.003,57.333,43.167,0,0.533,0.395,0.018,0.121,0.687,7.12,15.429,-4.024e-4,0,0.358,0.7,0.342,0.331,868.786,0.001,335.34,0.072,6.4,32.17
20.007,19.624,2643.096,456.9,0.262,0.003,57.368,43.167,0,0.533,0.395,0.018,0.121,0.688,7.02,15.234,8.617e-5,0,0.352,0.7,0.348,0.342,868.795,0.001,335.341,0.073,6.4,32.17
20.01,19.401,2643.096,456.9,0.262,0.003,57.403,43.167,0,0.533,0.395,0.018,0.121,0.689,6.918,15.034,-2.901e-4,0,0.347,0.7,0.353,0.354,868.804,0.001,335.341,0.073,6.4,32.17
20.014,19.172,2643.096,456.9,0.262,0.003,57.44,43.167,0,0.533,0.395,0.018,0.121,0.69,6.814,14.829,8.075e-5,0,0.341,0.7,0.359,0.366,868.814,0.001,335.342,0.073,6.4,32.17
20.018,18.936,2643.096,456.9,0.262,0.003,57.478,43.167,0,0.533,0.395,0.018,0.121,0.691,6.707,14.619,-2.8e-4,0,0.335,0.7,0.365,0.379,868.824,0.001,335.342,0.073,6.4,32.17
20.022,18.694,2643.096,456.9,0.262,0.003,57.518,43.167,0,0.533,0.395,0.018,0.121,0.691,6.598,14.403,3.65e-4,0,0.33,0.7,0.37,0.391,868.833,0.001,335.342,0.073,6.4,32.17
20.026,18.446,2643.096,456.9,0.262,0.003,57.56,43.167,0,0.533,0.395,0.018,0.121,0.692,6.486,14.183,3.302e-4,0,0.324,0.7,0.376,0.403,868.843,0.001,335.343,0.073,6.4,32.17
20.03,18.19,2643.096,456.9,0.262,0.003,57.603,43.167,0,0.533,0.395,0.018,0.121,0.692,6.372,13.955,-2.473e-4,0,0.319,0.7,0.381,0.416,868.853,0.001,335.343,0.073,6.4,32.17
20.035,17.928,2643.096,456.9,0.262,0.003,57.647,43.167,0,0.533,0.395,0.018,0.121,0.693,6.255,13.723,-1.942e-4,0,0.313,0.7,0.387,0.429,868.864,0.001,335.343,0.073,6.4,32.17
20.039,17.659,2643.096,456.9,0.262,0.003,57.694,43.167,0,0.533,0.395,0.018,0.121,0.693,6.136,13.486,2.128e-4,0,0.308,0.7,0.392,0.442,868.874,0.001,335.344,0.073,6.4,32.17
20.043,17.382,2643.096,456.9,0.262,0.003,57.742,43.167,0,0.533,0.395,0.018,0.121,0.693,6.015,13.242,-3.586e-4,0,0.302,0.7,0.398,0.455,868.885,0.001,335.344,0.073,6.4,32.17
20.047,17.099,2643.096,456.9,0.262,0.003,57.792,43.167,0,0.533,0.395,0.018,0.121,0.693,5.891,12.994,-1.876e-4,0,0.297,0.7,0.403,0.468,868.896,0.001,335.345,0.074,6.4,32.17
20.052,16.815,2643.096,456.9,0.262,0.003,57.843,43.167,0,0.533,0.395,0.018,0.121,0.693,5.768,12.745,4.043e-4,0,0.291,0.7,0.409,0.481,868.906,0.001,335.345,0.074,6.4,32.17
20.056,16.535,2643.096,456.9,0.262,0.003,57.894,43.167,0,0.533,0.395,0.018,0.121,0.693,5.647,12.499,8.484e-5,0,0.286,0.7,0.414,0.494,868.918,0.001,335.345,0.074,6.4,32.17
20.061,16.247,2643.096,456.9,0.262,0.003,57.947,43.167,0,0.533,0.395,0.018,0.121,0.692,5.523,12.248,2.532e-4,0,0.281,0.7,0.419,0.507,868.929,0.001,335.346,0.074,6.4,32.17
20.065,15.951,2643.096,456.9,0.262,0.003,58.002,43.167,0,0.533,0.395,0.018,0.121,0.692,5.397,11.99,3.237e-4,0,0.276,0.7,0.425,0.521,868.941,0.001,335.346,0.074,6.4,32.17
20.07,15.647,2643.096,456.9,0.262,0.003,58.059,43.167,0,0.533,0.395,0.018,0.121,0.691,5.269,11.726,-3.673e-4,0,0.27,0.7,0.43,0.534,868.952,0.001,335.347,0.074,6.4,32.17
20.075,15.335,2643.096,456.9,0.262,0.003,58.119,43.167,0,0.533,0.395,0.018,0.121,0.689,5.138,11.457,3.028e-4,0,0.265,0.7,0.435,0.547,868.964,0.001,335.347,0.074,6.4,32.17
20.08,15.014,2643.096,456.9,0.262,0.003,58.182,43.167,0,0.533,0.395,0.018,0.121,0.687,5.004,11.181,-3.567e-4,0,0.26,0.7,0.44,0.56,868.976,0.001,335.348,0.074,6.4,32.17
20.085,14.684,2643.096,456.9,0.262,0.003,58.247,43.167,0,0.533,0.395,0.018,0.121,0.685,4.868,10.897,-7.801e-5,0,0.255,0.7,0.445,0.572,868.989,0.001,335.348,0.075,6.4,32.17
20.09,14.346,2643.096,456.9,0.262,0.003,58.314,43.167,0,0.533,0.395,0.018,0.121,0.683,4.729,10.609,-4.122e-4,0,0.25,0.7,0.451,0.585,869.002,0.001,335.348,0.075,6.4,32.17
20.095,13.999,2643.096,456.9,0.262,0.003,58.385,43.167,0,0.533,0.395,0.018,0.121,0.68,4.588,10.313,2.783e-4,0,0.245,0.7,0.456,0.597,869.014,0.001,335.349,0.075,6.4,32.17
20.1,13.642,2643.096,456.9,0.262,0.003,58.459,43.167,0,0.533,0.395,0.018,0.121,0.677,4.444,10.011,1.928e-4,0,0.239,0.7,0.461,0.609,869.028,0.001,335.349,0.075,6.4,32.17
20.105,13.195,2643.096,456.9,0.262,0.003,58.553,43.167,0,0.533,0.395,0.018,0.121,0.673,4.266,9.636,-3.366e-4,0,0.234,0.7,0.466,0.621,869.041,0.001,335.35,0.075,6.4,32.17
20.111,12.737,2643.096,456.9,0.262,0.003,58.651,43.167,0,0.533,0.395,0.018,0.121,0.668,4.086,9.254,6.649e-6,0,0.229,0.7,0.471,0.632,869.055,0.001,335.35,0.075,6.4,32.17
20.116,12.268,2643.096,456.9,0.262,0.003,58.754,43.167,0,0.533,0.395,0.018,0.121,0.663,3.904,8.865,-1.343e-5,0,0.224,0.7,0.476,0.642,869.069,0.001,335.351,0.075,6.4,32.17
20.122,11.788,2643.096,456.9,0.262,0.003,58.862,43.167,0,0.533,0.395,0.018,0.121,0.658,3.719,8.47,4.726e-4,0,0.219,0.7,0.481,0.651,869.083,0.001,335.351,0.076,6.4,32.17
20.127,11.296,2643.096,456.9,0.262,0.003,58.975,43.167,0,0.533,0.395,0.018,0.121,0.652,3.533,8.067,1.233e-4,0,0.214,0.7,0.486,0.659,869.097,0.001,335.352,0.076,6.4,32.17
20.133,10.793,2643.096,456.9,0.262,0.003,59.093,43.167,0,0.533,0.395,0.018,0.121,0.645,3.345,7.657,1.781e-4,0,0.209,0.7,0.491,0.666,869.112,0.001,335.353,0.076,6.4,32.17
20.139,10.278,2643.096,456.9,0.262,0.003,59.217,43.167,0,0.533,0.395,0.018,0.121,0.638,3.155,7.241,-3.1e-4,0,0.204,0.7,0.496,0.671,869.127,0.001,335.353,0.076,6.4,32.17
20.145,9.752,2643.096,456.9,0.262,0.003,59.347,43.167,0,0.533,0.395,0.018,0.121,0.631,2.965,6.82,-2.203e-4,0,0.199,0.7,0.501,0.674,869.143,0.001,335.354,0.076,6.4,32.17
20.151,9.225,2643.096,456.9,0.262,0.003,59.48,43.167,0,0.533,0.395,0.018,0.121,0.624,2.777,6.402,-2.555e-4,0,0.194,0.7,0.506,0.675,869.159,0.001,335.354,0.076,6.4,32.17
20.158,8.723,2643.096,456.9,0.262,0.003,59.609,43.167,0,0.533,0.395,0.018,0.121,0.617,2.601,6.007,1.037e-4,0,0.189,0.7,0.511,0.674,869.175,0.001,335.355,0.076,6.4,32.17
20.164,8.212,2643.096,456.9,0.262,0.003,59.745,43.167,0,0.534,0.395,0.018,0.121,0.609,2.424,5.611,-8.815e-5,0,0.185,0.7,0.515,0.669,869.192,0.001,335.356,0.077,6.4,32.17
20.171,7.694,2643.096,456.9,0.262,0.003,59.886,43.167,0,0.534,0.395,0.018,0.121,0.602,2.248,5.212,-7.707e-5,0,0.18,0.7,0.52,0.66,869.209,0.001,335.356,0.077,6.4,32.17
20.177,7.168,2643.096,456.9,0.262,0.003,60.032,43.167,0,0.534,0.395,0.018,0.121,0.595,2.073,4.816,4.365e-4,0,0.176,0.7,0.525,0.647,869.227,0.001,335.357,0.077,6.4,32.17
20.184,6.637,2643.096,456.9,0.262,0.003,60.183,43.167,0,0.534,0.395,0.018,0.121,0.588,1.899,4.422,-9.116e-5,0,0.171,0.7,0.529,0.627,869.245,0.001,335.357,0.077,6.4,32.17
20.191,6.103,2643.096,456.9,0.262,0.003,60.339,43.167,0,0.534,0.395,0.018,0.121,0.581,1.727,4.036,-3.401e-4,0,0.167,0.7,0.534,0.599,869.263,0.001,335.358,0.077,6.4,32.17
20.198,5.571,2643.096,456.9,0.262,0.003,60.499,43.167,0,0.534,0.395,0.018,0.121,0.574,1.56,3.663,2.596e-4,0,0.162,0.7,0.538,0.561,869.282,0.001,335.359,0.077,6.4,32.17
20.206,5.043,2643.096,456.9,0.262,0.003,60.662,43.167,0,0.534,0.395,0.018,0.121,0.567,1.396,3.307,4.239e-4,0,0.158,0.7,0.542,0.509,869.301,0.001,335.36,0.078,6.4,32.17
20.213,4.53,2643.096,456.9,0.262,0.003,60.824,43.167,0,0.534,0.395,0.018,0.121,0.562,1.241,2.984,-4.96e-4,0,0.153,0.7,0.547,0.439,869.321,0.001,335.36,0.078,6.4,32.17
20.221,4.046,2643.096,456.9,0.262,0.003,60.98,43.167,0,0.534,0.395,0.018,0.121,0.556,1.097,2.703,-9.992e-5,0,0.149,0.7,0.551,0.349,869.341,0.001,335.361,0.078,6.4,32.17
20.228,3.612,2643.096,456.9,0.262,0.003,61.123,43.167,0,0.534,0.395,0.018,0.121,0.552,0.97,2.483,-1.878e-5,0,0.145,0.7,0.555,0.237,869.362,0.001,335.362,0.078,6.4,32.17
20.236,3.257,2643.096,456.9,0.262,0.003,61.242,43.167,0,0.534,0.395,0.018,0.121,0.549,0.868,2.333,3.448e-4,0,0.141,0.7,0.559,0.117,869.383,0.001,335.363,0.078,6.4,32.17
20.245,3.019,2643.096,456.9,0.262,0.003,61.321,43.167,0,0.534,0.395,0.018,0.121,0.547,0.8,2.247,4.959e-4,0,0.137,0.7,0.563,0.023,869.405,0.001,335.363,0.079,6.4,32.17
20.253,2.939,2643.096,456.9,0.262,0.003,61.346,43.167,0,0.534,0.395,0.018,0.121,0.546,0.778,2.214,2.799e-4,0,0.133,0.7,0.567,-0.005,869.428,0.001,335.364,0.079,6.4,32.17
20.262,3.043,2643.096,456.9,0.262,0.003,61.307,43.167,0,0.534,0.395,0.018,0.121,0.547,0.807,2.376,-3.502e-4,0,0.129,0.7,0.571,-0.088,869.451,0.001,335.365,0.079,6.4,32.17
20.27,3.325,2643.096,456.9,0.262,0.003,61.209,43.167,0,0.534,0.395,0.018,0.121,0.55,0.887,2.732,-4.003e-4,0,0.125,0.7,0.575,-0.23,869.475,0.001,335.366,0.079,6.4,32.17
20.279,3.754,2643.096,456.9,0.262,0.003,61.065,43.167,0,0.534,0.395,0.018,0.121,0.554,1.011,3.199,3.483e-4,0,0.121,0.7,0.579,-0.371,869.499,0.001,335.367,0.08,6.4,32.17
20.289,4.293,2643.096,456.9,0.262,0.003,60.889,43.167,0,0.534,0.395,0.018,0.121,0.559,1.17,3.718,1.025e-4,0,0.117,0.7,0.583,-0.48,869.525,0.001,335.368,0.08,6.4,32.17
20.298,4.911,2643.096,456.9,0.262,0.003,60.693,43.167,0,0.534,0.395,0.018,0.121,0.566,1.356,4.265,-1.618e-5,0,0.113,0.7,0.587,-0.552,869.551,0.001,335.369,0.08,6.4,32.17
20.308,5.599,2643.096,456.9,0.262,0.003,60.483,43.167,0,0.534,0.395,0.018,0.121,0.574,1.568,4.839,-5.003e-5,0,0.11,0.7,0.59,-0.596,869.577,0.001,335.37,0.08,6.4,32.17
20.318,6.333,2643.096,456.9,0.262,0.003,60.265,43.167,0,0.534,0.395,0.018,0.121,0.584,1.801,5.428,-2.063e-4,0,0.106,0.7,0.594,-0.617,869.605,0.001,335.371,0.081,6.4,32.17
20.328,7.099,2643.096,456.9,0.262,0.003,60.046,43.167,0,0.534,0.395,0.018,0.121,0.594,2.05,6.027,-4.501e-4,0,0.103,0.7,0.598,-0.62,869.633,0.001,335.372,0.081,6.4,32.17
20.339,7.888,2643.096,456.9,0.262,0.003,59.829,43.167,0,0.534,0.395,0.018,0.121,0.605,2.314,6.635,-1.052e-4,0,0.099,0.7,0.601,-0.612,869.663,0.001,335.373,0.081,6.4,32.17
20.35,8.692,2643.096,456.9,0.262,0.003,59.616,43.167,0,0.534,0.395,0.018,0.121,0.617,2.59,7.249,3.667e-4,0,0.096,0.7,0.605,-0.593,869.693,0.001,335.374,0.081,6.4,32.17
20.361,9.452,2643.096,456.9,0.262,0.003,59.421,43.167,0,0.534,0.395,0.018,0.121,0.627,2.857,7.824,4.937e-4,0,0.092,0.7,0.608,-0.567,869.724,0.001,335.375,0.082,6.4,32.17
20.373,10.212,2643.096,456.9,0.262,0.003,59.233,43.167,0,0.534,0.395,0.018,0.121,0.638,3.131,8.397,1.567e-4,0,0.089,0.7,0.611,-0.536,869.757,0.001,335.376,0.082,6.4,32.17
20.384,10.969,2643.096,456.9,0.262,0.003,59.053,43.167,0,0.534,0.395,0.018,0.121,0.648,3.41,8.964,-2.272e-4,0,0.086,0.7,0.614,-0.5,869.79,0.001,335.378,0.082,6.4,32.17
20.397,11.716,2643.096,456.9,0.262,0.003,58.881,43.167,0,0.534,0.395,0.018,0.121,0.657,3.692,9.524,1.292e-4,0,0.083,0.7,0.617,-0.46,869.825,0.001,335.379,0.083,6.4,32.17
20.409,12.449,2643.096,456.9,0.262,0.003,58.717,43.167,0,0.534,0.395,0.018,0.121,0.666,3.974,10.073,-4.881e-5,0,0.08,0.7,0.62,-0.418,869.86,0.001,335.38,0.083,6.4,32.17
20.422,13.163,2643.096,456.9,0.262,0.003,58.564,43.167,0,0.534,0.395,0.018,0.121,0.673,4.254,10.607,-4.661e-4,0,0.077,0.7,0.623,-0.373,869.897,0.001,335.382,0.083,6.4,32.17
20.435,13.85,2643.096,456.9,0.262,0.003,58.42,43.167,0,0.534,0.395,0.018,0.121,0.68,4.529,11.121,2.306e-5,0,0.075,0.7,0.626,-0.327,869.935,0.001,335.383,0.084,6.4,32.17
20.449,14.505,2643.096,456.9,0.262,0.003,58.288,43.167,0,0.534,0.395,0.018,0.121,0.685,4.795,11.61,1.735e-4,0,0.072,0.7,0.628,-0.281,869.974,0.001,335.384,0.084,6.4,32.17
20.463,15.1,2643.096,456.9,0.262,0.003,58.171,43.167,0,0.534,0.395,0.018,0.121,0.689,5.041,12.052,-3.296e-4,0,0.069,0.7,0.631,-0.235,870.014,0.001,335.386,0.084,6.4,32.17
20.477,15.645,2643.096,456.9,0.262,0.003,58.067,43.167,0,0.534,0.395,0.018,0.121,0.691,5.269,12.456,3.424e-4,0,0.067,0.7,0.633,-0.19,870.056,0.001,335.388,0.085,6.4,32.17
20.492,16.134,2643.096,456.9,0.262,0.003,57.975,43.167,0,0.534,0.395,0.018,0.121,0.693,5.476,12.819,-1.48e-4,0,0.065,0.7,0.636,-0.148,870.099,0.001,335.389,0.085,6.4,32.17
20.507,16.563,2643.096,456.9,0.262,0.003,57.897,43.167,0,0.534,0.395,0.018,0.121,0.694,5.66,13.136,-3.088e-4,0,0.062,0.7,0.638,-0.109,870.144,0.001,335.391,0.085,6.4,32.17
20.523,16.925,2643.096,456.9,0.262,0.003,57.832,43.167,0,0.534,0.395,0.018,0.121,0.694,5.816,13.401,-4.314e-4,0,0.06,0.7,0.64,-0.074,870.19,0.001,335.392,0.086,6.4,32.17
20.539,17.204,2643.096,456.9,0.262,0.003,57.782,43.167,0,0.534,0.395,0.018,0.121,0.694,5.938,13.605,-4.833e-4,0,0.058,0.7,0.643,-0.045,870.237,0.001,335.394,0.086,6.4,32.17
20.554,17.399,2643.096,456.9,0.262,0.003,57.749,43.167,0,0.534,0.395,0.018,0.121,0.694,6.023,13.745,3.032e-4,0,0.056,0.7,0.645,-0.023,870.284,0.001,335.396,0.087,6.4,32.17
20.569,17.535,2643.096,456.9,0.262,0.003,57.725,43.167,0,0.534,0.395,0.019,0.121,0.694,6.083,13.845,-2.205e-5,0,0.054,0.7,0.647,-0.009,870.328,0.001,335.398,0.087,6.4,32.17
20.584,17.583,2643.096,456.9,0.262,0.003,57.717,43.167,0,0.534,0.395,0.019,0.121,0.694,6.104,13.878,-3.627e-4,0,0.052,0.7,0.648,-0.001,870.372,0.001,335.399,0.087,6.4,32.17
20.598,17.549,2643.096,456.9,0.262,0.003,57.723,43.167,0,0.534,0.395,0.019,0.121,0.694,6.089,13.849,-2.618e-4,0,0.05,0.7,0.65,4.575e-4,870.415,0.001,335.401,0.088,6.4,32.17
20.612,17.406,2643.096,456.9,0.262,0.003,57.748,43.167,0,0.534,0.395,0.019,0.121,0.694,6.026,13.724,-4.564e-4,0,0.049,0.7,0.651,0.006,870.457,0.001,335.402,0.088,6.4,32.17
20.626,17.184,2643.096,456.9,0.262,0.003,57.788,43.167,0,0.534,0.395,0.019,0.121,0.694,5.929,13.529,-4.678e-4,0,0.048,0.7,0.653,0.017,870.499,0.001,335.404,0.088,6.4,32.17
20.64,16.889,2643.096,456.9,0.262,0.003,57.84,43.167,0,0.534,0.395,0.019,0.121,0.694,5.801,13.268,-1.468e-4,0,0.047,0.7,0.654,0.033,870.542,0.001,335.405,0.089,6.4,32.17
20.654,16.518,2643.096,456.9,0.262,0.003,57.908,43.167,0,0.534,0.395,0.019,0.121,0.694,5.641,12.937,1.595e-4,0,0.045,0.7,0.655,0.055,870.585,0.001,335.407,0.089,6.4,32.17
20.668,16.063,2643.096,456.9,0.262,0.003,57.992,43.167,0,0.534,0.395,0.019,0.121,0.693,5.446,12.534,3.999e-4,0,0.044,0.7,0.656,0.081,870.629,0.001,335.409,0.089,6.4,32.17
20.683,15.524,2643.096,456.9,0.262,0.003,58.094,43.167,0,0.534,0.395,0.019,0.121,0.691,5.218,12.058,4.038e-4,0,0.043,0.7,0.657,0.112,870.674,0.001,335.41,0.09,6.4,32.17
20.698,14.893,2643.096,456.9,0.262,0.003,58.216,43.167,0,0.534,0.395,0.019,0.121,0.688,4.955,11.504,3.392e-4,0,0.043,0.7,0.658,0.148,870.721,0.001,335.412,0.09,6.4,32.17
20.714,14.141,2643.096,456.9,0.262,0.003,58.366,43.167,0,0.534,0.395,0.019,0.121,0.682,4.647,10.847,3.774e-4,0,0.042,0.7,0.659,0.188,870.77,0.001,335.414,0.09,6.4,32.17
20.73,13.263,2643.096,456.9,0.262,0.003,58.548,43.167,0,0.534,0.395,0.019,0.121,0.675,4.294,10.089,1.442e-4,0,0.041,0.7,0.66,0.231,870.822,0.001,335.416,0.091,6.4,32.17
20.748,12.234,2643.096,456.9,0.262,0.003,58.771,43.167,0,0.534,0.395,0.019,0.121,0.664,3.891,9.209,-2.075e-4,0,0.04,0.7,0.66,0.278,870.878,0.001,335.418,0.091,6.4,32.17
20.768,11.026,2643.096,456.9,0.262,0.003,59.047,43.167,0,0.534,0.395,0.019,0.121,0.649,3.432,8.188,-2.241e-4,0,0.039,0.7,0.661,0.328,870.941,0.001,335.42,0.092,6.4,32.17
20.79,9.637,2643.096,456.9,0.262,0.003,59.383,43.167,0,0.534,0.395,0.019,0.121,0.63,2.924,7.033,-3.431e-4,0,0.039,0.7,0.662,0.375,871.009,0.001,335.423,0.092,6.4,32.17
20.811,8.178,2643.096,456.9,0.262,0.003,59.759,43.167,0,0.534,0.395,0.019,0.121,0.61,2.413,5.845,-4.694e-4,0,0.038,0.7,0.663,0.411,871.078,0.001,335.425,0.093,6.4,32.17
20.833,6.68,2643.096,456.9,0.262,0.003,60.173,43.167,0,0.534,0.394,0.019,0.121,0.589,1.913,4.659,-1.032e-4,0,0.037,0.7,0.664,0.425,871.148,0.001,335.428,0.094,6.4,32.17
20.855,5.191,2643.096,456.9,0.262,0.003,60.614,43.167,0,0.534,0.394,0.019,0.121,0.57,1.442,3.53,6.223e-5,0,0.036,0.7,0.664,0.4,871.219,0.001,335.431,0.094,6.4,32.17
20.877,3.85,2643.096,456.9,0.262,0.003,61.037,43.167,0,0.534,0.394,0.019,0.121,0.555,1.039,2.613,4.046e-4,0,0.036,0.701,0.665,0.289,871.291,0.001,335.433,0.095,6.4,32.17
20.899,2.949,2643.096,456.9,0.262,0.003,61.339,43.167,0,0.534,0.394,0.019,0.121,0.547,0.781,2.15,8.096e-5,0,0.035,0.701,0.666,0.066,871.364,0.001,335.436,0.095,6.4,32.17
20.921,2.986,2643.096,456.9,0.262,0.003,61.333,43.167,0,0.535,0.394,0.019,0.121,0.548,0.791,2.284,1.251e-5,0,0.034,0.701,0.666,-0.038,871.438,0.001,335.439,0.096,6.4,32.17
20.944,3.955,2643.096,456.9,0.262,0.003,61.014,43.167,0,0.535,0.394,0.019,0.121,0.557,1.07,3.213,2.271e-4,0,0.034,0.701,0.667,-0.228,871.513,0.001,335.441,0.096,6.4,32.17
20.966,5.309,2643.096,456.9,0.262,0.003,60.586,43.167,0,0.535,0.394,0.019,0.121,0.572,1.479,4.36,-1.075e-4,0,0.033,0.701,0.667,-0.336,871.589,0.001,335.444,0.097,6.4,32.17
20.989,6.777,2643.096,456.9,0.262,0.003,60.15,43.167,0,0.535,0.394,0.019,0.121,0.591,1.945,5.523,-3.786e-4,0,0.033,0.701,0.668,-0.36,871.665,0.001,335.447,0.098,6.4,32.17
21.011,8.3,2643.096,456.9,0.262,0.003,59.729,43.167,0,0.535,0.394,0.019,0.121,0.612,2.455,6.693,-1.187e-4,0,0.032,0.701,0.668,-0.34,871.742,0.001,335.45,0.098,6.4,32.17
21.034,9.82,2643.096,456.9,0.262,0.003,59.337,43.167,0,0.535,0.394,0.019,0.121,0.633,2.99,7.853,-4.097e-4,0,0.031,0.701,0.669,-0.299,871.82,0.001,335.453,0.099,6.4,32.17
21.057,11.207,2643.096,456.9,0.262,0.003,59.003,43.167,0,0.535,0.394,0.019,0.121,0.652,3.5,8.908,2.316e-4,0,0.03,0.701,0.67,-0.247,871.899,0.001,335.456,0.099,6.4,32.17
21.079,12.316,2643.096,456.9,0.262,0.003,58.751,43.167,0,0.535,0.394,0.019,0.121,0.665,3.923,9.745,6.805e-5,0,0.03,0.701,0.671,-0.193,871.975,0.001,335.459,0.1,6.4,32.17
21.1,13.232,2643.096,456.9,0.262,0.003,58.551,43.167,0,0.535,0.394,0.019,0.121,0.675,4.282,10.436,2.893e-4,0,0.029,0.701,0.671,-0.143,872.047,0.001,335.461,0.1,6.4,32.17
21.117,13.867,2643.096,456.9,0.262,0.003,58.418,43.167,0,0.535,0.394,0.019,0.121,0.681,4.536,10.912,1.735e-4,0,0.029,0.701,0.671,-0.102,872.109,0.001,335.464,0.101,6.4,32.17
21.133,14.332,2643.096,456.9,0.262,0.003,58.323,43.167,0,0.535,0.394,0.019,0.121,0.685,4.725,11.259,-4.044e-4,0,0.029,0.701,0.672,-0.07,872.165,0.001,335.466,0.101,6.4,32.17
21.148,14.671,2643.096,456.9,0.262,0.003,58.254,43.167,0,0.535,0.394,0.019,0.121,0.687,4.864,11.511,4.635e-4,0,0.029,0.701,0.672,-0.045,872.216,0.001,335.467,0.102,6.4,32.17
21.162,14.961,2643.096,456.9,0.262,0.003,58.197,43.167,0,0.535,0.394,0.019,0.121,0.689,4.984,11.73,-8.407e-5,0,0.028,0.701,0.673,-0.027,872.265,0.001,335.469,0.102,6.4,32.17
21.175,15.173,2643.096,456.9,0.262,0.003,58.155,43.167,0,0.535,0.394,0.019,0.121,0.69,5.072,11.891,3.616e-4,0,0.028,0.701,0.673,-0.013,872.311,0.001,335.471,0.102,6.4,32.17
21.187,15.309,2643.096,456.9,0.262,0.003,58.129,43.167,0,0.535,0.394,0.019,0.121,0.691,5.129,11.994,-3.058e-4,0,0.027,0.701,0.673,-0.005,872.356,0.001,335.473,0.103,6.4,32.17
21.2,15.377,2643.096,456.9,0.262,0.003,58.115,43.167,0,0.535,0.394,0.019,0.121,0.691,5.157,12.046,2.628e-4,0,0.027,0.701,0.674,-5.318e-4,872.399,0.001,335.474,0.103,6.4,32.17
21.211,15.341,2643.096,456.9,0.262,0.003,58.122,43.167,0,0.535,0.394,0.019,0.121,0.691,5.142,12.015,4.324e-4,0,0.027,0.701,0.674,4.94e-4,872.442,0.001,335.476,0.103,6.4,32.17
21.223,15.243,2643.096,456.9,0.262,0.003,58.141,43.167,0,0.535,0.394,0.019,0.121,0.691,5.101,11.93,-1.862e-4,0,0.026,0.701,0.674,0.004,872.484,0.001,335.477,0.103,6.4,32.17
21.235,15.087,2643.096,456.9,0.262,0.003,58.171,43.167,0,0.535,0.394,0.019,0.121,0.69,5.036,11.794,4.971e-4,0,0.026,0.701,0.675,0.012,872.525,0.001,335.479,0.104,6.4,32.17
21.246,14.874,2643.096,456.9,0.262,0.003,58.213,43.167,0,0.535,0.394,0.019,0.121,0.689,4.948,11.608,-1.305e-4,0,0.026,0.701,0.675,0.023,872.567,0.001,335.48,0.104,6.4,32.17
21.258,14.612,2643.096,456.9,0.262,0.003,58.265,43.167,0,0.535,0.394,0.019,0.121,0.687,4.84,11.379,-1.496e-4,0,0.026,0.701,0.675,0.038,872.609,0.001,335.482,0.104,6.4,32.17
21.27,14.295,2643.096,456.9,0.262,0.003,58.328,43.167,0,0.535,0.394,0.019,0.121,0.685,4.71,11.101,-3.753e-4,0,0.026,0.701,0.675,0.056,872.652,0.001,335.484,0.104,6.4,32.17
21.282,13.916,2643.096,456.9,0.262,0.003,58.406,43.167,0,0.535,0.394,0.019,0.121,0.682,4.556,10.771,2.076e-4,0,0.025,0.701,0.675,0.077,872.696,0.001,335.485,0.105,6.4,32.17
21.294,13.469,2643.096,456.9,0.262,0.003,58.499,43.167,0,0.535,0.394,0.019,0.121,0.678,4.377,10.384,4.22e-4,0,0.025,0.701,0.676,0.101,872.74,0.001,335.487,0.105,6.4,32.17
21.307,12.936,2643.096,456.9,0.262,0.003,58.612,43.167,0,0.535,0.394,0.019,0.121,0.673,4.165,9.925,1.205e-4,0,0.025,0.701,0.676,0.127,872.787,0.001,335.489,0.105,6.4,32.17
21.32,12.305,2643.096,456.9,0.262,0.003,58.75,43.167,0,0.535,0.394,0.019,0.121,0.666,3.919,9.386,-2.647e-4,0,0.025,0.701,0.676,0.156,872.836,0.001,335.49,0.106,6.4,32.17
21.335,11.572,2643.096,456.9,0.262,0.003,58.915,43.167,0,0.535,0.394,0.019,0.121,0.657,3.638,8.766,4.861e-4,0,0.025,0.701,0.676,0.186,872.889,0.001,335.492,0.106,6.4,32.17
21.35,10.714,2643.096,456.9,0.262,0.003,59.116,43.167,0,0.535,0.394,0.019,0.121,0.646,3.317,8.048,-1.706e-4,0,0.025,0.701,0.676,0.218,872.946,0.001,335.495,0.106,6.4,32.17
21.367,9.718,2643.096,456.9,0.262,0.003,59.36,43.167,0,0.535,0.394,0.019,0.121,0.633,2.953,7.225,-1.872e-5,0,0.025,0.701,0.676,0.248,873.009,0.001,335.497,0.107,6.4,32.17
21.387,8.503,2643.096,456.9,0.262,0.003,59.673,43.167,0,0.535,0.394,0.019,0.121,0.616,2.525,6.239,-4.054e-4,0,0.025,0.701,0.676,0.273,873.083,0.001,335.5,0.107,6.4,32.17
21.412,6.938,2643.096,456.9,0.262,0.003,60.103,43.167,0,0.535,0.394,0.019,0.122,0.594,1.998,5.011,-7.637e-5,0,0.024,0.701,0.676,0.276,873.176,0.001,335.503,0.108,6.4,32.17
21.437,5.426,2643.096,456.9,0.262,0.003,60.551,43.167,0,0.535,0.394,0.02,0.122,0.574,1.515,3.889,5.798e-5,0,0.024,0.701,0.676,0.226,873.269,0.001,335.506,0.109,6.4,32.17
21.461,4.22,2643.096,456.9,0.262,0.003,60.932,43.167,0,0.535,0.394,0.02,0.122,0.56,1.149,3.086,5.741e-5,0,0.024,0.701,0.676,0.102,873.362,0.001,335.51,0.109,6.4,32.17
21.485,3.711,2643.096,456.9,0.262,0.003,61.096,43.167,0,0.536,0.394,0.02,0.122,0.555,0.999,2.798,7.005e-5,0,0.024,0.701,0.676,1.92e-4,873.454,0.001,335.513,0.11,6.4,32.17
21.509,4.135,2643.096,456.9,0.262,0.003,60.95,43.167,0,0.536,0.394,0.02,0.122,0.559,1.123,3.204,-2.342e-4,0,0.024,0.701,0.677,-0.082,873.545,0.001,335.517,0.111,6.4,32.17
21.533,5.158,2643.096,456.9,0.262,0.003,60.625,43.167,0,0.536,0.394,0.02,0.122,0.571,1.432,4.098,-3.329e-4,0,0.024,0.701,0.677,-0.192,873.637,0.001,335.52,0.111,6.4,32.17
21.557,6.467,2643.096,456.9,0.262,0.003,60.233,43.167,0,0.536,0.394,0.02,0.122,0.588,1.845,5.16,2.087e-4,0,0.024,0.701,0.677,-0.241,873.73,0.001,335.524,0.112,6.4,32.17
21.58,7.824,2643.096,456.9,0.262,0.003,59.853,43.167,0,0.536,0.394,0.02,0.122,0.607,2.293,6.219,-3.907e-4,0,0.023,0.701,0.677,-0.24,873.818,0.001,335.527,0.113,6.4,32.17
21.6,8.959,2643.096,456.9,0.262,0.003,59.554,43.167,0,0.536,0.394,0.02,0.122,0.623,2.684,7.089,-1.138e-4,0,0.023,0.701,0.678,-0.217,873.896,0.001,335.53,0.113,6.4,32.17
21.618,9.898,2643.096,456.9,0.262,0.003,59.318,43.167,0,0.536,0.394,0.02,0.122,0.636,3.018,7.802,-4.048e-4,0,0.023,0.701,0.678,-0.185,873.968,0.001,335.532,0.114,6.4,32.17
21.636,10.714,2643.096,456.9,0.262,0.003,59.121,43.167,0,0.536,0.394,0.02,0.122,0.647,3.317,8.42,1.284e-4,0,0.023,0.701,0.678,-0.15,874.038,0.001,335.535,0.114,6.4,32.17
21.653,11.423,2643.096,456.9,0.262,0.003,58.957,43.167,0,0.536,0.394,0.02,0.122,0.656,3.582,8.953,-3.49e-4,0,0.022,0.701,0.679,-0.115,874.108,0.001,335.538,0.114,6.4,32.17
21.67,12.003,2643.096,456.9,0.262,0.003,58.826,43.167,0,0.536,0.394,0.02,0.122,0.663,3.803,9.387,1.007e-5,0,0.022,0.701,0.679,-0.083,874.177,0.001,335.54,0.115,6.4,32.17
21.685,12.416,2643.096,456.9,0.262,0.003,58.735,43.167,0,0.536,0.394,0.02,0.122,0.668,3.963,9.696,1.964e-4,0,0.022,0.701,0.679,-0.057,874.237,0.001,335.542,0.115,6.4,32.17
21.699,12.709,2643.096,456.9,0.262,0.003,58.671,43.167,0,0.536,0.394,0.02,0.122,0.671,4.077,9.913,1.921e-4,0,0.021,0.701,0.68,-0.037,874.292,0.001,335.544,0.116,6.4,32.17
21.712,12.906,2643.096,456.9,0.262,0.003,58.63,43.167,0,0.536,0.394,0.02,0.122,0.673,4.154,10.059,2.859e-4,0,0.021,0.701,0.68,-0.022,874.343,0.001,335.546,0.116,6.4,32.17
21.724,13.025,2643.096,456.9,0.262,0.003,58.604,43.167,0,0.536,0.394,0.02,0.122,0.675,4.201,10.145,1.88e-4,0,0.021,0.701,0.68,-0.011,874.392,0.001,335.548,0.116,6.4,32.17
21.736,13.077,2643.096,456.9,0.262,0.003,58.594,43.167,0,0.536,0.394,0.02,0.122,0.675,4.222,10.181,-4.739e-4,0,0.021,0.701,0.68,-0.004,874.439,0.001,335.55,0.116,6.4,32.17
21.747,13.068,2643.096,456.9,0.262,0.003,58.596,43.167,0,0.536,0.394,0.02,0.122,0.675,4.218,10.171,-4.436e-4,0,0.021,0.701,0.68,-5.959e-4,874.485,0.001,335.552,0.117,6.4,32.17
21.758,13.016,2643.096,456.9,0.262,0.003,58.608,43.167,0,0.536,0.394,0.02,0.122,0.675,4.198,10.128,1.684e-4,0,0.02,0.701,0.681,2.295e-4,874.53,0.001,335.553,0.117,6.4,32.17
21.769,12.915,2643.096,456.9,0.262,0.003,58.63,43.167,0,0.536,0.394,0.02,0.122,0.674,4.158,10.043,-4.806e-4,0,0.02,0.701,0.681,0.003,874.574,0.001,335.555,0.117,6.4,32.17
21.78,12.761,2643.096,456.9,0.262,0.003,58.663,43.167,0,0.536,0.394,0.02,0.122,0.672,4.098,9.913,-1.224e-4,0,0.02,0.701,0.681,0.008,874.618,0.001,335.556,0.117,6.4,32.17
21.79,12.556,2643.096,456.9,0.262,0.003,58.708,43.167,0,0.536,0.394,0.02,0.122,0.67,4.017,9.739,-4.929e-4,0,0.02,0.701,0.681,0.017,874.662,0.001,335.558,0.118,6.4,32.17
21.801,12.295,2643.096,456.9,0.262,0.003,58.766,43.167,0,0.536,0.394,0.02,0.122,0.667,3.916,9.517,-3.23e-4,0,0.02,0.701,0.681,0.027,874.707,0.001,335.56,0.118,6.4,32.17
21.812,11.954,2643.096,456.9,0.262,0.003,58.842,43.167,0,0.536,0.394,0.02,0.122,0.663,3.784,9.229,1.265e-4,0,0.02,0.701,0.681,0.04,874.752,0.001,335.561,0.118,6.4,32.17
21.823,11.554,2643.096,456.9,0.262,0.003,58.933,43.167,0,0.536,0.394,0.02,0.122,0.658,3.632,8.892,-4.322e-4,0,0.02,0.701,0.681,0.056,874.798,0.001,335.563,0.118,6.4,32.17
21.835,11.09,2643.096,456.9,0.262,0.003,59.04,43.167,0,0.536,0.394,0.02,0.122,0.652,3.457,8.501,5.833e-5,0,0.019,0.701,0.682,0.073,874.847,0.001,335.565,0.119,6.4,32.17
21.847,10.554,2643.096,456.9,0.262,0.003,59.167,43.167,0,0.536,0.394,0.02,0.122,0.645,3.258,8.053,3.26e-4,0,0.019,0.701,0.682,0.092,874.897,0.001,335.567,0.119,6.4,32.17
21.86,9.947,2643.096,456.9,0.262,0.003,59.315,43.167,0,0.536,0.394,0.02,0.122,0.637,3.037,7.548,3.775e-4,0,0.019,0.701,0.682,0.113,874.951,0.001,335.569,0.119,6.4,32.17
21.874,9.244,2643.096,456.9,0.262,0.003,59.491,43.167,0,0.536,0.394,0.02,0.122,0.627,2.785,6.969,-2.647e-5,0,0.019,0.701,0.682,0.135,875.008,0.001,335.571,0.12,6.4,32.17
21.889,8.413,2643.096,456.9,0.262,0.003,59.706,43.167,0,0.536,0.394,0.02,0.122,0.616,2.495,6.289,-1.99e-4,0,0.019,0.701,0.682,0.157,875.072,0.001,335.573,0.12,6.4,32.17
21.907,7.417,2643.096,456.9,0.262,0.003,59.975,43.167,0,0.536,0.394,0.02,0.122,0.602,2.157,5.487,4.264e-4,0,0.019,0.701,0.682,0.177,875.145,0.001,335.576,0.121,6.4,32.17
21.927,6.185,2643.096,456.9,0.262,0.003,60.325,43.167,0,0.536,0.394,0.02,0.122,0.585,1.755,4.517,3.605e-4,0,0.019,0.701,0.682,0.186,875.234,0.001,335.579,0.121,6.4,32.17
21.953,4.726,2643.096,456.9,0.262,0.003,60.766,43.167,0,0.536,0.394,0.02,0.122,0.567,1.301,3.414,-1.822e-4,0,0.019,0.701,0.682,0.162,875.34,0.001,335.583,0.122,6.4,32.17
21.977,3.471,2643.096,456.9,0.262,0.003,61.17,43.167,0,0.537,0.394,0.02,0.122,0.554,0.93,2.535,1.414e-6,0,0.019,0.701,0.682,0.08,875.446,0.001,335.587,0.122,6.4,32.17
22.002,2.883,2643.096,456.9,0.262,0.003,61.372,43.167,0,0.537,0.394,0.02,0.122,0.549,0.762,2.168,-2.797e-6,0,0.019,0.701,0.682,-1.525e-6,875.552,0.001,335.591,0.123,6.4,32.17
22.027,3.354,2643.096,456.9,0.262,0.003,61.219,43.167,0,0.537,0.394,0.02,0.122,0.553,0.896,2.61,-3.928e-4,0,0.019,0.701,0.682,-0.081,875.658,0.001,335.595,0.124,6.4,32.17
22.051,4.462,2643.096,456.9,0.262,0.003,60.859,43.167,0,0.537,0.394,0.02,0.122,0.564,1.221,3.535,-2.943e-4,0,0.019,0.701,0.682,-0.16,875.763,0.001,335.599,0.124,6.4,32.17
22.075,5.684,2643.096,456.9,0.262,0.003,60.479,43.167,0,0.537,0.394,0.02,0.122,0.579,1.596,4.495,-5.018e-5,0,0.019,0.701,0.683,-0.177,875.868,0.001,335.603,0.125,6.4,32.17
22.097,6.764,2643.096,456.9,0.262,0.003,60.161,43.167,0,0.537,0.394,0.021,0.122,0.593,1.942,5.316,-7.376e-5,0,0.018,0.701,0.683,-0.161,875.962,0.001,335.606,0.126,6.4,32.17
22.116,7.732,2643.096,456.9,0.262,0.003,59.889,43.167,0,0.537,0.394,0.021,0.122,0.606,2.263,6.047,6.609e-5,0,0.018,0.701,0.683,-0.135,876.048,0.001,335.609,0.126,6.4,32.17
22.134,8.558,2643.096,456.9,0.262,0.003,59.667,43.167,0,0.537,0.394,0.021,0.122,0.618,2.545,6.668,-8.935e-5,0,0.018,0.701,0.683,-0.107,876.129,0.001,335.612,0.127,6.4,32.17
22.152,9.243,2643.096,456.9,0.262,0.003,59.488,43.167,0,0.537,0.394,0.021,0.122,0.628,2.785,7.181,-4.408e-4,0,0.018,0.701,0.683,-0.079,876.208,0.001,335.615,0.127,6.4,32.17
22.169,9.726,2643.096,456.9,0.262,0.003,59.366,43.167,0,0.537,0.394,0.021,0.122,0.635,2.957,7.538,3.816e-4,0,0.018,0.701,0.684,-0.053,876.285,0.001,335.618,0.127,6.4,32.17
22.185,10.039,2643.096,456.9,0.262,0.003,59.288,43.167,0,0.537,0.394,0.021,0.122,0.639,3.07,7.767,3.267e-4,0,0.017,0.701,0.684,-0.034,876.353,0.001,335.621,0.128,6.4,32.17
22.198,10.236,2643.096,456.9,0.262,0.003,59.239,43.167,0,0.537,0.394,0.021,0.122,0.642,3.142,7.91,4.106e-4,0,0.017,0.701,0.684,-0.02,876.414,0.001,335.623,0.128,6.4,32.17
22.211,10.395,2643.096,456.9,0.262,0.003,59.2,43.167,0,0.537,0.394,0.021,0.122,0.644,3.2,8.026,2.139e-4,0,0.017,0.701,0.684,-0.01,876.472,0.001,335.625,0.128,6.4,32.17
22.223,10.485,2643.096,456.9,0.262,0.003,59.178,43.167,0,0.537,0.394,0.021,0.122,0.645,3.233,8.091,4.725e-4,0,0.017,0.701,0.684,-0.004,876.527,0.001,335.627,0.129,6.4,32.17
22.235,10.507,2643.096,456.9,0.262,0.003,59.172,43.167,0,0.537,0.394,0.021,0.122,0.646,3.241,8.105,9.292e-5,0,0.017,0.701,0.684,-5.112e-4,876.58,0.001,335.629,0.129,6.4,32.17
22.246,10.467,2643.096,456.9,0.262,0.003,59.181,43.167,0,0.537,0.394,0.021,0.122,0.645,3.227,8.073,1.742e-4,0,0.017,0.701,0.684,2.101e-4,876.632,0.001,335.631,0.129,6.4,32.17
22.258,10.342,2643.096,456.9,0.262,0.003,59.211,43.167,0,0.537,0.394,0.021,0.122,0.644,3.181,7.971,-1.319e-4,0,0.017,0.701,0.685,0.003,876.683,0.001,335.633,0.13,6.4,32.17
22.269,10.147,2643.096,456.9,0.262,0.003,59.259,43.167,0,0.537,0.394,0.021,0.122,0.641,3.109,7.81,1.607e-4,0,0.017,0.701,0.685,0.008,876.733,0.001,335.635,0.13,6.4,32.17
22.28,9.895,2643.096,456.9,0.262,0.003,59.321,43.167,0,0.537,0.394,0.021,0.122,0.637,3.018,7.603,-9.359e-5,0,0.017,0.701,0.685,0.015,876.784,0.001,335.637,0.13,6.4,32.17
22.291,9.584,2643.096,456.9,0.262,0.003,59.398,43.167,0,0.537,0.394,0.021,0.122,0.633,2.906,7.346,-3.036e-4,0,0.016,0.701,0.685,0.024,876.836,0.001,335.639,0.13,6.4,32.17
22.303,9.215,2643.096,456.9,0.262,0.003,59.491,43.167,0,0.537,0.394,0.021,0.122,0.628,2.775,7.042,3.945e-4,0,0.016,0.701,0.685,0.036,876.89,0.001,335.641,0.131,6.4,32.17
22.315,8.796,2643.096,456.9,0.262,0.003,59.6,43.167,0,0.537,0.394,0.021,0.122,0.622,2.628,6.697,4.215e-4,0,0.016,0.701,0.685,0.05,876.945,0.001,335.643,0.131,6.4,32.17
22.327,8.299,2643.096,456.9,0.262,0.003,59.73,43.167,0,0.537,0.394,0.021,0.122,0.615,2.456,6.29,1.207e-4,0,0.016,0.701,0.685,0.065,877.003,0.001,335.645,0.131,6.4,32.17
22.341,7.71,2643.096,456.9,0.262,0.003,59.89,43.167,0,0.537,0.394,0.021,0.122,0.607,2.255,5.811,-2.145e-4,0,0.016,0.701,0.685,0.082,877.065,0.001,335.647,0.132,6.4,32.17
22.356,6.998,2643.096,456.9,0.262,0.003,60.088,43.167,0,0.537,0.394,0.021,0.122,0.597,2.018,5.236,1.832e-4,0,0.016,0.701,0.685,0.1,877.133,0.001,335.65,0.132,6.4,32.17
22.372,6.116,2643.096,456.9,0.262,0.003,60.344,43.167,0,0.537,0.394,0.021,0.122,0.585,1.733,4.532,-3.451e-4,0,0.016,0.701,0.685,0.118,877.21,0.001,335.652,0.132,6.4,32.17
22.392,4.999,2643.096,456.9,0.262,0.003,60.684,43.167,0,0.537,0.394,0.021,0.122,0.571,1.384,3.654,1.243e-4,0,0.016,0.701,0.685,0.133,877.302,0.001,335.656,0.133,6.4,32.17
22.417,3.589,2643.096,456.9,0.262,0.003,61.141,43.167,0,0.538,0.394,0.021,0.122,0.556,0.964,2.575,-4.016e-4,0,0.016,0.701,0.685,0.132,877.419,0.001,335.66,0.134,6.4,32.17
22.441,2.337,2643.096,456.9,0.262,0.003,61.575,43.167,0,0.538,0.394,0.021,0.122,0.546,0.611,1.675,-1.003e-5,0,0.016,0.701,0.685,0.081,877.535,0.001,335.664,0.134,6.4,32.17
22.466,1.731,2643.096,456.9,0.262,0.003,61.791,43.167,0,0.538,0.394,0.021,0.122,0.542,0.446,1.299,3.465e-4,0,0.016,0.701,0.686,-0.001,877.651,0.001,335.669,0.135,6.4,32.17
22.49,2.478,2643.096,456.9,0.262,0.003,61.515,43.167,0,0.538,0.394,0.021,0.122,0.547,0.649,1.962,-1.849e-4,0,0.016,0.701,0.686,-0.1,877.767,0.001,335.673,0.136,6.4,32.17
22.515,3.733,2643.096,456.9,0.262,0.003,61.088,43.167,0,0.538,0.394,0.021,0.122,0.558,1.006,2.949,-7.261e-5,0,0.016,0.701,0.686,-0.132,877.884,0.001,335.677,0.136,6.4,32.17
22.539,4.969,2643.096,456.9,0.262,0.003,60.694,43.167,0,0.538,0.394,0.021,0.122,0.571,1.375,3.885,3.51e-5,0,0.016,0.702,0.686,-0.121,878.001,0.001,335.682,0.137,6.4,32.17
22.561,6.034,2643.096,456.9,0.262,0.003,60.372,43.167,0,0.538,0.394,0.021,0.122,0.584,1.707,4.686,-2.104e-5,0,0.015,0.702,0.686,-0.098,878.108,0.001,335.686,0.137,6.4,32.17
22.581,6.905,2643.096,456.9,0.262,0.003,60.121,43.167,0,0.538,0.394,0.021,0.122,0.596,1.988,5.339,3.23e-4,0,0.015,0.702,0.686,-0.073,878.206,0.001,335.689,0.138,6.4,32.17
22.601,7.605,2643.096,456.9,0.262,0.003,59.927,43.167,0,0.538,0.394,0.021,0.122,0.606,2.22,5.863,-2.641e-4,0,0.015,0.702,0.687,-0.049,878.301,0.001,335.693,0.138,6.4,32.17
22.618,8.071,2643.096,456.9,0.262,0.003,59.801,43.167,0,0.538,0.394,0.021,0.123,0.613,2.378,6.212,3.52e-4,0,0.015,0.702,0.687,-0.031,878.383,0.001,335.696,0.139,6.4,32.17
22.632,8.375,2643.096,456.9,0.262,0.003,59.721,43.167,0,0.538,0.394,0.021,0.123,0.617,2.482,6.439,1.931e-4,0,0.015,0.702,0.687,-0.018,878.455,0.001,335.699,0.139,6.4,32.17
22.646,8.565,2643.096,456.9,0.262,0.003,59.672,43.167,0,0.538,0.394,0.021,0.123,0.62,2.548,6.58,-1.566e-5,0,0.014,0.702,0.687,-0.009,878.521,0.001,335.701,0.14,6.4,32.17
22.658,8.665,2643.096,456.9,0.262,0.003,59.646,43.167,0,0.538,0.394,0.021,0.123,0.621,2.583,6.653,-5.527e-5,0,0.014,0.702,0.687,-0.003,878.583,0.001,335.703,0.14,6.4,32.17
22.67,8.69,2643.096,456.9,0.262,0.003,59.64,43.167,0,0.538,0.394,0.021,0.123,0.622,2.591,6.67,3.857e-4,0,0.014,0.702,0.687,-3.209e-4,878.643,0.001,335.705,0.14,6.4,32.17
22.682,8.646,2643.096,456.9,0.262,0.003,59.652,43.167,0,0.538,0.394,0.021,0.123,0.621,2.576,6.636,1.989e-4,0,0.014,0.702,0.688,3.19e-4,878.7,0.001,335.708,0.14,6.4,32.17
22.693,8.541,2643.096,456.9,0.262,0.003,59.68,43.167,0,0.538,0.394,0.022,0.123,0.619,2.54,6.55,-4.347e-4,0,0.014,0.702,0.688,0.003,878.757,0.001,335.71,0.141,6.4,32.17
22.705,8.366,2643.096,456.9,0.262,0.003,59.727,43.167,0,0.538,0.394,0.022,0.123,0.617,2.479,6.407,4.682e-4,0,0.014,0.702,0.688,0.007,878.814,0.001,335.712,0.141,6.4,32.17
22.716,8.119,2643.096,456.9,0.262,0.003,59.793,43.167,0,0.538,0.394,0.022,0.123,0.613,2.395,6.207,-1.582e-4,0,0.014,0.702,0.688,0.014,878.871,0.001,335.714,0.141,6.4,32.17
22.728,7.809,2643.096,456.9,0.262,0.003,59.877,43.167,0,0.538,0.394,0.022,0.123,0.609,2.289,5.954,4.365e-4,0,0.014,0.702,0.688,0.023,878.929,0.001,335.716,0.142,6.4,32.17
22.74,7.428,2643.096,456.9,0.262,0.003,59.982,43.167,0,0.538,0.394,0.022,0.123,0.604,2.161,5.645,-2.647e-4,0,0.014,0.702,0.688,0.034,878.99,0.001,335.718,0.142,6.4,32.17
22.753,6.976,2643.096,456.9,0.262,0.003,60.109,43.167,0,0.538,0.394,0.022,0.123,0.598,2.011,5.278,-4.996e-4,0,0.014,0.702,0.688,0.046,879.053,0.001,335.721,0.142,6.4,32.17
22.767,6.455,2643.096,456.9,0.262,0.003,60.258,43.167,0,0.538,0.394,0.022,0.123,0.59,1.842,4.858,-2.153e-4,0,0.014,0.702,0.688,0.061,879.122,0.001,335.723,0.142,6.4,32.17
22.781,5.815,2643.096,456.9,0.262,0.003,60.446,43.167,0,0.538,0.394,0.022,0.123,0.582,1.638,4.345,4.878e-4,0,0.013,0.702,0.688,0.077,879.197,0.001,335.726,0.143,6.4,32.17
22.798,5.011,2643.096,456.9,0.262,0.003,60.691,43.167,0,0.538,0.394,0.022,0.123,0.572,1.388,3.707,-2.09e-4,0,0.013,0.702,0.688,0.093,879.282,0.001,335.729,0.143,6.4,32.17
22.819,3.892,2643.096,456.9,0.262,0.003,61.047,43.167,0,0.538,0.394,0.022,0.123,0.56,1.053,2.835,5.105e-5,0,0.013,0.702,0.688,0.106,879.387,0.001,335.733,0.144,6.4,32.17
22.844,2.477,2643.096,456.9,0.262,0.003,61.523,43.167,0,0.538,0.394,0.022,0.123,0.548,0.649,1.761,-1.354e-5,0,0.013,0.702,0.688,0.102,879.516,0.001,335.738,0.144,6.4,32.17
22.87,1.367,2643.096,456.9,0.262,0.003,61.919,43.167,0,0.539,0.394,0.022,0.123,0.542,0.349,0.997,2.37e-4,0,0.013,0.702,0.688,0.027,879.644,0.001,335.743,0.145,6.4,32.17
22.894,1.558,2643.096,456.9,0.262,0.003,61.86,43.167,0,0.539,0.394,0.022,0.123,0.542,0.4,1.221,-3.704e-4,0,0.013,0.702,0.688,-0.052,879.772,0.001,335.747,0.146,6.4,32.17
22.919,2.715,2643.096,456.9,0.262,0.003,61.448,43.167,0,0.539,0.394,0.022,0.123,0.55,0.715,2.146,-2.682e-4,0,0.013,0.702,0.688,-0.102,879.899,0.001,335.752,0.146,6.4,32.17
22.944,3.967,2643.096,456.9,0.262,0.003,61.024,43.167,0,0.539,0.394,0.022,0.123,0.561,1.075,3.095,-4.744e-4,0,0.013,0.702,0.689,-0.097,880.026,0.001,335.757,0.147,6.4,32.17
22.968,5.166,2643.096,456.9,0.262,0.003,60.642,43.167,0,0.539,0.394,0.022,0.123,0.575,1.436,3.997,2.823e-4,0,0.013,0.702,0.689,-0.077,880.153,0.001,335.761,0.148,6.4,32.17
22.989,6.077,2643.096,456.9,0.262,0.003,60.365,43.167,0,0.539,0.394,0.022,0.123,0.586,1.721,4.681,-2.721e-5,0,0.013,0.702,0.689,-0.056,880.262,0.001,335.765,0.148,6.4,32.17
23.009,6.796,2643.096,456.9,0.262,0.003,60.156,43.167,0,0.539,0.394,0.022,0.123,0.596,1.953,5.221,-2.075e-4,0,0.012,0.702,0.689,-0.037,880.366,0.001,335.769,0.149,6.4,32.17
23.025,7.27,2643.096,456.9,0.262,0.003,60.021,43.167,0,0.539,0.394,0.022,0.123,0.602,2.109,5.576,-3.648e-4,0,0.012,0.702,0.69,-0.023,880.451,0.001,335.772,0.149,6.4,32.17
23.039,7.593,2643.096,456.9,0.262,0.003,59.931,43.167,0,0.539,0.394,0.022,0.123,0.607,2.217,5.819,-4.034e-4,0,0.012,0.702,0.69,-0.013,880.525,0.001,335.775,0.149,6.4,32.17
23.052,7.804,2643.096,456.9,0.262,0.003,59.873,43.167,0,0.539,0.394,0.022,0.123,0.61,2.288,5.978,-1.599e-4,0,0.012,0.702,0.69,-0.006,880.593,0.001,335.778,0.15,6.4,32.17
23.064,7.906,2643.096,456.9,0.262,0.003,59.844,43.167,0,0.539,0.394,0.022,0.123,0.611,2.322,6.054,4.07e-4,0,0.012,0.702,0.69,-0.002,880.657,0.001,335.78,0.15,6.4,32.17
23.075,7.939,2643.096,456.9,0.262,0.003,59.835,43.167,0,0.539,0.394,0.022,0.123,0.612,2.333,6.077,-1.978e-4,0,0.012,0.702,0.69,-1.112e-4,880.717,0.001,335.782,0.15,6.4,32.17
23.086,7.909,2643.096,456.9,0.262,0.003,59.843,43.167,0,0.539,0.394,0.022,0.123,0.612,2.323,6.053,4.388e-4,0,0.012,0.702,0.69,4.816e-4,880.777,0.001,335.784,0.15,6.4,32.17
23.097,7.821,2643.096,456.9,0.262,0.003,59.867,43.167,0,0.539,0.394,0.022,0.123,0.61,2.294,5.981,2.728e-4,0,0.012,0.702,0.69,0.003,880.835,0.001,335.787,0.151,6.4,32.17
23.108,7.657,2643.096,456.9,0.262,0.003,59.911,43.167,0,0.539,0.394,0.022,0.123,0.608,2.238,5.848,2.096e-4,0,0.012,0.702,0.69,0.007,880.893,0.001,335.789,0.151,6.4,32.17
23.119,7.429,2643.096,456.9,0.262,0.003,59.974,43.167,0,0.539,0.394,0.022,0.123,0.605,2.162,5.664,1.155e-4,0,0.012,0.702,0.69,0.013,880.951,0.001,335.791,0.151,6.4,32.17
23.13,7.141,2643.096,456.9,0.262,0.003,60.055,43.167,0,0.539,0.394,0.022,0.123,0.601,2.066,5.431,-4.849e-4,0,0.012,0.702,0.69,0.021,881.011,0.001,335.793,0.152,6.4,32.17
23.142,6.786,2643.096,456.9,0.262,0.003,60.155,43.167,0,0.539,0.394,0.022,0.123,0.596,1.949,5.144,3.071e-4,0,0.012,0.702,0.69,0.03,881.072,0.001,335.795,0.152,6.4,32.17
23.154,6.362,2643.096,456.9,0.262,0.003,60.278,43.167,0,0.539,0.394,0.022,0.123,0.59,1.812,4.804,8.091e-5,0,0.012,0.702,0.69,0.041,881.138,0.001,335.798,0.152,6.4,32.17
23.167,5.864,2643.096,456.9,0.262,0.003,60.425,43.167,0,0.539,0.394,0.022,0.123,0.584,1.653,4.405,-1.352e-4,0,0.012,0.702,0.69,0.053,881.208,0.001,335.8,0.152,6.4,32.17
23.182,5.253,2643.096,456.9,0.262,0.003,60.611,43.167,0,0.539,0.394,0.022,0.123,0.576,1.462,3.92,3.897e-4,0,0.011,0.702,0.69,0.066,881.285,0.001,335.803,0.153,6.4,32.17
23.198,4.486,2643.096,456.9,0.262,0.003,60.852,43.167,0,0.539,0.394,0.022,0.123,0.567,1.229,3.317,1.985e-4,0,0.011,0.702,0.691,0.078,881.374,0.001,335.807,0.153,6.4,32.17
23.218,3.483,2643.096,456.9,0.262,0.003,61.181,43.167,0,0.539,0.394,0.022,0.123,0.557,0.934,2.541,1.843e-4,0,0.011,0.702,0.691,0.087,881.484,0.001,335.811,0.154,6.4,32.17
23.244,2.221,2643.096,456.9,0.262,0.003,61.622,43.167,0,0.54,0.394,0.023,0.123,0.547,0.579,1.598,3.894e-4,0,0.011,0.702,0.691,0.071,881.625,0.001,335.816,0.154,6.4,32.17
23.27,1.423,2643.096,456.9,0.262,0.003,61.913,43.167,0,0.54,0.394,0.023,0.123,0.543,0.364,1.066,1.465e-4,0,0.011,0.702,0.691,0.002,881.766,0.001,335.821,0.155,6.4,32.17
23.296,1.973,2643.096,456.9,0.262,0.003,61.703,43.167,0,0.54,0.394,0.023,0.123,0.546,0.511,1.538,-1.055e-4,0,0.011,0.702,0.691,-0.058,881.906,0.001,335.826,0.156,6.4,32.17
23.321,3.097,2643.096,456.9,0.262,0.003,61.309,43.167,0,0.54,0.394,0.023,0.123,0.554,0.823,2.415,2.517e-4,0,0.011,0.702,0.691,-0.082,882.045,0.001,335.831,0.156,6.4,32.17
23.346,4.217,2643.096,456.9,0.262,0.003,60.94,43.167,0,0.54,0.394,0.023,0.123,0.565,1.149,3.264,1.764e-4,0,0.011,0.702,0.691,-0.074,882.183,0.001,335.837,0.157,6.4,32.17
23.366,5.039,2643.096,456.9,0.262,0.003,60.682,43.167,0,0.54,0.394,0.023,0.123,0.574,1.397,3.882,2.996e-4,0,0.011,0.702,0.691,-0.059,882.296,0.001,335.841,0.157,6.4,32.17
23.385,5.688,2643.096,456.9,0.262,0.003,60.485,43.167,0,0.54,0.394,0.023,0.123,0.582,1.598,4.367,-2.408e-4,0,0.011,0.702,0.691,-0.043,882.399,0.001,335.845,0.158,6.4,32.17
23.403,6.204,2643.096,456.9,0.262,0.003,60.333,43.167,0,0.54,0.394,0.023,0.123,0.589,1.762,4.753,1.2e-4,0,0.011,0.702,0.691,-0.028,882.501,0.001,335.848,0.158,6.4,32.17
23.419,6.555,2643.096,456.9,0.262,0.003,60.232,43.167,0,0.54,0.394,0.023,0.123,0.594,1.875,5.015,2.099e-4,0,0.011,0.702,0.692,-0.016,882.589,0.001,335.852,0.159,6.4,32.17
23.432,6.772,2643.096,456.9,0.262,0.003,60.171,43.167,0,0.54,0.394,0.023,0.123,0.597,1.945,5.177,-4.496e-5,0,0.011,0.702,0.692,-0.009,882.666,0.001,335.854,0.159,6.4,32.17
23.445,6.894,2643.096,456.9,0.262,0.003,60.137,43.167,0,0.54,0.394,0.023,0.123,0.598,1.985,5.267,-4.539e-4,0,0.011,0.702,0.692,-0.004,882.738,0.001,335.857,0.159,6.4,32.17
23.457,6.945,2643.096,456.9,0.262,0.003,60.123,43.167,0,0.54,0.394,0.023,0.123,0.599,2.002,5.306,-4.83e-4,0,0.01,0.702,0.692,-7.307e-4,882.805,0.001,335.86,0.16,6.4,32.17
23.468,6.935,2643.096,456.9,0.262,0.003,60.127,43.167,0,0.54,0.394,0.023,0.123,0.599,1.999,5.297,-4.31e-4,0,0.01,0.702,0.692,1.651e-5,882.869,0.001,335.862,0.16,6.4,32.17
23.48,6.864,2643.096,456.9,0.262,0.003,60.147,43.167,0,0.54,0.394,0.023,0.123,0.598,1.976,5.24,2.215e-4,0,0.01,0.702,0.692,0.001,882.932,0.001,335.864,0.16,6.4,32.17
23.491,6.736,2643.096,456.9,0.262,0.003,60.184,43.167,0,0.54,0.394,0.023,0.123,0.596,1.934,5.138,-3.778e-4,0,0.01,0.702,0.692,0.004,882.995,0.001,335.867,0.16,6.4,32.17
23.502,6.554,2643.096,456.9,0.262,0.003,60.237,43.167,0,0.54,0.394,0.023,0.123,0.594,1.874,4.991,9.754e-5,0,0.01,0.702,0.692,0.008,883.057,0.001,335.869,0.161,6.4,32.17
23.513,6.321,2643.096,456.9,0.262,0.003,60.305,43.167,0,0.54,0.394,0.023,0.123,0.591,1.8,4.805,2.769e-4,0,0.01,0.702,0.692,0.014,883.121,0.001,335.871,0.161,6.4,32.17
23.524,6.025,2643.096,456.9,0.262,0.003,60.392,43.167,0,0.54,0.394,0.023,0.123,0.587,1.705,4.566,-1.282e-4,0,0.01,0.702,0.692,0.022,883.187,0.001,335.874,0.161,6.4,32.17
23.536,5.657,2643.096,456.9,0.262,0.003,60.502,43.167,0,0.54,0.394,0.023,0.123,0.582,1.589,4.273,4.417e-4,0,0.01,0.702,0.692,0.031,883.256,0.001,335.876,0.162,6.4,32.17
23.549,5.203,2643.096,456.9,0.262,0.003,60.64,43.167,0,0.54,0.394,0.023,0.123,0.577,1.447,3.911,-2.701e-4,0,0.01,0.702,0.692,0.04,883.33,0.001,335.879,0.162,6.4,32.17
23.564,4.627,2643.096,456.9,0.262,0.003,60.82,43.167,0,0.54,0.394,0.023,0.123,0.57,1.272,3.457,3.995e-4,0,0.01,0.702,0.692,0.051,883.412,0.001,335.882,0.162,6.4,32.17
23.58,3.894,2643.096,456.9,0.262,0.003,61.055,43.167,0,0.541,0.394,0.023,0.123,0.562,1.053,2.884,2.534e-4,0,0.01,0.702,0.692,0.061,883.507,0.001,335.886,0.163,6.4,32.17
23.601,2.908,2643.096,456.9,0.262,0.003,61.384,43.167,0,0.541,0.394,0.023,0.123,0.553,0.77,2.125,2.692e-4,0,0.01,0.702,0.692,0.067,883.628,0.001,335.89,0.163,6.4,32.17
23.627,1.736,2643.096,456.9,0.262,0.003,61.793,43.167,0,0.541,0.394,0.023,0.123,0.545,0.448,1.256,3.164e-5,0,0.01,0.702,0.692,0.046,883.776,0.001,335.896,0.164,6.4,32.17
23.652,1.216,2643.096,456.9,0.262,0.003,61.988,43.167,0,0.541,0.394,0.023,0.124,0.543,0.31,0.914,3.938e-4,0,0.01,0.702,0.692,-0.003,883.925,0.001,335.901,0.165,6.4,32.17
23.678,1.999,2643.096,456.9,0.262,0.003,61.709,43.167,0,0.541,0.394,0.023,0.124,0.547,0.519,1.56,4.504e-4,0,0.01,0.702,0.692,-0.057,884.073,0.001,335.907,0.165,6.4,32.17
23.703,3.124,2643.096,456.9,0.262,0.003,61.315,43.167,0,0.541,0.394,0.024,0.124,0.555,0.831,2.419,1.538e-4,0,0.01,0.702,0.692,-0.063,884.222,0.001,335.912,0.166,6.4,32.17
23.726,4.07,2643.096,456.9,0.262,0.003,60.998,43.167,0,0.541,0.394,0.024,0.124,0.564,1.105,3.132,1.558e-4,0,0.01,0.702,0.693,-0.052,884.357,0.001,335.917,0.166,6.4,32.17
23.746,4.771,2643.096,456.9,0.262,0.003,60.772,43.167,0,0.541,0.394,0.024,0.124,0.572,1.315,3.656,-2.933e-4,0,0.01,0.702,0.693,-0.038,884.475,0.001,335.921,0.167,6.4,32.17
23.766,5.299,2643.096,456.9,0.262,0.003,60.607,43.167,0,0.541,0.394,0.024,0.124,0.579,1.477,4.049,-3.06e-4,0,0.01,0.702,0.693,-0.024,884.589,0.001,335.926,0.167,6.4,32.17
23.782,5.623,2643.096,456.9,0.262,0.003,60.507,43.167,0,0.541,0.394,0.024,0.124,0.583,1.578,4.29,1.523e-4,0,0.01,0.702,0.693,-0.014,884.685,0.001,335.929,0.168,6.4,32.17
23.796,5.808,2643.096,456.9,0.262,0.003,60.451,43.167,0,0.541,0.394,0.024,0.124,0.585,1.636,4.426,-1.73e-4,0,0.009,0.702,0.693,-0.007,884.77,0.001,335.932,0.168,6.4,32.17
23.809,5.908,2643.096,456.9,0.262,0.003,60.42,43.167,0,0.541,0.394,0.024,0.124,0.586,1.668,4.499,-3.765e-4,0,0.009,0.703,0.693,-0.003,884.847,0.001,335.935,0.168,6.4,32.17
23.821,5.935,2643.096,456.9,0.262,0.003,60.412,43.167,0,0.541,0.394,0.024,0.124,0.587,1.676,4.517,2.389e-5,0,0.009,0.703,0.693,-4.573e-4,884.92,0.001,335.938,0.169,6.4,32.17
23.833,5.895,2643.096,456.9,0.262,0.003,60.423,43.167,0,0.541,0.394,0.024,0.124,0.586,1.664,4.486,-1.967e-4,0,0.009,0.703,0.693,6.413e-5,884.991,0.001,335.941,0.169,6.4,32.17
23.845,5.793,2643.096,456.9,0.262,0.003,60.453,43.167,0,0.541,0.394,0.024,0.124,0.585,1.632,4.406,-3.721e-4,0,0.009,0.703,0.693,0.001,885.06,0.001,335.943,0.169,6.4,32.17
23.856,5.635,2643.096,456.9,0.262,0.003,60.501,43.167,0,0.541,0.394,0.024,0.124,0.583,1.582,4.28,3.668e-4,0,0.009,0.703,0.693,0.004,885.13,0.001,335.946,0.17,6.4,32.17
23.868,5.419,2643.096,456.9,0.262,0.003,60.566,43.167,0,0.541,0.394,0.024,0.124,0.58,1.514,4.108,1.994e-4,0,0.009,0.703,0.693,0.008,885.2,0.001,335.948,0.17,6.4,32.17
23.88,5.136,2643.096,456.9,0.262,0.003,60.653,43.167,0,0.541,0.394,0.024,0.124,0.577,1.427,3.885,-1.497e-4,0,0.009,0.703,0.693,0.014,885.273,0.001,335.951,0.17,6.4,32.17
23.893,4.778,2643.096,456.9,0.262,0.003,60.765,43.167,0,0.541,0.394,0.024,0.124,0.573,1.317,3.601,-4.653e-4,0,0.009,0.703,0.694,0.021,885.35,0.001,335.954,0.17,6.4,32.17
23.907,4.33,2643.096,456.9,0.262,0.003,60.908,43.167,0,0.541,0.394,0.024,0.124,0.568,1.183,3.249,4.448e-4,0,0.009,0.703,0.694,0.029,885.433,0.001,335.957,0.171,6.4,32.17
23.922,3.766,2643.096,456.9,0.262,0.003,61.092,43.167,0,0.542,0.394,0.024,0.124,0.562,1.016,2.809,-1.395e-4,0,0.009,0.703,0.694,0.038,885.526,0.001,335.96,0.171,6.4,32.17
23.94,3.026,2643.096,456.9,0.262,0.003,61.342,43.167,0,0.542,0.394,0.024,0.124,0.555,0.803,2.235,2.16e-4,0,0.009,0.703,0.694,0.047,885.636,0.001,335.964,0.172,6.4,32.17
23.964,1.941,2643.096,456.9,0.262,0.003,61.725,43.167,0,0.542,0.394,0.024,0.124,0.548,0.503,1.406,-2.96e-4,0,0.009,0.703,0.694,0.053,885.781,0.001,335.97,0.172,6.4,32.17
23.99,0.799,2643.096,456.9,0.262,0.003,62.157,43.167,0,0.542,0.394,0.024,0.124,0.543,0.202,0.575,2.501e-4,0,0.009,0.703,0.694,0.024,885.941,0.001,335.976,0.173,6.4,32.17
24.016,1.013,2643.096,456.9,0.262,0.003,62.063,43.167,0,0.542,0.394,0.024,0.124,0.543,0.257,0.8,-6.089e-5,0,0.009,0.703,0.694,-0.041,886.101,0.001,335.982,0.174,6.4,32.17
24.042,2.089,2643.096,456.9,0.262,0.003,61.671,43.167,0,0.542,0.394,0.024,0.124,0.549,0.543,1.621,2.252e-4,0,0.009,0.703,0.694,-0.051,886.261,0.001,335.988,0.174,6.4,32.17
24.068,3.205,2643.096,456.9,0.262,0.003,61.285,43.167,0,0.542,0.394,0.024,0.124,0.557,0.854,2.458,-4.917e-4,0,0.009,0.703,0.694,-0.04,886.421,0.001,335.994,0.175,6.4,32.17
24.092,4.129,2643.096,456.9,0.262,0.003,60.981,43.167,0,0.542,0.394,0.024,0.124,0.566,1.123,3.152,-9.158e-5,0,0.009,0.703,0.694,-0.025,886.574,0.001,335.999,0.175,6.4,32.17
24.112,4.653,2643.096,456.9,0.262,0.003,60.815,43.167,0,0.542,0.394,0.024,0.124,0.572,1.28,3.543,3.201e-4,0,0.008,0.703,0.694,-0.015,886.694,0.001,336.004,0.176,6.4,32.17
24.127,4.938,2643.096,456.9,0.262,0.003,60.727,43.167,0,0.542,0.394,0.024,0.124,0.575,1.366,3.757,7.9e-5,0,0.008,0.703,0.694,-0.008,886.791,0.001,336.007,0.176,6.4,32.17
24.141,5.099,2643.096,456.9,0.262,0.003,60.678,43.167,0,0.542,0.394,0.025,0.124,0.577,1.416,3.877,-1.774e-4,0,0.008,0.703,0.694,-0.003,886.878,0.001,336.01,0.177,6.4,32.17
24.154,5.171,2643.096,456.9,0.262,0.003,60.656,43.167,0,0.542,0.394,0.025,0.124,0.578,1.438,3.93,3.77e-4,0,0.008,0.703,0.695,-6.343e-4,886.958,0.001,336.013,0.177,6.4,32.17
24.166,5.169,2643.096,456.9,0.262,0.003,60.658,43.167,0,0.542,0.394,0.025,0.124,0.578,1.437,3.928,-2.475e-4,0,0.008,0.703,0.695,1.459e-5,887.035,0.001,336.016,0.177,6.4,32.17
24.178,5.099,2643.096,456.9,0.262,0.003,60.68,43.167,0,0.542,0.394,0.025,0.124,0.577,1.416,3.874,-4.219e-4,0,0.008,0.703,0.695,0.001,887.111,0.001,336.019,0.177,6.4,32.17
24.19,4.963,2643.096,456.9,0.262,0.003,60.722,43.167,0,0.542,0.394,0.025,0.124,0.576,1.374,3.766,-4.398e-4,0,0.008,0.703,0.695,0.004,887.186,0.001,336.022,0.178,6.4,32.17
24.202,4.757,2643.096,456.9,0.262,0.003,60.787,43.167,0,0.542,0.394,0.025,0.124,0.573,1.311,3.603,-2.064e-4,0,0.008,0.703,0.695,0.007,887.262,0.001,336.025,0.178,6.4,32.17
24.215,4.467,2643.096,456.9,0.262,0.003,60.879,43.167,0,0.542,0.394,0.025,0.124,0.57,1.224,3.375,1.047e-5,0,0.008,0.703,0.695,0.013,887.342,0.001,336.028,0.178,6.4,32.17
24.228,4.091,2643.096,456.9,0.262,0.003,61,43.167,0,0.542,0.394,0.025,0.124,0.566,1.112,3.08,9.67e-5,0,0.008,0.703,0.695,0.019,887.426,0.001,336.031,0.179,6.4,32.17
24.243,3.609,2643.096,456.9,0.262,0.003,61.158,43.167,0,0.542,0.394,0.025,0.124,0.561,0.971,2.702,4.59e-4,0,0.008,0.703,0.695,0.026,887.519,0.001,336.034,0.179,6.4,32.17
24.26,2.986,2643.096,456.9,0.262,0.003,61.368,43.167,0,0.543,0.394,0.025,0.124,0.556,0.792,2.218,7.456e-5,0,0.008,0.703,0.695,0.035,887.626,0.001,336.038,0.179,6.4,32.17
24.281,2.121,2643.096,456.9,0.262,0.003,61.67,43.167,0,0.543,0.394,0.025,0.124,0.55,0.552,1.552,3.047e-4,0,0.008,0.703,0.695,0.044,887.761,0.001,336.043,0.18,6.4,32.17
24.308,0.957,2643.096,456.9,0.262,0.003,62.093,43.167,0,0.543,0.394,0.025,0.124,0.544,0.243,0.676,-1.942e-4,0,0.008,0.703,0.695,0.042,887.933,0.001,336.049,0.181,6.4,32.17
24.335,0.646,2643.096,456.9,0.262,0.003,62.219,43.167,0,0.543,0.394,0.025,0.124,0.543,0.163,0.508,1.178e-4,0,0.008,0.703,0.695,-0.024,888.105,0.001,336.056,0.181,6.4,32.17
24.361,1.752,2643.096,456.9,0.262,0.003,61.804,43.167,0,0.543,0.394,0.025,0.124,0.548,0.452,1.36,-2.36e-4,0,0.008,0.703,0.695,-0.044,888.278,0.001,336.062,0.182,6.4,32.17
24.388,2.853,2643.096,456.9,0.262,0.003,61.412,43.167,0,0.543,0.394,0.025,0.124,0.555,0.755,2.187,-5.654e-5,0,0.008,0.703,0.695,-0.035,888.451,0.001,336.069,0.183,6.4,32.17
24.413,3.716,2643.096,456.9,0.262,0.003,61.119,43.167,0,0.543,0.394,0.025,0.124,0.563,1.002,2.833,1.471e-4,0,0.008,0.703,0.695,-0.023,888.615,0.001,336.075,0.183,6.4,32.17
24.433,4.229,2643.096,456.9,0.262,0.003,60.95,43.167,0,0.543,0.394,0.025,0.124,0.568,1.153,3.216,2.819e-4,0,0.008,0.703,0.695,-0.013,888.744,0.001,336.08,0.184,6.4,32.17
24.449,4.523,2643.096,456.9,0.262,0.003,60.854,43.167,0,0.543,0.394,0.025,0.124,0.572,1.241,3.436,1.323e-4,0,0.008,0.703,0.695,-0.007,888.846,0.001,336.083,0.184,6.4,32.17
24.463,4.7,2643.096,456.9,0.262,0.003,60.798,43.167,0,0.543,0.394,0.025,0.124,0.574,1.294,3.568,2.434e-4,0,0.008,0.703,0.696,-0.003,888.937,0.001,336.087,0.184,6.4,32.17
24.475,4.788,2643.096,456.9,0.262,0.003,60.77,43.167,0,0.543,0.393,0.025,0.124,0.575,1.321,3.634,-4.433e-4,0,0.007,0.703,0.696,-7.12e-4,889.02,0.001,336.09,0.185,6.4,32.17
24.488,4.804,2643.096,456.9,0.262,0.003,60.764,43.167,0,0.543,0.393,0.025,0.124,0.575,1.326,3.645,3.798e-4,0,0.007,0.703,0.696,5.2e-8,889.1,0.001,336.093,0.185,6.4,32.17
24.499,4.754,2643.096,456.9,0.262,0.003,60.78,43.167,0,0.543,0.393,0.025,0.124,0.574,1.311,3.606,-4.756e-4,0,0.007,0.703,0.696,6.943e-4,889.177,0.001,336.096,0.185,6.4,32.17
24.511,4.632,2643.096,456.9,0.262,0.003,60.818,43.167,0,0.543,0.393,0.025,0.124,0.573,1.274,3.51,-3.087e-4,0,0.007,0.703,0.696,0.003,889.254,0.001,336.098,0.185,6.4,32.17
24.523,4.445,2643.096,456.9,0.262,0.003,60.878,43.167,0,0.543,0.393,0.025,0.124,0.571,1.217,3.363,4.383e-4,0,0.007,0.703,0.696,0.006,889.333,0.001,336.101,0.186,6.4,32.17
24.535,4.19,2643.096,456.9,0.262,0.003,60.96,43.167,0,0.543,0.393,0.025,0.124,0.568,1.141,3.162,3.092e-4,0,0.007,0.703,0.696,0.01,889.414,0.001,336.104,0.186,6.4,32.17
24.548,3.854,2643.096,456.9,0.262,0.003,61.07,43.167,0,0.543,0.393,0.025,0.125,0.565,1.042,2.9,-4.121e-5,0,0.007,0.703,0.696,0.016,889.5,0.001,336.108,0.186,6.4,32.17
24.563,3.45,2643.096,456.9,0.262,0.003,61.204,43.167,0,0.543,0.393,0.025,0.125,0.561,0.925,2.585,3.546e-4,0,0.007,0.703,0.696,0.022,889.595,0.001,336.111,0.187,6.4,32.17
24.579,2.921,2643.096,456.9,0.262,0.003,61.385,43.167,0,0.544,0.393,0.026,0.125,0.556,0.774,2.174,3.873e-4,0,0.007,0.703,0.696,0.03,889.703,0.001,336.115,0.187,6.4,32.17
24.599,2.189,2643.096,456.9,0.262,0.003,61.643,43.167,0,0.544,0.393,0.026,0.125,0.551,0.571,1.611,4.727e-4,0,0.007,0.703,0.696,0.037,889.836,0.001,336.12,0.187,6.4,32.17
24.627,1.054,2643.096,456.9,0.262,0.003,62.064,43.167,0,0.544,0.393,0.026,0.125,0.545,0.268,0.757,-2.381e-5,0,0.007,0.703,0.696,0.034,890.02,0.001,336.127,0.188,6.4,32.17
24.654,0.657,2643.096,456.9,0.262,0.003,62.208,43.167,0,0.544,0.393,0.026,0.125,0.544,0.165,0.506,-4.572e-4,0,0.007,0.703,0.696,-0.014,890.203,0.001,336.134,0.189,6.4,32.17
24.681,1.644,2643.096,456.9,0.262,0.003,61.839,43.167,0,0.544,0.393,0.026,0.125,0.548,0.423,1.272,-3.358e-4,0,0.007,0.703,0.696,-0.038,890.384,0.001,336.14,0.19,6.4,32.17
24.708,2.662,2643.096,456.9,0.262,0.003,61.479,43.167,0,0.544,0.393,0.026,0.125,0.555,0.701,2.038,6.452e-5,0,0.007,0.703,0.696,-0.03,890.566,0.001,336.147,0.19,6.4,32.17
24.733,3.439,2643.096,456.9,0.262,0.003,61.217,43.167,0,0.544,0.393,0.026,0.125,0.561,0.922,2.619,-2.621e-4,0,0.007,0.703,0.696,-0.02,890.734,0.001,336.153,0.191,6.4,32.17
24.752,3.903,2643.096,456.9,0.262,0.003,61.064,43.167,0,0.544,0.393,0.026,0.125,0.566,1.057,2.967,-2.811e-4,0,0.007,0.703,0.696,-0.011,890.867,0.001,336.158,0.191,6.4,32.17
24.768,4.183,2643.096,456.9,0.262,0.003,60.975,43.167,0,0.544,0.393,0.026,0.125,0.569,1.14,3.177,-8.163e-5,0,0.007,0.703,0.696,-0.006,890.973,0.001,336.162,0.192,6.4,32.17
24.782,4.341,2643.096,456.9,0.262,0.003,60.925,43.167,0,0.544,0.393,0.026,0.125,0.571,1.187,3.295,-3.936e-4,0,0.007,0.703,0.696,-0.002,891.066,0.001,336.166,0.192,6.4,32.17
24.794,4.411,2643.096,456.9,0.262,0.003,60.903,43.167,0,0.544,0.393,0.026,0.125,0.571,1.208,3.347,3.745e-4,0,0.007,0.703,0.697,-4.042e-4,891.152,0.001,336.169,0.192,6.4,32.17
24.806,4.407,2643.096,456.9,0.262,0.003,60.905,43.167,0,0.544,0.393,0.026,0.125,0.571,1.206,3.343,-3.402e-4,0,0.007,0.703,0.697,3.245e-5,891.235,0.001,336.172,0.192,6.4,32.17
24.818,4.338,2643.096,456.9,0.262,0.003,60.927,43.167,0,0.544,0.393,0.026,0.125,0.571,1.186,3.29,1.614e-4,0,0.007,0.703,0.697,9.419e-4,891.315,0.001,336.175,0.193,6.4,32.17
24.83,4.207,2643.096,456.9,0.262,0.003,60.97,43.167,0,0.544,0.393,0.026,0.125,0.569,1.147,3.187,-2.665e-4,0,0.007,0.703,0.697,0.003,891.396,0.001,336.178,0.193,6.4,32.17
24.842,4.011,2643.096,456.9,0.262,0.003,61.034,43.167,0,0.544,0.393,0.026,0.125,0.567,1.089,3.033,-4.152e-4,0,0.007,0.703,0.697,0.006,891.478,0.001,336.181,0.193,6.4,32.17
24.854,3.746,2643.096,456.9,0.262,0.003,61.121,43.167,0,0.544,0.393,0.026,0.125,0.565,1.011,2.825,-1.319e-4,0,0.007,0.703,0.697,0.011,891.565,0.001,336.184,0.194,6.4,32.17
24.868,3.397,2643.096,456.9,0.262,0.003,61.237,43.167,0,0.544,0.393,0.026,0.125,0.561,0.91,2.554,-8.815e-6,0,0.007,0.703,0.697,0.016,891.658,0.001,336.187,0.194,6.4,32.17
24.883,2.936,2643.096,456.9,0.262,0.003,61.393,43.167,0,0.544,0.393,0.026,0.125,0.557,0.778,2.195,2.31e-4,0,0.007,0.703,0.697,0.022,891.762,0.001,336.191,0.194,6.4,32.17
24.901,2.302,2643.096,456.9,0.262,0.003,61.613,43.167,0,0.545,0.393,0.026,0.125,0.553,0.602,1.706,4.84e-4,0,0.007,0.704,0.697,0.028,891.886,0.001,336.196,0.195,6.4,32.17
24.926,1.319,2643.096,456.9,0.262,0.003,61.967,43.167,0,0.545,0.393,0.026,0.125,0.547,0.337,0.957,2.33e-4,0,0.007,0.704,0.697,0.033,892.057,0.001,336.202,0.195,6.4,32.17
24.953,0.377,2643.096,456.9,0.262,0.003,62.32,43.167,0,0.545,0.393,0.026,0.125,0.545,0.094,0.281,6.506e-5,0,0.007,0.704,0.697,0.002,892.247,0.001,336.209,0.196,6.4,32.17
24.98,1.133,2643.096,456.9,0.262,0.003,62.041,43.167,0,0.545,0.393,0.026,0.125,0.547,0.288,0.883,3.199e-4,0,0.007,0.704,0.697,-0.033,892.439,0.001,336.216,0.197,6.4,32.17
25.008,2.133,2643.096,456.9,0.262,0.003,61.672,43.167,0,0.545,0.393,0.027,0.125,0.552,0.555,1.634,-2.975e-4,0,0.006,0.704,0.697,-0.027,892.63,0.001,336.223,0.197,6.4,32.17
25.035,2.939,2643.096,456.9,0.262,0.003,61.387,43.167,0,0.545,0.393,0.027,0.125,0.558,0.779,2.235,-5.878e-5,0,0.006,0.704,0.697,-0.017,892.822,0.001,336.231,0.198,6.4,32.17
25.056,3.375,2643.096,456.9,0.262,0.003,61.238,43.167,0,0.545,0.393,0.027,0.125,0.562,0.904,2.56,-1.762e-4,0,0.006,0.704,0.697,-0.009,892.966,0.001,336.236,0.198,6.4,32.17
25.072,3.609,2643.096,456.9,0.262,0.003,61.159,43.167,0,0.545,0.393,0.027,0.125,0.564,0.971,2.734,1.932e-4,0,0.006,0.704,0.697,-0.005,893.08,0.001,336.24,0.199,6.4,32.17
25.086,3.724,2643.096,456.9,0.262,0.003,61.12,43.167,0,0.545,0.393,0.027,0.125,0.565,1.005,2.82,-2.651e-4,0,0.006,0.704,0.697,-0.002,893.182,0.001,336.244,0.199,6.4,32.17
25.099,3.752,2643.096,456.9,0.262,0.003,61.111,43.167,0,0.545,0.393,0.027,0.125,0.566,1.013,2.839,-3.614e-4,0,0.006,0.704,0.698,-2.2e-4,893.277,0.001,336.247,0.199,6.4,32.17
25.112,3.721,2643.096,456.9,0.262,0.003,61.12,43.167,0,0.545,0.393,0.027,0.125,0.565,1.004,2.816,4.651e-4,0,0.006,0.704,0.698,9.525e-5,893.369,0.001,336.251,0.2,6.4,32.17
25.125,3.623,2643.096,456.9,0.262,0.003,61.153,43.167,0,0.545,0.393,0.027,0.125,0.564,0.975,2.74,-1.981e-4,0,0.006,0.704,0.698,0.001,893.46,0.001,336.254,0.2,6.4,32.17
25.138,3.456,2643.096,456.9,0.262,0.003,61.209,43.167,0,0.545,0.393,0.027,0.125,0.563,0.927,2.61,-4.621e-4,0,0.006,0.704,0.698,0.003,893.553,0.001,336.258,0.2,6.4,32.17
25.152,3.21,2643.096,456.9,0.262,0.003,61.292,43.167,0,0.545,0.393,0.027,0.125,0.561,0.856,2.418,-1.593e-4,0,0.006,0.704,0.698,0.006,893.65,0.001,336.261,0.201,6.4,32.17
25.167,2.843,2643.096,456.9,0.262,0.003,61.418,43.167,0,0.545,0.393,0.027,0.125,0.558,0.752,2.135,1.673e-4,0,0.006,0.704,0.698,0.011,893.754,0.001,336.265,0.201,6.4,32.17
25.183,2.347,2643.096,456.9,0.262,0.003,61.591,43.167,0,0.545,0.393,0.027,0.125,0.554,0.614,1.753,-1.083e-4,0,0.006,0.704,0.698,0.015,893.873,0.001,336.269,0.201,6.4,32.17
25.204,1.654,2643.096,456.9,0.262,0.003,61.841,43.167,0,0.546,0.393,0.027,0.125,0.55,0.426,1.222,3.798e-4,0,0.006,0.704,0.698,0.021,894.02,0.001,336.275,0.202,6.4,32.17
25.232,0.666,2643.096,456.9,0.262,0.003,62.213,43.167,0,0.546,0.393,0.027,0.125,0.546,0.168,0.473,-4.056e-4,0,0.006,0.704,0.698,0.026,894.223,0.001,336.282,0.203,6.4,32.17
25.26,0.378,2643.096,456.9,0.262,0.003,62.328,43.167,0,0.546,0.393,0.027,0.125,0.546,0.095,0.309,-4.372e-4,0,0.006,0.704,0.698,-0.026,894.426,0.001,336.29,0.203,6.4,32.17
25.288,1.405,2643.096,456.9,0.262,0.003,61.94,43.167,0,0.546,0.393,0.027,0.125,0.549,0.36,1.077,2.884e-4,0,0.006,0.704,0.698,-0.022,894.627,0.001,336.297,0.204,6.4,32.17
25.316,2.224,2643.096,456.9,0.262,0.003,61.645,43.167,0,0.546,0.393,0.027,0.125,0.554,0.581,1.69,-6.178e-5,0,0.006,0.704,0.698,-0.014,894.831,0.001,336.305,0.204,6.4,32.17
25.34,2.717,2643.096,456.9,0.262,0.003,61.473,43.167,0,0.546,0.393,0.027,0.125,0.557,0.717,2.059,3.887e-4,0,0.006,0.704,0.698,-0.008,895.007,0.001,336.311,0.205,6.4,32.17
25.358,2.977,2643.096,456.9,0.262,0.003,61.385,43.167,0,0.546,0.393,0.027,0.125,0.559,0.79,2.253,4.62e-4,0,0.006,0.704,0.698,-0.004,895.141,0.001,336.316,0.205,6.4,32.17
25.374,3.115,2643.096,456.9,0.262,0.003,61.338,43.167,0,0.546,0.393,0.028,0.126,0.561,0.829,2.356,4.345e-4,0,0.006,0.704,0.698,-0.001,895.258,0.001,336.321,0.206,6.4,32.17
25.389,3.155,2643.096,456.9,0.262,0.003,61.325,43.167,0,0.546,0.393,0.028,0.126,0.561,0.841,2.385,-3.505e-4,0,0.006,0.704,0.698,-8.769e-5,895.367,0.001,336.325,0.206,6.4,32.17
25.403,3.109,2643.096,456.9,0.262,0.003,61.341,43.167,0,0.546,0.393,0.028,0.126,0.561,0.828,2.351,3.16e-4,0,0.006,0.704,0.698,2.062e-4,895.472,0.001,336.329,0.207,6.4,32.17
25.418,2.979,2643.096,456.9,0.262,0.003,61.386,43.167,0,0.546,0.393,0.028,0.126,0.56,0.791,2.25,-1.733e-4,0,0.006,0.704,0.698,0.001,895.577,0.001,336.333,0.207,6.4,32.17
25.433,2.771,2643.096,456.9,0.262,0.003,61.458,43.167,0,0.546,0.393,0.028,0.126,0.558,0.732,2.089,1.752e-4,0,0.006,0.704,0.698,0.003,895.686,0.001,336.337,0.207,6.4,32.17
25.448,2.472,2643.096,456.9,0.262,0.003,61.563,43.167,0,0.546,0.393,0.028,0.126,0.556,0.649,1.859,3.069e-4,0,0.006,0.704,0.698,0.006,895.803,0.001,336.341,0.208,6.4,32.17
25.466,2.061,2643.096,456.9,0.262,0.003,61.709,43.167,0,0.547,0.393,0.028,0.126,0.553,0.536,1.543,4.834e-4,0,0.006,0.704,0.698,0.01,895.934,0.001,336.346,0.208,6.4,32.17
25.487,1.475,2643.096,456.9,0.262,0.003,61.922,43.167,0,0.547,0.393,0.028,0.126,0.55,0.379,1.095,-6.243e-6,0,0.006,0.704,0.698,0.014,896.092,0.001,336.352,0.208,6.4,32.17
25.515,0.637,2643.096,456.9,0.262,0.003,62.238,43.167,0,0.547,0.393,0.028,0.126,0.547,0.16,0.463,-2.056e-4,0,0.006,0.704,0.698,0.015,896.301,0.001,336.359,0.209,6.4,32.17
25.543,0.443,2643.096,456.9,0.262,0.003,62.301,43.167,0,0.547,0.393,0.028,0.126,0.547,0.111,0.343,-9.059e-5,0,0.006,0.704,0.699,-0.011,896.509,0.001,336.367,0.21,6.4,32.17
25.571,1.227,2643.096,456.9,0.262,0.003,62.006,43.167,0,0.547,0.393,0.028,0.126,0.549,0.313,0.936,-3.267e-4,0,0.006,0.704,0.699,-0.015,896.718,0.001,336.375,0.21,6.4,32.17
25.599,1.949,2643.096,456.9,0.262,0.003,61.741,43.167,0,0.547,0.393,0.028,0.126,0.553,0.506,1.477,1.489e-4,0,0.005,0.704,0.699,-0.01,896.928,0.001,336.383,0.211,6.4,32.17
25.624,2.409,2643.096,456.9,0.262,0.003,61.577,43.167,0,0.547,0.393,0.028,0.126,0.556,0.631,1.822,3.012e-4,0,0.005,0.704,0.699,-0.005,897.113,0.001,336.389,0.212,6.4,32.17
25.643,2.63,2643.096,456.9,0.262,0.003,61.499,43.167,0,0.547,0.393,0.028,0.126,0.558,0.693,1.987,-2.397e-4,0,0.005,0.704,0.699,-0.002,897.254,0.001,336.395,0.212,6.4,32.17
25.659,2.731,2643.096,456.9,0.262,0.003,61.463,43.167,0,0.547,0.393,0.028,0.126,0.559,0.721,2.062,2.553e-4,0,0.005,0.704,0.699,-4.1e-4,897.38,0.001,336.399,0.213,6.4,32.17
25.675,2.744,2643.096,456.9,0.262,0.003,61.459,43.167,0,0.547,0.393,0.028,0.126,0.559,0.725,2.072,5.023e-5,0,0.005,0.704,0.699,7.359e-6,897.498,0.001,336.404,0.213,6.4,32.17
25.69,2.675,2643.096,456.9,0.262,0.003,61.483,43.167,0,0.547,0.393,0.028,0.126,0.558,0.705,2.018,-3.446e-5,0,0.005,0.704,0.699,6.226e-4,897.614,0.001,336.408,0.213,6.4,32.17
25.706,2.528,2643.096,456.9,0.262,0.003,61.534,43.167,0,0.547,0.393,0.028,0.126,0.557,0.665,1.905,-1.842e-4,0,0.005,0.704,0.699,0.002,897.732,0.001,336.412,0.214,6.4,32.17
25.722,2.301,2643.096,456.9,0.262,0.003,61.614,43.167,0,0.547,0.393,0.028,0.126,0.556,0.602,1.73,3.465e-4,0,0.005,0.704,0.699,0.005,897.856,0.001,336.417,0.214,6.4,32.17
25.74,1.968,2643.096,456.9,0.262,0.003,61.733,43.167,0,0.548,0.393,0.029,0.126,0.554,0.511,1.474,1.704e-6,0,0.005,0.704,0.699,0.008,897.992,0.001,336.422,0.214,6.4,32.17
25.761,1.471,2643.096,456.9,0.262,0.003,61.915,43.167,0,0.548,0.393,0.029,0.126,0.551,0.378,1.095,1.048e-4,0,0.005,0.704,0.699,0.011,898.152,0.001,336.428,0.215,6.4,32.17
25.789,0.696,2643.096,456.9,0.262,0.003,62.206,43.167,0,0.548,0.393,0.029,0.126,0.549,0.176,0.511,2.836e-4,0,0.005,0.704,0.699,0.012,898.368,0.001,336.436,0.215,6.4,32.17
25.818,0.406,2643.096,456.9,0.262,0.003,62.331,43.167,0,0.548,0.393,0.029,0.126,0.548,0.102,0.312,2.232e-4,0,0.005,0.704,0.699,-0.007,898.589,0.001,336.444,0.216,6.4,32.17
25.846,1.162,2643.096,456.9,0.262,0.003,62.04,43.167,0,0.548,0.393,0.029,0.126,0.55,0.296,0.886,7.705e-5,0,0.005,0.704,0.699,-0.013,898.813,0.001,336.452,0.217,6.4,32.17
25.875,1.845,2643.096,456.9,0.262,0.003,61.79,43.167,0,0.548,0.393,0.029,0.126,0.553,0.478,1.399,1.196e-4,0,0.005,0.704,0.699,-0.008,899.044,0.001,336.46,0.217,6.4,32.17
25.899,2.267,2643.096,456.9,0.262,0.003,61.64,43.167,0,0.548,0.393,0.029,0.126,0.556,0.593,1.715,4.719e-4,0,0.005,0.705,0.699,-0.004,899.238,0.001,336.467,0.218,6.4,32.17
25.917,2.45,2643.096,456.9,0.262,0.003,61.576,43.167,0,0.548,0.393,0.029,0.126,0.557,0.643,1.851,-1.789e-5,0,0.005,0.705,0.7,-0.002,899.39,0.001,336.473,0.218,6.4,32.17
25.934,2.521,2643.096,456.9,0.262,0.003,61.551,43.167,0,0.548,0.393,0.029,0.126,0.558,0.663,1.904,-4.068e-4,0,0.005,0.705,0.7,-3.491e-4,899.527,0.001,336.477,0.219,6.4,32.17
25.95,2.507,2643.096,456.9,0.262,0.003,61.557,43.167,0,0.548,0.393,0.029,0.126,0.558,0.659,1.894,-2.199e-4,0,0.005,0.705,0.7,6.963e-6,899.658,0.001,336.482,0.219,6.4,32.17
25.966,2.402,2643.096,456.9,0.262,0.003,61.594,43.167,0,0.548,0.393,0.029,0.126,0.557,0.63,1.813,-1.126e-4,0,0.005,0.705,0.7,4.983e-4,899.787,0.001,336.487,0.219,6.4,32.17
25.982,2.226,2643.096,456.9,0.262,0.003,61.657,43.167,0,0.548,0.393,0.029,0.126,0.556,0.581,1.677,4.509e-4,0,0.005,0.705,0.7,0.002,899.921,0.001,336.491,0.22,6.4,32.17
26,1.973,2643.096,456.9,0.262,0.003,61.747,43.167,0,0.548,0.393,0.029,0.126,0.555,0.512,1.484,-1.659e-4,0,0.005,0.705,0.7,0.003,900.065,0.001,336.496,0.22,6.4,32.17
26.019,1.63,2643.096,456.9,0.262,0.003,61.872,43.167,0,0.549,0.393,0.029,0.126,0.553,0.42,1.222,-2.379e-4,0,0.005,0.705,0.7,0.006,900.227,0.001,336.502,0.221,6.4,32.17
26.043,1.135,2643.096,456.9,0.262,0.003,62.056,43.167,0,0.549,0.393,0.029,0.126,0.551,0.289,0.846,-4.155e-4,0,0.005,0.705,0.7,0.008,900.423,0.001,336.509,0.221,6.4,32.17
26.073,0.538,2643.096,456.9,0.262,0.003,62.281,43.167,0,0.549,0.393,0.029,0.126,0.549,0.135,0.4,3.499e-4,0,0.005,0.705,0.7,0.003,900.67,0.001,336.518,0.222,6.4,32.17
26.102,0.654,2643.096,456.9,0.262,0.003,62.227,43.167,0,0.549,0.393,0.03,0.126,0.55,0.165,0.496,2.419e-5,0,0.005,0.705,0.7,-0.006,900.915,0.001,336.526,0.223,6.4,32.17
26.132,1.237,2643.096,456.9,0.262,0.003,62.008,43.167,0,0.549,0.393,0.03,0.126,0.551,0.316,0.936,4.331e-4,0,0.005,0.705,0.7,-0.007,901.161,0.001,336.535,0.223,6.4,32.17
26.161,1.726,2643.096,456.9,0.262,0.003,61.828,43.167,0,0.549,0.393,0.03,0.127,0.554,0.446,1.304,-2.365e-4,0,0.005,0.705,0.7,-0.004,901.408,0.001,336.544,0.224,6.4,32.17
26.185,1.985,2643.096,456.9,0.262,0.003,61.735,43.167,0,0.549,0.393,0.03,0.127,0.555,0.516,1.497,-2.97e-4,0,0.005,0.705,0.7,-0.002,901.604,0.001,336.551,0.224,6.4,32.17
26.204,2.095,2643.096,456.9,0.262,0.003,61.695,43.167,0,0.549,0.393,0.03,0.127,0.556,0.546,1.58,-4.48e-4,0,0.005,0.705,0.7,-3.472e-4,901.77,0.001,336.557,0.225,6.4,32.17
26.223,2.104,2643.096,456.9,0.262,0.003,61.692,43.167,0,0.549,0.393,0.03,0.127,0.556,0.548,1.586,-1.114e-4,0,0.005,0.705,0.7,3.512e-6,901.925,0.001,336.562,0.225,6.4,32.17
26.241,2.024,2643.096,456.9,0.262,0.003,61.72,43.167,0,0.549,0.393,0.03,0.127,0.556,0.526,1.525,-3.803e-4,0,0.005,0.705,0.7,4.608e-4,902.077,0.001,336.567,0.226,6.4,32.17
26.259,1.857,2643.096,456.9,0.262,0.003,61.781,43.167,0,0.549,0.393,0.03,0.127,0.555,0.481,1.397,4.986e-4,0,0.005,0.705,0.7,0.002,902.233,0.001,336.573,0.226,6.4,32.17
26.279,1.593,2643.096,456.9,0.262,0.003,61.877,43.167,0,0.55,0.393,0.03,0.127,0.554,0.41,1.196,4.439e-4,0,0.004,0.705,0.7,0.003,902.402,0.001,336.579,0.226,6.4,32.17
26.302,1.201,2643.096,456.9,0.262,0.003,62.023,43.167,0,0.55,0.393,0.03,0.127,0.552,0.306,0.898,2.38e-4,0,0.004,0.705,0.7,0.005,902.599,0.001,336.586,0.227,6.4,32.17
26.332,0.661,2643.096,456.9,0.262,0.003,62.232,43.167,0,0.55,0.393,0.03,0.127,0.55,0.167,0.495,4.415e-4,0,0.004,0.705,0.701,0.001,902.852,0.001,336.595,0.228,6.4,32.17
26.362,0.795,2643.096,456.9,0.262,0.003,62.189,43.167,0,0.55,0.393,0.03,0.127,0.551,0.201,0.6,-3.987e-4,0,0.004,0.705,0.701,-0.003,903.11,0.001,336.604,0.228,6.4,32.17
26.393,1.251,2643.096,456.9,0.262,0.003,62.017,43.167,0,0.55,0.393,0.03,0.127,0.553,0.32,0.946,8.77e-5,0,0.004,0.705,0.701,-0.004,903.37,0.001,336.613,0.229,6.4,32.17
26.422,1.594,2643.096,456.9,0.262,0.003,61.89,43.167,0,0.55,0.393,0.03,0.127,0.554,0.41,1.203,1.41e-4,0,0.004,0.705,0.701,-0.002,903.622,0.001,336.622,0.23,6.4,32.17
26.445,1.743,2643.096,456.9,0.262,0.003,61.836,43.167,0,0.55,0.393,0.031,0.127,0.555,0.451,1.315,-4.041e-5,0,0.004,0.705,0.701,-6.497e-4,903.822,0.001,336.629,0.23,6.4,32.17
26.466,1.799,2643.096,456.9,0.262,0.003,61.816,43.167,0,0.55,0.393,0.031,0.127,0.555,0.466,1.356,-8.768e-5,0,0.004,0.705,0.701,-3.831e-5,904.003,0.001,336.635,0.231,6.4,32.17
26.486,1.756,2643.096,456.9,0.262,0.003,61.832,43.167,0,0.55,0.393,0.031,0.127,0.555,0.454,1.324,2.064e-4,0,0.004,0.705,0.701,1.597e-4,904.176,0.001,336.641,0.231,6.4,32.17
26.507,1.612,2643.096,456.9,0.262,0.003,61.885,43.167,0,0.55,0.393,0.031,0.127,0.555,0.415,1.214,-4.066e-4,0,0.004,0.705,0.701,8.786e-4,904.352,0.001,336.648,0.231,6.4,32.17
26.528,1.369,2643.096,456.9,0.262,0.003,61.975,43.167,0,0.55,0.393,0.031,0.127,0.554,0.351,1.029,-5.494e-5,0,0.004,0.705,0.701,0.002,904.542,0.001,336.654,0.232,6.4,32.17
26.554,1.034,2643.096,456.9,0.262,0.003,62.1,43.167,0,0.551,0.393,0.031,0.127,0.552,0.263,0.775,-2.188e-4,0,0.004,0.705,0.701,0.002,904.766,0.001,336.662,0.233,6.4,32.17
26.584,0.743,2643.096,456.9,0.262,0.003,62.206,43.167,0,0.551,0.393,0.031,0.127,0.552,0.188,0.558,8.159e-5,0,0.004,0.705,0.701,2.947e-4,905.029,0.001,336.671,0.233,6.4,32.17
26.614,0.807,2643.096,456.9,0.262,0.003,62.175,43.167,0,0.551,0.393,0.031,0.127,0.552,0.204,0.607,-3.639e-5,0,0.004,0.705,0.701,-0.001,905.292,0.001,336.681,0.234,6.4,32.17
26.645,1.137,2643.096,456.9,0.262,0.003,62.051,43.167,0,0.551,0.393,0.031,0.127,0.553,0.29,0.857,5.839e-5,0,0.004,0.705,0.701,-0.002,905.556,0.001,336.69,0.234,6.4,32.17
26.675,1.467,2643.096,456.9,0.262,0.003,61.929,43.167,0,0.551,0.393,0.031,0.127,0.555,0.377,1.106,-3.333e-4,0,0.004,0.705,0.701,-0.001,905.822,0.001,336.699,0.235,6.4,32.17
26.698,1.632,2643.096,456.9,0.262,0.003,61.869,43.167,0,0.551,0.393,0.031,0.127,0.555,0.421,1.229,2.72e-5,0,0.004,0.705,0.701,-3.643e-4,906.031,0.001,336.707,0.236,6.4,32.17
26.72,1.646,2643.096,456.9,0.262,0.003,61.864,43.167,0,0.551,0.393,0.031,0.127,0.556,0.424,1.24,2.785e-4,0,0.004,0.705,0.701,-6.668e-8,906.218,0.001,336.713,0.236,6.4,32.17
26.74,1.552,2643.096,456.9,0.262,0.003,61.899,43.167,0,0.551,0.393,0.031,0.127,0.555,0.399,1.169,-5.209e-5,0,0.004,0.705,0.701,2.994e-4,906.401,0.001,336.72,0.237,6.4,32.17
26.762,1.377,2643.096,456.9,0.262,0.003,61.963,43.167,0,0.551,0.393,0.031,0.127,0.554,0.353,1.036,4.79e-5,0,0.004,0.705,0.701,0.001,906.594,0.001,336.727,0.237,6.4,32.17
26.786,1.118,2643.096,456.9,0.262,0.003,62.061,43.167,0,0.551,0.393,0.031,0.127,0.553,0.285,0.839,1.131e-4,0,0.004,0.705,0.702,0.002,906.811,0.001,336.734,0.238,6.4,32.17
26.817,0.781,2643.096,456.9,0.262,0.003,62.191,43.167,0,0.552,0.393,0.032,0.127,0.553,0.197,0.586,-2.403e-4,0,0.004,0.705,0.702,0.001,907.08,0.001,336.744,0.238,6.4,32.17
26.848,0.637,2643.096,456.9,0.262,0.003,62.254,43.167,0,0.552,0.393,0.032,0.127,0.552,0.16,0.478,-4.015e-4,0,0.004,0.706,0.702,-1.108e-4,907.356,0.001,336.753,0.239,6.4,32.17
26.879,0.903,2643.096,456.9,0.262,0.003,62.155,43.167,0,0.552,0.393,0.032,0.127,0.553,0.229,0.681,-4.146e-4,0,0.004,0.706,0.702,-0.002,907.635,0.001,336.763,0.24,6.4,32.17
26.91,1.255,2643.096,456.9,0.262,0.003,62.023,43.167,0,0.552,0.393,0.032,0.128,0.554,0.321,0.947,1.389e-4,0,0.004,0.706,0.702,-0.002,907.913,0.001,336.773,0.24,6.4,32.17
26.936,1.426,2643.096,456.9,0.262,0.003,61.959,43.167,0,0.552,0.393,0.032,0.128,0.555,0.366,1.075,-3.904e-4,0,0.004,0.706,0.702,-7.024e-4,908.149,0.001,336.781,0.241,6.4,32.17
26.959,1.497,2643.096,456.9,0.262,0.003,61.934,43.167,0,0.552,0.393,0.032,0.128,0.556,0.385,1.129,-6.969e-5,0,0.004,0.706,0.702,-1.09e-4,908.358,0.001,336.789,0.241,6.4,32.17
26.981,1.487,2643.096,456.9,0.262,0.003,61.938,43.167,0,0.552,0.393,0.032,0.128,0.556,0.382,1.12,-4.676e-4,0,0.004,0.706,0.702,3.68e-5,908.556,0.001,336.796,0.242,6.4,32.17
27.003,1.384,2643.096,456.9,0.262,0.003,61.976,43.167,0,0.552,0.393,0.032,0.128,0.555,0.355,1.042,-1.426e-4,0,0.004,0.706,0.702,4.5e-4,908.754,0.001,336.803,0.242,6.4,32.17
27.026,1.195,2643.096,456.9,0.262,0.003,62.046,43.167,0,0.552,0.393,0.032,0.128,0.555,0.305,0.899,4.752e-5,0,0.004,0.706,0.702,0.001,908.967,0.001,336.81,0.243,6.4,32.17
27.053,0.939,2643.096,456.9,0.262,0.003,62.142,43.167,0,0.552,0.393,0.032,0.128,0.554,0.238,0.705,-3.529e-4,0,0.004,0.706,0.702,0.001,909.215,0.001,336.819,0.243,6.4,32.17
27.085,0.65,2643.096,456.9,0.262,0.003,62.248,43.167,0,0.553,0.392,0.032,0.128,0.553,0.164,0.488,3.96e-4,0,0.004,0.706,0.702,2.282e-4,909.506,0.001,336.829,0.244,6.4,32.17
27.117,0.702,2643.096,456.9,0.262,0.003,62.222,43.167,0,0.553,0.392,0.032,0.128,0.553,0.177,0.528,4.48e-4,0,0.004,0.706,0.702,-8.807e-4,909.794,0.001,336.839,0.245,6.4,32.17
27.148,0.989,2643.096,456.9,0.262,0.003,62.114,43.167,0,0.553,0.392,0.033,0.128,0.554,0.251,0.745,-4.04e-4,0,0.004,0.706,0.702,-0.001,910.084,0.001,336.85,0.245,6.4,32.17
27.18,1.242,2643.096,456.9,0.262,0.003,62.02,43.167,0,0.553,0.392,0.033,0.128,0.555,0.317,0.936,3.352e-4,0,0.004,0.706,0.702,-7.11e-4,910.375,0.001,336.86,0.246,6.4,32.17
27.205,1.337,2643.096,456.9,0.262,0.003,61.985,43.167,0,0.553,0.392,0.033,0.128,0.556,0.343,1.008,-1.519e-4,0,0.004,0.706,0.702,-1.202e-4,910.612,0.001,336.868,0.246,6.4,32.17
27.229,1.267,2643.096,456.9,0.262,0.003,62.011,43.167,0,0.553,0.392,0.033,0.128,0.556,0.324,0.954,2.411e-4,0,0.003,0.706,0.702,2.572e-5,910.832,0.001,336.876,0.247,6.4,32.17
27.254,1.105,2643.096,456.9,0.262,0.003,62.073,43.167,0,0.553,0.392,0.033,0.128,0.555,0.282,0.831,-3.834e-4,0,0.003,0.706,0.703,2.954e-4,911.062,0.001,336.884,0.247,6.4,32.17
27.283,0.918,2643.096,456.9,0.262,0.003,62.145,43.167,0,0.553,0.392,0.033,0.128,0.555,0.233,0.69,-1.88e-4,0,0.003,0.706,0.703,5.115e-4,911.327,0.001,336.893,0.248,6.4,32.17
27.315,0.728,2643.096,456.9,0.262,0.003,62.222,43.167,0,0.553,0.392,0.033,0.128,0.554,0.184,0.547,-1.134e-4,0,0.003,0.706,0.703,1.125e-4,911.628,0.001,336.904,0.249,6.4,32.17
27.347,0.754,2643.096,456.9,0.262,0.003,62.218,43.167,0,0.554,0.392,0.033,0.128,0.554,0.191,0.568,-3.093e-4,0,0.003,0.706,0.703,-2.362e-4,911.93,0.001,336.915,0.249,6.4,32.17
27.38,0.893,2643.096,456.9,0.262,0.003,62.166,43.167,0,0.554,0.392,0.033,0.128,0.555,0.227,0.672,9.651e-5,0,0.003,0.706,0.703,-4.507e-4,912.234,0.001,336.925,0.25,6.4,32.17
27.412,1.038,2643.096,456.9,0.262,0.003,62.112,43.167,0,0.554,0.392,0.033,0.128,0.556,0.264,0.782,-2.755e-4,0,0.003,0.706,0.703,-2.264e-4,912.537,0.001,336.936,0.251,6.4,32.17
27.44,1.119,2643.096,456.9,0.262,0.003,62.081,43.167,0,0.554,0.392,0.033,0.128,0.556,0.285,0.843,2.468e-4,0,0.003,0.706,0.703,-4.437e-6,912.806,0.001,336.946,0.251,6.4,32.17
27.467,1.05,2643.096,456.9,0.262,0.003,62.107,43.167,0,0.554,0.392,0.033,0.128,0.556,0.267,0.791,-4.01e-4,0,0.003,0.706,0.703,4.958e-5,913.056,0.001,336.954,0.252,6.4,32.17
27.495,0.945,2643.096,456.9,0.262,0.003,62.146,43.167,0,0.554,0.392,0.034,0.128,0.556,0.24,0.712,-3.159e-4,0,0.003,0.706,0.703,7.664e-5,913.326,0.001,336.964,0.252,6.4,32.17
27.527,0.847,2643.096,456.9,0.262,0.003,62.181,43.167,0,0.554,0.392,0.034,0.128,0.555,0.215,0.638,3.982e-4,0,0.003,0.706,0.703,5.348e-5,913.629,0.001,336.975,0.253,6.4,32.17
27.56,0.78,2643.096,456.9,0.262,0.003,62.203,43.167,0,0.554,0.392,0.034,0.128,0.555,0.197,0.587,6.191e-5,0,0.003,0.706,0.703,-4.357e-8,913.935,0.001,336.985,0.254,6.4,32.17
27.592,0.779,2643.096,456.9,0.262,0.003,62.2,43.167,0,0.555,0.392,0.034,0.128,0.556,0.197,0.586,-4.106e-4,0,0.003,0.706,0.703,-1.533e-4,914.244,0.001,336.996,0.254,6.4,32.17
27.625,0.899,2643.096,456.9,0.262,0.003,62.155,43.167,0,0.555,0.392,0.034,0.128,0.556,0.228,0.677,-2.434e-5,0,0.003,0.706,0.703,-2.906e-4,914.558,0.001,337.007,0.255,6.4,32.17
27.657,1.026,2643.096,456.9,0.262,0.003,62.108,43.167,0,0.555,0.392,0.034,0.129,0.557,0.261,0.773,-6.468e-5,0,0.003,0.706,0.703,-9.515e-5,914.861,0.001,337.018,0.256,6.4,32.17
27.685,1.039,2643.096,456.9,0.262,0.003,62.103,43.167,0,0.555,0.392,0.034,0.129,0.557,0.264,0.783,-2.25e-4,0,0.003,0.706,0.703,5.804e-6,915.131,0.001,337.028,0.256,6.4,32.17
27.713,0.957,2643.096,456.9,0.262,0.003,62.135,43.167,0,0.555,0.392,0.034,0.129,0.557,0.243,0.72,-1.696e-4,0,0.003,0.706,0.703,1.754e-4,915.4,0.001,337.037,0.257,6.4,32.17
27.743,0.79,2643.096,456.9,0.262,0.003,62.2,43.167,0,0.555,0.392,0.034,0.129,0.556,0.2,0.594,5.097e-5,0,0.003,0.706,0.703,3.442e-4,915.695,0.001,337.047,0.257,6.4,32.17
27.776,0.623,2643.096,456.9,0.262,0.003,62.269,43.167,0,0.555,0.392,0.034,0.129,0.556,0.157,0.469,-4.36e-4,0,0.003,0.707,0.703,6.273e-5,916.018,0.001,337.059,0.258,6.4,32.17
27.81,0.635,2643.096,456.9,0.262,0.003,62.27,43.167,0,0.555,0.392,0.035,0.129,0.556,0.16,0.478,2.994e-4,0,0.003,0.707,0.704,-2.426e-4,916.341,0.001,337.07,0.259,6.4,32.17
27.843,0.816,2643.096,456.9,0.262,0.003,62.202,43.167,0,0.556,0.392,0.035,0.129,0.557,0.207,0.615,8.97e-6,0,0.003,0.707,0.704,-5.03e-4,916.666,0.001,337.082,0.259,6.4,32.17
27.877,1.009,2643.096,456.9,0.262,0.003,62.129,43.167,0,0.556,0.392,0.035,0.129,0.557,0.257,0.76,2.598e-4,0,0.003,0.707,0.704,-1.468e-4,916.992,0.001,337.093,0.26,6.4,32.17
27.904,1.056,2643.096,456.9,0.262,0.003,62.112,43.167,0,0.556,0.392,0.035,0.129,0.558,0.269,0.796,2.362e-4,0,0.003,0.707,0.704,4.279e-6,917.259,0.001,337.103,0.261,6.4,32.17
27.93,0.973,2643.096,456.9,0.262,0.003,62.143,43.167,0,0.556,0.392,0.035,0.129,0.557,0.247,0.734,4.303e-4,0,0.003,0.707,0.704,1.767e-4,917.514,0.001,337.112,0.261,6.4,32.17
27.958,0.816,2643.096,456.9,0.262,0.003,62.203,43.167,0,0.556,0.392,0.035,0.129,0.557,0.207,0.614,-4.453e-4,0,0.003,0.707,0.704,4.051e-4,917.792,0.001,337.121,0.262,6.4,32.17
27.992,0.631,2643.096,456.9,0.262,0.003,62.27,43.167,0,0.556,0.392,0.035,0.129,0.557,0.159,0.475,2.581e-4,0,0.003,0.707,0.704,1.816e-4,918.125,0.001,337.133,0.262,6.4,32.17
28.026,0.593,2643.096,456.9,0.262,0.003,62.279,43.167,0,0.556,0.392,0.035,0.129,0.557,0.149,0.446,4.772e-4,0,0.003,0.707,0.704,-8.929e-5,918.461,0.001,337.145,0.263,6.4,32.17
28.06,0.737,2643.096,456.9,0.262,0.003,62.223,43.167,0,0.556,0.392,0.035,0.129,0.557,0.186,0.555,-4.943e-4,0,0.003,0.707,0.704,-4.371e-4,918.798,0.001,337.157,0.264,6.4,32.17
28.094,0.892,2643.096,456.9,0.262,0.003,62.164,43.167,0,0.557,0.392,0.035,0.129,0.558,0.226,0.672,1.128e-4,0,0.003,0.707,0.704,-2.221e-4,919.136,0.001,337.169,0.264,6.4,32.17
28.124,0.93,2643.096,456.9,0.262,0.003,62.151,43.167,0,0.557,0.392,0.036,0.129,0.558,0.236,0.701,2.936e-4,0,0.003,0.707,0.704,-1.169e-5,919.432,0.001,337.179,0.265,6.4,32.17
28.153,0.867,2643.096,456.9,0.262,0.003,62.175,43.167,0,0.557,0.392,0.036,0.129,0.558,0.22,0.653,4.835e-4,0,0.003,0.707,0.704,4.463e-5,919.719,0.001,337.189,0.266,6.4,32.17
28.184,0.749,2643.096,456.9,0.262,0.003,62.222,43.167,0,0.557,0.392,0.036,0.129,0.558,0.189,0.564,3.176e-4,0,0.003,0.707,0.704,1.39e-4,920.031,0.001,337.2,0.266,6.4,32.17
28.219,0.613,2643.096,456.9,0.262,0.003,62.279,43.167,0,0.557,0.392,0.036,0.129,0.558,0.155,0.462,2.683e-4,0,0.003,0.707,0.704,5.549e-6,920.377,0.001,337.213,0.267,6.4,32.17
28.254,0.694,2643.096,456.9,0.262,0.003,62.254,43.167,0,0.557,0.392,0.036,0.129,0.558,0.175,0.523,-2.573e-4,0,0.003,0.707,0.704,-1.978e-4,920.729,0.001,337.225,0.268,6.4,32.17
28.289,0.861,2643.096,456.9,0.262,0.003,62.191,43.167,0,0.557,0.392,0.036,0.129,0.559,0.218,0.65,4.718e-4,0,0.003,0.707,0.704,-9.192e-5,921.086,0.001,337.238,0.268,6.4,32.17
28.319,0.873,2643.096,456.9,0.262,0.003,62.187,43.167,0,0.557,0.392,0.036,0.129,0.559,0.221,0.658,2.729e-4,0,0.003,0.707,0.704,1.37e-6,921.383,0.001,337.248,0.269,6.4,32.17
28.348,0.775,2643.096,456.9,0.262,0.003,62.225,43.167,0,0.558,0.392,0.036,0.129,0.559,0.196,0.585,-4.807e-4,0,0.003,0.707,0.705,7.35e-5,921.676,0.001,337.258,0.269,6.4,32.17
28.38,0.647,2643.096,456.9,0.262,0.003,62.273,43.167,0,0.558,0.392,0.036,0.129,0.558,0.163,0.487,-1.04e-4,0,0.003,0.707,0.705,1.038e-4,922.008,0.001,337.27,0.27,6.4,32.17
28.415,0.548,2643.096,456.9,0.262,0.003,62.307,43.167,0,0.558,0.392,0.036,0.13,0.558,0.138,0.413,2.774e-4,0,0.003,0.707,0.705,-2.301e-7,922.365,0.001,337.283,0.271,6.4,32.17
28.451,0.583,2643.096,456.9,0.262,0.003,62.289,43.167,0,0.558,0.392,0.037,0.13,0.559,0.147,0.439,-1.95e-4,0,0.003,0.707,0.705,-2.377e-4,922.724,0.001,337.295,0.271,6.4,32.17
28.486,0.73,2643.096,456.9,0.262,0.003,62.231,43.167,0,0.558,0.392,0.037,0.13,0.559,0.185,0.55,-4.994e-4,0,0.003,0.707,0.705,-2.759e-4,923.088,0.001,337.308,0.272,6.4,32.17
28.52,0.835,2643.096,456.9,0.262,0.003,62.192,43.167,0,0.558,0.392,0.037,0.13,0.559,0.212,0.629,-5.254e-6,0,0.003,0.707,0.705,-2.83e-5,923.434,0.001,337.32,0.273,6.4,32.17
28.55,0.805,2643.096,456.9,0.262,0.003,62.204,43.167,0,0.558,0.392,0.037,0.13,0.56,0.204,0.607,2.033e-4,0,0.003,0.707,0.705,5.656e-5,923.736,0.001,337.331,0.273,6.4,32.17
28.58,0.687,2643.096,456.9,0.262,0.003,62.249,43.167,0,0.559,0.392,0.037,0.13,0.559,0.174,0.517,3.456e-5,0,0.002,0.707,0.705,2.442e-4,924.048,0.001,337.342,0.274,6.4,32.17
28.616,0.519,2643.096,456.9,0.262,0.003,62.316,43.167,0,0.559,0.392,0.037,0.13,0.559,0.131,0.391,4.578e-4,0,0.002,0.707,0.705,1.664e-4,924.415,0.001,337.355,0.274,6.4,32.17
28.652,0.474,2643.096,456.9,0.262,0.003,62.341,43.167,0,0.559,0.392,0.037,0.13,0.559,0.119,0.358,-4.833e-4,0,0.002,0.707,0.705,-3.743e-5,924.787,0.001,337.368,0.275,6.4,32.17
28.688,0.597,2643.096,456.9,0.262,0.003,62.298,43.167,0,0.559,0.392,0.037,0.13,0.56,0.15,0.45,1.184e-4,0,0.002,0.708,0.705,-3.094e-4,925.162,0.001,337.381,0.276,6.4,32.17
28.724,0.729,2643.096,456.9,0.262,0.003,62.248,43.167,0,0.559,0.392,0.037,0.13,0.56,0.184,0.55,-3.193e-4,0,0.002,0.708,0.705,-1.46e-4,925.539,0.001,337.395,0.276,6.4,32.17
28.757,0.773,2643.096,456.9,0.262,0.003,62.232,43.167,0,0.559,0.392,0.037,0.13,0.56,0.196,0.583,-2.963e-5,0,0.002,0.708,0.705,-3.221e-6,925.878,0.001,337.406,0.277,6.4,32.17
28.788,0.745,2643.096,456.9,0.262,0.003,62.243,43.167,0,0.559,0.392,0.038,0.13,0.56,0.188,0.561,-2.873e-4,0,0.002,0.708,0.705,9.608e-5,926.199,0.001,337.418,0.278,6.4,32.17
28.819,0.599,2643.096,456.9,0.262,0.003,62.298,43.167,0,0.559,0.392,0.038,0.13,0.56,0.151,0.451,-1.939e-4,0,0.002,0.708,0.705,1.558e-4,926.532,0.001,337.43,0.278,6.4,32.17
28.856,0.549,2643.096,456.9,0.262,0.003,62.312,43.167,0,0.56,0.392,0.038,0.13,0.56,0.138,0.414,2.222e-4,0,0.002,0.708,0.705,6.004e-7,926.918,0.001,337.443,0.279,6.4,32.17
28.894,0.526,2643.096,456.9,0.262,0.003,62.317,43.167,0,0.56,0.392,0.038,0.13,0.56,0.132,0.396,-7.455e-5,0,0.002,0.708,0.705,-7.421e-5,927.31,0.001,337.457,0.28,6.4,32.17
28.93,0.616,2643.096,456.9,0.262,0.003,62.281,43.167,0,0.56,0.392,0.038,0.13,0.561,0.155,0.464,3.924e-4,0,0.002,0.708,0.705,-1.333e-4,927.697,0.001,337.471,0.28,6.4,32.17
28.967,0.676,2643.096,456.9,0.262,0.003,62.259,43.167,0,0.56,0.392,0.038,0.13,0.561,0.171,0.51,-4.367e-4,0,0.002,0.708,0.706,-1.463e-5,928.085,0.001,337.484,0.281,6.4,32.17
29.001,0.613,2643.096,456.9,0.262,0.003,62.284,43.167,0,0.56,0.392,0.038,0.13,0.561,0.155,0.462,3.085e-4,0,0.002,0.708,0.706,1.908e-5,928.447,0.001,337.497,0.282,6.4,32.17
29.039,0.495,2643.096,456.9,0.262,0.003,62.333,43.167,0,0.56,0.392,0.038,0.13,0.561,0.124,0.372,-2.583e-4,0,0.002,0.708,0.706,9.477e-6,928.845,0.001,337.511,0.282,6.4,32.17
29.077,0.502,2643.096,456.9,0.262,0.003,62.336,43.167,0,0.56,0.392,0.038,0.13,0.561,0.126,0.378,-3.96e-5,0,0.002,0.708,0.706,-1.493e-5,929.246,0.001,337.525,0.283,6.4,32.17
29.114,0.542,2643.096,456.9,0.262,0.003,62.324,43.167,0,0.561,0.392,0.039,0.13,0.561,0.137,0.409,4.871e-5,0,0.002,0.708,0.706,-1.99e-5,929.646,0.001,337.539,0.284,6.4,32.17
29.152,0.566,2643.096,456.9,0.262,0.003,62.317,43.167,0,0.561,0.392,0.039,0.131,0.561,0.143,0.427,4.213e-4,0,0.002,0.708,0.706,-4.367e-6,930.045,0.001,337.553,0.284,6.4,32.17
29.189,0.573,2643.096,456.9,0.262,0.003,62.314,43.167,0,0.561,0.392,0.039,0.131,0.561,0.145,0.432,-1.574e-4,0,0.002,0.708,0.706,7.14e-6,930.448,0.001,337.568,0.285,6.4,32.17
29.227,0.501,2643.096,456.9,0.262,0.003,62.341,43.167,0,0.561,0.392,0.039,0.131,0.562,0.126,0.377,-2.973e-4,0,0.002,0.708,0.706,2.985e-6,930.856,0.001,337.582,0.286,6.4,32.17
29.265,0.487,2643.096,456.9,0.262,0.003,62.342,43.167,0,0.561,0.392,0.039,0.131,0.562,0.123,0.368,3.817e-4,0,0.002,0.708,0.706,-1.22e-5,931.263,0.001,337.596,0.286,6.4,32.17
29.303,0.491,2643.096,456.9,0.262,0.003,62.337,43.167,0,0.561,0.392,0.039,0.131,0.562,0.123,0.37,-2.151e-4,0,0.002,0.708,0.706,-4.527e-5,931.674,0.001,337.611,0.287,6.4,32.17
29.342,0.573,2643.096,456.9,0.262,0.003,62.305,43.167,0,0.562,0.392,0.039,0.131,0.562,0.144,0.431,3.805e-4,0,0.002,0.708,0.706,-4.911e-6,932.09,0.001,337.626,0.288,6.4,32.17
29.38,0.555,2643.096,456.9,0.262,0.003,62.311,43.167,0,0.562,0.392,0.039,0.131,0.562,0.14,0.418,3.227e-4,0,0.002,0.708,0.706,7.759e-6,932.504,0.001,337.64,0.288,6.4,32.17
29.418,0.506,2643.096,456.9,0.262,0.003,62.331,43.167,0,0.562,0.392,0.039,0.131,0.562,0.127,0.381,4.908e-4,0,0.002,0.708,0.706,2.451e-5,932.924,0.001,337.655,0.289,6.4,32.17
29.457,0.444,2643.096,456.9,0.262,0.003,62.359,43.167,0,0.562,0.392,0.04,0.131,0.562,0.111,0.335,-4.721e-4,0,0.002,0.708,0.706,4.006e-6,933.348,0.001,337.67,0.29,6.4,32.17
29.496,0.446,2643.096,456.9,0.262,0.003,62.366,43.167,0,0.562,0.392,0.04,0.131,0.562,0.112,0.336,2.097e-4,0,0.002,0.708,0.706,-6.898e-5,933.773,0.001,337.685,0.29,6.4,32.17
29.535,0.521,2643.096,456.9,0.262,0.003,62.339,43.167,0,0.562,0.391,0.04,0.131,0.563,0.131,0.393,-2.73e-4,0,0.002,0.708,0.706,-5.126e-5,934.197,0.001,337.7,0.291,6.4,32.17
29.574,0.533,2643.096,456.9,0.262,0.003,62.335,43.167,0,0.562,0.391,0.04,0.131,0.563,0.134,0.403,-2.877e-4,0,0.002,0.708,0.707,-1.18e-6,934.626,0.001,337.715,0.292,6.4,32.17
29.614,0.49,2643.096,456.9,0.262,0.003,62.352,43.167,0,0.563,0.391,0.04,0.131,0.563,0.123,0.369,9.439e-5,0,0.002,0.709,0.707,1.124e-5,935.06,0.001,337.73,0.292,6.4,32.17
29.653,0.43,2643.096,456.9,0.262,0.003,62.374,43.167,0,0.563,0.391,0.04,0.131,0.563,0.108,0.324,1.108e-4,0,0.002,0.709,0.707,1.446e-5,935.497,0.001,337.746,0.293,6.4,32.17
29.693,0.427,2643.096,456.9,0.262,0.003,62.37,43.167,0,0.563,0.391,0.04,0.131,0.563,0.107,0.322,6.209e-5,0,0.002,0.709,0.707,-3.719e-6,935.935,0.001,337.761,0.294,6.4,32.17
29.733,0.448,2643.096,456.9,0.262,0.003,62.359,43.167,0,0.563,0.391,0.04,0.131,0.563,0.113,0.338,-3.61e-4,0,0.002,0.709,0.707,-1.4e-5,936.377,0.001,337.777,0.294,6.4,32.17
29.773,0.462,2643.096,456.9,0.262,0.003,62.353,43.167,0,0.563,0.391,0.04,0.131,0.564,0.116,0.349,-9.536e-5,0,0.002,0.709,0.707,4.79e-8,936.821,0.001,337.792,0.295,6.4,32.17
29.813,0.395,2643.096,456.9,0.262,0.003,62.38,43.167,0,0.563,0.391,0.041,0.131,0.564,0.099,0.298,2.634e-4,0,0.002,0.709,0.707,2.268e-6,937.272,0.001,337.808,0.296,6.4,32.17
29.854,0.407,2643.096,456.9,0.262,0.003,62.38,43.167,0,0.563,0.391,0.041,0.131,0.564,0.102,0.307,8.014e-8,0,0.002,0.709,0.707,-2.314e-5,937.727,0.001,337.824,0.296,6.4,32.17
29.895,0.465,2643.096,456.9,0.262,0.003,62.362,43.167,0,0.564,0.391,0.041,0.131,0.564,0.117,0.351,2.188e-4,0,0.002,0.709,0.707,-2.361e-5,938.181,0.001,337.84,0.297,6.4,32.17
29.936,0.454,2643.096,456.9,0.262,0.003,62.368,43.167,0,0.564,0.391,0.041,0.132,0.564,0.114,0.342,2.666e-4,0,0.002,0.709,0.707,1.1e-5,938.638,0.001,337.856,0.298,6.4,32.17
29.976,0.372,2643.096,456.9,0.262,0.003,62.403,43.167,0,0.564,0.391,0.041,0.132,0.564,0.093,0.281,-2.92e-5,0,0.002,0.709,0.707,1.609e-5,939.093,0.001,337.872,0.299,6.4,32.17
30.017,0.35,2643.096,456.9,0.262,0.003,62.412,43.167,0,0.564,0.391,0.041,0.132,0.564,0.088,0.264,2.75e-4,0,0.002,0.709,0.707,-1.314e-5,939.551,0.001,337.889,0.299,6.4,32.17
30.058,0.409,2643.096,456.9,0.262,0.003,62.385,43.167,0,0.564,0.391,0.041,0.132,0.565,0.103,0.309,1.033e-4,0,0.002,0.709,0.707,-4.65e-5,940.014,0.001,337.905,0.3,6.4,32.17
30.099,0.424,2643.096,456.9,0.262,0.003,62.377,43.167,0,0.564,0.391,0.041,0.132,0.565,0.107,0.32,-4.631e-4,0,0.002,0.709,0.707,-6.833e-6,940.482,0.001,337.921,0.301,6.4,32.17
30.141,0.4,2643.096,456.9,0.262,0.003,62.384,43.167,0,0.565,0.391,0.042,0.132,0.565,0.101,0.302,-3.673e-4,0,0.002,0.709,0.707,0,940.955,0.001,337.938,0.301,6.4,32.17
30.183,0.386,2643.096,456.9,0.262,0.003,62.388,43.167,0,0.565,0.391,0.042,0.132,0.565,0.097,0.291,4.688e-4,0,0.002,0.709,0.707,1.163e-8,941.433,0.001,337.955,0.302,6.4,32.17
30.225,0.415,2643.096,456.9,0.262,0.003,62.379,43.167,0,0.565,0.391,0.042,0.132,0.565,0.104,0.313,2.465e-4,0,0.002,0.709,0.708,8.393e-7,941.914,0.001,337.972,0.303,6.4,32.17
30.268,0.398,2643.096,456.9,0.262,0.003,62.387,43.167,0,0.565,0.391,0.042,0.132,0.565,0.1,0.3,-4.681e-4,0,0.002,0.709,0.708,4.145e-5,942.402,0.001,337.989,0.303,6.4,32.17
30.311,0.297,2643.096,456.9,0.262,0.003,62.433,43.167,0,0.565,0.391,0.042,0.132,0.565,0.075,0.224,-3.069e-5,0,0.002,0.709,0.708,4.189e-6,942.894,0.001,338.006,0.304,6.4,32.17
30.354,0.382,2643.096,456.9,0.262,0.003,62.405,43.167,0,0.565,0.391,0.042,0.132,0.566,0.096,0.288,4.771e-5,0,0.002,0.709,0.708,-8.123e-5,943.385,0.001,338.024,0.305,6.4,32.17
30.396,0.446,2643.096,456.9,0.262,0.003,62.38,43.167,0,0.566,0.391,0.042,0.132,0.566,0.112,0.337,-2.467e-4,0,0.002,0.709,0.708,-1.928e-5,943.873,0.001,338.041,0.305,6.4,32.17
30.439,0.428,2643.096,456.9,0.262,0.003,62.387,43.167,0,0.566,0.391,0.042,0.132,0.566,0.108,0.324,1.892e-4,0,0.002,0.709,0.708,4.394e-5,944.369,0.001,338.058,0.306,6.4,32.17
30.482,0.336,2643.096,456.9,0.262,0.003,62.42,43.167,0,0.566,0.391,0.043,0.132,0.566,0.084,0.254,4.95e-4,0,0.002,0.709,0.708,3.687e-5,944.863,0.001,338.076,0.307,6.4,32.17
30.525,0.311,2643.096,456.9,0.262,0.003,62.423,43.167,0,0.566,0.391,0.043,0.132,0.566,0.078,0.235,-3.519e-4,0,0.002,0.71,0.708,-3.765e-6,945.368,0.001,338.094,0.307,6.4,32.17
30.569,0.369,2643.096,456.9,0.262,0.003,62.4,43.167,0,0.566,0.391,0.043,0.132,0.567,0.093,0.278,-2.176e-5,0,0.002,0.71,0.708,-4.587e-5,945.875,0.001,338.112,0.308,6.4,32.17
30.613,0.43,2643.096,456.9,0.262,0.003,62.378,43.167,0,0.566,0.391,0.043,0.132,0.567,0.108,0.325,4.781e-4,0,0.002,0.71,0.708,-5.713e-6,946.385,0.001,338.129,0.309,6.4,32.17
30.657,0.429,2643.096,456.9,0.262,0.003,62.38,43.167,0,0.567,0.391,0.043,0.132,0.567,0.108,0.324,2.418e-4,0,0.002,0.71,0.708,4.851e-5,946.895,0.001,338.147,0.31,6.4,32.17
30.7,0.305,2643.096,456.9,0.262,0.003,62.435,43.167,0,0.567,0.391,0.043,0.133,0.567,0.077,0.231,-3.87e-4,0,0.002,0.71,0.708,1.037e-5,947.404,0.001,338.165,0.31,6.4,32.17
30.745,0.286,2643.096,456.9,0.262,0.003,62.448,43.167,0,0.567,0.391,0.043,0.133,0.567,0.072,0.216,-1.258e-4,0,0.002,0.71,0.708,-4.974e-5,947.925,0.001,338.184,0.311,6.4,32.17
30.789,0.423,2643.096,456.9,0.262,0.003,62.394,43.167,0,0.567,0.391,0.044,0.133,0.567,0.106,0.319,-4.385e-4,0,0.001,0.71,0.708,-6.845e-6,948.442,0.001,338.202,0.312,6.4,32.17
30.833,0.356,2643.096,456.9,0.262,0.003,62.421,43.167,0,0.567,0.391,0.044,0.133,0.568,0.09,0.269,-2.669e-4,0,0.001,0.71,0.708,8.18e-5,948.965,0.001,338.22,0.312,6.4,32.17
30.879,0.202,2643.096,456.9,0.262,0.003,62.473,43.167,0,0.568,0.391,0.044,0.133,0.568,0.05,0.153,-2.225e-4,0,0.001,0.71,0.708,-2.865e-5,949.507,0.001,338.24,0.313,6.4,32.17
30.925,0.396,2643.096,456.9,0.262,0.003,62.395,43.167,0,0.568,0.391,0.044,0.133,0.568,0.099,0.299,-4.09e-4,0,0.001,0.71,0.708,-2.07e-4,950.052,0.001,338.259,0.314,6.4,32.17
30.971,0.511,2643.096,456.9,0.262,0.003,62.35,43.167,0,0.568,0.391,0.044,0.133,0.568,0.129,0.386,2.063e-4,0,0.001,0.71,0.709,5.696e-7,950.595,0.001,338.278,0.314,6.4,32.17
31.006,0.407,2643.096,456.9,0.262,0.003,62.391,43.167,0,0.568,0.391,0.044,0.133,0.568,0.102,0.307,2.07e-4,0,0.001,0.71,0.709,1.74e-4,951.011,0.001,338.293,0.315,6.4,32.17
31.05,0.151,2643.096,456.9,0.262,0.003,62.493,43.167,0,0.568,0.391,0.044,0.133,0.568,0.038,0.115,-4.94e-4,0,0.001,0.71,0.709,1.49e-4,951.535,0.001,338.311,0.315,6.4,32.17
31.097,0.304,2643.096,456.9,0.262,0.003,62.445,43.167,0,0.568,0.391,0.044,0.133,0.569,0.076,0.23,3.237e-4,0,0.001,0.71,0.709,-3.231e-4,952.086,0.001,338.33,0.316,6.4,32.17
31.143,0.457,2643.096,456.9,0.262,0.003,62.386,43.167,0,0.569,0.391,0.045,0.133,0.569,0.115,0.346,4.453e-4,0,0.001,0.71,0.709,-3.1e-5,952.638,0.001,338.35,0.317,6.4,32.17
31.181,0.443,2643.096,456.9,0.262,0.003,62.392,43.167,0,0.569,0.391,0.045,0.133,0.569,0.112,0.335,9.039e-5,0,0.001,0.71,0.709,7.775e-5,953.1,0.001,338.366,0.317,6.4,32.17
31.221,0.237,2643.096,456.9,0.262,0.003,62.472,43.167,0,0.569,0.391,0.045,0.133,0.569,0.059,0.179,-2.292e-5,0,0.001,0.71,0.709,3.995e-4,953.574,0.001,338.383,0.318,6.4,32.17
31.267,0.165,2643.096,456.9,0.262,0.003,62.49,43.167,0,0.569,0.391,0.045,0.133,0.569,0.041,0.125,4.118e-4,0,0.001,0.71,0.709,-5.057e-4,954.132,0.001,338.403,0.319,6.4,32.17
31.314,0.443,2643.096,456.9,0.262,0.003,62.381,43.167,0,0.569,0.391,0.045,0.133,0.57,0.112,0.335,4.875e-4,0,0.001,0.71,0.709,-1.292e-4,954.698,0.001,338.422,0.319,6.4,32.17
31.353,0.458,2643.096,456.9,0.262,0.003,62.376,43.167,0,0.569,0.391,0.045,0.133,0.57,0.115,0.346,-2.775e-4,0,0.001,0.71,0.709,1.734e-5,955.197,0.001,338.439,0.32,6.4,32.17
31.391,0.336,2643.096,456.9,0.262,0.003,62.425,43.167,0,0.569,0.391,0.045,0.133,0.57,0.084,0.253,-2.793e-4,0,0.001,0.71,0.709,2.332e-4,955.677,0.001,338.455,0.32,6.4,32.17
31.439,0.092,2643.096,456.9,0.262,0.003,62.529,43.167,0,0.57,0.391,0.045,0.133,0.57,0.023,0.07,-3.126e-4,0,0.001,0.71,0.709,-2.589e-5,956.28,0.001,338.476,0.321,6.4,32.17
31.487,0.4,2643.096,456.9,0.262,0.003,62.413,43.167,0,0.57,0.391,0.046,0.133,0.57,0.101,0.303,-1.2e-4,0,0.001,0.71,0.709,-1.567e-4,956.891,0.001,338.496,0.322,6.4,32.17
31.529,0.485,2643.096,456.9,0.262,0.003,62.38,43.167,0,0.57,0.391,0.046,0.134,0.57,0.122,0.368,3.281e-4,0,0.001,0.711,0.709,1.89e-5,957.435,0.001,338.514,0.322,6.4,32.17
31.564,0.349,2643.096,456.9,0.262,0.003,62.432,43.167,0,0.57,0.391,0.046,0.134,0.57,0.088,0.263,4.038e-4,0,0.001,0.711,0.709,3.07e-4,957.884,0.001,338.529,0.323,6.4,32.17
31.614,0.069,2643.096,456.9,0.262,0.003,62.532,43.167,0,0.57,0.391,0.046,0.134,0.57,0.017,0.052,7.422e-5,0,0.001,0.711,0.709,-5.348e-4,958.52,0.001,338.551,0.324,6.4,32.17
31.664,0.434,2643.096,456.9,0.262,0.003,62.389,43.167,0,0.57,0.391,0.046,0.134,0.571,0.109,0.328,-8.146e-5,0,0.001,0.711,0.709,-1.949e-4,959.158,0.001,338.572,0.324,6.4,32.17
31.702,0.525,2643.096,456.9,0.262,0.003,62.354,43.167,0,0.571,0.391,0.046,0.134,0.571,0.133,0.398,2.417e-4,0,0.001,0.711,0.709,8.165e-7,959.655,0.001,338.589,0.325,6.4,32.17
31.734,0.464,2643.096,456.9,0.262,0.003,62.379,43.167,0,0.571,0.391,0.046,0.134,0.571,0.117,0.35,-1.336e-4,0,0.001,0.711,0.71,1.771e-4,960.063,0.001,338.603,0.325,6.4,32.17
31.771,0.199,2643.096,456.9,0.262,0.003,62.485,43.167,0,0.571,0.391,0.046,0.134,0.571,0.05,0.15,4.358e-4,0,0.001,0.711,0.71,5.89e-4,960.539,0.001,338.619,0.326,6.4,32.17
31.821,0.272,2643.096,456.9,0.262,0.003,62.464,43.167,0,0.571,0.391,0.047,0.134,0.571,0.068,0.206,3.091e-4,0,0.001,0.711,0.71,-5.054e-4,961.185,0.001,338.64,0.326,6.4,32.17
31.871,0.524,2643.096,456.9,0.262,0.003,62.37,43.167,0,0.571,0.391,0.047,0.134,0.572,0.132,0.397,3.808e-4,0,0.001,0.711,0.71,-2.471e-5,961.834,0.001,338.662,0.327,6.4,32.17
31.902,0.512,2643.096,456.9,0.262,0.003,62.374,43.167,0,0.571,0.391,0.047,0.134,0.572,0.129,0.387,4.079e-4,0,0.001,0.711,0.71,9.255e-5,962.238,0.001,338.676,0.328,6.4,32.17
31.934,0.31,2643.096,456.9,0.262,0.003,62.451,43.167,0,0.571,0.391,0.047,0.134,0.572,0.078,0.234,-3.254e-4,0,0.001,0.711,0.71,4.563e-4,962.661,0.001,338.69,0.328,6.4,32.17
31.983,0.132,2643.096,456.9,0.262,0.003,62.515,43.167,0,0.572,0.391,0.047,0.134,0.572,0.033,0.1,7.863e-5,0,0.001,0.711,0.71,-6.227e-4,963.297,0.001,338.711,0.329,6.4,32.17
32.033,0.459,2643.096,456.9,0.262,0.003,62.384,43.167,0,0.572,0.391,0.047,0.134,0.572,0.116,0.348,-3.024e-5,0,0.001,0.711,0.71,-1.134e-4,963.949,0.001,338.733,0.329,6.4,32.17
32.068,0.48,2643.096,456.9,0.262,0.003,62.377,43.167,0,0.572,0.391,0.047,0.134,0.572,0.121,0.363,3.232e-4,0,0.001,0.711,0.71,1.506e-5,964.409,0.001,338.749,0.33,6.4,32.17
32.102,0.348,2643.096,456.9,0.262,0.003,62.429,43.167,0,0.572,0.391,0.047,0.134,0.572,0.088,0.263,8.014e-5,0,0.001,0.711,0.71,2.346e-4,964.849,0.001,338.763,0.33,6.4,32.17
32.15,0.095,2643.096,456.9,0.262,0.003,62.54,43.167,0,0.572,0.391,0.047,0.134,0.572,0.024,0.072,-2.635e-4,0,0.001,0.711,0.71,-4.284e-4,965.474,0.001,338.784,0.331,6.4,32.17
32.2,0.401,2643.096,456.9,0.262,0.003,62.421,43.167,0,0.572,0.391,0.048,0.134,0.573,0.101,0.304,-4.868e-4,0,0.001,0.711,0.71,-1.104e-4,966.131,0.001,338.806,0.332,6.4,32.17
32.239,0.415,2643.096,456.9,0.262,0.003,62.416,43.167,0,0.573,0.39,0.048,0.134,0.573,0.105,0.315,-3.111e-4,0,0.001,0.711,0.71,1.727e-5,966.652,0.001,338.824,0.332,6.4,32.17
32.277,0.245,2643.096,456.9,0.262,0.003,62.482,43.167,0,0.573,0.39,0.048,0.134,0.573,0.061,0.185,-7.19e-5,0,0.001,0.711,0.71,2.212e-4,967.157,0.001,338.841,0.333,6.4,32.17
32.327,0.162,2643.096,456.9,0.262,0.003,62.504,43.167,0,0.573,0.39,0.048,0.134,0.573,0.041,0.122,-3.146e-4,0,0.001,0.711,0.71,-2.175e-4,967.818,0.001,338.863,0.333,6.4,32.17
32.377,0.372,2643.096,456.9,0.262,0.003,62.422,43.167,0,0.573,0.39,0.048,0.134,0.573,0.094,0.281,1.98e-5,0,0.001,0.711,0.71,-2.398e-5,968.48,0.001,338.885,0.334,6.4,32.17
32.419,0.343,2643.096,456.9,0.262,0.003,62.434,43.167,0,0.573,0.39,0.048,0.135,0.573,0.086,0.26,3.993e-4,0,0.001,0.711,0.71,4.541e-5,969.036,0.001,338.904,0.334,6.4,32.17
32.465,0.163,2643.096,456.9,0.262,0.003,62.505,43.167,0,0.573,0.39,0.048,0.135,0.573,0.041,0.123,3.287e-4,0,0.001,0.711,0.71,1.46e-4,969.644,0.001,338.924,0.335,6.4,32.17
32.515,0.21,2643.096,456.9,0.262,0.003,62.5,43.167,0,0.573,0.39,0.048,0.135,0.574,0.053,0.159,-1.173e-4,0,0.001,0.711,0.71,-1.802e-4,970.309,0.001,338.947,0.336,6.4,32.17
32.565,0.353,2643.096,456.9,0.262,0.003,62.445,43.167,0,0.574,0.39,0.049,0.135,0.574,0.089,0.267,4.759e-4,0,0.001,0.712,0.71,-8.488e-6,970.976,0.001,338.969,0.336,6.4,32.17
32.608,0.319,2643.096,456.9,0.262,0.003,62.458,43.167,0,0.574,0.39,0.049,0.135,0.574,0.08,0.241,4.523e-4,0,0.001,0.712,0.711,9.63e-5,971.556,0.001,338.989,0.337,6.4,32.17
32.657,0.104,2643.096,456.9,0.262,0.003,62.538,43.167,0,0.574,0.39,0.049,0.135,0.574,0.026,0.079,3.252e-4,0,9.941e-4,0.712,0.711,3.525e-7,972.21,0.001,339.011,0.337,6.4,32.17
32.707,0.287,2643.096,456.9,0.262,0.003,62.459,43.167,0,0.574,0.39,0.049,0.135,0.574,0.072,0.217,-2.488e-4,0,9.82e-4,0.712,0.711,-6.976e-5,972.88,0.001,339.033,0.338,6.4,32.17
32.757,0.311,2643.096,456.9,0.262,0.003,62.451,43.167,0,0.574,0.39,0.049,0.135,0.574,0.078,0.235,-4.308e-4,0,9.762e-4,0.712,0.711,1.051e-5,973.552,0.001,339.056,0.339,6.4,32.17
32.806,0.165,2643.096,456.9,0.262,0.003,62.508,43.167,0,0.574,0.39,0.049,0.135,0.574,0.041,0.125,4.862e-4,0,9.676e-4,0.712,0.711,5.049e-5,974.208,0.001,339.078,0.339,6.4,32.17
32.856,0.197,2643.096,456.9,0.262,0.003,62.507,43.167,0,0.575,0.39,0.049,0.135,0.575,0.049,0.15,2.43e-4,0,9.641e-4,0.712,0.711,-3.722e-5,974.883,0.001,339.1,0.34,6.4,32.17
32.906,0.307,2643.096,456.9,0.262,0.003,62.466,43.167,0,0.575,0.39,0.049,0.135,0.575,0.077,0.233,3.41e-4,0,9.414e-4,0.712,0.711,-2.257e-6,975.559,0.001,339.123,0.34,6.4,32.17
32.955,0.229,2643.096,456.9,0.262,0.003,62.497,43.167,0,0.575,0.39,0.05,0.135,0.575,0.057,0.173,-3.378e-4,0,9.343e-4,0.712,0.711,5.862e-5,976.216,0.001,339.145,0.341,6.4,32.17
33.005,0.141,2643.096,456.9,0.262,0.003,62.524,43.167,0,0.575,0.39,0.05,0.135,0.575,0.035,0.107,-4.348e-4,0,9.276e-4,0.712,0.711,-3.374e-5,976.894,0.001,339.168,0.342,6.4,32.17
33.055,0.216,2643.096,456.9,0.262,0.003,62.491,43.167,0,0.575,0.39,0.05,0.135,0.575,0.054,0.163,2.878e-4,0,8.967e-4,0.712,0.711,-9.016e-5,977.574,0.001,339.191,0.342,6.4,32.17
33.105,0.298,2643.096,456.9,0.262,0.003,62.459,43.167,0,0.575,0.39,0.05,0.135,0.576,0.075,0.226,-2.605e-4,0,8.938e-4,0.712,0.711,5.7e-9,978.254,0.001,339.214,0.343,6.4,32.17
33.153,0.146,2643.096,456.9,0.262,0.003,62.522,43.167,0,0.576,0.39,0.05,0.135,0.576,0.037,0.11,1.595e-5,0,9.056e-4,0.712,0.711,1.409e-4,978.921,0.001,339.236,0.343,6.4,32.17
33.203,0.103,2643.096,456.9,0.262,0.003,62.55,43.167,0,0.576,0.39,0.05,0.135,0.576,0.026,0.079,2.158e-4,0,8.808e-4,0.712,0.711,-7.947e-5,979.604,0.001,339.259,0.344,6.4,32.17
33.253,0.284,2643.096,456.9,0.262,0.003,62.48,43.167,0,0.576,0.39,0.05,0.135,0.576,0.071,0.215,3.944e-4,0,8.859e-4,0.712,0.711,-2.229e-5,980.288,0.001,339.282,0.345,6.4,32.17
33.303,0.236,2643.096,456.9,0.262,0.003,62.498,43.167,0,0.576,0.39,0.05,0.135,0.576,0.059,0.178,-2.662e-4,0,8.708e-4,0.712,0.711,5.171e-5,980.973,0.001,339.305,0.345,6.4,32.17
33.353,0.07,2643.096,456.9,0.262,0.003,62.559,43.167,0,0.576,0.39,0.051,0.136,0.576,0.017,0.053,2.637e-4,0,8.571e-4,0.712,0.711,-4.434e-7,981.66,0.001,339.328,0.346,6.4,32.17
33.403,0.208,2643.096,456.9,0.262,0.003,62.498,43.167,0,0.576,0.39,0.051,0.136,0.576,0.052,0.157,-2.87e-4,0,8.501e-4,0.712,0.711,-4.458e-5,982.348,0.001,339.351,0.346,6.4,32.17
33.453,0.236,2643.096,456.9,0.262,0.003,62.491,43.167,0,0.576,0.39,0.051,0.136,0.577,0.059,0.179,3.254e-4,0,8.205e-4,0.712,0.711,5.5e-5,983.037,0.001,339.374,0.347,6.4,32.17
33.503,0.052,2643.096,456.9,0.262,0.003,62.563,43.167,0,0.577,0.39,0.051,0.136,0.577,0.013,0.039,-2.791e-4,0,8.267e-4,0.712,0.712,-3.685e-6,983.727,0.001,339.397,0.347,6.4,32.17
33.553,0.23,2643.096,456.9,0.262,0.003,62.503,43.167,0,0.577,0.39,0.051,0.136,0.577,0.058,0.174,1.347e-4,0,8.269e-4,0.712,0.712,-4.632e-5,984.418,0.001,339.421,0.348,6.4,32.17
33.603,0.242,2643.096,456.9,0.262,0.003,62.496,43.167,0,0.577,0.39,0.051,0.136,0.577,0.061,0.183,-3.838e-4,0,8.185e-4,0.712,0.712,1.96e-5,985.11,0.001,339.444,0.348,6.4,32.17
33.653,0.098,2643.096,456.9,0.262,0.003,62.555,43.167,0,0.577,0.39,0.051,0.136,0.577,0.024,0.074,1.985e-5,0,8.044e-4,0.712,0.712,7.895e-5,985.804,0.001,339.467,0.349,6.4,32.17
33.703,0.144,2643.096,456.9,0.262,0.003,62.528,43.167,0,0.577,0.39,0.051,0.136,0.577,0.036,0.109,-1.309e-4,0,7.94e-4,0.713,0.712,-9.255e-5,986.499,0.001,339.49,0.35,6.4,32.17
33.753,0.233,2643.096,456.9,0.262,0.003,62.494,43.167,0,0.577,0.39,0.051,0.136,0.577,0.058,0.177,4.272e-4,0,7.843e-4,0.713,0.712,-6.673e-6,987.194,0.001,339.514,0.35,6.4,32.17
33.803,0.193,2643.096,456.9,0.262,0.003,62.515,43.167,0,0.578,0.39,0.052,0.136,0.578,0.048,0.146,-4.444e-4,0,7.906e-4,0.713,0.712,7.888e-5,987.891,0.001,339.537,0.351,6.4,32.17
33.853,0.057,2643.096,456.9,0.262,0.003,62.571,43.167,0,0.578,0.39,0.052,0.136,0.578,0.014,0.043,1.917e-4,0,7.764e-4,0.713,0.712,-7.705e-5,988.589,0.001,339.561,0.351,6.4,32.17
33.903,0.218,2643.096,456.9,0.262,0.003,62.509,43.167,0,0.578,0.39,0.052,0.136,0.578,0.055,0.166,-4.706e-4,0,7.626e-4,0.713,0.712,-2.523e-5,989.289,0.001,339.584,0.352,6.4,32.17
33.953,0.201,2643.096,456.9,0.262,0.003,62.514,43.167,0,0.578,0.39,0.052,0.136,0.578,0.05,0.153,2.331e-4,0,7.566e-4,0.713,0.712,1.889e-5,989.989,0.001,339.608,0.352,6.4,32.17
34.003,0.099,2643.096,456.9,0.262,0.003,62.559,43.167,0,0.578,0.39,0.052,0.136,0.578,0.025,0.075,2.681e-4,0,7.56e-4,0.713,0.712,3.141e-5,990.69,0.001,339.631,0.353,6.4,32.17
34.053,0.2,2643.096,456.9,0.262,0.003,62.511,43.167,0,0.578,0.39,0.052,0.136,0.578,0.05,0.152,1.786e-4,0,7.341e-4,0.713,0.712,-3.763e-5,991.393,0.001,339.655,0.353,6.4,32.17
34.103,0.233,2643.096,456.9,0.262,0.003,62.502,43.167,0,0.578,0.39,0.052,0.136,0.579,0.058,0.176,-1.038e-4,0,7.275e-4,0.713,0.712,1.867e-5,992.096,0.001,339.678,0.354,6.4,32.17
34.153,0.073,2643.096,456.9,0.262,0.003,62.56,43.167,0,0.579,0.39,0.052,0.136,0.579,0.018,0.055,4.105e-4,0,7.284e-4,0.713,0.712,1.492e-5,992.801,0.001,339.702,0.354,6.4,32.17
34.203,0.2,2643.096,456.9,0.262,0.003,62.517,43.167,0,0.579,0.39,0.053,0.136,0.579,0.05,0.152,-1.165e-4,0,7.276e-4,0.713,0.712,-2.63e-5,993.507,0.001,339.726,0.355,6.4,32.17
34.253,0.21,2643.096,456.9,0.262,0.003,62.51,43.167,0,0.579,0.39,0.053,0.136,0.579,0.053,0.159,4.036e-5,0,7.232e-4,0.713,0.712,3.434e-5,994.213,0.001,339.75,0.355,6.4,32.17
34.303,0.106,2643.096,456.9,0.262,0.003,62.56,43.167,0,0.579,0.39,0.053,0.136,0.579,0.027,0.08,-8.115e-5,0,6.994e-4,0.713,0.712,4.261e-6,994.921,0.001,339.773,0.356,6.4,32.17
34.353,0.177,2643.096,456.9,0.262,0.003,62.527,43.167,0,0.579,0.39,0.053,0.137,0.579,0.044,0.134,3.082e-4,0,6.992e-4,0.713,0.712,-4.147e-5,995.63,0.001,339.797,0.356,6.4,32.17
34.403,0.229,2643.096,456.9,0.262,0.003,62.508,43.167,0,0.579,0.39,0.053,0.137,0.579,0.057,0.174,4.607e-4,0,6.926e-4,0.713,0.712,2.29e-6,996.34,0.001,339.821,0.357,6.4,32.17
34.453,0.088,2643.096,456.9,0.262,0.003,62.557,43.167,0,0.58,0.39,0.053,0.137,0.58,0.022,0.066,-9.206e-5,0,6.691e-4,0.713,0.712,-5.697e-7,997.051,0.001,339.845,0.357,6.4,32.17
34.503,0.177,2643.096,456.9,0.262,0.003,62.525,43.167,0,0.58,0.39,0.053,0.137,0.58,0.044,0.134,4.625e-4,0,6.681e-4,0.713,0.712,-9.483e-6,997.763,0.001,339.869,0.358,6.4,32.17
34.553,0.14,2643.096,456.9,0.262,0.003,62.54,43.167,0,0.58,0.39,0.053,0.137,0.58,0.035,0.106,-2.613e-4,0,6.711e-4,0.713,0.713,5.562e-6,998.476,0.001,339.893,0.358,6.4,32.17
34.603,0.147,2643.096,456.9,0.262,0.003,62.548,43.167,0,0.58,0.39,0.053,0.137,0.58,0.037,0.111,-2.26e-4,0,6.75e-4,0.713,0.713,-4.824e-6,999.19,0.001,339.917,0.359,6.4,32.17
34.653,0.129,2643.096,456.9,0.262,0.003,62.555,43.167,0,0.58,0.39,0.054,0.137,0.58,0.032,0.098,-4.183e-4,0,6.538e-4,0.713,0.713,2.762e-7,999.905,0.001,339.941,0.359,6.4,32.17
34.703,0.107,2643.096,456.9,0.262,0.003,62.56,43.167,0,0.58,0.39,0.054,0.137,0.58,0.027,0.081,-2.808e-4,0,6.48e-4,0.713,0.713,1.089e-6,1000.621,0.001,339.965,0.36,6.4,32.17
34.753,0.078,2643.096,456.9,0.262,0.003,62.564,43.167,0,0.58,0.39,0.054,0.137,0.58,0.019,0.058,2.025e-4,0,6.503e-4,0.713,0.713,-2.51e-5,1001.338,0.001,339.989,0.36,6.4,32.17
34.803,0.147,2643.096,456.9,0.262,0.003,62.538,43.167,0,0.581,0.39,0.054,0.137,0.581,0.037,0.111,3.487e-4,0,6.374e-4,0.713,0.713,-3.049e-6,1002.056,0.001,340.013,0.361,6.4,32.17
34.853,0.048,2643.096,456.9,0.262,0.003,62.576,43.167,0,0.581,0.39,0.054,0.137,0.581,0.012,0.036,3.801e-4,0,6.15e-4,0.713,0.713,9.891e-6,1002.775,0.001,340.037,0.361,6.4,32.17
34.903,0.078,2643.096,456.9,0.262,0.003,62.572,43.167,0,0.581,0.39,0.054,0.137,0.581,0.02,0.06,-1.307e-4,0,6.287e-4,0.713,0.713,7.135e-8,1003.495,0.001,340.061,0.362,6.4,32.17
34.953,0.063,2643.096,456.9,0.262,0.003,62.584,43.167,0,0.581,0.39,0.054,0.137,0.581,0.016,0.048,3.608e-4,0,6.221e-4,0.713,0.713,-1.885e-6,1004.216,0.001,340.085,0.362,6.4,32.17
35.003,0.131,2643.096,456.9,0.262,0.003,62.557,43.167,0,0.581,0.39,0.054,0.137,0.581,0.033,0.099,-2.521e-4,0,5.949e-4,0.714,0.713,7.361e-6,1004.938,0.001,340.11,0.363,6.4,32.17
35.053,0.031,2643.096,456.9,0.262,0.003,62.593,43.167,0,0.581,0.39,0.054,0.137,0.581,0.008,0.023,2.385e-4,0,5.864e-4,0.714,0.713,7.174e-5,1005.661,0.001,340.134,0.363,6.4,32.17
35.103,0.137,2643.096,456.9,0.262,0.003,62.545,43.167,0,0.581,0.39,0.055,0.137,0.581,0.034,0.104,-7.622e-6,0,5.838e-4,0.714,0.713,-4.784e-5,1006.384,0.001,340.158,0.363,6.4,32.17
35.153,0.191,2643.096,456.9,0.262,0.003,62.524,43.167,0,0.582,0.39,0.055,0.137,0.582,0.048,0.144,-2.398e-4,0,5.865e-4,0.714,0.713,2.514e-6,1007.109,0.001,340.183,0.364,6.4,32.17
35.203,0.068,2643.096,456.9,0.262,0.003,62.584,43.167,0,0.582,0.39,0.055,0.137,0.582,0.017,0.052,1.079e-4,0,5.885e-4,0.714,0.713,4.704e-5,1007.835,0.001,340.207,0.364,6.4,32.17
35.253,0.201,2643.096,456.9,0.262,0.003,62.531,43.167,0,0.582,0.39,0.055,0.137,0.582,0.05,0.153,5.778e-5,0,5.943e-4,0.714,0.713,-2.668e-5,1008.561,0.001,340.231,0.365,6.4,32.17
35.303,0.154,2643.096,456.9,0.262,0.003,62.547,43.167,0,0.582,0.39,0.055,0.137,0.582,0.039,0.117,2.285e-4,0,5.629e-4,0.714,0.713,3.658e-6,1009.289,0.001,340.256,0.365,6.4,32.17
35.353,0.044,2643.096,456.9,0.262,0.003,62.588,43.167,0,0.582,0.39,0.055,0.137,0.582,0.011,0.033,-1.945e-4,0,5.56e-4,0.714,0.713,1.856e-6,1010.017,0.001,340.28,0.366,6.4,32.17
35.403,0.095,2643.096,456.9,0.262,0.003,62.564,43.167,0,0.582,0.39,0.055,0.137,0.582,0.024,0.072,-7.495e-5,0,5.572e-4,0.714,0.713,-1.198e-5,1010.747,0.001,340.305,0.366,6.4,32.17
35.453,0.107,2643.096,456.9,0.262,0.003,62.562,43.167,0,0.582,0.39,0.055,0.137,0.582,0.027,0.081,3.028e-4,0,5.524e-4,0.714,0.713,1.681e-6,1011.477,0.001,340.329,0.366,6.4,32.17
35.503,0.034,2643.096,456.9,0.262,0.003,62.6,43.167,0,0.582,0.39,0.055,0.137,0.582,0.009,0.026,1.89e-4,0,5.47e-4,0.714,0.713,1.019e-5,1012.208,0.001,340.354,0.367,6.4,32.17
35.553,0.114,2643.096,456.9,0.262,0.003,62.566,43.167,0,0.583,0.39,0.056,0.138,0.583,0.028,0.087,-1.634e-5,0,5.317e-4,0.714,0.713,-6.14e-6,1012.94,0.001,340.378,0.367,6.4,32.17
35.603,0.133,2643.096,456.9,0.262,0.003,62.559,43.167,0,0.583,0.39,0.056,0.138,0.583,0.033,0.101,9.149e-5,0,5.275e-4,0.714,0.713,2.74e-6,1013.25,0.001,340.389,0.368,6.4,32.17
