# Time (s),Angle of attack (°),Mass (g),Motor mass (g),Longitudinal moment of inertia (kg·m²),Rotational moment of inertia (kg·m²),CP location (cm),CG location (cm),Thrust (N),Drag coefficient (​),Friction drag coefficient (​),Pressure drag coefficient (​),Base drag coefficient (​),Axial drag coefficient (​),Normal force coefficient (​),Pitch moment coefficient (​),Yaw moment coefficient (​),Side force coefficient (​),Roll moment coefficient (​),Roll forcing coefficient (​),Roll damping coefficient (​),Pitch damping coefficient (​),Air pressure (mbar),Air density (g/cm³),Speed of sound (m/s),Mach number (​),Reference length (cm),Reference area (cm²)
0,90,2993.289,807,0.302,0.003,NaN,47.266,0,0.705,0.568,0.017,0.12,0,NaN,NaN,NaN,NaN,NaN,NaN,NaN,NaN,1013.25,0.001,340.389,0.007,6.4,32.17
0.01,89.371,2992.54,806.251,0.302,0.003,NaN,47.258,64.111,0.705,0.568,0.017,0.12,2.332e-6,NaN,NaN,NaN,NaN,NaN,NaN,NaN,NaN,1013.25,0.001,340.389,0.007,6.4,32.17
0.02,83.856,2991.791,805.502,0.302,0.003,NaN,47.25,128.222,0.705,0.568,0.017,0.12,0.002,NaN,NaN,NaN,NaN,NaN,NaN,NaN,NaN,1013.25,0.001,340.389,0.007,6.4,32.17
0.03,73.394,2991.041,804.753,0.302,0.003,NaN,47.243,192.334,0.7,0.564,0.017,0.12,0.036,NaN,NaN,NaN,NaN,NaN,NaN,NaN,NaN,1013.249,0.001,340.389,0.007,6.4,32.17
0.042,56.869,2990.143,803.854,0.301,0.003,NaN,47.233,269.267,0.683,0.546,0.017,0.12,0.219,NaN,NaN,NaN,NaN,NaN,NaN,NaN,NaN,1013.248,0.001,340.389,0.008,6.4,32.17
0.045,52.778,2989.742,803.454,0.301,0.003,NaN,47.229,326.466,0.677,0.54,0.017,0.12,0.288,NaN,NaN,NaN,NaN,NaN,NaN,NaN,NaN,1013.247,0.001,340.389,0.008,6.4,32.17
0.048,47.389,2989.161,802.872,0.301,0.003,NaN,47.223,311.56,0.667,0.53,0.017,0.12,0.388,NaN,NaN,NaN,NaN,NaN,NaN,NaN,NaN,1013.247,0.001,340.389,0.009,6.4,32.17
0.054,41.165,2988.288,802,0.301,0.003,NaN,47.214,289.2,0.653,0.516,0.017,0.12,0.507,NaN,NaN,NaN,NaN,NaN,NaN,NaN,NaN,1013.245,0.001,340.389,0.01,6.4,32.17
0.062,34.712,2986.98,800.691,0.301,0.003,NaN,47.201,255.66,0.636,0.499,0.017,0.12,0.62,NaN,NaN,NaN,NaN,NaN,NaN,NaN,NaN,1013.242,0.001,340.389,0.012,6.4,32.17
0.07,30.755,2985.787,799.499,0.301,0.003,NaN,47.188,225.102,0.624,0.487,0.017,0.12,0.678,NaN,NaN,NaN,NaN,NaN,NaN,NaN,NaN,1013.239,0.001,340.389,0.013,6.4,32.17
0.08,27.052,2984.598,798.31,0.301,0.003,NaN,47.176,214.247,0.611,0.474,0.017,0.12,0.719,NaN,NaN,NaN,NaN,NaN,NaN,NaN,NaN,1013.234,0.001,340.388,0.015,6.4,32.17
0.091,24.01,2983.29,797.002,0.301,0.003,NaN,47.162,202.307,0.599,0.462,0.017,0.12,0.741,NaN,NaN,NaN,NaN,NaN,NaN,NaN,NaN,1013.228,0.001,340.388,0.017,6.4,32.17
0.101,21.78,2982.076,795.788,0.301,0.003,NaN,47.15,208.8,0.59,0.453,0.017,0.12,0.749,NaN,NaN,NaN,NaN,NaN,NaN,NaN,NaN,1013.221,0.001,340.388,0.018,6.4,32.17
0.111,19.768,2980.862,794.573,0.301,0.003,NaN,47.137,215.294,0.581,0.444,0.017,0.12,0.749,NaN,NaN,NaN,NaN,NaN,NaN,NaN,NaN,1013.214,0.001,340.388,0.02,6.4,32.17
0.121,18.018,2979.648,793.359,0.3,0.003,NaN,47.124,221.787,0.573,0.436,0.017,0.12,0.744,NaN,NaN,NaN,NaN,NaN,NaN,NaN,NaN,1013.206,0.001,340.387,0.022,6.4,32.17
0.131,16.488,2978.434,792.145,0.3,0.003,NaN,47.112,228.281,0.566,0.429,0.017,0.12,0.735,NaN,NaN,NaN,NaN,NaN,NaN,NaN,NaN,1013.198,0.001,340.387,0.023,6.4,32.17
0.14,15.27,2977.341,791.053,0.3,0.003,NaN,47.1,234.125,0.559,0.422,0.017,0.12,0.722,NaN,NaN,NaN,NaN,NaN,NaN,NaN,NaN,1013.189,0.001,340.387,0.025,6.4,32.17
0.15,14.079,2976.007,789.718,0.3,0.003,NaN,47.086,235.963,0.553,0.415,0.017,0.12,0.705,NaN,NaN,NaN,NaN,NaN,NaN,NaN,NaN,1013.179,0.001,340.387,0.027,6.4,32.17
0.16,13.101,2974.673,788.384,0.3,0.003,NaN,47.072,237.801,0.546,0.409,0.017,0.12,0.688,NaN,NaN,NaN,NaN,NaN,NaN,NaN,NaN,1013.169,0.001,340.386,0.029,6.4,32.17
0.17,12.241,2973.338,787.049,0.3,0.003,NaN,47.058,239.64,0.541,0.404,0.017,0.12,0.672,NaN,NaN,NaN,NaN,NaN,NaN,NaN,NaN,1013.157,0.001,340.386,0.031,6.4,32.17
0.18,11.503,2972.048,785.759,0.3,0.003,NaN,47.045,241.417,0.536,0.399,0.017,0.12,0.657,NaN,NaN,NaN,NaN,NaN,NaN,NaN,NaN,1013.145,0.001,340.385,0.033,6.4,32.17
0.189,10.882,2970.838,784.549,0.3,0.003,59.079,47.032,243.084,0.532,0.395,0.017,0.12,0.645,3.377,6.357,2.185e-4,0,1.75,1.75,0,0,1013.133,0.001,340.385,0.035,6.4,32.17
0.192,10.686,2970.439,784.151,0.299,0.003,59.125,47.028,243.633,0.532,0.395,0.017,0.12,0.642,3.305,6.247,-4.647e-4,0,1.75,1.75,0,2.649e-6,1013.128,0.001,340.385,0.036,6.4,32.17
0.195,10.503,2970.055,783.766,0.299,0.003,59.169,47.024,244.163,0.532,0.395,0.017,0.12,0.64,3.237,6.143,-2.459e-4,0,1.75,1.75,0,1.007e-5,1013.124,0.001,340.385,0.036,6.4,32.17
0.197,10.331,2969.683,783.394,0.299,0.003,59.211,47.02,244.675,0.532,0.395,0.017,0.12,0.637,3.174,6.046,2.191e-5,0,1.713,1.75,0.037,2.156e-5,1013.12,0.001,340.385,0.037,6.4,32.17
0.202,10.047,2969.068,782.78,0.299,0.003,59.28,47.014,245.522,0.532,0.395,0.017,0.12,0.633,3.071,5.885,4.358e-4,0,1.694,1.75,0.055,4.937e-5,1013.114,0.001,340.384,0.038,6.4,32.17
0.205,9.883,2968.725,782.436,0.299,0.003,59.321,47.01,245.077,0.532,0.395,0.017,0.12,0.631,3.011,5.792,-2.464e-4,0,1.683,1.75,0.066,7.002e-5,1013.11,0.001,340.384,0.038,6.4,32.17
0.207,9.726,2968.389,782.101,0.299,0.003,59.36,47.006,244.643,0.532,0.395,0.017,0.12,0.629,2.955,5.704,-3.628e-4,0,1.673,1.75,0.077,9.332e-5,1013.106,0.001,340.384,0.039,6.4,32.17
0.21,9.578,2968.061,781.772,0.299,0.003,59.397,47.003,244.218,0.532,0.395,0.017,0.12,0.627,2.902,5.62,4.489e-4,0,1.663,1.75,0.087,1.19e-4,1013.102,0.001,340.384,0.039,6.4,32.17
0.212,9.435,2967.737,781.448,0.299,0.003,59.433,47,243.798,0.532,0.395,0.017,0.12,0.625,2.851,5.539,-1.304e-4,0,1.652,1.75,0.097,1.47e-4,1013.098,0.001,340.384,0.04,6.4,32.17
0.215,9.296,2967.412,781.124,0.299,0.003,59.468,46.996,243.378,0.532,0.395,0.017,0.12,0.623,2.802,5.459,-1.416e-4,0,1.642,1.75,0.107,1.776e-4,1013.094,0.001,340.384,0.04,6.4,32.17
0.217,9.161,2967.088,780.799,0.299,0.003,59.503,46.993,242.958,0.532,0.395,0.017,0.12,0.621,2.754,5.382,-2.76e-4,0,1.632,1.75,0.117,2.106e-4,1013.09,0.001,340.384,0.041,6.4,32.17
0.22,9.028,2966.764,780.475,0.299,0.003,59.537,46.989,242.538,0.532,0.395,0.017,0.12,0.619,2.707,5.307,3.259e-4,0,1.622,1.75,0.127,2.46e-4,1013.086,0.001,340.383,0.041,6.4,32.17
0.222,8.9,2966.439,780.151,0.299,0.003,59.57,46.986,242.118,0.532,0.395,0.017,0.12,0.618,2.662,5.234,-3.233e-4,0,1.612,1.75,0.137,2.837e-4,1013.082,0.001,340.383,0.042,6.4,32.17
0.225,8.774,2966.115,779.826,0.299,0.003,59.603,46.983,241.698,0.532,0.395,0.017,0.12,0.616,2.618,5.163,4.631e-4,0,1.602,1.75,0.147,3.236e-4,1013.078,0.001,340.383,0.042,6.4,32.17
0.227,8.651,2965.791,779.502,0.299,0.003,59.635,46.979,241.278,0.532,0.395,0.017,0.12,0.614,2.575,5.093,2.575e-4,0,1.592,1.75,0.157,3.656e-4,1013.074,0.001,340.383,0.043,6.4,32.17
0.23,8.532,2965.466,779.178,0.299,0.003,59.666,46.976,240.858,0.532,0.395,0.017,0.12,0.613,2.534,5.024,4.37e-4,0,1.583,1.75,0.167,4.097e-4,1013.069,0.001,340.383,0.043,6.4,32.17
0.232,8.415,2965.142,778.853,0.299,0.003,59.697,46.972,240.438,0.532,0.395,0.017,0.12,0.611,2.494,4.958,8.197e-5,0,1.573,1.75,0.177,4.558e-4,1013.065,0.001,340.383,0.044,6.4,32.17
0.235,8.3,2964.818,778.529,0.299,0.003,59.728,46.969,240.018,0.532,0.395,0.017,0.12,0.609,2.454,4.892,3.714e-4,0,1.563,1.75,0.187,5.039e-4,1013.061,0.001,340.383,0.045,6.4,32.17
0.237,8.189,2964.493,778.205,0.299,0.003,59.758,46.966,239.598,0.532,0.395,0.017,0.12,0.608,2.416,4.829,2.464e-4,0,1.553,1.75,0.197,5.538e-4,1013.056,0.001,340.382,0.045,6.4,32.17
0.24,8.079,2964.169,777.88,0.299,0.003,59.787,46.962,239.178,0.532,0.395,0.017,0.12,0.606,2.379,4.766,3.605e-4,0,1.543,1.75,0.207,6.055e-4,1013.052,0.001,340.382,0.046,6.4,32.17
0.242,7.973,2963.845,777.556,0.299,0.003,59.816,46.959,238.758,0.532,0.395,0.017,0.12,0.605,2.342,4.705,-4.138e-4,0,1.533,1.75,0.217,6.589e-4,1013.047,0.001,340.382,0.046,6.4,32.17
0.245,7.868,2963.52,777.232,0.299,0.003,59.844,46.955,238.338,0.532,0.395,0.017,0.12,0.603,2.307,4.646,-4.025e-4,0,1.524,1.75,0.226,7.141e-4,1013.043,0.001,340.382,0.047,6.4,32.17
0.247,7.766,2963.196,776.907,0.299,0.003,59.872,46.952,237.918,0.532,0.395,0.017,0.12,0.602,2.272,4.586,2.98e-4,0,1.514,1.75,0.236,7.71e-4,1013.038,0.001,340.382,0.047,6.4,32.17
0.25,7.666,2962.872,776.583,0.299,0.003,59.9,46.948,237.498,0.532,0.395,0.017,0.12,0.6,2.239,4.529,1.145e-4,0,1.504,1.75,0.246,8.294e-4,1013.033,0.001,340.382,0.048,6.4,32.17
0.252,7.575,2962.547,776.259,0.299,0.003,59.925,46.945,237.078,0.532,0.395,0.017,0.12,0.599,2.208,4.477,4.242e-4,0,1.494,1.75,0.256,8.894e-4,1013.029,0.001,340.381,0.048,6.4,32.17
0.255,7.486,2962.223,775.934,0.299,0.003,59.949,46.942,236.658,0.532,0.395,0.017,0.12,0.598,2.178,4.427,-3.629e-4,0,1.485,1.75,0.265,9.51e-4,1013.024,0.001,340.381,0.049,6.4,32.17
0.257,7.4,2961.899,775.61,0.299,0.003,59.973,46.938,236.238,0.532,0.395,0.017,0.12,0.597,2.15,4.377,-2.985e-4,0,1.475,1.75,0.275,0.001,1013.019,0.001,340.381,0.049,6.4,32.17
0.26,7.315,2961.574,775.286,0.299,0.003,59.997,46.935,235.818,0.532,0.395,0.017,0.12,0.596,2.121,4.329,5.214e-5,0,1.465,1.75,0.285,0.001,1013.014,0.001,340.381,0.05,6.4,32.17
0.262,7.231,2961.25,774.961,0.299,0.003,60.02,46.931,235.399,0.532,0.395,0.017,0.12,0.595,2.094,4.281,2.725e-4,0,1.456,1.75,0.294,0.001,1013.009,0.001,340.381,0.05,6.4,32.17
0.265,7.15,2960.926,774.637,0.298,0.003,60.043,46.928,234.979,0.532,0.395,0.017,0.12,0.593,2.067,4.234,-1.231e-5,0,1.446,1.75,0.304,0.001,1013.004,0.001,340.381,0.051,6.4,32.17
0.267,7.069,2960.601,774.313,0.298,0.003,60.066,46.924,234.559,0.532,0.395,0.017,0.12,0.592,2.04,4.188,-2.395e-4,0,1.436,1.75,0.314,0.001,1012.999,0.001,340.38,0.051,6.4,32.17
0.27,6.991,2960.277,773.988,0.298,0.003,60.088,46.921,234.139,0.532,0.395,0.017,0.12,0.591,2.014,4.143,7.647e-6,0,1.427,1.75,0.323,0.001,1012.994,0.001,340.38,0.052,6.4,32.17
0.272,6.913,2959.953,773.664,0.298,0.003,60.11,46.918,233.719,0.532,0.395,0.017,0.12,0.59,1.989,4.099,2.077e-4,0,1.417,1.75,0.333,0.001,1012.989,0.001,340.38,0.052,6.4,32.17
0.275,6.837,2959.628,773.339,0.298,0.003,60.132,46.914,233.299,0.532,0.395,0.017,0.12,0.589,1.964,4.055,-8.122e-5,0,1.408,1.75,0.342,0.001,1012.984,0.001,340.38,0.053,6.4,32.17
0.277,6.762,2959.304,773.015,0.298,0.003,60.153,46.911,232.879,0.533,0.395,0.017,0.12,0.588,1.94,4.011,3.765e-4,0,1.398,1.75,0.352,0.002,1012.978,0.001,340.38,0.053,6.4,32.17
0.28,6.689,2958.98,772.691,0.298,0.003,60.175,46.907,232.459,0.533,0.395,0.017,0.12,0.587,1.916,3.97,-3.087e-4,0,1.389,1.75,0.362,0.002,1012.973,0.001,340.38,0.054,6.4,32.17
0.282,6.617,2958.655,772.366,0.298,0.003,60.195,46.904,232.039,0.533,0.395,0.017,0.12,0.586,1.892,3.928,-8.556e-5,0,1.379,1.75,0.371,0.002,1012.968,0.001,340.379,0.054,6.4,32.17
0.285,6.545,2958.331,772.042,0.298,0.003,60.216,46.9,231.619,0.533,0.395,0.017,0.12,0.585,1.869,3.887,4.928e-4,0,1.37,1.75,0.381,0.002,1012.962,0.001,340.379,0.055,6.4,32.17
0.287,6.476,2958.006,771.718,0.298,0.003,60.236,46.897,231.199,0.533,0.395,0.017,0.12,0.584,1.847,3.847,-1.182e-4,0,1.36,1.75,0.39,0.002,1012.957,0.001,340.379,0.055,6.4,32.17
0.29,6.407,2957.682,771.393,0.298,0.003,60.256,46.894,230.779,0.533,0.395,0.017,0.12,0.584,1.824,3.807,3.353e-4,0,1.351,1.75,0.4,0.002,1012.951,0.001,340.379,0.056,6.4,32.17
0.292,6.339,2957.358,771.069,0.298,0.003,60.276,46.89,230.359,0.533,0.395,0.017,0.12,0.583,1.803,3.769,1.432e-4,0,1.341,1.75,0.409,0.002,1012.946,0.001,340.379,0.056,6.4,32.17
0.295,6.272,2957.033,770.745,0.298,0.003,60.296,46.887,229.939,0.533,0.395,0.017,0.12,0.582,1.781,3.73,-1.645e-4,0,1.332,1.75,0.418,0.002,1012.94,0.001,340.378,0.057,6.4,32.17
0.297,6.206,2956.709,770.42,0.298,0.003,60.315,46.883,229.519,0.533,0.395,0.018,0.12,0.581,1.76,3.692,1.222e-4,0,1.322,1.75,0.428,0.002,1012.935,0.001,340.378,0.057,6.4,32.17
0.3,6.141,2956.385,770.096,0.298,0.003,60.334,46.88,229.099,0.533,0.395,0.018,0.12,0.58,1.739,3.655,-4.11e-4,0,1.313,1.75,0.437,0.002,1012.929,0.001,340.378,0.058,6.4,32.17
0.302,6.088,2956.06,769.772,0.298,0.003,60.35,46.876,228.679,0.533,0.395,0.018,0.12,0.58,1.723,3.624,4.186e-4,0,1.304,1.75,0.447,0.002,1012.923,0.001,340.378,0.058,6.4,32.17
0.305,6.037,2955.736,769.447,0.298,0.003,60.365,46.873,228.259,0.533,0.395,0.018,0.12,0.579,1.706,3.594,-3.436e-4,0,1.294,1.75,0.456,0.002,1012.917,0.001,340.378,0.059,6.4,32.17
0.307,5.986,2955.412,769.123,0.298,0.003,60.38,46.87,227.839,0.533,0.395,0.018,0.12,0.578,1.69,3.565,-2.097e-4,0,1.285,1.75,0.465,0.003,1012.912,0.001,340.378,0.059,6.4,32.17
0.31,5.937,2955.087,768.799,0.298,0.003,60.395,46.866,227.419,0.533,0.395,0.018,0.12,0.578,1.674,3.537,-3.355e-4,0,1.276,1.75,0.474,0.003,1012.906,0.001,340.377,0.06,6.4,32.17
0.312,5.887,2954.763,768.474,0.298,0.003,60.41,46.863,226.999,0.533,0.395,0.018,0.12,0.577,1.659,3.509,-2.979e-6,0,1.267,1.75,0.484,0.003,1012.9,0.001,340.377,0.06,6.4,32.17
0.315,5.839,2954.439,768.15,0.298,0.003,60.425,46.859,226.579,0.533,0.395,0.018,0.12,0.576,1.643,3.481,1.921e-5,0,1.257,1.75,0.493,0.003,1012.894,0.001,340.377,0.061,6.4,32.17
0.317,5.79,2954.114,767.826,0.298,0.003,60.439,46.856,226.159,0.533,0.395,0.018,0.12,0.576,1.628,3.453,8.473e-6,0,1.248,1.75,0.502,0.003,1012.888,0.001,340.377,0.061,6.4,32.17
0.32,5.743,2953.79,767.501,0.298,0.003,60.454,46.852,225.739,0.533,0.395,0.018,0.12,0.575,1.613,3.426,-2.675e-4,0,1.239,1.75,0.511,0.003,1012.882,0.001,340.377,0.062,6.4,32.17
0.322,5.696,2953.466,767.177,0.298,0.003,60.468,46.849,225.319,0.533,0.395,0.018,0.121,0.575,1.599,3.399,7.498e-5,0,1.23,1.75,0.521,0.003,1012.876,0.001,340.376,0.062,6.4,32.17
0.325,5.649,2953.141,766.853,0.298,0.003,60.482,46.845,224.899,0.533,0.395,0.018,0.121,0.574,1.584,3.372,3.625e-4,0,1.221,1.75,0.53,0.003,1012.869,0.001,340.376,0.063,6.4,32.17
0.327,5.603,2952.817,766.528,0.298,0.003,60.496,46.842,224.479,0.533,0.395,0.018,0.121,0.574,1.57,3.345,1.619e-4,0,1.212,1.75,0.539,0.003,1012.863,0.001,340.376,0.063,6.4,32.17
0.33,5.558,2952.493,766.204,0.298,0.003,60.51,46.839,224.059,0.533,0.395,0.018,0.121,0.573,1.555,3.319,-4.328e-4,0,1.202,1.75,0.548,0.003,1012.857,0.001,340.376,0.064,6.4,32.17
0.332,5.513,2952.168,765.88,0.298,0.003,60.523,46.835,223.639,0.533,0.395,0.018,0.121,0.572,1.541,3.293,2.47e-4,0,1.193,1.75,0.557,0.003,1012.85,0.001,340.375,0.064,6.4,32.17
0.335,5.468,2951.844,765.555,0.298,0.003,60.537,46.832,223.219,0.533,0.395,0.018,0.121,0.572,1.527,3.267,-2.297e-4,0,1.184,1.75,0.566,0.004,1012.844,0.001,340.375,0.064,6.4,32.17
0.337,5.424,2951.52,765.231,0.298,0.003,60.551,46.828,222.8,0.533,0.395,0.018,0.121,0.571,1.514,3.241,-1.864e-5,0,1.175,1.75,0.575,0.004,1012.838,0.001,340.375,0.065,6.4,32.17
0.34,5.38,2951.195,764.907,0.297,0.003,60.564,46.825,222.38,0.533,0.395,0.018,0.121,0.571,1.5,3.217,4.422e-4,0,1.166,1.75,0.584,0.004,1012.831,0.001,340.375,0.065,6.4,32.17
0.342,5.336,2950.871,764.582,0.297,0.003,60.578,46.821,221.96,0.533,0.395,0.018,0.121,0.57,1.487,3.191,2.135e-4,0,1.157,1.75,0.593,0.004,1012.825,0.001,340.375,0.066,6.4,32.17
0.345,5.293,2950.547,764.258,0.297,0.003,60.591,46.818,221.54,0.533,0.395,0.018,0.121,0.57,1.473,3.167,4.923e-4,0,1.149,1.75,0.602,0.004,1012.818,0.001,340.374,0.066,6.4,32.17
0.347,5.251,2950.222,763.934,0.297,0.003,60.604,46.814,221.12,0.533,0.395,0.018,0.121,0.569,1.46,3.142,-1.235e-4,0,1.14,1.75,0.611,0.004,1012.811,0.001,340.374,0.067,6.4,32.17
0.35,5.209,2949.907,763.618,0.297,0.003,60.617,46.811,220.747,0.533,0.395,0.018,0.121,0.569,1.447,3.118,2.76e-4,0,1.131,1.75,0.62,0.004,1012.805,0.001,340.374,0.067,6.4,32.17
0.352,5.152,2949.613,763.324,0.297,0.003,60.635,46.808,220.481,0.533,0.395,0.018,0.121,0.568,1.43,3.084,-2.61e-4,0,1.122,1.75,0.628,0.004,1012.798,0.001,340.374,0.068,6.4,32.17
0.355,5.094,2949.319,763.03,0.297,0.003,60.652,46.805,220.214,0.533,0.395,0.018,0.121,0.568,1.412,3.05,-2.855e-4,0,1.113,1.751,0.637,0.004,1012.791,0.001,340.373,0.068,6.4,32.17
0.357,5.037,2949.024,762.736,0.297,0.003,60.67,46.802,219.948,0.533,0.395,0.018,0.121,0.567,1.394,3.017,-4.812e-4,0,1.104,1.751,0.646,0.004,1012.785,0.001,340.373,0.069,6.4,32.17
0.36,4.981,2948.73,762.441,0.297,0.003,60.688,46.799,219.682,0.533,0.395,0.018,0.121,0.566,1.377,2.984,2.742e-5,0,1.096,1.751,0.655,0.005,1012.778,0.001,340.373,0.069,6.4,32.17
0.362,4.925,2948.436,762.147,0.297,0.003,60.706,46.795,219.416,0.533,0.395,0.018,0.121,0.566,1.36,2.951,-1.399e-4,0,1.087,1.751,0.664,0.005,1012.771,0.001,340.373,0.07,6.4,32.17
0.365,4.869,2948.141,761.853,0.297,0.003,60.723,46.792,219.15,0.533,0.395,0.018,0.121,0.565,1.343,2.919,-4.202e-4,0,1.078,1.751,0.672,0.005,1012.764,0.001,340.373,0.07,6.4,32.17
0.367,4.814,2947.847,761.558,0.297,0.003,60.74,46.789,218.884,0.533,0.395,0.018,0.121,0.564,1.326,2.887,-3.257e-4,0,1.07,1.751,0.681,0.005,1012.757,0.001,340.372,0.071,6.4,32.17
0.37,4.759,2947.553,761.264,0.297,0.003,60.758,46.786,218.618,0.533,0.395,0.018,0.121,0.564,1.31,2.855,3.41e-4,0,1.061,1.751,0.689,0.005,1012.75,0.001,340.372,0.071,6.4,32.17
0.372,4.705,2947.259,760.97,0.297,0.003,60.775,46.783,218.352,0.533,0.395,0.018,0.121,0.563,1.293,2.823,3.433e-4,0,1.053,1.751,0.698,0.005,1012.743,0.001,340.372,0.072,6.4,32.17
0.375,4.651,2946.964,760.676,0.297,0.003,60.792,46.78,218.086,0.533,0.395,0.018,0.121,0.563,1.277,2.791,4.584e-4,0,1.044,1.751,0.706,0.005,1012.736,0.001,340.372,0.072,6.4,32.17
0.377,4.598,2946.67,760.381,0.297,0.003,60.809,46.777,217.82,0.533,0.395,0.018,0.121,0.562,1.261,2.76,2.87e-4,0,1.036,1.751,0.715,0.005,1012.728,0.001,340.371,0.073,6.4,32.17
0.38,4.545,2946.376,760.087,0.297,0.003,60.826,46.773,217.553,0.533,0.395,0.018,0.121,0.562,1.245,2.729,4.428e-4,0,1.027,1.751,0.723,0.005,1012.721,0.001,340.371,0.073,6.4,32.17
0.382,4.493,2946.081,759.793,0.297,0.003,60.842,46.77,217.287,0.533,0.395,0.018,0.121,0.561,1.23,2.698,3.932e-4,0,1.019,1.751,0.732,0.005,1012.714,0.001,340.371,0.073,6.4,32.17
0.385,4.441,2945.787,759.499,0.297,0.003,60.859,46.767,217.021,0.533,0.395,0.018,0.121,0.56,1.214,2.668,4.685e-4,0,1.011,1.751,0.74,0.005,1012.707,0.001,340.371,0.074,6.4,32.17
0.387,4.389,2945.493,759.204,0.297,0.003,60.876,46.764,216.755,0.533,0.395,0.018,0.121,0.56,1.198,2.637,-1.884e-4,0,1.002,1.751,0.748,0.006,1012.699,0.001,340.37,0.074,6.4,32.17
0.39,4.338,2945.199,758.91,0.297,0.003,60.892,46.761,216.489,0.533,0.395,0.018,0.121,0.559,1.183,2.607,2.857e-4,0,0.994,1.751,0.757,0.006,1012.692,0.001,340.37,0.075,6.4,32.17
0.392,4.287,2944.904,758.616,0.297,0.003,60.909,46.758,216.223,0.533,0.395,0.018,0.121,0.559,1.168,2.577,-3.895e-4,0,0.986,1.751,0.765,0.006,1012.684,0.001,340.37,0.075,6.4,32.17
0.395,4.236,2944.61,758.321,0.297,0.003,60.925,46.755,215.957,0.533,0.395,0.018,0.121,0.558,1.153,2.547,2.465e-4,0,0.978,1.751,0.773,0.006,1012.677,0.001,340.37,0.076,6.4,32.17
0.397,4.186,2944.316,758.027,0.297,0.003,60.941,46.751,215.691,0.534,0.395,0.018,0.121,0.558,1.138,2.518,-2.032e-4,0,0.97,1.751,0.781,0.006,1012.669,0.001,340.369,0.076,6.4,32.17
0.4,4.136,2944.021,757.733,0.297,0.003,60.958,46.748,215.425,0.534,0.395,0.018,0.121,0.557,1.123,2.488,-5.527e-5,0,0.962,1.751,0.789,0.006,1012.662,0.001,340.369,0.077,6.4,32.17
0.402,4.087,2943.727,757.439,0.297,0.003,60.974,46.745,215.158,0.534,0.395,0.018,0.121,0.557,1.109,2.459,1.998e-4,0,0.954,1.751,0.797,0.006,1012.654,0.001,340.369,0.077,6.4,32.17
0.405,4.038,2943.433,757.144,0.297,0.003,60.99,46.742,214.892,0.534,0.395,0.018,0.121,0.556,1.094,2.43,-3.223e-5,0,0.946,1.751,0.805,0.006,1012.646,0.001,340.369,0.078,6.4,32.17
0.407,3.99,2943.139,756.85,0.297,0.003,61.006,46.739,214.626,0.534,0.395,0.018,0.121,0.556,1.08,2.402,-2.823e-4,0,0.938,1.751,0.813,0.006,1012.639,0.001,340.368,0.078,6.4,32.17
0.41,3.942,2942.844,756.556,0.297,0.003,61.021,46.736,214.36,0.534,0.395,0.018,0.121,0.555,1.066,2.374,2.631e-4,0,0.93,1.751,0.821,0.006,1012.631,0.001,340.368,0.079,6.4,32.17
0.412,3.894,2942.55,756.261,0.297,0.003,61.037,46.733,214.094,0.534,0.395,0.018,0.121,0.555,1.052,2.345,4.279e-4,0,0.922,1.751,0.829,0.006,1012.623,0.001,340.368,0.079,6.4,32.17
0.415,3.846,2942.256,755.967,0.297,0.003,61.053,46.729,213.828,0.534,0.395,0.018,0.121,0.555,1.038,2.318,-3.831e-4,0,0.914,1.751,0.837,0.006,1012.615,0.001,340.368,0.079,6.4,32.17
0.417,3.799,2941.962,755.673,0.297,0.003,61.069,46.726,213.562,0.534,0.395,0.018,0.121,0.554,1.024,2.289,5.968e-5,0,0.906,1.751,0.845,0.006,1012.607,0.001,340.367,0.08,6.4,32.17
0.42,3.752,2941.667,755.379,0.296,0.003,61.084,46.723,213.296,0.534,0.395,0.018,0.121,0.554,1.011,2.262,-2.529e-4,0,0.898,1.751,0.852,0.006,1012.599,0.001,340.367,0.08,6.4,32.17
0.422,3.706,2941.373,755.084,0.296,0.003,61.1,46.72,213.03,0.534,0.395,0.018,0.121,0.553,0.997,2.235,3.316e-4,0,0.891,1.751,0.86,0.006,1012.591,0.001,340.367,0.081,6.4,32.17
0.425,3.659,2941.079,754.79,0.296,0.003,61.115,46.717,212.764,0.534,0.395,0.018,0.121,0.553,0.984,2.206,-4.914e-4,0,0.883,1.751,0.868,0.006,1012.583,0.001,340.367,0.081,6.4,32.17
0.427,3.614,2940.784,754.496,0.296,0.003,61.13,46.714,212.497,0.534,0.395,0.018,0.121,0.552,0.97,2.18,-3.494e-4,0,0.876,1.751,0.875,0.006,1012.575,0.001,340.366,0.082,6.4,32.17
0.43,3.568,2940.49,754.201,0.296,0.003,61.146,46.711,212.231,0.534,0.395,0.018,0.121,0.552,0.957,2.153,-2.877e-4,0,0.868,1.751,0.883,0.006,1012.567,0.001,340.366,0.082,6.4,32.17
0.432,3.523,2940.196,753.907,0.296,0.003,61.161,46.707,211.965,0.534,0.395,0.018,0.121,0.552,0.944,2.126,-3.242e-4,0,0.861,1.751,0.891,0.006,1012.559,0.001,340.366,0.083,6.4,32.17
0.435,3.478,2939.902,753.613,0.296,0.003,61.176,46.704,211.699,0.534,0.395,0.018,0.121,0.551,0.931,2.099,5.766e-5,0,0.853,1.751,0.898,0.006,1012.55,0.001,340.365,0.083,6.4,32.17
0.437,3.433,2939.607,753.319,0.296,0.003,61.191,46.701,211.433,0.534,0.395,0.018,0.121,0.551,0.918,2.073,2.444e-4,0,0.846,1.751,0.905,0.006,1012.542,0.001,340.365,0.084,6.4,32.17
0.44,3.389,2939.313,753.024,0.296,0.003,61.206,46.698,211.167,0.534,0.395,0.018,0.121,0.55,0.906,2.047,-3.218e-4,0,0.838,1.751,0.913,0.006,1012.534,0.001,340.365,0.084,6.4,32.17
0.442,3.345,2939.019,752.73,0.296,0.003,61.221,46.695,210.901,0.534,0.395,0.018,0.121,0.55,0.893,2.021,1.616e-4,0,0.831,1.751,0.92,0.006,1012.525,0.001,340.365,0.084,6.4,32.17
0.445,3.302,2938.724,752.436,0.296,0.003,61.235,46.692,210.635,0.534,0.395,0.018,0.121,0.55,0.881,1.996,-1.999e-4,0,0.824,1.751,0.927,0.006,1012.517,0.001,340.364,0.085,6.4,32.17
0.447,3.259,2938.43,752.141,0.296,0.003,61.25,46.688,210.369,0.534,0.395,0.018,0.121,0.549,0.868,1.969,3.536e-4,0,0.816,1.751,0.935,0.006,1012.508,0.001,340.364,0.085,6.4,32.17
0.45,3.216,2938.136,751.847,0.296,0.003,61.265,46.685,210.102,0.534,0.395,0.018,0.121,0.549,0.856,1.944,1.456e-5,0,0.809,1.751,0.942,0.006,1012.5,0.001,340.364,0.086,6.4,32.17
0.452,3.184,2937.842,751.553,0.296,0.003,61.276,46.682,209.836,0.534,0.395,0.018,0.121,0.549,0.847,1.926,-1.161e-4,0,0.802,1.751,0.949,0.006,1012.491,0.001,340.363,0.086,6.4,32.17
0.455,3.154,2937.547,751.259,0.296,0.003,61.286,46.679,209.57,0.534,0.395,0.018,0.121,0.549,0.839,1.908,-3.369e-4,0,0.795,1.751,0.956,0.006,1012.483,0.001,340.363,0.087,6.4,32.17
0.457,3.124,2937.253,750.964,0.296,0.003,61.296,46.676,209.304,0.534,0.395,0.019,0.121,0.548,0.83,1.89,3.328e-4,0,0.788,1.751,0.963,0.006,1012.474,0.001,340.363,0.087,6.4,32.17
0.46,3.094,2936.959,750.67,0.296,0.003,61.306,46.673,209.038,0.534,0.395,0.019,0.121,0.548,0.822,1.873,-1.636e-4,0,0.781,1.751,0.97,0.006,1012.465,0.001,340.363,0.088,6.4,32.17
0.462,3.065,2936.664,750.376,0.296,0.003,61.317,46.67,208.772,0.534,0.395,0.019,0.121,0.548,0.813,1.855,4.002e-5,0,0.774,1.751,0.977,0.006,1012.457,0.001,340.362,0.088,6.4,32.17
0.465,3.035,2936.37,750.081,0.296,0.003,61.327,46.666,208.506,0.534,0.395,0.019,0.121,0.548,0.805,1.838,4.86e-4,0,0.767,1.751,0.984,0.006,1012.448,0.001,340.362,0.088,6.4,32.17
0.467,3.006,2936.076,749.787,0.296,0.003,61.337,46.663,208.24,0.534,0.395,0.019,0.121,0.547,0.797,1.821,-2.887e-4,0,0.761,1.751,0.991,0.006,1012.439,0.001,340.362,0.089,6.4,32.17
0.47,2.978,2935.782,749.493,0.296,0.003,61.347,46.66,207.974,0.534,0.395,0.019,0.121,0.547,0.789,1.804,1.497e-4,0,0.754,1.751,0.998,0.006,1012.43,0.001,340.361,0.089,6.4,32.17
0.472,2.949,2935.487,749.199,0.296,0.003,61.357,46.657,207.707,0.534,0.395,0.019,0.121,0.547,0.781,1.788,-1.128e-4,0,0.747,1.751,1.004,0.006,1012.421,0.001,340.361,0.09,6.4,32.17
0.475,2.921,2935.193,748.904,0.296,0.003,61.366,46.654,207.441,0.534,0.395,0.019,0.121,0.547,0.773,1.771,-2.098e-4,0,0.74,1.751,1.011,0.006,1012.412,0.001,340.361,0.09,6.4,32.17
0.477,2.893,2934.899,748.61,0.296,0.003,61.376,46.651,207.175,0.534,0.395,0.019,0.121,0.547,0.765,1.755,-2.237e-4,0,0.734,1.751,1.018,0.005,1012.403,0.001,340.36,0.091,6.4,32.17
0.48,2.866,2934.604,748.316,0.296,0.003,61.386,46.647,206.909,0.534,0.395,0.019,0.121,0.546,0.757,1.739,2.468e-4,0,0.727,1.751,1.024,0.005,1012.394,0.001,340.36,0.091,6.4,32.17
0.482,2.838,2934.31,748.021,0.296,0.003,61.395,46.644,206.643,0.534,0.395,0.019,0.121,0.546,0.749,1.722,-4.916e-5,0,0.721,1.751,1.031,0.005,1012.385,0.001,340.36,0.092,6.4,32.17
0.485,2.811,2934.016,747.727,0.296,0.003,61.405,46.641,206.377,0.534,0.395,0.019,0.121,0.546,0.742,1.707,-1.996e-4,0,0.714,1.751,1.037,0.005,1012.376,0.001,340.36,0.092,6.4,32.17
0.487,2.785,2933.722,747.433,0.296,0.003,61.414,46.638,206.111,0.534,0.395,0.019,0.121,0.546,0.734,1.691,4.06e-4,0,0.708,1.752,1.044,0.005,1012.367,0.001,340.359,0.092,6.4,32.17
0.49,2.759,2933.427,747.139,0.296,0.003,61.423,46.635,205.845,0.534,0.395,0.019,0.121,0.546,0.727,1.675,3.521e-4,0,0.701,1.752,1.05,0.005,1012.358,0.001,340.359,0.093,6.4,32.17
0.492,2.733,2933.133,746.844,0.296,0.003,61.432,46.632,205.579,0.534,0.395,0.019,0.121,0.546,0.72,1.66,4.825e-4,0,0.695,1.752,1.057,0.005,1012.348,0.001,340.359,0.093,6.4,32.17
0.495,2.707,2932.839,746.55,0.296,0.003,61.441,46.628,205.313,0.534,0.395,0.019,0.121,0.545,0.713,1.645,-2.854e-4,0,0.689,1.752,1.063,0.005,1012.339,0.001,340.358,0.094,6.4,32.17
0.497,2.682,2932.544,746.256,0.296,0.003,61.45,46.625,205.046,0.534,0.395,0.019,0.121,0.545,0.706,1.63,1.523e-4,0,0.682,1.752,1.069,0.004,1012.33,0.001,340.358,0.094,6.4,32.17
0.5,2.658,2932.25,745.961,0.296,0.003,61.459,46.622,204.78,0.534,0.395,0.019,0.121,0.545,0.699,1.616,-4.827e-4,0,0.676,1.752,1.076,0.004,1012.32,0.001,340.358,0.095,6.4,32.17
0.502,2.613,2931.956,745.667,0.295,0.003,61.474,46.619,204.514,0.535,0.395,0.019,0.121,0.545,0.687,1.589,1.678e-4,0,0.67,1.752,1.082,0.004,1012.311,0.001,340.357,0.095,6.4,32.17
0.505,2.567,2931.662,745.373,0.295,0.003,61.491,46.616,204.248,0.535,0.395,0.019,0.121,0.544,0.674,1.562,2.246e-4,0,0.664,1.752,1.088,0.004,1012.301,0.001,340.357,0.096,6.4,32.17
0.507,2.522,2931.367,745.079,0.295,0.003,61.506,46.613,203.982,0.535,0.395,0.019,0.121,0.544,0.661,1.535,-4.26e-4,0,0.658,1.752,1.094,0.004,1012.292,0.001,340.357,0.096,6.4,32.17
0.51,2.477,2931.073,744.784,0.295,0.003,61.522,46.609,203.716,0.535,0.395,0.019,0.121,0.544,0.649,1.508,-2.329e-4,0,0.652,1.752,1.1,0.003,1012.282,0.001,340.356,0.096,6.4,32.17
0.512,2.433,2930.779,744.49,0.295,0.003,61.538,46.606,203.45,0.535,0.395,0.019,0.121,0.544,0.637,1.482,8.448e-5,0,0.646,1.752,1.106,0.003,1012.273,0.001,340.356,0.097,6.4,32.17
0.515,2.39,2930.484,744.196,0.295,0.003,61.553,46.603,203.184,0.535,0.395,0.019,0.121,0.543,0.625,1.457,2.868e-4,0,0.64,1.752,1.112,0.003,1012.263,0.001,340.356,0.097,6.4,32.17
0.517,2.348,2930.19,743.901,0.295,0.003,61.568,46.6,202.918,0.535,0.394,0.019,0.121,0.543,0.613,1.432,-1.801e-4,0,0.634,1.752,1.118,0.003,1012.253,0.001,340.355,0.098,6.4,32.17
0.52,2.307,2929.896,743.607,0.295,0.003,61.583,46.597,202.651,0.535,0.394,0.019,0.121,0.543,0.602,1.407,4.947e-4,0,0.628,1.752,1.124,0.003,1012.243,0.001,340.355,0.098,6.4,32.17
0.523,2.255,2929.515,743.226,0.295,0.003,61.601,46.593,202.307,0.535,0.394,0.019,0.121,0.542,0.588,1.377,-8.939e-5,0,0.62,1.752,1.131,0.002,1012.231,0.001,340.355,0.099,6.4,32.17
0.526,2.216,2929.247,742.958,0.295,0.003,61.615,46.59,202.156,0.535,0.394,0.019,0.121,0.542,0.577,1.353,1.426e-4,0,0.615,1.752,1.137,0.002,1012.221,0.001,340.354,0.099,6.4,32.17
0.528,2.178,2928.979,742.69,0.295,0.003,61.629,46.587,202.005,0.535,0.394,0.019,0.121,0.542,0.567,1.33,4.617e-4,0,0.609,1.752,1.143,0.002,1012.211,0.001,340.354,0.1,6.4,32.17
0.53,2.141,2928.71,742.422,0.295,0.003,61.642,46.584,201.853,0.535,0.394,0.019,0.121,0.542,0.557,1.308,1.073e-4,0,0.603,1.752,1.149,0.002,1012.201,0.001,340.354,0.1,6.4,32.17
0.533,2.105,2928.442,742.153,0.295,0.003,61.655,46.581,201.702,0.535,0.394,0.019,0.121,0.542,0.547,1.287,3.822e-4,0,0.598,1.752,1.154,0.001,1012.191,0.001,340.353,0.1,6.4,32.17
0.535,2.07,2928.174,741.885,0.295,0.003,61.668,46.578,201.551,0.535,0.394,0.019,0.121,0.541,0.537,1.266,-4.111e-4,0,0.592,1.752,1.16,0.001,1012.181,0.001,340.353,0.101,6.4,32.17
0.538,2.036,2927.906,741.617,0.295,0.003,61.68,46.575,201.4,0.535,0.394,0.019,0.121,0.541,0.528,1.245,-4.231e-4,0,0.587,1.752,1.165,0.001,1012.171,0.001,340.353,0.101,6.4,32.17
0.54,2.003,2927.638,741.349,0.295,0.003,61.692,46.572,201.248,0.535,0.394,0.019,0.121,0.541,0.519,1.226,-7.849e-5,0,0.581,1.752,1.171,8.603e-4,1012.161,0.001,340.352,0.102,6.4,32.17
0.543,1.972,2927.369,741.081,0.295,0.003,61.703,46.569,201.097,0.535,0.394,0.019,0.121,0.541,0.511,1.207,1.629e-6,0,0.576,1.752,1.176,6.923e-4,1012.151,0.001,340.352,0.102,6.4,32.17
0.545,1.941,2927.101,740.812,0.295,0.003,61.715,46.566,200.946,0.535,0.394,0.019,0.121,0.541,0.502,1.189,4.983e-4,0,0.571,1.752,1.181,5.385e-4,1012.141,0.001,340.352,0.103,6.4,32.17
0.548,1.912,2926.833,740.544,0.295,0.003,61.725,46.564,200.795,0.535,0.394,0.019,0.121,0.541,0.495,1.172,8.199e-5,0,0.565,1.752,1.187,4.007e-4,1012.13,0.001,340.351,0.103,6.4,32.17
0.55,1.888,2926.565,740.276,0.295,0.003,61.734,46.561,200.643,0.535,0.394,0.019,0.121,0.541,0.488,1.156,3.088e-4,0,0.56,1.752,1.192,2.836e-4,1012.12,0.001,340.351,0.103,6.4,32.17
0.553,1.88,2926.297,740.008,0.295,0.003,61.737,46.558,200.492,0.535,0.394,0.019,0.121,0.541,0.486,1.152,-4.786e-6,0,0.555,1.752,1.197,1.948e-4,1012.11,0.001,340.351,0.104,6.4,32.17
0.555,1.873,2926.028,739.74,0.295,0.003,61.74,46.555,200.341,0.535,0.394,0.019,0.121,0.541,0.484,1.149,-4.098e-4,0,0.55,1.752,1.202,1.222e-4,1012.099,0.001,340.35,0.104,6.4,32.17
0.558,1.867,2925.76,739.472,0.295,0.003,61.742,46.552,200.19,0.535,0.394,0.019,0.121,0.541,0.482,1.145,3.153e-4,0,0.545,1.752,1.207,6.623e-5,1012.089,0.001,340.35,0.105,6.4,32.17
0.56,1.862,2925.492,739.203,0.295,0.003,61.744,46.549,200.038,0.535,0.394,0.019,0.121,0.541,0.481,1.142,9.139e-5,0,0.54,1.752,1.213,2.719e-5,1012.078,0.001,340.35,0.105,6.4,32.17
0.563,1.857,2925.224,738.935,0.295,0.003,61.746,46.546,199.887,0.535,0.394,0.019,0.121,0.541,0.48,1.14,-4.784e-4,0,0.535,1.752,1.217,5.239e-6,1012.068,0.001,340.349,0.106,6.4,32.17
0.565,1.854,2924.956,738.667,0.295,0.003,61.747,46.543,199.736,0.535,0.394,0.019,0.121,0.541,0.479,1.137,4.508e-4,0,0.53,1.752,1.222,-3.979e-7,1012.057,0.001,340.349,0.106,6.4,32.17
0.568,1.851,2924.687,738.399,0.295,0.003,61.748,46.54,199.585,0.535,0.394,0.019,0.121,0.541,0.478,1.136,-1.297e-4,0,0.525,1.752,1.227,-1.252e-5,1012.047,0.001,340.348,0.106,6.4,32.17
0.57,1.849,2924.419,738.131,0.295,0.003,61.749,46.537,199.433,0.535,0.394,0.019,0.121,0.541,0.478,1.135,1.873e-4,0,0.52,1.752,1.232,-4.13e-5,1012.036,0.001,340.348,0.107,6.4,32.17
0.573,1.848,2924.151,737.862,0.295,0.003,61.75,46.535,199.282,0.535,0.394,0.019,0.121,0.541,0.477,1.135,1.296e-4,0,0.515,1.752,1.237,-8.629e-5,1012.026,0.001,340.348,0.107,6.4,32.17
0.575,1.848,2923.883,737.594,0.295,0.003,61.75,46.532,199.131,0.535,0.394,0.019,0.122,0.541,0.477,1.135,-1.96e-4,0,0.51,1.752,1.242,-1.469e-4,1012.015,0.001,340.347,0.108,6.4,32.17
0.578,1.848,2923.615,737.326,0.295,0.003,61.75,46.529,198.98,0.535,0.394,0.019,0.122,0.541,0.477,1.136,-3.219e-4,0,0.506,1.752,1.247,-2.223e-4,1012.004,0.001,340.347,0.108,6.4,32.17
0.58,1.85,2923.347,737.058,0.295,0.003,61.749,46.526,198.828,0.535,0.394,0.02,0.122,0.541,0.478,1.136,-4.939e-4,0,0.501,1.752,1.251,-3.116e-4,1011.993,0.001,340.347,0.109,6.4,32.17
0.583,1.852,2923.078,736.79,0.295,0.003,61.749,46.523,198.677,0.535,0.394,0.02,0.122,0.541,0.478,1.138,4.662e-4,0,0.497,1.752,1.256,-4.139e-4,1011.982,0.001,340.346,0.109,6.4,32.17
0.585,1.855,2922.81,736.521,0.295,0.003,61.748,46.52,198.526,0.536,0.394,0.02,0.122,0.541,0.479,1.141,3.141e-5,0,0.492,1.752,1.26,-5.281e-4,1011.972,0.001,340.346,0.109,6.4,32.17
0.588,1.858,2922.542,736.253,0.294,0.003,61.747,46.517,198.375,0.536,0.394,0.02,0.122,0.541,0.48,1.144,3.411e-4,0,0.487,1.752,1.265,-6.528e-4,1011.961,0.001,340.346,0.11,6.4,32.17
0.59,1.863,2922.274,735.985,0.294,0.003,61.745,46.514,198.223,0.536,0.394,0.02,0.122,0.541,0.481,1.146,9.439e-5,0,0.483,1.752,1.269,-7.868e-4,1011.95,0.001,340.345,0.11,6.4,32.17
0.593,1.868,2922.006,735.717,0.294,0.003,61.743,46.511,198.072,0.536,0.394,0.02,0.122,0.541,0.483,1.149,2.346e-4,0,0.479,1.752,1.274,-9.288e-4,1011.939,0.001,340.345,0.111,6.4,32.17
0.595,1.874,2921.737,735.449,0.294,0.003,61.741,46.508,197.921,0.536,0.394,0.02,0.122,0.541,0.484,1.154,-5.659e-5,0,0.474,1.752,1.278,-0.001,1011.928,0.001,340.344,0.111,6.4,32.17
0.598,1.88,2921.469,735.18,0.294,0.003,61.739,46.506,197.77,0.536,0.394,0.02,0.122,0.541,0.486,1.158,-2.847e-4,0,0.47,1.753,1.283,-0.001,1011.917,0.001,340.344,0.112,6.4,32.17
0.6,1.885,2921.201,734.912,0.294,0.003,61.737,46.503,197.618,0.536,0.394,0.02,0.122,0.541,0.487,1.162,-4.687e-4,0,0.465,1.753,1.287,-0.001,1011.905,0.001,340.344,0.112,6.4,32.17
0.603,1.881,2920.933,734.644,0.294,0.003,61.739,46.5,197.467,0.536,0.394,0.02,0.122,0.541,0.486,1.159,4.022e-4,0,0.461,1.753,1.291,-0.002,1011.894,0.001,340.343,0.112,6.4,32.17
0.605,1.879,2920.665,734.376,0.294,0.003,61.74,46.497,197.316,0.536,0.394,0.02,0.122,0.541,0.486,1.159,-2.007e-4,0,0.457,1.753,1.296,-0.002,1011.883,0.001,340.343,0.113,6.4,32.17
0.608,1.877,2920.396,734.108,0.294,0.003,61.741,46.494,197.165,0.536,0.394,0.02,0.122,0.541,0.485,1.157,-2.561e-4,0,0.453,1.753,1.3,-0.002,1011.872,0.001,340.343,0.113,6.4,32.17
0.61,1.876,2920.128,733.84,0.294,0.003,61.741,46.491,197.014,0.536,0.394,0.02,0.122,0.541,0.485,1.157,-4.26e-4,0,0.449,1.753,1.304,-0.002,1011.861,0.001,340.342,0.114,6.4,32.17
0.613,1.875,2919.86,733.571,0.294,0.003,61.742,46.488,196.862,0.536,0.394,0.02,0.122,0.541,0.485,1.158,-3.413e-4,0,0.444,1.753,1.308,-0.002,1011.849,0.001,340.342,0.114,6.4,32.17
0.615,1.876,2919.592,733.303,0.294,0.003,61.742,46.485,196.711,0.536,0.394,0.02,0.122,0.541,0.485,1.158,-4.22e-4,0,0.44,1.753,1.312,-0.003,1011.838,0.001,340.341,0.114,6.4,32.17
0.618,1.877,2919.324,733.035,0.294,0.003,61.741,46.482,196.56,0.536,0.394,0.02,0.122,0.541,0.485,1.16,-4.6e-4,0,0.436,1.753,1.316,-0.003,1011.826,0.001,340.341,0.115,6.4,32.17
0.62,1.879,2919.055,732.767,0.294,0.003,61.741,46.479,196.409,0.536,0.394,0.02,0.122,0.541,0.486,1.161,5.318e-5,0,0.432,1.753,1.32,-0.003,1011.815,0.001,340.341,0.115,6.4,32.17
0.623,1.882,2918.787,732.499,0.294,0.003,61.74,46.476,196.257,0.536,0.394,0.02,0.122,0.541,0.487,1.163,1.238e-4,0,0.428,1.753,1.324,-0.003,1011.803,0.001,340.34,0.116,6.4,32.17
0.625,1.885,2918.519,732.23,0.294,0.003,61.739,46.473,196.106,0.536,0.394,0.02,0.122,0.542,0.487,1.166,4.982e-4,0,0.424,1.753,1.328,-0.003,1011.792,0.001,340.34,0.116,6.4,32.17
0.628,1.889,2918.251,731.962,0.294,0.003,61.737,46.471,195.955,0.536,0.394,0.02,0.122,0.542,0.489,1.169,-2.803e-4,0,0.421,1.753,1.332,-0.003,1011.78,0.001,340.34,0.117,6.4,32.17
0.63,1.894,2917.983,731.694,0.294,0.003,61.736,46.468,195.804,0.536,0.394,0.02,0.122,0.542,0.49,1.172,1.851e-5,0,0.417,1.753,1.336,-0.004,1011.769,0.001,340.339,0.117,6.4,32.17
0.633,1.899,2917.714,731.426,0.294,0.003,61.734,46.465,195.652,0.536,0.394,0.02,0.122,0.542,0.491,1.175,3.057e-4,0,0.413,1.753,1.34,-0.004,1011.757,0.001,340.339,0.117,6.4,32.17
0.635,1.904,2917.446,731.158,0.294,0.003,61.732,46.462,195.501,0.536,0.394,0.02,0.122,0.542,0.493,1.179,-2.104e-4,0,0.409,1.753,1.344,-0.004,1011.745,0.001,340.338,0.118,6.4,32.17
0.638,1.91,2917.178,730.889,0.294,0.003,61.731,46.459,195.35,0.536,0.394,0.02,0.122,0.542,0.494,1.183,-1.484e-5,0,0.406,1.753,1.347,-0.004,1011.734,0.001,340.338,0.118,6.4,32.17
0.64,1.916,2916.91,730.621,0.294,0.003,61.728,46.456,195.199,0.536,0.394,0.02,0.122,0.542,0.496,1.187,1.343e-4,0,0.402,1.753,1.351,-0.004,1011.722,0.001,340.338,0.119,6.4,32.17
0.643,1.922,2916.642,730.353,0.294,0.003,61.726,46.453,195.047,0.536,0.394,0.02,0.122,0.542,0.497,1.191,3.086e-4,0,0.398,1.753,1.355,-0.004,1011.71,0.001,340.337,0.119,6.4,32.17
0.645,1.929,2916.374,730.085,0.294,0.003,61.724,46.45,194.896,0.536,0.394,0.02,0.122,0.542,0.499,1.196,-2.875e-4,0,0.395,1.753,1.358,-0.004,1011.698,0.001,340.337,0.119,6.4,32.17
0.648,1.936,2916.105,729.817,0.294,0.003,61.722,46.447,194.745,0.536,0.394,0.02,0.122,0.542,0.501,1.2,-4.267e-5,0,0.391,1.753,1.362,-0.004,1011.686,0.001,340.336,0.12,6.4,32.17
0.65,1.944,2915.837,729.548,0.294,0.003,61.719,46.444,194.594,0.536,0.394,0.02,0.122,0.542,0.503,1.205,3.249e-4,0,0.388,1.753,1.366,-0.004,1011.674,0.001,340.336,0.12,6.4,32.17
0.653,1.957,2915.569,729.28,0.294,0.003,61.714,46.441,194.442,0.536,0.394,0.02,0.122,0.542,0.507,1.214,2.912e-4,0,0.384,1.753,1.369,-0.004,1011.662,0.001,340.336,0.121,6.4,32.17
0.655,1.97,2915.301,729.012,0.294,0.003,61.71,46.438,194.291,0.536,0.394,0.02,0.122,0.542,0.51,1.221,-1.709e-4,0,0.381,1.753,1.372,-0.004,1011.65,0.001,340.335,0.121,6.4,32.17
0.658,1.982,2915.033,728.744,0.294,0.003,61.706,46.436,194.14,0.536,0.394,0.02,0.122,0.543,0.514,1.23,2.593e-4,0,0.377,1.753,1.376,-0.004,1011.638,0.001,340.335,0.122,6.4,32.17
0.66,1.995,2914.764,728.476,0.294,0.003,61.701,46.433,193.989,0.537,0.394,0.02,0.122,0.543,0.517,1.237,-3.298e-4,0,0.374,1.753,1.379,-0.004,1011.626,0.001,340.334,0.122,6.4,32.17
0.663,2.007,2914.496,728.207,0.294,0.003,61.697,46.43,193.837,0.537,0.394,0.02,0.122,0.543,0.52,1.245,1.743e-4,0,0.37,1.753,1.383,-0.004,1011.614,0.001,340.334,0.122,6.4,32.17
0.665,2.019,2914.228,727.939,0.294,0.003,61.693,46.427,193.686,0.537,0.394,0.02,0.122,0.543,0.524,1.252,-4.766e-4,0,0.367,1.753,1.386,-0.004,1011.602,0.001,340.334,0.123,6.4,32.17
0.668,2.031,2913.96,727.671,0.294,0.003,61.689,46.424,193.535,0.537,0.394,0.02,0.122,0.543,0.527,1.26,-1.507e-4,0,0.364,1.753,1.389,-0.004,1011.589,0.001,340.333,0.123,6.4,32.17
0.67,2.043,2913.692,727.403,0.294,0.003,61.684,46.421,193.384,0.537,0.394,0.02,0.122,0.543,0.53,1.268,-4.489e-4,0,0.361,1.753,1.393,-0.004,1011.577,0.001,340.333,0.124,6.4,32.17
0.673,2.054,2913.423,727.135,0.294,0.003,61.68,46.418,193.232,0.537,0.394,0.02,0.122,0.543,0.533,1.275,-4.011e-4,0,0.357,1.753,1.396,-0.003,1011.565,0.001,340.332,0.124,6.4,32.17
0.675,2.065,2913.155,726.867,0.294,0.003,61.677,46.415,193.081,0.537,0.394,0.02,0.122,0.543,0.536,1.282,-2.278e-4,0,0.354,1.753,1.399,-0.003,1011.552,0.001,340.332,0.124,6.4,32.17
0.678,2.076,2912.887,726.598,0.293,0.003,61.673,46.412,192.93,0.537,0.394,0.02,0.122,0.543,0.539,1.289,-3.968e-4,0,0.351,1.753,1.402,-0.003,1011.54,0.001,340.331,0.125,6.4,32.17
0.68,2.087,2912.619,726.33,0.293,0.003,61.669,46.409,192.779,0.537,0.394,0.021,0.122,0.543,0.542,1.296,4.528e-5,0,0.348,1.753,1.405,-0.003,1011.527,0.001,340.331,0.125,6.4,32.17
0.683,2.097,2912.351,726.062,0.293,0.003,61.666,46.406,192.628,0.537,0.394,0.021,0.122,0.544,0.545,1.302,1.345e-4,0,0.345,1.753,1.408,-0.003,1011.515,0.001,340.331,0.126,6.4,32.17
0.685,2.107,2912.082,725.794,0.293,0.003,61.662,46.403,192.476,0.537,0.394,0.021,0.122,0.544,0.548,1.308,1.652e-4,0,0.342,1.753,1.411,-0.003,1011.502,0.001,340.33,0.126,6.4,32.17
0.688,2.116,2911.814,725.526,0.293,0.003,61.659,46.4,192.325,0.537,0.394,0.021,0.122,0.544,0.55,1.314,1.483e-4,0,0.339,1.753,1.414,-0.003,1011.49,0.001,340.33,0.126,6.4,32.17
0.69,2.125,2911.546,725.257,0.293,0.003,61.656,46.397,192.174,0.537,0.394,0.021,0.122,0.544,0.553,1.319,-4.276e-4,0,0.336,1.753,1.417,-0.003,1011.477,0.001,340.329,0.127,6.4,32.17
0.693,2.134,2911.278,724.989,0.293,0.003,61.653,46.395,192.023,0.537,0.394,0.021,0.122,0.544,0.555,1.325,-2.633e-4,0,0.333,1.753,1.42,-0.002,1011.465,0.001,340.329,0.127,6.4,32.17
0.695,2.141,2911.01,724.721,0.293,0.003,61.651,46.392,191.871,0.537,0.394,0.021,0.122,0.544,0.557,1.33,1.759e-4,0,0.33,1.754,1.423,-0.002,1011.452,0.001,340.329,0.128,6.4,32.17
0.698,2.149,2910.741,724.453,0.293,0.003,61.648,46.389,191.72,0.537,0.394,0.021,0.122,0.544,0.559,1.335,-5.433e-5,0,0.327,1.754,1.426,-0.002,1011.439,0.001,340.328,0.128,6.4,32.17
0.7,2.156,2910.473,724.185,0.293,0.003,61.646,46.386,191.569,0.537,0.394,0.021,0.122,0.544,0.561,1.339,-2.104e-4,0,0.324,1.754,1.429,-0.002,1011.426,0.001,340.328,0.128,6.4,32.17
0.703,2.161,2910.205,723.916,0.293,0.003,61.644,46.383,191.418,0.537,0.394,0.021,0.122,0.544,0.562,1.342,4.554e-4,0,0.322,1.754,1.432,-0.002,1011.414,0.001,340.327,0.129,6.4,32.17
0.705,2.165,2909.937,723.648,0.293,0.003,61.643,46.38,191.266,0.537,0.394,0.021,0.122,0.544,0.564,1.345,-3.184e-4,0,0.319,1.754,1.435,-0.002,1011.401,0.001,340.327,0.129,6.4,32.17
0.708,2.169,2909.669,723.38,0.293,0.003,61.641,46.377,191.115,0.537,0.394,0.021,0.122,0.544,0.565,1.348,-3.764e-4,0,0.316,1.754,1.438,-0.002,1011.388,0.001,340.326,0.13,6.4,32.17
0.71,2.173,2909.401,723.112,0.293,0.003,61.64,46.374,190.964,0.537,0.394,0.021,0.122,0.544,0.566,1.351,-2.627e-4,0,0.313,1.754,1.44,-0.001,1011.375,0.001,340.326,0.13,6.4,32.17
0.713,2.175,2909.132,722.844,0.293,0.003,61.639,46.371,190.813,0.537,0.394,0.021,0.122,0.544,0.566,1.352,3.928e-4,0,0.311,1.754,1.443,-0.001,1011.362,0.001,340.325,0.13,6.4,32.17
0.715,2.178,2908.864,722.575,0.293,0.003,61.639,46.368,190.661,0.537,0.394,0.021,0.122,0.545,0.567,1.353,-2.653e-4,0,0.308,1.754,1.446,-0.001,1011.349,0.001,340.325,0.131,6.4,32.17
0.718,2.179,2908.596,722.307,0.293,0.003,61.638,46.365,190.51,0.537,0.394,0.021,0.122,0.545,0.567,1.355,-4.398e-4,0,0.305,1.754,1.448,-0.001,1011.336,0.001,340.325,0.131,6.4,32.17
0.72,2.18,2908.328,722.039,0.293,0.003,61.638,46.362,190.359,0.537,0.394,0.021,0.122,0.545,0.568,1.356,2.344e-4,0,0.303,1.754,1.451,-9.319e-4,1011.323,0.001,340.324,0.132,6.4,32.17
0.723,2.18,2908.06,721.771,0.293,0.003,61.638,46.359,190.208,0.537,0.394,0.021,0.122,0.545,0.568,1.356,-8.854e-5,0,0.3,1.754,1.454,-8.166e-4,1011.31,0.001,340.324,0.132,6.4,32.17
0.725,2.18,2907.791,721.503,0.293,0.003,61.639,46.356,190.056,0.537,0.394,0.021,0.122,0.545,0.567,1.356,-4.179e-4,0,0.298,1.754,1.456,-7.073e-4,1011.296,0.001,340.323,0.132,6.4,32.17
0.728,2.178,2907.523,721.235,0.293,0.003,61.639,46.353,189.905,0.537,0.394,0.021,0.122,0.545,0.567,1.355,-2.83e-4,0,0.295,1.754,1.459,-6.046e-4,1011.283,0.001,340.323,0.133,6.4,32.17
0.73,2.177,2907.255,720.966,0.293,0.003,61.64,46.351,189.754,0.538,0.394,0.021,0.122,0.545,0.567,1.354,-4.758e-4,0,0.293,1.754,1.461,-5.089e-4,1011.27,0.001,340.322,0.133,6.4,32.17
0.733,2.174,2906.987,720.698,0.293,0.003,61.641,46.348,189.603,0.538,0.394,0.021,0.122,0.545,0.566,1.352,9.227e-5,0,0.29,1.754,1.464,-4.206e-4,1011.257,0.001,340.322,0.134,6.4,32.17
0.735,2.171,2906.719,720.43,0.293,0.003,61.642,46.345,189.451,0.538,0.394,0.021,0.122,0.545,0.565,1.351,-6.31e-5,0,0.288,1.754,1.466,-3.401e-4,1011.243,0.001,340.322,0.134,6.4,32.17
0.738,2.167,2906.45,720.162,0.293,0.003,61.644,46.342,189.3,0.538,0.394,0.021,0.122,0.545,0.564,1.348,-2.788e-4,0,0.285,1.754,1.469,-2.675e-4,1011.23,0.001,340.321,0.135,6.4,32.17
0.74,2.162,2906.182,719.894,0.293,0.003,61.646,46.339,189.149,0.538,0.394,0.021,0.122,0.545,0.563,1.346,1.692e-4,0,0.283,1.754,1.471,-2.033e-4,1011.216,0.001,340.321,0.135,6.4,32.17
0.743,2.156,2905.914,719.625,0.293,0.003,61.648,46.336,188.998,0.538,0.394,0.021,0.122,0.545,0.561,1.343,4.424e-4,0,0.28,1.754,1.474,-1.476e-4,1011.203,0.001,340.32,0.135,6.4,32.17
0.745,2.15,2905.646,719.357,0.293,0.003,61.65,46.333,188.846,0.538,0.394,0.021,0.122,0.545,0.559,1.338,4.979e-4,0,0.278,1.754,1.476,-1.007e-4,1011.189,0.001,340.32,0.136,6.4,32.17
0.748,2.143,2905.378,719.089,0.293,0.003,61.653,46.33,188.695,0.538,0.394,0.021,0.122,0.545,0.557,1.335,1.993e-4,0,0.276,1.754,1.478,-6.258e-5,1011.176,0.001,340.319,0.136,6.4,32.17
0.75,2.136,2905.109,718.821,0.293,0.003,61.656,46.327,188.544,0.538,0.394,0.021,0.122,0.545,0.556,1.331,1.973e-4,0,0.273,1.754,1.481,-3.36e-5,1011.162,0.001,340.319,0.137,6.4,32.17
0.753,2.131,2904.841,718.553,0.293,0.003,61.657,46.324,188.393,0.538,0.394,0.021,0.122,0.545,0.554,1.328,-1.468e-4,0,0.271,1.754,1.483,-1.388e-5,1011.149,0.001,340.318,0.137,6.4,32.17
0.755,2.126,2904.573,718.284,0.293,0.003,61.66,46.321,188.241,0.538,0.394,0.021,0.122,0.545,0.553,1.325,-2.791e-4,0,0.269,1.754,1.485,-2.738e-6,1011.135,0.001,340.318,0.137,6.4,32.17
0.758,2.12,2904.305,718.016,0.293,0.003,61.662,46.318,188.09,0.538,0.394,0.021,0.122,0.545,0.551,1.321,3.598e-4,0,0.267,1.754,1.487,1.721e-7,1011.121,0.001,340.317,0.138,6.4,32.17
0.76,2.113,2904.037,717.748,0.293,0.003,61.664,46.315,187.939,0.538,0.394,0.021,0.122,0.545,0.549,1.318,4.971e-4,0,0.265,1.754,1.49,6.151e-6,1011.108,0.001,340.317,0.138,6.4,32.17
0.763,2.105,2903.769,717.48,0.293,0.003,61.667,46.312,187.788,0.538,0.394,0.021,0.122,0.545,0.547,1.313,-1.914e-4,0,0.262,1.754,1.492,2.06e-5,1011.094,0.001,340.316,0.138,6.4,32.17
0.765,2.097,2903.5,717.212,0.292,0.003,61.67,46.309,187.637,0.538,0.394,0.021,0.123,0.545,0.545,1.308,-1.616e-4,0,0.26,1.754,1.494,4.341e-5,1011.08,0.001,340.316,0.139,6.4,32.17
0.768,2.088,2903.232,716.943,0.292,0.003,61.674,46.306,187.485,0.538,0.394,0.021,0.123,0.545,0.543,1.303,-1.736e-4,0,0.258,1.754,1.496,7.442e-5,1011.066,0.001,340.316,0.139,6.4,32.17
0.77,2.078,2902.964,716.675,0.292,0.003,61.677,46.303,187.334,0.538,0.394,0.021,0.123,0.545,0.54,1.296,4.632e-4,0,0.256,1.754,1.498,1.134e-4,1011.052,0.001,340.315,0.14,6.4,32.17
0.773,2.068,2902.696,716.407,0.292,0.003,61.681,46.301,187.183,0.538,0.394,0.021,0.123,0.545,0.537,1.29,-1.572e-4,0,0.254,1.754,1.5,1.602e-4,1011.038,0.001,340.315,0.14,6.4,32.17
0.775,2.056,2902.428,716.139,0.292,0.003,61.686,46.298,187.032,0.538,0.394,0.021,0.123,0.545,0.534,1.283,1.311e-4,0,0.252,1.754,1.502,2.145e-4,1011.024,0.001,340.314,0.14,6.4,32.17
0.778,2.045,2902.159,715.871,0.292,0.003,61.69,46.295,186.88,0.538,0.394,0.022,0.123,0.545,0.531,1.277,-2.793e-4,0,0.25,1.754,1.505,2.759e-4,1011.01,0.001,340.314,0.141,6.4,32.17
0.78,2.032,2901.891,715.602,0.292,0.003,61.695,46.292,186.729,0.538,0.394,0.022,0.123,0.545,0.527,1.269,-1.081e-4,0,0.248,1.754,1.507,3.442e-4,1010.996,0.001,340.313,0.141,6.4,32.17
0.783,2.019,2901.623,715.334,0.292,0.003,61.7,46.289,186.578,0.538,0.394,0.022,0.123,0.545,0.524,1.26,2.483e-4,0,0.246,1.754,1.509,4.188e-4,1010.982,0.001,340.313,0.142,6.4,32.17
0.785,2.005,2901.355,715.066,0.292,0.003,61.705,46.286,186.427,0.538,0.394,0.022,0.123,0.545,0.52,1.252,4.475e-4,0,0.244,1.755,1.511,4.994e-4,1010.968,0.001,340.312,0.142,6.4,32.17
0.788,1.99,2901.087,714.798,0.292,0.003,61.71,46.283,186.275,0.538,0.394,0.022,0.123,0.544,0.516,1.243,-4.331e-6,0,0.242,1.755,1.513,5.855e-4,1010.954,0.001,340.312,0.142,6.4,32.17
0.79,1.974,2900.818,714.53,0.292,0.003,61.716,46.28,186.124,0.538,0.394,0.022,0.123,0.544,0.512,1.233,1.268e-4,0,0.24,1.755,1.514,6.765e-4,1010.94,0.001,340.311,0.143,6.4,32.17
0.793,1.958,2900.55,714.262,0.292,0.003,61.722,46.277,185.973,0.538,0.394,0.022,0.123,0.544,0.507,1.224,3.395e-5,0,0.238,1.755,1.516,7.718e-4,1010.925,0.001,340.311,0.143,6.4,32.17
0.795,1.942,2900.282,713.993,0.292,0.003,61.728,46.274,185.822,0.538,0.394,0.022,0.123,0.544,0.503,1.214,-2.527e-5,0,0.236,1.755,1.518,8.709e-4,1010.911,0.001,340.31,0.144,6.4,32.17
0.798,1.924,2900.014,713.725,0.292,0.003,61.734,46.271,185.67,0.538,0.394,0.022,0.123,0.544,0.498,1.203,1.813e-5,0,0.234,1.755,1.52,9.73e-4,1010.897,0.001,340.31,0.144,6.4,32.17
0.8,1.906,2899.746,713.457,0.292,0.003,61.741,46.268,185.519,0.539,0.394,0.022,0.123,0.544,0.493,1.191,4.539e-4,0,0.233,1.755,1.522,0.001,1010.882,0.001,340.309,0.144,6.4,32.17
0.803,1.882,2899.477,713.189,0.292,0.003,61.75,46.265,185.368,0.539,0.394,0.022,0.123,0.544,0.487,1.177,1.33e-4,0,0.231,1.755,1.524,0.001,1010.868,0.001,340.309,0.145,6.4,32.17
0.805,1.859,2899.209,712.921,0.292,0.003,61.759,46.262,185.217,0.539,0.394,0.022,0.123,0.544,0.48,1.162,2.594e-4,0,0.229,1.755,1.526,0.001,1010.854,0.001,340.308,0.145,6.4,32.17
0.808,1.834,2898.941,712.652,0.292,0.003,61.768,46.259,185.065,0.539,0.394,0.022,0.123,0.544,0.474,1.147,4.022e-4,0,0.227,1.755,1.528,0.001,1010.839,0.001,340.308,0.146,6.4,32.17
0.81,1.809,2898.673,712.384,0.292,0.003,61.777,46.256,184.914,0.539,0.394,0.022,0.123,0.544,0.467,1.131,-2.524e-4,0,0.225,1.755,1.529,0.002,1010.825,0.001,340.307,0.146,6.4,32.17
0.813,1.784,2898.405,712.116,0.292,0.003,61.786,46.253,184.763,0.539,0.394,0.022,0.123,0.544,0.46,1.116,-1.39e-4,0,0.224,1.755,1.531,0.002,1010.81,0.001,340.307,0.146,6.4,32.17
0.815,1.758,2898.136,711.848,0.292,0.003,61.796,46.25,184.612,0.539,0.394,0.022,0.123,0.544,0.454,1.1,4.775e-4,0,0.222,1.755,1.533,0.002,1010.795,0.001,340.306,0.147,6.4,32.17
0.818,1.732,2897.868,711.58,0.292,0.003,61.805,46.247,184.46,0.539,0.394,0.022,0.123,0.543,0.447,1.084,9.195e-5,0,0.22,1.755,1.535,0.002,1010.781,0.001,340.306,0.147,6.4,32.17
0.82,1.706,2897.6,711.311,0.292,0.003,61.815,46.244,184.309,0.539,0.394,0.022,0.123,0.543,0.439,1.067,3.66e-4,0,0.218,1.755,1.536,0.002,1010.766,0.001,340.305,0.148,6.4,32.17
0.823,1.679,2897.332,711.043,0.292,0.003,61.825,46.241,184.158,0.539,0.394,0.022,0.123,0.543,0.432,1.05,-3.76e-4,0,0.217,1.755,1.538,0.002,1010.751,0.001,340.305,0.148,6.4,32.17
0.825,1.651,2897.064,710.775,0.292,0.003,61.835,46.239,184.007,0.539,0.394,0.022,0.123,0.543,0.425,1.033,-4.445e-5,0,0.215,1.755,1.54,0.002,1010.737,0.001,340.304,0.148,6.4,32.17
0.828,1.624,2896.796,710.507,0.292,0.003,61.845,46.236,183.855,0.539,0.394,0.022,0.123,0.543,0.418,1.017,-3.052e-4,0,0.214,1.755,1.542,0.002,1010.722,0.001,340.304,0.149,6.4,32.17
0.83,1.596,2896.527,710.239,0.292,0.003,61.856,46.233,183.704,0.539,0.394,0.022,0.123,0.543,0.41,1,2.963e-4,0,0.212,1.755,1.543,0.002,1010.707,0.001,340.303,0.149,6.4,32.17
0.833,1.569,2896.259,709.97,0.292,0.003,61.866,46.23,183.553,0.539,0.394,0.022,0.123,0.543,0.403,0.982,-1.236e-4,0,0.21,1.755,1.545,0.002,1010.692,0.001,340.303,0.149,6.4,32.17
0.835,1.541,2895.991,709.702,0.292,0.003,61.877,46.227,183.402,0.539,0.394,0.022,0.123,0.543,0.395,0.965,-5.959e-5,0,0.209,1.755,1.546,0.002,1010.677,0.001,340.302,0.15,6.4,32.17
0.838,1.513,2895.733,709.445,0.292,0.003,61.887,46.224,183.257,0.539,0.394,0.022,0.123,0.543,0.388,0.948,6.418e-5,0,0.207,1.755,1.548,0.002,1010.662,0.001,340.302,0.15,6.4,32.17
0.84,1.485,2895.492,709.203,0.292,0.003,61.897,46.221,183.12,0.539,0.394,0.022,0.123,0.543,0.381,0.93,-4.496e-4,0,0.206,1.755,1.55,0.002,1010.647,0.001,340.301,0.151,6.4,32.17
0.843,1.457,2895.25,708.961,0.292,0.003,61.908,46.218,182.984,0.539,0.394,0.022,0.123,0.543,0.373,0.913,3.29e-4,0,0.204,1.755,1.551,0.002,1010.632,0.001,340.301,0.151,6.4,32.17
0.845,1.429,2895.008,708.719,0.292,0.003,61.918,46.216,182.848,0.539,0.394,0.022,0.123,0.542,0.366,0.896,-3.796e-4,0,0.202,1.755,1.553,0.002,1010.617,0.001,340.3,0.151,6.4,32.17
0.848,1.401,2894.766,708.478,0.292,0.003,61.929,46.213,182.712,0.539,0.394,0.022,0.123,0.542,0.359,0.878,1.327e-4,0,0.201,1.755,1.554,0.002,1010.602,0.001,340.3,0.152,6.4,32.17
0.85,1.377,2894.524,708.236,0.292,0.003,61.938,46.21,182.576,0.539,0.394,0.022,0.123,0.542,0.352,0.863,-1.894e-4,0,0.2,1.755,1.556,0.002,1010.587,0.001,340.299,0.152,6.4,32.17
0.853,1.363,2894.283,707.994,0.291,0.003,61.943,46.208,182.44,0.539,0.394,0.022,0.123,0.542,0.348,0.855,4.069e-4,0,0.198,1.755,1.557,0.002,1010.572,0.001,340.299,0.153,6.4,32.17
0.855,1.35,2894.041,707.752,0.291,0.003,61.948,46.205,182.304,0.539,0.394,0.022,0.123,0.542,0.345,0.847,3.954e-4,0,0.197,1.755,1.559,0.002,1010.556,0.001,340.298,0.153,6.4,32.17
0.858,1.337,2893.799,707.51,0.291,0.003,61.953,46.202,182.168,0.539,0.394,0.022,0.123,0.542,0.341,0.838,-4.896e-6,0,0.195,1.755,1.56,0.002,1010.541,0.001,340.298,0.153,6.4,32.17
0.86,1.324,2893.557,707.269,0.291,0.003,61.958,46.2,182.032,0.539,0.394,0.022,0.123,0.542,0.338,0.83,3.247e-4,0,0.194,1.755,1.562,0.002,1010.526,0.001,340.297,0.154,6.4,32.17
0.863,1.311,2893.316,707.027,0.291,0.003,61.963,46.197,181.896,0.54,0.394,0.022,0.123,0.542,0.335,0.823,-4.219e-5,0,0.192,1.755,1.563,0.002,1010.511,0.001,340.297,0.154,6.4,32.17
0.865,1.299,2893.074,706.785,0.291,0.003,61.968,46.194,181.76,0.54,0.394,0.023,0.123,0.542,0.332,0.816,3.978e-4,0,0.191,1.755,1.564,0.002,1010.495,0.001,340.296,0.154,6.4,32.17
0.868,1.287,2892.832,706.543,0.291,0.003,61.972,46.192,181.624,0.54,0.394,0.023,0.123,0.542,0.329,0.809,2.414e-4,0,0.19,1.755,1.566,0.002,1010.48,0.001,340.296,0.155,6.4,32.17
0.87,1.276,2892.59,706.302,0.291,0.003,61.977,46.189,181.488,0.54,0.394,0.023,0.123,0.542,0.326,0.802,5.177e-5,0,0.188,1.756,1.567,0.002,1010.464,0.001,340.295,0.155,6.4,32.17
0.873,1.266,2892.349,706.06,0.291,0.003,61.981,46.186,181.352,0.54,0.394,0.023,0.123,0.542,0.323,0.796,2.097e-4,0,0.187,1.756,1.569,0.001,1010.449,0.001,340.295,0.156,6.4,32.17
0.875,1.256,2892.107,705.818,0.291,0.003,61.985,46.184,181.215,0.54,0.394,0.023,0.123,0.542,0.32,0.789,2.623e-4,0,0.186,1.756,1.57,0.001,1010.433,0.001,340.294,0.156,6.4,32.17
0.878,1.246,2891.865,705.576,0.291,0.003,61.988,46.181,181.079,0.54,0.394,0.023,0.123,0.542,0.318,0.783,-4.604e-4,0,0.184,1.756,1.571,0.001,1010.418,0.001,340.294,0.156,6.4,32.17
0.88,1.238,2891.623,705.335,0.291,0.003,61.992,46.178,180.943,0.54,0.394,0.023,0.123,0.542,0.316,0.778,5.775e-5,0,0.183,1.756,1.573,0.001,1010.402,0.001,340.293,0.157,6.4,32.17
0.883,1.23,2891.381,705.093,0.291,0.003,61.995,46.176,180.807,0.54,0.394,0.023,0.123,0.542,0.313,0.774,-2.1e-5,0,0.182,1.756,1.574,9.522e-4,1010.387,0.001,340.293,0.157,6.4,32.17
0.885,1.223,2891.14,704.851,0.291,0.003,61.998,46.173,180.671,0.54,0.394,0.023,0.123,0.542,0.312,0.769,1.471e-4,0,0.181,1.756,1.575,8.214e-4,1010.371,0.001,340.292,0.158,6.4,32.17
0.888,1.217,2890.898,704.609,0.291,0.003,62,46.17,180.535,0.54,0.394,0.023,0.123,0.542,0.31,0.766,4.69e-4,0,0.179,1.756,1.576,6.938e-4,1010.355,0.001,340.292,0.158,6.4,32.17
0.89,1.212,2890.656,704.367,0.291,0.003,62.002,46.168,180.399,0.54,0.394,0.023,0.123,0.542,0.309,0.763,1.607e-4,0,0.178,1.756,1.578,5.715e-4,1010.339,0.001,340.291,0.158,6.4,32.17
0.893,1.207,2890.414,704.126,0.291,0.003,62.004,46.165,180.263,0.54,0.394,0.023,0.123,0.542,0.308,0.761,1.286e-4,0,0.177,1.756,1.579,4.566e-4,1010.324,0.001,340.291,0.159,6.4,32.17
0.895,1.204,2890.173,703.884,0.291,0.003,62.005,46.162,180.127,0.54,0.394,0.023,0.123,0.542,0.307,0.759,4.279e-6,0,0.176,1.756,1.58,3.51e-4,1010.308,0.001,340.29,0.159,6.4,32.17
0.898,1.202,2889.931,703.642,0.291,0.003,62.006,46.16,179.991,0.54,0.394,0.023,0.123,0.542,0.306,0.758,-3.968e-4,0,0.174,1.756,1.582,2.567e-4,1010.292,0.001,340.29,0.159,6.4,32.17
0.9,1.198,2889.689,703.4,0.291,0.003,62.008,46.157,179.855,0.54,0.394,0.023,0.123,0.542,0.305,0.756,-1.735e-4,0,0.173,1.756,1.583,1.714e-4,1010.276,0.001,340.289,0.16,6.4,32.17
0.903,1.185,2889.447,703.159,0.291,0.003,62.013,46.154,179.719,0.54,0.394,0.023,0.123,0.542,0.302,0.748,2.759e-4,0,0.172,1.756,1.584,8.994e-5,1010.26,0.001,340.288,0.16,6.4,32.17
0.905,1.174,2889.206,702.917,0.291,0.003,62.017,46.152,179.583,0.54,0.394,0.023,0.123,0.542,0.299,0.741,9.987e-5,0,0.171,1.756,1.585,3.356e-5,1010.244,0.001,340.288,0.161,6.4,32.17
0.908,1.164,2888.964,702.675,0.291,0.003,62.021,46.149,179.446,0.54,0.394,0.023,0.123,0.542,0.296,0.735,-1.573e-4,0,0.17,1.756,1.586,4.197e-6,1010.228,0.001,340.287,0.161,6.4,32.17
0.91,1.157,2888.722,702.433,0.291,0.003,62.024,46.146,179.31,0.54,0.394,0.023,0.123,0.543,0.294,0.731,3.143e-4,0,0.168,1.756,1.588,-2.955e-6,1010.212,0.001,340.287,0.161,6.4,32.17
0.913,1.151,2888.48,702.192,0.291,0.003,62.026,46.144,179.174,0.54,0.394,0.023,0.123,0.543,0.293,0.726,-2.494e-4,0,0.167,1.756,1.589,-3e-5,1010.196,0.001,340.286,0.162,6.4,32.17
0.915,1.147,2888.239,701.95,0.291,0.003,62.028,46.141,179.038,0.54,0.394,0.023,0.123,0.543,0.292,0.725,-2.151e-4,0,0.166,1.756,1.59,-8.457e-5,1010.18,0.001,340.286,0.162,6.4,32.17
0.918,1.145,2887.997,701.708,0.291,0.003,62.029,46.138,178.902,0.54,0.394,0.023,0.123,0.543,0.291,0.723,-1.387e-6,0,0.165,1.756,1.591,-1.649e-4,1010.164,0.001,340.285,0.162,6.4,32.17
0.92,1.144,2887.755,701.466,0.291,0.003,62.029,46.135,178.766,0.541,0.394,0.023,0.123,0.543,0.291,0.723,7.197e-5,0,0.164,1.756,1.592,-2.684e-4,1010.147,0.001,340.285,0.163,6.4,32.17
0.923,1.146,2887.513,701.225,0.291,0.003,62.029,46.133,178.63,0.541,0.394,0.023,0.123,0.543,0.292,0.725,-1.97e-4,0,0.163,1.756,1.593,-3.918e-4,1010.131,0.001,340.284,0.163,6.4,32.17
0.925,1.149,2887.271,700.983,0.291,0.003,62.028,46.13,178.494,0.541,0.394,0.023,0.123,0.543,0.292,0.727,-4.845e-4,0,0.162,1.756,1.595,-5.311e-4,1010.115,0.001,340.284,0.164,6.4,32.17
0.928,1.153,2887.03,700.741,0.291,0.003,62.026,46.127,178.358,0.541,0.394,0.023,0.123,0.543,0.293,0.729,-3.751e-4,0,0.161,1.756,1.596,-6.82e-4,1010.099,0.001,340.283,0.164,6.4,32.17
0.93,1.159,2886.788,700.499,0.291,0.003,62.024,46.125,178.222,0.541,0.394,0.023,0.124,0.543,0.295,0.734,3.816e-4,0,0.159,1.756,1.597,-8.402e-4,1010.082,0.001,340.283,0.164,6.4,32.17
0.933,1.166,2886.546,700.257,0.291,0.003,62.022,46.122,178.086,0.541,0.394,0.023,0.124,0.543,0.297,0.739,6.174e-5,0,0.158,1.756,1.598,-0.001,1010.066,0.001,340.282,0.165,6.4,32.17
0.935,1.175,2886.304,700.016,0.291,0.003,62.019,46.119,177.95,0.541,0.394,0.023,0.124,0.543,0.299,0.745,1.237e-4,0,0.157,1.756,1.599,-0.001,1010.049,0.001,340.281,0.165,6.4,32.17
0.938,1.185,2886.063,699.774,0.291,0.003,62.015,46.117,177.814,0.541,0.394,0.024,0.124,0.543,0.302,0.751,1.018e-4,0,0.156,1.756,1.6,-0.001,1010.033,0.001,340.281,0.165,6.4,32.17
0.94,1.195,2885.821,699.532,0.291,0.003,62.011,46.114,177.678,0.541,0.394,0.024,0.124,0.543,0.305,0.758,2.553e-4,0,0.155,1.756,1.601,-0.001,1010.017,0.001,340.28,0.166,6.4,32.17
0.943,1.207,2885.579,699.29,0.291,0.003,62.007,46.111,177.541,0.541,0.394,0.024,0.124,0.543,0.308,0.766,2.421e-4,0,0.154,1.756,1.602,-0.002,1010,0.001,340.28,0.166,6.4,32.17
0.945,1.219,2885.337,699.049,0.291,0.003,62.003,46.109,177.405,0.541,0.394,0.024,0.124,0.543,0.311,0.774,3.378e-4,0,0.153,1.756,1.603,-0.002,1009.983,0.001,340.279,0.167,6.4,32.17
0.948,1.233,2885.096,698.807,0.291,0.003,61.998,46.106,177.269,0.541,0.394,0.024,0.124,0.543,0.314,0.782,-3.093e-5,0,0.152,1.756,1.604,-0.002,1009.967,0.001,340.279,0.167,6.4,32.17
0.95,1.246,2884.854,698.565,0.29,0.003,61.993,46.103,177.133,0.541,0.394,0.024,0.124,0.544,0.318,0.791,-4.198e-4,0,0.151,1.757,1.605,-0.002,1009.95,0.001,340.278,0.167,6.4,32.17
0.953,1.261,2884.612,698.323,0.29,0.003,61.988,46.101,176.997,0.541,0.394,0.024,0.124,0.544,0.322,0.801,1.036e-4,0,0.15,1.757,1.606,-0.002,1009.933,0.001,340.278,0.168,6.4,32.17
0.955,1.277,2884.37,698.082,0.29,0.003,61.982,46.098,176.861,0.541,0.394,0.024,0.124,0.544,0.326,0.811,-4.471e-4,0,0.149,1.757,1.607,-0.002,1009.917,0.001,340.277,0.168,6.4,32.17
0.958,1.292,2884.128,697.84,0.29,0.003,61.977,46.095,176.725,0.541,0.394,0.024,0.124,0.544,0.33,0.821,-4.916e-4,0,0.148,1.757,1.608,-0.002,1009.9,0.001,340.276,0.168,6.4,32.17
0.96,1.307,2883.887,697.598,0.29,0.003,61.971,46.092,176.589,0.541,0.394,0.024,0.124,0.544,0.334,0.83,-4.856e-4,0,0.147,1.757,1.609,-0.002,1009.883,0.001,340.276,0.169,6.4,32.17
0.963,1.323,2883.645,697.356,0.29,0.003,61.965,46.09,176.453,0.541,0.394,0.024,0.124,0.544,0.338,0.84,-3.414e-4,0,0.146,1.757,1.61,-0.002,1009.866,0.001,340.275,0.169,6.4,32.17
0.965,1.338,2883.403,697.114,0.29,0.003,61.96,46.087,176.317,0.541,0.394,0.024,0.124,0.544,0.342,0.85,-1.486e-4,0,0.145,1.757,1.611,-0.002,1009.849,0.001,340.275,0.17,6.4,32.17
0.968,1.353,2883.161,696.873,0.29,0.003,61.954,46.084,176.181,0.541,0.394,0.024,0.124,0.544,0.346,0.86,-4.233e-4,0,0.145,1.757,1.612,-0.002,1009.833,0.001,340.274,0.17,6.4,32.17
0.97,1.368,2882.92,696.631,0.29,0.003,61.949,46.082,176.045,0.541,0.394,0.024,0.124,0.544,0.35,0.869,1.322e-4,0,0.144,1.757,1.613,-0.002,1009.816,0.001,340.274,0.17,6.4,32.17
0.973,1.383,2882.678,696.389,0.29,0.003,61.944,46.079,175.909,0.541,0.394,0.024,0.124,0.545,0.354,0.879,-3.704e-4,0,0.143,1.757,1.614,-0.002,1009.799,0.001,340.273,0.171,6.4,32.17
0.975,1.397,2882.436,696.147,0.29,0.003,61.939,46.076,175.772,0.542,0.394,0.024,0.124,0.545,0.358,0.888,2.735e-4,0,0.142,1.757,1.615,-0.002,1009.782,0.001,340.272,0.171,6.4,32.17
0.978,1.41,2882.194,695.906,0.29,0.003,61.934,46.074,175.636,0.542,0.394,0.024,0.124,0.545,0.361,0.896,-3.105e-4,0,0.141,1.757,1.616,-0.002,1009.765,0.001,340.272,0.171,6.4,32.17
0.98,1.423,2881.953,695.664,0.29,0.003,61.929,46.071,175.5,0.542,0.394,0.024,0.124,0.545,0.365,0.905,3.199e-4,0,0.14,1.757,1.617,-0.002,1009.748,0.001,340.271,0.172,6.4,32.17
0.983,1.436,2881.711,695.422,0.29,0.003,61.925,46.068,175.364,0.542,0.394,0.024,0.124,0.545,0.368,0.912,1.578e-4,0,0.139,1.757,1.618,-0.001,1009.73,0.001,340.271,0.172,6.4,32.17
0.985,1.447,2881.469,695.18,0.29,0.003,61.921,46.066,175.228,0.542,0.394,0.024,0.124,0.545,0.371,0.921,3.377e-4,0,0.138,1.757,1.619,-0.001,1009.713,0.001,340.27,0.172,6.4,32.17
0.988,1.458,2881.227,694.939,0.29,0.003,61.917,46.063,175.092,0.542,0.394,0.024,0.124,0.545,0.374,0.928,3.531e-4,0,0.137,1.757,1.62,-0.001,1009.696,0.001,340.27,0.173,6.4,32.17
0.99,1.469,2880.985,694.697,0.29,0.003,61.913,46.06,174.956,0.542,0.394,0.024,0.124,0.545,0.377,0.934,-7.908e-5,0,0.137,1.757,1.62,-0.001,1009.679,0.001,340.269,0.173,6.4,32.17
0.993,1.478,2880.744,694.455,0.29,0.003,61.91,46.057,174.82,0.542,0.394,0.024,0.124,0.545,0.379,0.94,-2.39e-4,0,0.136,1.757,1.621,-0.001,1009.662,0.001,340.268,0.174,6.4,32.17
0.995,1.487,2880.502,694.213,0.29,0.003,61.907,46.055,174.684,0.542,0.394,0.024,0.124,0.545,0.381,0.945,-1.886e-4,0,0.135,1.757,1.622,-9.012e-4,1009.644,0.001,340.268,0.174,6.4,32.17
0.998,1.494,2880.26,693.971,0.29,0.003,61.904,46.052,174.548,0.542,0.394,0.024,0.124,0.545,0.383,0.95,-3.515e-4,0,0.134,1.757,1.623,-7.926e-4,1009.627,0.001,340.267,0.174,6.4,32.17
1,1.501,2880.018,693.73,0.29,0.003,61.902,46.049,174.412,0.542,0.394,0.024,0.124,0.546,0.385,0.955,1.316e-4,0,0.133,1.757,1.624,-6.878e-4,1009.61,0.001,340.267,0.175,6.4,32.17
1.003,1.508,2879.777,693.488,0.29,0.003,61.9,46.047,174.276,0.542,0.394,0.024,0.124,0.546,0.387,0.959,-4.588e-4,0,0.132,1.757,1.625,-5.894e-4,1009.592,0.001,340.266,0.175,6.4,32.17
1.005,1.514,2879.535,693.246,0.29,0.003,61.898,46.044,174.14,0.542,0.394,0.024,0.124,0.546,0.389,0.963,-2.688e-4,0,0.132,1.757,1.626,-4.962e-4,1009.575,0.001,340.265,0.175,6.4,32.17
1.008,1.519,2879.293,693.004,0.29,0.003,61.896,46.041,174.004,0.542,0.394,0.024,0.124,0.546,0.39,0.966,6.37e-5,0,0.131,1.757,1.626,-4.092e-4,1009.557,0.001,340.265,0.176,6.4,32.17
1.01,1.523,2879.051,692.763,0.29,0.003,61.895,46.039,173.867,0.542,0.394,0.024,0.124,0.546,0.391,0.969,1.466e-4,0,0.13,1.757,1.627,-3.291e-4,1009.54,0.001,340.264,0.176,6.4,32.17
1.013,1.526,2878.81,692.521,0.29,0.003,61.894,46.036,173.731,0.542,0.394,0.025,0.124,0.546,0.392,0.971,-3.567e-4,0,0.129,1.757,1.628,-2.566e-4,1009.522,0.001,340.264,0.176,6.4,32.17
1.015,1.528,2878.568,692.279,0.29,0.003,61.893,46.033,173.595,0.542,0.394,0.025,0.124,0.546,0.392,0.972,-3.262e-4,0,0.129,1.757,1.629,-1.922e-4,1009.505,0.001,340.263,0.177,6.4,32.17
1.018,1.529,2878.326,692.037,0.29,0.003,61.893,46.03,173.459,0.542,0.394,0.025,0.124,0.546,0.392,0.973,-4.229e-4,0,0.128,1.757,1.63,-1.365e-4,1009.487,0.001,340.263,0.177,6.4,32.17
1.02,1.528,2878.084,691.796,0.29,0.003,61.893,46.028,173.323,0.542,0.394,0.025,0.124,0.546,0.392,0.973,5.448e-5,0,0.127,1.757,1.63,-8.991e-5,1009.469,0.001,340.262,0.178,6.4,32.17
1.023,1.527,2877.842,691.554,0.29,0.003,61.894,46.025,173.187,0.542,0.394,0.025,0.124,0.546,0.392,0.972,-3.756e-5,0,0.126,1.757,1.631,-5.279e-5,1009.452,0.001,340.261,0.178,6.4,32.17
1.025,1.525,2877.601,691.312,0.29,0.003,61.895,46.022,173.051,0.542,0.394,0.025,0.124,0.546,0.392,0.971,2.759e-4,0,0.126,1.758,1.632,-2.538e-5,1009.434,0.001,340.261,0.178,6.4,32.17
1.028,1.521,2877.359,691.07,0.29,0.003,61.896,46.02,172.915,0.542,0.394,0.025,0.124,0.546,0.391,0.969,-9.641e-6,0,0.125,1.758,1.633,-7.864e-6,1009.416,0.001,340.26,0.179,6.4,32.17
1.03,1.517,2877.117,690.828,0.29,0.003,61.898,46.017,172.779,0.543,0.394,0.025,0.124,0.546,0.389,0.966,-1.689e-5,0,0.124,1.758,1.634,-3.252e-7,1009.398,0.001,340.26,0.179,6.4,32.17
1.033,1.511,2876.875,690.587,0.29,0.003,61.9,46.014,172.643,0.543,0.394,0.025,0.124,0.546,0.388,0.963,1.025e-4,0,0.123,1.758,1.634,2.755e-6,1009.38,0.001,340.259,0.179,6.4,32.17
1.035,1.505,2876.634,690.345,0.29,0.003,61.903,46.012,172.507,0.543,0.394,0.025,0.124,0.546,0.386,0.959,5.366e-6,0,0.123,1.758,1.635,1.506e-5,1009.362,0.001,340.258,0.18,6.4,32.17
1.038,1.497,2876.392,690.103,0.29,0.003,61.906,46.009,172.371,0.543,0.394,0.025,0.124,0.546,0.384,0.954,-4.886e-4,0,0.122,1.758,1.636,3.705e-5,1009.345,0.001,340.258,0.18,6.4,32.17
1.04,1.489,2876.15,689.861,0.29,0.003,61.909,46.006,172.235,0.543,0.394,0.025,0.124,0.546,0.382,0.949,4.952e-4,0,0.121,1.758,1.636,6.846e-5,1009.327,0.001,340.257,0.18,6.4,32.17
1.043,1.479,2875.908,689.62,0.29,0.003,61.913,46.003,172.098,0.543,0.394,0.025,0.124,0.546,0.379,0.943,-4.161e-4,0,0.121,1.758,1.637,1.089e-4,1009.309,0.001,340.257,0.181,6.4,32.17
1.045,1.468,2875.667,689.378,0.289,0.003,61.917,46.001,171.962,0.543,0.394,0.025,0.124,0.546,0.376,0.936,1.813e-4,0,0.12,1.758,1.638,1.58e-4,1009.291,0.001,340.256,0.181,6.4,32.17
1.048,1.456,2875.425,689.136,0.289,0.003,61.922,45.998,171.826,0.543,0.394,0.025,0.124,0.546,0.373,0.929,-4.124e-4,0,0.119,1.758,1.639,2.152e-4,1009.273,0.001,340.255,0.181,6.4,32.17
1.05,1.443,2875.183,688.894,0.289,0.003,61.927,45.995,171.69,0.543,0.394,0.025,0.124,0.546,0.37,0.92,2.34e-4,0,0.118,1.758,1.639,2.806e-4,1009.254,0.001,340.255,0.182,6.4,32.17
1.053,1.425,2874.941,688.653,0.289,0.003,61.934,45.993,171.554,0.543,0.394,0.025,0.124,0.546,0.365,0.909,3.015e-4,0,0.118,1.758,1.64,3.56e-4,1009.236,0.001,340.254,0.182,6.4,32.17
1.055,1.407,2874.699,688.411,0.289,0.003,61.941,45.99,171.418,0.543,0.394,0.025,0.124,0.546,0.36,0.897,2.447e-4,0,0.117,1.758,1.641,4.377e-4,1009.218,0.001,340.253,0.183,6.4,32.17
1.058,1.387,2874.458,688.169,0.289,0.003,61.948,45.987,171.282,0.543,0.394,0.025,0.124,0.546,0.355,0.885,-1.148e-5,0,0.116,1.758,1.642,5.246e-4,1009.2,0.001,340.253,0.183,6.4,32.17
1.06,1.366,2874.216,687.927,0.289,0.003,61.956,45.984,171.146,0.543,0.394,0.025,0.124,0.546,0.35,0.872,-1.817e-4,0,0.116,1.758,1.642,6.154e-4,1009.182,0.001,340.252,0.183,6.4,32.17
1.063,1.345,2873.974,687.685,0.289,0.003,61.964,45.982,171.01,0.543,0.394,0.025,0.124,0.546,0.344,0.858,2.328e-4,0,0.115,1.758,1.643,7.088e-4,1009.163,0.001,340.252,0.184,6.4,32.17
1.065,1.323,2873.732,687.444,0.289,0.003,61.973,45.979,170.874,0.543,0.394,0.025,0.124,0.546,0.338,0.844,2.789e-4,0,0.114,1.758,1.644,8.035e-4,1009.145,0.001,340.251,0.184,6.4,32.17
1.068,1.3,2873.491,687.202,0.289,0.003,61.981,45.976,170.738,0.543,0.394,0.025,0.124,0.546,0.332,0.829,1.39e-4,0,0.114,1.758,1.644,8.978e-4,1009.127,0.001,340.25,0.184,6.4,32.17
1.07,1.276,2873.249,686.96,0.289,0.003,61.99,45.974,170.602,0.543,0.394,0.025,0.124,0.546,0.326,0.814,-1.133e-5,0,0.113,1.758,1.645,9.903e-4,1009.108,0.001,340.25,0.185,6.4,32.17
1.073,1.251,2873.007,686.718,0.289,0.003,62,45.971,170.466,0.543,0.394,0.025,0.124,0.546,0.319,0.798,3.959e-4,0,0.112,1.758,1.646,0.001,1009.09,0.001,340.249,0.185,6.4,32.17
1.075,1.226,2872.765,686.477,0.289,0.003,62.009,45.968,170.329,0.543,0.394,0.025,0.124,0.546,0.313,0.783,-2.198e-4,0,0.112,1.758,1.646,0.001,1009.072,0.001,340.249,0.185,6.4,32.17
1.078,1.2,2872.524,686.235,0.289,0.003,62.019,45.965,170.193,0.543,0.394,0.025,0.124,0.546,0.306,0.766,-2.977e-4,0,0.111,1.758,1.647,0.001,1009.053,0.001,340.248,0.186,6.4,32.17
1.08,1.174,2872.282,685.993,0.289,0.003,62.029,45.963,170.057,0.543,0.394,0.025,0.125,0.546,0.299,0.75,2.278e-6,0,0.111,1.758,1.648,0.001,1009.035,0.001,340.247,0.186,6.4,32.17
1.083,1.148,2872.04,685.751,0.289,0.003,62.039,45.96,169.921,0.543,0.394,0.025,0.125,0.546,0.292,0.733,5.74e-5,0,0.11,1.758,1.648,0.001,1009.016,0.001,340.247,0.186,6.4,32.17
1.085,1.121,2871.798,685.51,0.289,0.003,62.049,45.957,169.785,0.544,0.393,0.025,0.125,0.546,0.285,0.716,-3.217e-4,0,0.109,1.758,1.649,0.001,1008.997,0.001,340.246,0.187,6.4,32.17
1.088,1.094,2871.556,685.268,0.289,0.003,62.06,45.955,169.649,0.544,0.393,0.026,0.125,0.546,0.278,0.699,4.131e-4,0,0.109,1.758,1.65,0.001,1008.979,0.001,340.245,0.187,6.4,32.17
1.09,1.067,2871.315,685.026,0.289,0.003,62.07,45.952,169.513,0.544,0.393,0.026,0.125,0.545,0.271,0.681,2.788e-4,0,0.108,1.758,1.65,0.001,1008.96,0.001,340.245,0.187,6.4,32.17
1.093,1.04,2871.073,684.784,0.289,0.003,62.081,45.949,169.377,0.544,0.393,0.026,0.125,0.545,0.264,0.664,1.906e-4,0,0.108,1.758,1.651,0.001,1008.941,0.001,340.244,0.188,6.4,32.17
1.095,1.013,2870.831,684.542,0.289,0.003,62.091,45.946,169.241,0.544,0.393,0.026,0.125,0.545,0.257,0.647,-3.933e-4,0,0.107,1.758,1.651,0.001,1008.923,0.001,340.244,0.188,6.4,32.17
1.098,0.986,2870.589,684.301,0.289,0.003,62.101,45.944,169.105,0.544,0.393,0.026,0.125,0.545,0.25,0.63,1.602e-4,0,0.106,1.758,1.652,0.001,1008.904,0.001,340.243,0.189,6.4,32.17
1.1,0.961,2870.348,684.059,0.289,0.003,62.111,45.941,168.969,0.544,0.393,0.026,0.125,0.545,0.244,0.614,2.96e-4,0,0.106,1.759,1.653,0.001,1008.885,0.001,340.242,0.189,6.4,32.17
1.103,0.937,2870.106,683.817,0.289,0.003,62.12,45.938,168.833,0.544,0.393,0.026,0.125,0.545,0.238,0.599,1.834e-4,0,0.105,1.759,1.653,0.001,1008.866,0.001,340.242,0.189,6.4,32.17
1.105,0.915,2869.864,683.575,0.289,0.003,62.129,45.936,168.697,0.544,0.393,0.026,0.125,0.545,0.232,0.585,4.235e-4,0,0.105,1.759,1.654,0.001,1008.848,0.001,340.241,0.19,6.4,32.17
1.108,0.892,2869.622,683.334,0.289,0.003,62.137,45.933,168.561,0.544,0.393,0.026,0.125,0.545,0.226,0.571,3.199e-4,0,0.104,1.759,1.654,0.001,1008.829,0.001,340.24,0.19,6.4,32.17
1.11,0.871,2869.381,683.092,0.289,0.003,62.146,45.93,168.424,0.544,0.393,0.026,0.125,0.545,0.22,0.557,-2.654e-4,0,0.104,1.759,1.655,0.001,1008.81,0.001,340.24,0.19,6.4,32.17
1.113,0.851,2869.139,682.85,0.289,0.003,62.153,45.927,168.288,0.544,0.393,0.026,0.125,0.545,0.215,0.545,-2.037e-4,0,0.103,1.759,1.656,9.111e-4,1008.791,0.001,340.239,0.191,6.4,32.17
1.115,0.832,2868.897,682.608,0.289,0.003,62.161,45.925,168.152,0.544,0.393,0.026,0.125,0.545,0.21,0.533,-1.851e-5,0,0.102,1.759,1.656,7.861e-4,1008.772,0.001,340.238,0.191,6.4,32.17
1.118,0.814,2868.655,682.367,0.289,0.003,62.168,45.922,168.016,0.544,0.393,0.026,0.125,0.545,0.206,0.521,3.389e-4,0,0.102,1.759,1.657,6.564e-4,1008.753,0.001,340.238,0.191,6.4,32.17
1.12,0.797,2868.413,682.125,0.289,0.003,62.174,45.919,167.88,0.544,0.393,0.026,0.125,0.545,0.201,0.511,-1.252e-4,0,0.101,1.759,1.657,5.263e-4,1008.734,0.001,340.237,0.192,6.4,32.17
1.123,0.782,2868.172,681.883,0.289,0.003,62.18,45.917,167.744,0.544,0.393,0.026,0.125,0.545,0.197,0.502,3.702e-4,0,0.101,1.759,1.658,4.004e-4,1008.714,0.001,340.237,0.192,6.4,32.17
1.125,0.769,2867.93,681.641,0.289,0.003,62.186,45.914,167.608,0.544,0.393,0.026,0.125,0.545,0.194,0.493,1.491e-4,0,0.1,1.759,1.659,2.838e-4,1008.695,0.001,340.236,0.192,6.4,32.17
1.128,0.757,2867.688,681.399,0.289,0.003,62.19,45.911,167.472,0.544,0.393,0.026,0.125,0.545,0.191,0.486,-4.328e-4,0,0.1,1.759,1.659,1.817e-4,1008.676,0.001,340.235,0.193,6.4,32.17
1.13,0.748,2867.446,681.158,0.289,0.003,62.194,45.908,167.336,0.544,0.393,0.026,0.125,0.545,0.189,0.48,2.409e-4,0,0.099,1.759,1.66,9.877e-5,1008.657,0.001,340.235,0.193,6.4,32.17
1.133,0.74,2867.205,680.916,0.289,0.003,62.197,45.906,167.2,0.544,0.393,0.026,0.125,0.545,0.187,0.475,2.849e-4,0,0.099,1.759,1.66,3.926e-5,1008.638,0.001,340.234,0.193,6.4,32.17
1.135,0.734,2866.963,680.674,0.289,0.003,62.2,45.903,167.064,0.544,0.393,0.026,0.125,0.545,0.185,0.471,8.052e-5,0,0.098,1.759,1.661,6.289e-6,1008.618,0.001,340.233,0.194,6.4,32.17
1.138,0.731,2866.721,680.432,0.289,0.003,62.201,45.9,166.928,0.544,0.393,0.026,0.125,0.545,0.184,0.469,3.412e-4,0,0.098,1.759,1.661,-1.653e-6,1008.599,0.001,340.233,0.194,6.4,32.17
1.14,0.729,2866.479,680.191,0.288,0.003,62.202,45.897,166.792,0.545,0.393,0.026,0.125,0.545,0.184,0.468,4.971e-4,0,0.097,1.759,1.662,-2.563e-5,1008.58,0.001,340.232,0.194,6.4,32.17
1.143,0.729,2866.238,679.949,0.288,0.003,62.202,45.895,166.655,0.545,0.393,0.026,0.125,0.545,0.184,0.469,-3.333e-4,0,0.097,1.759,1.662,-7.689e-5,1008.56,0.001,340.231,0.195,6.4,32.17
1.145,0.732,2865.996,679.707,0.288,0.003,62.201,45.892,166.519,0.545,0.393,0.026,0.125,0.546,0.185,0.47,-2.634e-4,0,0.096,1.759,1.663,-1.526e-4,1008.541,0.001,340.231,0.195,6.4,32.17
1.148,0.736,2865.754,679.465,0.288,0.003,62.2,45.889,166.383,0.545,0.393,0.026,0.125,0.546,0.186,0.474,3.167e-4,0,0.096,1.759,1.663,-2.489e-4,1008.522,0.001,340.23,0.195,6.4,32.17
1.15,0.742,2865.512,679.224,0.288,0.003,62.198,45.887,166.247,0.545,0.393,0.026,0.125,0.546,0.187,0.477,-4.067e-4,0,0.095,1.759,1.664,-3.579e-4,1008.502,0.001,340.229,0.196,6.4,32.17
1.153,0.749,2865.27,678.982,0.288,0.003,62.195,45.884,166.111,0.545,0.393,0.026,0.125,0.546,0.189,0.482,3.467e-4,0,0.095,1.759,1.664,-4.649e-4,1008.483,0.001,340.229,0.196,6.4,32.17
1.155,0.757,2865.029,678.74,0.288,0.003,62.192,45.881,165.975,0.545,0.393,0.026,0.125,0.546,0.191,0.488,-3.451e-4,0,0.094,1.759,1.665,-5.755e-4,1008.463,0.001,340.228,0.196,6.4,32.17
1.158,0.766,2864.787,678.498,0.288,0.003,62.189,45.878,165.839,0.545,0.393,0.026,0.125,0.546,0.193,0.494,5.176e-5,0,0.094,1.759,1.665,-6.86e-4,1008.443,0.001,340.227,0.197,6.4,32.17
1.16,0.777,2864.545,678.256,0.288,0.003,62.185,45.876,165.703,0.545,0.393,0.027,0.125,0.546,0.196,0.5,1.602e-4,0,0.093,1.759,1.666,-7.928e-4,1008.424,0.001,340.227,0.197,6.4,32.17
1.163,0.788,2864.303,678.015,0.288,0.003,62.181,45.873,165.567,0.545,0.393,0.027,0.125,0.546,0.199,0.508,6.838e-5,0,0.093,1.759,1.666,-8.931e-4,1008.404,0.001,340.226,0.197,6.4,32.17
1.165,0.8,2864.062,677.773,0.288,0.003,62.177,45.87,165.431,0.545,0.393,0.027,0.125,0.546,0.202,0.516,-2.941e-5,0,0.092,1.759,1.667,-9.841e-4,1008.384,0.001,340.225,0.198,6.4,32.17
1.168,0.812,2863.82,677.531,0.288,0.003,62.172,45.867,165.295,0.545,0.393,0.027,0.125,0.546,0.205,0.524,-1.6e-4,0,0.092,1.759,1.667,-0.001,1008.365,0.001,340.225,0.198,6.4,32.17
1.17,0.826,2863.578,677.289,0.288,0.003,62.167,45.865,165.159,0.545,0.393,0.027,0.125,0.546,0.209,0.532,1.549e-4,0,0.092,1.759,1.668,-0.001,1008.345,0.001,340.224,0.199,6.4,32.17
1.173,0.839,2863.336,677.048,0.288,0.003,62.162,45.862,165.023,0.545,0.393,0.027,0.125,0.546,0.212,0.541,-5.394e-5,0,0.091,1.76,1.668,-0.001,1008.325,0.001,340.223,0.199,6.4,32.17
1.175,0.853,2863.095,676.806,0.288,0.003,62.157,45.859,164.887,0.545,0.393,0.027,0.125,0.546,0.216,0.551,-3.132e-4,0,0.091,1.76,1.669,-0.001,1008.305,0.001,340.223,0.199,6.4,32.17
1.178,0.868,2862.853,676.564,0.288,0.003,62.152,45.857,164.75,0.545,0.393,0.027,0.125,0.546,0.22,0.56,-2.065e-4,0,0.09,1.76,1.669,-0.001,1008.286,0.001,340.222,0.2,6.4,32.17
1.18,0.882,2862.611,676.322,0.288,0.003,62.147,45.854,164.614,0.545,0.393,0.027,0.125,0.547,0.223,0.57,-2.434e-4,0,0.09,1.76,1.67,-0.001,1008.266,0.001,340.221,0.2,6.4,32.17
1.183,0.896,2862.369,676.081,0.288,0.003,62.141,45.851,164.478,0.545,0.393,0.027,0.125,0.547,0.227,0.579,1.727e-4,0,0.089,1.76,1.67,-0.001,1008.246,0.001,340.221,0.2,6.4,32.17
1.186,0.913,2862.079,675.79,0.288,0.003,62.135,45.848,164.315,0.545,0.393,0.027,0.125,0.547,0.231,0.59,1.952e-4,0,0.089,1.76,1.671,-0.001,1008.222,0.001,340.22,0.201,6.4,32.17
1.189,0.928,2861.868,675.579,0.288,0.003,62.13,45.845,164.19,0.545,0.393,0.027,0.125,0.547,0.235,0.6,1.756e-4,0,0.088,1.76,1.671,-0.001,1008.202,0.001,340.219,0.201,6.4,32.17
1.191,0.941,2861.656,675.368,0.288,0.003,62.125,45.843,164.066,0.546,0.393,0.027,0.125,0.547,0.239,0.608,-4.879e-4,0,0.088,1.76,1.672,-0.001,1008.182,0.001,340.219,0.201,6.4,32.17
1.193,0.955,2861.445,675.156,0.288,0.003,62.12,45.841,163.941,0.546,0.393,0.027,0.125,0.547,0.242,0.617,-2.216e-5,0,0.087,1.76,1.672,-0.001,1008.162,0.001,340.218,0.202,6.4,32.17
1.196,0.968,2861.234,674.945,0.288,0.003,62.115,45.838,163.816,0.546,0.393,0.027,0.125,0.547,0.246,0.626,4.627e-5,0,0.087,1.76,1.673,-0.001,1008.142,0.001,340.217,0.202,6.4,32.17
1.198,0.981,2861.022,674.734,0.288,0.003,62.111,45.836,163.691,0.546,0.393,0.027,0.125,0.547,0.249,0.634,-1.599e-5,0,0.087,1.76,1.673,-0.001,1008.121,0.001,340.217,0.202,6.4,32.17
1.201,0.994,2860.811,674.522,0.288,0.003,62.106,45.833,163.567,0.546,0.393,0.027,0.125,0.547,0.252,0.642,-2.692e-4,0,0.086,1.76,1.674,-9.572e-4,1008.101,0.001,340.216,0.203,6.4,32.17
1.203,1.007,2860.599,674.311,0.288,0.003,62.101,45.831,163.442,0.546,0.393,0.027,0.125,0.547,0.256,0.651,-1.642e-4,0,0.086,1.76,1.674,-8.841e-4,1008.081,0.001,340.215,0.203,6.4,32.17
1.206,1.02,2860.388,674.099,0.288,0.003,62.096,45.829,163.317,0.546,0.393,0.027,0.125,0.548,0.259,0.66,-2.991e-5,0,0.085,1.76,1.675,-8.066e-4,1008.061,0.001,340.215,0.203,6.4,32.17
1.208,1.032,2860.177,673.888,0.288,0.003,62.092,45.826,163.193,0.546,0.393,0.027,0.125,0.548,0.262,0.667,-2.159e-4,0,0.085,1.76,1.675,-7.262e-4,1008.041,0.001,340.214,0.204,6.4,32.17
1.211,1.043,2859.965,673.677,0.288,0.003,62.088,45.824,163.068,0.546,0.393,0.027,0.125,0.548,0.265,0.674,1.31e-4,0,0.085,1.76,1.676,-6.446e-4,1008.02,0.001,340.213,0.204,6.4,32.17
1.213,1.053,2859.754,673.465,0.288,0.003,62.084,45.822,162.943,0.546,0.393,0.027,0.125,0.548,0.268,0.68,-7.635e-5,0,0.084,1.76,1.676,-5.633e-4,1008,0.001,340.213,0.204,6.4,32.17
1.216,1.062,2859.543,673.254,0.288,0.003,62.081,45.819,162.818,0.546,0.393,0.027,0.125,0.548,0.27,0.687,1.467e-4,0,0.084,1.76,1.676,-4.836e-4,1007.98,0.001,340.212,0.205,6.4,32.17
1.218,1.07,2859.331,673.042,0.288,0.003,62.078,45.817,162.694,0.546,0.393,0.027,0.125,0.548,0.272,0.691,-2.084e-4,0,0.083,1.76,1.677,-4.068e-4,1007.959,0.001,340.211,0.205,6.4,32.17
1.221,1.077,2859.12,672.831,0.288,0.003,62.076,45.814,162.569,0.546,0.393,0.027,0.125,0.548,0.274,0.697,-2.653e-4,0,0.083,1.76,1.677,-3.341e-4,1007.939,0.001,340.211,0.205,6.4,32.17
1.223,1.083,2858.908,672.62,0.288,0.003,62.074,45.812,162.444,0.546,0.393,0.027,0.125,0.548,0.275,0.7,-1.711e-4,0,0.082,1.76,1.678,-2.665e-4,1007.918,0.001,340.21,0.206,6.4,32.17
1.226,1.087,2858.697,672.408,0.288,0.003,62.072,45.81,162.319,0.546,0.393,0.028,0.126,0.548,0.277,0.703,-2.732e-4,0,0.082,1.76,1.678,-2.051e-4,1007.898,0.001,340.209,0.206,6.4,32.17
1.228,1.091,2858.486,672.197,0.288,0.003,62.071,45.807,162.195,0.546,0.393,0.028,0.126,0.548,0.278,0.706,2.055e-4,0,0.082,1.76,1.679,-1.506e-4,1007.877,0.001,340.208,0.206,6.4,32.17
1.231,1.093,2858.274,671.986,0.288,0.003,62.071,45.805,162.07,0.546,0.393,0.028,0.126,0.548,0.278,0.707,1.363e-5,0,0.081,1.76,1.679,-1.037e-4,1007.857,0.001,340.208,0.207,6.4,32.17
1.233,1.094,2858.063,671.774,0.288,0.003,62.07,45.802,161.945,0.546,0.393,0.028,0.126,0.548,0.278,0.708,-4.919e-4,0,0.081,1.76,1.68,-6.512e-5,1007.836,0.001,340.207,0.207,6.4,32.17
1.236,1.094,2857.851,671.563,0.288,0.003,62.071,45.8,161.821,0.546,0.393,0.028,0.126,0.548,0.278,0.708,-3.982e-4,0,0.08,1.76,1.68,-3.52e-5,1007.815,0.001,340.206,0.207,6.4,32.17
1.238,1.092,2857.64,671.351,0.288,0.003,62.071,45.798,161.696,0.546,0.393,0.028,0.126,0.548,0.278,0.707,-2.084e-4,0,0.08,1.76,1.68,-1.43e-5,1007.795,0.001,340.206,0.208,6.4,32.17
1.241,1.089,2857.429,671.14,0.288,0.003,62.073,45.795,161.571,0.547,0.393,0.028,0.126,0.548,0.277,0.705,2.844e-4,0,0.08,1.761,1.681,-2.637e-6,1007.774,0.001,340.205,0.208,6.4,32.17
1.243,1.085,2857.217,670.929,0.287,0.003,62.074,45.793,161.446,0.547,0.393,0.028,0.126,0.549,0.276,0.702,4.941e-4,0,0.079,1.761,1.681,2.849e-7,1007.753,0.001,340.204,0.208,6.4,32.17
1.246,1.08,2857.006,670.717,0.287,0.003,62.077,45.79,161.322,0.547,0.393,0.028,0.126,0.549,0.275,0.699,4.25e-4,0,0.079,1.761,1.682,7.201e-6,1007.733,0.001,340.204,0.209,6.4,32.17
1.248,1.073,2856.795,670.506,0.287,0.003,62.079,45.788,161.197,0.547,0.393,0.028,0.126,0.549,0.273,0.695,-2.852e-4,0,0.079,1.761,1.682,2.322e-5,1007.712,0.001,340.203,0.209,6.4,32.17
1.251,1.065,2856.583,670.294,0.287,0.003,62.082,45.786,161.072,0.547,0.393,0.028,0.126,0.549,0.271,0.689,3.543e-4,0,0.078,1.761,1.682,4.758e-5,1007.691,0.001,340.202,0.209,6.4,32.17
1.253,1.056,2856.372,670.083,0.287,0.003,62.086,45.783,160.948,0.547,0.393,0.028,0.126,0.549,0.268,0.684,3.549e-4,0,0.078,1.761,1.683,7.917e-5,1007.67,0.001,340.202,0.21,6.4,32.17
1.256,1.046,2856.16,669.872,0.287,0.003,62.09,45.781,160.823,0.547,0.393,0.028,0.126,0.549,0.266,0.678,-1.186e-4,0,0.078,1.761,1.683,1.18e-4,1007.649,0.001,340.201,0.21,6.4,32.17
1.258,1.034,2855.949,669.66,0.287,0.003,62.095,45.778,160.698,0.547,0.393,0.028,0.126,0.549,0.263,0.67,-3.774e-4,0,0.077,1.761,1.684,1.636e-4,1007.628,0.001,340.2,0.21,6.4,32.17
1.261,1.021,2855.738,669.449,0.287,0.003,62.1,45.776,160.573,0.547,0.393,0.028,0.126,0.549,0.259,0.662,4.165e-4,0,0.077,1.761,1.684,2.153e-4,1007.607,0.001,340.199,0.211,6.4,32.17
1.263,1.008,2855.526,669.238,0.287,0.003,62.105,45.774,160.449,0.547,0.393,0.028,0.126,0.549,0.256,0.652,4.009e-4,0,0.076,1.761,1.684,2.722e-4,1007.586,0.001,340.199,0.211,6.4,32.17
1.266,0.993,2855.315,669.026,0.287,0.003,62.111,45.771,160.324,0.547,0.393,0.028,0.126,0.549,0.252,0.643,2.088e-4,0,0.076,1.761,1.685,3.337e-4,1007.565,0.001,340.198,0.211,6.4,32.17
1.268,0.978,2855.104,668.815,0.287,0.003,62.117,45.769,160.199,0.547,0.393,0.028,0.126,0.549,0.248,0.633,-2.178e-5,0,0.076,1.761,1.685,3.987e-4,1007.544,0.001,340.197,0.212,6.4,32.17
1.271,0.961,2854.892,668.603,0.287,0.003,62.123,45.766,160.074,0.547,0.393,0.028,0.126,0.549,0.244,0.622,1.958e-4,0,0.075,1.761,1.686,4.664e-4,1007.523,0.001,340.197,0.212,6.4,32.17
1.273,0.944,2854.681,668.392,0.287,0.003,62.13,45.764,159.95,0.547,0.393,0.028,0.126,0.549,0.239,0.611,-3.566e-4,0,0.075,1.761,1.686,5.356e-4,1007.502,0.001,340.196,0.212,6.4,32.17
1.276,0.925,2854.469,668.181,0.287,0.003,62.137,45.762,159.825,0.547,0.393,0.028,0.126,0.549,0.235,0.6,-3.219e-5,0,0.075,1.761,1.686,6.052e-4,1007.481,0.001,340.195,0.213,6.4,32.17
1.278,0.906,2854.258,667.969,0.287,0.003,62.145,45.759,159.7,0.547,0.393,0.028,0.126,0.549,0.23,0.588,-3.57e-4,0,0.074,1.761,1.687,6.74e-4,1007.46,0.001,340.194,0.213,6.4,32.17
1.281,0.887,2854.047,667.758,0.287,0.003,62.152,45.757,159.576,0.547,0.393,0.028,0.126,0.549,0.225,0.574,3.44e-4,0,0.074,1.761,1.687,7.407e-4,1007.439,0.001,340.194,0.213,6.4,32.17
1.283,0.866,2853.835,667.547,0.287,0.003,62.16,45.754,159.451,0.547,0.393,0.028,0.126,0.549,0.219,0.562,2.399e-6,0,0.074,1.761,1.687,8.041e-4,1007.417,0.001,340.193,0.214,6.4,32.17
1.286,0.845,2853.624,667.335,0.287,0.003,62.168,45.752,159.326,0.547,0.393,0.028,0.126,0.549,0.214,0.548,6.285e-5,0,0.073,1.761,1.688,8.627e-4,1007.396,0.001,340.192,0.214,6.4,32.17
1.288,0.824,2853.412,667.124,0.287,0.003,62.177,45.75,159.201,0.548,0.393,0.029,0.126,0.549,0.208,0.534,-2.9e-4,0,0.073,1.761,1.688,9.152e-4,1007.375,0.001,340.192,0.214,6.4,32.17
1.291,0.802,2853.201,666.912,0.287,0.003,62.185,45.747,159.077,0.548,0.393,0.029,0.126,0.549,0.203,0.52,8.546e-5,0,0.073,1.761,1.689,9.601e-4,1007.353,0.001,340.191,0.215,6.4,32.17
1.293,0.78,2852.99,666.701,0.287,0.003,62.194,45.745,158.952,0.548,0.393,0.029,0.126,0.549,0.197,0.506,-2.354e-4,0,0.072,1.761,1.689,9.96e-4,1007.332,0.001,340.19,0.215,6.4,32.17
1.296,0.757,2852.778,666.49,0.287,0.003,62.203,45.742,158.827,0.548,0.393,0.029,0.126,0.549,0.191,0.49,1.222e-5,0,0.072,1.761,1.689,0.001,1007.311,0.001,340.189,0.215,6.4,32.17
1.298,0.735,2852.567,666.278,0.287,0.003,62.212,45.74,158.703,0.548,0.393,0.029,0.126,0.549,0.185,0.476,-4.134e-4,0,0.072,1.761,1.69,0.001,1007.289,0.001,340.189,0.215,6.4,32.17
1.301,0.712,2852.356,666.067,0.287,0.003,62.221,45.738,158.578,0.548,0.393,0.029,0.126,0.549,0.18,0.461,1.127e-4,0,0.071,1.761,1.69,0.001,1007.268,0.001,340.188,0.216,6.4,32.17
1.303,0.689,2852.144,665.855,0.287,0.003,62.23,45.735,158.453,0.548,0.393,0.029,0.126,0.549,0.174,0.446,2.916e-4,0,0.071,1.761,1.69,0.001,1007.246,0.001,340.187,0.216,6.4,32.17
1.306,0.666,2851.933,665.644,0.287,0.003,62.239,45.733,158.328,0.548,0.393,0.029,0.126,0.549,0.168,0.432,4.689e-4,0,0.071,1.761,1.691,9.574e-4,1007.225,0.001,340.187,0.216,6.4,32.17
1.308,0.644,2851.721,665.433,0.287,0.003,62.247,45.73,158.204,0.548,0.393,0.029,0.126,0.549,0.162,0.418,3.28e-4,0,0.07,1.761,1.691,8.885e-4,1007.203,0.001,340.186,0.217,6.4,32.17
1.311,0.624,2851.51,665.221,0.287,0.003,62.255,45.728,158.079,0.548,0.393,0.029,0.126,0.549,0.157,0.405,-2.683e-4,0,0.07,1.762,1.691,7.995e-4,1007.182,0.001,340.185,0.217,6.4,32.17
1.313,0.605,2851.299,665.01,0.287,0.003,62.263,45.726,157.954,0.548,0.393,0.029,0.126,0.549,0.152,0.392,-2.238e-5,0,0.07,1.762,1.692,6.931e-4,1007.16,0.001,340.184,0.217,6.4,32.17
1.316,0.587,2851.087,664.799,0.287,0.003,62.27,45.723,157.829,0.548,0.393,0.029,0.126,0.549,0.148,0.381,-9.249e-6,0,0.069,1.762,1.692,5.736e-4,1007.138,0.001,340.184,0.218,6.4,32.17
1.318,0.572,2850.876,664.587,0.287,0.003,62.276,45.721,157.705,0.548,0.393,0.029,0.126,0.549,0.144,0.371,2.196e-4,0,0.069,1.762,1.692,4.47e-4,1007.117,0.001,340.183,0.218,6.4,32.17
1.321,0.559,2850.664,664.376,0.287,0.003,62.281,45.718,157.58,0.548,0.393,0.029,0.126,0.549,0.14,0.364,2.575e-4,0,0.069,1.762,1.693,3.212e-4,1007.095,0.001,340.182,0.218,6.4,32.17
1.323,0.548,2850.453,664.164,0.287,0.003,62.285,45.716,157.455,0.548,0.393,0.029,0.126,0.549,0.138,0.356,4.577e-4,0,0.069,1.762,1.693,2.053e-4,1007.073,0.001,340.181,0.219,6.4,32.17
1.326,0.54,2850.242,663.953,0.287,0.003,62.288,45.713,157.331,0.548,0.393,0.029,0.126,0.549,0.136,0.352,6.151e-5,0,0.068,1.762,1.694,1.085e-4,1007.051,0.001,340.181,0.219,6.4,32.17
1.328,0.536,2850.03,663.742,0.287,0.003,62.29,45.711,157.206,0.548,0.393,0.029,0.126,0.549,0.135,0.349,-3.895e-4,0,0.068,1.762,1.694,3.933e-5,1007.03,0.001,340.18,0.219,6.4,32.17
1.331,0.534,2849.819,663.53,0.287,0.003,62.291,45.709,157.081,0.548,0.393,0.029,0.126,0.549,0.134,0.347,-3.4e-4,0,0.068,1.762,1.694,3.973e-6,1007.008,0.001,340.179,0.22,6.4,32.17
1.333,0.535,2849.608,663.319,0.287,0.003,62.291,45.706,156.956,0.548,0.393,0.029,0.126,0.549,0.135,0.348,6.556e-5,0,0.067,1.762,1.695,-5.327e-6,1006.986,0.001,340.179,0.22,6.4,32.17
1.336,0.54,2849.396,663.107,0.287,0.003,62.289,45.704,156.832,0.549,0.393,0.029,0.126,0.549,0.136,0.351,3.608e-4,0,0.067,1.762,1.695,-4.25e-5,1006.964,0.001,340.178,0.22,6.4,32.17
1.338,0.547,2849.185,662.896,0.287,0.003,62.287,45.701,156.707,0.549,0.393,0.029,0.126,0.549,0.138,0.356,-3.779e-6,0,0.067,1.762,1.695,-1.11e-4,1006.942,0.001,340.177,0.221,6.4,32.17
1.341,0.558,2848.973,662.685,0.287,0.003,62.283,45.699,156.582,0.549,0.393,0.029,0.126,0.549,0.14,0.363,4.588e-4,0,0.066,1.762,1.696,-2.038e-4,1006.92,0.001,340.176,0.221,6.4,32.17
1.343,0.571,2848.762,662.473,0.287,0.003,62.278,45.697,156.458,0.549,0.393,0.029,0.126,0.549,0.143,0.372,-4.581e-4,0,0.066,1.762,1.696,-3.12e-4,1006.898,0.001,340.176,0.221,6.4,32.17
1.346,0.586,2848.551,662.262,0.287,0.003,62.272,45.694,156.333,0.549,0.393,0.029,0.126,0.549,0.147,0.382,2.85e-4,0,0.066,1.762,1.696,-4.269e-4,1006.876,0.001,340.175,0.222,6.4,32.17
1.348,0.603,2848.339,662.051,0.286,0.003,62.266,45.692,156.208,0.549,0.393,0.029,0.126,0.549,0.152,0.394,3.52e-4,0,0.066,1.762,1.697,-5.403e-4,1006.854,0.001,340.174,0.222,6.4,32.17
1.351,0.619,2848.128,661.839,0.286,0.003,62.26,45.689,156.083,0.549,0.393,0.03,0.126,0.549,0.156,0.404,-1.306e-4,0,0.065,1.762,1.697,-6.405e-4,1006.832,0.001,340.173,0.222,6.4,32.17
1.353,0.632,2847.917,661.628,0.286,0.003,62.255,45.687,155.959,0.549,0.393,0.03,0.126,0.55,0.159,0.413,-7.818e-6,0,0.065,1.762,1.697,-7.219e-4,1006.81,0.001,340.173,0.222,6.4,32.17
1.356,0.646,2847.705,661.416,0.286,0.003,62.25,45.685,155.834,0.549,0.393,0.03,0.126,0.55,0.163,0.422,-2.827e-4,0,0.065,1.762,1.697,-7.903e-4,1006.787,0.001,340.172,0.223,6.4,32.17
1.358,0.66,2847.494,661.205,0.286,0.003,62.245,45.682,155.709,0.549,0.393,0.03,0.126,0.55,0.166,0.432,-2.846e-4,0,0.064,1.762,1.698,-8.44e-4,1006.765,0.001,340.171,0.223,6.4,32.17
1.361,0.676,2847.282,660.994,0.286,0.003,62.239,45.68,155.584,0.549,0.393,0.03,0.126,0.55,0.17,0.441,1.983e-4,0,0.064,1.762,1.698,-8.822e-4,1006.743,0.001,340.17,0.223,6.4,32.17
1.363,0.691,2847.071,660.782,0.286,0.003,62.233,45.677,155.46,0.549,0.393,0.03,0.127,0.55,0.174,0.452,9.451e-5,0,0.064,1.762,1.698,-9.047e-4,1006.721,0.001,340.17,0.224,6.4,32.17
1.366,0.706,2846.86,660.571,0.286,0.003,62.228,45.675,155.335,0.549,0.393,0.03,0.127,0.55,0.178,0.462,4.896e-5,0,0.064,1.762,1.699,-9.121e-4,1006.698,0.001,340.169,0.224,6.4,32.17
1.368,0.722,2846.648,660.36,0.286,0.003,62.222,45.672,155.21,0.549,0.393,0.03,0.127,0.55,0.182,0.472,1.967e-5,0,0.063,1.762,1.699,-9.053e-4,1006.676,0.001,340.168,0.224,6.4,32.17
1.371,0.737,2846.437,660.148,0.286,0.003,62.216,45.67,155.086,0.549,0.393,0.03,0.127,0.55,0.186,0.482,4.887e-4,0,0.063,1.762,1.699,-8.855e-4,1006.654,0.001,340.167,0.225,6.4,32.17
1.373,0.752,2846.225,659.937,0.286,0.003,62.211,45.668,154.961,0.549,0.393,0.03,0.127,0.55,0.19,0.492,-4.421e-4,0,0.063,1.762,1.7,-8.542e-4,1006.631,0.001,340.167,0.225,6.4,32.17
1.376,0.767,2846.014,659.725,0.286,0.003,62.205,45.665,154.836,0.549,0.393,0.03,0.127,0.55,0.194,0.502,4.49e-4,0,0.063,1.762,1.7,-8.131e-4,1006.609,0.001,340.166,0.225,6.4,32.17
1.378,0.781,2845.803,659.514,0.286,0.003,62.2,45.663,154.711,0.549,0.393,0.03,0.127,0.55,0.197,0.511,1.767e-4,0,0.062,1.763,1.7,-7.637e-4,1006.587,0.001,340.165,0.226,6.4,32.17
1.381,0.794,2845.591,659.303,0.286,0.003,62.195,45.66,154.587,0.549,0.393,0.03,0.127,0.551,0.201,0.52,4.158e-4,0,0.062,1.763,1.701,-7.077e-4,1006.564,0.001,340.164,0.226,6.4,32.17
1.383,0.807,2845.38,659.091,0.286,0.003,62.191,45.658,154.462,0.55,0.393,0.03,0.127,0.551,0.204,0.527,-1.697e-4,0,0.062,1.763,1.701,-6.468e-4,1006.542,0.001,340.164,0.226,6.4,32.17
1.386,0.819,2845.169,658.88,0.286,0.003,62.186,45.656,154.337,0.55,0.393,0.03,0.127,0.551,0.207,0.535,3.852e-4,0,0.062,1.763,1.701,-5.826e-4,1006.519,0.001,340.163,0.227,6.4,32.17
1.388,0.83,2844.957,658.668,0.286,0.003,62.182,45.653,154.213,0.55,0.393,0.03,0.127,0.551,0.21,0.542,4.098e-4,0,0.061,1.763,1.701,-5.167e-4,1006.496,0.001,340.162,0.227,6.4,32.17
1.391,0.84,2844.746,658.457,0.286,0.003,62.179,45.651,154.088,0.55,0.393,0.03,0.127,0.551,0.213,0.549,4.325e-4,0,0.061,1.763,1.702,-4.503e-4,1006.474,0.001,340.161,0.227,6.4,32.17
1.393,0.849,2844.534,658.246,0.286,0.003,62.175,45.648,153.963,0.55,0.393,0.03,0.127,0.551,0.215,0.555,5.622e-5,0,0.061,1.763,1.702,-3.85e-4,1006.451,0.001,340.161,0.227,6.4,32.17
1.396,0.857,2844.323,658.034,0.286,0.003,62.173,45.646,153.838,0.55,0.393,0.03,0.127,0.551,0.217,0.561,3.945e-4,0,0.06,1.763,1.702,-3.219e-4,1006.429,0.001,340.16,0.228,6.4,32.17
1.398,0.863,2844.112,657.823,0.286,0.003,62.17,45.643,153.714,0.55,0.393,0.03,0.127,0.551,0.219,0.565,-1.631e-4,0,0.06,1.763,1.703,-2.621e-4,1006.406,0.001,340.159,0.228,6.4,32.17
1.401,0.868,2843.9,657.612,0.286,0.003,62.168,45.641,153.589,0.55,0.393,0.03,0.127,0.551,0.22,0.568,1.649e-4,0,0.06,1.763,1.703,-2.07e-4,1006.383,0.001,340.158,0.228,6.4,32.17
1.403,0.871,2843.689,657.4,0.286,0.003,62.168,45.639,153.464,0.55,0.393,0.03,0.127,0.551,0.221,0.57,2.853e-4,0,0.06,1.763,1.703,-1.576e-4,1006.36,0.001,340.158,0.229,6.4,32.17
1.406,0.873,2843.477,657.189,0.286,0.003,62.167,45.636,153.339,0.55,0.393,0.03,0.127,0.551,0.221,0.571,1.034e-4,0,0.06,1.763,1.703,-1.141e-4,1006.338,0.001,340.157,0.229,6.4,32.17
1.408,0.873,2843.266,656.977,0.286,0.003,62.167,45.634,153.215,0.55,0.393,0.03,0.127,0.551,0.221,0.571,3.036e-4,0,0.059,1.763,1.704,-7.71e-5,1006.315,0.001,340.156,0.229,6.4,32.17
1.411,0.872,2843.055,656.766,0.286,0.003,62.168,45.631,153.09,0.55,0.393,0.03,0.127,0.551,0.221,0.571,5.765e-5,0,0.059,1.763,1.704,-4.699e-5,1006.292,0.001,340.155,0.23,6.4,32.17
1.413,0.87,2842.843,656.555,0.286,0.003,62.169,45.629,152.965,0.55,0.393,0.03,0.127,0.551,0.22,0.57,-7.027e-5,0,0.059,1.763,1.704,-2.414e-5,1006.269,0.001,340.154,0.23,6.4,32.17
1.416,0.867,2842.632,656.343,0.286,0.003,62.17,45.627,152.841,0.55,0.393,0.031,0.127,0.551,0.22,0.568,4.987e-4,0,0.059,1.763,1.705,-8.779e-6,1006.246,0.001,340.154,0.23,6.4,32.17
1.418,0.863,2842.421,656.132,0.286,0.003,62.172,45.624,152.716,0.55,0.393,0.031,0.127,0.551,0.219,0.565,4.661e-4,0,0.058,1.763,1.705,-1.023e-6,1006.223,0.001,340.153,0.231,6.4,32.17
1.421,0.857,2842.209,655.92,0.286,0.003,62.174,45.622,152.591,0.55,0.393,0.031,0.127,0.552,0.217,0.561,2.697e-4,0,0.058,1.763,1.705,8.73e-7,1006.2,0.001,340.152,0.231,6.4,32.17
1.423,0.85,2841.998,655.709,0.286,0.003,62.177,45.619,152.466,0.55,0.393,0.031,0.127,0.552,0.215,0.557,4.728e-4,0,0.058,1.763,1.705,8.224e-6,1006.177,0.001,340.151,0.231,6.4,32.17
1.426,0.842,2841.786,655.498,0.286,0.003,62.18,45.617,152.342,0.55,0.393,0.031,0.127,0.552,0.213,0.551,4.478e-4,0,0.058,1.763,1.706,2.287e-5,1006.154,0.001,340.151,0.231,6.4,32.17
1.428,0.833,2841.575,655.286,0.286,0.003,62.184,45.614,152.217,0.55,0.393,0.031,0.127,0.552,0.211,0.546,1.24e-4,0,0.057,1.763,1.706,4.449e-5,1006.131,0.001,340.15,0.232,6.4,32.17
1.431,0.823,2841.364,655.075,0.286,0.003,62.188,45.612,152.092,0.551,0.393,0.031,0.127,0.552,0.208,0.539,-1.805e-4,0,0.057,1.763,1.706,7.269e-5,1006.108,0.001,340.149,0.232,6.4,32.17
1.433,0.811,2841.152,654.864,0.286,0.003,62.193,45.61,151.968,0.551,0.393,0.031,0.127,0.552,0.205,0.531,4.266e-4,0,0.057,1.763,1.706,1.07e-4,1006.085,0.001,340.148,0.232,6.4,32.17
1.436,0.798,2840.941,654.652,0.286,0.003,62.198,45.607,151.843,0.551,0.393,0.031,0.127,0.552,0.202,0.524,4.692e-4,0,0.057,1.763,1.707,1.467e-4,1006.062,0.001,340.147,0.233,6.4,32.17
1.438,0.785,2840.73,654.441,0.286,0.003,62.203,45.605,151.718,0.551,0.393,0.031,0.127,0.552,0.198,0.514,-1.963e-4,0,0.056,1.763,1.707,1.912e-4,1006.039,0.001,340.147,0.233,6.4,32.17
1.441,0.77,2840.518,654.229,0.286,0.003,62.209,45.602,151.593,0.551,0.393,0.031,0.127,0.552,0.195,0.505,-1.916e-5,0,0.056,1.763,1.707,2.397e-4,1006.016,0.001,340.146,0.233,6.4,32.17
1.443,0.754,2840.307,654.018,0.286,0.003,62.215,45.6,151.469,0.551,0.393,0.031,0.127,0.552,0.191,0.495,-4.601e-4,0,0.056,1.763,1.707,2.914e-4,1005.992,0.001,340.145,0.234,6.4,32.17
1.446,0.738,2840.095,653.807,0.286,0.003,62.222,45.597,151.344,0.551,0.393,0.031,0.127,0.552,0.186,0.483,-2.468e-4,0,0.056,1.764,1.708,3.454e-4,1005.969,0.001,340.144,0.234,6.4,32.17
1.448,0.72,2839.884,653.595,0.286,0.003,62.229,45.595,151.219,0.551,0.393,0.031,0.127,0.552,0.182,0.472,-4.088e-4,0,0.056,1.764,1.708,4.006e-4,1005.946,0.001,340.144,0.234,6.4,32.17
1.451,0.702,2839.673,653.384,0.286,0.003,62.236,45.593,151.094,0.551,0.393,0.031,0.127,0.552,0.177,0.461,-7.192e-5,0,0.055,1.764,1.708,4.565e-4,1005.922,0.001,340.143,0.234,6.4,32.17
1.453,0.684,2839.461,653.173,0.286,0.003,62.243,45.59,150.97,0.551,0.393,0.031,0.127,0.552,0.173,0.448,2.567e-4,0,0.055,1.764,1.709,5.122e-4,1005.899,0.001,340.142,0.235,6.4,32.17
1.456,0.666,2839.25,652.961,0.285,0.003,62.25,45.588,150.845,0.551,0.393,0.031,0.127,0.552,0.168,0.437,4.322e-4,0,0.055,1.764,1.709,5.655e-4,1005.876,0.001,340.141,0.235,6.4,32.17
1.458,0.646,2839.038,652.75,0.285,0.003,62.258,45.585,150.72,0.551,0.393,0.031,0.127,0.552,0.163,0.424,2.151e-4,0,0.055,1.764,1.709,6.15e-4,1005.852,0.001,340.14,0.235,6.4,32.17
1.461,0.626,2838.827,652.538,0.285,0.003,62.266,45.583,150.596,0.551,0.393,0.031,0.127,0.552,0.158,0.411,-3.682e-4,0,0.054,1.764,1.709,6.594e-4,1005.829,0.001,340.14,0.236,6.4,32.17
1.463,0.606,2838.616,652.327,0.285,0.003,62.274,45.58,150.471,0.551,0.393,0.031,0.127,0.552,0.153,0.397,4.234e-4,0,0.054,1.764,1.71,6.971e-4,1005.805,0.001,340.139,0.236,6.4,32.17
1.466,0.585,2838.404,652.116,0.285,0.003,62.282,45.578,150.346,0.551,0.393,0.031,0.127,0.552,0.147,0.384,1.013e-4,0,0.054,1.764,1.71,7.265e-4,1005.782,0.001,340.138,0.236,6.4,32.17
1.468,0.564,2838.193,651.904,0.285,0.003,62.29,45.576,150.221,0.551,0.393,0.031,0.127,0.552,0.142,0.37,3.796e-4,0,0.054,1.764,1.71,7.46e-4,1005.758,0.001,340.137,0.237,6.4,32.17
1.471,0.543,2837.982,651.693,0.285,0.003,62.299,45.573,150.097,0.551,0.393,0.031,0.127,0.552,0.137,0.357,4.316e-6,0,0.054,1.764,1.71,7.542e-4,1005.735,0.001,340.136,0.237,6.4,32.17
1.473,0.522,2837.77,651.481,0.285,0.003,62.307,45.571,149.972,0.551,0.393,0.031,0.127,0.552,0.131,0.343,2.478e-4,0,0.053,1.764,1.711,7.497e-4,1005.711,0.001,340.136,0.237,6.4,32.17
1.476,0.501,2837.559,651.27,0.285,0.003,62.315,45.568,149.847,0.551,0.393,0.031,0.127,0.552,0.126,0.329,-4.111e-4,0,0.053,1.764,1.711,7.31e-4,1005.687,0.001,340.135,0.237,6.4,32.17
1.478,0.481,2837.347,651.059,0.285,0.003,62.323,45.566,149.723,0.552,0.393,0.032,0.127,0.552,0.121,0.315,3.476e-4,0,0.053,1.764,1.711,6.975e-4,1005.664,0.001,340.134,0.238,6.4,32.17
1.481,0.461,2837.136,650.847,0.285,0.003,62.331,45.563,149.598,0.552,0.393,0.032,0.127,0.552,0.116,0.302,2.951e-4,0,0.053,1.764,1.711,6.485e-4,1005.64,0.001,340.133,0.238,6.4,32.17
1.483,0.441,2836.925,650.636,0.285,0.003,62.339,45.561,149.473,0.552,0.393,0.032,0.127,0.552,0.111,0.29,-4.938e-4,0,0.053,1.764,1.712,5.844e-4,1005.616,0.001,340.133,0.238,6.4,32.17
1.486,0.423,2836.713,650.425,0.285,0.003,62.346,45.559,149.348,0.552,0.393,0.032,0.127,0.552,0.106,0.277,-2.308e-5,0,0.052,1.764,1.712,5.067e-4,1005.593,0.001,340.132,0.239,6.4,32.17
1.488,0.406,2836.502,650.213,0.285,0.003,62.353,45.556,149.224,0.552,0.393,0.032,0.127,0.552,0.102,0.267,-2.263e-4,0,0.052,1.764,1.712,4.181e-4,1005.569,0.001,340.131,0.239,6.4,32.17
1.491,0.391,2836.29,650.002,0.285,0.003,62.359,45.554,149.099,0.552,0.393,0.032,0.127,0.552,0.098,0.257,-2.636e-4,0,0.052,1.764,1.712,3.23e-4,1005.545,0.001,340.13,0.239,6.4,32.17
1.493,0.378,2836.079,649.79,0.285,0.003,62.365,45.551,148.974,0.552,0.393,0.032,0.127,0.552,0.095,0.248,2.098e-6,0,0.052,1.764,1.713,2.275e-4,1005.521,0.001,340.129,0.24,6.4,32.17
1.496,0.366,2835.868,649.579,0.285,0.003,62.369,45.549,148.849,0.552,0.393,0.032,0.127,0.552,0.092,0.241,-1.282e-4,0,0.051,1.764,1.713,1.395e-4,1005.497,0.001,340.129,0.24,6.4,32.17
1.498,0.357,2835.656,649.368,0.285,0.003,62.373,45.546,148.725,0.552,0.393,0.032,0.127,0.552,0.089,0.235,-2.129e-4,0,0.051,1.764,1.713,6.72e-5,1005.474,0.001,340.128,0.24,6.4,32.17
1.501,0.35,2835.445,649.156,0.285,0.003,62.376,45.544,148.6,0.552,0.393,0.032,0.128,0.552,0.088,0.23,4.386e-4,0,0.051,1.764,1.713,1.921e-5,1005.45,0.001,340.127,0.24,6.4,32.17
1.503,0.344,2835.234,648.945,0.285,0.003,62.378,45.542,148.475,0.552,0.393,0.032,0.128,0.552,0.086,0.227,2.737e-4,0,0.051,1.764,1.713,2.357e-7,1005.426,0.001,340.126,0.241,6.4,32.17
1.506,0.341,2835.022,648.733,0.285,0.003,62.38,45.539,148.351,0.552,0.393,0.032,0.128,0.552,0.085,0.225,-7.567e-5,0,0.051,1.764,1.714,-1.197e-5,1005.402,0.001,340.125,0.241,6.4,32.17
1.508,0.341,2834.811,648.522,0.285,0.003,62.38,45.537,148.226,0.552,0.393,0.032,0.128,0.552,0.085,0.224,3.245e-4,0,0.05,1.764,1.714,-5.374e-5,1005.378,0.001,340.125,0.241,6.4,32.17
1.511,0.343,2834.599,648.311,0.285,0.003,62.38,45.534,148.101,0.552,0.393,0.032,0.128,0.552,0.086,0.226,-4.641e-4,0,0.05,1.764,1.714,-1.212e-4,1005.354,0.001,340.124,0.242,6.4,32.17
1.513,0.347,2834.388,648.099,0.285,0.003,62.378,45.532,147.976,0.552,0.393,0.032,0.128,0.552,0.087,0.229,-4.479e-4,0,0.05,1.765,1.714,-2.071e-4,1005.33,0.001,340.123,0.242,6.4,32.17
1.516,0.353,2834.177,647.888,0.285,0.003,62.376,45.529,147.852,0.552,0.393,0.032,0.128,0.553,0.089,0.233,-3.991e-4,0,0.05,1.765,1.715,-3.029e-4,1005.306,0.001,340.122,0.242,6.4,32.17
1.518,0.362,2833.965,647.677,0.285,0.003,62.373,45.527,147.727,0.552,0.393,0.032,0.128,0.553,0.091,0.239,-2.864e-4,0,0.05,1.765,1.715,-4.001e-4,1005.281,0.001,340.121,0.243,6.4,32.17
1.521,0.372,2833.754,647.465,0.285,0.003,62.369,45.524,147.602,0.552,0.393,0.032,0.128,0.553,0.093,0.246,-4.183e-4,0,0.05,1.765,1.715,-4.915e-4,1005.257,0.001,340.12,0.243,6.4,32.17
1.523,0.383,2833.543,647.254,0.285,0.003,62.365,45.522,147.478,0.552,0.393,0.032,0.128,0.553,0.096,0.253,-3.042e-5,0,0.049,1.765,1.715,-5.716e-4,1005.233,0.001,340.12,0.243,6.4,32.17
1.526,0.395,2833.331,647.042,0.285,0.003,62.36,45.52,147.353,0.552,0.393,0.032,0.128,0.553,0.099,0.262,2.034e-4,0,0.049,1.765,1.716,-6.37e-4,1005.209,0.001,340.119,0.243,6.4,32.17
1.528,0.409,2833.12,646.831,0.285,0.003,62.355,45.517,147.228,0.553,0.393,0.032,0.128,0.553,0.102,0.27,-4.944e-4,0,0.049,1.765,1.716,-6.86e-4,1005.185,0.001,340.118,0.244,6.4,32.17
1.531,0.422,2832.908,646.62,0.285,0.003,62.35,45.515,147.103,0.553,0.393,0.032,0.128,0.553,0.106,0.279,1.942e-4,0,0.049,1.765,1.716,-7.183e-4,1005.16,0.001,340.117,0.244,6.4,32.17
1.533,0.436,2832.697,646.408,0.285,0.003,62.345,45.512,146.979,0.553,0.393,0.032,0.128,0.553,0.109,0.289,1.713e-5,0,0.049,1.765,1.716,-7.344e-4,1005.136,0.001,340.116,0.244,6.4,32.17
1.536,0.45,2832.486,646.197,0.285,0.003,62.34,45.51,146.854,0.553,0.393,0.032,0.128,0.553,0.113,0.298,1.4e-4,0,0.048,1.765,1.716,-7.357e-4,1005.112,0.001,340.116,0.245,6.4,32.17
1.538,0.464,2832.274,645.986,0.285,0.003,62.335,45.507,146.729,0.553,0.393,0.032,0.128,0.553,0.116,0.307,-4.418e-4,0,0.048,1.765,1.717,-7.239e-4,1005.087,0.001,340.115,0.245,6.4,32.17
1.541,0.478,2832.063,645.774,0.285,0.003,62.329,45.505,146.604,0.553,0.393,0.032,0.128,0.553,0.12,0.316,-4.827e-5,0,0.048,1.765,1.717,-7.007e-4,1005.063,0.001,340.114,0.245,6.4,32.17
1.543,0.491,2831.851,645.563,0.285,0.003,62.325,45.503,146.48,0.553,0.392,0.033,0.128,0.553,0.123,0.325,2.528e-4,0,0.048,1.765,1.717,-6.68e-4,1005.039,0.001,340.113,0.245,6.4,32.17
1.546,0.504,2831.64,645.351,0.285,0.003,62.32,45.5,146.355,0.553,0.392,0.033,0.128,0.553,0.127,0.334,4.458e-4,0,0.048,1.765,1.717,-6.277e-4,1005.014,0.001,340.112,0.246,6.4,32.17
1.548,0.516,2831.429,645.14,0.285,0.003,62.315,45.498,146.23,0.553,0.392,0.033,0.128,0.553,0.13,0.341,3.693e-4,0,0.047,1.765,1.718,-5.816e-4,1004.99,0.001,340.111,0.246,6.4,32.17
1.551,0.527,2831.217,644.929,0.285,0.003,62.311,45.495,146.106,0.553,0.392,0.033,0.128,0.553,0.133,0.349,-4.615e-4,0,0.047,1.765,1.718,-5.312e-4,1004.965,0.001,340.111,0.246,6.4,32.17
1.553,0.538,2831.006,644.717,0.285,0.003,62.307,45.493,145.981,0.553,0.392,0.033,0.128,0.554,0.135,0.356,2.594e-4,0,0.047,1.765,1.718,-4.781e-4,1004.941,0.001,340.11,0.247,6.4,32.17
1.556,0.547,2830.795,644.506,0.285,0.003,62.304,45.49,145.856,0.553,0.392,0.033,0.128,0.554,0.138,0.362,-4.47e-4,0,0.047,1.765,1.718,-4.237e-4,1004.916,0.001,340.109,0.247,6.4,32.17
1.558,0.556,2830.583,644.294,0.285,0.003,62.301,45.488,145.731,0.553,0.392,0.033,0.128,0.554,0.14,0.367,-3.41e-4,0,0.047,1.765,1.718,-3.693e-4,1004.892,0.001,340.108,0.247,6.4,32.17
1.561,0.564,2830.372,644.083,0.285,0.003,62.298,45.485,145.607,0.553,0.392,0.033,0.128,0.554,0.142,0.373,1.4e-4,0,0.047,1.765,1.719,-3.158e-4,1004.867,0.001,340.107,0.247,6.4,32.17
1.563,0.57,2830.16,643.872,0.284,0.003,62.295,45.483,145.482,0.553,0.392,0.033,0.128,0.554,0.144,0.377,-1.469e-4,0,0.046,1.765,1.719,-2.644e-4,1004.842,0.001,340.107,0.248,6.4,32.17
1.566,0.576,2829.949,643.66,0.284,0.003,62.293,45.481,145.357,0.553,0.392,0.033,0.128,0.554,0.145,0.381,3.115e-4,0,0.046,1.765,1.719,-2.159e-4,1004.818,0.001,340.106,0.248,6.4,32.17
1.568,0.58,2829.738,643.449,0.284,0.003,62.292,45.478,145.233,0.553,0.392,0.033,0.128,0.554,0.146,0.383,2.035e-4,0,0.046,1.765,1.719,-1.711e-4,1004.793,0.001,340.105,0.248,6.4,32.17
1.571,0.584,2829.526,643.238,0.284,0.003,62.291,45.476,145.108,0.553,0.392,0.033,0.128,0.554,0.147,0.386,8.831e-5,0,0.046,1.765,1.72,-1.306e-4,1004.768,0.001,340.104,0.249,6.4,32.17
1.573,0.586,2829.315,643.026,0.284,0.003,62.29,45.473,144.983,0.553,0.392,0.033,0.128,0.554,0.147,0.387,-4.595e-4,0,0.046,1.765,1.72,-9.5e-5,1004.743,0.001,340.103,0.249,6.4,32.17
1.576,0.587,2829.103,642.815,0.284,0.003,62.29,45.471,144.858,0.554,0.392,0.033,0.128,0.554,0.148,0.389,2.598e-4,0,0.046,1.765,1.72,-6.465e-5,1004.719,0.001,340.102,0.249,6.4,32.17
1.578,0.586,2828.892,642.603,0.284,0.003,62.29,45.468,144.734,0.554,0.392,0.033,0.128,0.554,0.148,0.388,-8.267e-5,0,0.045,1.765,1.72,-3.991e-5,1004.694,0.001,340.102,0.249,6.4,32.17
1.581,0.585,2828.681,642.392,0.284,0.003,62.291,45.466,144.609,0.554,0.392,0.033,0.128,0.554,0.147,0.388,-2.419e-4,0,0.045,1.766,1.72,-2.102e-5,1004.669,0.001,340.101,0.25,6.4,32.17
1.583,0.582,2828.469,642.181,0.284,0.003,62.292,45.463,144.484,0.554,0.392,0.033,0.128,0.554,0.147,0.386,2.277e-4,0,0.045,1.766,1.721,-8.109e-6,1004.644,0.001,340.1,0.25,6.4,32.17
1.586,0.579,2828.258,641.969,0.284,0.003,62.294,45.461,144.359,0.554,0.392,0.033,0.128,0.554,0.146,0.383,1.448e-4,0,0.045,1.766,1.721,-1.241e-6,1004.619,0.001,340.099,0.25,6.4,32.17
1.588,0.574,2828.047,641.758,0.284,0.003,62.296,45.459,144.235,0.554,0.392,0.033,0.128,0.554,0.144,0.38,1.871e-4,0,0.045,1.766,1.721,3.73e-7,1004.594,0.001,340.098,0.251,6.4,32.17
1.591,0.567,2827.835,641.546,0.284,0.003,62.299,45.456,144.11,0.554,0.392,0.033,0.128,0.554,0.143,0.376,-2.885e-4,0,0.045,1.766,1.721,5.384e-6,1004.569,0.001,340.097,0.251,6.4,32.17
1.593,0.56,2827.624,641.335,0.284,0.003,62.302,45.454,143.985,0.554,0.392,0.033,0.128,0.554,0.141,0.371,1.774e-4,0,0.044,1.766,1.721,1.608e-5,1004.544,0.001,340.097,0.251,6.4,32.17
1.596,0.552,2827.412,641.124,0.284,0.003,62.305,45.451,143.861,0.554,0.392,0.033,0.128,0.554,0.139,0.366,-3.07e-4,0,0.044,1.766,1.722,3.218e-5,1004.519,0.001,340.096,0.251,6.4,32.17
1.598,0.542,2827.201,640.912,0.284,0.003,62.309,45.449,143.736,0.554,0.392,0.033,0.128,0.555,0.136,0.359,4.54e-4,0,0.044,1.766,1.722,5.336e-5,1004.494,0.001,340.095,0.252,6.4,32.17
1.601,0.534,2826.99,640.701,0.284,0.003,62.312,45.446,143.611,0.554,0.392,0.033,0.128,0.555,0.134,0.354,9.426e-5,0,0.044,1.766,1.722,8.006e-5,1004.469,0.001,340.094,0.252,6.4,32.17
1.603,0.528,2826.778,640.49,0.284,0.003,62.315,45.444,143.486,0.554,0.392,0.033,0.128,0.555,0.133,0.351,2.175e-4,0,0.044,1.766,1.722,1.129e-4,1004.444,0.001,340.093,0.252,6.4,32.17
1.606,0.521,2826.567,640.278,0.284,0.003,62.318,45.441,143.362,0.554,0.392,0.034,0.128,0.555,0.131,0.345,-3.695e-4,0,0.043,1.766,1.722,1.505e-4,1004.419,0.001,340.092,0.253,6.4,32.17
1.608,0.513,2826.356,640.067,0.284,0.003,62.321,45.439,143.237,0.554,0.392,0.034,0.128,0.555,0.129,0.34,4.705e-5,0,0.043,1.766,1.723,1.921e-4,1004.394,0.001,340.091,0.253,6.4,32.17
1.611,0.504,2826.144,639.855,0.284,0.003,62.325,45.436,143.112,0.554,0.392,0.034,0.128,0.555,0.127,0.334,2.807e-4,0,0.043,1.766,1.723,2.37e-4,1004.369,0.001,340.091,0.253,6.4,32.17
1.613,0.493,2825.933,639.644,0.284,0.003,62.329,45.434,142.988,0.554,0.392,0.034,0.128,0.555,0.124,0.327,1.987e-4,0,0.043,1.766,1.723,2.844e-4,1004.344,0.001,340.09,0.253,6.4,32.17
1.616,0.482,2825.721,639.433,0.284,0.003,62.334,45.432,142.863,0.554,0.392,0.034,0.128,0.555,0.121,0.32,-4.604e-5,0,0.043,1.766,1.723,3.333e-4,1004.318,0.001,340.089,0.254,6.4,32.17
1.618,0.47,2825.51,639.221,0.284,0.003,62.339,45.429,142.738,0.554,0.392,0.034,0.128,0.555,0.118,0.311,2.658e-4,0,0.043,1.766,1.723,3.826e-4,1004.293,0.001,340.088,0.254,6.4,32.17
1.621,0.456,2825.299,639.01,0.284,0.003,62.344,45.427,142.613,0.555,0.392,0.034,0.128,0.555,0.115,0.303,-2.304e-4,0,0.042,1.766,1.724,4.311e-4,1004.268,0.001,340.087,0.254,6.4,32.17
1.623,0.442,2825.087,638.799,0.284,0.003,62.35,45.424,142.489,0.555,0.392,0.034,0.128,0.555,0.111,0.294,-2.969e-4,0,0.042,1.766,1.724,4.773e-4,1004.242,0.001,340.086,0.255,6.4,32.17
1.626,0.428,2824.876,638.587,0.284,0.003,62.356,45.422,142.364,0.555,0.392,0.034,0.128,0.555,0.107,0.284,4.506e-4,0,0.042,1.766,1.724,5.198e-4,1004.217,0.001,340.086,0.255,6.4,32.17
1.628,0.412,2824.664,638.376,0.284,0.003,62.362,45.419,142.239,0.555,0.392,0.034,0.128,0.555,0.103,0.273,-2.861e-4,0,0.042,1.766,1.724,5.568e-4,1004.192,0.001,340.085,0.255,6.4,32.17
1.631,0.396,2824.453,638.164,0.284,0.003,62.368,45.417,142.114,0.555,0.392,0.034,0.128,0.555,0.099,0.263,3.295e-4,0,0.042,1.766,1.724,5.865e-4,1004.166,0.001,340.084,0.255,6.4,32.17
1.633,0.38,2824.242,637.953,0.284,0.003,62.375,45.414,141.99,0.555,0.392,0.034,0.128,0.555,0.095,0.252,1.298e-6,0,0.042,1.766,1.725,6.067e-4,1004.141,0.001,340.083,0.256,6.4,32.17
1.636,0.364,2824.03,637.742,0.284,0.003,62.381,45.412,141.865,0.555,0.392,0.034,0.129,0.555,0.091,0.241,4.69e-4,0,0.042,1.766,1.725,6.154e-4,1004.116,0.001,340.082,0.256,6.4,32.17
1.638,0.347,2823.819,637.53,0.284,0.003,62.388,45.409,141.74,0.555,0.392,0.034,0.129,0.555,0.087,0.23,-1.185e-4,0,0.041,1.766,1.725,6.103e-4,1004.09,0.001,340.081,0.256,6.4,32.17
1.641,0.331,2823.608,637.319,0.284,0.003,62.394,45.407,141.616,0.555,0.392,0.034,0.129,0.555,0.083,0.22,3.943e-4,0,0.041,1.766,1.725,5.894e-4,1004.065,0.001,340.08,0.256,6.4,32.17
1.643,0.316,2823.396,637.107,0.284,0.003,62.4,45.405,141.491,0.555,0.392,0.034,0.129,0.555,0.079,0.21,2.613e-4,0,0.041,1.766,1.725,5.51e-4,1004.039,0.001,340.08,0.257,6.4,32.17
1.646,0.301,2823.185,636.896,0.284,0.003,62.406,45.402,141.366,0.555,0.392,0.034,0.129,0.555,0.075,0.2,-6.021e-5,0,0.041,1.767,1.726,4.945e-4,1004.013,0.001,340.079,0.257,6.4,32.17
1.648,0.288,2822.973,636.685,0.284,0.003,62.412,45.4,141.241,0.555,0.392,0.034,0.129,0.555,0.072,0.191,-2.143e-5,0,0.041,1.767,1.726,4.21e-4,1003.988,0.001,340.078,0.257,6.4,32.17
1.651,0.274,2822.762,636.473,0.284,0.003,62.417,45.397,141.117,0.555,0.392,0.034,0.129,0.555,0.069,0.182,-2.913e-4,0,0.041,1.767,1.726,3.357e-4,1003.962,0.001,340.077,0.258,6.4,32.17
1.653,0.26,2822.551,636.262,0.284,0.003,62.423,45.395,140.992,0.555,0.392,0.034,0.129,0.555,0.065,0.173,5.971e-6,0,0.04,1.767,1.726,2.451e-4,1003.937,0.001,340.076,0.258,6.4,32.17
1.656,0.248,2822.339,636.051,0.284,0.003,62.428,45.392,140.867,0.555,0.392,0.034,0.129,0.555,0.062,0.165,-3.543e-4,0,0.04,1.767,1.726,1.545e-4,1003.911,0.001,340.075,0.258,6.4,32.17
1.658,0.238,2822.128,635.839,0.284,0.003,62.432,45.39,140.743,0.555,0.392,0.034,0.129,0.555,0.06,0.159,1.798e-5,0,0.04,1.767,1.727,7.536e-5,1003.885,0.001,340.074,0.258,6.4,32.17
1.661,0.232,2821.916,635.628,0.284,0.003,62.435,45.387,140.618,0.555,0.392,0.034,0.129,0.556,0.058,0.154,2.237e-4,0,0.04,1.767,1.727,2.032e-5,1003.86,0.001,340.074,0.259,6.4,32.17
1.663,0.229,2821.705,635.416,0.284,0.003,62.436,45.385,140.493,0.555,0.392,0.035,0.129,0.556,0.057,0.152,-1.787e-4,0,0.04,1.767,1.727,7.025e-9,1003.834,0.001,340.073,0.259,6.4,32.17
1.666,0.228,2821.494,635.205,0.284,0.003,62.436,45.382,140.368,0.556,0.392,0.035,0.129,0.556,0.057,0.153,-2.575e-4,0,0.04,1.767,1.727,-1.905e-5,1003.808,0.001,340.072,0.259,6.4,32.17
1.668,0.232,2821.282,634.994,0.283,0.003,62.435,45.38,140.244,0.556,0.392,0.035,0.129,0.556,0.058,0.155,1.483e-4,0,0.04,1.767,1.727,-7.399e-5,1003.782,0.001,340.071,0.259,6.4,32.17
1.671,0.238,2821.071,634.782,0.283,0.003,62.433,45.378,140.119,0.556,0.392,0.035,0.129,0.556,0.059,0.158,2.423e-4,0,0.039,1.767,1.727,-1.545e-4,1003.756,0.001,340.07,0.26,6.4,32.17
1.673,0.247,2820.86,634.571,0.283,0.003,62.43,45.375,139.994,0.556,0.392,0.035,0.129,0.556,0.062,0.165,3.142e-4,0,0.039,1.767,1.728,-2.473e-4,1003.731,0.001,340.069,0.26,6.4,32.17
1.676,0.258,2820.648,634.359,0.283,0.003,62.426,45.373,139.869,0.556,0.392,0.035,0.129,0.556,0.064,0.172,-4.707e-4,0,0.039,1.767,1.728,-3.397e-4,1003.705,0.001,340.068,0.26,6.4,32.17
1.678,0.271,2820.437,634.148,0.283,0.003,62.421,45.37,139.745,0.556,0.392,0.035,0.129,0.556,0.068,0.181,2.369e-4,0,0.039,1.767,1.728,-4.225e-4,1003.679,0.001,340.067,0.261,6.4,32.17
1.681,0.285,2820.225,633.937,0.283,0.003,62.416,45.368,139.62,0.556,0.392,0.035,0.129,0.556,0.071,0.19,-1.851e-4,0,0.039,1.767,1.728,-4.9e-4,1003.653,0.001,340.067,0.261,6.4,32.17
1.684,0.3,2820.051,633.763,0.283,0.003,62.41,45.366,139.513,0.556,0.392,0.035,0.129,0.556,0.075,0.201,3.207e-4,0,0.039,1.767,1.728,-5.399e-4,1003.627,0.001,340.066,0.261,6.4,32.17
1.686,0.316,2819.877,633.589,0.283,0.003,62.404,45.364,139.406,0.556,0.392,0.035,0.129,0.556,0.079,0.211,4.688e-4,0,0.039,1.767,1.729,-5.721e-4,1003.601,0.001,340.065,0.261,6.4,32.17
1.689,0.332,2819.703,633.415,0.283,0.003,62.398,45.362,139.299,0.556,0.392,0.035,0.129,0.556,0.083,0.222,-2.97e-4,0,0.038,1.767,1.729,-5.878e-4,1003.575,0.001,340.064,0.262,6.4,32.17
1.691,0.348,2819.529,633.24,0.283,0.003,62.391,45.36,139.192,0.556,0.392,0.035,0.129,0.556,0.087,0.233,3.845e-4,0,0.038,1.767,1.729,-5.888e-4,1003.549,0.001,340.063,0.262,6.4,32.17
1.693,0.365,2819.355,633.066,0.283,0.003,62.385,45.358,139.085,0.556,0.392,0.035,0.129,0.556,0.091,0.244,3.641e-4,0,0.038,1.767,1.729,-5.773e-4,1003.523,0.001,340.062,0.262,6.4,32.17
1.696,0.38,2819.181,632.892,0.283,0.003,62.379,45.356,138.978,0.556,0.392,0.035,0.129,0.556,0.095,0.254,4.585e-4,0,0.038,1.767,1.729,-5.554e-4,1003.497,0.001,340.061,0.262,6.4,32.17
1.698,0.396,2819.007,632.718,0.283,0.003,62.374,45.354,138.871,0.556,0.392,0.035,0.129,0.557,0.099,0.264,-3.994e-4,0,0.038,1.767,1.729,-5.251e-4,1003.471,0.001,340.06,0.263,6.4,32.17
1.701,0.411,2818.833,632.544,0.283,0.003,62.368,45.351,138.764,0.556,0.392,0.035,0.129,0.557,0.103,0.275,-3.173e-4,0,0.038,1.767,1.73,-4.885e-4,1003.444,0.001,340.06,0.263,6.4,32.17
1.703,0.428,2818.659,632.37,0.283,0.003,62.362,45.349,138.657,0.556,0.392,0.035,0.129,0.557,0.107,0.285,3.623e-4,0,0.038,1.767,1.73,-4.477e-4,1003.418,0.001,340.059,0.263,6.4,32.17
1.706,0.443,2818.485,632.196,0.283,0.003,62.356,45.347,138.55,0.556,0.392,0.035,0.129,0.557,0.111,0.296,3.504e-4,0,0.037,1.767,1.73,-4.037e-4,1003.392,0.001,340.058,0.264,6.4,32.17
1.708,0.457,2818.311,632.022,0.283,0.003,62.35,45.345,138.443,0.556,0.392,0.035,0.129,0.557,0.115,0.306,-4.844e-5,0,0.037,1.767,1.73,-3.58e-4,1003.366,0.001,340.057,0.264,6.4,32.17
1.711,0.471,2818.137,631.848,0.283,0.003,62.345,45.343,138.336,0.557,0.392,0.035,0.129,0.557,0.118,0.314,-1.25e-4,0,0.037,1.767,1.73,-3.115e-4,1003.34,0.001,340.056,0.264,6.4,32.17
1.713,0.483,2817.963,631.674,0.283,0.003,62.341,45.341,138.229,0.557,0.392,0.035,0.129,0.557,0.121,0.322,-4.133e-4,0,0.037,1.768,1.73,-2.655e-4,1003.313,0.001,340.055,0.264,6.4,32.17
1.716,0.494,2817.789,631.5,0.283,0.003,62.337,45.339,138.122,0.557,0.392,0.035,0.129,0.557,0.124,0.331,-2.778e-4,0,0.037,1.768,1.731,-2.21e-4,1003.287,0.001,340.054,0.265,6.4,32.17
1.718,0.505,2817.615,631.326,0.283,0.003,62.333,45.337,138.015,0.557,0.392,0.035,0.129,0.557,0.127,0.338,3.285e-4,0,0.037,1.768,1.731,-1.787e-4,1003.261,0.001,340.053,0.265,6.4,32.17
1.721,0.514,2817.44,631.152,0.283,0.003,62.33,45.335,137.908,0.557,0.392,0.036,0.129,0.557,0.129,0.343,-4.391e-5,0,0.037,1.768,1.731,-1.395e-4,1003.234,0.001,340.053,0.265,6.4,32.17
1.723,0.522,2817.266,630.978,0.283,0.003,62.327,45.333,137.801,0.557,0.392,0.036,0.129,0.557,0.131,0.348,-1.303e-4,0,0.037,1.768,1.731,-1.042e-4,1003.208,0.001,340.052,0.265,6.4,32.17
1.726,0.528,2817.092,630.804,0.283,0.003,62.324,45.331,137.694,0.557,0.392,0.036,0.129,0.557,0.133,0.353,-1.026e-4,0,0.036,1.768,1.731,-7.326e-5,1003.181,0.001,340.051,0.266,6.4,32.17
1.728,0.534,2816.918,630.63,0.283,0.003,62.322,45.329,137.587,0.557,0.392,0.036,0.129,0.557,0.134,0.357,-3.12e-4,0,0.036,1.768,1.731,-4.728e-5,1003.155,0.001,340.05,0.266,6.4,32.17
1.731,0.538,2816.744,630.456,0.283,0.003,62.321,45.327,137.48,0.557,0.392,0.036,0.129,0.557,0.135,0.359,3.958e-4,0,0.036,1.768,1.732,-2.668e-5,1003.129,0.001,340.049,0.266,6.4,32.17
1.733,0.541,2816.57,630.281,0.283,0.003,62.32,45.325,137.374,0.557,0.392,0.036,0.129,0.558,0.136,0.362,6.255e-5,0,0.036,1.768,1.732,-1.179e-5,1003.102,0.001,340.048,0.266,6.4,32.17
1.736,0.542,2816.396,630.107,0.283,0.003,62.32,45.323,137.267,0.557,0.392,0.036,0.129,0.558,0.136,0.363,2.157e-4,0,0.036,1.768,1.732,-2.85e-6,1003.076,0.001,340.047,0.267,6.4,32.17
1.738,0.542,2816.222,629.933,0.283,0.003,62.32,45.321,137.16,0.557,0.392,0.036,0.129,0.558,0.137,0.363,4.533e-4,0,0.036,1.768,1.732,0,1003.049,0.001,340.046,0.267,6.4,32.17
1.741,0.541,2816.048,629.759,0.283,0.003,62.321,45.319,137.053,0.557,0.392,0.036,0.129,0.558,0.136,0.362,3.43e-5,0,0.036,1.768,1.732,3.296e-6,1003.022,0.001,340.045,0.267,6.4,32.17
1.743,0.539,2815.874,629.585,0.283,0.003,62.322,45.317,136.946,0.557,0.392,0.036,0.129,0.558,0.136,0.36,-2.561e-4,0,0.036,1.768,1.732,1.267e-5,1002.996,0.001,340.045,0.267,6.4,32.17
1.746,0.535,2815.7,629.411,0.283,0.003,62.323,45.315,136.839,0.557,0.392,0.036,0.129,0.558,0.135,0.358,-4.46e-4,0,0.035,1.768,1.733,2.796e-5,1002.969,0.001,340.044,0.268,6.4,32.17
1.748,0.53,2815.526,629.237,0.283,0.003,62.326,45.313,136.732,0.557,0.392,0.036,0.129,0.558,0.133,0.354,-1.523e-4,0,0.035,1.768,1.733,4.891e-5,1002.943,0.001,340.043,0.268,6.4,32.17
1.751,0.522,2815.352,629.063,0.283,0.003,62.329,45.311,136.625,0.557,0.392,0.036,0.129,0.558,0.131,0.35,2.276e-4,0,0.035,1.768,1.733,7.522e-5,1002.916,0.001,340.042,0.268,6.4,32.17
1.753,0.512,2815.178,628.889,0.283,0.003,62.333,45.309,136.518,0.557,0.392,0.036,0.129,0.558,0.129,0.342,1.774e-4,0,0.035,1.768,1.733,1.064e-4,1002.889,0.001,340.041,0.269,6.4,32.17
1.756,0.501,2815.004,628.715,0.283,0.003,62.337,45.307,136.411,0.558,0.392,0.036,0.129,0.558,0.126,0.335,9.654e-5,0,0.035,1.768,1.733,1.417e-4,1002.862,0.001,340.04,0.269,6.4,32.17
1.758,0.488,2814.83,628.541,0.283,0.003,62.342,45.305,136.304,0.558,0.392,0.036,0.129,0.558,0.123,0.327,4.773e-4,0,0.035,1.768,1.733,1.805e-4,1002.836,0.001,340.039,0.269,6.4,32.17
1.761,0.474,2814.656,628.367,0.283,0.003,62.348,45.303,136.197,0.558,0.392,0.036,0.129,0.558,0.119,0.318,2.431e-4,0,0.035,1.768,1.733,2.218e-4,1002.809,0.001,340.038,0.269,6.4,32.17
1.764,0.46,2814.481,628.193,0.283,0.003,62.354,45.301,136.09,0.558,0.392,0.036,0.129,0.558,0.115,0.307,-4.803e-4,0,0.035,1.768,1.734,2.65e-4,1002.782,0.001,340.037,0.27,6.4,32.17
1.766,0.444,2814.307,628.018,0.283,0.003,62.36,45.299,135.982,0.558,0.392,0.036,0.129,0.558,0.111,0.297,3.554e-4,0,0.034,1.768,1.734,3.09e-4,1002.755,0.001,340.036,0.27,6.4,32.17
1.769,0.427,2814.132,627.843,0.283,0.003,62.367,45.297,135.875,0.558,0.392,0.036,0.129,0.558,0.107,0.286,1.639e-4,0,0.034,1.768,1.734,3.527e-4,1002.728,0.001,340.036,0.27,6.4,32.17
1.771,0.409,2813.957,627.668,0.283,0.003,62.374,45.295,135.767,0.558,0.392,0.036,0.13,0.558,0.103,0.274,-9.457e-5,0,0.034,1.768,1.734,3.951e-4,1002.701,0.001,340.035,0.27,6.4,32.17
1.774,0.391,2813.782,627.493,0.283,0.003,62.381,45.293,135.66,0.558,0.392,0.036,0.13,0.558,0.098,0.262,2.787e-4,0,0.034,1.768,1.734,4.347e-4,1002.674,0.001,340.034,0.271,6.4,32.17
1.776,0.372,2813.606,627.317,0.283,0.003,62.389,45.29,135.552,0.558,0.392,0.036,0.13,0.558,0.093,0.248,4.412e-4,0,0.034,1.768,1.734,4.701e-4,1002.647,0.001,340.033,0.271,6.4,32.17
1.779,0.352,2813.43,627.142,0.283,0.003,62.397,45.288,135.444,0.558,0.392,0.036,0.13,0.558,0.088,0.236,2.838e-5,0,0.034,1.768,1.735,4.997e-4,1002.62,0.001,340.032,0.271,6.4,32.17
1.781,0.332,2813.254,626.966,0.283,0.003,62.405,45.286,135.336,0.558,0.392,0.037,0.13,0.558,0.083,0.223,4.913e-4,0,0.034,1.769,1.735,5.218e-4,1002.592,0.001,340.031,0.271,6.4,32.17
1.784,0.312,2813.078,626.789,0.283,0.003,62.413,45.284,135.227,0.558,0.392,0.037,0.13,0.558,0.078,0.208,2.149e-5,0,0.034,1.769,1.735,5.343e-4,1002.565,0.001,340.03,0.272,6.4,32.17
1.786,0.292,2812.902,626.613,0.283,0.003,62.421,45.282,135.119,0.558,0.392,0.037,0.13,0.558,0.073,0.195,-4.166e-4,0,0.034,1.769,1.735,5.349e-4,1002.538,0.001,340.029,0.272,6.4,32.17
1.789,0.271,2812.725,626.436,0.283,0.003,62.429,45.28,135.01,0.558,0.392,0.037,0.13,0.558,0.068,0.182,-1.765e-4,0,0.033,1.769,1.735,5.212e-4,1002.51,0.001,340.028,0.272,6.4,32.17
1.791,0.252,2812.548,626.259,0.282,0.003,62.437,45.278,134.901,0.558,0.392,0.037,0.13,0.558,0.063,0.169,-1.244e-4,0,0.033,1.769,1.735,4.906e-4,1002.483,0.001,340.027,0.272,6.4,32.17
1.794,0.233,2812.371,626.082,0.282,0.003,62.445,45.276,134.792,0.558,0.392,0.037,0.13,0.558,0.058,0.155,3.322e-4,0,0.033,1.769,1.735,4.411e-4,1002.455,0.001,340.026,0.273,6.4,32.17
1.796,0.215,2812.193,625.904,0.282,0.003,62.452,45.274,134.683,0.558,0.392,0.037,0.13,0.558,0.054,0.143,-9.895e-5,0,0.033,1.769,1.736,3.715e-4,1002.427,0.001,340.025,0.273,6.4,32.17
1.799,0.198,2812.015,625.727,0.282,0.003,62.459,45.272,134.574,0.558,0.392,0.037,0.13,0.559,0.05,0.133,-4.832e-4,0,0.033,1.769,1.736,2.84e-4,1002.4,0.001,340.024,0.273,6.4,32.17
1.801,0.187,2811.837,625.548,0.282,0.003,62.463,45.27,134.465,0.559,0.392,0.037,0.13,0.559,0.047,0.125,-7.352e-5,0,0.033,1.769,1.736,1.876e-4,1002.372,0.001,340.024,0.273,6.4,32.17
1.804,0.181,2811.659,625.37,0.282,0.003,62.466,45.268,134.355,0.559,0.392,0.037,0.13,0.559,0.045,0.121,2.001e-5,0,0.033,1.769,1.736,9.753e-5,1002.344,0.001,340.023,0.274,6.4,32.17
1.807,0.178,2811.48,625.191,0.282,0.003,62.467,45.266,134.245,0.559,0.392,0.037,0.13,0.559,0.044,0.119,4.231e-4,0,0.033,1.769,1.736,3.025e-5,1002.316,0.001,340.022,0.274,6.4,32.17
1.809,0.178,2811.301,625.013,0.282,0.003,62.468,45.263,134.135,0.559,0.392,0.037,0.13,0.559,0.044,0.119,1.237e-4,0,0.033,1.769,1.736,6.822e-7,1002.288,0.001,340.021,0.274,6.4,32.17
1.812,0.182,2811.122,624.833,0.282,0.003,62.466,45.261,134.025,0.559,0.392,0.037,0.13,0.559,0.045,0.122,1.513e-4,0,0.032,1.769,1.737,-1.459e-5,1002.26,0.001,340.02,0.275,6.4,32.17
1.814,0.189,2810.942,624.654,0.282,0.003,62.464,45.259,133.915,0.559,0.392,0.037,0.13,0.559,0.047,0.127,-4.225e-4,0,0.032,1.769,1.737,-6.604e-5,1002.232,0.001,340.019,0.275,6.4,32.17
1.817,0.199,2810.763,624.474,0.282,0.003,62.46,45.257,133.804,0.559,0.392,0.037,0.13,0.559,0.05,0.134,3.589e-4,0,0.032,1.769,1.737,-1.412e-4,1002.203,0.001,340.018,0.275,6.4,32.17
1.82,0.212,2810.582,624.294,0.282,0.003,62.455,45.255,133.693,0.559,0.392,0.037,0.13,0.559,0.053,0.142,-2.092e-4,0,0.032,1.769,1.737,-2.247e-4,1002.175,0.001,340.017,0.275,6.4,32.17
1.822,0.227,2810.402,624.113,0.282,0.003,62.449,45.253,133.583,0.559,0.392,0.037,0.13,0.559,0.057,0.152,-4.083e-4,0,0.032,1.769,1.737,-3.043e-4,1002.147,0.001,340.016,0.276,6.4,32.17
1.825,0.244,2810.221,623.932,0.282,0.003,62.443,45.251,133.471,0.559,0.392,0.037,0.13,0.559,0.061,0.164,-1.118e-4,0,0.032,1.769,1.737,-3.726e-4,1002.118,0.001,340.015,0.276,6.4,32.17
1.827,0.261,2810.04,623.751,0.282,0.003,62.436,45.249,133.36,0.559,0.392,0.037,0.13,0.559,0.065,0.176,-3.812e-4,0,0.032,1.769,1.737,-4.259e-4,1002.09,0.001,340.014,0.276,6.4,32.17
1.83,0.28,2809.859,623.57,0.282,0.003,62.429,45.247,133.249,0.559,0.392,0.037,0.13,0.559,0.07,0.188,1.282e-4,0,0.032,1.769,1.738,-4.634e-4,1002.061,0.001,340.013,0.276,6.4,32.17
1.833,0.299,2809.677,623.388,0.282,0.003,62.422,45.244,133.137,0.559,0.392,0.037,0.13,0.559,0.075,0.202,-3.051e-5,0,0.032,1.769,1.738,-4.857e-4,1002.032,0.001,340.012,0.277,6.4,32.17
1.835,0.318,2809.495,623.206,0.282,0.003,62.414,45.242,133.025,0.559,0.392,0.037,0.13,0.559,0.08,0.214,1.849e-4,0,0.031,1.769,1.738,-4.942e-4,1002.003,0.001,340.011,0.277,6.4,32.17
1.838,0.337,2809.313,623.024,0.282,0.003,62.407,45.24,132.913,0.559,0.392,0.037,0.13,0.559,0.085,0.227,-4.152e-4,0,0.031,1.769,1.738,-4.907e-4,1001.975,0.001,340.01,0.277,6.4,32.17
1.84,0.356,2809.13,622.842,0.282,0.003,62.4,45.238,132.801,0.559,0.392,0.038,0.13,0.56,0.089,0.24,-2.067e-4,0,0.031,1.769,1.738,-4.768e-4,1001.946,0.001,340.009,0.277,6.4,32.17
1.843,0.375,2808.947,622.659,0.282,0.003,62.393,45.236,132.689,0.559,0.392,0.038,0.13,0.56,0.094,0.253,8.172e-5,0,0.031,1.769,1.738,-4.545e-4,1001.917,0.001,340.008,0.278,6.4,32.17
1.846,0.393,2808.764,622.475,0.282,0.003,62.386,45.234,132.576,0.559,0.392,0.038,0.13,0.56,0.099,0.265,2.577e-4,0,0.031,1.769,1.739,-4.252e-4,1001.888,0.001,340.007,0.278,6.4,32.17
1.848,0.411,2808.581,622.292,0.282,0.003,62.379,45.232,132.463,0.56,0.392,0.038,0.13,0.56,0.103,0.276,1.307e-4,0,0.031,1.77,1.739,-3.907e-4,1001.858,0.001,340.006,0.278,6.4,32.17
1.851,0.427,2808.397,622.108,0.282,0.003,62.373,45.229,132.35,0.56,0.392,0.038,0.13,0.56,0.107,0.288,3.233e-4,0,0.031,1.77,1.739,-3.512e-4,1001.829,0.001,340.005,0.278,6.4,32.17
1.854,0.439,2808.213,621.924,0.282,0.003,62.369,45.227,132.237,0.56,0.392,0.038,0.13,0.56,0.11,0.296,4.466e-4,0,0.031,1.77,1.739,-3.071e-4,1001.8,0.001,340.004,0.279,6.4,32.17
1.856,0.45,2808.028,621.74,0.282,0.003,62.365,45.225,132.124,0.56,0.392,0.038,0.13,0.56,0.113,0.304,-8.849e-5,0,0.031,1.77,1.739,-2.615e-4,1001.77,0.001,340.003,0.279,6.4,32.17
1.859,0.461,2807.844,621.555,0.282,0.003,62.361,45.223,132.01,0.56,0.392,0.038,0.13,0.56,0.116,0.311,-1.071e-4,0,0.03,1.77,1.739,-2.163e-4,1001.741,0.001,340.002,0.279,6.4,32.17
1.861,0.469,2807.659,621.37,0.282,0.003,62.358,45.221,131.897,0.56,0.392,0.038,0.13,0.56,0.118,0.316,2.181e-4,0,0.03,1.77,1.739,-1.728e-4,1001.712,0.001,340.001,0.28,6.4,32.17
1.864,0.477,2807.474,621.185,0.282,0.003,62.355,45.219,131.783,0.56,0.392,0.038,0.13,0.56,0.12,0.321,1.989e-4,0,0.03,1.77,1.74,-1.324e-4,1001.682,0.001,340,0.28,6.4,32.17
1.867,0.483,2807.289,621,0.282,0.003,62.353,45.216,131.669,0.56,0.392,0.038,0.13,0.56,0.121,0.325,-3.252e-4,0,0.03,1.77,1.74,-9.594e-5,1001.652,0.001,339.999,0.28,6.4,32.17
1.869,0.487,2807.103,620.814,0.282,0.003,62.351,45.214,131.555,0.56,0.392,0.038,0.13,0.56,0.123,0.329,-2.093e-4,0,0.03,1.77,1.74,-6.45e-5,1001.623,0.001,339.998,0.28,6.4,32.17
1.872,0.49,2806.917,620.628,0.282,0.003,62.35,45.212,131.441,0.56,0.392,0.038,0.13,0.56,0.123,0.33,2.74e-4,0,0.03,1.77,1.74,-3.874e-5,1001.593,0.001,339.997,0.281,6.4,32.17
1.875,0.491,2806.731,620.442,0.282,0.003,62.35,45.21,131.326,0.56,0.392,0.038,0.13,0.56,0.124,0.331,2.351e-4,0,0.03,1.77,1.74,-1.925e-5,1001.563,0.001,339.996,0.281,6.4,32.17
1.877,0.491,2806.545,620.256,0.282,0.003,62.35,45.208,131.212,0.56,0.392,0.038,0.13,0.561,0.124,0.331,-2.428e-4,0,0.03,1.77,1.74,-6.401e-6,1001.533,0.001,339.995,0.281,6.4,32.17
1.88,0.489,2806.358,620.069,0.282,0.003,62.351,45.205,131.097,0.56,0.392,0.038,0.13,0.561,0.123,0.329,-2.03e-4,0,0.03,1.77,1.74,-4.413e-7,1001.503,0.001,339.994,0.281,6.4,32.17
1.883,0.485,2806.171,619.882,0.282,0.003,62.353,45.203,130.982,0.56,0.392,0.038,0.13,0.561,0.122,0.327,1.66e-4,0,0.03,1.77,1.74,1.436e-6,1001.473,0.001,339.993,0.282,6.4,32.17
1.886,0.48,2805.984,619.695,0.282,0.003,62.355,45.201,130.867,0.56,0.392,0.038,0.13,0.561,0.121,0.324,-3.903e-4,0,0.029,1.77,1.741,9.298e-6,1001.443,0.001,339.992,0.282,6.4,32.17
1.888,0.473,2805.796,619.508,0.282,0.003,62.358,45.199,130.752,0.56,0.392,0.038,0.13,0.561,0.119,0.319,2.573e-4,0,0.029,1.77,1.741,2.378e-5,1001.413,0.001,339.991,0.282,6.4,32.17
1.891,0.465,2805.608,619.32,0.282,0.003,62.362,45.197,130.637,0.56,0.392,0.038,0.13,0.561,0.117,0.314,-4.116e-5,0,0.029,1.77,1.741,4.447e-5,1001.382,0.001,339.99,0.282,6.4,32.17
1.894,0.455,2805.42,619.132,0.282,0.003,62.366,45.194,130.521,0.56,0.392,0.038,0.13,0.561,0.114,0.307,2.809e-4,0,0.029,1.77,1.741,7.083e-5,1001.352,0.001,339.989,0.283,6.4,32.17
1.896,0.444,2805.232,618.943,0.282,0.003,62.37,45.192,130.405,0.561,0.392,0.038,0.13,0.561,0.111,0.299,1.797e-4,0,0.029,1.77,1.741,1.022e-4,1001.321,0.001,339.988,0.283,6.4,32.17
1.899,0.431,2805.043,618.755,0.282,0.003,62.376,45.19,130.289,0.561,0.392,0.038,0.13,0.561,0.108,0.29,-3.789e-4,0,0.029,1.77,1.741,1.376e-4,1001.291,0.001,339.987,0.283,6.4,32.17
1.902,0.417,2804.854,618.566,0.282,0.003,62.381,45.188,130.173,0.561,0.392,0.039,0.13,0.561,0.105,0.281,-3.325e-4,0,0.029,1.77,1.741,1.759e-4,1001.26,0.001,339.986,0.283,6.4,32.17
1.904,0.403,2804.665,618.377,0.282,0.003,62.387,45.186,130.057,0.561,0.392,0.039,0.13,0.561,0.101,0.271,-1.991e-4,0,0.029,1.77,1.742,2.159e-4,1001.23,0.001,339.985,0.284,6.4,32.17
1.907,0.387,2804.476,618.187,0.282,0.003,62.393,45.183,129.94,0.561,0.392,0.039,0.13,0.561,0.097,0.261,-4.989e-4,0,0.029,1.77,1.742,2.569e-4,1001.199,0.001,339.984,0.284,6.4,32.17
1.91,0.37,2804.286,617.997,0.282,0.003,62.4,45.181,129.824,0.561,0.392,0.039,0.131,0.561,0.093,0.249,3.499e-4,0,0.029,1.77,1.742,2.974e-4,1001.168,0.001,339.983,0.284,6.4,32.17
1.913,0.352,2804.096,617.807,0.282,0.003,62.407,45.179,129.707,0.561,0.392,0.039,0.131,0.561,0.088,0.238,1.796e-4,0,0.028,1.77,1.742,3.358e-4,1001.137,0.001,339.982,0.285,6.4,32.17
1.915,0.334,2803.905,617.617,0.282,0.003,62.415,45.177,129.59,0.561,0.392,0.039,0.131,0.561,0.084,0.225,3.573e-5,0,0.028,1.771,1.742,3.706e-4,1001.106,0.001,339.981,0.285,6.4,32.17
1.918,0.314,2803.714,617.426,0.281,0.003,62.422,45.174,129.473,0.561,0.392,0.039,0.131,0.561,0.079,0.212,-2.651e-5,0,0.028,1.771,1.742,3.997e-4,1001.075,0.001,339.98,0.285,6.4,32.17
1.921,0.294,2803.523,617.235,0.281,0.003,62.43,45.172,129.355,0.561,0.392,0.039,0.131,0.561,0.074,0.199,-4.195e-5,0,0.028,1.771,1.742,4.21e-4,1001.044,0.001,339.979,0.285,6.4,32.17
1.924,0.274,2803.332,617.043,0.281,0.003,62.438,45.17,129.237,0.561,0.392,0.039,0.131,0.561,0.069,0.185,3.872e-4,0,0.028,1.771,1.743,4.317e-4,1001.013,0.001,339.978,0.286,6.4,32.17
1.926,0.254,2803.14,616.852,0.281,0.003,62.447,45.168,129.12,0.561,0.392,0.039,0.131,0.561,0.064,0.171,6.424e-6,0,0.028,1.771,1.743,4.29e-4,1000.982,0.001,339.977,0.286,6.4,32.17
1.929,0.234,2802.948,616.66,0.281,0.003,62.455,45.165,129.002,0.561,0.392,0.039,0.131,0.561,0.059,0.158,2.364e-4,0,0.028,1.771,1.743,4.098e-4,1000.95,0.001,339.976,0.286,6.4,32.17
1.932,0.215,2802.756,616.467,0.281,0.003,62.462,45.163,128.883,0.561,0.392,0.039,0.131,0.561,0.054,0.145,1.812e-4,0,0.028,1.771,1.743,3.71e-4,1000.919,0.001,339.975,0.286,6.4,32.17
1.935,0.197,2802.563,616.274,0.281,0.003,62.47,45.161,128.765,0.561,0.392,0.039,0.131,0.561,0.049,0.133,-1.618e-4,0,0.028,1.771,1.743,3.108e-4,1000.887,0.001,339.974,0.287,6.4,32.17
1.937,0.181,2802.37,616.081,0.281,0.003,62.476,45.159,128.646,0.561,0.392,0.039,0.131,0.561,0.045,0.122,2.779e-4,0,0.028,1.771,1.743,2.309e-4,1000.855,0.001,339.973,0.287,6.4,32.17
1.94,0.167,2802.177,615.888,0.281,0.003,62.482,45.156,128.527,0.561,0.392,0.039,0.131,0.562,0.042,0.113,-1.858e-4,0,0.027,1.771,1.743,1.397e-4,1000.824,0.001,339.972,0.287,6.4,32.17
1.943,0.158,2801.983,615.694,0.281,0.003,62.486,45.154,128.408,0.562,0.392,0.039,0.131,0.562,0.039,0.107,4.344e-4,0,0.027,1.771,1.744,5.606e-5,1000.792,0.001,339.97,0.287,6.4,32.17
1.946,0.152,2801.789,615.5,0.281,0.003,62.488,45.152,128.289,0.562,0.392,0.039,0.131,0.562,0.038,0.103,7.413e-6,0,0.027,1.771,1.744,5.763e-6,1000.76,0.001,339.969,0.288,6.4,32.17
1.949,0.152,2801.595,615.306,0.281,0.003,62.488,45.149,128.17,0.562,0.392,0.039,0.131,0.562,0.038,0.103,4.201e-5,0,0.027,1.771,1.744,-8.791e-6,1000.728,0.001,339.968,0.288,6.4,32.17
1.951,0.157,2801.4,615.111,0.281,0.003,62.487,45.147,128.05,0.562,0.392,0.039,0.131,0.562,0.039,0.106,1.196e-5,0,0.027,1.771,1.744,-6.288e-5,1000.696,0.001,339.967,0.288,6.4,32.17
1.954,0.166,2801.205,614.917,0.281,0.003,62.483,45.145,127.93,0.562,0.392,0.039,0.131,0.562,0.041,0.112,-4.804e-4,0,0.027,1.771,1.744,-1.454e-4,1000.664,0.001,339.966,0.289,6.4,32.17
1.957,0.178,2801.01,614.721,0.281,0.003,62.479,45.142,127.81,0.562,0.392,0.039,0.131,0.562,0.045,0.121,-1.835e-4,0,0.027,1.771,1.744,-2.33e-4,1000.632,0.001,339.965,0.289,6.4,32.17
1.96,0.193,2800.814,614.525,0.281,0.003,62.473,45.14,127.69,0.562,0.392,0.039,0.131,0.562,0.048,0.131,4.508e-4,0,0.027,1.771,1.744,-3.086e-4,1000.599,0.001,339.964,0.289,6.4,32.17
1.963,0.21,2800.618,614.329,0.281,0.003,62.467,45.138,127.57,0.562,0.392,0.039,0.131,0.562,0.052,0.143,6.069e-5,0,0.027,1.771,1.745,-3.648e-4,1000.567,0.001,339.963,0.289,6.4,32.17
1.965,0.228,2800.422,614.133,0.281,0.003,62.46,45.136,127.449,0.562,0.392,0.04,0.131,0.562,0.057,0.154,-4.156e-4,0,0.027,1.771,1.745,-4.001e-4,1000.535,0.001,339.962,0.29,6.4,32.17
1.968,0.246,2800.225,613.936,0.281,0.003,62.453,45.133,127.328,0.562,0.392,0.04,0.131,0.562,0.062,0.167,4.048e-4,0,0.027,1.771,1.745,-4.163e-4,1000.502,0.001,339.961,0.29,6.4,32.17
1.971,0.265,2800.028,613.739,0.281,0.003,62.446,45.131,127.207,0.562,0.392,0.04,0.131,0.562,0.066,0.18,1.991e-4,0,0.026,1.771,1.745,-4.164e-4,1000.469,0.001,339.96,0.29,6.4,32.17
1.974,0.283,2799.83,613.542,0.281,0.003,62.439,45.129,127.085,0.562,0.392,0.04,0.131,0.562,0.071,0.192,-4.869e-4,0,0.026,1.771,1.745,-4.036e-4,1000.437,0.001,339.959,0.29,6.4,32.17
1.977,0.301,2799.633,613.344,0.281,0.003,62.432,45.126,126.964,0.562,0.392,0.04,0.131,0.562,0.075,0.204,3.296e-4,0,0.026,1.771,1.745,-3.807e-4,1000.404,0.001,339.957,0.291,6.4,32.17
1.98,0.318,2799.434,613.146,0.281,0.003,62.426,45.124,126.842,0.562,0.392,0.04,0.131,0.562,0.08,0.216,1.497e-4,0,0.026,1.771,1.745,-3.502e-4,1000.371,0.001,339.956,0.291,6.4,32.17
1.982,0.334,2799.236,612.947,0.281,0.003,62.42,45.122,126.72,0.562,0.392,0.04,0.131,0.563,0.084,0.227,3.579e-4,0,0.026,1.772,1.745,-3.145e-4,1000.338,0.001,339.955,0.291,6.4,32.17
1.985,0.35,2799.037,612.748,0.281,0.003,62.414,45.119,126.598,0.562,0.392,0.04,0.131,0.563,0.088,0.237,-1.111e-4,0,0.026,1.772,1.746,-2.755e-4,1000.305,0.001,339.954,0.291,6.4,32.17
1.988,0.364,2798.838,612.549,0.281,0.003,62.408,45.117,126.475,0.562,0.392,0.04,0.131,0.563,0.091,0.247,4.669e-4,0,0.026,1.772,1.746,-2.349e-4,1000.272,0.001,339.953,0.292,6.4,32.17
1.991,0.377,2798.638,612.35,0.281,0.003,62.404,45.114,126.353,0.563,0.392,0.04,0.131,0.563,0.095,0.256,-6.28e-5,0,0.026,1.772,1.746,-1.943e-4,1000.238,0.001,339.952,0.292,6.4,32.17
1.994,0.388,2798.438,612.15,0.281,0.003,62.399,45.112,126.23,0.563,0.392,0.04,0.131,0.563,0.097,0.264,4.573e-4,0,0.026,1.772,1.746,-1.55e-4,1000.205,0.001,339.951,0.292,6.4,32.17
1.997,0.398,2798.238,611.949,0.281,0.003,62.396,45.11,126.107,0.563,0.391,0.04,0.131,0.563,0.1,0.27,-4.296e-4,0,0.026,1.772,1.746,-1.183e-4,1000.171,0.001,339.95,0.293,6.4,32.17
2,0.407,2798.037,611.748,0.281,0.003,62.393,45.107,125.983,0.563,0.391,0.04,0.131,0.563,0.102,0.276,4.279e-4,0,0.025,1.772,1.746,-8.519e-5,1000.138,0.001,339.949,0.293,6.4,32.17
2.003,0.414,2797.836,611.547,0.281,0.003,62.39,45.105,125.86,0.563,0.391,0.04,0.131,0.563,0.104,0.281,-3.177e-4,0,0.025,1.772,1.746,-5.523e-5,1000.104,0.001,339.947,0.293,6.4,32.17
2.005,0.419,2797.635,611.346,0.281,0.003,62.388,45.103,125.736,0.563,0.391,0.04,0.131,0.563,0.105,0.284,-1.807e-4,0,0.025,1.772,1.747,-3.102e-5,1000.07,0.001,339.946,0.293,6.4,32.17
2.008,0.422,2797.433,611.144,0.281,0.003,62.387,45.1,125.612,0.563,0.391,0.04,0.131,0.563,0.106,0.287,-5.189e-5,0,0.025,1.772,1.747,-1.345e-5,1000.037,0.001,339.945,0.294,6.4,32.17
2.011,0.424,2797.231,610.942,0.281,0.003,62.387,45.098,125.488,0.563,0.391,0.04,0.131,0.563,0.106,0.287,3.209e-4,0,0.025,1.772,1.747,-3.026e-6,1000.003,0.001,339.944,0.294,6.4,32.17
2.014,0.423,2797.028,610.74,0.281,0.003,62.387,45.095,125.363,0.563,0.391,0.04,0.131,0.563,0.106,0.287,9.984e-5,0,0.025,1.772,1.747,3.965e-8,999.969,0.001,339.943,0.294,6.4,32.17
2.017,0.421,2796.826,610.537,0.281,0.003,62.389,45.093,125.239,0.563,0.391,0.04,0.131,0.563,0.106,0.285,1.41e-4,0,0.025,1.772,1.747,4.565e-6,999.935,0.001,339.942,0.294,6.4,32.17
2.02,0.416,2796.623,610.334,0.281,0.003,62.39,45.091,125.114,0.563,0.391,0.04,0.131,0.563,0.105,0.283,-1.839e-4,0,0.025,1.772,1.747,1.647e-5,999.9,0.001,339.941,0.295,6.4,32.17
2.023,0.41,2796.419,610.13,0.281,0.003,62.393,45.088,124.989,0.563,0.391,0.04,0.131,0.563,0.103,0.278,1.4e-4,0,0.025,1.772,1.747,3.541e-5,999.866,0.001,339.939,0.295,6.4,32.17
2.026,0.401,2796.215,609.927,0.281,0.003,62.397,45.086,124.864,0.563,0.391,0.04,0.131,0.564,0.101,0.273,-2.755e-4,0,0.025,1.772,1.747,6.082e-5,999.832,0.001,339.938,0.295,6.4,32.17
2.029,0.391,2796.011,609.722,0.281,0.003,62.401,45.083,124.738,0.563,0.391,0.041,0.131,0.564,0.098,0.266,3.276e-4,0,0.025,1.772,1.748,9.194e-5,999.797,0.001,339.937,0.295,6.4,32.17
2.032,0.379,2795.806,609.518,0.281,0.003,62.406,45.081,124.612,0.563,0.391,0.041,0.131,0.564,0.095,0.258,1.758e-5,0,0.025,1.772,1.748,1.277e-4,999.763,0.001,339.936,0.296,6.4,32.17
2.035,0.366,2795.602,609.313,0.281,0.003,62.411,45.079,124.486,0.563,0.391,0.041,0.131,0.564,0.092,0.248,2.223e-4,0,0.024,1.772,1.748,1.67e-4,999.728,0.001,339.935,0.296,6.4,32.17
2.038,0.351,2795.396,609.108,0.281,0.003,62.417,45.076,124.36,0.563,0.391,0.041,0.131,0.564,0.088,0.238,1.818e-4,0,0.024,1.772,1.748,2.083e-4,999.693,0.001,339.934,0.296,6.4,32.17
2.041,0.334,2795.191,608.902,0.281,0.003,62.424,45.074,124.234,0.564,0.391,0.041,0.131,0.564,0.084,0.227,-4.248e-4,0,0.024,1.772,1.748,2.498e-4,999.659,0.001,339.932,0.297,6.4,32.17
2.044,0.316,2794.985,608.696,0.28,0.003,62.431,45.071,124.107,0.564,0.391,0.041,0.131,0.564,0.079,0.215,3.403e-4,0,0.024,1.772,1.748,2.896e-4,999.624,0.001,339.931,0.297,6.4,32.17
2.046,0.297,2794.778,608.49,0.28,0.003,62.439,45.069,123.98,0.564,0.391,0.041,0.131,0.564,0.074,0.201,-4.371e-5,0,0.024,1.772,1.748,3.253e-4,999.589,0.001,339.93,0.297,6.4,32.17
2.049,0.277,2794.572,608.283,0.28,0.003,62.447,45.066,123.853,0.564,0.391,0.041,0.131,0.564,0.069,0.188,-2.917e-4,0,0.024,1.772,1.748,3.54e-4,999.554,0.001,339.929,0.297,6.4,32.17
2.052,0.258,2794.364,608.076,0.28,0.003,62.455,45.064,123.726,0.564,0.391,0.041,0.132,0.564,0.064,0.174,-2.957e-4,0,0.024,1.773,1.749,3.726e-4,999.518,0.001,339.928,0.298,6.4,32.17
2.055,0.238,2794.157,607.868,0.28,0.003,62.463,45.061,123.598,0.564,0.391,0.041,0.132,0.564,0.06,0.161,-3.377e-4,0,0.024,1.773,1.749,3.8e-4,999.483,0.001,339.927,0.298,6.4,32.17
2.058,0.218,2793.949,607.66,0.28,0.003,62.471,45.059,123.471,0.564,0.391,0.041,0.132,0.564,0.055,0.148,-2.602e-4,0,0.024,1.773,1.749,3.727e-4,999.448,0.001,339.925,0.298,6.4,32.17
2.061,0.199,2793.74,607.452,0.28,0.003,62.478,45.056,123.343,0.564,0.391,0.041,0.132,0.564,0.05,0.135,-7.777e-5,0,0.024,1.773,1.749,3.473e-4,999.412,0.001,339.924,0.298,6.4,32.17
2.064,0.181,2793.532,607.243,0.28,0.003,62.486,45.054,123.214,0.564,0.391,0.041,0.132,0.564,0.045,0.122,-2.58e-4,0,0.024,1.773,1.749,3.004e-4,999.377,0.001,339.923,0.299,6.4,32.17
2.067,0.164,2793.322,607.034,0.28,0.003,62.493,45.051,123.086,0.564,0.391,0.041,0.132,0.564,0.041,0.111,3.471e-4,0,0.023,1.773,1.749,2.313e-4,999.341,0.001,339.922,0.299,6.4,32.17
2.07,0.15,2793.112,606.824,0.28,0.003,62.498,45.049,122.957,0.564,0.391,0.041,0.132,0.564,0.037,0.102,1.881e-4,0,0.023,1.773,1.749,1.458e-4,999.305,0.001,339.921,0.299,6.4,32.17
2.073,0.14,2792.902,606.614,0.28,0.003,62.503,45.047,122.827,0.564,0.391,0.041,0.132,0.564,0.035,0.095,-1.561e-4,0,0.023,1.773,1.75,6.141e-5,999.269,0.001,339.919,0.299,6.4,32.17
2.076,0.134,2792.692,606.403,0.28,0.003,62.505,45.044,122.698,0.564,0.391,0.041,0.132,0.564,0.034,0.091,-2.439e-4,0,0.023,1.773,1.75,7.165e-6,999.233,0.001,339.918,0.3,6.4,32.17
2.079,0.134,2792.481,606.192,0.28,0.003,62.505,45.042,122.568,0.564,0.391,0.041,0.132,0.564,0.033,0.092,-1.104e-4,0,0.023,1.773,1.75,-8.105e-6,999.197,0.001,339.917,0.3,6.4,32.17
2.083,0.139,2792.269,605.98,0.28,0.003,62.504,45.039,122.438,0.564,0.391,0.041,0.132,0.564,0.035,0.095,-4.085e-4,0,0.023,1.773,1.75,-6.38e-5,999.161,0.001,339.916,0.3,6.4,32.17
2.086,0.149,2792.057,605.768,0.28,0.003,62.5,45.036,122.308,0.564,0.391,0.041,0.132,0.564,0.037,0.102,1.664e-4,0,0.023,1.773,1.75,-1.485e-4,999.124,0.001,339.914,0.301,6.4,32.17
2.089,0.163,2791.845,605.556,0.28,0.003,62.495,45.034,122.177,0.565,0.391,0.041,0.132,0.565,0.041,0.111,-6.312e-5,0,0.023,1.773,1.75,-2.331e-4,999.088,0.001,339.913,0.301,6.4,32.17
2.092,0.179,2791.632,605.343,0.28,0.003,62.489,45.031,122.047,0.565,0.391,0.042,0.132,0.565,0.045,0.122,-1.89e-4,0,0.023,1.773,1.75,-3e-4,999.051,0.001,339.912,0.301,6.4,32.17
2.095,0.196,2791.419,605.13,0.28,0.003,62.482,45.029,121.916,0.565,0.391,0.042,0.132,0.565,0.049,0.135,-3.759e-4,0,0.023,1.773,1.75,-3.439e-4,999.014,0.001,339.911,0.301,6.4,32.17
2.098,0.215,2791.205,604.916,0.28,0.003,62.475,45.026,121.784,0.565,0.391,0.042,0.132,0.565,0.054,0.147,-2.241e-4,0,0.023,1.773,1.751,-3.658e-4,998.978,0.001,339.91,0.302,6.4,32.17
2.101,0.234,2790.991,604.702,0.28,0.003,62.468,45.024,121.653,0.565,0.391,0.042,0.132,0.565,0.058,0.159,-6.885e-5,0,0.022,1.773,1.751,-3.693e-4,998.941,0.001,339.908,0.302,6.4,32.17
2.104,0.252,2790.776,604.487,0.28,0.003,62.461,45.021,121.521,0.565,0.391,0.042,0.132,0.565,0.063,0.172,-1.95e-4,0,0.022,1.773,1.751,-3.584e-4,998.904,0.001,339.907,0.302,6.4,32.17
2.107,0.269,2790.561,604.272,0.28,0.003,62.454,45.019,121.389,0.565,0.391,0.042,0.132,0.565,0.067,0.184,3.01e-4,0,0.022,1.773,1.751,-3.369e-4,998.866,0.001,339.906,0.302,6.4,32.17
2.11,0.286,2790.345,604.057,0.28,0.003,62.448,45.016,121.256,0.565,0.391,0.042,0.132,0.565,0.072,0.196,-4.778e-4,0,0.022,1.773,1.751,-3.078e-4,998.829,0.001,339.905,0.303,6.4,32.17
2.113,0.302,2790.129,603.841,0.28,0.003,62.442,45.014,121.123,0.565,0.391,0.042,0.132,0.565,0.076,0.207,4.247e-4,0,0.022,1.773,1.751,-2.734e-4,998.792,0.001,339.903,0.303,6.4,32.17
2.116,0.316,2789.913,603.624,0.28,0.003,62.437,45.011,120.99,0.565,0.391,0.042,0.132,0.565,0.079,0.216,1.329e-4,0,0.022,1.773,1.751,-2.361e-4,998.754,0.001,339.902,0.303,6.4,32.17
2.119,0.33,2789.696,603.407,0.28,0.003,62.431,45.008,120.857,0.565,0.391,0.042,0.132,0.565,0.083,0.225,1.868e-4,0,0.022,1.773,1.752,-1.976e-4,998.717,0.001,339.901,0.304,6.4,32.17
2.123,0.342,2789.479,603.19,0.28,0.003,62.427,45.006,120.723,0.565,0.391,0.042,0.132,0.565,0.086,0.234,2.394e-4,0,0.022,1.774,1.752,-1.595e-4,998.679,0.001,339.9,0.304,6.4,32.17
2.126,0.352,2789.261,602.972,0.28,0.003,62.423,45.003,120.589,0.565,0.391,0.042,0.132,0.566,0.088,0.241,-2.469e-5,0,0.022,1.774,1.752,-1.233e-4,998.641,0.001,339.898,0.304,6.4,32.17
2.129,0.361,2789.042,602.754,0.28,0.003,62.42,45.001,120.455,0.565,0.391,0.042,0.132,0.566,0.091,0.246,2.691e-4,0,0.022,1.774,1.752,-9.018e-5,998.603,0.001,339.897,0.304,6.4,32.17
2.132,0.368,2788.823,602.535,0.28,0.003,62.417,44.998,120.321,0.565,0.391,0.042,0.132,0.566,0.092,0.252,-1.465e-4,0,0.022,1.774,1.752,-6.115e-5,998.565,0.001,339.896,0.305,6.4,32.17
2.135,0.373,2788.604,602.315,0.28,0.003,62.416,44.995,120.186,0.566,0.391,0.042,0.132,0.566,0.094,0.256,1.625e-5,0,0.021,1.774,1.752,-3.707e-5,998.527,0.001,339.894,0.305,6.4,32.17
2.138,0.377,2788.384,602.096,0.28,0.003,62.414,44.993,120.051,0.566,0.391,0.042,0.132,0.566,0.095,0.257,9.612e-5,0,0.021,1.774,1.752,-1.864e-5,998.489,0.001,339.893,0.305,6.4,32.17
2.141,0.379,2788.164,601.875,0.28,0.003,62.414,44.99,119.915,0.566,0.391,0.042,0.132,0.566,0.095,0.259,-2.032e-4,0,0.021,1.774,1.752,-6.344e-6,998.45,0.001,339.892,0.305,6.4,32.17
2.145,0.378,2787.943,601.655,0.28,0.003,62.414,44.988,119.78,0.566,0.391,0.042,0.132,0.566,0.095,0.259,-4.116e-4,0,0.021,1.774,1.753,-4.975e-7,998.412,0.001,339.891,0.306,6.4,32.17
2.148,0.376,2787.722,601.433,0.28,0.003,62.415,44.985,119.644,0.566,0.391,0.042,0.132,0.566,0.094,0.257,-2.834e-4,0,0.021,1.774,1.753,1.231e-6,998.373,0.001,339.889,0.306,6.4,32.17
2.151,0.372,2787.5,601.212,0.28,0.003,62.417,44.982,119.507,0.566,0.391,0.043,0.132,0.566,0.093,0.255,-4.117e-4,0,0.021,1.774,1.753,8.412e-6,998.334,0.001,339.888,0.306,6.4,32.17
2.154,0.366,2787.278,600.989,0.28,0.003,62.42,44.98,119.371,0.566,0.391,0.043,0.132,0.566,0.092,0.25,-4.468e-4,0,0.021,1.774,1.753,2.151e-5,998.295,0.001,339.887,0.307,6.4,32.17
2.157,0.358,2787.055,600.767,0.28,0.003,62.423,44.977,119.234,0.566,0.391,0.043,0.132,0.566,0.09,0.244,3.522e-4,0,0.021,1.774,1.753,4.017e-5,998.256,0.001,339.885,0.307,6.4,32.17
2.161,0.348,2786.832,600.543,0.28,0.003,62.427,44.974,119.097,0.566,0.391,0.043,0.132,0.566,0.087,0.238,-2.498e-4,0,0.021,1.774,1.753,6.383e-5,998.217,0.001,339.884,0.307,6.4,32.17
2.164,0.336,2786.608,600.32,0.28,0.003,62.432,44.972,118.959,0.566,0.391,0.043,0.132,0.566,0.084,0.231,1.24e-4,0,0.021,1.774,1.753,9.174e-5,998.178,0.001,339.883,0.307,6.4,32.17
2.167,0.324,2786.384,600.095,0.28,0.003,62.437,44.969,118.821,0.566,0.391,0.043,0.132,0.566,0.081,0.222,2.547e-5,0,0.021,1.774,1.753,1.231e-4,998.139,0.001,339.881,0.308,6.4,32.17
2.17,0.309,2786.159,599.871,0.279,0.003,62.443,44.966,118.683,0.566,0.391,0.043,0.132,0.566,0.078,0.211,-1.287e-5,0,0.021,1.774,1.754,1.569e-4,998.099,0.001,339.88,0.308,6.4,32.17
2.174,0.293,2785.934,599.645,0.279,0.003,62.45,44.964,118.545,0.566,0.391,0.043,0.132,0.566,0.074,0.2,9.272e-5,0,0.02,1.774,1.754,1.919e-4,998.06,0.001,339.879,0.308,6.4,32.17
2.177,0.276,2785.708,599.419,0.279,0.003,62.457,44.961,118.406,0.566,0.391,0.043,0.132,0.567,0.069,0.189,7.991e-5,0,0.02,1.774,1.754,2.27e-4,998.02,0.001,339.877,0.308,6.4,32.17
2.18,0.258,2785.482,599.193,0.279,0.003,62.464,44.958,118.267,0.566,0.391,0.043,0.132,0.567,0.065,0.177,-4.174e-6,0,0.02,1.774,1.754,2.607e-4,997.98,0.001,339.876,0.309,6.4,32.17
2.183,0.239,2785.255,598.966,0.279,0.003,62.472,44.955,118.127,0.567,0.391,0.043,0.132,0.567,0.06,0.163,-3.253e-4,0,0.02,1.774,1.754,2.914e-4,997.94,0.001,339.875,0.309,6.4,32.17
2.187,0.219,2785.028,598.739,0.279,0.003,62.48,44.953,117.988,0.567,0.391,0.043,0.132,0.567,0.055,0.149,-4.431e-4,0,0.02,1.774,1.754,3.172e-4,997.9,0.001,339.873,0.309,6.4,32.17
2.19,0.198,2784.8,598.511,0.279,0.003,62.488,44.95,117.848,0.567,0.391,0.043,0.132,0.567,0.05,0.135,-3.805e-4,0,0.02,1.774,1.754,3.358e-4,997.859,0.001,339.872,0.309,6.4,32.17
2.193,0.177,2784.571,598.283,0.279,0.003,62.497,44.947,117.707,0.567,0.391,0.043,0.132,0.567,0.044,0.121,4.373e-4,0,0.02,1.774,1.754,3.441e-4,997.819,0.001,339.871,0.31,6.4,32.17
2.196,0.156,2784.342,598.054,0.279,0.003,62.505,44.945,117.567,0.567,0.391,0.043,0.132,0.567,0.039,0.107,-3.563e-4,0,0.02,1.775,1.755,3.381e-4,997.779,0.001,339.869,0.31,6.4,32.17
2.2,0.135,2784.113,597.824,0.279,0.003,62.514,44.942,117.426,0.567,0.391,0.043,0.133,0.567,0.034,0.092,3.123e-4,0,0.02,1.775,1.755,3.121e-4,997.738,0.001,339.868,0.31,6.4,32.17
2.203,0.116,2783.883,597.594,0.279,0.003,62.522,44.939,117.284,0.567,0.391,0.043,0.133,0.567,0.029,0.079,2.656e-5,0,0.02,1.775,1.755,2.533e-4,997.697,0.001,339.867,0.311,6.4,32.17
2.206,0.099,2783.652,597.364,0.279,0.003,62.528,44.936,117.143,0.567,0.391,0.043,0.133,0.567,0.025,0.068,-3.41e-4,0,0.02,1.775,1.755,1.59e-4,997.656,0.001,339.865,0.311,6.4,32.17
2.21,0.087,2783.421,597.133,0.279,0.003,62.533,44.934,117.001,0.567,0.391,0.043,0.133,0.567,0.022,0.06,1.288e-4,0,0.02,1.775,1.755,5.177e-5,997.615,0.001,339.864,0.311,6.4,32.17
2.213,0.083,2783.19,596.901,0.279,0.003,62.535,44.931,116.858,0.567,0.391,0.044,0.133,0.567,0.021,0.057,-3.433e-4,0,0.02,1.775,1.755,0,997.574,0.001,339.862,0.311,6.4,32.17
2.216,0.087,2782.958,596.669,0.279,0.003,62.534,44.928,116.716,0.567,0.391,0.044,0.133,0.567,0.022,0.06,2.881e-4,0,0.019,1.775,1.755,-5.375e-5,997.533,0.001,339.861,0.312,6.4,32.17
2.22,0.098,2782.725,596.437,0.279,0.003,62.53,44.925,116.573,0.567,0.391,0.044,0.133,0.567,0.024,0.068,-2.98e-4,0,0.019,1.775,1.755,-1.619e-4,997.491,0.001,339.86,0.312,6.4,32.17
2.223,0.114,2782.492,596.204,0.279,0.003,62.524,44.922,116.43,0.567,0.391,0.044,0.133,0.567,0.029,0.079,-4.225e-4,0,0.019,1.775,1.756,-2.551e-4,997.45,0.001,339.858,0.312,6.4,32.17
2.226,0.133,2782.259,595.97,0.279,0.003,62.516,44.92,116.286,0.567,0.391,0.044,0.133,0.567,0.033,0.092,3.574e-5,0,0.019,1.775,1.756,-3.119e-4,997.408,0.001,339.857,0.312,6.4,32.17
2.23,0.153,2782.025,595.736,0.279,0.003,62.509,44.917,116.142,0.568,0.391,0.044,0.133,0.568,0.038,0.106,-7.282e-5,0,0.019,1.775,1.756,-3.366e-4,997.366,0.001,339.855,0.313,6.4,32.17
2.233,0.174,2781.79,595.502,0.279,0.003,62.501,44.914,115.998,0.568,0.391,0.044,0.133,0.568,0.043,0.12,-1.559e-5,0,0.019,1.775,1.756,-3.383e-4,997.324,0.001,339.854,0.313,6.4,32.17
2.236,0.194,2781.555,595.266,0.279,0.003,62.493,44.911,115.854,0.568,0.391,0.044,0.133,0.568,0.048,0.134,1.092e-4,0,0.019,1.775,1.756,-3.242e-4,997.282,0.001,339.853,0.313,6.4,32.17
2.24,0.213,2781.319,595.031,0.279,0.003,62.486,44.908,115.709,0.568,0.391,0.044,0.133,0.568,0.053,0.147,3.139e-4,0,0.019,1.775,1.756,-2.993e-4,997.24,0.001,339.851,0.314,6.4,32.17
2.243,0.232,2781.083,594.795,0.279,0.003,62.479,44.906,115.564,0.568,0.391,0.044,0.133,0.568,0.058,0.159,8.621e-5,0,0.019,1.775,1.756,-2.674e-4,997.198,0.001,339.85,0.314,6.4,32.17
2.247,0.249,2780.847,594.558,0.279,0.003,62.472,44.903,115.418,0.568,0.391,0.044,0.133,0.568,0.062,0.171,1.973e-4,0,0.019,1.775,1.756,-2.314e-4,997.155,0.001,339.848,0.314,6.4,32.17
2.25,0.265,2780.609,594.321,0.279,0.003,62.466,44.9,115.272,0.568,0.391,0.044,0.133,0.568,0.066,0.182,2.226e-4,0,0.019,1.775,1.757,-1.936e-4,997.113,0.001,339.847,0.314,6.4,32.17
2.253,0.286,2780.371,594.083,0.279,0.003,62.458,44.897,115.126,0.568,0.391,0.044,0.133,0.568,0.072,0.197,2.951e-4,0,0.019,1.775,1.757,-1.527e-4,997.07,0.001,339.845,0.315,6.4,32.17
2.257,0.304,2780.133,593.844,0.279,0.003,62.451,44.894,114.98,0.568,0.391,0.044,0.133,0.568,0.076,0.209,-1.403e-4,0,0.019,1.775,1.757,-1.132e-4,997.027,0.001,339.844,0.315,6.4,32.17
2.26,0.321,2779.894,593.606,0.279,0.003,62.445,44.891,114.833,0.568,0.391,0.044,0.133,0.568,0.081,0.221,4.497e-4,0,0.018,1.775,1.757,-7.715e-5,996.984,0.001,339.843,0.315,6.4,32.17
2.264,0.335,2779.655,593.367,0.279,0.003,62.44,44.889,114.686,0.568,0.391,0.044,0.133,0.568,0.084,0.231,-2.463e-4,0,0.018,1.775,1.757,-4.638e-5,996.941,0.001,339.841,0.315,6.4,32.17
2.267,0.346,2779.416,593.127,0.279,0.003,62.436,44.886,114.539,0.568,0.391,0.044,0.133,0.568,0.087,0.238,4.927e-4,0,0.018,1.776,1.757,-2.248e-5,996.898,0.001,339.84,0.316,6.4,32.17
2.271,0.355,2779.176,592.887,0.279,0.003,62.433,44.883,114.391,0.568,0.391,0.044,0.133,0.569,0.089,0.244,-1.227e-4,0,0.018,1.776,1.757,-6.743e-6,996.855,0.001,339.838,0.316,6.4,32.17
2.274,0.361,2778.935,592.646,0.279,0.003,62.431,44.88,114.243,0.568,0.391,0.044,0.133,0.569,0.091,0.248,-3.352e-4,0,0.018,1.776,1.757,-1.598e-7,996.811,0.001,339.837,0.316,6.4,32.17
2.278,0.363,2778.694,592.405,0.279,0.003,62.43,44.877,114.095,0.568,0.391,0.045,0.133,0.569,0.091,0.25,8.421e-5,0,0.018,1.776,1.758,3.335e-6,996.768,0.001,339.835,0.317,6.4,32.17
2.281,0.363,2778.453,592.164,0.279,0.003,62.43,44.874,113.947,0.569,0.391,0.045,0.133,0.569,0.091,0.251,1.506e-4,0,0.018,1.776,1.758,1.646e-5,996.724,0.001,339.834,0.317,6.4,32.17
2.284,0.361,2778.211,591.922,0.279,0.003,62.431,44.871,113.798,0.569,0.391,0.045,0.133,0.569,0.091,0.248,1.371e-4,0,0.018,1.776,1.758,3.927e-5,996.68,0.001,339.832,0.317,6.4,32.17
2.288,0.355,2777.968,591.679,0.279,0.003,62.434,44.868,113.649,0.569,0.391,0.045,0.133,0.569,0.089,0.244,2.248e-4,0,0.018,1.776,1.758,7.096e-5,996.636,0.001,339.831,0.317,6.4,32.17
2.291,0.346,2777.725,591.436,0.279,0.003,62.437,44.865,113.5,0.569,0.391,0.045,0.133,0.569,0.087,0.239,-4.009e-4,0,0.018,1.776,1.758,1.102e-4,996.592,0.001,339.829,0.318,6.4,32.17
2.295,0.335,2777.481,591.193,0.278,0.003,62.442,44.862,113.35,0.569,0.391,0.045,0.133,0.569,0.084,0.231,-4.866e-4,0,0.018,1.776,1.758,1.55e-4,996.548,0.001,339.828,0.318,6.4,32.17
2.298,0.321,2777.237,590.949,0.278,0.003,62.448,44.86,113.2,0.569,0.391,0.045,0.133,0.569,0.081,0.221,8.819e-5,0,0.018,1.776,1.758,2.027e-4,996.504,0.001,339.826,0.318,6.4,32.17
2.302,0.305,2776.993,590.704,0.278,0.003,62.454,44.857,113.05,0.569,0.391,0.045,0.133,0.569,0.077,0.21,-1.333e-4,0,0.018,1.776,1.758,2.495e-4,996.459,0.001,339.825,0.319,6.4,32.17
2.305,0.286,2776.747,590.459,0.278,0.003,62.462,44.854,112.899,0.569,0.391,0.045,0.133,0.569,0.072,0.197,3.95e-4,0,0.018,1.776,1.758,2.911e-4,996.414,0.001,339.823,0.319,6.4,32.17
2.309,0.266,2776.502,590.213,0.278,0.003,62.47,44.851,112.748,0.569,0.391,0.045,0.133,0.569,0.067,0.184,3.47e-4,0,0.018,1.776,1.759,3.231e-4,996.37,0.001,339.822,0.319,6.4,32.17
2.313,0.245,2776.255,589.966,0.278,0.003,62.478,44.848,112.596,0.569,0.391,0.045,0.133,0.569,0.061,0.169,-3.603e-5,0,0.017,1.776,1.759,3.391e-4,996.325,0.001,339.82,0.319,6.4,32.17
2.316,0.224,2776.008,589.719,0.278,0.003,62.487,44.845,112.444,0.569,0.391,0.045,0.133,0.569,0.056,0.155,-1.721e-4,0,0.017,1.776,1.759,3.319e-4,996.28,0.001,339.819,0.32,6.4,32.17
2.32,0.204,2775.76,589.472,0.278,0.003,62.495,44.842,112.292,0.569,0.391,0.045,0.133,0.569,0.051,0.141,2.378e-4,0,0.017,1.776,1.759,2.942e-4,996.234,0.001,339.817,0.32,6.4,32.17
2.323,0.187,2775.512,589.223,0.278,0.003,62.502,44.839,112.14,0.569,0.391,0.045,0.133,0.569,0.047,0.128,-2.91e-4,0,0.017,1.776,1.759,2.23e-4,996.189,0.001,339.816,0.32,6.4,32.17
2.327,0.173,2775.263,588.974,0.278,0.003,62.508,44.836,111.987,0.569,0.391,0.045,0.133,0.57,0.043,0.119,3.651e-4,0,0.017,1.776,1.759,1.28e-4,996.143,0.001,339.814,0.32,6.4,32.17
2.33,0.165,2775.014,588.725,0.278,0.003,62.511,44.833,111.833,0.57,0.391,0.045,0.133,0.57,0.041,0.114,2.416e-4,0,0.017,1.776,1.759,3.968e-5,996.098,0.001,339.813,0.321,6.4,32.17
2.334,0.165,2774.763,588.475,0.278,0.003,62.511,44.83,111.679,0.57,0.391,0.045,0.133,0.57,0.041,0.114,-2.289e-4,0,0.017,1.776,1.759,1.799e-7,996.052,0.001,339.811,0.321,6.4,32.17
2.338,0.172,2774.513,588.224,0.278,0.003,62.509,44.827,111.525,0.57,0.391,0.045,0.133,0.57,0.043,0.119,-3.05e-5,0,0.017,1.776,1.76,-2.865e-5,996.006,0.001,339.81,0.321,6.4,32.17
2.341,0.187,2774.261,587.972,0.278,0.003,62.503,44.824,111.371,0.57,0.391,0.046,0.133,0.57,0.047,0.129,9.241e-5,0,0.017,1.777,1.76,-1.036e-4,995.96,0.001,339.808,0.322,6.4,32.17
2.345,0.207,2774.009,587.72,0.278,0.003,62.496,44.821,111.216,0.57,0.391,0.046,0.133,0.57,0.052,0.143,-2.179e-4,0,0.017,1.777,1.76,-1.878e-4,995.913,0.001,339.807,0.322,6.4,32.17
2.348,0.23,2773.756,587.467,0.278,0.003,62.487,44.818,111.06,0.57,0.391,0.046,0.133,0.57,0.058,0.159,-2.608e-5,0,0.017,1.777,1.76,-2.555e-4,995.867,0.001,339.805,0.322,6.4,32.17
2.352,0.257,2773.503,587.214,0.278,0.003,62.477,44.815,110.905,0.57,0.391,0.046,0.134,0.57,0.064,0.177,8.127e-5,0,0.017,1.777,1.76,-2.969e-4,995.82,0.001,339.804,0.322,6.4,32.17
2.358,0.302,2773.09,586.801,0.278,0.003,62.459,44.81,110.651,0.57,0.391,0.046,0.134,0.57,0.076,0.21,2.301e-4,0,0.017,1.777,1.76,-3.103e-4,995.744,0.001,339.801,0.323,6.4,32.17
2.362,0.33,2772.899,586.611,0.278,0.003,62.449,44.807,110.521,0.57,0.391,0.046,0.134,0.57,0.083,0.229,-4.391e-4,0,0.016,1.777,1.76,-2.922e-4,995.697,0.001,339.799,0.323,6.4,32.17
2.365,0.357,2772.708,586.419,0.278,0.003,62.438,44.805,110.39,0.57,0.391,0.046,0.134,0.57,0.09,0.247,-1.313e-4,0,0.016,1.777,1.76,-2.603e-4,995.65,0.001,339.798,0.323,6.4,32.17
2.369,0.382,2772.516,586.228,0.278,0.003,62.429,44.803,110.26,0.57,0.391,0.046,0.134,0.571,0.096,0.264,1.004e-4,0,0.016,1.777,1.761,-2.194e-4,995.603,0.001,339.796,0.324,6.4,32.17
2.373,0.405,2772.324,586.035,0.278,0.003,62.42,44.8,110.128,0.57,0.391,0.046,0.134,0.571,0.102,0.28,4.785e-4,0,0.016,1.777,1.761,-1.738e-4,995.555,0.001,339.795,0.324,6.4,32.17
2.376,0.426,2772.131,585.843,0.278,0.003,62.412,44.798,109.997,0.57,0.391,0.046,0.134,0.571,0.107,0.295,2.714e-4,0,0.016,1.777,1.761,-1.277e-4,995.507,0.001,339.793,0.324,6.4,32.17
2.38,0.444,2771.938,585.649,0.278,0.003,62.406,44.796,109.865,0.571,0.391,0.046,0.134,0.571,0.112,0.308,4.795e-4,0,0.016,1.777,1.761,-8.483e-5,995.46,0.001,339.791,0.324,6.4,32.17
2.384,0.459,2771.744,585.456,0.278,0.003,62.4,44.793,109.733,0.571,0.391,0.046,0.134,0.571,0.116,0.318,-4.31e-5,0,0.016,1.777,1.761,-4.824e-5,995.411,0.001,339.79,0.325,6.4,32.17
2.388,0.471,2771.55,585.261,0.278,0.003,62.396,44.791,109.601,0.571,0.391,0.046,0.134,0.571,0.119,0.327,-2.627e-4,0,0.016,1.777,1.761,-2.069e-5,995.363,0.001,339.788,0.325,6.4,32.17
2.391,0.48,2771.355,585.067,0.278,0.003,62.392,44.789,109.468,0.571,0.391,0.046,0.134,0.571,0.121,0.333,-4.149e-4,0,0.016,1.777,1.761,-4.229e-6,995.315,0.001,339.787,0.325,6.4,32.17
2.395,0.485,2771.16,584.871,0.278,0.003,62.391,44.786,109.335,0.571,0.391,0.046,0.134,0.571,0.122,0.336,3.99e-5,0,0.016,1.777,1.761,2.414e-7,995.266,0.001,339.785,0.326,6.4,32.17
2.399,0.486,2770.964,584.676,0.278,0.003,62.39,44.784,109.201,0.571,0.391,0.046,0.134,0.571,0.123,0.338,4.75e-4,0,0.016,1.777,1.761,9.338e-6,995.218,0.001,339.783,0.326,6.4,32.17
2.403,0.48,2770.768,584.479,0.278,0.003,62.393,44.782,109.067,0.571,0.391,0.046,0.134,0.571,0.121,0.333,-6.155e-5,0,0.016,1.777,1.762,3.115e-5,995.169,0.001,339.782,0.326,6.4,32.17
2.406,0.468,2770.571,584.283,0.278,0.003,62.398,44.779,108.933,0.571,0.391,0.047,0.134,0.571,0.118,0.325,-2.033e-4,0,0.016,1.777,1.762,6.417e-5,995.12,0.001,339.78,0.326,6.4,32.17
2.41,0.453,2770.374,584.085,0.278,0.003,62.404,44.777,108.798,0.571,0.391,0.047,0.134,0.571,0.114,0.314,4.509e-4,0,0.016,1.777,1.762,1.061e-4,995.071,0.001,339.778,0.327,6.4,32.17
2.414,0.435,2770.176,583.887,0.278,0.003,62.411,44.775,108.663,0.571,0.391,0.047,0.134,0.572,0.11,0.302,-3.561e-4,0,0.015,1.777,1.762,1.537e-4,995.021,0.001,339.777,0.327,6.4,32.17
2.418,0.414,2769.977,583.688,0.278,0.003,62.42,44.772,108.528,0.571,0.391,0.047,0.134,0.572,0.104,0.288,1.292e-4,0,0.015,1.778,1.762,2.03e-4,994.972,0.001,339.775,0.327,6.4,32.17
2.422,0.391,2769.778,583.489,0.278,0.003,62.429,44.77,108.392,0.571,0.391,0.047,0.134,0.572,0.098,0.272,-2.8e-4,0,0.015,1.778,1.762,2.49e-4,994.922,0.001,339.773,0.328,6.4,32.17
2.425,0.366,2769.578,583.289,0.278,0.003,62.439,44.767,108.255,0.571,0.391,0.047,0.134,0.572,0.092,0.254,-1.078e-5,0,0.015,1.778,1.762,2.862e-4,994.872,0.001,339.772,0.328,6.4,32.17
2.429,0.34,2769.377,583.089,0.278,0.003,62.449,44.765,108.119,0.571,0.391,0.047,0.134,0.572,0.085,0.236,1.38e-4,0,0.015,1.778,1.762,3.081e-4,994.821,0.001,339.77,0.328,6.4,32.17
2.433,0.313,2769.176,582.888,0.278,0.003,62.46,44.762,107.981,0.572,0.391,0.047,0.134,0.572,0.079,0.218,-1.95e-4,0,0.015,1.778,1.763,3.08e-4,994.771,0.001,339.768,0.328,6.4,32.17
2.437,0.287,2768.974,582.686,0.277,0.003,62.47,44.76,107.844,0.572,0.391,0.047,0.134,0.572,0.072,0.2,-1.671e-4,0,0.015,1.778,1.763,2.804e-4,994.72,0.001,339.767,0.329,6.4,32.17
2.441,0.263,2768.772,582.483,0.277,0.003,62.48,44.758,107.706,0.572,0.391,0.047,0.134,0.572,0.066,0.182,2.649e-4,0,0.015,1.778,1.763,2.231e-4,994.67,0.001,339.765,0.329,6.4,32.17
2.445,0.243,2768.569,582.281,0.277,0.003,62.488,44.755,107.567,0.572,0.391,0.047,0.134,0.572,0.061,0.169,8.777e-5,0,0.015,1.778,1.763,1.425e-4,994.619,0.001,339.763,0.329,6.4,32.17
2.449,0.227,2768.366,582.077,0.277,0.003,62.495,44.753,107.429,0.572,0.391,0.047,0.134,0.572,0.057,0.158,4.926e-4,0,0.015,1.778,1.763,5.902e-5,994.567,0.001,339.761,0.329,6.4,32.17
2.453,0.218,2768.162,581.873,0.277,0.003,62.499,44.75,107.289,0.572,0.391,0.047,0.134,0.572,0.055,0.152,-3.268e-4,0,0.015,1.778,1.763,5.819e-6,994.516,0.001,339.76,0.33,6.4,32.17
2.457,0.217,2767.957,581.668,0.277,0.003,62.499,44.748,107.15,0.572,0.391,0.047,0.134,0.572,0.054,0.151,4.298e-4,0,0.015,1.778,1.763,-1.055e-5,994.464,0.001,339.758,0.33,6.4,32.17
2.461,0.224,2767.752,581.463,0.277,0.003,62.497,44.745,107.01,0.572,0.391,0.047,0.134,0.572,0.056,0.155,9.981e-5,0,0.015,1.778,1.763,-7.169e-5,994.413,0.001,339.756,0.33,6.4,32.17
2.465,0.238,2767.546,581.257,0.277,0.003,62.492,44.743,106.869,0.572,0.391,0.047,0.134,0.572,0.06,0.166,-4.167e-4,0,0.015,1.778,1.764,-1.589e-4,994.361,0.001,339.754,0.331,6.4,32.17
2.468,0.257,2767.339,581.051,0.277,0.003,62.484,44.74,106.728,0.572,0.391,0.047,0.134,0.572,0.064,0.179,4.841e-4,0,0.015,1.778,1.764,-2.381e-4,994.309,0.001,339.753,0.331,6.4,32.17
2.472,0.279,2767.132,580.843,0.277,0.003,62.476,44.738,106.587,0.572,0.391,0.047,0.134,0.572,0.07,0.194,-3.649e-4,0,0.014,1.778,1.764,-2.897e-4,994.256,0.001,339.751,0.331,6.4,32.17
2.476,0.302,2766.924,580.636,0.277,0.003,62.467,44.735,106.445,0.572,0.391,0.048,0.134,0.573,0.076,0.211,-4.722e-4,0,0.014,1.778,1.764,-3.093e-4,994.204,0.001,339.749,0.331,6.4,32.17
2.48,0.326,2766.716,580.427,0.277,0.003,62.458,44.733,106.303,0.572,0.391,0.048,0.134,0.573,0.082,0.227,4.155e-4,0,0.014,1.778,1.764,-3.005e-4,994.151,0.001,339.747,0.332,6.4,32.17
2.484,0.349,2766.507,580.219,0.277,0.003,62.45,44.73,106.161,0.573,0.391,0.048,0.134,0.573,0.088,0.243,1.098e-4,0,0.014,1.778,1.764,-2.704e-4,994.098,0.001,339.746,0.332,6.4,32.17
2.488,0.37,2766.298,580.009,0.277,0.003,62.442,44.728,106.018,0.573,0.391,0.048,0.134,0.573,0.093,0.258,-2.603e-4,0,0.014,1.778,1.764,-2.266e-4,994.045,0.001,339.744,0.332,6.4,32.17
2.493,0.388,2766.088,579.799,0.277,0.003,62.435,44.725,105.875,0.573,0.391,0.048,0.134,0.573,0.098,0.271,-7.406e-6,0,0.014,1.778,1.764,-1.761e-4,993.992,0.001,339.742,0.333,6.4,32.17
2.497,0.404,2765.877,579.588,0.277,0.003,62.429,44.723,105.731,0.573,0.391,0.048,0.134,0.573,0.102,0.281,-3.922e-4,0,0.014,1.779,1.764,-1.251e-4,993.938,0.001,339.74,0.333,6.4,32.17
2.501,0.416,2765.666,579.377,0.277,0.003,62.424,44.72,105.587,0.573,0.39,0.048,0.134,0.573,0.105,0.29,1.407e-4,0,0.014,1.779,1.765,-7.855e-5,993.884,0.001,339.738,0.333,6.4,32.17
2.505,0.426,2765.454,579.165,0.277,0.003,62.421,44.717,105.442,0.573,0.39,0.048,0.134,0.573,0.107,0.296,2.679e-4,0,0.014,1.779,1.765,-4.077e-5,993.83,0.001,339.737,0.333,6.4,32.17
2.509,0.432,2765.241,578.952,0.277,0.003,62.419,44.715,105.297,0.573,0.39,0.048,0.134,0.573,0.109,0.301,1.532e-4,0,0.014,1.779,1.765,-1.434e-5,993.776,0.001,339.735,0.334,6.4,32.17
2.513,0.434,2765.028,578.739,0.277,0.003,62.418,44.712,105.152,0.573,0.39,0.048,0.134,0.573,0.109,0.302,-3.575e-4,0,0.014,1.779,1.765,-1.25e-6,993.722,0.001,339.733,0.334,6.4,32.17
2.517,0.432,2764.814,578.525,0.277,0.003,62.419,44.71,105.006,0.573,0.39,0.048,0.135,0.573,0.109,0.301,3.092e-4,0,0.014,1.779,1.765,2.476e-6,993.667,0.001,339.731,0.334,6.4,32.17
2.521,0.425,2764.6,578.311,0.277,0.003,62.422,44.707,104.86,0.573,0.39,0.048,0.135,0.573,0.107,0.296,-3.821e-4,0,0.014,1.779,1.765,1.794e-5,993.613,0.001,339.729,0.334,6.4,32.17
2.525,0.415,2764.385,578.096,0.277,0.003,62.426,44.704,104.713,0.573,0.39,0.048,0.135,0.574,0.105,0.289,-2.732e-4,0,0.014,1.779,1.765,4.649e-5,993.558,0.001,339.728,0.335,6.4,32.17
2.529,0.401,2764.169,577.881,0.277,0.003,62.432,44.702,104.566,0.573,0.39,0.048,0.135,0.574,0.101,0.28,-3.022e-4,0,0.014,1.779,1.765,8.591e-5,993.503,0.001,339.726,0.335,6.4,32.17
2.534,0.383,2763.953,577.664,0.277,0.003,62.439,44.699,104.419,0.573,0.39,0.048,0.135,0.574,0.096,0.267,1.35e-4,0,0.013,1.779,1.765,1.329e-4,993.447,0.001,339.724,0.335,6.4,32.17
2.538,0.362,2763.736,577.448,0.277,0.003,62.448,44.697,104.271,0.573,0.39,0.048,0.135,0.574,0.091,0.252,-4.808e-4,0,0.013,1.779,1.766,1.831e-4,993.392,0.001,339.722,0.336,6.4,32.17
2.542,0.339,2763.519,577.23,0.277,0.003,62.457,44.694,104.122,0.574,0.39,0.048,0.135,0.574,0.085,0.236,-2.405e-4,0,0.013,1.779,1.766,2.309e-4,993.336,0.001,339.72,0.336,6.4,32.17
2.546,0.313,2763.301,577.012,0.277,0.003,62.468,44.691,103.974,0.574,0.39,0.049,0.135,0.574,0.079,0.218,-2.683e-4,0,0.013,1.779,1.766,2.698e-4,993.28,0.001,339.718,0.336,6.4,32.17
2.55,0.285,2763.082,576.793,0.277,0.003,62.479,44.689,103.825,0.574,0.39,0.049,0.135,0.574,0.072,0.199,-1.791e-4,0,0.013,1.779,1.766,2.916e-4,993.224,0.001,339.716,0.336,6.4,32.17
2.554,0.256,2762.863,576.574,0.277,0.003,62.49,44.686,103.675,0.574,0.39,0.049,0.135,0.574,0.064,0.178,-2.591e-4,0,0.013,1.779,1.766,2.875e-4,993.168,0.001,339.714,0.337,6.4,32.17
2.559,0.228,2762.643,576.354,0.277,0.003,62.502,44.683,103.525,0.574,0.39,0.049,0.135,0.574,0.057,0.159,1.471e-4,0,0.013,1.779,1.766,2.488e-4,993.111,0.001,339.713,0.337,6.4,32.17
2.563,0.202,2762.422,576.133,0.277,0.003,62.512,44.681,103.374,0.574,0.39,0.049,0.135,0.574,0.051,0.141,-1.858e-4,0,0.013,1.779,1.766,1.735e-4,993.054,0.001,339.711,0.337,6.4,32.17
2.567,0.183,2762.201,575.912,0.277,0.003,62.52,44.678,103.223,0.574,0.39,0.049,0.135,0.574,0.046,0.128,3.98e-4,0,0.013,1.779,1.766,7.8e-5,992.997,0.001,339.709,0.338,6.4,32.17
2.571,0.172,2761.979,575.69,0.277,0.003,62.524,44.675,103.072,0.574,0.39,0.049,0.135,0.574,0.043,0.12,5.001e-5,0,0.013,1.779,1.766,8.139e-6,992.94,0.001,339.707,0.338,6.4,32.17
2.576,0.171,2761.756,575.467,0.277,0.003,62.525,44.673,102.92,0.574,0.39,0.049,0.135,0.574,0.043,0.119,4.049e-4,0,0.013,1.779,1.767,-1.449e-5,992.882,0.001,339.705,0.338,6.4,32.17
2.58,0.18,2761.532,575.244,0.277,0.003,62.522,44.67,102.767,0.574,0.39,0.049,0.135,0.574,0.045,0.126,-2.892e-4,0,0.013,1.78,1.767,-9.366e-5,992.825,0.001,339.703,0.338,6.4,32.17
2.584,0.198,2761.308,575.02,0.277,0.003,62.515,44.667,102.615,0.574,0.39,0.049,0.135,0.574,0.05,0.138,1.213e-4,0,0.013,1.78,1.767,-1.91e-4,992.767,0.001,339.701,0.339,6.4,32.17
2.589,0.221,2761.083,574.795,0.277,0.003,62.506,44.664,102.461,0.574,0.39,0.049,0.135,0.574,0.055,0.154,4.188e-4,0,0.013,1.78,1.767,-2.613e-4,992.708,0.001,339.699,0.339,6.4,32.17
2.593,0.246,2760.858,574.569,0.277,0.003,62.496,44.662,102.307,0.574,0.39,0.049,0.135,0.575,0.062,0.173,-3.111e-4,0,0.013,1.78,1.767,-2.914e-4,992.65,0.001,339.697,0.339,6.4,32.17
2.597,0.272,2760.631,574.343,0.277,0.003,62.487,44.659,102.153,0.575,0.39,0.049,0.135,0.575,0.068,0.191,-2.846e-4,0,0.013,1.78,1.767,-2.862e-4,992.591,0.001,339.695,0.34,6.4,32.17
2.602,0.297,2760.404,574.116,0.276,0.003,62.477,44.656,101.998,0.575,0.39,0.049,0.135,0.575,0.075,0.208,1.153e-4,0,0.013,1.78,1.767,-2.558e-4,992.532,0.001,339.693,0.34,6.4,32.17
2.606,0.321,2760.177,573.888,0.276,0.003,62.468,44.653,101.843,0.575,0.39,0.049,0.135,0.575,0.081,0.224,4.835e-4,0,0.012,1.78,1.767,-2.107e-4,992.473,0.001,339.691,0.34,6.4,32.17
2.61,0.341,2759.948,573.659,0.276,0.003,62.461,44.651,101.687,0.575,0.39,0.049,0.135,0.575,0.086,0.238,6.606e-5,0,0.012,1.78,1.768,-1.592e-4,992.414,0.001,339.689,0.34,6.4,32.17
2.615,0.358,2759.719,573.43,0.276,0.003,62.454,44.648,101.53,0.575,0.39,0.049,0.135,0.575,0.09,0.251,-2.668e-4,0,0.012,1.78,1.768,-1.082e-4,992.354,0.001,339.687,0.341,6.4,32.17
2.619,0.371,2759.489,573.2,0.276,0.003,62.449,44.645,101.374,0.575,0.39,0.05,0.135,0.575,0.093,0.259,2.694e-4,0,0.012,1.78,1.768,-6.311e-5,992.295,0.001,339.685,0.341,6.4,32.17
2.624,0.379,2759.258,572.97,0.276,0.003,62.446,44.642,101.216,0.575,0.39,0.05,0.135,0.575,0.095,0.266,2.515e-4,0,0.012,1.78,1.768,-2.826e-5,992.235,0.001,339.683,0.341,6.4,32.17
2.628,0.384,2759.027,572.738,0.276,0.003,62.445,44.639,101.058,0.575,0.39,0.05,0.135,0.575,0.097,0.268,3.462e-5,0,0.012,1.78,1.768,-6.642e-6,992.174,0.001,339.681,0.342,6.4,32.17
2.633,0.383,2758.795,572.506,0.276,0.003,62.445,44.637,100.9,0.575,0.39,0.05,0.135,0.575,0.096,0.268,-3.861e-4,0,0.012,1.78,1.768,4.404e-8,992.114,0.001,339.679,0.342,6.4,32.17
2.637,0.378,2758.562,572.273,0.276,0.003,62.448,44.634,100.741,0.575,0.39,0.05,0.135,0.575,0.095,0.265,3.834e-4,0,0.012,1.78,1.768,8.939e-6,992.053,0.001,339.677,0.342,6.4,32.17
2.642,0.368,2758.328,572.04,0.276,0.003,62.452,44.631,100.582,0.575,0.39,0.05,0.135,0.576,0.093,0.258,6.041e-5,0,0.012,1.78,1.768,3.254e-5,991.992,0.001,339.675,0.342,6.4,32.17
2.646,0.353,2758.094,571.805,0.276,0.003,62.458,44.628,100.422,0.575,0.39,0.05,0.135,0.576,0.089,0.248,2.949e-4,0,0.012,1.78,1.768,6.874e-5,991.93,0.001,339.673,0.343,6.4,32.17
2.651,0.335,2757.859,571.57,0.276,0.003,62.465,44.625,100.262,0.575,0.39,0.05,0.135,0.576,0.084,0.235,-2.656e-4,0,0.012,1.78,1.769,1.14e-4,991.869,0.001,339.671,0.343,6.4,32.17
2.655,0.315,2757.623,571.334,0.276,0.003,62.473,44.622,100.101,0.576,0.39,0.05,0.135,0.576,0.079,0.221,-4.367e-4,0,0.012,1.78,1.769,1.63e-4,991.807,0.001,339.669,0.343,6.4,32.17
2.66,0.292,2757.386,571.097,0.276,0.003,62.483,44.619,99.939,0.576,0.39,0.05,0.135,0.576,0.073,0.205,-2.15e-4,0,0.012,1.78,1.769,2.115e-4,991.745,0.001,339.667,0.344,6.4,32.17
2.664,0.267,2757.149,570.86,0.276,0.003,62.493,44.617,99.777,0.576,0.39,0.05,0.135,0.576,0.067,0.186,-2.304e-4,0,0.012,1.781,1.769,2.528e-4,991.683,0.001,339.665,0.344,6.4,32.17
2.669,0.24,2756.911,570.622,0.276,0.003,62.504,44.614,99.615,0.576,0.39,0.05,0.135,0.576,0.06,0.168,-1.677e-4,0,0.012,1.781,1.769,2.784e-4,991.62,0.001,339.662,0.344,6.4,32.17
2.673,0.212,2756.672,570.383,0.276,0.003,62.515,44.611,99.452,0.576,0.39,0.05,0.135,0.576,0.053,0.148,-1.339e-4,0,0.012,1.781,1.769,2.778e-4,991.558,0.001,339.66,0.344,6.4,32.17
2.678,0.185,2756.432,570.144,0.276,0.003,62.526,44.608,99.289,0.576,0.39,0.05,0.135,0.576,0.046,0.129,2.961e-4,0,0.012,1.781,1.769,2.396e-4,991.495,0.001,339.658,0.345,6.4,32.17
2.683,0.161,2756.192,569.903,0.276,0.003,62.535,44.605,99.125,0.576,0.39,0.05,0.135,0.576,0.04,0.113,-1.256e-4,0,0.011,1.781,1.769,1.583e-4,991.431,0.001,339.656,0.345,6.4,32.17
2.687,0.145,2755.951,569.662,0.276,0.003,62.542,44.602,98.96,0.576,0.39,0.05,0.135,0.576,0.036,0.102,8.82e-5,0,0.011,1.781,1.769,5.605e-5,991.368,0.001,339.654,0.345,6.4,32.17
2.692,0.138,2755.709,569.421,0.276,0.003,62.545,44.599,98.795,0.576,0.39,0.05,0.136,0.576,0.035,0.097,1.963e-4,0,0.011,1.781,1.769,2.653e-7,991.304,0.001,339.652,0.345,6.4,32.17
2.697,0.144,2755.467,569.178,0.276,0.003,62.543,44.596,98.63,0.576,0.39,0.051,0.136,0.576,0.036,0.101,1.677e-4,0,0.011,1.781,1.77,-4.326e-5,991.24,0.001,339.65,0.346,6.4,32.17
2.701,0.16,2755.223,568.934,0.276,0.003,62.537,44.593,98.464,0.576,0.39,0.051,0.136,0.576,0.04,0.113,3.863e-5,0,0.011,1.781,1.77,-1.41e-4,991.176,0.001,339.648,0.346,6.4,32.17
2.706,0.183,2754.979,568.69,0.276,0.003,62.528,44.59,98.297,0.576,0.39,0.051,0.136,0.576,0.046,0.129,4.595e-4,0,0.011,1.781,1.77,-2.222e-4,991.111,0.001,339.645,0.346,6.4,32.17
2.711,0.21,2754.734,568.445,0.276,0.003,62.518,44.587,98.13,0.576,0.39,0.051,0.136,0.577,0.053,0.147,4.506e-4,0,0.011,1.781,1.77,-2.649e-4,991.046,0.001,339.643,0.347,6.4,32.17
2.715,0.238,2754.488,568.199,0.276,0.003,62.507,44.584,97.962,0.577,0.39,0.051,0.136,0.577,0.06,0.167,-3.64e-4,0,0.011,1.781,1.77,-2.711e-4,990.981,0.001,339.641,0.347,6.4,32.17
2.72,0.265,2754.242,567.953,0.276,0.003,62.497,44.581,97.794,0.577,0.39,0.051,0.136,0.577,0.067,0.187,4.753e-4,0,0.011,1.781,1.77,-2.504e-4,990.916,0.001,339.639,0.347,6.4,32.17
2.725,0.291,2753.994,567.705,0.276,0.003,62.487,44.578,97.626,0.577,0.39,0.051,0.136,0.577,0.073,0.205,2.628e-4,0,0.011,1.781,1.77,-2.123e-4,990.85,0.001,339.637,0.347,6.4,32.17
2.73,0.314,2753.746,567.457,0.276,0.003,62.478,44.575,97.456,0.577,0.39,0.051,0.136,0.577,0.079,0.221,-8.631e-5,0,0.011,1.781,1.77,-1.653e-4,990.785,0.001,339.634,0.348,6.4,32.17
2.734,0.334,2753.497,567.208,0.276,0.003,62.471,44.572,97.286,0.577,0.39,0.051,0.136,0.577,0.084,0.235,-1.934e-4,0,0.011,1.781,1.77,-1.163e-4,990.718,0.001,339.632,0.348,6.4,32.17
2.739,0.351,2753.247,566.958,0.276,0.003,62.465,44.569,97.116,0.577,0.39,0.051,0.136,0.577,0.088,0.247,2.022e-4,0,0.011,1.781,1.771,-7.115e-5,990.652,0.001,339.63,0.348,6.4,32.17
2.744,0.363,2752.996,566.707,0.276,0.003,62.46,44.566,96.945,0.577,0.39,0.051,0.136,0.577,0.091,0.255,7.256e-6,0,0.011,1.781,1.771,-3.453e-5,990.585,0.001,339.628,0.349,6.4,32.17
2.749,0.37,2752.744,566.456,0.276,0.003,62.457,44.563,96.773,0.577,0.39,0.051,0.136,0.577,0.093,0.261,-9.622e-5,0,0.011,1.782,1.771,-1.006e-5,990.518,0.001,339.625,0.349,6.4,32.17
2.754,0.369,2752.492,566.203,0.276,0.003,62.458,44.56,96.601,0.577,0.39,0.051,0.136,0.577,0.093,0.26,1.127e-4,0,0.011,1.782,1.771,-1.802e-8,990.451,0.001,339.623,0.349,6.4,32.17
2.759,0.361,2752.238,565.949,0.276,0.003,62.462,44.557,96.427,0.577,0.39,0.051,0.136,0.577,0.091,0.254,3.119e-4,0,0.011,1.782,1.771,8.834e-6,990.383,0.001,339.621,0.349,6.4,32.17
2.764,0.347,2751.982,565.694,0.275,0.003,62.467,44.554,96.253,0.577,0.39,0.051,0.136,0.578,0.087,0.245,4.774e-4,0,0.01,1.782,1.771,3.569e-5,990.315,0.001,339.619,0.35,6.4,32.17
2.768,0.327,2751.726,565.437,0.275,0.003,62.476,44.55,96.078,0.577,0.39,0.051,0.136,0.578,0.082,0.23,-3.319e-4,0,0.01,1.782,1.771,7.695e-5,990.247,0.001,339.616,0.35,6.4,32.17
2.773,0.301,2751.468,565.179,0.275,0.003,62.486,44.547,95.902,0.577,0.39,0.051,0.136,0.578,0.076,0.212,2.347e-5,0,0.01,1.782,1.771,1.267e-4,990.178,0.001,339.614,0.35,6.4,32.17
2.778,0.271,2751.208,564.92,0.275,0.003,62.498,44.544,95.725,0.578,0.39,0.052,0.136,0.578,0.068,0.191,4.926e-4,0,0.01,1.782,1.772,1.769e-4,990.108,0.001,339.612,0.351,6.4,32.17
2.783,0.238,2750.948,564.659,0.275,0.003,62.511,44.541,95.548,0.578,0.39,0.052,0.136,0.578,0.06,0.167,6.615e-5,0,0.01,1.782,1.772,2.165e-4,990.038,0.001,339.609,0.351,6.4,32.17
2.788,0.203,2750.686,564.397,0.275,0.003,62.525,44.538,95.369,0.578,0.39,0.052,0.136,0.578,0.051,0.143,-4.715e-4,0,0.01,1.782,1.772,2.31e-4,989.968,0.001,339.607,0.351,6.4,32.17
2.793,0.168,2750.423,564.134,0.275,0.003,62.539,44.534,95.19,0.578,0.39,0.052,0.136,0.578,0.042,0.118,1.513e-6,0,0.01,1.782,1.772,2.021e-4,989.898,0.001,339.605,0.351,6.4,32.17
2.799,0.138,2750.158,563.87,0.275,0.003,62.551,44.531,95.009,0.578,0.39,0.052,0.136,0.578,0.035,0.097,-2.014e-4,0,0.01,1.782,1.772,1.16e-4,989.827,0.001,339.602,0.352,6.4,32.17
2.804,0.121,2749.893,563.604,0.275,0.003,62.558,44.528,94.828,0.578,0.39,0.052,0.136,0.578,0.03,0.085,3.58e-4,0,0.01,1.782,1.772,2.472e-5,989.755,0.001,339.6,0.352,6.4,32.17
2.809,0.117,2749.626,563.338,0.275,0.003,62.56,44.525,94.646,0.578,0.39,0.052,0.136,0.578,0.029,0.082,2.766e-4,0,0.01,1.782,1.772,-5.048e-6,989.684,0.001,339.597,0.352,6.4,32.17
2.814,0.125,2749.359,563.07,0.275,0.003,62.557,44.521,94.464,0.578,0.39,0.052,0.136,0.578,0.031,0.089,-2.887e-4,0,0.01,1.782,1.772,-7.632e-5,989.612,0.001,339.595,0.353,6.4,32.17
2.819,0.144,2749.091,562.802,0.275,0.003,62.55,44.518,94.281,0.578,0.39,0.052,0.136,0.578,0.036,0.101,-3.296e-4,0,0.01,1.782,1.772,-1.64e-4,989.54,0.001,339.593,0.353,6.4,32.17
2.824,0.167,2748.822,562.533,0.275,0.003,62.541,44.515,94.098,0.578,0.39,0.052,0.136,0.578,0.042,0.119,-3.806e-5,0,0.01,1.782,1.773,-2.144e-4,989.467,0.001,339.59,0.353,6.4,32.17
2.829,0.193,2748.552,562.264,0.275,0.003,62.532,44.512,93.914,0.578,0.39,0.052,0.136,0.578,0.048,0.136,-1.803e-4,0,0.01,1.782,1.773,-2.236e-4,989.395,0.001,339.588,0.353,6.4,32.17
2.835,0.218,2748.281,561.993,0.275,0.003,62.522,44.508,93.729,0.579,0.39,0.052,0.136,0.579,0.055,0.154,4.77e-4,0,0.01,1.782,1.773,-2.043e-4,989.321,0.001,339.585,0.354,6.4,32.17
2.84,0.241,2748.01,561.721,0.275,0.003,62.513,44.505,93.544,0.579,0.39,0.052,0.136,0.579,0.06,0.17,2.06e-4,0,0.01,1.782,1.773,-1.684e-4,989.248,0.001,339.583,0.354,6.4,32.17
2.845,0.261,2747.737,561.448,0.275,0.003,62.506,44.502,93.357,0.579,0.39,0.052,0.136,0.579,0.065,0.185,-4.058e-4,0,0.01,1.783,1.773,-1.255e-4,989.174,0.001,339.58,0.354,6.4,32.17
2.85,0.277,2747.463,561.174,0.275,0.003,62.499,44.498,93.171,0.579,0.39,0.053,0.136,0.579,0.07,0.196,7.627e-5,0,0.01,1.783,1.773,-8.249e-5,989.1,0.001,339.578,0.355,6.4,32.17
2.856,0.29,2747.188,560.899,0.275,0.003,62.495,44.495,92.983,0.579,0.39,0.053,0.136,0.579,0.073,0.205,-9.624e-6,0,0.009,1.783,1.773,-4.266e-5,989.026,0.001,339.575,0.355,6.4,32.17
2.861,0.298,2746.912,560.623,0.275,0.003,62.492,44.491,92.795,0.579,0.39,0.053,0.136,0.579,0.075,0.211,-3.196e-4,0,0.009,1.783,1.773,-1.429e-5,988.951,0.001,339.573,0.355,6.4,32.17
2.866,0.3,2746.634,560.345,0.275,0.003,62.491,44.488,92.605,0.579,0.39,0.053,0.136,0.579,0.075,0.212,4.118e-4,0,0.009,1.783,1.773,-8.505e-7,988.876,0.001,339.57,0.355,6.4,32.17
2.872,0.295,2746.355,560.066,0.275,0.003,62.493,44.485,92.415,0.579,0.39,0.053,0.136,0.579,0.074,0.209,1.211e-4,0,0.009,1.783,1.774,3.815e-6,988.8,0.001,339.568,0.356,6.4,32.17
2.877,0.285,2746.074,559.786,0.275,0.003,62.498,44.481,92.223,0.579,0.39,0.053,0.136,0.579,0.072,0.202,2.691e-4,0,0.009,1.783,1.774,2.265e-5,988.724,0.001,339.565,0.356,6.4,32.17
2.882,0.269,2745.793,559.504,0.275,0.003,62.505,44.478,92.031,0.579,0.39,0.053,0.137,0.579,0.067,0.19,3.172e-4,0,0.009,1.783,1.774,5.489e-5,988.647,0.001,339.563,0.356,6.4,32.17
2.888,0.247,2745.509,559.221,0.275,0.003,62.513,44.474,91.838,0.579,0.39,0.053,0.137,0.579,0.062,0.175,-4.05e-4,0,0.009,1.783,1.774,9.613e-5,988.57,0.001,339.56,0.357,6.4,32.17
2.893,0.22,2745.225,558.936,0.275,0.003,62.524,44.471,91.644,0.579,0.39,0.053,0.137,0.58,0.055,0.156,-4.19e-4,0,0.009,1.783,1.774,1.402e-4,988.493,0.001,339.557,0.357,6.4,32.17
2.899,0.19,2744.938,558.65,0.275,0.003,62.536,44.467,91.449,0.58,0.39,0.053,0.137,0.58,0.048,0.134,-1.354e-4,0,0.009,1.783,1.774,1.789e-4,988.415,0.001,339.555,0.357,6.4,32.17
2.904,0.158,2744.651,558.362,0.275,0.003,62.549,44.464,91.252,0.58,0.39,0.053,0.137,0.58,0.04,0.111,3.081e-4,0,0.009,1.783,1.774,2.009e-4,988.336,0.001,339.552,0.357,6.4,32.17
2.91,0.125,2744.362,558.073,0.275,0.003,62.562,44.46,91.055,0.58,0.39,0.053,0.137,0.58,0.031,0.088,1.806e-4,0,0.009,1.783,1.774,1.917e-4,988.257,0.001,339.55,0.358,6.4,32.17
2.915,0.095,2744.072,557.783,0.275,0.003,62.575,44.457,90.857,0.58,0.39,0.053,0.137,0.58,0.024,0.067,2.807e-4,0,0.009,1.783,1.774,1.287e-4,988.178,0.001,339.547,0.358,6.4,32.17
2.921,0.075,2743.78,557.492,0.275,0.003,62.583,44.453,90.659,0.58,0.39,0.053,0.137,0.58,0.019,0.053,3.199e-4,0,0.009,1.783,1.775,2.108e-5,988.098,0.001,339.544,0.358,6.4,32.17
2.927,0.074,2743.487,557.199,0.274,0.003,62.584,44.449,90.459,0.58,0.39,0.053,0.137,0.58,0.018,0.053,8.421e-5,0,0.009,1.783,1.775,-3.07e-5,988.018,0.001,339.541,0.359,6.4,32.17
2.932,0.091,2743.193,556.904,0.274,0.003,62.577,44.446,90.258,0.58,0.39,0.054,0.137,0.58,0.023,0.065,1.45e-4,0,0.009,1.783,1.775,-1.453e-4,987.938,0.001,339.539,0.359,6.4,32.17
2.938,0.118,2742.897,556.609,0.274,0.003,62.567,44.442,90.056,0.58,0.39,0.054,0.137,0.58,0.03,0.084,1.375e-4,0,0.009,1.784,1.775,-2.003e-4,987.857,0.001,339.536,0.359,6.4,32.17
2.944,0.147,2742.6,556.311,0.274,0.003,62.556,44.438,89.854,0.58,0.39,0.054,0.137,0.58,0.037,0.105,-1.222e-4,0,0.009,1.784,1.775,-1.984e-4,987.775,0.001,339.533,0.36,6.4,32.17
2.949,0.174,2742.301,556.013,0.274,0.003,62.545,44.435,89.65,0.58,0.39,0.054,0.137,0.58,0.044,0.124,-1.641e-4,0,0.008,1.784,1.775,-1.679e-4,987.693,0.001,339.531,0.36,6.4,32.17
2.955,0.202,2742.001,555.713,0.274,0.003,62.535,44.431,89.445,0.58,0.39,0.054,0.137,0.58,0.051,0.143,-2.63e-4,0,0.008,1.784,1.775,-1.234e-4,987.611,0.001,339.528,0.36,6.4,32.17
2.961,0.224,2741.699,555.411,0.274,0.003,62.526,44.427,89.239,0.581,0.39,0.054,0.137,0.581,0.056,0.159,3.077e-4,0,0.008,1.784,1.775,-7.691e-5,987.528,0.001,339.525,0.36,6.4,32.17
2.967,0.241,2741.395,555.107,0.274,0.003,62.52,44.424,89.032,0.581,0.39,0.054,0.137,0.581,0.06,0.171,4.389e-4,0,0.008,1.784,1.775,-3.707e-5,987.444,0.001,339.522,0.361,6.4,32.17
2.973,0.25,2741.09,554.801,0.274,0.003,62.517,44.42,88.823,0.581,0.39,0.054,0.137,0.581,0.063,0.178,2.839e-4,0,0.008,1.784,1.776,-1.013e-5,987.36,0.001,339.519,0.361,6.4,32.17
2.979,0.252,2740.782,554.494,0.274,0.003,62.516,44.416,88.614,0.581,0.39,0.054,0.137,0.581,0.063,0.18,6.111e-5,0,0.008,1.784,1.776,-2.624e-8,987.275,0.001,339.517,0.361,6.4,32.17
2.985,0.247,2740.473,554.184,0.274,0.003,62.518,44.412,88.403,0.581,0.39,0.054,0.137,0.581,0.062,0.175,-4.185e-4,0,0.008,1.784,1.776,8.228e-6,987.19,0.001,339.514,0.362,6.4,32.17
2.991,0.234,2740.162,553.873,0.274,0.003,62.524,44.408,88.191,0.581,0.39,0.054,0.137,0.581,0.059,0.167,-2.303e-4,0,0.008,1.784,1.776,3.358e-5,987.104,0.001,339.511,0.362,6.4,32.17
2.997,0.214,2739.849,553.56,0.274,0.003,62.532,44.405,87.977,0.581,0.39,0.054,0.137,0.581,0.054,0.152,-3.006e-4,0,0.008,1.784,1.776,7.235e-5,987.018,0.001,339.508,0.362,6.4,32.17
3.003,0.187,2739.534,553.246,0.274,0.003,62.543,44.401,87.762,0.581,0.39,0.054,0.137,0.581,0.047,0.133,-8.989e-5,0,0.008,1.784,1.776,1.148e-4,986.931,0.001,339.505,0.362,6.4,32.17
3.009,0.155,2739.218,552.929,0.274,0.003,62.556,44.397,87.547,0.581,0.39,0.054,0.137,0.581,0.039,0.11,2.853e-5,0,0.008,1.784,1.776,1.518e-4,986.843,0.001,339.502,0.363,6.4,32.17
3.015,0.121,2738.901,552.612,0.274,0.003,62.569,44.393,87.33,0.581,0.39,0.054,0.137,0.581,0.03,0.085,-3.965e-5,0,0.008,1.784,1.776,1.821e-4,986.756,0.001,339.499,0.363,6.4,32.17
3.021,0.085,2738.582,552.293,0.274,0.003,62.584,44.389,87.113,0.581,0.39,0.055,0.137,0.581,0.021,0.06,1.745e-4,0,0.008,1.784,1.776,2.013e-4,986.667,0.001,339.496,0.363,6.4,32.17
3.027,0.05,2738.261,551.973,0.274,0.003,62.598,44.385,86.894,0.581,0.39,0.055,0.137,0.581,0.013,0.036,-1.515e-4,0,0.008,1.784,1.777,2.028e-4,986.578,0.001,339.493,0.364,6.4,32.17
3.033,0.017,2737.94,551.651,0.274,0.003,62.612,44.381,86.675,0.582,0.39,0.055,0.137,0.582,0.004,0.012,-1.061e-4,0,0.008,1.784,1.777,1.327e-4,986.489,0.001,339.49,0.364,6.4,32.17
3.039,0.02,2737.616,551.328,0.274,0.003,62.611,44.377,86.454,0.582,0.39,0.055,0.137,0.582,0.005,0.015,1.327e-4,0,0.008,1.784,1.777,-2.068e-4,986.399,0.001,339.487,0.364,6.4,32.17
3.046,0.049,2737.291,551.003,0.274,0.003,62.599,44.373,86.232,0.582,0.39,0.055,0.137,0.582,0.012,0.035,1.433e-4,0,0.008,1.785,1.777,-1.967e-4,986.309,0.001,339.484,0.364,6.4,32.17
3.052,0.079,2736.965,550.676,0.274,0.003,62.588,44.369,86.01,0.582,0.39,0.055,0.137,0.582,0.02,0.057,-4.548e-4,0,0.008,1.785,1.777,-1.689e-4,986.218,0.001,339.481,0.365,6.4,32.17
3.058,0.113,2736.636,550.347,0.274,0.003,62.575,44.365,85.786,0.582,0.39,0.055,0.137,0.582,0.028,0.081,-2.571e-4,0,0.007,1.785,1.777,-1.368e-4,986.127,0.001,339.478,0.365,6.4,32.17
3.065,0.142,2736.305,550.016,0.274,0.003,62.563,44.361,85.56,0.582,0.39,0.055,0.137,0.582,0.036,0.101,3.986e-4,0,0.007,1.785,1.777,-9.88e-5,986.035,0.001,339.475,0.365,6.4,32.17
3.071,0.167,2735.971,549.683,0.274,0.003,62.554,44.357,85.332,0.582,0.39,0.055,0.137,0.582,0.042,0.118,1.517e-4,0,0.007,1.785,1.777,-6.069e-5,985.942,0.001,339.472,0.366,6.4,32.17
3.078,0.184,2735.635,549.346,0.274,0.003,62.547,44.352,85.103,0.582,0.39,0.055,0.137,0.582,0.046,0.131,3.567e-4,0,0.007,1.785,1.778,-2.832e-5,985.848,0.001,339.469,0.366,6.4,32.17
3.084,0.195,2735.296,549.008,0.274,0.003,62.544,44.348,84.872,0.582,0.39,0.055,0.137,0.582,0.049,0.139,-1.427e-4,0,0.007,1.785,1.778,-6.901e-6,985.753,0.001,339.465,0.366,6.4,32.17
3.091,0.198,2734.955,548.666,0.273,0.003,62.543,44.344,84.639,0.582,0.39,0.055,0.137,0.582,0.05,0.141,6.755e-5,0,0.007,1.785,1.778,3.674e-8,985.658,0.001,339.462,0.366,6.4,32.17
3.097,0.192,2734.612,548.323,0.273,0.003,62.545,44.34,84.405,0.582,0.39,0.055,0.137,0.583,0.048,0.137,-1.216e-4,0,0.007,1.785,1.778,9.141e-6,985.562,0.001,339.459,0.367,6.4,32.17
3.104,0.176,2734.265,547.977,0.273,0.003,62.552,44.336,84.168,0.583,0.39,0.055,0.138,0.583,0.044,0.126,1.602e-4,0,0.007,1.785,1.778,3.059e-5,985.465,0.001,339.456,0.367,6.4,32.17
3.111,0.153,2733.917,547.629,0.273,0.003,62.561,44.331,83.931,0.583,0.39,0.056,0.138,0.583,0.038,0.109,-1.196e-4,0,0.007,1.785,1.778,5.709e-5,985.367,0.001,339.452,0.367,6.4,32.17
3.117,0.126,2733.567,547.278,0.273,0.003,62.572,44.327,83.692,0.583,0.39,0.056,0.138,0.583,0.031,0.09,1.049e-4,0,0.007,1.785,1.778,8.309e-5,985.269,0.001,339.449,0.368,6.4,32.17
3.124,0.096,2733.215,546.926,0.273,0.003,62.584,44.323,83.452,0.583,0.39,0.056,0.138,0.583,0.024,0.069,4.05e-4,0,0.007,1.785,1.778,1.007e-4,985.17,0.001,339.446,0.368,6.4,32.17
3.131,0.067,2732.86,546.572,0.273,0.003,62.596,44.318,83.21,0.583,0.39,0.056,0.138,0.583,0.017,0.048,4.363e-4,0,0.007,1.785,1.778,9.595e-5,985.071,0.001,339.442,0.368,6.4,32.17
3.138,0.045,2732.504,546.215,0.273,0.003,62.605,44.314,82.967,0.583,0.39,0.056,0.138,0.583,0.011,0.032,-2.877e-4,0,0.007,1.785,1.779,4.105e-5,984.971,0.001,339.439,0.368,6.4,32.17
3.145,0.043,2732.145,545.856,0.273,0.003,62.606,44.309,82.722,0.583,0.39,0.056,0.138,0.583,0.011,0.031,-1.601e-4,0,0.007,1.785,1.779,-2.952e-6,984.87,0.001,339.436,0.369,6.4,32.17
3.152,0.059,2731.783,545.495,0.273,0.003,62.6,44.305,82.475,0.583,0.389,0.056,0.138,0.583,0.015,0.042,-2.631e-4,0,0.007,1.785,1.779,-4.348e-5,984.768,0.001,339.432,0.369,6.4,32.17
3.159,0.082,2731.42,545.131,0.273,0.003,62.592,44.3,82.227,0.583,0.389,0.056,0.138,0.583,0.02,0.058,-3.978e-4,0,0.007,1.786,1.779,-6.803e-5,984.666,0.001,339.429,0.369,6.4,32.17
3.166,0.107,2731.053,544.764,0.273,0.003,62.582,44.296,81.977,0.583,0.389,0.056,0.138,0.583,0.027,0.076,-3.437e-4,0,0.007,1.786,1.779,-6.244e-5,984.562,0.001,339.425,0.37,6.4,32.17
3.173,0.129,2730.682,544.394,0.273,0.003,62.573,44.291,81.724,0.583,0.389,0.056,0.138,0.583,0.032,0.093,-7.648e-5,0,0.006,1.786,1.779,-4.391e-5,984.458,0.001,339.422,0.37,6.4,32.17
3.18,0.147,2730.309,544.02,0.273,0.003,62.567,44.286,81.47,0.584,0.389,0.056,0.138,0.584,0.037,0.106,-4.263e-4,0,0.006,1.786,1.779,-2.302e-5,984.353,0.001,339.418,0.37,6.4,32.17
3.187,0.159,2729.933,543.644,0.273,0.003,62.562,44.282,81.213,0.584,0.389,0.056,0.138,0.584,0.04,0.114,-4.053e-4,0,0.006,1.786,1.779,-6.789e-6,984.246,0.001,339.415,0.371,6.4,32.17
3.194,0.164,2729.553,543.264,0.273,0.003,62.561,44.277,80.954,0.584,0.389,0.056,0.138,0.584,0.041,0.117,-1.866e-4,0,0.006,1.786,1.78,-3.997e-8,984.139,0.001,339.411,0.371,6.4,32.17
3.202,0.159,2729.17,542.882,0.273,0.003,62.563,44.272,80.693,0.584,0.389,0.056,0.138,0.584,0.04,0.114,-4.634e-4,0,0.006,1.786,1.78,5.023e-6,984.031,0.001,339.408,0.371,6.4,32.17
3.209,0.14,2728.785,542.496,0.273,0.003,62.571,44.268,80.43,0.584,0.389,0.057,0.138,0.584,0.035,0.101,3.296e-4,0,0.006,1.786,1.78,1.842e-5,983.921,0.001,339.404,0.371,6.4,32.17
3.217,0.117,2728.396,542.108,0.273,0.003,62.58,44.263,80.165,0.584,0.389,0.057,0.138,0.584,0.029,0.084,-2.968e-4,0,0.006,1.786,1.78,3.196e-5,983.811,0.001,339.4,0.372,6.4,32.17
3.224,0.093,2728.005,541.717,0.273,0.003,62.59,44.258,79.898,0.584,0.389,0.057,0.138,0.584,0.023,0.067,-2.716e-4,0,0.006,1.786,1.78,3.459e-5,983.701,0.001,339.396,0.372,6.4,32.17
3.232,0.073,2727.612,541.323,0.273,0.003,62.598,44.253,79.63,0.584,0.389,0.057,0.138,0.584,0.018,0.052,-1.522e-4,0,0.006,1.786,1.78,1.689e-5,983.589,0.001,339.393,0.372,6.4,32.17
3.239,0.067,2727.215,540.926,0.273,0.003,62.601,44.248,79.359,0.584,0.389,0.057,0.138,0.584,0.017,0.048,4.037e-4,0,0.006,1.786,1.78,0,983.476,0.001,339.389,0.373,6.4,32.17
3.247,0.077,2726.815,540.527,0.272,0.003,62.597,44.243,79.087,0.584,0.389,0.057,0.138,0.584,0.019,0.056,-3.473e-4,0,0.006,1.786,1.78,-1.088e-5,983.363,0.001,339.385,0.373,6.4,32.17
3.255,0.092,2726.412,540.124,0.272,0.003,62.591,44.238,78.812,0.584,0.389,0.057,0.138,0.584,0.023,0.067,2.854e-4,0,0.006,1.786,1.78,-1.919e-5,983.248,0.001,339.381,0.373,6.4,32.17
3.263,0.107,2726.006,539.717,0.272,0.003,62.586,44.233,78.534,0.585,0.389,0.057,0.138,0.585,0.027,0.077,-2.782e-4,0,0.006,1.786,1.781,-1.803e-5,983.132,0.001,339.377,0.373,6.4,32.17
3.27,0.12,2725.595,539.306,0.272,0.003,62.581,44.228,78.254,0.585,0.389,0.057,0.138,0.585,0.03,0.087,-2.987e-4,0,0.006,1.786,1.781,-1.1e-5,983.015,0.001,339.373,0.374,6.4,32.17
3.278,0.129,2725.18,538.892,0.272,0.003,62.578,44.223,77.971,0.585,0.389,0.057,0.138,0.585,0.032,0.093,-6.322e-5,0,0.006,1.786,1.781,-3.574e-6,982.897,0.001,339.369,0.374,6.4,32.17
3.286,0.132,2724.762,538.473,0.272,0.003,62.577,44.217,77.686,0.585,0.389,0.057,0.138,0.585,0.033,0.095,-1.472e-4,0,0.006,1.787,1.781,-3.96e-8,982.778,0.001,339.365,0.374,6.4,32.17
3.295,0.129,2724.339,538.05,0.272,0.003,62.578,44.212,77.397,0.585,0.389,0.057,0.138,0.585,0.032,0.094,-3.232e-4,0,0.006,1.787,1.781,2.429e-6,982.657,0.001,339.361,0.375,6.4,32.17
3.303,0.121,2723.911,537.623,0.272,0.003,62.582,44.207,77.106,0.585,0.389,0.057,0.138,0.585,0.03,0.087,4.033e-4,0,0.005,1.787,1.781,9.612e-6,982.535,0.001,339.357,0.375,6.4,32.17
3.311,0.11,2723.48,537.191,0.272,0.003,62.587,44.201,76.811,0.585,0.389,0.057,0.138,0.585,0.027,0.079,4.007e-4,0,0.005,1.787,1.781,1.79e-5,982.411,0.001,339.353,0.375,6.4,32.17
3.321,0.092,2722.963,536.674,0.272,0.003,62.594,44.195,76.459,0.585,0.389,0.058,0.138,0.585,0.023,0.066,-3.204e-4,0,0.005,1.787,1.782,2.398e-5,982.264,0.001,339.348,0.376,6.4,32.17
3.329,0.075,2722.651,536.362,0.272,0.003,62.601,44.191,76.23,0.585,0.389,0.058,0.138,0.585,0.019,0.054,9.315e-5,0,0.005,1.787,1.782,1.865e-5,982.137,0.001,339.344,0.376,6.4,32.17
3.338,0.063,2722.336,536.047,0.272,0.003,62.606,44.187,75.998,0.585,0.389,0.058,0.138,0.585,0.016,0.045,-1.239e-5,0,0.005,1.787,1.782,3.316e-6,982.009,0.001,339.34,0.376,6.4,32.17
3.347,0.061,2722.017,535.728,0.272,0.003,62.607,44.183,75.763,0.585,0.389,0.058,0.138,0.585,0.015,0.044,7.413e-5,0,0.005,1.787,1.782,-5.758e-6,981.879,0.001,339.335,0.376,6.4,32.17
3.356,0.076,2721.695,535.406,0.272,0.003,62.602,44.179,75.527,0.586,0.389,0.058,0.138,0.586,0.019,0.054,-4.598e-4,0,0.005,1.787,1.782,-3.211e-5,981.748,0.001,339.331,0.377,6.4,32.17
3.364,0.1,2721.37,535.081,0.272,0.003,62.593,44.175,75.288,0.586,0.389,0.058,0.138,0.586,0.025,0.072,-3.29e-4,0,0.005,1.787,1.782,-3.741e-5,981.616,0.001,339.326,0.377,6.4,32.17
3.373,0.122,2721.042,534.754,0.272,0.003,62.584,44.171,75.047,0.586,0.389,0.058,0.139,0.586,0.031,0.089,4.993e-4,0,0.005,1.787,1.782,-2.415e-5,981.482,0.001,339.322,0.377,6.4,32.17
3.382,0.139,2720.712,534.423,0.272,0.003,62.578,44.167,74.804,0.586,0.389,0.058,0.139,0.586,0.035,0.1,2.547e-4,0,0.005,1.787,1.782,-8.123e-6,981.347,0.001,339.317,0.378,6.4,32.17
3.391,0.146,2720.378,534.089,0.272,0.003,62.576,44.163,74.559,0.586,0.389,0.058,0.139,0.586,0.036,0.105,-3.696e-4,0,0.005,1.787,1.782,-1.15e-7,981.211,0.001,339.313,0.378,6.4,32.17
3.401,0.142,2720.042,533.753,0.272,0.003,62.577,44.158,74.311,0.586,0.389,0.058,0.139,0.586,0.036,0.102,1.384e-4,0,0.005,1.787,1.783,5.443e-6,981.074,0.001,339.308,0.378,6.4,32.17
3.41,0.125,2719.702,533.413,0.272,0.003,62.584,44.154,74.062,0.586,0.389,0.058,0.139,0.586,0.031,0.09,7.109e-5,0,0.005,1.787,1.783,2.789e-5,980.935,0.001,339.304,0.379,6.4,32.17
3.419,0.096,2719.36,533.071,0.272,0.003,62.596,44.15,73.81,0.586,0.389,0.058,0.139,0.586,0.024,0.069,-1.597e-4,0,0.005,1.787,1.783,5.765e-5,980.795,0.001,339.299,0.379,6.4,32.17
3.429,0.057,2719.015,532.726,0.272,0.003,62.612,44.146,73.557,0.586,0.389,0.058,0.139,0.586,0.014,0.041,-2.875e-4,0,0.005,1.788,1.783,6.688e-5,980.654,0.001,339.294,0.379,6.4,32.17
3.438,0.028,2718.666,532.378,0.272,0.003,62.624,44.141,73.301,0.586,0.389,0.058,0.139,0.586,0.007,0.021,2.092e-4,0,0.005,1.788,1.783,-3.545e-6,980.511,0.001,339.289,0.379,6.4,32.17
3.448,0.06,2718.315,532.027,0.271,0.003,62.611,44.137,73.043,0.586,0.389,0.059,0.139,0.587,0.015,0.043,-3.061e-4,0,0.005,1.788,1.783,-1.181e-4,980.367,0.001,339.285,0.38,6.4,32.17
3.457,0.106,2717.961,531.672,0.271,0.003,62.593,44.132,72.782,0.587,0.389,0.059,0.139,0.587,0.027,0.077,-8.709e-5,0,0.005,1.788,1.783,-1.008e-4,980.222,0.001,339.28,0.38,6.4,32.17
3.467,0.146,2717.603,531.314,0.271,0.003,62.578,44.128,72.519,0.587,0.389,0.059,0.139,0.587,0.037,0.106,-4.89e-4,0,0.004,1.788,1.783,-5.9e-5,980.075,0.001,339.275,0.38,6.4,32.17
3.477,0.175,2717.24,530.952,0.271,0.003,62.567,44.123,72.252,0.587,0.389,0.059,0.139,0.587,0.044,0.126,-2.088e-4,0,0.004,1.788,1.783,-1.939e-5,979.926,0.001,339.27,0.381,6.4,32.17
3.487,0.189,2716.874,530.585,0.271,0.003,62.562,44.119,71.983,0.587,0.389,0.059,0.139,0.587,0.047,0.137,2.373e-4,0,0.004,1.788,1.784,-2.671e-7,979.775,0.001,339.265,0.381,6.4,32.17
3.497,0.185,2716.504,530.215,0.271,0.003,62.563,44.114,71.711,0.587,0.389,0.059,0.139,0.587,0.047,0.134,-4.293e-4,0,0.004,1.788,1.784,1.317e-5,979.623,0.001,339.26,0.381,6.4,32.17
3.507,0.16,2716.129,529.84,0.271,0.003,62.574,44.109,71.436,0.587,0.389,0.059,0.139,0.587,0.04,0.116,3.584e-4,0,0.004,1.788,1.784,5.474e-5,979.468,0.001,339.254,0.381,6.4,32.17
3.517,0.118,2715.749,529.461,0.271,0.003,62.591,44.105,71.156,0.587,0.389,0.059,0.139,0.587,0.03,0.085,4.441e-4,0,0.004,1.788,1.784,1.071e-4,979.312,0.001,339.249,0.382,6.4,32.17
3.528,0.066,2715.364,529.076,0.271,0.003,62.611,44.1,70.873,0.587,0.389,0.059,0.139,0.587,0.017,0.048,-2.797e-4,0,0.004,1.788,1.784,1.496e-4,979.153,0.001,339.244,0.382,6.4,32.17
3.539,0.012,2714.974,528.685,0.271,0.003,62.633,44.095,70.586,0.587,0.389,0.059,0.139,0.587,0.003,0.009,1.184e-5,0,0.004,1.788,1.784,8.515e-5,978.992,0.001,339.238,0.382,6.4,32.17
3.549,0.049,2714.578,528.289,0.271,0.003,62.619,44.09,70.295,0.587,0.389,0.059,0.139,0.587,0.012,0.036,9.019e-5,0,0.004,1.788,1.784,-1.465e-4,978.828,0.001,339.233,0.383,6.4,32.17
3.56,0.105,2714.176,527.887,0.271,0.003,62.597,44.085,70,0.588,0.389,0.059,0.139,0.588,0.026,0.076,8.761e-5,0,0.004,1.788,1.784,-1.243e-4,978.662,0.001,339.227,0.383,6.4,32.17
3.571,0.156,2713.771,527.482,0.271,0.003,62.577,44.08,69.702,0.588,0.389,0.059,0.139,0.588,0.039,0.113,-1.687e-4,0,0.004,1.788,1.785,-7.254e-5,978.494,0.001,339.222,0.383,6.4,32.17
3.582,0.193,2713.361,527.073,0.271,0.003,62.563,44.075,69.401,0.588,0.389,0.06,0.139,0.588,0.048,0.139,-1.33e-4,0,0.004,1.788,1.785,-2.164e-5,978.325,0.001,339.216,0.384,6.4,32.17
3.594,0.211,2712.948,526.659,0.271,0.003,62.556,44.069,69.097,0.588,0.389,0.06,0.139,0.588,0.053,0.153,1.906e-4,0,0.004,1.789,1.785,0,978.153,0.001,339.21,0.384,6.4,32.17
3.605,0.201,2712.529,526.24,0.271,0.003,62.561,44.064,68.789,0.588,0.389,0.06,0.139,0.588,0.05,0.146,-4.081e-5,0,0.004,1.789,1.785,2.584e-5,977.98,0.001,339.204,0.384,6.4,32.17
3.617,0.162,2712.104,525.815,0.271,0.003,62.576,44.059,68.476,0.588,0.389,0.06,0.139,0.588,0.041,0.118,-3.007e-4,0,0.004,1.789,1.785,9.071e-5,977.803,0.001,339.198,0.384,6.4,32.17
3.628,0.104,2711.671,525.382,0.271,0.003,62.599,44.053,68.159,0.588,0.389,0.06,0.139,0.588,0.026,0.075,-2.175e-4,0,0.004,1.789,1.785,1.614e-4,977.624,0.001,339.192,0.385,6.4,32.17
3.64,0.036,2711.231,524.943,0.271,0.003,62.627,44.048,67.835,0.588,0.389,0.06,0.139,0.588,0.009,0.026,1.88e-4,0,0.004,1.789,1.785,1.597e-4,977.441,0.001,339.186,0.385,6.4,32.17
3.653,0.047,2710.784,524.495,0.271,0.003,62.622,44.042,67.506,0.588,0.389,0.06,0.139,0.588,0.012,0.035,-1.777e-4,0,0.003,1.789,1.785,-1.804e-4,977.255,0.001,339.18,0.385,6.4,32.17
3.665,0.113,2710.329,524.04,0.271,0.003,62.597,44.036,67.172,0.588,0.389,0.06,0.139,0.588,0.028,0.083,-8.624e-5,0,0.003,1.789,1.786,-1.42e-4,977.065,0.001,339.174,0.386,6.4,32.17
3.678,0.162,2709.865,523.577,0.27,0.003,62.578,44.031,66.831,0.588,0.389,0.06,0.139,0.589,0.041,0.118,2.534e-4,0,0.003,1.789,1.786,-6.345e-5,976.872,0.001,339.167,0.386,6.4,32.17
3.69,0.186,2709.393,523.104,0.27,0.003,62.569,44.025,66.484,0.589,0.389,0.06,0.139,0.589,0.047,0.135,3.009e-4,0,0.003,1.789,1.786,-8.486e-6,976.675,0.001,339.161,0.386,6.4,32.17
3.704,0.179,2708.911,522.623,0.27,0.003,62.572,44.019,66.13,0.589,0.389,0.06,0.139,0.589,0.045,0.13,4.245e-4,0,0.003,1.789,1.786,5.853e-6,976.474,0.001,339.154,0.387,6.4,32.17
3.717,0.141,2708.42,522.132,0.27,0.003,62.587,44.012,65.769,0.589,0.389,0.06,0.139,0.589,0.035,0.103,-2.045e-4,0,0.003,1.789,1.786,5.02e-5,976.269,0.001,339.147,0.387,6.4,32.17
3.731,0.082,2707.919,521.631,0.27,0.003,62.611,44.006,65.401,0.589,0.389,0.06,0.139,0.589,0.02,0.06,-2.934e-4,0,0.003,1.789,1.786,1.002e-4,976.06,0.001,339.14,0.387,6.4,32.17
3.745,0.025,2707.408,521.119,0.27,0.003,62.634,44,65.025,0.589,0.389,0.06,0.14,0.589,0.006,0.018,3.326e-4,0,0.003,1.789,1.786,8.9e-6,975.846,0.001,339.133,0.387,6.4,32.17
3.759,0.063,2706.886,520.597,0.27,0.003,62.619,43.993,64.641,0.589,0.389,0.061,0.14,0.589,0.016,0.046,2.049e-4,0,0.003,1.789,1.786,-9.24e-5,975.628,0.001,339.125,0.388,6.4,32.17
3.773,0.112,2706.354,520.066,0.27,0.003,62.6,43.986,64.25,0.589,0.389,0.061,0.14,0.589,0.028,0.082,-8.287e-5,0,0.003,1.789,1.787,-6.278e-5,975.405,0.001,339.118,0.388,6.4,32.17
3.788,0.146,2705.814,519.525,0.27,0.003,62.587,43.979,63.853,0.589,0.389,0.061,0.14,0.589,0.037,0.106,-1.666e-4,0,0.003,1.79,1.787,-1.904e-5,975.178,0.001,339.11,0.388,6.4,32.17
3.803,0.155,2705.262,518.973,0.27,0.003,62.584,43.972,63.448,0.589,0.389,0.061,0.14,0.589,0.039,0.113,-1.825e-4,0,0.003,1.79,1.787,3.744e-8,974.947,0.001,339.102,0.389,6.4,32.17
3.818,0.126,2704.698,518.409,0.27,0.003,62.595,43.965,63.033,0.589,0.389,0.061,0.14,0.589,0.032,0.092,2.53e-4,0,0.003,1.79,1.787,2.502e-5,974.71,0.001,339.095,0.389,6.4,32.17
3.834,0.071,2704.116,517.828,0.27,0.003,62.617,43.958,62.605,0.59,0.389,0.061,0.14,0.59,0.018,0.052,-1.265e-4,0,0.003,1.79,1.787,5.25e-5,974.466,0.001,339.086,0.389,6.4,32.17
3.85,0.043,2703.517,517.229,0.27,0.003,62.629,43.95,62.165,0.59,0.389,0.061,0.14,0.59,0.011,0.031,1.73e-4,0,0.003,1.79,1.787,-1.131e-5,974.214,0.001,339.078,0.39,6.4,32.17
3.867,0.088,2702.9,516.612,0.27,0.003,62.611,43.943,61.712,0.59,0.389,0.061,0.14,0.59,0.022,0.064,4.161e-4,0,0.002,1.79,1.787,-4.089e-5,973.955,0.001,339.069,0.39,6.4,32.17
3.885,0.123,2702.266,515.978,0.27,0.003,62.598,43.935,61.245,0.59,0.389,0.061,0.14,0.59,0.031,0.09,-4.84e-4,0,0.002,1.79,1.788,-9.092e-6,973.688,0.001,339.06,0.39,6.4,32.17
3.902,0.124,2701.613,515.324,0.269,0.003,62.598,43.926,60.765,0.59,0.389,0.061,0.14,0.59,0.031,0.091,3.021e-4,0,0.002,1.79,1.788,1.747e-6,973.413,0.001,339.051,0.39,6.4,32.17
3.921,0.101,2700.94,514.651,0.269,0.003,62.607,43.918,60.27,0.59,0.389,0.061,0.14,0.59,0.025,0.074,-5.465e-5,0,0.002,1.79,1.788,1.001e-5,973.129,0.001,339.041,0.391,6.4,32.17
3.939,0.084,2700.25,513.961,0.269,0.003,62.614,43.909,59.763,0.59,0.389,0.061,0.14,0.59,0.021,0.061,-4.393e-4,0,0.002,1.79,1.788,9.833e-6,972.838,0.001,339.032,0.391,6.4,32.17
3.959,0.07,2699.539,513.25,0.269,0.003,62.62,43.9,59.24,0.59,0.389,0.061,0.14,0.59,0.017,0.051,2.571e-4,0,0.002,1.79,1.788,2.381e-6,972.538,0.001,339.022,0.391,6.4,32.17
3.978,0.071,2698.825,512.536,0.269,0.003,62.62,43.891,58.716,0.59,0.389,0.062,0.14,0.59,0.018,0.053,1.54e-4,0,0.002,1.79,1.788,-4.491e-6,972.236,0.001,339.011,0.392,6.4,32.17
3.998,0.089,2698.112,511.823,0.269,0.003,62.613,43.882,58.192,0.59,0.389,0.062,0.14,0.59,0.022,0.065,1.339e-4,0,0.002,1.79,1.788,-1.018e-5,971.935,0.001,339.001,0.392,6.4,32.17
4.017,0.104,2697.399,511.11,0.269,0.003,62.608,43.873,57.668,0.59,0.389,0.062,0.14,0.59,0.026,0.076,3.509e-4,0,0.002,1.79,1.789,-3.161e-6,971.633,0.001,338.991,0.392,6.4,32.17
4.036,0.106,2696.687,510.398,0.269,0.003,62.607,43.864,57.144,0.591,0.389,0.062,0.14,0.591,0.027,0.078,-2.365e-4,0,0.002,1.79,1.789,1.8e-7,971.332,0.001,338.981,0.392,6.4,32.17
4.056,0.101,2695.975,509.686,0.269,0.003,62.609,43.855,56.621,0.591,0.389,0.062,0.14,0.591,0.025,0.074,2.138e-4,0,0.002,1.79,1.789,6.739e-6,971.03,0.001,338.971,0.393,6.4,32.17
4.075,0.08,2695.264,508.975,0.269,0.003,62.618,43.845,56.098,0.591,0.389,0.062,0.14,0.591,0.02,0.058,-1.809e-4,0,0.002,1.79,1.789,4.166e-5,970.729,0.001,338.961,0.393,6.4,32.17
4.095,0.017,2694.536,508.247,0.269,0.003,62.643,43.836,55.563,0.591,0.389,0.062,0.14,0.591,0.004,0.013,-3.01e-4,0,0.002,1.791,1.789,3.505e-6,970.42,0.001,338.95,0.393,6.4,32.17
4.114,0.085,2694.037,507.749,0.269,0.003,62.616,43.83,55.128,0.591,0.389,0.062,0.14,0.591,0.021,0.063,3.045e-4,0,0.001,1.791,1.789,-9.682e-5,970.119,0.001,338.94,0.393,6.4,32.17
4.134,0.145,2693.539,507.25,0.268,0.003,62.593,43.823,54.693,0.591,0.389,0.062,0.14,0.591,0.037,0.107,-1.296e-4,0,0.001,1.791,1.789,-2.56e-5,969.817,0.001,338.93,0.393,6.4,32.17
4.153,0.157,2693.041,506.752,0.268,0.003,62.588,43.817,54.259,0.591,0.389,0.062,0.14,0.591,0.039,0.115,-2.39e-4,0,0.001,1.791,1.789,1.782e-6,969.516,0.001,338.92,0.394,6.4,32.17
4.172,0.115,2692.543,506.254,0.268,0.003,62.605,43.811,53.824,0.591,0.389,0.062,0.14,0.591,0.029,0.084,-2.741e-4,0,0.001,1.791,1.79,4.885e-5,969.214,0.001,338.91,0.394,6.4,32.17
4.192,0.042,2692.045,505.757,0.268,0.003,62.634,43.804,53.39,0.591,0.389,0.062,0.14,0.591,0.01,0.03,3.391e-4,0,0.001,1.791,1.79,7.688e-5,968.913,0.001,338.9,0.394,6.4,32.17
4.211,0.045,2691.548,505.259,0.268,0.003,62.633,43.798,52.956,0.591,0.389,0.062,0.14,0.591,0.011,0.033,1.378e-4,0,0.001,1.791,1.79,-1.059e-4,968.611,0.001,338.89,0.394,6.4,32.17
4.23,0.123,2691.051,504.762,0.268,0.003,62.603,43.792,52.522,0.591,0.389,0.062,0.14,0.591,0.031,0.091,2.323e-4,0,0.001,1.791,1.79,-7.126e-5,968.31,0.001,338.88,0.394,6.4,32.17
4.25,0.181,2690.553,504.265,0.268,0.003,62.58,43.785,52.088,0.591,0.389,0.062,0.14,0.591,0.046,0.134,4.06e-4,0,9.831e-4,1.791,1.79,-8.708e-6,968.008,0.001,338.869,0.394,6.4,32.17
4.269,0.16,2690.056,503.768,0.268,0.003,62.588,43.779,51.655,0.591,0.389,0.062,0.14,0.591,0.04,0.118,-2.533e-5,0,8.8e-4,1.791,1.79,2.047e-5,967.707,0.001,338.859,0.395,6.4,32.17
4.288,0.084,2689.56,503.271,0.268,0.003,62.618,43.773,51.221,0.591,0.389,0.062,0.14,0.591,0.021,0.062,-7.506e-5,0,7.935e-4,1.791,1.79,9.342e-5,967.405,0.001,338.849,0.395,6.4,32.17
4.307,0.018,2689.063,502.774,0.268,0.003,62.645,43.766,50.788,0.591,0.389,0.062,0.14,0.591,0.004,0.013,1.017e-4,0,7.141e-4,1.791,1.79,-8.423e-5,967.104,0.001,338.839,0.395,6.4,32.17
4.327,0.1,2688.566,502.278,0.268,0.003,62.612,43.76,50.355,0.591,0.389,0.062,0.14,0.591,0.025,0.074,4.632e-4,0,6.38e-4,1.791,1.79,-4.96e-5,966.802,0.001,338.829,0.395,6.4,32.17
4.346,0.133,2688.07,501.781,0.268,0.003,62.599,43.754,49.922,0.591,0.389,0.062,0.14,0.591,0.033,0.099,-3.257e-4,0,5.677e-4,1.791,1.79,-1.014e-6,966.501,0.001,338.819,0.395,6.4,32.17
4.365,0.106,2687.573,501.285,0.268,0.003,62.61,43.747,49.488,0.591,0.389,0.062,0.14,0.591,0.026,0.078,-4.432e-4,0,5.024e-4,1.791,1.79,2.336e-5,966.199,0.001,338.809,0.395,6.4,32.17
4.385,0.039,2687.077,500.788,0.268,0.003,62.637,43.741,49.055,0.591,0.389,0.062,0.14,0.591,0.01,0.029,1.663e-4,0,4.389e-4,1.791,1.791,3.151e-5,965.898,0.001,338.799,0.395,6.4,32.17
4.404,0.065,2686.581,500.292,0.268,0.003,62.627,43.734,48.622,0.591,0.389,0.062,0.14,0.591,0.016,0.048,-4.84e-4,0,3.832e-4,1.791,1.791,-5.602e-5,965.596,0.001,338.788,0.395,6.4,32.17
4.423,0.106,2686.085,499.796,0.268,0.003,62.61,43.728,48.19,0.591,0.389,0.062,0.14,0.592,0.027,0.079,2.152e-4,0,3.479e-4,1.791,1.791,-1.562e-5,965.295,0.001,338.778,0.395,6.4,32.17
4.442,0.109,2685.589,499.3,0.267,0.003,62.609,43.722,47.757,0.591,0.389,0.062,0.14,0.592,0.027,0.081,-4.554e-4,0,3.01e-4,1.791,1.791,4.344e-8,964.994,0.001,338.768,0.395,6.4,32.17
4.462,0.086,2685.093,498.804,0.267,0.003,62.618,43.715,47.324,0.592,0.389,0.062,0.14,0.592,0.022,0.064,-2.645e-4,0,2.283e-4,1.791,1.791,1.469e-5,964.692,0.001,338.758,0.395,6.4,32.17
4.481,0.039,2684.597,498.308,0.267,0.003,62.637,43.709,46.891,0.592,0.389,0.062,0.14,0.592,0.01,0.029,4.734e-4,0,1.512e-4,1.791,1.791,1.267e-5,964.391,0.001,338.748,0.395,6.4,32.17
4.5,0.06,2684.101,497.812,0.267,0.003,62.629,43.703,46.458,0.592,0.389,0.062,0.14,0.592,0.015,0.045,-1.035e-4,0,8.105e-5,1.791,1.791,-5.287e-5,964.089,0.001,338.738,0.395,6.4,32.17
4.519,0.104,2683.605,497.316,0.267,0.003,62.611,43.696,46.026,0.592,0.389,0.062,0.14,0.592,0.026,0.077,-3.936e-4,0,4.899e-5,1.791,1.791,-9.86e-6,963.788,0.001,338.728,0.395,6.4,32.17
4.539,0.098,2683.109,496.82,0.267,0.003,62.613,43.69,45.593,0.592,0.389,0.063,0.14,0.592,0.025,0.073,4.629e-4,0,4.162e-6,1.791,1.791,2.753e-6,963.486,0.001,338.718,0.395,6.4,32.17
4.558,0.059,2682.613,496.324,0.267,0.003,62.629,43.683,45.16,0.592,0.389,0.062,0.14,0.592,0.015,0.043,1.804e-4,0,-5.065e-5,1.791,1.791,1.072e-5,963.185,0.001,338.707,0.395,6.4,32.17
4.577,0.053,2682.117,495.828,0.267,0.003,62.632,43.677,44.728,0.592,0.389,0.062,0.14,0.592,0.013,0.04,-2.333e-6,0,-1.113e-4,1.791,1.791,-1.441e-5,962.884,0.001,338.697,0.395,6.4,32.17
4.596,0.096,2681.621,495.332,0.267,0.003,62.615,43.671,44.295,0.592,0.389,0.062,0.14,0.592,0.024,0.071,-6.221e-5,0,-1.722e-4,1.791,1.791,-1.196e-5,962.582,0.001,338.687,0.395,6.4,32.17
4.616,0.116,2681.125,494.836,0.267,0.003,62.607,43.664,43.862,0.592,0.389,0.062,0.14,0.592,0.029,0.086,4.302e-4,0,-2.306e-4,1.791,1.791,1.098e-6,962.281,0.001,338.677,0.395,6.4,32.17
4.635,0.089,2680.629,494.34,0.267,0.003,62.617,43.658,43.429,0.591,0.389,0.062,0.14,0.592,0.022,0.066,3.13e-4,0,-2.896e-4,1.791,1.791,3.668e-5,961.98,0.001,338.667,0.395,6.4,32.17
4.654,0.024,2680.133,493.844,0.267,0.003,62.643,43.652,42.997,0.591,0.389,0.062,0.14,0.591,0.006,0.018,4.858e-4,0,-3.537e-4,1.791,1.791,6.687e-5,961.678,0.001,338.657,0.395,6.4,32.17
4.673,0.055,2679.637,493.348,0.267,0.003,62.63,43.645,42.564,0.591,0.389,0.062,0.14,0.591,0.014,0.041,-2.681e-4,0,-4.293e-4,1.791,1.791,-7.329e-5,961.377,0.001,338.647,0.395,6.4,32.17
4.693,0.111,2679.14,492.852,0.267,0.003,62.608,43.639,42.131,0.591,0.389,0.062,0.14,0.591,0.028,0.083,4.799e-4,0,-4.986e-4,1.791,1.791,-2.749e-5,961.076,0.001,338.637,0.395,6.4,32.17
4.712,0.12,2678.644,492.355,0.267,0.003,62.604,43.632,41.698,0.591,0.389,0.062,0.14,0.591,0.03,0.09,-4.757e-4,0,-5.824e-4,1.791,1.792,-1.485e-7,960.775,0.001,338.627,0.395,6.4,32.17
4.731,0.092,2678.148,491.859,0.267,0.003,62.616,43.626,41.265,0.591,0.389,0.062,0.14,0.591,0.023,0.068,-2.564e-5,0,-6.643e-4,1.791,1.792,7.609e-6,960.474,0.001,338.616,0.395,6.4,32.17
4.75,0.068,2677.651,491.363,0.266,0.003,62.625,43.62,40.832,0.591,0.389,0.062,0.14,0.591,0.017,0.05,-4.959e-5,0,-7.357e-4,1.791,1.792,6.45e-6,960.172,0.001,338.606,0.395,6.4,32.17
4.77,0.03,2677.155,490.866,0.266,0.003,62.64,43.613,40.398,0.591,0.389,0.062,0.14,0.591,0.008,0.023,-2.018e-4,0,-7.477e-4,1.791,1.792,-1.227e-6,959.871,0.001,338.596,0.395,6.4,32.17
4.789,0.077,2676.658,490.369,0.266,0.003,62.621,43.607,39.965,0.591,0.389,0.062,0.14,0.591,0.019,0.057,-1.603e-4,0,-7.808e-4,1.791,1.792,-4.824e-5,959.57,0.001,338.586,0.395,6.4,32.17
4.808,0.131,2676.161,489.873,0.266,0.003,62.599,43.6,39.532,0.591,0.389,0.062,0.14,0.591,0.033,0.098,-6.934e-5,0,-8.351e-4,1.791,1.792,-9.245e-6,959.269,0.001,338.576,0.394,6.4,32.17
4.828,0.139,2675.664,489.376,0.266,0.003,62.597,43.594,39.098,0.591,0.389,0.062,0.14,0.591,0.035,0.104,3.439e-4,0,-9.014e-4,1.791,1.792,7.403e-6,958.968,0.001,338.566,0.394,6.4,32.17
4.847,0.098,2675.167,488.879,0.266,0.003,62.612,43.587,38.664,0.591,0.389,0.062,0.14,0.591,0.025,0.074,-2.518e-4,0,-9.655e-4,1.791,1.792,6.279e-5,958.667,0.001,338.556,0.394,6.4,32.17
4.866,0.03,2674.67,488.382,0.266,0.003,62.639,43.581,38.231,0.591,0.389,0.062,0.14,0.591,0.008,0.022,3.024e-4,0,-0.001,1.791,1.792,5.194e-5,958.366,0.001,338.546,0.394,6.4,32.17
4.885,0.076,2674.173,487.884,0.266,0.003,62.621,43.575,37.797,0.591,0.389,0.062,0.14,0.591,0.019,0.057,1.342e-4,0,-0.001,1.791,1.792,-8.821e-5,958.065,0.001,338.535,0.394,6.4,32.17
4.905,0.145,2673.675,487.387,0.266,0.003,62.593,43.568,37.363,0.591,0.389,0.062,0.14,0.591,0.036,0.108,-2.779e-4,0,-0.001,1.791,1.792,-3.487e-5,957.764,0.001,338.525,0.394,6.4,32.17
4.919,0.173,2673.308,487.019,0.266,0.003,62.582,43.563,37.042,0.591,0.389,0.062,0.14,0.591,0.043,0.128,-4.737e-5,0,-0.001,1.791,1.792,-1.945e-6,957.542,0.001,338.518,0.394,6.4,32.17
4.938,0.163,2672.994,486.705,0.266,0.003,62.586,43.559,36.747,0.591,0.389,0.062,0.14,0.591,0.041,0.122,-1.309e-4,0,-0.001,1.791,1.792,2.73e-5,957.241,0.001,338.508,0.393,6.4,32.17
4.958,0.099,2672.68,486.391,0.266,0.003,62.611,43.555,36.451,0.591,0.389,0.062,0.14,0.591,0.025,0.075,3.844e-4,0,-0.001,1.791,1.792,8.9e-5,956.94,0.001,338.498,0.393,6.4,32.17
4.977,0.043,2672.365,486.077,0.266,0.003,62.633,43.551,36.155,0.591,0.389,0.062,0.14,0.591,0.011,0.031,4.75e-4,0,-0.001,1.791,1.792,-1.804e-5,956.639,0.001,338.488,0.393,6.4,32.17
4.996,0.109,2672.051,485.762,0.266,0.003,62.607,43.547,35.859,0.591,0.389,0.062,0.14,0.591,0.027,0.081,-3.727e-4,0,-0.001,1.79,1.792,-7.454e-5,956.339,0.001,338.478,0.393,6.4,32.17
5.016,0.157,2671.736,485.448,0.266,0.003,62.587,43.543,35.564,0.591,0.389,0.062,0.14,0.591,0.04,0.117,-4.446e-4,0,-0.001,1.79,1.792,-1.219e-5,956.038,0.001,338.467,0.393,6.4,32.17
5.035,0.159,2671.422,485.133,0.266,0.003,62.586,43.539,35.267,0.591,0.389,0.062,0.14,0.591,0.04,0.119,4.59e-4,0,-0.002,1.79,1.792,8.263e-6,955.737,0.001,338.457,0.392,6.4,32.17
5.054,0.114,2671.107,484.818,0.266,0.003,62.604,43.535,34.971,0.591,0.389,0.062,0.14,0.591,0.028,0.085,3.426e-4,0,-0.002,1.79,1.792,6.746e-5,955.436,0.001,338.447,0.392,6.4,32.17
5.074,0.047,2670.792,484.503,0.266,0.003,62.63,43.531,34.675,0.59,0.389,0.062,0.14,0.59,0.012,0.035,1.637e-4,0,-0.002,1.79,1.792,6.304e-5,955.136,0.001,338.437,0.392,6.4,32.17
5.093,0.071,2670.477,484.188,0.266,0.003,62.62,43.527,34.378,0.59,0.389,0.062,0.14,0.59,0.018,0.053,-1.69e-4,0,-0.002,1.79,1.792,-8.805e-5,954.835,0.001,338.427,0.392,6.4,32.17
5.113,0.138,2670.162,483.873,0.266,0.003,62.593,43.523,34.082,0.59,0.389,0.062,0.14,0.59,0.035,0.104,3.216e-4,0,-0.002,1.79,1.792,-4.605e-5,954.538,0.001,338.417,0.392,6.4,32.17
5.132,0.159,2669.846,483.558,0.266,0.003,62.585,43.518,33.785,0.59,0.389,0.061,0.14,0.59,0.04,0.118,4.36e-4,0,-0.002,1.79,1.792,-4.961e-8,954.252,0.001,338.407,0.391,6.4,32.17
5.151,0.121,2669.531,483.242,0.265,0.003,62.6,43.514,33.488,0.59,0.389,0.061,0.14,0.59,0.03,0.09,-3.786e-5,0,-0.002,1.79,1.792,3.614e-5,953.966,0.001,338.397,0.391,6.4,32.17
5.171,0.042,2669.215,482.926,0.265,0.003,62.631,43.51,33.191,0.59,0.389,0.061,0.14,0.59,0.01,0.031,2.66e-4,0,-0.002,1.79,1.792,8.54e-5,953.679,0.001,338.387,0.391,6.4,32.17
5.19,0.049,2668.899,482.61,0.265,0.003,62.628,43.506,32.894,0.59,0.389,0.061,0.14,0.59,0.012,0.037,-4.2e-4,0,-0.002,1.79,1.792,-8.145e-5,953.393,0.001,338.377,0.391,6.4,32.17
5.21,0.104,2668.583,482.294,0.265,0.003,62.606,43.502,32.596,0.59,0.389,0.061,0.14,0.59,0.026,0.078,-4.922e-4,0,-0.002,1.79,1.792,-3.154e-5,953.107,0.001,338.366,0.39,6.4,32.17
5.229,0.12,2668.266,481.978,0.265,0.003,62.599,43.498,32.298,0.59,0.389,0.061,0.14,0.59,0.03,0.09,-4.852e-4,0,-0.002,1.79,1.792,-2.643e-6,952.821,0.001,338.356,0.39,6.4,32.17
5.249,0.115,2667.95,481.661,0.265,0.003,62.601,43.494,32.001,0.59,0.389,0.061,0.14,0.59,0.029,0.086,4.254e-4,0,-0.002,1.79,1.792,5.268e-6,952.535,0.001,338.346,0.39,6.4,32.17
5.268,0.095,2667.633,481.344,0.265,0.003,62.608,43.49,31.703,0.59,0.389,0.061,0.14,0.59,0.024,0.072,1.941e-4,0,-0.002,1.79,1.792,3.237e-5,952.249,0.001,338.336,0.39,6.4,32.17
5.288,0.057,2667.316,481.028,0.265,0.003,62.623,43.486,31.404,0.59,0.389,0.061,0.14,0.59,0.014,0.043,4.722e-4,0,-0.002,1.79,1.792,7.693e-5,951.963,0.001,338.326,0.389,6.4,32.17
5.307,0.016,2666.999,480.71,0.265,0.003,62.639,43.481,31.106,0.589,0.389,0.061,0.14,0.589,0.004,0.012,-2.611e-4,0,-0.002,1.79,1.792,-2.808e-5,951.677,0.001,338.316,0.389,6.4,32.17
5.327,0.086,2666.682,480.393,0.265,0.003,62.611,43.477,30.807,0.589,0.389,0.061,0.14,0.589,0.021,0.065,1.555e-5,0,-0.002,1.79,1.792,-7.392e-5,951.391,0.001,338.306,0.389,6.4,32.17
5.346,0.14,2666.364,480.076,0.265,0.003,62.589,43.473,30.509,0.589,0.389,0.061,0.14,0.589,0.035,0.105,4.338e-4,0,-0.002,1.79,1.792,-2.092e-5,951.105,0.001,338.296,0.388,6.4,32.17
5.366,0.175,2666.047,479.758,0.265,0.003,62.575,43.469,30.21,0.589,0.389,0.061,0.14,0.589,0.044,0.132,1.761e-4,0,-0.002,1.789,1.792,6.09e-7,950.819,0.001,338.286,0.388,6.4,32.17
5.385,0.174,2665.729,479.44,0.265,0.003,62.575,43.465,29.911,0.589,0.389,0.061,0.14,0.589,0.044,0.13,-4.409e-4,0,-0.002,1.789,1.792,4.861e-5,950.533,0.001,338.276,0.388,6.4,32.17
5.405,0.127,2665.41,479.122,0.265,0.003,62.593,43.461,29.611,0.589,0.389,0.061,0.14,0.589,0.032,0.095,2.789e-4,0,-0.002,1.789,1.792,9.343e-5,950.248,0.001,338.266,0.387,6.4,32.17
5.424,0.1,2665.095,478.806,0.265,0.003,62.604,43.457,29.314,0.589,0.389,0.06,0.139,0.589,0.025,0.076,8.722e-5,0,-0.002,1.789,1.792,-1.195e-5,949.964,0.001,338.256,0.387,6.4,32.17
5.443,0.169,2664.787,478.499,0.265,0.003,62.576,43.453,29.025,0.589,0.389,0.06,0.139,0.589,0.043,0.128,4.192e-4,0,-0.002,1.789,1.792,-9.185e-5,949.689,0.001,338.246,0.387,6.4,32.17
5.462,0.225,2664.487,478.198,0.265,0.003,62.554,43.449,28.742,0.589,0.389,0.06,0.139,0.589,0.056,0.169,-2.586e-4,0,-0.002,1.789,1.792,-2.357e-5,949.42,0.001,338.236,0.387,6.4,32.17
5.48,0.223,2664.195,477.906,0.265,0.003,62.554,43.445,28.468,0.589,0.389,0.06,0.139,0.589,0.056,0.167,-3.599e-4,0,-0.002,1.789,1.792,5.991e-6,949.158,0.001,338.227,0.386,6.4,32.17
5.497,0.171,2663.91,477.622,0.265,0.003,62.574,43.441,28.2,0.588,0.389,0.06,0.139,0.589,0.043,0.129,-8.136e-5,0,-0.003,1.789,1.792,6.779e-5,948.904,0.001,338.218,0.386,6.4,32.17
5.514,0.108,2663.632,477.343,0.265,0.003,62.599,43.438,27.938,0.588,0.389,0.06,0.139,0.588,0.027,0.081,2.247e-4,0,-0.003,1.789,1.792,6.886e-5,948.655,0.001,338.21,0.386,6.4,32.17
5.531,0.092,2663.355,477.067,0.265,0.003,62.605,43.434,27.678,0.588,0.389,0.06,0.139,0.588,0.023,0.07,-2.465e-5,0,-0.003,1.789,1.791,-1.909e-5,948.408,0.001,338.201,0.385,6.4,32.17
5.548,0.147,2663.081,476.793,0.265,0.003,62.583,43.43,27.42,0.588,0.389,0.06,0.139,0.588,0.037,0.111,-3.991e-4,0,-0.003,1.789,1.791,-8.65e-5,948.164,0.001,338.192,0.385,6.4,32.17
5.565,0.2,2662.81,476.522,0.265,0.003,62.561,43.427,27.165,0.588,0.389,0.06,0.139,0.588,0.05,0.151,3.764e-4,0,-0.003,1.789,1.791,-3.568e-5,947.922,0.001,338.184,0.385,6.4,32.17
5.582,0.222,2662.542,476.253,0.265,0.003,62.553,43.423,26.912,0.588,0.389,0.06,0.139,0.588,0.056,0.166,3.597e-4,0,-0.003,1.789,1.791,-6.177e-8,947.683,0.001,338.175,0.384,6.4,32.17
5.598,0.205,2662.277,475.988,0.265,0.003,62.559,43.42,26.663,0.588,0.389,0.06,0.139,0.588,0.052,0.154,2.075e-4,0,-0.003,1.789,1.791,3.085e-5,947.447,0.001,338.167,0.384,6.4,32.17
5.614,0.159,2662.014,475.725,0.265,0.003,62.577,43.416,26.416,0.588,0.389,0.06,0.139,0.588,0.04,0.119,-1.135e-4,0,-0.003,1.789,1.791,8.467e-5,947.214,0.001,338.159,0.384,6.4,32.17
5.63,0.109,2661.754,475.466,0.264,0.003,62.596,43.413,26.171,0.588,0.389,0.06,0.139,0.588,0.027,0.082,-4.49e-4,0,-0.003,1.788,1.791,3.956e-5,946.983,0.001,338.151,0.383,6.4,32.17
5.646,0.11,2661.498,475.209,0.264,0.003,62.595,43.41,25.93,0.588,0.389,0.059,0.139,0.588,0.028,0.083,1.059e-4,0,-0.003,1.788,1.791,-3.196e-5,946.755,0.001,338.143,0.383,6.4,32.17
5.661,0.162,2661.243,474.955,0.264,0.003,62.574,43.406,25.69,0.587,0.389,0.059,0.139,0.588,0.041,0.122,2.244e-4,0,-0.003,1.788,1.791,-8.606e-5,946.53,0.001,338.135,0.383,6.4,32.17
5.677,0.209,2660.993,474.704,0.264,0.003,62.556,43.403,25.455,0.587,0.389,0.059,0.139,0.587,0.052,0.157,-1.6e-4,0,-0.003,1.788,1.791,-3.639e-5,946.308,0.001,338.127,0.383,6.4,32.17
5.692,0.226,2660.746,474.457,0.264,0.003,62.548,43.4,25.222,0.587,0.389,0.059,0.139,0.587,0.057,0.17,3.83e-4,0,-0.003,1.788,1.791,-3.3e-7,946.089,0.001,338.119,0.382,6.4,32.17
5.707,0.205,2660.502,474.214,0.264,0.003,62.557,43.397,24.993,0.587,0.389,0.059,0.139,0.587,0.051,0.154,2.797e-4,0,-0.003,1.788,1.791,2.582e-5,945.874,0.001,338.111,0.382,6.4,32.17
5.722,0.149,2660.262,473.974,0.264,0.003,62.578,43.393,24.767,0.587,0.389,0.059,0.139,0.587,0.037,0.112,4.852e-4,0,-0.003,1.788,1.791,7.591e-5,945.662,0.001,338.104,0.382,6.4,32.17
5.736,0.09,2660.027,473.738,0.264,0.003,62.601,43.39,24.546,0.587,0.389,0.059,0.139,0.587,0.022,0.067,6.892e-5,0,-0.003,1.788,1.791,3.287e-5,945.454,0.001,338.097,0.381,6.4,32.17
5.751,0.089,2659.795,473.506,0.264,0.003,62.601,43.387,24.328,0.587,0.389,0.059,0.139,0.587,0.022,0.067,1.213e-4,0,-0.003,1.788,1.791,-4.607e-5,945.249,0.001,338.089,0.381,6.4,32.17
5.765,0.139,2659.566,473.277,0.264,0.003,62.581,43.384,24.112,0.587,0.389,0.059,0.139,0.587,0.035,0.104,-4.969e-4,0,-0.003,1.788,1.791,-7.486e-5,945.047,0.001,338.082,0.381,6.4,32.17
5.779,0.179,2659.339,473.051,0.264,0.003,62.565,43.381,23.899,0.587,0.389,0.059,0.139,0.587,0.045,0.135,2.054e-4,0,-0.003,1.788,1.791,-2.481e-5,944.848,0.001,338.075,0.38,6.4,32.17
5.792,0.19,2659.115,472.827,0.264,0.003,62.56,43.378,23.688,0.587,0.389,0.059,0.139,0.587,0.048,0.143,3.4e-4,0,-0.003,1.788,1.791,3.697e-8,944.651,0.001,338.068,0.38,6.4,32.17
5.806,0.169,2658.894,472.605,0.264,0.003,62.568,43.376,23.479,0.587,0.389,0.059,0.139,0.587,0.042,0.127,3.081e-5,0,-0.003,1.788,1.791,2.563e-5,944.456,0.001,338.061,0.38,6.4,32.17
5.82,0.123,2658.673,472.384,0.264,0.003,62.586,43.373,23.272,0.586,0.389,0.059,0.139,0.586,0.031,0.092,-2.758e-4,0,-0.003,1.788,1.791,7.018e-5,944.262,0.001,338.055,0.379,6.4,32.17
5.833,0.067,2658.454,472.165,0.264,0.003,62.608,43.37,23.066,0.586,0.389,0.058,0.139,0.586,0.017,0.051,-3.111e-4,0,-0.003,1.788,1.791,7.201e-5,944.069,0.001,338.048,0.379,6.4,32.17
5.847,0.041,2658.235,471.947,0.264,0.003,62.618,43.367,22.86,0.586,0.389,0.058,0.139,0.586,0.01,0.031,-2.75e-4,0,-0.003,1.787,1.791,-1.878e-5,943.878,0.001,338.041,0.379,6.4,32.17
5.86,0.076,2658.019,471.73,0.264,0.003,62.603,43.364,22.656,0.586,0.389,0.058,0.139,0.586,0.019,0.058,3.507e-4,0,-0.003,1.787,1.791,-8.526e-5,943.688,0.001,338.034,0.379,6.4,32.17
5.873,0.11,2657.803,471.514,0.264,0.003,62.59,43.361,22.453,0.586,0.389,0.058,0.139,0.586,0.028,0.083,-1.263e-5,0,-0.003,1.787,1.791,-5.012e-5,943.499,0.001,338.028,0.378,6.4,32.17
5.886,0.128,2657.588,471.299,0.264,0.003,62.583,43.358,22.251,0.586,0.389,0.058,0.139,0.586,0.032,0.097,-8.8e-5,0,-0.003,1.787,1.791,-1.416e-5,943.311,0.001,338.021,0.378,6.4,32.17
5.9,0.127,2657.375,471.086,0.264,0.003,62.583,43.356,22.05,0.586,0.389,0.058,0.139,0.586,0.032,0.095,-3.766e-6,0,-0.004,1.787,1.791,-1.234e-7,943.124,0.001,338.015,0.378,6.4,32.17
5.913,0.118,2657.162,470.874,0.264,0.003,62.586,43.353,21.851,0.586,0.389,0.058,0.139,0.586,0.03,0.089,-4.978e-4,0,-0.004,1.787,1.791,1.366e-5,942.939,0.001,338.008,0.377,6.4,32.17
5.925,0.087,2656.954,470.665,0.264,0.003,62.598,43.35,21.654,0.586,0.389,0.058,0.138,0.586,0.022,0.065,4.541e-4,0,-0.004,1.787,1.791,5.072e-5,942.757,0.001,338.002,0.377,6.4,32.17
5.938,0.042,2656.748,470.46,0.264,0.003,62.615,43.347,21.461,0.586,0.389,0.058,0.138,0.586,0.011,0.032,3.556e-4,0,-0.004,1.787,1.791,7.534e-5,942.578,0.001,337.995,0.377,6.4,32.17
5.944,0.024,2656.652,470.363,0.264,0.003,62.622,43.346,21.37,0.585,0.389,0.058,0.138,0.585,0.006,0.018,2.72e-4,0,-0.004,1.787,1.791,2.771e-5,942.493,0.001,337.992,0.377,6.4,32.17
5.953,0.036,2656.568,470.279,0.264,0.003,62.617,43.345,21.267,0.585,0.389,0.058,0.138,0.585,0.009,0.027,-4.531e-4,0,-0.004,1.787,1.791,-5.829e-5,942.367,0.001,337.988,0.376,6.4,32.17
5.965,0.078,2656.452,470.163,0.264,0.003,62.6,43.344,21.124,0.585,0.389,0.058,0.138,0.585,0.019,0.058,-3.266e-4,0,-0.004,1.787,1.791,-6.52e-5,942.192,0.001,337.982,0.376,6.4,32.17
5.978,0.11,2656.336,470.047,0.264,0.003,62.587,43.342,20.982,0.585,0.389,0.058,0.138,0.585,0.028,0.083,8.879e-5,0,-0.004,1.787,1.791,-3.024e-5,942.018,0.001,337.975,0.376,6.4,32.17
5.99,0.126,2656.221,469.932,0.264,0.003,62.581,43.341,20.84,0.585,0.389,0.058,0.138,0.585,0.032,0.095,-8.799e-5,0,-0.004,1.787,1.791,-4.491e-6,941.844,0.001,337.969,0.375,6.4,32.17
6.002,0.122,2656.106,469.817,0.264,0.003,62.582,43.339,20.698,0.585,0.389,0.057,0.138,0.585,0.031,0.092,-1.056e-4,0,-0.004,1.787,1.791,1.952e-6,941.671,0.001,337.963,0.375,6.4,32.17
6.014,0.101,2655.991,469.703,0.264,0.003,62.59,43.338,20.558,0.585,0.389,0.057,0.138,0.585,0.025,0.077,1.022e-4,0,-0.004,1.787,1.791,2.058e-5,941.499,0.001,337.957,0.375,6.4,32.17
6.027,0.067,2655.877,469.589,0.264,0.003,62.603,43.336,20.417,0.585,0.389,0.057,0.138,0.585,0.017,0.05,1.014e-4,0,-0.004,1.787,1.79,4.712e-5,941.328,0.001,337.951,0.375,6.4,32.17
6.039,0.023,2655.764,469.475,0.264,0.003,62.62,43.335,20.278,0.585,0.389,0.057,0.138,0.585,0.006,0.018,-3.369e-4,0,-0.004,1.787,1.79,6.416e-5,941.158,0.001,337.945,0.374,6.4,32.17
6.051,0.023,2655.651,469.362,0.264,0.003,62.62,43.333,20.139,0.585,0.389,0.057,0.138,0.585,0.006,0.017,2.606e-4,0,-0.004,1.786,1.79,-6.397e-5,940.988,0.001,337.939,0.374,6.4,32.17
6.063,0.061,2655.539,469.25,0.264,0.003,62.604,43.332,20.001,0.585,0.389,0.057,0.138,0.585,0.015,0.047,-1.24e-4,0,-0.004,1.786,1.79,-5.407e-5,940.82,0.001,337.933,0.374,6.4,32.17
6.075,0.095,2655.427,469.139,0.264,0.003,62.59,43.33,19.864,0.584,0.389,0.057,0.138,0.584,0.024,0.071,-1.127e-4,0,-0.004,1.786,1.79,-3.167e-5,940.654,0.001,337.927,0.373,6.4,32.17
6.086,0.119,2655.317,469.028,0.264,0.003,62.581,43.329,19.728,0.584,0.389,0.057,0.138,0.584,0.03,0.09,5.462e-5,0,-0.004,1.786,1.79,-9.761e-6,940.488,0.001,337.922,0.373,6.4,32.17
6.098,0.13,2655.207,468.918,0.264,0.003,62.576,43.327,19.593,0.584,0.389,0.057,0.138,0.584,0.033,0.098,-1.243e-4,0,-0.004,1.786,1.79,-1.667e-8,940.324,0.001,337.916,0.373,6.4,32.17
6.11,0.124,2655.098,468.809,0.264,0.003,62.578,43.326,19.459,0.584,0.389,0.057,0.138,0.584,0.031,0.093,-1.707e-4,0,-0.004,1.786,1.79,9.801e-6,940.161,0.001,337.91,0.372,6.4,32.17
6.121,0.101,2654.989,468.7,0.264,0.003,62.587,43.324,19.325,0.584,0.389,0.057,0.138,0.584,0.025,0.076,2.773e-4,0,-0.004,1.786,1.79,3.626e-5,939.999,0.001,337.904,0.372,6.4,32.17
6.133,0.066,2654.881,468.592,0.264,0.003,62.6,43.323,19.192,0.584,0.389,0.057,0.138,0.584,0.016,0.05,4.386e-5,0,-0.004,1.786,1.79,6.453e-5,939.837,0.001,337.899,0.372,6.4,32.17
6.144,0.027,2654.773,468.484,0.264,0.003,62.616,43.322,19.059,0.584,0.389,0.057,0.138,0.584,0.007,0.02,-5.809e-5,0,-0.004,1.786,1.79,5.026e-5,939.677,0.001,337.893,0.371,6.4,32.17
6.156,0.032,2654.665,468.377,0.264,0.003,62.613,43.32,18.926,0.584,0.389,0.056,0.138,0.584,0.008,0.025,-2.338e-4,0,-0.004,1.786,1.79,-5.397e-5,939.517,0.001,337.887,0.371,6.4,32.17
6.167,0.07,2654.558,468.269,0.264,0.003,62.598,43.319,18.795,0.584,0.389,0.056,0.138,0.584,0.018,0.053,-4.777e-4,0,-0.004,1.786,1.79,-6.59e-5,939.357,0.001,337.882,0.371,6.4,32.17
6.179,0.105,2654.452,468.163,0.264,0.003,62.584,43.317,18.664,0.584,0.389,0.056,0.138,0.584,0.026,0.079,-8.83e-5,0,-0.004,1.786,1.79,-4.331e-5,939.199,0.001,337.876,0.371,6.4,32.17
6.19,0.13,2654.346,468.057,0.264,0.003,62.574,43.316,18.534,0.584,0.389,0.056,0.138,0.584,0.033,0.098,3.418e-4,0,-0.004,1.786,1.79,-1.713e-5,939.042,0.001,337.871,0.37,6.4,32.17
6.201,0.143,2654.241,467.952,0.264,0.003,62.568,43.315,18.404,0.583,0.389,0.056,0.138,0.583,0.036,0.107,-1.934e-5,0,-0.004,1.786,1.79,-1.355e-6,938.886,0.001,337.865,0.37,6.4,32.17
6.212,0.141,2654.136,467.847,0.264,0.003,62.568,43.313,18.275,0.583,0.389,0.056,0.138,0.583,0.035,0.107,-3.74e-4,0,-0.004,1.786,1.79,4.607e-6,938.731,0.001,337.86,0.37,6.4,32.17
6.223,0.125,2654.031,467.743,0.264,0.003,62.575,43.312,18.147,0.583,0.389,0.056,0.138,0.583,0.031,0.094,4.081e-4,0,-0.004,1.786,1.79,2.701e-5,938.576,0.001,337.854,0.369,6.4,32.17
6.234,0.096,2653.927,467.638,0.264,0.003,62.586,43.31,18.018,0.583,0.389,0.056,0.138,0.583,0.024,0.072,-4.038e-4,0,-0.004,1.785,1.79,5.618e-5,938.422,0.001,337.849,0.369,6.4,32.17
6.246,0.06,2653.823,467.535,0.263,0.003,62.6,43.309,17.891,0.583,0.39,0.056,0.138,0.583,0.015,0.045,2.744e-5,0,-0.004,1.785,1.79,6.384e-5,938.268,0.001,337.843,0.369,6.4,32.17
6.257,0.037,2653.72,467.431,0.263,0.003,62.608,43.308,17.763,0.583,0.39,0.056,0.138,0.583,0.009,0.028,-7.186e-5,0,-0.004,1.785,1.79,0,938.115,0.001,337.838,0.368,6.4,32.17
6.268,0.066,2653.617,467.328,0.263,0.003,62.596,43.306,17.636,0.583,0.39,0.056,0.138,0.583,0.017,0.05,1.475e-4,0,-0.004,1.785,1.79,-6.182e-5,937.963,0.001,337.833,0.368,6.4,32.17
6.279,0.109,2653.513,467.225,0.263,0.003,62.579,43.305,17.51,0.583,0.39,0.056,0.138,0.583,0.027,0.082,7.21e-5,0,-0.004,1.785,1.79,-5.667e-5,937.811,0.001,337.827,0.368,6.4,32.17
6.29,0.143,2653.411,467.122,0.263,0.003,62.565,43.304,17.383,0.583,0.39,0.056,0.138,0.583,0.036,0.108,-2.578e-4,0,-0.004,1.785,1.79,-2.661e-5,937.659,0.001,337.822,0.368,6.4,32.17
6.3,0.164,2653.308,467.019,0.263,0.003,62.557,43.302,17.257,0.583,0.39,0.056,0.138,0.583,0.041,0.124,-6.241e-5,0,-0.004,1.785,1.79,-3.488e-6,937.508,0.001,337.817,0.367,6.4,32.17
6.311,0.167,2653.206,466.917,0.263,0.003,62.555,43.301,17.131,0.583,0.39,0.055,0.138,0.583,0.042,0.126,2.544e-4,0,-0.005,1.785,1.79,2.832e-6,937.358,0.001,337.811,0.367,6.4,32.17
6.322,0.154,2653.104,466.815,0.263,0.003,62.56,43.3,17.006,0.582,0.39,0.055,0.137,0.582,0.039,0.116,4.407e-4,0,-0.005,1.785,1.79,2.536e-5,937.208,0.001,337.806,0.367,6.4,32.17
6.333,0.128,2653.002,466.714,0.263,0.003,62.57,43.298,16.881,0.582,0.39,0.055,0.137,0.582,0.032,0.096,-4.879e-4,0,-0.005,1.785,1.789,5.749e-5,937.059,0.001,337.801,0.366,6.4,32.17
6.344,0.095,2652.901,466.613,0.263,0.003,62.583,43.297,16.757,0.582,0.39,0.055,0.137,0.582,0.024,0.072,4.151e-4,0,-0.005,1.785,1.789,6.732e-5,936.911,0.001,337.795,0.366,6.4,32.17
6.355,0.071,2652.801,466.512,0.263,0.003,62.592,43.296,16.633,0.582,0.39,0.055,0.137,0.582,0.018,0.054,2.589e-4,0,-0.005,1.785,1.789,1.254e-5,936.764,0.001,337.79,0.366,6.4,32.17
6.365,0.086,2652.7,466.412,0.263,0.003,62.586,43.294,16.51,0.582,0.39,0.055,0.137,0.582,0.021,0.065,3.857e-4,0,-0.005,1.785,1.789,-2.64e-5,936.617,0.001,337.785,0.365,6.4,32.17
6.376,0.127,2652.6,466.312,0.263,0.003,62.569,43.293,16.386,0.582,0.39,0.055,0.137,0.582,0.032,0.095,-2.034e-4,0,-0.005,1.785,1.789,-6.44e-5,936.47,0.001,337.78,0.365,6.4,32.17
6.387,0.17,2652.5,466.212,0.263,0.003,62.552,43.292,16.263,0.582,0.39,0.055,0.137,0.582,0.043,0.129,-2.936e-4,0,-0.005,1.785,1.789,-5.122e-5,936.324,0.001,337.775,0.365,6.4,32.17
6.397,0.205,2652.401,466.112,0.263,0.003,62.538,43.29,16.141,0.582,0.39,0.055,0.137,0.582,0.051,0.155,2.423e-4,0,-0.005,1.785,1.789,-2.032e-5,936.178,0.001,337.77,0.365,6.4,32.17
6.408,0.216,2652.301,466.013,0.263,0.003,62.533,43.289,16.018,0.582,0.39,0.055,0.137,0.582,0.054,0.162,-4.394e-4,0,-0.005,1.785,1.789,-1.05e-6,936.033,0.001,337.765,0.364,6.4,32.17
6.418,0.208,2652.203,465.914,0.263,0.003,62.536,43.288,15.897,0.582,0.39,0.055,0.137,0.582,0.052,0.157,-1.024e-4,0,-0.005,1.784,1.789,6.471e-6,935.889,0.001,337.759,0.364,6.4,32.17
6.429,0.186,2652.105,465.816,0.263,0.003,62.544,43.286,15.776,0.582,0.39,0.055,0.137,0.582,0.047,0.14,3.253e-4,0,-0.005,1.784,1.789,3.191e-5,935.747,0.001,337.754,0.364,6.4,32.17
6.439,0.154,2652.007,465.719,0.263,0.003,62.557,43.285,15.657,0.581,0.39,0.055,0.137,0.581,0.039,0.117,2.322e-4,0,-0.005,1.784,1.789,5.936e-5,935.605,0.001,337.749,0.363,6.4,32.17
6.449,0.118,2651.91,465.622,0.263,0.003,62.571,43.284,15.538,0.581,0.39,0.055,0.137,0.581,0.03,0.089,-2.023e-4,0,-0.005,1.784,1.789,6.053e-5,935.464,0.001,337.744,0.363,6.4,32.17
6.46,0.108,2651.814,465.525,0.263,0.003,62.574,43.283,15.419,0.581,0.39,0.054,0.137,0.581,0.027,0.081,-2.004e-5,0,-0.005,1.784,1.789,1.403e-5,935.324,0.001,337.74,0.363,6.4,32.17
6.47,0.123,2651.718,465.429,0.263,0.003,62.568,43.281,15.301,0.581,0.39,0.054,0.137,0.581,0.031,0.093,-2.134e-4,0,-0.005,1.784,1.789,-7.745e-6,935.184,0.001,337.735,0.362,6.4,32.17
6.48,0.16,2651.621,465.332,0.263,0.003,62.553,43.28,15.182,0.581,0.39,0.054,0.137,0.581,0.04,0.121,-1.515e-4,0,-0.005,1.784,1.789,-4.509e-5,935.044,0.001,337.73,0.362,6.4,32.17
6.491,0.204,2651.524,465.236,0.263,0.003,62.535,43.279,15.063,0.581,0.39,0.054,0.137,0.581,0.051,0.155,-4.347e-4,0,-0.005,1.784,1.789,-5.385e-5,934.903,0.001,337.725,0.362,6.4,32.17
6.501,0.245,2651.428,465.139,0.263,0.003,62.519,43.278,14.944,0.581,0.39,0.054,0.137,0.581,0.061,0.185,3.423e-4,0,-0.005,1.784,1.789,-3.326e-5,934.763,0.001,337.72,0.362,6.4,32.17
6.511,0.261,2651.331,465.042,0.263,0.003,62.513,43.276,14.825,0.581,0.39,0.054,0.137,0.581,0.066,0.197,-3.108e-4,0,-0.005,1.784,1.789,-8.29e-6,934.624,0.001,337.715,0.361,6.4,32.17
6.521,0.264,2651.235,464.947,0.263,0.003,62.511,43.275,14.707,0.581,0.39,0.054,0.137,0.581,0.066,0.199,1.987e-4,0,-0.005,1.784,1.789,2.797e-7,934.485,0.001,337.71,0.361,6.4,32.17
6.532,0.254,2651.14,464.852,0.263,0.003,62.515,43.274,14.59,0.581,0.39,0.054,0.137,0.581,0.064,0.192,-3.24e-4,0,-0.005,1.784,1.789,1.448e-5,934.348,0.001,337.705,0.361,6.4,32.17
6.542,0.231,2651.046,464.757,0.263,0.003,62.523,43.272,14.474,0.581,0.39,0.054,0.137,0.581,0.058,0.174,-6.257e-5,0,-0.005,1.784,1.789,3.998e-5,934.212,0.001,337.7,0.36,6.4,32.17
6.552,0.203,2650.952,464.663,0.263,0.003,62.534,43.271,14.358,0.58,0.39,0.054,0.137,0.58,0.051,0.153,4.905e-5,0,-0.005,1.784,1.789,5.408e-5,934.076,0.001,337.696,0.36,6.4,32.17
6.562,0.181,2650.858,464.569,0.263,0.003,62.542,43.27,14.243,0.58,0.39,0.054,0.137,0.58,0.045,0.137,2.334e-5,0,-0.005,1.784,1.789,3.7e-5,933.941,0.001,337.691,0.36,6.4,32.17
6.572,0.17,2650.765,464.476,0.263,0.003,62.547,43.269,14.128,0.58,0.39,0.054,0.137,0.58,0.043,0.128,2.447e-4,0,-0.005,1.784,1.789,4.585e-6,933.807,0.001,337.686,0.359,6.4,32.17
6.582,0.176,2650.672,464.383,0.263,0.003,62.544,43.268,14.014,0.58,0.39,0.054,0.137,0.58,0.044,0.133,1.425e-4,0,-0.005,1.783,1.789,-8.252e-6,933.673,0.001,337.681,0.359,6.4,32.17
6.591,0.198,2650.579,464.29,0.263,0.003,62.535,43.266,13.899,0.58,0.39,0.054,0.137,0.58,0.05,0.15,-1.18e-4,0,-0.005,1.783,1.789,-3.921e-5,933.539,0.001,337.677,0.359,6.4,32.17
6.601,0.227,2650.486,464.197,0.263,0.003,62.523,43.265,13.785,0.58,0.39,0.053,0.137,0.58,0.057,0.172,9.152e-5,0,-0.005,1.783,1.789,-5.086e-5,933.406,0.001,337.672,0.359,6.4,32.17
6.611,0.246,2650.394,464.105,0.263,0.003,62.515,43.264,13.672,0.58,0.39,0.053,0.137,0.58,0.062,0.185,-1.034e-4,0,-0.005,1.783,1.789,-3.584e-5,933.273,0.001,337.667,0.358,6.4,32.17
6.621,0.257,2650.302,464.013,0.263,0.003,62.511,43.263,13.559,0.58,0.39,0.053,0.137,0.58,0.065,0.195,-2.2e-4,0,-0.005,1.783,1.789,-1.232e-5,933.142,0.001,337.663,0.358,6.4,32.17
6.631,0.257,2650.211,463.922,0.263,0.003,62.51,43.261,13.447,0.58,0.39,0.053,0.137,0.58,0.065,0.194,3.711e-5,0,-0.005,1.783,1.789,-1.904e-7,933.012,0.001,337.658,0.358,6.4,32.17
6.64,0.245,2650.12,463.832,0.263,0.003,62.515,43.26,13.336,0.58,0.39,0.053,0.137,0.58,0.062,0.185,-1.534e-4,0,-0.005,1.783,1.789,6.967e-6,932.882,0.001,337.653,0.357,6.4,32.17
6.65,0.222,2650.03,463.742,0.263,0.003,62.523,43.259,13.225,0.579,0.39,0.053,0.137,0.58,0.056,0.168,2.253e-4,0,-0.005,1.783,1.789,2.688e-5,932.753,0.001,337.649,0.357,6.4,32.17
6.659,0.197,2649.941,463.652,0.263,0.003,62.533,43.258,13.115,0.579,0.39,0.053,0.137,0.579,0.049,0.148,3.879e-4,0,-0.005,1.783,1.788,4.443e-5,932.625,0.001,337.644,0.357,6.4,32.17
6.669,0.169,2649.851,463.562,0.263,0.003,62.544,43.257,13.005,0.579,0.39,0.053,0.137,0.579,0.042,0.128,2.794e-4,0,-0.005,1.783,1.788,4.214e-5,932.497,0.001,337.64,0.356,6.4,32.17
6.679,0.147,2649.762,463.473,0.263,0.003,62.552,43.256,12.895,0.579,0.39,0.053,0.136,0.579,0.037,0.11,3.014e-4,0,-0.006,1.783,1.788,1.581e-5,932.37,0.001,337.635,0.356,6.4,32.17
6.688,0.138,2649.673,463.384,0.263,0.003,62.556,43.254,12.785,0.579,0.39,0.053,0.136,0.579,0.034,0.104,-4.993e-4,0,-0.006,1.783,1.788,-3.555e-7,932.243,0.001,337.631,0.356,6.4,32.17
6.697,0.146,2649.584,463.295,0.263,0.003,62.552,43.253,12.676,0.579,0.39,0.053,0.136,0.579,0.036,0.11,-2.595e-4,0,-0.006,1.783,1.788,-2.374e-5,932.116,0.001,337.626,0.356,6.4,32.17
6.707,0.162,2649.495,463.207,0.263,0.003,62.546,43.252,12.567,0.579,0.39,0.053,0.136,0.579,0.04,0.122,-3.769e-4,0,-0.006,1.783,1.788,-5.037e-5,931.99,0.001,337.622,0.355,6.4,32.17
6.716,0.181,2649.408,463.119,0.263,0.003,62.538,43.251,12.459,0.579,0.39,0.053,0.136,0.579,0.045,0.137,1.841e-4,0,-0.006,1.783,1.788,-4.356e-5,931.865,0.001,337.618,0.355,6.4,32.17
6.726,0.196,2649.317,463.028,0.263,0.003,62.531,43.25,12.347,0.579,0.39,0.053,0.136,0.579,0.049,0.148,-3.731e-4,0,-0.006,1.783,1.788,-1.802e-5,931.736,0.001,337.613,0.355,6.4,32.17
6.735,0.2,2649.269,462.98,0.263,0.003,62.53,43.249,12.267,0.579,0.39,0.052,0.136,0.579,0.05,0.151,-3.815e-4,0,-0.006,1.783,1.788,-1.397e-6,931.613,0.001,337.609,0.354,6.4,32.17
6.744,0.192,2649.222,462.933,0.263,0.003,62.532,43.248,12.187,0.579,0.39,0.052,0.136,0.579,0.048,0.145,-8.561e-5,0,-0.006,1.782,1.788,4.108e-6,931.491,0.001,337.604,0.354,6.4,32.17
6.754,0.175,2649.175,462.886,0.263,0.003,62.539,43.248,12.108,0.579,0.39,0.052,0.136,0.579,0.044,0.131,3.333e-4,0,-0.006,1.782,1.788,2.229e-5,931.369,0.001,337.6,0.354,6.4,32.17
6.763,0.151,2649.127,462.839,0.263,0.003,62.548,43.247,12.028,0.578,0.39,0.052,0.136,0.578,0.038,0.113,3.504e-4,0,-0.006,1.782,1.788,4.279e-5,931.248,0.001,337.596,0.353,6.4,32.17
6.772,0.122,2649.08,462.792,0.263,0.003,62.559,43.247,11.949,0.578,0.39,0.052,0.136,0.578,0.031,0.092,-1.701e-4,0,-0.006,1.782,1.788,5.366e-5,931.127,0.001,337.592,0.353,6.4,32.17
6.781,0.094,2649.033,462.744,0.263,0.003,62.57,43.246,11.869,0.578,0.39,0.052,0.136,0.578,0.023,0.071,-3.354e-4,0,-0.006,1.782,1.788,3.925e-5,931.005,0.001,337.587,0.353,6.4,32.17
6.79,0.075,2648.986,462.697,0.263,0.003,62.577,43.245,11.79,0.578,0.39,0.052,0.136,0.578,0.019,0.056,3.438e-4,0,-0.006,1.782,1.788,4.319e-6,930.884,0.001,337.583,0.353,6.4,32.17
6.799,0.074,2648.939,462.65,0.263,0.003,62.577,43.245,11.71,0.578,0.39,0.052,0.136,0.578,0.019,0.056,-2.819e-4,0,-0.006,1.782,1.788,-1.565e-5,930.763,0.001,337.579,0.352,6.4,32.17
6.809,0.089,2648.891,462.603,0.263,0.003,62.571,43.244,11.631,0.578,0.39,0.052,0.136,0.578,0.022,0.067,4.803e-4,0,-0.006,1.782,1.788,-5.009e-5,930.642,0.001,337.574,0.352,6.4,32.17
6.818,0.108,2648.844,462.556,0.263,0.003,62.563,43.243,11.551,0.578,0.39,0.052,0.136,0.578,0.027,0.082,1.331e-4,0,-0.006,1.782,1.788,-5.506e-5,930.521,0.001,337.57,0.352,6.4,32.17
6.827,0.126,2648.797,462.508,0.263,0.003,62.556,43.243,11.472,0.578,0.39,0.052,0.136,0.578,0.032,0.095,4.623e-4,0,-0.006,1.782,1.788,-4.01e-5,930.4,0.001,337.566,0.351,6.4,32.17
6.836,0.139,2648.75,462.461,0.263,0.003,62.55,43.242,11.392,0.578,0.39,0.052,0.136,0.578,0.035,0.105,-2.147e-4,0,-0.006,1.782,1.788,-2.062e-5,930.279,0.001,337.562,0.351,6.4,32.17
6.845,0.145,2648.703,462.414,0.263,0.003,62.548,43.242,11.313,0.578,0.39,0.052,0.136,0.578,0.036,0.11,4.935e-4,0,-0.006,1.782,1.788,-5.86e-6,930.159,0.001,337.557,0.351,6.4,32.17
6.854,0.144,2648.656,462.367,0.263,0.003,62.548,43.241,11.233,0.578,0.39,0.052,0.136,0.578,0.036,0.109,-3.396e-4,0,-0.006,1.782,1.788,-1.553e-8,930.038,0.001,337.553,0.351,6.4,32.17
6.863,0.136,2648.609,462.32,0.263,0.003,62.551,43.24,11.154,0.577,0.39,0.051,0.136,0.577,0.034,0.102,-2.676e-4,0,-0.006,1.782,1.788,4.826e-6,929.919,0.001,337.549,0.35,6.4,32.17
6.872,0.12,2648.562,462.273,0.263,0.003,62.556,43.24,11.075,0.577,0.39,0.051,0.136,0.577,0.03,0.091,-4.266e-4,0,-0.006,1.782,1.788,1.826e-5,929.799,0.001,337.545,0.35,6.4,32.17
6.882,0.099,2648.515,462.227,0.263,0.003,62.565,43.239,10.997,0.577,0.39,0.051,0.136,0.577,0.025,0.075,3.819e-4,0,-0.006,1.782,1.788,3.521e-5,929.68,0.001,337.541,0.35,6.4,32.17
6.891,0.073,2648.469,462.18,0.263,0.003,62.575,43.238,10.918,0.577,0.39,0.051,0.136,0.577,0.018,0.055,2.512e-4,0,-0.006,1.782,1.788,4.847e-5,929.562,0.001,337.536,0.349,6.4,32.17
6.9,0.045,2648.422,462.134,0.263,0.003,62.585,43.238,10.84,0.577,0.39,0.051,0.136,0.577,0.011,0.035,3.905e-4,0,-0.006,1.782,1.788,4.63e-5,929.443,0.001,337.532,0.349,6.4,32.17
6.909,0.029,2648.376,462.087,0.263,0.003,62.591,43.237,10.762,0.577,0.39,0.051,0.136,0.577,0.007,0.022,2.785e-4,0,-0.006,1.781,1.788,-2.39e-7,929.326,0.001,337.528,0.349,6.4,32.17
6.918,0.052,2648.33,462.041,0.263,0.003,62.582,43.237,10.684,0.577,0.39,0.051,0.136,0.577,0.013,0.039,2.673e-4,0,-0.006,1.781,1.788,-4.533e-5,929.208,0.001,337.524,0.348,6.4,32.17
6.926,0.084,2648.284,461.995,0.263,0.003,62.569,43.236,10.607,0.577,0.39,0.051,0.136,0.577,0.021,0.063,4.072e-4,0,-0.006,1.781,1.788,-4.746e-5,929.092,0.001,337.52,0.348,6.4,32.17
6.935,0.114,2648.238,461.95,0.263,0.003,62.557,43.235,10.53,0.577,0.39,0.051,0.136,0.577,0.028,0.086,-4.89e-4,0,-0.006,1.781,1.788,-3.089e-5,928.976,0.001,337.516,0.348,6.4,32.17
6.944,0.137,2648.193,461.904,0.263,0.003,62.548,43.235,10.453,0.577,0.39,0.051,0.136,0.577,0.034,0.104,-2.712e-4,0,-0.006,1.781,1.787,-1.232e-5,928.861,0.001,337.512,0.348,6.4,32.17
6.953,0.145,2648.147,461.859,0.263,0.003,62.544,43.234,10.377,0.577,0.39,0.051,0.136,0.577,0.036,0.109,1.509e-4,0,-0.006,1.781,1.787,-1.264e-6,928.746,0.001,337.508,0.347,6.4,32.17
6.962,0.133,2648.102,461.813,0.263,0.003,62.549,43.234,10.3,0.577,0.39,0.051,0.136,0.577,0.033,0.101,2.102e-4,0,-0.006,1.781,1.787,1.203e-6,928.631,0.001,337.504,0.347,6.4,32.17
6.971,0.114,2648.057,461.768,0.263,0.003,62.556,43.233,10.224,0.576,0.39,0.051,0.136,0.576,0.028,0.086,-9.777e-5,0,-0.006,1.781,1.787,9.213e-6,928.517,0.001,337.5,0.347,6.4,32.17
6.979,0.09,2648.011,461.722,0.263,0.003,62.565,43.232,10.147,0.576,0.39,0.051,0.136,0.576,0.022,0.068,9.299e-5,0,-0.006,1.781,1.787,2.065e-5,928.402,0.001,337.495,0.346,6.4,32.17
6.988,0.063,2647.965,461.677,0.263,0.003,62.575,43.232,10.07,0.576,0.39,0.051,0.136,0.576,0.016,0.047,4.342e-4,0,-0.006,1.781,1.787,3.038e-5,928.287,0.001,337.491,0.346,6.4,32.17
6.997,0.038,2647.92,461.631,0.263,0.003,62.585,43.231,9.993,0.576,0.39,0.051,0.136,0.576,0.01,0.028,-3.446e-4,0,-0.006,1.781,1.787,3.217e-5,928.172,0.001,337.487,0.346,6.4,32.17
7.006,0.014,2647.874,461.585,0.263,0.003,62.594,43.231,9.916,0.576,0.39,0.05,0.136,0.576,0.004,0.011,2.517e-4,0,-0.006,1.781,1.787,3.65e-5,928.057,0.001,337.483,0.346,6.4,32.17
7.015,0.014,2647.829,461.54,0.263,0.003,62.594,43.23,9.84,0.576,0.39,0.05,0.135,0.576,0.003,0.011,-1.618e-4,0,-0.006,1.781,1.787,-4.501e-5,927.943,0.001,337.479,0.345,6.4,32.17
7.024,0.044,2647.784,461.495,0.263,0.003,62.582,43.229,9.764,0.576,0.39,0.05,0.135,0.576,0.011,0.033,-3.104e-4,0,-0.006,1.781,1.787,-4.571e-5,927.829,0.001,337.475,0.345,6.4,32.17
7.032,0.074,2647.739,461.45,0.263,0.003,62.57,43.229,9.688,0.576,0.39,0.05,0.135,0.576,0.018,0.056,2.338e-4,0,-0.006,1.781,1.787,-3.891e-5,927.716,0.001,337.471,0.345,6.4,32.17
7.041,0.101,2647.694,461.405,0.263,0.003,62.558,43.228,9.613,0.576,0.39,0.05,0.135,0.576,0.025,0.077,-4.786e-4,0,-0.007,1.781,1.787,-2.657e-5,927.604,0.001,337.467,0.344,6.4,32.17
7.05,0.125,2647.65,461.361,0.263,0.003,62.549,43.228,9.538,0.576,0.39,0.05,0.135,0.576,0.031,0.094,-6.206e-5,0,-0.007,1.781,1.787,-1.284e-5,927.493,0.001,337.463,0.344,6.4,32.17
7.058,0.121,2647.605,461.316,0.263,0.003,62.55,43.227,9.463,0.576,0.39,0.05,0.135,0.576,0.03,0.091,-3.197e-4,0,-0.007,1.781,1.787,-1.773e-6,927.382,0.001,337.459,0.344,6.4,32.17
7.067,0.109,2647.561,461.272,0.263,0.003,62.555,43.227,9.388,0.576,0.39,0.05,0.135,0.576,0.027,0.082,-2.343e-4,0,-0.007,1.78,1.787,8.802e-7,927.27,0.001,337.456,0.343,6.4,32.17
7.075,0.088,2647.516,461.227,0.263,0.003,62.562,43.226,9.313,0.576,0.39,0.05,0.135,0.576,0.022,0.066,-4.062e-4,0,-0.007,1.78,1.787,8.803e-6,927.159,0.001,337.452,0.343,6.4,32.17
7.084,0.061,2647.471,461.183,0.263,0.003,62.573,43.225,9.237,0.575,0.39,0.05,0.135,0.575,0.015,0.046,3.3e-4,0,-0.007,1.78,1.787,2.094e-5,927.047,0.001,337.448,0.343,6.4,32.17
7.093,0.03,2647.426,461.138,0.263,0.003,62.585,43.225,9.162,0.575,0.39,0.05,0.135,0.575,0.007,0.023,-3.684e-4,0,-0.007,1.78,1.787,3.178e-5,926.935,0.001,337.444,0.343,6.4,32.17
7.102,0.003,2647.382,461.093,0.263,0.003,62.595,43.224,9.086,0.575,0.39,0.05,0.135,0.575,7.459e-4,0.003,4.837e-4,0,-0.007,1.78,1.787,-1.832e-5,926.823,0.001,337.44,0.342,6.4,32.17
7.11,0.025,2647.337,461.048,0.263,0.003,62.586,43.224,9.011,0.575,0.39,0.05,0.135,0.575,0.006,0.019,1.669e-4,0,-0.007,1.78,1.787,-3.447e-5,926.711,0.001,337.436,0.342,6.4,32.17
7.119,0.047,2647.292,461.003,0.263,0.003,62.577,43.223,8.936,0.575,0.39,0.05,0.135,0.575,0.012,0.035,-3.752e-4,0,-0.007,1.78,1.787,-2.907e-5,926.6,0.001,337.432,0.342,6.4,32.17
7.128,0.066,2647.248,460.959,0.263,0.003,62.57,43.222,8.861,0.575,0.39,0.05,0.135,0.575,0.017,0.05,-2.492e-4,0,-0.007,1.78,1.787,-2.03e-5,926.489,0.001,337.428,0.341,6.4,32.17
7.136,0.082,2647.203,460.915,0.263,0.003,62.563,43.222,8.786,0.575,0.39,0.05,0.135,0.575,0.02,0.062,3.653e-4,0,-0.007,1.78,1.787,-1.079e-5,926.379,0.001,337.424,0.341,6.4,32.17
7.145,0.093,2647.159,460.87,0.263,0.003,62.558,43.221,8.711,0.575,0.39,0.049,0.135,0.575,0.023,0.07,-9.987e-5,0,-0.007,1.78,1.787,-3.268e-6,926.269,0.001,337.42,0.341,6.4,32.17
7.153,0.099,2647.115,460.826,0.263,0.003,62.556,43.221,8.637,0.575,0.39,0.049,0.135,0.575,0.025,0.074,6.292e-5,0,-0.007,1.78,1.787,-2.847e-8,926.16,0.001,337.416,0.341,6.4,32.17
7.162,0.099,2647.071,460.782,0.263,0.003,62.556,43.22,8.563,0.575,0.39,0.049,0.135,0.575,0.025,0.075,-1.816e-6,0,-0.007,1.78,1.787,2.33e-6,926.051,0.001,337.413,0.34,6.4,32.17
7.17,0.093,2647.027,460.738,0.263,0.003,62.557,43.219,8.488,0.575,0.39,0.049,0.135,0.575,0.023,0.07,-2.837e-4,0,-0.007,1.78,1.787,1.003e-5,925.942,0.001,337.409,0.34,6.4,32.17
7.179,0.082,2646.983,460.694,0.263,0.003,62.561,43.219,8.415,0.575,0.39,0.049,0.135,0.575,0.021,0.062,-1.905e-4,0,-0.007,1.78,1.787,2.136e-5,925.833,0.001,337.405,0.34,6.4,32.17
7.187,0.068,2646.939,460.65,0.263,0.003,62.567,43.218,8.341,0.574,0.39,0.049,0.135,0.574,0.017,0.051,-2.764e-4,0,-0.007,1.78,1.787,3.26e-5,925.725,0.001,337.401,0.339,6.4,32.17
7.196,0.05,2646.895,460.607,0.263,0.003,62.574,43.218,8.267,0.574,0.39,0.049,0.135,0.574,0.013,0.038,1.07e-4,0,-0.007,1.78,1.787,3.63e-5,925.617,0.001,337.397,0.339,6.4,32.17
7.204,0.036,2646.852,460.563,0.263,0.003,62.579,43.217,8.194,0.574,0.39,0.049,0.135,0.574,0.009,0.027,3.822e-6,0,-0.007,1.78,1.786,1.656e-5,925.51,0.001,337.393,0.339,6.4,32.17
7.213,0.036,2646.808,460.52,0.263,0.003,62.579,43.217,8.12,0.574,0.39,0.049,0.135,0.574,0.009,0.027,-8.68e-5,0,-0.007,1.78,1.786,-2.844e-6,925.402,0.001,337.39,0.338,6.4,32.17
7.221,0.052,2646.765,460.476,0.263,0.003,62.572,43.216,8.047,0.574,0.39,0.049,0.135,0.574,0.013,0.039,-1.764e-5,0,-0.007,1.779,1.786,-2.697e-5,925.295,0.001,337.386,0.338,6.4,32.17
7.23,0.074,2646.722,460.433,0.263,0.003,62.563,43.215,7.974,0.574,0.39,0.049,0.135,0.574,0.018,0.055,-1.457e-4,0,-0.007,1.779,1.786,-3.469e-5,925.189,0.001,337.382,0.338,6.4,32.17
7.238,0.096,2646.678,460.39,0.263,0.003,62.554,43.215,7.901,0.574,0.39,0.049,0.135,0.574,0.024,0.072,-6.108e-5,0,-0.007,1.779,1.786,-2.908e-5,925.082,0.001,337.378,0.338,6.4,32.17
7.246,0.114,2646.635,460.346,0.263,0.003,62.547,43.214,7.828,0.574,0.39,0.049,0.135,0.574,0.029,0.087,1.274e-4,0,-0.007,1.779,1.786,-1.812e-5,924.976,0.001,337.375,0.337,6.4,32.17
7.255,0.135,2646.592,460.303,0.263,0.003,62.538,43.214,7.755,0.574,0.39,0.049,0.135,0.574,0.034,0.102,2.193e-4,0,-0.007,1.779,1.786,-7.053e-6,924.87,0.001,337.371,0.337,6.4,32.17
7.263,0.154,2646.549,460.26,0.263,0.003,62.53,43.213,7.683,0.574,0.39,0.049,0.135,0.574,0.039,0.116,-4.184e-4,0,-0.007,1.779,1.786,-4.431e-7,924.764,0.001,337.367,0.337,6.4,32.17
7.272,0.167,2646.505,460.217,0.263,0.003,62.525,43.213,7.61,0.574,0.39,0.049,0.135,0.574,0.042,0.126,-1.9e-4,0,-0.007,1.779,1.786,2.283e-6,924.658,0.001,337.363,0.336,6.4,32.17
7.28,0.172,2646.462,460.173,0.263,0.003,62.523,43.212,7.537,0.574,0.39,0.049,0.135,0.574,0.043,0.13,4.114e-4,0,-0.007,1.779,1.786,1.328e-5,924.552,0.001,337.36,0.336,6.4,32.17
7.288,0.17,2646.419,460.13,0.263,0.003,62.523,43.211,7.464,0.574,0.39,0.048,0.135,0.574,0.043,0.128,-2.232e-4,0,-0.007,1.779,1.786,2.951e-5,924.446,0.001,337.356,0.336,6.4,32.17
7.297,0.165,2646.375,460.087,0.263,0.003,62.525,43.211,7.391,0.573,0.39,0.048,0.135,0.574,0.041,0.124,-3.512e-5,0,-0.007,1.779,1.786,4.21e-5,924.34,0.001,337.352,0.336,6.4,32.17
7.305,0.146,2646.332,460.043,0.263,0.003,62.532,43.21,7.318,0.573,0.39,0.048,0.135,0.573,0.036,0.11,6.568e-5,0,-0.007,1.779,1.786,4.139e-5,924.235,0.001,337.349,0.335,6.4,32.17
7.314,0.121,2646.289,460,0.263,0.003,62.542,43.21,7.245,0.573,0.39,0.048,0.135,0.573,0.03,0.092,1.633e-4,0,-0.007,1.779,1.786,2.404e-5,924.13,0.001,337.345,0.335,6.4,32.17
7.322,0.105,2646.246,459.958,0.263,0.003,62.548,43.209,7.173,0.573,0.39,0.048,0.135,0.573,0.026,0.079,1.679e-4,0,-0.007,1.779,1.786,2.568e-6,924.025,0.001,337.341,0.335,6.4,32.17
7.33,0.1,2646.204,459.915,0.263,0.003,62.55,43.209,7.102,0.573,0.39,0.048,0.135,0.573,0.025,0.075,3.568e-5,0,-0.007,1.779,1.786,-6.806e-6,923.922,0.001,337.338,0.334,6.4,32.17
7.338,0.106,2646.161,459.873,0.263,0.003,62.547,43.208,7.03,0.573,0.39,0.048,0.135,0.573,0.026,0.08,1.477e-4,0,-0.007,1.779,1.786,-3.326e-5,923.818,0.001,337.334,0.334,6.4,32.17
7.347,0.119,2646.119,459.83,0.263,0.003,62.542,43.207,6.959,0.573,0.39,0.048,0.134,0.573,0.03,0.089,-1.345e-4,0,-0.007,1.779,1.786,-4.887e-5,923.716,0.001,337.33,0.334,6.4,32.17
7.355,0.14,2646.077,459.788,0.263,0.003,62.533,43.207,6.888,0.573,0.39,0.048,0.134,0.573,0.035,0.106,-4.661e-4,0,-0.007,1.779,1.786,-4.508e-5,923.614,0.001,337.327,0.333,6.4,32.17
7.363,0.165,2646.035,459.746,0.263,0.003,62.523,43.206,6.817,0.573,0.39,0.048,0.134,0.573,0.041,0.125,4.512e-4,0,-0.007,1.779,1.786,-3.095e-5,923.512,0.001,337.323,0.333,6.4,32.17
7.371,0.185,2645.993,459.704,0.263,0.003,62.515,43.206,6.746,0.573,0.39,0.048,0.134,0.573,0.046,0.14,-4.259e-4,0,-0.007,1.779,1.786,-1.479e-5,923.41,0.001,337.319,0.333,6.4,32.17
7.379,0.199,2645.951,459.662,0.262,0.003,62.509,43.205,6.676,0.573,0.391,0.048,0.134,0.573,0.05,0.15,-2.002e-5,0,-0.007,1.778,1.786,-3.083e-6,923.308,0.001,337.316,0.333,6.4,32.17
7.387,0.207,2645.909,459.62,0.262,0.003,62.505,43.205,6.605,0.573,0.391,0.048,0.134,0.573,0.052,0.157,3.528e-4,0,-0.007,1.778,1.786,2.811e-7,923.206,0.001,337.312,0.332,6.4,32.17
7.396,0.209,2645.867,459.578,0.262,0.003,62.504,43.204,6.534,0.573,0.391,0.048,0.134,0.573,0.052,0.157,1.479e-5,0,-0.007,1.778,1.786,8e-6,923.105,0.001,337.309,0.332,6.4,32.17
7.404,0.201,2645.825,459.536,0.262,0.003,62.507,43.204,6.463,0.572,0.391,0.048,0.134,0.573,0.05,0.153,2.722e-4,0,-0.007,1.778,1.786,2.423e-5,923.003,0.001,337.305,0.332,6.4,32.17
7.412,0.187,2645.783,459.494,0.262,0.003,62.513,43.203,6.392,0.572,0.391,0.048,0.134,0.572,0.047,0.141,9.435e-5,0,-0.007,1.778,1.786,4.276e-5,922.902,0.001,337.302,0.331,6.4,32.17
7.42,0.168,2645.741,459.452,0.262,0.003,62.52,43.202,6.322,0.572,0.391,0.047,0.134,0.572,0.042,0.127,3.969e-4,0,-0.008,1.778,1.786,5.427e-5,922.801,0.001,337.298,0.331,6.4,32.17
7.428,0.149,2645.699,459.411,0.262,0.003,62.527,43.202,6.252,0.572,0.391,0.047,0.134,0.572,0.037,0.113,4.469e-4,0,-0.008,1.778,1.786,4.873e-5,922.7,0.001,337.294,0.331,6.4,32.17
7.437,0.133,2645.653,459.365,0.262,0.003,62.533,43.201,6.174,0.572,0.391,0.047,0.134,0.572,0.033,0.101,1.613e-4,0,-0.008,1.778,1.786,2.129e-5,922.59,0.001,337.291,0.331,6.4,32.17
7.445,0.127,2645.633,459.344,0.262,0.003,62.535,43.201,6.136,0.572,0.391,0.047,0.134,0.572,0.032,0.096,3.168e-4,0,-0.008,1.778,1.786,6.588e-7,922.49,0.001,337.287,0.33,6.4,32.17
7.453,0.135,2645.613,459.324,0.262,0.003,62.531,43.201,6.098,0.572,0.391,0.047,0.134,0.572,0.034,0.102,-5.902e-5,0,-0.008,1.778,1.786,-1.014e-5,922.39,0.001,337.283,0.33,6.4,32.17
7.461,0.157,2645.593,459.304,0.262,0.003,62.523,43.2,6.06,0.572,0.391,0.047,0.134,0.572,0.039,0.118,4.05e-4,0,-0.008,1.778,1.786,-3.427e-5,922.29,0.001,337.28,0.33,6.4,32.17
7.469,0.183,2645.572,459.284,0.262,0.003,62.512,43.2,6.022,0.572,0.391,0.047,0.134,0.572,0.046,0.138,-1.367e-5,0,-0.008,1.778,1.786,-4.888e-5,922.19,0.001,337.276,0.329,6.4,32.17
7.477,0.21,2645.552,459.263,0.262,0.003,62.501,43.2,5.984,0.572,0.391,0.047,0.134,0.572,0.053,0.159,-7.809e-5,0,-0.008,1.778,1.786,-4.712e-5,922.091,0.001,337.273,0.329,6.4,32.17
7.485,0.236,2645.532,459.243,0.262,0.003,62.491,43.2,5.946,0.572,0.391,0.047,0.134,0.572,0.059,0.178,2.205e-4,0,-0.008,1.778,1.785,-3.362e-5,921.991,0.001,337.269,0.329,6.4,32.17
7.493,0.257,2645.512,459.223,0.262,0.003,62.482,43.199,5.908,0.572,0.391,0.047,0.134,0.572,0.064,0.194,-2.455e-4,0,-0.008,1.778,1.785,-1.65e-5,921.892,0.001,337.266,0.329,6.4,32.17
7.502,0.271,2645.491,459.203,0.262,0.003,62.477,43.199,5.87,0.572,0.391,0.047,0.134,0.572,0.068,0.205,4.001e-4,0,-0.008,1.778,1.785,-3.537e-6,921.793,0.001,337.262,0.328,6.4,32.17
7.51,0.269,2645.471,459.182,0.262,0.003,62.477,43.199,5.832,0.571,0.391,0.047,0.134,0.572,0.067,0.203,2.46e-4,0,-0.008,1.778,1.785,2.778e-7,921.694,0.001,337.259,0.328,6.4,32.17
7.518,0.26,2645.451,459.162,0.262,0.003,62.48,43.199,5.794,0.571,0.391,0.047,0.134,0.571,0.065,0.196,1.393e-4,0,-0.008,1.778,1.785,8.138e-6,921.595,0.001,337.255,0.328,6.4,32.17
7.526,0.245,2645.431,459.142,0.262,0.003,62.486,43.198,5.756,0.571,0.391,0.047,0.134,0.571,0.061,0.185,8.921e-5,0,-0.008,1.778,1.785,2.364e-5,921.497,0.001,337.252,0.327,6.4,32.17
7.534,0.225,2645.411,459.122,0.262,0.003,62.493,43.198,5.718,0.571,0.391,0.047,0.134,0.571,0.056,0.17,2.97e-4,0,-0.008,1.777,1.785,3.977e-5,921.399,0.001,337.249,0.327,6.4,32.17
7.542,0.202,2645.391,459.102,0.262,0.003,62.502,43.198,5.681,0.571,0.391,0.047,0.134,0.571,0.051,0.153,-1.671e-4,0,-0.008,1.777,1.785,4.762e-5,921.301,0.001,337.245,0.327,6.4,32.17
7.55,0.18,2645.371,459.082,0.262,0.003,62.511,43.198,5.643,0.571,0.391,0.047,0.134,0.571,0.045,0.136,2.278e-4,0,-0.008,1.777,1.785,3.99e-5,921.204,0.001,337.242,0.326,6.4,32.17
7.557,0.175,2645.351,459.062,0.262,0.003,62.512,43.197,5.606,0.571,0.391,0.046,0.134,0.571,0.044,0.132,-4.984e-4,0,-0.008,1.777,1.785,2.101e-5,921.107,0.001,337.238,0.326,6.4,32.17
7.565,0.176,2645.331,459.042,0.262,0.003,62.512,43.197,5.568,0.571,0.391,0.046,0.134,0.571,0.044,0.133,3.955e-4,0,-0.008,1.777,1.785,3.463e-6,921.009,0.001,337.235,0.326,6.4,32.17
7.573,0.185,2645.311,459.022,0.262,0.003,62.508,43.197,5.531,0.571,0.391,0.046,0.134,0.571,0.046,0.14,-1.711e-4,0,-0.008,1.777,1.785,-1.498e-6,920.912,0.001,337.231,0.326,6.4,32.17
7.581,0.202,2645.291,459.002,0.262,0.003,62.501,43.196,5.493,0.571,0.391,0.046,0.134,0.571,0.051,0.153,-1.492e-4,0,-0.008,1.777,1.785,-1.5e-5,920.815,0.001,337.228,0.325,6.4,32.17
7.589,0.225,2645.271,458.982,0.262,0.003,62.492,43.196,5.455,0.571,0.391,0.046,0.134,0.571,0.056,0.17,-3.964e-4,0,-0.008,1.777,1.785,-3.107e-5,920.717,0.001,337.225,0.325,6.4,32.17
7.597,0.25,2645.251,458.962,0.262,0.003,62.481,43.196,5.418,0.571,0.391,0.046,0.134,0.571,0.063,0.189,7.132e-5,0,-0.008,1.777,1.785,-3.852e-5,920.62,0.001,337.221,0.325,6.4,32.17
7.605,0.277,2645.231,458.942,0.262,0.003,62.471,43.196,5.38,0.571,0.391,0.046,0.134,0.571,0.069,0.209,-3.709e-4,0,-0.008,1.777,1.785,-3.44e-5,920.522,0.001,337.218,0.325,6.4,32.17
7.613,0.303,2645.21,458.922,0.262,0.003,62.46,43.195,5.342,0.57,0.391,0.046,0.134,0.571,0.076,0.229,-3.343e-4,0,-0.008,1.777,1.785,-2.264e-5,920.424,0.001,337.214,0.324,6.4,32.17
7.621,0.325,2645.19,458.902,0.262,0.003,62.451,43.195,5.304,0.57,0.391,0.046,0.134,0.571,0.082,0.246,-2.031e-4,0,-0.008,1.777,1.785,-9.476e-6,920.327,0.001,337.211,0.324,6.4,32.17
7.63,0.342,2645.17,458.881,0.262,0.003,62.444,43.195,5.266,0.57,0.391,0.046,0.134,0.571,0.086,0.258,4.406e-4,0,-0.008,1.777,1.785,-1.056e-6,920.229,0.001,337.207,0.324,6.4,32.17
7.638,0.353,2645.15,458.861,0.262,0.003,62.44,43.195,5.228,0.57,0.391,0.046,0.134,0.57,0.089,0.267,-2.278e-4,0,-0.008,1.777,1.785,1.413e-6,920.132,0.001,337.204,0.323,6.4,32.17
7.646,0.358,2645.13,458.841,0.262,0.003,62.437,43.194,5.19,0.57,0.391,0.046,0.134,0.57,0.09,0.271,3.306e-4,0,-0.008,1.777,1.785,1.119e-5,920.034,0.001,337.2,0.323,6.4,32.17
7.654,0.349,2645.109,458.821,0.262,0.003,62.441,43.194,5.152,0.57,0.391,0.046,0.134,0.57,0.088,0.264,-2.064e-4,0,-0.008,1.777,1.785,2.688e-5,919.937,0.001,337.197,0.323,6.4,32.17
7.662,0.323,2645.089,458.801,0.262,0.003,62.451,43.194,5.114,0.57,0.391,0.046,0.134,0.57,0.081,0.244,-3.074e-4,0,-0.008,1.777,1.785,3.947e-5,919.84,0.001,337.194,0.322,6.4,32.17
7.67,0.297,2645.069,458.781,0.262,0.003,62.461,43.194,5.077,0.57,0.391,0.046,0.133,0.57,0.074,0.224,8.614e-5,0,-0.008,1.777,1.785,4.015e-5,919.744,0.001,337.19,0.322,6.4,32.17
7.678,0.272,2645.049,458.761,0.262,0.003,62.47,43.193,5.039,0.57,0.391,0.046,0.133,0.57,0.068,0.206,4.62e-4,0,-0.008,1.777,1.785,2.653e-5,919.648,0.001,337.187,0.322,6.4,32.17
7.685,0.253,2645.03,458.741,0.262,0.003,62.478,43.193,5.002,0.57,0.391,0.046,0.133,0.57,0.063,0.191,3.867e-4,0,-0.008,1.777,1.785,7.531e-6,919.553,0.001,337.183,0.322,6.4,32.17
7.693,0.242,2645.01,458.721,0.262,0.003,62.482,43.193,4.965,0.57,0.391,0.045,0.133,0.57,0.061,0.182,-3.269e-4,0,-0.008,1.776,1.785,-2.046e-7,919.458,0.001,337.18,0.321,6.4,32.17
7.701,0.241,2644.99,458.701,0.262,0.003,62.482,43.193,4.928,0.57,0.391,0.045,0.133,0.57,0.06,0.183,8.395e-5,0,-0.008,1.776,1.785,-1.282e-5,919.363,0.001,337.177,0.321,6.4,32.17
7.709,0.251,2644.97,458.682,0.262,0.003,62.477,43.192,4.891,0.57,0.391,0.045,0.133,0.57,0.063,0.19,-1.572e-4,0,-0.008,1.776,1.785,-3.264e-5,919.269,0.001,337.173,0.321,6.4,32.17
7.717,0.266,2644.951,458.662,0.262,0.003,62.471,43.192,4.854,0.569,0.391,0.045,0.133,0.57,0.067,0.2,4.705e-4,0,-0.008,1.776,1.785,-4.49e-5,919.175,0.001,337.17,0.32,6.4,32.17
7.725,0.281,2644.931,458.642,0.262,0.003,62.465,43.192,4.817,0.569,0.391,0.045,0.133,0.57,0.07,0.212,-2.83e-4,0,-0.008,1.776,1.785,-4.327e-5,919.081,0.001,337.167,0.32,6.4,32.17
7.733,0.294,2644.911,458.623,0.262,0.003,62.46,43.191,4.78,0.569,0.391,0.045,0.133,0.569,0.074,0.222,-3.911e-4,0,-0.008,1.776,1.785,-3.088e-5,918.988,0.001,337.164,0.32,6.4,32.17
7.74,0.304,2644.892,458.603,0.262,0.003,62.456,43.191,4.743,0.569,0.391,0.045,0.133,0.569,0.076,0.229,-1.192e-4,0,-0.008,1.776,1.785,-1.513e-5,918.894,0.001,337.16,0.32,6.4,32.17
7.748,0.308,2644.872,458.584,0.262,0.003,62.454,43.191,4.707,0.569,0.391,0.045,0.133,0.569,0.077,0.233,3.111e-4,0,-0.008,1.776,1.785,-3.354e-6,918.801,0.001,337.157,0.319,6.4,32.17
7.756,0.306,2644.853,458.564,0.262,0.003,62.454,43.191,4.67,0.569,0.391,0.045,0.133,0.569,0.077,0.231,-2.684e-4,0,-0.008,1.776,1.785,1.582e-7,918.707,0.001,337.154,0.319,6.4,32.17
7.764,0.297,2644.833,458.544,0.262,0.003,62.458,43.19,4.633,0.569,0.391,0.045,0.133,0.569,0.074,0.224,-2.697e-4,0,-0.008,1.776,1.785,6.589e-6,918.614,0.001,337.15,0.319,6.4,32.17
7.772,0.282,2644.814,458.525,0.262,0.003,62.463,43.19,4.596,0.569,0.391,0.045,0.133,0.569,0.071,0.213,3.161e-4,0,-0.009,1.776,1.784,1.976e-5,918.521,0.001,337.147,0.318,6.4,32.17
7.779,0.264,2644.794,458.505,0.262,0.003,62.47,43.19,4.56,0.569,0.391,0.045,0.133,0.569,0.066,0.199,6.711e-5,0,-0.009,1.776,1.784,3.376e-5,918.429,0.001,337.144,0.318,6.4,32.17
7.787,0.242,2644.775,458.486,0.262,0.003,62.478,43.19,4.523,0.569,0.391,0.045,0.133,0.569,0.061,0.183,-4.704e-4,0,-0.009,1.776,1.784,4.125e-5,918.336,0.001,337.141,0.318,6.4,32.17
7.795,0.221,2644.755,458.466,0.262,0.003,62.486,43.189,4.486,0.569,0.391,0.045,0.133,0.569,0.055,0.166,-1.115e-4,0,-0.009,1.776,1.784,3.646e-5,918.243,0.001,337.137,0.318,6.4,32.17
7.803,0.201,2644.736,458.447,0.262,0.003,62.494,43.189,4.45,0.569,0.391,0.045,0.133,0.569,0.05,0.152,1.795e-4,0,-0.009,1.776,1.784,1.94e-5,918.151,0.001,337.134,0.317,6.4,32.17
7.81,0.186,2644.716,458.427,0.262,0.003,62.5,43.189,4.413,0.569,0.391,0.045,0.133,0.569,0.047,0.14,-4.4e-4,0,-0.009,1.776,1.784,2.077e-6,918.059,0.001,337.131,0.317,6.4,32.17
7.818,0.182,2644.697,458.408,0.262,0.003,62.501,43.189,4.377,0.569,0.391,0.045,0.133,0.569,0.045,0.137,4.117e-4,0,-0.009,1.776,1.784,-4.27e-6,917.967,0.001,337.128,0.317,6.4,32.17
7.826,0.187,2644.677,458.389,0.262,0.003,62.499,43.188,4.34,0.568,0.391,0.045,0.133,0.569,0.047,0.141,2.912e-4,0,-0.009,1.776,1.784,-2.501e-5,917.876,0.001,337.124,0.316,6.4,32.17
7.833,0.199,2644.658,458.369,0.262,0.003,62.494,43.188,4.304,0.568,0.391,0.044,0.133,0.568,0.05,0.15,3.452e-7,0,-0.009,1.776,1.784,-4.38e-5,917.785,0.001,337.121,0.316,6.4,32.17
7.841,0.215,2644.639,458.35,0.262,0.003,62.487,43.188,4.268,0.568,0.391,0.044,0.133,0.568,0.054,0.162,2.947e-4,0,-0.009,1.776,1.784,-4.69e-5,917.694,0.001,337.118,0.316,6.4,32.17
7.849,0.23,2644.619,458.331,0.262,0.003,62.481,43.188,4.232,0.568,0.391,0.044,0.133,0.568,0.057,0.173,4.489e-7,0,-0.009,1.775,1.784,-3.571e-5,917.603,0.001,337.115,0.316,6.4,32.17
7.857,0.238,2644.6,458.311,0.262,0.003,62.478,43.187,4.195,0.568,0.391,0.044,0.133,0.568,0.06,0.18,-4.418e-4,0,-0.009,1.775,1.784,-2.001e-5,917.512,0.001,337.112,0.315,6.4,32.17
7.864,0.242,2644.581,458.292,0.262,0.003,62.476,43.187,4.159,0.568,0.391,0.044,0.133,0.568,0.061,0.182,2.646e-4,0,-0.009,1.775,1.784,-7.085e-6,917.421,0.001,337.108,0.315,6.4,32.17
7.872,0.241,2644.562,458.273,0.262,0.003,62.476,43.187,4.123,0.568,0.391,0.044,0.133,0.568,0.06,0.182,-2.701e-4,0,-0.009,1.775,1.784,-4.773e-7,917.331,0.001,337.105,0.315,6.4,32.17
7.88,0.236,2644.542,458.253,0.262,0.003,62.478,43.187,4.086,0.568,0.391,0.044,0.133,0.568,0.059,0.178,3.223e-4,0,-0.009,1.775,1.784,1.69e-6,917.24,0.001,337.102,0.314,6.4,32.17
7.887,0.226,2644.523,458.234,0.262,0.003,62.481,43.186,4.05,0.568,0.391,0.044,0.133,0.568,0.057,0.171,-3.827e-4,0,-0.009,1.775,1.784,1.012e-5,917.149,0.001,337.099,0.314,6.4,32.17
7.895,0.212,2644.503,458.215,0.262,0.003,62.487,43.186,4.013,0.568,0.391,0.044,0.133,0.568,0.053,0.16,1.228e-4,0,-0.009,1.775,1.784,2.329e-5,917.058,0.001,337.096,0.314,6.4,32.17
7.903,0.194,2644.484,458.195,0.262,0.003,62.493,43.186,3.977,0.568,0.391,0.044,0.133,0.568,0.049,0.147,-2.011e-4,0,-0.009,1.775,1.784,3.725e-5,916.967,0.001,337.092,0.314,6.4,32.17
7.911,0.173,2644.464,458.176,0.262,0.003,62.501,43.186,3.94,0.568,0.391,0.044,0.133,0.568,0.043,0.13,1.413e-4,0,-0.009,1.775,1.784,4.571e-5,916.876,0.001,337.089,0.313,6.4,32.17
7.918,0.152,2644.445,458.156,0.262,0.003,62.51,43.185,3.904,0.568,0.391,0.044,0.133,0.568,0.038,0.114,-1.504e-4,0,-0.009,1.775,1.784,4.202e-5,916.785,0.001,337.086,0.313,6.4,32.17
7.926,0.132,2644.426,458.137,0.262,0.003,62.517,43.185,3.867,0.568,0.391,0.044,0.133,0.568,0.033,0.1,3.481e-4,0,-0.009,1.775,1.784,2.461e-5,916.695,0.001,337.083,0.313,6.4,32.17
7.934,0.119,2644.406,458.118,0.262,0.003,62.522,43.185,3.831,0.567,0.391,0.044,0.133,0.567,0.03,0.09,-3.204e-4,0,-0.009,1.775,1.784,4.3e-6,916.604,0.001,337.08,0.312,6.4,32.17
7.941,0.115,2644.387,458.098,0.262,0.003,62.523,43.185,3.795,0.567,0.391,0.044,0.133,0.567,0.029,0.086,-4.583e-4,0,-0.009,1.775,1.784,-2.587e-6,916.514,0.001,337.076,0.312,6.4,32.17
7.949,0.12,2644.368,458.079,0.262,0.003,62.521,43.184,3.758,0.567,0.391,0.044,0.133,0.567,0.03,0.09,4.854e-4,0,-0.009,1.775,1.784,-2.306e-5,916.424,0.001,337.073,0.312,6.4,32.17
7.957,0.129,2644.348,458.06,0.262,0.003,62.517,43.184,3.722,0.567,0.391,0.044,0.133,0.567,0.032,0.097,-4.557e-4,0,-0.009,1.775,1.784,-4.204e-5,916.334,0.001,337.07,0.312,6.4,32.17
7.965,0.14,2644.329,458.04,0.262,0.003,62.513,43.184,3.686,0.567,0.391,0.043,0.133,0.567,0.035,0.106,-1.843e-4,0,-0.009,1.775,1.784,-4.892e-5,916.244,0.001,337.067,0.311,6.4,32.17
7.972,0.152,2644.31,458.021,0.262,0.003,62.508,43.184,3.649,0.567,0.391,0.043,0.133,0.567,0.038,0.115,-2.387e-4,0,-0.009,1.775,1.784,-4.405e-5,916.155,0.001,337.064,0.311,6.4,32.17
7.98,0.161,2644.29,458.002,0.262,0.003,62.504,43.183,3.613,0.567,0.391,0.043,0.133,0.567,0.04,0.122,2.492e-4,0,-0.009,1.775,1.784,-3.235e-5,916.065,0.001,337.061,0.311,6.4,32.17
7.988,0.168,2644.271,457.982,0.262,0.003,62.501,43.183,3.577,0.567,0.391,0.043,0.133,0.567,0.042,0.127,-3.962e-4,0,-0.009,1.775,1.784,-1.901e-5,915.975,0.001,337.057,0.31,6.4,32.17
7.995,0.172,2644.252,457.963,0.262,0.003,62.499,43.183,3.54,0.567,0.391,0.043,0.133,0.567,0.043,0.129,1.866e-4,0,-0.009,1.775,1.784,-7.887e-6,915.886,0.001,337.054,0.31,6.4,32.17
8.003,0.171,2644.232,457.944,0.262,0.003,62.499,43.182,3.504,0.567,0.391,0.043,0.132,0.567,0.043,0.129,2.742e-4,0,-0.009,1.775,1.784,-1.399e-6,915.796,0.001,337.051,0.31,6.4,32.17
8.011,0.167,2644.213,457.924,0.262,0.003,62.5,43.182,3.468,0.567,0.391,0.043,0.132,0.567,0.042,0.126,2.555e-4,0,-0.009,1.774,1.784,1.642e-7,915.707,0.001,337.048,0.31,6.4,32.17
8.019,0.161,2644.194,457.905,0.262,0.003,62.503,43.182,3.431,0.567,0.391,0.043,0.132,0.567,0.04,0.122,4.156e-4,0,-0.009,1.774,1.784,3.729e-6,915.618,0.001,337.045,0.309,6.4,32.17
8.026,0.152,2644.174,457.886,0.262,0.003,62.506,43.182,3.395,0.567,0.391,0.043,0.132,0.567,0.038,0.114,-1.717e-4,0,-0.009,1.774,1.784,1.122e-5,915.529,0.001,337.042,0.309,6.4,32.17
8.034,0.141,2644.155,457.866,0.262,0.003,62.51,43.181,3.359,0.566,0.391,0.043,0.132,0.567,0.035,0.106,1.238e-4,0,-0.009,1.774,1.784,2.131e-5,915.439,0.001,337.038,0.309,6.4,32.17
8.042,0.128,2644.135,457.847,0.262,0.003,62.515,43.181,3.322,0.566,0.391,0.043,0.132,0.566,0.032,0.097,1.542e-4,0,-0.009,1.774,1.783,3.232e-5,915.35,0.001,337.035,0.308,6.4,32.17
8.049,0.114,2644.116,457.827,0.262,0.003,62.52,43.181,3.286,0.566,0.391,0.043,0.132,0.566,0.029,0.086,-1.766e-4,0,-0.009,1.774,1.783,4.222e-5,915.261,0.001,337.032,0.308,6.4,32.17
8.057,0.093,2644.097,457.808,0.262,0.003,62.528,43.181,3.25,0.566,0.391,0.043,0.132,0.566,0.023,0.07,-3.964e-4,0,-0.009,1.774,1.783,4.665e-5,915.172,0.001,337.029,0.308,6.4,32.17
8.065,0.072,2644.077,457.789,0.262,0.003,62.536,43.18,3.213,0.566,0.391,0.043,0.132,0.566,0.018,0.054,-4.939e-4,0,-0.009,1.774,1.783,3.636e-5,915.084,0.001,337.026,0.308,6.4,32.17
8.072,0.056,2644.058,457.77,0.262,0.003,62.542,43.18,3.177,0.566,0.391,0.043,0.132,0.566,0.014,0.042,-4.737e-4,0,-0.009,1.774,1.783,1.011e-5,914.996,0.001,337.023,0.307,6.4,32.17
8.08,0.051,2644.039,457.75,0.262,0.003,62.544,43.18,3.141,0.566,0.391,0.043,0.132,0.566,0.013,0.038,-1.666e-4,0,-0.009,1.774,1.783,-3.382e-6,914.908,0.001,337.02,0.307,6.4,32.17
8.088,0.059,2644.02,457.731,0.262,0.003,62.541,43.18,3.105,0.566,0.391,0.043,0.132,0.566,0.015,0.044,2.229e-4,0,-0.009,1.774,1.783,-3.286e-5,914.82,0.001,337.017,0.307,6.4,32.17
8.095,0.074,2644.001,457.712,0.262,0.003,62.535,43.179,3.069,0.566,0.391,0.043,0.132,0.566,0.018,0.055,-3.979e-4,0,-0.009,1.774,1.783,-4.91e-5,914.733,0.001,337.014,0.306,6.4,32.17
8.103,0.09,2643.982,457.693,0.262,0.003,62.528,43.179,3.033,0.566,0.391,0.042,0.132,0.566,0.022,0.068,-4.708e-4,0,-0.009,1.774,1.783,-4.608e-5,914.645,0.001,337.01,0.306,6.4,32.17
8.111,0.103,2643.963,457.674,0.262,0.003,62.522,43.179,2.997,0.566,0.391,0.042,0.132,0.566,0.026,0.078,7.274e-5,0,-0.01,1.774,1.783,-3.45e-5,914.558,0.001,337.007,0.306,6.4,32.17
8.118,0.114,2643.944,457.655,0.262,0.003,62.518,43.179,2.962,0.566,0.391,0.042,0.132,0.566,0.028,0.086,-4.856e-4,0,-0.01,1.774,1.783,-2.102e-5,914.472,0.001,337.004,0.306,6.4,32.17
8.126,0.121,2643.925,457.636,0.262,0.003,62.515,43.178,2.926,0.566,0.391,0.042,0.132,0.566,0.03,0.091,-3.382e-4,0,-0.01,1.774,1.783,-9.501e-6,914.385,0.001,337.001,0.305,6.4,32.17
8.133,0.123,2643.906,457.617,0.262,0.003,62.514,43.178,2.89,0.566,0.391,0.042,0.132,0.566,0.031,0.093,-2.078e-4,0,-0.01,1.774,1.783,-2.172e-6,914.298,0.001,336.998,0.305,6.4,32.17
8.142,0.121,2643.884,457.595,0.262,0.003,62.515,43.178,2.849,0.565,0.391,0.042,0.132,0.566,0.03,0.091,4.97e-4,0,-0.01,1.774,1.783,1.658e-7,914.199,0.001,336.995,0.305,6.4,32.17
8.15,0.114,2643.876,457.587,0.262,0.003,62.517,43.178,2.825,0.565,0.391,0.042,0.132,0.565,0.028,0.086,-5.498e-5,0,-0.01,1.774,1.783,3.889e-6,914.113,0.001,336.992,0.304,6.4,32.17
8.157,0.104,2643.868,457.579,0.262,0.003,62.521,43.178,2.801,0.565,0.391,0.042,0.132,0.565,0.026,0.079,3.36e-4,0,-0.01,1.774,1.783,1.254e-5,914.027,0.001,336.989,0.304,6.4,32.17
8.165,0.09,2643.86,457.571,0.262,0.003,62.526,43.178,2.776,0.565,0.391,0.042,0.132,0.565,0.022,0.068,-4.379e-4,0,-0.01,1.774,1.783,2.42e-5,913.941,0.001,336.986,0.304,6.4,32.17
8.172,0.072,2643.852,457.563,0.262,0.003,62.533,43.177,2.752,0.565,0.391,0.042,0.132,0.565,0.018,0.055,3.484e-4,0,-0.01,1.773,1.783,3.618e-5,913.855,0.001,336.983,0.304,6.4,32.17
8.18,0.053,2643.844,457.555,0.262,0.003,62.54,43.177,2.728,0.565,0.391,0.042,0.132,0.565,0.013,0.04,3.905e-4,0,-0.01,1.773,1.783,4.455e-5,913.77,0.001,336.98,0.303,6.4,32.17
8.187,0.033,2643.836,457.547,0.262,0.003,62.548,43.177,2.704,0.565,0.391,0.042,0.132,0.565,0.008,0.025,2.604e-4,0,-0.01,1.773,1.783,3.984e-5,913.685,0.001,336.977,0.303,6.4,32.17
8.195,0.02,2643.828,457.539,0.262,0.003,62.553,43.177,2.68,0.565,0.391,0.042,0.132,0.565,0.005,0.015,9.889e-5,0,-0.01,1.773,1.783,1.566e-6,913.599,0.001,336.974,0.303,6.4,32.17
8.202,0.026,2643.82,457.531,0.262,0.003,62.55,43.177,2.656,0.565,0.391,0.042,0.132,0.565,0.007,0.02,3.64e-4,0,-0.01,1.773,1.783,-3.221e-5,913.515,0.001,336.971,0.302,6.4,32.17
8.21,0.038,2643.812,457.523,0.262,0.003,62.545,43.177,2.632,0.565,0.391,0.042,0.132,0.565,0.009,0.029,1.56e-4,0,-0.01,1.773,1.783,-4.609e-5,913.43,0.001,336.968,0.302,6.4,32.17
8.217,0.051,2643.804,457.515,0.262,0.003,62.54,43.177,2.608,0.565,0.391,0.042,0.132,0.565,0.013,0.038,-1.121e-4,0,-0.01,1.773,1.783,-3.912e-5,913.345,0.001,336.965,0.302,6.4,32.17
8.225,0.061,2643.796,457.507,0.262,0.003,62.536,43.177,2.584,0.565,0.391,0.042,0.132,0.565,0.015,0.046,3.208e-4,0,-0.01,1.773,1.783,-2.796e-5,913.26,0.001,336.962,0.302,6.4,32.17
8.232,0.068,2643.788,457.499,0.262,0.003,62.532,43.177,2.56,0.565,0.391,0.042,0.132,0.565,0.017,0.051,2.334e-4,0,-0.01,1.773,1.783,-1.727e-5,913.175,0.001,336.959,0.301,6.4,32.17
8.24,0.072,2643.78,457.492,0.262,0.003,62.531,43.176,2.536,0.565,0.391,0.041,0.132,0.565,0.018,0.054,2.469e-4,0,-0.01,1.773,1.783,-8.833e-6,913.09,0.001,336.956,0.301,6.4,32.17
8.247,0.072,2643.772,457.484,0.262,0.003,62.53,43.176,2.512,0.564,0.391,0.041,0.132,0.565,0.018,0.054,-4.281e-4,0,-0.01,1.773,1.783,-3.3e-6,913.005,0.001,336.953,0.301,6.4,32.17
8.255,0.074,2643.764,457.476,0.262,0.003,62.529,43.176,2.488,0.564,0.391,0.041,0.132,0.564,0.018,0.056,-2.999e-4,0,-0.01,1.773,1.783,-4.72e-7,912.921,0.001,336.95,0.3,6.4,32.17
8.262,0.075,2643.756,457.468,0.262,0.003,62.529,43.176,2.463,0.564,0.391,0.041,0.132,0.564,0.019,0.056,3.071e-4,0,-0.01,1.773,1.783,2.505e-7,912.836,0.001,336.947,0.3,6.4,32.17
8.27,0.072,2643.748,457.46,0.262,0.003,62.53,43.176,2.439,0.564,0.391,0.041,0.132,0.564,0.018,0.055,-1.111e-4,0,-0.01,1.773,1.783,2.841e-6,912.752,0.001,336.944,0.3,6.4,32.17
8.277,0.066,2643.74,457.452,0.262,0.003,62.532,43.176,2.415,0.564,0.391,0.041,0.132,0.564,0.017,0.05,-1.007e-4,0,-0.01,1.773,1.783,7.926e-6,912.667,0.001,336.941,0.3,6.4,32.17
8.285,0.057,2643.733,457.444,0.262,0.003,62.535,43.176,2.391,0.564,0.391,0.041,0.132,0.564,0.014,0.043,4.087e-4,0,-0.01,1.773,1.783,1.474e-5,912.583,0.001,336.938,0.299,6.4,32.17
8.292,0.045,2643.725,457.436,0.262,0.003,62.54,43.176,2.367,0.564,0.391,0.041,0.132,0.564,0.011,0.033,-4.46e-4,0,-0.01,1.773,1.783,2.214e-5,912.499,0.001,336.935,0.299,6.4,32.17
8.3,0.031,2643.717,457.428,0.262,0.003,62.545,43.176,2.343,0.564,0.391,0.041,0.132,0.564,0.008,0.023,2.988e-4,0,-0.01,1.773,1.783,2.863e-5,912.416,0.001,336.932,0.299,6.4,32.17
8.307,0.015,2643.709,457.42,0.262,0.003,62.551,43.176,2.319,0.564,0.391,0.041,0.132,0.564,0.004,0.011,2.732e-4,0,-0.01,1.773,1.783,2.59e-5,912.332,0.001,336.929,0.298,6.4,32.17
8.315,0.008,2643.701,457.412,0.262,0.003,62.554,43.175,2.295,0.564,0.391,0.041,0.132,0.564,0.002,0.007,-2.866e-4,0,-0.01,1.773,1.783,-1.658e-5,912.248,0.001,336.926,0.298,6.4,32.17
8.322,0.024,2643.693,457.404,0.262,0.003,62.547,43.175,2.271,0.564,0.391,0.041,0.132,0.564,0.006,0.018,-2.3e-4,0,-0.01,1.773,1.783,-3.541e-5,912.165,0.001,336.923,0.298,6.4,32.17
8.33,0.041,2643.685,457.396,0.262,0.003,62.54,43.175,2.247,0.564,0.391,0.041,0.132,0.564,0.01,0.031,-2.95e-4,0,-0.01,1.773,1.783,-3.241e-5,912.082,0.001,336.92,0.298,6.4,32.17
8.337,0.056,2643.677,457.388,0.262,0.003,62.534,43.175,2.223,0.564,0.391,0.041,0.131,0.564,0.014,0.043,-2.535e-4,0,-0.01,1.772,1.783,-2.607e-5,911.998,0.001,336.917,0.297,6.4,32.17
8.345,0.071,2643.669,457.381,0.262,0.003,62.528,43.175,2.2,0.564,0.391,0.041,0.131,0.564,0.018,0.053,-3.783e-4,0,-0.01,1.772,1.783,-1.836e-5,911.915,0.001,336.914,0.297,6.4,32.17
8.352,0.082,2643.661,457.373,0.262,0.003,62.523,43.175,2.176,0.564,0.391,0.041,0.131,0.564,0.02,0.062,3.551e-5,0,-0.01,1.772,1.783,-1.039e-5,911.832,0.001,336.911,0.297,6.4,32.17
8.36,0.09,2643.653,457.365,0.262,0.003,62.52,43.175,2.152,0.564,0.391,0.041,0.131,0.564,0.022,0.068,-3.823e-4,0,-0.01,1.772,1.783,-3.639e-6,911.749,0.001,336.908,0.296,6.4,32.17
8.367,0.094,2643.646,457.357,0.262,0.003,62.518,43.175,2.128,0.563,0.391,0.041,0.131,0.563,0.023,0.071,1.045e-4,0,-0.01,1.772,1.783,-2.509e-7,911.666,0.001,336.905,0.296,6.4,32.17
8.375,0.094,2643.638,457.349,0.262,0.003,62.518,43.175,2.104,0.563,0.391,0.041,0.131,0.563,0.024,0.072,-2.231e-4,0,-0.01,1.772,1.783,8.953e-7,911.584,0.001,336.903,0.296,6.4,32.17
8.382,0.091,2643.63,457.341,0.262,0.003,62.519,43.174,2.08,0.563,0.391,0.041,0.131,0.563,0.023,0.068,4.238e-4,0,-0.01,1.772,1.783,5.647e-6,911.501,0.001,336.9,0.296,6.4,32.17
8.39,0.083,2643.622,457.333,0.262,0.003,62.522,43.174,2.056,0.563,0.391,0.04,0.131,0.563,0.021,0.063,3.499e-4,0,-0.01,1.772,1.783,1.392e-5,911.418,0.001,336.897,0.295,6.4,32.17
8.397,0.072,2643.614,457.325,0.262,0.003,62.526,43.174,2.032,0.563,0.391,0.04,0.131,0.563,0.018,0.054,1.977e-4,0,-0.01,1.772,1.783,2.449e-5,911.336,0.001,336.894,0.295,6.4,32.17
8.405,0.062,2643.606,457.317,0.262,0.003,62.53,43.174,2.008,0.563,0.391,0.04,0.131,0.563,0.015,0.046,-3.959e-4,0,-0.01,1.772,1.782,3.422e-5,911.253,0.001,336.891,0.295,6.4,32.17
8.412,0.051,2643.598,457.309,0.262,0.003,62.534,43.174,1.984,0.563,0.391,0.04,0.131,0.563,0.013,0.038,-4.12e-5,0,-0.01,1.772,1.782,4.228e-5,911.171,0.001,336.888,0.294,6.4,32.17
8.42,0.039,2643.59,457.302,0.262,0.003,62.538,43.174,1.96,0.563,0.391,0.04,0.131,0.563,0.01,0.03,-2.126e-4,0,-0.011,1.772,1.782,4.657e-5,911.089,0.001,336.885,0.294,6.4,32.17
8.427,0.028,2643.582,457.294,0.262,0.003,62.542,43.174,1.936,0.563,0.391,0.04,0.131,0.563,0.007,0.021,-4.745e-4,0,-0.011,1.772,1.782,3.804e-5,911.007,0.001,336.882,0.294,6.4,32.17
8.434,0.021,2643.575,457.286,0.262,0.003,62.545,43.174,1.912,0.563,0.391,0.04,0.131,0.563,0.005,0.016,-2.948e-4,0,-0.011,1.772,1.782,5.348e-6,910.925,0.001,336.879,0.294,6.4,32.17
8.442,0.026,2643.567,457.278,0.262,0.003,62.543,43.174,1.889,0.563,0.391,0.04,0.131,0.563,0.006,0.019,-1.768e-4,0,-0.011,1.772,1.782,-1.202e-5,910.843,0.001,336.876,0.293,6.4,32.17
8.449,0.039,2643.559,457.27,0.262,0.003,62.537,43.174,1.865,0.563,0.391,0.04,0.131,0.563,0.01,0.029,4.099e-4,0,-0.011,1.772,1.782,-3.518e-5,910.762,0.001,336.874,0.293,6.4,32.17
8.457,0.055,2643.551,457.262,0.262,0.003,62.531,43.173,1.841,0.563,0.391,0.04,0.131,0.563,0.014,0.041,6.847e-5,0,-0.011,1.772,1.782,-4.332e-5,910.68,0.001,336.871,0.293,6.4,32.17
8.464,0.072,2643.543,457.254,0.262,0.003,62.524,43.173,1.817,0.563,0.391,0.04,0.131,0.563,0.018,0.054,-4.952e-4,0,-0.011,1.772,1.782,-4.259e-5,910.599,0.001,336.868,0.293,6.4,32.17
8.472,0.088,2643.535,457.247,0.262,0.003,62.517,43.173,1.794,0.563,0.392,0.04,0.131,0.563,0.022,0.066,-1.835e-4,0,-0.011,1.772,1.782,-3.691e-5,910.518,0.001,336.865,0.292,6.4,32.17
8.479,0.103,2643.527,457.239,0.262,0.003,62.511,43.173,1.77,0.563,0.392,0.04,0.131,0.563,0.026,0.077,-4.393e-4,0,-0.011,1.772,1.782,-2.851e-5,910.437,0.001,336.862,0.292,6.4,32.17
8.486,0.116,2643.52,457.231,0.262,0.003,62.506,43.173,1.746,0.562,0.392,0.04,0.131,0.562,0.029,0.087,3.718e-4,0,-0.011,1.772,1.782,-1.916e-5,910.356,0.001,336.859,0.292,6.4,32.17
8.494,0.127,2643.512,457.223,0.262,0.003,62.501,43.173,1.722,0.562,0.392,0.04,0.131,0.562,0.032,0.095,1.457e-4,0,-0.011,1.772,1.782,-1.043e-5,910.276,0.001,336.856,0.291,6.4,32.17
8.501,0.135,2643.504,457.215,0.262,0.003,62.498,43.173,1.699,0.562,0.392,0.04,0.131,0.562,0.034,0.102,6.275e-5,0,-0.011,1.771,1.782,-3.47e-6,910.195,0.001,336.854,0.291,6.4,32.17
8.509,0.138,2643.496,457.207,0.262,0.003,62.496,43.173,1.675,0.562,0.392,0.04,0.131,0.562,0.034,0.104,-3.183e-5,0,-0.011,1.771,1.782,0,910.115,0.001,336.851,0.291,6.4,32.17
8.516,0.136,2643.488,457.2,0.262,0.003,62.497,43.173,1.651,0.562,0.392,0.04,0.131,0.562,0.034,0.103,-1.217e-4,0,-0.011,1.771,1.782,3.656e-6,910.034,0.001,336.848,0.291,6.4,32.17
8.523,0.13,2643.481,457.192,0.262,0.003,62.499,43.173,1.628,0.562,0.392,0.04,0.131,0.562,0.033,0.098,-3.661e-4,0,-0.011,1.771,1.782,1.351e-5,909.953,0.001,336.845,0.29,6.4,32.17
8.531,0.121,2643.473,457.184,0.262,0.003,62.502,43.172,1.604,0.562,0.392,0.04,0.131,0.562,0.03,0.09,-3.095e-5,0,-0.011,1.771,1.782,2.637e-5,909.872,0.001,336.842,0.29,6.4,32.17
8.538,0.108,2643.465,457.176,0.262,0.003,62.507,43.172,1.58,0.562,0.392,0.04,0.131,0.562,0.027,0.082,-4.847e-4,0,-0.011,1.771,1.782,3.653e-5,909.792,0.001,336.839,0.29,6.4,32.17
8.546,0.096,2643.457,457.168,0.262,0.003,62.512,43.172,1.556,0.562,0.392,0.039,0.131,0.562,0.024,0.073,-4.889e-4,0,-0.011,1.771,1.782,3.599e-5,909.711,0.001,336.836,0.289,6.4,32.17
8.553,0.087,2643.449,457.16,0.262,0.003,62.515,43.172,1.532,0.562,0.392,0.039,0.131,0.562,0.022,0.066,2.348e-4,0,-0.011,1.771,1.782,2.113e-5,909.63,0.001,336.834,0.289,6.4,32.17
8.561,0.084,2643.441,457.152,0.262,0.003,62.516,43.172,1.508,0.562,0.392,0.039,0.131,0.562,0.021,0.063,4.331e-4,0,-0.011,1.771,1.782,3.615e-6,909.549,0.001,336.831,0.289,6.4,32.17
8.568,0.089,2643.433,457.144,0.262,0.003,62.514,43.172,1.484,0.562,0.392,0.039,0.131,0.562,0.022,0.067,2.61e-4,0,-0.011,1.771,1.782,-1.839e-6,909.468,0.001,336.828,0.289,6.4,32.17
8.576,0.101,2643.425,457.137,0.262,0.003,62.509,43.172,1.46,0.562,0.392,0.039,0.131,0.562,0.025,0.076,-4.931e-4,0,-0.011,1.771,1.782,-1.554e-5,909.388,0.001,336.825,0.288,6.4,32.17
8.583,0.119,2643.417,457.129,0.262,0.003,62.502,43.172,1.436,0.562,0.392,0.039,0.131,0.562,0.03,0.089,1.184e-4,0,-0.011,1.771,1.782,-2.883e-5,909.307,0.001,336.822,0.288,6.4,32.17
8.591,0.138,2643.409,457.121,0.262,0.003,62.494,43.172,1.412,0.562,0.392,0.039,0.131,0.562,0.034,0.104,3.014e-4,0,-0.011,1.771,1.782,-3.346e-5,909.227,0.001,336.819,0.288,6.4,32.17
8.598,0.158,2643.402,457.113,0.262,0.003,62.486,43.171,1.388,0.562,0.392,0.039,0.131,0.562,0.039,0.119,-2.898e-4,0,-0.011,1.771,1.782,-2.971e-5,909.146,0.001,336.817,0.287,6.4,32.17
8.606,0.167,2643.394,457.105,0.262,0.003,62.482,43.171,1.364,0.561,0.392,0.039,0.131,0.562,0.042,0.126,4.991e-4,0,-0.011,1.771,1.782,-2.141e-5,909.066,0.001,336.814,0.287,6.4,32.17
8.613,0.171,2643.386,457.097,0.262,0.003,62.48,43.171,1.341,0.561,0.392,0.039,0.131,0.561,0.043,0.128,2.546e-4,0,-0.011,1.771,1.782,-1.259e-5,908.986,0.001,336.811,0.287,6.4,32.17
8.62,0.172,2643.378,457.089,0.262,0.003,62.479,43.171,1.317,0.561,0.392,0.039,0.131,0.561,0.043,0.13,7.72e-5,0,-0.011,1.771,1.782,-5.365e-6,908.906,0.001,336.808,0.287,6.4,32.17
8.628,0.171,2643.37,457.081,0.262,0.003,62.48,43.171,1.293,0.561,0.392,0.039,0.131,0.561,0.043,0.129,3.342e-4,0,-0.011,1.771,1.782,-1.011e-6,908.827,0.001,336.805,0.286,6.4,32.17
8.635,0.167,2643.362,457.074,0.262,0.003,62.481,43.171,1.269,0.561,0.392,0.039,0.131,0.561,0.042,0.126,-1.495e-4,0,-0.011,1.771,1.782,9.964e-8,908.747,0.001,336.803,0.286,6.4,32.17
8.643,0.161,2643.354,457.066,0.262,0.003,62.483,43.171,1.246,0.561,0.392,0.039,0.131,0.561,0.04,0.121,-4.411e-4,0,-0.011,1.771,1.782,2.538e-6,908.669,0.001,336.8,0.286,6.4,32.17
8.65,0.153,2643.347,457.058,0.262,0.003,62.486,43.171,1.222,0.561,0.392,0.039,0.131,0.561,0.038,0.116,-1.213e-4,0,-0.011,1.771,1.782,7.721e-6,908.59,0.001,336.797,0.285,6.4,32.17
8.657,0.15,2643.339,457.05,0.262,0.003,62.487,43.171,1.199,0.561,0.392,0.039,0.131,0.561,0.038,0.113,3.417e-4,0,-0.011,1.771,1.782,1.593e-5,908.511,0.001,336.794,0.285,6.4,32.17
8.665,0.145,2643.331,457.042,0.262,0.003,62.489,43.171,1.175,0.561,0.392,0.039,0.131,0.561,0.036,0.11,2.364e-4,0,-0.011,1.771,1.782,2.399e-5,908.433,0.001,336.791,0.285,6.4,32.17
8.672,0.139,2643.323,457.035,0.262,0.003,62.491,43.17,1.151,0.561,0.392,0.039,0.131,0.561,0.035,0.105,2.882e-4,0,-0.011,1.77,1.782,2.847e-5,908.354,0.001,336.789,0.285,6.4,32.17
8.68,0.132,2643.315,457.027,0.262,0.003,62.493,43.17,1.128,0.561,0.392,0.039,0.131,0.561,0.033,0.099,-3.533e-4,0,-0.011,1.77,1.782,2.63e-5,908.275,0.001,336.786,0.284,6.4,32.17
8.687,0.127,2643.308,457.019,0.262,0.003,62.495,43.17,1.104,0.561,0.392,0.039,0.13,0.561,0.032,0.096,-3.01e-4,0,-0.011,1.77,1.782,1.705e-5,908.197,0.001,336.783,0.284,6.4,32.17
8.694,0.126,2643.3,457.011,0.262,0.003,62.495,43.17,1.08,0.561,0.392,0.039,0.13,0.561,0.031,0.095,4.778e-4,0,-0.011,1.77,1.782,5.616e-6,908.118,0.001,336.78,0.284,6.4,32.17
8.702,0.129,2643.292,457.003,0.262,0.003,62.494,43.17,1.056,0.561,0.392,0.039,0.13,0.561,0.032,0.097,-3.143e-4,0,-0.011,1.77,1.782,3.231e-8,908.039,0.001,336.778,0.284,6.4,32.17
8.709,0.136,2643.284,456.995,0.262,0.003,62.491,43.17,1.033,0.561,0.392,0.038,0.13,0.561,0.034,0.102,-3.97e-4,0,-0.011,1.77,1.782,-3.694e-6,907.961,0.001,336.775,0.283,6.4,32.17
8.717,0.147,2643.276,456.988,0.262,0.003,62.486,43.17,1.009,0.561,0.392,0.038,0.13,0.561,0.037,0.11,4.003e-4,0,-0.011,1.77,1.782,-1.276e-5,907.882,0.001,336.772,0.283,6.4,32.17
8.724,0.161,2643.269,456.98,0.262,0.003,62.481,43.17,0.985,0.56,0.392,0.038,0.13,0.561,0.04,0.121,-3.758e-4,0,-0.011,1.77,1.782,-2.092e-5,907.804,0.001,336.769,0.283,6.4,32.17
8.731,0.176,2643.261,456.972,0.262,0.003,62.475,43.17,0.961,0.56,0.392,0.038,0.13,0.56,0.044,0.133,-1.23e-4,0,-0.012,1.77,1.782,-2.423e-5,907.726,0.001,336.766,0.282,6.4,32.17
8.735,0.183,2643.257,456.968,0.262,0.003,62.471,43.17,0.95,0.56,0.392,0.038,0.13,0.56,0.046,0.139,-4.189e-5,0,-0.012,1.77,1.782,-2.381e-5,907.688,0.001,336.765,0.282,6.4,32.17
8.74,0.194,2643.255,456.967,0.262,0.003,62.467,43.17,0.93,0.56,0.392,0.038,0.13,0.56,0.049,0.146,-1.144e-5,0,-0.012,1.77,1.782,-2.111e-5,907.631,0.001,336.763,0.282,6.4,32.17
8.748,0.208,2643.253,456.965,0.262,0.003,62.461,43.17,0.903,0.56,0.392,0.038,0.13,0.56,0.052,0.157,2.866e-4,0,-0.012,1.77,1.782,-1.477e-5,907.553,0.001,336.76,0.282,6.4,32.17
8.755,0.219,2643.252,456.963,0.262,0.003,62.457,43.169,0.876,0.56,0.392,0.038,0.13,0.56,0.055,0.164,1.504e-5,0,-0.012,1.77,1.782,-7.687e-6,907.475,0.001,336.758,0.282,6.4,32.17
8.763,0.226,2643.25,456.961,0.262,0.003,62.454,43.169,0.848,0.56,0.392,0.038,0.13,0.56,0.056,0.17,-1.306e-4,0,-0.012,1.77,1.782,-2.237e-6,907.397,0.001,336.755,0.281,6.4,32.17
8.77,0.23,2643.248,456.959,0.262,0.003,62.452,43.169,0.821,0.56,0.392,0.038,0.13,0.56,0.057,0.173,3.26e-4,0,-0.012,1.77,1.782,-1.156e-8,907.319,0.001,336.752,0.281,6.4,32.17
8.777,0.23,2643.246,456.957,0.262,0.003,62.452,43.169,0.794,0.56,0.392,0.038,0.13,0.56,0.058,0.173,2.207e-4,0,-0.012,1.77,1.782,1.683e-6,907.242,0.001,336.749,0.281,6.4,32.17
8.785,0.228,2643.244,456.955,0.262,0.003,62.453,43.169,0.767,0.56,0.392,0.038,0.13,0.56,0.057,0.171,-3.238e-4,0,-0.012,1.77,1.782,6.885e-6,907.164,0.001,336.747,0.28,6.4,32.17
8.792,0.223,2643.242,456.953,0.262,0.003,62.454,43.169,0.739,0.56,0.392,0.038,0.13,0.56,0.056,0.168,-3.511e-4,0,-0.012,1.77,1.782,1.422e-5,907.087,0.001,336.744,0.28,6.4,32.17
8.8,0.215,2643.24,456.951,0.262,0.003,62.457,43.169,0.712,0.56,0.392,0.038,0.13,0.56,0.054,0.162,-3.857e-4,0,-0.012,1.77,1.782,2.148e-5,907.009,0.001,336.741,0.28,6.4,32.17
8.807,0.205,2643.238,456.949,0.262,0.003,62.461,43.169,0.685,0.56,0.392,0.038,0.13,0.56,0.051,0.154,1.597e-4,0,-0.012,1.77,1.782,2.609e-5,906.932,0.001,336.739,0.28,6.4,32.17
8.814,0.193,2643.236,456.947,0.262,0.003,62.465,43.169,0.658,0.56,0.392,0.038,0.13,0.56,0.048,0.146,-4.947e-4,0,-0.012,1.77,1.782,2.583e-5,906.855,0.001,336.736,0.279,6.4,32.17
8.822,0.182,2643.234,456.945,0.262,0.003,62.469,43.169,0.631,0.56,0.392,0.038,0.13,0.56,0.046,0.138,2.219e-4,0,-0.012,1.77,1.782,2.002e-5,906.778,0.001,336.733,0.279,6.4,32.17
8.829,0.174,2643.232,456.943,0.262,0.003,62.473,43.169,0.604,0.56,0.392,0.038,0.13,0.56,0.043,0.131,-3.345e-4,0,-0.012,1.77,1.782,1.065e-5,906.702,0.001,336.73,0.279,6.4,32.17
8.836,0.168,2643.23,456.941,0.262,0.003,62.475,43.169,0.577,0.56,0.392,0.038,0.13,0.56,0.042,0.126,-1.025e-4,0,-0.012,1.77,1.782,2.379e-6,906.625,0.001,336.728,0.278,6.4,32.17
8.844,0.167,2643.228,456.939,0.262,0.003,62.475,43.169,0.55,0.56,0.392,0.038,0.13,0.56,0.042,0.125,1.115e-4,0,-0.012,1.77,1.782,-1.936e-7,906.549,0.001,336.725,0.278,6.4,32.17
8.851,0.171,2643.226,456.938,0.262,0.003,62.473,43.169,0.523,0.559,0.392,0.038,0.13,0.559,0.043,0.129,-1.658e-4,0,-0.012,1.769,1.781,-5.507e-6,906.472,0.001,336.722,0.278,6.4,32.17
8.858,0.185,2643.224,456.936,0.262,0.003,62.467,43.169,0.496,0.559,0.392,0.038,0.13,0.559,0.046,0.139,4.22e-4,0,-0.012,1.769,1.781,-1.47e-5,906.396,0.001,336.72,0.278,6.4,32.17
8.866,0.202,2643.222,456.934,0.262,0.003,62.46,43.169,0.468,0.559,0.392,0.037,0.13,0.559,0.051,0.153,-3.785e-4,0,-0.012,1.769,1.781,-2.242e-5,906.32,0.001,336.717,0.277,6.4,32.17
8.873,0.22,2643.22,456.932,0.262,0.003,62.453,43.169,0.441,0.559,0.392,0.037,0.13,0.559,0.055,0.166,2.134e-4,0,-0.012,1.769,1.781,-2.54e-5,906.244,0.001,336.714,0.277,6.4,32.17
8.88,0.238,2643.218,456.93,0.262,0.003,62.446,43.169,0.414,0.559,0.392,0.037,0.13,0.559,0.06,0.179,1.041e-5,0,-0.012,1.769,1.781,-2.315e-5,906.167,0.001,336.712,0.277,6.4,32.17
8.888,0.255,2643.216,456.928,0.262,0.003,62.439,43.169,0.387,0.559,0.392,0.037,0.13,0.559,0.064,0.192,-2.723e-4,0,-0.012,1.769,1.781,-1.712e-5,906.091,0.001,336.709,0.277,6.4,32.17
8.895,0.27,2643.215,456.926,0.262,0.003,62.433,43.169,0.36,0.559,0.392,0.037,0.13,0.559,0.067,0.203,4.957e-4,0,-0.012,1.769,1.781,-9.701e-6,906.015,0.001,336.706,0.276,6.4,32.17
8.903,0.277,2643.213,456.924,0.262,0.003,62.43,43.169,0.333,0.559,0.392,0.037,0.13,0.559,0.069,0.208,3.499e-5,0,-0.012,1.769,1.781,-3.38e-6,905.939,0.001,336.704,0.276,6.4,32.17
8.91,0.273,2643.211,456.922,0.262,0.003,62.431,43.169,0.306,0.559,0.392,0.037,0.13,0.559,0.068,0.206,-2.377e-4,0,-0.012,1.769,1.781,-2.014e-7,905.863,0.001,336.701,0.276,6.4,32.17
8.917,0.266,2643.209,456.92,0.262,0.003,62.434,43.169,0.279,0.559,0.392,0.037,0.13,0.559,0.067,0.2,3.48e-4,0,-0.012,1.769,1.781,8.924e-7,905.788,0.001,336.698,0.275,6.4,32.17
8.925,0.256,2643.207,456.918,0.262,0.003,62.438,43.169,0.252,0.559,0.392,0.037,0.13,0.559,0.064,0.193,4.939e-4,0,-0.012,1.769,1.781,5.038e-6,905.712,0.001,336.696,0.275,6.4,32.17
8.932,0.243,2643.205,456.916,0.262,0.003,62.442,43.169,0.225,0.559,0.392,0.037,0.13,0.559,0.061,0.184,-4.913e-5,0,-0.012,1.769,1.781,1.129e-5,905.637,0.001,336.693,0.275,6.4,32.17
8.939,0.228,2643.203,456.914,0.262,0.003,62.448,43.169,0.198,0.559,0.392,0.037,0.13,0.559,0.057,0.172,4.625e-5,0,-0.012,1.769,1.781,1.768e-5,905.562,0.001,336.69,0.275,6.4,32.17
8.947,0.212,2643.201,456.912,0.262,0.003,62.454,43.169,0.171,0.559,0.392,0.037,0.13,0.559,0.053,0.16,2.405e-4,0,-0.012,1.769,1.781,2.197e-5,905.487,0.001,336.688,0.274,6.4,32.17
8.954,0.204,2643.199,456.91,0.262,0.003,62.457,43.169,0.144,0.559,0.392,0.037,0.13,0.559,0.051,0.153,4.823e-4,0,-0.012,1.769,1.781,2.241e-5,905.413,0.001,336.685,0.274,6.4,32.17
8.961,0.203,2643.197,456.908,0.262,0.003,62.457,43.169,0.118,0.559,0.392,0.037,0.13,0.559,0.051,0.153,3.818e-4,0,-0.012,1.769,1.781,1.876e-5,905.338,0.001,336.682,0.274,6.4,32.17
8.968,0.204,2643.195,456.907,0.262,0.003,62.457,43.169,0.091,0.558,0.392,0.037,0.13,0.559,0.051,0.153,4.717e-4,0,-0.012,1.769,1.781,1.21e-5,905.264,0.001,336.68,0.273,6.4,32.17
8.976,0.207,2643.193,456.905,0.262,0.003,62.455,43.169,0.064,0.558,0.392,0.037,0.13,0.559,0.052,0.156,7.557e-5,0,-0.012,1.769,1.781,5.002e-6,905.189,0.001,336.677,0.273,6.4,32.17
8.983,0.213,2643.191,456.903,0.262,0.003,62.453,43.169,0.037,0.558,0.392,0.037,0.13,0.558,0.053,0.16,-4.471e-4,0,-0.013,1.769,1.781,5.697e-7,905.114,0.001,336.674,0.273,6.4,32.17
8.99,0.221,2643.189,456.901,0.262,0.003,62.449,43.169,0.01,0.558,0.392,0.037,0.13,0.558,0.055,0.167,-5.972e-5,0,-0.013,1.769,1.781,-5.891e-7,905.04,0.001,336.672,0.273,6.4,32.17
8.993,0.225,2643.189,456.9,0.262,0.003,62.447,43.169,0,0.558,0.392,0.037,0.13,0.558,0.056,0.17,2.589e-4,0,-0.013,1.769,1.781,-1.674e-6,905.012,0.001,336.671,0.273,6.4,32.17
8.997,0.232,2643.189,456.9,0.262,0.003,62.445,43.169,0,0.558,0.392,0.037,0.13,0.558,0.058,0.175,6.687e-6,0,-0.013,1.769,1.781,-4.097e-6,904.971,0.001,336.669,0.272,6.4,32.17
9.003,0.247,2643.189,456.9,0.262,0.003,62.439,43.169,0,0.558,0.392,0.037,0.13,0.558,0.062,0.186,-3.938e-4,0,-0.013,1.769,1.781,-8.487e-6,904.91,0.001,336.667,0.272,6.4,32.17
9.01,0.27,2643.189,456.9,0.262,0.003,62.43,43.169,0,0.558,0.392,0.037,0.13,0.558,0.068,0.203,-1.74e-4,0,-0.013,1.769,1.781,-1.295e-5,904.835,0.001,336.665,0.272,6.4,32.17
9.018,0.294,2643.189,456.9,0.262,0.003,62.42,43.169,0,0.558,0.392,0.037,0.13,0.558,0.074,0.222,4.469e-4,0,-0.013,1.769,1.781,-1.492e-5,904.76,0.001,336.662,0.272,6.4,32.17
9.025,0.318,2643.189,456.9,0.262,0.003,62.41,43.169,0,0.558,0.392,0.037,0.13,0.558,0.08,0.24,-3.089e-4,0,-0.013,1.769,1.781,-1.384e-5,904.686,0.001,336.659,0.271,6.4,32.17
9.033,0.341,2643.189,456.9,0.262,0.003,62.401,43.169,0,0.558,0.392,0.036,0.13,0.558,0.086,0.257,1.844e-4,0,-0.013,1.768,1.781,-1.028e-5,904.611,0.001,336.657,0.271,6.4,32.17
9.04,0.363,2643.189,456.9,0.262,0.003,62.392,43.169,0,0.558,0.392,0.036,0.13,0.558,0.091,0.273,4.713e-4,0,-0.013,1.768,1.781,-5.671e-6,904.536,0.001,336.654,0.271,6.4,32.17
9.047,0.383,2643.189,456.9,0.262,0.003,62.384,43.169,0,0.558,0.392,0.036,0.13,0.558,0.096,0.288,3.519e-4,0,-0.013,1.768,1.781,-1.739e-6,904.461,0.001,336.651,0.27,6.4,32.17
9.055,0.388,2643.189,456.9,0.262,0.003,62.382,43.169,0,0.558,0.392,0.036,0.129,0.558,0.097,0.292,-4.397e-4,0,-0.013,1.768,1.781,-1.467e-8,904.386,0.001,336.649,0.27,6.4,32.17
9.062,0.384,2643.189,456.9,0.262,0.003,62.383,43.169,0,0.558,0.392,0.036,0.129,0.558,0.096,0.289,-4.455e-4,0,-0.013,1.768,1.781,1.147e-6,904.312,0.001,336.646,0.27,6.4,32.17
9.07,0.378,2643.189,456.9,0.262,0.003,62.386,43.169,0,0.558,0.392,0.036,0.129,0.558,0.095,0.284,4.37e-4,0,-0.013,1.768,1.781,4.679e-6,904.237,0.001,336.644,0.27,6.4,32.17
9.077,0.369,2643.189,456.9,0.262,0.003,62.389,43.169,0,0.558,0.392,0.036,0.129,0.558,0.093,0.278,2.748e-4,0,-0.013,1.768,1.781,9.369e-6,904.163,0.001,336.641,0.269,6.4,32.17
9.084,0.359,2643.189,456.9,0.262,0.003,62.393,43.169,0,0.558,0.392,0.036,0.129,0.558,0.09,0.27,3.404e-4,0,-0.013,1.768,1.781,1.357e-5,904.089,0.001,336.638,0.269,6.4,32.17
9.092,0.347,2643.189,456.9,0.262,0.003,62.397,43.169,0,0.558,0.392,0.036,0.129,0.558,0.087,0.261,4.105e-5,0,-0.013,1.768,1.781,1.569e-5,904.015,0.001,336.636,0.269,6.4,32.17
9.099,0.336,2643.189,456.9,0.262,0.003,62.401,43.169,0,0.557,0.392,0.036,0.129,0.558,0.084,0.253,-4.428e-4,0,-0.013,1.768,1.781,1.477e-5,903.941,0.001,336.633,0.269,6.4,32.17
9.106,0.328,2643.189,456.9,0.262,0.003,62.404,43.169,0,0.557,0.392,0.036,0.129,0.558,0.082,0.247,4.595e-4,0,-0.013,1.768,1.781,1.114e-5,903.868,0.001,336.63,0.268,6.4,32.17
9.114,0.322,2643.189,456.9,0.262,0.003,62.406,43.169,0,0.557,0.392,0.036,0.129,0.558,0.081,0.242,-1.771e-4,0,-0.013,1.768,1.781,6.119e-6,903.795,0.001,336.628,0.268,6.4,32.17
9.121,0.318,2643.189,456.9,0.262,0.003,62.407,43.169,0,0.557,0.392,0.036,0.129,0.557,0.08,0.24,-3.908e-4,0,-0.013,1.768,1.781,1.772e-6,903.721,0.001,336.625,0.268,6.4,32.17
9.128,0.317,2643.189,456.9,0.262,0.003,62.408,43.169,0,0.557,0.392,0.036,0.129,0.557,0.079,0.238,3.357e-4,0,-0.013,1.768,1.781,0,903.648,0.001,336.623,0.267,6.4,32.17
9.136,0.318,2643.189,456.9,0.262,0.003,62.407,43.169,0,0.557,0.392,0.036,0.129,0.557,0.08,0.24,3.008e-4,0,-0.013,1.768,1.781,-1.625e-6,903.575,0.001,336.62,0.267,6.4,32.17
9.143,0.322,2643.189,456.9,0.262,0.003,62.405,43.169,0,0.557,0.392,0.036,0.129,0.557,0.081,0.242,-1.151e-4,0,-0.013,1.768,1.781,-5.915e-6,903.502,0.001,336.618,0.267,6.4,32.17
9.15,0.328,2643.189,456.9,0.262,0.003,62.403,43.169,0,0.557,0.392,0.036,0.129,0.557,0.082,0.247,-3.021e-4,0,-0.013,1.768,1.781,-1.099e-5,903.429,0.001,336.615,0.267,6.4,32.17
9.158,0.338,2643.189,456.9,0.262,0.003,62.399,43.169,0,0.557,0.392,0.036,0.129,0.557,0.085,0.255,-4.092e-4,0,-0.013,1.768,1.781,-1.457e-5,903.356,0.001,336.612,0.266,6.4,32.17
9.165,0.348,2643.189,456.9,0.262,0.003,62.395,43.169,0,0.557,0.392,0.036,0.129,0.557,0.087,0.263,-1.976e-4,0,-0.013,1.768,1.781,-1.558e-5,903.283,0.001,336.61,0.266,6.4,32.17
9.172,0.358,2643.189,456.9,0.262,0.003,62.39,43.169,0,0.557,0.392,0.036,0.129,0.557,0.09,0.27,-2.402e-4,0,-0.013,1.768,1.781,-1.379e-5,903.21,0.001,336.607,0.266,6.4,32.17
9.18,0.367,2643.189,456.9,0.262,0.003,62.387,43.169,0,0.557,0.392,0.036,0.129,0.557,0.092,0.276,3.027e-4,0,-0.013,1.768,1.781,-1.002e-5,903.137,0.001,336.605,0.265,6.4,32.17
9.187,0.375,2643.189,456.9,0.262,0.003,62.384,43.169,0,0.557,0.392,0.036,0.129,0.557,0.094,0.282,3.511e-4,0,-0.013,1.768,1.781,-5.57e-6,903.064,0.001,336.602,0.265,6.4,32.17
9.194,0.38,2643.189,456.9,0.262,0.003,62.381,43.169,0,0.557,0.392,0.035,0.129,0.557,0.095,0.286,2.852e-4,0,-0.013,1.768,1.781,-1.877e-6,902.991,0.001,336.6,0.265,6.4,32.17
9.202,0.387,2643.189,456.9,0.262,0.003,62.378,43.169,0,0.557,0.392,0.035,0.129,0.557,0.097,0.291,-4.421e-4,0,-0.013,1.768,1.781,-7.03e-8,902.918,0.001,336.597,0.265,6.4,32.17
9.209,0.401,2643.189,456.9,0.262,0.003,62.373,43.169,0,0.557,0.392,0.035,0.129,0.557,0.101,0.302,3.09e-4,0,-0.013,1.768,1.781,8.457e-7,902.846,0.001,336.594,0.264,6.4,32.17
9.216,0.414,2643.189,456.9,0.262,0.003,62.368,43.169,0,0.557,0.392,0.035,0.129,0.557,0.104,0.311,9.696e-7,0,-0.013,1.767,1.781,4.427e-6,902.773,0.001,336.592,0.264,6.4,32.17
9.224,0.424,2643.189,456.9,0.262,0.003,62.363,43.169,0,0.556,0.392,0.035,0.129,0.557,0.107,0.319,3.446e-4,0,-0.013,1.767,1.781,1.028e-5,902.699,0.001,336.589,0.264,6.4,32.17
9.231,0.433,2643.189,456.9,0.262,0.003,62.36,43.169,0,0.556,0.392,0.035,0.129,0.557,0.109,0.326,3.646e-5,0,-0.013,1.767,1.781,1.72e-5,902.626,0.001,336.587,0.264,6.4,32.17
9.239,0.44,2643.189,456.9,0.262,0.003,62.357,43.169,0,0.556,0.392,0.035,0.129,0.557,0.11,0.33,7.479e-5,0,-0.013,1.767,1.781,2.345e-5,902.553,0.001,336.584,0.263,6.4,32.17
9.246,0.445,2643.189,456.9,0.262,0.003,62.355,43.169,0,0.556,0.392,0.035,0.129,0.557,0.112,0.335,-3.24e-4,0,-0.013,1.767,1.781,2.721e-5,902.479,0.001,336.582,0.263,6.4,32.17
9.254,0.439,2643.189,456.9,0.262,0.003,62.357,43.169,0,0.556,0.392,0.035,0.129,0.557,0.11,0.331,5.944e-5,0,-0.013,1.767,1.781,2.612e-5,902.406,0.001,336.579,0.263,6.4,32.17
9.261,0.422,2643.189,456.9,0.262,0.003,62.363,43.169,0,0.556,0.392,0.035,0.129,0.557,0.106,0.317,-3.792e-4,0,-0.013,1.767,1.781,1.905e-5,902.332,0.001,336.576,0.262,6.4,32.17
9.269,0.407,2643.189,456.9,0.262,0.003,62.369,43.169,0,0.556,0.392,0.035,0.129,0.556,0.102,0.306,2.637e-4,0,-0.013,1.767,1.781,9.497e-6,902.259,0.001,336.574,0.262,6.4,32.17
9.276,0.396,2643.189,456.9,0.262,0.003,62.373,43.169,0,0.556,0.392,0.035,0.129,0.556,0.099,0.298,-9.134e-5,0,-0.013,1.767,1.781,1.924e-6,902.186,0.001,336.571,0.262,6.4,32.17
9.284,0.388,2643.189,456.9,0.262,0.003,62.376,43.169,0,0.556,0.392,0.035,0.129,0.556,0.097,0.293,4.492e-4,0,-0.013,1.767,1.781,-2.72e-7,902.114,0.001,336.569,0.262,6.4,32.17
9.291,0.385,2643.189,456.9,0.262,0.003,62.377,43.169,0,0.556,0.392,0.035,0.129,0.556,0.097,0.289,-3.256e-4,0,-0.014,1.767,1.781,-5.78e-6,902.041,0.001,336.566,0.261,6.4,32.17
9.298,0.386,2643.189,456.9,0.262,0.003,62.376,43.169,0,0.556,0.392,0.035,0.129,0.556,0.097,0.29,-7.175e-5,0,-0.014,1.767,1.781,-1.619e-5,901.969,0.001,336.564,0.261,6.4,32.17
9.306,0.391,2643.189,456.9,0.262,0.003,62.374,43.169,0,0.556,0.392,0.035,0.129,0.556,0.098,0.294,-4.764e-4,0,-0.014,1.767,1.781,-2.653e-5,901.897,0.001,336.561,0.261,6.4,32.17
9.313,0.399,2643.189,456.9,0.262,0.003,62.371,43.169,0,0.556,0.392,0.035,0.129,0.556,0.1,0.3,1.823e-4,0,-0.014,1.767,1.781,-3.287e-5,901.825,0.001,336.558,0.261,6.4,32.17
9.321,0.407,2643.189,456.9,0.262,0.003,62.367,43.169,0,0.556,0.392,0.035,0.129,0.556,0.102,0.306,1.955e-5,0,-0.014,1.767,1.781,-3.328e-5,901.754,0.001,336.556,0.26,6.4,32.17
9.328,0.415,2643.189,456.9,0.262,0.003,62.364,43.169,0,0.556,0.392,0.035,0.129,0.556,0.104,0.312,-1.574e-4,0,-0.014,1.767,1.781,-2.813e-5,901.682,0.001,336.553,0.26,6.4,32.17
9.335,0.421,2643.189,456.9,0.262,0.003,62.362,43.169,0,0.556,0.392,0.035,0.129,0.556,0.106,0.316,-2.166e-4,0,-0.014,1.767,1.781,-1.95e-5,901.61,0.001,336.551,0.26,6.4,32.17
9.343,0.424,2643.189,456.9,0.262,0.003,62.36,43.169,0,0.556,0.392,0.035,0.129,0.556,0.107,0.319,-4.655e-4,0,-0.014,1.767,1.781,-1.026e-5,901.539,0.001,336.548,0.259,6.4,32.17
9.35,0.425,2643.189,456.9,0.262,0.003,62.36,43.169,0,0.556,0.392,0.035,0.129,0.556,0.107,0.32,-2.922e-4,0,-0.014,1.767,1.781,-3.133e-6,901.467,0.001,336.546,0.259,6.4,32.17
9.357,0.422,2643.189,456.9,0.262,0.003,62.36,43.169,0,0.555,0.392,0.035,0.129,0.556,0.106,0.318,8.559e-5,0,-0.014,1.767,1.781,-5.2e-8,901.396,0.001,336.543,0.259,6.4,32.17
9.365,0.416,2643.189,456.9,0.262,0.003,62.363,43.169,0,0.555,0.392,0.034,0.129,0.556,0.104,0.313,-2.162e-4,0,-0.014,1.767,1.781,1.718e-6,901.325,0.001,336.541,0.259,6.4,32.17
9.372,0.407,2643.189,456.9,0.262,0.003,62.366,43.169,0,0.555,0.392,0.034,0.129,0.556,0.102,0.306,-4.038e-4,0,-0.014,1.767,1.781,7.498e-6,901.254,0.001,336.538,0.258,6.4,32.17
9.38,0.395,2643.189,456.9,0.262,0.003,62.371,43.169,0,0.555,0.392,0.034,0.129,0.556,0.099,0.297,4.056e-5,0,-0.014,1.767,1.781,1.559e-5,901.183,0.001,336.536,0.258,6.4,32.17
9.387,0.38,2643.189,456.9,0.262,0.003,62.376,43.169,0,0.555,0.392,0.034,0.129,0.555,0.095,0.286,-1.26e-4,0,-0.014,1.767,1.781,2.34e-5,901.111,0.001,336.533,0.258,6.4,32.17
9.394,0.365,2643.189,456.9,0.262,0.003,62.382,43.169,0,0.555,0.392,0.034,0.129,0.555,0.091,0.274,9.932e-5,0,-0.014,1.767,1.781,2.823e-5,901.041,0.001,336.531,0.257,6.4,32.17
9.402,0.35,2643.189,456.9,0.262,0.003,62.387,43.169,0,0.555,0.392,0.034,0.129,0.555,0.088,0.264,-2.69e-4,0,-0.014,1.767,1.781,2.849e-5,900.97,0.001,336.528,0.257,6.4,32.17
9.409,0.343,2643.189,456.9,0.262,0.003,62.39,43.169,0,0.555,0.392,0.034,0.129,0.555,0.086,0.257,-1.605e-4,0,-0.014,1.766,1.781,2.525e-5,900.899,0.001,336.526,0.257,6.4,32.17
9.417,0.337,2643.189,456.9,0.262,0.003,62.392,43.169,0,0.555,0.392,0.034,0.129,0.555,0.084,0.253,-3.549e-4,0,-0.014,1.766,1.78,1.838e-5,900.828,0.001,336.523,0.257,6.4,32.17
9.424,0.332,2643.189,456.9,0.262,0.003,62.394,43.169,0,0.555,0.392,0.034,0.129,0.555,0.083,0.25,-3.21e-4,0,-0.014,1.766,1.78,9.98e-6,900.757,0.001,336.521,0.256,6.4,32.17
9.431,0.33,2643.189,456.9,0.262,0.003,62.394,43.169,0,0.555,0.392,0.034,0.129,0.555,0.083,0.249,2.834e-4,0,-0.014,1.766,1.78,2.989e-6,900.686,0.001,336.518,0.256,6.4,32.17
9.439,0.331,2643.189,456.9,0.262,0.003,62.394,43.169,0,0.555,0.392,0.034,0.129,0.555,0.083,0.249,-3.279e-5,0,-0.014,1.766,1.78,1.657e-8,900.614,0.001,336.516,0.256,6.4,32.17
9.446,0.335,2643.189,456.9,0.262,0.003,62.392,43.169,0,0.555,0.392,0.034,0.128,0.555,0.084,0.252,3.901e-4,0,-0.014,1.766,1.78,-2.171e-6,900.543,0.001,336.513,0.256,6.4,32.17
9.454,0.342,2643.189,456.9,0.262,0.003,62.389,43.169,0,0.555,0.392,0.034,0.128,0.555,0.086,0.257,-8.413e-6,0,-0.014,1.766,1.78,-8.604e-6,900.472,0.001,336.511,0.255,6.4,32.17
9.461,0.35,2643.189,456.9,0.262,0.003,62.386,43.169,0,0.555,0.392,0.034,0.128,0.555,0.088,0.264,-4.631e-4,0,-0.014,1.766,1.78,-1.688e-5,900.401,0.001,336.508,0.255,6.4,32.17
9.469,0.361,2643.189,456.9,0.262,0.003,62.381,43.169,0,0.555,0.392,0.034,0.128,0.555,0.09,0.272,9.747e-5,0,-0.014,1.766,1.78,-2.389e-5,900.33,0.001,336.506,0.255,6.4,32.17
9.476,0.373,2643.189,456.9,0.262,0.003,62.377,43.169,0,0.555,0.392,0.034,0.128,0.555,0.093,0.281,2.369e-4,0,-0.014,1.766,1.78,-2.739e-5,900.258,0.001,336.503,0.255,6.4,32.17
9.484,0.385,2643.189,456.9,0.262,0.003,62.372,43.169,0,0.555,0.392,0.034,0.128,0.555,0.096,0.289,4.211e-4,0,-0.014,1.766,1.78,-2.65e-5,900.187,0.001,336.501,0.254,6.4,32.17
9.491,0.396,2643.189,456.9,0.262,0.003,62.367,43.169,0,0.554,0.392,0.034,0.128,0.555,0.099,0.298,-7.789e-5,0,-0.014,1.766,1.78,-2.182e-5,900.116,0.001,336.498,0.254,6.4,32.17
9.499,0.406,2643.189,456.9,0.262,0.003,62.363,43.169,0,0.554,0.392,0.034,0.128,0.555,0.102,0.305,-2.64e-4,0,-0.014,1.766,1.78,-1.492e-5,900.045,0.001,336.496,0.254,6.4,32.17
9.506,0.412,2643.189,456.9,0.262,0.003,62.36,43.169,0,0.554,0.392,0.034,0.128,0.555,0.103,0.31,2.834e-4,0,-0.014,1.766,1.78,-7.853e-6,899.974,0.001,336.493,0.253,6.4,32.17
9.514,0.416,2643.189,456.9,0.262,0.003,62.359,43.169,0,0.554,0.392,0.034,0.128,0.555,0.104,0.313,-8.749e-5,0,-0.014,1.766,1.78,-2.432e-6,899.903,0.001,336.491,0.253,6.4,32.17
9.521,0.418,2643.189,456.9,0.262,0.003,62.358,43.169,0,0.554,0.392,0.034,0.128,0.555,0.105,0.314,4.747e-4,0,-0.014,1.766,1.78,-4.732e-8,899.832,0.001,336.488,0.253,6.4,32.17
9.529,0.416,2643.189,456.9,0.262,0.003,62.358,43.169,0,0.554,0.392,0.034,0.128,0.554,0.104,0.313,4.908e-4,0,-0.014,1.766,1.78,1.289e-6,899.761,0.001,336.486,0.253,6.4,32.17
9.536,0.412,2643.189,456.9,0.262,0.003,62.36,43.169,0,0.554,0.392,0.033,0.128,0.554,0.103,0.31,-3.202e-4,0,-0.014,1.766,1.78,5.829e-6,899.69,0.001,336.483,0.252,6.4,32.17
9.544,0.406,2643.189,456.9,0.262,0.003,62.362,43.169,0,0.554,0.392,0.033,0.128,0.554,0.102,0.305,-1.329e-4,0,-0.014,1.766,1.78,1.247e-5,899.619,0.001,336.481,0.252,6.4,32.17
9.551,0.396,2643.189,456.9,0.262,0.003,62.366,43.169,0,0.554,0.392,0.033,0.128,0.554,0.099,0.297,-4.569e-4,0,-0.014,1.766,1.78,1.925e-5,899.548,0.001,336.478,0.252,6.4,32.17
9.559,0.377,2643.189,456.9,0.262,0.003,62.373,43.169,0,0.554,0.392,0.033,0.128,0.554,0.095,0.283,-4.072e-4,0,-0.014,1.766,1.78,2.301e-5,899.478,0.001,336.476,0.251,6.4,32.17
9.566,0.359,2643.189,456.9,0.262,0.003,62.38,43.169,0,0.554,0.392,0.033,0.128,0.554,0.09,0.269,-3.734e-5,0,-0.015,1.766,1.78,2.221e-5,899.407,0.001,336.473,0.251,6.4,32.17
9.574,0.341,2643.189,456.9,0.262,0.003,62.387,43.169,0,0.554,0.392,0.033,0.128,0.554,0.085,0.256,2.879e-4,0,-0.015,1.766,1.78,1.684e-5,899.337,0.001,336.471,0.251,6.4,32.17
9.581,0.326,2643.189,456.9,0.262,0.003,62.392,43.169,0,0.554,0.392,0.033,0.128,0.554,0.081,0.245,-2.527e-4,0,-0.015,1.766,1.78,8.927e-6,899.267,0.001,336.468,0.251,6.4,32.17
9.589,0.313,2643.189,456.9,0.262,0.003,62.397,43.169,0,0.554,0.392,0.033,0.128,0.554,0.078,0.235,-3.338e-4,0,-0.015,1.766,1.78,2.119e-6,899.197,0.001,336.466,0.25,6.4,32.17
9.596,0.304,2643.189,456.9,0.262,0.003,62.4,43.169,0,0.554,0.392,0.033,0.128,0.554,0.076,0.229,-3.631e-4,0,-0.015,1.766,1.78,-1.016e-7,899.128,0.001,336.463,0.25,6.4,32.17
9.604,0.3,2643.189,456.9,0.262,0.003,62.402,43.169,0,0.554,0.392,0.033,0.128,0.554,0.075,0.225,1.754e-4,0,-0.015,1.766,1.78,-4.234e-6,899.058,0.001,336.461,0.25,6.4,32.17
9.611,0.3,2643.189,456.9,0.262,0.003,62.402,43.169,0,0.554,0.392,0.033,0.128,0.554,0.075,0.226,1.858e-4,0,-0.015,1.766,1.78,-1.251e-5,898.989,0.001,336.458,0.25,6.4,32.17
9.619,0.303,2643.189,456.9,0.262,0.003,62.4,43.169,0,0.554,0.392,0.033,0.128,0.554,0.076,0.227,-2.508e-4,0,-0.015,1.765,1.78,-2.144e-5,898.92,0.001,336.456,0.249,6.4,32.17
9.626,0.307,2643.189,456.9,0.262,0.003,62.398,43.169,0,0.553,0.392,0.033,0.128,0.554,0.077,0.231,9.433e-6,0,-0.015,1.765,1.78,-2.753e-5,898.851,0.001,336.454,0.249,6.4,32.17
9.634,0.312,2643.189,456.9,0.262,0.003,62.396,43.169,0,0.553,0.392,0.033,0.128,0.554,0.078,0.235,1.731e-4,0,-0.015,1.765,1.78,-2.879e-5,898.781,0.001,336.451,0.249,6.4,32.17
9.641,0.317,2643.189,456.9,0.262,0.003,62.394,43.169,0,0.553,0.392,0.033,0.128,0.554,0.079,0.238,-1.055e-4,0,-0.015,1.765,1.78,-2.521e-5,898.714,0.001,336.449,0.248,6.4,32.17
9.648,0.321,2643.189,456.9,0.262,0.003,62.393,43.169,0,0.553,0.392,0.033,0.128,0.554,0.08,0.241,-4.358e-4,0,-0.015,1.765,1.78,-1.834e-5,898.648,0.001,336.446,0.248,6.4,32.17
9.656,0.322,2643.189,456.9,0.262,0.003,62.392,43.169,0,0.553,0.392,0.033,0.128,0.553,0.081,0.242,2.72e-4,0,-0.015,1.765,1.78,-1.049e-5,898.583,0.001,336.444,0.248,6.4,32.17
9.663,0.321,2643.189,456.9,0.262,0.003,62.392,43.169,0,0.553,0.392,0.033,0.128,0.553,0.08,0.242,4.627e-4,0,-0.015,1.765,1.78,-3.861e-6,898.517,0.001,336.441,0.248,6.4,32.17
9.671,0.318,2643.189,456.9,0.262,0.003,62.393,43.169,0,0.553,0.392,0.033,0.128,0.553,0.08,0.238,-4.458e-4,0,-0.015,1.765,1.78,-3.209e-7,898.452,0.001,336.439,0.247,6.4,32.17
9.678,0.312,2643.189,456.9,0.262,0.003,62.395,43.169,0,0.553,0.392,0.033,0.128,0.553,0.078,0.234,3.851e-5,0,-0.015,1.765,1.78,7.286e-7,898.387,0.001,336.437,0.247,6.4,32.17
9.686,0.302,2643.189,456.9,0.262,0.003,62.399,43.169,0,0.553,0.392,0.033,0.128,0.553,0.076,0.227,-1.659e-4,0,-0.015,1.765,1.78,4.799e-6,898.322,0.001,336.434,0.247,6.4,32.17
9.693,0.291,2643.189,456.9,0.262,0.003,62.403,43.169,0,0.553,0.392,0.033,0.128,0.553,0.073,0.218,-9.027e-5,0,-0.015,1.765,1.78,1.117e-5,898.256,0.001,336.432,0.247,6.4,32.17
9.701,0.278,2643.189,456.9,0.262,0.003,62.408,43.169,0,0.553,0.392,0.033,0.128,0.553,0.069,0.209,4.489e-4,0,-0.015,1.765,1.78,1.778e-5,898.191,0.001,336.429,0.246,6.4,32.17
9.708,0.263,2643.189,456.9,0.262,0.003,62.414,43.169,0,0.553,0.392,0.033,0.128,0.553,0.066,0.198,7.503e-5,0,-0.015,1.765,1.78,2.446e-5,898.127,0.001,336.427,0.246,6.4,32.17
9.715,0.25,2643.189,456.9,0.262,0.003,62.419,43.169,0,0.553,0.392,0.033,0.128,0.553,0.062,0.188,-9.385e-5,0,-0.015,1.765,1.78,3.026e-5,898.061,0.001,336.425,0.246,6.4,32.17
9.723,0.238,2643.189,456.9,0.262,0.003,62.423,43.169,0,0.553,0.392,0.033,0.128,0.553,0.059,0.179,4.593e-4,0,-0.015,1.765,1.78,3.432e-5,897.996,0.001,336.422,0.245,6.4,32.17
9.73,0.228,2643.189,456.9,0.262,0.003,62.427,43.169,0,0.553,0.393,0.032,0.128,0.553,0.057,0.171,-3.264e-4,0,-0.015,1.765,1.78,3.596e-5,897.93,0.001,336.42,0.245,6.4,32.17
9.738,0.22,2643.189,456.9,0.262,0.003,62.43,43.169,0,0.553,0.393,0.032,0.128,0.553,0.055,0.166,-4.276e-4,0,-0.015,1.765,1.78,3.462e-5,897.864,0.001,336.417,0.245,6.4,32.17
9.746,0.214,2643.189,456.9,0.262,0.003,62.432,43.169,0,0.553,0.393,0.032,0.128,0.553,0.053,0.16,3.323e-4,0,-0.015,1.765,1.78,3.017e-5,897.798,0.001,336.415,0.245,6.4,32.17
9.753,0.203,2643.189,456.9,0.262,0.003,62.436,43.169,0,0.553,0.393,0.032,0.128,0.553,0.051,0.152,-2.187e-4,0,-0.015,1.765,1.78,1.72e-5,897.732,0.001,336.412,0.244,6.4,32.17
9.761,0.186,2643.189,456.9,0.262,0.003,62.443,43.169,0,0.553,0.393,0.032,0.128,0.553,0.046,0.14,-4.075e-4,0,-0.015,1.765,1.78,1.286e-6,897.666,0.001,336.41,0.244,6.4,32.17
9.768,0.18,2643.189,456.9,0.262,0.003,62.445,43.169,0,0.553,0.393,0.032,0.128,0.553,0.045,0.135,-3.044e-4,0,-0.015,1.765,1.78,-5.422e-6,897.6,0.001,336.407,0.244,6.4,32.17
9.776,0.183,2643.189,456.9,0.262,0.003,62.443,43.169,0,0.553,0.393,0.032,0.128,0.553,0.046,0.138,-3.264e-4,0,-0.015,1.765,1.78,-2.819e-5,897.535,0.001,336.405,0.244,6.4,32.17
9.784,0.194,2643.189,456.9,0.262,0.003,62.439,43.169,0,0.552,0.393,0.032,0.128,0.553,0.048,0.146,1.66e-4,0,-0.015,1.765,1.78,-5.084e-5,897.47,0.001,336.403,0.243,6.4,32.17
9.791,0.21,2643.189,456.9,0.262,0.003,62.432,43.169,0,0.552,0.393,0.032,0.128,0.552,0.052,0.158,-4.533e-4,0,-0.016,1.765,1.78,-5.89e-5,897.405,0.001,336.4,0.243,6.4,32.17
9.799,0.228,2643.189,456.9,0.262,0.003,62.425,43.169,0,0.552,0.393,0.032,0.128,0.552,0.057,0.171,3.967e-4,0,-0.016,1.765,1.78,-5.135e-5,897.341,0.001,336.398,0.243,6.4,32.17
9.806,0.231,2643.189,456.9,0.262,0.003,62.424,43.169,0,0.552,0.393,0.032,0.128,0.552,0.058,0.173,-4.59e-4,0,-0.016,1.765,1.78,-3.785e-5,897.276,0.001,336.395,0.242,6.4,32.17
9.814,0.23,2643.189,456.9,0.262,0.003,62.424,43.169,0,0.552,0.393,0.032,0.128,0.552,0.057,0.173,-3.302e-4,0,-0.016,1.765,1.78,-2.515e-5,897.212,0.001,336.393,0.242,6.4,32.17
9.821,0.227,2643.189,456.9,0.262,0.003,62.425,43.169,0,0.552,0.393,0.032,0.128,0.552,0.057,0.171,-1.873e-4,0,-0.016,1.765,1.78,-1.444e-5,897.147,0.001,336.391,0.242,6.4,32.17
9.829,0.225,2643.189,456.9,0.262,0.003,62.426,43.169,0,0.552,0.393,0.032,0.128,0.552,0.056,0.169,1.85e-4,0,-0.016,1.764,1.78,-6.499e-6,897.082,0.001,336.388,0.242,6.4,32.17
9.836,0.222,2643.189,456.9,0.262,0.003,62.427,43.169,0,0.552,0.393,0.032,0.128,0.552,0.055,0.166,1.782e-4,0,-0.016,1.764,1.78,-1.67e-6,897.018,0.001,336.386,0.241,6.4,32.17
9.844,0.219,2643.189,456.9,0.262,0.003,62.428,43.169,0,0.552,0.393,0.032,0.128,0.552,0.055,0.165,-4.896e-4,0,-0.016,1.764,1.78,0,896.952,0.001,336.383,0.241,6.4,32.17
9.851,0.215,2643.189,456.9,0.262,0.003,62.429,43.169,0,0.552,0.393,0.032,0.128,0.552,0.054,0.162,-1.903e-4,0,-0.016,1.764,1.78,1.503e-6,896.887,0.001,336.381,0.241,6.4,32.17
9.859,0.207,2643.189,456.9,0.262,0.003,62.432,43.169,0,0.552,0.393,0.032,0.128,0.552,0.052,0.156,1.48e-4,0,-0.016,1.764,1.78,7.093e-6,896.822,0.001,336.379,0.241,6.4,32.17
9.867,0.197,2643.189,456.9,0.262,0.003,62.436,43.169,0,0.552,0.393,0.032,0.128,0.552,0.049,0.148,2.948e-4,0,-0.016,1.764,1.78,1.588e-5,896.757,0.001,336.376,0.24,6.4,32.17
9.874,0.184,2643.189,456.9,0.262,0.003,62.44,43.169,0,0.552,0.393,0.032,0.127,0.552,0.046,0.139,-2.878e-4,0,-0.016,1.764,1.78,2.644e-5,896.692,0.001,336.374,0.24,6.4,32.17
9.882,0.17,2643.189,456.9,0.262,0.003,62.446,43.169,0,0.552,0.393,0.032,0.127,0.552,0.042,0.128,-4.415e-4,0,-0.016,1.764,1.78,3.7e-5,896.627,0.001,336.371,0.24,6.4,32.17
9.889,0.155,2643.189,456.9,0.262,0.003,62.452,43.169,0,0.552,0.393,0.032,0.127,0.552,0.039,0.116,2.213e-4,0,-0.016,1.764,1.78,4.558e-5,896.563,0.001,336.369,0.239,6.4,32.17
9.897,0.139,2643.189,456.9,0.262,0.003,62.458,43.169,0,0.552,0.393,0.032,0.127,0.552,0.035,0.104,1.494e-4,0,-0.016,1.764,1.78,5.004e-5,896.498,0.001,336.367,0.239,6.4,32.17
9.905,0.119,2643.189,456.9,0.262,0.003,62.465,43.169,0,0.552,0.393,0.032,0.127,0.552,0.03,0.09,2.461e-6,0,-0.016,1.764,1.78,4.559e-5,896.433,0.001,336.364,0.239,6.4,32.17
9.912,0.099,2643.189,456.9,0.262,0.003,62.473,43.169,0,0.552,0.393,0.032,0.127,0.552,0.025,0.074,3.887e-4,0,-0.016,1.764,1.78,2.737e-5,896.369,0.001,336.362,0.239,6.4,32.17
9.92,0.084,2643.189,456.9,0.262,0.003,62.479,43.169,0,0.552,0.393,0.032,0.127,0.552,0.021,0.063,-2.902e-4,0,-0.016,1.764,1.78,4.778e-6,896.304,0.001,336.359,0.238,6.4,32.17
9.927,0.079,2643.189,456.9,0.262,0.003,62.481,43.169,0,0.552,0.393,0.032,0.127,0.552,0.02,0.059,-1.176e-4,0,-0.016,1.764,1.78,-3.814e-6,896.24,0.001,336.357,0.238,6.4,32.17
9.935,0.084,2643.189,456.9,0.262,0.003,62.479,43.169,0,0.552,0.393,0.032,0.127,0.552,0.021,0.063,-4.389e-5,0,-0.016,1.764,1.78,-2.963e-5,896.176,0.001,336.355,0.238,6.4,32.17
9.943,0.097,2643.189,456.9,0.262,0.003,62.473,43.169,0,0.551,0.393,0.031,0.127,0.551,0.024,0.073,-1.028e-4,0,-0.016,1.764,1.78,-5.152e-5,896.113,0.001,336.352,0.238,6.4,32.17
9.95,0.113,2643.189,456.9,0.262,0.003,62.467,43.169,0,0.551,0.393,0.031,0.127,0.551,0.028,0.084,5.754e-5,0,-0.016,1.764,1.78,-5.558e-5,896.049,0.001,336.35,0.237,6.4,32.17
9.958,0.108,2643.189,456.9,0.262,0.003,62.469,43.169,0,0.551,0.393,0.031,0.127,0.551,0.027,0.081,9.904e-5,0,-0.016,1.764,1.78,-5.037e-5,895.986,0.001,336.348,0.237,6.4,32.17
9.965,0.105,2643.189,456.9,0.262,0.003,62.469,43.169,0,0.551,0.393,0.031,0.127,0.551,0.026,0.079,3.916e-4,0,-0.016,1.764,1.78,-4.513e-5,895.922,0.001,336.345,0.237,6.4,32.17
9.973,0.106,2643.189,456.9,0.262,0.003,62.469,43.169,0,0.551,0.393,0.031,0.127,0.551,0.026,0.08,1.558e-4,0,-0.016,1.764,1.78,-4.033e-5,895.858,0.001,336.343,0.236,6.4,32.17
9.981,0.112,2643.189,456.9,0.262,0.003,62.467,43.169,0,0.551,0.393,0.031,0.127,0.551,0.028,0.084,-1.313e-4,0,-0.016,1.764,1.78,-3.576e-5,895.794,0.001,336.341,0.236,6.4,32.17
9.988,0.123,2643.189,456.9,0.262,0.003,62.462,43.169,0,0.551,0.393,0.031,0.127,0.551,0.031,0.092,-2.975e-4,0,-0.016,1.764,1.78,-3.106e-5,895.73,0.001,336.338,0.236,6.4,32.17
9.996,0.138,2643.189,456.9,0.262,0.003,62.456,43.169,0,0.551,0.393,0.031,0.127,0.551,0.034,0.103,1.644e-5,0,-0.016,1.764,1.78,-2.595e-5,895.666,0.001,336.336,0.236,6.4,32.17
10.004,0.151,2643.189,456.9,0.262,0.003,62.451,43.169,0,0.551,0.393,0.031,0.127,0.551,0.038,0.113,1.699e-4,0,-0.016,1.764,1.78,-1.967e-5,895.601,0.001,336.333,0.235,6.4,32.17
10.011,0.159,2643.189,456.9,0.262,0.003,62.448,43.169,0,0.551,0.393,0.031,0.127,0.551,0.039,0.119,1.779e-4,0,-0.016,1.764,1.78,-1.267e-5,895.537,0.001,336.331,0.235,6.4,32.17
10.019,0.164,2643.189,456.9,0.262,0.003,62.445,43.169,0,0.551,0.393,0.031,0.127,0.551,0.041,0.123,-2.306e-5,0,-0.016,1.764,1.78,-6.613e-6,895.472,0.001,336.329,0.235,6.4,32.17
10.027,0.169,2643.189,456.9,0.262,0.003,62.443,43.169,0,0.551,0.393,0.031,0.127,0.551,0.042,0.127,3.225e-4,0,-0.016,1.764,1.78,-2.256e-6,895.408,0.001,336.326,0.235,6.4,32.17
10.034,0.172,2643.189,456.9,0.262,0.003,62.442,43.169,0,0.551,0.393,0.031,0.127,0.551,0.043,0.129,-4.143e-4,0,-0.016,1.764,1.78,-1.464e-7,895.344,0.001,336.324,0.234,6.4,32.17
10.042,0.173,2643.189,456.9,0.262,0.003,62.441,43.169,0,0.551,0.393,0.031,0.127,0.551,0.043,0.13,-2.933e-5,0,-0.016,1.764,1.78,5.744e-7,895.28,0.001,336.322,0.234,6.4,32.17
10.05,0.172,2643.189,456.9,0.262,0.003,62.441,43.169,0,0.551,0.393,0.031,0.127,0.551,0.043,0.129,-7.968e-5,0,-0.016,1.763,1.78,3.559e-6,895.216,0.001,336.319,0.234,6.4,32.17
10.058,0.164,2643.189,456.9,0.262,0.003,62.444,43.169,0,0.551,0.393,0.031,0.127,0.551,0.041,0.123,-2.684e-4,0,-0.016,1.763,1.78,9.019e-6,895.153,0.001,336.317,0.234,6.4,32.17
10.065,0.154,2643.189,456.9,0.262,0.003,62.448,43.169,0,0.551,0.393,0.031,0.127,0.551,0.038,0.115,-3.513e-4,0,-0.017,1.763,1.78,1.594e-5,895.089,0.001,336.314,0.233,6.4,32.17
10.073,0.143,2643.189,456.9,0.262,0.003,62.452,43.169,0,0.551,0.393,0.031,0.127,0.551,0.036,0.107,-4.587e-5,0,-0.017,1.763,1.78,2.315e-5,895.026,0.001,336.312,0.233,6.4,32.17
10.081,0.13,2643.189,456.9,0.262,0.003,62.457,43.169,0,0.551,0.393,0.031,0.127,0.551,0.032,0.098,-1.724e-4,0,-0.017,1.763,1.78,2.931e-5,894.962,0.001,336.31,0.233,6.4,32.17
10.088,0.117,2643.189,456.9,0.262,0.003,62.462,43.169,0,0.551,0.393,0.031,0.127,0.551,0.029,0.088,-8.808e-6,0,-0.017,1.763,1.78,3.296e-5,894.899,0.001,336.307,0.232,6.4,32.17
10.096,0.103,2643.189,456.9,0.262,0.003,62.467,43.169,0,0.551,0.393,0.031,0.127,0.551,0.026,0.077,4.114e-4,0,-0.017,1.763,1.78,3.27e-5,894.836,0.001,336.305,0.232,6.4,32.17
10.104,0.095,2643.189,456.9,0.262,0.003,62.47,43.169,0,0.55,0.393,0.031,0.127,0.551,0.024,0.071,-4.227e-4,0,-0.017,1.763,1.78,2.805e-5,894.773,0.001,336.303,0.232,6.4,32.17
10.111,0.095,2643.189,456.9,0.262,0.003,62.47,43.169,0,0.55,0.393,0.031,0.127,0.55,0.024,0.071,1.237e-4,0,-0.017,1.763,1.78,2.012e-5,894.71,0.001,336.3,0.232,6.4,32.17
10.119,0.096,2643.189,456.9,0.262,0.003,62.47,43.169,0,0.55,0.393,0.031,0.127,0.55,0.024,0.071,-1.804e-4,0,-0.017,1.763,1.78,1.052e-5,894.647,0.001,336.298,0.231,6.4,32.17
10.127,0.099,2643.189,456.9,0.262,0.003,62.468,43.169,0,0.55,0.393,0.031,0.127,0.55,0.025,0.074,1.919e-4,0,-0.017,1.763,1.78,2.759e-6,894.584,0.001,336.296,0.231,6.4,32.17
10.134,0.105,2643.189,456.9,0.262,0.003,62.466,43.169,0,0.55,0.393,0.031,0.127,0.55,0.026,0.079,3.018e-4,0,-0.017,1.763,1.78,0,894.521,0.001,336.293,0.231,6.4,32.17
10.142,0.115,2643.189,456.9,0.262,0.003,62.462,43.169,0,0.55,0.393,0.031,0.127,0.55,0.029,0.086,4.463e-4,0,-0.017,1.763,1.78,-2.927e-6,894.458,0.001,336.291,0.231,6.4,32.17
10.15,0.127,2643.189,456.9,0.262,0.003,62.457,43.169,0,0.55,0.393,0.031,0.127,0.55,0.032,0.095,-1.982e-4,0,-0.017,1.763,1.78,-9.576e-6,894.396,0.001,336.289,0.23,6.4,32.17
10.157,0.14,2643.189,456.9,0.262,0.003,62.451,43.169,0,0.55,0.393,0.031,0.127,0.55,0.035,0.106,2.811e-4,0,-0.017,1.763,1.78,-1.713e-5,894.333,0.001,336.286,0.23,6.4,32.17
10.165,0.155,2643.189,456.9,0.262,0.003,62.445,43.169,0,0.55,0.393,0.03,0.127,0.55,0.039,0.116,1.222e-4,0,-0.017,1.763,1.78,-2.301e-5,894.27,0.001,336.284,0.23,6.4,32.17
10.173,0.171,2643.189,456.9,0.262,0.003,62.439,43.169,0,0.55,0.393,0.03,0.127,0.55,0.043,0.128,-2.069e-5,0,-0.017,1.763,1.78,-2.584e-5,894.207,0.001,336.282,0.229,6.4,32.17
10.181,0.187,2643.189,456.9,0.262,0.003,62.433,43.169,0,0.55,0.393,0.03,0.127,0.55,0.047,0.14,-4.654e-4,0,-0.017,1.763,1.78,-2.532e-5,894.144,0.001,336.279,0.229,6.4,32.17
10.188,0.203,2643.189,456.9,0.262,0.003,62.426,43.169,0,0.55,0.393,0.03,0.127,0.55,0.051,0.152,-9.881e-5,0,-0.017,1.763,1.78,-2.193e-5,894.081,0.001,336.277,0.229,6.4,32.17
10.196,0.218,2643.189,456.9,0.262,0.003,62.42,43.169,0,0.55,0.393,0.03,0.127,0.55,0.054,0.163,3.365e-4,0,-0.017,1.763,1.78,-1.663e-5,894.019,0.001,336.275,0.229,6.4,32.17
10.204,0.239,2643.189,456.9,0.262,0.003,62.411,43.169,0,0.55,0.393,0.03,0.127,0.55,0.06,0.18,3.538e-5,0,-0.017,1.763,1.78,-1.064e-5,893.956,0.001,336.273,0.228,6.4,32.17
10.211,0.268,2643.189,456.9,0.262,0.003,62.4,43.169,0,0.55,0.393,0.03,0.127,0.55,0.067,0.201,2.239e-5,0,-0.017,1.763,1.78,-5.035e-6,893.893,0.001,336.27,0.228,6.4,32.17
10.219,0.296,2643.189,456.9,0.262,0.003,62.389,43.169,0,0.55,0.393,0.03,0.127,0.55,0.074,0.222,4.137e-4,0,-0.017,1.763,1.78,-1.084e-6,893.83,0.001,336.268,0.228,6.4,32.17
10.227,0.321,2643.189,456.9,0.262,0.003,62.379,43.169,0,0.55,0.393,0.03,0.127,0.55,0.08,0.241,-4.331e-4,0,-0.017,1.763,1.78,9.058e-8,893.767,0.001,336.266,0.228,6.4,32.17
10.235,0.344,2643.189,456.9,0.262,0.003,62.37,43.169,0,0.55,0.393,0.03,0.127,0.55,0.086,0.259,-1.108e-4,0,-0.017,1.763,1.78,2.984e-6,893.704,0.001,336.263,0.227,6.4,32.17
10.243,0.365,2643.189,456.9,0.262,0.003,62.362,43.169,0,0.55,0.393,0.03,0.127,0.55,0.091,0.274,3.227e-4,0,-0.017,1.763,1.78,1.002e-5,893.641,0.001,336.261,0.227,6.4,32.17
10.251,0.38,2643.189,456.9,0.262,0.003,62.356,43.169,0,0.55,0.393,0.03,0.127,0.55,0.095,0.285,-2.227e-4,0,-0.017,1.763,1.78,2.049e-5,893.578,0.001,336.259,0.227,6.4,32.17
10.258,0.356,2643.189,456.9,0.262,0.003,62.365,43.169,0,0.55,0.393,0.03,0.127,0.55,0.089,0.267,3.005e-5,0,-0.017,1.763,1.78,3.179e-5,893.515,0.001,336.256,0.226,6.4,32.17
10.266,0.33,2643.189,456.9,0.262,0.003,62.374,43.169,0,0.55,0.393,0.03,0.127,0.55,0.083,0.247,-1.396e-4,0,-0.017,1.763,1.78,4.014e-5,893.452,0.001,336.254,0.226,6.4,32.17
10.274,0.304,2643.189,456.9,0.262,0.003,62.385,43.169,0,0.549,0.393,0.03,0.127,0.55,0.076,0.229,4.414e-4,0,-0.017,1.763,1.78,4.278e-5,893.389,0.001,336.252,0.226,6.4,32.17
10.282,0.278,2643.189,456.9,0.262,0.003,62.394,43.169,0,0.549,0.393,0.03,0.127,0.55,0.069,0.208,2.558e-4,0,-0.018,1.763,1.78,3.823e-5,893.327,0.001,336.249,0.226,6.4,32.17
10.29,0.254,2643.189,456.9,0.262,0.003,62.404,43.169,0,0.549,0.393,0.03,0.127,0.55,0.063,0.19,5.756e-5,0,-0.018,1.762,1.78,2.715e-5,893.265,0.001,336.247,0.225,6.4,32.17
10.297,0.232,2643.189,456.9,0.262,0.003,62.412,43.169,0,0.549,0.393,0.03,0.127,0.549,0.058,0.174,-3.533e-4,0,-0.018,1.762,1.78,1.312e-5,893.203,0.001,336.245,0.225,6.4,32.17
10.305,0.225,2643.189,456.9,0.262,0.003,62.415,43.169,0,0.549,0.393,0.03,0.127,0.549,0.056,0.168,4.785e-4,0,-0.018,1.762,1.78,2.724e-6,893.142,0.001,336.242,0.225,6.4,32.17
10.313,0.228,2643.189,456.9,0.262,0.003,62.414,43.169,0,0.549,0.393,0.03,0.127,0.549,0.057,0.171,3.764e-4,0,-0.018,1.762,1.78,-1.893e-7,893.081,0.001,336.24,0.225,6.4,32.17
10.321,0.234,2643.189,456.9,0.262,0.003,62.411,43.169,0,0.549,0.393,0.03,0.127,0.549,0.058,0.176,-1.333e-4,0,-0.018,1.762,1.78,-5.977e-6,893.019,0.001,336.238,0.224,6.4,32.17
10.328,0.244,2643.189,456.9,0.262,0.003,62.407,43.169,0,0.549,0.393,0.03,0.127,0.549,0.061,0.183,-9.344e-5,0,-0.018,1.762,1.78,-1.736e-5,892.958,0.001,336.236,0.224,6.4,32.17
10.336,0.256,2643.189,456.9,0.262,0.003,62.402,43.169,0,0.549,0.393,0.03,0.127,0.549,0.064,0.192,2.373e-5,0,-0.018,1.762,1.78,-2.98e-5,892.897,0.001,336.233,0.224,6.4,32.17
10.344,0.27,2643.189,456.9,0.262,0.003,62.396,43.169,0,0.549,0.393,0.03,0.126,0.549,0.067,0.203,1.375e-4,0,-0.018,1.762,1.78,-3.913e-5,892.835,0.001,336.231,0.223,6.4,32.17
10.351,0.286,2643.189,456.9,0.262,0.003,62.39,43.169,0,0.549,0.393,0.03,0.126,0.549,0.071,0.215,-4.193e-4,0,-0.018,1.762,1.78,-4.292e-5,892.774,0.001,336.229,0.223,6.4,32.17
10.359,0.304,2643.189,456.9,0.262,0.003,62.383,43.169,0,0.549,0.393,0.03,0.126,0.549,0.076,0.229,9.273e-5,0,-0.018,1.762,1.78,-4.062e-5,892.713,0.001,336.227,0.223,6.4,32.17
10.367,0.322,2643.189,456.9,0.262,0.003,62.375,43.169,0,0.549,0.393,0.03,0.126,0.549,0.081,0.242,-1.984e-4,0,-0.018,1.762,1.78,-3.368e-5,892.652,0.001,336.224,0.223,6.4,32.17
10.375,0.339,2643.189,456.9,0.262,0.003,62.369,43.169,0,0.549,0.393,0.03,0.126,0.549,0.085,0.255,4.666e-4,0,-0.018,1.762,1.78,-2.404e-5,892.59,0.001,336.222,0.222,6.4,32.17
10.382,0.354,2643.189,456.9,0.262,0.003,62.363,43.169,0,0.549,0.393,0.03,0.126,0.549,0.089,0.266,4.995e-4,0,-0.018,1.762,1.78,-1.394e-5,892.529,0.001,336.22,0.222,6.4,32.17
10.39,0.367,2643.189,456.9,0.262,0.003,62.358,43.169,0,0.549,0.393,0.029,0.126,0.549,0.092,0.275,-4.652e-4,0,-0.018,1.762,1.78,-5.572e-6,892.468,0.001,336.217,0.222,6.4,32.17
10.398,0.377,2643.189,456.9,0.262,0.003,62.354,43.169,0,0.549,0.393,0.029,0.126,0.549,0.094,0.282,-4.327e-4,0,-0.018,1.762,1.78,-7.278e-7,892.407,0.001,336.215,0.222,6.4,32.17
10.406,0.378,2643.189,456.9,0.262,0.003,62.353,43.169,0,0.549,0.393,0.029,0.126,0.549,0.095,0.283,-7.138e-5,0,-0.018,1.762,1.78,5.198e-7,892.346,0.001,336.213,0.221,6.4,32.17
10.414,0.374,2643.189,456.9,0.262,0.003,62.354,43.169,0,0.549,0.393,0.029,0.126,0.549,0.094,0.281,-3.8e-4,0,-0.018,1.762,1.78,5.116e-6,892.285,0.001,336.211,0.221,6.4,32.17
10.421,0.368,2643.189,456.9,0.262,0.003,62.357,43.169,0,0.549,0.393,0.029,0.126,0.549,0.092,0.276,-2.277e-4,0,-0.018,1.762,1.78,1.358e-5,892.224,0.001,336.208,0.221,6.4,32.17
10.429,0.359,2643.189,456.9,0.262,0.003,62.36,43.169,0,0.549,0.393,0.029,0.126,0.549,0.09,0.269,2.521e-4,0,-0.018,1.762,1.78,2.417e-5,892.163,0.001,336.206,0.221,6.4,32.17
10.437,0.348,2643.189,456.9,0.262,0.003,62.364,43.169,0,0.549,0.393,0.029,0.126,0.549,0.087,0.261,-3.163e-4,0,-0.018,1.762,1.78,3.453e-5,892.102,0.001,336.204,0.22,6.4,32.17
10.445,0.336,2643.189,456.9,0.262,0.003,62.368,43.169,0,0.548,0.393,0.029,0.126,0.549,0.084,0.252,4.067e-4,0,-0.018,1.762,1.78,4.214e-5,892.041,0.001,336.202,0.22,6.4,32.17
10.453,0.324,2643.189,456.9,0.262,0.003,62.373,43.169,0,0.548,0.393,0.029,0.126,0.549,0.081,0.244,1.381e-4,0,-0.018,1.762,1.78,4.483e-5,891.981,0.001,336.199,0.22,6.4,32.17
10.46,0.316,2643.189,456.9,0.262,0.003,62.376,43.169,0,0.548,0.393,0.029,0.126,0.549,0.079,0.237,3.589e-4,0,-0.018,1.762,1.78,4.162e-5,891.92,0.001,336.197,0.219,6.4,32.17
10.468,0.308,2643.189,456.9,0.262,0.003,62.379,43.169,0,0.548,0.393,0.029,0.126,0.549,0.077,0.231,-3.047e-4,0,-0.019,1.762,1.78,3.281e-5,891.86,0.001,336.195,0.219,6.4,32.17
10.476,0.302,2643.189,456.9,0.262,0.003,62.381,43.169,0,0.548,0.393,0.029,0.126,0.548,0.076,0.227,-1.879e-4,0,-0.019,1.762,1.78,2.058e-5,891.799,0.001,336.193,0.219,6.4,32.17
10.484,0.299,2643.189,456.9,0.262,0.003,62.382,43.169,0,0.548,0.393,0.029,0.126,0.548,0.075,0.224,-4.094e-4,0,-0.019,1.762,1.78,8.677e-6,891.739,0.001,336.19,0.219,6.4,32.17
10.492,0.299,2643.189,456.9,0.262,0.003,62.382,43.169,0,0.548,0.393,0.029,0.126,0.548,0.075,0.224,-3.923e-4,0,-0.019,1.762,1.78,1.176e-6,891.679,0.001,336.188,0.218,6.4,32.17
10.499,0.302,2643.189,456.9,0.262,0.003,62.381,43.169,0,0.548,0.393,0.029,0.126,0.548,0.075,0.227,1.88e-4,0,-0.019,1.762,1.78,-7.545e-7,891.618,0.001,336.186,0.218,6.4,32.17
10.507,0.307,2643.189,456.9,0.262,0.003,62.379,43.169,0,0.548,0.393,0.029,0.126,0.548,0.077,0.23,-4.525e-4,0,-0.019,1.762,1.78,-7.5e-6,891.558,0.001,336.184,0.218,6.4,32.17
10.515,0.315,2643.189,456.9,0.262,0.003,62.375,43.169,0,0.548,0.393,0.029,0.126,0.548,0.079,0.236,-2.023e-4,0,-0.019,1.762,1.78,-1.884e-5,891.498,0.001,336.182,0.218,6.4,32.17
10.523,0.325,2643.189,456.9,0.262,0.003,62.371,43.169,0,0.548,0.393,0.029,0.126,0.548,0.081,0.244,-1.691e-4,0,-0.019,1.762,1.78,-3.075e-5,891.438,0.001,336.179,0.217,6.4,32.17
10.531,0.337,2643.189,456.9,0.262,0.003,62.366,43.169,0,0.548,0.393,0.029,0.126,0.548,0.084,0.252,3.559e-4,0,-0.019,1.762,1.78,-3.959e-5,891.378,0.001,336.177,0.217,6.4,32.17
10.538,0.35,2643.189,456.9,0.262,0.003,62.361,43.169,0,0.548,0.393,0.029,0.126,0.548,0.088,0.263,-3.968e-4,0,-0.019,1.761,1.78,-4.315e-5,891.318,0.001,336.175,0.217,6.4,32.17
10.546,0.363,2643.189,456.9,0.262,0.003,62.356,43.169,0,0.548,0.393,0.029,0.126,0.548,0.091,0.272,4.69e-4,0,-0.019,1.761,1.78,-4.098e-5,891.258,0.001,336.173,0.216,6.4,32.17
10.554,0.378,2643.189,456.9,0.262,0.003,62.35,43.169,0,0.548,0.393,0.029,0.126,0.548,0.095,0.283,1.192e-4,0,-0.019,1.761,1.78,-3.396e-5,891.198,0.001,336.17,0.216,6.4,32.17
10.562,0.396,2643.189,456.9,0.262,0.003,62.343,43.169,0,0.548,0.393,0.029,0.126,0.548,0.099,0.298,3.202e-4,0,-0.019,1.761,1.78,-2.413e-5,891.138,0.001,336.168,0.216,6.4,32.17
10.57,0.412,2643.189,456.9,0.262,0.003,62.336,43.169,0,0.548,0.393,0.029,0.126,0.548,0.103,0.309,1.891e-5,0,-0.019,1.761,1.78,-1.391e-5,891.078,0.001,336.166,0.216,6.4,32.17
10.578,0.426,2643.189,456.9,0.262,0.003,62.331,43.169,0,0.548,0.393,0.029,0.126,0.548,0.107,0.32,-6.053e-5,0,-0.019,1.761,1.78,-5.5e-6,891.018,0.001,336.164,0.215,6.4,32.17
10.585,0.438,2643.189,456.9,0.262,0.003,62.326,43.169,0,0.548,0.393,0.029,0.126,0.548,0.11,0.328,2.169e-4,0,-0.019,1.761,1.78,-6.767e-7,890.958,0.001,336.162,0.215,6.4,32.17
10.593,0.447,2643.189,456.9,0.262,0.003,62.322,43.169,0,0.548,0.393,0.029,0.126,0.548,0.112,0.335,3.374e-4,0,-0.019,1.761,1.78,5.899e-7,890.899,0.001,336.159,0.215,6.4,32.17
10.601,0.451,2643.189,456.9,0.262,0.003,62.32,43.169,0,0.548,0.393,0.029,0.126,0.548,0.113,0.339,-9.52e-5,0,-0.019,1.761,1.78,5.538e-6,890.839,0.001,336.157,0.215,6.4,32.17
10.609,0.443,2643.189,456.9,0.262,0.003,62.323,43.169,0,0.548,0.393,0.029,0.126,0.548,0.111,0.332,1.833e-6,0,-0.019,1.761,1.78,1.469e-5,890.779,0.001,336.155,0.214,6.4,32.17
10.617,0.432,2643.189,456.9,0.262,0.003,62.327,43.169,0,0.548,0.393,0.029,0.126,0.548,0.108,0.324,1.674e-4,0,-0.019,1.761,1.78,2.6e-5,890.719,0.001,336.153,0.214,6.4,32.17
10.625,0.419,2643.189,456.9,0.262,0.003,62.332,43.169,0,0.547,0.393,0.028,0.126,0.548,0.105,0.314,2.576e-4,0,-0.019,1.761,1.78,3.688e-5,890.659,0.001,336.15,0.214,6.4,32.17
10.633,0.405,2643.189,456.9,0.262,0.003,62.338,43.169,0,0.547,0.393,0.028,0.126,0.548,0.102,0.304,-2.885e-4,0,-0.019,1.761,1.78,4.463e-5,890.6,0.001,336.148,0.213,6.4,32.17
10.64,0.391,2643.189,456.9,0.262,0.003,62.343,43.169,0,0.547,0.393,0.028,0.126,0.548,0.098,0.293,-9.95e-6,0,-0.019,1.761,1.78,4.7e-5,890.541,0.001,336.146,0.213,6.4,32.17
10.648,0.376,2643.189,456.9,0.262,0.003,62.349,43.169,0,0.547,0.393,0.028,0.126,0.548,0.094,0.282,2.086e-4,0,-0.019,1.761,1.781,4.287e-5,890.481,0.001,336.144,0.213,6.4,32.17
10.656,0.373,2643.189,456.9,0.262,0.003,62.35,43.169,0,0.547,0.393,0.028,0.126,0.548,0.093,0.28,2.318e-4,0,-0.019,1.761,1.781,3.42e-5,890.422,0.001,336.142,0.213,6.4,32.17
10.664,0.375,2643.189,456.9,0.262,0.003,62.349,43.169,0,0.547,0.393,0.028,0.126,0.548,0.094,0.281,-2.493e-4,0,-0.02,1.761,1.78,2.283e-5,890.363,0.001,336.139,0.212,6.4,32.17
10.672,0.379,2643.189,456.9,0.262,0.003,62.347,43.169,0,0.547,0.393,0.028,0.126,0.547,0.095,0.285,1.121e-4,0,-0.02,1.761,1.78,1.14e-5,890.304,0.001,336.137,0.212,6.4,32.17
10.68,0.386,2643.189,456.9,0.262,0.003,62.344,43.169,0,0.547,0.393,0.028,0.126,0.547,0.097,0.289,-8.12e-5,0,-0.02,1.761,1.78,3.039e-6,890.245,0.001,336.135,0.212,6.4,32.17
10.688,0.395,2643.189,456.9,0.262,0.003,62.34,43.169,0,0.547,0.393,0.028,0.126,0.547,0.099,0.296,-3.294e-4,0,-0.02,1.761,1.78,0,890.186,0.001,336.133,0.212,6.4,32.17
10.696,0.408,2643.189,456.9,0.262,0.003,62.335,43.169,0,0.547,0.393,0.028,0.126,0.547,0.102,0.306,-3.417e-5,0,-0.02,1.761,1.78,-2.821e-6,890.126,0.001,336.131,0.211,6.4,32.17
10.704,0.415,2643.189,456.9,0.262,0.003,62.332,43.169,0,0.547,0.393,0.028,0.126,0.547,0.104,0.311,3.309e-5,0,-0.02,1.761,1.78,-1.095e-5,890.067,0.001,336.129,0.211,6.4,32.17
10.712,0.415,2643.189,456.9,0.262,0.003,62.332,43.169,0,0.547,0.393,0.028,0.126,0.547,0.104,0.311,-3.883e-4,0,-0.02,1.761,1.781,-2.31e-5,890.008,0.001,336.126,0.211,6.4,32.17
10.719,0.418,2643.189,456.9,0.262,0.003,62.331,43.169,0,0.547,0.393,0.028,0.126,0.547,0.105,0.313,4.518e-4,0,-0.02,1.761,1.781,-3.499e-5,889.949,0.001,336.124,0.211,6.4,32.17
10.727,0.422,2643.189,456.9,0.262,0.003,62.329,43.169,0,0.547,0.393,0.028,0.126,0.547,0.106,0.316,-4.749e-5,0,-0.02,1.761,1.781,-4.323e-5,889.89,0.001,336.122,0.21,6.4,32.17
10.735,0.427,2643.189,456.9,0.262,0.003,62.327,43.169,0,0.547,0.393,0.028,0.126,0.547,0.107,0.32,-2.919e-4,0,-0.02,1.761,1.781,-4.58e-5,889.831,0.001,336.12,0.21,6.4,32.17
10.743,0.431,2643.189,456.9,0.262,0.003,62.325,43.169,0,0.547,0.393,0.028,0.126,0.547,0.108,0.323,-1.767e-5,0,-0.02,1.761,1.781,-4.248e-5,889.773,0.001,336.118,0.21,6.4,32.17
10.751,0.437,2643.189,456.9,0.262,0.003,62.323,43.169,0,0.547,0.393,0.028,0.126,0.547,0.11,0.327,3.788e-4,0,-0.02,1.761,1.781,-3.444e-5,889.715,0.001,336.115,0.209,6.4,32.17
10.759,0.456,2643.189,456.9,0.262,0.003,62.315,43.169,0,0.547,0.393,0.028,0.126,0.547,0.114,0.342,2.289e-4,0,-0.02,1.761,1.781,-2.347e-5,889.656,0.001,336.113,0.209,6.4,32.17
10.767,0.473,2643.189,456.9,0.262,0.003,62.308,43.169,0,0.547,0.393,0.028,0.126,0.547,0.119,0.355,4.655e-4,0,-0.02,1.761,1.781,-1.276e-5,889.598,0.001,336.111,0.209,6.4,32.17
10.775,0.489,2643.189,456.9,0.262,0.003,62.302,43.169,0,0.547,0.393,0.028,0.126,0.547,0.123,0.367,2.238e-6,0,-0.02,1.761,1.781,-4.456e-6,889.54,0.001,336.109,0.209,6.4,32.17
10.783,0.501,2643.189,456.9,0.262,0.003,62.297,43.169,0,0.547,0.393,0.028,0.126,0.547,0.126,0.376,-1.12e-4,0,-0.02,1.761,1.781,-2.738e-7,889.481,0.001,336.107,0.208,6.4,32.17
10.79,0.512,2643.189,456.9,0.262,0.003,62.293,43.169,0,0.547,0.393,0.028,0.126,0.547,0.128,0.383,-2.435e-4,0,-0.02,1.761,1.781,1.26e-6,889.423,0.001,336.105,0.208,6.4,32.17
10.798,0.519,2643.189,456.9,0.262,0.003,62.29,43.169,0,0.547,0.393,0.028,0.126,0.547,0.13,0.389,3.396e-4,0,-0.02,1.76,1.781,7.596e-6,889.364,0.001,336.103,0.208,6.4,32.17
10.806,0.52,2643.189,456.9,0.262,0.003,62.29,43.169,0,0.546,0.393,0.028,0.126,0.547,0.131,0.39,6.522e-5,0,-0.02,1.76,1.781,1.844e-5,889.306,0.001,336.1,0.208,6.4,32.17
10.814,0.517,2643.189,456.9,0.262,0.003,62.291,43.169,0,0.546,0.393,0.028,0.126,0.547,0.13,0.388,7.337e-6,0,-0.02,1.76,1.781,3.18e-5,889.248,0.001,336.098,0.207,6.4,32.17
10.822,0.512,2643.189,456.9,0.262,0.003,62.292,43.169,0,0.546,0.393,0.028,0.126,0.547,0.129,0.384,-2.898e-4,0,-0.02,1.76,1.781,4.507e-5,889.189,0.001,336.096,0.207,6.4,32.17
10.83,0.506,2643.189,456.9,0.262,0.003,62.295,43.169,0,0.546,0.393,0.028,0.126,0.547,0.127,0.38,-3.461e-4,0,-0.02,1.76,1.781,5.535e-5,889.131,0.001,336.094,0.207,6.4,32.17
10.838,0.498,2643.189,456.9,0.262,0.003,62.297,43.169,0,0.546,0.393,0.028,0.126,0.547,0.125,0.374,3.827e-4,0,-0.02,1.76,1.781,6.01e-5,889.073,0.001,336.092,0.207,6.4,32.17
10.846,0.491,2643.189,456.9,0.262,0.003,62.3,43.169,0,0.546,0.393,0.028,0.126,0.547,0.123,0.368,-4.359e-4,0,-0.02,1.76,1.781,5.776e-5,889.014,0.001,336.09,0.206,6.4,32.17
10.854,0.482,2643.189,456.9,0.262,0.003,62.303,43.169,0,0.546,0.393,0.028,0.126,0.547,0.121,0.362,4.993e-4,0,-0.021,1.76,1.781,4.809e-5,888.956,0.001,336.087,0.206,6.4,32.17
10.862,0.473,2643.189,456.9,0.262,0.003,62.307,43.169,0,0.546,0.393,0.027,0.126,0.547,0.119,0.355,-1.46e-4,0,-0.021,1.76,1.781,3.305e-5,888.898,0.001,336.085,0.206,6.4,32.17
10.87,0.467,2643.189,456.9,0.262,0.003,62.309,43.169,0,0.546,0.393,0.027,0.125,0.547,0.117,0.35,-3.706e-4,0,-0.021,1.76,1.781,1.693e-5,888.84,0.001,336.083,0.205,6.4,32.17
10.878,0.463,2643.189,456.9,0.262,0.003,62.31,43.169,0,0.546,0.393,0.027,0.125,0.546,0.116,0.347,-3.57e-4,0,-0.021,1.76,1.781,4.609e-6,888.782,0.001,336.081,0.205,6.4,32.17
10.886,0.463,2643.189,456.9,0.262,0.003,62.31,43.169,0,0.546,0.393,0.027,0.125,0.546,0.116,0.347,3.773e-5,0,-0.021,1.76,1.781,0,888.724,0.001,336.079,0.205,6.4,32.17
10.894,0.467,2643.189,456.9,0.262,0.003,62.309,43.169,0,0.546,0.393,0.027,0.125,0.546,0.117,0.35,-4.095e-4,0,-0.021,1.76,1.781,-4.566e-6,888.666,0.001,336.077,0.205,6.4,32.17
10.902,0.473,2643.189,456.9,0.262,0.003,62.306,43.169,0,0.546,0.393,0.027,0.125,0.546,0.118,0.354,-1.614e-4,0,-0.021,1.76,1.781,-1.689e-5,888.609,0.001,336.075,0.204,6.4,32.17
10.91,0.478,2643.189,456.9,0.262,0.003,62.304,43.169,0,0.546,0.393,0.027,0.125,0.546,0.12,0.359,2.941e-4,0,-0.021,1.76,1.781,-3.371e-5,888.551,0.001,336.072,0.204,6.4,32.17
10.918,0.487,2643.189,456.9,0.262,0.003,62.3,43.169,0,0.546,0.393,0.027,0.125,0.546,0.122,0.365,2.646e-4,0,-0.021,1.76,1.781,-4.971e-5,888.494,0.001,336.07,0.204,6.4,32.17
10.926,0.496,2643.189,456.9,0.262,0.003,62.296,43.169,0,0.546,0.393,0.027,0.125,0.546,0.125,0.372,5.238e-5,0,-0.021,1.76,1.781,-6.057e-5,888.436,0.001,336.068,0.204,6.4,32.17
10.934,0.507,2643.189,456.9,0.262,0.003,62.292,43.169,0,0.546,0.393,0.027,0.125,0.546,0.127,0.381,-4.521e-4,0,-0.021,1.76,1.781,-6.388e-5,888.379,0.001,336.066,0.203,6.4,32.17
10.942,0.517,2643.189,456.9,0.262,0.003,62.288,43.169,0,0.546,0.393,0.027,0.125,0.546,0.13,0.388,4.907e-4,0,-0.021,1.76,1.781,-5.94e-5,888.322,0.001,336.064,0.203,6.4,32.17
10.95,0.526,2643.189,456.9,0.262,0.003,62.284,43.169,0,0.546,0.393,0.027,0.125,0.546,0.132,0.395,-8.517e-5,0,-0.021,1.76,1.781,-4.876e-5,888.265,0.001,336.062,0.203,6.4,32.17
10.958,0.533,2643.189,456.9,0.262,0.003,62.282,43.169,0,0.546,0.393,0.027,0.125,0.546,0.134,0.4,-4.504e-4,0,-0.021,1.76,1.781,-3.471e-5,888.208,0.001,336.06,0.202,6.4,32.17
10.966,0.538,2643.189,456.9,0.262,0.003,62.28,43.169,0,0.546,0.393,0.027,0.125,0.546,0.135,0.403,1.944e-4,0,-0.021,1.76,1.781,-2.033e-5,888.151,0.001,336.058,0.202,6.4,32.17
10.974,0.54,2643.189,456.9,0.262,0.003,62.279,43.169,0,0.546,0.393,0.027,0.125,0.546,0.136,0.405,3.377e-4,0,-0.021,1.76,1.781,-8.513e-6,888.094,0.001,336.055,0.202,6.4,32.17
10.982,0.539,2643.189,456.9,0.262,0.003,62.279,43.169,0,0.546,0.393,0.027,0.125,0.546,0.135,0.404,-4.607e-4,0,-0.022,1.76,1.781,-1.444e-6,888.038,0.001,336.053,0.202,6.4,32.17
10.99,0.535,2643.189,456.9,0.262,0.003,62.28,43.169,0,0.546,0.393,0.027,0.125,0.546,0.134,0.401,3.464e-4,0,-0.022,1.76,1.781,3.101e-7,887.981,0.001,336.051,0.201,6.4,32.17
10.998,0.528,2643.189,456.9,0.262,0.003,62.283,43.169,0,0.545,0.393,0.027,0.125,0.546,0.133,0.397,-2.393e-4,0,-0.022,1.76,1.781,5.183e-6,887.925,0.001,336.049,0.201,6.4,32.17
11.005,0.527,2643.189,456.9,0.262,0.003,62.283,43.169,0,0.545,0.393,0.027,0.125,0.546,0.132,0.395,-4.707e-4,0,-0.022,1.76,1.781,1.511e-5,887.868,0.001,336.047,0.201,6.4,32.17
11.013,0.527,2643.189,456.9,0.262,0.003,62.283,43.169,0,0.545,0.393,0.027,0.125,0.546,0.132,0.395,-2.241e-4,0,-0.022,1.76,1.781,2.871e-5,887.812,0.001,336.045,0.201,6.4,32.17
11.021,0.526,2643.189,456.9,0.262,0.003,62.283,43.169,0,0.545,0.393,0.027,0.125,0.546,0.132,0.394,-2.561e-4,0,-0.022,1.76,1.781,4.392e-5,887.755,0.001,336.043,0.2,6.4,32.17
11.029,0.522,2643.189,456.9,0.262,0.003,62.285,43.169,0,0.545,0.393,0.027,0.125,0.546,0.131,0.392,-3.301e-4,0,-0.022,1.76,1.781,5.805e-5,887.699,0.001,336.041,0.2,6.4,32.17
11.037,0.517,2643.189,456.9,0.262,0.003,62.286,43.169,0,0.545,0.393,0.027,0.125,0.546,0.13,0.388,5.716e-5,0,-0.022,1.76,1.781,6.836e-5,887.642,0.001,336.039,0.2,6.4,32.17
11.045,0.512,2643.189,456.9,0.262,0.003,62.288,43.169,0,0.545,0.393,0.027,0.125,0.546,0.128,0.384,-1.305e-4,0,-0.022,1.76,1.781,7.239e-5,887.586,0.001,336.037,0.2,6.4,32.17
11.053,0.503,2643.189,456.9,0.262,0.003,62.292,43.169,0,0.545,0.393,0.027,0.125,0.546,0.126,0.377,4.138e-4,0,-0.022,1.76,1.781,6.809e-5,887.529,0.001,336.035,0.199,6.4,32.17
11.061,0.49,2643.189,456.9,0.262,0.003,62.297,43.169,0,0.545,0.393,0.027,0.125,0.546,0.123,0.367,-6.858e-5,0,-0.022,1.76,1.781,5.492e-5,887.473,0.001,336.032,0.199,6.4,32.17
11.07,0.478,2643.189,456.9,0.262,0.003,62.301,43.169,0,0.545,0.393,0.027,0.125,0.546,0.12,0.359,1.684e-4,0,-0.022,1.76,1.781,3.647e-5,887.416,0.001,336.03,0.199,6.4,32.17
11.078,0.47,2643.189,456.9,0.262,0.003,62.304,43.169,0,0.545,0.393,0.027,0.125,0.545,0.118,0.352,4.429e-4,0,-0.022,1.759,1.781,1.767e-5,887.36,0.001,336.028,0.198,6.4,32.17
11.086,0.464,2643.189,456.9,0.262,0.003,62.306,43.169,0,0.545,0.393,0.027,0.125,0.545,0.116,0.348,-1.941e-5,0,-0.022,1.759,1.782,4.106e-6,887.304,0.001,336.026,0.198,6.4,32.17
11.094,0.463,2643.189,456.9,0.262,0.003,62.306,43.169,0,0.545,0.393,0.027,0.125,0.545,0.116,0.347,-4.636e-4,0,-0.022,1.759,1.782,-1.047e-7,887.247,0.001,336.024,0.198,6.4,32.17
11.102,0.467,2643.189,456.9,0.262,0.003,62.305,43.169,0,0.545,0.393,0.027,0.125,0.545,0.117,0.351,-4.266e-4,0,-0.022,1.759,1.782,-6.709e-6,887.191,0.001,336.022,0.198,6.4,32.17
11.11,0.484,2643.189,456.9,0.262,0.003,62.298,43.169,0,0.545,0.393,0.027,0.125,0.545,0.121,0.363,-4.83e-4,0,-0.022,1.759,1.782,-1.954e-5,887.135,0.001,336.02,0.197,6.4,32.17
11.118,0.503,2643.189,456.9,0.262,0.003,62.291,43.169,0,0.545,0.393,0.027,0.125,0.545,0.126,0.377,-1.448e-4,0,-0.022,1.759,1.782,-3.505e-5,887.079,0.001,336.018,0.197,6.4,32.17
11.126,0.524,2643.189,456.9,0.262,0.003,62.282,43.169,0,0.545,0.393,0.026,0.125,0.545,0.132,0.393,1.033e-4,0,-0.022,1.759,1.782,-4.918e-5,887.023,0.001,336.016,0.197,6.4,32.17
11.134,0.547,2643.189,456.9,0.262,0.003,62.273,43.169,0,0.545,0.393,0.026,0.125,0.545,0.137,0.41,-9.575e-5,0,-0.022,1.759,1.782,-5.861e-5,886.967,0.001,336.014,0.197,6.4,32.17
11.142,0.57,2643.189,456.9,0.262,0.003,62.264,43.169,0,0.545,0.393,0.026,0.125,0.545,0.143,0.428,-2.184e-4,0,-0.022,1.759,1.782,-6.15e-5,886.911,0.001,336.012,0.196,6.4,32.17
11.15,0.594,2643.189,456.9,0.262,0.003,62.255,43.169,0,0.545,0.393,0.026,0.125,0.545,0.149,0.445,3.176e-4,0,-0.022,1.759,1.782,-5.757e-5,886.854,0.001,336.01,0.196,6.4,32.17
11.158,0.605,2643.189,456.9,0.262,0.003,62.25,43.169,0,0.545,0.393,0.026,0.125,0.545,0.152,0.453,-2.267e-4,0,-0.022,1.759,1.782,-4.931e-5,886.798,0.001,336.007,0.196,6.4,32.17
11.166,0.615,2643.189,456.9,0.262,0.003,62.247,43.169,0,0.545,0.393,0.026,0.125,0.545,0.155,0.46,4.222e-4,0,-0.022,1.759,1.782,-3.7e-5,886.742,0.001,336.005,0.196,6.4,32.17
11.174,0.622,2643.189,456.9,0.262,0.003,62.243,43.169,0,0.545,0.393,0.026,0.125,0.545,0.157,0.466,1.156e-4,0,-0.023,1.759,1.782,-2.34e-5,886.686,0.001,336.003,0.195,6.4,32.17
11.183,0.628,2643.189,456.9,0.262,0.003,62.241,43.169,0,0.545,0.393,0.026,0.125,0.545,0.158,0.471,-1.5e-4,0,-0.023,1.759,1.782,-1.129e-5,886.631,0.001,336.001,0.195,6.4,32.17
11.191,0.63,2643.189,456.9,0.262,0.003,62.24,43.169,0,0.545,0.393,0.026,0.125,0.545,0.159,0.473,3.557e-4,0,-0.023,1.759,1.782,-2.996e-6,886.575,0.001,335.999,0.195,6.4,32.17
11.199,0.63,2643.189,456.9,0.262,0.003,62.24,43.169,0,0.545,0.393,0.026,0.125,0.545,0.159,0.472,-2.392e-5,0,-0.023,1.759,1.782,0,886.519,0.001,335.997,0.194,6.4,32.17
11.207,0.636,2643.189,456.9,0.262,0.003,62.237,43.169,0,0.545,0.393,0.026,0.125,0.545,0.16,0.477,3.577e-4,0,-0.023,1.759,1.782,2.868e-6,886.464,0.001,335.995,0.194,6.4,32.17
11.215,0.641,2643.189,456.9,0.262,0.003,62.235,43.169,0,0.544,0.393,0.026,0.125,0.545,0.161,0.481,-2.801e-4,0,-0.023,1.759,1.782,1.135e-5,886.408,0.001,335.993,0.194,6.4,32.17
11.223,0.644,2643.189,456.9,0.262,0.003,62.234,43.169,0,0.544,0.393,0.026,0.125,0.545,0.162,0.482,-2.763e-4,0,-0.023,1.759,1.782,2.432e-5,886.353,0.001,335.991,0.194,6.4,32.17
11.231,0.644,2643.189,456.9,0.262,0.003,62.234,43.169,0,0.544,0.393,0.026,0.125,0.545,0.162,0.483,2.102e-4,0,-0.023,1.759,1.782,3.976e-5,886.298,0.001,335.989,0.193,6.4,32.17
11.239,0.643,2643.189,456.9,0.262,0.003,62.234,43.169,0,0.544,0.393,0.026,0.125,0.545,0.162,0.482,3.27e-4,0,-0.023,1.759,1.782,5.506e-5,886.242,0.001,335.987,0.193,6.4,32.17
11.247,0.64,2643.189,456.9,0.262,0.003,62.235,43.169,0,0.544,0.393,0.026,0.125,0.545,0.161,0.479,-1.871e-4,0,-0.023,1.759,1.782,6.735e-5,886.187,0.001,335.985,0.193,6.4,32.17
11.255,0.629,2643.189,456.9,0.262,0.003,62.239,43.169,0,0.544,0.393,0.026,0.125,0.545,0.158,0.472,4.598e-4,0,-0.023,1.759,1.782,7.303e-5,886.131,0.001,335.983,0.193,6.4,32.17
11.264,0.615,2643.189,456.9,0.262,0.003,62.245,43.169,0,0.544,0.393,0.026,0.125,0.545,0.155,0.46,2.234e-5,0,-0.023,1.759,1.782,6.996e-5,886.076,0.001,335.981,0.192,6.4,32.17
11.272,0.601,2643.189,456.9,0.262,0.003,62.25,43.169,0,0.544,0.393,0.026,0.125,0.545,0.151,0.451,9.328e-5,0,-0.023,1.759,1.782,5.865e-5,886.021,0.001,335.979,0.192,6.4,32.17
11.28,0.589,2643.189,456.9,0.262,0.003,62.254,43.169,0,0.544,0.393,0.026,0.125,0.545,0.148,0.442,-2.841e-4,0,-0.023,1.759,1.782,4.155e-5,885.966,0.001,335.977,0.192,6.4,32.17
11.288,0.58,2643.189,456.9,0.262,0.003,62.258,43.169,0,0.544,0.393,0.026,0.125,0.545,0.146,0.434,-2.487e-4,0,-0.023,1.759,1.782,2.284e-5,885.911,0.001,335.975,0.192,6.4,32.17
11.296,0.573,2643.189,456.9,0.262,0.003,62.26,43.169,0,0.544,0.393,0.026,0.125,0.545,0.144,0.429,2.717e-4,0,-0.023,1.759,1.782,7.622e-6,885.856,0.001,335.973,0.191,6.4,32.17
11.304,0.565,2643.189,456.9,0.262,0.003,62.263,43.169,0,0.544,0.393,0.026,0.125,0.545,0.142,0.424,4.976e-4,0,-0.024,1.759,1.782,1.748e-7,885.801,0.001,335.971,0.191,6.4,32.17
11.312,0.557,2643.189,456.9,0.262,0.003,62.266,43.169,0,0.544,0.393,0.026,0.125,0.545,0.14,0.417,4.99e-5,0,-0.024,1.759,1.782,-4.41e-6,885.746,0.001,335.969,0.191,6.4,32.17
11.321,0.552,2643.189,456.9,0.262,0.003,62.268,43.169,0,0.544,0.393,0.026,0.125,0.545,0.139,0.414,-4.643e-4,0,-0.024,1.759,1.782,-2.018e-5,885.692,0.001,335.967,0.19,6.4,32.17
11.329,0.552,2643.189,456.9,0.262,0.003,62.268,43.169,0,0.544,0.393,0.026,0.125,0.544,0.139,0.413,-2.63e-4,0,-0.024,1.759,1.783,-4.315e-5,885.638,0.001,335.965,0.19,6.4,32.17
11.337,0.554,2643.189,456.9,0.262,0.003,62.267,43.169,0,0.544,0.393,0.026,0.125,0.544,0.139,0.416,-7.722e-5,0,-0.024,1.759,1.783,-6.693e-5,885.584,0.001,335.962,0.19,6.4,32.17
11.345,0.559,2643.189,456.9,0.262,0.003,62.265,43.169,0,0.544,0.393,0.026,0.125,0.544,0.14,0.418,5.333e-5,0,-0.024,1.759,1.783,-8.535e-5,885.53,0.001,335.96,0.19,6.4,32.17
11.353,0.564,2643.189,456.9,0.262,0.003,62.263,43.169,0,0.544,0.393,0.026,0.125,0.544,0.142,0.423,-1.037e-4,0,-0.024,1.759,1.783,-9.438e-5,885.476,0.001,335.959,0.189,6.4,32.17
11.361,0.569,2643.189,456.9,0.262,0.003,62.261,43.169,0,0.544,0.393,0.026,0.125,0.544,0.143,0.427,3.244e-4,0,-0.024,1.759,1.783,-9.268e-5,885.422,0.001,335.957,0.189,6.4,32.17
11.369,0.574,2643.189,456.9,0.262,0.003,62.259,43.169,0,0.544,0.393,0.026,0.125,0.544,0.144,0.43,3.141e-4,0,-0.024,1.759,1.783,-8.126e-5,885.368,0.001,335.955,0.189,6.4,32.17
11.377,0.576,2643.189,456.9,0.262,0.003,62.258,43.169,0,0.544,0.393,0.026,0.125,0.544,0.145,0.432,4.147e-4,0,-0.024,1.758,1.783,-6.317e-5,885.315,0.001,335.953,0.189,6.4,32.17
11.385,0.577,2643.189,456.9,0.262,0.003,62.257,43.169,0,0.544,0.393,0.026,0.125,0.544,0.145,0.432,-2.922e-4,0,-0.025,1.758,1.783,-4.244e-5,885.262,0.001,335.951,0.188,6.4,32.17
11.393,0.575,2643.189,456.9,0.262,0.003,62.258,43.169,0,0.544,0.393,0.026,0.125,0.544,0.144,0.43,-4.744e-4,0,-0.025,1.758,1.783,-2.311e-5,885.208,0.001,335.949,0.188,6.4,32.17
11.401,0.571,2643.189,456.9,0.262,0.003,62.259,43.169,0,0.544,0.393,0.026,0.125,0.544,0.143,0.428,4.495e-4,0,-0.025,1.758,1.783,-8.515e-6,885.155,0.001,335.947,0.188,6.4,32.17
11.409,0.57,2643.189,456.9,0.262,0.003,62.26,43.169,0,0.544,0.393,0.026,0.125,0.544,0.143,0.427,3.559e-4,0,-0.025,1.758,1.783,-9.124e-7,885.102,0.001,335.945,0.187,6.4,32.17
11.417,0.566,2643.189,456.9,0.262,0.003,62.261,43.169,0,0.544,0.393,0.026,0.125,0.544,0.142,0.424,-4.683e-4,0,-0.025,1.758,1.783,1.066e-6,885.049,0.001,335.943,0.187,6.4,32.17
11.425,0.559,2643.189,456.9,0.262,0.003,62.264,43.169,0,0.544,0.393,0.026,0.125,0.544,0.14,0.419,1.259e-4,0,-0.025,1.758,1.783,8.844e-6,884.996,0.001,335.941,0.187,6.4,32.17
11.433,0.549,2643.189,456.9,0.262,0.003,62.267,43.169,0,0.544,0.393,0.025,0.125,0.544,0.138,0.412,4.603e-4,0,-0.025,1.758,1.783,2.301e-5,884.943,0.001,335.939,0.187,6.4,32.17
11.441,0.536,2643.189,456.9,0.262,0.003,62.272,43.169,0,0.543,0.394,0.025,0.125,0.544,0.135,0.401,-3.499e-5,0,-0.025,1.758,1.783,4.134e-5,884.89,0.001,335.937,0.186,6.4,32.17
11.449,0.521,2643.189,456.9,0.262,0.003,62.278,43.169,0,0.543,0.394,0.025,0.125,0.544,0.131,0.391,-2.383e-4,0,-0.025,1.758,1.783,6.085e-5,884.838,0.001,335.935,0.186,6.4,32.17
11.457,0.497,2643.189,456.9,0.262,0.003,62.287,43.169,0,0.543,0.394,0.025,0.124,0.544,0.125,0.372,1.62e-4,0,-0.025,1.758,1.783,7.721e-5,884.785,0.001,335.933,0.186,6.4,32.17
11.465,0.471,2643.189,456.9,0.262,0.003,62.297,43.169,0,0.543,0.394,0.025,0.124,0.544,0.118,0.352,-3.983e-4,0,-0.025,1.758,1.783,8.617e-5,884.732,0.001,335.931,0.186,6.4,32.17
11.473,0.445,2643.189,456.9,0.262,0.003,62.307,43.169,0,0.543,0.394,0.025,0.124,0.544,0.111,0.333,-2.207e-4,0,-0.025,1.758,1.783,8.5e-5,884.679,0.001,335.929,0.185,6.4,32.17
11.481,0.419,2643.189,456.9,0.262,0.003,62.317,43.169,0,0.543,0.394,0.025,0.124,0.544,0.105,0.314,1.948e-5,0,-0.025,1.758,1.783,7.29e-5,884.627,0.001,335.927,0.185,6.4,32.17
11.489,0.395,2643.189,456.9,0.262,0.003,62.326,43.169,0,0.543,0.394,0.025,0.124,0.544,0.099,0.296,1.301e-4,0,-0.025,1.758,1.784,5.2e-5,884.574,0.001,335.925,0.185,6.4,32.17
11.497,0.373,2643.189,456.9,0.262,0.003,62.334,43.169,0,0.543,0.394,0.025,0.124,0.543,0.093,0.28,2.732e-4,0,-0.026,1.758,1.784,2.765e-5,884.522,0.001,335.923,0.185,6.4,32.17
11.505,0.357,2643.189,456.9,0.262,0.003,62.34,43.169,0,0.543,0.394,0.025,0.124,0.543,0.089,0.267,-3.815e-4,0,-0.026,1.758,1.784,8.1e-6,884.47,0.001,335.921,0.184,6.4,32.17
11.513,0.346,2643.189,456.9,0.262,0.003,62.345,43.169,0,0.543,0.394,0.025,0.124,0.543,0.086,0.259,-2e-4,0,-0.026,1.758,1.784,1.985e-8,884.418,0.001,335.919,0.184,6.4,32.17
11.522,0.339,2643.189,456.9,0.262,0.003,62.347,43.169,0,0.543,0.394,0.025,0.124,0.543,0.085,0.254,4.44e-4,0,-0.026,1.758,1.784,-7.022e-6,884.365,0.001,335.917,0.184,6.4,32.17
11.53,0.336,2643.189,456.9,0.262,0.003,62.348,43.169,0,0.543,0.394,0.025,0.124,0.543,0.084,0.251,2.89e-4,0,-0.026,1.758,1.784,-2.77e-5,884.313,0.001,335.915,0.183,6.4,32.17
11.538,0.337,2643.189,456.9,0.262,0.003,62.348,43.169,0,0.543,0.394,0.025,0.124,0.543,0.084,0.252,-3.324e-4,0,-0.026,1.758,1.784,-5.573e-5,884.261,0.001,335.914,0.183,6.4,32.17
11.546,0.341,2643.189,456.9,0.262,0.003,62.346,43.169,0,0.543,0.394,0.025,0.124,0.543,0.085,0.256,3.672e-4,0,-0.026,1.758,1.784,-8.279e-5,884.21,0.001,335.912,0.183,6.4,32.17
11.554,0.348,2643.189,456.9,0.262,0.003,62.343,43.169,0,0.543,0.394,0.025,0.124,0.543,0.087,0.261,1.429e-4,0,-0.026,1.758,1.784,-1.007e-4,884.158,0.001,335.91,0.183,6.4,32.17
11.562,0.357,2643.189,456.9,0.262,0.003,62.34,43.169,0,0.543,0.394,0.025,0.124,0.543,0.089,0.267,3.989e-4,0,-0.026,1.758,1.784,-1.067e-4,884.106,0.001,335.908,0.182,6.4,32.17
11.57,0.366,2643.189,456.9,0.262,0.003,62.336,43.169,0,0.543,0.394,0.025,0.124,0.543,0.091,0.273,-1.904e-4,0,-0.026,1.758,1.784,-1.024e-4,884.054,0.001,335.906,0.182,6.4,32.17
11.578,0.374,2643.189,456.9,0.262,0.003,62.333,43.169,0,0.543,0.394,0.025,0.124,0.543,0.093,0.28,-1.009e-4,0,-0.026,1.758,1.784,-8.976e-5,884.002,0.001,335.904,0.182,6.4,32.17
11.586,0.38,2643.189,456.9,0.262,0.003,62.33,43.169,0,0.543,0.394,0.025,0.124,0.543,0.095,0.285,-1.502e-4,0,-0.026,1.758,1.784,-7.173e-5,883.951,0.001,335.902,0.182,6.4,32.17
11.594,0.385,2643.189,456.9,0.262,0.003,62.328,43.169,0,0.543,0.394,0.025,0.124,0.543,0.096,0.288,5.847e-5,0,-0.026,1.758,1.784,-5.152e-5,883.899,0.001,335.9,0.181,6.4,32.17
11.602,0.387,2643.189,456.9,0.262,0.003,62.327,43.169,0,0.543,0.394,0.025,0.124,0.543,0.097,0.29,2.091e-4,0,-0.026,1.758,1.784,-3.19e-5,883.847,0.001,335.898,0.181,6.4,32.17
11.61,0.384,2643.189,456.9,0.262,0.003,62.328,43.169,0,0.543,0.394,0.025,0.124,0.543,0.096,0.287,-1.163e-4,0,-0.026,1.758,1.784,-1.515e-5,883.796,0.001,335.896,0.181,6.4,32.17
11.618,0.378,2643.189,456.9,0.262,0.003,62.33,43.169,0,0.543,0.394,0.025,0.124,0.543,0.094,0.283,-2.087e-5,0,-0.027,1.758,1.784,-4.108e-6,883.744,0.001,335.894,0.181,6.4,32.17
11.626,0.369,2643.189,456.9,0.262,0.003,62.334,43.169,0,0.543,0.394,0.025,0.124,0.543,0.092,0.276,4.495e-4,0,-0.027,1.758,1.784,-1.559e-8,883.693,0.001,335.892,0.18,6.4,32.17
11.634,0.356,2643.189,456.9,0.262,0.003,62.339,43.169,0,0.543,0.394,0.025,0.124,0.543,0.089,0.266,1.449e-4,0,-0.027,1.758,1.784,3.058e-6,883.642,0.001,335.891,0.18,6.4,32.17
11.642,0.341,2643.189,456.9,0.262,0.003,62.344,43.169,0,0.543,0.394,0.025,0.124,0.543,0.085,0.255,-2.354e-4,0,-0.027,1.758,1.784,1.245e-5,883.59,0.001,335.889,0.18,6.4,32.17
11.651,0.323,2643.189,456.9,0.262,0.003,62.351,43.169,0,0.543,0.394,0.025,0.124,0.543,0.081,0.242,1.948e-4,0,-0.027,1.758,1.785,2.656e-5,883.539,0.001,335.887,0.179,6.4,32.17
11.659,0.303,2643.189,456.9,0.262,0.003,62.359,43.169,0,0.543,0.394,0.025,0.124,0.543,0.076,0.227,-2.491e-4,0,-0.027,1.758,1.785,4.297e-5,883.488,0.001,335.885,0.179,6.4,32.17
11.667,0.282,2643.189,456.9,0.262,0.003,62.367,43.169,0,0.543,0.394,0.025,0.124,0.543,0.07,0.211,9.327e-5,0,-0.027,1.758,1.785,5.92e-5,883.437,0.001,335.883,0.179,6.4,32.17
11.675,0.259,2643.189,456.9,0.262,0.003,62.376,43.169,0,0.542,0.394,0.025,0.124,0.543,0.064,0.193,-1.641e-4,0,-0.027,1.758,1.785,7.237e-5,883.387,0.001,335.881,0.179,6.4,32.17
11.683,0.235,2643.189,456.9,0.262,0.003,62.385,43.169,0,0.542,0.394,0.025,0.124,0.543,0.058,0.175,1.183e-4,0,-0.027,1.758,1.785,7.962e-5,883.336,0.001,335.879,0.178,6.4,32.17
11.691,0.21,2643.189,456.9,0.262,0.003,62.395,43.169,0,0.542,0.394,0.025,0.124,0.542,0.052,0.157,-3.413e-4,0,-0.027,1.757,1.785,7.837e-5,883.285,0.001,335.877,0.178,6.4,32.17
11.699,0.187,2643.189,456.9,0.262,0.003,62.404,43.169,0,0.542,0.394,0.025,0.124,0.542,0.046,0.14,6.05e-5,0,-0.027,1.757,1.785,6.702e-5,883.234,0.001,335.876,0.178,6.4,32.17
11.707,0.17,2643.189,456.9,0.262,0.003,62.41,43.169,0,0.542,0.394,0.025,0.124,0.542,0.042,0.127,3.885e-4,0,-0.027,1.757,1.785,5.431e-5,883.184,0.001,335.874,0.178,6.4,32.17
11.715,0.156,2643.189,456.9,0.262,0.003,62.416,43.169,0,0.542,0.394,0.025,0.124,0.542,0.039,0.117,2.868e-4,0,-0.027,1.757,1.785,3.879e-5,883.133,0.001,335.872,0.177,6.4,32.17
11.723,0.144,2643.189,456.9,0.262,0.003,62.42,43.169,0,0.542,0.394,0.025,0.124,0.542,0.036,0.108,1.571e-4,0,-0.027,1.757,1.785,2.206e-5,883.082,0.001,335.87,0.177,6.4,32.17
11.731,0.135,2643.189,456.9,0.262,0.003,62.424,43.169,0,0.542,0.394,0.025,0.124,0.542,0.033,0.1,1.664e-4,0,-0.027,1.757,1.785,7.902e-6,883.032,0.001,335.868,0.177,6.4,32.17
11.74,0.128,2643.189,456.9,0.262,0.003,62.426,43.169,0,0.542,0.394,0.025,0.124,0.542,0.032,0.096,1.047e-4,0,-0.028,1.757,1.785,4.489e-7,882.981,0.001,335.866,0.177,6.4,32.17
11.748,0.125,2643.189,456.9,0.262,0.003,62.428,43.169,0,0.542,0.394,0.024,0.124,0.542,0.031,0.094,3.61e-4,0,-0.028,1.757,1.785,-2.44e-6,882.93,0.001,335.864,0.176,6.4,32.17
11.756,0.124,2643.189,456.9,0.262,0.003,62.428,43.169,0,0.542,0.394,0.024,0.124,0.542,0.031,0.093,-4.615e-4,0,-0.028,1.757,1.785,-1.455e-5,882.88,0.001,335.862,0.176,6.4,32.17
11.764,0.126,2643.189,456.9,0.262,0.003,62.427,43.169,0,0.542,0.394,0.024,0.124,0.542,0.031,0.094,4.772e-4,0,-0.028,1.757,1.785,-3.373e-5,882.829,0.001,335.861,0.176,6.4,32.17
11.772,0.131,2643.189,456.9,0.262,0.003,62.425,43.169,0,0.542,0.394,0.024,0.124,0.542,0.033,0.098,-2.953e-4,0,-0.028,1.757,1.785,-5.421e-5,882.779,0.001,335.859,0.175,6.4,32.17
11.78,0.137,2643.189,456.9,0.262,0.003,62.422,43.169,0,0.542,0.394,0.024,0.124,0.542,0.034,0.103,-4.168e-4,0,-0.028,1.757,1.785,-7.147e-5,882.728,0.001,335.857,0.175,6.4,32.17
11.789,0.145,2643.189,456.9,0.262,0.003,62.419,43.169,0,0.542,0.394,0.024,0.124,0.542,0.036,0.109,-3.258e-4,0,-0.028,1.757,1.785,-8.31e-5,882.677,0.001,335.855,0.175,6.4,32.17
11.797,0.154,2643.189,456.9,0.262,0.003,62.415,43.169,0,0.542,0.394,0.024,0.124,0.542,0.038,0.116,8.827e-5,0,-0.028,1.757,1.785,-8.867e-5,882.627,0.001,335.853,0.175,6.4,32.17
11.805,0.167,2643.189,456.9,0.262,0.003,62.41,43.169,0,0.542,0.394,0.024,0.124,0.542,0.041,0.125,-1.588e-4,0,-0.028,1.757,1.785,-8.729e-5,882.577,0.001,335.851,0.174,6.4,32.17
11.813,0.182,2643.189,456.9,0.262,0.003,62.404,43.169,0,0.542,0.394,0.024,0.124,0.542,0.045,0.136,4.853e-4,0,-0.028,1.757,1.785,-8.24e-5,882.526,0.001,335.849,0.174,6.4,32.17
11.821,0.199,2643.189,456.9,0.262,0.003,62.397,43.169,0,0.542,0.394,0.024,0.124,0.542,0.05,0.149,-4.649e-4,0,-0.028,1.757,1.785,-7.566e-5,882.476,0.001,335.847,0.174,6.4,32.17
11.83,0.218,2643.189,456.9,0.262,0.003,62.39,43.169,0,0.542,0.394,0.024,0.124,0.542,0.054,0.163,4.574e-4,0,-0.028,1.757,1.785,-6.718e-5,882.425,0.001,335.846,0.174,6.4,32.17
11.838,0.238,2643.189,456.9,0.262,0.003,62.382,43.169,0,0.542,0.394,0.024,0.124,0.542,0.059,0.178,2.457e-4,0,-0.028,1.757,1.785,-5.716e-5,882.375,0.001,335.844,0.173,6.4,32.17
11.846,0.259,2643.189,456.9,0.262,0.003,62.373,43.169,0,0.542,0.394,0.024,0.124,0.542,0.064,0.193,-1.531e-4,0,-0.028,1.757,1.785,-4.597e-5,882.324,0.001,335.842,0.173,6.4,32.17
11.854,0.28,2643.189,456.9,0.262,0.003,62.365,43.169,0,0.542,0.394,0.024,0.124,0.542,0.07,0.209,-3.814e-5,0,-0.028,1.757,1.785,-3.425e-5,882.274,0.001,335.84,0.173,6.4,32.17
11.863,0.301,2643.189,456.9,0.262,0.003,62.357,43.169,0,0.542,0.394,0.024,0.124,0.542,0.075,0.225,-1.206e-5,0,-0.028,1.757,1.785,-2.279e-5,882.223,0.001,335.838,0.173,6.4,32.17
11.871,0.321,2643.189,456.9,0.262,0.003,62.349,43.169,0,0.542,0.394,0.024,0.124,0.542,0.08,0.24,1.233e-4,0,-0.028,1.757,1.785,-1.261e-5,882.173,0.001,335.836,0.172,6.4,32.17
11.879,0.34,2643.189,456.9,0.262,0.003,62.341,43.169,0,0.542,0.394,0.024,0.124,0.542,0.085,0.255,-9.707e-5,0,-0.028,1.757,1.785,-4.832e-6,882.122,0.001,335.834,0.172,6.4,32.17
11.888,0.359,2643.189,456.9,0.262,0.003,62.334,43.169,0,0.542,0.394,0.024,0.124,0.542,0.09,0.268,-3.144e-4,0,-0.028,1.757,1.785,-5.413e-7,882.072,0.001,335.832,0.172,6.4,32.17
11.896,0.375,2643.189,456.9,0.262,0.003,62.327,43.169,0,0.542,0.394,0.024,0.124,0.542,0.094,0.281,-1.387e-4,0,-0.029,1.757,1.785,6.576e-7,882.022,0.001,335.831,0.172,6.4,32.17
11.904,0.388,2643.189,456.9,0.262,0.003,62.322,43.169,0,0.542,0.394,0.024,0.124,0.542,0.097,0.29,-2.013e-4,0,-0.029,1.757,1.785,5.811e-6,881.971,0.001,335.829,0.171,6.4,32.17
11.913,0.396,2643.189,456.9,0.262,0.003,62.319,43.169,0,0.542,0.394,0.024,0.124,0.542,0.099,0.296,-1.978e-4,0,-0.029,1.757,1.786,1.604e-5,881.921,0.001,335.827,0.171,6.4,32.17
11.921,0.402,2643.189,456.9,0.262,0.003,62.316,43.169,0,0.541,0.394,0.024,0.124,0.542,0.101,0.3,-4.016e-4,0,-0.029,1.757,1.786,3.067e-5,881.871,0.001,335.825,0.171,6.4,32.17
11.929,0.406,2643.189,456.9,0.262,0.003,62.315,43.169,0,0.541,0.394,0.024,0.124,0.542,0.102,0.304,1.205e-4,0,-0.029,1.757,1.786,4.843e-5,881.82,0.001,335.823,0.17,6.4,32.17
11.938,0.409,2643.189,456.9,0.262,0.003,62.314,43.169,0,0.541,0.394,0.024,0.124,0.542,0.102,0.306,-3.885e-4,0,-0.029,1.757,1.786,6.739e-5,881.77,0.001,335.821,0.17,6.4,32.17
11.946,0.41,2643.189,456.9,0.262,0.003,62.313,43.169,0,0.541,0.394,0.024,0.124,0.542,0.102,0.306,3.152e-4,0,-0.029,1.757,1.786,8.514e-5,881.72,0.001,335.819,0.17,6.4,32.17
11.955,0.403,2643.189,456.9,0.262,0.003,62.315,43.169,0,0.541,0.394,0.024,0.124,0.542,0.101,0.302,2.738e-4,0,-0.029,1.757,1.786,9.89e-5,881.67,0.001,335.818,0.17,6.4,32.17
11.963,0.392,2643.189,456.9,0.262,0.003,62.32,43.169,0,0.541,0.394,0.024,0.124,0.542,0.098,0.293,2.733e-6,0,-0.029,1.757,1.786,1.056e-4,881.62,0.001,335.816,0.169,6.4,32.17
11.971,0.38,2643.189,456.9,0.262,0.003,62.324,43.169,0,0.541,0.394,0.024,0.124,0.542,0.095,0.284,6.177e-5,0,-0.029,1.757,1.786,1.034e-4,881.571,0.001,335.814,0.169,6.4,32.17
11.98,0.369,2643.189,456.9,0.262,0.003,62.329,43.169,0,0.541,0.394,0.024,0.124,0.541,0.092,0.276,-2.082e-4,0,-0.029,1.757,1.786,9.16e-5,881.521,0.001,335.812,0.169,6.4,32.17
11.988,0.359,2643.189,456.9,0.262,0.003,62.332,43.169,0,0.541,0.394,0.024,0.124,0.541,0.09,0.268,-2.628e-4,0,-0.03,1.757,1.786,7.166e-5,881.472,0.001,335.81,0.169,6.4,32.17
11.996,0.351,2643.189,456.9,0.262,0.003,62.335,43.169,0,0.541,0.394,0.024,0.124,0.541,0.088,0.263,-4.772e-4,0,-0.03,1.757,1.786,4.709e-5,881.422,0.001,335.808,0.168,6.4,32.17
12.005,0.346,2643.189,456.9,0.262,0.003,62.337,43.169,0,0.541,0.394,0.024,0.124,0.541,0.087,0.259,2.055e-4,0,-0.03,1.757,1.786,2.329e-5,881.373,0.001,335.807,0.168,6.4,32.17
12.013,0.346,2643.189,456.9,0.262,0.003,62.337,43.169,0,0.541,0.394,0.024,0.124,0.541,0.086,0.259,3.698e-4,0,-0.03,1.757,1.786,6.144e-6,881.324,0.001,335.805,0.168,6.4,32.17
12.021,0.349,2643.189,456.9,0.262,0.003,62.335,43.169,0,0.541,0.394,0.024,0.124,0.541,0.087,0.262,4.867e-4,0,-0.03,1.757,1.787,0,881.275,0.001,335.803,0.168,6.4,32.17
12.03,0.356,2643.189,456.9,0.262,0.003,62.333,43.169,0,0.541,0.394,0.024,0.124,0.541,0.089,0.266,3.059e-4,0,-0.03,1.757,1.787,-6.241e-6,881.226,0.001,335.801,0.167,6.4,32.17
12.038,0.366,2643.189,456.9,0.262,0.003,62.329,43.169,0,0.541,0.394,0.024,0.124,0.541,0.091,0.274,3.002e-4,0,-0.03,1.756,1.787,-2.281e-5,881.177,0.001,335.799,0.167,6.4,32.17
12.046,0.379,2643.189,456.9,0.262,0.003,62.323,43.169,0,0.541,0.394,0.024,0.124,0.541,0.095,0.283,4.324e-4,0,-0.03,1.756,1.787,-4.514e-5,881.128,0.001,335.798,0.167,6.4,32.17
12.055,0.395,2643.189,456.9,0.262,0.003,62.317,43.169,0,0.541,0.394,0.024,0.124,0.541,0.099,0.296,-2.37e-4,0,-0.03,1.756,1.787,-6.776e-5,881.079,0.001,335.796,0.166,6.4,32.17
12.063,0.414,2643.189,456.9,0.262,0.003,62.31,43.169,0,0.541,0.394,0.024,0.124,0.541,0.104,0.31,-3.296e-4,0,-0.03,1.756,1.787,-8.597e-5,881.031,0.001,335.794,0.166,6.4,32.17
12.071,0.434,2643.189,456.9,0.262,0.003,62.302,43.169,0,0.541,0.394,0.024,0.124,0.541,0.109,0.324,-2.996e-4,0,-0.031,1.756,1.787,-9.681e-5,880.982,0.001,335.792,0.166,6.4,32.17
12.079,0.454,2643.189,456.9,0.262,0.003,62.294,43.169,0,0.541,0.394,0.024,0.124,0.541,0.114,0.341,3.166e-4,0,-0.031,1.756,1.787,-9.91e-5,880.933,0.001,335.79,0.166,6.4,32.17
12.088,0.475,2643.189,456.9,0.262,0.003,62.286,43.169,0,0.541,0.394,0.023,0.124,0.541,0.119,0.356,7.065e-5,0,-0.031,1.756,1.787,-9.321e-5,880.885,0.001,335.789,0.165,6.4,32.17
12.096,0.494,2643.189,456.9,0.262,0.003,62.278,43.169,0,0.541,0.394,0.023,0.124,0.541,0.124,0.37,-3.863e-5,0,-0.031,1.756,1.787,-8.064e-5,880.837,0.001,335.787,0.165,6.4,32.17
12.104,0.508,2643.189,456.9,0.262,0.003,62.272,43.169,0,0.541,0.394,0.023,0.124,0.541,0.127,0.381,2.886e-6,0,-0.031,1.756,1.787,-6.373e-5,880.788,0.001,335.785,0.165,6.4,32.17
12.113,0.518,2643.189,456.9,0.262,0.003,62.269,43.169,0,0.541,0.394,0.023,0.124,0.541,0.13,0.388,2.711e-4,0,-0.031,1.756,1.787,-4.521e-5,880.74,0.001,335.783,0.165,6.4,32.17
12.121,0.525,2643.189,456.9,0.262,0.003,62.266,43.169,0,0.541,0.394,0.023,0.124,0.541,0.132,0.393,-5.208e-5,0,-0.031,1.756,1.787,-2.762e-5,880.692,0.001,335.781,0.164,6.4,32.17
12.129,0.53,2643.189,456.9,0.262,0.003,62.264,43.169,0,0.541,0.394,0.023,0.123,0.541,0.133,0.397,1.331e-4,0,-0.031,1.756,1.788,-1.319e-5,880.644,0.001,335.78,0.164,6.4,32.17
12.138,0.533,2643.189,456.9,0.262,0.003,62.262,43.169,0,0.541,0.394,0.023,0.123,0.541,0.134,0.4,4.427e-4,0,-0.031,1.756,1.788,-3.625e-6,880.596,0.001,335.778,0.164,6.4,32.17
12.146,0.534,2643.189,456.9,0.262,0.003,62.262,43.169,0,0.541,0.394,0.023,0.123,0.541,0.134,0.399,-3.358e-4,0,-0.032,1.756,1.788,-1.571e-8,880.548,0.001,335.776,0.164,6.4,32.17
12.154,0.534,2643.189,456.9,0.262,0.003,62.262,43.169,0,0.541,0.394,0.023,0.123,0.541,0.134,0.399,-1.23e-5,0,-0.032,1.756,1.788,2.739e-6,880.5,0.001,335.774,0.163,6.4,32.17
12.163,0.533,2643.189,456.9,0.262,0.003,62.262,43.169,0,0.541,0.394,0.023,0.123,0.541,0.134,0.399,-4.176e-4,0,-0.032,1.756,1.788,1.153e-5,880.453,0.001,335.773,0.163,6.4,32.17
12.171,0.53,2643.189,456.9,0.262,0.003,62.263,43.169,0,0.541,0.394,0.023,0.123,0.541,0.133,0.397,-4.619e-4,0,-0.032,1.756,1.788,2.548e-5,880.405,0.001,335.771,0.163,6.4,32.17
12.179,0.525,2643.189,456.9,0.262,0.003,62.265,43.169,0,0.54,0.394,0.023,0.123,0.541,0.132,0.393,4.419e-4,0,-0.032,1.756,1.788,4.305e-5,880.358,0.001,335.769,0.162,6.4,32.17
12.188,0.518,2643.189,456.9,0.262,0.003,62.267,43.169,0,0.54,0.394,0.023,0.123,0.541,0.13,0.387,1.078e-4,0,-0.032,1.756,1.788,6.213e-5,880.31,0.001,335.767,0.162,6.4,32.17
12.196,0.51,2643.189,456.9,0.262,0.003,62.27,43.169,0,0.54,0.394,0.023,0.123,0.541,0.128,0.381,2.315e-4,0,-0.032,1.756,1.788,8.023e-5,880.263,0.001,335.765,0.162,6.4,32.17
12.204,0.515,2643.189,456.9,0.262,0.003,62.268,43.169,0,0.54,0.394,0.023,0.123,0.541,0.129,0.386,-1.324e-5,0,-0.032,1.756,1.788,9.476e-5,880.216,0.001,335.764,0.162,6.4,32.17
12.213,0.534,2643.189,456.9,0.262,0.003,62.261,43.169,0,0.54,0.394,0.023,0.123,0.541,0.134,0.399,-1.641e-4,0,-0.032,1.756,1.788,1.043e-4,880.168,0.001,335.762,0.161,6.4,32.17
12.221,0.552,2643.189,456.9,0.262,0.003,62.254,43.169,0,0.54,0.394,0.023,0.123,0.541,0.138,0.413,7.173e-5,0,-0.032,1.756,1.788,1.072e-4,880.121,0.001,335.76,0.161,6.4,32.17
12.229,0.57,2643.189,456.9,0.262,0.003,62.247,43.169,0,0.54,0.394,0.023,0.123,0.541,0.143,0.426,-1.389e-4,0,-0.032,1.756,1.788,1.025e-4,880.073,0.001,335.758,0.161,6.4,32.17
12.238,0.589,2643.189,456.9,0.262,0.003,62.239,43.169,0,0.54,0.394,0.023,0.123,0.541,0.148,0.441,-1.896e-4,0,-0.032,1.756,1.788,9.037e-5,880.026,0.001,335.757,0.161,6.4,32.17
12.246,0.609,2643.189,456.9,0.262,0.003,62.232,43.169,0,0.54,0.394,0.023,0.123,0.541,0.153,0.456,3.217e-4,0,-0.032,1.756,1.788,7.242e-5,879.978,0.001,335.755,0.16,6.4,32.17
12.255,0.63,2643.189,456.9,0.262,0.003,62.223,43.169,0,0.54,0.394,0.023,0.123,0.541,0.158,0.471,2.587e-4,0,-0.032,1.756,1.788,5.144e-5,879.931,0.001,335.753,0.16,6.4,32.17
12.263,0.652,2643.189,456.9,0.262,0.003,62.215,43.169,0,0.54,0.394,0.023,0.123,0.541,0.164,0.488,-3.067e-4,0,-0.032,1.756,1.788,3.077e-5,879.883,0.001,335.751,0.16,6.4,32.17
12.272,0.677,2643.189,456.9,0.262,0.003,62.205,43.169,0,0.54,0.394,0.023,0.123,0.541,0.17,0.506,-2.488e-4,0,-0.032,1.756,1.788,1.383e-5,879.835,0.001,335.75,0.16,6.4,32.17
12.28,0.704,2643.189,456.9,0.262,0.003,62.195,43.169,0,0.54,0.394,0.023,0.123,0.541,0.177,0.527,-1.736e-4,0,-0.032,1.756,1.788,3.194e-6,879.788,0.001,335.748,0.159,6.4,32.17
12.289,0.734,2643.189,456.9,0.262,0.003,62.183,43.169,0,0.54,0.394,0.023,0.123,0.541,0.185,0.55,-3.152e-4,0,-0.032,1.756,1.788,-1.994e-8,879.74,0.001,335.746,0.159,6.4,32.17
12.297,0.766,2643.189,456.9,0.262,0.003,62.171,43.169,0,0.54,0.394,0.023,0.123,0.541,0.193,0.574,2.248e-4,0,-0.033,1.756,1.788,-3.853e-6,879.692,0.001,335.744,0.159,6.4,32.17
12.306,0.779,2643.189,456.9,0.262,0.003,62.166,43.169,0,0.54,0.394,0.023,0.123,0.541,0.196,0.583,-8.362e-5,0,-0.033,1.756,1.788,-1.341e-5,879.645,0.001,335.743,0.159,6.4,32.17
12.314,0.782,2643.189,456.9,0.262,0.003,62.164,43.169,0,0.54,0.394,0.023,0.123,0.541,0.197,0.586,1.868e-4,0,-0.033,1.756,1.789,-2.699e-5,879.597,0.001,335.741,0.158,6.4,32.17
12.323,0.788,2643.189,456.9,0.262,0.003,62.162,43.169,0,0.54,0.394,0.023,0.123,0.541,0.199,0.59,2.728e-4,0,-0.033,1.756,1.789,-4.186e-5,879.55,0.001,335.739,0.158,6.4,32.17
12.331,0.794,2643.189,456.9,0.262,0.003,62.159,43.169,0,0.54,0.394,0.023,0.123,0.541,0.2,0.595,3.096e-4,0,-0.033,1.756,1.789,-5.526e-5,879.503,0.001,335.737,0.158,6.4,32.17
12.34,0.802,2643.189,456.9,0.262,0.003,62.156,43.169,0,0.54,0.394,0.023,0.123,0.541,0.202,0.601,-3.253e-4,0,-0.033,1.756,1.789,-6.485e-5,879.456,0.001,335.736,0.157,6.4,32.17
12.348,0.811,2643.189,456.9,0.262,0.003,62.153,43.169,0,0.54,0.394,0.023,0.123,0.541,0.205,0.607,-1.426e-4,0,-0.034,1.756,1.789,-6.917e-5,879.409,0.001,335.734,0.157,6.4,32.17
12.357,0.822,2643.189,456.9,0.262,0.003,62.149,43.169,0,0.54,0.394,0.023,0.123,0.541,0.207,0.615,3.733e-4,0,-0.034,1.756,1.789,-6.763e-5,879.362,0.001,335.732,0.157,6.4,32.17
12.365,0.833,2643.189,456.9,0.262,0.003,62.144,43.169,0,0.54,0.394,0.023,0.123,0.541,0.21,0.623,4.923e-4,0,-0.034,1.756,1.79,-6.076e-5,879.316,0.001,335.73,0.157,6.4,32.17
12.374,0.843,2643.189,456.9,0.262,0.003,62.14,43.169,0,0.54,0.394,0.023,0.123,0.541,0.213,0.631,-1.99e-4,0,-0.034,1.756,1.79,-4.988e-5,879.269,0.001,335.729,0.156,6.4,32.17
12.382,0.851,2643.189,456.9,0.262,0.003,62.137,43.169,0,0.54,0.394,0.023,0.123,0.541,0.215,0.638,-1.314e-4,0,-0.034,1.756,1.79,-3.68e-5,879.223,0.001,335.727,0.156,6.4,32.17
12.391,0.859,2643.189,456.9,0.262,0.003,62.134,43.169,0,0.54,0.394,0.023,0.123,0.541,0.217,0.643,-4.652e-4,0,-0.034,1.756,1.79,-2.355e-5,879.177,0.001,335.725,0.156,6.4,32.17
12.399,0.864,2643.189,456.9,0.262,0.003,62.132,43.169,0,0.54,0.394,0.023,0.123,0.541,0.218,0.647,-4.091e-4,0,-0.034,1.756,1.79,-1.204e-5,879.131,0.001,335.724,0.156,6.4,32.17
12.407,0.866,2643.189,456.9,0.262,0.003,62.131,43.169,0,0.54,0.394,0.023,0.123,0.541,0.219,0.649,-1.274e-4,0,-0.035,1.756,1.79,-3.893e-6,879.085,0.001,335.722,0.155,6.4,32.17
12.416,0.866,2643.189,456.9,0.262,0.003,62.131,43.169,0,0.54,0.394,0.023,0.123,0.541,0.219,0.649,3.442e-5,0,-0.035,1.755,1.79,-1.709e-7,879.039,0.001,335.72,0.155,6.4,32.17
12.424,0.864,2643.189,456.9,0.262,0.003,62.131,43.169,0,0.54,0.394,0.023,0.123,0.541,0.218,0.647,-4.757e-4,0,-0.035,1.755,1.79,1.334e-6,878.993,0.001,335.718,0.155,6.4,32.17
12.433,0.86,2643.189,456.9,0.262,0.003,62.133,43.169,0,0.54,0.394,0.023,0.123,0.541,0.217,0.644,-4.701e-4,0,-0.035,1.755,1.79,7.177e-6,878.948,0.001,335.717,0.154,6.4,32.17
12.441,0.854,2643.189,456.9,0.262,0.003,62.135,43.169,0,0.54,0.394,0.023,0.123,0.541,0.216,0.64,-8.585e-5,0,-0.035,1.755,1.791,1.687e-5,878.902,0.001,335.715,0.154,6.4,32.17
12.45,0.846,2643.189,456.9,0.262,0.003,62.138,43.169,0,0.54,0.394,0.022,0.123,0.541,0.214,0.633,4.106e-4,0,-0.035,1.755,1.791,2.906e-5,878.857,0.001,335.713,0.154,6.4,32.17
12.458,0.839,2643.189,456.9,0.262,0.003,62.141,43.169,0,0.539,0.394,0.022,0.123,0.541,0.212,0.628,-4.019e-4,0,-0.035,1.755,1.791,4.205e-5,878.811,0.001,335.712,0.154,6.4,32.17
12.466,0.83,2643.189,456.9,0.262,0.003,62.144,43.169,0,0.539,0.394,0.022,0.123,0.541,0.21,0.621,4.234e-4,0,-0.036,1.755,1.791,5.401e-5,878.766,0.001,335.71,0.153,6.4,32.17
12.475,0.82,2643.189,456.9,0.262,0.003,62.148,43.169,0,0.539,0.394,0.022,0.123,0.541,0.207,0.614,2.933e-4,0,-0.036,1.755,1.791,6.315e-5,878.721,0.001,335.708,0.153,6.4,32.17
12.483,0.81,2643.189,456.9,0.262,0.003,62.152,43.169,0,0.539,0.394,0.022,0.123,0.54,0.204,0.606,2.784e-6,0,-0.036,1.755,1.791,6.795e-5,878.676,0.001,335.707,0.153,6.4,32.17
12.492,0.799,2643.189,456.9,0.262,0.003,62.155,43.169,0,0.539,0.394,0.022,0.123,0.54,0.202,0.598,2.178e-5,0,-0.036,1.755,1.791,6.751e-5,878.631,0.001,335.705,0.153,6.4,32.17
12.5,0.789,2643.189,456.9,0.262,0.003,62.159,43.169,0,0.539,0.394,0.022,0.123,0.54,0.199,0.59,-9.196e-5,0,-0.036,1.755,1.791,6.174e-5,878.586,0.001,335.703,0.152,6.4,32.17
12.508,0.781,2643.189,456.9,0.262,0.003,62.162,43.169,0,0.539,0.394,0.022,0.123,0.54,0.197,0.585,-1.336e-4,0,-0.036,1.755,1.791,5.143e-5,878.541,0.001,335.702,0.152,6.4,32.17
12.517,0.774,2643.189,456.9,0.262,0.003,62.165,43.169,0,0.539,0.394,0.022,0.123,0.54,0.195,0.579,-2.758e-4,0,-0.036,1.755,1.791,3.817e-5,878.496,0.001,335.7,0.152,6.4,32.17
12.525,0.768,2643.189,456.9,0.262,0.003,62.167,43.169,0,0.539,0.394,0.022,0.123,0.54,0.194,0.575,-1.588e-4,0,-0.036,1.755,1.792,2.411e-5,878.451,0.001,335.698,0.152,6.4,32.17
12.534,0.765,2643.189,456.9,0.262,0.003,62.168,43.169,0,0.539,0.394,0.022,0.123,0.54,0.193,0.572,-2.743e-4,0,-0.036,1.755,1.792,1.169e-5,878.406,0.001,335.697,0.151,6.4,32.17
12.542,0.763,2643.189,456.9,0.262,0.003,62.169,43.169,0,0.539,0.394,0.022,0.123,0.54,0.192,0.571,3.74e-4,0,-0.037,1.755,1.792,3.132e-6,878.362,0.001,335.695,0.151,6.4,32.17
12.55,0.764,2643.189,456.9,0.262,0.003,62.168,43.169,0,0.539,0.394,0.022,0.123,0.54,0.193,0.572,-3.961e-4,0,-0.037,1.755,1.792,0,878.317,0.001,335.693,0.151,6.4,32.17
12.559,0.765,2643.189,456.9,0.262,0.003,62.168,43.169,0,0.539,0.394,0.022,0.123,0.54,0.193,0.573,-9.72e-5,0,-0.037,1.755,1.792,-2.915e-6,878.273,0.001,335.692,0.15,6.4,32.17
12.567,0.768,2643.189,456.9,0.262,0.003,62.166,43.169,0,0.539,0.394,0.022,0.123,0.54,0.194,0.575,-4.428e-4,0,-0.037,1.755,1.792,-1.141e-5,878.228,0.001,335.69,0.15,6.4,32.17
12.576,0.774,2643.189,456.9,0.262,0.003,62.164,43.169,0,0.539,0.394,0.022,0.123,0.54,0.195,0.58,8.584e-5,0,-0.037,1.755,1.792,-2.397e-5,878.184,0.001,335.688,0.15,6.4,32.17
12.584,0.781,2643.189,456.9,0.262,0.003,62.161,43.169,0,0.539,0.394,0.022,0.123,0.54,0.197,0.585,2.449e-4,0,-0.037,1.755,1.792,-3.844e-5,878.14,0.001,335.687,0.15,6.4,32.17
12.593,0.79,2643.189,456.9,0.262,0.003,62.158,43.169,0,0.539,0.394,0.022,0.123,0.54,0.199,0.591,1.24e-4,0,-0.037,1.755,1.792,-5.241e-5,878.096,0.001,335.685,0.149,6.4,32.17
12.601,0.799,2643.189,456.9,0.262,0.003,62.154,43.169,0,0.539,0.394,0.022,0.123,0.54,0.202,0.598,1.044e-4,0,-0.037,1.755,1.793,-6.377e-5,878.051,0.001,335.684,0.149,6.4,32.17
12.609,0.803,2643.189,456.9,0.262,0.003,62.152,43.169,0,0.539,0.394,0.022,0.123,0.54,0.203,0.602,-3.028e-4,0,-0.038,1.755,1.793,-7.135e-5,878.007,0.001,335.682,0.149,6.4,32.17
12.618,0.808,2643.189,456.9,0.262,0.003,62.15,43.169,0,0.539,0.394,0.022,0.123,0.54,0.204,0.605,-4.684e-4,0,-0.038,1.755,1.793,-7.387e-5,877.963,0.001,335.68,0.149,6.4,32.17
12.626,0.813,2643.189,456.9,0.262,0.003,62.148,43.169,0,0.539,0.394,0.022,0.123,0.54,0.205,0.608,1.385e-5,0,-0.038,1.755,1.793,-7.122e-5,877.92,0.001,335.679,0.148,6.4,32.17
12.635,0.817,2643.189,456.9,0.262,0.003,62.147,43.169,0,0.539,0.394,0.022,0.123,0.54,0.206,0.612,4.242e-4,0,-0.038,1.755,1.793,-6.396e-5,877.876,0.001,335.677,0.148,6.4,32.17
12.643,0.82,2643.189,456.9,0.262,0.003,62.145,43.169,0,0.539,0.394,0.022,0.123,0.54,0.207,0.614,4.737e-4,0,-0.038,1.755,1.793,-5.326e-5,877.832,0.001,335.675,0.148,6.4,32.17
12.652,0.83,2643.189,456.9,0.262,0.003,62.142,43.169,0,0.539,0.394,0.022,0.123,0.54,0.209,0.621,-4.113e-4,0,-0.038,1.755,1.793,-4.039e-5,877.789,0.001,335.674,0.148,6.4,32.17
12.66,0.87,2643.189,456.9,0.262,0.003,62.126,43.169,0,0.539,0.394,0.022,0.123,0.54,0.22,0.652,4.436e-4,0,-0.038,1.755,1.793,-2.627e-5,877.745,0.001,335.672,0.147,6.4,32.17
12.668,0.91,2643.189,456.9,0.262,0.003,62.111,43.169,0,0.539,0.394,0.022,0.123,0.54,0.23,0.681,-4.893e-4,0,-0.038,1.755,1.793,-1.355e-5,877.701,0.001,335.671,0.147,6.4,32.17
12.677,0.948,2643.189,456.9,0.262,0.003,62.097,43.169,0,0.539,0.394,0.022,0.123,0.54,0.24,0.709,-3.529e-4,0,-0.038,1.755,1.793,-4.235e-6,877.658,0.001,335.669,0.147,6.4,32.17
12.685,0.984,2643.189,456.9,0.262,0.003,62.083,43.169,0,0.539,0.394,0.022,0.123,0.54,0.249,0.737,-1.171e-5,0,-0.038,1.755,1.793,-8.89e-8,877.614,0.001,335.667,0.147,6.4,32.17
12.694,1.018,2643.189,456.9,0.262,0.003,62.07,43.169,0,0.539,0.394,0.022,0.123,0.54,0.258,0.763,-3.33e-4,0,-0.038,1.755,1.793,2.408e-6,877.57,0.001,335.666,0.146,6.4,32.17
12.703,1.038,2643.189,456.9,0.262,0.003,62.062,43.169,0,0.539,0.394,0.022,0.123,0.54,0.263,0.778,1.287e-4,0,-0.038,1.755,1.793,1.176e-5,877.526,0.001,335.664,0.146,6.4,32.17
12.711,1.027,2643.189,456.9,0.262,0.003,62.066,43.169,0,0.539,0.394,0.022,0.123,0.54,0.261,0.769,6.102e-5,0,-0.039,1.755,1.793,2.701e-5,877.482,0.001,335.663,0.146,6.4,32.17
12.72,1.015,2643.189,456.9,0.262,0.003,62.071,43.169,0,0.539,0.394,0.022,0.123,0.54,0.257,0.76,2.085e-4,0,-0.039,1.755,1.794,4.606e-5,877.439,0.001,335.661,0.145,6.4,32.17
12.728,1,2643.189,456.9,0.262,0.003,62.076,43.169,0,0.539,0.394,0.022,0.123,0.54,0.253,0.749,-4.089e-4,0,-0.039,1.755,1.794,6.631e-5,877.395,0.001,335.659,0.145,6.4,32.17
12.737,0.984,2643.189,456.9,0.262,0.003,62.082,43.169,0,0.539,0.394,0.022,0.123,0.54,0.249,0.737,-1.034e-4,0,-0.039,1.755,1.794,8.497e-5,877.352,0.001,335.658,0.145,6.4,32.17
12.745,0.966,2643.189,456.9,0.262,0.003,62.089,43.169,0,0.539,0.394,0.022,0.123,0.54,0.245,0.723,6.587e-5,0,-0.039,1.755,1.794,9.936e-5,877.308,0.001,335.656,0.145,6.4,32.17
12.754,0.956,2643.189,456.9,0.262,0.003,62.093,43.169,0,0.539,0.394,0.022,0.123,0.54,0.242,0.715,3.412e-4,0,-0.04,1.755,1.794,1.076e-4,877.265,0.001,335.654,0.144,6.4,32.17
12.762,0.954,2643.189,456.9,0.262,0.003,62.093,43.169,0,0.538,0.394,0.022,0.123,0.54,0.241,0.714,2.963e-4,0,-0.04,1.755,1.794,1.092e-4,877.222,0.001,335.653,0.144,6.4,32.17
12.771,0.952,2643.189,456.9,0.262,0.003,62.094,43.169,0,0.538,0.394,0.022,0.123,0.54,0.241,0.712,-3.808e-4,0,-0.04,1.755,1.794,1.035e-4,877.179,0.001,335.651,0.144,6.4,32.17
12.78,0.95,2643.189,456.9,0.262,0.003,62.094,43.169,0,0.538,0.394,0.022,0.123,0.54,0.241,0.711,-3.351e-4,0,-0.04,1.755,1.794,9.092e-5,877.136,0.001,335.65,0.144,6.4,32.17
12.788,0.95,2643.189,456.9,0.262,0.003,62.094,43.169,0,0.538,0.394,0.022,0.123,0.54,0.241,0.711,5e-5,0,-0.04,1.755,1.795,7.312e-5,877.093,0.001,335.648,0.143,6.4,32.17
12.797,0.951,2643.189,456.9,0.262,0.003,62.094,43.169,0,0.538,0.394,0.022,0.123,0.54,0.241,0.712,-1.925e-4,0,-0.04,1.755,1.795,5.254e-5,877.05,0.001,335.646,0.143,6.4,32.17
12.805,0.956,2643.189,456.9,0.262,0.003,62.092,43.169,0,0.538,0.394,0.022,0.123,0.54,0.242,0.715,-1.289e-4,0,-0.04,1.755,1.795,3.228e-5,877.007,0.001,335.645,0.143,6.4,32.17
12.814,0.964,2643.189,456.9,0.262,0.003,62.089,43.169,0,0.538,0.394,0.022,0.123,0.54,0.244,0.722,-9.057e-5,0,-0.04,1.755,1.795,1.53e-5,876.964,0.001,335.643,0.143,6.4,32.17
12.822,0.974,2643.189,456.9,0.262,0.003,62.085,43.169,0,0.538,0.394,0.022,0.123,0.54,0.247,0.729,-2.214e-4,0,-0.04,1.755,1.795,4.035e-6,876.921,0.001,335.642,0.142,6.4,32.17
12.831,0.986,2643.189,456.9,0.262,0.003,62.08,43.169,0,0.538,0.394,0.022,0.123,0.54,0.25,0.738,1.139e-4,0,-0.041,1.755,1.795,0,876.878,0.001,335.64,0.142,6.4,32.17
12.84,1.001,2643.189,456.9,0.262,0.003,62.074,43.169,0,0.538,0.394,0.022,0.123,0.54,0.254,0.75,-1.706e-4,0,-0.041,1.754,1.795,-3.508e-6,876.836,0.001,335.639,0.142,6.4,32.17
12.848,1.018,2643.189,456.9,0.262,0.003,62.068,43.169,0,0.538,0.394,0.022,0.123,0.54,0.258,0.762,-4.555e-4,0,-0.041,1.754,1.795,-1.361e-5,876.793,0.001,335.637,0.141,6.4,32.17
12.857,1.03,2643.189,456.9,0.262,0.003,62.063,43.169,0,0.538,0.394,0.022,0.123,0.54,0.261,0.771,2.083e-4,0,-0.041,1.754,1.795,-2.891e-5,876.75,0.001,335.635,0.141,6.4,32.17
12.865,1.042,2643.189,456.9,0.262,0.003,62.059,43.169,0,0.538,0.394,0.022,0.123,0.54,0.264,0.78,4.401e-4,0,-0.041,1.754,1.796,-4.691e-5,876.708,0.001,335.634,0.141,6.4,32.17
12.874,1.055,2643.189,456.9,0.262,0.003,62.054,43.169,0,0.538,0.394,0.022,0.123,0.54,0.268,0.79,3.567e-4,0,-0.041,1.754,1.796,-6.469e-5,876.665,0.001,335.632,0.141,6.4,32.17
12.883,1.07,2643.189,456.9,0.262,0.003,62.048,43.169,0,0.538,0.394,0.021,0.123,0.54,0.272,0.801,-9.578e-5,0,-0.041,1.754,1.796,-7.96e-5,876.623,0.001,335.631,0.14,6.4,32.17
12.891,1.085,2643.189,456.9,0.262,0.003,62.042,43.169,0,0.538,0.394,0.021,0.123,0.54,0.276,0.813,-3.373e-5,0,-0.042,1.754,1.796,-8.958e-5,876.581,0.001,335.629,0.14,6.4,32.17
12.9,1.101,2643.189,456.9,0.262,0.003,62.036,43.169,0,0.538,0.394,0.021,0.123,0.54,0.28,0.825,-2.337e-4,0,-0.042,1.754,1.796,-9.338e-5,876.539,0.001,335.628,0.14,6.4,32.17
12.908,1.107,2643.189,456.9,0.262,0.003,62.034,43.169,0,0.538,0.394,0.021,0.123,0.54,0.281,0.829,3.343e-4,0,-0.042,1.754,1.796,-9.167e-5,876.497,0.001,335.626,0.14,6.4,32.17
12.917,1.112,2643.189,456.9,0.262,0.003,62.032,43.169,0,0.538,0.394,0.021,0.123,0.54,0.283,0.833,5.747e-5,0,-0.042,1.754,1.797,-8.419e-5,876.455,0.001,335.624,0.139,6.4,32.17
12.926,1.117,2643.189,456.9,0.262,0.003,62.03,43.169,0,0.538,0.394,0.021,0.123,0.54,0.284,0.836,-4.163e-4,0,-0.042,1.754,1.797,-7.211e-5,876.413,0.001,335.623,0.139,6.4,32.17
12.934,1.12,2643.189,456.9,0.262,0.003,62.029,43.169,0,0.538,0.394,0.021,0.123,0.54,0.285,0.838,-4.012e-4,0,-0.043,1.754,1.797,-5.706e-5,876.371,0.001,335.621,0.139,6.4,32.17
12.943,1.122,2643.189,456.9,0.262,0.003,62.028,43.169,0,0.538,0.394,0.021,0.122,0.54,0.285,0.84,2.452e-4,0,-0.043,1.754,1.797,-4.096e-5,876.33,0.001,335.62,0.139,6.4,32.17
12.951,1.128,2643.189,456.9,0.262,0.003,62.026,43.169,0,0.538,0.394,0.021,0.122,0.54,0.287,0.845,2.032e-4,0,-0.043,1.754,1.797,-2.56e-5,876.288,0.001,335.618,0.138,6.4,32.17
12.96,1.16,2643.189,456.9,0.262,0.003,62.013,43.169,0,0.538,0.394,0.021,0.122,0.54,0.295,0.869,-2.964e-4,0,-0.043,1.754,1.797,-1.223e-5,876.247,0.001,335.617,0.138,6.4,32.17
12.969,1.19,2643.189,456.9,0.262,0.003,62.002,43.169,0,0.538,0.394,0.021,0.122,0.54,0.303,0.892,-9.363e-6,0,-0.043,1.754,1.797,-3.187e-6,876.205,0.001,335.615,0.138,6.4,32.17
12.977,1.218,2643.189,456.9,0.262,0.003,61.991,43.169,0,0.538,0.394,0.021,0.122,0.54,0.31,0.913,6.786e-6,0,-0.043,1.754,1.797,0,876.164,0.001,335.614,0.138,6.4,32.17
12.986,1.245,2643.189,456.9,0.262,0.003,61.981,43.169,0,0.538,0.394,0.021,0.122,0.54,0.317,0.933,3.162e-4,0,-0.043,1.754,1.797,3.651e-6,876.122,0.001,335.612,0.137,6.4,32.17
12.994,1.269,2643.189,456.9,0.262,0.003,61.972,43.169,0,0.538,0.394,0.021,0.122,0.54,0.324,0.951,-4.614e-4,0,-0.043,1.754,1.797,1.442e-5,876.081,0.001,335.611,0.137,6.4,32.17
13.003,1.292,2643.189,456.9,0.262,0.003,61.964,43.169,0,0.538,0.394,0.021,0.122,0.54,0.33,0.968,-1.879e-4,0,-0.043,1.754,1.797,3.185e-5,876.039,0.001,335.609,0.137,6.4,32.17
13.012,1.313,2643.189,456.9,0.262,0.003,61.955,43.169,0,0.538,0.394,0.021,0.122,0.541,0.335,0.984,5.427e-5,0,-0.043,1.754,1.798,5.472e-5,875.998,0.001,335.608,0.136,6.4,32.17
13.021,1.333,2643.189,456.9,0.262,0.003,61.948,43.169,0,0.538,0.394,0.021,0.122,0.541,0.34,0.999,4.225e-5,0,-0.044,1.754,1.798,8.112e-5,875.956,0.001,335.606,0.136,6.4,32.17
13.029,1.351,2643.189,456.9,0.262,0.003,61.941,43.169,0,0.538,0.394,0.021,0.122,0.541,0.345,1.012,-4.204e-4,0,-0.044,1.754,1.798,1.086e-4,875.915,0.001,335.604,0.136,6.4,32.17
13.038,1.367,2643.189,456.9,0.262,0.003,61.935,43.169,0,0.538,0.394,0.021,0.122,0.541,0.349,1.025,2.71e-4,0,-0.044,1.754,1.798,1.342e-4,875.873,0.001,335.603,0.136,6.4,32.17
13.047,1.383,2643.189,456.9,0.262,0.003,61.929,43.169,0,0.538,0.394,0.021,0.122,0.541,0.354,1.036,-3.266e-4,0,-0.044,1.754,1.798,1.553e-4,875.832,0.001,335.601,0.135,6.4,32.17
13.056,1.39,2643.189,456.9,0.262,0.003,61.926,43.169,0,0.538,0.394,0.021,0.122,0.541,0.356,1.041,-1.56e-4,0,-0.044,1.754,1.798,1.687e-4,875.79,0.001,335.6,0.135,6.4,32.17
13.064,1.393,2643.189,456.9,0.262,0.003,61.925,43.169,0,0.538,0.394,0.021,0.122,0.541,0.356,1.044,-4.469e-4,0,-0.044,1.754,1.798,1.721e-4,875.749,0.001,335.598,0.135,6.4,32.17
13.073,1.397,2643.189,456.9,0.262,0.003,61.924,43.169,0,0.538,0.394,0.021,0.122,0.541,0.357,1.047,-3.165e-4,0,-0.044,1.754,1.798,1.65e-4,875.708,0.001,335.597,0.135,6.4,32.17
13.082,1.401,2643.189,456.9,0.262,0.003,61.922,43.169,0,0.538,0.394,0.021,0.122,0.541,0.358,1.05,-4.163e-4,0,-0.044,1.754,1.798,1.479e-4,875.666,0.001,335.595,0.134,6.4,32.17
13.091,1.406,2643.189,456.9,0.262,0.003,61.92,43.169,0,0.538,0.394,0.021,0.122,0.541,0.36,1.054,3.962e-4,0,-0.045,1.754,1.798,1.228e-4,875.625,0.001,335.594,0.134,6.4,32.17
13.1,1.412,2643.189,456.9,0.262,0.003,61.918,43.169,0,0.538,0.394,0.021,0.122,0.541,0.361,1.058,-3.703e-4,0,-0.045,1.754,1.799,9.283e-5,875.584,0.001,335.592,0.134,6.4,32.17
13.108,1.388,2643.189,456.9,0.262,0.003,61.927,43.169,0,0.538,0.394,0.021,0.122,0.541,0.355,1.04,4.945e-4,0,-0.045,1.754,1.799,5.895e-5,875.543,0.001,335.591,0.134,6.4,32.17
13.117,1.364,2643.189,456.9,0.262,0.003,61.935,43.169,0,0.538,0.394,0.021,0.122,0.54,0.349,1.022,-2.289e-4,0,-0.045,1.754,1.799,2.869e-5,875.502,0.001,335.589,0.133,6.4,32.17
13.126,1.344,2643.189,456.9,0.262,0.003,61.943,43.169,0,0.537,0.394,0.021,0.122,0.54,0.343,1.007,2.313e-4,0,-0.046,1.754,1.8,7.654e-6,875.461,0.001,335.588,0.133,6.4,32.17
13.135,1.326,2643.189,456.9,0.262,0.003,61.949,43.169,0,0.537,0.394,0.021,0.122,0.54,0.339,0.994,-1.183e-4,0,-0.046,1.754,1.8,0,875.421,0.001,335.586,0.133,6.4,32.17
13.143,1.312,2643.189,456.9,0.262,0.003,61.954,43.169,0,0.537,0.394,0.021,0.122,0.54,0.335,0.984,-4.52e-4,0,-0.046,1.754,1.8,-7.817e-6,875.38,0.001,335.585,0.132,6.4,32.17
13.152,1.302,2643.189,456.9,0.262,0.003,61.958,43.169,0,0.537,0.394,0.021,0.122,0.54,0.332,0.975,-4.286e-4,0,-0.047,1.754,1.8,-3.069e-5,875.34,0.001,335.583,0.132,6.4,32.17
13.161,1.296,2643.189,456.9,0.262,0.003,61.96,43.169,0,0.537,0.394,0.021,0.122,0.54,0.331,0.971,-3.648e-4,0,-0.047,1.754,1.801,-6.567e-5,875.3,0.001,335.582,0.132,6.4,32.17
13.169,1.292,2643.189,456.9,0.262,0.003,61.962,43.169,0,0.537,0.394,0.021,0.122,0.54,0.33,0.968,-8.557e-6,0,-0.047,1.754,1.801,-1.08e-4,875.26,0.001,335.58,0.132,6.4,32.17
13.178,1.291,2643.189,456.9,0.262,0.003,61.962,43.169,0,0.537,0.394,0.021,0.122,0.54,0.329,0.967,-3.922e-4,0,-0.047,1.754,1.801,-1.522e-4,875.221,0.001,335.579,0.131,6.4,32.17
13.187,1.291,2643.189,456.9,0.262,0.003,61.962,43.169,0,0.537,0.394,0.021,0.122,0.54,0.329,0.968,3.026e-6,0,-0.048,1.754,1.801,-1.922e-4,875.181,0.001,335.577,0.131,6.4,32.17
13.195,1.293,2643.189,456.9,0.262,0.003,61.961,43.169,0,0.537,0.394,0.021,0.122,0.54,0.33,0.97,-2.078e-4,0,-0.048,1.754,1.802,-2.232e-4,875.142,0.001,335.576,0.131,6.4,32.17
13.204,1.315,2643.189,456.9,0.262,0.003,61.953,43.169,0,0.537,0.394,0.021,0.122,0.54,0.336,0.986,2.092e-4,0,-0.048,1.754,1.802,-2.379e-4,875.103,0.001,335.574,0.131,6.4,32.17
13.213,1.361,2643.189,456.9,0.262,0.003,61.936,43.169,0,0.537,0.394,0.021,0.122,0.54,0.348,1.02,1.278e-4,0,-0.048,1.754,1.802,-2.335e-4,875.063,0.001,335.573,0.13,6.4,32.17
13.221,1.406,2643.189,456.9,0.262,0.003,61.919,43.169,0,0.537,0.394,0.021,0.122,0.54,0.36,1.054,3.5e-4,0,-0.048,1.754,1.802,-2.154e-4,875.024,0.001,335.571,0.13,6.4,32.17
13.23,1.45,2643.189,456.9,0.262,0.003,61.902,43.169,0,0.537,0.394,0.021,0.122,0.541,0.371,1.087,1.811e-4,0,-0.048,1.754,1.802,-1.86e-4,874.985,0.001,335.57,0.13,6.4,32.17
13.239,1.494,2643.189,456.9,0.262,0.003,61.886,43.169,0,0.537,0.394,0.021,0.122,0.541,0.383,1.12,-4.389e-4,0,-0.048,1.754,1.802,-1.488e-4,874.945,0.001,335.569,0.13,6.4,32.17
13.247,1.535,2643.189,456.9,0.262,0.003,61.871,43.169,0,0.537,0.394,0.021,0.122,0.541,0.394,1.151,2.73e-4,0,-0.048,1.754,1.802,-1.081e-4,874.906,0.001,335.567,0.129,6.4,32.17
13.256,1.537,2643.189,456.9,0.262,0.003,61.87,43.169,0,0.537,0.394,0.021,0.122,0.541,0.394,1.152,-4.796e-6,0,-0.049,1.754,1.802,-7.024e-5,874.867,0.001,335.566,0.129,6.4,32.17
13.265,1.52,2643.189,456.9,0.262,0.003,61.876,43.169,0,0.537,0.394,0.021,0.122,0.541,0.39,1.139,2.202e-4,0,-0.049,1.754,1.802,-3.864e-5,874.827,0.001,335.564,0.129,6.4,32.17
13.274,1.5,2643.189,456.9,0.262,0.003,61.884,43.169,0,0.537,0.394,0.021,0.122,0.541,0.384,1.124,3.073e-4,0,-0.049,1.754,1.803,-1.556e-5,874.788,0.001,335.563,0.128,6.4,32.17
13.282,1.477,2643.189,456.9,0.262,0.003,61.892,43.169,0,0.537,0.394,0.021,0.122,0.54,0.378,1.106,1.892e-4,0,-0.05,1.754,1.803,-2.657e-6,874.749,0.001,335.561,0.128,6.4,32.17
13.291,1.451,2643.189,456.9,0.262,0.003,61.901,43.169,0,0.537,0.394,0.021,0.122,0.54,0.372,1.087,-4.97e-4,0,-0.05,1.754,1.803,4.461e-7,874.711,0.001,335.56,0.128,6.4,32.17
13.3,1.423,2643.189,456.9,0.262,0.003,61.912,43.169,0,0.537,0.394,0.021,0.122,0.54,0.364,1.066,1.634e-4,0,-0.05,1.753,1.804,8.343e-6,874.672,0.001,335.558,0.128,6.4,32.17
13.308,1.387,2643.189,456.9,0.262,0.003,61.925,43.169,0,0.537,0.394,0.021,0.122,0.54,0.355,1.039,-3.502e-4,0,-0.051,1.753,1.804,2.465e-5,874.634,0.001,335.557,0.127,6.4,32.17
13.317,1.349,2643.189,456.9,0.262,0.003,61.939,43.169,0,0.537,0.394,0.021,0.122,0.54,0.345,1.01,-4.757e-4,0,-0.051,1.753,1.804,4.679e-5,874.596,0.001,335.556,0.127,6.4,32.17
13.325,1.309,2643.189,456.9,0.262,0.003,61.954,43.169,0,0.537,0.394,0.021,0.122,0.54,0.334,0.98,-4.754e-5,0,-0.051,1.753,1.805,7.171e-5,874.558,0.001,335.554,0.127,6.4,32.17
13.334,1.267,2643.189,456.9,0.262,0.003,61.969,43.169,0,0.537,0.394,0.021,0.122,0.539,0.323,0.949,2.451e-4,0,-0.051,1.753,1.805,9.608e-5,874.52,0.001,335.553,0.127,6.4,32.17
13.343,1.224,2643.189,456.9,0.262,0.003,61.985,43.169,0,0.537,0.394,0.021,0.122,0.539,0.312,0.917,-3.094e-4,0,-0.052,1.753,1.805,1.167e-4,874.482,0.001,335.551,0.126,6.4,32.17
13.351,1.183,2643.189,456.9,0.262,0.003,62,43.169,0,0.537,0.394,0.021,0.122,0.539,0.301,0.886,1.982e-4,0,-0.052,1.753,1.805,1.31e-4,874.444,0.001,335.55,0.126,6.4,32.17
13.36,1.167,2643.189,456.9,0.262,0.003,62.006,43.169,0,0.537,0.394,0.021,0.122,0.539,0.297,0.874,-4.795e-4,0,-0.052,1.753,1.806,1.402e-4,874.407,0.001,335.549,0.126,6.4,32.17
13.368,1.151,2643.189,456.9,0.262,0.003,62.012,43.169,0,0.537,0.394,0.021,0.122,0.539,0.293,0.861,7.593e-5,0,-0.052,1.753,1.806,1.419e-4,874.369,0.001,335.547,0.125,6.4,32.17
13.377,1.135,2643.189,456.9,0.262,0.003,62.018,43.169,0,0.537,0.394,0.021,0.122,0.539,0.288,0.849,-3.603e-4,0,-0.053,1.753,1.806,1.358e-4,874.332,0.001,335.546,0.125,6.4,32.17
13.385,1.119,2643.189,456.9,0.262,0.003,62.024,43.169,0,0.537,0.394,0.02,0.122,0.539,0.284,0.838,4.239e-4,0,-0.053,1.753,1.806,1.221e-4,874.295,0.001,335.544,0.125,6.4,32.17
13.394,1.105,2643.189,456.9,0.262,0.003,62.029,43.169,0,0.537,0.394,0.02,0.122,0.539,0.281,0.827,3.148e-4,0,-0.053,1.753,1.806,1.024e-4,874.257,0.001,335.543,0.125,6.4,32.17
13.403,1.099,2643.189,456.9,0.262,0.003,62.031,43.169,0,0.537,0.394,0.02,0.122,0.539,0.279,0.822,2.885e-4,0,-0.053,1.753,1.806,7.967e-5,874.22,0.001,335.542,0.124,6.4,32.17
13.411,1.112,2643.189,456.9,0.262,0.003,62.026,43.169,0,0.537,0.394,0.02,0.122,0.539,0.282,0.832,2.73e-4,0,-0.053,1.753,1.806,5.825e-5,874.183,0.001,335.54,0.124,6.4,32.17
13.42,1.127,2643.189,456.9,0.262,0.003,62.021,43.169,0,0.537,0.394,0.02,0.122,0.539,0.286,0.843,-2.27e-5,0,-0.053,1.753,1.806,3.791e-5,874.145,0.001,335.539,0.124,6.4,32.17
13.428,1.144,2643.189,456.9,0.262,0.003,62.014,43.169,0,0.537,0.394,0.02,0.122,0.539,0.291,0.856,4.565e-4,0,-0.053,1.753,1.806,2.062e-5,874.108,0.001,335.538,0.124,6.4,32.17
13.437,1.163,2643.189,456.9,0.262,0.003,62.007,43.169,0,0.537,0.394,0.02,0.122,0.539,0.296,0.871,4.326e-4,0,-0.053,1.753,1.807,7.998e-6,874.071,0.001,335.536,0.123,6.4,32.17
13.446,1.184,2643.189,456.9,0.262,0.003,61.999,43.169,0,0.537,0.394,0.02,0.122,0.539,0.301,0.886,-3.596e-4,0,-0.053,1.753,1.807,1.145e-6,874.033,0.001,335.535,0.123,6.4,32.17
13.455,1.189,2643.189,456.9,0.262,0.003,61.997,43.169,0,0.537,0.394,0.02,0.122,0.539,0.303,0.89,-2.816e-4,0,-0.054,1.753,1.807,-7.145e-7,873.996,0.001,335.533,0.123,6.4,32.17
13.463,1.178,2643.189,456.9,0.262,0.003,62.001,43.169,0,0.537,0.394,0.02,0.122,0.539,0.3,0.882,4.137e-4,0,-0.054,1.753,1.807,-8.468e-6,873.959,0.001,335.532,0.123,6.4,32.17
13.472,1.17,2643.189,456.9,0.262,0.003,62.004,43.169,0,0.537,0.394,0.02,0.122,0.539,0.298,0.876,1.208e-4,0,-0.054,1.753,1.807,-2.418e-5,873.921,0.001,335.531,0.122,6.4,32.17
13.481,1.164,2643.189,456.9,0.262,0.003,62.006,43.169,0,0.537,0.394,0.02,0.122,0.539,0.296,0.871,2.377e-5,0,-0.054,1.753,1.808,-4.626e-5,873.884,0.001,335.529,0.122,6.4,32.17
13.489,1.16,2643.189,456.9,0.262,0.003,62.008,43.169,0,0.537,0.394,0.02,0.122,0.539,0.295,0.868,3.613e-4,0,-0.055,1.753,1.808,-7.23e-5,873.847,0.001,335.528,0.122,6.4,32.17
13.498,1.157,2643.189,456.9,0.262,0.003,62.009,43.169,0,0.536,0.394,0.02,0.122,0.539,0.294,0.867,-4.159e-4,0,-0.055,1.753,1.808,-9.947e-5,873.811,0.001,335.527,0.122,6.4,32.17
13.507,1.172,2643.189,456.9,0.262,0.003,62.003,43.169,0,0.536,0.394,0.02,0.122,0.539,0.298,0.877,4.24e-4,0,-0.055,1.753,1.808,-1.217e-4,873.774,0.001,335.525,0.121,6.4,32.17
13.516,1.191,2643.189,456.9,0.262,0.003,61.996,43.169,0,0.536,0.394,0.02,0.122,0.539,0.303,0.892,1.45e-4,0,-0.055,1.753,1.808,-1.381e-4,873.737,0.001,335.524,0.121,6.4,32.17
13.524,1.212,2643.189,456.9,0.262,0.003,61.988,43.169,0,0.536,0.394,0.02,0.122,0.539,0.309,0.907,4.951e-4,0,-0.056,1.753,1.809,-1.477e-4,873.7,0.001,335.522,0.121,6.4,32.17
13.533,1.233,2643.189,456.9,0.262,0.003,61.98,43.169,0,0.536,0.394,0.02,0.122,0.539,0.314,0.923,1.282e-4,0,-0.056,1.753,1.809,-1.499e-4,873.664,0.001,335.521,0.12,6.4,32.17
13.542,1.254,2643.189,456.9,0.262,0.003,61.972,43.169,0,0.536,0.394,0.02,0.122,0.539,0.32,0.939,-4.831e-4,0,-0.056,1.753,1.809,-1.445e-4,873.627,0.001,335.52,0.12,6.4,32.17
13.551,1.275,2643.189,456.9,0.262,0.003,61.964,43.169,0,0.536,0.394,0.02,0.122,0.539,0.325,0.954,-3.76e-4,0,-0.056,1.753,1.809,-1.324e-4,873.591,0.001,335.518,0.12,6.4,32.17
13.559,1.295,2643.189,456.9,0.262,0.003,61.957,43.169,0,0.536,0.394,0.02,0.122,0.539,0.33,0.969,-1.46e-4,0,-0.056,1.753,1.809,-1.148e-4,873.554,0.001,335.517,0.12,6.4,32.17
13.568,1.314,2643.189,456.9,0.262,0.003,61.949,43.169,0,0.536,0.394,0.02,0.122,0.539,0.335,0.984,5.228e-5,0,-0.056,1.753,1.809,-9.358e-5,873.518,0.001,335.516,0.119,6.4,32.17
13.577,1.332,2643.189,456.9,0.262,0.003,61.942,43.169,0,0.536,0.394,0.02,0.122,0.539,0.34,0.998,-4.265e-4,0,-0.057,1.753,1.81,-7.069e-5,873.481,0.001,335.514,0.119,6.4,32.17
13.586,1.349,2643.189,456.9,0.262,0.003,61.936,43.169,0,0.536,0.394,0.02,0.122,0.539,0.345,1.01,-3.134e-4,0,-0.057,1.753,1.81,-4.828e-5,873.445,0.001,335.513,0.119,6.4,32.17
13.594,1.364,2643.189,456.9,0.262,0.003,61.93,43.169,0,0.536,0.394,0.02,0.122,0.539,0.349,1.022,-1.619e-4,0,-0.057,1.753,1.81,-2.841e-5,873.408,0.001,335.512,0.119,6.4,32.17
13.603,1.375,2643.189,456.9,0.262,0.003,61.926,43.169,0,0.536,0.394,0.02,0.122,0.539,0.352,1.03,-4.586e-4,0,-0.057,1.753,1.81,-1.289e-5,873.372,0.001,335.51,0.118,6.4,32.17
13.612,1.38,2643.189,456.9,0.262,0.003,61.924,43.169,0,0.536,0.394,0.02,0.122,0.539,0.353,1.034,-8.736e-5,0,-0.058,1.753,1.81,-3.164e-6,873.336,0.001,335.509,0.118,6.4,32.17
13.621,1.383,2643.189,456.9,0.262,0.003,61.923,43.169,0,0.536,0.394,0.02,0.122,0.539,0.353,1.036,1.227e-4,0,-0.058,1.753,1.811,5.211e-9,873.3,0.001,335.508,0.118,6.4,32.17
13.63,1.384,2643.189,456.9,0.262,0.003,61.923,43.169,0,0.536,0.394,0.02,0.122,0.539,0.354,1.036,2.839e-4,0,-0.058,1.753,1.811,3.698e-6,873.264,0.001,335.506,0.118,6.4,32.17
13.638,1.383,2643.189,456.9,0.262,0.003,61.923,43.169,0,0.536,0.394,0.02,0.122,0.539,0.354,1.036,-4.578e-4,0,-0.058,1.753,1.811,1.397e-5,873.228,0.001,335.505,0.117,6.4,32.17
13.647,1.381,2643.189,456.9,0.262,0.003,61.924,43.169,0,0.536,0.394,0.02,0.122,0.539,0.353,1.034,3.936e-4,0,-0.059,1.753,1.811,3e-5,873.192,0.001,335.504,0.117,6.4,32.17
13.656,1.393,2643.189,456.9,0.262,0.003,61.919,43.169,0,0.536,0.394,0.02,0.122,0.539,0.356,1.044,4.942e-4,0,-0.059,1.753,1.812,5.101e-5,873.156,0.001,335.502,0.117,6.4,32.17
13.665,1.412,2643.189,456.9,0.262,0.003,61.912,43.169,0,0.536,0.394,0.02,0.122,0.539,0.361,1.057,4.847e-4,0,-0.059,1.753,1.812,7.608e-5,873.12,0.001,335.501,0.117,6.4,32.17
13.674,1.429,2643.189,456.9,0.262,0.003,61.906,43.169,0,0.536,0.394,0.02,0.122,0.539,0.366,1.071,-4.036e-4,0,-0.059,1.753,1.812,1.035e-4,873.085,0.001,335.5,0.116,6.4,32.17
13.683,1.446,2643.189,456.9,0.262,0.003,61.899,43.169,0,0.536,0.394,0.02,0.122,0.539,0.37,1.083,6.125e-5,0,-0.059,1.753,1.812,1.315e-4,873.049,0.001,335.498,0.116,6.4,32.17
13.692,1.461,2643.189,456.9,0.262,0.003,61.894,43.169,0,0.536,0.394,0.02,0.122,0.539,0.374,1.094,-4.068e-4,0,-0.059,1.753,1.812,1.578e-4,873.013,0.001,335.497,0.116,6.4,32.17
13.7,1.474,2643.189,456.9,0.262,0.003,61.889,43.169,0,0.536,0.394,0.02,0.122,0.539,0.378,1.104,4.611e-4,0,-0.059,1.753,1.812,1.803e-4,872.977,0.001,335.496,0.115,6.4,32.17
13.709,1.456,2643.189,456.9,0.262,0.003,61.895,43.169,0,0.536,0.394,0.02,0.122,0.539,0.373,1.09,-7.678e-5,0,-0.06,1.753,1.813,1.944e-4,872.942,0.001,335.494,0.115,6.4,32.17
13.718,1.437,2643.189,456.9,0.262,0.003,61.902,43.169,0,0.536,0.394,0.02,0.122,0.539,0.368,1.076,4.206e-5,0,-0.06,1.753,1.813,1.99e-4,872.906,0.001,335.493,0.115,6.4,32.17
13.727,1.418,2643.189,456.9,0.262,0.003,61.909,43.169,0,0.536,0.394,0.02,0.122,0.539,0.363,1.062,1.495e-4,0,-0.06,1.753,1.813,1.935e-4,872.871,0.001,335.492,0.115,6.4,32.17
13.736,1.4,2643.189,456.9,0.262,0.003,61.916,43.169,0,0.536,0.394,0.02,0.122,0.539,0.358,1.048,4.816e-4,0,-0.061,1.753,1.813,1.781e-4,872.835,0.001,335.49,0.114,6.4,32.17
13.745,1.383,2643.189,456.9,0.262,0.003,61.922,43.169,0,0.536,0.394,0.02,0.122,0.539,0.354,1.036,-2.471e-4,0,-0.061,1.753,1.814,1.544e-4,872.8,0.001,335.489,0.114,6.4,32.17
13.754,1.37,2643.189,456.9,0.262,0.003,61.927,43.169,0,0.536,0.394,0.02,0.122,0.539,0.35,1.026,-3.108e-4,0,-0.061,1.753,1.814,1.248e-4,872.765,0.001,335.488,0.114,6.4,32.17
13.763,1.363,2643.189,456.9,0.262,0.003,61.929,43.169,0,0.536,0.394,0.02,0.122,0.539,0.348,1.021,-2.108e-4,0,-0.062,1.753,1.814,9.274e-5,872.73,0.001,335.487,0.114,6.4,32.17
13.772,1.358,2643.189,456.9,0.262,0.003,61.931,43.169,0,0.536,0.394,0.02,0.122,0.539,0.347,1.016,-1.67e-4,0,-0.062,1.753,1.815,6.124e-5,872.695,0.001,335.485,0.113,6.4,32.17
13.781,1.354,2643.189,456.9,0.262,0.003,61.932,43.169,0,0.536,0.394,0.02,0.122,0.539,0.346,1.014,-9.076e-5,0,-0.062,1.753,1.815,3.368e-5,872.66,0.001,335.484,0.113,6.4,32.17
13.789,1.353,2643.189,456.9,0.262,0.003,61.933,43.169,0,0.536,0.394,0.02,0.122,0.539,0.346,1.013,-2.167e-5,0,-0.063,1.753,1.815,1.309e-5,872.625,0.001,335.483,0.113,6.4,32.17
13.798,1.354,2643.189,456.9,0.262,0.003,61.932,43.169,0,0.536,0.394,0.02,0.122,0.539,0.346,1.014,2.424e-4,0,-0.063,1.753,1.815,1.768e-6,872.591,0.001,335.481,0.112,6.4,32.17
13.807,1.357,2643.189,456.9,0.262,0.003,61.931,43.169,0,0.536,0.394,0.02,0.122,0.539,0.347,1.016,-1.59e-4,0,-0.063,1.753,1.816,-1.002e-6,872.556,0.001,335.48,0.112,6.4,32.17
13.816,1.362,2643.189,456.9,0.262,0.003,61.929,43.169,0,0.536,0.394,0.02,0.122,0.539,0.348,1.02,-3.569e-4,0,-0.064,1.753,1.816,-1.094e-5,872.521,0.001,335.479,0.112,6.4,32.17
13.825,1.37,2643.189,456.9,0.262,0.003,61.926,43.169,0,0.536,0.394,0.02,0.122,0.539,0.35,1.026,1.528e-4,0,-0.064,1.753,1.816,-3.052e-5,872.487,0.001,335.478,0.112,6.4,32.17
13.834,1.38,2643.189,456.9,0.262,0.003,61.922,43.169,0,0.536,0.394,0.02,0.122,0.539,0.353,1.033,-1.988e-4,0,-0.064,1.753,1.817,-5.766e-5,872.453,0.001,335.476,0.111,6.4,32.17
13.843,1.392,2643.189,456.9,0.262,0.003,61.918,43.169,0,0.536,0.394,0.02,0.122,0.539,0.356,1.043,1.408e-4,0,-0.064,1.752,1.817,-8.953e-5,872.418,0.001,335.475,0.111,6.4,32.17
13.852,1.415,2643.189,456.9,0.262,0.003,61.909,43.169,0,0.536,0.394,0.02,0.122,0.539,0.362,1.06,-2.85e-4,0,-0.065,1.752,1.817,-1.218e-4,872.384,0.001,335.474,0.111,6.4,32.17
13.861,1.48,2643.189,456.9,0.262,0.003,61.885,43.169,0,0.536,0.394,0.02,0.122,0.539,0.379,1.108,-3.804e-4,0,-0.065,1.752,1.817,-1.458e-4,872.35,0.001,335.472,0.111,6.4,32.17
13.869,1.546,2643.189,456.9,0.262,0.003,61.861,43.169,0,0.536,0.394,0.02,0.122,0.539,0.397,1.158,2.785e-5,0,-0.065,1.752,1.817,-1.633e-4,872.316,0.001,335.471,0.11,6.4,32.17
13.878,1.614,2643.189,456.9,0.262,0.003,61.836,43.169,0,0.536,0.394,0.02,0.122,0.54,0.415,1.21,1.973e-4,0,-0.065,1.752,1.817,-1.724e-4,872.281,0.001,335.47,0.11,6.4,32.17
13.887,1.682,2643.189,456.9,0.262,0.003,61.811,43.169,0,0.536,0.394,0.02,0.122,0.54,0.433,1.261,-2.718e-4,0,-0.065,1.752,1.817,-1.722e-4,872.247,0.001,335.469,0.11,6.4,32.17
13.896,1.751,2643.189,456.9,0.262,0.003,61.786,43.169,0,0.536,0.394,0.02,0.122,0.54,0.451,1.312,9.428e-5,0,-0.065,1.752,1.817,-1.627e-4,872.213,0.001,335.467,0.11,6.4,32.17
13.906,1.777,2643.189,456.9,0.262,0.003,61.776,43.169,0,0.536,0.394,0.02,0.122,0.54,0.458,1.333,-2.873e-4,0,-0.065,1.752,1.818,-1.479e-4,872.179,0.001,335.466,0.109,6.4,32.17
13.915,1.777,2643.189,456.9,0.262,0.003,61.776,43.169,0,0.535,0.394,0.02,0.122,0.54,0.458,1.333,7.577e-5,0,-0.066,1.752,1.818,-1.295e-4,872.144,0.001,335.465,0.109,6.4,32.17
13.924,1.775,2643.189,456.9,0.262,0.003,61.776,43.169,0,0.535,0.394,0.02,0.122,0.54,0.458,1.331,-2.879e-4,0,-0.066,1.752,1.819,-1.078e-4,872.11,0.001,335.464,0.109,6.4,32.17
13.933,1.773,2643.189,456.9,0.262,0.003,61.777,43.169,0,0.535,0.394,0.02,0.122,0.54,0.457,1.329,-2.938e-6,0,-0.067,1.752,1.819,-8.449e-5,872.076,0.001,335.462,0.109,6.4,32.17
13.942,1.769,2643.189,456.9,0.262,0.003,61.779,43.169,0,0.535,0.394,0.019,0.122,0.54,0.456,1.326,8.199e-5,0,-0.067,1.752,1.819,-6.144e-5,872.042,0.001,335.461,0.108,6.4,32.17
13.951,1.767,2643.189,456.9,0.262,0.003,61.779,43.169,0,0.535,0.394,0.019,0.122,0.54,0.456,1.325,4.626e-4,0,-0.068,1.752,1.82,-4.03e-5,872.009,0.001,335.46,0.108,6.4,32.17
13.96,1.809,2643.189,456.9,0.262,0.003,61.764,43.169,0,0.535,0.394,0.019,0.122,0.54,0.467,1.357,-4.529e-5,0,-0.068,1.752,1.82,-2.165e-5,871.975,0.001,335.459,0.108,6.4,32.17
13.969,1.85,2643.189,456.9,0.262,0.003,61.749,43.169,0,0.535,0.394,0.019,0.122,0.541,0.478,1.387,9.796e-5,0,-0.068,1.752,1.82,-7.904e-6,871.942,0.001,335.457,0.107,6.4,32.17
13.978,1.889,2643.189,456.9,0.262,0.003,61.735,43.169,0,0.535,0.394,0.019,0.121,0.541,0.488,1.417,2.563e-4,0,-0.068,1.752,1.82,-7.318e-7,871.908,0.001,335.456,0.107,6.4,32.17
13.987,1.926,2643.189,456.9,0.262,0.003,61.721,43.169,0,0.535,0.394,0.019,0.121,0.541,0.498,1.445,-6.461e-5,0,-0.068,1.752,1.821,1.392e-6,871.875,0.001,335.455,0.107,6.4,32.17
13.996,1.962,2643.189,456.9,0.262,0.003,61.708,43.169,0,0.535,0.394,0.019,0.121,0.541,0.508,1.472,8.583e-5,0,-0.069,1.752,1.821,1.061e-5,871.841,0.001,335.454,0.107,6.4,32.17
14.005,1.989,2643.189,456.9,0.262,0.003,61.698,43.169,0,0.535,0.394,0.019,0.121,0.541,0.515,1.493,4.124e-4,0,-0.069,1.752,1.821,2.843e-5,871.808,0.001,335.452,0.106,6.4,32.17
14.014,2.008,2643.189,456.9,0.262,0.003,61.692,43.169,0,0.535,0.394,0.019,0.121,0.541,0.52,1.506,-4.181e-5,0,-0.069,1.752,1.821,5.394e-5,871.775,0.001,335.451,0.106,6.4,32.17
14.023,2.025,2643.189,456.9,0.262,0.003,61.685,43.169,0,0.535,0.394,0.019,0.121,0.542,0.525,1.52,4.837e-4,0,-0.069,1.752,1.822,8.567e-5,871.741,0.001,335.45,0.106,6.4,32.17
14.032,2.04,2643.189,456.9,0.262,0.003,61.68,43.169,0,0.535,0.394,0.019,0.121,0.542,0.529,1.53,4.103e-4,0,-0.07,1.752,1.822,1.217e-4,871.708,0.001,335.449,0.106,6.4,32.17
14.041,2.054,2643.189,456.9,0.262,0.003,61.675,43.169,0,0.535,0.394,0.019,0.121,0.542,0.533,1.541,3.467e-4,0,-0.07,1.752,1.822,1.595e-4,871.675,0.001,335.447,0.105,6.4,32.17
14.05,2.068,2643.189,456.9,0.262,0.003,61.67,43.169,0,0.535,0.394,0.019,0.121,0.542,0.537,1.552,4.703e-4,0,-0.07,1.752,1.822,1.966e-4,871.642,0.001,335.446,0.105,6.4,32.17
14.06,2.1,2643.189,456.9,0.262,0.003,61.658,43.169,0,0.535,0.394,0.019,0.121,0.542,0.545,1.575,2.797e-4,0,-0.071,1.752,1.823,2.313e-4,871.609,0.001,335.445,0.105,6.4,32.17
14.069,2.131,2643.189,456.9,0.262,0.003,61.647,43.169,0,0.535,0.394,0.019,0.121,0.542,0.554,1.599,4.906e-4,0,-0.071,1.752,1.823,2.612e-4,871.576,0.001,335.444,0.105,6.4,32.17
14.078,2.161,2643.189,456.9,0.262,0.003,61.636,43.169,0,0.535,0.394,0.019,0.121,0.542,0.562,1.621,9.374e-5,0,-0.071,1.752,1.823,2.841e-4,871.543,0.001,335.443,0.104,6.4,32.17
14.087,2.191,2643.189,456.9,0.262,0.003,61.625,43.169,0,0.535,0.394,0.019,0.121,0.542,0.57,1.645,-1.565e-4,0,-0.071,1.752,1.823,2.983e-4,871.51,0.001,335.441,0.104,6.4,32.17
14.096,2.221,2643.189,456.9,0.262,0.003,61.615,43.169,0,0.535,0.394,0.019,0.121,0.543,0.579,1.667,-3.019e-4,0,-0.071,1.752,1.823,3.025e-4,871.477,0.001,335.44,0.104,6.4,32.17
14.105,2.235,2643.189,456.9,0.262,0.003,61.61,43.169,0,0.535,0.394,0.019,0.121,0.543,0.582,1.677,-1.964e-5,0,-0.072,1.752,1.824,2.953e-4,871.444,0.001,335.439,0.104,6.4,32.17
14.115,2.238,2643.189,456.9,0.262,0.003,61.609,43.169,0,0.535,0.394,0.019,0.121,0.543,0.583,1.679,2.781e-4,0,-0.072,1.752,1.824,2.757e-4,871.411,0.001,335.438,0.103,6.4,32.17
14.124,2.241,2643.189,456.9,0.262,0.003,61.607,43.169,0,0.535,0.394,0.019,0.121,0.543,0.584,1.682,3.546e-4,0,-0.073,1.752,1.825,2.455e-4,871.378,0.001,335.436,0.103,6.4,32.17
14.133,2.245,2643.189,456.9,0.262,0.003,61.606,43.169,0,0.535,0.394,0.019,0.121,0.543,0.585,1.686,-4.126e-4,0,-0.073,1.752,1.825,2.071e-4,871.346,0.001,335.435,0.103,6.4,32.17
14.142,2.251,2643.189,456.9,0.262,0.003,61.604,43.169,0,0.535,0.394,0.019,0.121,0.543,0.587,1.69,-2.931e-4,0,-0.073,1.752,1.825,1.639e-4,871.313,0.001,335.434,0.102,6.4,32.17
14.151,2.26,2643.189,456.9,0.262,0.003,61.6,43.169,0,0.535,0.394,0.019,0.121,0.543,0.589,1.696,-1.479e-4,0,-0.074,1.752,1.826,1.196e-4,871.281,0.001,335.433,0.102,6.4,32.17
14.161,2.274,2643.189,456.9,0.262,0.003,61.595,43.169,0,0.535,0.394,0.019,0.121,0.543,0.593,1.707,2.147e-4,0,-0.074,1.752,1.826,7.825e-5,871.249,0.001,335.432,0.102,6.4,32.17
14.17,2.29,2643.189,456.9,0.262,0.003,61.59,43.169,0,0.535,0.394,0.019,0.121,0.543,0.597,1.719,-2.102e-4,0,-0.074,1.752,1.826,4.322e-5,871.216,0.001,335.43,0.102,6.4,32.17
14.179,2.309,2643.189,456.9,0.262,0.003,61.583,43.169,0,0.535,0.394,0.019,0.121,0.543,0.602,1.734,4.363e-6,0,-0.075,1.752,1.827,1.745e-5,871.184,0.001,335.429,0.101,6.4,32.17
14.188,2.33,2643.189,456.9,0.262,0.003,61.575,43.169,0,0.535,0.394,0.019,0.121,0.543,0.608,1.749,2.407e-4,0,-0.075,1.752,1.827,2.93e-6,871.152,0.001,335.428,0.101,6.4,32.17
14.198,2.353,2643.189,456.9,0.262,0.003,61.567,43.169,0,0.535,0.394,0.019,0.121,0.543,0.615,1.767,-4.73e-4,0,-0.076,1.752,1.828,-5.832e-7,871.12,0.001,335.427,0.101,6.4,32.17
14.207,2.353,2643.189,456.9,0.262,0.003,61.567,43.169,0,0.535,0.394,0.019,0.121,0.543,0.615,1.767,-8.774e-5,0,-0.076,1.752,1.828,-1.073e-5,871.088,0.001,335.426,0.101,6.4,32.17
14.216,2.346,2643.189,456.9,0.262,0.003,61.569,43.169,0,0.535,0.394,0.019,0.121,0.543,0.613,1.762,2.97e-4,0,-0.077,1.752,1.829,-3.323e-5,871.056,0.001,335.425,0.1,6.4,32.17
14.225,2.342,2643.189,456.9,0.262,0.003,61.571,43.169,0,0.535,0.394,0.019,0.121,0.543,0.612,1.759,-2.625e-4,0,-0.077,1.752,1.829,-6.645e-5,871.025,0.001,335.423,0.1,6.4,32.17
14.234,2.339,2643.189,456.9,0.262,0.003,61.572,43.169,0,0.535,0.394,0.019,0.121,0.543,0.611,1.757,4.948e-4,0,-0.078,1.752,1.83,-1.078e-4,870.993,0.001,335.422,0.1,6.4,32.17
14.243,2.339,2643.189,456.9,0.262,0.003,61.572,43.169,0,0.535,0.394,0.019,0.121,0.543,0.611,1.757,3.464e-4,0,-0.078,1.752,1.83,-1.539e-4,870.962,0.001,335.421,0.099,6.4,32.17
14.253,2.353,2643.189,456.9,0.262,0.003,61.567,43.169,0,0.535,0.394,0.019,0.121,0.543,0.615,1.767,-6.818e-5,0,-0.079,1.752,1.831,-2.001e-4,870.931,0.001,335.42,0.099,6.4,32.17
14.262,2.401,2643.189,456.9,0.262,0.003,61.55,43.169,0,0.535,0.394,0.019,0.121,0.543,0.628,1.804,1.501e-4,0,-0.079,1.752,1.831,-2.39e-4,870.9,0.001,335.419,0.099,6.4,32.17
14.271,2.451,2643.189,456.9,0.262,0.003,61.532,43.169,0,0.535,0.394,0.019,0.121,0.544,0.642,1.842,-1.204e-4,0,-0.08,1.752,1.831,-2.693e-4,870.869,0.001,335.418,0.099,6.4,32.17
14.28,2.501,2643.189,456.9,0.262,0.003,61.514,43.169,0,0.535,0.394,0.019,0.121,0.544,0.656,1.88,-4.606e-4,0,-0.08,1.752,1.832,-2.886e-4,870.838,0.001,335.416,0.098,6.4,32.17
14.289,2.552,2643.189,456.9,0.262,0.003,61.496,43.169,0,0.535,0.394,0.019,0.121,0.544,0.67,1.918,2.618e-4,0,-0.08,1.752,1.832,-2.953e-4,870.807,0.001,335.415,0.098,6.4,32.17
14.298,2.603,2643.189,456.9,0.262,0.003,61.478,43.169,0,0.535,0.394,0.019,0.121,0.545,0.684,1.957,-3.045e-4,0,-0.08,1.752,1.832,-2.892e-4,870.776,0.001,335.414,0.098,6.4,32.17
14.308,2.634,2643.189,456.9,0.262,0.003,61.468,43.169,0,0.535,0.394,0.019,0.121,0.545,0.692,1.98,-2.909e-4,0,-0.081,1.752,1.833,-2.727e-4,870.745,0.001,335.413,0.098,6.4,32.17
14.317,2.661,2643.189,456.9,0.262,0.003,61.458,43.169,0,0.535,0.395,0.019,0.121,0.545,0.7,2,-4.855e-4,0,-0.081,1.752,1.833,-2.467e-4,870.714,0.001,335.412,0.097,6.4,32.17
14.326,2.686,2643.189,456.9,0.262,0.003,61.449,43.169,0,0.535,0.395,0.019,0.121,0.545,0.707,2.019,-2.131e-5,0,-0.082,1.752,1.834,-2.133e-4,870.683,0.001,335.411,0.097,6.4,32.17
14.335,2.711,2643.189,456.9,0.262,0.003,61.441,43.169,0,0.535,0.395,0.019,0.121,0.546,0.714,2.039,1.455e-4,0,-0.082,1.752,1.834,-1.75e-4,870.653,0.001,335.41,0.097,6.4,32.17
14.344,2.734,2643.189,456.9,0.262,0.003,61.433,43.169,0,0.535,0.395,0.019,0.121,0.546,0.72,2.056,2.352e-4,0,-0.083,1.752,1.834,-1.347e-4,870.622,0.001,335.408,0.097,6.4,32.17
14.354,2.749,2643.189,456.9,0.262,0.003,61.427,43.169,0,0.535,0.395,0.019,0.121,0.546,0.725,2.067,-3.586e-4,0,-0.083,1.752,1.835,-9.575e-5,870.592,0.001,335.407,0.096,6.4,32.17
14.363,2.753,2643.189,456.9,0.262,0.003,61.426,43.169,0,0.535,0.395,0.019,0.121,0.546,0.726,2.07,-3.036e-4,0,-0.084,1.752,1.835,-6.108e-5,870.561,0.001,335.406,0.096,6.4,32.17
14.372,2.756,2643.189,456.9,0.262,0.003,61.425,43.169,0,0.535,0.395,0.019,0.121,0.546,0.726,2.072,2.228e-4,0,-0.084,1.752,1.836,-3.281e-5,870.531,0.001,335.405,0.096,6.4,32.17
14.381,2.756,2643.189,456.9,0.262,0.003,61.425,43.169,0,0.535,0.395,0.019,0.121,0.546,0.726,2.072,1.417e-4,0,-0.085,1.752,1.837,-1.267e-5,870.501,0.001,335.404,0.095,6.4,32.17
14.39,2.754,2643.189,456.9,0.262,0.003,61.425,43.169,0,0.535,0.395,0.019,0.121,0.546,0.726,2.071,-3.434e-4,0,-0.085,1.752,1.837,-1.809e-6,870.471,0.001,335.403,0.095,6.4,32.17
14.4,2.751,2643.189,456.9,0.262,0.003,61.426,43.169,0,0.535,0.395,0.019,0.121,0.546,0.725,2.068,-2.164e-4,0,-0.086,1.752,1.838,7.702e-7,870.441,0.001,335.402,0.095,6.4,32.17
14.409,2.827,2643.189,456.9,0.262,0.003,61.4,43.169,0,0.534,0.395,0.019,0.121,0.546,0.746,2.126,2.458e-4,0,-0.086,1.752,1.838,1.021e-5,870.412,0.001,335.401,0.095,6.4,32.17
14.418,2.906,2643.189,456.9,0.262,0.003,61.373,43.169,0,0.534,0.395,0.019,0.121,0.547,0.768,2.185,2.909e-6,0,-0.086,1.752,1.838,3.133e-5,870.382,0.001,335.4,0.094,6.4,32.17
14.427,2.983,2643.189,456.9,0.262,0.003,61.346,43.169,0,0.534,0.395,0.019,0.121,0.548,0.79,2.244,-6.558e-5,0,-0.086,1.752,1.838,6.468e-5,870.352,0.001,335.398,0.094,6.4,32.17
14.436,3.059,2643.189,456.9,0.262,0.003,61.32,43.169,0,0.534,0.395,0.019,0.121,0.548,0.812,2.302,4.47e-4,0,-0.086,1.752,1.838,1.101e-4,870.322,0.001,335.397,0.094,6.4,32.17
14.446,3.134,2643.189,456.9,0.262,0.003,61.294,43.169,0,0.534,0.395,0.019,0.121,0.549,0.833,2.359,2.447e-5,0,-0.086,1.752,1.838,1.667e-4,870.292,0.001,335.396,0.094,6.4,32.17
14.455,3.164,2643.189,456.9,0.262,0.003,61.284,43.169,0,0.534,0.395,0.019,0.121,0.549,0.841,2.382,-8.794e-6,0,-0.087,1.752,1.838,2.315e-4,870.262,0.001,335.395,0.093,6.4,32.17
14.465,3.156,2643.189,456.9,0.262,0.003,61.287,43.169,0,0.534,0.395,0.019,0.121,0.549,0.839,2.375,6.964e-6,0,-0.087,1.752,1.839,2.979e-4,870.232,0.001,335.394,0.093,6.4,32.17
14.474,3.147,2643.189,456.9,0.262,0.003,61.29,43.169,0,0.534,0.395,0.019,0.121,0.549,0.837,2.369,6.409e-5,0,-0.088,1.752,1.84,3.612e-4,870.203,0.001,335.393,0.093,6.4,32.17
14.483,3.136,2643.189,456.9,0.262,0.003,61.293,43.169,0,0.534,0.395,0.019,0.121,0.549,0.834,2.36,5.767e-6,0,-0.089,1.752,1.84,4.171e-4,870.173,0.001,335.392,0.093,6.4,32.17
14.493,3.125,2643.189,456.9,0.262,0.003,61.297,43.169,0,0.534,0.395,0.019,0.121,0.549,0.83,2.352,-1.648e-4,0,-0.089,1.751,1.841,4.616e-4,870.144,0.001,335.391,0.092,6.4,32.17
14.502,3.105,2643.189,456.9,0.262,0.003,61.304,43.169,0,0.534,0.395,0.019,0.121,0.548,0.825,2.337,3.349e-4,0,-0.09,1.751,1.841,4.912e-4,870.114,0.001,335.39,0.092,6.4,32.17
14.511,3.055,2643.189,456.9,0.262,0.003,61.321,43.169,0,0.534,0.395,0.019,0.121,0.548,0.81,2.298,-2.335e-4,0,-0.091,1.751,1.842,5.009e-4,870.085,0.001,335.389,0.092,6.4,32.17
14.521,3.004,2643.189,456.9,0.262,0.003,61.338,43.169,0,0.534,0.395,0.019,0.121,0.548,0.796,2.26,-3.308e-4,0,-0.092,1.751,1.843,4.897e-4,870.056,0.001,335.387,0.091,6.4,32.17
14.53,2.955,2643.189,456.9,0.262,0.003,61.355,43.169,0,0.534,0.395,0.019,0.121,0.547,0.782,2.222,2.759e-5,0,-0.092,1.751,1.844,4.584e-4,870.027,0.001,335.386,0.091,6.4,32.17
14.539,2.906,2643.189,456.9,0.262,0.003,61.372,43.169,0,0.534,0.395,0.019,0.121,0.547,0.768,2.186,3.28e-4,0,-0.093,1.751,1.845,4.093e-4,869.998,0.001,335.385,0.091,6.4,32.17
14.548,2.859,2643.189,456.9,0.262,0.003,61.388,43.169,0,0.534,0.395,0.019,0.121,0.546,0.755,2.15,2.729e-4,0,-0.094,1.751,1.845,3.464e-4,869.97,0.001,335.384,0.091,6.4,32.17
14.558,2.85,2643.189,456.9,0.262,0.003,61.391,43.169,0,0.534,0.395,0.019,0.121,0.546,0.753,2.143,1.724e-4,0,-0.095,1.751,1.846,2.771e-4,869.941,0.001,335.383,0.09,6.4,32.17
14.567,2.851,2643.189,456.9,0.262,0.003,61.39,43.169,0,0.534,0.395,0.019,0.121,0.546,0.753,2.143,2.835e-4,0,-0.095,1.751,1.846,2.069e-4,869.913,0.001,335.382,0.09,6.4,32.17
14.576,2.855,2643.189,456.9,0.262,0.003,61.389,43.169,0,0.534,0.395,0.019,0.121,0.546,0.754,2.146,-3.845e-4,0,-0.096,1.751,1.847,1.407e-4,869.885,0.001,335.381,0.09,6.4,32.17
14.585,2.86,2643.189,456.9,0.262,0.003,61.387,43.169,0,0.534,0.395,0.019,0.121,0.546,0.756,2.151,-2.844e-5,0,-0.096,1.751,1.847,8.311e-5,869.856,0.001,335.38,0.089,6.4,32.17
14.594,2.869,2643.189,456.9,0.262,0.003,61.384,43.169,0,0.534,0.395,0.019,0.121,0.546,0.758,2.157,2.463e-4,0,-0.097,1.751,1.848,3.85e-5,869.828,0.001,335.379,0.089,6.4,32.17
14.604,2.866,2643.189,456.9,0.262,0.003,61.385,43.169,0,0.534,0.395,0.019,0.121,0.546,0.757,2.155,2.481e-4,0,-0.097,1.751,1.849,9.922e-6,869.8,0.001,335.378,0.089,6.4,32.17
14.613,2.845,2643.189,456.9,0.262,0.003,61.392,43.169,0,0.534,0.395,0.019,0.121,0.546,0.751,2.139,-4.334e-4,0,-0.098,1.751,1.849,0,869.772,0.001,335.377,0.089,6.4,32.17
14.622,2.827,2643.189,456.9,0.262,0.003,61.398,43.169,0,0.534,0.395,0.019,0.121,0.546,0.746,2.126,2.541e-4,0,-0.099,1.751,1.85,-1.09e-5,869.744,0.001,335.376,0.088,6.4,32.17
14.631,2.811,2643.189,456.9,0.262,0.003,61.404,43.169,0,0.534,0.395,0.019,0.121,0.546,0.742,2.114,3.411e-4,0,-0.099,1.751,1.851,-4.28e-5,869.717,0.001,335.375,0.088,6.4,32.17
14.641,2.798,2643.189,456.9,0.262,0.003,61.408,43.169,0,0.534,0.395,0.019,0.121,0.546,0.738,2.104,4.549e-4,0,-0.1,1.751,1.851,-9.435e-5,869.689,0.001,335.374,0.088,6.4,32.17
14.65,2.788,2643.189,456.9,0.262,0.003,61.412,43.169,0,0.534,0.395,0.019,0.121,0.546,0.735,2.096,6.116e-5,0,-0.101,1.751,1.852,-1.627e-4,869.662,0.001,335.373,0.088,6.4,32.17
14.659,2.764,2643.189,456.9,0.262,0.003,61.42,43.169,0,0.534,0.395,0.019,0.121,0.545,0.729,2.078,9.792e-5,0,-0.102,1.751,1.853,-2.457e-4,869.634,0.001,335.372,0.087,6.4,32.17
14.668,2.742,2643.189,456.9,0.262,0.003,61.428,43.169,0,0.534,0.395,0.019,0.121,0.545,0.722,2.061,2.145e-5,0,-0.103,1.751,1.854,-3.382e-4,869.607,0.001,335.371,0.087,6.4,32.17
14.677,2.721,2643.189,456.9,0.262,0.003,61.435,43.169,0,0.534,0.395,0.018,0.121,0.545,0.717,2.045,-4.664e-4,0,-0.103,1.751,1.855,-4.349e-4,869.58,0.001,335.37,0.087,6.4,32.17
14.686,2.703,2643.189,456.9,0.262,0.003,61.441,43.169,0,0.534,0.395,0.018,0.121,0.545,0.711,2.032,-4.899e-4,0,-0.104,1.751,1.855,-5.307e-4,869.553,0.001,335.369,0.086,6.4,32.17
14.696,2.686,2643.189,456.9,0.262,0.003,61.447,43.169,0,0.534,0.395,0.018,0.121,0.545,0.707,2.019,-1.005e-4,0,-0.105,1.751,1.856,-6.202e-4,869.526,0.001,335.368,0.086,6.4,32.17
14.705,2.715,2643.189,456.9,0.262,0.003,61.436,43.169,0,0.534,0.395,0.018,0.121,0.545,0.715,2.042,-3.879e-4,0,-0.106,1.751,1.857,-6.922e-4,869.5,0.001,335.367,0.086,6.4,32.17
14.714,2.79,2643.189,456.9,0.262,0.003,61.41,43.169,0,0.534,0.395,0.018,0.121,0.546,0.736,2.098,-3.319e-4,0,-0.106,1.751,1.857,-7.38e-4,869.473,0.001,335.366,0.086,6.4,32.17
14.723,2.866,2643.189,456.9,0.262,0.003,61.384,43.169,0,0.534,0.395,0.018,0.121,0.546,0.757,2.156,1.259e-4,0,-0.106,1.751,1.857,-7.603e-4,869.446,0.001,335.365,0.085,6.4,32.17
14.732,2.943,2643.189,456.9,0.262,0.003,61.358,43.169,0,0.534,0.395,0.018,0.121,0.547,0.779,2.214,-4.426e-4,0,-0.106,1.751,1.858,-7.581e-4,869.42,0.001,335.364,0.085,6.4,32.17
14.741,3.021,2643.189,456.9,0.262,0.003,61.331,43.169,0,0.534,0.395,0.018,0.121,0.547,0.801,2.273,9.329e-5,0,-0.107,1.751,1.858,-7.317e-4,869.393,0.001,335.363,0.085,6.4,32.17
14.751,3.094,2643.189,456.9,0.262,0.003,61.306,43.169,0,0.534,0.395,0.018,0.121,0.548,0.821,2.328,3.048e-4,0,-0.107,1.751,1.858,-6.833e-4,869.366,0.001,335.362,0.085,6.4,32.17
14.76,3.107,2643.189,456.9,0.262,0.003,61.302,43.169,0,0.534,0.395,0.018,0.121,0.548,0.825,2.338,4.429e-4,0,-0.108,1.751,1.859,-6.213e-4,869.34,0.001,335.361,0.084,6.4,32.17
14.769,3.118,2643.189,456.9,0.262,0.003,61.297,43.169,0,0.534,0.395,0.018,0.121,0.548,0.828,2.347,-1.951e-4,0,-0.108,1.751,1.86,-5.475e-4,869.313,0.001,335.36,0.084,6.4,32.17
14.778,3.129,2643.189,456.9,0.262,0.003,61.294,43.169,0,0.534,0.395,0.018,0.121,0.548,0.831,2.356,2.464e-4,0,-0.109,1.751,1.86,-4.657e-4,869.287,0.001,335.359,0.084,6.4,32.17
14.788,3.138,2643.189,456.9,0.262,0.003,61.291,43.169,0,0.534,0.395,0.018,0.121,0.548,0.834,2.362,1.1e-4,0,-0.11,1.751,1.861,-3.804e-4,869.26,0.001,335.358,0.083,6.4,32.17
14.797,3.146,2643.189,456.9,0.262,0.003,61.288,43.169,0,0.534,0.395,0.018,0.121,0.548,0.836,2.367,8.843e-5,0,-0.111,1.751,1.862,-2.958e-4,869.234,0.001,335.357,0.083,6.4,32.17
14.806,3.235,2643.189,456.9,0.262,0.003,61.258,43.169,0,0.534,0.395,0.018,0.121,0.549,0.862,2.436,-2.063e-4,0,-0.111,1.751,1.862,-2.138e-4,869.208,0.001,335.356,0.083,6.4,32.17
14.816,3.364,2643.189,456.9,0.262,0.003,61.214,43.169,0,0.534,0.395,0.018,0.121,0.55,0.899,2.534,4.948e-5,0,-0.111,1.751,1.862,-1.369e-4,869.182,0.001,335.355,0.083,6.4,32.17
14.825,3.492,2643.189,456.9,0.262,0.003,61.171,43.169,0,0.534,0.395,0.018,0.121,0.551,0.935,2.632,1.785e-4,0,-0.111,1.751,1.862,-7.174e-5,869.155,0.001,335.354,0.082,6.4,32.17
14.834,3.619,2643.189,456.9,0.262,0.003,61.129,43.169,0,0.534,0.395,0.018,0.121,0.553,0.972,2.728,-1.975e-4,0,-0.111,1.751,1.862,-2.458e-5,869.129,0.001,335.353,0.082,6.4,32.17
14.844,3.745,2643.189,456.9,0.262,0.003,61.087,43.169,0,0.534,0.395,0.018,0.121,0.554,1.008,2.823,-7.386e-5,0,-0.111,1.751,1.862,-1.447e-6,869.103,0.001,335.352,0.082,6.4,32.17
14.853,3.832,2643.189,456.9,0.262,0.003,61.058,43.169,0,0.534,0.395,0.018,0.121,0.555,1.034,2.89,3.225e-4,0,-0.111,1.751,1.862,7.54e-6,869.076,0.001,335.351,0.082,6.4,32.17
14.863,3.85,2643.189,456.9,0.262,0.003,61.052,43.169,0,0.534,0.395,0.018,0.121,0.555,1.039,2.903,4.914e-4,0,-0.112,1.751,1.863,4.524e-5,869.05,0.001,335.35,0.081,6.4,32.17
14.872,3.865,2643.189,456.9,0.262,0.003,61.047,43.169,0,0.534,0.395,0.018,0.121,0.555,1.044,2.915,-2.91e-4,0,-0.113,1.751,1.864,1.134e-4,869.024,0.001,335.349,0.081,6.4,32.17
14.882,3.877,2643.189,456.9,0.262,0.003,61.043,43.169,0,0.534,0.395,0.018,0.121,0.555,1.047,2.924,-6.111e-5,0,-0.114,1.751,1.865,2.092e-4,868.998,0.001,335.348,0.081,6.4,32.17
14.892,3.887,2643.189,456.9,0.262,0.003,61.04,43.169,0,0.534,0.395,0.018,0.121,0.555,1.05,2.932,-3.77e-4,0,-0.114,1.751,1.865,3.285e-4,868.971,0.001,335.347,0.081,6.4,32.17
14.901,3.893,2643.189,456.9,0.262,0.003,61.038,43.169,0,0.534,0.395,0.018,0.121,0.555,1.052,2.936,-3.761e-4,0,-0.115,1.751,1.866,4.659e-4,868.945,0.001,335.346,0.08,6.4,32.17
14.911,3.889,2643.189,456.9,0.262,0.003,61.039,43.169,0,0.534,0.395,0.018,0.121,0.555,1.051,2.933,-1.642e-4,0,-0.116,1.751,1.867,6.15e-4,868.92,0.001,335.345,0.08,6.4,32.17
14.92,3.884,2643.189,456.9,0.262,0.003,61.041,43.169,0,0.534,0.395,0.018,0.121,0.555,1.049,2.929,2.355e-4,0,-0.117,1.751,1.868,7.68e-4,868.894,0.001,335.344,0.08,6.4,32.17
14.93,3.877,2643.189,456.9,0.262,0.003,61.043,43.169,0,0.534,0.395,0.018,0.121,0.555,1.047,2.923,3.919e-4,0,-0.118,1.751,1.869,9.174e-4,868.868,0.001,335.344,0.08,6.4,32.17
14.939,3.868,2643.189,456.9,0.262,0.003,61.046,43.169,0,0.534,0.395,0.018,0.121,0.555,1.044,2.916,-2.963e-4,0,-0.119,1.751,1.869,0.001,868.842,0.001,335.343,0.079,6.4,32.17
14.949,3.858,2643.189,456.9,0.262,0.003,61.049,43.169,0,0.534,0.395,0.018,0.121,0.555,1.042,2.909,-1.147e-4,0,-0.119,1.751,1.87,0.001,868.817,0.001,335.342,0.079,6.4,32.17
14.958,3.877,2643.189,456.9,0.262,0.003,61.043,43.169,0,0.534,0.395,0.018,0.121,0.555,1.047,2.924,4.696e-4,0,-0.12,1.751,1.871,0.001,868.792,0.001,335.341,0.079,6.4,32.17
14.968,3.899,2643.189,456.9,0.262,0.003,61.035,43.169,0,0.534,0.395,0.018,0.121,0.555,1.054,2.94,3.485e-4,0,-0.121,1.751,1.872,0.001,868.766,0.001,335.34,0.078,6.4,32.17
14.978,3.921,2643.189,456.9,0.262,0.003,61.028,43.169,0,0.534,0.395,0.018,0.121,0.555,1.06,2.957,-3.812e-4,0,-0.121,1.751,1.872,0.001,868.741,0.001,335.339,0.078,6.4,32.17
14.987,3.944,2643.189,456.9,0.262,0.003,61.021,43.169,0,0.534,0.395,0.018,0.121,0.555,1.067,2.975,2.552e-4,0,-0.122,1.751,1.873,0.001,868.716,0.001,335.338,0.078,6.4,32.17
14.997,3.967,2643.189,456.9,0.262,0.003,61.013,43.169,0,0.534,0.395,0.018,0.121,0.556,1.074,2.992,3.78e-4,0,-0.123,1.751,1.874,0.001,868.691,0.001,335.337,0.078,6.4,32.17
15.006,3.954,2643.189,456.9,0.262,0.003,61.017,43.169,0,0.534,0.395,0.018,0.121,0.556,1.07,2.981,1.362e-4,0,-0.124,1.751,1.874,0.001,868.665,0.001,335.336,0.077,6.4,32.17
15.016,3.923,2643.189,456.9,0.262,0.003,61.027,43.169,0,0.534,0.395,0.018,0.121,0.555,1.06,2.958,4.753e-4,0,-0.125,1.751,1.876,0.001,868.641,0.001,335.335,0.077,6.4,32.17
15.026,3.893,2643.189,456.9,0.262,0.003,61.037,43.169,0,0.534,0.395,0.018,0.121,0.555,1.052,2.935,3.087e-4,0,-0.126,1.751,1.877,0.001,868.616,0.001,335.334,0.077,6.4,32.17
15.035,3.865,2643.189,456.9,0.262,0.003,61.046,43.169,0,0.534,0.395,0.018,0.121,0.555,1.044,2.914,-1.367e-4,0,-0.127,1.751,1.878,9.09e-4,868.591,0.001,335.333,0.076,6.4,32.17
15.045,3.84,2643.189,456.9,0.262,0.003,61.054,43.169,0,0.534,0.395,0.018,0.121,0.554,1.036,2.895,2.183e-4,0,-0.128,1.751,1.879,7.449e-4,868.566,0.001,335.332,0.076,6.4,32.17
15.054,3.831,2643.189,456.9,0.262,0.003,61.057,43.169,0,0.534,0.395,0.018,0.121,0.554,1.034,2.889,3.058e-4,0,-0.129,1.751,1.88,5.753e-4,868.542,0.001,335.331,0.076,6.4,32.17
15.064,3.843,2643.189,456.9,0.262,0.003,61.053,43.169,0,0.533,0.395,0.018,0.121,0.554,1.037,2.898,-1.049e-4,0,-0.13,1.751,1.881,4.122e-4,868.517,0.001,335.331,0.076,6.4,32.17
15.073,3.858,2643.189,456.9,0.262,0.003,61.048,43.169,0,0.533,0.395,0.018,0.121,0.554,1.042,2.91,3.275e-4,0,-0.131,1.751,1.881,2.667e-4,868.493,0.001,335.33,0.075,6.4,32.17
15.083,3.876,2643.189,456.9,0.262,0.003,61.042,43.169,0,0.533,0.395,0.018,0.121,0.555,1.047,2.924,2.282e-5,0,-0.131,1.751,1.882,1.47e-4,868.469,0.001,335.329,0.075,6.4,32.17
15.093,3.898,2643.189,456.9,0.262,0.003,61.035,43.169,0,0.533,0.395,0.018,0.121,0.555,1.053,2.941,2.72e-5,0,-0.132,1.751,1.883,6.003e-5,868.445,0.001,335.328,0.075,6.4,32.17
15.102,3.926,2643.189,456.9,0.262,0.003,61.026,43.169,0,0.533,0.395,0.018,0.121,0.555,1.061,2.961,1.206e-4,0,-0.133,1.751,1.884,1.065e-5,868.421,0.001,335.327,0.075,6.4,32.17
15.112,3.964,2643.189,456.9,0.262,0.003,61.013,43.169,0,0.533,0.395,0.018,0.121,0.555,1.073,2.99,2.544e-4,0,-0.134,1.751,1.885,-1.583e-6,868.397,0.001,335.326,0.074,6.4,32.17
15.121,4.005,2643.189,456.9,0.262,0.003,61,43.169,0,0.533,0.395,0.018,0.121,0.556,1.085,3.022,3.388e-4,0,-0.135,1.751,1.886,-3.293e-5,868.373,0.001,335.325,0.074,6.4,32.17
15.131,4.05,2643.189,456.9,0.262,0.003,60.985,43.169,0,0.533,0.395,0.018,0.121,0.556,1.098,3.056,-3.513e-4,0,-0.136,1.751,1.886,-1.023e-4,868.349,0.001,335.324,0.074,6.4,32.17
15.141,4.099,2643.189,456.9,0.262,0.003,60.969,43.169,0,0.533,0.395,0.018,0.121,0.557,1.112,3.094,3.681e-4,0,-0.137,1.751,1.887,-2.05e-4,868.325,0.001,335.323,0.073,6.4,32.17
15.15,4.15,2643.189,456.9,0.262,0.003,60.952,43.169,0,0.533,0.395,0.018,0.121,0.557,1.128,3.133,4.304e-5,0,-0.137,1.751,1.888,-3.347e-4,868.302,0.001,335.323,0.073,6.4,32.17
15.16,4.199,2643.189,456.9,0.262,0.003,60.937,43.169,0,0.533,0.395,0.018,0.121,0.558,1.142,3.171,-3.872e-5,0,-0.138,1.751,1.889,-4.837e-4,868.278,0.001,335.322,0.073,6.4,32.17
15.17,4.25,2643.189,456.9,0.262,0.003,60.92,43.169,0,0.533,0.395,0.018,0.121,0.558,1.157,3.21,-2.702e-4,0,-0.139,1.751,1.89,-6.439e-4,868.254,0.001,335.321,0.073,6.4,32.17
15.179,4.303,2643.189,456.9,0.262,0.003,60.903,43.169,0,0.533,0.395,0.018,0.121,0.559,1.173,3.251,-4.314e-4,0,-0.14,1.751,1.891,-8.065e-4,868.231,0.001,335.32,0.072,6.4,32.17
15.189,4.359,2643.189,456.9,0.262,0.003,60.885,43.169,0,0.533,0.395,0.018,0.121,0.559,1.19,3.294,9.056e-5,0,-0.141,1.751,1.892,-9.629e-4,868.208,0.001,335.319,0.072,6.4,32.17
15.199,4.417,2643.189,456.9,0.262,0.003,60.866,43.169,0,0.533,0.395,0.018,0.121,0.56,1.207,3.339,-4.131e-4,0,-0.142,1.751,1.893,-0.001,868.184,0.001,335.318,0.072,6.4,32.17
15.208,4.495,2643.189,456.9,0.262,0.003,60.841,43.169,0,0.533,0.395,0.018,0.121,0.561,1.23,3.398,8.855e-5,0,-0.143,1.751,1.894,-0.001,868.161,0.001,335.317,0.072,6.4,32.17
15.218,4.578,2643.189,456.9,0.262,0.003,60.815,43.169,0,0.533,0.395,0.018,0.121,0.562,1.255,3.462,-2.789e-4,0,-0.144,1.751,1.894,-0.001,868.138,0.001,335.316,0.071,6.4,32.17
15.228,4.661,2643.189,456.9,0.262,0.003,60.788,43.169,0,0.533,0.395,0.018,0.121,0.563,1.28,3.526,1.251e-4,0,-0.145,1.751,1.895,-0.001,868.115,0.001,335.316,0.071,6.4,32.17
15.238,4.746,2643.189,456.9,0.262,0.003,60.762,43.169,0,0.533,0.395,0.018,0.121,0.564,1.306,3.591,-4.034e-5,0,-0.146,1.751,1.896,-0.001,868.092,0.001,335.315,0.071,6.4,32.17
15.247,4.831,2643.189,456.9,0.262,0.003,60.735,43.169,0,0.533,0.395,0.018,0.121,0.565,1.332,3.656,-2.409e-4,0,-0.146,1.751,1.897,-0.001,868.069,0.001,335.314,0.07,6.4,32.17
15.257,4.933,2643.189,456.9,0.262,0.003,60.703,43.169,0,0.533,0.395,0.018,0.121,0.566,1.363,3.735,-3.369e-4,0,-0.147,1.751,1.898,-0.001,868.046,0.001,335.313,0.07,6.4,32.17
15.267,5.042,2643.189,456.9,0.262,0.003,60.669,43.169,0,0.533,0.395,0.018,0.121,0.567,1.396,3.818,-2.109e-4,0,-0.148,1.751,1.898,-0.001,868.023,0.001,335.312,0.07,6.4,32.17
15.277,5.151,2643.189,456.9,0.262,0.003,60.635,43.169,0,0.533,0.395,0.018,0.121,0.568,1.429,3.902,2.66e-4,0,-0.149,1.751,1.899,-0.001,868,0.001,335.311,0.07,6.4,32.17
15.287,5.259,2643.189,456.9,0.262,0.003,60.602,43.169,0,0.533,0.395,0.018,0.121,0.57,1.463,3.985,2.001e-4,0,-0.149,1.751,1.9,-0.001,867.977,0.001,335.311,0.069,6.4,32.17
15.297,5.367,2643.189,456.9,0.262,0.003,60.569,43.169,0,0.533,0.395,0.018,0.121,0.571,1.496,4.068,9.161e-5,0,-0.15,1.751,1.901,-8.565e-4,867.955,0.001,335.31,0.069,6.4,32.17
15.306,5.427,2643.189,456.9,0.262,0.003,60.55,43.169,0,0.533,0.395,0.018,0.121,0.572,1.515,4.115,4.72e-4,0,-0.151,1.751,1.902,-6.941e-4,867.932,0.001,335.309,0.069,6.4,32.17
15.316,5.461,2643.189,456.9,0.262,0.003,60.54,43.169,0,0.533,0.395,0.018,0.121,0.572,1.525,4.141,-2.193e-4,0,-0.153,1.751,1.903,-5.351e-4,867.909,0.001,335.308,0.069,6.4,32.17
15.326,5.492,2643.189,456.9,0.262,0.003,60.53,43.169,0,0.533,0.395,0.018,0.121,0.572,1.535,4.164,-2.475e-4,0,-0.154,1.751,1.905,-3.875e-4,867.887,0.001,335.307,0.068,6.4,32.17
15.336,5.522,2643.189,456.9,0.262,0.003,60.521,43.169,0,0.533,0.395,0.018,0.121,0.573,1.544,4.187,-1.67e-4,0,-0.155,1.751,1.906,-2.571e-4,867.864,0.001,335.306,0.068,6.4,32.17
15.346,5.549,2643.189,456.9,0.262,0.003,60.513,43.169,0,0.533,0.395,0.018,0.121,0.573,1.553,4.208,3.932e-4,0,-0.157,1.75,1.907,-1.494e-4,867.842,0.001,335.306,0.068,6.4,32.17
15.356,5.62,2643.189,456.9,0.262,0.003,60.491,43.169,0,0.533,0.395,0.018,0.121,0.574,1.575,4.263,-2.378e-4,0,-0.158,1.75,1.908,-6.884e-5,867.82,0.001,335.305,0.067,6.4,32.17
15.366,5.721,2643.189,456.9,0.262,0.003,60.461,43.169,0,0.533,0.395,0.018,0.121,0.575,1.607,4.341,3.478e-4,0,-0.159,1.75,1.909,-1.767e-5,867.798,0.001,335.304,0.067,6.4,32.17
15.376,5.82,2643.189,456.9,0.262,0.003,60.431,43.169,0,0.533,0.395,0.018,0.121,0.576,1.638,4.418,3.641e-4,0,-0.159,1.75,1.91,0,867.776,0.001,335.303,0.067,6.4,32.17
15.386,5.917,2643.189,456.9,0.262,0.003,60.402,43.169,0,0.533,0.395,0.018,0.121,0.578,1.668,4.492,-6.448e-5,0,-0.16,1.75,1.911,1.955e-5,867.754,0.001,335.302,0.067,6.4,32.17
15.396,6.012,2643.189,456.9,0.262,0.003,60.374,43.169,0,0.533,0.395,0.018,0.121,0.579,1.698,4.566,-4.019e-4,0,-0.161,1.75,1.911,7.867e-5,867.732,0.001,335.301,0.066,6.4,32.17
15.406,6.079,2643.189,456.9,0.262,0.003,60.354,43.169,0,0.533,0.395,0.018,0.121,0.58,1.72,4.618,4.658e-4,0,-0.162,1.75,1.913,1.787e-4,867.71,0.001,335.301,0.066,6.4,32.17
15.416,6.125,2643.189,456.9,0.262,0.003,60.341,43.169,0,0.533,0.395,0.018,0.121,0.58,1.734,4.653,-4.178e-4,0,-0.163,1.75,1.914,3.174e-4,867.688,0.001,335.3,0.066,6.4,32.17
15.426,6.168,2643.189,456.9,0.262,0.003,60.328,43.169,0,0.533,0.395,0.018,0.121,0.581,1.748,4.686,2.278e-4,0,-0.165,1.75,1.915,4.906e-4,867.667,0.001,335.299,0.066,6.4,32.17
15.436,6.209,2643.189,456.9,0.262,0.003,60.316,43.169,0,0.533,0.395,0.018,0.121,0.581,1.761,4.717,2.008e-4,0,-0.166,1.75,1.916,6.931e-4,867.645,0.001,335.298,0.065,6.4,32.17
15.446,6.248,2643.189,456.9,0.262,0.003,60.304,43.169,0,0.533,0.395,0.018,0.121,0.582,1.774,4.748,3.425e-4,0,-0.167,1.75,1.918,9.185e-4,867.623,0.001,335.297,0.065,6.4,32.17
15.456,6.269,2643.189,456.9,0.262,0.003,60.298,43.169,0,0.533,0.395,0.018,0.121,0.582,1.78,4.764,-1.739e-4,0,-0.169,1.75,1.919,0.001,867.602,0.001,335.297,0.065,6.4,32.17
15.466,6.278,2643.189,456.9,0.262,0.003,60.295,43.169,0,0.533,0.395,0.018,0.121,0.582,1.783,4.77,-2.191e-5,0,-0.17,1.75,1.921,0.001,867.58,0.001,335.296,0.064,6.4,32.17
15.476,6.285,2643.189,456.9,0.262,0.003,60.293,43.169,0,0.533,0.395,0.018,0.121,0.582,1.785,4.775,-3.472e-4,0,-0.172,1.75,1.922,0.002,867.559,0.001,335.295,0.064,6.4,32.17
15.486,6.291,2643.189,456.9,0.262,0.003,60.291,43.169,0,0.533,0.395,0.018,0.121,0.582,1.787,4.78,4.287e-4,0,-0.173,1.75,1.924,0.002,867.538,0.001,335.294,0.064,6.4,32.17
15.496,6.296,2643.189,456.9,0.262,0.003,60.29,43.169,0,0.533,0.395,0.018,0.121,0.582,1.789,4.784,1.46e-4,0,-0.175,1.75,1.925,0.002,867.517,0.001,335.293,0.064,6.4,32.17
15.506,6.354,2643.189,456.9,0.262,0.003,60.273,43.169,0,0.533,0.395,0.018,0.121,0.583,1.807,4.828,-4.435e-4,0,-0.176,1.75,1.926,0.002,867.496,0.001,335.293,0.063,6.4,32.17
15.516,6.444,2643.189,456.9,0.262,0.003,60.247,43.169,0,0.533,0.395,0.018,0.121,0.584,1.837,4.898,1.024e-4,0,-0.177,1.75,1.927,0.002,867.475,0.001,335.292,0.063,6.4,32.17
15.526,6.536,2643.189,456.9,0.262,0.003,60.22,43.169,0,0.533,0.395,0.018,0.121,0.586,1.866,4.969,9.715e-5,0,-0.178,1.75,1.928,0.002,867.454,0.001,335.291,0.063,6.4,32.17
15.537,6.628,2643.189,456.9,0.262,0.003,60.194,43.169,0,0.533,0.395,0.018,0.121,0.587,1.896,5.041,-1.754e-4,0,-0.178,1.75,1.929,0.003,867.433,0.001,335.29,0.063,6.4,32.17
15.547,6.721,2643.189,456.9,0.262,0.003,60.167,43.169,0,0.533,0.395,0.018,0.121,0.588,1.926,5.114,3.283e-4,0,-0.179,1.75,1.93,0.003,867.413,0.001,335.29,0.062,6.4,32.17
15.557,6.746,2643.189,456.9,0.262,0.003,60.16,43.169,0,0.533,0.395,0.018,0.121,0.588,1.934,5.133,-9.089e-5,0,-0.181,1.75,1.931,0.003,867.392,0.001,335.289,0.062,6.4,32.17
15.567,6.738,2643.189,456.9,0.262,0.003,60.162,43.169,0,0.533,0.395,0.018,0.12,0.588,1.932,5.126,-3.986e-4,0,-0.183,1.75,1.933,0.003,867.371,0.001,335.288,0.062,6.4,32.17
15.577,6.731,2643.189,456.9,0.262,0.003,60.164,43.169,0,0.533,0.395,0.018,0.12,0.588,1.93,5.121,1.472e-4,0,-0.185,1.75,1.935,0.002,867.351,0.001,335.287,0.061,6.4,32.17
15.588,6.727,2643.189,456.9,0.262,0.003,60.165,43.169,0,0.533,0.395,0.018,0.12,0.588,1.928,5.118,2.371e-4,0,-0.187,1.75,1.937,0.002,867.33,0.001,335.287,0.061,6.4,32.17
15.598,6.724,2643.189,456.9,0.262,0.003,60.166,43.169,0,0.533,0.395,0.018,0.12,0.588,1.927,5.116,3.917e-5,0,-0.188,1.75,1.939,0.002,867.31,0.001,335.286,0.061,6.4,32.17
15.608,6.755,2643.189,456.9,0.262,0.003,60.157,43.169,0,0.533,0.395,0.018,0.12,0.588,1.937,5.14,2.833e-4,0,-0.19,1.75,1.94,0.002,867.29,0.001,335.285,0.061,6.4,32.17
15.618,6.798,2643.189,456.9,0.262,0.003,60.144,43.169,0,0.533,0.395,0.018,0.12,0.589,1.951,5.175,4.222e-4,0,-0.192,1.75,1.942,0.002,867.27,0.001,335.284,0.06,6.4,32.17
15.628,6.844,2643.189,456.9,0.262,0.003,60.131,43.169,0,0.533,0.395,0.018,0.12,0.59,1.967,5.211,-3.625e-4,0,-0.193,1.75,1.943,0.001,867.25,0.001,335.284,0.06,6.4,32.17
15.639,6.894,2643.189,456.9,0.262,0.003,60.117,43.169,0,0.533,0.395,0.018,0.12,0.59,1.983,5.249,-2.889e-4,0,-0.195,1.75,1.945,0.001,867.23,0.001,335.283,0.06,6.4,32.17
15.649,6.947,2643.189,456.9,0.262,0.003,60.102,43.169,0,0.533,0.395,0.018,0.12,0.591,2,5.291,3.115e-5,0,-0.196,1.75,1.947,7.986e-4,867.21,0.001,335.282,0.059,6.4,32.17
15.659,7.08,2643.189,456.9,0.262,0.003,60.064,43.169,0,0.533,0.395,0.018,0.12,0.593,2.044,5.395,2.521e-4,0,-0.197,1.75,1.947,5.537e-4,867.191,0.001,335.281,0.059,6.4,32.17
15.669,7.227,2643.189,456.9,0.262,0.003,60.023,43.169,0,0.533,0.395,0.018,0.12,0.595,2.093,5.51,3.784e-4,0,-0.198,1.75,1.948,3.471e-4,867.171,0.001,335.281,0.059,6.4,32.17
15.68,7.38,2643.189,456.9,0.262,0.003,59.98,43.169,0,0.533,0.395,0.018,0.12,0.597,2.143,5.63,2.911e-4,0,-0.199,1.75,1.949,1.866e-4,867.151,0.001,335.28,0.059,6.4,32.17
15.69,7.537,2643.189,456.9,0.262,0.003,59.936,43.169,0,0.533,0.395,0.018,0.12,0.599,2.196,5.753,-1.242e-5,0,-0.2,1.75,1.95,7.528e-5,867.132,0.001,335.279,0.058,6.4,32.17
15.701,7.691,2643.189,456.9,0.262,0.003,59.894,43.169,0,0.533,0.395,0.018,0.12,0.601,2.247,5.873,5.345e-5,0,-0.201,1.75,1.951,1.417e-5,867.112,0.001,335.278,0.058,6.4,32.17
15.711,7.705,2643.189,456.9,0.262,0.003,59.89,43.169,0,0.533,0.395,0.018,0.12,0.601,2.252,5.885,1.359e-4,0,-0.203,1.75,1.953,-3.933e-7,867.092,0.001,335.278,0.058,6.4,32.17
15.722,7.723,2643.189,456.9,0.262,0.003,59.885,43.169,0,0.533,0.395,0.018,0.12,0.602,2.258,5.899,4.387e-4,0,-0.206,1.75,1.956,-2.553e-5,867.073,0.001,335.277,0.058,6.4,32.17
15.732,7.744,2643.189,456.9,0.262,0.003,59.879,43.169,0,0.533,0.395,0.018,0.12,0.602,2.265,5.915,-4.922e-4,0,-0.208,1.75,1.958,-8.963e-5,867.054,0.001,335.276,0.057,6.4,32.17
15.742,7.768,2643.189,456.9,0.262,0.003,59.873,43.169,0,0.533,0.395,0.017,0.12,0.602,2.273,5.933,-1.725e-4,0,-0.211,1.75,1.961,-1.912e-4,867.034,0.001,335.276,0.057,6.4,32.17
15.753,7.83,2643.189,456.9,0.262,0.003,59.856,43.169,0,0.533,0.395,0.017,0.12,0.603,2.294,5.982,-3.742e-6,0,-0.213,1.75,1.963,-3.317e-4,867.015,0.001,335.275,0.057,6.4,32.17
15.763,7.987,2643.189,456.9,0.262,0.003,59.813,43.169,0,0.533,0.395,0.017,0.12,0.605,2.347,6.105,-4.978e-4,0,-0.214,1.75,1.964,-5.142e-4,866.997,0.001,335.274,0.056,6.4,32.17
15.774,8.148,2643.189,456.9,0.262,0.003,59.77,43.169,0,0.533,0.395,0.017,0.12,0.608,2.402,6.231,3.675e-4,0,-0.215,1.75,1.965,-7.186e-4,866.978,0.001,335.274,0.056,6.4,32.17
15.784,8.313,2643.189,456.9,0.262,0.003,59.726,43.169,0,0.533,0.395,0.017,0.12,0.61,2.459,6.361,1.809e-4,0,-0.216,1.75,1.966,-9.341e-4,866.959,0.001,335.273,0.056,6.4,32.17
15.795,8.481,2643.189,456.9,0.262,0.003,59.681,43.169,0,0.533,0.395,0.017,0.12,0.612,2.517,6.494,2.889e-4,0,-0.218,1.75,1.968,-0.001,866.94,0.001,335.272,0.056,6.4,32.17
15.805,8.586,2643.189,456.9,0.262,0.003,59.653,43.169,0,0.533,0.395,0.017,0.12,0.614,2.553,6.577,1.642e-4,0,-0.22,1.75,1.97,-0.001,866.921,0.001,335.271,0.055,6.4,32.17
15.816,8.627,2643.189,456.9,0.262,0.003,59.643,43.169,0,0.533,0.395,0.017,0.12,0.614,2.567,6.61,2.207e-4,0,-0.222,1.75,1.973,-0.002,866.903,0.001,335.271,0.055,6.4,32.17
15.826,8.669,2643.189,456.9,0.262,0.003,59.632,43.169,0,0.533,0.395,0.017,0.12,0.615,2.582,6.643,-4.04e-4,0,-0.225,1.75,1.975,-0.002,866.884,0.001,335.27,0.055,6.4,32.17
15.837,8.713,2643.189,456.9,0.262,0.003,59.62,43.169,0,0.533,0.395,0.017,0.12,0.615,2.597,6.677,-3.303e-4,0,-0.228,1.75,1.978,-0.002,866.866,0.001,335.269,0.054,6.4,32.17
15.848,8.759,2643.189,456.9,0.262,0.003,59.608,43.169,0,0.533,0.395,0.017,0.12,0.616,2.613,6.714,3.37e-4,0,-0.231,1.75,1.981,-0.002,866.848,0.001,335.269,0.054,6.4,32.17
15.858,8.872,2643.189,456.9,0.262,0.003,59.579,43.169,0,0.533,0.395,0.017,0.12,0.618,2.652,6.802,3.08e-4,0,-0.233,1.75,1.983,-0.002,866.83,0.001,335.268,0.054,6.4,32.17
15.869,9.007,2643.189,456.9,0.262,0.003,59.544,43.169,0,0.533,0.395,0.017,0.12,0.62,2.7,6.909,-4.846e-5,0,-0.235,1.75,1.985,-0.002,866.812,0.001,335.267,0.054,6.4,32.17
15.879,9.143,2643.189,456.9,0.262,0.003,59.509,43.169,0,0.533,0.395,0.017,0.12,0.621,2.748,7.017,4.534e-4,0,-0.237,1.75,1.987,-0.002,866.794,0.001,335.267,0.053,6.4,32.17
15.89,9.281,2643.189,456.9,0.262,0.003,59.474,43.169,0,0.533,0.395,0.017,0.12,0.623,2.796,7.126,3.082e-4,0,-0.239,1.75,1.989,-0.002,866.776,0.001,335.266,0.053,6.4,32.17
15.9,9.422,2643.189,456.9,0.262,0.003,59.438,43.169,0,0.533,0.395,0.017,0.12,0.625,2.846,7.238,4.144e-4,0,-0.241,1.75,1.991,-0.002,866.758,0.001,335.265,0.053,6.4,32.17
15.911,9.608,2643.189,456.9,0.262,0.003,59.391,43.169,0,0.532,0.395,0.017,0.12,0.628,2.913,7.385,2.93e-4,0,-0.242,1.75,1.992,-0.002,866.741,0.001,335.265,0.052,6.4,32.17
15.922,9.796,2643.189,456.9,0.262,0.003,59.344,43.169,0,0.532,0.395,0.017,0.12,0.63,2.98,7.534,1.973e-4,0,-0.244,1.75,1.994,-0.002,866.723,0.001,335.264,0.052,6.4,32.17
15.932,9.984,2643.189,456.9,0.262,0.003,59.297,43.169,0,0.532,0.395,0.017,0.12,0.633,3.048,7.683,1.363e-4,0,-0.245,1.75,1.995,-0.002,866.705,0.001,335.263,0.052,6.4,32.17
15.943,10.174,2643.189,456.9,0.262,0.003,59.251,43.169,0,0.532,0.395,0.017,0.12,0.636,3.117,7.834,7.761e-5,0,-0.247,1.75,1.997,-0.001,866.688,0.001,335.263,0.052,6.4,32.17
15.954,10.373,2643.189,456.9,0.262,0.003,59.202,43.169,0,0.532,0.395,0.017,0.12,0.638,3.19,7.992,-1.469e-4,0,-0.248,1.75,1.998,-0.001,866.67,0.001,335.262,0.051,6.4,32.17
15.965,10.587,2643.189,456.9,0.262,0.003,59.151,43.169,0,0.532,0.395,0.017,0.12,0.641,3.268,8.162,-4.661e-4,0,-0.25,1.75,2,-0.001,866.653,0.001,335.261,0.051,6.4,32.17
15.976,10.801,2643.189,456.9,0.262,0.003,59.1,43.169,0,0.532,0.395,0.017,0.12,0.644,3.348,8.334,2.96e-4,0,-0.251,1.75,2.001,-7.871e-4,866.636,0.001,335.261,0.051,6.4,32.17
15.987,11.016,2643.189,456.9,0.262,0.003,59.049,43.169,0,0.532,0.395,0.017,0.12,0.647,3.428,8.505,4.555e-5,0,-0.253,1.75,2.003,-5.719e-4,866.618,0.001,335.26,0.051,6.4,32.17
15.998,11.232,2643.189,456.9,0.262,0.003,58.999,43.169,0,0.532,0.395,0.017,0.12,0.649,3.508,8.677,3.224e-4,0,-0.254,1.75,2.004,-3.76e-4,866.601,0.001,335.26,0.05,6.4,32.17
16.009,11.275,2643.189,456.9,0.262,0.003,58.988,43.169,0,0.532,0.395,0.017,0.12,0.65,3.525,8.713,2.537e-4,0,-0.258,1.75,2.008,-2.036e-4,866.584,0.001,335.259,0.05,6.4,32.17
16.02,11.273,2643.189,456.9,0.262,0.003,58.989,43.169,0,0.532,0.395,0.017,0.12,0.65,3.524,8.711,-4.26e-4,0,-0.262,1.75,2.012,-8.124e-5,866.567,0.001,335.258,0.05,6.4,32.17
16.031,11.27,2643.189,456.9,0.262,0.003,58.99,43.169,0,0.532,0.395,0.017,0.12,0.65,3.522,8.708,-1.519e-5,0,-0.266,1.75,2.016,-1.412e-5,866.55,0.001,335.258,0.049,6.4,32.17
16.042,11.264,2643.189,456.9,0.262,0.003,58.991,43.169,0,0.532,0.395,0.017,0.12,0.65,3.52,8.703,3.7e-4,0,-0.271,1.75,2.02,2.147e-6,866.533,0.001,335.257,0.049,6.4,32.17
16.053,11.279,2643.189,456.9,0.262,0.003,58.988,43.169,0,0.532,0.395,0.017,0.12,0.65,3.526,8.714,-3.613e-4,0,-0.274,1.75,2.024,4.324e-5,866.517,0.001,335.256,0.049,6.4,32.17
16.064,11.357,2643.189,456.9,0.262,0.003,58.969,43.169,0,0.532,0.395,0.017,0.12,0.651,3.555,8.777,2.14e-4,0,-0.278,1.75,2.027,1.321e-4,866.5,0.001,335.256,0.048,6.4,32.17
16.075,11.434,2643.189,456.9,0.262,0.003,58.952,43.169,0,0.532,0.395,0.017,0.12,0.652,3.584,8.84,4.385e-4,0,-0.281,1.75,2.031,2.683e-4,866.484,0.001,335.255,0.048,6.4,32.17
16.085,11.511,2643.189,456.9,0.262,0.003,58.934,43.169,0,0.532,0.395,0.017,0.12,0.653,3.613,8.901,4.135e-4,0,-0.284,1.75,2.034,4.496e-4,866.468,0.001,335.255,0.048,6.4,32.17
16.096,11.587,2643.189,456.9,0.262,0.003,58.916,43.169,0,0.532,0.395,0.017,0.12,0.654,3.642,8.961,4.508e-5,0,-0.287,1.75,2.037,6.726e-4,866.452,0.001,335.254,0.048,6.4,32.17
16.107,11.668,2643.189,456.9,0.262,0.003,58.898,43.169,0,0.532,0.395,0.017,0.12,0.655,3.673,9.026,3.129e-4,0,-0.29,1.75,2.04,9.32e-4,866.436,0.001,335.253,0.047,6.4,32.17
16.118,11.751,2643.189,456.9,0.262,0.003,58.879,43.169,0,0.532,0.395,0.017,0.12,0.656,3.705,9.093,3.41e-5,0,-0.294,1.75,2.044,0.001,866.42,0.001,335.253,0.047,6.4,32.17
16.129,11.834,2643.189,456.9,0.262,0.003,58.86,43.169,0,0.532,0.395,0.017,0.12,0.657,3.737,9.16,-3.6e-4,0,-0.297,1.75,2.047,0.002,866.404,0.001,335.252,0.047,6.4,32.17
16.14,11.918,2643.189,456.9,0.262,0.003,58.841,43.169,0,0.532,0.395,0.017,0.12,0.658,3.768,9.226,-2.636e-4,0,-0.3,1.75,2.05,0.002,866.389,0.001,335.252,0.046,6.4,32.17
16.151,12.009,2643.189,456.9,0.262,0.003,58.821,43.169,0,0.532,0.395,0.017,0.12,0.659,3.803,9.3,4.657e-4,0,-0.303,1.75,2.053,0.002,866.373,0.001,335.251,0.046,6.4,32.17
16.162,12.153,2643.189,456.9,0.262,0.003,58.788,43.169,0,0.532,0.395,0.017,0.12,0.66,3.859,9.415,-5.816e-5,0,-0.306,1.75,2.056,0.003,866.358,0.001,335.251,0.046,6.4,32.17
16.174,12.299,2643.189,456.9,0.262,0.003,58.756,43.169,0,0.532,0.395,0.017,0.12,0.662,3.915,9.532,2.765e-4,0,-0.309,1.75,2.059,0.003,866.342,0.001,335.25,0.046,6.4,32.17
16.185,12.446,2643.189,456.9,0.262,0.003,58.723,43.169,0,0.532,0.395,0.017,0.12,0.664,3.972,9.651,-3.362e-5,0,-0.311,1.75,2.061,0.003,866.327,0.001,335.249,0.045,6.4,32.17
16.196,12.594,2643.189,456.9,0.262,0.003,58.691,43.169,0,0.532,0.395,0.017,0.12,0.665,4.03,9.77,-3.387e-4,0,-0.314,1.75,2.064,0.004,866.312,0.001,335.249,0.045,6.4,32.17
16.207,12.722,2643.189,456.9,0.262,0.003,58.663,43.169,0,0.532,0.395,0.017,0.12,0.667,4.08,9.873,-4.177e-4,0,-0.317,1.75,2.067,0.004,866.297,0.001,335.248,0.045,6.4,32.17
16.218,12.838,2643.189,456.9,0.262,0.003,58.638,43.169,0,0.532,0.395,0.017,0.12,0.668,4.125,9.967,1.102e-4,0,-0.321,1.75,2.07,0.004,866.281,0.001,335.248,0.044,6.4,32.17
16.229,12.956,2643.189,456.9,0.262,0.003,58.612,43.169,0,0.532,0.395,0.017,0.12,0.669,4.171,10.061,3.121e-4,0,-0.324,1.75,2.074,0.004,866.267,0.001,335.247,0.044,6.4,32.17
16.241,13.076,2643.189,456.9,0.262,0.003,58.587,43.169,0,0.532,0.395,0.017,0.12,0.67,4.219,10.159,4.279e-4,0,-0.327,1.75,2.077,0.005,866.252,0.001,335.247,0.044,6.4,32.17
16.252,13.217,2643.189,456.9,0.262,0.003,58.557,43.169,0,0.532,0.395,0.017,0.12,0.672,4.275,10.273,-4.152e-4,0,-0.331,1.75,2.08,0.005,866.237,0.001,335.246,0.044,6.4,32.17
16.263,13.441,2643.189,456.9,0.262,0.003,58.509,43.169,0,0.532,0.395,0.017,0.12,0.674,4.364,10.456,2.593e-4,0,-0.333,1.75,2.083,0.005,866.222,0.001,335.246,0.043,6.4,32.17
16.275,13.67,2643.189,456.9,0.262,0.003,58.461,43.169,0,0.532,0.395,0.017,0.12,0.676,4.455,10.642,2.569e-4,0,-0.335,1.75,2.085,0.005,866.208,0.001,335.245,0.043,6.4,32.17
16.286,13.904,2643.189,456.9,0.262,0.003,58.413,43.169,0,0.532,0.395,0.017,0.12,0.678,4.549,10.832,2.288e-4,0,-0.337,1.75,2.087,0.005,866.193,0.001,335.244,0.043,6.4,32.17
16.298,14.142,2643.189,456.9,0.262,0.003,58.364,43.169,0,0.532,0.395,0.017,0.12,0.68,4.646,11.027,-4.98e-6,0,-0.34,1.75,2.089,0.004,866.178,0.001,335.244,0.043,6.4,32.17
16.309,14.254,2643.189,456.9,0.262,0.003,58.341,43.169,0,0.532,0.395,0.017,0.12,0.681,4.692,11.118,1.932e-4,0,-0.344,1.75,2.094,0.004,866.164,0.001,335.243,0.042,6.4,32.17
16.321,14.34,2643.189,456.9,0.262,0.003,58.324,43.169,0,0.532,0.395,0.017,0.12,0.681,4.727,11.189,2.338e-5,0,-0.349,1.75,2.098,0.004,866.15,0.001,335.243,0.042,6.4,32.17
16.333,14.43,2643.189,456.9,0.262,0.003,58.306,43.169,0,0.532,0.395,0.017,0.12,0.682,4.763,11.262,1.074e-4,0,-0.353,1.75,2.103,0.004,866.135,0.001,335.242,0.042,6.4,32.17
16.344,14.523,2643.189,456.9,0.262,0.003,58.287,43.169,0,0.532,0.395,0.017,0.12,0.683,4.801,11.339,-2.667e-4,0,-0.358,1.75,2.108,0.004,866.121,0.001,335.242,0.041,6.4,32.17
16.356,14.695,2643.189,456.9,0.262,0.003,58.253,43.169,0,0.532,0.395,0.017,0.12,0.684,4.872,11.479,3.424e-6,0,-0.362,1.75,2.112,0.004,866.107,0.001,335.241,0.041,6.4,32.17
16.368,14.94,2643.189,456.9,0.262,0.003,58.204,43.169,0,0.532,0.395,0.017,0.12,0.685,4.973,11.681,-3.434e-4,0,-0.365,1.75,2.115,0.003,866.093,0.001,335.241,0.041,6.4,32.17
16.38,15.193,2643.189,456.9,0.262,0.003,58.155,43.169,0,0.532,0.395,0.017,0.12,0.687,5.078,11.889,-4.169e-4,0,-0.368,1.75,2.118,0.003,866.08,0.001,335.24,0.04,6.4,32.17
16.391,15.452,2643.189,456.9,0.262,0.003,58.105,43.169,0,0.532,0.395,0.017,0.12,0.688,5.187,12.102,3.025e-4,0,-0.371,1.75,2.12,0.003,866.066,0.001,335.24,0.04,6.4,32.17
16.403,15.69,2643.189,456.9,0.262,0.003,58.06,43.169,0,0.532,0.395,0.017,0.12,0.689,5.287,12.299,-7.634e-5,0,-0.374,1.75,2.124,0.002,866.052,0.001,335.239,0.04,6.4,32.17
16.415,15.859,2643.189,456.9,0.262,0.003,58.028,43.169,0,0.532,0.395,0.017,0.12,0.69,5.358,12.439,3.569e-4,0,-0.379,1.75,2.129,0.002,866.038,0.001,335.239,0.04,6.4,32.17
16.427,16.033,2643.189,456.9,0.262,0.003,57.995,43.169,0,0.532,0.395,0.017,0.12,0.69,5.432,12.583,-2.033e-4,0,-0.384,1.75,2.133,0.002,866.025,0.001,335.238,0.039,6.4,32.17
16.439,16.214,2643.189,456.9,0.262,0.003,57.962,43.169,0,0.532,0.395,0.017,0.12,0.691,5.509,12.732,-2.539e-4,0,-0.388,1.75,2.138,0.001,866.012,0.001,335.238,0.039,6.4,32.17
16.451,16.402,2643.189,456.9,0.262,0.003,57.927,43.169,0,0.533,0.395,0.017,0.12,0.692,5.589,12.888,1.006e-4,0,-0.393,1.75,2.143,0.001,865.998,0.001,335.237,0.039,6.4,32.17
16.463,16.603,2643.189,456.9,0.262,0.003,57.89,43.169,0,0.533,0.396,0.017,0.12,0.693,5.676,13.054,6.28e-5,0,-0.398,1.75,2.148,7.557e-4,865.985,0.001,335.237,0.038,6.4,32.17
16.475,16.81,2643.189,456.9,0.262,0.003,57.853,43.169,0,0.534,0.396,0.017,0.12,0.694,5.765,13.227,-9.414e-5,0,-0.403,1.75,2.153,5.267e-4,865.972,0.001,335.236,0.038,6.4,32.17
16.488,17.025,2643.189,456.9,0.262,0.003,57.814,43.169,0,0.534,0.397,0.017,0.12,0.695,5.858,13.406,-1.439e-4,0,-0.408,1.75,2.158,3.345e-4,865.959,0.001,335.236,0.038,6.4,32.17
16.5,17.247,2643.189,456.9,0.262,0.003,57.775,43.169,0,0.535,0.398,0.017,0.12,0.696,5.955,13.59,-3.858e-4,0,-0.413,1.75,2.163,1.833e-4,865.946,0.001,335.235,0.038,6.4,32.17
16.512,17.452,2643.189,456.9,0.262,0.003,57.738,43.169,0,0.536,0.398,0.017,0.12,0.696,6.045,13.761,2.843e-4,0,-0.419,1.75,2.168,7.959e-5,865.934,0.001,335.235,0.037,6.4,32.17
16.524,17.663,2643.189,456.9,0.262,0.003,57.702,43.169,0,0.536,0.399,0.017,0.12,0.697,6.138,13.938,-2.694e-4,0,-0.424,1.75,2.174,1.814e-5,865.921,0.001,335.234,0.037,6.4,32.17
16.536,17.882,2643.189,456.9,0.262,0.003,57.664,43.169,0,0.537,0.4,0.017,0.12,0.698,6.235,14.12,-3.687e-4,0,-0.43,1.75,2.18,-1.803e-7,865.909,0.001,335.234,0.037,6.4,32.17
16.549,18.109,2643.189,456.9,0.262,0.003,57.625,43.169,0,0.538,0.4,0.017,0.12,0.698,6.335,14.309,-2.514e-4,0,-0.436,1.75,2.186,-2.601e-5,865.896,0.001,335.233,0.036,6.4,32.17
16.561,18.51,2643.189,456.9,0.262,0.003,57.558,43.169,0,0.538,0.401,0.017,0.12,0.698,6.514,14.646,1.858e-4,0,-0.439,1.75,2.188,-1.234e-4,865.884,0.001,335.233,0.036,6.4,32.17
16.574,18.939,2643.189,456.9,0.262,0.003,57.487,43.169,0,0.539,0.402,0.017,0.12,0.698,6.708,15.007,-3.51e-4,0,-0.441,1.75,2.191,-2.887e-4,865.872,0.001,335.233,0.036,6.4,32.17
16.586,19.381,2643.189,456.9,0.262,0.003,57.415,43.169,0,0.539,0.402,0.017,0.12,0.697,6.908,15.379,-1.522e-5,0,-0.444,1.75,2.194,-5.077e-4,865.86,0.001,335.232,0.036,6.4,32.17
16.599,19.833,2643.189,456.9,0.262,0.003,57.343,43.169,0,0.54,0.403,0.017,0.12,0.696,7.116,15.761,-4.879e-4,0,-0.447,1.75,2.196,-7.668e-4,865.848,0.001,335.232,0.035,6.4,32.17
16.612,20.197,2643.189,456.9,0.262,0.003,57.287,43.169,0,0.541,0.403,0.017,0.12,0.695,7.242,15.879,-8.106e-5,0,-0.485,1.715,2.201,-0.001,865.836,0.001,335.231,0.035,6.4,32.17
16.624,20.535,2643.189,456.9,0.262,0.003,57.235,43.169,0,0.541,0.404,0.017,0.12,0.694,7.328,15.84,-2.575e-4,0,-0.547,1.656,2.203,-0.001,865.825,0.001,335.231,0.035,6.4,32.17
16.634,20.845,2643.189,456.9,0.262,0.003,57.188,43.169,0,0.542,0.405,0.017,0.12,0.693,7.407,15.804,-2.975e-4,0,-0.603,1.602,2.205,-0.002,865.815,0.001,335.23,0.035,6.4,32.17
16.644,21.135,2643.189,456.9,0.262,0.003,57.145,43.169,0,0.542,0.405,0.017,0.12,0.692,7.482,15.771,4.079e-4,0,-0.654,1.551,2.205,-0.002,865.806,0.001,335.23,0.034,6.4,32.17
16.653,21.405,2643.189,456.9,0.262,0.003,57.105,43.169,0,0.543,0.406,0.017,0.12,0.691,7.553,15.74,2.057e-4,0,-0.701,1.504,2.204,-0.002,865.798,0.001,335.23,0.034,6.4,32.17
16.662,21.656,2643.189,456.9,0.262,0.003,57.069,43.169,0,0.543,0.406,0.017,0.12,0.69,7.618,15.713,1.912e-4,0,-0.743,1.46,2.203,-0.002,865.79,0.001,335.23,0.034,6.4,32.17
16.67,21.898,2643.189,456.9,0.262,0.003,57.034,43.169,0,0.544,0.407,0.017,0.12,0.689,7.683,15.686,-3.491e-4,0,-0.784,1.417,2.201,-0.002,865.783,0.001,335.229,0.034,6.4,32.17
16.678,22.134,2643.189,456.9,0.262,0.003,57,43.169,0,0.544,0.407,0.017,0.12,0.688,7.746,15.66,4.549e-4,0,-0.823,1.376,2.199,-0.003,865.776,0.001,335.229,0.034,6.4,32.17
16.686,22.364,2643.189,456.9,0.262,0.003,56.968,43.169,0,0.545,0.407,0.017,0.12,0.687,7.807,15.636,1.715e-4,0,-0.86,1.336,2.196,-0.003,865.77,0.001,335.229,0.033,6.4,32.17
16.693,22.588,2643.189,456.9,0.262,0.003,56.937,43.169,0,0.545,0.408,0.017,0.12,0.686,7.868,15.612,-7.991e-5,0,-0.896,1.297,2.193,-0.003,865.763,0.001,335.229,0.033,6.4,32.17
16.701,22.801,2643.189,456.9,0.262,0.003,56.908,43.169,0,0.545,0.408,0.017,0.12,0.685,7.926,15.589,2.35e-4,0,-0.93,1.26,2.19,-0.003,865.757,0.001,335.228,0.033,6.4,32.17
16.708,22.921,2643.189,456.9,0.262,0.003,56.891,43.169,0,0.546,0.409,0.017,0.12,0.685,7.959,15.577,4.577e-4,0,-0.949,1.239,2.188,-0.003,865.751,0.001,335.228,0.033,6.4,32.17
16.714,23.042,2643.189,456.9,0.262,0.003,56.875,43.169,0,0.546,0.409,0.017,0.12,0.684,7.992,15.564,4.282e-4,0,-0.969,1.217,2.186,-0.004,865.746,0.001,335.228,0.033,6.4,32.17
16.721,23.164,2643.189,456.9,0.262,0.003,56.858,43.169,0,0.547,0.41,0.017,0.12,0.684,8.026,15.551,4.938e-4,0,-0.988,1.196,2.184,-0.004,865.74,0.001,335.228,0.033,6.4,32.17
16.728,23.287,2643.189,456.9,0.262,0.003,56.842,43.169,0,0.547,0.41,0.017,0.12,0.683,8.06,15.538,1.066e-4,0,-1.008,1.174,2.182,-0.004,865.735,0.001,335.227,0.032,6.4,32.17
16.735,23.411,2643.189,456.9,0.262,0.003,56.825,43.169,0,0.548,0.41,0.017,0.12,0.683,8.094,15.526,-4.726e-4,0,-1.027,1.153,2.18,-0.004,865.729,0.001,335.227,0.032,6.4,32.17
16.741,23.537,2643.189,456.9,0.262,0.003,56.809,43.169,0,0.548,0.411,0.017,0.12,0.682,8.129,15.514,4.068e-4,0,-1.047,1.131,2.177,-0.004,865.724,0.001,335.227,0.032,6.4,32.17
16.748,23.663,2643.189,456.9,0.262,0.003,56.792,43.169,0,0.549,0.411,0.017,0.12,0.682,8.165,15.5,2.624e-4,0,-1.066,1.109,2.175,-0.004,865.719,0.001,335.227,0.032,6.4,32.17
16.755,23.854,2643.189,456.9,0.262,0.003,56.767,43.169,0,0.549,0.412,0.017,0.12,0.68,8.218,15.481,1.221e-4,0,-1.095,1.075,2.171,-0.004,865.714,0.001,335.227,0.032,6.4,32.17
16.761,24.07,2643.189,456.9,0.262,0.003,56.739,43.169,0,0.549,0.412,0.017,0.12,0.679,8.279,15.46,-1.479e-4,0,-1.128,1.038,2.165,-0.004,865.708,0.001,335.227,0.032,6.4,32.17
16.767,24.283,2643.189,456.9,0.262,0.003,56.711,43.169,0,0.55,0.413,0.017,0.12,0.677,8.34,15.439,-5.895e-5,0,-1.16,1,2.16,-0.005,865.704,0.001,335.226,0.032,6.4,32.17
16.773,24.495,2643.189,456.9,0.262,0.003,56.685,43.169,0,0.55,0.413,0.017,0.12,0.676,8.4,15.418,-2.428e-4,0,-1.191,0.963,2.155,-0.005,865.699,0.001,335.226,0.031,6.4,32.17
16.78,24.704,2643.189,456.9,0.262,0.003,56.658,43.169,0,0.55,0.413,0.017,0.12,0.674,8.461,15.398,-4.496e-4,0,-1.222,0.927,2.149,-0.005,865.694,0.001,335.226,0.031,6.4,32.17
16.786,24.912,2643.189,456.9,0.262,0.003,56.632,43.169,0,0.551,0.414,0.017,0.12,0.672,8.52,15.378,-2.827e-4,0,-1.252,0.89,2.143,-0.005,865.69,0.001,335.226,0.031,6.4,32.17
16.791,25.118,2643.189,456.9,0.262,0.003,56.607,43.169,0,0.551,0.414,0.017,0.12,0.671,8.58,15.359,9.981e-5,0,-1.282,0.854,2.136,-0.005,865.685,0.001,335.226,0.031,6.4,32.17
16.797,25.322,2643.189,456.9,0.262,0.003,56.582,43.169,0,0.551,0.414,0.017,0.12,0.669,8.64,15.34,3.356e-4,0,-1.312,0.818,2.13,-0.005,865.681,0.001,335.225,0.031,6.4,32.17
16.803,25.537,2643.189,456.9,0.262,0.003,56.556,43.169,0,0.552,0.415,0.017,0.12,0.667,8.703,15.32,-4.688e-4,0,-1.342,0.781,2.123,-0.005,865.677,0.001,335.225,0.031,6.4,32.17
16.808,25.76,2643.189,456.9,0.262,0.003,56.529,43.169,0,0.552,0.415,0.017,0.12,0.665,8.769,15.3,-2.235e-4,0,-1.374,0.742,2.116,-0.006,865.673,0.001,335.225,0.031,6.4,32.17
16.814,25.981,2643.189,456.9,0.262,0.003,56.503,43.169,0,0.552,0.415,0.017,0.12,0.663,8.834,15.279,2.705e-4,0,-1.405,0.703,2.108,-0.006,865.669,0.001,335.225,0.031,6.4,32.17
16.819,26.201,2643.189,456.9,0.262,0.003,56.477,43.169,0,0.553,0.415,0.017,0.12,0.661,8.9,15.259,7.722e-5,0,-1.436,0.665,2.1,-0.006,865.665,0.001,335.225,0.031,6.4,32.17
16.825,26.419,2643.189,456.9,0.262,0.003,56.452,43.169,0,0.553,0.416,0.017,0.12,0.659,8.965,15.241,-2.171e-4,0,-1.466,0.627,2.092,-0.006,865.661,0.001,335.225,0.03,6.4,32.17
16.83,26.635,2643.189,456.9,0.262,0.003,56.427,43.169,0,0.553,0.416,0.017,0.12,0.656,9.03,15.222,-4.282e-4,0,-1.496,0.589,2.084,-0.006,865.657,0.001,335.225,0.03,6.4,32.17
16.835,26.85,2643.189,456.9,0.262,0.003,56.403,43.169,0,0.553,0.416,0.017,0.12,0.654,9.095,15.203,4.918e-4,0,-1.525,0.551,2.076,-0.006,865.654,0.001,335.224,0.03,6.4,32.17
16.84,27.063,2643.189,456.9,0.262,0.003,56.379,43.169,0,0.554,0.417,0.017,0.12,0.652,9.16,15.185,-7.09e-5,0,-1.554,0.514,2.068,-0.006,865.65,0.001,335.224,0.03,6.4,32.17
16.845,27.275,2643.189,456.9,0.262,0.003,56.355,43.169,0,0.554,0.417,0.017,0.12,0.65,9.225,15.167,-4.396e-4,0,-1.582,0.477,2.059,-0.006,865.647,0.001,335.224,0.03,6.4,32.17
16.85,27.486,2643.189,456.9,0.262,0.003,56.332,43.169,0,0.554,0.417,0.017,0.12,0.647,9.29,15.15,3.04e-4,0,-1.611,0.44,2.05,-0.006,865.643,0.001,335.224,0.03,6.4,32.17
16.855,27.708,2643.189,456.9,0.262,0.003,56.307,43.169,0,0.554,0.417,0.017,0.12,0.645,9.358,15.131,3.706e-5,0,-1.64,0.401,2.041,-0.007,865.64,0.001,335.224,0.03,6.4,32.17
16.86,27.928,2643.189,456.9,0.262,0.003,56.284,43.169,0,0.555,0.418,0.017,0.12,0.642,9.426,15.113,1.013e-4,0,-1.669,0.363,2.032,-0.007,865.637,0.001,335.224,0.03,6.4,32.17
16.865,28.147,2643.189,456.9,0.262,0.003,56.26,43.169,0,0.555,0.418,0.017,0.12,0.64,9.494,15.095,-1.365e-4,0,-1.698,0.324,2.022,-0.007,865.633,0.001,335.224,0.03,6.4,32.17
16.87,28.364,2643.189,456.9,0.262,0.003,56.237,43.169,0,0.555,0.418,0.017,0.12,0.637,9.562,15.078,-1.464e-4,0,-1.726,0.286,2.013,-0.007,865.63,0.001,335.224,0.03,6.4,32.17
16.874,28.58,2643.189,456.9,0.262,0.003,56.215,43.169,0,0.555,0.418,0.017,0.12,0.635,9.629,15.061,2.469e-4,0,-1.754,0.248,2.003,-0.007,865.627,0.001,335.223,0.03,6.4,32.17
16.879,28.795,2643.189,456.9,0.262,0.003,56.193,43.169,0,0.556,0.419,0.017,0.12,0.632,9.697,15.044,-2.878e-4,0,-1.782,0.211,1.993,-0.007,865.624,0.001,335.223,0.029,6.4,32.17
16.884,29.008,2643.189,456.9,0.262,0.003,56.171,43.169,0,0.556,0.419,0.017,0.12,0.629,9.765,15.028,-1.055e-4,0,-1.81,0.173,1.983,-0.007,865.621,0.001,335.223,0.029,6.4,32.17
16.888,29.221,2643.189,456.9,0.262,0.003,56.149,43.169,0,0.556,0.419,0.017,0.12,0.627,9.832,15.011,5.109e-5,0,-1.837,0.136,1.973,-0.007,865.618,0.001,335.223,0.029,6.4,32.17
16.893,29.433,2643.189,456.9,0.262,0.003,56.128,43.169,0,0.556,0.419,0.017,0.12,0.624,9.9,14.995,-3.877e-4,0,-1.863,0.099,1.963,-0.007,865.615,0.001,335.223,0.029,6.4,32.17
16.897,29.643,2643.189,456.9,0.262,0.003,56.107,43.169,0,0.557,0.419,0.017,0.12,0.621,9.967,14.98,-3.155e-4,0,-1.89,0.062,1.952,-0.007,865.612,0.001,335.223,0.029,6.4,32.17
16.902,29.837,2643.189,456.9,0.262,0.003,56.088,43.169,0,0.557,0.42,0.017,0.12,0.619,10.029,14.965,-2.336e-4,0,-1.913,0.029,1.942,-0.007,865.609,0.001,335.223,0.029,6.4,32.17
16.906,30.004,2643.189,456.9,0.262,0.003,56.072,43.169,0,0.557,0.42,0.017,0.12,0.617,10.083,14.953,1.974e-4,0,-1.932,0,1.932,-0.007,865.607,0.001,335.223,0.029,6.4,32.17
16.911,30.172,2643.189,456.9,0.262,0.003,56.056,43.169,0,0.557,0.42,0.017,0.12,0.615,10.137,14.942,1.079e-4,0,-1.923,0,1.923,-0.007,865.604,0.001,335.223,0.029,6.4,32.17
16.915,30.342,2643.189,456.9,0.262,0.003,56.039,43.169,0,0.558,0.421,0.017,0.12,0.613,10.192,14.929,-1.099e-4,0,-1.913,0,1.913,-0.007,865.601,0.001,335.223,0.029,6.4,32.17
16.92,30.516,2643.189,456.9,0.262,0.003,56.023,43.169,0,0.558,0.421,0.017,0.12,0.61,10.249,14.916,4.61e-4,0,-1.904,0,1.904,-0.007,865.598,0.001,335.222,0.029,6.4,32.17
16.924,30.693,2643.189,456.9,0.262,0.003,56.006,43.169,0,0.558,0.421,0.017,0.12,0.608,10.306,14.905,-1.654e-4,0,-1.894,0,1.894,-0.007,865.595,0.001,335.222,0.029,6.4,32.17
16.929,30.872,2643.189,456.9,0.262,0.003,55.99,43.169,0,0.558,0.421,0.017,0.12,0.606,10.365,14.891,-2.254e-4,0,-1.884,0,1.884,-0.007,865.593,0.001,335.222,0.029,6.4,32.17
16.933,31.055,2643.189,456.9,0.262,0.003,55.973,43.169,0,0.559,0.422,0.017,0.12,0.603,10.425,14.879,-4.539e-4,0,-1.875,0,1.875,-0.006,865.59,0.001,335.222,0.028,6.4,32.17
16.938,31.242,2643.189,456.9,0.262,0.003,55.956,43.169,0,0.559,0.422,0.017,0.12,0.601,10.487,14.866,3.681e-5,0,-1.865,0,1.865,-0.006,865.587,0.001,335.222,0.028,6.4,32.17
16.943,31.431,2643.189,456.9,0.262,0.003,55.938,43.169,0,0.559,0.422,0.017,0.12,0.598,10.549,14.854,-2.338e-4,0,-1.855,0,1.855,-0.006,865.584,0.001,335.222,0.028,6.4,32.17
16.948,31.625,2643.189,456.9,0.262,0.003,55.921,43.169,0,0.56,0.422,0.017,0.12,0.596,10.613,14.841,-4.47e-4,0,-1.846,0,1.846,-0.006,865.581,0.001,335.222,0.028,6.4,32.17
16.952,31.824,2643.189,456.9,0.262,0.003,55.903,43.169,0,0.56,0.423,0.017,0.12,0.593,10.679,14.828,-1.398e-4,0,-1.836,0,1.836,-0.006,865.579,0.001,335.222,0.028,6.4,32.17
16.957,32.03,2643.189,456.9,0.262,0.003,55.885,43.169,0,0.56,0.423,0.017,0.12,0.59,10.748,14.815,8.698e-5,0,-1.826,0,1.826,-0.006,865.576,0.001,335.222,0.028,6.4,32.17
16.962,32.24,2643.189,456.9,0.262,0.003,55.867,43.169,0,0.56,0.423,0.017,0.12,0.587,10.818,14.801,3.276e-4,0,-1.816,0,1.816,-0.006,865.573,0.001,335.221,0.028,6.4,32.17
16.967,32.453,2643.189,456.9,0.262,0.003,55.849,43.169,0,0.561,0.424,0.017,0.12,0.584,10.889,14.788,3.658e-4,0,-1.806,0,1.806,-0.006,865.57,0.001,335.221,0.028,6.4,32.17
16.973,32.671,2643.189,456.9,0.262,0.003,55.83,43.169,0,0.561,0.424,0.017,0.12,0.581,10.962,14.774,-7.419e-5,0,-1.796,0,1.796,-0.006,865.567,0.001,335.221,0.028,6.4,32.17
16.978,32.893,2643.189,456.9,0.262,0.003,55.812,43.169,0,0.561,0.424,0.017,0.12,0.578,11.037,14.761,4.474e-4,0,-1.786,0,1.786,-0.006,865.564,0.001,335.221,0.028,6.4,32.17
16.983,33.119,2643.189,456.9,0.262,0.003,55.793,43.169,0,0.562,0.425,0.017,0.12,0.574,11.113,14.747,-9.304e-5,0,-1.776,0,1.776,-0.005,865.561,0.001,335.221,0.028,6.4,32.17
16.988,33.35,2643.189,456.9,0.262,0.003,55.774,43.169,0,0.562,0.425,0.017,0.12,0.571,11.191,14.733,4.517e-4,0,-1.766,0,1.766,-0.005,865.558,0.001,335.221,0.027,6.4,32.17
16.994,33.585,2643.189,456.9,0.262,0.003,55.755,43.169,0,0.562,0.425,0.017,0.12,0.567,11.271,14.72,-1.318e-4,0,-1.756,0,1.756,-0.005,865.556,0.001,335.221,0.027,6.4,32.17
16.999,33.824,2643.189,456.9,0.262,0.003,55.736,43.169,0,0.563,0.426,0.017,0.12,0.564,11.353,14.705,1.548e-4,0,-1.746,0,1.746,-0.005,865.553,0.001,335.221,0.027,6.4,32.17
17.005,34.07,2643.189,456.9,0.262,0.003,55.716,43.169,0,0.563,0.426,0.017,0.12,0.56,11.437,14.692,-2.846e-4,0,-1.736,0,1.736,-0.005,865.55,0.001,335.221,0.027,6.4,32.17
17.01,34.321,2643.189,456.9,0.262,0.003,55.697,43.169,0,0.563,0.426,0.017,0.12,0.556,11.523,14.678,-5.271e-5,0,-1.726,0,1.726,-0.005,865.547,0.001,335.221,0.027,6.4,32.17
17.016,34.577,2643.189,456.9,0.262,0.003,55.677,43.169,0,0.564,0.427,0.017,0.12,0.552,11.611,14.664,2.397e-4,0,-1.716,0,1.716,-0.005,865.544,0.001,335.22,0.027,6.4,32.17
17.022,34.838,2643.189,456.9,0.262,0.003,55.657,43.169,0,0.564,0.427,0.017,0.12,0.548,11.701,14.65,-3.455e-4,0,-1.705,0,1.705,-0.004,865.541,0.001,335.22,0.027,6.4,32.17
17.027,35.105,2643.189,456.9,0.262,0.003,55.637,43.169,0,0.564,0.427,0.017,0.12,0.544,11.793,14.636,-1.923e-4,0,-1.695,0,1.695,-0.004,865.538,0.001,335.22,0.027,6.4,32.17
17.033,35.377,2643.189,456.9,0.262,0.003,55.617,43.169,0,0.565,0.428,0.017,0.12,0.54,11.887,14.622,-2.789e-4,0,-1.685,0,1.685,-0.004,865.535,0.001,335.22,0.027,6.4,32.17
17.039,35.655,2643.189,456.9,0.262,0.003,55.597,43.169,0,0.565,0.428,0.017,0.12,0.535,11.984,14.608,-3.351e-4,0,-1.675,0,1.675,-0.004,865.532,0.001,335.22,0.027,6.4,32.17
17.045,35.939,2643.189,456.9,0.262,0.003,55.577,43.169,0,0.565,0.428,0.017,0.12,0.531,12.083,14.594,2.586e-4,0,-1.664,0,1.664,-0.004,865.529,0.001,335.22,0.026,6.4,32.17
17.051,36.229,2643.189,456.9,0.262,0.003,55.557,43.169,0,0.566,0.429,0.017,0.12,0.526,12.184,14.58,3.524e-4,0,-1.654,0,1.654,-0.004,865.526,0.001,335.22,0.026,6.4,32.17
17.058,36.527,2643.189,456.9,0.262,0.003,55.536,43.169,0,0.566,0.429,0.017,0.12,0.521,12.289,14.565,4.561e-4,0,-1.643,0,1.643,-0.003,865.523,0.001,335.22,0.026,6.4,32.17
17.064,36.832,2643.189,456.9,0.262,0.003,55.516,43.169,0,0.566,0.429,0.017,0.12,0.516,12.396,14.552,-2.633e-4,0,-1.633,0,1.633,-0.003,865.52,0.001,335.22,0.026,6.4,32.17
17.07,37.143,2643.189,456.9,0.262,0.003,55.495,43.169,0,0.567,0.43,0.017,0.12,0.511,12.506,14.538,-1.459e-4,0,-1.622,0,1.622,-0.003,865.517,0.001,335.219,0.026,6.4,32.17
17.077,37.462,2643.189,456.9,0.262,0.003,55.474,43.169,0,0.567,0.43,0.017,0.12,0.506,12.618,14.524,1.53e-4,0,-1.612,0,1.612,-0.003,865.514,0.001,335.219,0.026,6.4,32.17
17.083,37.787,2643.189,456.9,0.262,0.003,55.453,43.169,0,0.567,0.43,0.017,0.12,0.501,12.734,14.51,-1.748e-5,0,-1.601,0,1.601,-0.003,865.511,0.001,335.219,0.026,6.4,32.17
17.09,38.12,2643.189,456.9,0.262,0.003,55.432,43.169,0,0.568,0.431,0.017,0.12,0.495,12.852,14.496,1.616e-4,0,-1.59,0,1.59,-0.003,865.508,0.001,335.219,0.026,6.4,32.17
17.097,38.461,2643.189,456.9,0.262,0.003,55.412,43.169,0,0.568,0.431,0.017,0.12,0.489,12.973,14.483,-1.394e-4,0,-1.579,0,1.579,-0.002,865.505,0.001,335.219,0.026,6.4,32.17
17.104,38.785,2643.189,456.9,0.262,0.003,55.392,43.169,0,0.569,0.432,0.017,0.12,0.484,13.088,14.47,4.178e-4,0,-1.569,0,1.569,-0.002,865.502,0.001,335.219,0.025,6.4,32.17
17.111,39.097,2643.189,456.9,0.262,0.003,55.374,43.169,0,0.569,0.432,0.017,0.12,0.479,13.2,14.458,-1.386e-4,0,-1.559,0,1.559,-0.002,865.5,0.001,335.219,0.025,6.4,32.17
17.118,39.417,2643.189,456.9,0.262,0.003,55.355,43.169,0,0.57,0.433,0.017,0.12,0.473,13.314,14.446,1.55e-4,0,-1.55,0,1.55,-0.002,865.497,0.001,335.219,0.025,6.4,32.17
17.125,39.746,2643.189,456.9,0.262,0.003,55.336,43.169,0,0.57,0.433,0.017,0.12,0.468,13.432,14.435,4.385e-4,0,-1.54,0,1.54,-0.002,865.494,0.001,335.219,0.025,6.4,32.17
17.132,40.084,2643.189,456.9,0.262,0.003,55.318,43.169,0,0.571,0.433,0.017,0.12,0.462,13.554,14.423,-2.191e-4,0,-1.53,0,1.53,-0.001,865.491,0.001,335.218,0.025,6.4,32.17
17.14,40.432,2643.189,456.9,0.262,0.003,55.299,43.169,0,0.571,0.434,0.017,0.12,0.456,13.679,14.411,2.171e-4,0,-1.52,0,1.52,-0.001,865.488,0.001,335.218,0.025,6.4,32.17
17.148,40.789,2643.189,456.9,0.262,0.003,55.28,43.169,0,0.571,0.434,0.017,0.12,0.45,13.807,14.4,8.708e-5,0,-1.51,0,1.51,-0.001,865.485,0.001,335.218,0.025,6.4,32.17
17.155,41.209,2643.189,456.9,0.262,0.003,55.258,43.169,0,0.572,0.435,0.017,0.12,0.443,13.959,14.387,-5.293e-5,0,-1.499,0,1.499,-9.256e-4,865.482,0.001,335.218,0.025,6.4,32.17
17.163,41.664,2643.189,456.9,0.262,0.003,55.235,43.169,0,0.572,0.435,0.017,0.12,0.435,14.123,14.374,-4.278e-4,0,-1.487,0,1.487,-8.049e-4,865.479,0.001,335.218,0.025,6.4,32.17
17.171,42.131,2643.189,456.9,0.262,0.003,55.213,43.169,0,0.573,0.436,0.017,0.12,0.427,14.292,14.36,-1.794e-4,0,-1.474,0,1.474,-6.892e-4,865.476,0.001,335.218,0.024,6.4,32.17
17.179,42.608,2643.189,456.9,0.262,0.003,55.191,43.169,0,0.573,0.436,0.017,0.12,0.418,14.465,14.348,3.779e-4,0,-1.462,0,1.462,-5.792e-4,865.473,0.001,335.218,0.024,6.4,32.17
17.187,43.096,2643.189,456.9,0.262,0.003,55.168,43.169,0,0.573,0.436,0.017,0.12,0.41,14.642,14.335,-3.478e-4,0,-1.45,0,1.45,-4.758e-4,865.47,0.001,335.218,0.024,6.4,32.17
17.196,43.596,2643.189,456.9,0.262,0.003,55.147,43.169,0,0.574,0.437,0.017,0.12,0.401,14.823,14.323,3.385e-4,0,-1.437,0,1.437,-3.799e-4,865.468,0.001,335.218,0.024,6.4,32.17
17.204,44.1,2643.189,456.9,0.262,0.003,55.126,43.169,0,0.574,0.437,0.017,0.12,0.392,15.005,14.313,4.225e-4,0,-1.425,0,1.425,-2.898e-4,865.465,0.001,335.217,0.024,6.4,32.17
17.213,44.607,2643.189,456.9,0.262,0.003,55.105,43.169,0,0.575,0.438,0.017,0.12,0.383,15.189,14.302,-3.566e-4,0,-1.412,0,1.412,-2.078e-4,865.462,0.001,335.217,0.024,6.4,32.17
17.222,45.129,2643.189,456.9,0.262,0.003,60.371,43.169,0,0.575,0.438,0.017,0.12,0.374,7.869,11.217,-3.151e-4,0,-1.4,0,1.4,-1.439e-4,865.459,0.001,335.217,0.024,6.4,32.17
17.231,45.677,2643.189,456.9,0.262,0.003,60.391,43.169,0,0.575,0.438,0.017,0.12,0.365,7.907,11.142,-3.864e-4,0,-1.387,0,1.387,-1.18e-4,865.457,0.001,335.217,0.024,6.4,32.17
17.24,46.239,2643.189,456.9,0.262,0.003,60.411,43.169,0,0.576,0.439,0.017,0.12,0.355,7.945,11.065,3.358e-4,0,-1.374,0,1.374,-9.425e-5,865.454,0.001,335.217,0.024,6.4,32.17
17.249,46.816,2643.189,456.9,0.262,0.003,60.432,43.169,0,0.576,0.439,0.017,0.12,0.345,7.983,10.987,9.045e-5,0,-1.36,0,1.36,-7.287e-5,865.451,0.001,335.217,0.024,6.4,32.17
17.259,47.461,2643.189,456.9,0.262,0.003,60.449,43.169,0,0.576,0.439,0.017,0.12,0.334,8.034,10.904,2.485e-4,0,-1.345,0,1.345,-6.079e-5,865.449,0.001,335.217,0.023,6.4,32.17
17.268,48.125,2643.189,456.9,0.262,0.003,60.465,43.169,0,0.577,0.44,0.017,0.12,0.322,8.086,10.82,-6.12e-5,0,-1.33,0,1.33,-5.004e-5,865.446,0.001,335.217,0.023,6.4,32.17
17.278,48.804,2643.189,456.9,0.262,0.003,60.482,43.169,0,0.577,0.44,0.017,0.12,0.311,8.139,10.735,2.692e-4,0,-1.315,0,1.315,-4.004e-5,865.444,0.001,335.217,0.023,6.4,32.17
17.288,49.497,2643.189,456.9,0.262,0.003,60.5,43.169,0,0.577,0.44,0.017,0.12,0.299,8.193,10.65,1.625e-4,0,-1.299,0,1.299,-3.088e-5,865.441,0.001,335.217,0.023,6.4,32.17
17.298,50.206,2643.189,456.9,0.262,0.003,60.519,43.169,0,0.577,0.44,0.017,0.12,0.287,8.248,10.565,7.755e-5,0,-1.283,0,1.283,-2.265e-5,865.439,0.001,335.217,0.023,6.4,32.17
17.309,50.82,2643.189,456.9,0.262,0.003,60.549,43.169,0,0.578,0.441,0.017,0.12,0.278,8.281,10.486,1.337e-4,0,-1.27,0,1.27,-8.571e-6,865.437,0.001,335.216,0.023,6.4,32.17
17.319,51.43,2643.189,456.9,0.262,0.003,60.584,43.169,0,0.578,0.441,0.017,0.12,0.268,8.31,10.408,4.098e-4,0,-1.258,0,1.258,-7.222e-7,865.434,0.001,335.216,0.023,6.4,32.17
17.33,52.061,2643.189,456.9,0.262,0.003,60.619,43.169,0,0.579,0.442,0.017,0.12,0.258,8.34,10.328,4.353e-4,0,-1.245,0,1.245,1.604e-6,865.432,0.001,335.216,0.023,6.4,32.17
17.341,52.713,2643.189,456.9,0.262,0.003,60.655,43.169,0,0.579,0.442,0.017,0.12,0.248,8.371,10.247,1.453e-4,0,-1.233,0,1.233,1.171e-5,865.43,0.001,335.216,0.023,6.4,32.17
17.352,53.39,2643.189,456.9,0.262,0.003,60.693,43.169,0,0.58,0.443,0.017,0.12,0.237,8.403,10.163,-1.835e-4,0,-1.22,0,1.22,3.127e-5,865.428,0.001,335.216,0.023,6.4,32.17
17.363,54.1,2643.189,456.9,0.262,0.003,60.729,43.169,0,0.58,0.443,0.017,0.12,0.227,8.439,10.079,-2.436e-4,0,-1.206,0,1.206,5.895e-5,865.426,0.001,335.216,0.023,6.4,32.17
17.375,54.834,2643.189,456.9,0.262,0.003,60.767,43.169,0,0.581,0.444,0.017,0.12,0.216,8.476,9.993,-2.379e-4,0,-1.192,0,1.192,9.608e-5,865.425,0.001,335.216,0.022,6.4,32.17
17.387,55.592,2643.189,456.9,0.262,0.003,60.807,43.169,0,0.581,0.444,0.017,0.12,0.205,8.514,9.907,-3.783e-4,0,-1.178,0,1.178,1.432e-4,865.423,0.001,335.216,0.022,6.4,32.17
17.399,56.374,2643.189,456.9,0.262,0.003,60.847,43.169,0,0.582,0.445,0.017,0.12,0.194,8.554,9.819,1.745e-4,0,-1.163,0,1.163,2.009e-4,865.421,0.001,335.216,0.022,6.4,32.17
17.412,57.233,2643.189,456.9,0.262,0.003,60.882,43.169,0,0.582,0.445,0.017,0.12,0.182,8.607,9.731,-2.977e-4,0,-1.147,0,1.147,2.488e-4,865.42,0.001,335.216,0.022,6.4,32.17
17.424,58.119,2643.189,456.9,0.262,0.003,60.918,43.169,0,0.582,0.445,0.017,0.12,0.17,8.662,9.641,-3.306e-4,0,-1.13,0,1.13,3.013e-4,865.419,0.001,335.216,0.022,6.4,32.17
17.437,59.027,2643.189,456.9,0.262,0.003,60.954,43.169,0,0.583,0.446,0.017,0.12,0.158,8.718,9.553,8.172e-5,0,-1.113,0,1.113,3.605e-4,865.417,0.001,335.216,0.022,6.4,32.17
17.45,59.957,2643.189,456.9,0.262,0.003,60.993,43.169,0,0.583,0.446,0.017,0.12,0.146,8.775,9.464,-1.537e-5,0,-1.095,0,1.095,4.28e-4,865.416,0.001,335.216,0.022,6.4,32.17
17.464,60.856,2643.189,456.9,0.262,0.003,61.039,43.169,0,0.583,0.446,0.017,0.12,0.135,8.819,9.377,-1.314e-4,0,-1.079,0,1.079,5.382e-4,865.416,0.001,335.216,0.022,6.4,32.17
17.478,61.783,2643.189,456.9,0.262,0.003,61.087,43.169,0,0.583,0.446,0.017,0.12,0.124,8.864,9.291,2.248e-6,0,-1.063,0,1.063,6.643e-4,865.415,0.001,335.216,0.022,6.4,32.17
17.492,62.738,2643.189,456.9,0.262,0.003,61.136,43.169,0,0.584,0.447,0.017,0.12,0.114,8.911,9.204,-3.692e-5,0,-1.046,0,1.046,8.072e-4,865.414,0.001,335.216,0.022,6.4,32.17
17.506,63.713,2643.189,456.9,0.262,0.003,61.189,43.169,0,0.584,0.447,0.017,0.12,0.104,8.956,9.119,-1.16e-4,0,-1.029,0,1.029,9.784e-4,865.414,0.001,335.216,0.022,6.4,32.17
17.521,64.705,2643.189,456.9,0.262,0.003,61.244,43.169,0,0.584,0.447,0.017,0.12,0.094,8.999,9.034,1.866e-4,0,-1.012,0,1.012,0.001,865.414,0.001,335.216,0.022,6.4,32.17
17.536,65.729,2643.189,456.9,0.262,0.003,61.301,43.169,0,0.585,0.448,0.017,0.12,0.084,9.044,8.951,-1.801e-4,0,-0.995,0,0.995,0.001,865.414,0.001,335.216,0.022,6.4,32.17
17.552,66.79,2643.189,456.9,0.262,0.003,61.358,43.169,0,0.585,0.448,0.017,0.12,0.074,9.091,8.87,2.743e-4,0,-0.977,0,0.977,0.002,865.415,0.001,335.216,0.021,6.4,32.17
17.568,67.92,2643.189,456.9,0.262,0.003,61.41,43.169,0,0.585,0.448,0.017,0.12,0.065,9.153,8.792,-1.096e-4,0,-0.957,0,0.957,0.002,865.415,0.001,335.216,0.021,6.4,32.17
17.584,69.074,2643.189,456.9,0.262,0.003,61.463,43.169,0,0.585,0.448,0.017,0.12,0.056,9.217,8.717,2.316e-4,0,-0.936,0,0.936,0.002,865.416,0.001,335.216,0.021,6.4,32.17
17.6,70.255,2643.189,456.9,0.262,0.003,61.516,43.169,0,0.585,0.448,0.017,0.12,0.048,9.282,8.648,-4.587e-4,0,-0.915,0,0.915,0.002,865.417,0.001,335.216,0.021,6.4,32.17
17.617,71.517,2643.189,456.9,0.262,0.003,61.557,43.169,0,0.585,0.448,0.017,0.12,0.04,9.374,8.588,-4.47e-4,0,-0.891,0,0.891,0.002,865.419,0.001,335.216,0.022,6.4,32.17
17.635,72.79,2643.189,456.9,0.262,0.003,61.597,43.169,0,0.584,0.447,0.017,0.12,0.033,9.467,8.533,1.728e-4,0,-0.866,0,0.866,0.003,865.421,0.001,335.216,0.022,6.4,32.17
17.652,74.062,2643.189,456.9,0.262,0.003,61.641,43.169,0,0.584,0.447,0.017,0.12,0.026,9.557,8.485,-1.948e-4,0,-0.841,0,0.841,0.003,865.423,0.001,335.216,0.022,6.4,32.17
17.67,75.287,2643.189,456.9,0.262,0.003,61.702,43.169,0,0.583,0.446,0.017,0.12,0.021,9.619,8.433,3.406e-4,0,-0.82,0,0.82,0.003,865.426,0.001,335.216,0.022,6.4,32.17
17.688,76.534,2643.189,456.9,0.262,0.003,61.763,43.169,0,0.583,0.446,0.017,0.12,0.016,9.682,8.387,7.323e-5,0,-0.798,0,0.798,0.004,865.429,0.001,335.216,0.022,6.4,32.17
17.707,77.807,2643.189,456.9,0.262,0.003,61.823,43.169,0,0.583,0.446,0.017,0.12,0.012,9.751,8.348,7.174e-5,0,-0.775,0,0.775,0.004,865.432,0.001,335.216,0.022,6.4,32.17
17.726,79.106,2643.189,456.9,0.262,0.003,61.88,43.169,0,0.582,0.445,0.017,0.12,0.009,9.828,8.317,-2.31e-4,0,-0.751,0,0.751,0.005,865.436,0.001,335.216,0.022,6.4,32.17
17.746,80.417,2643.189,456.9,0.262,0.003,61.936,43.169,0,0.582,0.445,0.017,0.12,0.006,9.906,8.294,-2.075e-4,0,-0.727,0,0.727,0.005,865.441,0.001,335.217,0.022,6.4,32.17
17.766,81.781,2643.189,456.9,0.262,0.003,61.966,43.169,0,0.581,0.444,0.017,0.12,0.004,10.029,8.294,3.043e-4,0,-0.699,0,0.699,0.005,865.445,0.001,335.217,0.022,6.4,32.17
17.786,83.142,2643.189,456.9,0.262,0.003,61.988,43.169,0,0.58,0.443,0.017,0.12,0.002,10.165,8.307,3.702e-4,0,-0.67,0,0.67,0.006,865.451,0.001,335.217,0.023,6.4,32.17
17.807,84.466,2643.189,456.9,0.262,0.003,62.023,43.169,0,0.578,0.441,0.017,0.12,0.001,10.279,8.32,1.268e-4,0,-0.643,0,0.643,0.006,865.457,0.001,335.217,0.023,6.4,32.17
17.828,85.753,2643.189,456.9,0.262,0.003,62.088,43.169,0,0.578,0.441,0.017,0.12,5.661e-4,10.344,8.32,-2.32e-4,0,-0.62,0,0.62,0.007,865.463,0.001,335.217,0.023,6.4,32.17
17.85,87.05,2643.189,456.9,0.262,0.003,62.152,43.169,0,0.577,0.44,0.017,0.12,1.921e-4,10.412,8.327,-3.817e-4,0,-0.597,0,0.597,0.008,865.47,0.001,335.218,0.023,6.4,32.17
17.872,88.361,2643.189,456.9,0.262,0.003,62.203,43.169,0,0.576,0.439,0.017,0.12,3.335e-5,10.502,8.351,-1.865e-4,0,-0.573,0,0.573,0.009,865.478,0.001,335.218,0.023,6.4,32.17
17.894,89.669,2643.189,456.9,0.262,0.003,62.252,43.169,0,0.575,0.438,0.017,0.12,2.774e-7,10.595,8.382,3.582e-4,0,-0.548,0,0.548,0.01,865.486,0.001,335.218,0.024,6.4,32.17
17.917,90.973,2643.189,456.9,0.262,0.003,62.267,43.169,0,0.574,0.437,0.017,0.12,-6.998e-6,10.741,8.443,-4.202e-4,0,-0.521,0,0.521,0.011,865.496,0.001,335.219,0.024,6.4,32.17
17.941,92.249,2643.189,456.9,0.262,0.003,62.267,43.169,0,0.572,0.435,0.017,0.12,-8.5e-5,10.909,8.52,2.482e-4,0,-0.493,0,0.493,0.012,865.505,0.001,335.219,0.025,6.4,32.17
17.965,93.495,2643.189,456.9,0.262,0.003,62.273,43.169,0,0.57,0.433,0.017,0.12,-3.139e-4,11.067,8.598,-1.194e-4,0,-0.467,0,0.467,0.013,865.516,0.001,335.219,0.025,6.4,32.17
17.989,94.716,2643.189,456.9,0.262,0.003,62.28,43.169,0,0.569,0.432,0.017,0.12,-7.589e-4,11.22,8.68,1.639e-6,0,-0.441,0,0.441,0.014,865.528,0.001,335.22,0.025,6.4,32.17
17.993,94.893,2643.189,456.9,0.262,0.003,62.281,43.169,0,0.569,0.431,0.017,0.12,-8.457e-4,11.243,8.693,3.779e-4,0,-0.437,0,0.437,0.014,865.529,0.001,335.22,0.026,6.4,32.17
17.998,95.157,2643.189,456.9,0.262,0.003,62.282,43.169,0,0.568,0.431,0.017,0.12,-9.864e-4,11.277,8.712,4.957e-4,0,-0.432,0,0.432,0.015,865.532,0.001,335.22,0.026,6.4,32.17
18.007,95.555,2643.189,456.9,0.262,0.003,62.296,43.169,0,0.568,0.431,0.017,0.12,-0.001,11.309,8.734,-1.963e-4,0,-0.425,0,0.425,0.015,865.536,0.001,335.22,0.026,6.4,32.17
18.019,96.146,2643.189,456.9,0.262,0.003,62.32,43.169,0,0.567,0.43,0.017,0.12,-0.002,11.35,8.763,4.869e-4,0,-0.414,0,0.414,0.017,865.542,0.001,335.22,0.026,6.4,32.17
18.037,97.015,2643.189,456.9,0.262,0.003,62.354,43.169,0,0.567,0.43,0.017,0.12,-0.002,11.413,8.81,-2.053e-4,0,-0.399,0,0.399,0.019,865.552,0.001,335.221,0.026,6.4,32.17
18.064,98.224,2643.189,456.9,0.262,0.003,62.404,43.169,0,0.566,0.428,0.017,0.12,-0.004,11.497,8.879,1.897e-4,0,-0.377,0,0.377,0.022,865.566,0.001,335.221,0.026,6.4,32.17
18.091,99.429,2643.189,456.9,0.262,0.003,62.455,43.169,0,0.564,0.427,0.017,0.12,-0.006,11.578,8.951,-1.604e-4,0,-0.357,0,0.357,0.026,865.582,0.001,335.222,0.027,6.4,32.17
18.119,100.589,2643.189,456.9,0.262,0.003,62.468,43.169,0,0.563,0.426,0.017,0.12,-0.008,11.72,9.054,2.187e-4,0,-0.334,0,0.334,0.03,865.598,0.001,335.222,0.027,6.4,32.17
18.148,101.706,2643.189,456.9,0.262,0.003,62.458,43.169,0,0.561,0.424,0.017,0.12,-0.011,11.896,9.173,-1.589e-4,0,-0.312,0,0.312,0.034,865.617,0.001,335.223,0.028,6.4,32.17
18.178,102.799,2643.189,456.9,0.262,0.003,62.45,43.169,0,0.559,0.422,0.017,0.12,-0.014,12.069,9.294,3.938e-4,0,-0.29,0,0.29,0.038,865.636,0.001,335.224,0.028,6.4,32.17
18.208,103.868,2643.189,456.9,0.262,0.003,62.442,43.169,0,0.558,0.42,0.017,0.12,-0.017,12.241,9.418,-2.103e-4,0,-0.269,0,0.269,0.044,865.657,0.001,335.225,0.029,6.4,32.17
18.24,104.925,2643.189,456.9,0.262,0.003,62.441,43.169,0,0.556,0.419,0.017,0.12,-0.021,12.398,9.537,-9.084e-5,0,-0.249,0,0.249,0.051,865.68,0.001,335.225,0.029,6.4,32.17
18.274,105.95,2643.189,456.9,0.262,0.003,62.432,43.169,0,0.554,0.417,0.017,0.12,-0.025,12.568,9.663,5.169e-5,0,-0.23,0,0.23,0.059,865.705,0.001,335.226,0.03,6.4,32.17
18.308,106.935,2643.189,456.9,0.262,0.003,62.412,43.169,0,0.553,0.415,0.017,0.12,-0.03,12.756,9.796,3.646e-4,0,-0.211,0,0.211,0.068,865.732,0.001,335.227,0.031,6.4,32.17
18.344,107.865,2643.189,456.9,0.262,0.003,62.371,43.169,0,0.551,0.413,0.017,0.12,-0.034,12.975,9.941,-2.296e-4,0,-0.193,0,0.193,0.079,865.762,0.001,335.228,0.031,6.4,32.17
18.383,108.713,2643.189,456.9,0.262,0.003,62.295,43.169,0,0.548,0.411,0.017,0.12,-0.039,13.255,10.107,1.613e-4,0,-0.174,0,0.174,0.091,865.795,0.001,335.23,0.032,6.4,32.17
18.422,109.525,2643.189,456.9,0.262,0.003,62.221,43.169,0,0.546,0.409,0.017,0.12,-0.043,13.53,10.268,-1.197e-4,0,-0.157,0,0.157,0.105,865.831,0.001,335.231,0.033,6.4,32.17
18.465,110.278,2643.189,456.9,0.262,0.003,62.136,43.169,0,0.544,0.407,0.017,0.12,-0.048,13.823,10.431,-2.404e-4,0,-0.14,0,0.14,0.123,865.87,0.001,335.232,0.034,6.4,32.17
18.51,110.932,2643.189,456.9,0.262,0.003,62.017,43.169,0,0.542,0.405,0.017,0.12,-0.052,14.175,10.608,2.343e-4,0,-0.124,0,0.124,0.144,865.914,0.001,335.234,0.035,6.4,32.17
18.558,111.513,2643.189,456.9,0.262,0.003,61.893,43.169,0,0.54,0.403,0.017,0.12,-0.056,14.531,10.776,3.016e-4,0,-0.108,0,0.108,0.172,865.964,0.001,335.236,0.035,6.4,32.17
18.608,111.924,2643.189,456.9,0.262,0.003,61.724,43.169,0,0.537,0.4,0.017,0.12,-0.059,14.965,10.959,3.454e-4,0,-0.094,0,0.094,0.203,866.017,0.001,335.238,0.036,6.4,32.17
18.658,112.167,2643.189,456.9,0.262,0.003,61.532,43.169,0,0.535,0.398,0.017,0.12,-0.06,15.429,11.135,9.531e-5,0,-0.082,0,0.082,0.238,866.073,0.001,335.24,0.037,6.4,32.17
18.708,112.227,2643.189,456.9,0.262,0.003,61.307,43.169,0,0.533,0.396,0.017,0.12,-0.06,15.948,11.315,2.399e-4,0,-0.07,0,0.07,0.277,866.131,0.001,335.242,0.039,6.4,32.17
18.758,112.103,2643.189,456.9,0.262,0.003,61.048,43.169,0,0.532,0.395,0.017,0.12,-0.059,16.527,11.498,4.635e-4,0,-0.061,0,0.061,0.32,866.192,0.001,335.244,0.04,6.4,32.17
18.808,111.796,2643.189,456.9,0.262,0.003,60.756,43.169,0,0.532,0.395,0.017,0.12,-0.057,17.169,11.687,-7.42e-5,0,-0.052,0,0.052,0.366,866.254,0.001,335.247,0.041,6.4,32.17
18.858,111.348,2643.189,456.9,0.262,0.003,60.484,43.169,0,0.532,0.395,0.017,0.12,-0.054,17.755,11.83,4.55e-4,0,-0.045,0,0.045,0.426,866.319,0.001,335.249,0.042,6.4,32.17
18.908,110.687,2643.189,456.9,0.262,0.003,60.161,43.169,0,0.532,0.395,0.017,0.12,-0.05,18.446,11.995,-2.736e-5,0,-0.038,0,0.038,0.487,866.387,0.001,335.252,0.043,6.4,32.17
18.958,109.831,2643.189,456.9,0.262,0.003,59.815,43.169,0,0.532,0.395,0.017,0.12,-0.044,19.183,12.159,-8.009e-5,0,-0.033,0,0.033,0.556,866.456,0.001,335.254,0.044,6.4,32.17
19.008,108.799,2643.189,456.9,0.262,0.003,59.486,43.169,0,0.532,0.395,0.017,0.12,-0.038,19.861,12.272,-2.939e-4,0,0,0,0,0.639,866.527,0.001,335.257,0.044,6.4,32.17
19.058,107.526,2643.189,456.9,0.262,0.003,59.088,43.169,0,0.532,0.395,0.017,0.12,-0.031,20.705,12.443,4.472e-4,0,0,0,0,0.721,866.601,0.001,335.26,0.045,6.4,32.17
19.108,106.051,2643.189,456.9,0.262,0.003,58.7,43.169,0,0.532,0.395,0.017,0.12,-0.025,21.507,12.574,-4.85e-4,0,0,0,0,0.818,866.676,0.001,335.262,0.046,6.4,32.17
19.158,104.343,2643.189,456.9,0.262,0.003,58.289,43.169,0,0.532,0.395,0.017,0.12,-0.018,22.354,12.711,-3.334e-4,0,0,0,0,0.922,866.754,0.001,335.265,0.047,6.4,32.17
19.208,102.401,2643.189,456.9,0.262,0.003,57.885,43.169,0,0.532,0.395,0.017,0.12,-0.012,23.153,12.814,-2.279e-4,0,0,0,0,1.041,866.833,0.001,335.268,0.048,6.4,32.17
19.258,100.206,2643.189,456.9,0.262,0.003,57.449,43.169,0,0.532,0.395,0.017,0.12,-0.007,24.023,12.945,4.13e-4,0,0,0,0,1.164,866.913,0.001,335.271,0.049,6.4,32.17
19.308,97.753,2643.189,456.9,0.262,0.003,57.029,43.169,0,0.532,0.395,0.017,0.12,-0.003,24.801,13.033,-1.324e-4,0,0,0,0,1.304,866.996,0.001,335.274,0.049,6.4,32.17
19.356,95.17,2643.189,456.9,0.262,0.003,56.647,43.169,0,0.532,0.395,0.017,0.12,-9.31e-4,25.424,13.085,2.549e-4,0,0,0,0,1.44,867.075,0.001,335.277,0.05,6.4,32.17
19.4,92.515,2643.189,456.9,0.262,0.003,56.391,43.169,0,0.532,0.395,0.017,0.12,-1.103e-4,25.55,12.955,-1.436e-4,0,0,0,0,1.58,867.151,0.001,335.28,0.051,6.4,32.17
19.442,89.799,2643.189,456.9,0.262,0.003,56.152,43.169,0,0.532,0.395,0.017,0.12,5.762e-8,25.589,12.821,-1.151e-4,0,0,0,0,1.716,867.224,0.001,335.283,0.051,6.4,32.17
19.482,87.023,2643.189,456.9,0.262,0.003,55.93,43.169,0,0.532,0.395,0.017,0.12,1.821e-4,25.535,12.675,2.189e-4,0,0,0,0,1.858,867.294,0.001,335.285,0.052,6.4,32.17
19.52,84.195,2643.189,456.9,0.262,0.003,55.727,43.169,0,0.532,0.395,0.017,0.12,0.001,25.381,12.523,-1.25e-4,0,0,0,0,1.998,867.361,0.001,335.288,0.052,6.4,32.17
19.557,81.324,2643.189,456.9,0.262,0.003,55.543,43.169,0,0.532,0.395,0.017,0.12,0.004,25.127,12.369,2.34e-4,0,0,0,0,2.134,867.426,0.001,335.29,0.053,6.4,32.17
19.592,78.422,2643.189,456.9,0.262,0.003,55.379,43.169,0,0.533,0.395,0.017,0.12,0.01,24.77,12.216,2.939e-4,0,0,0,0,2.261,867.49,0.001,335.292,0.053,6.4,32.17
19.625,75.494,2643.189,456.9,0.262,0.003,55.237,43.169,0,0.533,0.395,0.017,0.12,0.018,24.312,12.068,4.665e-4,0,0,0,0,2.379,867.551,0.001,335.295,0.054,6.4,32.17
19.658,72.535,2643.189,456.9,0.262,0.003,55.117,43.169,0,0.533,0.395,0.017,0.12,0.031,23.755,11.915,-3.113e-4,0,0,0,0,2.495,867.611,0.001,335.297,0.054,6.4,32.17
19.689,69.536,2643.189,456.9,0.262,0.003,55.017,43.169,0,0.533,0.395,0.017,0.12,0.048,23.099,11.752,-1.325e-4,0,0,0,0,2.619,867.669,0.001,335.299,0.055,6.4,32.17
19.72,66.526,2643.189,456.9,0.262,0.003,54.94,43.169,0,0.533,0.395,0.017,0.12,0.07,22.355,11.602,-7.151e-5,0,0,0,0,2.731,867.727,0.001,335.301,0.055,6.4,32.17
19.749,63.506,2643.189,456.9,0.262,0.003,54.887,43.169,0,0.533,0.395,0.017,0.12,0.096,21.53,11.461,-1.275e-5,0,0,0,0,2.835,867.783,0.001,335.303,0.055,6.4,32.17
19.778,60.464,2643.189,456.9,0.262,0.003,54.856,43.169,0,0.533,0.395,0.017,0.12,0.128,20.629,11.324,4.127e-4,0,0,0,0,2.941,867.838,0.001,335.305,0.056,6.4,32.17
19.806,57.411,2643.189,456.9,0.262,0.003,54.85,43.169,0,0.533,0.395,0.017,0.12,0.164,19.664,11.2,-1.972e-4,0,0,0,0,3.042,867.891,0.001,335.307,0.056,6.4,32.17
19.834,54.353,2643.189,456.9,0.262,0.003,54.869,43.169,0,0.533,0.395,0.017,0.12,0.204,18.645,11.092,1.417e-4,0,0,0,0,3.138,867.945,0.001,335.309,0.057,6.4,32.17
19.86,51.293,2643.189,456.9,0.262,0.003,54.914,43.169,0,0.533,0.395,0.018,0.12,0.249,17.586,11.003,-3.424e-4,0,0,0,0,3.23,867.997,0.001,335.311,0.057,6.4,32.17
19.887,48.236,2643.189,456.9,0.262,0.003,54.986,43.169,0,0.533,0.395,0.018,0.12,0.296,16.5,10.939,1.513e-4,0,0,0,0,3.315,868.048,0.001,335.313,0.058,6.4,32.17
19.912,45.177,2643.189,456.9,0.262,0.003,55.086,43.169,0,0.533,0.395,0.018,0.12,0.346,15.397,10.898,-1.851e-4,0,0,0,0,3.399,868.099,0.001,335.315,0.058,6.4,32.17
19.937,42.119,2643.189,456.9,0.262,0.003,55.216,43.169,0,0.533,0.395,0.018,0.12,0.397,14.289,10.885,-1.901e-4,0,0,0,0,3.482,868.149,0.001,335.317,0.059,6.4,32.17
19.962,39.06,2643.189,456.9,0.262,0.003,55.379,43.169,0,0.533,0.395,0.018,0.12,0.449,13.188,10.899,1.245e-4,0,0,0,0,3.564,868.199,0.001,335.319,0.059,6.4,32.17
19.986,36.001,2643.189,456.9,0.262,0.003,55.576,43.169,0,0.533,0.395,0.018,0.12,0.499,12.106,10.946,4.796e-4,0,0,0,0,3.648,868.248,0.001,335.321,0.06,6.4,32.17
20.009,32.955,2643.189,456.9,0.262,0.003,55.809,43.169,0,0.533,0.395,0.018,0.12,0.547,11.059,11.031,3.027e-4,0,0,0,0,3.727,868.296,0.001,335.322,0.06,6.4,32.17
20.032,29.93,2643.189,456.9,0.262,0.003,56.082,43.169,0,0.533,0.395,0.018,0.12,0.591,10.06,11.159,4.017e-5,0,0.012,0.012,0,3.799,868.344,0.001,335.324,0.061,6.4,32.17
20.055,26.917,2643.189,456.9,0.262,0.003,56.398,43.169,0,0.533,0.395,0.018,0.12,0.629,9.117,11.33,3.256e-4,0,0.497,0.54,0.043,3.868,868.392,0.001,335.326,0.061,6.4,32.17
20.059,26.409,2643.189,456.9,0.262,0.003,56.456,43.169,0,0.533,0.395,0.018,0.12,0.635,8.963,11.363,-2.236e-4,0,0.578,0.629,0.05,3.878,868.4,0.001,335.326,0.062,6.4,32.17
20.062,25.973,2643.189,456.9,0.262,0.003,56.507,43.169,0,0.533,0.395,0.018,0.12,0.64,8.833,11.394,4.354e-4,0,0.647,0.705,0.058,3.886,868.406,0.001,335.326,0.062,6.4,32.17
20.065,25.583,2643.189,456.9,0.262,0.003,56.554,43.169,0,0.533,0.395,0.018,0.12,0.644,8.718,11.423,1.289e-4,0,0.708,0.773,0.066,3.894,868.413,0.001,335.327,0.062,6.4,32.17
20.067,25.227,2643.189,456.9,0.262,0.003,56.597,43.169,0,0.533,0.395,0.018,0.12,0.648,8.613,11.449,2.601e-4,0,0.762,0.835,0.073,3.9,868.418,0.001,335.327,0.062,6.4,32.17
20.07,24.89,2643.189,456.9,0.262,0.003,56.638,43.169,0,0.533,0.395,0.018,0.12,0.651,8.515,11.475,-1.925e-4,0,0.814,0.894,0.081,3.906,868.423,0.001,335.327,0.062,6.4,32.17
20.072,24.552,2643.189,456.9,0.262,0.003,56.681,43.169,0,0.533,0.395,0.018,0.12,0.654,8.418,11.503,-4.53e-4,0,0.865,0.954,0.089,3.912,868.429,0.001,335.327,0.062,6.4,32.17
20.075,24.213,2643.189,456.9,0.262,0.003,56.724,43.169,0,0.533,0.395,0.018,0.12,0.657,8.321,11.53,-2.308e-4,0,0.916,1.013,0.097,3.918,868.434,0.001,335.327,0.062,6.4,32.17
20.077,23.874,2643.189,456.9,0.262,0.003,56.768,43.169,0,0.533,0.395,0.018,0.12,0.66,8.225,11.558,8.764e-6,0,0.966,1.072,0.106,3.923,868.439,0.001,335.328,0.062,6.4,32.17
20.08,23.535,2643.189,456.9,0.262,0.003,56.812,43.169,0,0.533,0.395,0.018,0.121,0.663,8.13,11.588,-4.419e-4,0,1.016,1.132,0.116,3.928,868.445,0.001,335.328,0.062,6.4,32.17
20.082,23.195,2643.189,456.9,0.262,0.003,56.857,43.169,0,0.533,0.395,0.018,0.121,0.666,8.036,11.617,-2.171e-4,0,1.065,1.191,0.126,3.933,868.45,0.001,335.328,0.062,6.4,32.17
20.085,22.855,2643.189,456.9,0.262,0.003,56.904,43.169,0,0.533,0.395,0.018,0.121,0.669,7.942,11.649,-4.905e-4,0,1.114,1.251,0.136,3.937,868.455,0.001,335.328,0.062,6.4,32.17
20.087,22.514,2643.189,456.9,0.262,0.003,56.95,43.169,0,0.533,0.395,0.018,0.121,0.671,7.849,11.681,4.833e-6,0,1.163,1.31,0.147,3.941,868.461,0.001,335.328,0.062,6.4,32.17
20.09,22.173,2643.189,456.9,0.262,0.003,56.998,43.169,0,0.533,0.395,0.018,0.121,0.674,7.757,11.714,3.166e-4,0,1.211,1.37,0.159,3.945,868.466,0.001,335.329,0.062,6.4,32.17
20.092,21.832,2643.189,456.9,0.262,0.003,57.047,43.169,0,0.533,0.395,0.018,0.121,0.676,7.666,11.748,-5.711e-6,0,1.259,1.43,0.171,3.948,868.471,0.001,335.329,0.062,6.4,32.17
20.095,21.49,2643.189,456.9,0.262,0.003,57.096,43.169,0,0.533,0.395,0.018,0.121,0.678,7.576,11.784,4.611e-4,0,1.306,1.49,0.183,3.951,868.477,0.001,335.329,0.062,6.4,32.17
20.097,21.147,2643.189,456.9,0.262,0.003,57.146,43.169,0,0.533,0.395,0.018,0.121,0.68,7.486,11.82,-4.456e-4,0,1.353,1.549,0.196,3.954,868.482,0.001,335.329,0.063,6.4,32.17
20.1,20.805,2643.189,456.9,0.262,0.003,57.197,43.169,0,0.533,0.395,0.018,0.121,0.682,7.398,11.858,6.748e-6,0,1.4,1.609,0.21,3.955,868.487,0.001,335.329,0.063,6.4,32.17
20.102,20.455,2643.189,456.9,0.262,0.003,57.25,43.169,0,0.533,0.395,0.018,0.121,0.684,7.308,11.893,-1.153e-4,0,1.447,1.671,0.223,3.961,868.493,0.001,335.33,0.063,6.4,32.17
20.105,20.104,2643.189,456.9,0.262,0.003,57.304,43.169,0,0.533,0.395,0.018,0.121,0.686,7.22,11.929,2.563e-4,0,1.494,1.732,0.238,3.966,868.498,0.001,335.33,0.063,6.4,32.17
20.107,19.752,2643.189,456.9,0.262,0.003,57.359,43.169,0,0.533,0.395,0.018,0.121,0.687,7.08,11.727,-3.931e-4,0,1.498,1.75,0.252,3.97,868.504,0.001,335.33,0.063,6.4,32.17
20.11,19.401,2643.189,456.9,0.262,0.003,57.415,43.169,0,0.533,0.395,0.018,0.121,0.688,6.918,11.427,-2.285e-4,0,1.484,1.75,0.267,3.974,868.509,0.001,335.33,0.063,6.4,32.17
20.112,19.048,2643.189,456.9,0.262,0.003,57.472,43.169,0,0.533,0.395,0.018,0.121,0.69,6.758,11.127,4.046e-4,0,1.469,1.75,0.281,3.977,868.514,0.001,335.33,0.063,6.4,32.17
20.115,18.696,2643.189,456.9,0.262,0.003,57.53,43.169,0,0.533,0.395,0.018,0.121,0.691,6.599,10.83,2.566e-4,0,1.455,1.75,0.295,3.978,868.52,0.001,335.331,0.063,6.4,32.17
20.117,18.344,2643.189,456.9,0.262,0.003,57.589,43.169,0,0.533,0.395,0.018,0.121,0.691,6.441,10.534,-2.244e-4,0,1.441,1.75,0.309,3.978,868.525,0.001,335.331,0.063,6.4,32.17
20.12,17.991,2643.189,456.9,0.262,0.003,57.648,43.169,0,0.533,0.395,0.018,0.121,0.692,6.284,10.239,-1.946e-4,0,1.427,1.75,0.323,3.977,868.531,0.001,335.331,0.063,6.4,32.17
20.122,17.638,2643.189,456.9,0.262,0.003,57.709,43.169,0,0.533,0.395,0.018,0.121,0.692,6.128,9.947,3.978e-4,0,1.413,1.75,0.337,3.975,868.536,0.001,335.331,0.063,6.4,32.17
20.125,17.285,2643.189,456.9,0.262,0.003,57.771,43.169,0,0.533,0.395,0.018,0.121,0.693,5.973,9.656,1.056e-5,0,1.4,1.75,0.351,3.972,868.541,0.001,335.331,0.063,6.4,32.17
20.127,16.933,2643.189,456.9,0.262,0.003,57.834,43.169,0,0.533,0.395,0.018,0.121,0.693,5.819,9.367,-3.917e-4,0,1.386,1.75,0.364,3.967,868.547,0.001,335.332,0.063,6.4,32.17
20.13,16.58,2643.189,456.9,0.262,0.003,57.897,43.169,0,0.533,0.395,0.018,0.121,0.693,5.667,9.081,4.378e-4,0,1.373,1.75,0.378,3.96,868.552,0.001,335.332,0.063,6.4,32.17
20.132,16.227,2643.189,456.9,0.262,0.003,57.962,43.169,0,0.533,0.395,0.018,0.121,0.692,5.516,8.797,4.961e-4,0,1.359,1.75,0.391,3.952,868.558,0.001,335.332,0.063,6.4,32.17
20.135,15.875,2643.189,456.9,0.262,0.003,58.028,43.169,0,0.533,0.395,0.018,0.121,0.691,5.366,8.516,-3.835e-5,0,1.346,1.75,0.404,3.943,868.563,0.001,335.332,0.063,6.4,32.17
20.137,15.523,2643.189,456.9,0.262,0.003,58.095,43.169,0,0.533,0.395,0.018,0.121,0.689,5.217,8.236,1.075e-4,0,1.333,1.75,0.417,3.931,868.569,0.001,335.332,0.064,6.4,32.17
20.14,15.171,2643.189,456.9,0.262,0.003,58.162,43.169,0,0.533,0.395,0.018,0.121,0.688,5.07,7.959,4.659e-4,0,1.32,1.75,0.43,3.918,868.574,0.001,335.333,0.064,6.4,32.17
20.142,14.819,2643.189,456.9,0.262,0.003,58.231,43.169,0,0.533,0.395,0.018,0.121,0.686,4.924,7.686,2.653e-4,0,1.308,1.75,0.443,3.903,868.58,0.001,335.333,0.064,6.4,32.17
20.145,14.468,2643.189,456.9,0.262,0.003,58.301,43.169,0,0.533,0.395,0.018,0.121,0.683,4.78,7.415,4.065e-4,0,1.295,1.75,0.455,3.885,868.585,0.001,335.333,0.064,6.4,32.17
20.147,14.118,2643.189,456.9,0.262,0.003,58.372,43.169,0,0.533,0.395,0.018,0.121,0.681,4.637,7.149,-4.989e-4,0,1.283,1.75,0.468,3.866,868.59,0.001,335.333,0.064,6.4,32.17
20.15,13.768,2643.189,456.9,0.262,0.003,58.444,43.169,0,0.533,0.395,0.018,0.121,0.678,4.495,6.886,-2.621e-4,0,1.27,1.75,0.48,3.844,868.596,0.001,335.333,0.064,6.4,32.17
20.152,13.424,2643.189,456.9,0.262,0.003,58.516,43.169,0,0.533,0.395,0.018,0.121,0.675,4.358,6.634,-3.994e-4,0,1.258,1.75,0.492,3.815,868.601,0.001,335.334,0.064,6.4,32.17
20.155,13.081,2643.189,456.9,0.262,0.003,58.588,43.169,0,0.533,0.395,0.018,0.121,0.671,4.221,6.388,-2.971e-4,0,1.246,1.75,0.504,3.783,868.607,0.001,335.334,0.064,6.4,32.17
20.157,12.739,2643.189,456.9,0.262,0.003,58.662,43.169,0,0.533,0.395,0.018,0.121,0.668,4.087,6.147,2.63e-4,0,1.234,1.75,0.516,3.747,868.612,0.001,335.334,0.064,6.4,32.17
20.16,12.399,2643.189,456.9,0.262,0.003,58.736,43.169,0,0.533,0.395,0.018,0.121,0.664,3.954,5.912,-1.437e-5,0,1.222,1.75,0.528,3.707,868.618,0.001,335.334,0.064,6.4,32.17
20.162,12.061,2643.189,456.9,0.262,0.003,58.811,43.169,0,0.533,0.395,0.018,0.121,0.66,3.824,5.683,3.723e-4,0,1.21,1.75,0.54,3.663,868.623,0.001,335.334,0.064,6.4,32.17
20.165,11.724,2643.189,456.9,0.262,0.003,58.887,43.169,0,0.533,0.395,0.018,0.121,0.656,3.695,5.46,-2.723e-4,0,1.199,1.75,0.551,3.615,868.629,0.001,335.335,0.064,6.4,32.17
20.167,11.39,2643.189,456.9,0.262,0.003,58.964,43.169,0,0.533,0.395,0.018,0.121,0.652,3.568,5.245,3.834e-4,0,1.187,1.75,0.563,3.561,868.635,0.001,335.335,0.064,6.4,32.17
20.17,11.058,2643.189,456.9,0.262,0.003,59.041,43.169,0,0.533,0.395,0.018,0.121,0.648,3.443,5.037,-9.221e-5,0,1.176,1.75,0.574,3.503,868.64,0.001,335.335,0.064,6.4,32.17
20.172,10.728,2643.189,456.9,0.262,0.003,59.119,43.169,0,0.533,0.395,0.018,0.121,0.644,3.321,4.838,3.207e-4,0,1.165,1.75,0.586,3.439,868.646,0.001,335.335,0.064,6.4,32.17
20.175,10.401,2643.189,456.9,0.262,0.003,59.198,43.169,0,0.533,0.395,0.018,0.121,0.639,3.2,4.647,-4.153e-4,0,1.154,1.75,0.597,3.368,868.651,0.001,335.335,0.064,6.4,32.17
20.177,10.078,2643.189,456.9,0.262,0.003,59.276,43.169,0,0.533,0.395,0.018,0.121,0.635,3.082,4.467,-1.103e-4,0,1.143,1.75,0.608,3.291,868.657,0.001,335.336,0.065,6.4,32.17
20.18,9.758,2643.189,456.9,0.262,0.003,59.355,43.169,0,0.533,0.395,0.018,0.121,0.631,2.967,4.297,-4.97e-4,0,1.132,1.75,0.619,3.207,868.662,0.001,335.336,0.065,6.4,32.17
20.182,9.442,2643.189,456.9,0.262,0.003,59.435,43.169,0,0.533,0.395,0.018,0.121,0.626,2.854,4.138,2.024e-4,0,1.121,1.75,0.63,3.114,868.668,0.001,335.336,0.065,6.4,32.17
20.185,9.13,2643.189,456.9,0.262,0.003,59.514,43.169,0,0.533,0.395,0.018,0.121,0.622,2.743,3.993,-4.371e-4,0,1.11,1.75,0.64,3.013,868.673,0.001,335.336,0.065,6.4,32.17
20.187,8.824,2643.189,456.9,0.262,0.003,59.593,43.169,0,0.533,0.395,0.018,0.121,0.618,2.636,3.862,-3.838e-4,0,1.1,1.75,0.651,2.903,868.679,0.001,335.337,0.065,6.4,32.17
20.19,8.523,2643.189,456.9,0.262,0.003,59.672,43.169,0,0.533,0.395,0.018,0.121,0.613,2.531,3.744,-3.473e-4,0,1.089,1.75,0.661,2.782,868.685,0.001,335.337,0.065,6.4,32.17
20.192,8.229,2643.189,456.9,0.262,0.003,59.75,43.169,0,0.533,0.395,0.018,0.121,0.609,2.43,3.645,1.853e-4,0,1.079,1.75,0.672,2.651,868.69,0.001,335.337,0.065,6.4,32.17
20.195,7.941,2643.189,456.9,0.262,0.003,59.827,43.169,0,0.533,0.395,0.018,0.121,0.605,2.332,3.56,3.447e-4,0,1.068,1.75,0.682,2.509,868.696,0.001,335.337,0.065,6.4,32.17
20.197,7.661,2643.189,456.9,0.262,0.003,59.903,43.169,0,0.533,0.395,0.018,0.121,0.601,2.237,3.496,2.257e-4,0,1.058,1.75,0.692,2.355,868.701,0.001,335.337,0.065,6.4,32.17
20.2,7.39,2643.189,456.9,0.262,0.003,59.978,43.169,0,0.533,0.395,0.018,0.121,0.597,2.147,3.449,-4.571e-5,0,1.048,1.75,0.702,2.189,868.707,0.001,335.338,0.065,6.4,32.17
20.202,7.128,2643.189,456.9,0.262,0.003,60.051,43.169,0,0.533,0.395,0.018,0.121,0.594,2.06,3.421,4.941e-4,0,1.038,1.75,0.712,2.013,868.713,0.001,335.338,0.065,6.4,32.17
20.205,6.877,2643.189,456.9,0.262,0.003,60.123,43.169,0,0.533,0.395,0.018,0.121,0.59,1.977,3.413,4.63e-4,0,1.028,1.75,0.722,1.825,868.718,0.001,335.338,0.065,6.4,32.17
20.207,6.638,2643.189,456.9,0.262,0.003,60.191,43.169,0,0.533,0.395,0.018,0.121,0.587,1.899,3.425,4.79e-4,0,1.019,1.75,0.732,1.627,868.724,0.001,335.338,0.065,6.4,32.17
20.21,6.413,2643.189,456.9,0.262,0.003,60.256,43.169,0,0.533,0.395,0.018,0.121,0.584,1.826,3.456,-1.961e-4,0,1.009,1.75,0.742,1.421,868.729,0.001,335.338,0.065,6.4,32.17
20.212,6.202,2643.189,456.9,0.262,0.003,60.318,43.169,0,0.533,0.395,0.018,0.121,0.581,1.759,3.504,3.061e-4,0,0.999,1.75,0.751,1.209,868.735,0.001,335.339,0.065,6.4,32.17
20.215,6.008,2643.189,456.9,0.262,0.003,60.375,43.169,0,0.533,0.395,0.018,0.121,0.579,1.697,3.568,1.053e-5,0,0.99,1.75,0.761,0.995,868.741,0.001,335.339,0.066,6.4,32.17
20.217,5.833,2643.189,456.9,0.262,0.003,60.427,43.169,0,0.533,0.395,0.018,0.121,0.577,1.642,3.642,-2.439e-4,0,0.98,1.75,0.77,0.786,868.746,0.001,335.339,0.066,6.4,32.17
20.22,5.677,2643.189,456.9,0.262,0.003,60.474,43.169,0,0.533,0.395,0.018,0.121,0.575,1.593,3.721,-2.703e-4,0,0.971,1.75,0.779,0.586,868.752,0.001,335.339,0.066,6.4,32.17
20.222,5.543,2643.189,456.9,0.262,0.003,60.514,43.169,0,0.533,0.395,0.018,0.121,0.573,1.551,3.8,-1.035e-4,0,0.962,1.75,0.788,0.404,868.758,0.001,335.339,0.066,6.4,32.17
20.225,5.433,2643.189,456.9,0.262,0.003,60.548,43.169,0,0.533,0.395,0.018,0.121,0.572,1.517,3.872,-4.034e-4,0,0.953,1.75,0.798,0.247,868.763,0.001,335.34,0.066,6.4,32.17
20.227,5.347,2643.189,456.9,0.262,0.003,60.574,43.169,0,0.533,0.395,0.018,0.121,0.571,1.49,3.93,-1.737e-4,0,0.944,1.75,0.807,0.123,868.769,0.001,335.34,0.066,6.4,32.17
20.23,5.288,2643.189,456.9,0.262,0.003,60.592,43.169,0,0.533,0.395,0.018,0.121,0.57,1.472,3.967,-2.548e-5,0,0.935,1.75,0.815,0.04,868.775,0.001,335.34,0.066,6.4,32.17
20.232,5.255,2643.189,456.9,0.262,0.003,60.602,43.169,0,0.533,0.395,0.018,0.121,0.569,1.461,3.98,3.401e-5,0,0.926,1.75,0.824,0.002,868.78,0.001,335.34,0.066,6.4,32.17
20.235,5.25,2643.189,456.9,0.262,0.003,60.604,43.169,0,0.533,0.395,0.018,0.121,0.569,1.46,3.99,-4.439e-4,0,0.917,1.75,0.833,-0.013,868.786,0.001,335.34,0.066,6.4,32.17
20.237,5.272,2643.189,456.9,0.262,0.003,60.597,43.169,0,0.533,0.395,0.018,0.121,0.57,1.467,4.066,-1.31e-4,0,0.909,1.75,0.842,-0.071,868.792,0.001,335.341,0.066,6.4,32.17
20.24,5.322,2643.189,456.9,0.262,0.003,60.582,43.169,0,0.533,0.395,0.018,0.121,0.57,1.482,4.207,3.294e-4,0,0.9,1.75,0.85,-0.175,868.797,0.001,335.341,0.066,6.4,32.17
20.242,5.397,2643.189,456.9,0.262,0.003,60.559,43.169,0,0.533,0.395,0.018,0.121,0.571,1.506,4.408,-3.738e-4,0,0.892,1.75,0.859,-0.317,868.803,0.001,335.341,0.066,6.4,32.17
20.245,5.498,2643.189,456.9,0.262,0.003,60.528,43.169,0,0.533,0.395,0.018,0.121,0.572,1.537,4.659,4.066e-4,0,0.883,1.75,0.867,-0.491,868.809,0.001,335.341,0.066,6.4,32.17
20.247,5.623,2643.189,456.9,0.262,0.003,60.49,43.169,0,0.533,0.395,0.018,0.121,0.574,1.576,4.952,-2.56e-4,0,0.875,1.75,0.875,-0.687,868.815,0.001,335.342,0.066,6.4,32.17
20.25,5.77,2643.189,456.9,0.262,0.003,60.446,43.169,0,0.533,0.395,0.018,0.121,0.576,1.622,5.276,2.161e-4,0,0.867,1.75,0.884,-0.898,868.82,0.001,335.342,0.067,6.4,32.17
20.252,5.934,2643.189,456.9,0.262,0.003,60.397,43.169,0,0.533,0.395,0.018,0.121,0.578,1.674,5.62,-3.848e-4,0,0.859,1.75,0.892,-1.115,868.826,0.001,335.342,0.067,6.4,32.17
20.255,6.116,2643.189,456.9,0.262,0.003,60.343,43.169,0,0.533,0.395,0.018,0.121,0.58,1.731,5.979,-4.426e-4,0,0.851,1.75,0.9,-1.333,868.832,0.001,335.342,0.067,6.4,32.17
20.257,6.315,2643.189,456.9,0.262,0.003,60.285,43.169,0,0.533,0.395,0.018,0.121,0.583,1.795,6.346,-4.88e-4,0,0.843,1.75,0.908,-1.546,868.838,0.001,335.342,0.067,6.4,32.17
20.26,6.529,2643.189,456.9,0.262,0.003,60.223,43.169,0,0.533,0.395,0.018,0.121,0.586,1.864,6.717,2.027e-5,0,0.835,1.75,0.916,-1.75,868.843,0.001,335.343,0.067,6.4,32.17
20.262,6.757,2643.189,456.9,0.262,0.003,60.157,43.169,0,0.533,0.395,0.018,0.121,0.589,1.938,7.087,1.231e-4,0,0.827,1.75,0.924,-1.942,868.849,0.001,335.343,0.067,6.4,32.17
20.265,6.997,2643.189,456.9,0.262,0.003,60.089,43.169,0,0.533,0.395,0.018,0.121,0.592,2.017,7.452,2.664e-4,0,0.819,1.75,0.931,-2.121,868.855,0.001,335.343,0.067,6.4,32.17
20.267,7.248,2643.189,456.9,0.262,0.003,60.018,43.169,0,0.533,0.395,0.018,0.121,0.596,2.1,7.812,2.053e-4,0,0.812,1.75,0.939,-2.285,868.861,0.001,335.343,0.067,6.4,32.17
20.27,7.509,2643.189,456.9,0.262,0.003,59.946,43.169,0,0.533,0.395,0.018,0.121,0.599,2.186,8.167,-3.254e-4,0,0.804,1.75,0.947,-2.435,868.866,0.001,335.343,0.067,6.4,32.17
20.272,7.779,2643.189,456.9,0.262,0.003,59.872,43.169,0,0.533,0.395,0.018,0.121,0.603,2.277,8.513,-1.526e-4,0,0.796,1.75,0.954,-2.571,868.872,0.001,335.344,0.067,6.4,32.17
20.275,8.056,2643.189,456.9,0.262,0.003,59.797,43.169,0,0.533,0.395,0.018,0.121,0.607,2.371,8.852,-1.508e-4,0,0.789,1.75,0.961,-2.693,868.878,0.001,335.344,0.067,6.4,32.17
20.277,8.339,2643.189,456.9,0.262,0.003,59.721,43.169,0,0.533,0.395,0.018,0.121,0.611,2.468,9.184,-1.518e-4,0,0.782,1.75,0.969,-2.801,868.884,0.001,335.344,0.067,6.4,32.17
20.28,8.628,2643.189,456.9,0.262,0.003,59.644,43.169,0,0.533,0.395,0.018,0.121,0.615,2.568,9.508,4.917e-4,0,0.774,1.75,0.976,-2.898,868.89,0.001,335.344,0.067,6.4,32.17
20.282,8.923,2643.189,456.9,0.262,0.003,59.568,43.169,0,0.533,0.395,0.018,0.121,0.619,2.67,9.825,-2.932e-4,0,0.767,1.75,0.983,-2.983,868.895,0.001,335.345,0.067,6.4,32.17
20.285,9.221,2643.189,456.9,0.262,0.003,59.491,43.169,0,0.533,0.395,0.018,0.121,0.623,2.776,10.136,1.361e-4,0,0.76,1.75,0.99,-3.057,868.901,0.001,335.345,0.067,6.4,32.17
20.287,9.524,2643.189,456.9,0.262,0.003,59.414,43.169,0,0.533,0.395,0.018,0.121,0.627,2.883,10.44,-2.726e-4,0,0.753,1.75,0.998,-3.122,868.907,0.001,335.345,0.068,6.4,32.17
20.29,9.83,2643.189,456.9,0.262,0.003,59.338,43.169,0,0.533,0.395,0.018,0.121,0.632,2.993,10.738,2.47e-4,0,0.746,1.75,1.004,-3.177,868.913,0.001,335.345,0.068,6.4,32.17
20.292,10.139,2643.189,456.9,0.262,0.003,59.262,43.169,0,0.533,0.395,0.018,0.121,0.636,3.105,11.031,-2.637e-4,0,0.739,1.75,1.011,-3.225,868.919,0.001,335.345,0.068,6.4,32.17
20.295,10.45,2643.189,456.9,0.262,0.003,59.186,43.169,0,0.533,0.395,0.018,0.121,0.64,3.218,11.319,1.81e-4,0,0.732,1.75,1.018,-3.264,868.925,0.001,335.346,0.068,6.4,32.17
20.297,10.763,2643.189,456.9,0.262,0.003,59.111,43.169,0,0.533,0.395,0.018,0.121,0.644,3.334,11.602,-8.729e-5,0,0.725,1.75,1.025,-3.297,868.93,0.001,335.346,0.068,6.4,32.17
20.3,11.078,2643.189,456.9,0.262,0.003,59.037,43.169,0,0.533,0.395,0.018,0.121,0.648,3.451,11.881,-4.88e-4,0,0.719,1.75,1.032,-3.324,868.936,0.001,335.346,0.068,6.4,32.17
20.302,11.389,2643.189,456.9,0.262,0.003,58.965,43.169,0,0.533,0.395,0.018,0.121,0.652,3.568,12.152,2.329e-4,0,0.712,1.75,1.038,-3.346,868.942,0.001,335.346,0.068,6.4,32.17
20.305,11.7,2643.189,456.9,0.262,0.003,58.893,43.169,0,0.533,0.395,0.018,0.121,0.656,3.686,12.418,2.188e-4,0,0.705,1.751,1.045,-3.362,868.948,0.001,335.346,0.068,6.4,32.17
20.307,12.013,2643.189,456.9,0.262,0.003,58.823,43.169,0,0.533,0.395,0.018,0.121,0.66,3.805,12.681,2.74e-5,0,0.699,1.751,1.052,-3.373,868.954,0.001,335.347,0.068,6.4,32.17
20.31,12.326,2643.189,456.9,0.262,0.003,58.753,43.169,0,0.533,0.395,0.018,0.121,0.663,3.926,12.94,2.37e-4,0,0.693,1.751,1.058,-3.38,868.96,0.001,335.347,0.068,6.4,32.17
20.312,12.64,2643.189,456.9,0.262,0.003,58.684,43.169,0,0.533,0.395,0.018,0.121,0.667,4.048,13.196,1.514e-4,0,0.686,1.751,1.064,-3.382,868.966,0.001,335.347,0.068,6.4,32.17
20.315,12.953,2643.189,456.9,0.262,0.003,58.616,43.169,0,0.533,0.395,0.018,0.121,0.67,4.171,13.449,-1.264e-4,0,0.68,1.751,1.071,-3.381,868.972,0.001,335.347,0.068,6.4,32.17
20.317,13.267,2643.189,456.9,0.262,0.003,58.549,43.169,0,0.533,0.395,0.018,0.121,0.673,4.295,13.699,2.688e-4,0,0.674,1.751,1.077,-3.376,868.978,0.001,335.348,0.068,6.4,32.17
20.32,13.581,2643.189,456.9,0.262,0.003,58.484,43.169,0,0.533,0.395,0.018,0.121,0.676,4.42,13.945,-4.154e-4,0,0.667,1.751,1.083,-3.367,868.983,0.001,335.348,0.068,6.4,32.17
20.322,13.894,2643.189,456.9,0.262,0.003,58.419,43.169,0,0.533,0.395,0.018,0.121,0.679,4.546,14.189,-2.507e-4,0,0.661,1.751,1.089,-3.356,868.989,0.001,335.348,0.068,6.4,32.17
20.325,14.206,2643.189,456.9,0.262,0.003,58.355,43.169,0,0.533,0.395,0.018,0.121,0.682,4.673,14.429,-3.832e-4,0,0.655,1.751,1.095,-3.342,868.995,0.001,335.348,0.068,6.4,32.17
20.327,14.518,2643.189,456.9,0.262,0.003,58.292,43.169,0,0.533,0.395,0.018,0.121,0.684,4.8,14.668,-3.213e-4,0,0.649,1.751,1.101,-3.324,869.001,0.001,335.348,0.069,6.4,32.17
20.33,14.83,2643.189,456.9,0.262,0.003,58.23,43.169,0,0.533,0.395,0.018,0.121,0.686,4.928,14.903,1.197e-5,0,0.643,1.751,1.107,-3.305,869.007,0.001,335.349,0.069,6.4,32.17
20.332,15.14,2643.189,456.9,0.262,0.003,58.169,43.169,0,0.533,0.395,0.018,0.121,0.688,5.057,15.136,4.827e-4,0,0.637,1.751,1.113,-3.283,869.013,0.001,335.349,0.069,6.4,32.17
20.335,15.449,2643.189,456.9,0.262,0.003,58.11,43.169,0,0.533,0.395,0.018,0.121,0.689,5.186,15.366,4.749e-4,0,0.631,1.751,1.119,-3.259,869.019,0.001,335.349,0.069,6.4,32.17
20.337,15.757,2643.189,456.9,0.262,0.003,58.051,43.169,0,0.533,0.395,0.018,0.121,0.691,5.316,15.594,-3.36e-4,0,0.626,1.751,1.125,-3.233,869.025,0.001,335.349,0.069,6.4,32.17
20.34,16.064,2643.189,456.9,0.262,0.003,57.993,43.169,0,0.533,0.395,0.018,0.121,0.692,5.446,15.819,-3.955e-4,0,0.62,1.751,1.131,-3.205,869.031,0.001,335.35,0.069,6.4,32.17
20.342,16.369,2643.189,456.9,0.262,0.003,57.937,43.169,0,0.533,0.395,0.018,0.121,0.692,5.576,16.042,1.52e-4,0,0.614,1.751,1.136,-3.175,869.037,0.001,335.35,0.069,6.4,32.17
20.345,16.672,2643.189,456.9,0.262,0.003,57.881,43.169,0,0.533,0.395,0.018,0.121,0.693,5.707,16.263,-1.211e-5,0,0.609,1.751,1.142,-3.144,869.043,0.001,335.35,0.069,6.4,32.17
20.347,16.975,2643.189,456.9,0.262,0.003,57.827,43.169,0,0.533,0.395,0.018,0.121,0.693,5.838,16.48,-2.329e-4,0,0.603,1.751,1.147,-3.111,869.049,0.001,335.35,0.069,6.4,32.17
20.35,17.275,2643.189,456.9,0.262,0.003,57.774,43.169,0,0.533,0.395,0.018,0.121,0.693,5.968,16.696,-3.415e-4,0,0.598,1.751,1.153,-3.076,869.055,0.001,335.35,0.069,6.4,32.17
20.352,17.586,2643.189,456.9,0.262,0.003,57.719,43.169,0,0.533,0.395,0.018,0.121,0.693,6.105,16.92,2.969e-4,0,0.592,1.751,1.158,-3.04,869.061,0.001,335.351,0.069,6.4,32.17
20.355,17.896,2643.189,456.9,0.262,0.003,57.666,43.169,0,0.533,0.395,0.018,0.121,0.693,6.242,17.143,4.167e-4,0,0.587,1.751,1.164,-3.003,869.067,0.001,335.351,0.069,6.4,32.17
20.357,18.207,2643.189,456.9,0.262,0.003,57.613,43.169,0,0.533,0.395,0.018,0.121,0.692,6.38,17.364,-3.135e-4,0,0.581,1.751,1.169,-2.965,869.073,0.001,335.351,0.069,6.4,32.17
20.36,18.519,2643.189,456.9,0.262,0.003,57.56,43.169,0,0.533,0.395,0.018,0.121,0.691,6.519,17.585,-4.857e-4,0,0.576,1.751,1.174,-2.925,869.079,0.001,335.351,0.069,6.4,32.17
20.362,18.83,2643.189,456.9,0.262,0.003,57.509,43.169,0,0.533,0.395,0.018,0.121,0.691,6.66,17.805,-1.579e-4,0,0.571,1.751,1.18,-2.883,869.085,0.001,335.352,0.069,6.4,32.17
20.365,19.141,2643.189,456.9,0.262,0.003,57.458,43.169,0,0.533,0.395,0.018,0.121,0.69,6.8,18.024,2.017e-4,0,0.565,1.751,1.185,-2.841,869.091,0.001,335.352,0.07,6.4,32.17
20.368,19.452,2643.189,456.9,0.262,0.003,57.408,43.169,0,0.533,0.395,0.018,0.121,0.689,6.942,18.243,-4.527e-4,0,0.56,1.751,1.19,-2.797,869.098,0.001,335.352,0.07,6.4,32.17
20.37,19.763,2643.189,456.9,0.262,0.003,57.359,43.169,0,0.533,0.395,0.018,0.121,0.688,7.085,18.46,-3.609e-4,0,0.555,1.751,1.196,-2.751,869.104,0.001,335.352,0.07,6.4,32.17
20.373,20.073,2643.189,456.9,0.262,0.003,57.31,43.169,0,0.533,0.395,0.018,0.121,0.686,7.213,18.606,-6.803e-6,0,0.537,1.738,1.201,-2.705,869.11,0.001,335.352,0.07,6.4,32.17
20.376,20.39,2643.189,456.9,0.262,0.003,57.261,43.169,0,0.533,0.395,0.018,0.121,0.685,7.292,18.519,-3.296e-4,0,0.476,1.682,1.206,-2.657,869.117,0.001,335.353,0.07,6.4,32.17
20.379,20.744,2643.189,456.9,0.262,0.003,57.208,43.169,0,0.533,0.395,0.018,0.121,0.683,7.382,18.424,4.216e-4,0,0.41,1.62,1.21,-2.602,869.124,0.001,335.353,0.07,6.4,32.17
20.382,21.149,2643.189,456.9,0.262,0.003,57.147,43.169,0,0.533,0.395,0.018,0.121,0.681,7.487,18.313,-3.964e-5,0,0.335,1.55,1.215,-2.537,869.133,0.001,335.353,0.07,6.4,32.17
20.387,21.636,2643.189,456.9,0.262,0.003,57.076,43.169,0,0.533,0.395,0.018,0.121,0.678,7.615,18.18,3.815e-4,0,0.246,1.464,1.218,-2.459,869.144,0.001,335.354,0.07,6.4,32.17
20.392,22.286,2643.189,456.9,0.262,0.003,56.984,43.169,0,0.533,0.395,0.018,0.121,0.673,7.788,18,-4.367e-6,0,0.13,1.35,1.221,-2.351,869.158,0.001,335.354,0.07,6.4,32.17
20.401,23.232,2643.189,456.9,0.262,0.003,56.854,43.169,0,0.533,0.395,0.018,0.121,0.666,8.046,17.739,9.9e-5,0,-0.034,1.185,1.219,-2.189,869.18,0.001,335.355,0.07,6.4,32.17
20.415,24.584,2643.189,456.9,0.262,0.003,56.678,43.169,0,0.533,0.395,0.018,0.121,0.654,8.427,17.363,4.484e-4,0,-0.257,0.948,1.205,-1.95,869.212,0.001,335.356,0.071,6.4,32.17
20.42,25.124,2643.189,456.9,0.262,0.003,56.611,43.169,0,0.533,0.395,0.018,0.121,0.649,8.584,17.214,4.601e-4,0,-0.341,0.854,1.195,-1.852,869.226,0.001,335.357,0.071,6.4,32.17
20.424,25.518,2643.189,456.9,0.262,0.003,56.563,43.169,0,0.533,0.395,0.018,0.121,0.645,8.699,17.105,4.036e-4,0,-0.402,0.785,1.187,-1.78,869.236,0.001,335.357,0.071,6.4,32.17
20.428,25.846,2643.189,456.9,0.262,0.003,56.524,43.169,0,0.533,0.395,0.018,0.121,0.642,8.796,17.015,1.074e-4,0,-0.451,0.727,1.178,-1.72,869.245,0.001,335.357,0.071,6.4,32.17
20.431,26.132,2643.189,456.9,0.262,0.003,56.49,43.169,0,0.533,0.395,0.018,0.121,0.639,8.881,16.936,-5.051e-5,0,-0.494,0.677,1.171,-1.667,869.252,0.001,335.358,0.071,6.4,32.17
20.434,26.389,2643.189,456.9,0.262,0.003,56.46,43.169,0,0.533,0.395,0.018,0.121,0.636,8.958,16.866,1.492e-4,0,-0.531,0.632,1.163,-1.619,869.259,0.001,335.358,0.071,6.4,32.17
20.436,26.624,2643.189,456.9,0.262,0.003,56.433,43.169,0,0.533,0.395,0.018,0.121,0.633,9.028,16.802,-3.685e-4,0,-0.565,0.591,1.156,-1.576,869.266,0.001,335.358,0.071,6.4,32.17
20.439,26.843,2643.189,456.9,0.262,0.003,56.408,43.169,0,0.533,0.395,0.018,0.121,0.631,9.095,16.741,-1.694e-5,0,-0.595,0.553,1.148,-1.535,869.272,0.001,335.358,0.071,6.4,32.17
20.441,27.06,2643.189,456.9,0.262,0.003,56.384,43.169,0,0.533,0.395,0.018,0.121,0.628,9.16,16.683,2.691e-4,0,-0.626,0.515,1.14,-1.495,869.278,0.001,335.359,0.071,6.4,32.17
20.444,27.273,2643.189,456.9,0.262,0.003,56.36,43.169,0,0.533,0.395,0.018,0.121,0.626,9.226,16.626,-2.685e-4,0,-0.655,0.477,1.132,-1.456,869.285,0.001,335.359,0.071,6.4,32.17
20.446,27.483,2643.189,456.9,0.262,0.003,56.337,43.169,0,0.533,0.395,0.018,0.121,0.623,9.29,16.569,-3.638e-4,0,-0.683,0.441,1.124,-1.417,869.291,0.001,335.359,0.071,6.4,32.17
20.449,27.69,2643.189,456.9,0.262,0.003,56.314,43.169,0,0.533,0.395,0.018,0.121,0.621,9.354,16.514,-2.084e-4,0,-0.711,0.404,1.115,-1.378,869.297,0.001,335.359,0.072,6.4,32.17
20.451,27.897,2643.189,456.9,0.262,0.003,56.292,43.169,0,0.533,0.395,0.018,0.121,0.618,9.418,16.459,-4.953e-4,0,-0.738,0.368,1.106,-1.341,869.303,0.001,335.36,0.072,6.4,32.17
20.454,28.103,2643.189,456.9,0.262,0.003,56.27,43.169,0,0.533,0.395,0.018,0.121,0.615,9.482,16.405,-2.233e-6,0,-0.764,0.332,1.097,-1.304,869.309,0.001,335.36,0.072,6.4,32.17
20.456,28.306,2643.189,456.9,0.262,0.003,56.248,43.169,0,0.533,0.395,0.018,0.121,0.613,9.545,16.353,-4.484e-4,0,-0.79,0.297,1.087,-1.268,869.316,0.001,335.36,0.072,6.4,32.17
20.459,28.506,2643.189,456.9,0.262,0.003,56.227,43.169,0,0.533,0.395,0.018,0.121,0.61,9.608,16.301,-1.021e-4,0,-0.815,0.262,1.077,-1.232,869.322,0.001,335.36,0.072,6.4,32.17
20.461,28.703,2643.189,456.9,0.262,0.003,56.207,43.169,0,0.533,0.395,0.018,0.121,0.608,9.67,16.25,-3.712e-4,0,-0.84,0.227,1.067,-1.197,869.328,0.001,335.361,0.072,6.4,32.17
20.464,28.897,2643.189,456.9,0.262,0.003,56.187,43.169,0,0.533,0.395,0.018,0.121,0.605,9.731,16.202,-3.574e-4,0,-0.863,0.193,1.056,-1.163,869.334,0.001,335.361,0.072,6.4,32.17
20.466,29.088,2643.189,456.9,0.262,0.003,56.167,43.169,0,0.533,0.395,0.018,0.121,0.603,9.792,16.153,-1.031e-4,0,-0.886,0.16,1.045,-1.129,869.341,0.001,335.361,0.072,6.4,32.17
20.469,29.276,2643.189,456.9,0.262,0.003,56.148,43.169,0,0.533,0.395,0.018,0.121,0.6,9.851,16.106,-1.259e-5,0,-0.908,0.127,1.035,-1.096,869.347,0.001,335.361,0.072,6.4,32.17
20.471,29.461,2643.189,456.9,0.262,0.003,56.13,43.169,0,0.533,0.395,0.018,0.121,0.598,9.91,16.059,3.218e-4,0,-0.929,0.094,1.023,-1.064,869.353,0.001,335.361,0.072,6.4,32.17
20.474,29.643,2643.189,456.9,0.262,0.003,56.112,43.169,0,0.533,0.395,0.018,0.121,0.595,9.969,16.015,-9.058e-5,0,-0.949,0.062,1.012,-1.032,869.36,0.001,335.362,0.072,6.4,32.17
20.476,29.823,2643.189,456.9,0.262,0.003,56.094,43.169,0,0.533,0.395,0.018,0.121,0.593,10.026,15.971,3.476e-5,0,-0.969,0.031,1,-1.001,869.366,0.001,335.362,0.072,6.4,32.17
20.479,29.999,2643.189,456.9,0.262,0.003,56.077,43.169,0,0.533,0.395,0.018,0.121,0.591,10.083,15.928,3.358e-4,0,-0.988,1.681e-4,0.988,-0.971,869.372,0.001,335.362,0.072,6.4,32.17
20.481,30.173,2643.189,456.9,0.262,0.003,56.06,43.169,0,0.533,0.395,0.018,0.121,0.588,10.139,15.886,5.55e-5,0,-0.976,0,0.976,-0.942,869.378,0.001,335.362,0.072,6.4,32.17
20.484,30.343,2643.189,456.9,0.262,0.003,56.044,43.169,0,0.533,0.395,0.018,0.121,0.586,10.194,15.844,4.866e-4,0,-0.964,0,0.964,-0.913,869.385,0.001,335.363,0.072,6.4,32.17
20.486,30.511,2643.189,456.9,0.262,0.003,56.028,43.169,0,0.533,0.395,0.018,0.121,0.584,10.249,15.804,-1.209e-4,0,-0.953,0,0.953,-0.885,869.391,0.001,335.363,0.072,6.4,32.17
20.489,30.676,2643.189,456.9,0.262,0.003,56.013,43.169,0,0.533,0.395,0.018,0.121,0.581,10.303,15.765,3.301e-4,0,-0.941,0,0.941,-0.857,869.397,0.001,335.363,0.072,6.4,32.17
20.491,30.838,2643.189,456.9,0.262,0.003,55.998,43.169,0,0.533,0.395,0.018,0.121,0.579,10.356,15.727,4.255e-4,0,-0.93,0,0.93,-0.83,869.404,0.001,335.363,0.072,6.4,32.17
20.494,30.998,2643.189,456.9,0.262,0.003,55.983,43.169,0,0.533,0.395,0.018,0.121,0.577,10.408,15.691,-3.477e-4,0,-0.919,0,0.919,-0.804,869.41,0.001,335.364,0.073,6.4,32.17
20.496,31.154,2643.189,456.9,0.262,0.003,55.968,43.169,0,0.533,0.395,0.018,0.121,0.574,10.459,15.654,-1.47e-4,0,-0.907,0,0.907,-0.779,869.416,0.001,335.364,0.073,6.4,32.17
20.499,31.308,2643.189,456.9,0.262,0.003,55.954,43.169,0,0.533,0.395,0.018,0.121,0.572,10.51,15.62,2.389e-4,0,-0.896,0,0.896,-0.754,869.423,0.001,335.364,0.073,6.4,32.17
20.501,31.458,2643.189,456.9,0.262,0.003,55.941,43.169,0,0.533,0.395,0.018,0.121,0.57,10.56,15.585,-2.655e-4,0,-0.886,0,0.886,-0.73,869.429,0.001,335.364,0.073,6.4,32.17
20.504,31.604,2643.189,456.9,0.262,0.003,55.928,43.169,0,0.533,0.395,0.018,0.121,0.568,10.608,15.551,-3.293e-4,0,-0.875,0,0.875,-0.706,869.435,0.001,335.365,0.073,6.4,32.17
20.506,31.748,2643.189,456.9,0.262,0.003,55.915,43.169,0,0.533,0.395,0.018,0.121,0.566,10.655,15.519,9.719e-5,0,-0.864,0,0.864,-0.683,869.442,0.001,335.365,0.073,6.4,32.17
20.509,31.889,2643.189,456.9,0.262,0.003,55.903,43.169,0,0.533,0.395,0.018,0.121,0.564,10.702,15.487,2.33e-4,0,-0.854,0,0.854,-0.66,869.448,0.001,335.365,0.073,6.4,32.17
20.511,32.027,2643.189,456.9,0.262,0.003,55.89,43.169,0,0.533,0.395,0.018,0.121,0.562,10.748,15.457,-1.745e-4,0,-0.843,0,0.843,-0.638,869.454,0.001,335.365,0.073,6.4,32.17
20.514,32.163,2643.189,456.9,0.262,0.003,55.879,43.169,0,0.533,0.395,0.018,0.121,0.56,10.794,15.427,4.369e-4,0,-0.833,0,0.833,-0.617,869.461,0.001,335.365,0.073,6.4,32.17
20.516,32.296,2643.189,456.9,0.262,0.003,55.867,43.169,0,0.533,0.395,0.018,0.121,0.558,10.838,15.398,-7.25e-5,0,-0.823,0,0.823,-0.596,869.467,0.001,335.366,0.073,6.4,32.17
20.519,32.427,2643.189,456.9,0.262,0.003,55.856,43.169,0,0.533,0.395,0.018,0.121,0.556,10.882,15.37,-3.443e-4,0,-0.813,0,0.813,-0.576,869.474,0.001,335.366,0.073,6.4,32.17
20.521,32.555,2643.189,456.9,0.262,0.003,55.845,43.169,0,0.533,0.395,0.018,0.121,0.554,10.925,15.342,1.644e-4,0,-0.803,0,0.803,-0.556,869.48,0.001,335.366,0.073,6.4,32.17
20.524,32.68,2643.189,456.9,0.262,0.003,55.834,43.169,0,0.533,0.395,0.018,0.121,0.552,10.967,15.315,3.727e-4,0,-0.793,0,0.793,-0.537,869.486,0.001,335.366,0.073,6.4,32.17
20.526,32.803,2643.189,456.9,0.262,0.003,55.824,43.169,0,0.533,0.395,0.018,0.121,0.55,11.008,15.289,-4.568e-4,0,-0.784,0,0.784,-0.518,869.493,0.001,335.367,0.073,6.4,32.17
20.529,32.924,2643.189,456.9,0.262,0.003,55.814,43.169,0,0.533,0.395,0.018,0.121,0.548,11.049,15.263,-4.563e-4,0,-0.774,0,0.774,-0.5,869.499,0.001,335.367,0.073,6.4,32.17
20.531,33.042,2643.189,456.9,0.262,0.003,55.804,43.169,0,0.533,0.395,0.018,0.121,0.547,11.089,15.239,1.732e-4,0,-0.765,0,0.765,-0.483,869.505,0.001,335.367,0.073,6.4,32.17
20.534,33.157,2643.189,456.9,0.262,0.003,55.795,43.169,0,0.533,0.395,0.018,0.121,0.545,11.128,15.214,-4.28e-4,0,-0.755,0,0.755,-0.466,869.512,0.001,335.367,0.073,6.4,32.17
20.536,33.271,2643.189,456.9,0.262,0.003,55.785,43.169,0,0.533,0.395,0.018,0.121,0.543,11.166,15.192,-1.512e-5,0,-0.746,0,0.746,-0.449,869.518,0.001,335.368,0.073,6.4,32.17
20.539,33.382,2643.189,456.9,0.262,0.003,55.776,43.169,0,0.533,0.395,0.018,0.121,0.541,11.204,15.169,3.971e-4,0,-0.737,0,0.737,-0.433,869.525,0.001,335.368,0.074,6.4,32.17
20.541,33.49,2643.189,456.9,0.262,0.003,55.768,43.169,0,0.533,0.395,0.018,0.121,0.54,11.241,15.147,-1.869e-4,0,-0.728,0,0.728,-0.417,869.531,0.001,335.368,0.074,6.4,32.17
20.544,33.596,2643.189,456.9,0.262,0.003,55.759,43.169,0,0.533,0.395,0.018,0.121,0.538,11.277,15.126,1.965e-4,0,-0.719,0,0.719,-0.402,869.538,0.001,335.368,0.074,6.4,32.17
20.546,33.7,2643.189,456.9,0.262,0.003,55.751,43.169,0,0.533,0.395,0.018,0.121,0.536,11.312,15.104,3.426e-4,0,-0.71,0,0.71,-0.387,869.544,0.001,335.369,0.074,6.4,32.17
20.549,33.802,2643.189,456.9,0.262,0.003,55.743,43.169,0,0.533,0.395,0.018,0.121,0.535,11.347,15.084,2.005e-4,0,-0.702,0,0.702,-0.372,869.55,0.001,335.369,0.074,6.4,32.17
20.551,33.894,2643.189,456.9,0.262,0.003,55.735,43.169,0,0.533,0.395,0.018,0.121,0.533,11.378,15.065,4.174e-4,0,-0.693,0,0.693,-0.358,869.557,0.001,335.369,0.074,6.4,32.17
20.554,33.977,2643.189,456.9,0.262,0.003,55.729,43.169,0,0.533,0.395,0.018,0.121,0.532,11.407,15.047,1.211e-4,0,-0.684,0,0.684,-0.344,869.563,0.001,335.369,0.074,6.4,32.17
20.556,34.059,2643.189,456.9,0.262,0.003,55.722,43.169,0,0.533,0.395,0.018,0.121,0.531,11.435,15.029,2.135e-4,0,-0.676,0,0.676,-0.331,869.57,0.001,335.369,0.074,6.4,32.17
20.559,34.138,2643.189,456.9,0.262,0.003,55.716,43.169,0,0.533,0.395,0.018,0.121,0.53,11.462,15.011,-3.07e-4,0,-0.668,0,0.668,-0.318,869.576,0.001,335.37,0.074,6.4,32.17
20.561,34.214,2643.189,456.9,0.262,0.003,55.71,43.169,0,0.533,0.395,0.018,0.121,0.528,11.488,14.994,-2.255e-4,0,-0.66,0,0.66,-0.306,869.583,0.001,335.37,0.074,6.4,32.17
20.564,34.289,2643.189,456.9,0.262,0.003,55.704,43.169,0,0.533,0.395,0.018,0.121,0.527,11.514,14.978,-1.708e-4,0,-0.652,0,0.652,-0.293,869.589,0.001,335.37,0.074,6.4,32.17
20.566,34.362,2643.189,456.9,0.262,0.003,55.699,43.169,0,0.533,0.395,0.018,0.121,0.526,11.539,14.963,4.106e-4,0,-0.644,0,0.644,-0.282,869.596,0.001,335.37,0.074,6.4,32.17
20.569,34.432,2643.189,456.9,0.262,0.003,55.693,43.169,0,0.533,0.395,0.018,0.121,0.525,11.563,14.948,-1.112e-4,0,-0.636,0,0.636,-0.27,869.602,0.001,335.371,0.074,6.4,32.17
20.571,34.5,2643.189,456.9,0.262,0.003,55.688,43.169,0,0.533,0.395,0.018,0.121,0.524,11.586,14.933,4.611e-4,0,-0.628,0,0.628,-0.259,869.609,0.001,335.371,0.074,6.4,32.17
20.574,34.566,2643.189,456.9,0.262,0.003,55.683,43.169,0,0.533,0.395,0.018,0.121,0.523,11.609,14.918,-4.413e-4,0,-0.62,0,0.62,-0.248,869.615,0.001,335.371,0.074,6.4,32.17
20.576,34.631,2643.189,456.9,0.262,0.003,55.678,43.169,0,0.533,0.395,0.018,0.121,0.522,11.631,14.905,-8.014e-5,0,-0.613,0,0.613,-0.238,869.622,0.001,335.371,0.074,6.4,32.17
20.579,34.693,2643.189,456.9,0.262,0.003,55.673,43.169,0,0.533,0.395,0.018,0.121,0.521,11.652,14.891,-1.52e-4,0,-0.605,0,0.605,-0.228,869.628,0.001,335.372,0.074,6.4,32.17
20.581,34.753,2643.189,456.9,0.262,0.003,55.669,43.169,0,0.533,0.395,0.018,0.121,0.52,11.673,14.879,4.246e-4,0,-0.598,0,0.598,-0.218,869.635,0.001,335.372,0.074,6.4,32.17
20.584,34.811,2643.189,456.9,0.262,0.003,55.665,43.169,0,0.533,0.395,0.018,0.121,0.519,11.693,14.866,-3.032e-4,0,-0.59,0,0.59,-0.209,869.641,0.001,335.372,0.074,6.4,32.17
20.586,34.867,2643.189,456.9,0.262,0.003,55.66,43.169,0,0.533,0.395,0.018,0.121,0.518,11.713,14.854,1.088e-4,0,-0.583,0,0.583,-0.2,869.648,0.001,335.372,0.074,6.4,32.17
20.589,34.921,2643.189,456.9,0.262,0.003,55.656,43.169,0,0.533,0.395,0.018,0.121,0.517,11.731,14.842,-3.031e-4,0,-0.576,0,0.576,-0.191,869.654,0.001,335.373,0.075,6.4,32.17
20.591,34.973,2643.189,456.9,0.262,0.003,55.652,43.169,0,0.533,0.395,0.018,0.121,0.516,11.749,14.832,-1.829e-4,0,-0.569,0,0.569,-0.182,869.661,0.001,335.373,0.075,6.4,32.17
20.594,35.023,2643.189,456.9,0.262,0.003,55.649,43.169,0,0.533,0.395,0.018,0.121,0.516,11.767,14.82,4.264e-4,0,-0.562,0,0.562,-0.174,869.667,0.001,335.373,0.075,6.4,32.17
20.596,35.072,2643.189,456.9,0.262,0.003,55.645,43.169,0,0.533,0.395,0.018,0.121,0.515,11.783,14.81,1.844e-4,0,-0.555,0,0.555,-0.166,869.674,0.001,335.373,0.075,6.4,32.17
20.599,35.118,2643.189,456.9,0.262,0.003,55.642,43.169,0,0.533,0.395,0.018,0.121,0.514,11.8,14.8,-1.018e-4,0,-0.548,0,0.548,-0.158,869.68,0.001,335.374,0.075,6.4,32.17
20.601,35.169,2643.189,456.9,0.262,0.003,55.638,43.169,0,0.533,0.395,0.018,0.121,0.513,11.817,14.79,7.758e-5,0,-0.541,0,0.541,-0.151,869.687,0.001,335.374,0.075,6.4,32.17
20.604,35.224,2643.189,456.9,0.262,0.003,55.634,43.169,0,0.533,0.395,0.018,0.121,0.512,11.836,14.779,-3.792e-4,0,-0.534,0,0.534,-0.144,869.693,0.001,335.374,0.075,6.4,32.17
20.606,35.276,2643.189,456.9,0.262,0.003,55.63,43.169,0,0.533,0.395,0.018,0.121,0.512,11.854,14.77,-9.901e-5,0,-0.528,0,0.528,-0.137,869.7,0.001,335.374,0.075,6.4,32.17
20.609,35.327,2643.189,456.9,0.262,0.003,55.626,43.169,0,0.533,0.395,0.018,0.121,0.511,11.872,14.761,-2.276e-4,0,-0.521,0,0.521,-0.13,869.706,0.001,335.375,0.075,6.4,32.17
20.611,35.376,2643.189,456.9,0.262,0.003,55.623,43.169,0,0.533,0.395,0.018,0.121,0.51,11.889,14.752,2.651e-4,0,-0.515,0,0.515,-0.124,869.713,0.001,335.375,0.075,6.4,32.17
20.614,35.423,2643.189,456.9,0.262,0.003,55.619,43.169,0,0.533,0.395,0.018,0.121,0.509,11.905,14.744,-1.053e-5,0,-0.508,0,0.508,-0.117,869.72,0.001,335.375,0.075,6.4,32.17
20.616,35.469,2643.189,456.9,0.262,0.003,55.616,43.169,0,0.533,0.395,0.018,0.121,0.508,11.921,14.735,-4.817e-4,0,-0.502,0,0.502,-0.112,869.726,0.001,335.375,0.075,6.4,32.17
20.619,35.513,2643.189,456.9,0.262,0.003,55.613,43.169,0,0.533,0.395,0.018,0.121,0.508,11.936,14.728,2.672e-4,0,-0.496,0,0.496,-0.106,869.733,0.001,335.376,0.075,6.4,32.17
20.621,35.556,2643.189,456.9,0.262,0.003,55.61,43.169,0,0.533,0.395,0.018,0.121,0.507,11.951,14.719,-3.579e-4,0,-0.49,0,0.49,-0.1,869.739,0.001,335.376,0.075,6.4,32.17
20.624,35.597,2643.189,456.9,0.262,0.003,55.607,43.169,0,0.533,0.395,0.018,0.121,0.506,11.966,14.713,4.739e-4,0,-0.483,0,0.483,-0.095,869.746,0.001,335.376,0.075,6.4,32.17
20.627,35.637,2643.189,456.9,0.262,0.003,55.604,43.169,0,0.533,0.395,0.018,0.121,0.506,11.98,14.704,9.536e-6,0,-0.477,0,0.477,-0.089,869.753,0.001,335.376,0.075,6.4,32.17
20.629,35.676,2643.189,456.9,0.262,0.003,55.601,43.169,0,0.533,0.395,0.018,0.121,0.505,11.993,14.698,-2.12e-5,0,-0.471,0,0.471,-0.084,869.76,0.001,335.377,0.075,6.4,32.17
20.632,35.713,2643.189,456.9,0.262,0.003,55.598,43.169,0,0.533,0.395,0.018,0.121,0.505,12.006,14.69,-4.93e-4,0,-0.465,0,0.465,-0.079,869.767,0.001,335.377,0.075,6.4,32.17
20.635,35.749,2643.189,456.9,0.262,0.003,55.596,43.169,0,0.533,0.395,0.018,0.121,0.504,12.019,14.684,-1.073e-4,0,-0.458,0,0.458,-0.074,869.774,0.001,335.377,0.075,6.4,32.17
20.637,35.783,2643.189,456.9,0.262,0.003,55.593,43.169,0,0.533,0.395,0.018,0.121,0.503,12.031,14.678,-4.807e-4,0,-0.452,0,0.452,-0.069,869.781,0.001,335.377,0.075,6.4,32.17
20.64,35.816,2643.189,456.9,0.262,0.003,55.591,43.169,0,0.533,0.395,0.018,0.121,0.503,12.042,14.672,4.221e-4,0,-0.446,0,0.446,-0.065,869.789,0.001,335.378,0.076,6.4,32.17
20.643,35.848,2643.189,456.9,0.262,0.003,55.589,43.169,0,0.533,0.395,0.018,0.121,0.502,12.053,14.666,2.777e-4,0,-0.44,0,0.44,-0.06,869.796,0.001,335.378,0.076,6.4,32.17
20.646,35.877,2643.189,456.9,0.262,0.003,55.587,43.169,0,0.533,0.395,0.018,0.121,0.502,12.063,14.66,-1.629e-4,0,-0.434,0,0.434,-0.056,869.803,0.001,335.378,0.076,6.4,32.17
20.649,35.905,2643.189,456.9,0.262,0.003,55.585,43.169,0,0.533,0.395,0.018,0.121,0.501,12.073,14.654,7.172e-5,0,-0.427,0,0.427,-0.052,869.811,0.001,335.378,0.076,6.4,32.17
20.651,35.933,2643.189,456.9,0.262,0.003,55.583,43.169,0,0.533,0.395,0.018,0.121,0.501,12.083,14.649,-4.486e-4,0,-0.421,0,0.421,-0.048,869.819,0.001,335.379,0.076,6.4,32.17
20.654,35.96,2643.189,456.9,0.262,0.003,55.581,43.169,0,0.533,0.395,0.018,0.121,0.501,12.092,14.644,-1.76e-4,0,-0.415,0,0.415,-0.044,869.827,0.001,335.379,0.076,6.4,32.17
20.657,35.986,2643.189,456.9,0.262,0.003,55.579,43.169,0,0.534,0.395,0.018,0.121,0.5,12.101,14.639,-1.832e-4,0,-0.409,0,0.409,-0.04,869.835,0.001,335.379,0.076,6.4,32.17
20.66,36.01,2643.189,456.9,0.262,0.003,55.578,43.169,0,0.534,0.395,0.018,0.121,0.5,12.11,14.635,-4.717e-4,0,-0.403,0,0.403,-0.037,869.843,0.001,335.38,0.076,6.4,32.17
20.663,36.032,2643.189,456.9,0.262,0.003,55.576,43.169,0,0.534,0.395,0.018,0.121,0.499,12.117,14.63,-4.696e-4,0,-0.397,0,0.397,-0.033,869.851,0.001,335.38,0.076,6.4,32.17
20.667,36.052,2643.189,456.9,0.262,0.003,55.575,43.169,0,0.534,0.395,0.018,0.121,0.499,12.124,14.626,5.099e-5,0,-0.39,0,0.39,-0.03,869.859,0.001,335.38,0.076,6.4,32.17
20.67,36.07,2643.189,456.9,0.262,0.003,55.573,43.169,0,0.534,0.395,0.018,0.121,0.499,12.131,14.622,-3.449e-4,0,-0.384,0,0.384,-0.027,869.867,0.001,335.381,0.076,6.4,32.17
20.673,36.086,2643.189,456.9,0.262,0.003,55.572,43.169,0,0.534,0.395,0.018,0.121,0.499,12.136,14.618,-2.041e-4,0,-0.378,0,0.378,-0.024,869.876,0.001,335.381,0.076,6.4,32.17
20.676,36.1,2643.189,456.9,0.262,0.003,55.571,43.169,0,0.534,0.395,0.018,0.121,0.498,12.141,14.615,-2.465e-4,0,-0.372,0,0.372,-0.021,869.885,0.001,335.381,0.076,6.4,32.17
20.679,36.111,2643.189,456.9,0.262,0.003,55.57,43.169,0,0.534,0.395,0.018,0.121,0.498,12.145,14.612,-2.679e-4,0,-0.366,0,0.366,-0.019,869.893,0.001,335.381,0.076,6.4,32.17
20.683,36.121,2643.189,456.9,0.262,0.003,55.57,43.169,0,0.534,0.395,0.018,0.121,0.498,12.148,14.609,1.348e-4,0,-0.36,0,0.36,-0.016,869.902,0.001,335.382,0.076,6.4,32.17
20.686,36.128,2643.189,456.9,0.262,0.003,55.569,43.169,0,0.534,0.395,0.018,0.121,0.498,12.151,14.606,2.851e-4,0,-0.354,0,0.354,-0.014,869.911,0.001,335.382,0.076,6.4,32.17
20.69,36.132,2643.189,456.9,0.262,0.003,55.569,43.169,0,0.534,0.395,0.018,0.121,0.498,12.153,14.605,1.156e-4,0,-0.347,0,0.347,-0.012,869.921,0.001,335.382,0.076,6.4,32.17
20.693,36.134,2643.189,456.9,0.262,0.003,55.569,43.169,0,0.534,0.395,0.018,0.121,0.498,12.153,14.602,-4.082e-4,0,-0.341,0,0.341,-0.01,869.93,0.001,335.383,0.077,6.4,32.17
20.697,36.134,2643.189,456.9,0.262,0.003,55.569,43.169,0,0.534,0.395,0.018,0.121,0.498,12.153,14.6,-1.068e-4,0,-0.335,0,0.335,-0.008,869.939,0.001,335.383,0.077,6.4,32.17
20.7,36.131,2643.189,456.9,0.262,0.003,55.569,43.169,0,0.534,0.395,0.018,0.121,0.498,12.152,14.599,-3.821e-4,0,-0.329,0,0.329,-0.007,869.949,0.001,335.384,0.077,6.4,32.17
20.704,36.134,2643.189,456.9,0.262,0.003,55.569,43.169,0,0.534,0.395,0.018,0.121,0.498,12.153,14.598,-4.671e-4,0,-0.323,0,0.323,-0.005,869.959,0.001,335.384,0.077,6.4,32.17
20.708,36.134,2643.189,456.9,0.262,0.003,55.569,43.169,0,0.534,0.395,0.018,0.121,0.498,12.153,14.596,-3.61e-4,0,-0.317,0,0.317,-0.004,869.969,0.001,335.384,0.077,6.4,32.17
20.711,36.131,2643.189,456.9,0.262,0.003,55.569,43.169,0,0.534,0.395,0.018,0.121,0.498,12.152,14.595,-4.319e-4,0,-0.311,0,0.311,-0.003,869.979,0.001,335.385,0.077,6.4,32.17
20.715,36.125,2643.189,456.9,0.262,0.003,55.57,43.169,0,0.534,0.395,0.018,0.121,0.498,12.15,14.594,-4.145e-4,0,-0.305,0,0.305,-0.002,869.99,0.001,335.385,0.077,6.4,32.17
20.719,36.116,2643.189,456.9,0.262,0.003,55.57,43.169,0,0.534,0.395,0.018,0.121,0.498,12.147,14.594,-2.863e-4,0,-0.299,0,0.299,-0.001,870,0.001,335.385,0.077,6.4,32.17
20.723,36.104,2643.189,456.9,0.262,0.003,55.571,43.169,0,0.534,0.395,0.018,0.121,0.498,12.142,14.594,-2.504e-4,0,-0.293,0,0.293,-6.938e-4,870.011,0.001,335.386,0.077,6.4,32.17
20.727,36.088,2643.189,456.9,0.262,0.003,55.572,43.169,0,0.534,0.395,0.018,0.121,0.499,12.137,14.594,1.931e-4,0,-0.287,0,0.287,-2.838e-4,870.022,0.001,335.386,0.077,6.4,32.17
20.731,36.068,2643.189,456.9,0.262,0.003,55.574,43.169,0,0.534,0.395,0.018,0.121,0.499,12.13,14.595,3.569e-4,0,-0.281,0,0.281,-5.35e-5,870.034,0.001,335.387,0.077,6.4,32.17
20.736,36.045,2643.189,456.9,0.262,0.003,55.575,43.169,0,0.534,0.395,0.018,0.121,0.499,12.122,14.597,1.782e-4,0,-0.275,0,0.275,5.097e-6,870.045,0.001,335.387,0.077,6.4,32.17
20.74,36.018,2643.189,456.9,0.262,0.003,55.577,43.169,0,0.534,0.395,0.018,0.121,0.5,12.113,14.598,5e-4,0,-0.269,0,0.269,1.409e-4,870.057,0.001,335.388,0.077,6.4,32.17
20.744,35.987,2643.189,456.9,0.262,0.003,55.579,43.169,0,0.534,0.395,0.018,0.121,0.5,12.102,14.599,-1.571e-4,0,-0.263,0,0.263,4.634e-4,870.069,0.001,335.388,0.078,6.4,32.17
20.749,35.952,2643.189,456.9,0.262,0.003,55.582,43.169,0,0.534,0.395,0.018,0.121,0.501,12.089,14.6,-6.352e-5,0,-0.257,0,0.257,9.75e-4,870.081,0.001,335.388,0.078,6.4,32.17
20.753,35.905,2643.189,456.9,0.262,0.003,55.585,43.169,0,0.534,0.395,0.018,0.121,0.502,12.073,14.601,-4.704e-4,0,-0.251,0,0.251,0.002,870.094,0.001,335.389,0.078,6.4,32.17
20.758,35.851,2643.189,456.9,0.262,0.003,55.589,43.169,0,0.534,0.395,0.018,0.121,0.502,12.054,14.604,2.496e-4,0,-0.245,0,0.245,0.003,870.106,0.001,335.389,0.078,6.4,32.17
20.763,35.792,2643.189,456.9,0.262,0.003,55.593,43.169,0,0.534,0.395,0.018,0.121,0.503,12.034,14.605,-4.707e-4,0,-0.239,0,0.239,0.004,870.119,0.001,335.39,0.078,6.4,32.17
20.768,35.727,2643.189,456.9,0.262,0.003,55.598,43.169,0,0.534,0.395,0.018,0.121,0.504,12.011,14.608,-1.278e-4,0,-0.233,0,0.233,0.005,870.133,0.001,335.39,0.078,6.4,32.17
20.773,35.657,2643.189,456.9,0.262,0.003,55.603,43.169,0,0.534,0.395,0.018,0.121,0.506,11.987,14.609,-2.548e-5,0,-0.227,0,0.227,0.006,870.147,0.001,335.391,0.078,6.4,32.17
20.778,35.582,2643.189,456.9,0.262,0.003,55.608,43.169,0,0.534,0.395,0.018,0.121,0.507,11.961,14.611,4.742e-4,0,-0.221,0,0.221,0.008,870.161,0.001,335.391,0.078,6.4,32.17
20.783,35.5,2643.189,456.9,0.262,0.003,55.614,43.169,0,0.534,0.395,0.018,0.121,0.508,11.932,14.613,3.462e-4,0,-0.215,0,0.215,0.01,870.175,0.001,335.392,0.078,6.4,32.17
20.789,35.412,2643.189,456.9,0.262,0.003,55.621,43.169,0,0.534,0.395,0.018,0.121,0.51,11.901,14.616,2.134e-4,0,-0.209,0,0.209,0.012,870.19,0.001,335.392,0.078,6.4,32.17
20.794,35.317,2643.189,456.9,0.262,0.003,55.628,43.169,0,0.534,0.395,0.018,0.121,0.511,11.869,14.619,9.322e-5,0,-0.203,0,0.203,0.014,870.205,0.001,335.393,0.078,6.4,32.17
20.8,35.215,2643.189,456.9,0.262,0.003,55.635,43.169,0,0.534,0.395,0.018,0.121,0.513,11.833,14.621,3.49e-4,0,-0.197,0,0.197,0.017,870.221,0.001,335.394,0.079,6.4,32.17
20.806,35.089,2643.189,456.9,0.262,0.003,55.644,43.169,0,0.534,0.395,0.018,0.121,0.515,11.79,14.625,-1.345e-4,0,-0.191,0,0.191,0.019,870.237,0.001,335.394,0.079,6.4,32.17
20.812,34.956,2643.189,456.9,0.262,0.003,55.654,43.169,0,0.534,0.395,0.018,0.121,0.517,11.743,14.629,-2.809e-4,0,-0.185,0,0.185,0.022,870.254,0.001,335.395,0.079,6.4,32.17
20.818,34.813,2643.189,456.9,0.262,0.003,55.665,43.169,0,0.534,0.395,0.018,0.121,0.519,11.694,14.634,-1.396e-4,0,-0.179,0,0.179,0.025,870.271,0.001,335.395,0.079,6.4,32.17
20.824,34.662,2643.189,456.9,0.262,0.003,55.677,43.169,0,0.534,0.395,0.018,0.121,0.522,11.642,14.638,-4.189e-4,0,-0.174,0,0.174,0.028,870.288,0.001,335.396,0.079,6.4,32.17
20.831,34.501,2643.189,456.9,0.262,0.003,55.689,43.169,0,0.534,0.395,0.018,0.121,0.524,11.587,14.643,-2.177e-4,0,-0.168,0,0.168,0.032,870.307,0.001,335.397,0.079,6.4,32.17
20.838,34.329,2643.189,456.9,0.262,0.003,55.702,43.169,0,0.534,0.395,0.018,0.121,0.527,11.528,14.65,3.156e-4,0,-0.162,0,0.162,0.035,870.325,0.001,335.397,0.079,6.4,32.17
20.845,34.147,2643.189,456.9,0.262,0.003,55.716,43.169,0,0.534,0.395,0.018,0.121,0.53,11.465,14.656,-8.441e-5,0,-0.156,0,0.156,0.039,870.345,0.001,335.398,0.079,6.4,32.17
20.852,33.95,2643.189,456.9,0.262,0.003,55.732,43.169,0,0.534,0.395,0.018,0.121,0.533,11.398,14.662,4.933e-4,0,-0.15,0,0.15,0.043,870.365,0.001,335.399,0.08,6.4,32.17
20.859,33.73,2643.189,456.9,0.262,0.003,55.749,43.169,0,0.534,0.395,0.018,0.121,0.536,11.323,14.671,-1.893e-4,0,-0.145,0,0.145,0.047,870.386,0.001,335.4,0.08,6.4,32.17
20.867,33.496,2643.189,456.9,0.262,0.003,55.768,43.169,0,0.534,0.395,0.018,0.121,0.54,11.243,14.681,-1.948e-4,0,-0.139,0,0.139,0.051,870.407,0.001,335.401,0.08,6.4,32.17
20.875,33.248,2643.189,456.9,0.262,0.003,55.788,43.169,0,0.534,0.395,0.018,0.121,0.544,11.159,14.691,8.367e-5,0,-0.133,0,0.133,0.055,870.43,0.001,335.401,0.08,6.4,32.17
20.883,32.985,2643.189,456.9,0.262,0.003,55.81,43.169,0,0.534,0.395,0.018,0.121,0.548,11.07,14.702,3.564e-4,0,-0.127,0,0.127,0.059,870.453,0.001,335.402,0.08,6.4,32.17
20.892,32.706,2643.189,456.9,0.262,0.003,55.833,43.169,0,0.534,0.395,0.018,0.121,0.552,10.976,14.715,-1.71e-4,0,-0.122,0,0.122,0.064,870.478,0.001,335.403,0.08,6.4,32.17
20.901,32.41,2643.189,456.9,0.262,0.003,55.859,43.169,0,0.534,0.395,0.018,0.121,0.556,10.877,14.729,-1.769e-4,0,-0.116,0,0.116,0.068,870.503,0.001,335.404,0.08,6.4,32.17
20.91,32.1,2643.189,456.9,0.262,0.003,55.885,43.169,0,0.534,0.395,0.018,0.121,0.561,10.773,14.744,1.454e-4,0,-0.11,0,0.11,0.072,870.53,0.001,335.405,0.081,6.4,32.17
20.92,31.77,2643.189,456.9,0.262,0.003,55.914,43.169,0,0.534,0.395,0.018,0.121,0.566,10.663,14.761,-2.735e-5,0,-0.104,0,0.104,0.077,870.558,0.001,335.406,0.081,6.4,32.17
20.931,31.418,2643.189,456.9,0.262,0.003,55.946,43.169,0,0.534,0.395,0.018,0.121,0.571,10.547,14.78,2.754e-4,0,-0.099,0,0.099,0.081,870.588,0.001,335.407,0.081,6.4,32.17
20.942,31.043,2643.189,456.9,0.262,0.003,55.98,43.169,0,0.534,0.395,0.018,0.121,0.576,10.423,14.802,4.674e-5,0,-0.093,0,0.093,0.085,870.619,0.001,335.408,0.081,6.4,32.17
20.953,30.652,2643.189,456.9,0.262,0.003,56.016,43.169,0,0.534,0.395,0.018,0.121,0.582,10.296,14.825,-1.422e-4,0,-0.088,0,0.088,0.088,870.652,0.001,335.41,0.082,6.4,32.17
20.965,30.258,2643.189,456.9,0.262,0.003,56.054,43.169,0,0.534,0.395,0.018,0.121,0.588,10.167,14.849,-4.914e-4,0,-0.082,0,0.082,0.092,870.687,0.001,335.411,0.082,6.4,32.17
20.978,29.833,2643.189,456.9,0.262,0.003,56.095,43.169,0,0.534,0.395,0.018,0.121,0.593,10.03,14.875,-2.064e-4,0,-0.047,0.029,0.077,0.096,870.724,0.001,335.412,0.082,6.4,32.17
20.995,29.28,2643.189,456.9,0.262,0.003,56.15,43.169,0,0.534,0.395,0.018,0.121,0.601,9.853,14.913,-3.474e-4,0,0.05,0.126,0.077,0.1,870.772,0.001,335.414,0.082,6.4,32.17
21.012,28.643,2643.189,456.9,0.262,0.003,56.215,43.169,0,0.534,0.395,0.018,0.121,0.609,9.652,14.963,2.25e-4,0,0.153,0.238,0.085,0.099,870.821,0.001,335.416,0.083,6.4,32.17
21.018,28.377,2643.189,456.9,0.262,0.003,56.243,43.169,0,0.534,0.395,0.018,0.121,0.613,9.568,14.985,-4.221e-4,0,0.193,0.284,0.091,0.098,870.84,0.001,335.417,0.083,6.4,32.17
21.024,28.17,2643.189,456.9,0.262,0.003,56.265,43.169,0,0.534,0.395,0.018,0.121,0.615,9.503,15.002,1.28e-4,0,0.224,0.321,0.097,0.097,870.856,0.001,335.417,0.083,6.4,32.17
21.028,27.993,2643.189,456.9,0.262,0.003,56.284,43.169,0,0.534,0.395,0.018,0.121,0.617,9.448,15.018,2.493e-5,0,0.249,0.352,0.102,0.097,870.869,0.001,335.418,0.083,6.4,32.17
21.032,27.835,2643.189,456.9,0.262,0.003,56.3,43.169,0,0.534,0.395,0.018,0.121,0.619,9.399,15.03,1.819e-5,0,0.271,0.379,0.108,0.096,870.881,0.001,335.418,0.083,6.4,32.17
21.036,27.692,2643.189,456.9,0.262,0.003,56.316,43.169,0,0.534,0.395,0.018,0.121,0.621,9.355,15.043,-4.251e-4,0,0.291,0.404,0.113,0.095,870.892,0.001,335.418,0.083,6.4,32.17
21.04,27.56,2643.189,456.9,0.262,0.003,56.33,43.169,0,0.534,0.395,0.018,0.121,0.623,9.314,15.055,2.695e-4,0,0.309,0.427,0.119,0.095,870.903,0.001,335.419,0.083,6.4,32.17
21.043,27.436,2643.189,456.9,0.262,0.003,56.344,43.169,0,0.534,0.395,0.018,0.121,0.624,9.276,15.066,-2.864e-4,0,0.325,0.449,0.124,0.094,870.912,0.001,335.419,0.083,6.4,32.17
21.046,27.32,2643.189,456.9,0.262,0.003,56.357,43.169,0,0.534,0.395,0.018,0.121,0.626,9.241,15.076,-4.533e-4,0,0.34,0.469,0.13,0.094,870.922,0.001,335.42,0.083,6.4,32.17
21.049,27.209,2643.189,456.9,0.262,0.003,56.369,43.169,0,0.534,0.395,0.018,0.121,0.627,9.207,15.085,2.571e-4,0,0.354,0.489,0.135,0.094,870.93,0.001,335.42,0.084,6.4,32.17
21.052,27.111,2643.189,456.9,0.262,0.003,56.38,43.169,0,0.534,0.395,0.018,0.121,0.628,9.177,15.094,-1.491e-4,0,0.366,0.506,0.14,0.094,870.939,0.001,335.42,0.084,6.4,32.17
21.055,27.018,2643.189,456.9,0.262,0.003,56.391,43.169,0,0.534,0.395,0.018,0.121,0.629,9.148,15.101,-3.581e-4,0,0.377,0.522,0.146,0.094,870.947,0.001,335.42,0.084,6.4,32.17
21.058,26.927,2643.189,456.9,0.262,0.003,56.401,43.169,0,0.534,0.395,0.018,0.121,0.63,9.121,15.109,-3.217e-4,0,0.387,0.538,0.151,0.095,870.955,0.001,335.421,0.084,6.4,32.17
21.06,26.84,2643.189,456.9,0.262,0.003,56.411,43.169,0,0.534,0.395,0.018,0.121,0.631,9.094,15.116,-4.219e-4,0,0.397,0.553,0.156,0.095,870.962,0.001,335.421,0.084,6.4,32.17
21.063,26.754,2643.189,456.9,0.262,0.003,56.42,43.169,0,0.534,0.395,0.018,0.121,0.632,9.068,15.123,-2.076e-4,0,0.407,0.568,0.162,0.095,870.97,0.001,335.421,0.084,6.4,32.17
21.065,26.67,2643.189,456.9,0.262,0.003,56.43,43.169,0,0.534,0.395,0.018,0.121,0.633,9.043,15.13,-4.35e-4,0,0.416,0.583,0.167,0.096,870.977,0.001,335.422,0.084,6.4,32.17
21.068,26.585,2643.189,456.9,0.262,0.003,56.44,43.169,0,0.534,0.395,0.018,0.121,0.634,9.017,15.137,1.094e-4,0,0.425,0.598,0.172,0.096,870.985,0.001,335.422,0.084,6.4,32.17
21.07,26.501,2643.189,456.9,0.262,0.003,56.449,43.169,0,0.534,0.395,0.018,0.121,0.635,8.992,15.144,-2.288e-4,0,0.435,0.613,0.178,0.097,870.992,0.001,335.422,0.084,6.4,32.17
21.073,26.416,2643.189,456.9,0.262,0.003,56.459,43.169,0,0.534,0.395,0.018,0.121,0.636,8.967,15.151,1.97e-4,0,0.444,0.628,0.184,0.097,870.999,0.001,335.422,0.084,6.4,32.17
21.075,26.331,2643.189,456.9,0.262,0.003,56.469,43.169,0,0.534,0.395,0.018,0.121,0.637,8.941,15.158,-2.226e-4,0,0.453,0.642,0.19,0.098,871.007,0.001,335.423,0.084,6.4,32.17
21.078,26.246,2643.189,456.9,0.262,0.003,56.479,43.169,0,0.534,0.395,0.018,0.121,0.638,8.916,15.164,-1.14e-4,0,0.462,0.657,0.196,0.099,871.014,0.001,335.423,0.084,6.4,32.17
21.08,26.16,2643.189,456.9,0.262,0.003,56.489,43.169,0,0.534,0.395,0.018,0.121,0.639,8.89,15.172,-3.18e-4,0,0.471,0.672,0.202,0.099,871.022,0.001,335.423,0.084,6.4,32.17
21.083,26.075,2643.189,456.9,0.262,0.003,56.499,43.169,0,0.534,0.395,0.018,0.121,0.64,8.864,15.179,4.962e-4,0,0.48,0.687,0.208,0.1,871.029,0.001,335.424,0.084,6.4,32.17
21.085,25.989,2643.189,456.9,0.262,0.003,56.509,43.169,0,0.534,0.395,0.018,0.121,0.641,8.839,15.186,7.122e-5,0,0.488,0.702,0.214,0.101,871.036,0.001,335.424,0.084,6.4,32.17
21.088,25.903,2643.189,456.9,0.262,0.003,56.519,43.169,0,0.534,0.395,0.018,0.121,0.642,8.813,15.193,1.741e-4,0,0.497,0.718,0.221,0.102,871.044,0.001,335.424,0.084,6.4,32.17
21.09,25.816,2643.189,456.9,0.262,0.003,56.53,43.169,0,0.534,0.395,0.018,0.121,0.643,8.788,15.2,3.512e-4,0,0.506,0.733,0.227,0.102,871.051,0.001,335.424,0.084,6.4,32.17
21.093,25.729,2643.189,456.9,0.262,0.003,56.54,43.169,0,0.534,0.395,0.018,0.121,0.644,8.762,15.207,-1.545e-4,0,0.514,0.748,0.234,0.103,871.059,0.001,335.425,0.084,6.4,32.17
21.095,25.642,2643.189,456.9,0.262,0.003,56.55,43.169,0,0.534,0.395,0.018,0.121,0.645,8.736,15.213,-5.562e-5,0,0.523,0.763,0.241,0.104,871.066,0.001,335.425,0.085,6.4,32.17
21.098,25.554,2643.189,456.9,0.262,0.003,56.561,43.169,0,0.534,0.395,0.018,0.121,0.645,8.71,15.221,2.799e-4,0,0.531,0.778,0.247,0.105,871.073,0.001,335.425,0.085,6.4,32.17
21.1,25.467,2643.189,456.9,0.262,0.003,56.571,43.169,0,0.534,0.395,0.018,0.121,0.646,8.685,15.228,-1.518e-4,0,0.539,0.794,0.254,0.106,871.081,0.001,335.425,0.085,6.4,32.17
21.103,25.379,2643.189,456.9,0.262,0.003,56.582,43.169,0,0.534,0.395,0.018,0.121,0.647,8.659,15.235,-2.304e-4,0,0.548,0.809,0.261,0.108,871.088,0.001,335.426,0.085,6.4,32.17
21.105,25.291,2643.189,456.9,0.262,0.003,56.593,43.169,0,0.534,0.395,0.018,0.121,0.648,8.633,15.241,5.828e-5,0,0.556,0.825,0.269,0.109,871.096,0.001,335.426,0.085,6.4,32.17
21.108,25.203,2643.189,456.9,0.262,0.003,56.604,43.169,0,0.534,0.395,0.018,0.121,0.649,8.607,15.248,-7.921e-5,0,0.564,0.84,0.276,0.111,871.103,0.001,335.426,0.085,6.4,32.17
21.11,25.113,2643.189,456.9,0.262,0.003,56.615,43.169,0,0.534,0.395,0.018,0.121,0.65,8.581,15.256,3.536e-4,0,0.572,0.856,0.283,0.112,871.11,0.001,335.427,0.085,6.4,32.17
21.113,25.023,2643.189,456.9,0.262,0.003,56.626,43.169,0,0.534,0.395,0.018,0.121,0.651,8.555,15.263,5.856e-5,0,0.58,0.871,0.291,0.114,871.118,0.001,335.427,0.085,6.4,32.17
21.115,24.933,2643.189,456.9,0.262,0.003,56.637,43.169,0,0.534,0.395,0.018,0.121,0.652,8.529,15.269,-5.399e-5,0,0.589,0.887,0.299,0.116,871.125,0.001,335.427,0.085,6.4,32.17
21.118,24.841,2643.189,456.9,0.262,0.003,56.648,43.169,0,0.534,0.395,0.018,0.121,0.653,8.502,15.276,-2.546e-4,0,0.597,0.903,0.306,0.117,871.133,0.001,335.427,0.085,6.4,32.17
21.12,24.749,2643.189,456.9,0.262,0.003,56.66,43.169,0,0.534,0.395,0.018,0.121,0.654,8.476,15.283,4.924e-4,0,0.605,0.919,0.314,0.119,871.14,0.001,335.428,0.085,6.4,32.17
21.123,24.657,2643.189,456.9,0.262,0.003,56.671,43.169,0,0.534,0.395,0.018,0.121,0.654,8.449,15.29,-8.755e-5,0,0.613,0.936,0.322,0.121,871.148,0.001,335.428,0.085,6.4,32.17
21.125,24.563,2643.189,456.9,0.262,0.003,56.683,43.169,0,0.534,0.395,0.018,0.121,0.655,8.422,15.297,-2.973e-5,0,0.622,0.952,0.33,0.123,871.155,0.001,335.428,0.085,6.4,32.17
21.128,24.469,2643.189,456.9,0.262,0.003,56.695,43.169,0,0.534,0.395,0.018,0.121,0.656,8.395,15.305,1.044e-4,0,0.63,0.969,0.339,0.125,871.163,0.001,335.428,0.085,6.4,32.17
21.13,24.374,2643.189,456.9,0.262,0.003,56.707,43.169,0,0.534,0.395,0.018,0.121,0.657,8.368,15.312,-8.306e-5,0,0.638,0.985,0.347,0.127,871.17,0.001,335.429,0.085,6.4,32.17
21.133,24.278,2643.189,456.9,0.262,0.003,56.719,43.169,0,0.534,0.395,0.018,0.121,0.658,8.341,15.319,3.375e-4,0,0.647,1.002,0.355,0.13,871.178,0.001,335.429,0.085,6.4,32.17
21.135,24.181,2643.189,456.9,0.262,0.003,56.732,43.169,0,0.534,0.395,0.018,0.121,0.659,8.313,15.326,-4.686e-4,0,0.655,1.019,0.364,0.132,871.185,0.001,335.429,0.085,6.4,32.17
21.138,24.083,2643.189,456.9,0.262,0.003,56.744,43.169,0,0.534,0.395,0.018,0.121,0.66,8.285,15.333,7.097e-5,0,0.664,1.036,0.373,0.135,871.193,0.001,335.43,0.085,6.4,32.17
21.14,23.984,2643.189,456.9,0.262,0.003,56.757,43.169,0,0.534,0.395,0.018,0.121,0.661,8.257,15.34,1.401e-4,0,0.672,1.053,0.381,0.137,871.2,0.001,335.43,0.085,6.4,32.17
21.143,23.884,2643.189,456.9,0.262,0.003,56.77,43.169,0,0.534,0.395,0.018,0.121,0.662,8.229,15.348,-2.085e-4,0,0.681,1.071,0.39,0.14,871.208,0.001,335.43,0.086,6.4,32.17
21.145,23.784,2643.189,456.9,0.262,0.003,56.783,43.169,0,0.534,0.395,0.018,0.121,0.663,8.201,15.355,-4.745e-4,0,0.689,1.089,0.399,0.143,871.215,0.001,335.43,0.086,6.4,32.17
21.148,23.682,2643.189,456.9,0.262,0.003,56.797,43.169,0,0.534,0.395,0.018,0.121,0.663,8.172,15.363,-2.888e-4,0,0.698,1.106,0.408,0.146,871.223,0.001,335.431,0.086,6.4,32.17
21.15,23.58,2643.189,456.9,0.262,0.003,56.81,43.169,0,0.534,0.395,0.018,0.121,0.664,8.144,15.37,-3.819e-4,0,0.707,1.124,0.418,0.149,871.23,0.001,335.431,0.086,6.4,32.17
21.153,23.478,2643.189,456.9,0.262,0.003,56.824,43.169,0,0.534,0.395,0.018,0.121,0.665,8.115,15.378,7.893e-5,0,0.715,1.142,0.427,0.151,871.238,0.001,335.431,0.086,6.4,32.17
21.155,23.377,2643.189,456.9,0.262,0.003,56.837,43.169,0,0.534,0.395,0.018,0.121,0.666,8.087,15.385,5.212e-5,0,0.723,1.16,0.436,0.153,871.245,0.001,335.432,0.086,6.4,32.17
21.158,23.274,2643.189,456.9,0.262,0.003,56.851,43.169,0,0.534,0.395,0.018,0.121,0.667,8.059,15.394,-3.954e-4,0,0.732,1.178,0.446,0.156,871.253,0.001,335.432,0.086,6.4,32.17
21.16,23.171,2643.189,456.9,0.262,0.003,56.865,43.169,0,0.534,0.395,0.018,0.121,0.668,8.03,15.402,8.36e-5,0,0.74,1.196,0.456,0.159,871.26,0.001,335.432,0.086,6.4,32.17
21.163,23.068,2643.189,456.9,0.262,0.003,56.879,43.169,0,0.534,0.395,0.018,0.121,0.669,8.002,15.41,4.97e-4,0,0.748,1.214,0.466,0.161,871.268,0.001,335.432,0.086,6.4,32.17
21.165,22.963,2643.189,456.9,0.262,0.003,56.893,43.169,0,0.534,0.395,0.018,0.121,0.669,7.973,15.418,3.727e-4,0,0.757,1.232,0.476,0.164,871.275,0.001,335.433,0.086,6.4,32.17
21.168,22.858,2643.189,456.9,0.262,0.003,56.907,43.169,0,0.534,0.395,0.018,0.121,0.67,7.944,15.427,-3.852e-4,0,0.765,1.251,0.486,0.167,871.283,0.001,335.433,0.086,6.4,32.17
21.17,22.752,2643.189,456.9,0.262,0.003,56.922,43.169,0,0.534,0.395,0.018,0.121,0.671,7.915,15.434,1.286e-4,0,0.774,1.269,0.496,0.171,871.29,0.001,335.433,0.086,6.4,32.17
21.173,22.645,2643.189,456.9,0.262,0.003,56.936,43.169,0,0.534,0.395,0.018,0.121,0.672,7.886,15.443,2.309e-4,0,0.782,1.288,0.506,0.174,871.298,0.001,335.433,0.086,6.4,32.17
21.175,22.538,2643.189,456.9,0.262,0.003,56.951,43.169,0,0.534,0.395,0.018,0.121,0.673,7.857,15.451,1.182e-4,0,0.79,1.307,0.516,0.177,871.305,0.001,335.434,0.086,6.4,32.17
21.178,22.429,2643.189,456.9,0.262,0.003,56.966,43.169,0,0.534,0.395,0.018,0.121,0.673,7.827,15.458,-9.01e-5,0,0.799,1.326,0.527,0.181,871.313,0.001,335.434,0.086,6.4,32.17
21.18,22.32,2643.189,456.9,0.262,0.003,56.982,43.169,0,0.534,0.395,0.018,0.121,0.674,7.798,15.467,3.762e-5,0,0.807,1.345,0.538,0.185,871.321,0.001,335.434,0.086,6.4,32.17
21.183,22.21,2643.189,456.9,0.262,0.003,56.997,43.169,0,0.534,0.395,0.018,0.121,0.675,7.768,15.474,-8.351e-7,0,0.816,1.364,0.548,0.188,871.328,0.001,335.435,0.086,6.4,32.17
21.185,22.099,2643.189,456.9,0.262,0.003,57.013,43.169,0,0.534,0.395,0.018,0.121,0.676,7.738,15.483,-2.526e-4,0,0.825,1.384,0.559,0.192,871.336,0.001,335.435,0.087,6.4,32.17
21.188,21.986,2643.189,456.9,0.262,0.003,57.029,43.169,0,0.534,0.395,0.018,0.121,0.677,7.708,15.491,2.329e-4,0,0.833,1.403,0.57,0.197,871.343,0.001,335.435,0.087,6.4,32.17
21.19,21.873,2643.189,456.9,0.262,0.003,57.045,43.169,0,0.534,0.395,0.018,0.121,0.677,7.678,15.499,-1.294e-4,0,0.842,1.423,0.581,0.201,871.351,0.001,335.435,0.087,6.4,32.17
21.193,21.759,2643.189,456.9,0.262,0.003,57.061,43.169,0,0.534,0.395,0.018,0.121,0.678,7.648,15.507,-5.057e-5,0,0.851,1.443,0.592,0.206,871.358,0.001,335.436,0.087,6.4,32.17
21.195,21.643,2643.189,456.9,0.262,0.003,57.078,43.169,0,0.534,0.395,0.018,0.121,0.679,7.617,15.515,2.546e-4,0,0.86,1.463,0.604,0.21,871.366,0.001,335.436,0.087,6.4,32.17
21.198,21.527,2643.189,456.9,0.262,0.003,57.095,43.169,0,0.534,0.395,0.018,0.121,0.68,7.587,15.523,4.223e-4,0,0.869,1.484,0.615,0.215,871.374,0.001,335.436,0.087,6.4,32.17
21.2,21.408,2643.189,456.9,0.262,0.003,57.112,43.169,0,0.534,0.395,0.019,0.121,0.68,7.556,15.531,-2.041e-4,0,0.878,1.505,0.627,0.22,871.381,0.001,335.437,0.087,6.4,32.17
21.203,21.283,2643.189,456.9,0.262,0.003,57.131,43.169,0,0.534,0.395,0.019,0.121,0.681,7.523,15.539,-1.962e-4,0,0.888,1.527,0.638,0.227,871.389,0.001,335.437,0.087,6.4,32.17
21.205,21.156,2643.189,456.9,0.262,0.003,57.149,43.169,0,0.534,0.395,0.019,0.121,0.682,7.49,15.547,1.28e-4,0,0.899,1.549,0.65,0.233,871.396,0.001,335.437,0.087,6.4,32.17
21.208,21.027,2643.189,456.9,0.262,0.003,57.168,43.169,0,0.534,0.395,0.019,0.121,0.683,7.456,15.555,1.828e-4,0,0.909,1.571,0.662,0.24,871.404,0.001,335.437,0.087,6.4,32.17
21.21,20.897,2643.189,456.9,0.262,0.003,57.188,43.169,0,0.534,0.395,0.019,0.121,0.683,7.423,15.563,-3.266e-4,0,0.92,1.594,0.674,0.246,871.412,0.001,335.438,0.087,6.4,32.17
21.213,20.764,2643.189,456.9,0.262,0.003,57.208,43.169,0,0.534,0.395,0.019,0.121,0.684,7.389,15.572,2.545e-4,0,0.931,1.617,0.687,0.254,871.419,0.001,335.438,0.087,6.4,32.17
21.215,20.63,2643.189,456.9,0.262,0.003,57.228,43.169,0,0.534,0.395,0.019,0.121,0.685,7.354,15.58,-4.425e-4,0,0.942,1.641,0.699,0.261,871.427,0.001,335.438,0.087,6.4,32.17
21.218,20.494,2643.189,456.9,0.262,0.003,57.249,43.169,0,0.534,0.395,0.019,0.121,0.685,7.32,15.589,1.054e-4,0,0.953,1.665,0.712,0.269,871.435,0.001,335.439,0.087,6.4,32.17
21.22,20.356,2643.189,456.9,0.262,0.003,57.27,43.169,0,0.534,0.395,0.019,0.121,0.686,7.285,15.597,-1.127e-4,0,0.964,1.689,0.725,0.276,871.442,0.001,335.439,0.087,6.4,32.17
21.223,20.216,2643.189,456.9,0.262,0.003,57.291,43.169,0,0.534,0.395,0.019,0.121,0.687,7.25,15.605,-3.908e-4,0,0.976,1.713,0.737,0.285,871.45,0.001,335.439,0.087,6.4,32.17
21.225,20.075,2643.189,456.9,0.262,0.003,57.313,43.169,0,0.534,0.395,0.019,0.121,0.687,7.214,15.613,-1.076e-4,0,0.988,1.738,0.751,0.293,871.458,0.001,335.439,0.087,6.4,32.17
21.228,19.931,2643.189,456.9,0.262,0.003,57.336,43.169,0,0.534,0.395,0.019,0.121,0.688,7.163,15.555,-6.173e-5,0,0.988,1.751,0.764,0.302,871.465,0.001,335.44,0.087,6.4,32.17
21.23,19.785,2643.189,456.9,0.262,0.003,57.359,43.169,0,0.534,0.395,0.019,0.121,0.689,7.096,15.422,4.295e-4,0,0.974,1.751,0.777,0.311,871.473,0.001,335.44,0.088,6.4,32.17
21.233,19.637,2643.189,456.9,0.262,0.003,57.382,43.169,0,0.534,0.395,0.019,0.121,0.689,7.028,15.288,-3.134e-4,0,0.962,1.751,0.79,0.32,871.481,0.001,335.44,0.088,6.4,32.17
21.235,19.487,2643.189,456.9,0.262,0.003,57.406,43.169,0,0.534,0.395,0.019,0.121,0.69,6.959,15.152,3.501e-4,0,0.949,1.751,0.802,0.329,871.488,0.001,335.441,0.088,6.4,32.17
21.238,19.335,2643.189,456.9,0.262,0.003,57.43,43.169,0,0.534,0.395,0.019,0.121,0.69,6.89,15.014,1.071e-4,0,0.936,1.751,0.815,0.339,871.496,0.001,335.441,0.088,6.4,32.17
21.24,19.18,2643.189,456.9,0.262,0.003,57.455,43.169,0,0.534,0.395,0.019,0.121,0.691,6.819,14.874,2.321e-4,0,0.924,1.751,0.827,0.349,871.504,0.001,335.441,0.088,6.4,32.17
21.243,19.024,2643.189,456.9,0.262,0.003,57.481,43.169,0,0.534,0.395,0.019,0.121,0.691,6.749,14.732,-3.805e-5,0,0.912,1.751,0.84,0.359,871.511,0.001,335.441,0.088,6.4,32.17
21.245,18.866,2643.189,456.9,0.262,0.003,57.506,43.169,0,0.534,0.395,0.019,0.121,0.692,6.677,14.589,-2.633e-5,0,0.9,1.751,0.852,0.369,871.519,0.001,335.442,0.088,6.4,32.17
21.248,18.705,2643.189,456.9,0.262,0.003,57.533,43.169,0,0.534,0.395,0.019,0.121,0.692,6.604,14.444,4.857e-4,0,0.888,1.751,0.863,0.38,871.527,0.001,335.442,0.088,6.4,32.17
21.25,18.543,2643.189,456.9,0.262,0.003,57.56,43.169,0,0.534,0.395,0.019,0.121,0.693,6.531,14.296,-2.49e-4,0,0.876,1.751,0.875,0.39,871.534,0.001,335.442,0.088,6.4,32.17
21.253,18.381,2643.189,456.9,0.262,0.003,57.587,43.169,0,0.534,0.395,0.019,0.121,0.693,6.459,14.15,-3.744e-5,0,0.865,1.751,0.887,0.401,871.542,0.001,335.443,0.088,6.4,32.17
21.255,18.217,2643.189,456.9,0.262,0.003,57.615,43.169,0,0.534,0.395,0.019,0.121,0.693,6.385,14.002,-1.603e-4,0,0.853,1.751,0.898,0.411,871.55,0.001,335.443,0.088,6.4,32.17
21.258,18.051,2643.189,456.9,0.262,0.003,57.643,43.169,0,0.534,0.395,0.019,0.121,0.694,6.311,13.852,4.162e-4,0,0.842,1.751,0.909,0.422,871.557,0.001,335.443,0.088,6.4,32.17
21.26,17.883,2643.189,456.9,0.262,0.003,57.672,43.169,0,0.534,0.395,0.019,0.121,0.694,6.237,13.701,-2.016e-4,0,0.831,1.751,0.92,0.433,871.565,0.001,335.443,0.088,6.4,32.17
21.263,17.712,2643.189,456.9,0.262,0.003,57.701,43.169,0,0.534,0.395,0.019,0.121,0.694,6.162,13.547,-8.667e-5,0,0.82,1.751,0.931,0.444,871.573,0.001,335.444,0.088,6.4,32.17
21.265,17.54,2643.189,456.9,0.262,0.003,57.731,43.169,0,0.534,0.395,0.019,0.121,0.694,6.086,13.392,-4.832e-4,0,0.809,1.751,0.942,0.455,871.581,0.001,335.444,0.088,6.4,32.17
21.268,17.366,2643.189,456.9,0.262,0.003,57.761,43.169,0,0.534,0.395,0.019,0.121,0.694,6.009,13.236,-1.993e-5,0,0.799,1.751,0.952,0.466,871.588,0.001,335.444,0.088,6.4,32.17
21.27,17.189,2643.189,456.9,0.262,0.003,57.793,43.169,0,0.534,0.395,0.019,0.121,0.694,5.932,13.077,-3.74e-4,0,0.788,1.751,0.963,0.478,871.596,0.001,335.445,0.089,6.4,32.17
21.273,17.011,2643.189,456.9,0.262,0.003,57.824,43.169,0,0.534,0.395,0.019,0.121,0.694,5.854,12.917,-3.678e-4,0,0.778,1.751,0.973,0.489,871.604,0.001,335.445,0.089,6.4,32.17
21.275,16.831,2643.189,456.9,0.262,0.003,57.857,43.169,0,0.534,0.395,0.019,0.121,0.694,5.776,12.755,-2.27e-4,0,0.768,1.751,0.983,0.5,871.612,0.001,335.445,0.089,6.4,32.17
21.278,16.648,2643.189,456.9,0.262,0.003,57.89,43.169,0,0.534,0.395,0.019,0.121,0.694,5.697,12.593,-4.819e-4,0,0.758,1.751,0.993,0.512,871.619,0.001,335.445,0.089,6.4,32.17
21.28,16.464,2643.189,456.9,0.262,0.003,57.923,43.169,0,0.534,0.395,0.019,0.121,0.694,5.618,12.427,2.58e-4,0,0.748,1.751,1.003,0.524,871.627,0.001,335.446,0.089,6.4,32.17
21.283,16.277,2643.189,456.9,0.262,0.003,57.958,43.169,0,0.534,0.395,0.019,0.121,0.694,5.538,12.262,-3.243e-4,0,0.738,1.751,1.013,0.535,871.635,0.001,335.446,0.089,6.4,32.17
21.285,16.089,2643.189,456.9,0.262,0.003,57.993,43.169,0,0.534,0.395,0.019,0.121,0.693,5.457,12.094,-4.654e-4,0,0.729,1.751,1.023,0.547,871.643,0.001,335.446,0.089,6.4,32.17
21.288,15.898,2643.189,456.9,0.262,0.003,58.028,43.169,0,0.534,0.395,0.019,0.121,0.692,5.377,11.925,4.014e-4,0,0.719,1.751,1.032,0.558,871.651,0.001,335.447,0.089,6.4,32.17
21.29,15.706,2643.189,456.9,0.262,0.003,58.065,43.169,0,0.534,0.395,0.019,0.121,0.692,5.295,11.754,7.42e-5,0,0.71,1.751,1.041,0.57,871.658,0.001,335.447,0.089,6.4,32.17
21.293,15.511,2643.189,456.9,0.262,0.003,58.102,43.169,0,0.534,0.395,0.019,0.121,0.691,5.213,11.583,-2.657e-4,0,0.701,1.751,1.051,0.581,871.666,0.001,335.447,0.089,6.4,32.17
21.295,15.315,2643.189,456.9,0.262,0.003,58.139,43.169,0,0.534,0.395,0.019,0.121,0.69,5.131,11.41,9.312e-5,0,0.692,1.751,1.06,0.593,871.674,0.001,335.447,0.089,6.4,32.17
21.298,15.117,2643.189,456.9,0.262,0.003,58.178,43.169,0,0.534,0.395,0.019,0.121,0.689,5.049,11.236,5.154e-5,0,0.683,1.751,1.069,0.604,871.682,0.001,335.448,0.089,6.4,32.17
21.3,14.917,2643.189,456.9,0.262,0.003,58.217,43.169,0,0.534,0.395,0.019,0.121,0.688,4.965,11.06,-3.571e-4,0,0.674,1.751,1.077,0.615,871.69,0.001,335.448,0.089,6.4,32.17
21.303,14.708,2643.189,456.9,0.262,0.003,58.258,43.169,0,0.534,0.395,0.019,0.121,0.686,4.879,10.878,2.784e-4,0,0.665,1.751,1.086,0.627,871.697,0.001,335.448,0.089,6.4,32.17
21.305,14.498,2643.189,456.9,0.262,0.003,58.3,43.169,0,0.534,0.395,0.019,0.121,0.685,4.793,10.694,-4.357e-4,0,0.657,1.751,1.095,0.638,871.705,0.001,335.449,0.089,6.4,32.17
21.308,14.286,2643.189,456.9,0.262,0.003,58.343,43.169,0,0.534,0.395,0.019,0.121,0.684,4.706,10.51,2.111e-4,0,0.648,1.751,1.103,0.649,871.713,0.001,335.449,0.089,6.4,32.17
21.31,14.073,2643.189,456.9,0.262,0.003,58.386,43.169,0,0.534,0.395,0.019,0.121,0.682,4.619,10.324,-1.96e-4,0,0.64,1.751,1.112,0.66,871.721,0.001,335.449,0.089,6.4,32.17
21.313,13.857,2643.189,456.9,0.262,0.003,58.43,43.169,0,0.534,0.395,0.019,0.121,0.68,4.532,10.138,4.531e-4,0,0.632,1.751,1.12,0.67,871.729,0.001,335.449,0.09,6.4,32.17
21.315,13.64,2643.189,456.9,0.262,0.003,58.475,43.169,0,0.534,0.395,0.019,0.121,0.678,4.445,9.95,-4.047e-4,0,0.624,1.751,1.128,0.681,871.736,0.001,335.45,0.09,6.4,32.17
21.318,13.421,2643.189,456.9,0.262,0.003,58.521,43.169,0,0.534,0.395,0.019,0.121,0.676,4.357,9.762,4.644e-4,0,0.616,1.751,1.136,0.691,871.744,0.001,335.45,0.09,6.4,32.17
21.32,13.201,2643.189,456.9,0.262,0.003,58.568,43.169,0,0.534,0.395,0.019,0.121,0.674,4.27,9.574,1.697e-6,0,0.608,1.751,1.144,0.7,871.752,0.001,335.45,0.09,6.4,32.17
21.323,12.979,2643.189,456.9,0.262,0.003,58.615,43.169,0,0.534,0.395,0.019,0.121,0.672,4.182,9.384,2.244e-4,0,0.6,1.751,1.151,0.709,871.76,0.001,335.451,0.09,6.4,32.17
21.325,12.755,2643.189,456.9,0.262,0.003,58.663,43.169,0,0.534,0.395,0.019,0.121,0.67,4.094,9.195,3.234e-4,0,0.592,1.751,1.159,0.718,871.768,0.001,335.451,0.09,6.4,32.17
21.328,12.531,2643.189,456.9,0.262,0.003,58.712,43.169,0,0.534,0.395,0.019,0.121,0.667,4.006,9.005,7.915e-6,0,0.585,1.751,1.167,0.726,871.776,0.001,335.451,0.09,6.4,32.17
21.33,12.305,2643.189,456.9,0.262,0.003,58.762,43.169,0,0.534,0.395,0.019,0.121,0.665,3.919,8.814,-1.32e-4,0,0.577,1.751,1.174,0.733,871.784,0.001,335.451,0.09,6.4,32.17
21.333,12.077,2643.189,456.9,0.262,0.003,58.813,43.169,0,0.534,0.395,0.019,0.121,0.662,3.831,8.624,-2.257e-4,0,0.57,1.751,1.181,0.74,871.792,0.001,335.452,0.09,6.4,32.17
21.335,11.849,2643.189,456.9,0.262,0.003,58.864,43.169,0,0.534,0.395,0.019,0.121,0.659,3.743,8.434,-4.164e-4,0,0.563,1.751,1.189,0.746,871.799,0.001,335.452,0.09,6.4,32.17
21.338,11.62,2643.189,456.9,0.262,0.003,58.916,43.169,0,0.534,0.395,0.019,0.121,0.657,3.656,8.244,-3.295e-4,0,0.556,1.751,1.196,0.752,871.807,0.001,335.452,0.09,6.4,32.17
21.34,11.39,2643.189,456.9,0.262,0.003,58.969,43.169,0,0.534,0.395,0.019,0.121,0.654,3.569,8.054,5.546e-5,0,0.549,1.751,1.203,0.757,871.815,0.001,335.453,0.09,6.4,32.17
21.343,11.159,2643.189,456.9,0.262,0.003,59.023,43.169,0,0.534,0.395,0.019,0.121,0.651,3.482,7.865,1.465e-4,0,0.542,1.751,1.21,0.761,871.823,0.001,335.453,0.09,6.4,32.17
21.345,10.927,2643.189,456.9,0.262,0.003,59.077,43.169,0,0.534,0.395,0.019,0.121,0.648,3.395,7.676,3.665e-4,0,0.535,1.751,1.217,0.764,871.831,0.001,335.453,0.09,6.4,32.17
21.348,10.695,2643.189,456.9,0.262,0.003,59.132,43.169,0,0.534,0.395,0.019,0.121,0.645,3.309,7.488,1.844e-4,0,0.528,1.751,1.223,0.766,871.839,0.001,335.454,0.09,6.4,32.17
21.35,10.463,2643.189,456.9,0.262,0.003,59.188,43.169,0,0.534,0.395,0.019,0.121,0.642,3.224,7.302,3.2e-4,0,0.522,1.751,1.23,0.767,871.847,0.001,335.454,0.091,6.4,32.17
21.353,10.235,2643.189,456.9,0.262,0.003,59.243,43.169,0,0.534,0.395,0.019,0.121,0.639,3.141,7.121,1.415e-4,0,0.515,1.751,1.236,0.766,871.855,0.001,335.454,0.091,6.4,32.17
21.355,10.008,2643.189,456.9,0.262,0.003,59.299,43.169,0,0.534,0.395,0.019,0.121,0.636,3.058,6.942,-4.733e-4,0,0.509,1.751,1.243,0.765,871.863,0.001,335.454,0.091,6.4,32.17
21.358,9.781,2643.189,456.9,0.262,0.003,59.355,43.169,0,0.534,0.395,0.019,0.121,0.632,2.976,6.764,-2.946e-4,0,0.502,1.751,1.249,0.762,871.871,0.001,335.455,0.091,6.4,32.17
21.36,9.554,2643.189,456.9,0.262,0.003,59.411,43.169,0,0.534,0.395,0.019,0.121,0.629,2.895,6.589,-1.457e-4,0,0.496,1.751,1.255,0.758,871.879,0.001,335.455,0.091,6.4,32.17
21.363,9.328,2643.189,456.9,0.262,0.003,59.469,43.169,0,0.534,0.395,0.019,0.121,0.626,2.814,6.414,4.63e-4,0,0.49,1.751,1.262,0.752,871.887,0.001,335.455,0.091,6.4,32.17
21.365,9.102,2643.189,456.9,0.262,0.003,59.526,43.169,0,0.534,0.395,0.019,0.121,0.623,2.734,6.243,-2.593e-4,0,0.484,1.751,1.268,0.745,871.895,0.001,335.456,0.091,6.4,32.17
21.368,8.877,2643.189,456.9,0.262,0.003,59.584,43.169,0,0.534,0.395,0.019,0.121,0.62,2.655,6.074,-4.167e-4,0,0.478,1.751,1.274,0.737,871.903,0.001,335.456,0.091,6.4,32.17
21.37,8.654,2643.189,456.9,0.262,0.003,59.642,43.169,0,0.534,0.395,0.019,0.121,0.617,2.577,5.908,-1.295e-4,0,0.472,1.751,1.28,0.726,871.91,0.001,335.456,0.091,6.4,32.17
21.373,8.432,2643.189,456.9,0.262,0.003,59.701,43.169,0,0.534,0.395,0.019,0.121,0.613,2.5,5.746,1.124e-4,0,0.466,1.751,1.285,0.714,871.918,0.001,335.456,0.091,6.4,32.17
21.375,8.212,2643.189,456.9,0.262,0.003,59.76,43.169,0,0.534,0.395,0.019,0.121,0.61,2.425,5.586,-2.854e-4,0,0.46,1.751,1.291,0.7,871.926,0.001,335.457,0.091,6.4,32.17
21.378,7.994,2643.189,456.9,0.262,0.003,59.818,43.169,0,0.534,0.395,0.019,0.121,0.607,2.35,5.431,3.827e-4,0,0.455,1.751,1.297,0.683,871.934,0.001,335.457,0.091,6.4,32.17
21.38,7.778,2643.189,456.9,0.262,0.003,59.877,43.169,0,0.534,0.395,0.019,0.121,0.604,2.277,5.28,4.334e-4,0,0.449,1.751,1.302,0.665,871.942,0.001,335.457,0.091,6.4,32.17
21.383,7.565,2643.189,456.9,0.262,0.003,59.935,43.169,0,0.534,0.395,0.019,0.121,0.601,2.206,5.134,3.484e-5,0,0.444,1.751,1.308,0.644,871.95,0.001,335.458,0.091,6.4,32.17
21.385,7.355,2643.189,456.9,0.262,0.003,59.993,43.169,0,0.534,0.395,0.019,0.121,0.598,2.136,4.994,-3.574e-4,0,0.438,1.751,1.313,0.621,871.958,0.001,335.458,0.091,6.4,32.17
21.388,7.149,2643.189,456.9,0.262,0.003,60.051,43.169,0,0.534,0.395,0.019,0.121,0.596,2.067,4.858,1.533e-4,0,0.433,1.751,1.319,0.595,871.966,0.001,335.458,0.092,6.4,32.17
21.39,6.947,2643.189,456.9,0.262,0.003,60.108,43.169,0,0.534,0.395,0.019,0.121,0.593,2.001,4.728,-4.566e-4,0,0.428,1.751,1.324,0.567,871.974,0.001,335.459,0.092,6.4,32.17
21.393,6.75,2643.189,456.9,0.262,0.003,60.164,43.169,0,0.534,0.395,0.019,0.121,0.59,1.936,4.606,1.477e-5,0,0.422,1.751,1.329,0.536,871.983,0.001,335.459,0.092,6.4,32.17
21.395,6.558,2643.189,456.9,0.262,0.003,60.22,43.169,0,0.534,0.395,0.019,0.121,0.587,1.874,4.489,-8.537e-5,0,0.417,1.751,1.334,0.502,871.991,0.001,335.459,0.092,6.4,32.17
21.398,6.372,2643.189,456.9,0.262,0.003,60.274,43.169,0,0.534,0.395,0.019,0.121,0.585,1.814,4.382,-4.952e-5,0,0.412,1.751,1.339,0.467,871.999,0.001,335.459,0.092,6.4,32.17
21.4,6.192,2643.189,456.9,0.262,0.003,60.326,43.169,0,0.534,0.395,0.019,0.121,0.583,1.756,4.28,4.694e-4,0,0.407,1.751,1.344,0.428,872.007,0.001,335.46,0.092,6.4,32.17
21.403,6.016,2643.189,456.9,0.262,0.003,60.378,43.169,0,0.534,0.395,0.019,0.121,0.58,1.7,4.184,-1.788e-4,0,0.402,1.751,1.349,0.387,872.015,0.001,335.46,0.092,6.4,32.17
21.405,5.848,2643.189,456.9,0.262,0.003,60.428,43.169,0,0.534,0.395,0.019,0.121,0.578,1.647,4.097,7.438e-5,0,0.397,1.751,1.354,0.345,872.023,0.001,335.46,0.092,6.4,32.17
21.408,5.689,2643.189,456.9,0.262,0.003,60.476,43.169,0,0.534,0.395,0.019,0.121,0.576,1.597,4.018,-3.942e-4,0,0.393,1.751,1.359,0.3,872.031,0.001,335.461,0.092,6.4,32.17
21.41,5.54,2643.189,456.9,0.262,0.003,60.521,43.169,0,0.534,0.395,0.019,0.121,0.574,1.55,3.948,3.322e-4,0,0.388,1.751,1.363,0.256,872.039,0.001,335.461,0.092,6.4,32.17
21.413,5.403,2643.189,456.9,0.262,0.003,60.563,43.169,0,0.534,0.395,0.019,0.121,0.573,1.508,3.886,-3.967e-4,0,0.383,1.751,1.368,0.211,872.047,0.001,335.461,0.092,6.4,32.17
21.415,5.278,2643.189,456.9,0.262,0.003,60.601,43.169,0,0.534,0.395,0.019,0.121,0.571,1.469,3.834,2.756e-5,0,0.379,1.751,1.373,0.168,872.055,0.001,335.462,0.092,6.4,32.17
21.418,5.166,2643.189,456.9,0.262,0.003,60.635,43.169,0,0.534,0.395,0.019,0.121,0.57,1.434,3.788,-2.524e-4,0,0.374,1.752,1.377,0.127,872.063,0.001,335.462,0.092,6.4,32.17
21.42,5.069,2643.189,456.9,0.262,0.003,60.666,43.169,0,0.534,0.395,0.019,0.121,0.569,1.404,3.751,-6.325e-5,0,0.37,1.752,1.382,0.089,872.071,0.001,335.462,0.092,6.4,32.17
21.423,4.986,2643.189,456.9,0.262,0.003,60.691,43.169,0,0.534,0.395,0.019,0.121,0.568,1.379,3.719,-4.64e-4,0,0.366,1.752,1.386,0.057,872.079,0.001,335.462,0.092,6.4,32.17
21.425,4.919,2643.189,456.9,0.262,0.003,60.712,43.169,0,0.534,0.395,0.019,0.121,0.567,1.359,3.694,4.997e-4,0,0.361,1.752,1.39,0.031,872.087,0.001,335.463,0.093,6.4,32.17
21.428,4.869,2643.189,456.9,0.262,0.003,60.728,43.169,0,0.534,0.395,0.019,0.121,0.566,1.343,3.673,7.108e-5,0,0.357,1.752,1.394,0.012,872.096,0.001,335.463,0.093,6.4,32.17
21.43,4.836,2643.189,456.9,0.262,0.003,60.738,43.169,0,0.534,0.395,0.019,0.121,0.566,1.333,3.658,-1.439e-4,0,0.353,1.752,1.399,0.002,872.104,0.001,335.463,0.093,6.4,32.17
21.433,4.82,2643.189,456.9,0.262,0.003,60.743,43.169,0,0.534,0.395,0.019,0.121,0.566,1.329,3.649,-2.847e-4,0,0.349,1.752,1.403,-5.464e-4,872.112,0.001,335.464,0.093,6.4,32.17
21.435,4.822,2643.189,456.9,0.262,0.003,60.743,43.169,0,0.534,0.395,0.019,0.121,0.566,1.329,3.658,-2.558e-4,0,0.345,1.752,1.407,-0.008,872.12,0.001,335.464,0.093,6.4,32.17
21.438,4.842,2643.189,456.9,0.262,0.003,60.736,43.169,0,0.534,0.395,0.019,0.121,0.566,1.335,3.69,-1.405e-4,0,0.341,1.752,1.411,-0.025,872.128,0.001,335.464,0.093,6.4,32.17
21.44,4.879,2643.189,456.9,0.262,0.003,60.725,43.169,0,0.534,0.395,0.019,0.121,0.566,1.346,3.743,-2.365e-4,0,0.337,1.752,1.415,-0.049,872.136,0.001,335.465,0.093,6.4,32.17
21.443,4.932,2643.189,456.9,0.262,0.003,60.708,43.169,0,0.534,0.395,0.019,0.121,0.567,1.363,3.816,3.041e-4,0,0.333,1.752,1.419,-0.081,872.144,0.001,335.465,0.093,6.4,32.17
21.445,5.002,2643.189,456.9,0.262,0.003,60.686,43.169,0,0.534,0.395,0.019,0.121,0.568,1.384,3.907,-4.997e-4,0,0.329,1.752,1.423,-0.119,872.153,0.001,335.465,0.093,6.4,32.17
21.448,5.088,2643.189,456.9,0.262,0.003,60.66,43.169,0,0.534,0.395,0.019,0.121,0.569,1.41,4.015,-2.459e-4,0,0.325,1.752,1.426,-0.161,872.161,0.001,335.465,0.093,6.4,32.17
21.45,5.188,2643.189,456.9,0.262,0.003,60.629,43.169,0,0.534,0.395,0.019,0.121,0.57,1.441,4.138,1.636e-5,0,0.321,1.752,1.43,-0.206,872.169,0.001,335.466,0.093,6.4,32.17
21.453,5.304,2643.189,456.9,0.262,0.003,60.593,43.169,0,0.534,0.395,0.019,0.121,0.571,1.477,4.275,-7.272e-5,0,0.318,1.752,1.434,-0.253,872.177,0.001,335.466,0.093,6.4,32.17
21.455,5.434,2643.189,456.9,0.262,0.003,60.553,43.169,0,0.534,0.395,0.019,0.121,0.573,1.517,4.423,2.013e-4,0,0.314,1.752,1.437,-0.302,872.186,0.001,335.466,0.093,6.4,32.17
21.458,5.578,2643.189,456.9,0.262,0.003,60.51,43.169,0,0.534,0.395,0.019,0.121,0.575,1.562,4.582,-2.249e-4,0,0.31,1.752,1.441,-0.35,872.194,0.001,335.467,0.093,6.4,32.17
21.461,5.735,2643.189,456.9,0.262,0.003,60.462,43.169,0,0.534,0.395,0.019,0.121,0.577,1.611,4.751,4.883e-4,0,0.307,1.752,1.445,-0.397,872.203,0.001,335.467,0.094,6.4,32.17
21.463,5.905,2643.189,456.9,0.262,0.003,60.412,43.169,0,0.534,0.395,0.019,0.121,0.579,1.665,4.926,3.176e-4,0,0.303,1.752,1.449,-0.441,872.211,0.001,335.467,0.094,6.4,32.17
21.466,6.085,2643.189,456.9,0.262,0.003,60.358,43.169,0,0.534,0.395,0.019,0.121,0.581,1.722,5.109,4.323e-4,0,0.299,1.752,1.452,-0.483,872.22,0.001,335.468,0.094,6.4,32.17
21.469,6.277,2643.189,456.9,0.262,0.003,60.302,43.169,0,0.534,0.395,0.019,0.121,0.584,1.783,5.296,-4.085e-4,0,0.296,1.752,1.456,-0.522,872.229,0.001,335.468,0.094,6.4,32.17
21.471,6.478,2643.189,456.9,0.262,0.003,60.243,43.169,0,0.534,0.395,0.019,0.121,0.587,1.848,5.488,-3.473e-4,0,0.292,1.752,1.459,-0.557,872.238,0.001,335.468,0.094,6.4,32.17
21.474,6.689,2643.189,456.9,0.262,0.003,60.182,43.169,0,0.534,0.395,0.019,0.121,0.589,1.916,5.682,2.109e-4,0,0.289,1.752,1.463,-0.588,872.247,0.001,335.469,0.094,6.4,32.17
21.477,6.908,2643.189,456.9,0.262,0.003,60.12,43.169,0,0.534,0.395,0.019,0.121,0.592,1.988,5.88,-3.618e-4,0,0.285,1.752,1.467,-0.615,872.256,0.001,335.469,0.094,6.4,32.17
21.48,7.134,2643.189,456.9,0.262,0.003,60.056,43.169,0,0.534,0.395,0.019,0.121,0.595,2.062,6.081,4.235e-5,0,0.281,1.752,1.47,-0.639,872.265,0.001,335.469,0.094,6.4,32.17
21.482,7.368,2643.189,456.9,0.262,0.003,59.991,43.169,0,0.534,0.395,0.019,0.121,0.599,2.14,6.283,-8.431e-5,0,0.278,1.752,1.474,-0.659,872.275,0.001,335.47,0.094,6.4,32.17
21.485,7.607,2643.189,456.9,0.262,0.003,59.924,43.169,0,0.534,0.395,0.019,0.121,0.602,2.22,6.487,4.92e-4,0,0.274,1.752,1.477,-0.675,872.284,0.001,335.47,0.094,6.4,32.17
21.488,7.853,2643.189,456.9,0.262,0.003,59.857,43.169,0,0.534,0.395,0.019,0.121,0.606,2.303,6.692,8.2e-5,0,0.271,1.752,1.481,-0.687,872.294,0.001,335.47,0.094,6.4,32.17
21.491,8.104,2643.189,456.9,0.262,0.003,59.789,43.169,0,0.534,0.395,0.019,0.121,0.609,2.388,6.898,-9.306e-5,0,0.267,1.752,1.484,-0.696,872.304,0.001,335.471,0.094,6.4,32.17
21.494,8.36,2643.189,456.9,0.262,0.003,59.721,43.169,0,0.534,0.395,0.019,0.121,0.613,2.476,7.104,1.991e-4,0,0.264,1.752,1.488,-0.701,872.313,0.001,335.471,0.094,6.4,32.17
21.497,8.619,2643.189,456.9,0.262,0.003,59.652,43.169,0,0.534,0.395,0.019,0.121,0.616,2.565,7.311,-4.104e-4,0,0.26,1.752,1.491,-0.704,872.323,0.001,335.471,0.095,6.4,32.17
21.5,8.881,2643.189,456.9,0.262,0.003,59.584,43.169,0,0.534,0.395,0.019,0.121,0.62,2.657,7.517,5.257e-5,0,0.257,1.752,1.495,-0.703,872.333,0.001,335.472,0.095,6.4,32.17
21.503,9.13,2643.189,456.9,0.262,0.003,59.52,43.169,0,0.534,0.395,0.019,0.121,0.624,2.744,7.71,-7.483e-5,0,0.254,1.752,1.498,-0.699,872.344,0.001,335.472,0.095,6.4,32.17
21.506,9.38,2643.189,456.9,0.262,0.003,59.456,43.169,0,0.534,0.395,0.019,0.121,0.627,2.833,7.902,-2.267e-4,0,0.25,1.752,1.501,-0.692,872.354,0.001,335.473,0.095,6.4,32.17
21.51,9.633,2643.189,456.9,0.262,0.003,59.393,43.169,0,0.535,0.395,0.019,0.121,0.631,2.923,8.092,1.225e-4,0,0.247,1.752,1.505,-0.684,872.365,0.001,335.473,0.095,6.4,32.17
21.513,9.886,2643.189,456.9,0.262,0.003,59.33,43.169,0,0.535,0.395,0.019,0.121,0.634,3.014,8.283,3.227e-4,0,0.243,1.752,1.508,-0.673,872.375,0.001,335.473,0.095,6.4,32.17
21.516,10.141,2643.189,456.9,0.262,0.003,59.267,43.169,0,0.535,0.395,0.019,0.121,0.638,3.106,8.473,6.826e-5,0,0.24,1.752,1.512,-0.66,872.386,0.001,335.474,0.095,6.4,32.17
21.519,10.395,2643.189,456.9,0.262,0.003,59.205,43.169,0,0.535,0.395,0.019,0.121,0.641,3.199,8.662,3.406e-4,0,0.237,1.752,1.515,-0.645,872.397,0.001,335.474,0.095,6.4,32.17
21.523,10.65,2643.189,456.9,0.262,0.003,59.144,43.169,0,0.535,0.395,0.019,0.121,0.644,3.293,8.848,-2.055e-4,0,0.233,1.752,1.518,-0.629,872.408,0.001,335.475,0.095,6.4,32.17
21.526,10.904,2643.189,456.9,0.262,0.003,59.084,43.169,0,0.535,0.395,0.019,0.121,0.648,3.387,9.035,-1.429e-4,0,0.23,1.752,1.522,-0.611,872.419,0.001,335.475,0.095,6.4,32.17
21.529,11.158,2643.189,456.9,0.262,0.003,59.024,43.169,0,0.535,0.395,0.019,0.121,0.651,3.482,9.219,5.917e-5,0,0.227,1.752,1.525,-0.592,872.43,0.001,335.475,0.095,6.4,32.17
21.533,11.41,2643.189,456.9,0.262,0.003,58.966,43.169,0,0.535,0.395,0.019,0.121,0.654,3.577,9.4,3.676e-4,0,0.224,1.752,1.528,-0.571,872.442,0.001,335.476,0.095,6.4,32.17
21.536,11.661,2643.189,456.9,0.262,0.003,58.908,43.169,0,0.535,0.395,0.019,0.121,0.657,3.672,9.58,-4.597e-4,0,0.22,1.752,1.531,-0.55,872.454,0.001,335.476,0.096,6.4,32.17
21.54,11.909,2643.189,456.9,0.262,0.003,58.852,43.169,0,0.535,0.395,0.019,0.121,0.66,3.767,9.757,-2.294e-4,0,0.217,1.752,1.535,-0.527,872.465,0.001,335.477,0.096,6.4,32.17
21.543,12.155,2643.189,456.9,0.262,0.003,58.797,43.169,0,0.535,0.395,0.019,0.121,0.663,3.861,9.931,1.431e-4,0,0.214,1.752,1.538,-0.503,872.477,0.001,335.477,0.096,6.4,32.17
21.547,12.398,2643.189,456.9,0.262,0.003,58.743,43.169,0,0.535,0.395,0.019,0.121,0.666,3.955,10.102,-3.309e-4,0,0.211,1.752,1.541,-0.478,872.489,0.001,335.478,0.096,6.4,32.17
21.551,12.64,2643.189,456.9,0.262,0.003,58.69,43.169,0,0.535,0.395,0.019,0.121,0.669,4.049,10.272,-7.92e-5,0,0.208,1.752,1.544,-0.452,872.502,0.001,335.478,0.096,6.4,32.17
21.554,12.896,2643.189,456.9,0.262,0.003,58.635,43.169,0,0.535,0.395,0.019,0.121,0.671,4.15,10.453,-4.643e-4,0,0.204,1.752,1.547,-0.426,872.514,0.001,335.479,0.096,6.4,32.17
21.558,13.147,2643.189,456.9,0.262,0.003,58.581,43.169,0,0.535,0.395,0.019,0.121,0.674,4.249,10.629,1.081e-4,0,0.201,1.752,1.55,-0.398,872.527,0.001,335.479,0.096,6.4,32.17
21.562,13.393,2643.189,456.9,0.262,0.003,58.529,43.169,0,0.535,0.395,0.019,0.121,0.676,4.346,10.802,2.402e-4,0,0.198,1.752,1.553,-0.37,872.54,0.001,335.479,0.096,6.4,32.17
21.566,13.632,2643.189,456.9,0.262,0.003,58.478,43.169,0,0.535,0.395,0.019,0.121,0.679,4.442,10.969,-2.312e-4,0,0.195,1.752,1.556,-0.342,872.553,0.001,335.48,0.096,6.4,32.17
21.57,13.865,2643.189,456.9,0.262,0.003,58.43,43.169,0,0.535,0.395,0.019,0.121,0.681,4.536,11.13,4.41e-4,0,0.192,1.752,1.559,-0.314,872.566,0.001,335.48,0.096,6.4,32.17
21.573,14.091,2643.189,456.9,0.262,0.003,58.384,43.169,0,0.535,0.395,0.019,0.121,0.682,4.627,11.286,-4.445e-4,0,0.189,1.752,1.563,-0.286,872.579,0.001,335.481,0.096,6.4,32.17
21.578,14.308,2643.189,456.9,0.262,0.003,58.34,43.169,0,0.535,0.395,0.019,0.121,0.684,4.716,11.436,3.398e-4,0,0.186,1.752,1.566,-0.258,872.593,0.001,335.481,0.097,6.4,32.17
21.582,14.517,2643.189,456.9,0.262,0.003,58.298,43.169,0,0.535,0.395,0.019,0.121,0.686,4.801,11.579,8.412e-5,0,0.183,1.752,1.568,-0.23,872.607,0.001,335.482,0.097,6.4,32.17
21.586,14.715,2643.189,456.9,0.262,0.003,58.258,43.169,0,0.535,0.395,0.019,0.121,0.687,4.883,11.715,2.992e-4,0,0.18,1.752,1.571,-0.203,872.621,0.001,335.482,0.097,6.4,32.17
21.59,14.903,2643.189,456.9,0.262,0.003,58.221,43.169,0,0.535,0.395,0.019,0.121,0.688,4.96,11.843,4.203e-4,0,0.177,1.752,1.574,-0.177,872.635,0.001,335.483,0.097,6.4,32.17
21.594,15.08,2643.189,456.9,0.262,0.003,58.187,43.169,0,0.535,0.395,0.019,0.121,0.689,5.034,11.963,-1.761e-4,0,0.174,1.752,1.577,-0.151,872.65,0.001,335.484,0.097,6.4,32.17
21.598,15.245,2643.189,456.9,0.262,0.003,58.155,43.169,0,0.535,0.395,0.019,0.121,0.69,5.102,12.074,1.797e-4,0,0.172,1.752,1.58,-0.127,872.664,0.001,335.484,0.097,6.4,32.17
21.603,15.389,2643.189,456.9,0.262,0.003,58.127,43.169,0,0.535,0.395,0.019,0.121,0.691,5.162,12.171,4.049e-4,0,0.169,1.752,1.583,-0.105,872.679,0.001,335.485,0.097,6.4,32.17
21.607,15.515,2643.189,456.9,0.262,0.003,58.103,43.169,0,0.535,0.395,0.019,0.121,0.692,5.215,12.254,-2.582e-4,0,0.166,1.752,1.586,-0.084,872.694,0.001,335.485,0.097,6.4,32.17
21.612,15.627,2643.189,456.9,0.262,0.003,58.082,43.169,0,0.535,0.395,0.019,0.121,0.692,5.262,12.327,-2.723e-4,0,0.163,1.752,1.589,-0.065,872.71,0.001,335.486,0.097,6.4,32.17
21.616,15.723,2643.189,456.9,0.262,0.003,58.063,43.169,0,0.535,0.395,0.019,0.121,0.692,5.303,12.389,7.657e-5,0,0.16,1.752,1.591,-0.048,872.725,0.001,335.486,0.098,6.4,32.17
21.621,15.803,2643.189,456.9,0.262,0.003,58.048,43.169,0,0.535,0.394,0.019,0.121,0.693,5.337,12.441,-2.574e-4,0,0.158,1.752,1.594,-0.033,872.741,0.001,335.487,0.098,6.4,32.17
21.626,15.865,2643.189,456.9,0.262,0.003,58.037,43.169,0,0.535,0.394,0.019,0.121,0.693,5.363,12.48,-3.156e-4,0,0.155,1.752,1.597,-0.021,872.757,0.001,335.488,0.098,6.4,32.17
21.63,15.909,2643.189,456.9,0.262,0.003,58.028,43.169,0,0.535,0.394,0.019,0.121,0.693,5.382,12.507,9.948e-5,0,0.152,1.752,1.6,-0.011,872.774,0.001,335.488,0.098,6.4,32.17
21.635,15.934,2643.189,456.9,0.262,0.003,58.024,43.169,0,0.535,0.394,0.019,0.121,0.693,5.392,12.521,1.496e-4,0,0.15,1.752,1.602,-0.005,872.791,0.001,335.489,0.098,6.4,32.17
21.64,15.938,2643.189,456.9,0.262,0.003,58.023,43.169,0,0.535,0.394,0.019,0.121,0.693,5.394,12.521,4.449e-4,0,0.147,1.752,1.605,-7.404e-4,872.808,0.001,335.489,0.098,6.4,32.17
21.645,15.921,2643.189,456.9,0.262,0.003,58.026,43.169,0,0.535,0.394,0.019,0.121,0.693,5.387,12.506,-1.926e-4,0,0.144,1.752,1.607,1.844e-4,872.825,0.001,335.49,0.098,6.4,32.17
21.65,15.881,2643.189,456.9,0.262,0.003,58.034,43.169,0,0.535,0.394,0.019,0.121,0.693,5.37,12.47,8.321e-5,0,0.142,1.752,1.61,0.003,872.842,0.001,335.491,0.098,6.4,32.17
21.655,15.82,2643.189,456.9,0.262,0.003,58.045,43.169,0,0.535,0.394,0.019,0.121,0.693,5.344,12.412,2.312e-5,0,0.139,1.752,1.612,0.009,872.86,0.001,335.491,0.098,6.4,32.17
21.661,15.733,2643.189,456.9,0.262,0.003,58.062,43.169,0,0.535,0.394,0.019,0.121,0.693,5.307,12.33,-4.996e-4,0,0.137,1.752,1.615,0.02,872.878,0.001,335.492,0.099,6.4,32.17
21.666,15.62,2643.189,456.9,0.262,0.003,58.083,43.169,0,0.535,0.394,0.019,0.121,0.692,5.26,12.223,-4.138e-4,0,0.134,1.752,1.617,0.034,872.897,0.001,335.493,0.099,6.4,32.17
21.671,15.48,2643.189,456.9,0.262,0.003,58.11,43.169,0,0.535,0.394,0.019,0.121,0.692,5.201,12.089,2.516e-4,0,0.132,1.752,1.62,0.052,872.915,0.001,335.493,0.099,6.4,32.17
21.677,15.312,2643.189,456.9,0.262,0.003,58.142,43.169,0,0.535,0.394,0.019,0.121,0.691,5.13,11.93,-2.84e-4,0,0.13,1.752,1.622,0.073,872.934,0.001,335.494,0.099,6.4,32.17
21.682,15.115,2643.189,456.9,0.262,0.003,58.18,43.169,0,0.535,0.394,0.019,0.121,0.69,5.048,11.741,-2.884e-4,0,0.127,1.752,1.624,0.099,872.954,0.001,335.495,0.099,6.4,32.17
21.688,14.888,2643.189,456.9,0.262,0.003,58.225,43.169,0,0.535,0.394,0.019,0.121,0.688,4.954,11.525,1.824e-4,0,0.125,1.752,1.627,0.129,872.973,0.001,335.496,0.099,6.4,32.17
21.694,14.63,2643.189,456.9,0.262,0.003,58.276,43.169,0,0.535,0.394,0.019,0.121,0.687,4.848,11.281,1.89e-4,0,0.123,1.752,1.629,0.162,872.993,0.001,335.496,0.099,6.4,32.17
21.7,14.341,2643.189,456.9,0.262,0.003,58.334,43.169,0,0.535,0.394,0.019,0.121,0.685,4.729,11.006,3.78e-5,0,0.121,1.752,1.631,0.2,873.014,0.001,335.497,0.1,6.4,32.17
21.706,14.019,2643.189,456.9,0.262,0.003,58.399,43.169,0,0.535,0.394,0.019,0.121,0.682,4.598,10.704,-9.679e-5,0,0.119,1.752,1.633,0.24,873.034,0.001,335.498,0.1,6.4,32.17
21.712,13.665,2643.189,456.9,0.262,0.003,58.473,43.169,0,0.535,0.394,0.019,0.121,0.679,4.456,10.371,4.645e-4,0,0.117,1.752,1.635,0.283,873.055,0.001,335.499,0.1,6.4,32.17
21.718,13.278,2643.189,456.9,0.262,0.003,58.554,43.169,0,0.535,0.394,0.019,0.121,0.676,4.301,10.01,3.249e-4,0,0.115,1.752,1.637,0.329,873.077,0.001,335.499,0.1,6.4,32.17
21.724,12.858,2643.189,456.9,0.262,0.003,58.644,43.169,0,0.535,0.394,0.019,0.121,0.671,4.135,9.621,2.336e-4,0,0.113,1.752,1.639,0.377,873.098,0.001,335.5,0.1,6.4,32.17
21.73,12.405,2643.189,456.9,0.262,0.003,58.742,43.169,0,0.535,0.394,0.019,0.121,0.666,3.958,9.205,3.798e-4,0,0.111,1.752,1.641,0.427,873.12,0.001,335.501,0.1,6.4,32.17
21.736,11.919,2643.189,456.9,0.262,0.003,58.851,43.169,0,0.535,0.394,0.019,0.121,0.661,3.771,8.763,2.783e-4,0,0.109,1.752,1.643,0.477,873.143,0.001,335.502,0.1,6.4,32.17
21.743,11.401,2643.189,456.9,0.262,0.003,58.969,43.169,0,0.535,0.394,0.019,0.121,0.655,3.574,8.295,1.61e-5,0,0.107,1.752,1.645,0.528,873.165,0.001,335.503,0.101,6.4,32.17
21.749,10.852,2643.189,456.9,0.262,0.003,59.097,43.169,0,0.535,0.394,0.019,0.121,0.648,3.368,7.805,-1.2e-4,0,0.106,1.752,1.646,0.578,873.188,0.001,335.503,0.101,6.4,32.17
21.756,10.266,2643.189,456.9,0.262,0.003,59.238,43.169,0,0.535,0.394,0.019,0.121,0.64,3.152,7.288,-3.658e-4,0,0.104,1.752,1.648,0.627,873.212,0.001,335.504,0.101,6.4,32.17
21.763,9.649,2643.189,456.9,0.262,0.003,59.39,43.169,0,0.535,0.394,0.019,0.121,0.631,2.929,6.749,-3.244e-5,0,0.102,1.752,1.65,0.675,873.235,0.001,335.505,0.101,6.4,32.17
21.769,9.003,2643.189,456.9,0.262,0.003,59.554,43.169,0,0.535,0.394,0.019,0.121,0.622,2.7,6.195,-1.194e-4,0,0.101,1.752,1.651,0.717,873.259,0.001,335.506,0.101,6.4,32.17
21.776,8.331,2643.189,456.9,0.262,0.003,59.73,43.169,0,0.535,0.394,0.019,0.121,0.613,2.466,5.628,3.039e-5,0,0.099,1.752,1.653,0.754,873.283,0.001,335.507,0.102,6.4,32.17
21.783,7.635,2643.189,456.9,0.262,0.003,59.919,43.169,0,0.535,0.394,0.019,0.121,0.603,2.229,5.053,3.049e-4,0,0.098,1.752,1.654,0.781,873.308,0.001,335.508,0.102,6.4,32.17
21.79,6.92,2643.189,456.9,0.262,0.003,60.118,43.169,0,0.535,0.394,0.019,0.121,0.593,1.992,4.479,1.442e-4,0,0.097,1.752,1.655,0.797,873.333,0.001,335.509,0.102,6.4,32.17
21.797,6.193,2643.189,456.9,0.262,0.003,60.328,43.169,0,0.535,0.394,0.019,0.121,0.583,1.757,3.915,3.799e-4,0,0.095,1.752,1.657,0.795,873.358,0.001,335.51,0.102,6.4,32.17
21.804,5.479,2643.189,456.9,0.262,0.003,60.542,43.169,0,0.535,0.394,0.019,0.121,0.574,1.531,3.39,-3.894e-4,0,0.094,1.752,1.658,0.767,873.384,0.001,335.511,0.102,6.4,32.17
21.811,4.79,2643.189,456.9,0.262,0.003,60.755,43.169,0,0.535,0.394,0.019,0.121,0.566,1.32,2.924,3.849e-4,0,0.093,1.752,1.659,0.702,873.41,0.001,335.512,0.102,6.4,32.17
21.819,4.137,2643.189,456.9,0.262,0.003,60.964,43.169,0,0.535,0.394,0.019,0.121,0.559,1.124,2.535,-2.907e-4,0,0.092,1.752,1.66,0.59,873.436,0.001,335.513,0.103,6.4,32.17
21.826,3.553,2643.189,456.9,0.262,0.003,61.156,43.169,0,0.535,0.394,0.019,0.121,0.553,0.953,2.26,-3.475e-4,0,0.09,1.752,1.662,0.419,873.462,0.001,335.514,0.103,6.4,32.17
21.833,3.092,2643.189,456.9,0.262,0.003,61.311,43.169,0,0.535,0.394,0.019,0.121,0.549,0.821,2.125,6.426e-5,0,0.089,1.752,1.663,0.203,873.489,0.001,335.515,0.103,6.4,32.17
21.841,2.827,2643.189,456.9,0.262,0.003,61.402,43.169,0,0.535,0.394,0.019,0.121,0.547,0.746,2.099,-3.211e-4,0,0.088,1.752,1.664,0.027,873.516,0.001,335.516,0.103,6.4,32.17
21.848,2.821,2643.189,456.9,0.262,0.003,61.404,43.169,0,0.535,0.394,0.019,0.121,0.547,0.745,2.149,1.229e-4,0,0.087,1.752,1.665,-0.028,873.543,0.001,335.517,0.103,6.4,32.17
21.856,3.075,2643.189,456.9,0.262,0.003,61.317,43.169,0,0.535,0.394,0.019,0.121,0.549,0.816,2.525,-4.033e-4,0,0.086,1.752,1.666,-0.211,873.571,0.001,335.518,0.104,6.4,32.17
21.864,3.545,2643.189,456.9,0.262,0.003,61.159,43.169,0,0.535,0.394,0.019,0.121,0.553,0.951,3.109,2.484e-4,0,0.085,1.752,1.667,-0.436,873.599,0.001,335.519,0.104,6.4,32.17
21.871,4.159,2643.189,456.9,0.262,0.003,60.957,43.169,0,0.535,0.394,0.019,0.121,0.559,1.13,3.748,-4.882e-4,0,0.084,1.752,1.668,-0.606,873.627,0.001,335.52,0.104,6.4,32.17
21.879,4.856,2643.189,456.9,0.262,0.003,60.735,43.169,0,0.535,0.394,0.019,0.121,0.567,1.34,4.384,-7.463e-5,0,0.083,1.752,1.669,-0.706,873.655,0.001,335.521,0.104,6.4,32.17
21.887,5.599,2643.189,456.9,0.262,0.003,60.506,43.169,0,0.535,0.394,0.019,0.121,0.576,1.569,5.004,2.034e-4,0,0.082,1.752,1.67,-0.753,873.684,0.001,335.522,0.105,6.4,32.17
21.895,6.363,2643.189,456.9,0.262,0.003,60.279,43.169,0,0.535,0.394,0.019,0.121,0.586,1.811,5.606,-4.21e-4,0,0.081,1.752,1.671,-0.763,873.713,0.001,335.523,0.105,6.4,32.17
21.903,7.136,2643.189,456.9,0.262,0.003,60.058,43.169,0,0.535,0.394,0.019,0.121,0.596,2.063,6.193,-3.132e-4,0,0.08,1.752,1.672,-0.748,873.742,0.001,335.524,0.105,6.4,32.17
21.911,7.913,2643.189,456.9,0.262,0.003,59.843,43.169,0,0.535,0.394,0.019,0.121,0.607,2.324,6.769,-4.928e-4,0,0.08,1.752,1.673,-0.715,873.771,0.001,335.525,0.105,6.4,32.17
21.919,8.676,2643.189,456.9,0.262,0.003,59.64,43.169,0,0.535,0.394,0.019,0.121,0.618,2.585,7.323,1.397e-4,0,0.079,1.752,1.674,-0.669,873.801,0.001,335.526,0.105,6.4,32.17
21.927,9.416,2643.189,456.9,0.262,0.003,59.45,43.169,0,0.535,0.394,0.019,0.121,0.628,2.846,7.852,4.263e-4,0,0.078,1.752,1.674,-0.612,873.831,0.001,335.527,0.106,6.4,32.17
21.935,10.125,2643.189,456.9,0.262,0.003,59.274,43.169,0,0.535,0.394,0.019,0.121,0.638,3.101,8.353,-3.073e-4,0,0.077,1.752,1.675,-0.549,873.861,0.001,335.528,0.106,6.4,32.17
21.943,10.799,2643.189,456.9,0.262,0.003,59.111,43.169,0,0.535,0.394,0.019,0.121,0.647,3.349,8.823,1.298e-4,0,0.076,1.752,1.676,-0.482,873.892,0.001,335.53,0.106,6.4,32.17
21.951,11.427,2643.189,456.9,0.262,0.003,58.965,43.169,0,0.535,0.394,0.019,0.121,0.655,3.584,9.257,-4.187e-4,0,0.075,1.752,1.677,-0.412,873.923,0.001,335.531,0.106,6.4,32.17
21.96,11.986,2643.189,456.9,0.262,0.003,58.837,43.169,0,0.535,0.394,0.019,0.121,0.662,3.796,9.637,-2.395e-4,0,0.074,1.752,1.678,-0.343,873.954,0.001,335.532,0.106,6.4,32.17
21.968,12.492,2643.189,456.9,0.262,0.003,58.725,43.169,0,0.535,0.394,0.019,0.121,0.668,3.992,9.978,1.628e-4,0,0.073,1.752,1.679,-0.275,873.985,0.001,335.533,0.107,6.4,32.17
21.977,12.94,2643.189,456.9,0.262,0.003,58.628,43.169,0,0.535,0.394,0.019,0.121,0.673,4.167,10.279,1.96e-4,0,0.072,1.752,1.68,-0.212,874.017,0.001,335.534,0.107,6.4,32.17
21.985,13.326,2643.189,456.9,0.262,0.003,58.546,43.169,0,0.535,0.394,0.019,0.121,0.677,4.32,10.535,2.957e-4,0,0.071,1.752,1.681,-0.155,874.049,0.001,335.535,0.107,6.4,32.17
21.994,13.646,2643.189,456.9,0.262,0.003,58.478,43.169,0,0.535,0.394,0.019,0.121,0.68,4.448,10.746,4.729e-5,0,0.071,1.752,1.682,-0.105,874.082,0.001,335.537,0.107,6.4,32.17
22.002,13.902,2643.189,456.9,0.262,0.003,58.426,43.169,0,0.535,0.394,0.019,0.122,0.682,4.551,10.913,-4.176e-4,0,0.07,1.752,1.683,-0.063,874.115,0.001,335.538,0.107,6.4,32.17
22.011,14.096,2643.189,456.9,0.262,0.003,58.386,43.169,0,0.535,0.394,0.019,0.122,0.684,4.63,11.039,-2.293e-4,0,0.069,1.752,1.683,-0.031,874.148,0.001,335.539,0.108,6.4,32.17
22.02,14.212,2643.189,456.9,0.262,0.003,58.362,43.169,0,0.535,0.394,0.019,0.122,0.684,4.677,11.113,-2.456e-5,0,0.068,1.752,1.684,-0.01,874.182,0.001,335.54,0.108,6.4,32.17
22.029,14.248,2643.189,456.9,0.262,0.003,58.355,43.169,0,0.535,0.394,0.019,0.122,0.685,4.692,11.134,3.932e-4,0,0.067,1.752,1.685,-5.437e-4,874.216,0.001,335.542,0.108,6.4,32.17
22.038,14.201,2643.189,456.9,0.262,0.003,58.365,43.169,0,0.535,0.394,0.019,0.122,0.684,4.672,11.091,2.468e-4,0,0.066,1.752,1.686,0.003,874.25,0.001,335.543,0.108,6.4,32.17
22.047,14.069,2643.189,456.9,0.262,0.003,58.392,43.169,0,0.535,0.394,0.02,0.122,0.683,4.619,10.968,3.51e-4,0,0.066,1.752,1.687,0.018,874.284,0.001,335.544,0.109,6.4,32.17
22.056,13.825,2643.189,456.9,0.262,0.003,58.442,43.169,0,0.535,0.394,0.02,0.122,0.681,4.52,10.743,-1.792e-4,0,0.065,1.752,1.687,0.044,874.319,0.001,335.545,0.109,6.4,32.17
22.065,13.487,2643.189,456.9,0.262,0.003,58.512,43.169,0,0.535,0.394,0.02,0.122,0.678,4.385,10.43,-5.874e-5,0,0.064,1.752,1.688,0.081,874.355,0.001,335.547,0.109,6.4,32.17
22.075,13.069,2643.189,456.9,0.262,0.003,58.601,43.169,0,0.535,0.394,0.02,0.122,0.674,4.219,10.044,4.696e-4,0,0.064,1.752,1.689,0.127,874.39,0.001,335.548,0.109,6.4,32.17
22.084,12.574,2643.189,456.9,0.262,0.003,58.708,43.169,0,0.536,0.394,0.02,0.122,0.669,4.024,9.589,-1.129e-4,0,0.063,1.752,1.689,0.182,874.426,0.001,335.549,0.109,6.4,32.17
22.093,12.004,2643.189,456.9,0.262,0.003,58.834,43.169,0,0.536,0.394,0.02,0.122,0.663,3.804,9.069,3.729e-4,0,0.062,1.752,1.69,0.242,874.462,0.001,335.551,0.11,6.4,32.17
22.103,11.374,2643.189,456.9,0.262,0.003,58.978,43.169,0,0.536,0.394,0.02,0.122,0.655,3.564,8.496,-4.837e-4,0,0.062,1.752,1.69,0.307,874.498,0.001,335.552,0.11,6.4,32.17
22.112,10.694,2643.189,456.9,0.262,0.003,59.137,43.169,0,0.536,0.394,0.02,0.122,0.646,3.31,7.878,4.022e-5,0,0.062,1.752,1.691,0.381,874.535,0.001,335.553,0.11,6.4,32.17
22.122,9.94,2643.189,456.9,0.262,0.003,59.32,43.169,0,0.536,0.394,0.02,0.122,0.636,3.034,7.203,5.256e-5,0,0.061,1.752,1.691,0.455,874.571,0.001,335.555,0.11,6.4,32.17
22.131,9.12,2643.189,456.9,0.262,0.003,59.527,43.169,0,0.536,0.394,0.02,0.122,0.625,2.741,6.48,-4.032e-4,0,0.061,1.752,1.692,0.526,874.608,0.001,335.556,0.111,6.4,32.17
22.141,8.239,2643.189,456.9,0.262,0.003,59.757,43.169,0,0.536,0.394,0.02,0.122,0.612,2.435,5.719,-4.793e-4,0,0.06,1.752,1.692,0.592,874.645,0.001,335.557,0.111,6.4,32.17
22.15,7.309,2643.189,456.9,0.262,0.003,60.012,43.169,0,0.536,0.394,0.02,0.122,0.599,2.121,4.933,-6.744e-5,0,0.06,1.752,1.692,0.648,874.682,0.001,335.559,0.111,6.4,32.17
22.16,6.353,2643.189,456.9,0.262,0.003,60.284,43.169,0,0.536,0.394,0.02,0.122,0.586,1.808,4.162,-2.352e-4,0,0.06,1.752,1.693,0.674,874.72,0.001,335.56,0.111,6.4,32.17
22.169,5.393,2643.189,456.9,0.262,0.003,60.571,43.169,0,0.536,0.394,0.02,0.122,0.574,1.505,3.42,2.145e-4,0,0.06,1.753,1.693,0.672,874.757,0.001,335.562,0.112,6.4,32.17
22.179,4.455,2643.189,456.9,0.262,0.003,60.864,43.169,0,0.536,0.394,0.02,0.122,0.563,1.219,2.745,7.978e-5,0,0.06,1.753,1.693,0.625,874.794,0.001,335.563,0.112,6.4,32.17
22.188,3.583,2643.189,456.9,0.262,0.003,61.148,43.169,0,0.536,0.394,0.02,0.122,0.554,0.962,2.198,2.625e-4,0,0.059,1.753,1.693,0.504,874.831,0.001,335.564,0.112,6.4,32.17
22.198,2.861,2643.189,456.9,0.262,0.003,61.393,43.169,0,0.536,0.394,0.02,0.122,0.548,0.756,1.873,-4.407e-5,0,0.059,1.753,1.693,0.281,874.869,0.001,335.566,0.112,6.4,32.17
22.207,2.384,2643.189,456.9,0.262,0.003,61.56,43.169,0,0.536,0.394,0.02,0.122,0.544,0.623,1.755,2.878e-4,0,0.059,1.753,1.694,0.036,874.906,0.001,335.567,0.113,6.4,32.17
22.216,2.367,2643.189,456.9,0.262,0.003,61.566,43.169,0,0.536,0.394,0.02,0.122,0.544,0.619,1.85,4.373e-4,0,0.059,1.753,1.694,-0.071,874.944,0.001,335.568,0.113,6.4,32.17
22.226,2.841,2643.189,456.9,0.262,0.003,61.4,43.169,0,0.536,0.394,0.02,0.122,0.548,0.75,2.496,4.96e-4,0,0.059,1.753,1.694,-0.359,874.981,0.001,335.57,0.113,6.4,32.17
22.235,3.609,2643.189,456.9,0.262,0.003,61.14,43.169,0,0.536,0.394,0.02,0.122,0.554,0.969,3.295,-4.072e-4,0,0.058,1.753,1.694,-0.572,875.019,0.001,335.571,0.113,6.4,32.17
22.245,4.508,2643.189,456.9,0.262,0.003,60.848,43.169,0,0.536,0.394,0.02,0.122,0.564,1.235,4.077,5.15e-5,0,0.058,1.753,1.694,-0.666,875.056,0.001,335.573,0.114,6.4,32.17
22.254,5.451,2643.189,456.9,0.262,0.003,60.554,43.169,0,0.536,0.394,0.02,0.122,0.575,1.523,4.821,-3.991e-4,0,0.058,1.753,1.695,-0.683,875.094,0.001,335.574,0.114,6.4,32.17
22.263,6.382,2643.189,456.9,0.262,0.003,60.277,43.169,0,0.536,0.394,0.02,0.122,0.587,1.818,5.515,-9.276e-5,0,0.058,1.753,1.695,-0.656,875.131,0.001,335.575,0.114,6.4,32.17
22.273,7.284,2643.189,456.9,0.262,0.003,60.019,43.169,0,0.536,0.394,0.02,0.122,0.599,2.112,6.17,-5.224e-5,0,0.057,1.753,1.695,-0.608,875.169,0.001,335.577,0.114,6.4,32.17
22.282,8.142,2643.189,456.9,0.262,0.003,59.784,43.169,0,0.536,0.394,0.02,0.122,0.611,2.402,6.782,-3.863e-6,0,0.057,1.753,1.696,-0.546,875.207,0.001,335.578,0.115,6.4,32.17
22.292,8.948,2643.189,456.9,0.262,0.003,59.572,43.169,0,0.536,0.394,0.02,0.122,0.623,2.681,7.348,2.379e-4,0,0.057,1.753,1.696,-0.477,875.245,0.001,335.58,0.115,6.4,32.17
22.301,9.695,2643.189,456.9,0.262,0.003,59.383,43.169,0,0.536,0.394,0.02,0.122,0.633,2.946,7.867,2.866e-4,0,0.056,1.753,1.696,-0.405,875.283,0.001,335.581,0.115,6.4,32.17
22.31,10.392,2643.189,456.9,0.262,0.003,59.211,43.169,0,0.536,0.394,0.02,0.122,0.643,3.199,8.351,1.193e-4,0,0.056,1.753,1.697,-0.333,875.321,0.001,335.582,0.115,6.4,32.17
22.32,11.018,2643.189,456.9,0.262,0.003,59.062,43.169,0,0.536,0.394,0.02,0.122,0.651,3.431,8.782,2.013e-4,0,0.056,1.753,1.697,-0.262,875.36,0.001,335.584,0.116,6.4,32.17
22.329,11.566,2643.189,456.9,0.262,0.003,58.935,43.169,0,0.536,0.394,0.02,0.122,0.658,3.637,9.155,-1.795e-4,0,0.055,1.753,1.698,-0.196,875.399,0.001,335.585,0.116,6.4,32.17
22.339,12.029,2643.189,456.9,0.262,0.003,58.831,43.169,0,0.536,0.394,0.02,0.122,0.664,3.813,9.468,-1.013e-4,0,0.055,1.753,1.698,-0.136,875.438,0.001,335.587,0.116,6.4,32.17
22.349,12.402,2643.189,456.9,0.262,0.003,58.748,43.169,0,0.536,0.394,0.02,0.122,0.668,3.958,9.719,-1.978e-4,0,0.054,1.753,1.699,-0.085,875.477,0.001,335.588,0.116,6.4,32.17
22.358,12.665,2643.189,456.9,0.262,0.003,58.69,43.169,0,0.536,0.394,0.02,0.122,0.671,4.06,9.892,-8.147e-5,0,0.054,1.753,1.699,-0.045,875.517,0.001,335.59,0.117,6.4,32.17
22.368,12.827,2643.189,456.9,0.262,0.003,58.655,43.169,0,0.536,0.394,0.02,0.122,0.673,4.124,9.995,2.121e-5,0,0.053,1.753,1.7,-0.017,875.556,0.001,335.591,0.117,6.4,32.17
22.378,12.887,2643.189,456.9,0.262,0.003,58.642,43.169,0,0.536,0.394,0.02,0.122,0.673,4.147,10.029,-3.099e-4,0,0.053,1.753,1.7,-0.002,875.596,0.001,335.593,0.117,6.4,32.17
22.387,12.843,2643.189,456.9,0.262,0.003,58.652,43.169,0,0.536,0.394,0.02,0.122,0.673,4.13,9.99,3.083e-4,0,0.052,1.753,1.701,0.001,875.637,0.001,335.594,0.117,6.4,32.17
22.397,12.694,2643.189,456.9,0.262,0.003,58.684,43.169,0,0.536,0.394,0.02,0.122,0.671,4.071,9.856,4.042e-4,0,0.052,1.753,1.701,0.014,875.677,0.001,335.596,0.117,6.4,32.17
22.407,12.462,2643.189,456.9,0.262,0.003,58.735,43.169,0,0.536,0.394,0.02,0.122,0.669,3.981,9.642,3.588e-4,0,0.051,1.753,1.701,0.041,875.718,0.001,335.597,0.118,6.4,32.17
22.417,12.135,2643.189,456.9,0.262,0.003,58.807,43.169,0,0.536,0.394,0.02,0.122,0.665,3.854,9.337,-2.522e-4,0,0.051,1.753,1.702,0.081,875.759,0.001,335.599,0.118,6.4,32.17
22.427,11.703,2643.189,456.9,0.262,0.003,58.905,43.169,0,0.536,0.394,0.02,0.122,0.66,3.689,8.939,-1.63e-4,0,0.051,1.753,1.702,0.132,875.801,0.001,335.6,0.118,6.4,32.17
22.437,11.171,2643.189,456.9,0.262,0.003,59.027,43.169,0,0.536,0.394,0.02,0.122,0.653,3.488,8.45,2.626e-6,0,0.05,1.753,1.703,0.192,875.842,0.001,335.602,0.118,6.4,32.17
22.447,10.542,2643.189,456.9,0.262,0.003,59.176,43.169,0,0.536,0.394,0.02,0.122,0.645,3.254,7.879,9.346e-5,0,0.05,1.753,1.703,0.26,875.884,0.001,335.603,0.119,6.4,32.17
22.457,9.788,2643.189,456.9,0.262,0.003,59.361,43.169,0,0.536,0.394,0.02,0.122,0.635,2.979,7.209,6.733e-6,0,0.05,1.753,1.703,0.328,875.926,0.001,335.605,0.119,6.4,32.17
22.467,8.945,2643.189,456.9,0.262,0.003,59.574,43.169,0,0.536,0.394,0.02,0.122,0.623,2.68,6.476,-4.298e-6,0,0.05,1.753,1.703,0.394,875.968,0.001,335.606,0.119,6.4,32.17
22.477,8.043,2643.189,456.9,0.262,0.003,59.813,43.169,0,0.536,0.394,0.02,0.122,0.61,2.368,5.705,4.792e-4,0,0.05,1.753,1.703,0.454,876.01,0.001,335.608,0.119,6.4,32.17
22.487,7.096,2643.189,456.9,0.262,0.003,60.074,43.169,0,0.536,0.394,0.02,0.122,0.597,2.05,4.913,3.723e-4,0,0.049,1.753,1.704,0.503,876.052,0.001,335.61,0.12,6.4,32.17
22.497,6.12,2643.189,456.9,0.262,0.003,60.355,43.169,0,0.536,0.394,0.02,0.122,0.584,1.734,4.122,2.083e-4,0,0.049,1.753,1.704,0.534,876.094,0.001,335.611,0.12,6.4,32.17
22.507,5.143,2643.189,456.9,0.262,0.003,60.65,43.169,0,0.536,0.394,0.02,0.122,0.572,1.428,3.353,-4.298e-4,0,0.049,1.753,1.704,0.547,876.136,0.001,335.613,0.12,6.4,32.17
22.517,4.173,2643.189,456.9,0.262,0.003,60.957,43.169,0,0.536,0.394,0.02,0.122,0.561,1.135,2.629,-3.969e-4,0,0.049,1.753,1.704,0.526,876.178,0.001,335.614,0.12,6.4,32.17
22.526,3.249,2643.189,456.9,0.262,0.003,61.263,43.169,0,0.536,0.394,0.02,0.122,0.552,0.866,2.012,-3.749e-4,0,0.049,1.753,1.704,0.437,876.22,0.001,335.616,0.121,6.4,32.17
22.536,2.466,2643.189,456.9,0.262,0.003,61.533,43.169,0,0.536,0.394,0.02,0.122,0.546,0.646,1.618,1.079e-4,0,0.049,1.753,1.704,0.237,876.262,0.001,335.617,0.121,6.4,32.17
22.546,2.029,2643.189,456.9,0.262,0.003,61.689,43.169,0,0.536,0.394,0.02,0.122,0.543,0.526,1.512,-4.545e-4,0,0.049,1.753,1.704,0.011,876.304,0.001,335.619,0.121,6.4,32.17
22.556,2.193,2643.189,456.9,0.262,0.003,61.63,43.169,0,0.536,0.394,0.02,0.122,0.544,0.571,1.773,-1.94e-5,0,0.049,1.753,1.704,-0.125,876.345,0.001,335.62,0.122,6.4,32.17
22.565,2.841,2643.189,456.9,0.262,0.003,61.403,43.169,0,0.537,0.394,0.02,0.122,0.548,0.751,2.508,2.096e-4,0,0.049,1.753,1.704,-0.369,876.387,0.001,335.622,0.122,6.4,32.17
22.575,3.694,2643.189,456.9,0.262,0.003,61.115,43.169,0,0.537,0.394,0.02,0.122,0.556,0.994,3.283,-6.66e-5,0,0.049,1.753,1.704,-0.494,876.429,0.001,335.623,0.122,6.4,32.17
22.585,4.611,2643.189,456.9,0.262,0.003,60.818,43.169,0,0.537,0.394,0.02,0.122,0.566,1.266,4.022,3.759e-4,0,0.049,1.753,1.704,-0.531,876.471,0.001,335.625,0.122,6.4,32.17
22.595,5.531,2643.189,456.9,0.262,0.003,60.532,43.169,0,0.537,0.394,0.02,0.122,0.577,1.548,4.721,1.379e-4,0,0.049,1.753,1.705,-0.52,876.512,0.001,335.627,0.123,6.4,32.17
22.604,6.422,2643.189,456.9,0.262,0.003,60.268,43.169,0,0.537,0.394,0.02,0.122,0.588,1.831,5.376,3.069e-4,0,0.048,1.753,1.705,-0.484,876.554,0.001,335.628,0.123,6.4,32.17
22.614,7.268,2643.189,456.9,0.262,0.003,60.027,43.169,0,0.537,0.394,0.02,0.122,0.6,2.107,5.984,9.258e-5,0,0.048,1.753,1.705,-0.434,876.596,0.001,335.63,0.123,6.4,32.17
22.623,8.056,2643.189,456.9,0.262,0.003,59.81,43.169,0,0.537,0.394,0.02,0.122,0.611,2.372,6.544,-4.94e-4,0,0.048,1.753,1.705,-0.374,876.638,0.001,335.631,0.123,6.4,32.17
22.633,8.775,2643.189,456.9,0.262,0.003,59.62,43.169,0,0.537,0.394,0.02,0.122,0.621,2.621,7.048,-1.459e-4,0,0.048,1.753,1.706,-0.311,876.68,0.001,335.633,0.124,6.4,32.17
22.643,9.419,2643.189,456.9,0.262,0.003,59.455,43.169,0,0.537,0.394,0.02,0.122,0.63,2.848,7.494,6.756e-5,0,0.047,1.753,1.706,-0.248,876.722,0.001,335.634,0.124,6.4,32.17
22.652,9.979,2643.189,456.9,0.262,0.003,59.315,43.169,0,0.537,0.394,0.02,0.122,0.638,3.049,7.879,1.317e-4,0,0.047,1.753,1.706,-0.187,876.764,0.001,335.636,0.124,6.4,32.17
22.662,10.449,2643.189,456.9,0.262,0.003,59.2,43.169,0,0.537,0.394,0.02,0.122,0.644,3.22,8.199,1.408e-4,0,0.047,1.753,1.707,-0.132,876.807,0.001,335.637,0.124,6.4,32.17
22.672,10.824,2643.189,456.9,0.262,0.003,59.111,43.169,0,0.537,0.394,0.02,0.122,0.649,3.359,8.45,-2.555e-4,0,0.046,1.753,1.707,-0.084,876.85,0.001,335.639,0.125,6.4,32.17
22.682,11.099,2643.189,456.9,0.262,0.003,59.046,43.169,0,0.537,0.394,0.02,0.122,0.653,3.461,8.633,6.268e-6,0,0.046,1.753,1.707,-0.046,876.893,0.001,335.641,0.125,6.4,32.17
22.692,11.272,2643.189,456.9,0.262,0.003,59.006,43.169,0,0.537,0.394,0.02,0.122,0.655,3.526,8.744,-5.694e-5,0,0.046,1.753,1.708,-0.019,876.936,0.001,335.642,0.125,6.4,32.17
22.701,11.342,2643.189,456.9,0.262,0.003,58.99,43.169,0,0.537,0.394,0.021,0.122,0.656,3.552,8.785,2.663e-4,0,0.045,1.753,1.708,-0.003,876.98,0.001,335.644,0.125,6.4,32.17
22.711,11.328,2643.189,456.9,0.262,0.003,58.993,43.169,0,0.537,0.394,0.021,0.122,0.656,3.547,8.77,9.314e-5,0,0.045,1.753,1.708,4.139e-4,877.024,0.001,335.646,0.125,6.4,32.17
22.721,11.208,2643.189,456.9,0.262,0.003,59.021,43.169,0,0.537,0.394,0.021,0.122,0.655,3.502,8.665,-3.52e-4,0,0.045,1.753,1.709,0.01,877.068,0.001,335.647,0.126,6.4,32.17
22.731,10.982,2643.189,456.9,0.262,0.003,59.074,43.169,0,0.537,0.394,0.021,0.122,0.652,3.418,8.463,2.234e-4,0,0.044,1.753,1.709,0.031,877.112,0.001,335.649,0.126,6.4,32.17
22.741,10.652,2643.189,456.9,0.262,0.003,59.152,43.169,0,0.537,0.394,0.021,0.122,0.647,3.295,8.166,-7.979e-5,0,0.044,1.753,1.709,0.063,877.157,0.001,335.65,0.126,6.4,32.17
22.751,10.213,2643.189,456.9,0.262,0.003,59.258,43.169,0,0.537,0.394,0.021,0.122,0.641,3.134,7.774,-6.378e-5,0,0.044,1.753,1.71,0.104,877.202,0.001,335.652,0.126,6.4,32.17
22.761,9.627,2643.189,456.9,0.262,0.003,59.403,43.169,0,0.537,0.394,0.021,0.122,0.633,2.922,7.26,4.233e-4,0,0.043,1.753,1.71,0.152,877.247,0.001,335.654,0.127,6.4,32.17
22.771,8.955,2643.189,456.9,0.262,0.003,59.574,43.169,0,0.537,0.394,0.021,0.122,0.624,2.684,6.677,1.817e-4,0,0.043,1.753,1.71,0.203,877.292,0.001,335.655,0.127,6.4,32.17
22.782,8.209,2643.189,456.9,0.262,0.003,59.77,43.169,0,0.537,0.394,0.021,0.122,0.613,2.425,6.038,-2.878e-4,0,0.043,1.753,1.71,0.252,877.337,0.001,335.657,0.127,6.4,32.17
22.792,7.404,2643.189,456.9,0.262,0.003,59.99,43.169,0,0.537,0.394,0.021,0.122,0.602,2.153,5.362,3.949e-4,0,0.043,1.753,1.71,0.297,877.383,0.001,335.659,0.127,6.4,32.17
22.802,6.563,2643.189,456.9,0.262,0.003,60.228,43.169,0,0.537,0.394,0.021,0.122,0.591,1.877,4.67,-1.864e-4,0,0.043,1.754,1.71,0.332,877.428,0.001,335.66,0.128,6.4,32.17
22.812,5.737,2643.189,456.9,0.262,0.003,60.472,43.169,0,0.537,0.394,0.021,0.122,0.58,1.613,4.002,4.97e-4,0,0.043,1.754,1.711,0.358,877.473,0.001,335.662,0.128,6.4,32.17
22.822,4.892,2643.189,456.9,0.262,0.003,60.731,43.169,0,0.537,0.394,0.021,0.122,0.569,1.351,3.345,-4.053e-4,0,0.043,1.754,1.711,0.362,877.519,0.001,335.664,0.128,6.4,32.17
22.832,4.059,2643.189,456.9,0.262,0.003,60.997,43.169,0,0.537,0.394,0.021,0.122,0.56,1.101,2.735,2.584e-4,0,0.043,1.754,1.711,0.333,877.564,0.001,335.666,0.129,6.4,32.17
22.842,3.291,2643.189,456.9,0.262,0.003,61.252,43.169,0,0.537,0.394,0.021,0.122,0.553,0.878,2.229,-2.529e-4,0,0.043,1.754,1.711,0.252,877.609,0.001,335.667,0.129,6.4,32.17
22.852,2.681,2643.189,456.9,0.262,0.003,61.461,43.169,0,0.537,0.394,0.021,0.122,0.548,0.706,1.905,-4.732e-4,0,0.043,1.754,1.711,0.112,877.654,0.001,335.669,0.129,6.4,32.17
22.861,2.399,2643.189,456.9,0.262,0.003,61.56,43.169,0,0.537,0.394,0.021,0.122,0.546,0.628,1.802,-1.171e-4,0,0.043,1.754,1.711,0.002,877.699,0.001,335.671,0.129,6.4,32.17
22.871,2.557,2643.189,456.9,0.262,0.003,61.504,43.169,0,0.537,0.394,0.021,0.122,0.547,0.671,1.997,-1.831e-4,0,0.043,1.754,1.711,-0.073,877.744,0.001,335.672,0.13,6.4,32.17
22.881,3.075,2643.189,456.9,0.262,0.003,61.325,43.169,0,0.537,0.394,0.021,0.122,0.551,0.817,2.539,2.441e-4,0,0.043,1.754,1.711,-0.221,877.79,0.001,335.674,0.13,6.4,32.17
22.891,3.787,2643.189,456.9,0.262,0.003,61.087,43.169,0,0.537,0.394,0.021,0.122,0.558,1.021,3.177,-2.352e-4,0,0.042,1.754,1.711,-0.318,877.835,0.001,335.676,0.13,6.4,32.17
22.901,4.575,2643.189,456.9,0.262,0.003,60.832,43.169,0,0.537,0.394,0.021,0.122,0.566,1.255,3.819,-4.741e-4,0,0.042,1.754,1.711,-0.355,877.88,0.001,335.677,0.13,6.4,32.17
22.91,5.372,2643.189,456.9,0.262,0.003,60.583,43.169,0,0.537,0.394,0.021,0.122,0.575,1.499,4.434,-5.536e-5,0,0.042,1.754,1.711,-0.355,877.925,0.001,335.679,0.131,6.4,32.17
22.92,6.154,2643.189,456.9,0.262,0.003,60.349,43.169,0,0.537,0.394,0.021,0.122,0.585,1.745,5.016,3.124e-4,0,0.042,1.754,1.712,-0.332,877.97,0.001,335.681,0.131,6.4,32.17
22.93,6.898,2643.189,456.9,0.262,0.003,60.134,43.169,0,0.537,0.394,0.021,0.122,0.595,1.986,5.559,-4.509e-4,0,0.042,1.754,1.712,-0.295,878.015,0.001,335.682,0.131,6.4,32.17
22.94,7.589,2643.189,456.9,0.262,0.003,59.94,43.169,0,0.537,0.394,0.021,0.122,0.605,2.215,6.055,-3.733e-4,0,0.042,1.754,1.712,-0.251,878.06,0.001,335.684,0.131,6.4,32.17
22.95,8.214,2643.189,456.9,0.262,0.003,59.771,43.169,0,0.537,0.394,0.021,0.122,0.614,2.427,6.499,4.329e-4,0,0.041,1.754,1.712,-0.203,878.106,0.001,335.686,0.132,6.4,32.17
22.959,8.76,2643.189,456.9,0.262,0.003,59.627,43.169,0,0.537,0.394,0.021,0.122,0.622,2.616,6.876,9.3e-5,0,0.041,1.754,1.713,-0.15,878.152,0.001,335.687,0.132,6.4,32.17
22.969,9.206,2643.189,456.9,0.262,0.003,59.512,43.169,0,0.537,0.394,0.021,0.122,0.628,2.772,7.182,1.997e-5,0,0.041,1.754,1.713,-0.103,878.197,0.001,335.689,0.132,6.4,32.17
22.979,9.547,2643.189,456.9,0.262,0.003,59.425,43.169,0,0.537,0.394,0.021,0.122,0.633,2.894,7.412,2.13e-4,0,0.041,1.754,1.713,-0.062,878.243,0.001,335.691,0.132,6.4,32.17
22.989,9.779,2643.189,456.9,0.262,0.003,59.367,43.169,0,0.537,0.394,0.021,0.122,0.636,2.977,7.566,-4.269e-4,0,0.04,1.754,1.713,-0.031,878.29,0.001,335.692,0.133,6.4,32.17
22.999,9.9,2643.189,456.9,0.262,0.003,59.337,43.169,0,0.537,0.394,0.021,0.122,0.638,3.021,7.642,2.553e-4,0,0.04,1.754,1.714,-0.011,878.336,0.001,335.694,0.133,6.4,32.17
23.009,9.906,2643.189,456.9,0.262,0.003,59.336,43.169,0,0.537,0.394,0.021,0.122,0.638,3.023,7.637,3.28e-4,0,0.04,1.754,1.714,-7.567e-4,878.383,0.001,335.696,0.133,6.4,32.17
23.019,9.798,2643.189,456.9,0.262,0.003,59.363,43.169,0,0.538,0.394,0.021,0.122,0.636,2.984,7.548,2.577e-4,0,0.04,1.754,1.714,0.002,878.43,0.001,335.698,0.133,6.4,32.17
23.029,9.579,2643.189,456.9,0.262,0.003,59.418,43.169,0,0.538,0.394,0.021,0.122,0.633,2.905,7.362,-1.039e-5,0,0.039,1.754,1.715,0.014,878.477,0.001,335.699,0.134,6.4,32.17
23.039,9.254,2643.189,456.9,0.262,0.003,59.5,43.169,0,0.538,0.394,0.021,0.122,0.629,2.789,7.082,-3.568e-4,0,0.039,1.754,1.715,0.035,878.524,0.001,335.701,0.134,6.4,32.17
23.049,8.828,2643.189,456.9,0.262,0.003,59.61,43.169,0,0.538,0.394,0.021,0.122,0.623,2.64,6.717,9.221e-5,0,0.039,1.754,1.715,0.064,878.572,0.001,335.703,0.134,6.4,32.17
23.059,8.344,2643.189,456.9,0.262,0.003,59.737,43.169,0,0.538,0.394,0.021,0.122,0.616,2.472,6.303,-5.087e-5,0,0.039,1.754,1.715,0.096,878.62,0.001,335.705,0.134,6.4,32.17
23.069,7.787,2643.189,456.9,0.262,0.003,59.887,43.169,0,0.538,0.394,0.021,0.122,0.608,2.282,5.83,-2.772e-4,0,0.039,1.754,1.715,0.13,878.667,0.001,335.706,0.135,6.4,32.17
23.079,7.163,2643.189,456.9,0.262,0.003,60.06,43.169,0,0.538,0.394,0.021,0.122,0.599,2.073,5.308,1.698e-4,0,0.039,1.754,1.715,0.163,878.715,0.001,335.708,0.135,6.4,32.17
23.089,6.487,2643.189,456.9,0.262,0.003,60.253,43.169,0,0.538,0.394,0.021,0.122,0.59,1.852,4.754,1.078e-4,0,0.038,1.754,1.716,0.19,878.763,0.001,335.71,0.135,6.4,32.17
23.099,5.778,2643.189,456.9,0.262,0.003,60.462,43.169,0,0.538,0.394,0.021,0.122,0.581,1.626,4.187,2.119e-4,0,0.038,1.754,1.716,0.207,878.811,0.001,335.712,0.135,6.4,32.17
23.109,5.088,2643.189,456.9,0.262,0.003,60.673,43.169,0,0.538,0.394,0.021,0.122,0.572,1.411,3.65,-4.377e-4,0,0.038,1.754,1.716,0.21,878.859,0.001,335.713,0.136,6.4,32.17
23.119,4.417,2643.189,456.9,0.262,0.003,60.884,43.169,0,0.538,0.394,0.021,0.122,0.565,1.208,3.153,-3.637e-5,0,0.038,1.754,1.716,0.191,878.907,0.001,335.715,0.136,6.4,32.17
23.129,3.803,2643.189,456.9,0.262,0.003,61.084,43.169,0,0.538,0.394,0.021,0.122,0.558,1.026,2.727,3.042e-4,0,0.038,1.754,1.716,0.147,878.955,0.001,335.717,0.136,6.4,32.17
23.139,3.305,2643.189,456.9,0.262,0.003,61.25,43.169,0,0.538,0.394,0.021,0.122,0.554,0.882,2.415,4.771e-4,0,0.038,1.754,1.716,0.077,879.003,0.001,335.719,0.136,6.4,32.17
23.149,3.003,2643.189,456.9,0.262,0.003,61.352,43.169,0,0.538,0.394,0.021,0.122,0.551,0.796,2.249,-3.702e-4,0,0.038,1.754,1.716,0.014,879.052,0.001,335.721,0.137,6.4,32.17
23.159,2.976,2643.189,456.9,0.262,0.003,61.362,43.169,0,0.538,0.394,0.021,0.122,0.551,0.789,2.249,-2.362e-4,0,0.038,1.754,1.716,-0.007,879.1,0.001,335.722,0.137,6.4,32.17
23.169,3.233,2643.189,456.9,0.262,0.003,61.274,43.169,0,0.538,0.394,0.021,0.122,0.553,0.862,2.502,-4.642e-5,0,0.038,1.754,1.716,-0.065,879.148,0.001,335.724,0.137,6.4,32.17
23.178,3.697,2643.189,456.9,0.262,0.003,61.119,43.169,0,0.538,0.394,0.021,0.122,0.557,0.996,2.926,-2.967e-4,0,0.038,1.754,1.716,-0.133,879.196,0.001,335.726,0.137,6.4,32.17
23.188,4.279,2643.189,456.9,0.262,0.003,60.929,43.169,0,0.538,0.394,0.021,0.122,0.563,1.167,3.416,2.118e-4,0,0.038,1.754,1.717,-0.178,879.244,0.001,335.728,0.138,6.4,32.17
23.198,4.91,2643.189,456.9,0.262,0.003,60.729,43.169,0,0.538,0.394,0.021,0.122,0.571,1.357,3.919,-4.345e-4,0,0.038,1.754,1.717,-0.195,879.292,0.001,335.73,0.138,6.4,32.17
23.208,5.551,2643.189,456.9,0.262,0.003,60.532,43.169,0,0.538,0.394,0.021,0.122,0.578,1.555,4.409,1.28e-4,0,0.037,1.754,1.717,-0.191,879.34,0.001,335.731,0.138,6.4,32.17
23.218,6.167,2643.189,456.9,0.262,0.003,60.348,43.169,0,0.538,0.394,0.021,0.122,0.586,1.749,4.869,-3.537e-4,0,0.037,1.754,1.717,-0.173,879.388,0.001,335.733,0.138,6.4,32.17
23.228,6.737,2643.189,456.9,0.262,0.003,60.182,43.169,0,0.538,0.394,0.021,0.123,0.594,1.933,5.286,-1.568e-4,0,0.037,1.754,1.717,-0.146,879.436,0.001,335.735,0.139,6.4,32.17
23.237,7.246,2643.189,456.9,0.262,0.003,60.038,43.169,0,0.538,0.394,0.021,0.123,0.601,2.101,5.654,-4.843e-4,0,0.037,1.754,1.717,-0.116,879.484,0.001,335.737,0.139,6.4,32.17
23.247,7.684,2643.189,456.9,0.262,0.003,59.917,43.169,0,0.538,0.394,0.021,0.123,0.607,2.247,5.966,4.082e-4,0,0.037,1.754,1.718,-0.085,879.533,0.001,335.738,0.139,6.4,32.17
23.257,8.036,2643.189,456.9,0.262,0.003,59.821,43.169,0,0.538,0.394,0.021,0.123,0.612,2.366,6.214,3.804e-4,0,0.036,1.754,1.718,-0.057,879.582,0.001,335.74,0.139,6.4,32.17
23.267,8.303,2643.189,456.9,0.262,0.003,59.75,43.169,0,0.538,0.394,0.021,0.123,0.616,2.458,6.401,-3.601e-4,0,0.036,1.754,1.718,-0.034,879.631,0.001,335.742,0.14,6.4,32.17
23.277,8.484,2643.189,456.9,0.262,0.003,59.702,43.169,0,0.538,0.394,0.021,0.123,0.619,2.52,6.526,5.846e-5,0,0.036,1.754,1.718,-0.016,879.68,0.001,335.744,0.14,6.4,32.17
23.287,8.574,2643.189,456.9,0.262,0.003,59.678,43.169,0,0.538,0.394,0.021,0.123,0.62,2.551,6.586,-1.59e-4,0,0.036,1.754,1.719,-0.004,879.73,0.001,335.746,0.14,6.4,32.17
23.297,8.573,2643.189,456.9,0.262,0.003,59.679,43.169,0,0.538,0.394,0.021,0.123,0.62,2.551,6.581,6.838e-5,0,0.035,1.754,1.719,-2.076e-5,879.779,0.001,335.748,0.14,6.4,32.17
23.307,8.471,2643.189,456.9,0.262,0.003,59.706,43.169,0,0.538,0.394,0.022,0.123,0.618,2.516,6.496,-1.18e-4,0,0.035,1.754,1.719,0.003,879.829,0.001,335.749,0.141,6.4,32.17
23.317,8.265,2643.189,456.9,0.262,0.003,59.76,43.169,0,0.538,0.394,0.022,0.123,0.616,2.445,6.324,3.305e-4,0,0.035,1.754,1.719,0.014,879.88,0.001,335.751,0.141,6.4,32.17
23.327,7.964,2643.189,456.9,0.262,0.003,59.841,43.169,0,0.538,0.394,0.022,0.123,0.611,2.342,6.07,1.478e-4,0,0.035,1.754,1.72,0.031,879.93,0.001,335.753,0.141,6.4,32.17
23.337,7.573,2643.189,456.9,0.262,0.003,59.948,43.169,0,0.538,0.394,0.022,0.123,0.606,2.21,5.741,-1.768e-5,0,0.035,1.754,1.72,0.053,879.981,0.001,335.755,0.141,6.4,32.17
23.347,7.104,2643.189,456.9,0.262,0.003,60.079,43.169,0,0.538,0.394,0.022,0.123,0.599,2.054,5.35,-1.535e-4,0,0.035,1.754,1.72,0.077,880.031,0.001,335.757,0.142,6.4,32.17
23.358,6.574,2643.189,456.9,0.262,0.003,60.23,43.169,0,0.538,0.394,0.022,0.123,0.592,1.881,4.915,-1.932e-4,0,0.034,1.754,1.72,0.099,880.082,0.001,335.759,0.142,6.4,32.17
23.368,5.999,2643.189,456.9,0.262,0.003,60.399,43.169,0,0.538,0.394,0.022,0.123,0.584,1.696,4.449,1.823e-4,0,0.034,1.755,1.72,0.116,880.133,0.001,335.761,0.142,6.4,32.17
23.378,5.396,2643.189,456.9,0.262,0.003,60.581,43.169,0,0.538,0.394,0.022,0.123,0.577,1.507,3.974,-2.261e-4,0,0.034,1.755,1.72,0.125,880.184,0.001,335.763,0.142,6.4,32.17
23.388,4.793,2643.189,456.9,0.262,0.003,60.767,43.169,0,0.538,0.394,0.022,0.123,0.57,1.322,3.514,-1.092e-4,0,0.034,1.755,1.72,0.12,880.235,0.001,335.764,0.143,6.4,32.17
23.398,4.229,2643.189,456.9,0.262,0.003,60.947,43.169,0,0.538,0.394,0.022,0.123,0.563,1.152,3.102,1.959e-4,0,0.034,1.755,1.72,0.098,880.286,0.001,335.766,0.143,6.4,32.17
23.408,3.765,2643.189,456.9,0.262,0.003,61.099,43.169,0,0.538,0.394,0.022,0.123,0.559,1.015,2.784,-3.614e-4,0,0.034,1.755,1.72,0.061,880.337,0.001,335.768,0.143,6.4,32.17
23.418,3.445,2643.189,456.9,0.262,0.003,61.205,43.169,0,0.538,0.394,0.022,0.123,0.556,0.923,2.58,-4.905e-6,0,0.034,1.755,1.72,0.021,880.388,0.001,335.77,0.143,6.4,32.17
23.428,3.317,2643.189,456.9,0.262,0.003,61.248,43.169,0,0.538,0.394,0.022,0.123,0.555,0.886,2.502,-2.148e-4,0,0.034,1.755,1.721,1.496e-4,880.439,0.001,335.772,0.144,6.4,32.17
23.438,3.402,2643.189,456.9,0.262,0.003,61.22,43.169,0,0.538,0.394,0.022,0.123,0.555,0.91,2.582,-4.143e-4,0,0.034,1.755,1.721,-0.014,880.49,0.001,335.774,0.144,6.4,32.17
23.448,3.675,2643.189,456.9,0.262,0.003,61.129,43.169,0,0.539,0.394,0.022,0.123,0.558,0.989,2.827,9.123e-6,0,0.034,1.755,1.721,-0.05,880.54,0.001,335.776,0.144,6.4,32.17
23.458,4.073,2643.189,456.9,0.262,0.003,60.998,43.169,0,0.539,0.394,0.022,0.123,0.562,1.106,3.165,-1.315e-4,0,0.034,1.755,1.721,-0.085,880.591,0.001,335.778,0.145,6.4,32.17
23.468,4.54,2643.189,456.9,0.262,0.003,60.848,43.169,0,0.539,0.394,0.022,0.123,0.567,1.245,3.545,2.963e-4,0,0.034,1.755,1.721,-0.106,880.642,0.001,335.78,0.145,6.4,32.17
23.478,5.034,2643.189,456.9,0.262,0.003,60.693,43.169,0,0.539,0.394,0.022,0.123,0.573,1.395,3.933,-1.613e-4,0,0.034,1.755,1.721,-0.112,880.693,0.001,335.781,0.145,6.4,32.17
23.488,5.524,2643.189,456.9,0.262,0.003,60.543,43.169,0,0.539,0.394,0.022,0.123,0.579,1.547,4.306,-2.072e-4,0,0.033,1.755,1.721,-0.107,880.744,0.001,335.783,0.145,6.4,32.17
23.497,5.987,2643.189,456.9,0.262,0.003,60.404,43.169,0,0.539,0.394,0.022,0.123,0.585,1.692,4.652,3.078e-4,0,0.033,1.755,1.722,-0.094,880.796,0.001,335.785,0.146,6.4,32.17
23.507,6.391,2643.189,456.9,0.262,0.003,60.285,43.169,0,0.539,0.394,0.022,0.123,0.59,1.822,4.949,1.979e-5,0,0.033,1.755,1.722,-0.077,880.847,0.001,335.787,0.146,6.4,32.17
23.517,6.736,2643.189,456.9,0.262,0.003,60.185,43.169,0,0.539,0.394,0.022,0.123,0.595,1.933,5.199,2.377e-4,0,0.033,1.755,1.722,-0.058,880.899,0.001,335.789,0.146,6.4,32.17
23.527,7.02,2643.189,456.9,0.262,0.003,60.105,43.169,0,0.539,0.394,0.022,0.123,0.599,2.026,5.402,-4.718e-5,0,0.033,1.755,1.722,-0.04,880.951,0.001,335.791,0.146,6.4,32.17
23.537,7.235,2643.189,456.9,0.262,0.003,60.044,43.169,0,0.539,0.394,0.022,0.123,0.602,2.098,5.555,1.888e-4,0,0.032,1.755,1.722,-0.024,881.003,0.001,335.793,0.147,6.4,32.17
23.547,7.379,2643.189,456.9,0.262,0.003,60.004,43.169,0,0.539,0.394,0.022,0.123,0.604,2.145,5.655,4.635e-4,0,0.032,1.755,1.723,-0.012,881.055,0.001,335.795,0.147,6.4,32.17
23.558,7.455,2643.189,456.9,0.262,0.003,59.983,43.169,0,0.539,0.394,0.022,0.123,0.605,2.171,5.707,3.812e-4,0,0.032,1.755,1.723,-0.004,881.108,0.001,335.797,0.147,6.4,32.17
23.568,7.454,2643.189,456.9,0.262,0.003,59.983,43.169,0,0.539,0.394,0.022,0.123,0.605,2.17,5.703,-3.751e-4,0,0.032,1.755,1.723,-9.403e-5,881.161,0.001,335.799,0.147,6.4,32.17
23.578,7.373,2643.189,456.9,0.262,0.003,60.006,43.169,0,0.539,0.394,0.022,0.123,0.604,2.143,5.637,-1.309e-4,0,0.032,1.755,1.723,0.002,881.214,0.001,335.801,0.147,6.4,32.17
23.588,7.214,2643.189,456.9,0.262,0.003,60.05,43.169,0,0.539,0.394,0.022,0.123,0.601,2.091,5.507,3.804e-4,0,0.031,1.755,1.723,0.008,881.267,0.001,335.803,0.148,6.4,32.17
23.598,6.983,2643.189,456.9,0.262,0.003,60.116,43.169,0,0.539,0.394,0.022,0.123,0.598,2.014,5.316,3.287e-4,0,0.031,1.755,1.724,0.017,881.321,0.001,335.805,0.148,6.4,32.17
23.608,6.682,2643.189,456.9,0.262,0.003,60.202,43.169,0,0.539,0.394,0.022,0.123,0.594,1.916,5.069,7.524e-5,0,0.031,1.755,1.724,0.029,881.374,0.001,335.807,0.148,6.4,32.17
23.619,6.319,2643.189,456.9,0.262,0.003,60.307,43.169,0,0.539,0.394,0.022,0.123,0.589,1.799,4.774,-4.078e-5,0,0.031,1.755,1.724,0.042,881.428,0.001,335.809,0.149,6.4,32.17
23.629,5.909,2643.189,456.9,0.262,0.003,60.428,43.169,0,0.539,0.394,0.022,0.123,0.584,1.668,4.444,3.518e-4,0,0.031,1.755,1.724,0.054,881.482,0.001,335.811,0.149,6.4,32.17
23.639,5.467,2643.189,456.9,0.262,0.003,60.561,43.169,0,0.539,0.394,0.022,0.123,0.578,1.529,4.094,-3.095e-6,0,0.031,1.755,1.724,0.061,881.536,0.001,335.813,0.149,6.4,32.17
23.649,5.015,2643.189,456.9,0.262,0.003,60.7,43.169,0,0.539,0.394,0.022,0.123,0.573,1.389,3.745,-9.173e-5,0,0.031,1.755,1.724,0.062,881.59,0.001,335.815,0.149,6.4,32.17
23.659,4.597,2643.189,456.9,0.262,0.003,60.832,43.169,0,0.539,0.394,0.022,0.123,0.568,1.262,3.429,3.43e-4,0,0.031,1.755,1.724,0.054,881.644,0.001,335.817,0.15,6.4,32.17
23.67,4.228,2643.189,456.9,0.262,0.003,60.95,43.169,0,0.539,0.394,0.022,0.123,0.564,1.152,3.162,-3.8e-4,0,0.031,1.755,1.724,0.039,881.699,0.001,335.819,0.15,6.4,32.17
23.68,3.942,2643.189,456.9,0.262,0.003,61.043,43.169,0,0.539,0.394,0.022,0.123,0.561,1.067,2.961,-1.956e-4,0,0.031,1.755,1.724,0.02,881.753,0.001,335.821,0.15,6.4,32.17
23.69,3.767,2643.189,456.9,0.262,0.003,61.101,43.169,0,0.539,0.394,0.022,0.123,0.559,1.016,2.843,-4.75e-4,0,0.031,1.755,1.725,0.005,881.807,0.001,335.823,0.15,6.4,32.17
23.7,3.725,2643.189,456.9,0.262,0.003,61.115,43.169,0,0.539,0.394,0.022,0.123,0.559,1.004,2.815,4.478e-4,0,0.031,1.755,1.725,-1.97e-4,881.861,0.001,335.825,0.151,6.4,32.17
23.71,3.811,2643.189,456.9,0.262,0.003,61.087,43.169,0,0.539,0.394,0.022,0.123,0.56,1.029,2.89,1.717e-4,0,0.03,1.755,1.725,-0.009,881.915,0.001,335.827,0.151,6.4,32.17
23.72,4.024,2643.189,456.9,0.262,0.003,61.017,43.169,0,0.539,0.394,0.022,0.123,0.562,1.092,3.07,-4.325e-4,0,0.03,1.755,1.725,-0.026,881.969,0.001,335.829,0.151,6.4,32.17
23.73,4.33,2643.189,456.9,0.262,0.003,60.918,43.169,0,0.539,0.394,0.022,0.123,0.565,1.182,3.322,-1.692e-4,0,0.03,1.755,1.725,-0.043,882.024,0.001,335.831,0.151,6.4,32.17
23.74,4.692,2643.189,456.9,0.262,0.003,60.803,43.169,0,0.539,0.394,0.022,0.123,0.569,1.291,3.61,-2.344e-4,0,0.03,1.755,1.725,-0.053,882.078,0.001,335.833,0.152,6.4,32.17
23.75,5.074,2643.189,456.9,0.262,0.003,60.683,43.169,0,0.539,0.394,0.022,0.123,0.574,1.408,3.908,7.044e-5,0,0.03,1.755,1.725,-0.056,882.132,0.001,335.835,0.152,6.4,32.17
23.761,5.463,2643.189,456.9,0.262,0.003,60.564,43.169,0,0.539,0.394,0.022,0.123,0.579,1.528,4.204,-3.539e-4,0,0.03,1.755,1.725,-0.052,882.186,0.001,335.837,0.152,6.4,32.17
23.771,5.825,2643.189,456.9,0.262,0.003,60.455,43.169,0,0.539,0.394,0.022,0.123,0.583,1.641,4.476,1.937e-4,0,0.03,1.755,1.725,-0.043,882.241,0.001,335.839,0.152,6.4,32.17
23.781,6.142,2643.189,456.9,0.262,0.003,60.361,43.169,0,0.539,0.394,0.022,0.123,0.587,1.742,4.712,-3.773e-4,0,0.03,1.755,1.726,-0.032,882.296,0.001,335.841,0.153,6.4,32.17
23.791,6.402,2643.189,456.9,0.262,0.003,60.284,43.169,0,0.539,0.394,0.022,0.123,0.591,1.825,4.902,4.035e-5,0,0.03,1.755,1.726,-0.021,882.35,0.001,335.843,0.153,6.4,32.17
23.801,6.592,2643.189,456.9,0.262,0.003,60.229,43.169,0,0.539,0.394,0.022,0.123,0.594,1.887,5.041,3.387e-4,0,0.029,1.755,1.726,-0.011,882.405,0.001,335.845,0.153,6.4,32.17
23.811,6.691,2643.189,456.9,0.262,0.003,60.201,43.169,0,0.539,0.394,0.022,0.123,0.595,1.919,5.11,-3.482e-4,0,0.029,1.755,1.726,-0.004,882.46,0.001,335.847,0.153,6.4,32.17
23.821,6.713,2643.189,456.9,0.262,0.003,60.195,43.169,0,0.539,0.394,0.022,0.123,0.595,1.926,5.125,2.011e-4,0,0.029,1.755,1.726,-3.259e-4,882.516,0.001,335.849,0.154,6.4,32.17
23.831,6.66,2643.189,456.9,0.262,0.003,60.21,43.169,0,0.539,0.394,0.022,0.123,0.595,1.909,5.082,2.986e-4,0,0.029,1.755,1.726,6.272e-4,882.571,0.001,335.851,0.154,6.4,32.17
23.842,6.532,2643.189,456.9,0.262,0.003,60.247,43.169,0,0.54,0.394,0.022,0.123,0.593,1.867,4.978,-4.721e-4,0,0.029,1.755,1.727,0.004,882.627,0.001,335.853,0.154,6.4,32.17
23.852,6.333,2643.189,456.9,0.262,0.003,60.305,43.169,0,0.54,0.394,0.023,0.123,0.59,1.803,4.817,3.72e-4,0,0.029,1.755,1.727,0.011,882.683,0.001,335.855,0.154,6.4,32.17
23.862,6.072,2643.189,456.9,0.262,0.003,60.382,43.169,0,0.54,0.394,0.023,0.123,0.587,1.72,4.607,-1.918e-4,0,0.029,1.755,1.727,0.019,882.74,0.001,335.857,0.155,6.4,32.17
23.872,5.762,2643.189,456.9,0.262,0.003,60.474,43.169,0,0.54,0.394,0.023,0.123,0.583,1.622,4.359,-3.615e-4,0,0.028,1.755,1.727,0.026,882.796,0.001,335.859,0.155,6.4,32.17
23.883,5.42,2643.189,456.9,0.262,0.003,60.578,43.169,0,0.54,0.394,0.023,0.123,0.579,1.514,4.087,-4.237e-4,0,0.028,1.756,1.727,0.032,882.852,0.001,335.861,0.155,6.4,32.17
23.893,5.061,2643.189,456.9,0.262,0.003,60.689,43.169,0,0.54,0.394,0.023,0.123,0.574,1.404,3.808,3.576e-4,0,0.028,1.756,1.727,0.034,882.909,0.001,335.863,0.155,6.4,32.17
23.903,4.71,2643.189,456.9,0.262,0.003,60.799,43.169,0,0.54,0.394,0.023,0.123,0.57,1.297,3.541,3.98e-4,0,0.028,1.756,1.727,0.031,882.966,0.001,335.866,0.156,6.4,32.17
23.913,4.396,2643.189,456.9,0.262,0.003,60.899,43.169,0,0.54,0.394,0.023,0.123,0.567,1.202,3.306,-2.371e-4,0,0.028,1.756,1.727,0.024,883.023,0.001,335.868,0.156,6.4,32.17
23.924,4.143,2643.189,456.9,0.262,0.003,60.98,43.169,0,0.54,0.394,0.023,0.123,0.564,1.127,3.122,4.717e-4,0,0.028,1.756,1.728,0.013,883.079,0.001,335.87,0.156,6.4,32.17
23.934,3.976,2643.189,456.9,0.262,0.003,61.035,43.169,0,0.54,0.394,0.023,0.123,0.562,1.078,3.004,4.064e-4,0,0.028,1.756,1.728,0.004,883.136,0.001,335.872,0.156,6.4,32.17
23.944,3.913,2643.189,456.9,0.262,0.003,61.055,43.169,0,0.54,0.394,0.023,0.123,0.562,1.059,2.96,3.412e-4,0,0.028,1.756,1.728,2.71e-5,883.193,0.001,335.874,0.157,6.4,32.17
23.954,3.947,2643.189,456.9,0.262,0.003,61.044,43.169,0,0.54,0.394,0.023,0.123,0.562,1.069,2.989,-1.336e-4,0,0.028,1.756,1.728,-0.003,883.25,0.001,335.876,0.157,6.4,32.17
23.964,4.07,2643.189,456.9,0.262,0.003,61.004,43.169,0,0.54,0.394,0.023,0.123,0.563,1.105,3.093,2.229e-4,0,0.028,1.756,1.728,-0.012,883.307,0.001,335.878,0.157,6.4,32.17
23.975,4.282,2643.189,456.9,0.262,0.003,60.936,43.169,0,0.54,0.394,0.023,0.123,0.566,1.168,3.265,3.185e-4,0,0.028,1.756,1.728,-0.022,883.364,0.001,335.88,0.157,6.4,32.17
23.985,4.555,2643.189,456.9,0.262,0.003,60.849,43.169,0,0.54,0.394,0.023,0.123,0.569,1.25,3.483,4.457e-4,0,0.028,1.756,1.728,-0.03,883.421,0.001,335.882,0.158,6.4,32.17
23.995,4.86,2643.189,456.9,0.262,0.003,60.752,43.169,0,0.54,0.394,0.023,0.123,0.572,1.342,3.721,4.693e-4,0,0.028,1.756,1.728,-0.033,883.478,0.001,335.885,0.158,6.4,32.17
24.005,5.165,2643.189,456.9,0.262,0.003,60.658,43.169,0,0.54,0.394,0.023,0.123,0.576,1.436,3.955,-4.954e-4,0,0.027,1.756,1.728,-0.031,883.536,0.001,335.887,0.158,6.4,32.17
24.015,5.44,2643.189,456.9,0.262,0.003,60.573,43.169,0,0.54,0.394,0.023,0.123,0.579,1.521,4.161,3.547e-4,0,0.027,1.756,1.729,-0.026,883.593,0.001,335.889,0.158,6.4,32.17
24.025,5.673,2643.189,456.9,0.262,0.003,60.503,43.169,0,0.54,0.394,0.023,0.123,0.582,1.594,4.334,2.273e-4,0,0.027,1.756,1.729,-0.019,883.65,0.001,335.891,0.159,6.4,32.17
24.036,5.852,2643.189,456.9,0.262,0.003,60.449,43.169,0,0.54,0.394,0.023,0.123,0.584,1.65,4.467,5e-4,0,0.027,1.756,1.729,-0.011,883.708,0.001,335.893,0.159,6.4,32.17
24.046,5.971,2643.189,456.9,0.262,0.003,60.414,43.169,0,0.54,0.394,0.023,0.123,0.586,1.688,4.553,-4.462e-4,0,0.027,1.756,1.729,-0.006,883.766,0.001,335.895,0.159,6.4,32.17
24.056,6.069,2643.189,456.9,0.262,0.003,60.385,43.169,0,0.54,0.394,0.023,0.123,0.587,1.719,4.625,-5.57e-5,0,0.027,1.756,1.729,-0.002,883.824,0.001,335.897,0.16,6.4,32.17
24.066,6.131,2643.189,456.9,0.262,0.003,60.367,43.169,0,0.54,0.394,0.023,0.123,0.588,1.739,4.672,4.301e-4,0,0.027,1.756,1.729,-2.109e-5,883.883,0.001,335.9,0.16,6.4,32.17
24.077,6.122,2643.189,456.9,0.262,0.003,60.37,43.169,0,0.54,0.394,0.023,0.123,0.588,1.736,4.664,-3.72e-4,0,0.027,1.756,1.729,0.001,883.941,0.001,335.902,0.16,6.4,32.17
24.087,6.039,2643.189,456.9,0.262,0.003,60.394,43.169,0,0.54,0.394,0.023,0.123,0.587,1.709,4.596,3.144e-4,0,0.026,1.756,1.73,0.005,884,0.001,335.904,0.16,6.4,32.17
24.097,5.881,2643.189,456.9,0.262,0.003,60.441,43.169,0,0.54,0.394,0.023,0.123,0.585,1.659,4.466,-3.57e-4,0,0.026,1.756,1.73,0.012,884.058,0.001,335.906,0.161,6.4,32.17
24.108,5.626,2643.189,456.9,0.262,0.003,60.518,43.169,0,0.54,0.394,0.023,0.123,0.582,1.579,4.262,-2.029e-4,0,0.026,1.756,1.73,0.019,884.117,0.001,335.908,0.161,6.4,32.17
24.118,5.312,2643.189,456.9,0.262,0.003,60.614,43.169,0,0.54,0.394,0.023,0.123,0.578,1.481,4.011,-1.528e-4,0,0.026,1.756,1.73,0.026,884.176,0.001,335.91,0.161,6.4,32.17
24.128,4.963,2643.189,456.9,0.262,0.003,60.722,43.169,0,0.54,0.394,0.023,0.123,0.574,1.374,3.737,-1.665e-4,0,0.026,1.756,1.73,0.031,884.236,0.001,335.913,0.161,6.4,32.17
24.139,4.601,2643.189,456.9,0.262,0.003,60.836,43.169,0,0.54,0.394,0.023,0.123,0.57,1.264,3.458,3.412e-4,0,0.026,1.756,1.73,0.031,884.295,0.001,335.915,0.162,6.4,32.17
24.149,4.253,2643.189,456.9,0.262,0.003,60.947,43.169,0,0.54,0.394,0.023,0.123,0.566,1.16,3.196,9.053e-5,0,0.026,1.756,1.73,0.025,884.354,0.001,335.917,0.162,6.4,32.17
24.159,3.949,2643.189,456.9,0.262,0.003,61.046,43.169,0,0.54,0.394,0.023,0.123,0.563,1.07,2.972,3.089e-4,0,0.026,1.756,1.73,0.016,884.414,0.001,335.919,0.162,6.4,32.17
24.169,3.724,2643.189,456.9,0.262,0.003,61.12,43.169,0,0.54,0.394,0.023,0.123,0.56,1.004,2.81,-9.379e-5,0,0.026,1.756,1.73,0.006,884.473,0.001,335.921,0.162,6.4,32.17
24.18,3.61,2643.189,456.9,0.262,0.003,61.158,43.169,0,0.541,0.394,0.023,0.123,0.559,0.971,2.729,-2.784e-4,0,0.026,1.756,1.73,7.139e-5,884.533,0.001,335.924,0.163,6.4,32.17
24.19,3.626,2643.189,456.9,0.262,0.003,61.153,43.169,0,0.541,0.394,0.023,0.123,0.56,0.975,2.745,3.625e-4,0,0.026,1.756,1.731,-0.004,884.592,0.001,335.926,0.163,6.4,32.17
24.2,3.77,2643.189,456.9,0.262,0.003,61.105,43.169,0,0.541,0.394,0.023,0.123,0.561,1.017,2.866,4.045e-4,0,0.026,1.756,1.731,-0.015,884.652,0.001,335.928,0.163,6.4,32.17
24.211,4.037,2643.189,456.9,0.262,0.003,61.018,43.169,0,0.541,0.394,0.023,0.123,0.564,1.096,3.083,-2.829e-5,0,0.025,1.756,1.731,-0.027,884.711,0.001,335.93,0.163,6.4,32.17
24.221,4.363,2643.189,456.9,0.262,0.003,60.913,43.169,0,0.541,0.394,0.023,0.123,0.567,1.192,3.342,-3.241e-5,0,0.025,1.756,1.731,-0.035,884.771,0.001,335.932,0.164,6.4,32.17
24.231,4.711,2643.189,456.9,0.262,0.003,60.802,43.169,0,0.541,0.394,0.023,0.123,0.571,1.297,3.61,4.756e-4,0,0.025,1.756,1.731,-0.037,884.831,0.001,335.935,0.164,6.4,32.17
24.241,5.05,2643.189,456.9,0.262,0.003,60.696,43.169,0,0.541,0.394,0.023,0.124,0.575,1.4,3.869,9.878e-5,0,0.025,1.756,1.731,-0.033,884.891,0.001,335.937,0.164,6.4,32.17
24.252,5.356,2643.189,456.9,0.262,0.003,60.601,43.169,0,0.541,0.394,0.023,0.124,0.579,1.495,4.099,2.585e-4,0,0.025,1.756,1.731,-0.026,884.951,0.001,335.939,0.164,6.4,32.17
24.262,5.62,2643.189,456.9,0.262,0.003,60.522,43.169,0,0.541,0.394,0.023,0.124,0.582,1.577,4.295,-2.789e-4,0,0.025,1.756,1.731,-0.019,885.011,0.001,335.941,0.165,6.4,32.17
24.272,5.83,2643.189,456.9,0.262,0.003,60.459,43.169,0,0.541,0.394,0.023,0.124,0.585,1.643,4.45,-1.27e-4,0,0.025,1.756,1.732,-0.011,885.072,0.001,335.944,0.165,6.4,32.17
24.283,5.976,2643.189,456.9,0.262,0.003,60.415,43.169,0,0.541,0.394,0.023,0.124,0.587,1.69,4.558,-4.873e-4,0,0.025,1.756,1.732,-0.005,885.132,0.001,335.946,0.165,6.4,32.17
24.293,6.051,2643.189,456.9,0.262,0.003,60.393,43.169,0,0.541,0.394,0.023,0.124,0.588,1.713,4.612,1.798e-4,0,0.025,1.756,1.732,-8.603e-4,885.193,0.001,335.948,0.165,6.4,32.17
24.303,6.048,2643.189,456.9,0.262,0.003,60.394,43.169,0,0.541,0.394,0.024,0.124,0.588,1.713,4.609,2.905e-4,0,0.024,1.756,1.732,1.317e-4,885.254,0.001,335.95,0.166,6.4,32.17
24.314,5.966,2643.189,456.9,0.262,0.003,60.418,43.169,0,0.541,0.394,0.024,0.124,0.587,1.686,4.542,-4.005e-4,0,0.024,1.756,1.732,0.003,885.316,0.001,335.953,0.166,6.4,32.17
24.324,5.806,2643.189,456.9,0.262,0.003,60.466,43.169,0,0.541,0.394,0.024,0.124,0.585,1.636,4.413,-2.433e-4,0,0.024,1.756,1.732,0.008,885.377,0.001,335.955,0.166,6.4,32.17
24.335,5.575,2643.189,456.9,0.262,0.003,60.536,43.169,0,0.541,0.394,0.024,0.124,0.582,1.563,4.226,-2.061e-5,0,0.024,1.756,1.732,0.016,885.439,0.001,335.957,0.166,6.4,32.17
24.345,5.282,2643.189,456.9,0.262,0.003,60.625,43.169,0,0.541,0.394,0.024,0.124,0.578,1.472,3.991,1.089e-4,0,0.024,1.756,1.732,0.023,885.501,0.001,335.959,0.167,6.4,32.17
24.356,4.944,2643.189,456.9,0.262,0.003,60.73,43.169,0,0.541,0.394,0.024,0.124,0.574,1.368,3.724,-4.283e-4,0,0.024,1.756,1.733,0.03,885.563,0.001,335.962,0.167,6.4,32.17
24.366,4.578,2643.189,456.9,0.262,0.003,60.845,43.169,0,0.541,0.394,0.024,0.124,0.57,1.257,3.438,1.347e-5,0,0.024,1.757,1.733,0.033,885.626,0.001,335.964,0.167,6.4,32.17
24.377,4.205,2643.189,456.9,0.262,0.003,60.965,43.169,0,0.541,0.394,0.024,0.124,0.566,1.145,3.154,-3.731e-4,0,0.024,1.757,1.733,0.031,885.688,0.001,335.966,0.167,6.4,32.17
24.387,3.856,2643.189,456.9,0.262,0.003,61.079,43.169,0,0.541,0.394,0.024,0.124,0.562,1.042,2.894,4.419e-4,0,0.024,1.757,1.733,0.023,885.75,0.001,335.969,0.168,6.4,32.17
24.397,3.569,2643.189,456.9,0.262,0.003,61.174,43.169,0,0.541,0.394,0.024,0.124,0.56,0.959,2.686,9.855e-5,0,0.024,1.757,1.733,0.012,885.813,0.001,335.971,0.168,6.4,32.17
24.408,3.392,2643.189,456.9,0.262,0.003,61.234,43.169,0,0.541,0.394,0.024,0.124,0.558,0.908,2.561,-1.29e-4,0,0.024,1.757,1.733,0.002,885.875,0.001,335.973,0.168,6.4,32.17
24.418,3.364,2643.189,456.9,0.262,0.003,61.243,43.169,0,0.541,0.394,0.024,0.124,0.558,0.9,2.543,-3.684e-5,0,0.024,1.757,1.733,-0.001,885.937,0.001,335.976,0.168,6.4,32.17
24.429,3.489,2643.189,456.9,0.262,0.003,61.201,43.169,0,0.541,0.394,0.024,0.124,0.559,0.936,2.649,3.456e-4,0,0.024,1.757,1.733,-0.012,886,0.001,335.978,0.169,6.4,32.17
24.439,3.74,2643.189,456.9,0.262,0.003,61.118,43.169,0,0.541,0.394,0.024,0.124,0.561,1.009,2.856,-3.482e-4,0,0.023,1.757,1.733,-0.027,886.062,0.001,335.98,0.169,6.4,32.17
24.449,4.074,2643.189,456.9,0.262,0.003,61.008,43.169,0,0.541,0.394,0.024,0.124,0.565,1.107,3.123,-9.451e-5,0,0.023,1.757,1.733,-0.038,886.125,0.001,335.983,0.169,6.4,32.17
24.46,4.439,2643.189,456.9,0.262,0.003,60.891,43.169,0,0.541,0.394,0.024,0.124,0.569,1.215,3.407,9.616e-5,0,0.023,1.757,1.733,-0.041,886.187,0.001,335.985,0.17,6.4,32.17
24.47,4.807,2643.189,456.9,0.262,0.003,60.774,43.169,0,0.541,0.394,0.024,0.124,0.573,1.326,3.688,-1.253e-4,0,0.023,1.757,1.734,-0.039,886.25,0.001,335.987,0.17,6.4,32.17
24.481,5.151,2643.189,456.9,0.262,0.003,60.667,43.169,0,0.541,0.394,0.024,0.124,0.577,1.432,3.947,-1.131e-4,0,0.023,1.757,1.734,-0.032,886.313,0.001,335.99,0.17,6.4,32.17
24.491,5.45,2643.189,456.9,0.262,0.003,60.576,43.169,0,0.541,0.394,0.024,0.124,0.581,1.524,4.169,-4.852e-4,0,0.023,1.757,1.734,-0.023,886.376,0.001,335.992,0.17,6.4,32.17
24.501,5.687,2643.189,456.9,0.262,0.003,60.504,43.169,0,0.541,0.394,0.024,0.124,0.584,1.598,4.342,4.613e-5,0,0.023,1.757,1.734,-0.013,886.439,0.001,335.994,0.171,6.4,32.17
24.512,5.848,2643.189,456.9,0.262,0.003,60.456,43.169,0,0.542,0.394,0.024,0.124,0.586,1.649,4.46,-4.593e-4,0,0.023,1.757,1.734,-0.005,886.503,0.001,335.997,0.171,6.4,32.17
24.522,5.92,2643.189,456.9,0.262,0.003,60.434,43.169,0,0.542,0.394,0.024,0.124,0.587,1.672,4.511,-8.72e-5,0,0.023,1.757,1.734,-8.23e-4,886.567,0.001,335.999,0.171,6.4,32.17
24.533,5.9,2643.189,456.9,0.262,0.003,60.44,43.169,0,0.542,0.394,0.024,0.124,0.587,1.666,4.496,7.599e-7,0,0.022,1.757,1.734,2.754e-4,886.631,0.001,336.001,0.171,6.4,32.17
24.543,5.788,2643.189,456.9,0.262,0.003,60.474,43.169,0,0.542,0.394,0.024,0.124,0.585,1.63,4.405,-3.588e-4,0,0.022,1.757,1.735,0.004,886.695,0.001,336.004,0.172,6.4,32.17
24.554,5.597,2643.189,456.9,0.262,0.003,60.532,43.169,0,0.542,0.394,0.024,0.124,0.583,1.57,4.25,1.935e-5,0,0.022,1.757,1.735,0.01,886.76,0.001,336.006,0.172,6.4,32.17
24.565,5.347,2643.189,456.9,0.262,0.003,60.608,43.169,0,0.542,0.394,0.024,0.124,0.58,1.492,4.049,-1.868e-4,0,0.022,1.757,1.735,0.018,886.825,0.001,336.008,0.172,6.4,32.17
24.575,5.037,2643.189,456.9,0.262,0.003,60.704,43.169,0,0.542,0.394,0.024,0.124,0.576,1.397,3.8,-9.712e-5,0,0.022,1.757,1.735,0.026,886.89,0.001,336.011,0.172,6.4,32.17
24.586,4.68,2643.189,456.9,0.262,0.003,60.816,43.169,0,0.542,0.394,0.024,0.124,0.572,1.288,3.519,-3.369e-4,0,0.022,1.757,1.735,0.033,886.955,0.001,336.013,0.173,6.4,32.17
24.597,4.298,2643.189,456.9,0.262,0.003,60.938,43.169,0,0.542,0.394,0.024,0.124,0.568,1.173,3.223,1.093e-4,0,0.022,1.757,1.735,0.035,887.02,0.001,336.016,0.173,6.4,32.17
24.607,3.898,2643.189,456.9,0.262,0.003,61.068,43.169,0,0.542,0.394,0.024,0.124,0.564,1.055,2.921,4.166e-4,0,0.022,1.757,1.735,0.03,887.086,0.001,336.018,0.173,6.4,32.17
24.618,3.538,2643.189,456.9,0.262,0.003,61.187,43.169,0,0.542,0.394,0.024,0.124,0.56,0.95,2.656,-4.192e-4,0,0.022,1.757,1.735,0.019,887.151,0.001,336.021,0.173,6.4,32.17
24.628,3.281,2643.189,456.9,0.262,0.003,61.273,43.169,0,0.542,0.394,0.024,0.124,0.558,0.876,2.473,2.422e-4,0,0.022,1.757,1.735,0.006,887.216,0.001,336.023,0.174,6.4,32.17
24.639,3.176,2643.189,456.9,0.262,0.003,61.309,43.169,0,0.542,0.394,0.024,0.124,0.557,0.846,2.399,-6.026e-5,0,0.022,1.757,1.735,-1.917e-5,887.282,0.001,336.025,0.174,6.4,32.17
24.649,3.245,2643.189,456.9,0.262,0.003,61.286,43.169,0,0.542,0.394,0.024,0.124,0.557,0.866,2.459,3.168e-4,0,0.022,1.757,1.735,-0.007,887.347,0.001,336.028,0.174,6.4,32.17
24.66,3.466,2643.189,456.9,0.262,0.003,61.212,43.169,0,0.542,0.394,0.024,0.124,0.559,0.929,2.642,4.773e-5,0,0.022,1.757,1.735,-0.022,887.412,0.001,336.03,0.174,6.4,32.17
24.67,3.792,2643.189,456.9,0.262,0.003,61.103,43.169,0,0.542,0.394,0.024,0.124,0.563,1.024,2.905,-4.964e-4,0,0.022,1.757,1.736,-0.035,887.478,0.001,336.033,0.175,6.4,32.17
24.681,4.174,2643.189,456.9,0.262,0.003,60.978,43.169,0,0.542,0.394,0.024,0.124,0.567,1.137,3.204,4.284e-4,0,0.022,1.757,1.736,-0.041,887.543,0.001,336.035,0.175,6.4,32.17
24.692,4.566,2643.189,456.9,0.262,0.003,60.853,43.169,0,0.542,0.394,0.024,0.124,0.571,1.254,3.503,1.439e-4,0,0.022,1.757,1.736,-0.039,887.609,0.001,336.038,0.175,6.4,32.17
24.702,4.934,2643.189,456.9,0.262,0.003,60.737,43.169,0,0.542,0.394,0.024,0.124,0.575,1.365,3.78,5.304e-5,0,0.021,1.757,1.736,-0.032,887.675,0.001,336.04,0.175,6.4,32.17
24.713,5.251,2643.189,456.9,0.262,0.003,60.639,43.169,0,0.542,0.394,0.024,0.124,0.579,1.463,4.015,4.621e-4,0,0.021,1.757,1.736,-0.023,887.741,0.001,336.042,0.176,6.4,32.17
24.723,5.499,2643.189,456.9,0.262,0.003,60.563,43.169,0,0.542,0.394,0.024,0.124,0.582,1.54,4.198,-1.029e-5,0,0.021,1.757,1.736,-0.013,887.807,0.001,336.045,0.176,6.4,32.17
24.734,5.666,2643.189,456.9,0.262,0.003,60.513,43.169,0,0.542,0.394,0.024,0.124,0.584,1.592,4.32,8.396e-5,0,0.021,1.757,1.736,-0.005,887.874,0.001,336.047,0.176,6.4,32.17
24.744,5.743,2643.189,456.9,0.262,0.003,60.49,43.169,0,0.542,0.394,0.025,0.124,0.585,1.616,4.376,4.156e-4,0,0.021,1.757,1.736,-7.886e-4,887.94,0.001,336.05,0.176,6.4,32.17
24.755,5.726,2643.189,456.9,0.262,0.003,60.495,43.169,0,0.542,0.394,0.025,0.124,0.585,1.611,4.361,1.68e-4,0,0.021,1.757,1.737,3.49e-4,888.008,0.001,336.052,0.177,6.4,32.17
24.766,5.608,2643.189,456.9,0.262,0.003,60.531,43.169,0,0.542,0.394,0.025,0.124,0.584,1.574,4.265,4.927e-4,0,0.021,1.757,1.737,0.004,888.075,0.001,336.055,0.177,6.4,32.17
24.777,5.389,2643.189,456.9,0.262,0.003,60.597,43.169,0,0.542,0.394,0.025,0.124,0.581,1.506,4.088,-3.496e-4,0,0.021,1.757,1.737,0.012,888.143,0.001,336.057,0.177,6.4,32.17
24.787,5.079,2643.189,456.9,0.262,0.003,60.693,43.169,0,0.542,0.394,0.025,0.124,0.577,1.41,3.839,-3.932e-4,0,0.02,1.757,1.737,0.021,888.211,0.001,336.06,0.177,6.4,32.17
24.798,4.695,2643.189,456.9,0.262,0.003,60.813,43.169,0,0.542,0.394,0.025,0.124,0.573,1.293,3.533,1.028e-4,0,0.02,1.757,1.737,0.03,888.279,0.001,336.062,0.178,6.4,32.17
24.809,4.265,2643.189,456.9,0.262,0.003,60.95,43.169,0,0.542,0.394,0.025,0.124,0.568,1.164,3.198,4.692e-4,0,0.02,1.757,1.737,0.035,888.347,0.001,336.065,0.178,6.4,32.17
24.82,3.823,2643.189,456.9,0.262,0.003,61.095,43.169,0,0.542,0.394,0.025,0.124,0.563,1.033,2.86,-2.961e-4,0,0.02,1.758,1.737,0.034,888.415,0.001,336.067,0.178,6.4,32.17
24.83,3.417,2643.189,456.9,0.262,0.003,61.23,43.169,0,0.542,0.394,0.025,0.124,0.56,0.915,2.559,-4.169e-4,0,0.02,1.758,1.737,0.024,888.484,0.001,336.07,0.178,6.4,32.17
24.841,3.106,2643.189,456.9,0.262,0.003,61.335,43.169,0,0.542,0.394,0.025,0.124,0.557,0.826,2.337,-1.759e-4,0,0.02,1.758,1.737,0.009,888.552,0.001,336.072,0.179,6.4,32.17
24.852,2.957,2643.189,456.9,0.262,0.003,61.386,43.169,0,0.543,0.394,0.025,0.124,0.556,0.784,2.232,-4.286e-4,0,0.02,1.758,1.737,4.413e-5,888.621,0.001,336.075,0.179,6.4,32.17
24.863,3.007,2643.189,456.9,0.262,0.003,61.369,43.169,0,0.543,0.394,0.025,0.124,0.556,0.798,2.278,-2.768e-4,0,0.02,1.758,1.737,-0.008,888.689,0.001,336.077,0.179,6.4,32.17
24.873,3.249,2643.189,456.9,0.262,0.003,61.287,43.169,0,0.543,0.394,0.025,0.124,0.558,0.867,2.481,-1.304e-4,0,0.02,1.758,1.737,-0.026,888.758,0.001,336.08,0.18,6.4,32.17
24.884,3.624,2643.189,456.9,0.262,0.003,61.161,43.169,0,0.543,0.394,0.025,0.124,0.562,0.975,2.784,-1.382e-4,0,0.02,1.758,1.738,-0.041,888.826,0.001,336.083,0.18,6.4,32.17
24.895,4.065,2643.189,456.9,0.262,0.003,61.017,43.169,0,0.543,0.394,0.025,0.124,0.566,1.104,3.126,2.805e-4,0,0.02,1.758,1.738,-0.047,888.894,0.001,336.085,0.18,6.4,32.17
24.905,4.492,2643.189,456.9,0.262,0.003,60.879,43.169,0,0.543,0.394,0.025,0.124,0.571,1.232,3.451,3.255e-4,0,0.02,1.758,1.738,-0.043,888.963,0.001,336.088,0.18,6.4,32.17
24.916,4.863,2643.189,456.9,0.262,0.003,60.762,43.169,0,0.543,0.394,0.025,0.124,0.575,1.344,3.727,-1.07e-4,0,0.02,1.758,1.738,-0.033,889.032,0.001,336.09,0.181,6.4,32.17
24.927,5.169,2643.189,456.9,0.262,0.003,60.667,43.169,0,0.543,0.394,0.025,0.124,0.579,1.438,3.953,-1.371e-4,0,0.02,1.758,1.738,-0.022,889.101,0.001,336.093,0.181,6.4,32.17
24.938,5.397,2643.189,456.9,0.262,0.003,60.597,43.169,0,0.543,0.394,0.025,0.124,0.582,1.508,4.119,-1.359e-4,0,0.02,1.758,1.738,-0.012,889.17,0.001,336.095,0.181,6.4,32.17
24.948,5.535,2643.189,456.9,0.262,0.003,60.555,43.169,0,0.543,0.394,0.025,0.124,0.583,1.551,4.218,3.68e-5,0,0.02,1.758,1.738,-0.004,889.239,0.001,336.098,0.181,6.4,32.17
24.959,5.595,2643.189,456.9,0.262,0.003,60.537,43.169,0,0.543,0.394,0.025,0.124,0.584,1.57,4.26,-4.361e-4,0,0.019,1.758,1.738,-3.08e-4,889.309,0.001,336.1,0.182,6.4,32.17
24.97,5.553,2643.189,456.9,0.262,0.003,60.55,43.169,0,0.543,0.394,0.025,0.124,0.584,1.557,4.227,-1.212e-5,0,0.019,1.758,1.739,9.154e-4,889.379,0.001,336.103,0.182,6.4,32.17
24.981,5.408,2643.189,456.9,0.262,0.003,60.594,43.169,0,0.543,0.394,0.025,0.124,0.582,1.512,4.111,-4.155e-4,0,0.019,1.758,1.739,0.006,889.45,0.001,336.106,0.182,6.4,32.17
24.992,5.166,2643.189,456.9,0.262,0.003,60.668,43.169,0,0.543,0.394,0.025,0.124,0.579,1.437,3.915,3.129e-4,0,0.019,1.758,1.739,0.014,889.52,0.001,336.108,0.182,6.4,32.17
25.003,4.838,2643.189,456.9,0.262,0.003,60.771,43.169,0,0.543,0.394,0.025,0.124,0.575,1.336,3.652,1.109e-4,0,0.019,1.758,1.739,0.023,889.591,0.001,336.111,0.183,6.4,32.17
25.014,4.45,2643.189,456.9,0.262,0.003,60.894,43.169,0,0.543,0.394,0.025,0.124,0.571,1.219,3.346,-4.447e-4,0,0.019,1.758,1.739,0.031,889.662,0.001,336.114,0.183,6.4,32.17
25.024,4.033,2643.189,456.9,0.262,0.003,61.028,43.169,0,0.543,0.394,0.025,0.124,0.566,1.095,3.022,1.568e-4,0,0.019,1.758,1.739,0.034,889.733,0.001,336.116,0.183,6.4,32.17
25.035,3.624,2643.189,456.9,0.262,0.003,61.163,43.169,0,0.543,0.394,0.025,0.124,0.562,0.975,2.713,-1.906e-4,0,0.019,1.758,1.739,0.03,889.804,0.001,336.119,0.183,6.4,32.17
25.046,3.269,2643.189,456.9,0.262,0.003,61.282,43.169,0,0.543,0.394,0.025,0.124,0.559,0.873,2.452,1.626e-4,0,0.019,1.758,1.739,0.019,889.875,0.001,336.121,0.184,6.4,32.17
25.057,3.015,2643.189,456.9,0.262,0.003,61.369,43.169,0,0.543,0.394,0.025,0.124,0.557,0.801,2.271,-6.21e-5,0,0.019,1.758,1.739,0.006,889.946,0.001,336.124,0.184,6.4,32.17
25.068,2.913,2643.189,456.9,0.262,0.003,61.404,43.169,0,0.543,0.394,0.025,0.124,0.556,0.772,2.2,4.569e-4,0,0.019,1.758,1.739,-3.007e-7,890.017,0.001,336.127,0.184,6.4,32.17
25.079,2.987,2643.189,456.9,0.262,0.003,61.379,43.169,0,0.543,0.394,0.025,0.124,0.557,0.793,2.262,-9.751e-5,0,0.019,1.758,1.739,-0.006,890.088,0.001,336.129,0.184,6.4,32.17
25.09,3.212,2643.189,456.9,0.262,0.003,61.302,43.169,0,0.543,0.394,0.025,0.124,0.559,0.857,2.447,8.137e-5,0,0.019,1.758,1.739,-0.02,890.159,0.001,336.132,0.185,6.4,32.17
25.1,3.536,2643.189,456.9,0.262,0.003,61.193,43.169,0,0.543,0.394,0.025,0.124,0.562,0.95,2.706,-2.921e-4,0,0.019,1.758,1.739,-0.03,890.23,0.001,336.135,0.185,6.4,32.17
25.111,3.912,2643.189,456.9,0.262,0.003,61.069,43.169,0,0.543,0.394,0.025,0.124,0.565,1.06,2.999,4.791e-4,0,0.019,1.758,1.739,-0.035,890.301,0.001,336.137,0.185,6.4,32.17
25.122,4.296,2643.189,456.9,0.262,0.003,60.944,43.169,0,0.543,0.394,0.025,0.124,0.569,1.173,3.291,4.593e-4,0,0.019,1.758,1.74,-0.033,890.372,0.001,336.14,0.185,6.4,32.17
25.133,4.651,2643.189,456.9,0.262,0.003,60.831,43.169,0,0.543,0.394,0.025,0.124,0.573,1.28,3.557,-4.542e-4,0,0.019,1.758,1.74,-0.026,890.444,0.001,336.142,0.186,6.4,32.17
25.143,4.949,2643.189,456.9,0.262,0.003,60.738,43.169,0,0.543,0.394,0.025,0.124,0.577,1.37,3.778,3.265e-5,0,0.018,1.758,1.74,-0.017,890.515,0.001,336.145,0.186,6.4,32.17
25.154,5.157,2643.189,456.9,0.262,0.003,60.673,43.169,0,0.543,0.394,0.025,0.125,0.579,1.434,3.931,-4.554e-4,0,0.018,1.758,1.74,-0.008,890.587,0.001,336.148,0.186,6.4,32.17
25.165,5.254,2643.189,456.9,0.262,0.003,60.643,43.169,0,0.543,0.394,0.025,0.125,0.581,1.464,4,-1.414e-4,0,0.018,1.758,1.74,-0.002,890.657,0.001,336.15,0.187,6.4,32.17
25.175,5.263,2643.189,456.9,0.262,0.003,60.641,43.169,0,0.544,0.393,0.025,0.125,0.581,1.467,4.004,3.84e-4,0,0.018,1.758,1.74,-6.923e-5,890.726,0.001,336.153,0.187,6.4,32.17
25.186,5.188,2643.189,456.9,0.262,0.003,60.664,43.169,0,0.544,0.393,0.026,0.125,0.58,1.444,3.946,3.198e-4,0,0.018,1.758,1.74,0.001,890.795,0.001,336.155,0.187,6.4,32.17
25.196,5.029,2643.189,456.9,0.262,0.003,60.713,43.169,0,0.544,0.393,0.026,0.125,0.578,1.395,3.819,-2.407e-4,0,0.018,1.758,1.74,0.005,890.866,0.001,336.158,0.187,6.4,32.17
25.207,4.802,2643.189,456.9,0.262,0.003,60.784,43.169,0,0.544,0.393,0.026,0.125,0.575,1.326,3.638,2.611e-4,0,0.018,1.758,1.74,0.011,890.939,0.001,336.161,0.187,6.4,32.17
25.218,4.507,2643.189,456.9,0.262,0.003,60.878,43.169,0,0.544,0.393,0.026,0.125,0.572,1.236,3.403,-3.433e-4,0,0.018,1.758,1.741,0.018,891.012,0.001,336.164,0.188,6.4,32.17
25.229,4.152,2643.189,456.9,0.262,0.003,60.992,43.169,0,0.544,0.393,0.026,0.125,0.568,1.13,3.124,1.133e-4,0,0.018,1.758,1.741,0.024,891.086,0.001,336.166,0.188,6.4,32.17
25.24,3.765,2643.189,456.9,0.262,0.003,61.119,43.169,0,0.544,0.393,0.026,0.125,0.564,1.017,2.826,-2.782e-4,0,0.018,1.758,1.741,0.025,891.16,0.001,336.169,0.188,6.4,32.17
25.251,3.389,2643.189,456.9,0.262,0.003,61.244,43.169,0,0.544,0.393,0.026,0.125,0.561,0.907,2.542,1.301e-4,0,0.018,1.758,1.741,0.021,891.234,0.001,336.172,0.189,6.4,32.17
25.262,3.099,2643.189,456.9,0.262,0.003,61.343,43.169,0,0.544,0.393,0.026,0.125,0.558,0.825,2.332,-1.001e-5,0,0.018,1.759,1.741,0.01,891.307,0.001,336.174,0.189,6.4,32.17
25.273,2.94,2643.189,456.9,0.262,0.003,61.397,43.169,0,0.544,0.393,0.026,0.125,0.557,0.779,2.218,2.384e-4,0,0.018,1.759,1.741,0.001,891.381,0.001,336.177,0.189,6.4,32.17
25.284,2.94,2643.189,456.9,0.262,0.003,61.397,43.169,0,0.544,0.393,0.026,0.125,0.557,0.78,2.222,4.814e-4,0,0.018,1.759,1.741,-0.001,891.455,0.001,336.18,0.189,6.4,32.17
25.295,3.092,2643.189,456.9,0.262,0.003,61.345,43.169,0,0.544,0.393,0.026,0.125,0.558,0.823,2.346,1.821e-6,0,0.018,1.759,1.741,-0.01,891.529,0.001,336.183,0.19,6.4,32.17
25.306,3.34,2643.189,456.9,0.262,0.003,61.261,43.169,0,0.544,0.393,0.026,0.125,0.56,0.893,2.545,1.584e-4,0,0.018,1.759,1.741,-0.02,891.603,0.001,336.185,0.19,6.4,32.17
25.317,3.656,2643.189,456.9,0.262,0.003,61.156,43.169,0,0.544,0.393,0.026,0.125,0.563,0.985,2.794,1.975e-4,0,0.018,1.759,1.741,-0.027,891.676,0.001,336.188,0.19,6.4,32.17
25.328,4.008,2643.189,456.9,0.262,0.003,61.04,43.169,0,0.544,0.393,0.026,0.125,0.567,1.088,3.066,-2.537e-4,0,0.017,1.759,1.741,-0.028,891.75,0.001,336.191,0.19,6.4,32.17
25.339,4.354,2643.189,456.9,0.262,0.003,60.928,43.169,0,0.544,0.393,0.026,0.125,0.571,1.191,3.327,-4.938e-4,0,0.017,1.759,1.741,-0.024,891.825,0.001,336.194,0.191,6.4,32.17
25.35,4.661,2643.189,456.9,0.262,0.003,60.83,43.169,0,0.544,0.393,0.026,0.125,0.574,1.283,3.557,-8.202e-5,0,0.017,1.759,1.741,-0.017,891.899,0.001,336.196,0.191,6.4,32.17
25.361,4.887,2643.189,456.9,0.262,0.003,60.76,43.169,0,0.544,0.393,0.026,0.125,0.577,1.352,3.723,-1.843e-4,0,0.017,1.759,1.742,-0.009,891.974,0.001,336.199,0.191,6.4,32.17
25.372,5.024,2643.189,456.9,0.262,0.003,60.717,43.169,0,0.544,0.393,0.026,0.125,0.578,1.394,3.824,3.412e-4,0,0.017,1.759,1.742,-0.003,892.049,0.001,336.202,0.191,6.4,32.17
25.383,5.065,2643.189,456.9,0.262,0.003,60.704,43.169,0,0.544,0.393,0.026,0.125,0.579,1.406,3.852,-3.627e-4,0,0.017,1.759,1.742,-9.445e-5,892.125,0.001,336.205,0.192,6.4,32.17
25.394,5.008,2643.189,456.9,0.262,0.003,60.722,43.169,0,0.544,0.393,0.026,0.125,0.578,1.389,3.807,8.939e-5,0,0.017,1.759,1.742,0.001,892.199,0.001,336.207,0.192,6.4,32.17
25.404,4.867,2643.189,456.9,0.262,0.003,60.766,43.169,0,0.544,0.393,0.026,0.125,0.577,1.345,3.694,1.359e-4,0,0.017,1.759,1.742,0.005,892.272,0.001,336.21,0.192,6.4,32.17
25.415,4.645,2643.189,456.9,0.262,0.003,60.836,43.169,0,0.544,0.393,0.026,0.125,0.574,1.278,3.517,-8.424e-5,0,0.017,1.759,1.742,0.012,892.347,0.001,336.213,0.192,6.4,32.17
25.426,4.338,2643.189,456.9,0.262,0.003,60.934,43.169,0,0.544,0.393,0.026,0.125,0.571,1.186,3.273,2.734e-4,0,0.017,1.759,1.742,0.019,892.424,0.001,336.216,0.193,6.4,32.17
25.438,3.97,2643.189,456.9,0.262,0.003,61.054,43.169,0,0.544,0.393,0.026,0.125,0.567,1.077,2.984,-1.093e-4,0,0.017,1.759,1.742,0.025,892.501,0.001,336.219,0.193,6.4,32.17
25.449,3.571,2643.189,456.9,0.262,0.003,61.186,43.169,0,0.544,0.393,0.026,0.125,0.563,0.96,2.678,-4.352e-4,0,0.017,1.759,1.742,0.026,892.578,0.001,336.221,0.193,6.4,32.17
25.46,3.188,2643.189,456.9,0.262,0.003,61.315,43.169,0,0.544,0.393,0.026,0.125,0.559,0.85,2.39,-9.769e-5,0,0.017,1.759,1.742,0.02,892.655,0.001,336.224,0.193,6.4,32.17
25.471,2.883,2643.189,456.9,0.262,0.003,61.419,43.169,0,0.544,0.393,0.026,0.125,0.557,0.763,2.168,-5.173e-5,0,0.017,1.759,1.742,0.008,892.732,0.001,336.227,0.194,6.4,32.17
25.482,2.722,2643.189,456.9,0.262,0.003,61.475,43.169,0,0.544,0.393,0.026,0.125,0.556,0.718,2.055,-4.795e-4,0,0.017,1.759,1.743,2.89e-4,892.809,0.001,336.23,0.194,6.4,32.17
25.493,2.75,2643.189,456.9,0.262,0.003,61.466,43.169,0,0.545,0.393,0.026,0.125,0.556,0.726,2.08,2.681e-4,0,0.016,1.759,1.743,-0.004,892.886,0.001,336.233,0.194,6.4,32.17
25.505,2.955,2643.189,456.9,0.262,0.003,61.395,43.169,0,0.545,0.393,0.026,0.125,0.558,0.784,2.25,-2.76e-4,0,0.016,1.759,1.743,-0.017,892.963,0.001,336.236,0.194,6.4,32.17
25.516,3.284,2643.189,456.9,0.262,0.003,61.283,43.169,0,0.545,0.393,0.026,0.125,0.561,0.878,2.513,-1.29e-4,0,0.016,1.759,1.743,-0.029,893.04,0.001,336.239,0.195,6.4,32.17
25.527,3.67,2643.189,456.9,0.262,0.003,61.154,43.169,0,0.545,0.393,0.026,0.125,0.564,0.989,2.812,-9.062e-6,0,0.016,1.759,1.743,-0.032,893.117,0.001,336.241,0.195,6.4,32.17
25.538,4.059,2643.189,456.9,0.262,0.003,61.026,43.169,0,0.545,0.393,0.026,0.125,0.568,1.103,3.107,-1.84e-4,0,0.016,1.759,1.743,-0.029,893.194,0.001,336.244,0.195,6.4,32.17
25.549,4.408,2643.189,456.9,0.262,0.003,60.913,43.169,0,0.545,0.393,0.026,0.125,0.572,1.207,3.368,2.527e-4,0,0.016,1.759,1.743,-0.022,893.271,0.001,336.247,0.196,6.4,32.17
25.56,4.685,2643.189,456.9,0.262,0.003,60.825,43.169,0,0.545,0.393,0.026,0.125,0.575,1.29,3.572,1.969e-4,0,0.016,1.759,1.743,-0.013,893.349,0.001,336.25,0.196,6.4,32.17
25.571,4.868,2643.189,456.9,0.262,0.003,60.768,43.169,0,0.545,0.393,0.026,0.125,0.577,1.346,3.706,2.107e-4,0,0.016,1.759,1.743,-0.005,893.427,0.001,336.253,0.196,6.4,32.17
25.582,4.947,2643.189,456.9,0.262,0.003,60.744,43.169,0,0.545,0.393,0.026,0.125,0.578,1.37,3.763,7.896e-5,0,0.016,1.759,1.743,-7.004e-4,893.505,0.001,336.256,0.196,6.4,32.17
25.594,4.916,2643.189,456.9,0.262,0.003,60.753,43.169,0,0.545,0.393,0.026,0.125,0.578,1.361,3.738,-4.829e-4,0,0.016,1.759,1.743,3.528e-4,893.584,0.001,336.259,0.197,6.4,32.17
25.605,4.786,2643.189,456.9,0.262,0.003,60.794,43.169,0,0.545,0.393,0.026,0.125,0.576,1.321,3.634,-4.521e-4,0,0.016,1.759,1.744,0.004,893.663,0.001,336.262,0.197,6.4,32.17
25.616,4.569,2643.189,456.9,0.262,0.003,60.863,43.169,0,0.545,0.393,0.027,0.125,0.574,1.255,3.461,3.18e-4,0,0.016,1.759,1.744,0.01,893.742,0.001,336.265,0.197,6.4,32.17
25.628,4.267,2643.189,456.9,0.262,0.003,60.96,43.169,0,0.545,0.393,0.027,0.125,0.571,1.165,3.221,3.73e-4,0,0.016,1.759,1.744,0.017,893.822,0.001,336.268,0.197,6.4,32.17
25.639,3.899,2643.189,456.9,0.262,0.003,61.079,43.169,0,0.545,0.393,0.027,0.125,0.567,1.056,2.932,-3.393e-4,0,0.016,1.759,1.744,0.023,893.901,0.001,336.271,0.198,6.4,32.17
25.65,3.498,2643.189,456.9,0.262,0.003,61.212,43.169,0,0.545,0.393,0.027,0.125,0.563,0.939,2.623,-2.171e-4,0,0.016,1.759,1.744,0.025,893.981,0.001,336.273,0.198,6.4,32.17
25.662,3.106,2643.189,456.9,0.262,0.003,61.345,43.169,0,0.545,0.393,0.027,0.125,0.559,0.827,2.329,2.636e-4,0,0.016,1.759,1.744,0.019,894.061,0.001,336.276,0.198,6.4,32.17
25.673,2.8,2643.189,456.9,0.262,0.003,61.45,43.169,0,0.545,0.393,0.027,0.125,0.557,0.74,2.107,-1.449e-4,0,0.016,1.759,1.744,0.008,894.141,0.001,336.279,0.198,6.4,32.17
25.684,2.651,2643.189,456.9,0.262,0.003,61.502,43.169,0,0.545,0.393,0.027,0.125,0.556,0.699,2.001,1.498e-4,0,0.016,1.76,1.744,2.302e-4,894.221,0.001,336.282,0.199,6.4,32.17
25.695,2.696,2643.189,456.9,0.262,0.003,61.487,43.169,0,0.545,0.393,0.027,0.125,0.556,0.711,2.04,1.847e-5,0,0.016,1.76,1.744,-0.004,894.301,0.001,336.285,0.199,6.4,32.17
25.707,2.922,2643.189,456.9,0.262,0.003,61.409,43.169,0,0.545,0.393,0.027,0.125,0.558,0.775,2.224,-3.562e-4,0,0.016,1.76,1.744,-0.016,894.38,0.001,336.288,0.199,6.4,32.17
25.718,3.261,2643.189,456.9,0.262,0.003,61.293,43.169,0,0.545,0.393,0.027,0.125,0.561,0.871,2.491,1.691e-4,0,0.015,1.76,1.744,-0.025,894.46,0.001,336.291,0.199,6.4,32.17
25.729,3.638,2643.189,456.9,0.262,0.003,61.167,43.169,0,0.545,0.393,0.027,0.125,0.565,0.98,2.781,2.315e-4,0,0.015,1.76,1.744,-0.026,894.54,0.001,336.294,0.2,6.4,32.17
25.74,3.997,2643.189,456.9,0.262,0.003,61.049,43.169,0,0.545,0.393,0.027,0.125,0.568,1.085,3.053,-1.006e-4,0,0.015,1.76,1.744,-0.022,894.619,0.001,336.297,0.2,6.4,32.17
25.751,4.299,2643.189,456.9,0.262,0.003,60.951,43.169,0,0.545,0.393,0.027,0.125,0.571,1.174,3.278,-2.165e-4,0,0.015,1.76,1.744,-0.015,894.7,0.001,336.3,0.2,6.4,32.17
25.762,4.515,2643.189,456.9,0.262,0.003,60.882,43.169,0,0.545,0.393,0.027,0.125,0.574,1.239,3.438,3.408e-4,0,0.015,1.76,1.744,-0.008,894.777,0.001,336.303,0.2,6.4,32.17
25.772,4.643,2643.189,456.9,0.262,0.003,60.841,43.169,0,0.545,0.393,0.027,0.125,0.575,1.278,3.531,-3.583e-4,0,0.015,1.76,1.745,-0.003,894.85,0.001,336.306,0.201,6.4,32.17
25.782,4.691,2643.189,456.9,0.262,0.003,60.826,43.169,0,0.545,0.393,0.027,0.125,0.576,1.292,3.566,1.191e-4,0,0.015,1.76,1.745,-3.334e-4,894.922,0.001,336.308,0.201,6.4,32.17
25.792,4.66,2643.189,456.9,0.262,0.003,60.836,43.169,0,0.545,0.393,0.027,0.125,0.576,1.283,3.541,6.919e-5,0,0.015,1.76,1.745,3.109e-4,894.993,0.001,336.311,0.201,6.4,32.17
25.802,4.555,2643.189,456.9,0.262,0.003,60.87,43.169,0,0.546,0.393,0.027,0.125,0.574,1.251,3.458,-7.624e-5,0,0.015,1.76,1.745,0.003,895.064,0.001,336.314,0.201,6.4,32.17
25.812,4.379,2643.189,456.9,0.262,0.003,60.926,43.169,0,0.546,0.393,0.027,0.125,0.573,1.198,3.318,-4.368e-4,0,0.015,1.76,1.745,0.007,895.137,0.001,336.316,0.202,6.4,32.17
25.823,4.13,2643.189,456.9,0.262,0.003,61.006,43.169,0,0.546,0.393,0.027,0.125,0.57,1.124,3.121,1.9e-4,0,0.015,1.76,1.745,0.012,895.214,0.001,336.319,0.202,6.4,32.17
25.834,3.81,2643.189,456.9,0.262,0.003,61.111,43.169,0,0.546,0.393,0.027,0.125,0.567,1.03,2.871,-4.681e-4,0,0.015,1.76,1.745,0.017,895.296,0.001,336.322,0.202,6.4,32.17
25.846,3.459,2643.189,456.9,0.262,0.003,61.228,43.169,0,0.546,0.393,0.027,0.125,0.563,0.928,2.6,3.946e-4,0,0.015,1.76,1.745,0.018,895.378,0.001,336.325,0.202,6.4,32.17
25.857,3.117,2643.189,456.9,0.262,0.003,61.344,43.169,0,0.546,0.393,0.027,0.125,0.56,0.83,2.344,-1.664e-4,0,0.015,1.76,1.745,0.014,895.461,0.001,336.328,0.203,6.4,32.17
25.869,2.847,2643.189,456.9,0.262,0.003,61.436,43.169,0,0.546,0.393,0.027,0.125,0.558,0.754,2.145,4.643e-4,0,0.015,1.76,1.745,0.006,895.543,0.001,336.331,0.203,6.4,32.17
25.88,2.708,2643.189,456.9,0.262,0.003,61.485,43.169,0,0.546,0.393,0.027,0.125,0.557,0.714,2.045,-3.198e-4,0,0.015,1.76,1.745,2.751e-4,895.626,0.001,336.334,0.203,6.4,32.17
25.892,2.733,2643.189,456.9,0.262,0.003,61.476,43.169,0,0.546,0.393,0.027,0.125,0.557,0.722,2.067,-2.015e-4,0,0.015,1.76,1.745,-0.003,895.709,0.001,336.337,0.203,6.4,32.17
25.903,2.916,2643.189,456.9,0.262,0.003,61.413,43.169,0,0.546,0.393,0.027,0.125,0.559,0.773,2.215,4.032e-4,0,0.015,1.76,1.745,-0.011,895.791,0.001,336.34,0.204,6.4,32.17
25.914,3.22,2643.189,456.9,0.262,0.003,61.31,43.169,0,0.546,0.393,0.027,0.125,0.561,0.859,2.453,4.042e-4,0,0.015,1.76,1.745,-0.018,895.874,0.001,336.344,0.204,6.4,32.17
25.926,3.561,2643.189,456.9,0.262,0.003,61.195,43.169,0,0.546,0.393,0.027,0.125,0.565,0.958,2.716,-4.167e-4,0,0.015,1.76,1.746,-0.019,895.956,0.001,336.347,0.204,6.4,32.17
25.937,3.884,2643.189,456.9,0.262,0.003,61.088,43.169,0,0.546,0.393,0.027,0.125,0.568,1.052,2.96,-3.549e-4,0,0.015,1.76,1.746,-0.015,896.039,0.001,336.35,0.204,6.4,32.17
25.948,4.148,2643.189,456.9,0.262,0.003,61.002,43.169,0,0.546,0.393,0.027,0.125,0.571,1.13,3.158,4.337e-5,0,0.014,1.76,1.746,-0.01,896.122,0.001,336.353,0.205,6.4,32.17
25.96,4.334,2643.189,456.9,0.262,0.003,60.942,43.169,0,0.546,0.393,0.027,0.125,0.573,1.185,3.295,1.029e-4,0,0.014,1.76,1.746,-0.004,896.205,0.001,336.356,0.205,6.4,32.17
25.971,4.41,2643.189,456.9,0.262,0.003,60.918,43.169,0,0.546,0.393,0.027,0.125,0.573,1.208,3.35,2.042e-4,0,0.014,1.76,1.746,-4.94e-4,896.288,0.001,336.359,0.205,6.4,32.17
25.983,4.369,2643.189,456.9,0.262,0.003,60.931,43.169,0,0.546,0.393,0.027,0.125,0.573,1.196,3.318,5.333e-5,0,0.014,1.76,1.746,3.45e-4,896.372,0.001,336.362,0.206,6.4,32.17
25.994,4.22,2643.189,456.9,0.262,0.003,60.979,43.169,0,0.546,0.393,0.027,0.126,0.571,1.151,3.2,3.042e-4,0,0.014,1.76,1.746,0.003,896.454,0.001,336.365,0.206,6.4,32.17
26.005,3.987,2643.189,456.9,0.262,0.003,61.055,43.169,0,0.546,0.393,0.028,0.126,0.569,1.082,3.017,5.429e-5,0,0.014,1.76,1.746,0.007,896.538,0.001,336.368,0.206,6.4,32.17
26.017,3.71,2643.189,456.9,0.262,0.003,61.146,43.169,0,0.546,0.393,0.028,0.126,0.566,1.001,2.802,-1.783e-5,0,0.014,1.76,1.746,0.01,896.622,0.001,336.371,0.206,6.4,32.17
26.028,3.412,2643.189,456.9,0.262,0.003,61.246,43.169,0,0.546,0.393,0.028,0.126,0.563,0.915,2.573,1.476e-4,0,0.014,1.76,1.746,0.011,896.707,0.001,336.374,0.207,6.4,32.17
26.04,3.134,2643.189,456.9,0.262,0.003,61.34,43.169,0,0.546,0.393,0.028,0.126,0.561,0.835,2.363,-2.772e-4,0,0.014,1.76,1.746,0.008,896.792,0.001,336.378,0.207,6.4,32.17
26.051,2.923,2643.189,456.9,0.262,0.003,61.413,43.169,0,0.546,0.393,0.028,0.126,0.559,0.775,2.207,1.744e-4,0,0.014,1.76,1.746,0.003,896.876,0.001,336.381,0.207,6.4,32.17
26.063,2.823,2643.189,456.9,0.262,0.003,61.447,43.169,0,0.546,0.393,0.028,0.126,0.559,0.747,2.134,-3.337e-4,0,0.014,1.76,1.746,6.594e-5,896.961,0.001,336.384,0.207,6.4,32.17
26.074,2.853,2643.189,456.9,0.262,0.003,61.437,43.169,0,0.546,0.393,0.028,0.126,0.559,0.755,2.158,-2.971e-4,0,0.014,1.76,1.747,-0.002,897.046,0.001,336.387,0.208,6.4,32.17
26.085,3,2643.189,456.9,0.262,0.003,61.387,43.169,0,0.547,0.393,0.028,0.126,0.56,0.797,2.275,2.809e-4,0,0.014,1.76,1.747,-0.006,897.131,0.001,336.39,0.208,6.4,32.17
26.097,3.222,2643.189,456.9,0.262,0.003,61.311,43.169,0,0.547,0.393,0.028,0.126,0.562,0.86,2.449,7.106e-5,0,0.014,1.761,1.747,-0.01,897.216,0.001,336.393,0.208,6.4,32.17
26.108,3.484,2643.189,456.9,0.262,0.003,61.223,43.169,0,0.547,0.393,0.028,0.126,0.564,0.935,2.651,3.984e-4,0,0.014,1.761,1.747,-0.011,897.301,0.001,336.396,0.208,6.4,32.17
26.12,3.739,2643.189,456.9,0.262,0.003,61.138,43.169,0,0.547,0.393,0.028,0.126,0.567,1.01,2.844,4.045e-5,0,0.014,1.761,1.747,-0.009,897.386,0.001,336.4,0.209,6.4,32.17
26.131,3.949,2643.189,456.9,0.262,0.003,61.069,43.169,0,0.547,0.393,0.028,0.126,0.569,1.071,3.001,1.134e-4,0,0.014,1.761,1.747,-0.006,897.472,0.001,336.403,0.209,6.4,32.17
26.143,4.088,2643.189,456.9,0.262,0.003,61.024,43.169,0,0.547,0.393,0.028,0.126,0.571,1.112,3.105,-4.349e-4,0,0.014,1.761,1.747,-0.002,897.558,0.001,336.406,0.209,6.4,32.17
26.154,4.138,2643.189,456.9,0.262,0.003,61.008,43.169,0,0.547,0.393,0.028,0.126,0.571,1.127,3.141,4.564e-5,0,0.014,1.761,1.747,-2.565e-4,897.644,0.001,336.409,0.209,6.4,32.17
26.166,4.096,2643.189,456.9,0.262,0.003,61.022,43.169,0,0.547,0.393,0.028,0.126,0.571,1.114,3.108,1.73e-4,0,0.013,1.761,1.747,2.151e-4,897.73,0.001,336.412,0.21,6.4,32.17
26.177,3.976,2643.189,456.9,0.262,0.003,61.061,43.169,0,0.547,0.393,0.028,0.126,0.57,1.079,3.015,4.658e-4,0,0.013,1.761,1.747,0.002,897.817,0.001,336.416,0.21,6.4,32.17
26.189,3.793,2643.189,456.9,0.262,0.003,61.121,43.169,0,0.547,0.393,0.028,0.126,0.568,1.025,2.871,4.605e-4,0,0.013,1.761,1.747,0.004,897.904,0.001,336.419,0.21,6.4,32.17
26.201,3.567,2643.189,456.9,0.262,0.003,61.197,43.169,0,0.547,0.393,0.028,0.126,0.566,0.959,2.697,-2.159e-4,0,0.013,1.761,1.747,0.006,897.991,0.001,336.422,0.21,6.4,32.17
26.212,3.331,2643.189,456.9,0.262,0.003,61.276,43.169,0,0.547,0.393,0.028,0.126,0.563,0.891,2.516,2.007e-4,0,0.013,1.761,1.748,0.006,898.079,0.001,336.425,0.211,6.4,32.17
26.224,3.122,2643.189,456.9,0.262,0.003,61.347,43.169,0,0.547,0.393,0.028,0.126,0.562,0.832,2.358,-9.73e-5,0,0.013,1.761,1.748,0.004,898.167,0.001,336.428,0.211,6.4,32.17
26.236,2.974,2643.189,456.9,0.262,0.003,61.398,43.169,0,0.547,0.393,0.028,0.126,0.56,0.79,2.248,-4.353e-4,0,0.013,1.761,1.748,0.001,898.254,0.001,336.432,0.211,6.4,32.17
26.247,2.915,2643.189,456.9,0.262,0.003,61.418,43.169,0,0.547,0.393,0.028,0.126,0.56,0.773,2.204,-6.872e-5,0,0.013,1.761,1.748,-3.501e-7,898.342,0.001,336.435,0.212,6.4,32.17
26.259,2.954,2643.189,456.9,0.262,0.003,61.405,43.169,0,0.547,0.393,0.028,0.126,0.56,0.784,2.236,-4.365e-5,0,0.013,1.761,1.748,-0.001,898.43,0.001,336.438,0.212,6.4,32.17
26.271,3.073,2643.189,456.9,0.262,0.003,61.364,43.169,0,0.547,0.393,0.028,0.126,0.561,0.818,2.328,-2.344e-4,0,0.013,1.761,1.748,-0.004,898.518,0.001,336.441,0.212,6.4,32.17
26.282,3.241,2643.189,456.9,0.262,0.003,61.307,43.169,0,0.547,0.393,0.028,0.126,0.563,0.866,2.459,-4.024e-5,0,0.013,1.761,1.748,-0.006,898.606,0.001,336.445,0.212,6.4,32.17
26.294,3.423,2643.189,456.9,0.262,0.003,61.246,43.169,0,0.547,0.393,0.028,0.126,0.565,0.918,2.598,2.957e-5,0,0.013,1.761,1.748,-0.006,898.695,0.001,336.448,0.213,6.4,32.17
26.305,3.608,2643.189,456.9,0.262,0.003,61.184,43.169,0,0.547,0.393,0.028,0.126,0.566,0.972,2.74,-9.904e-5,0,0.013,1.761,1.748,-0.005,898.785,0.001,336.451,0.213,6.4,32.17
26.317,3.785,2643.189,456.9,0.262,0.003,61.126,43.169,0,0.547,0.393,0.028,0.126,0.568,1.023,2.874,-1.192e-4,0,0.013,1.761,1.748,-0.003,898.876,0.001,336.454,0.213,6.4,32.17
26.328,3.904,2643.189,456.9,0.262,0.003,61.087,43.169,0,0.547,0.393,0.028,0.126,0.569,1.058,2.962,-4.779e-4,0,0.013,1.761,1.748,-9.562e-4,898.962,0.001,336.458,0.213,6.4,32.17
26.338,3.956,2643.189,456.9,0.262,0.003,61.07,43.169,0,0.547,0.393,0.028,0.126,0.57,1.073,3.002,1.789e-4,0,0.013,1.761,1.748,-2.534e-5,899.046,0.001,336.46,0.214,6.4,32.17
26.348,3.936,2643.189,456.9,0.262,0.003,61.076,43.169,0,0.547,0.393,0.028,0.126,0.57,1.067,2.986,2.693e-4,0,0.013,1.761,1.748,4.914e-4,899.129,0.001,336.463,0.214,6.4,32.17
26.359,3.82,2643.189,456.9,0.262,0.003,61.115,43.169,0,0.548,0.393,0.029,0.126,0.569,1.033,2.895,-4.824e-4,0,0.013,1.761,1.748,0.002,899.212,0.001,336.466,0.214,6.4,32.17
26.369,3.645,2643.189,456.9,0.262,0.003,61.173,43.169,0,0.548,0.393,0.029,0.126,0.567,0.982,2.759,-3.064e-4,0,0.013,1.761,1.748,0.004,899.298,0.001,336.469,0.214,6.4,32.17
26.381,3.428,2643.189,456.9,0.262,0.003,61.245,43.169,0,0.548,0.393,0.029,0.126,0.565,0.919,2.591,-3.802e-4,0,0.013,1.761,1.749,0.005,899.387,0.001,336.473,0.215,6.4,32.17
26.392,3.194,2643.189,456.9,0.262,0.003,61.324,43.169,0,0.548,0.393,0.029,0.126,0.563,0.852,2.414,4.653e-4,0,0.013,1.761,1.749,0.005,899.482,0.001,336.476,0.215,6.4,32.17
26.404,2.999,2643.189,456.9,0.262,0.003,61.391,43.169,0,0.548,0.393,0.029,0.126,0.561,0.797,2.267,-4.038e-4,0,0.013,1.761,1.749,0.002,899.576,0.001,336.479,0.215,6.4,32.17
26.416,2.894,2643.189,456.9,0.262,0.003,61.427,43.169,0,0.548,0.393,0.029,0.126,0.56,0.767,2.189,-4.983e-4,0,0.013,1.761,1.749,3.082e-4,899.671,0.001,336.483,0.215,6.4,32.17
26.428,2.893,2643.189,456.9,0.262,0.003,61.428,43.169,0,0.548,0.393,0.029,0.126,0.56,0.767,2.188,-4.333e-4,0,0.013,1.761,1.749,-3.141e-4,899.766,0.001,336.486,0.216,6.4,32.17
26.439,2.986,2643.189,456.9,0.262,0.003,61.396,43.169,0,0.548,0.393,0.029,0.126,0.561,0.793,2.26,-2.922e-4,0,0.013,1.761,1.749,-0.002,899.861,0.001,336.489,0.216,6.4,32.17
26.451,3.139,2643.189,456.9,0.262,0.003,61.344,43.169,0,0.548,0.393,0.029,0.126,0.563,0.837,2.379,1.457e-4,0,0.012,1.761,1.749,-0.004,899.957,0.001,336.493,0.216,6.4,32.17
26.463,3.309,2643.189,456.9,0.262,0.003,61.286,43.169,0,0.548,0.393,0.029,0.126,0.564,0.885,2.511,-1.696e-4,0,0.012,1.761,1.749,-0.005,900.052,0.001,336.496,0.216,6.4,32.17
26.475,3.481,2643.189,456.9,0.262,0.003,61.229,43.169,0,0.548,0.393,0.029,0.126,0.566,0.935,2.642,2.905e-4,0,0.012,1.761,1.749,-0.004,900.148,0.001,336.499,0.217,6.4,32.17
26.486,3.625,2643.189,456.9,0.262,0.003,61.181,43.169,0,0.548,0.393,0.029,0.126,0.567,0.977,2.751,-7.425e-5,0,0.012,1.761,1.749,-0.003,900.244,0.001,336.503,0.217,6.4,32.17
26.498,3.719,2643.189,456.9,0.262,0.003,61.15,43.169,0,0.548,0.393,0.029,0.126,0.568,1.004,2.821,1.235e-5,0,0.012,1.762,1.749,-0.001,900.34,0.001,336.506,0.217,6.4,32.17
26.51,3.735,2643.189,456.9,0.262,0.003,61.145,43.169,0,0.548,0.393,0.029,0.126,0.568,1.008,2.832,-5.987e-5,0,0.012,1.762,1.749,-6.469e-5,900.436,0.001,336.51,0.217,6.4,32.17
26.522,3.677,2643.189,456.9,0.262,0.003,61.164,43.169,0,0.548,0.393,0.029,0.126,0.568,0.992,2.788,4.519e-4,0,0.012,1.762,1.749,2.129e-4,900.533,0.001,336.513,0.218,6.4,32.17
26.534,3.557,2643.189,456.9,0.262,0.003,61.204,43.169,0,0.548,0.393,0.029,0.126,0.567,0.957,2.695,-9.611e-5,0,0.012,1.762,1.749,0.001,900.63,0.001,336.516,0.218,6.4,32.17
26.546,3.396,2643.189,456.9,0.262,0.003,61.258,43.169,0,0.548,0.393,0.029,0.126,0.565,0.91,2.571,-1.83e-4,0,0.012,1.762,1.75,0.002,900.728,0.001,336.52,0.218,6.4,32.17
26.558,3.224,2643.189,456.9,0.262,0.003,61.317,43.169,0,0.548,0.393,0.029,0.126,0.564,0.861,2.439,2.387e-4,0,0.012,1.762,1.75,0.002,900.825,0.001,336.523,0.218,6.4,32.17
26.57,3.072,2643.189,456.9,0.262,0.003,61.368,43.169,0,0.548,0.393,0.029,0.126,0.562,0.818,2.324,-3.157e-4,0,0.012,1.762,1.75,0.001,900.923,0.001,336.527,0.219,6.4,32.17
26.582,2.973,2643.189,456.9,0.262,0.003,61.402,43.169,0,0.548,0.393,0.029,0.126,0.562,0.79,2.249,-3.217e-4,0,0.012,1.762,1.75,1.524e-4,901.021,0.001,336.53,0.219,6.4,32.17
26.593,2.95,2643.189,456.9,0.262,0.003,61.411,43.169,0,0.548,0.393,0.029,0.126,0.562,0.783,2.231,1.638e-4,0,0.012,1.762,1.75,-1.572e-4,901.119,0.001,336.534,0.219,6.4,32.17
26.605,2.996,2643.189,456.9,0.262,0.003,61.395,43.169,0,0.548,0.393,0.029,0.126,0.562,0.796,2.268,3.018e-4,0,0.012,1.762,1.75,-0.001,901.217,0.001,336.537,0.22,6.4,32.17
26.617,3.088,2643.189,456.9,0.262,0.003,61.363,43.169,0,0.548,0.393,0.029,0.126,0.563,0.822,2.34,4.269e-4,0,0.012,1.762,1.75,-0.002,901.315,0.001,336.54,0.22,6.4,32.17
26.629,3.214,2643.189,456.9,0.262,0.003,61.321,43.169,0,0.549,0.393,0.029,0.126,0.564,0.858,2.437,1.817e-4,0,0.012,1.762,1.75,-0.003,901.414,0.001,336.544,0.22,6.4,32.17
26.641,3.348,2643.189,456.9,0.262,0.003,61.275,43.169,0,0.549,0.393,0.029,0.126,0.565,0.897,2.54,9.768e-5,0,0.012,1.762,1.75,-0.003,901.512,0.001,336.547,0.22,6.4,32.17
26.653,3.466,2643.189,456.9,0.262,0.003,61.236,43.169,0,0.549,0.393,0.029,0.126,0.566,0.931,2.629,1.433e-4,0,0.012,1.762,1.75,-0.002,901.611,0.001,336.551,0.221,6.4,32.17
26.665,3.548,2643.189,456.9,0.262,0.003,61.209,43.169,0,0.549,0.393,0.029,0.126,0.567,0.954,2.691,7.433e-6,0,0.012,1.762,1.75,-8.214e-4,901.71,0.001,336.554,0.221,6.4,32.17
26.677,3.58,2643.189,456.9,0.262,0.003,61.199,43.169,0,0.549,0.393,0.029,0.126,0.567,0.963,2.715,1.392e-4,0,0.012,1.762,1.75,-9.874e-5,901.809,0.001,336.558,0.221,6.4,32.17
26.689,3.555,2643.189,456.9,0.262,0.003,61.207,43.169,0,0.549,0.393,0.029,0.126,0.567,0.956,2.695,-1.875e-4,0,0.012,1.762,1.75,8.902e-5,901.908,0.001,336.561,0.221,6.4,32.17
26.701,3.473,2643.189,456.9,0.262,0.003,61.234,43.169,0,0.549,0.393,0.029,0.126,0.567,0.933,2.632,-2.642e-4,0,0.012,1.762,1.75,7.261e-4,902.008,0.001,336.565,0.222,6.4,32.17
26.713,3.319,2643.189,456.9,0.262,0.003,61.286,43.169,0,0.549,0.393,0.029,0.126,0.565,0.888,2.512,-2.453e-5,0,0.012,1.762,1.751,0.002,902.108,0.001,336.568,0.222,6.4,32.17
26.725,3.136,2643.189,456.9,0.262,0.003,61.348,43.169,0,0.549,0.393,0.03,0.126,0.564,0.836,2.373,2.137e-4,0,0.012,1.762,1.751,0.002,902.208,0.001,336.572,0.222,6.4,32.17
26.737,2.967,2643.189,456.9,0.262,0.003,61.407,43.169,0,0.549,0.393,0.03,0.126,0.562,0.788,2.244,-3.907e-4,0,0.011,1.762,1.751,0.001,902.309,0.001,336.576,0.222,6.4,32.17
26.749,2.853,2643.189,456.9,0.262,0.003,61.446,43.169,0,0.549,0.393,0.03,0.126,0.561,0.756,2.158,-2.187e-4,0,0.011,1.762,1.751,9.979e-5,902.409,0.001,336.579,0.223,6.4,32.17
26.761,2.829,2643.189,456.9,0.262,0.003,61.454,43.169,0,0.549,0.393,0.03,0.126,0.561,0.749,2.141,-3.147e-4,0,0.011,1.762,1.751,-2.49e-4,902.51,0.001,336.583,0.223,6.4,32.17
26.773,2.882,2643.189,456.9,0.262,0.003,61.436,43.169,0,0.549,0.393,0.03,0.126,0.562,0.764,2.183,4.015e-4,0,0.011,1.762,1.751,-0.002,902.611,0.001,336.586,0.223,6.4,32.17
26.785,2.998,2643.189,456.9,0.262,0.003,61.396,43.169,0,0.549,0.393,0.03,0.126,0.563,0.797,2.273,1.04e-4,0,0.011,1.762,1.751,-0.003,902.712,0.001,336.59,0.223,6.4,32.17
26.797,3.148,2643.189,456.9,0.262,0.003,61.346,43.169,0,0.549,0.393,0.03,0.127,0.564,0.839,2.388,-2.684e-4,0,0.011,1.762,1.751,-0.004,902.813,0.001,336.593,0.224,6.4,32.17
26.809,3.287,2643.189,456.9,0.262,0.003,61.298,43.169,0,0.549,0.393,0.03,0.127,0.565,0.879,2.494,1.29e-4,0,0.011,1.762,1.751,-0.003,902.912,0.001,336.597,0.224,6.4,32.17
26.82,3.397,2643.189,456.9,0.262,0.003,61.261,43.169,0,0.549,0.393,0.03,0.127,0.566,0.911,2.577,-3.226e-4,0,0.011,1.762,1.751,-0.002,903.006,0.001,336.6,0.224,6.4,32.17
26.831,3.47,2643.189,456.9,0.262,0.003,61.237,43.169,0,0.549,0.393,0.03,0.127,0.567,0.932,2.632,-3.146e-4,0,0.011,1.762,1.751,-9.461e-4,903.098,0.001,336.603,0.224,6.4,32.17
26.842,3.501,2643.189,456.9,0.262,0.003,61.227,43.169,0,0.549,0.393,0.03,0.127,0.567,0.941,2.654,5.886e-5,0,0.011,1.762,1.751,-1.962e-4,903.187,0.001,336.606,0.225,6.4,32.17
26.852,3.49,2643.189,456.9,0.262,0.003,61.231,43.169,0,0.549,0.393,0.03,0.127,0.567,0.938,2.646,1.941e-5,0,0.011,1.762,1.751,1.349e-5,903.276,0.001,336.61,0.225,6.4,32.17
26.863,3.433,2643.189,456.9,0.262,0.003,61.25,43.169,0,0.549,0.393,0.03,0.127,0.567,0.921,2.602,-1.092e-4,0,0.011,1.762,1.751,5e-4,903.364,0.001,336.613,0.225,6.4,32.17
26.873,3.325,2643.189,456.9,0.262,0.003,61.286,43.169,0,0.549,0.393,0.03,0.127,0.566,0.89,2.519,2.235e-4,0,0.011,1.762,1.751,0.001,903.454,0.001,336.616,0.225,6.4,32.17
26.884,3.173,2643.189,456.9,0.262,0.003,61.338,43.169,0,0.549,0.393,0.03,0.127,0.565,0.846,2.4,-2.241e-4,0,0.011,1.763,1.751,0.002,903.547,0.001,336.619,0.226,6.4,32.17
26.896,2.993,2643.189,456.9,0.262,0.003,61.4,43.169,0,0.549,0.393,0.03,0.127,0.563,0.795,2.263,1.23e-4,0,0.011,1.763,1.752,0.002,903.645,0.001,336.623,0.226,6.4,32.17
26.908,2.839,2643.189,456.9,0.262,0.003,61.453,43.169,0,0.55,0.393,0.03,0.127,0.562,0.752,2.147,-8.91e-5,0,0.011,1.763,1.752,0.001,903.748,0.001,336.626,0.226,6.4,32.17
26.92,2.749,2643.189,456.9,0.262,0.003,61.484,43.169,0,0.55,0.393,0.03,0.127,0.561,0.726,2.078,2.721e-5,0,0.011,1.763,1.752,2.185e-4,903.852,0.001,336.63,0.226,6.4,32.17
26.932,2.726,2643.189,456.9,0.262,0.003,61.492,43.169,0,0.55,0.393,0.03,0.127,0.561,0.72,2.062,2.069e-4,0,0.011,1.763,1.752,-1.113e-4,903.955,0.001,336.634,0.227,6.4,32.17
26.945,2.772,2643.189,456.9,0.262,0.003,61.477,43.169,0,0.55,0.393,0.03,0.127,0.561,0.733,2.099,-1.569e-4,0,0.011,1.763,1.752,-0.001,904.059,0.001,336.637,0.227,6.4,32.17
26.957,2.874,2643.189,456.9,0.262,0.003,61.442,43.169,0,0.55,0.393,0.03,0.127,0.562,0.762,2.178,2.209e-5,0,0.011,1.763,1.752,-0.003,904.162,0.001,336.641,0.227,6.4,32.17
26.969,3.018,2643.189,456.9,0.262,0.003,61.392,43.169,0,0.55,0.393,0.03,0.127,0.563,0.803,2.289,5.254e-5,0,0.011,1.763,1.752,-0.004,904.266,0.001,336.645,0.227,6.4,32.17
26.981,3.174,2643.189,456.9,0.262,0.003,61.339,43.169,0,0.55,0.393,0.03,0.127,0.565,0.847,2.408,8.079e-6,0,0.011,1.763,1.752,-0.003,904.37,0.001,336.648,0.228,6.4,32.17
26.993,3.31,2643.189,456.9,0.262,0.003,61.293,43.169,0,0.55,0.393,0.03,0.127,0.566,0.886,2.511,5.284e-5,0,0.011,1.763,1.752,-0.002,904.474,0.001,336.652,0.228,6.4,32.17
27.006,3.393,2643.189,456.9,0.262,0.003,61.265,43.169,0,0.55,0.393,0.03,0.127,0.567,0.91,2.574,-4.303e-4,0,0.011,1.763,1.752,-8.692e-4,904.579,0.001,336.656,0.228,6.4,32.17
27.018,3.412,2643.189,456.9,0.262,0.003,61.259,43.169,0,0.55,0.393,0.03,0.127,0.567,0.915,2.587,3.605e-4,0,0.011,1.763,1.752,-1.011e-4,904.683,0.001,336.659,0.229,6.4,32.17
27.03,3.375,2643.189,456.9,0.262,0.003,61.272,43.169,0,0.55,0.393,0.03,0.127,0.567,0.905,2.558,4.378e-4,0,0.011,1.763,1.752,7.582e-5,904.789,0.001,336.663,0.229,6.4,32.17
27.042,3.291,2643.189,456.9,0.262,0.003,61.3,43.169,0,0.55,0.393,0.03,0.127,0.566,0.88,2.494,1.781e-4,0,0.011,1.763,1.752,5.956e-4,904.894,0.001,336.667,0.229,6.4,32.17
27.055,3.168,2643.189,456.9,0.262,0.003,61.342,43.169,0,0.55,0.393,0.03,0.127,0.565,0.845,2.399,-1.446e-4,0,0.011,1.763,1.752,0.001,905,0.001,336.67,0.229,6.4,32.17
27.067,3.007,2643.189,456.9,0.262,0.003,61.397,43.169,0,0.55,0.393,0.03,0.127,0.564,0.799,2.275,-1.75e-4,0,0.011,1.763,1.752,0.002,905.106,0.001,336.674,0.23,6.4,32.17
27.079,2.834,2643.189,456.9,0.262,0.003,61.457,43.169,0,0.55,0.393,0.03,0.127,0.562,0.75,2.142,-1.227e-4,0,0.01,1.763,1.753,0.002,905.212,0.001,336.678,0.23,6.4,32.17
27.091,2.69,2643.189,456.9,0.262,0.003,61.507,43.169,0,0.55,0.393,0.031,0.127,0.561,0.71,2.035,-4.694e-4,0,0.01,1.763,1.753,4.584e-4,905.318,0.001,336.682,0.23,6.4,32.17
27.104,2.625,2643.189,456.9,0.262,0.003,61.53,43.169,0,0.55,0.393,0.031,0.127,0.561,0.692,1.985,2.827e-4,0,0.01,1.763,1.753,-3.962e-5,905.425,0.001,336.685,0.23,6.4,32.17
27.116,2.664,2643.189,456.9,0.262,0.003,61.516,43.169,0,0.55,0.393,0.031,0.127,0.561,0.703,2.017,9.123e-5,0,0.01,1.763,1.753,-0.001,905.531,0.001,336.689,0.231,6.4,32.17
27.128,2.776,2643.189,456.9,0.262,0.003,61.478,43.169,0,0.55,0.393,0.031,0.127,0.562,0.734,2.103,-3.987e-4,0,0.01,1.763,1.753,-0.003,905.638,0.001,336.693,0.231,6.4,32.17
27.141,2.93,2643.189,456.9,0.262,0.003,61.425,43.169,0,0.55,0.393,0.031,0.127,0.563,0.778,2.222,-1.093e-4,0,0.01,1.763,1.753,-0.004,905.745,0.001,336.697,0.231,6.4,32.17
27.153,3.092,2643.189,456.9,0.262,0.003,61.369,43.169,0,0.55,0.393,0.031,0.127,0.565,0.824,2.346,-2.475e-4,0,0.01,1.763,1.753,-0.003,905.852,0.001,336.7,0.231,6.4,32.17
27.165,3.239,2643.189,456.9,0.262,0.003,61.319,43.169,0,0.55,0.393,0.031,0.127,0.566,0.866,2.457,-2.167e-4,0,0.01,1.763,1.753,-0.002,905.959,0.001,336.704,0.232,6.4,32.17
27.177,3.336,2643.189,456.9,0.262,0.003,61.287,43.169,0,0.551,0.393,0.031,0.127,0.567,0.894,2.531,-2.018e-4,0,0.01,1.763,1.753,-8.999e-4,906.059,0.001,336.708,0.232,6.4,32.17
27.188,3.376,2643.189,456.9,0.262,0.003,61.274,43.169,0,0.551,0.393,0.031,0.127,0.567,0.905,2.56,3.408e-4,0,0.01,1.763,1.753,-8.584e-5,906.157,0.001,336.711,0.232,6.4,32.17
27.199,3.354,2643.189,456.9,0.262,0.003,61.281,43.169,0,0.551,0.393,0.031,0.127,0.567,0.899,2.543,3.085e-4,0,0.01,1.763,1.753,1.496e-4,906.254,0.001,336.715,0.232,6.4,32.17
27.211,3.249,2643.189,456.9,0.262,0.003,61.317,43.169,0,0.551,0.393,0.031,0.127,0.566,0.868,2.461,-3.766e-5,0,0.01,1.763,1.753,8.311e-4,906.352,0.001,336.718,0.233,6.4,32.17
27.222,3.107,2643.189,456.9,0.262,0.003,61.365,43.169,0,0.551,0.393,0.031,0.127,0.565,0.828,2.352,-1.591e-4,0,0.01,1.763,1.753,0.002,906.454,0.001,336.722,0.233,6.4,32.17
27.234,2.954,2643.189,456.9,0.262,0.003,61.418,43.169,0,0.551,0.393,0.031,0.127,0.564,0.785,2.236,3.479e-4,0,0.01,1.763,1.753,0.002,906.559,0.001,336.725,0.233,6.4,32.17
27.247,2.819,2643.189,456.9,0.262,0.003,61.464,43.169,0,0.551,0.393,0.031,0.127,0.563,0.747,2.133,3.286e-5,0,0.01,1.763,1.753,0.001,906.667,0.001,336.729,0.233,6.4,32.17
27.259,2.711,2643.189,456.9,0.262,0.003,61.502,43.169,0,0.551,0.393,0.031,0.127,0.562,0.716,2.051,-1.653e-4,0,0.01,1.763,1.753,3.966e-4,906.776,0.001,336.733,0.234,6.4,32.17
27.271,2.646,2643.189,456.9,0.262,0.003,61.525,43.169,0,0.551,0.393,0.031,0.127,0.562,0.698,2.002,-1.928e-4,0,0.01,1.764,1.754,2.713e-7,906.886,0.001,336.737,0.234,6.4,32.17
27.284,2.648,2643.189,456.9,0.262,0.003,61.524,43.169,0,0.551,0.393,0.031,0.127,0.562,0.699,2.003,9.701e-5,0,0.01,1.764,1.754,-4.626e-4,906.995,0.001,336.741,0.234,6.4,32.17
27.296,2.716,2643.189,456.9,0.262,0.003,61.501,43.169,0,0.551,0.393,0.031,0.127,0.562,0.718,2.057,1.916e-4,0,0.01,1.764,1.754,-0.002,907.105,0.001,336.745,0.234,6.4,32.17
27.309,2.833,2643.189,456.9,0.262,0.003,61.46,43.169,0,0.551,0.393,0.031,0.127,0.563,0.75,2.147,-2.904e-4,0,0.01,1.764,1.754,-0.002,907.214,0.001,336.748,0.235,6.4,32.17
27.321,2.954,2643.189,456.9,0.262,0.003,61.419,43.169,0,0.551,0.393,0.031,0.127,0.564,0.785,2.24,2.503e-4,0,0.01,1.764,1.754,-0.002,907.318,0.001,336.752,0.235,6.4,32.17
27.332,3.054,2643.189,456.9,0.262,0.003,61.385,43.169,0,0.551,0.393,0.031,0.127,0.565,0.813,2.315,7.384e-5,0,0.01,1.764,1.754,-0.002,907.419,0.001,336.756,0.235,6.4,32.17
27.343,3.12,2643.189,456.9,0.262,0.003,61.362,43.169,0,0.551,0.393,0.031,0.127,0.566,0.832,2.366,-3.698e-4,0,0.01,1.764,1.754,-8.512e-4,907.516,0.001,336.759,0.235,6.4,32.17
27.354,3.157,2643.189,456.9,0.262,0.003,61.35,43.169,0,0.551,0.393,0.031,0.127,0.566,0.842,2.393,2.076e-4,0,0.01,1.764,1.754,-2.606e-4,907.612,0.001,336.762,0.236,6.4,32.17
27.364,3.173,2643.189,456.9,0.262,0.003,61.344,43.169,0,0.551,0.393,0.031,0.127,0.566,0.847,2.405,2.192e-4,0,0.01,1.764,1.754,-4.598e-6,907.706,0.001,336.766,0.236,6.4,32.17
27.375,3.15,2643.189,456.9,0.262,0.003,61.353,43.169,0,0.551,0.393,0.031,0.127,0.566,0.84,2.388,-1.02e-4,0,0.01,1.764,1.754,1.548e-4,907.8,0.001,336.769,0.236,6.4,32.17
27.386,3.086,2643.189,456.9,0.262,0.003,61.374,43.169,0,0.551,0.393,0.031,0.127,0.566,0.822,2.338,4.188e-4,0,0.01,1.764,1.754,6.725e-4,907.894,0.001,336.772,0.236,6.4,32.17
27.397,2.984,2643.189,456.9,0.262,0.003,61.409,43.169,0,0.551,0.393,0.031,0.127,0.565,0.793,2.259,-2.82e-4,0,0.01,1.764,1.754,0.001,907.991,0.001,336.776,0.237,6.4,32.17
27.408,2.849,2643.189,456.9,0.262,0.003,61.456,43.169,0,0.551,0.393,0.031,0.127,0.564,0.755,2.155,-4.707e-4,0,0.01,1.764,1.754,0.001,908.091,0.001,336.779,0.237,6.4,32.17
27.42,2.719,2643.189,456.9,0.262,0.003,61.501,43.169,0,0.551,0.393,0.031,0.127,0.563,0.719,2.058,4.059e-4,0,0.01,1.764,1.754,9.117e-4,908.196,0.001,336.783,0.237,6.4,32.17
27.432,2.632,2643.189,456.9,0.262,0.003,61.532,43.169,0,0.551,0.393,0.031,0.127,0.562,0.694,1.991,-2.517e-4,0,0.01,1.764,1.754,1.772e-4,908.308,0.001,336.787,0.237,6.4,32.17
27.445,2.611,2643.189,456.9,0.262,0.003,61.539,43.169,0,0.551,0.393,0.031,0.127,0.562,0.688,1.976,1.077e-4,0,0.01,1.764,1.754,-5.201e-5,908.42,0.001,336.791,0.238,6.4,32.17
27.457,2.622,2643.189,456.9,0.262,0.003,61.536,43.169,0,0.552,0.393,0.032,0.127,0.562,0.691,1.984,2.831e-4,0,0.01,1.764,1.754,-6.796e-4,908.533,0.001,336.795,0.238,6.4,32.17
27.47,2.672,2643.189,456.9,0.262,0.003,61.518,43.169,0,0.552,0.393,0.032,0.127,0.563,0.705,2.024,-1.617e-5,0,0.009,1.764,1.755,-0.002,908.646,0.001,336.799,0.238,6.4,32.17
27.483,2.787,2643.189,456.9,0.262,0.003,61.479,43.169,0,0.552,0.393,0.032,0.127,0.563,0.737,2.113,7.534e-5,0,0.009,1.764,1.755,-0.003,908.759,0.001,336.803,0.238,6.4,32.17
27.495,2.943,2643.189,456.9,0.262,0.003,61.425,43.169,0,0.552,0.393,0.032,0.127,0.565,0.782,2.233,-3.218e-4,0,0.009,1.764,1.755,-0.003,908.873,0.001,336.807,0.239,6.4,32.17
27.508,3.097,2643.189,456.9,0.262,0.003,61.373,43.169,0,0.552,0.393,0.032,0.127,0.566,0.825,2.35,-3.598e-4,0,0.009,1.764,1.755,-0.002,908.987,0.001,336.811,0.239,6.4,32.17
27.521,3.197,2643.189,456.9,0.262,0.003,61.338,43.169,0,0.552,0.393,0.032,0.127,0.567,0.854,2.425,1.51e-4,0,0.009,1.764,1.755,-7.421e-4,909.101,0.001,336.815,0.239,6.4,32.17
27.534,3.226,2643.189,456.9,0.262,0.003,61.329,43.169,0,0.552,0.393,0.032,0.127,0.567,0.862,2.446,-4.821e-4,0,0.009,1.764,1.755,-1.041e-5,909.216,0.001,336.819,0.239,6.4,32.17
27.546,3.174,2643.189,456.9,0.262,0.003,61.347,43.169,0,0.552,0.393,0.032,0.127,0.567,0.847,2.406,3.744e-4,0,0.009,1.764,1.755,4.369e-4,909.331,0.001,336.823,0.24,6.4,32.17
27.559,3.031,2643.189,456.9,0.262,0.003,61.396,43.169,0,0.552,0.393,0.032,0.127,0.566,0.806,2.295,-1.614e-4,0,0.009,1.764,1.755,0.002,909.447,0.001,336.827,0.24,6.4,32.17
27.572,2.838,2643.189,456.9,0.262,0.003,61.462,43.169,0,0.552,0.393,0.032,0.128,0.564,0.752,2.147,3.923e-4,0,0.009,1.764,1.755,0.002,909.563,0.001,336.831,0.24,6.4,32.17
27.585,2.649,2643.189,456.9,0.262,0.003,61.528,43.169,0,0.552,0.393,0.032,0.128,0.563,0.699,2.004,-4.99e-4,0,0.009,1.764,1.755,0.002,909.678,0.001,336.835,0.24,6.4,32.17
27.598,2.512,2643.189,456.9,0.262,0.003,61.576,43.169,0,0.552,0.393,0.032,0.128,0.562,0.661,1.9,2.423e-4,0,0.009,1.764,1.755,5.533e-4,909.794,0.001,336.839,0.241,6.4,32.17
27.61,2.465,2643.189,456.9,0.262,0.003,61.593,43.169,0,0.552,0.393,0.032,0.128,0.562,0.648,1.865,4.642e-4,0,0.009,1.764,1.755,-1.398e-5,909.91,0.001,336.844,0.241,6.4,32.17
27.623,2.514,2643.189,456.9,0.262,0.003,61.575,43.169,0,0.552,0.393,0.032,0.128,0.562,0.662,1.903,2.418e-4,0,0.009,1.764,1.755,-8.488e-4,910.026,0.001,336.848,0.241,6.4,32.17
27.636,2.633,2643.189,456.9,0.262,0.003,61.534,43.169,0,0.552,0.393,0.032,0.128,0.563,0.695,1.995,-3.478e-4,0,0.009,1.764,1.755,-0.002,910.142,0.001,336.852,0.242,6.4,32.17
27.649,2.777,2643.189,456.9,0.262,0.003,61.484,43.169,0,0.552,0.393,0.032,0.128,0.564,0.735,2.105,1.37e-4,0,0.009,1.765,1.755,-0.002,910.257,0.001,336.856,0.242,6.4,32.17
27.661,2.89,2643.189,456.9,0.262,0.003,61.446,43.169,0,0.552,0.393,0.032,0.128,0.565,0.767,2.191,-2.769e-5,0,0.009,1.765,1.755,-0.002,910.366,0.001,336.86,0.242,6.4,32.17
27.672,2.973,2643.189,456.9,0.262,0.003,61.417,43.169,0,0.552,0.393,0.032,0.128,0.566,0.79,2.254,-3.848e-4,0,0.009,1.765,1.756,-0.001,910.469,0.001,336.863,0.242,6.4,32.17
27.683,3.02,2643.189,456.9,0.262,0.003,61.401,43.169,0,0.552,0.393,0.032,0.128,0.566,0.803,2.289,-5.323e-5,0,0.009,1.765,1.756,-3.672e-4,910.568,0.001,336.867,0.243,6.4,32.17
27.694,3.027,2643.189,456.9,0.262,0.003,61.399,43.169,0,0.552,0.393,0.032,0.128,0.566,0.806,2.294,-3.193e-4,0,0.009,1.765,1.756,-2.448e-5,910.666,0.001,336.87,0.243,6.4,32.17
27.704,2.996,2643.189,456.9,0.262,0.003,61.41,43.169,0,0.552,0.393,0.032,0.128,0.566,0.797,2.27,4.574e-4,0,0.009,1.765,1.756,7.745e-5,910.764,0.001,336.874,0.243,6.4,32.17
27.715,2.929,2643.189,456.9,0.262,0.003,61.433,43.169,0,0.552,0.393,0.032,0.128,0.566,0.778,2.219,3.932e-4,0,0.009,1.765,1.756,4.185e-4,910.862,0.001,336.877,0.243,6.4,32.17
27.726,2.834,2643.189,456.9,0.262,0.003,61.466,43.169,0,0.552,0.393,0.032,0.128,0.565,0.751,2.146,1.036e-4,0,0.009,1.765,1.756,8.003e-4,910.962,0.001,336.881,0.243,6.4,32.17
27.737,2.722,2643.189,456.9,0.262,0.003,61.505,43.169,0,0.553,0.393,0.032,0.128,0.564,0.719,2.061,4.707e-4,0,0.009,1.765,1.756,9.334e-4,911.065,0.001,336.884,0.244,6.4,32.17
27.749,2.612,2643.189,456.9,0.262,0.003,61.543,43.169,0,0.553,0.393,0.032,0.128,0.563,0.689,1.977,-3.26e-4,0,0.009,1.765,1.756,6.648e-4,911.171,0.001,336.888,0.244,6.4,32.17
27.761,2.526,2643.189,456.9,0.262,0.003,61.573,43.169,0,0.553,0.393,0.032,0.128,0.563,0.665,1.911,2.544e-4,0,0.009,1.765,1.756,1.844e-4,911.281,0.001,336.892,0.244,6.4,32.17
27.773,2.488,2643.189,456.9,0.262,0.003,61.587,43.169,0,0.553,0.393,0.032,0.128,0.562,0.654,1.883,2.306e-4,0,0.009,1.765,1.756,-1.4e-5,911.394,0.001,336.896,0.244,6.4,32.17
27.786,2.507,2643.189,456.9,0.262,0.003,61.58,43.169,0,0.553,0.393,0.032,0.128,0.562,0.66,1.898,-4.624e-4,0,0.009,1.765,1.756,-4.571e-4,911.508,0.001,336.9,0.245,6.4,32.17
27.798,2.576,2643.189,456.9,0.262,0.003,61.556,43.169,0,0.553,0.393,0.032,0.128,0.563,0.679,1.951,3.071e-4,0,0.009,1.765,1.756,-0.001,911.621,0.001,336.904,0.245,6.4,32.17
27.81,2.668,2643.189,456.9,0.262,0.003,61.525,43.169,0,0.553,0.393,0.032,0.128,0.564,0.704,2.022,-2.418e-4,0,0.009,1.765,1.756,-0.002,911.732,0.001,336.908,0.245,6.4,32.17
27.822,2.762,2643.189,456.9,0.262,0.003,61.492,43.169,0,0.553,0.392,0.033,0.128,0.565,0.731,2.093,-2.801e-4,0,0.009,1.765,1.756,-0.002,911.841,0.001,336.912,0.245,6.4,32.17
27.833,2.841,2643.189,456.9,0.262,0.003,61.465,43.169,0,0.553,0.392,0.033,0.128,0.565,0.753,2.153,5.32e-5,0,0.009,1.765,1.756,-0.001,911.947,0.001,336.915,0.246,6.4,32.17
27.845,2.894,2643.189,456.9,0.262,0.003,61.447,43.169,0,0.553,0.392,0.033,0.128,0.566,0.768,2.194,4.927e-4,0,0.009,1.765,1.756,-5.041e-4,912.051,0.001,336.919,0.246,6.4,32.17
27.856,2.918,2643.189,456.9,0.262,0.003,61.439,43.169,0,0.553,0.392,0.033,0.128,0.566,0.775,2.211,-3.219e-4,0,0.009,1.765,1.757,-1.336e-4,912.153,0.001,336.923,0.246,6.4,32.17
27.867,2.918,2643.189,456.9,0.262,0.003,61.439,43.169,0,0.553,0.392,0.033,0.128,0.566,0.775,2.211,3.94e-4,0,0.009,1.765,1.757,-5.202e-7,912.254,0.001,336.926,0.246,6.4,32.17
27.878,2.892,2643.189,456.9,0.262,0.003,61.448,43.169,0,0.553,0.392,0.033,0.128,0.566,0.767,2.192,2.882e-4,0,0.008,1.765,1.757,1.037e-4,912.356,0.001,336.93,0.247,6.4,32.17
27.889,2.84,2643.189,456.9,0.262,0.003,61.466,43.169,0,0.553,0.392,0.033,0.128,0.565,0.753,2.151,-4.117e-4,0,0.008,1.765,1.757,4.046e-4,912.459,0.001,336.933,0.247,6.4,32.17
27.9,2.761,2643.189,456.9,0.262,0.003,61.493,43.169,0,0.553,0.392,0.033,0.128,0.565,0.731,2.091,-4.156e-4,0,0.008,1.765,1.757,7.699e-4,912.565,0.001,336.937,0.247,6.4,32.17
27.912,2.641,2643.189,456.9,0.262,0.003,61.535,43.169,0,0.553,0.392,0.033,0.128,0.564,0.697,1.999,-9.956e-5,0,0.008,1.765,1.757,8.408e-4,912.675,0.001,336.941,0.247,6.4,32.17
27.924,2.527,2643.189,456.9,0.262,0.003,61.575,43.169,0,0.553,0.392,0.033,0.128,0.563,0.665,1.912,-1.792e-4,0,0.008,1.765,1.757,4.695e-4,912.791,0.001,336.945,0.247,6.4,32.17
27.938,2.453,2643.189,456.9,0.262,0.003,61.602,43.169,0,0.553,0.392,0.033,0.128,0.563,0.644,1.856,1.932e-4,0,0.008,1.765,1.757,3.562e-5,912.913,0.001,336.949,0.248,6.4,32.17
27.951,2.444,2643.189,456.9,0.262,0.003,61.605,43.169,0,0.553,0.392,0.033,0.128,0.563,0.642,1.85,-3.227e-4,0,0.008,1.765,1.757,-1.669e-4,913.036,0.001,336.954,0.248,6.4,32.17
27.964,2.498,2643.189,456.9,0.262,0.003,61.586,43.169,0,0.553,0.392,0.033,0.128,0.563,0.657,1.891,3.581e-4,0,0.008,1.765,1.757,-8.12e-4,913.158,0.001,336.958,0.248,6.4,32.17
27.977,2.593,2643.189,456.9,0.262,0.003,61.553,43.169,0,0.553,0.392,0.033,0.128,0.564,0.683,1.965,-5.875e-6,0,0.008,1.765,1.757,-0.001,913.281,0.001,336.962,0.249,6.4,32.17
27.99,2.696,2643.189,456.9,0.262,0.003,61.517,43.169,0,0.553,0.392,0.033,0.128,0.565,0.712,2.043,4.195e-4,0,0.008,1.765,1.757,-0.001,913.404,0.001,336.967,0.249,6.4,32.17
28.003,2.778,2643.189,456.9,0.262,0.003,61.489,43.169,0,0.554,0.392,0.033,0.128,0.565,0.735,2.106,-1.299e-4,0,0.008,1.765,1.757,-7.505e-4,913.527,0.001,336.971,0.249,6.4,32.17
28.016,2.821,2643.189,456.9,0.262,0.003,61.474,43.169,0,0.554,0.392,0.033,0.128,0.566,0.748,2.138,2.523e-4,0,0.008,1.765,1.757,-2.519e-4,913.651,0.001,336.975,0.249,6.4,32.17
28.03,2.822,2643.189,456.9,0.262,0.003,61.474,43.169,0,0.554,0.392,0.033,0.128,0.566,0.748,2.139,-3.754e-4,0,0.008,1.766,1.757,-8.84e-6,913.774,0.001,336.98,0.25,6.4,32.17
28.043,2.781,2643.189,456.9,0.262,0.003,61.488,43.169,0,0.554,0.392,0.033,0.128,0.566,0.736,2.107,4.122e-4,0,0.008,1.766,1.757,7.375e-5,913.896,0.001,336.984,0.25,6.4,32.17
28.056,2.707,2643.189,456.9,0.262,0.003,61.514,43.169,0,0.554,0.392,0.033,0.128,0.565,0.715,2.05,1.22e-4,0,0.008,1.766,1.757,2.793e-4,914.018,0.001,336.988,0.25,6.4,32.17
28.069,2.614,2643.189,456.9,0.262,0.003,61.547,43.169,0,0.554,0.392,0.033,0.128,0.564,0.689,1.979,-4.198e-4,0,0.008,1.766,1.758,3.754e-4,914.141,0.001,336.993,0.25,6.4,32.17
28.082,2.525,2643.189,456.9,0.262,0.003,61.578,43.169,0,0.554,0.392,0.033,0.128,0.564,0.665,1.912,-4.005e-5,0,0.008,1.766,1.758,2.389e-4,914.265,0.001,336.997,0.251,6.4,32.17
28.095,2.463,2643.189,456.9,0.262,0.003,61.6,43.169,0,0.554,0.392,0.033,0.128,0.563,0.648,1.865,1.196e-4,0,0.008,1.766,1.758,3.343e-5,914.389,0.001,337.001,0.251,6.4,32.17
28.108,2.444,2643.189,456.9,0.262,0.003,61.607,43.169,0,0.554,0.392,0.033,0.128,0.563,0.642,1.851,2.097e-5,0,0.008,1.766,1.758,-5.653e-5,914.512,0.001,337.006,0.251,6.4,32.17
28.121,2.474,2643.189,456.9,0.262,0.003,61.597,43.169,0,0.554,0.392,0.033,0.128,0.563,0.65,1.873,2.467e-4,0,0.008,1.766,1.758,-3.842e-4,914.631,0.001,337.01,0.251,6.4,32.17
28.133,2.535,2643.189,456.9,0.262,0.003,61.575,43.169,0,0.554,0.392,0.033,0.128,0.564,0.667,1.92,-1.131e-4,0,0.008,1.766,1.758,-6.992e-4,914.746,0.001,337.014,0.252,6.4,32.17
28.144,2.605,2643.189,456.9,0.262,0.003,61.551,43.169,0,0.554,0.392,0.033,0.128,0.565,0.687,1.974,3.144e-4,0,0.008,1.766,1.758,-7.464e-4,914.856,0.001,337.018,0.252,6.4,32.17
28.156,2.661,2643.189,456.9,0.262,0.003,61.532,43.169,0,0.554,0.392,0.033,0.128,0.565,0.703,2.016,-3.829e-4,0,0.008,1.766,1.758,-5.558e-4,914.962,0.001,337.022,0.252,6.4,32.17
28.167,2.694,2643.189,456.9,0.262,0.003,61.52,43.169,0,0.554,0.392,0.034,0.128,0.565,0.712,2.042,-2.905e-4,0,0.008,1.766,1.758,-3.021e-4,915.066,0.001,337.025,0.252,6.4,32.17
28.177,2.706,2643.189,456.9,0.262,0.003,61.516,43.169,0,0.554,0.392,0.034,0.128,0.565,0.715,2.051,3.896e-4,0,0.008,1.766,1.758,-1.005e-4,915.167,0.001,337.029,0.253,6.4,32.17
28.188,2.697,2643.189,456.9,0.262,0.003,61.52,43.169,0,0.554,0.392,0.034,0.128,0.565,0.713,2.043,-1.366e-4,0,0.008,1.766,1.758,-7.216e-6,915.269,0.001,337.032,0.253,6.4,32.17
28.199,2.668,2643.189,456.9,0.262,0.003,61.53,43.169,0,0.554,0.392,0.034,0.128,0.565,0.705,2.021,-4.944e-4,0,0.008,1.766,1.758,1.278e-5,915.37,0.001,337.036,0.253,6.4,32.17
28.209,2.608,2643.189,456.9,0.262,0.003,61.551,43.169,0,0.554,0.392,0.034,0.128,0.565,0.688,1.976,-1.248e-4,0,0.008,1.766,1.758,9.597e-5,915.472,0.001,337.04,0.253,6.4,32.17
28.22,2.529,2643.189,456.9,0.262,0.003,61.579,43.169,0,0.554,0.392,0.034,0.128,0.564,0.666,1.915,2.573e-4,0,0.008,1.766,1.758,1.304e-4,915.576,0.001,337.043,0.253,6.4,32.17
28.231,2.45,2643.189,456.9,0.262,0.003,61.606,43.169,0,0.554,0.392,0.034,0.128,0.564,0.644,1.855,2.489e-4,0,0.008,1.766,1.758,4.278e-5,915.684,0.001,337.047,0.254,6.4,32.17
28.243,2.4,2643.189,456.9,0.262,0.003,61.624,43.169,0,0.554,0.392,0.034,0.128,0.563,0.63,1.817,1.592e-4,0,0.008,1.766,1.758,-2.123e-5,915.795,0.001,337.051,0.254,6.4,32.17
28.255,2.404,2643.189,456.9,0.262,0.003,61.623,43.169,0,0.555,0.392,0.034,0.128,0.564,0.631,1.82,2.44e-4,0,0.008,1.766,1.758,-3.319e-4,915.909,0.001,337.055,0.254,6.4,32.17
28.267,2.461,2643.189,456.9,0.262,0.003,61.603,43.169,0,0.555,0.392,0.034,0.128,0.564,0.647,1.864,4.247e-5,0,0.008,1.766,1.758,-7.988e-4,916.025,0.001,337.059,0.254,6.4,32.17
28.279,2.546,2643.189,456.9,0.262,0.003,61.573,43.169,0,0.555,0.392,0.034,0.128,0.565,0.671,1.929,3.384e-4,0,0.008,1.766,1.758,-0.001,916.14,0.001,337.063,0.255,6.4,32.17
28.291,2.634,2643.189,456.9,0.262,0.003,61.543,43.169,0,0.555,0.392,0.034,0.128,0.565,0.695,1.996,-4.878e-4,0,0.008,1.766,1.758,-7.873e-4,916.253,0.001,337.067,0.255,6.4,32.17
28.303,2.692,2643.189,456.9,0.262,0.003,61.523,43.169,0,0.555,0.392,0.034,0.128,0.566,0.711,2.041,3.059e-4,0,0.008,1.766,1.759,-3.412e-4,916.364,0.001,337.071,0.255,6.4,32.17
28.314,2.689,2643.189,456.9,0.262,0.003,61.524,43.169,0,0.555,0.392,0.034,0.128,0.566,0.711,2.038,2.689e-4,0,0.008,1.766,1.759,-4.415e-5,916.473,0.001,337.075,0.255,6.4,32.17
28.325,2.65,2643.189,456.9,0.262,0.003,61.538,43.169,0,0.555,0.392,0.034,0.128,0.566,0.7,2.007,4.056e-4,0,0.008,1.766,1.759,1.051e-5,916.582,0.001,337.079,0.256,6.4,32.17
28.337,2.585,2643.189,456.9,0.262,0.003,61.561,43.169,0,0.555,0.392,0.034,0.129,0.565,0.681,1.959,-2.075e-4,0,0.008,1.766,1.759,8.802e-5,916.694,0.001,337.083,0.256,6.4,32.17
28.349,2.512,2643.189,456.9,0.262,0.003,61.587,43.169,0,0.555,0.392,0.034,0.129,0.565,0.661,1.903,1.859e-4,0,0.008,1.766,1.759,1.09e-4,916.81,0.001,337.087,0.256,6.4,32.17
28.362,2.446,2643.189,456.9,0.262,0.003,61.61,43.169,0,0.555,0.392,0.034,0.129,0.564,0.643,1.852,-1.104e-4,0,0.008,1.766,1.759,6.478e-5,916.932,0.001,337.091,0.256,6.4,32.17
28.375,2.398,2643.189,456.9,0.262,0.003,61.627,43.169,0,0.555,0.392,0.034,0.129,0.564,0.629,1.816,4.008e-4,0,0.008,1.766,1.759,7.718e-7,917.061,0.001,337.096,0.257,6.4,32.17
28.389,2.386,2643.189,456.9,0.262,0.003,61.631,43.169,0,0.555,0.392,0.034,0.129,0.564,0.626,1.807,-3.95e-4,0,0.007,1.766,1.759,-7.61e-5,917.193,0.001,337.1,0.257,6.4,32.17
28.402,2.411,2643.189,456.9,0.262,0.003,61.623,43.169,0,0.555,0.392,0.034,0.129,0.564,0.633,1.826,-4.603e-4,0,0.007,1.767,1.759,-2.871e-4,917.324,0.001,337.105,0.257,6.4,32.17
28.416,2.455,2643.189,456.9,0.262,0.003,61.607,43.169,0,0.555,0.392,0.034,0.129,0.565,0.645,1.86,-5.123e-6,0,0.007,1.767,1.759,-4.892e-4,917.456,0.001,337.11,0.257,6.4,32.17
28.43,2.515,2643.189,456.9,0.262,0.003,61.587,43.169,0,0.555,0.392,0.034,0.129,0.565,0.662,1.905,4.712e-4,0,0.007,1.767,1.759,-5.022e-4,917.588,0.001,337.114,0.258,6.4,32.17
28.443,2.57,2643.189,456.9,0.262,0.003,61.567,43.169,0,0.555,0.392,0.034,0.129,0.566,0.677,1.948,2.648e-4,0,0.007,1.767,1.759,-3.029e-4,917.72,0.001,337.119,0.258,6.4,32.17
28.457,2.599,2643.189,456.9,0.262,0.003,61.558,43.169,0,0.555,0.392,0.034,0.129,0.566,0.685,1.969,-3.011e-4,0,0.007,1.767,1.759,-7.15e-5,917.849,0.001,337.123,0.258,6.4,32.17
28.469,2.59,2643.189,456.9,0.262,0.003,61.561,43.169,0,0.555,0.392,0.034,0.129,0.566,0.683,1.963,-2.298e-4,0,0.007,1.767,1.759,3.08e-6,917.975,0.001,337.128,0.258,6.4,32.17
28.482,2.545,2643.189,456.9,0.262,0.003,61.577,43.169,0,0.555,0.392,0.034,0.129,0.565,0.67,1.928,-2.683e-4,0,0.007,1.767,1.759,1.131e-4,918.099,0.001,337.132,0.259,6.4,32.17
28.495,2.471,2643.189,456.9,0.262,0.003,61.603,43.169,0,0.555,0.392,0.035,0.129,0.565,0.65,1.872,3.8e-4,0,0.007,1.767,1.759,2.504e-4,918.223,0.001,337.137,0.259,6.4,32.17
28.508,2.379,2643.189,456.9,0.262,0.003,61.635,43.169,0,0.556,0.392,0.035,0.129,0.564,0.624,1.802,6.671e-5,0,0.007,1.767,1.76,1.814e-4,918.348,0.001,337.141,0.259,6.4,32.17
28.521,2.314,2643.189,456.9,0.262,0.003,61.659,43.169,0,0.556,0.392,0.035,0.129,0.564,0.606,1.752,-2.957e-4,0,0.007,1.767,1.76,7.905e-6,918.474,0.001,337.145,0.259,6.4,32.17
28.534,2.305,2643.189,456.9,0.262,0.003,61.662,43.169,0,0.556,0.392,0.035,0.129,0.564,0.604,1.746,2.854e-4,0,0.007,1.767,1.76,-1.171e-4,918.599,0.001,337.15,0.26,6.4,32.17
28.546,2.35,2643.189,456.9,0.262,0.003,61.646,43.169,0,0.556,0.392,0.035,0.129,0.564,0.616,1.78,-3.154e-4,0,0.007,1.767,1.76,-4.578e-4,918.72,0.001,337.154,0.26,6.4,32.17
28.558,2.412,2643.189,456.9,0.262,0.003,61.624,43.169,0,0.556,0.392,0.035,0.129,0.565,0.634,1.828,-2.365e-4,0,0.007,1.767,1.76,-6.534e-4,918.836,0.001,337.158,0.26,6.4,32.17
28.569,2.474,2643.189,456.9,0.262,0.003,61.603,43.169,0,0.556,0.392,0.035,0.129,0.565,0.651,1.875,4.742e-5,0,0.007,1.767,1.76,-6.033e-4,918.947,0.001,337.162,0.26,6.4,32.17
28.58,2.524,2643.189,456.9,0.262,0.003,61.586,43.169,0,0.556,0.392,0.035,0.129,0.566,0.665,1.913,4.938e-4,0,0.007,1.767,1.76,-3.848e-4,919.055,0.001,337.166,0.261,6.4,32.17
28.591,2.553,2643.189,456.9,0.262,0.003,61.575,43.169,0,0.556,0.392,0.035,0.129,0.566,0.673,1.935,1.217e-4,0,0.007,1.767,1.76,-1.461e-4,919.16,0.001,337.17,0.261,6.4,32.17
28.601,2.557,2643.189,456.9,0.262,0.003,61.574,43.169,0,0.556,0.392,0.035,0.129,0.566,0.674,1.938,-4.778e-4,0,0.007,1.767,1.76,-1.236e-5,919.263,0.001,337.173,0.261,6.4,32.17
28.612,2.537,2643.189,456.9,0.262,0.003,61.581,43.169,0,0.556,0.392,0.035,0.129,0.566,0.668,1.923,-4.812e-4,0,0.007,1.767,1.76,1.808e-5,919.366,0.001,337.177,0.261,6.4,32.17
28.622,2.496,2643.189,456.9,0.262,0.003,61.596,43.169,0,0.556,0.392,0.035,0.129,0.566,0.657,1.891,4.975e-4,0,0.007,1.767,1.76,1.148e-4,919.47,0.001,337.181,0.261,6.4,32.17
28.633,2.438,2643.189,456.9,0.262,0.003,61.616,43.169,0,0.556,0.392,0.035,0.129,0.565,0.641,1.847,1.764e-4,0,0.007,1.767,1.76,2.178e-4,919.575,0.001,337.184,0.262,6.4,32.17
28.644,2.372,2643.189,456.9,0.262,0.003,61.64,43.169,0,0.556,0.392,0.035,0.129,0.565,0.622,1.796,-1.661e-4,0,0.007,1.767,1.76,2.348e-4,919.683,0.001,337.188,0.262,6.4,32.17
28.655,2.305,2643.189,456.9,0.262,0.003,61.664,43.169,0,0.556,0.392,0.035,0.129,0.564,0.604,1.745,2.651e-4,0,0.007,1.767,1.76,1.309e-4,919.794,0.001,337.192,0.262,6.4,32.17
28.667,2.254,2643.189,456.9,0.262,0.003,61.682,43.169,0,0.556,0.392,0.035,0.129,0.564,0.59,1.706,-1.31e-5,0,0.007,1.767,1.76,6.945e-6,919.908,0.001,337.196,0.262,6.4,32.17
28.679,2.238,2643.189,456.9,0.262,0.003,61.688,43.169,0,0.556,0.392,0.035,0.129,0.564,0.585,1.694,4.59e-4,0,0.007,1.767,1.76,-8.486e-5,920.025,0.001,337.2,0.262,6.4,32.17
28.691,2.264,2643.189,456.9,0.262,0.003,61.679,43.169,0,0.556,0.392,0.035,0.129,0.564,0.593,1.715,3.431e-4,0,0.007,1.767,1.76,-4.234e-4,920.145,0.001,337.204,0.263,6.4,32.17
28.703,2.325,2643.189,456.9,0.262,0.003,61.657,43.169,0,0.556,0.392,0.035,0.129,0.565,0.609,1.762,6.842e-5,0,0.007,1.767,1.76,-7.682e-4,920.266,0.001,337.209,0.263,6.4,32.17
28.715,2.399,2643.189,456.9,0.262,0.003,61.631,43.169,0,0.556,0.392,0.035,0.129,0.565,0.63,1.818,2.223e-4,0,0.007,1.767,1.76,-8.318e-4,920.387,0.001,337.213,0.263,6.4,32.17
28.727,2.467,2643.189,456.9,0.262,0.003,61.608,43.169,0,0.556,0.392,0.035,0.129,0.566,0.649,1.87,-4.624e-4,0,0.007,1.767,1.76,-6e-4,920.506,0.001,337.217,0.263,6.4,32.17
28.739,2.513,2643.189,456.9,0.262,0.003,61.592,43.169,0,0.556,0.392,0.035,0.129,0.566,0.662,1.905,4.937e-4,0,0.007,1.767,1.761,-2.615e-4,920.624,0.001,337.221,0.264,6.4,32.17
28.751,2.527,2643.189,456.9,0.262,0.003,61.587,43.169,0,0.556,0.392,0.035,0.129,0.566,0.666,1.916,-1.961e-4,0,0.007,1.767,1.761,-3.102e-5,920.741,0.001,337.225,0.264,6.4,32.17
28.763,2.503,2643.189,456.9,0.262,0.003,61.595,43.169,0,0.557,0.392,0.035,0.129,0.566,0.659,1.897,3.049e-4,0,0.007,1.767,1.761,5.694e-5,920.858,0.001,337.229,0.264,6.4,32.17
28.775,2.429,2643.189,456.9,0.262,0.003,61.621,43.169,0,0.557,0.392,0.035,0.129,0.566,0.638,1.84,2.158e-5,0,0.007,1.768,1.761,3.245e-4,920.976,0.001,337.234,0.264,6.4,32.17
28.787,2.317,2643.189,456.9,0.262,0.003,61.661,43.169,0,0.557,0.392,0.035,0.129,0.565,0.607,1.754,4.242e-4,0,0.007,1.768,1.761,4.894e-4,921.099,0.001,337.238,0.264,6.4,32.17
28.8,2.195,2643.189,456.9,0.262,0.003,61.705,43.169,0,0.557,0.392,0.035,0.129,0.564,0.574,1.662,1.482e-4,0,0.007,1.768,1.761,2.447e-4,921.23,0.001,337.243,0.265,6.4,32.17
28.814,2.168,2643.189,456.9,0.262,0.003,61.714,43.169,0,0.557,0.392,0.035,0.129,0.564,0.567,1.641,-3.034e-4,0,0.007,1.768,1.761,2.593e-6,921.371,0.001,337.248,0.265,6.4,32.17
28.829,2.183,2643.189,456.9,0.262,0.003,61.709,43.169,0,0.557,0.392,0.036,0.129,0.564,0.571,1.653,-1.057e-4,0,0.007,1.768,1.761,-1.021e-4,921.512,0.001,337.253,0.265,6.4,32.17
28.843,2.217,2643.189,456.9,0.262,0.003,61.698,43.169,0,0.557,0.392,0.036,0.129,0.565,0.58,1.679,1.129e-4,0,0.007,1.768,1.761,-3.123e-4,921.652,0.001,337.258,0.266,6.4,32.17
28.857,2.273,2643.189,456.9,0.262,0.003,61.678,43.169,0,0.557,0.392,0.036,0.129,0.565,0.595,1.722,-4.628e-4,0,0.007,1.768,1.761,-6.241e-4,921.793,0.001,337.262,0.266,6.4,32.17
28.871,2.374,2643.189,456.9,0.262,0.003,61.642,43.169,0,0.557,0.392,0.036,0.129,0.566,0.623,1.799,-8.535e-6,0,0.007,1.768,1.761,-7.54e-4,921.932,0.001,337.267,0.266,6.4,32.17
28.883,2.462,2643.189,456.9,0.262,0.003,61.611,43.169,0,0.557,0.392,0.036,0.129,0.567,0.648,1.866,9.634e-5,0,0.007,1.768,1.761,-4.251e-4,922.059,0.001,337.272,0.266,6.4,32.17
28.895,2.51,2643.189,456.9,0.262,0.003,61.595,43.169,0,0.557,0.392,0.036,0.129,0.567,0.661,1.902,-2.258e-4,0,0.007,1.768,1.761,-6.822e-5,922.179,0.001,337.276,0.267,6.4,32.17
28.907,2.5,2643.189,456.9,0.262,0.003,61.598,43.169,0,0.557,0.392,0.036,0.129,0.567,0.658,1.895,3.741e-4,0,0.007,1.768,1.761,2.911e-5,922.297,0.001,337.28,0.267,6.4,32.17
28.919,2.44,2643.189,456.9,0.262,0.003,61.619,43.169,0,0.557,0.392,0.036,0.129,0.566,0.642,1.849,-6.472e-5,0,0.007,1.768,1.761,2.885e-4,922.414,0.001,337.284,0.267,6.4,32.17
28.93,2.343,2643.189,456.9,0.262,0.003,61.654,43.169,0,0.557,0.392,0.036,0.129,0.566,0.615,1.775,3.581e-4,0,0.007,1.768,1.761,5.78e-4,922.533,0.001,337.289,0.267,6.4,32.17
28.943,2.227,2643.189,456.9,0.262,0.003,61.695,43.169,0,0.557,0.392,0.036,0.129,0.565,0.583,1.686,-4.967e-4,0,0.007,1.768,1.761,5.545e-4,922.656,0.001,337.293,0.267,6.4,32.17
28.955,2.132,2643.189,456.9,0.262,0.003,61.729,43.169,0,0.557,0.392,0.036,0.129,0.565,0.557,1.614,4.877e-4,0,0.007,1.768,1.761,1.733e-4,922.782,0.001,337.297,0.268,6.4,32.17
28.968,2.099,2643.189,456.9,0.262,0.003,61.741,43.169,0,0.557,0.392,0.036,0.129,0.564,0.548,1.589,-3.033e-4,0,0.007,1.768,1.762,-1.072e-5,922.909,0.001,337.302,0.268,6.4,32.17
28.98,2.124,2643.189,456.9,0.262,0.003,61.733,43.169,0,0.557,0.392,0.036,0.129,0.565,0.554,1.609,2.833e-4,0,0.007,1.768,1.762,-3.492e-4,923.035,0.001,337.306,0.268,6.4,32.17
28.992,2.189,2643.189,456.9,0.262,0.003,61.71,43.169,0,0.557,0.392,0.036,0.129,0.565,0.572,1.659,1.723e-4,0,0.006,1.768,1.762,-8.103e-4,923.156,0.001,337.311,0.268,6.4,32.17
29.004,2.268,2643.189,456.9,0.262,0.003,61.682,43.169,0,0.557,0.392,0.036,0.129,0.566,0.594,1.719,-1.603e-4,0,0.006,1.768,1.762,-9.933e-4,923.273,0.001,337.315,0.269,6.4,32.17
29.015,2.34,2643.189,456.9,0.262,0.003,61.656,43.169,0,0.558,0.392,0.036,0.129,0.566,0.614,1.775,3.875e-4,0,0.006,1.768,1.762,-8.433e-4,923.385,0.001,337.319,0.269,6.4,32.17
29.026,2.393,2643.189,456.9,0.262,0.003,61.638,43.169,0,0.558,0.392,0.036,0.129,0.567,0.629,1.814,-3.183e-4,0,0.006,1.768,1.762,-5.201e-4,923.494,0.001,337.322,0.269,6.4,32.17
29.036,2.421,2643.189,456.9,0.262,0.003,61.628,43.169,0,0.558,0.392,0.036,0.129,0.567,0.636,1.836,-4.247e-4,0,0.006,1.768,1.762,-2.125e-4,923.6,0.001,337.326,0.269,6.4,32.17
29.046,2.423,2643.189,456.9,0.262,0.003,61.627,43.169,0,0.558,0.392,0.036,0.129,0.567,0.637,1.837,4.837e-4,0,0.006,1.768,1.762,-3.436e-5,923.705,0.001,337.33,0.269,6.4,32.17
29.057,2.412,2643.189,456.9,0.262,0.003,61.631,43.169,0,0.558,0.392,0.036,0.129,0.567,0.634,1.828,-1.669e-4,0,0.006,1.768,1.762,1.097e-5,923.81,0.001,337.334,0.27,6.4,32.17
29.067,2.376,2643.189,456.9,0.262,0.003,61.644,43.169,0,0.558,0.392,0.036,0.129,0.567,0.624,1.801,1.522e-4,0,0.006,1.768,1.762,1.555e-4,923.915,0.001,337.337,0.27,6.4,32.17
29.078,2.31,2643.189,456.9,0.262,0.003,61.668,43.169,0,0.558,0.392,0.036,0.129,0.566,0.605,1.75,-1.758e-4,0,0.006,1.768,1.762,3.748e-4,924.022,0.001,337.341,0.27,6.4,32.17
29.089,2.22,2643.189,456.9,0.262,0.003,61.7,43.169,0,0.558,0.392,0.036,0.129,0.566,0.581,1.681,-2.279e-4,0,0.006,1.768,1.762,4.729e-4,924.132,0.001,337.345,0.27,6.4,32.17
29.1,2.122,2643.189,456.9,0.262,0.003,61.735,43.169,0,0.558,0.392,0.036,0.13,0.565,0.554,1.607,-4.068e-4,0,0.006,1.768,1.762,2.967e-4,924.247,0.001,337.349,0.27,6.4,32.17
29.112,2.055,2643.189,456.9,0.262,0.003,61.759,43.169,0,0.558,0.392,0.036,0.13,0.565,0.536,1.557,-8.435e-5,0,0.006,1.768,1.762,1.524e-5,924.369,0.001,337.353,0.271,6.4,32.17
29.124,2.044,2643.189,456.9,0.262,0.003,61.763,43.169,0,0.558,0.392,0.036,0.13,0.565,0.533,1.548,-5.947e-6,0,0.006,1.768,1.762,-2.028e-4,924.498,0.001,337.358,0.271,6.4,32.17
29.138,2.102,2643.189,456.9,0.262,0.003,61.743,43.169,0,0.558,0.392,0.036,0.13,0.565,0.548,1.593,-1.849e-4,0,0.006,1.768,1.762,-9.304e-4,924.632,0.001,337.363,0.271,6.4,32.17
29.151,2.212,2643.189,456.9,0.262,0.003,61.704,43.169,0,0.558,0.392,0.037,0.13,0.566,0.579,1.678,2.32e-4,0,0.006,1.769,1.762,-0.001,924.768,0.001,337.367,0.271,6.4,32.17
29.164,2.327,2643.189,456.9,0.262,0.003,61.663,43.169,0,0.558,0.392,0.037,0.13,0.567,0.61,1.764,-1.017e-4,0,0.006,1.769,1.762,-0.001,924.904,0.001,337.372,0.272,6.4,32.17
29.177,2.401,2643.189,456.9,0.262,0.003,61.637,43.169,0,0.558,0.392,0.037,0.13,0.567,0.631,1.821,1.851e-5,0,0.006,1.769,1.762,-4.713e-4,925.037,0.001,337.377,0.272,6.4,32.17
29.19,2.423,2643.189,456.9,0.262,0.003,61.63,43.169,0,0.558,0.392,0.037,0.13,0.567,0.637,1.837,1.88e-4,0,0.006,1.769,1.762,-5.57e-5,925.166,0.001,337.381,0.272,6.4,32.17
29.202,2.395,2643.189,456.9,0.262,0.003,61.639,43.169,0,0.558,0.392,0.037,0.13,0.567,0.629,1.816,-1.608e-4,0,0.006,1.769,1.762,3.884e-5,925.295,0.001,337.386,0.272,6.4,32.17
29.215,2.337,2643.189,456.9,0.262,0.003,61.66,43.169,0,0.558,0.392,0.037,0.13,0.567,0.613,1.771,6.43e-5,0,0.006,1.769,1.763,3.481e-4,925.426,0.001,337.391,0.273,6.4,32.17
29.228,2.23,2643.189,456.9,0.262,0.003,61.698,43.169,0,0.558,0.392,0.037,0.13,0.566,0.584,1.689,-1.645e-4,0,0.006,1.769,1.763,7.107e-4,925.562,0.001,337.395,0.273,6.4,32.17
29.243,2.091,2643.189,456.9,0.262,0.003,61.748,43.169,0,0.558,0.392,0.037,0.13,0.565,0.546,1.584,-1.102e-4,0,0.006,1.769,1.763,6.342e-4,925.707,0.001,337.4,0.273,6.4,32.17
29.257,1.987,2643.189,456.9,0.262,0.003,61.786,43.169,0,0.558,0.392,0.037,0.13,0.565,0.517,1.504,-2.002e-4,0,0.006,1.769,1.763,6.202e-5,925.858,0.001,337.406,0.273,6.4,32.17
29.272,1.994,2643.189,456.9,0.262,0.003,61.783,43.169,0,0.559,0.392,0.037,0.13,0.565,0.519,1.51,-8.832e-7,0,0.006,1.769,1.763,-2.615e-4,926.01,0.001,337.411,0.274,6.4,32.17
29.286,2.089,2643.189,456.9,0.262,0.003,61.75,43.169,0,0.559,0.392,0.037,0.13,0.566,0.545,1.583,-2.173e-4,0,0.006,1.769,1.763,-9.856e-4,926.159,0.001,337.416,0.274,6.4,32.17
29.299,2.201,2643.189,456.9,0.262,0.003,61.71,43.169,0,0.559,0.392,0.037,0.13,0.566,0.576,1.668,-4.494e-4,0,0.006,1.769,1.763,-0.001,926.293,0.001,337.421,0.274,6.4,32.17
29.311,2.29,2643.189,456.9,0.262,0.003,61.678,43.169,0,0.559,0.392,0.037,0.13,0.567,0.6,1.736,-1.847e-4,0,0.006,1.769,1.763,-9.61e-4,926.416,0.001,337.425,0.274,6.4,32.17
29.323,2.362,2643.189,456.9,0.262,0.003,61.653,43.169,0,0.559,0.392,0.037,0.13,0.568,0.62,1.792,-2.577e-4,0,0.006,1.769,1.763,-5.373e-4,926.532,0.001,337.43,0.275,6.4,32.17
29.333,2.405,2643.189,456.9,0.262,0.003,61.638,43.169,0,0.559,0.392,0.037,0.13,0.568,0.632,1.824,2.43e-4,0,0.006,1.769,1.763,-1.417e-4,926.644,0.001,337.433,0.275,6.4,32.17
29.344,2.412,2643.189,456.9,0.262,0.003,61.635,43.169,0,0.559,0.392,0.037,0.13,0.568,0.634,1.829,-1.099e-4,0,0.006,1.769,1.763,1.107e-6,926.754,0.001,337.437,0.275,6.4,32.17
29.355,2.37,2643.189,456.9,0.262,0.003,61.65,43.169,0,0.559,0.392,0.037,0.13,0.568,0.622,1.797,1.739e-4,0,0.006,1.769,1.763,1.923e-4,926.863,0.001,337.441,0.275,6.4,32.17
29.365,2.281,2643.189,456.9,0.262,0.003,61.682,43.169,0,0.559,0.392,0.037,0.13,0.567,0.598,1.728,-1.296e-4,0,0.006,1.769,1.763,5.354e-4,926.973,0.001,337.445,0.275,6.4,32.17
29.376,2.17,2643.189,456.9,0.262,0.003,61.722,43.169,0,0.559,0.392,0.037,0.13,0.566,0.567,1.643,-4.601e-4,0,0.006,1.769,1.763,6.88e-4,927.088,0.001,337.449,0.275,6.4,32.17
29.388,2.062,2643.189,456.9,0.262,0.003,61.761,43.169,0,0.559,0.392,0.037,0.13,0.566,0.538,1.561,4.252e-4,0,0.006,1.769,1.763,4.498e-4,927.207,0.001,337.453,0.276,6.4,32.17
29.4,1.988,2643.189,456.9,0.262,0.003,61.787,43.169,0,0.559,0.392,0.037,0.13,0.565,0.518,1.506,2.709e-4,0,0.006,1.769,1.763,6.689e-5,927.33,0.001,337.458,0.276,6.4,32.17
29.412,1.969,2643.189,456.9,0.262,0.003,61.794,43.169,0,0.559,0.392,0.037,0.13,0.565,0.512,1.491,-1.695e-4,0,0.006,1.769,1.763,-7.026e-5,927.455,0.001,337.462,0.276,6.4,32.17
29.424,2.009,2643.189,456.9,0.262,0.003,61.78,43.169,0,0.559,0.392,0.037,0.13,0.566,0.523,1.522,8.316e-5,0,0.006,1.769,1.763,-5.347e-4,927.58,0.001,337.466,0.276,6.4,32.17
29.435,2.088,2643.189,456.9,0.262,0.003,61.752,43.169,0,0.559,0.392,0.037,0.13,0.566,0.545,1.583,4.285e-4,0,0.006,1.769,1.763,-9.786e-4,927.703,0.001,337.471,0.277,6.4,32.17
29.447,2.177,2643.189,456.9,0.262,0.003,61.72,43.169,0,0.559,0.392,0.037,0.13,0.567,0.569,1.651,3.795e-4,0,0.006,1.769,1.763,-0.001,927.822,0.001,337.475,0.277,6.4,32.17
29.458,2.25,2643.189,456.9,0.262,0.003,61.694,43.169,0,0.559,0.392,0.037,0.13,0.567,0.589,1.706,-4.774e-4,0,0.006,1.769,1.764,-7.724e-4,927.937,0.001,337.479,0.277,6.4,32.17
29.469,2.305,2643.189,456.9,0.262,0.003,61.675,43.169,0,0.559,0.392,0.037,0.13,0.568,0.604,1.748,-2.356e-4,0,0.006,1.769,1.764,-4.158e-4,928.048,0.001,337.483,0.277,6.4,32.17
29.479,2.335,2643.189,456.9,0.262,0.003,61.665,43.169,0,0.559,0.392,0.037,0.13,0.568,0.613,1.77,1.358e-4,0,0.006,1.769,1.764,-1.12e-4,928.158,0.001,337.487,0.277,6.4,32.17
29.489,2.336,2643.189,456.9,0.262,0.003,61.664,43.169,0,0.559,0.392,0.038,0.13,0.568,0.613,1.771,-3.29e-4,0,0.006,1.769,1.764,9.112e-8,928.266,0.001,337.491,0.278,6.4,32.17
29.5,2.306,2643.189,456.9,0.262,0.003,61.675,43.169,0,0.559,0.392,0.038,0.13,0.568,0.605,1.748,1.328e-4,0,0.006,1.769,1.764,1.192e-4,928.374,0.001,337.494,0.278,6.4,32.17
29.51,2.232,2643.189,456.9,0.262,0.003,61.701,43.169,0,0.559,0.392,0.038,0.13,0.567,0.584,1.692,-3.976e-4,0,0.006,1.769,1.764,3.789e-4,928.484,0.001,337.498,0.278,6.4,32.17
29.521,2.137,2643.189,456.9,0.262,0.003,61.735,43.169,0,0.559,0.392,0.038,0.13,0.567,0.558,1.618,2.044e-4,0,0.006,1.77,1.764,5.306e-4,928.598,0.001,337.502,0.278,6.4,32.17
29.533,2.038,2643.189,456.9,0.262,0.003,61.771,43.169,0,0.56,0.392,0.038,0.13,0.566,0.531,1.544,4.855e-4,0,0.006,1.77,1.764,3.861e-4,928.718,0.001,337.507,0.278,6.4,32.17
29.545,1.963,2643.189,456.9,0.262,0.003,61.798,43.169,0,0.56,0.392,0.038,0.13,0.566,0.511,1.487,2.166e-4,0,0.006,1.77,1.764,7e-5,928.847,0.001,337.511,0.279,6.4,32.17
29.558,1.943,2643.189,456.9,0.262,0.003,61.806,43.169,0,0.56,0.392,0.038,0.13,0.566,0.505,1.472,-3.613e-4,0,0.006,1.77,1.764,-7.378e-5,928.986,0.001,337.516,0.279,6.4,32.17
29.572,1.996,2643.189,456.9,0.262,0.003,61.787,43.169,0,0.56,0.392,0.038,0.13,0.566,0.52,1.512,4.212e-4,0,0.006,1.77,1.764,-5.7e-4,929.135,0.001,337.521,0.279,6.4,32.17
29.587,2.099,2643.189,456.9,0.262,0.003,61.75,43.169,0,0.56,0.392,0.038,0.13,0.567,0.548,1.591,-1.476e-4,0,0.006,1.77,1.764,-8.804e-4,929.291,0.001,337.527,0.279,6.4,32.17
29.602,2.198,2643.189,456.9,0.262,0.003,61.715,43.169,0,0.56,0.392,0.038,0.13,0.568,0.575,1.667,3.157e-5,0,0.006,1.77,1.764,-6.009e-4,929.449,0.001,337.532,0.28,6.4,32.17
29.617,2.251,2643.189,456.9,0.262,0.003,61.696,43.169,0,0.56,0.392,0.038,0.13,0.568,0.589,1.707,8.305e-5,0,0.006,1.77,1.764,-1.931e-4,929.604,0.001,337.538,0.28,6.4,32.17
29.631,2.254,2643.189,456.9,0.262,0.003,61.695,43.169,0,0.56,0.392,0.038,0.13,0.568,0.59,1.709,-3.397e-4,0,0.006,1.77,1.764,-2.793e-6,929.751,0.001,337.543,0.28,6.4,32.17
29.644,2.211,2643.189,456.9,0.262,0.003,61.711,43.169,0,0.56,0.392,0.038,0.13,0.568,0.579,1.676,2.607e-4,0,0.006,1.77,1.764,8.175e-5,929.895,0.001,337.548,0.28,6.4,32.17
29.658,2.128,2643.189,456.9,0.262,0.003,61.741,43.169,0,0.56,0.392,0.038,0.13,0.567,0.556,1.613,1.206e-4,0,0.006,1.77,1.764,2.401e-4,930.039,0.001,337.553,0.281,6.4,32.17
29.672,2.032,2643.189,456.9,0.262,0.003,61.775,43.169,0,0.56,0.392,0.038,0.13,0.567,0.53,1.54,-2.909e-4,0,0.006,1.77,1.764,1.984e-4,930.185,0.001,337.558,0.281,6.4,32.17
29.686,1.964,2643.189,456.9,0.262,0.003,61.8,43.169,0,0.56,0.392,0.038,0.13,0.566,0.511,1.487,9.133e-5,0,0.006,1.77,1.764,2.151e-5,930.33,0.001,337.563,0.281,6.4,32.17
29.699,1.95,2643.189,456.9,0.262,0.003,61.805,43.169,0,0.56,0.392,0.038,0.13,0.566,0.507,1.477,-3.201e-4,0,0.005,1.77,1.764,-6.984e-5,930.472,0.001,337.568,0.281,6.4,32.17
29.712,1.98,2643.189,456.9,0.262,0.003,61.795,43.169,0,0.56,0.392,0.038,0.13,0.567,0.515,1.5,1.447e-4,0,0.005,1.77,1.765,-3.166e-4,930.608,0.001,337.573,0.282,6.4,32.17
29.724,2.031,2643.189,456.9,0.262,0.003,61.776,43.169,0,0.56,0.392,0.038,0.13,0.567,0.529,1.54,4.997e-4,0,0.005,1.77,1.765,-5.07e-4,930.738,0.001,337.578,0.282,6.4,32.17
29.736,2.086,2643.189,456.9,0.262,0.003,61.757,43.169,0,0.56,0.392,0.038,0.13,0.567,0.544,1.582,-3.625e-4,0,0.005,1.77,1.765,-5.095e-4,930.861,0.001,337.582,0.282,6.4,32.17
29.747,2.132,2643.189,456.9,0.262,0.003,61.741,43.169,0,0.56,0.392,0.038,0.13,0.568,0.557,1.617,-1.698e-4,0,0.005,1.77,1.765,-3.635e-4,930.979,0.001,337.586,0.282,6.4,32.17
29.758,2.166,2643.189,456.9,0.262,0.003,61.728,43.169,0,0.56,0.392,0.038,0.13,0.568,0.566,1.642,-3.394e-5,0,0.005,1.77,1.765,-1.348e-4,931.094,0.001,337.59,0.282,6.4,32.17
29.768,2.169,2643.189,456.9,0.262,0.003,61.728,43.169,0,0.56,0.392,0.038,0.13,0.568,0.567,1.644,-4.576e-4,0,0.005,1.77,1.765,-4.668e-6,931.206,0.001,337.594,0.283,6.4,32.17
29.779,2.134,2643.189,456.9,0.262,0.003,61.74,43.169,0,0.56,0.392,0.038,0.13,0.568,0.558,1.618,-3.165e-4,0,0.005,1.77,1.765,3.951e-5,931.318,0.001,337.598,0.283,6.4,32.17
29.789,2.071,2643.189,456.9,0.262,0.003,61.763,43.169,0,0.561,0.392,0.038,0.13,0.567,0.54,1.569,-2.969e-4,0,0.005,1.77,1.765,1.302e-4,931.432,0.001,337.602,0.283,6.4,32.17
29.8,1.994,2643.189,456.9,0.262,0.003,61.791,43.169,0,0.561,0.392,0.038,0.13,0.567,0.519,1.511,-1.874e-5,0,0.005,1.77,1.765,1.218e-4,931.549,0.001,337.606,0.283,6.4,32.17
29.812,1.949,2643.189,456.9,0.262,0.003,61.807,43.169,0,0.561,0.392,0.038,0.13,0.567,0.507,1.476,1.752e-4,0,0.005,1.77,1.765,2.159e-5,931.669,0.001,337.611,0.283,6.4,32.17
29.823,1.933,2643.189,456.9,0.262,0.003,61.813,43.169,0,0.561,0.392,0.039,0.13,0.567,0.503,1.464,3.333e-5,0,0.005,1.77,1.765,-1.553e-5,931.792,0.001,337.615,0.283,6.4,32.17
29.835,1.947,2643.189,456.9,0.262,0.003,61.808,43.169,0,0.561,0.392,0.039,0.13,0.567,0.506,1.475,3.317e-4,0,0.005,1.77,1.765,-1.428e-4,931.916,0.001,337.619,0.284,6.4,32.17
29.846,1.983,2643.189,456.9,0.262,0.003,61.795,43.169,0,0.561,0.392,0.039,0.13,0.567,0.516,1.503,-2.96e-4,0,0.005,1.77,1.765,-2.893e-4,932.04,0.001,337.624,0.284,6.4,32.17
29.858,2.029,2643.189,456.9,0.262,0.003,61.779,43.169,0,0.561,0.392,0.039,0.13,0.567,0.529,1.539,3.819e-4,0,0.005,1.77,1.765,-3.446e-4,932.163,0.001,337.628,0.284,6.4,32.17
29.869,2.073,2643.189,456.9,0.262,0.003,61.763,43.169,0,0.561,0.392,0.039,0.131,0.568,0.541,1.572,1.186e-4,0,0.005,1.77,1.765,-2.691e-4,932.285,0.001,337.632,0.284,6.4,32.17
29.88,2.101,2643.189,456.9,0.262,0.003,61.753,43.169,0,0.561,0.392,0.039,0.131,0.568,0.549,1.593,-1.882e-4,0,0.005,1.77,1.765,-1.295e-4,932.405,0.001,337.637,0.284,6.4,32.17
29.892,2.107,2643.189,456.9,0.262,0.003,61.751,43.169,0,0.561,0.392,0.039,0.131,0.568,0.55,1.598,-4.018e-4,0,0.005,1.77,1.765,-2.515e-5,932.525,0.001,337.641,0.285,6.4,32.17
29.903,2.087,2643.189,456.9,0.262,0.003,61.759,43.169,0,0.561,0.392,0.039,0.131,0.568,0.545,1.582,4.375e-4,0,0.005,1.771,1.765,3.515e-7,932.646,0.001,337.645,0.285,6.4,32.17
29.914,2.047,2643.189,456.9,0.262,0.003,61.773,43.169,0,0.561,0.392,0.039,0.131,0.568,0.534,1.551,4.564e-4,0,0.005,1.771,1.765,5.161e-6,932.769,0.001,337.649,0.285,6.4,32.17
29.926,2.015,2643.189,456.9,0.262,0.003,61.785,43.169,0,0.561,0.392,0.039,0.131,0.568,0.525,1.527,-4.283e-4,0,0.005,1.771,1.765,9.098e-7,932.897,0.001,337.654,0.285,6.4,32.17
29.939,2.001,2643.189,456.9,0.262,0.003,61.79,43.169,0,0.561,0.392,0.039,0.131,0.568,0.521,1.517,1.611e-4,0,0.005,1.771,1.765,-3.622e-6,933.031,0.001,337.659,0.286,6.4,32.17
29.952,2.004,2643.189,456.9,0.262,0.003,61.789,43.169,0,0.561,0.392,0.039,0.131,0.568,0.522,1.519,-1.962e-4,0,0.005,1.771,1.765,-1.521e-5,933.17,0.001,337.664,0.286,6.4,32.17
29.965,1.998,2643.189,456.9,0.262,0.003,61.791,43.169,0,0.561,0.392,0.039,0.131,0.568,0.521,1.515,3.574e-4,0,0.005,1.771,1.766,-2.12e-5,933.315,0.001,337.669,0.286,6.4,32.17
29.979,1.997,2643.189,456.9,0.262,0.003,61.792,43.169,0,0.561,0.392,0.039,0.131,0.568,0.52,1.513,-1.07e-4,0,0.005,1.771,1.766,-2.602e-5,933.467,0.001,337.674,0.286,6.4,32.17
29.994,1.996,2643.189,456.9,0.262,0.003,61.792,43.169,0,0.561,0.392,0.039,0.131,0.568,0.52,1.514,2.561e-4,0,0.005,1.771,1.766,-2.488e-5,933.626,0.001,337.68,0.286,6.4,32.17
30.009,1.991,2643.189,456.9,0.262,0.003,61.795,43.169,0,0.561,0.392,0.039,0.131,0.568,0.518,1.509,2.75e-4,0,0.005,1.771,1.766,-1.603e-5,933.792,0.001,337.685,0.287,6.4,32.17
30.024,1.976,2643.189,456.9,0.262,0.003,61.8,43.169,0,0.561,0.392,0.039,0.131,0.568,0.515,1.498,-1.163e-4,0,0.005,1.771,1.766,-1.264e-5,933.948,0.001,337.691,0.287,6.4,32.17
30.038,1.961,2643.189,456.9,0.262,0.003,61.806,43.169,0,0.561,0.392,0.039,0.131,0.568,0.51,1.487,-3.186e-4,0,0.005,1.771,1.766,-2.129e-5,934.098,0.001,337.696,0.287,6.4,32.17
30.051,1.954,2643.189,456.9,0.262,0.003,61.809,43.169,0,0.562,0.392,0.039,0.131,0.568,0.508,1.481,-3.038e-4,0,0.005,1.771,1.766,-4.595e-5,934.243,0.001,337.701,0.287,6.4,32.17
30.064,1.959,2643.189,456.9,0.262,0.003,61.807,43.169,0,0.562,0.392,0.039,0.131,0.568,0.51,1.485,3.731e-4,0,0.005,1.771,1.766,-5.613e-5,934.382,0.001,337.706,0.288,6.4,32.17
30.076,1.961,2643.189,456.9,0.262,0.003,61.806,43.169,0,0.562,0.392,0.039,0.131,0.568,0.511,1.486,5.678e-5,0,0.005,1.771,1.766,-5.884e-5,934.517,0.001,337.711,0.288,6.4,32.17
30.088,1.962,2643.189,456.9,0.262,0.003,61.806,43.169,0,0.562,0.392,0.039,0.131,0.568,0.511,1.487,4.867e-4,0,0.005,1.771,1.766,-5.977e-5,934.648,0.001,337.716,0.288,6.4,32.17
30.1,1.963,2643.189,456.9,0.262,0.003,61.806,43.169,0,0.562,0.392,0.039,0.131,0.568,0.511,1.488,7.613e-5,0,0.005,1.771,1.766,-6.195e-5,934.776,0.001,337.72,0.288,6.4,32.17
30.112,1.967,2643.189,456.9,0.262,0.003,61.805,43.169,0,0.562,0.392,0.039,0.131,0.568,0.512,1.49,-6.405e-6,0,0.005,1.771,1.766,-6.28e-5,934.902,0.001,337.725,0.288,6.4,32.17
30.123,1.972,2643.189,456.9,0.262,0.003,61.803,43.169,0,0.562,0.392,0.039,0.131,0.568,0.513,1.495,3.16e-4,0,0.005,1.771,1.766,-5.666e-5,935.025,0.001,337.729,0.289,6.4,32.17
30.134,1.976,2643.189,456.9,0.262,0.003,61.802,43.169,0,0.562,0.392,0.039,0.131,0.568,0.515,1.498,-2.264e-4,0,0.005,1.771,1.766,-4.297e-5,935.147,0.001,337.733,0.289,6.4,32.17
30.145,1.978,2643.189,456.9,0.262,0.003,61.801,43.169,0,0.562,0.392,0.039,0.131,0.568,0.515,1.5,-1.436e-4,0,0.005,1.771,1.766,-2.53e-5,935.267,0.001,337.737,0.289,6.4,32.17
30.156,1.976,2643.189,456.9,0.262,0.003,61.802,43.169,0,0.562,0.392,0.039,0.131,0.568,0.515,1.498,3.006e-4,0,0.005,1.771,1.766,-9.905e-6,935.386,0.001,337.742,0.289,6.4,32.17
30.167,1.967,2643.189,456.9,0.262,0.003,61.805,43.169,0,0.562,0.392,0.039,0.131,0.568,0.512,1.491,2.259e-4,0,0.005,1.771,1.766,-1.552e-6,935.504,0.001,337.746,0.289,6.4,32.17
30.178,1.952,2643.189,456.9,0.262,0.003,61.811,43.169,0,0.562,0.392,0.04,0.131,0.568,0.508,1.48,4.422e-4,0,0.005,1.771,1.766,5.862e-8,935.623,0.001,337.75,0.29,6.4,32.17
30.189,1.932,2643.189,456.9,0.262,0.003,61.818,43.169,0,0.562,0.392,0.04,0.131,0.568,0.503,1.465,-3.045e-4,0,0.005,1.771,1.766,7.174e-7,935.743,0.001,337.754,0.29,6.4,32.17
30.2,1.91,2643.189,456.9,0.262,0.003,61.826,43.169,0,0.562,0.392,0.04,0.131,0.568,0.497,1.448,-1.274e-4,0,0.005,1.771,1.766,3.33e-8,935.863,0.001,337.759,0.29,6.4,32.17
30.211,1.893,2643.189,456.9,0.262,0.003,61.833,43.169,0,0.562,0.392,0.04,0.131,0.568,0.492,1.435,4.349e-4,0,0.005,1.771,1.766,-6.445e-8,935.985,0.001,337.763,0.29,6.4,32.17
30.222,1.871,2643.189,456.9,0.262,0.003,61.841,43.169,0,0.562,0.392,0.04,0.131,0.568,0.486,1.418,-4.015e-4,0,0.005,1.771,1.766,-4.234e-6,936.109,0.001,337.767,0.29,6.4,32.17
30.234,1.852,2643.189,456.9,0.262,0.003,61.848,43.169,0,0.562,0.392,0.04,0.131,0.568,0.481,1.404,3.332e-5,0,0.005,1.771,1.767,-3.476e-5,936.236,0.001,337.772,0.291,6.4,32.17
30.246,1.847,2643.189,456.9,0.262,0.003,61.85,43.169,0,0.562,0.392,0.04,0.131,0.568,0.48,1.401,9.82e-5,0,0.005,1.771,1.767,-1.331e-4,936.365,0.001,337.776,0.291,6.4,32.17
30.258,1.873,2643.189,456.9,0.262,0.003,61.841,43.169,0,0.562,0.392,0.04,0.131,0.568,0.487,1.42,-1.174e-4,0,0.005,1.771,1.767,-2.919e-4,936.498,0.001,337.781,0.291,6.4,32.17
30.27,1.92,2643.189,456.9,0.262,0.003,61.824,43.169,0,0.562,0.392,0.04,0.131,0.568,0.499,1.456,-4.253e-4,0,0.005,1.772,1.767,-3.679e-4,936.632,0.001,337.786,0.291,6.4,32.17
30.282,1.97,2643.189,456.9,0.262,0.003,61.806,43.169,0,0.562,0.392,0.04,0.131,0.569,0.513,1.494,-7.584e-5,0,0.005,1.772,1.767,-2.843e-4,936.766,0.001,337.79,0.291,6.4,32.17
30.294,2.006,2643.189,456.9,0.262,0.003,61.793,43.169,0,0.562,0.392,0.04,0.131,0.569,0.523,1.521,-1.789e-4,0,0.005,1.772,1.767,-1.166e-4,936.899,0.001,337.795,0.292,6.4,32.17
30.306,2.006,2643.189,456.9,0.262,0.003,61.793,43.169,0,0.562,0.392,0.04,0.131,0.569,0.523,1.521,2.586e-4,0,0.005,1.772,1.767,-2.82e-6,937.033,0.001,337.8,0.292,6.4,32.17
30.319,1.958,2643.189,456.9,0.262,0.003,61.811,43.169,0,0.563,0.392,0.04,0.131,0.569,0.51,1.485,2e-4,0,0.005,1.772,1.767,4.117e-5,937.168,0.001,337.805,0.292,6.4,32.17
30.331,1.883,2643.189,456.9,0.262,0.003,61.838,43.169,0,0.563,0.392,0.04,0.131,0.568,0.489,1.427,1.195e-4,0,0.005,1.772,1.767,8.047e-5,937.308,0.001,337.809,0.292,6.4,32.17
30.345,1.811,2643.189,456.9,0.262,0.003,61.864,43.169,0,0.563,0.391,0.04,0.131,0.568,0.47,1.373,2.359e-4,0,0.005,1.772,1.767,1.2e-5,937.458,0.001,337.815,0.292,6.4,32.17
30.36,1.787,2643.189,456.9,0.262,0.003,61.873,43.169,0,0.563,0.391,0.04,0.131,0.568,0.464,1.355,-2.903e-4,0,0.005,1.772,1.767,-4.506e-5,937.624,0.001,337.821,0.293,6.4,32.17
30.376,1.814,2643.189,456.9,0.262,0.003,61.864,43.169,0,0.563,0.391,0.04,0.131,0.568,0.471,1.376,3.21e-4,0,0.005,1.772,1.767,-2.517e-4,937.804,0.001,337.827,0.293,6.4,32.17
30.391,1.868,2643.189,456.9,0.262,0.003,61.844,43.169,0,0.563,0.391,0.04,0.131,0.568,0.485,1.416,4.011e-4,0,0.005,1.772,1.767,-3.752e-4,937.965,0.001,337.833,0.293,6.4,32.17
30.404,1.927,2643.189,456.9,0.262,0.003,61.823,43.169,0,0.563,0.391,0.04,0.131,0.569,0.501,1.462,3.387e-5,0,0.005,1.772,1.767,-2.913e-4,938.114,0.001,337.838,0.293,6.4,32.17
30.417,1.973,2643.189,456.9,0.262,0.003,61.807,43.169,0,0.563,0.391,0.04,0.131,0.569,0.514,1.497,-2.017e-4,0,0.005,1.772,1.767,-7.988e-5,938.253,0.001,337.843,0.294,6.4,32.17
30.429,1.973,2643.189,456.9,0.262,0.003,61.807,43.169,0,0.563,0.391,0.04,0.131,0.569,0.514,1.496,-4.279e-4,0,0.005,1.772,1.767,2.002e-6,938.386,0.001,337.847,0.294,6.4,32.17
30.441,1.927,2643.189,456.9,0.262,0.003,61.824,43.169,0,0.563,0.391,0.04,0.131,0.569,0.501,1.461,1.643e-4,0,0.005,1.772,1.767,1.092e-4,938.519,0.001,337.852,0.294,6.4,32.17
30.453,1.852,2643.189,456.9,0.262,0.003,61.851,43.169,0,0.563,0.391,0.04,0.131,0.569,0.481,1.404,-2.022e-4,0,0.005,1.772,1.767,1.93e-4,938.653,0.001,337.857,0.294,6.4,32.17
30.465,1.798,2643.189,456.9,0.262,0.003,61.871,43.169,0,0.563,0.391,0.04,0.131,0.568,0.466,1.363,-2.893e-4,0,0.005,1.772,1.767,1.006e-4,938.79,0.001,337.862,0.294,6.4,32.17
30.478,1.766,2643.189,456.9,0.262,0.003,61.883,43.169,0,0.563,0.391,0.04,0.131,0.568,0.458,1.338,3.962e-4,0,0.005,1.772,1.767,1.338e-5,938.927,0.001,337.867,0.295,6.4,32.17
30.49,1.756,2643.189,456.9,0.262,0.003,61.886,43.169,0,0.563,0.391,0.04,0.131,0.568,0.455,1.331,2.505e-4,0,0.005,1.772,1.767,-1.023e-5,939.063,0.001,337.871,0.295,6.4,32.17
30.502,1.764,2643.189,456.9,0.262,0.003,61.884,43.169,0,0.563,0.391,0.04,0.131,0.568,0.457,1.337,-3.519e-4,0,0.005,1.772,1.768,-9.264e-5,939.196,0.001,337.876,0.295,6.4,32.17
30.514,1.794,2643.189,456.9,0.262,0.003,61.873,43.169,0,0.563,0.391,0.04,0.131,0.568,0.465,1.36,-2.855e-4,0,0.005,1.772,1.768,-2.816e-4,939.327,0.001,337.881,0.295,6.4,32.17
30.525,1.845,2643.189,456.9,0.262,0.003,61.854,43.169,0,0.563,0.391,0.041,0.131,0.569,0.479,1.399,3.151e-4,0,0.005,1.772,1.768,-3.885e-4,939.454,0.001,337.885,0.295,6.4,32.17
30.536,1.899,2643.189,456.9,0.262,0.003,61.835,43.169,0,0.563,0.391,0.041,0.131,0.569,0.494,1.441,3.063e-5,0,0.005,1.772,1.768,-3.201e-4,939.577,0.001,337.889,0.296,6.4,32.17
30.547,1.939,2643.189,456.9,0.262,0.003,61.821,43.169,0,0.563,0.391,0.041,0.131,0.569,0.505,1.471,1.381e-4,0,0.005,1.772,1.768,-1.524e-4,939.697,0.001,337.894,0.296,6.4,32.17
30.557,1.951,2643.189,456.9,0.262,0.003,61.817,43.169,0,0.563,0.391,0.041,0.131,0.57,0.508,1.479,-1.33e-4,0,0.005,1.772,1.768,-2.577e-5,939.814,0.001,337.898,0.296,6.4,32.17
30.568,1.937,2643.189,456.9,0.262,0.003,61.822,43.169,0,0.563,0.391,0.041,0.131,0.57,0.504,1.469,4.498e-4,0,0.005,1.772,1.768,4.498e-6,939.931,0.001,337.902,0.296,6.4,32.17
30.578,1.9,2643.189,456.9,0.262,0.003,61.835,43.169,0,0.563,0.391,0.041,0.131,0.569,0.494,1.441,-2.622e-4,0,0.005,1.772,1.768,6.325e-5,940.049,0.001,337.906,0.296,6.4,32.17
30.589,1.848,2643.189,456.9,0.262,0.003,61.854,43.169,0,0.564,0.391,0.041,0.131,0.569,0.48,1.401,3.995e-4,0,0.004,1.772,1.768,1.23e-4,940.169,0.001,337.91,0.297,6.4,32.17
30.6,1.789,2643.189,456.9,0.262,0.003,61.876,43.169,0,0.564,0.391,0.041,0.131,0.569,0.464,1.356,-2.696e-5,0,0.004,1.772,1.768,1.078e-4,940.293,0.001,337.915,0.297,6.4,32.17
30.612,1.715,2643.189,456.9,0.262,0.003,61.903,43.169,0,0.564,0.391,0.041,0.131,0.568,0.444,1.3,2.916e-4,0,0.004,1.772,1.768,2.713e-5,940.423,0.001,337.919,0.297,6.4,32.17
30.624,1.673,2643.189,456.9,0.262,0.003,61.918,43.169,0,0.564,0.391,0.041,0.131,0.568,0.433,1.268,5.071e-5,0,0.004,1.772,1.768,-5.763e-5,940.56,0.001,337.924,0.297,6.4,32.17
30.637,1.701,2643.189,456.9,0.262,0.003,61.908,43.169,0,0.564,0.391,0.041,0.131,0.568,0.44,1.289,-4.622e-4,0,0.004,1.772,1.768,-5.389e-4,940.706,0.001,337.929,0.297,6.4,32.17
30.651,1.801,2643.189,456.9,0.262,0.003,61.872,43.169,0,0.564,0.391,0.041,0.132,0.569,0.467,1.366,-2.068e-4,0,0.004,1.772,1.768,-0.001,940.858,0.001,337.935,0.298,6.4,32.17
30.664,1.902,2643.189,456.9,0.262,0.003,61.836,43.169,0,0.564,0.391,0.041,0.132,0.57,0.495,1.443,-2.781e-4,0,0.004,1.773,1.768,-6.704e-4,941.009,0.001,337.94,0.298,6.4,32.17
30.677,1.956,2643.189,456.9,0.262,0.003,61.817,43.169,0,0.564,0.391,0.041,0.132,0.57,0.509,1.483,-7.377e-5,0,0.004,1.773,1.768,-1.991e-4,941.156,0.001,337.945,0.298,6.4,32.17
30.69,1.954,2643.189,456.9,0.262,0.003,61.817,43.169,0,0.564,0.391,0.041,0.132,0.57,0.509,1.482,2.782e-4,0,0.004,1.773,1.768,-1.227e-6,941.3,0.001,337.95,0.298,6.4,32.17
30.703,1.907,2643.189,456.9,0.262,0.003,61.834,43.169,0,0.564,0.391,0.041,0.132,0.57,0.496,1.447,-4.984e-4,0,0.004,1.773,1.768,1.036e-4,941.445,0.001,337.955,0.298,6.4,32.17
30.716,1.825,2643.189,456.9,0.262,0.003,61.864,43.169,0,0.564,0.391,0.041,0.132,0.569,0.474,1.384,2.832e-4,0,0.004,1.773,1.768,3.722e-4,941.595,0.001,337.961,0.299,6.4,32.17
30.73,1.703,2643.189,456.9,0.262,0.003,61.909,43.169,0,0.564,0.391,0.041,0.132,0.569,0.441,1.291,-3.173e-4,0,0.004,1.773,1.768,3.974e-4,941.755,0.001,337.966,0.299,6.4,32.17
30.746,1.59,2643.189,456.9,0.262,0.003,61.95,43.169,0,0.564,0.391,0.041,0.132,0.568,0.411,1.205,-1.394e-4,0,0.004,1.773,1.768,2.506e-5,941.935,0.001,337.973,0.299,6.4,32.17
30.763,1.621,2643.189,456.9,0.262,0.003,61.939,43.169,0,0.564,0.391,0.041,0.132,0.568,0.419,1.229,3.939e-4,0,0.004,1.773,1.768,-3.348e-4,942.119,0.001,337.979,0.299,6.4,32.17
30.777,1.726,2643.189,456.9,0.262,0.003,61.901,43.169,0,0.564,0.391,0.041,0.132,0.569,0.447,1.31,-3.006e-4,0,0.004,1.773,1.769,-6.928e-4,942.279,0.001,337.985,0.3,6.4,32.17
30.789,1.813,2643.189,456.9,0.262,0.003,61.87,43.169,0,0.564,0.391,0.041,0.132,0.57,0.471,1.375,3.328e-4,0,0.004,1.773,1.769,-5.3e-4,942.422,0.001,337.99,0.3,6.4,32.17
30.801,1.858,2643.189,456.9,0.262,0.003,61.853,43.169,0,0.564,0.391,0.041,0.132,0.57,0.483,1.41,1.855e-4,0,0.004,1.773,1.769,-2.208e-4,942.556,0.001,337.994,0.3,6.4,32.17
30.813,1.861,2643.189,456.9,0.262,0.003,61.852,43.169,0,0.564,0.391,0.041,0.132,0.57,0.484,1.412,-1.543e-4,0,0.004,1.773,1.769,-3.682e-5,942.686,0.001,337.999,0.3,6.4,32.17
30.824,1.83,2643.189,456.9,0.262,0.003,61.864,43.169,0,0.564,0.391,0.041,0.132,0.57,0.475,1.388,-3.536e-4,0,0.004,1.773,1.769,5.342e-7,942.814,0.001,338.004,0.3,6.4,32.17
30.835,1.781,2643.189,456.9,0.262,0.003,61.882,43.169,0,0.564,0.391,0.041,0.132,0.57,0.462,1.351,1.667e-4,0,0.004,1.773,1.769,1.278e-5,942.943,0.001,338.008,0.301,6.4,32.17
30.847,1.735,2643.189,456.9,0.262,0.003,61.899,43.169,0,0.564,0.391,0.041,0.132,0.569,0.45,1.316,2.093e-4,0,0.004,1.773,1.769,2.954e-6,943.074,0.001,338.013,0.301,6.4,32.17
30.859,1.714,2643.189,456.9,0.262,0.003,61.907,43.169,0,0.565,0.391,0.041,0.132,0.569,0.444,1.299,-4.8e-4,0,0.004,1.773,1.769,-5.838e-6,943.206,0.001,338.017,0.301,6.4,32.17
30.87,1.716,2643.189,456.9,0.262,0.003,61.906,43.169,0,0.565,0.391,0.042,0.132,0.569,0.444,1.301,-2.276e-4,0,0.004,1.773,1.769,-4.397e-5,943.338,0.001,338.022,0.301,6.4,32.17
30.882,1.734,2643.189,456.9,0.262,0.003,61.9,43.169,0,0.565,0.391,0.042,0.132,0.57,0.449,1.315,-4.151e-4,0,0.004,1.773,1.769,-8.494e-5,943.468,0.001,338.027,0.301,6.4,32.17
30.893,1.758,2643.189,456.9,0.262,0.003,61.891,43.169,0,0.565,0.391,0.042,0.132,0.57,0.456,1.334,-4.102e-4,0,0.004,1.773,1.769,-8.412e-5,943.596,0.001,338.031,0.301,6.4,32.17
30.904,1.777,2643.189,456.9,0.262,0.003,61.884,43.169,0,0.565,0.391,0.042,0.132,0.57,0.461,1.348,-1.746e-4,0,0.004,1.773,1.769,-4.49e-5,943.723,0.001,338.036,0.302,6.4,32.17
30.915,1.781,2643.189,456.9,0.262,0.003,61.883,43.169,0,0.565,0.391,0.042,0.132,0.57,0.462,1.351,-3.11e-5,0,0.004,1.773,1.769,-7.428e-6,943.848,0.001,338.04,0.302,6.4,32.17
30.926,1.766,2643.189,456.9,0.262,0.003,61.889,43.169,0,0.565,0.391,0.042,0.132,0.57,0.458,1.339,1.813e-4,0,0.004,1.773,1.769,1.591e-6,943.973,0.001,338.044,0.302,6.4,32.17
30.937,1.734,2643.189,456.9,0.262,0.003,61.9,43.169,0,0.565,0.391,0.042,0.132,0.57,0.449,1.315,-4.18e-4,0,0.004,1.773,1.769,1.33e-5,944.099,0.001,338.049,0.302,6.4,32.17
30.948,1.693,2643.189,456.9,0.262,0.003,61.915,43.169,0,0.565,0.391,0.042,0.132,0.57,0.438,1.283,-3.757e-4,0,0.004,1.773,1.769,8.992e-6,944.229,0.001,338.053,0.302,6.4,32.17
30.96,1.671,2643.189,456.9,0.262,0.003,61.924,43.169,0,0.565,0.391,0.042,0.132,0.57,0.432,1.267,-1.095e-4,0,0.004,1.773,1.769,-3.447e-6,944.363,0.001,338.058,0.303,6.4,32.17
30.972,1.674,2643.189,456.9,0.262,0.003,61.923,43.169,0,0.565,0.391,0.042,0.132,0.57,0.433,1.27,7.618e-5,0,0.004,1.773,1.769,-5.341e-5,944.501,0.001,338.063,0.303,6.4,32.17
30.985,1.698,2643.189,456.9,0.262,0.003,61.914,43.169,0,0.565,0.391,0.042,0.132,0.57,0.44,1.287,1.831e-4,0,0.004,1.773,1.769,-1.171e-4,944.642,0.001,338.068,0.303,6.4,32.17
30.997,1.728,2643.189,456.9,0.262,0.003,61.903,43.169,0,0.565,0.391,0.042,0.132,0.57,0.448,1.311,1.908e-4,0,0.004,1.773,1.769,-1.232e-4,944.785,0.001,338.073,0.303,6.4,32.17
31.01,1.752,2643.189,456.9,0.262,0.003,61.895,43.169,0,0.565,0.391,0.042,0.132,0.57,0.454,1.328,-2.739e-4,0,0.004,1.773,1.769,-7.705e-5,944.93,0.001,338.078,0.303,6.4,32.17
31.023,1.759,2643.189,456.9,0.262,0.003,61.892,43.169,0,0.565,0.391,0.042,0.132,0.57,0.456,1.335,4.993e-4,0,0.004,1.773,1.769,-2.262e-5,945.076,0.001,338.083,0.304,6.4,32.17
31.036,1.747,2643.189,456.9,0.262,0.003,61.897,43.169,0,0.565,0.391,0.042,0.132,0.57,0.453,1.325,-4.716e-4,0,0.004,1.773,1.769,-3.708e-7,945.226,0.001,338.089,0.304,6.4,32.17
31.049,1.716,2643.189,456.9,0.262,0.003,61.908,43.169,0,0.565,0.391,0.042,0.132,0.57,0.445,1.302,4.186e-4,0,0.004,1.774,1.769,3.267e-6,945.381,0.001,338.094,0.304,6.4,32.17
31.063,1.679,2643.189,456.9,0.262,0.003,61.922,43.169,0,0.565,0.391,0.042,0.132,0.57,0.434,1.273,2.188e-4,0,0.004,1.774,1.77,2.649e-7,945.545,0.001,338.1,0.304,6.4,32.17
31.079,1.658,2643.189,456.9,0.262,0.003,61.93,43.169,0,0.565,0.391,0.042,0.132,0.57,0.429,1.257,-3.77e-4,0,0.004,1.774,1.77,-1.979e-5,945.723,0.001,338.106,0.304,6.4,32.17
31.095,1.671,2643.189,456.9,0.262,0.003,61.926,43.169,0,0.565,0.391,0.042,0.132,0.57,0.432,1.267,-4.632e-4,0,0.004,1.774,1.77,-9.037e-5,945.902,0.001,338.112,0.305,6.4,32.17
31.109,1.694,2643.189,456.9,0.262,0.003,61.917,43.169,0,0.566,0.391,0.042,0.132,0.57,0.439,1.285,2.791e-4,0,0.004,1.774,1.77,-1.233e-4,946.066,0.001,338.118,0.305,6.4,32.17
31.122,1.715,2643.189,456.9,0.262,0.003,61.91,43.169,0,0.566,0.391,0.042,0.132,0.57,0.444,1.301,-6.303e-5,0,0.004,1.774,1.77,-1.087e-4,946.221,0.001,338.124,0.305,6.4,32.17
31.135,1.732,2643.189,456.9,0.262,0.003,61.904,43.169,0,0.566,0.391,0.042,0.132,0.571,0.449,1.314,-3.553e-4,0,0.004,1.774,1.77,-6.341e-5,946.367,0.001,338.129,0.305,6.4,32.17
31.147,1.739,2643.189,456.9,0.262,0.003,61.901,43.169,0,0.566,0.391,0.042,0.132,0.571,0.451,1.319,-1.939e-4,0,0.004,1.774,1.77,-1.851e-5,946.509,0.001,338.134,0.305,6.4,32.17
31.159,1.719,2643.189,456.9,0.262,0.003,61.909,43.169,0,0.566,0.391,0.042,0.132,0.571,0.445,1.304,-4.705e-4,0,0.004,1.774,1.77,1.798e-6,946.647,0.001,338.139,0.306,6.4,32.17
31.171,1.67,2643.189,456.9,0.262,0.003,61.927,43.169,0,0.566,0.391,0.042,0.132,0.57,0.432,1.267,-2.057e-4,0,0.004,1.774,1.77,1.782e-5,946.785,0.001,338.144,0.306,6.4,32.17
31.183,1.618,2643.189,456.9,0.262,0.003,61.946,43.169,0,0.566,0.391,0.042,0.132,0.57,0.418,1.226,1.206e-4,0,0.004,1.774,1.77,2.86e-6,946.924,0.001,338.148,0.306,6.4,32.17
31.195,1.589,2643.189,456.9,0.262,0.003,61.957,43.169,0,0.566,0.391,0.042,0.132,0.57,0.41,1.204,-2.414e-4,0,0.004,1.774,1.77,-3.452e-5,947.065,0.001,338.153,0.306,6.4,32.17
31.208,1.603,2643.189,456.9,0.262,0.003,61.952,43.169,0,0.566,0.391,0.043,0.132,0.57,0.414,1.216,-3.296e-4,0,0.004,1.774,1.77,-2.103e-4,947.205,0.001,338.158,0.306,6.4,32.17
31.219,1.654,2643.189,456.9,0.262,0.003,61.933,43.169,0,0.566,0.391,0.043,0.132,0.57,0.428,1.255,-1.794e-4,0,0.004,1.774,1.77,-3.761e-4,947.341,0.001,338.163,0.307,6.4,32.17
31.231,1.718,2643.189,456.9,0.262,0.003,61.91,43.169,0,0.566,0.391,0.043,0.132,0.571,0.445,1.303,-4.518e-4,0,0.004,1.774,1.77,-3.425e-4,947.473,0.001,338.168,0.307,6.4,32.17
31.242,1.77,2643.189,456.9,0.262,0.003,61.891,43.169,0,0.566,0.391,0.043,0.132,0.571,0.459,1.343,3.672e-5,0,0.004,1.774,1.77,-1.569e-4,947.6,0.001,338.172,0.307,6.4,32.17
31.252,1.792,2643.189,456.9,0.262,0.003,61.883,43.169,0,0.566,0.391,0.043,0.132,0.571,0.465,1.36,1.545e-4,0,0.004,1.774,1.77,-1.192e-5,947.722,0.001,338.177,0.307,6.4,32.17
31.263,1.775,2643.189,456.9,0.262,0.003,61.89,43.169,0,0.566,0.391,0.043,0.132,0.571,0.46,1.347,1.822e-4,0,0.004,1.774,1.77,3.602e-5,947.844,0.001,338.181,0.307,6.4,32.17
31.273,1.724,2643.189,456.9,0.262,0.003,61.908,43.169,0,0.566,0.391,0.043,0.132,0.571,0.447,1.308,1.994e-4,0,0.004,1.774,1.77,1.898e-4,947.966,0.001,338.185,0.307,6.4,32.17
31.284,1.647,2643.189,456.9,0.262,0.003,61.937,43.169,0,0.566,0.391,0.043,0.132,0.571,0.426,1.25,1.482e-4,0,0.004,1.774,1.77,3.11e-4,948.092,0.001,338.19,0.308,6.4,32.17
31.296,1.561,2643.189,456.9,0.262,0.003,61.968,43.169,0,0.566,0.391,0.043,0.132,0.57,0.403,1.184,-1.561e-4,0,0.004,1.774,1.77,2.28e-4,948.225,0.001,338.194,0.308,6.4,32.17
31.308,1.501,2643.189,456.9,0.262,0.003,61.991,43.169,0,0.566,0.391,0.043,0.132,0.57,0.387,1.139,4.524e-4,0,0.004,1.774,1.77,1.704e-5,948.366,0.001,338.199,0.308,6.4,32.17
31.321,1.502,2643.189,456.9,0.262,0.003,61.991,43.169,0,0.566,0.391,0.043,0.132,0.57,0.387,1.139,2.039e-4,0,0.004,1.774,1.77,-1.151e-4,948.516,0.001,338.205,0.308,6.4,32.17
31.334,1.561,2643.189,456.9,0.262,0.003,61.969,43.169,0,0.566,0.391,0.043,0.132,0.57,0.403,1.184,3.621e-4,0,0.004,1.774,1.77,-4.614e-4,948.672,0.001,338.21,0.308,6.4,32.17
31.348,1.646,2643.189,456.9,0.262,0.003,61.938,43.169,0,0.566,0.391,0.043,0.132,0.571,0.426,1.249,-2.814e-4,0,0.004,1.774,1.77,-5.492e-4,948.83,0.001,338.216,0.309,6.4,32.17
31.361,1.728,2643.189,456.9,0.262,0.003,61.908,43.169,0,0.566,0.391,0.043,0.132,0.571,0.448,1.311,1.32e-4,0,0.004,1.774,1.771,-3.889e-4,948.986,0.001,338.221,0.309,6.4,32.17
31.374,1.786,2643.189,456.9,0.262,0.003,61.887,43.169,0,0.567,0.391,0.043,0.132,0.572,0.464,1.356,-1.186e-4,0,0.004,1.774,1.771,-9.432e-5,949.14,0.001,338.227,0.309,6.4,32.17
31.387,1.794,2643.189,456.9,0.262,0.003,61.884,43.169,0,0.567,0.391,0.043,0.132,0.572,0.466,1.362,-1.462e-4,0,0.004,1.774,1.771,1.481e-5,949.29,0.001,338.232,0.309,6.4,32.17
31.4,1.741,2643.189,456.9,0.262,0.003,61.904,43.169,0,0.567,0.391,0.043,0.132,0.572,0.451,1.32,-1.657e-4,0,0.004,1.774,1.771,2.891e-4,949.44,0.001,338.237,0.309,6.4,32.17
31.413,1.625,2643.189,456.9,0.262,0.003,61.947,43.169,0,0.567,0.391,0.043,0.132,0.571,0.42,1.232,4.2e-4,0,0.004,1.774,1.771,5.289e-4,949.595,0.001,338.243,0.31,6.4,32.17
31.428,1.497,2643.189,456.9,0.262,0.003,61.994,43.169,0,0.567,0.391,0.043,0.132,0.57,0.386,1.135,3.255e-4,0,0.004,1.774,1.771,2.757e-4,949.766,0.001,338.249,0.31,6.4,32.17
31.445,1.434,2643.189,456.9,0.262,0.003,62.017,43.169,0,0.567,0.391,0.043,0.132,0.57,0.369,1.087,1.008e-4,0,0.004,1.775,1.771,-3.618e-5,949.968,0.001,338.256,0.31,6.4,32.17
31.461,1.511,2643.189,456.9,0.262,0.003,61.989,43.169,0,0.567,0.391,0.043,0.133,0.571,0.39,1.146,-4.695e-4,0,0.004,1.775,1.771,-5.95e-4,950.152,0.001,338.262,0.31,6.4,32.17
31.474,1.623,2643.189,456.9,0.262,0.003,61.948,43.169,0,0.567,0.391,0.043,0.133,0.571,0.42,1.232,2.339e-4,0,0.004,1.775,1.771,-7.052e-4,950.311,0.001,338.268,0.31,6.4,32.17
31.486,1.702,2643.189,456.9,0.262,0.003,61.919,43.169,0,0.567,0.391,0.043,0.133,0.572,0.441,1.292,2.361e-4,0,0.004,1.775,1.771,-3.792e-4,950.454,0.001,338.273,0.311,6.4,32.17
31.498,1.732,2643.189,456.9,0.262,0.003,61.909,43.169,0,0.567,0.391,0.043,0.133,0.572,0.449,1.314,-4.718e-4,0,0.004,1.775,1.771,-8.074e-5,950.589,0.001,338.278,0.311,6.4,32.17
31.509,1.72,2643.189,456.9,0.262,0.003,61.913,43.169,0,0.567,0.391,0.043,0.133,0.572,0.446,1.305,-1.118e-4,0,0.004,1.775,1.771,8.034e-7,950.721,0.001,338.282,0.311,6.4,32.17
31.52,1.673,2643.189,456.9,0.262,0.003,61.93,43.169,0,0.567,0.391,0.043,0.133,0.572,0.433,1.269,4.802e-4,0,0.004,1.775,1.771,6.929e-5,950.853,0.001,338.287,0.311,6.4,32.17
31.532,1.606,2643.189,456.9,0.262,0.003,61.955,43.169,0,0.567,0.391,0.044,0.133,0.571,0.415,1.219,2.562e-6,0,0.004,1.775,1.771,1.262e-4,950.988,0.001,338.292,0.311,6.4,32.17
31.544,1.541,2643.189,456.9,0.262,0.003,61.979,43.169,0,0.567,0.391,0.044,0.133,0.571,0.398,1.169,4.042e-4,0,0.004,1.775,1.771,6.77e-5,951.127,0.001,338.297,0.312,6.4,32.17
31.556,1.503,2643.189,456.9,0.262,0.003,61.993,43.169,0,0.567,0.391,0.044,0.133,0.571,0.388,1.141,4.385e-4,0,0.004,1.775,1.771,-5.157e-8,951.269,0.001,338.302,0.312,6.4,32.17
31.568,1.513,2643.189,456.9,0.262,0.003,61.99,43.169,0,0.567,0.391,0.044,0.133,0.571,0.39,1.147,-4.249e-4,0,0.004,1.775,1.771,-1.007e-4,951.412,0.001,338.307,0.312,6.4,32.17
31.58,1.56,2643.189,456.9,0.262,0.003,61.973,43.169,0,0.567,0.391,0.044,0.133,0.571,0.403,1.184,3.687e-5,0,0.004,1.775,1.771,-2.451e-4,951.553,0.001,338.312,0.312,6.4,32.17
31.592,1.616,2643.189,456.9,0.262,0.003,61.952,43.169,0,0.567,0.391,0.044,0.133,0.572,0.418,1.227,-1.466e-5,0,0.004,1.775,1.771,-2.313e-4,951.689,0.001,338.316,0.312,6.4,32.17
31.603,1.653,2643.189,456.9,0.262,0.003,61.939,43.169,0,0.567,0.391,0.044,0.133,0.572,0.428,1.255,1.201e-4,0,0.004,1.775,1.771,-1.094e-4,951.822,0.001,338.321,0.312,6.4,32.17
31.614,1.657,2643.189,456.9,0.262,0.003,61.937,43.169,0,0.567,0.391,0.044,0.133,0.572,0.429,1.258,2.146e-4,0,0.004,1.775,1.771,-3.071e-5,951.952,0.001,338.326,0.313,6.4,32.17
31.625,1.647,2643.189,456.9,0.262,0.003,61.941,43.169,0,0.568,0.391,0.044,0.133,0.572,0.426,1.249,3.565e-4,0,0.004,1.775,1.771,-1.074e-6,952.082,0.001,338.33,0.313,6.4,32.17
31.636,1.625,2643.189,456.9,0.262,0.003,61.949,43.169,0,0.568,0.391,0.044,0.133,0.572,0.42,1.233,-8.745e-5,0,0.004,1.775,1.771,5.652e-6,952.213,0.001,338.335,0.313,6.4,32.17
31.647,1.597,2643.189,456.9,0.262,0.003,61.96,43.169,0,0.568,0.391,0.044,0.133,0.572,0.413,1.212,4.873e-4,0,0.004,1.775,1.771,1.813e-5,952.347,0.001,338.34,0.313,6.4,32.17
31.659,1.551,2643.189,456.9,0.262,0.003,61.977,43.169,0,0.568,0.391,0.044,0.133,0.572,0.4,1.176,3.956e-4,0,0.004,1.775,1.772,1.748e-5,952.486,0.001,338.345,0.313,6.4,32.17
31.671,1.51,2643.189,456.9,0.262,0.003,61.992,43.169,0,0.568,0.391,0.044,0.133,0.571,0.39,1.146,4.174e-4,0,0.004,1.775,1.772,-5.281e-7,952.631,0.001,338.35,0.313,6.4,32.17
31.684,1.505,2643.189,456.9,0.262,0.003,61.994,43.169,0,0.568,0.391,0.044,0.133,0.572,0.388,1.142,-1.438e-4,0,0.004,1.775,1.772,-7.79e-5,952.784,0.001,338.355,0.314,6.4,32.17
31.698,1.546,2643.189,456.9,0.262,0.003,61.979,43.169,0,0.568,0.391,0.044,0.133,0.572,0.399,1.173,1.686e-4,0,0.004,1.775,1.772,-2.214e-4,952.946,0.001,338.361,0.314,6.4,32.17
31.712,1.616,2643.189,456.9,0.262,0.003,61.954,43.169,0,0.568,0.391,0.044,0.133,0.572,0.418,1.226,-3.141e-4,0,0.004,1.775,1.772,-2.121e-4,953.113,0.001,338.367,0.314,6.4,32.17
31.726,1.669,2643.189,456.9,0.262,0.003,61.934,43.169,0,0.568,0.391,0.044,0.133,0.572,0.432,1.268,1.971e-4,0,0.004,1.775,1.772,-3.767e-5,953.28,0.001,338.373,0.314,6.4,32.17
31.74,1.665,2643.189,456.9,0.262,0.003,61.936,43.169,0,0.568,0.391,0.044,0.133,0.573,0.431,1.265,4.117e-4,0,0.004,1.775,1.772,4.038e-5,953.446,0.001,338.378,0.314,6.4,32.17
31.754,1.588,2643.189,456.9,0.262,0.003,61.965,43.169,0,0.568,0.391,0.044,0.133,0.572,0.41,1.205,-4.262e-4,0,0.004,1.775,1.772,2.358e-4,953.613,0.001,338.384,0.315,6.4,32.17
31.769,1.488,2643.189,456.9,0.262,0.003,62.002,43.169,0,0.568,0.391,0.044,0.133,0.572,0.384,1.128,-2.549e-4,0,0.003,1.775,1.772,1.134e-4,953.793,0.001,338.391,0.315,6.4,32.17
31.785,1.453,2643.189,456.9,0.262,0.003,62.015,43.169,0,0.568,0.391,0.044,0.133,0.572,0.374,1.102,-4.723e-4,0,0.003,1.775,1.772,-8.227e-6,953.985,0.001,338.397,0.315,6.4,32.17
31.8,1.493,2643.189,456.9,0.262,0.003,62,43.169,0,0.568,0.391,0.044,0.133,0.572,0.385,1.133,2.452e-4,0,0.003,1.775,1.772,-1.534e-4,954.16,0.001,338.404,0.315,6.4,32.17
31.813,1.539,2643.189,456.9,0.262,0.003,61.983,43.169,0,0.568,0.391,0.044,0.133,0.572,0.397,1.167,-1.471e-4,0,0.003,1.775,1.772,-2.627e-4,954.32,0.001,338.409,0.316,6.4,32.17
31.826,1.589,2643.189,456.9,0.262,0.003,61.965,43.169,0,0.568,0.391,0.044,0.133,0.572,0.411,1.206,9.468e-5,0,0.003,1.775,1.772,-2.171e-4,954.469,0.001,338.414,0.316,6.4,32.17
31.838,1.624,2643.189,456.9,0.262,0.003,61.953,43.169,0,0.568,0.391,0.044,0.133,0.573,0.42,1.233,-3.213e-4,0,0.003,1.776,1.772,-8.83e-5,954.61,0.001,338.419,0.316,6.4,32.17
31.849,1.632,2643.189,456.9,0.262,0.003,61.95,43.169,0,0.568,0.391,0.044,0.133,0.573,0.422,1.239,4.889e-4,0,0.003,1.776,1.772,-4.868e-6,954.753,0.001,338.424,0.316,6.4,32.17
31.86,1.592,2643.189,456.9,0.262,0.003,61.964,43.169,0,0.568,0.391,0.044,0.133,0.573,0.412,1.209,1.034e-4,0,0.003,1.776,1.772,2.233e-5,954.894,0.001,338.429,0.316,6.4,32.17
31.872,1.531,2643.189,456.9,0.262,0.003,61.987,43.169,0,0.568,0.391,0.044,0.133,0.572,0.395,1.162,1.389e-4,0,0.003,1.776,1.772,4.697e-5,955.037,0.001,338.434,0.316,6.4,32.17
31.884,1.476,2643.189,456.9,0.262,0.003,62.007,43.169,0,0.568,0.391,0.045,0.133,0.572,0.38,1.12,1.905e-4,0,0.003,1.776,1.772,8.138e-6,955.185,0.001,338.439,0.317,6.4,32.17
31.896,1.457,2643.189,456.9,0.262,0.003,62.015,43.169,0,0.569,0.391,0.045,0.133,0.572,0.375,1.105,3.867e-4,0,0.003,1.776,1.772,-2.959e-5,955.335,0.001,338.444,0.317,6.4,32.17
31.908,1.478,2643.189,456.9,0.262,0.003,62.007,43.169,0,0.569,0.391,0.045,0.133,0.572,0.381,1.122,-1.711e-4,0,0.003,1.776,1.772,-1.448e-4,955.486,0.001,338.449,0.317,6.4,32.17
31.919,1.518,2643.189,456.9,0.262,0.003,61.993,43.169,0,0.569,0.391,0.045,0.133,0.572,0.392,1.152,4.35e-4,0,0.003,1.776,1.772,-2.082e-4,955.635,0.001,338.454,0.317,6.4,32.17
31.931,1.559,2643.189,456.9,0.262,0.003,61.978,43.169,0,0.569,0.391,0.045,0.133,0.573,0.403,1.184,-4.345e-5,0,0.003,1.776,1.772,-1.615e-4,955.78,0.001,338.459,0.317,6.4,32.17
31.942,1.586,2643.189,456.9,0.262,0.003,61.968,43.169,0,0.569,0.391,0.045,0.133,0.573,0.41,1.203,1.894e-4,0,0.003,1.776,1.772,-6.191e-5,955.921,0.001,338.463,0.317,6.4,32.17
31.953,1.589,2643.189,456.9,0.262,0.003,61.967,43.169,0,0.569,0.391,0.045,0.133,0.573,0.411,1.206,-3.534e-4,0,0.003,1.776,1.772,-2.59e-6,956.061,0.001,338.468,0.318,6.4,32.17
31.964,1.567,2643.189,456.9,0.262,0.003,61.975,43.169,0,0.569,0.391,0.045,0.133,0.573,0.405,1.189,2.14e-4,0,0.003,1.776,1.773,1.751e-5,956.202,0.001,338.473,0.318,6.4,32.17
31.976,1.523,2643.189,456.9,0.262,0.003,61.991,43.169,0,0.569,0.391,0.045,0.133,0.573,0.393,1.156,-4.427e-4,0,0.003,1.776,1.773,5.968e-5,956.345,0.001,338.478,0.318,6.4,32.17
31.987,1.469,2643.189,456.9,0.262,0.003,62.011,43.169,0,0.569,0.391,0.045,0.133,0.572,0.379,1.115,3.007e-4,0,0.003,1.776,1.773,5.298e-5,956.493,0.001,338.483,0.318,6.4,32.17
32,1.425,2643.189,456.9,0.262,0.003,62.028,43.169,0,0.569,0.391,0.045,0.133,0.572,0.367,1.082,2.456e-4,0,0.003,1.776,1.773,3.489e-6,956.65,0.001,338.488,0.318,6.4,32.17
32.013,1.418,2643.189,456.9,0.262,0.003,62.031,43.169,0,0.569,0.391,0.045,0.133,0.572,0.365,1.076,1.51e-4,0,0.003,1.776,1.773,-3.769e-5,956.816,0.001,338.494,0.318,6.4,32.17
32.027,1.444,2643.189,456.9,0.262,0.003,62.021,43.169,0,0.569,0.391,0.045,0.133,0.572,0.372,1.096,-1.573e-4,0,0.003,1.776,1.773,-1.642e-4,956.992,0.001,338.499,0.319,6.4,32.17
32.041,1.49,2643.189,456.9,0.262,0.003,62.004,43.169,0,0.569,0.391,0.045,0.133,0.573,0.384,1.132,-3.278e-4,0,0.003,1.776,1.773,-2.271e-4,957.174,0.001,338.506,0.319,6.4,32.17
32.056,1.543,2643.189,456.9,0.262,0.003,61.985,43.169,0,0.569,0.391,0.045,0.133,0.573,0.398,1.172,-4.052e-4,0,0.003,1.776,1.773,-1.552e-4,957.362,0.001,338.512,0.319,6.4,32.17
32.071,1.58,2643.189,456.9,0.262,0.003,61.971,43.169,0,0.569,0.391,0.045,0.133,0.573,0.408,1.2,3.858e-4,0,0.003,1.776,1.773,-1.671e-5,957.553,0.001,338.518,0.319,6.4,32.17
32.086,1.559,2643.189,456.9,0.262,0.003,61.979,43.169,0,0.569,0.391,0.045,0.133,0.573,0.403,1.184,-2.349e-4,0,0.003,1.776,1.773,4.408e-5,957.745,0.001,338.525,0.319,6.4,32.17
32.102,1.48,2643.189,456.9,0.262,0.003,62.009,43.169,0,0.569,0.391,0.045,0.133,0.573,0.382,1.124,4.495e-4,0,0.003,1.776,1.773,1.575e-4,957.94,0.001,338.531,0.32,6.4,32.17
32.117,1.415,2643.189,456.9,0.262,0.003,62.033,43.169,0,0.569,0.391,0.045,0.133,0.573,0.364,1.073,4.01e-4,0,0.003,1.776,1.773,3.912e-5,958.136,0.001,338.538,0.32,6.4,32.17
32.132,1.401,2643.189,456.9,0.262,0.003,62.038,43.169,0,0.569,0.391,0.045,0.133,0.573,0.361,1.063,-2.068e-4,0,0.003,1.776,1.773,-8.323e-6,958.325,0.001,338.544,0.32,6.4,32.17
32.146,1.423,2643.189,456.9,0.262,0.003,62.03,43.169,0,0.569,0.391,0.045,0.133,0.573,0.367,1.081,4.627e-4,0,0.003,1.776,1.773,-7.925e-5,958.503,0.001,338.55,0.32,6.4,32.17
32.159,1.453,2643.189,456.9,0.262,0.003,62.02,43.169,0,0.569,0.391,0.045,0.133,0.573,0.374,1.103,-1.33e-4,0,0.003,1.776,1.773,-1.589e-4,958.669,0.001,338.556,0.32,6.4,32.17
32.172,1.491,2643.189,456.9,0.262,0.003,62.005,43.169,0,0.57,0.391,0.045,0.133,0.573,0.385,1.133,-1.832e-4,0,0.003,1.776,1.773,-1.77e-4,958.827,0.001,338.561,0.321,6.4,32.17
32.184,1.525,2643.189,456.9,0.262,0.003,61.993,43.169,0,0.57,0.391,0.045,0.133,0.573,0.394,1.158,-4.962e-4,0,0.003,1.776,1.773,-1.09e-4,958.977,0.001,338.566,0.321,6.4,32.17
32.195,1.542,2643.189,456.9,0.262,0.003,61.987,43.169,0,0.57,0.391,0.045,0.133,0.574,0.398,1.171,-4.079e-4,0,0.003,1.776,1.773,-2.787e-5,959.122,0.001,338.571,0.321,6.4,32.17
32.206,1.539,2643.189,456.9,0.262,0.003,61.989,43.169,0,0.57,0.391,0.045,0.133,0.574,0.397,1.168,3.94e-4,0,0.003,1.776,1.773,5.575e-7,959.265,0.001,338.576,0.321,6.4,32.17
32.217,1.511,2643.189,456.9,0.262,0.003,61.999,43.169,0,0.57,0.391,0.045,0.133,0.574,0.39,1.147,3.988e-4,0,0.003,1.776,1.773,3.83e-5,959.407,0.001,338.581,0.321,6.4,32.17
32.229,1.464,2643.189,456.9,0.262,0.003,62.016,43.169,0,0.57,0.391,0.046,0.133,0.573,0.377,1.111,-3.256e-4,0,0.003,1.776,1.773,8.393e-5,959.551,0.001,338.585,0.321,6.4,32.17
32.24,1.408,2643.189,456.9,0.262,0.003,62.037,43.169,0,0.57,0.391,0.046,0.133,0.573,0.362,1.069,-8.846e-5,0,0.003,1.777,1.773,6.18e-5,959.699,0.001,338.59,0.322,6.4,32.17
32.252,1.364,2643.189,456.9,0.262,0.003,62.054,43.169,0,0.57,0.391,0.046,0.133,0.573,0.351,1.035,1.298e-4,0,0.003,1.777,1.773,1.949e-6,959.852,0.001,338.596,0.322,6.4,32.17
32.264,1.355,2643.189,456.9,0.262,0.003,62.057,43.169,0,0.57,0.391,0.046,0.133,0.573,0.348,1.028,3.152e-4,0,0.003,1.777,1.773,-7.216e-5,960.01,0.001,338.601,0.322,6.4,32.17
32.277,1.389,2643.189,456.9,0.262,0.003,62.045,43.169,0,0.57,0.391,0.046,0.133,0.573,0.358,1.055,-4.916e-4,0,0.003,1.777,1.773,-2.91e-4,960.17,0.001,338.606,0.322,6.4,32.17
32.29,1.452,2643.189,456.9,0.262,0.003,62.021,43.169,0,0.57,0.391,0.046,0.134,0.573,0.374,1.103,1.14e-4,0,0.003,1.777,1.774,-4.072e-4,960.33,0.001,338.612,0.322,6.4,32.17
32.302,1.517,2643.189,456.9,0.262,0.003,61.998,43.169,0,0.57,0.391,0.046,0.134,0.574,0.391,1.152,4.496e-4,0,0.003,1.777,1.774,-2.974e-4,960.486,0.001,338.617,0.322,6.4,32.17
32.314,1.567,2643.189,456.9,0.262,0.003,61.979,43.169,0,0.57,0.391,0.046,0.134,0.574,0.405,1.19,-1.957e-4,0,0.003,1.777,1.774,-1.046e-4,960.638,0.001,338.622,0.323,6.4,32.17
32.325,1.584,2643.189,456.9,0.262,0.003,61.973,43.169,0,0.57,0.391,0.046,0.134,0.574,0.41,1.204,-4.736e-4,0,0.003,1.777,1.774,0,960.787,0.001,338.627,0.323,6.4,32.17
32.337,1.557,2643.189,456.9,0.262,0.003,61.983,43.169,0,0.57,0.391,0.046,0.134,0.574,0.402,1.183,-8.998e-5,0,0.003,1.777,1.774,1.187e-4,960.934,0.001,338.632,0.323,6.4,32.17
32.348,1.485,2643.189,456.9,0.262,0.003,62.01,43.169,0,0.57,0.391,0.046,0.134,0.574,0.383,1.127,-1.004e-4,0,0.003,1.777,1.774,3.74e-4,961.084,0.001,338.637,0.323,6.4,32.17
32.361,1.378,2643.189,456.9,0.262,0.003,62.05,43.169,0,0.57,0.391,0.046,0.134,0.573,0.354,1.045,-1.179e-4,0,0.003,1.777,1.774,3.663e-4,961.243,0.001,338.642,0.323,6.4,32.17
32.375,1.29,2643.189,456.9,0.262,0.003,62.083,43.169,0,0.57,0.391,0.046,0.134,0.573,0.331,0.979,8.669e-5,0,0.003,1.777,1.774,4.966e-5,961.419,0.001,338.648,0.323,6.4,32.17
32.39,1.289,2643.189,456.9,0.262,0.003,62.083,43.169,0,0.57,0.391,0.046,0.134,0.573,0.331,0.979,3.607e-4,0,0.003,1.777,1.774,-1.879e-4,961.623,0.001,338.655,0.324,6.4,32.17
32.408,1.406,2643.189,456.9,0.262,0.003,62.04,43.169,0,0.57,0.391,0.046,0.134,0.574,0.362,1.068,3.428e-4,0,0.003,1.777,1.774,-6.327e-4,961.854,0.001,338.663,0.324,6.4,32.17
32.423,1.506,2643.189,456.9,0.262,0.003,62.003,43.169,0,0.57,0.391,0.046,0.134,0.574,0.389,1.144,3.008e-4,0,0.003,1.777,1.774,-3.777e-4,962.042,0.001,338.669,0.324,6.4,32.17
32.436,1.546,2643.189,456.9,0.262,0.003,61.989,43.169,0,0.57,0.391,0.046,0.134,0.574,0.399,1.174,1.558e-4,0,0.003,1.777,1.774,-6.582e-5,962.212,0.001,338.675,0.324,6.4,32.17
32.449,1.525,2643.189,456.9,0.262,0.003,61.996,43.169,0,0.571,0.391,0.046,0.134,0.574,0.394,1.158,4.61e-4,0,0.003,1.777,1.774,9.483e-6,962.377,0.001,338.68,0.324,6.4,32.17
32.462,1.48,2643.189,456.9,0.262,0.003,62.013,43.169,0,0.571,0.391,0.046,0.134,0.574,0.382,1.124,3.544e-4,0,0.003,1.777,1.774,1.134e-4,962.543,0.001,338.686,0.325,6.4,32.17
32.475,1.41,2643.189,456.9,0.262,0.003,62.039,43.169,0,0.571,0.391,0.046,0.134,0.574,0.363,1.07,-2.439e-4,0,0.003,1.777,1.774,1.969e-4,962.71,0.001,338.692,0.325,6.4,32.17
32.488,1.334,2643.189,456.9,0.262,0.003,62.068,43.169,0,0.571,0.391,0.046,0.134,0.574,0.343,1.013,3.291e-4,0,0.003,1.777,1.774,1.15e-4,962.882,0.001,338.697,0.325,6.4,32.17
32.502,1.286,2643.189,456.9,0.262,0.003,62.086,43.169,0,0.571,0.391,0.046,0.134,0.574,0.33,0.976,-2.773e-5,0,0.003,1.777,1.774,0,963.056,0.001,338.703,0.325,6.4,32.17
32.515,1.309,2643.189,456.9,0.262,0.003,62.077,43.169,0,0.571,0.391,0.046,0.134,0.574,0.336,0.994,-1.328e-4,0,0.003,1.777,1.774,-1.939e-4,963.229,0.001,338.709,0.325,6.4,32.17
32.528,1.379,2643.189,456.9,0.262,0.003,62.051,43.169,0,0.571,0.391,0.046,0.134,0.574,0.355,1.047,3.459e-4,0,0.003,1.777,1.774,-4.058e-4,963.393,0.001,338.714,0.326,6.4,32.17
32.54,1.45,2643.189,456.9,0.262,0.003,62.025,43.169,0,0.571,0.391,0.046,0.134,0.574,0.374,1.101,1.008e-4,0,0.003,1.777,1.774,-3.334e-4,963.547,0.001,338.72,0.326,6.4,32.17
32.551,1.494,2643.189,456.9,0.262,0.003,62.009,43.169,0,0.571,0.391,0.046,0.134,0.575,0.386,1.136,-4.943e-4,0,0.003,1.777,1.774,-1.384e-4,963.692,0.001,338.724,0.326,6.4,32.17
32.562,1.512,2643.189,456.9,0.262,0.003,62.003,43.169,0,0.571,0.391,0.046,0.134,0.575,0.39,1.148,6.742e-5,0,0.003,1.777,1.774,-3.564e-5,963.834,0.001,338.729,0.326,6.4,32.17
32.573,1.512,2643.189,456.9,0.262,0.003,62.003,43.169,0,0.571,0.391,0.046,0.134,0.575,0.39,1.149,2.778e-4,0,0.003,1.777,1.774,5.867e-7,963.974,0.001,338.734,0.326,6.4,32.17
32.583,1.492,2643.189,456.9,0.262,0.003,62.01,43.169,0,0.571,0.391,0.046,0.134,0.575,0.385,1.133,3.851e-4,0,0.003,1.777,1.774,5.771e-5,964.113,0.001,338.739,0.326,6.4,32.17
32.594,1.449,2643.189,456.9,0.262,0.003,62.026,43.169,0,0.571,0.391,0.047,0.134,0.575,0.374,1.1,-1.45e-4,0,0.003,1.777,1.774,1.776e-4,964.255,0.001,338.743,0.326,6.4,32.17
32.606,1.377,2643.189,456.9,0.262,0.003,62.053,43.169,0,0.571,0.391,0.047,0.134,0.574,0.354,1.046,-4.601e-4,0,0.003,1.777,1.775,2.28e-4,964.401,0.001,338.748,0.327,6.4,32.17
32.618,1.304,2643.189,456.9,0.262,0.003,62.08,43.169,0,0.571,0.391,0.047,0.134,0.574,0.335,0.99,-1.724e-4,0,0.003,1.777,1.775,7.815e-5,964.556,0.001,338.753,0.327,6.4,32.17
32.63,1.275,2643.189,456.9,0.262,0.003,62.091,43.169,0,0.571,0.391,0.047,0.134,0.574,0.327,0.968,2.866e-4,0,0.003,1.777,1.775,-1.443e-5,964.722,0.001,338.759,0.327,6.4,32.17
32.644,1.313,2643.189,456.9,0.262,0.003,62.078,43.169,0,0.571,0.391,0.047,0.134,0.574,0.337,0.996,-4.204e-4,0,0.003,1.777,1.775,-2.469e-4,964.899,0.001,338.765,0.327,6.4,32.17
32.658,1.391,2643.189,456.9,0.262,0.003,62.049,43.169,0,0.571,0.391,0.047,0.134,0.575,0.358,1.057,-3.363e-4,0,0.003,1.778,1.775,-3.724e-4,965.08,0.001,338.771,0.327,6.4,32.17
32.672,1.459,2643.189,456.9,0.262,0.003,62.023,43.169,0,0.571,0.391,0.047,0.134,0.575,0.376,1.109,-4.533e-4,0,0.003,1.778,1.775,-1.983e-4,965.26,0.001,338.777,0.327,6.4,32.17
32.685,1.483,2643.189,456.9,0.262,0.003,62.015,43.169,0,0.571,0.391,0.047,0.134,0.575,0.383,1.127,1.203e-4,0,0.003,1.778,1.775,-1.943e-5,965.436,0.001,338.783,0.328,6.4,32.17
32.699,1.454,2643.189,456.9,0.262,0.003,62.026,43.169,0,0.571,0.391,0.047,0.134,0.575,0.375,1.105,-1.621e-4,0,0.003,1.778,1.775,2.434e-5,965.612,0.001,338.789,0.328,6.4,32.17
32.713,1.395,2643.189,456.9,0.262,0.003,62.048,43.169,0,0.571,0.391,0.047,0.134,0.575,0.359,1.06,2.576e-4,0,0.003,1.778,1.775,8.664e-5,965.794,0.001,338.795,0.328,6.4,32.17
32.728,1.328,2643.189,456.9,0.262,0.003,62.073,43.169,0,0.572,0.391,0.047,0.134,0.574,0.341,1.009,-2.793e-4,0,0.003,1.778,1.775,5.027e-5,965.991,0.001,338.802,0.328,6.4,32.17
32.745,1.291,2643.189,456.9,0.262,0.003,62.087,43.169,0,0.572,0.391,0.047,0.134,0.574,0.332,0.981,-3.174e-4,0,0.003,1.778,1.775,-5.056e-6,966.214,0.001,338.809,0.328,6.4,32.17
32.761,1.311,2643.189,456.9,0.262,0.003,62.079,43.169,0,0.572,0.391,0.047,0.134,0.575,0.337,0.995,4.694e-4,0,0.003,1.778,1.775,-1.271e-4,966.417,0.001,338.816,0.329,6.4,32.17
32.775,1.36,2643.189,456.9,0.262,0.003,62.062,43.169,0,0.572,0.391,0.047,0.134,0.575,0.35,1.033,4.758e-4,0,0.003,1.778,1.775,-2.106e-4,966.602,0.001,338.822,0.329,6.4,32.17
32.788,1.404,2643.189,456.9,0.262,0.003,62.045,43.169,0,0.572,0.391,0.047,0.134,0.575,0.362,1.066,7.691e-5,0,0.003,1.778,1.775,-1.52e-4,966.772,0.001,338.828,0.329,6.4,32.17
32.8,1.427,2643.189,456.9,0.262,0.003,62.037,43.169,0,0.572,0.391,0.047,0.134,0.575,0.368,1.084,-2.282e-4,0,0.003,1.778,1.775,-5.207e-5,966.933,0.001,338.833,0.329,6.4,32.17
32.812,1.422,2643.189,456.9,0.262,0.003,62.039,43.169,0,0.572,0.391,0.047,0.134,0.575,0.366,1.081,3.29e-4,0,0.003,1.778,1.775,-8.144e-6,967.088,0.001,338.839,0.329,6.4,32.17
32.824,1.408,2643.189,456.9,0.262,0.003,62.044,43.169,0,0.572,0.391,0.047,0.134,0.575,0.363,1.069,-4.684e-5,0,0.003,1.778,1.775,3.287e-7,967.242,0.001,338.844,0.329,6.4,32.17
32.836,1.388,2643.189,456.9,0.262,0.003,62.052,43.169,0,0.572,0.391,0.047,0.134,0.575,0.357,1.055,-2.572e-4,0,0.003,1.778,1.775,8.45e-6,967.396,0.001,338.849,0.33,6.4,32.17
32.847,1.365,2643.189,456.9,0.262,0.003,62.06,43.169,0,0.572,0.391,0.047,0.134,0.575,0.351,1.037,-4.188e-5,0,0.003,1.778,1.775,1.731e-5,967.55,0.001,338.854,0.33,6.4,32.17
32.859,1.328,2643.189,456.9,0.262,0.003,62.074,43.169,0,0.572,0.391,0.047,0.134,0.575,0.342,1.009,-1.314e-4,0,0.003,1.778,1.775,1.025e-5,967.704,0.001,338.859,0.33,6.4,32.17
32.871,1.303,2643.189,456.9,0.262,0.003,62.084,43.169,0,0.572,0.391,0.047,0.134,0.575,0.335,0.99,2.007e-4,0,0.003,1.778,1.775,-1.718e-6,967.862,0.001,338.865,0.33,6.4,32.17
32.883,1.305,2643.189,456.9,0.262,0.003,62.083,43.169,0,0.572,0.391,0.047,0.134,0.575,0.335,0.991,4.538e-4,0,0.003,1.778,1.775,-4.798e-5,968.022,0.001,338.87,0.33,6.4,32.17
32.895,1.332,2643.189,456.9,0.262,0.003,62.073,43.169,0,0.572,0.391,0.047,0.134,0.575,0.342,1.011,-3.951e-4,0,0.003,1.778,1.775,-1.072e-4,968.181,0.001,338.875,0.33,6.4,32.17
32.907,1.362,2643.189,456.9,0.262,0.003,62.062,43.169,0,0.572,0.391,0.047,0.134,0.575,0.35,1.034,-2.861e-5,0,0.003,1.778,1.775,-9.614e-5,968.339,0.001,338.881,0.331,6.4,32.17
32.919,1.379,2643.189,456.9,0.262,0.003,62.056,43.169,0,0.572,0.391,0.047,0.134,0.575,0.355,1.048,2.514e-4,0,0.003,1.778,1.775,-4.602e-5,968.494,0.001,338.886,0.331,6.4,32.17
32.931,1.38,2643.189,456.9,0.262,0.003,62.056,43.169,0,0.572,0.391,0.047,0.134,0.575,0.355,1.049,1.111e-5,0,0.003,1.778,1.775,-8.693e-6,968.65,0.001,338.891,0.331,6.4,32.17
32.943,1.365,2643.189,456.9,0.262,0.003,62.062,43.169,0,0.572,0.391,0.047,0.134,0.575,0.351,1.037,1.386e-4,0,0.003,1.778,1.775,7.916e-8,968.806,0.001,338.896,0.331,6.4,32.17
32.955,1.34,2643.189,456.9,0.262,0.003,62.071,43.169,0,0.572,0.391,0.047,0.134,0.575,0.345,1.018,3.396e-5,0,0.003,1.778,1.776,1.895e-6,968.967,0.001,338.902,0.331,6.4,32.17
32.968,1.322,2643.189,456.9,0.262,0.003,62.078,43.169,0,0.572,0.391,0.048,0.134,0.575,0.34,1.003,-4.445e-4,0,0.003,1.778,1.776,4.409e-8,969.134,0.001,338.907,0.331,6.4,32.17
32.981,1.314,2643.189,456.9,0.262,0.003,62.081,43.169,0,0.572,0.391,0.048,0.134,0.575,0.338,0.998,-9.938e-6,0,0.003,1.778,1.776,-2.693e-6,969.309,0.001,338.913,0.331,6.4,32.17
32.995,1.314,2643.189,456.9,0.262,0.003,62.081,43.169,0,0.572,0.391,0.048,0.134,0.575,0.338,0.998,-4.306e-4,0,0.003,1.778,1.776,-8.751e-6,969.492,0.001,338.919,0.332,6.4,32.17
33.01,1.317,2643.189,456.9,0.262,0.003,62.081,43.169,0,0.572,0.391,0.048,0.134,0.575,0.338,1,2.997e-4,0,0.003,1.778,1.776,-4.274e-5,969.684,0.001,338.926,0.332,6.4,32.17
33.025,1.356,2643.189,456.9,0.262,0.003,62.066,43.169,0,0.573,0.391,0.048,0.134,0.576,0.349,1.03,1.258e-4,0,0.003,1.778,1.776,-7.022e-5,969.891,0.001,338.933,0.332,6.4,32.17
33.042,1.395,2643.189,456.9,0.262,0.003,62.052,43.169,0,0.573,0.391,0.048,0.134,0.576,0.359,1.059,-3.021e-4,0,0.003,1.778,1.776,-5.973e-6,970.103,0.001,338.94,0.332,6.4,32.17
33.056,1.378,2643.189,456.9,0.262,0.003,62.058,43.169,0,0.573,0.391,0.048,0.134,0.576,0.355,1.046,2.62e-4,0,0.003,1.778,1.776,4.276e-5,970.3,0.001,338.946,0.332,6.4,32.17
33.071,1.307,2643.189,456.9,0.262,0.003,62.085,43.169,0,0.573,0.391,0.048,0.134,0.576,0.336,0.992,4.419e-4,0,0.003,1.778,1.776,1.185e-4,970.495,0.001,338.953,0.333,6.4,32.17
33.086,1.227,2643.189,456.9,0.262,0.003,62.115,43.169,0,0.573,0.391,0.048,0.134,0.575,0.315,0.932,-6.625e-5,0,0.003,1.779,1.776,3.694e-5,970.692,0.001,338.96,0.333,6.4,32.17
33.101,1.198,2643.189,456.9,0.262,0.003,62.126,43.169,0,0.573,0.39,0.048,0.134,0.575,0.307,0.91,3.82e-4,0,0.003,1.779,1.776,-5.229e-5,970.888,0.001,338.966,0.333,6.4,32.17
33.115,1.268,2643.189,456.9,0.262,0.003,62.1,43.169,0,0.573,0.39,0.048,0.134,0.576,0.325,0.963,-4.432e-5,0,0.003,1.779,1.776,-2.666e-4,971.074,0.001,338.972,0.333,6.4,32.17
33.128,1.339,2643.189,456.9,0.262,0.003,62.073,43.169,0,0.573,0.39,0.048,0.134,0.576,0.344,1.018,3.962e-4,0,0.003,1.779,1.776,-2.14e-4,971.243,0.001,338.978,0.333,6.4,32.17
33.14,1.374,2643.189,456.9,0.262,0.003,62.061,43.169,0,0.573,0.39,0.048,0.134,0.576,0.354,1.044,-4.456e-4,0,0.003,1.779,1.776,-5.766e-5,971.4,0.001,338.983,0.333,6.4,32.17
33.151,1.367,2643.189,456.9,0.262,0.003,62.064,43.169,0,0.573,0.39,0.048,0.134,0.576,0.352,1.039,-3.125e-4,0,0.003,1.779,1.776,-5.941e-9,971.552,0.001,338.988,0.334,6.4,32.17
33.163,1.351,2643.189,456.9,0.262,0.003,62.07,43.169,0,0.573,0.39,0.048,0.134,0.576,0.347,1.027,3.519e-5,0,0.003,1.779,1.776,1.637e-5,971.705,0.001,338.994,0.334,6.4,32.17
33.174,1.32,2643.189,456.9,0.262,0.003,62.081,43.169,0,0.573,0.39,0.048,0.134,0.576,0.339,1.003,4.444e-4,0,0.003,1.779,1.776,4.994e-5,971.858,0.001,338.999,0.334,6.4,32.17
33.186,1.277,2643.189,456.9,0.262,0.003,62.097,43.169,0,0.573,0.39,0.048,0.135,0.576,0.328,0.97,6.211e-5,0,0.003,1.779,1.776,5.891e-5,972.014,0.001,339.004,0.334,6.4,32.17
33.198,1.234,2643.189,456.9,0.262,0.003,62.114,43.169,0,0.573,0.39,0.048,0.135,0.576,0.317,0.937,3.657e-4,0,0.003,1.779,1.776,2.099e-5,972.174,0.001,339.009,0.334,6.4,32.17
33.21,1.217,2643.189,456.9,0.262,0.003,62.12,43.169,0,0.573,0.39,0.048,0.135,0.576,0.312,0.924,5.102e-5,0,0.003,1.779,1.776,-2.629e-5,972.34,0.001,339.015,0.334,6.4,32.17
33.223,1.255,2643.189,456.9,0.262,0.003,62.106,43.169,0,0.573,0.39,0.048,0.135,0.576,0.322,0.953,-4.53e-4,0,0.003,1.779,1.776,-1.814e-4,972.51,0.001,339.021,0.335,6.4,32.17
33.236,1.319,2643.189,456.9,0.262,0.003,62.082,43.169,0,0.573,0.39,0.048,0.135,0.576,0.339,1.003,1.762e-4,0,0.003,1.779,1.776,-2.097e-4,972.678,0.001,339.026,0.335,6.4,32.17
33.248,1.368,2643.189,456.9,0.262,0.003,62.064,43.169,0,0.573,0.39,0.048,0.135,0.576,0.352,1.039,2.319e-4,0,0.003,1.779,1.776,-7.822e-5,972.841,0.001,339.032,0.335,6.4,32.17
33.26,1.376,2643.189,456.9,0.262,0.003,62.062,43.169,0,0.573,0.39,0.048,0.135,0.577,0.354,1.045,4.9e-4,0,0.003,1.779,1.776,-1.608e-6,973,0.001,339.037,0.335,6.4,32.17
33.272,1.348,2643.189,456.9,0.262,0.003,62.072,43.169,0,0.573,0.39,0.048,0.135,0.576,0.347,1.024,-7.407e-5,0,0.003,1.779,1.776,3.042e-5,973.159,0.001,339.042,0.335,6.4,32.17
33.284,1.293,2643.189,456.9,0.262,0.003,62.092,43.169,0,0.573,0.39,0.048,0.135,0.576,0.332,0.982,-3.439e-4,0,0.003,1.779,1.776,8.132e-5,973.324,0.001,339.048,0.335,6.4,32.17
33.297,1.231,2643.189,456.9,0.262,0.003,62.116,43.169,0,0.573,0.39,0.048,0.135,0.576,0.316,0.936,3.734e-4,0,0.003,1.779,1.776,4.413e-5,973.498,0.001,339.054,0.335,6.4,32.17
33.312,1.198,2643.189,456.9,0.262,0.003,62.128,43.169,0,0.573,0.39,0.048,0.135,0.576,0.307,0.91,-2.042e-4,0,0.002,1.779,1.777,-3.879e-6,973.69,0.001,339.06,0.336,6.4,32.17
33.328,1.218,2643.189,456.9,0.262,0.003,62.121,43.169,0,0.574,0.39,0.048,0.135,0.576,0.312,0.925,-1.017e-4,0,0.002,1.779,1.777,-1.424e-4,973.902,0.001,339.067,0.336,6.4,32.17
33.345,1.284,2643.189,456.9,0.262,0.003,62.097,43.169,0,0.574,0.39,0.048,0.135,0.576,0.33,0.976,-5.257e-5,0,0.002,1.779,1.777,-2.36e-4,974.137,0.001,339.075,0.336,6.4,32.17
33.361,1.342,2643.189,456.9,0.262,0.003,62.075,43.169,0,0.574,0.39,0.049,0.135,0.577,0.345,1.019,-3.924e-4,0,0.002,1.779,1.777,-1.162e-4,974.341,0.001,339.082,0.336,6.4,32.17
33.375,1.36,2643.189,456.9,0.262,0.003,62.069,43.169,0,0.574,0.39,0.049,0.135,0.577,0.35,1.034,-3.605e-4,0,0.002,1.779,1.777,-4.719e-6,974.528,0.001,339.088,0.336,6.4,32.17
33.388,1.332,2643.189,456.9,0.262,0.003,62.079,43.169,0,0.574,0.39,0.049,0.135,0.577,0.342,1.012,-4.118e-5,0,0.002,1.779,1.777,3.793e-5,974.709,0.001,339.094,0.337,6.4,32.17
33.402,1.269,2643.189,456.9,0.262,0.003,62.103,43.169,0,0.574,0.39,0.049,0.135,0.577,0.326,0.964,7.678e-5,0,0.002,1.779,1.777,9.635e-5,974.891,0.001,339.101,0.337,6.4,32.17
33.415,1.232,2643.189,456.9,0.262,0.003,62.117,43.169,0,0.574,0.39,0.049,0.135,0.576,0.316,0.937,1.899e-4,0,0.002,1.779,1.777,2.788e-5,975.076,0.001,339.107,0.337,6.4,32.17
33.429,1.227,2643.189,456.9,0.262,0.003,62.119,43.169,0,0.574,0.39,0.049,0.135,0.576,0.315,0.931,4.399e-4,0,0.002,1.779,1.777,1.084e-6,975.256,0.001,339.113,0.337,6.4,32.17
33.442,1.229,2643.189,456.9,0.262,0.003,62.118,43.169,0,0.574,0.39,0.049,0.135,0.576,0.315,0.933,1.13e-4,0,0.002,1.779,1.777,-5.891e-7,975.431,0.001,339.119,0.337,6.4,32.17
33.455,1.221,2643.189,456.9,0.262,0.003,62.121,43.169,0,0.574,0.39,0.049,0.135,0.576,0.313,0.928,-2.022e-4,0,0.002,1.779,1.777,-8.69e-6,975.602,0.001,339.124,0.337,6.4,32.17
33.467,1.227,2643.189,456.9,0.262,0.003,62.119,43.169,0,0.574,0.39,0.049,0.135,0.577,0.315,0.932,-2.285e-4,0,0.002,1.779,1.777,-5.703e-5,975.77,0.001,339.13,0.338,6.4,32.17
33.48,1.252,2643.189,456.9,0.262,0.003,62.11,43.169,0,0.574,0.39,0.049,0.135,0.577,0.321,0.951,1.342e-4,0,0.002,1.779,1.777,-1.025e-4,975.935,0.001,339.136,0.338,6.4,32.17
33.492,1.281,2643.189,456.9,0.262,0.003,62.099,43.169,0,0.574,0.39,0.049,0.135,0.577,0.329,0.973,4.601e-4,0,0.002,1.779,1.777,-9.208e-5,976.096,0.001,339.141,0.338,6.4,32.17
33.503,1.303,2643.189,456.9,0.262,0.003,62.091,43.169,0,0.574,0.39,0.049,0.135,0.577,0.335,0.99,-1.349e-5,0,0.002,1.779,1.777,-3.984e-5,976.253,0.001,339.146,0.338,6.4,32.17
33.515,1.306,2643.189,456.9,0.262,0.003,62.09,43.169,0,0.574,0.39,0.049,0.135,0.577,0.336,0.992,-3.918e-4,0,0.002,1.779,1.777,-1.48e-6,976.408,0.001,339.152,0.338,6.4,32.17
33.526,1.283,2643.189,456.9,0.262,0.003,62.099,43.169,0,0.574,0.39,0.049,0.135,0.577,0.33,0.976,1.986e-4,0,0.002,1.78,1.777,1.104e-5,976.563,0.001,339.157,0.338,6.4,32.17
33.538,1.243,2643.189,456.9,0.262,0.003,62.114,43.169,0,0.574,0.39,0.049,0.135,0.577,0.319,0.944,2.641e-5,0,0.002,1.78,1.777,2.651e-5,976.722,0.001,339.162,0.338,6.4,32.17
33.55,1.199,2643.189,456.9,0.262,0.003,62.131,43.169,0,0.574,0.39,0.049,0.135,0.577,0.308,0.911,2.867e-4,0,0.002,1.78,1.777,6.447e-6,976.887,0.001,339.168,0.339,6.4,32.17
33.563,1.179,2643.189,456.9,0.262,0.003,62.139,43.169,0,0.574,0.39,0.049,0.135,0.577,0.302,0.896,1.724e-5,0,0.002,1.78,1.777,-1.83e-5,977.061,0.001,339.173,0.339,6.4,32.17
33.577,1.198,2643.189,456.9,0.262,0.003,62.131,43.169,0,0.574,0.39,0.049,0.135,0.577,0.307,0.91,-8.147e-5,0,0.002,1.78,1.777,-1.354e-4,977.245,0.001,339.18,0.339,6.4,32.17
33.591,1.25,2643.189,456.9,0.262,0.003,62.112,43.169,0,0.574,0.39,0.049,0.135,0.577,0.321,0.95,-1.523e-4,0,0.002,1.78,1.777,-2.055e-4,977.435,0.001,339.186,0.339,6.4,32.17
33.605,1.299,2643.189,456.9,0.262,0.003,62.094,43.169,0,0.574,0.39,0.049,0.135,0.577,0.334,0.987,5.655e-6,0,0.002,1.78,1.777,-1.056e-4,977.627,0.001,339.192,0.339,6.4,32.17
33.62,1.311,2643.189,456.9,0.262,0.003,62.09,43.169,0,0.574,0.39,0.049,0.135,0.577,0.337,0.997,8.639e-5,0,0.002,1.78,1.777,-7.436e-6,977.819,0.001,339.199,0.339,6.4,32.17
33.634,1.283,2643.189,456.9,0.262,0.003,62.1,43.169,0,0.575,0.39,0.049,0.135,0.577,0.33,0.975,-9.066e-5,0,0.002,1.78,1.777,1.7e-5,978.013,0.001,339.205,0.34,6.4,32.17
33.649,1.228,2643.189,456.9,0.262,0.003,62.121,43.169,0,0.575,0.39,0.049,0.135,0.577,0.315,0.933,3.029e-4,0,0.002,1.78,1.777,4.703e-5,978.217,0.001,339.212,0.34,6.4,32.17
33.666,1.175,2643.189,456.9,0.262,0.003,62.141,43.169,0,0.575,0.39,0.049,0.135,0.577,0.301,0.893,2.595e-4,0,0.002,1.78,1.777,7.15e-6,978.443,0.001,339.22,0.34,6.4,32.17
33.682,1.165,2643.189,456.9,0.262,0.003,62.145,43.169,0,0.575,0.39,0.049,0.135,0.577,0.299,0.885,-3.687e-4,0,0.002,1.78,1.778,-2.768e-5,978.665,0.001,339.227,0.34,6.4,32.17
33.697,1.192,2643.189,456.9,0.262,0.003,62.135,43.169,0,0.575,0.39,0.049,0.135,0.577,0.306,0.907,-1.132e-4,0,0.002,1.78,1.778,-1.086e-4,978.868,0.001,339.234,0.34,6.4,32.17
33.711,1.228,2643.189,456.9,0.262,0.003,62.122,43.169,0,0.575,0.39,0.049,0.135,0.577,0.315,0.933,-3.035e-4,0,0.002,1.78,1.778,-1.104e-4,979.054,0.001,339.24,0.34,6.4,32.17
33.724,1.248,2643.189,456.9,0.262,0.003,62.114,43.169,0,0.575,0.39,0.049,0.135,0.577,0.321,0.949,3.686e-4,0,0.002,1.78,1.778,-5.84e-5,979.23,0.001,339.246,0.341,6.4,32.17
33.736,1.251,2643.189,456.9,0.262,0.003,62.113,43.169,0,0.575,0.39,0.049,0.135,0.578,0.321,0.95,4.037e-4,0,0.002,1.78,1.778,-1.689e-5,979.399,0.001,339.252,0.341,6.4,32.17
33.749,1.239,2643.189,456.9,0.262,0.003,62.118,43.169,0,0.575,0.39,0.049,0.135,0.578,0.318,0.942,-3.125e-4,0,0.002,1.78,1.778,-1.984e-6,979.565,0.001,339.258,0.341,6.4,32.17
33.761,1.229,2643.189,456.9,0.262,0.003,62.122,43.169,0,0.575,0.39,0.05,0.135,0.578,0.315,0.934,9.192e-5,0,0.002,1.78,1.778,5.487e-6,979.73,0.001,339.263,0.341,6.4,32.17
33.773,1.196,2643.189,456.9,0.262,0.003,62.134,43.169,0,0.575,0.39,0.05,0.135,0.577,0.307,0.909,-4.964e-4,0,0.002,1.78,1.778,2.512e-5,979.895,0.001,339.269,0.341,6.4,32.17
33.785,1.149,2643.189,456.9,0.262,0.003,62.152,43.169,0,0.575,0.39,0.05,0.135,0.577,0.294,0.872,-4.504e-4,0,0.002,1.78,1.778,1.249e-5,980.063,0.001,339.274,0.341,6.4,32.17
33.798,1.114,2643.189,456.9,0.262,0.003,62.165,43.169,0,0.575,0.39,0.05,0.135,0.577,0.285,0.847,-4.604e-4,0,0.002,1.78,1.778,-1.345e-5,980.237,0.001,339.28,0.341,6.4,32.17
33.811,1.134,2643.189,456.9,0.262,0.003,62.158,43.169,0,0.575,0.39,0.05,0.135,0.577,0.29,0.862,3.945e-4,0,0.002,1.78,1.778,-1.594e-4,980.415,0.001,339.286,0.342,6.4,32.17
33.824,1.189,2643.189,456.9,0.262,0.003,62.138,43.169,0,0.575,0.39,0.05,0.135,0.578,0.305,0.904,-4.199e-4,0,0.002,1.78,1.778,-2.717e-4,980.592,0.001,339.292,0.342,6.4,32.17
33.837,1.246,2643.189,456.9,0.262,0.003,62.117,43.169,0,0.575,0.39,0.05,0.135,0.578,0.32,0.947,3.167e-4,0,0.002,1.78,1.778,-1.987e-4,980.764,0.001,339.298,0.342,6.4,32.17
33.849,1.279,2643.189,456.9,0.262,0.003,62.104,43.169,0,0.575,0.39,0.05,0.135,0.578,0.329,0.972,-4.17e-4,0,0.002,1.78,1.778,-5.682e-5,980.93,0.001,339.303,0.342,6.4,32.17
33.861,1.273,2643.189,456.9,0.262,0.003,62.106,43.169,0,0.575,0.39,0.05,0.135,0.578,0.327,0.968,-3.156e-4,0,0.002,1.78,1.778,1.789e-7,981.093,0.001,339.309,0.342,6.4,32.17
33.873,1.235,2643.189,456.9,0.262,0.003,62.121,43.169,0,0.575,0.39,0.05,0.135,0.578,0.317,0.938,4.05e-4,0,0.002,1.78,1.778,4.068e-5,981.258,0.001,339.314,0.342,6.4,32.17
33.886,1.178,2643.189,456.9,0.262,0.003,62.142,43.169,0,0.575,0.39,0.05,0.135,0.578,0.302,0.896,1.333e-5,0,0.002,1.78,1.778,6.361e-5,981.429,0.001,339.32,0.342,6.4,32.17
33.899,1.129,2643.189,456.9,0.262,0.003,62.161,43.169,0,0.575,0.39,0.05,0.135,0.578,0.289,0.857,-3.598e-4,0,0.002,1.78,1.778,1.4e-5,981.613,0.001,339.326,0.343,6.4,32.17
33.914,1.111,2643.189,456.9,0.262,0.003,62.168,43.169,0,0.575,0.39,0.05,0.135,0.578,0.284,0.845,-2.004e-4,0,0.002,1.78,1.778,-1.89e-5,981.815,0.001,339.333,0.343,6.4,32.17
33.93,1.141,2643.189,456.9,0.262,0.003,62.157,43.169,0,0.575,0.39,0.05,0.135,0.578,0.292,0.868,7.148e-5,0,0.002,1.78,1.778,-1.367e-4,982.038,0.001,339.341,0.343,6.4,32.17
33.948,1.2,2643.189,456.9,0.262,0.003,62.135,43.169,0,0.576,0.39,0.05,0.135,0.578,0.308,0.912,2.155e-4,0,0.002,1.78,1.778,-1.428e-4,982.279,0.001,339.349,0.343,6.4,32.17
33.964,1.239,2643.189,456.9,0.262,0.003,62.12,43.169,0,0.576,0.39,0.05,0.135,0.578,0.318,0.942,2.363e-4,0,0.002,1.78,1.778,-5.888e-5,982.495,0.001,339.356,0.343,6.4,32.17
33.978,1.252,2643.189,456.9,0.262,0.003,62.116,43.169,0,0.576,0.39,0.05,0.135,0.578,0.321,0.952,1.689e-4,0,0.002,1.78,1.778,-1.604e-7,982.694,0.001,339.363,0.344,6.4,32.17
33.993,1.226,2643.189,456.9,0.262,0.003,62.125,43.169,0,0.576,0.39,0.05,0.135,0.578,0.315,0.932,-3.955e-4,0,0.002,1.781,1.778,5.196e-5,982.885,0.001,339.369,0.344,6.4,32.17
34.007,1.158,2643.189,456.9,0.262,0.003,62.151,43.169,0,0.576,0.39,0.05,0.135,0.578,0.297,0.88,2.256e-4,0,0.002,1.781,1.778,1.032e-4,983.078,0.001,339.376,0.344,6.4,32.17
34.021,1.098,2643.189,456.9,0.262,0.003,62.174,43.169,0,0.576,0.39,0.05,0.135,0.578,0.281,0.834,-1.297e-4,0,0.002,1.781,1.778,1.086e-5,983.274,0.001,339.382,0.344,6.4,32.17
34.035,1.099,2643.189,456.9,0.262,0.003,62.174,43.169,0,0.576,0.39,0.05,0.135,0.578,0.281,0.835,-1.048e-4,0,0.002,1.781,1.778,-4.671e-5,983.469,0.001,339.389,0.344,6.4,32.17
34.049,1.146,2643.189,456.9,0.262,0.003,62.156,43.169,0,0.576,0.39,0.05,0.135,0.578,0.293,0.87,-1.432e-4,0,0.002,1.781,1.778,-1.35e-4,983.654,0.001,339.395,0.344,6.4,32.17
34.061,1.188,2643.189,456.9,0.262,0.003,62.141,43.169,0,0.576,0.39,0.05,0.135,0.578,0.305,0.903,-2.199e-4,0,0.002,1.781,1.779,-1.047e-4,983.828,0.001,339.401,0.344,6.4,32.17
34.073,1.209,2643.189,456.9,0.262,0.003,62.133,43.169,0,0.576,0.39,0.05,0.135,0.578,0.31,0.919,-4.652e-4,0,0.002,1.781,1.779,-3.156e-5,983.994,0.001,339.406,0.345,6.4,32.17
34.085,1.203,2643.189,456.9,0.262,0.003,62.135,43.169,0,0.576,0.39,0.05,0.135,0.578,0.309,0.914,8.8e-5,0,0.002,1.781,1.779,-1.34e-7,984.157,0.001,339.412,0.345,6.4,32.17
34.097,1.174,2643.189,456.9,0.262,0.003,62.146,43.169,0,0.576,0.39,0.05,0.135,0.578,0.301,0.893,-3.463e-4,0,0.002,1.781,1.779,1.047e-5,984.32,0.001,339.417,0.345,6.4,32.17
34.109,1.144,2643.189,456.9,0.262,0.003,62.158,43.169,0,0.576,0.39,0.05,0.135,0.578,0.293,0.87,7.477e-6,0,0.002,1.781,1.779,1.185e-5,984.486,0.001,339.423,0.345,6.4,32.17
34.122,1.122,2643.189,456.9,0.262,0.003,62.166,43.169,0,0.576,0.39,0.05,0.135,0.578,0.287,0.853,4.869e-4,0,0.002,1.781,1.779,2.139e-6,984.658,0.001,339.429,0.345,6.4,32.17
34.135,1.11,2643.189,456.9,0.262,0.003,62.171,43.169,0,0.576,0.39,0.05,0.135,0.578,0.284,0.843,4.469e-4,0,0.002,1.781,1.779,-3.041e-6,984.834,0.001,339.435,0.345,6.4,32.17
34.148,1.111,2643.189,456.9,0.262,0.003,62.17,43.169,0,0.576,0.39,0.05,0.136,0.578,0.284,0.845,1.893e-4,0,0.002,1.781,1.779,-2.566e-5,985.015,0.001,339.441,0.345,6.4,32.17
34.161,1.119,2643.189,456.9,0.262,0.003,62.168,43.169,0,0.576,0.39,0.05,0.136,0.578,0.286,0.85,-3.635e-4,0,0.002,1.781,1.779,-5.271e-5,985.2,0.001,339.447,0.346,6.4,32.17
34.175,1.131,2643.189,456.9,0.262,0.003,62.163,43.169,0,0.576,0.39,0.051,0.136,0.578,0.29,0.86,2.688e-4,0,0.002,1.781,1.779,-7.92e-5,985.389,0.001,339.453,0.346,6.4,32.17
34.189,1.151,2643.189,456.9,0.262,0.003,62.156,43.169,0,0.576,0.39,0.051,0.136,0.579,0.295,0.875,9.426e-5,0,0.002,1.781,1.779,-8.94e-5,985.584,0.001,339.46,0.346,6.4,32.17
34.204,1.176,2643.189,456.9,0.262,0.003,62.146,43.169,0,0.576,0.39,0.051,0.136,0.579,0.302,0.894,-3.286e-4,0,0.002,1.781,1.779,-6.328e-5,985.785,0.001,339.466,0.346,6.4,32.17
34.219,1.2,2643.189,456.9,0.262,0.003,62.138,43.169,0,0.576,0.39,0.051,0.136,0.579,0.308,0.912,4.541e-4,0,0.002,1.781,1.779,-1.395e-5,985.99,0.001,339.473,0.346,6.4,32.17
34.234,1.199,2643.189,456.9,0.262,0.003,62.138,43.169,0,0.576,0.39,0.051,0.136,0.579,0.307,0.911,-2.182e-5,0,0.002,1.781,1.779,1.268e-5,986.201,0.001,339.48,0.346,6.4,32.17
34.25,1.152,2643.189,456.9,0.262,0.003,62.156,43.169,0,0.576,0.39,0.051,0.136,0.579,0.295,0.875,-3.415e-4,0,0.002,1.781,1.779,1.115e-4,986.418,0.001,339.488,0.347,6.4,32.17
34.267,1.067,2643.189,456.9,0.262,0.003,62.188,43.169,0,0.576,0.39,0.051,0.136,0.578,0.273,0.811,2.174e-4,0,0.002,1.781,1.779,3.135e-5,986.652,0.001,339.496,0.347,6.4,32.17
34.284,1.058,2643.189,456.9,0.262,0.003,62.192,43.169,0,0.577,0.39,0.051,0.136,0.578,0.271,0.804,1.33e-5,0,0.002,1.781,1.779,-4.163e-5,986.887,0.001,339.503,0.347,6.4,32.17
34.299,1.109,2643.189,456.9,0.262,0.003,62.173,43.169,0,0.577,0.39,0.051,0.136,0.579,0.284,0.844,-2.115e-4,0,0.002,1.781,1.779,-1.414e-4,987.099,0.001,339.511,0.347,6.4,32.17
34.313,1.149,2643.189,456.9,0.262,0.003,62.158,43.169,0,0.577,0.39,0.051,0.136,0.579,0.294,0.873,-3.932e-4,0,0.002,1.781,1.779,-1.286e-4,987.289,0.001,339.517,0.347,6.4,32.17
34.326,1.176,2643.189,456.9,0.262,0.003,62.148,43.169,0,0.577,0.39,0.051,0.136,0.579,0.302,0.895,-2.089e-7,0,0.002,1.781,1.779,-5.807e-5,987.468,0.001,339.523,0.347,6.4,32.17
34.338,1.184,2643.189,456.9,0.262,0.003,62.145,43.169,0,0.577,0.39,0.051,0.136,0.579,0.304,0.9,-4.087e-4,0,0.002,1.781,1.779,-5.293e-6,987.639,0.001,339.529,0.348,6.4,32.17
34.35,1.17,2643.189,456.9,0.262,0.003,62.15,43.169,0,0.577,0.39,0.051,0.136,0.579,0.3,0.889,-2.802e-4,0,0.002,1.781,1.779,8.926e-6,987.808,0.001,339.534,0.348,6.4,32.17
34.363,1.137,2643.189,456.9,0.262,0.003,62.163,43.169,0,0.577,0.39,0.051,0.136,0.579,0.291,0.864,-1.716e-4,0,0.002,1.781,1.779,4.48e-5,987.978,0.001,339.54,0.348,6.4,32.17
34.375,1.092,2643.189,456.9,0.262,0.003,62.18,43.169,0,0.577,0.39,0.051,0.136,0.579,0.279,0.83,-3.586e-4,0,0.002,1.781,1.779,5.394e-5,988.151,0.001,339.546,0.348,6.4,32.17
34.388,1.049,2643.189,456.9,0.262,0.003,62.196,43.169,0,0.577,0.39,0.051,0.136,0.579,0.268,0.798,3.975e-4,0,0.002,1.781,1.779,1.352e-5,988.329,0.001,339.552,0.348,6.4,32.17
34.401,1.031,2643.189,456.9,0.262,0.003,62.203,43.169,0,0.577,0.39,0.051,0.136,0.579,0.264,0.784,-3.408e-4,0,0.002,1.781,1.779,-1.703e-5,988.513,0.001,339.558,0.348,6.4,32.17
34.415,1.078,2643.189,456.9,0.262,0.003,62.186,43.169,0,0.577,0.39,0.051,0.136,0.579,0.276,0.819,4.674e-4,0,0.002,1.781,1.779,-1.345e-4,988.701,0.001,339.564,0.348,6.4,32.17
34.428,1.137,2643.189,456.9,0.262,0.003,62.163,43.169,0,0.577,0.39,0.051,0.136,0.579,0.291,0.865,-1.39e-4,0,0.002,1.781,1.779,-1.068e-4,988.884,0.001,339.571,0.348,6.4,32.17
34.441,1.164,2643.189,456.9,0.262,0.003,62.154,43.169,0,0.577,0.39,0.051,0.136,0.579,0.298,0.886,3.143e-5,0,0.002,1.781,1.779,-1.31e-5,989.061,0.001,339.576,0.349,6.4,32.17
34.453,1.145,2643.189,456.9,0.262,0.003,62.161,43.169,0,0.577,0.39,0.051,0.136,0.579,0.293,0.871,-3.688e-4,0,0.002,1.781,1.779,9.853e-6,989.235,0.001,339.582,0.349,6.4,32.17
34.466,1.1,2643.189,456.9,0.262,0.003,62.178,43.169,0,0.577,0.39,0.051,0.136,0.579,0.282,0.837,5.791e-6,0,0.002,1.781,1.78,2.871e-5,989.412,0.001,339.588,0.349,6.4,32.17
34.48,1.055,2643.189,456.9,0.262,0.003,62.195,43.169,0,0.577,0.39,0.051,0.136,0.579,0.27,0.803,3.69e-4,0,0.002,1.782,1.78,5.195e-6,989.602,0.001,339.595,0.349,6.4,32.17
34.495,1.042,2643.189,456.9,0.262,0.003,62.2,43.169,0,0.577,0.39,0.051,0.136,0.579,0.266,0.792,1.91e-4,0,0.002,1.782,1.78,-2.822e-5,989.807,0.001,339.602,0.349,6.4,32.17
34.511,1.076,2643.189,456.9,0.262,0.003,62.187,43.169,0,0.577,0.39,0.051,0.136,0.579,0.275,0.818,3.184e-4,0,0.002,1.782,1.78,-1.01e-4,990.032,0.001,339.609,0.349,6.4,32.17
34.528,1.113,2643.189,456.9,0.262,0.003,62.174,43.169,0,0.577,0.39,0.051,0.136,0.579,0.285,0.846,-4.034e-4,0,0.002,1.782,1.78,-6.715e-5,990.271,0.001,339.617,0.35,6.4,32.17
34.545,1.119,2643.189,456.9,0.262,0.003,62.171,43.169,0,0.577,0.39,0.051,0.136,0.579,0.287,0.851,1.28e-5,0,0.002,1.782,1.78,-1.472e-5,990.511,0.001,339.625,0.35,6.4,32.17
34.561,1.099,2643.189,456.9,0.262,0.003,62.179,43.169,0,0.577,0.39,0.051,0.136,0.579,0.281,0.836,-3.7e-4,0,0.002,1.782,1.78,-8.15e-6,990.736,0.001,339.633,0.35,6.4,32.17
34.577,1.101,2643.189,456.9,0.262,0.003,62.179,43.169,0,0.577,0.39,0.051,0.136,0.579,0.282,0.837,-1.681e-4,0,0.002,1.782,1.78,-2.149e-5,990.951,0.001,339.64,0.35,6.4,32.17
34.591,1.124,2643.189,456.9,0.262,0.003,62.17,43.169,0,0.577,0.39,0.051,0.136,0.58,0.288,0.854,-3.531e-4,0,0.002,1.782,1.78,-1.247e-5,991.152,0.001,339.647,0.35,6.4,32.17
34.605,1.126,2643.189,456.9,0.262,0.003,62.17,43.169,0,0.577,0.39,0.052,0.136,0.58,0.288,0.856,1.723e-4,0,0.002,1.782,1.78,1.368e-6,991.342,0.001,339.653,0.35,6.4,32.17
34.618,1.091,2643.189,456.9,0.262,0.003,62.183,43.169,0,0.578,0.39,0.052,0.136,0.58,0.279,0.83,3.668e-4,0,0.002,1.782,1.78,1.53e-5,991.527,0.001,339.659,0.351,6.4,32.17
34.631,1.055,2643.189,456.9,0.262,0.003,62.197,43.169,0,0.578,0.39,0.052,0.136,0.579,0.27,0.802,-2.683e-4,0,0.002,1.782,1.78,7.501e-6,991.714,0.001,339.666,0.351,6.4,32.17
34.645,1.036,2643.189,456.9,0.262,0.003,62.204,43.169,0,0.578,0.39,0.052,0.136,0.579,0.265,0.788,-3.495e-4,0,0.002,1.782,1.78,-1.899e-6,991.902,0.001,339.672,0.351,6.4,32.17
34.658,1.039,2643.189,456.9,0.262,0.003,62.203,43.169,0,0.578,0.39,0.052,0.136,0.58,0.266,0.79,4.054e-4,0,0.002,1.782,1.78,-3.054e-5,992.089,0.001,339.678,0.351,6.4,32.17
34.671,1.056,2643.189,456.9,0.262,0.003,62.197,43.169,0,0.578,0.39,0.052,0.136,0.58,0.27,0.803,1.417e-4,0,0.002,1.782,1.78,-6.663e-5,992.274,0.001,339.684,0.351,6.4,32.17
34.684,1.079,2643.189,456.9,0.262,0.003,62.188,43.169,0,0.578,0.39,0.052,0.136,0.58,0.276,0.821,2.975e-4,0,0.002,1.782,1.78,-6.938e-5,992.455,0.001,339.69,0.351,6.4,32.17
34.697,1.098,2643.189,456.9,0.262,0.003,62.181,43.169,0,0.578,0.39,0.052,0.136,0.58,0.281,0.836,2.712e-4,0,0.002,1.782,1.78,-3.817e-5,992.632,0.001,339.696,0.351,6.4,32.17
34.71,1.113,2643.189,456.9,0.262,0.003,62.176,43.169,0,0.578,0.39,0.052,0.136,0.58,0.285,0.846,3.437e-4,0,0.002,1.782,1.78,-1.127e-5,992.807,0.001,339.702,0.351,6.4,32.17
34.722,1.117,2643.189,456.9,0.262,0.003,62.174,43.169,0,0.578,0.39,0.052,0.136,0.58,0.286,0.849,1.253e-4,0,0.002,1.782,1.78,1.408e-6,992.982,0.001,339.708,0.352,6.4,32.17
34.735,1.096,2643.189,456.9,0.262,0.003,62.182,43.169,0,0.578,0.39,0.052,0.136,0.58,0.281,0.833,4.893e-5,0,0.002,1.782,1.78,3.984e-5,993.157,0.001,339.714,0.352,6.4,32.17
34.747,1.047,2643.189,456.9,0.262,0.003,62.201,43.169,0,0.578,0.39,0.052,0.136,0.58,0.268,0.797,-3.239e-4,0,0.002,1.782,1.78,8.603e-5,993.337,0.001,339.72,0.352,6.4,32.17
34.761,0.988,2643.189,456.9,0.262,0.003,62.223,43.169,0,0.578,0.39,0.052,0.136,0.58,0.252,0.751,-1.625e-4,0,0.002,1.782,1.78,2.74e-5,993.529,0.001,339.727,0.352,6.4,32.17
34.776,0.966,2643.189,456.9,0.262,0.003,62.232,43.169,0,0.578,0.39,0.052,0.136,0.58,0.247,0.735,-1.235e-4,0,0.002,1.782,1.78,-3.417e-5,993.739,0.001,339.734,0.352,6.4,32.17
34.793,1.015,2643.189,456.9,0.262,0.003,62.213,43.169,0,0.578,0.39,0.052,0.136,0.58,0.259,0.772,-4.837e-4,0,0.002,1.782,1.78,-2.571e-4,993.973,0.001,339.741,0.352,6.4,32.17
34.811,1.103,2643.189,456.9,0.262,0.003,62.18,43.169,0,0.578,0.39,0.052,0.136,0.58,0.282,0.839,1.179e-4,0,0.002,1.782,1.78,-1.55e-4,994.224,0.001,339.75,0.352,6.4,32.17
34.828,1.111,2643.189,456.9,0.262,0.003,62.177,43.169,0,0.578,0.39,0.052,0.136,0.58,0.285,0.846,3.519e-4,0,0.002,1.782,1.78,-7.665e-7,994.464,0.001,339.758,0.353,6.4,32.17
34.844,1.046,2643.189,456.9,0.262,0.003,62.202,43.169,0,0.578,0.39,0.052,0.136,0.58,0.268,0.795,-4.495e-4,0,0.002,1.782,1.78,2.191e-5,994.698,0.001,339.766,0.353,6.4,32.17
34.861,1.006,2643.189,456.9,0.262,0.003,62.218,43.169,0,0.578,0.39,0.052,0.136,0.58,0.257,0.765,2.607e-4,0,0.002,1.782,1.78,6.28e-6,994.936,0.001,339.774,0.353,6.4,32.17
34.878,0.984,2643.189,456.9,0.262,0.003,62.226,43.169,0,0.578,0.39,0.052,0.136,0.58,0.251,0.748,-2.316e-4,0,0.002,1.782,1.781,-7.038e-7,995.164,0.001,339.781,0.353,6.4,32.17
34.893,0.974,2643.189,456.9,0.262,0.003,62.23,43.169,0,0.578,0.39,0.052,0.136,0.58,0.249,0.74,-3.879e-4,0,0.002,1.782,1.781,-4.424e-5,995.382,0.001,339.789,0.353,6.4,32.17
34.908,0.996,2643.189,456.9,0.262,0.003,62.222,43.169,0,0.578,0.39,0.052,0.136,0.58,0.254,0.757,3.566e-4,0,0.002,1.782,1.781,-1.648e-4,995.591,0.001,339.796,0.353,6.4,32.17
34.922,1.046,2643.189,456.9,0.262,0.003,62.203,43.169,0,0.578,0.39,0.052,0.136,0.58,0.267,0.796,1.452e-4,0,0.002,1.782,1.781,-2.166e-4,995.786,0.001,339.802,0.354,6.4,32.17
34.935,1.095,2643.189,456.9,0.262,0.003,62.185,43.169,0,0.578,0.39,0.052,0.136,0.581,0.28,0.833,-1.984e-4,0,0.002,1.782,1.781,-1.296e-4,995.969,0.001,339.809,0.354,6.4,32.17
34.947,1.123,2643.189,456.9,0.262,0.003,62.174,43.169,0,0.579,0.39,0.052,0.136,0.581,0.288,0.854,4.988e-4,0,0.002,1.782,1.781,-2.001e-5,996.142,0.001,339.814,0.354,6.4,32.17
34.959,1.096,2643.189,456.9,0.262,0.003,62.184,43.169,0,0.579,0.39,0.052,0.136,0.581,0.281,0.834,2.663e-4,0,0.002,1.782,1.781,1.828e-5,996.311,0.001,339.82,0.354,6.4,32.17
34.971,1.029,2643.189,456.9,0.262,0.003,62.21,43.169,0,0.579,0.39,0.052,0.136,0.58,0.263,0.783,-1.454e-4,0,0.002,1.782,1.781,6.836e-5,996.484,0.001,339.826,0.354,6.4,32.17
34.984,0.966,2643.189,456.9,0.262,0.003,62.234,43.169,0,0.579,0.39,0.052,0.136,0.58,0.247,0.734,-2.736e-4,0,0.002,1.783,1.781,1.591e-5,996.667,0.001,339.832,0.354,6.4,32.17
34.998,0.956,2643.189,456.9,0.262,0.003,62.238,43.169,0,0.579,0.39,0.052,0.136,0.58,0.244,0.726,1.937e-4,0,0.002,1.783,1.781,-3.77e-5,996.862,0.001,339.839,0.354,6.4,32.17
35.012,1.005,2643.189,456.9,0.262,0.003,62.219,43.169,0,0.579,0.39,0.052,0.136,0.58,0.257,0.764,-2.844e-5,0,0.002,1.783,1.781,-1.375e-4,997.064,0.001,339.845,0.355,6.4,32.17
35.026,1.063,2643.189,456.9,0.262,0.003,62.198,43.169,0,0.579,0.39,0.053,0.136,0.581,0.272,0.808,-3.336e-4,0,0.002,1.783,1.781,-7.458e-5,997.262,0.001,339.852,0.355,6.4,32.17
35.04,1.081,2643.189,456.9,0.262,0.003,62.191,43.169,0,0.579,0.39,0.053,0.136,0.581,0.277,0.823,-3.055e-5,0,0.002,1.783,1.781,-1.961e-7,997.453,0.001,339.858,0.355,6.4,32.17
35.053,1.046,2643.189,456.9,0.262,0.003,62.204,43.169,0,0.579,0.39,0.053,0.136,0.581,0.267,0.795,-4.249e-4,0,0.002,1.783,1.781,5.434e-5,997.642,0.001,339.865,0.355,6.4,32.17
35.067,0.973,2643.189,456.9,0.262,0.003,62.232,43.169,0,0.579,0.39,0.053,0.136,0.581,0.248,0.74,9.254e-5,0,0.002,1.783,1.781,8.275e-5,997.839,0.001,339.871,0.355,6.4,32.17
35.083,0.91,2643.189,456.9,0.262,0.003,62.256,43.169,0,0.579,0.39,0.053,0.136,0.58,0.232,0.692,4.711e-4,0,0.002,1.783,1.781,3.001e-8,998.058,0.001,339.879,0.355,6.4,32.17
35.101,0.938,2643.189,456.9,0.262,0.003,62.246,43.169,0,0.579,0.39,0.053,0.136,0.581,0.239,0.714,-2.912e-4,0,0.002,1.783,1.781,-2.311e-4,998.314,0.001,339.887,0.355,6.4,32.17
35.12,1.042,2643.189,456.9,0.262,0.003,62.206,43.169,0,0.579,0.39,0.053,0.136,0.581,0.266,0.793,-1.365e-4,0,0.002,1.783,1.781,-2.206e-4,998.582,0.001,339.896,0.356,6.4,32.17
35.135,1.084,2643.189,456.9,0.262,0.003,62.191,43.169,0,0.579,0.39,0.053,0.136,0.581,0.278,0.825,-3.644e-4,0,0.002,1.783,1.781,-2.56e-5,998.805,0.001,339.904,0.356,6.4,32.17
35.15,1.06,2643.189,456.9,0.262,0.003,62.2,43.169,0,0.579,0.39,0.053,0.136,0.581,0.271,0.806,4.294e-5,0,0.002,1.783,1.781,2.386e-5,999.016,0.001,339.911,0.356,6.4,32.17
35.165,0.986,2643.189,456.9,0.262,0.003,62.228,43.169,0,0.579,0.39,0.053,0.136,0.581,0.252,0.75,-4.351e-5,0,0.002,1.783,1.781,6.773e-5,999.23,0.001,339.918,0.356,6.4,32.17
35.181,0.929,2643.189,456.9,0.262,0.003,62.25,43.169,0,0.579,0.39,0.053,0.136,0.581,0.237,0.707,-4.83e-4,0,0.002,1.783,1.781,3.782e-6,999.452,0.001,339.925,0.356,6.4,32.17
35.196,0.938,2643.189,456.9,0.262,0.003,62.247,43.169,0,0.579,0.39,0.053,0.137,0.581,0.239,0.714,-2.984e-4,0,0.002,1.783,1.781,-5.308e-5,999.671,0.001,339.933,0.356,6.4,32.17
35.211,1,2643.189,456.9,0.262,0.003,62.223,43.169,0,0.579,0.39,0.053,0.137,0.581,0.256,0.761,-4.398e-4,0,0.002,1.783,1.781,-7.928e-5,999.877,0.001,339.94,0.356,6.4,32.17
35.224,1.036,2643.189,456.9,0.262,0.003,62.21,43.169,0,0.579,0.39,0.053,0.137,0.581,0.265,0.788,-1.086e-4,0,0.002,1.783,1.781,-4.19e-6,1000.066,0.001,339.946,0.357,6.4,32.17
35.237,1.012,2643.189,456.9,0.262,0.003,62.219,43.169,0,0.579,0.39,0.053,0.137,0.581,0.259,0.769,3.766e-4,0,0.002,1.783,1.781,3.832e-5,1000.248,0.001,339.952,0.357,6.4,32.17
35.25,0.938,2643.189,456.9,0.262,0.003,62.247,43.169,0,0.579,0.39,0.053,0.137,0.581,0.239,0.714,4.434e-4,0,0.002,1.783,1.781,8.445e-5,1000.434,0.001,339.958,0.357,6.4,32.17
35.264,0.908,2643.189,456.9,0.262,0.003,62.258,43.169,0,0.579,0.39,0.053,0.137,0.581,0.232,0.691,3.757e-4,0,0.002,1.783,1.781,9.603e-7,1000.633,0.001,339.965,0.357,6.4,32.17
35.279,0.924,2643.189,456.9,0.262,0.003,62.253,43.169,0,0.58,0.39,0.053,0.137,0.581,0.236,0.702,4.425e-4,0,0.002,1.783,1.781,-4.062e-5,1000.839,0.001,339.972,0.357,6.4,32.17
35.293,0.956,2643.189,456.9,0.262,0.003,62.241,43.169,0,0.58,0.39,0.053,0.137,0.581,0.244,0.728,6.21e-5,0,0.002,1.783,1.781,-7.796e-5,1001.044,0.001,339.979,0.357,6.4,32.17
35.307,0.981,2643.189,456.9,0.262,0.003,62.231,43.169,0,0.58,0.39,0.053,0.137,0.581,0.251,0.746,2.743e-4,0,0.002,1.783,1.781,-6.636e-5,1001.246,0.001,339.986,0.357,6.4,32.17
35.321,0.996,2643.189,456.9,0.262,0.003,62.226,43.169,0,0.58,0.39,0.053,0.137,0.581,0.254,0.757,3.757e-5,0,0.002,1.783,1.782,-3.664e-5,1001.448,0.001,339.993,0.358,6.4,32.17
35.336,0.998,2643.189,456.9,0.262,0.003,62.225,43.169,0,0.58,0.39,0.053,0.137,0.581,0.255,0.759,1.22e-4,0,0.002,1.783,1.782,-1.238e-5,1001.652,0.001,339.999,0.358,6.4,32.17
35.35,0.991,2643.189,456.9,0.262,0.003,62.228,43.169,0,0.58,0.39,0.053,0.137,0.581,0.253,0.754,-3.826e-4,0,0.002,1.783,1.782,-1.95e-6,1001.862,0.001,340.006,0.358,6.4,32.17
35.366,0.971,2643.189,456.9,0.262,0.003,62.235,43.169,0,0.58,0.39,0.053,0.137,0.581,0.248,0.739,3.261e-4,0,0.002,1.783,1.782,1.89e-6,1002.081,0.001,340.014,0.358,6.4,32.17
35.382,0.939,2643.189,456.9,0.262,0.003,62.248,43.169,0,0.58,0.39,0.053,0.137,0.581,0.24,0.714,-4.407e-4,0,0.002,1.783,1.782,3.44e-7,1002.315,0.001,340.022,0.358,6.4,32.17
35.4,0.925,2643.189,456.9,0.262,0.003,62.253,43.169,0,0.58,0.39,0.053,0.137,0.581,0.236,0.704,1.08e-4,0,0.002,1.783,1.782,-2.145e-5,1002.574,0.001,340.03,0.358,6.4,32.17
35.419,0.953,2643.189,456.9,0.262,0.003,62.243,43.169,0,0.58,0.39,0.053,0.137,0.581,0.243,0.726,4.06e-4,0,0.002,1.783,1.782,-6.932e-5,1002.842,0.001,340.039,0.358,6.4,32.17
35.435,0.986,2643.189,456.9,0.262,0.003,62.231,43.169,0,0.58,0.39,0.053,0.137,0.582,0.252,0.75,1.565e-4,0,0.002,1.783,1.782,-4.198e-5,1003.077,0.001,340.047,0.359,6.4,32.17
35.45,0.996,2643.189,456.9,0.262,0.003,62.227,43.169,0,0.58,0.39,0.053,0.137,0.582,0.254,0.758,-5.929e-5,0,0.002,1.783,1.782,-2.692e-6,1003.293,0.001,340.054,0.359,6.4,32.17
35.465,0.977,2643.189,456.9,0.262,0.003,62.234,43.169,0,0.58,0.39,0.054,0.137,0.582,0.25,0.744,-4.223e-4,0,0.002,1.783,1.782,1.016e-5,1003.501,0.001,340.061,0.359,6.4,32.17
35.48,0.935,2643.189,456.9,0.262,0.003,62.25,43.169,0,0.58,0.39,0.054,0.137,0.582,0.239,0.711,2.565e-4,0,0.002,1.783,1.782,2.282e-5,1003.708,0.001,340.068,0.359,6.4,32.17
35.494,0.896,2643.189,456.9,0.262,0.003,62.266,43.169,0,0.58,0.39,0.054,0.137,0.582,0.228,0.681,-2.92e-4,0,0.002,1.783,1.782,9.414e-7,1003.918,0.001,340.075,0.359,6.4,32.17
35.509,0.9,2643.189,456.9,0.262,0.003,62.264,43.169,0,0.58,0.39,0.054,0.137,0.582,0.23,0.685,-6.183e-5,0,0.002,1.784,1.782,-3.105e-5,1004.131,0.001,340.083,0.359,6.4,32.17
35.523,0.932,2643.189,456.9,0.262,0.003,62.252,43.169,0,0.58,0.39,0.054,0.137,0.582,0.238,0.709,2.905e-4,0,0.002,1.784,1.782,-5.494e-5,1004.337,0.001,340.09,0.359,6.4,32.17
35.537,0.95,2643.189,456.9,0.262,0.003,62.245,43.169,0,0.58,0.39,0.054,0.137,0.582,0.242,0.723,-1.418e-4,0,0.002,1.784,1.782,-3.119e-5,1004.535,0.001,340.096,0.36,6.4,32.17
35.551,0.947,2643.189,456.9,0.262,0.003,62.246,43.169,0,0.58,0.39,0.054,0.137,0.582,0.242,0.721,-4.849e-4,0,0.002,1.784,1.782,-1.178e-5,1004.729,0.001,340.103,0.36,6.4,32.17
35.564,0.946,2643.189,456.9,0.262,0.003,62.247,43.169,0,0.58,0.39,0.054,0.137,0.582,0.241,0.72,8.526e-5,0,0.002,1.784,1.782,-6.693e-6,1004.924,0.001,340.109,0.36,6.4,32.17
35.578,0.942,2643.189,456.9,0.262,0.003,62.249,43.169,0,0.58,0.39,0.054,0.137,0.582,0.24,0.717,4.208e-4,0,0.002,1.784,1.782,-3.711e-6,1005.122,0.001,340.116,0.36,6.4,32.17
35.592,0.936,2643.189,456.9,0.262,0.003,62.251,43.169,0,0.58,0.39,0.054,0.137,0.582,0.239,0.712,4.066e-4,0,0.002,1.784,1.782,-2.482e-6,1005.323,0.001,340.123,0.36,6.4,32.17
35.607,0.934,2643.189,456.9,0.262,0.003,62.252,43.169,0,0.58,0.39,0.054,0.137,0.582,0.238,0.711,1.627e-4,0,0.002,1.784,1.782,-3.486e-6,1005.53,0.001,340.13,0.36,6.4,32.17
35.621,0.938,2643.189,456.9,0.262,0.003,62.25,43.169,0,0.58,0.39,0.054,0.137,0.582,0.239,0.714,-3.683e-5,0,0.002,1.784,1.782,-1.813e-6,1005.744,0.001,340.137,0.36,6.4,32.17
35.637,0.932,2643.189,456.9,0.262,0.003,62.253,43.169,0,0.581,0.39,0.054,0.137,0.582,0.238,0.709,-3.59e-4,0,0.002,1.784,1.782,2.542e-7,1005.965,0.001,340.144,0.36,6.4,32.17
35.653,0.907,2643.189,456.9,0.262,0.003,62.262,43.169,0,0.581,0.39,0.054,0.137,0.582,0.231,0.691,4.987e-4,0,0.002,1.784,1.782,3.419e-7,1006.197,0.001,340.152,0.361,6.4,32.17
35.671,0.901,2643.189,456.9,0.262,0.003,62.265,43.169,0,0.581,0.39,0.054,0.137,0.582,0.23,0.686,-5.848e-6,0,0.002,1.784,1.782,-1.583e-5,1006.45,0.001,340.161,0.361,6.4,32.17
35.69,0.928,2643.189,456.9,0.262,0.003,62.255,43.169,0,0.581,0.39,0.054,0.137,0.582,0.237,0.706,-2.787e-4,0,0.002,1.784,1.782,-3.394e-5,1006.735,0.001,340.17,0.361,6.4,32.17
35.708,0.944,2643.189,456.9,0.262,0.003,62.249,43.169,0,0.581,0.39,0.054,0.137,0.582,0.241,0.718,4.548e-4,0,0.002,1.784,1.782,-9.553e-6,1006.987,0.001,340.179,0.361,6.4,32.17
35.724,0.935,2643.189,456.9,0.262,0.003,62.253,43.169,0,0.581,0.39,0.054,0.137,0.582,0.238,0.711,2.788e-4,0,0.002,1.784,1.782,7.876e-9,1007.221,0.001,340.186,0.361,6.4,32.17
35.74,0.91,2643.189,456.9,0.262,0.003,62.262,43.169,0,0.581,0.39,0.054,0.137,0.582,0.232,0.692,6.913e-5,0,0.002,1.784,1.782,1.04e-6,1007.448,0.001,340.194,0.361,6.4,32.17
35.755,0.891,2643.189,456.9,0.262,0.003,62.27,43.169,0,0.581,0.39,0.054,0.137,0.582,0.227,0.677,-1.524e-4,0,0.002,1.784,1.782,-8.38e-7,1007.671,0.001,340.202,0.362,6.4,32.17
35.77,0.886,2643.189,456.9,0.262,0.003,62.272,43.169,0,0.581,0.39,0.054,0.137,0.582,0.226,0.674,-2.202e-4,0,0.002,1.784,1.782,-1.179e-5,1007.889,0.001,340.209,0.362,6.4,32.17
35.785,0.892,2643.189,456.9,0.262,0.003,62.27,43.169,0,0.581,0.39,0.054,0.137,0.582,0.227,0.679,-1.66e-4,0,0.002,1.784,1.783,-3.342e-5,1008.101,0.001,340.216,0.362,6.4,32.17
35.8,0.907,2643.189,456.9,0.262,0.003,62.264,43.169,0,0.581,0.39,0.054,0.137,0.582,0.231,0.69,3.716e-4,0,0.001,1.784,1.783,-4.865e-5,1008.308,0.001,340.223,0.362,6.4,32.17
35.813,0.947,2643.189,456.9,0.262,0.003,62.249,43.169,0,0.581,0.39,0.054,0.137,0.583,0.242,0.721,1.894e-4,0,0.001,1.784,1.783,-4.273e-6,1008.509,0.001,340.23,0.362,6.4,32.17
35.827,0.931,2643.189,456.9,0.262,0.003,62.255,43.169,0,0.581,0.39,0.054,0.137,0.583,0.238,0.708,-2.19e-4,0,0.001,1.784,1.783,3.428e-5,1008.701,0.001,340.236,0.362,6.4,32.17
35.84,0.859,2643.189,456.9,0.262,0.003,62.283,43.169,0,0.581,0.39,0.054,0.137,0.582,0.219,0.654,-1.608e-4,0,0.001,1.784,1.783,8.585e-5,1008.897,0.001,340.243,0.362,6.4,32.17
35.855,0.799,2643.189,456.9,0.262,0.003,62.306,43.169,0,0.581,0.39,0.054,0.137,0.582,0.203,0.607,2.681e-4,0,0.001,1.784,1.783,-2.458e-7,1009.109,0.001,340.25,0.362,6.4,32.17
35.871,0.848,2643.189,456.9,0.262,0.003,62.287,43.169,0,0.581,0.39,0.054,0.137,0.582,0.216,0.645,2.236e-4,0,0.001,1.784,1.783,-1.196e-4,1009.342,0.001,340.258,0.363,6.4,32.17
35.887,0.907,2643.189,456.9,0.262,0.003,62.265,43.169,0,0.581,0.39,0.054,0.137,0.583,0.231,0.69,-4.685e-5,0,0.001,1.784,1.783,-1.001e-4,1009.573,0.001,340.265,0.363,6.4,32.17
35.902,0.924,2643.189,456.9,0.262,0.003,62.259,43.169,0,0.581,0.39,0.054,0.137,0.583,0.236,0.703,4.533e-4,0,0.001,1.784,1.783,-2.679e-5,1009.796,0.001,340.273,0.363,6.4,32.17
35.918,0.929,2643.189,456.9,0.262,0.003,62.257,43.169,0,0.581,0.39,0.054,0.137,0.583,0.237,0.707,2.152e-4,0,0.001,1.784,1.783,-1.552e-6,1010.021,0.001,340.28,0.363,6.4,32.17
35.934,0.909,2643.189,456.9,0.262,0.003,62.264,43.169,0,0.581,0.39,0.055,0.137,0.583,0.232,0.692,-4.227e-4,0,0.001,1.784,1.783,5.918e-6,1010.251,0.001,340.288,0.363,6.4,32.17
35.951,0.871,2643.189,456.9,0.262,0.003,62.279,43.169,0,0.581,0.39,0.055,0.137,0.583,0.222,0.663,4.545e-4,0,0.001,1.784,1.783,7.149e-6,1010.497,0.001,340.296,0.363,6.4,32.17
35.97,0.839,2643.189,456.9,0.262,0.003,62.291,43.169,0,0.581,0.39,0.055,0.137,0.583,0.214,0.638,4.644e-4,0,0.001,1.784,1.783,-7.006e-6,1010.773,0.001,340.306,0.363,6.4,32.17
35.99,0.861,2643.189,456.9,0.262,0.003,62.283,43.169,0,0.581,0.39,0.055,0.137,0.583,0.219,0.655,-2.818e-4,0,0.001,1.784,1.783,-1.013e-4,1011.058,0.001,340.315,0.364,6.4,32.17
36.006,0.91,2643.189,456.9,0.262,0.003,62.265,43.169,0,0.582,0.39,0.055,0.137,0.583,0.232,0.692,-2.018e-4,0,0.001,1.784,1.783,-7.57e-5,1011.304,0.001,340.324,0.364,6.4,32.17
36.022,0.91,2643.189,456.9,0.262,0.003,62.265,43.169,0,0.582,0.39,0.055,0.137,0.583,0.232,0.693,-3.107e-4,0,0.001,1.784,1.783,-5.157e-6,1011.525,0.001,340.331,0.364,6.4,32.17
36.037,0.875,2643.189,456.9,0.262,0.003,62.278,43.169,0,0.582,0.39,0.055,0.137,0.583,0.223,0.666,-3.149e-4,0,0.001,1.784,1.783,0,1011.743,0.001,340.338,0.364,6.4,32.17
36.052,0.852,2643.189,456.9,0.262,0.003,62.287,43.169,0,0.582,0.39,0.055,0.137,0.583,0.217,0.648,-4.613e-4,0,0.001,1.784,1.783,-1.499e-5,1011.964,0.001,340.346,0.364,6.4,32.17
36.067,0.879,2643.189,456.9,0.262,0.003,62.277,43.169,0,0.582,0.39,0.055,0.137,0.583,0.224,0.669,3.755e-4,0,0.001,1.784,1.783,-8.556e-5,1012.182,0.001,340.353,0.364,6.4,32.17
36.081,0.938,2643.189,456.9,0.262,0.003,62.255,43.169,0,0.582,0.39,0.055,0.137,0.583,0.239,0.714,1.408e-4,0,0.001,1.785,1.783,-4.794e-5,1012.388,0.001,340.36,0.364,6.4,32.17
36.094,0.966,2643.189,456.9,0.262,0.003,62.244,43.169,0,0.582,0.39,0.055,0.137,0.583,0.247,0.735,-4.015e-4,0,0.001,1.785,1.783,4.148e-6,1012.581,0.001,340.366,0.364,6.4,32.17
36.107,0.92,2643.189,456.9,0.262,0.003,62.262,43.169,0,0.582,0.39,0.055,0.137,0.583,0.235,0.7,1.525e-4,0,0.001,1.785,1.783,1.139e-4,1012.768,0.001,340.373,0.365,6.4,32.17
36.121,0.835,2643.189,456.9,0.262,0.003,62.294,43.169,0,0.582,0.39,0.055,0.137,0.583,0.213,0.635,9.852e-6,0,0.001,1.785,1.783,1.192e-4,1012.964,0.001,340.379,0.365,6.4,32.17
36.136,0.783,2643.189,456.9,0.262,0.003,62.314,43.169,0,0.582,0.39,0.055,0.137,0.583,0.199,0.596,4.547e-4,0,0.001,1.785,1.783,6.917e-7,1013.18,0.001,340.387,0.365,6.4,32.17
36.152,0.815,2643.189,456.9,0.262,0.003,62.302,43.169,0,0.582,0.39,0.055,0.137,0.583,0.207,0.62,2.531e-4,0,0.001,1.785,1.783,-1.14e-4,1013.25,0.001,340.389,0.365,6.4,32.17
