# Time (s),Angle of attack (°),Mass (g),Motor mass (g),Longitudinal moment of inertia (kg·m²),Rotational moment of inertia (kg·m²),CP location (cm),CG location (cm),Thrust (N),Drag coefficient (​),Friction drag coefficient (​),Pressure drag coefficient (​),Base drag coefficient (​),Axial drag coefficient (​),Normal force coefficient (​),Pitch moment coefficient (​),Yaw moment coefficient (​),Side force coefficient (​),Roll moment coefficient (​),Roll forcing coefficient (​),Roll damping coefficient (​),Pitch damping coefficient (​),Air pressure (mbar),Air density (g/cm³),Speed of sound (m/s),Mach number (​),Reference length (cm),Reference area (cm²)
0,90,2993.221,807,0.302,0.003,NaN,47.265,0,0.705,0.568,0.017,0.12,0,NaN,NaN,NaN,NaN,NaN,NaN,NaN,NaN,1013.25,0.001,340.389,0.007,6.4,32.17
0.01,89.371,2992.471,806.251,0.302,0.003,NaN,47.257,64.111,0.705,0.568,0.017,0.12,2.333e-6,NaN,NaN,NaN,NaN,NaN,NaN,NaN,NaN,1013.25,0.001,340.389,0.007,6.4,32.17
0.02,83.856,2991.722,805.502,0.302,0.003,NaN,47.25,128.222,0.705,0.568,0.017,0.12,0.002,NaN,NaN,NaN,NaN,NaN,NaN,NaN,NaN,1013.25,0.001,340.389,0.007,6.4,32.17
0.03,73.394,2990.973,804.753,0.302,0.003,NaN,47.242,192.334,0.7,0.564,0.017,0.12,0.036,NaN,NaN,NaN,NaN,NaN,NaN,NaN,NaN,1013.249,0.001,340.389,0.007,6.4,32.17
0.042,56.868,2990.074,803.854,0.301,0.003,NaN,47.233,269.267,0.683,0.546,0.017,0.12,0.219,NaN,NaN,NaN,NaN,NaN,NaN,NaN,NaN,1013.248,0.001,340.389,0.008,6.4,32.17
0.045,52.777,2989.674,803.454,0.301,0.003,NaN,47.228,326.466,0.676,0.54,0.017,0.12,0.288,NaN,NaN,NaN,NaN,NaN,NaN,NaN,NaN,1013.247,0.001,340.389,0.008,6.4,32.17
0.048,47.388,2989.093,802.872,0.301,0.003,NaN,47.222,311.56,0.667,0.53,0.017,0.12,0.388,NaN,NaN,NaN,NaN,NaN,NaN,NaN,NaN,1013.247,0.001,340.389,0.009,6.4,32.17
0.054,41.164,2988.22,802,0.301,0.003,NaN,47.213,289.2,0.653,0.516,0.017,0.12,0.507,NaN,NaN,NaN,NaN,NaN,NaN,NaN,NaN,1013.245,0.001,340.389,0.01,6.4,32.17
0.062,34.711,2986.912,800.691,0.301,0.003,NaN,47.2,255.66,0.636,0.499,0.017,0.12,0.62,NaN,NaN,NaN,NaN,NaN,NaN,NaN,NaN,1013.242,0.001,340.389,0.012,6.4,32.17
0.07,30.754,2985.719,799.499,0.301,0.003,NaN,47.187,225.102,0.624,0.487,0.017,0.12,0.678,NaN,NaN,NaN,NaN,NaN,NaN,NaN,NaN,1013.239,0.001,340.389,0.013,6.4,32.17
0.08,27.052,2984.53,798.31,0.301,0.003,NaN,47.175,214.247,0.611,0.474,0.017,0.12,0.719,NaN,NaN,NaN,NaN,NaN,NaN,NaN,NaN,1013.234,0.001,340.388,0.015,6.4,32.17
0.091,24.009,2983.222,797.002,0.301,0.003,NaN,47.161,202.307,0.599,0.462,0.017,0.12,0.741,NaN,NaN,NaN,NaN,NaN,NaN,NaN,NaN,1013.228,0.001,340.388,0.017,6.4,32.17
0.101,21.779,2982.008,795.788,0.301,0.003,NaN,47.149,208.8,0.59,0.453,0.017,0.12,0.749,NaN,NaN,NaN,NaN,NaN,NaN,NaN,NaN,1013.221,0.001,340.388,0.018,6.4,32.17
0.111,19.768,2980.794,794.573,0.301,0.003,NaN,47.136,215.294,0.581,0.444,0.017,0.12,0.749,NaN,NaN,NaN,NaN,NaN,NaN,NaN,NaN,1013.214,0.001,340.388,0.02,6.4,32.17
0.121,18.018,2979.58,793.359,0.3,0.003,NaN,47.123,221.787,0.573,0.436,0.017,0.12,0.744,NaN,NaN,NaN,NaN,NaN,NaN,NaN,NaN,1013.206,0.001,340.387,0.022,6.4,32.17
0.131,16.488,2978.366,792.145,0.3,0.003,NaN,47.111,228.281,0.566,0.428,0.017,0.12,0.735,NaN,NaN,NaN,NaN,NaN,NaN,NaN,NaN,1013.198,0.001,340.387,0.023,6.4,32.17
0.14,15.27,2977.273,791.053,0.3,0.003,NaN,47.099,234.125,0.559,0.422,0.017,0.12,0.722,NaN,NaN,NaN,NaN,NaN,NaN,NaN,NaN,1013.189,0.001,340.387,0.025,6.4,32.17
0.15,14.078,2975.939,789.718,0.3,0.003,NaN,47.085,235.963,0.553,0.415,0.017,0.12,0.705,NaN,NaN,NaN,NaN,NaN,NaN,NaN,NaN,1013.179,0.001,340.387,0.027,6.4,32.17
0.16,13.1,2974.604,788.384,0.3,0.003,NaN,47.071,237.801,0.546,0.409,0.017,0.12,0.688,NaN,NaN,NaN,NaN,NaN,NaN,NaN,NaN,1013.169,0.001,340.386,0.029,6.4,32.17
0.17,12.24,2973.27,787.049,0.3,0.003,NaN,47.057,239.64,0.541,0.404,0.017,0.12,0.672,NaN,NaN,NaN,NaN,NaN,NaN,NaN,NaN,1013.157,0.001,340.386,0.031,6.4,32.17
0.18,11.503,2971.98,785.759,0.3,0.003,NaN,47.044,241.417,0.536,0.398,0.017,0.12,0.657,NaN,NaN,NaN,NaN,NaN,NaN,NaN,NaN,1013.145,0.001,340.385,0.033,6.4,32.17
0.189,10.882,2970.77,784.549,0.299,0.003,59.062,47.031,243.084,0.532,0.395,0.017,0.12,0.644,3.377,6.347,-2.136e-4,0,0.875,0.875,0,0,1013.133,0.001,340.385,0.035,6.4,32.17
0.195,10.496,2969.973,783.752,0.299,0.003,59.154,47.023,244.182,0.532,0.395,0.017,0.12,0.639,3.234,6.13,1.768e-4,0,0.875,0.875,0,1.038e-5,1013.124,0.001,340.385,0.036,6.4,32.17
0.202,10.047,2969,782.78,0.299,0.003,59.263,47.013,245.522,0.532,0.395,0.017,0.12,0.633,3.07,5.876,4.875e-4,0,0.875,0.875,0,4.92e-5,1013.114,0.001,340.384,0.038,6.4,32.17
0.207,9.733,2968.335,782.115,0.299,0.003,59.341,47.006,244.661,0.532,0.395,0.017,0.12,0.629,2.957,5.699,2.892e-4,0,0.836,0.875,0.039,9.198e-5,1013.106,0.001,340.384,0.039,6.4,32.17
0.212,9.439,2967.678,781.457,0.299,0.003,59.415,46.999,243.81,0.532,0.395,0.017,0.12,0.625,2.852,5.532,4.795e-4,0,0.826,0.875,0.049,1.457e-4,1013.098,0.001,340.384,0.04,6.4,32.17
0.217,9.172,2967.047,780.827,0.299,0.003,59.482,46.992,242.994,0.532,0.395,0.017,0.12,0.621,2.757,5.38,-3.362e-4,0,0.816,0.875,0.059,2.07e-4,1013.09,0.001,340.384,0.041,6.4,32.17
0.222,8.927,2966.441,780.22,0.299,0.003,59.545,46.986,242.208,0.532,0.395,0.017,0.12,0.618,2.671,5.242,2.031e-4,0,0.807,0.875,0.068,2.745e-4,1013.083,0.001,340.383,0.042,6.4,32.17
0.226,8.701,2965.855,779.634,0.299,0.003,59.604,46.98,241.45,0.532,0.395,0.017,0.12,0.615,2.592,5.113,2.933e-4,0,0.798,0.875,0.077,3.471e-4,1013.075,0.001,340.383,0.043,6.4,32.17
0.231,8.492,2965.289,779.068,0.299,0.003,59.659,46.974,240.716,0.532,0.395,0.017,0.12,0.612,2.52,4.994,-3.125e-4,0,0.789,0.875,0.086,4.237e-4,1013.068,0.001,340.383,0.044,6.4,32.17
0.235,8.297,2964.739,778.519,0.299,0.003,59.711,46.968,240.005,0.532,0.395,0.017,0.12,0.609,2.452,4.883,-7.391e-5,0,0.781,0.875,0.094,5.038e-4,1013.06,0.001,340.383,0.045,6.4,32.17
0.239,8.114,2964.206,777.985,0.299,0.003,59.76,46.962,239.314,0.532,0.395,0.017,0.12,0.607,2.39,4.779,1.868e-4,0,0.773,0.875,0.102,5.866e-4,1013.053,0.001,340.382,0.045,6.4,32.17
0.243,7.943,2963.687,777.466,0.299,0.003,59.806,46.957,238.642,0.532,0.395,0.017,0.12,0.604,2.332,4.681,1.188e-4,0,0.765,0.875,0.11,6.719e-4,1013.046,0.001,340.382,0.046,6.4,32.17
0.247,7.782,2963.181,776.96,0.299,0.003,59.85,46.951,237.987,0.532,0.395,0.017,0.12,0.602,2.277,4.589,2.733e-4,0,0.757,0.875,0.118,7.592e-4,1013.039,0.001,340.382,0.047,6.4,32.17
0.251,7.632,2962.687,776.467,0.299,0.003,59.891,46.946,237.348,0.532,0.395,0.017,0.12,0.6,2.227,4.503,-4.793e-6,0,0.75,0.875,0.125,8.482e-4,1013.032,0.001,340.382,0.048,6.4,32.17
0.254,7.5,2962.205,775.984,0.299,0.003,59.927,46.941,236.723,0.532,0.395,0.017,0.12,0.598,2.183,4.428,-1.126e-4,0,0.743,0.875,0.132,9.387e-4,1013.024,0.001,340.381,0.049,6.4,32.17
0.258,7.374,2961.733,775.512,0.299,0.003,59.962,46.936,236.112,0.532,0.395,0.017,0.12,0.596,2.141,4.356,2.126e-4,0,0.736,0.875,0.139,0.001,1013.017,0.001,340.381,0.049,6.4,32.17
0.262,7.254,2961.27,775.05,0.299,0.003,59.996,46.931,235.513,0.532,0.395,0.017,0.12,0.595,2.101,4.287,-1.551e-4,0,0.729,0.875,0.146,0.001,1013.01,0.001,340.381,0.05,6.4,32.17
0.265,7.14,2960.817,774.596,0.298,0.003,60.028,46.927,234.926,0.532,0.395,0.017,0.12,0.593,2.063,4.222,-3.651e-4,0,0.722,0.875,0.153,0.001,1013.003,0.001,340.381,0.051,6.4,32.17
0.269,7.03,2960.372,774.152,0.298,0.003,60.059,46.922,234.35,0.532,0.395,0.017,0.12,0.592,2.027,4.159,3.015e-4,0,0.716,0.875,0.159,0.001,1012.997,0.001,340.38,0.051,6.4,32.17
0.272,6.925,2959.935,773.715,0.298,0.003,60.089,46.917,233.784,0.532,0.395,0.017,0.12,0.59,1.992,4.099,2.133e-4,0,0.709,0.875,0.166,0.001,1012.99,0.001,340.38,0.052,6.4,32.17
0.275,6.825,2959.506,773.285,0.298,0.003,60.117,46.913,233.228,0.532,0.395,0.017,0.12,0.589,1.96,4.042,-3.262e-4,0,0.703,0.875,0.172,0.002,1012.983,0.001,340.38,0.053,6.4,32.17
0.278,6.728,2959.083,772.863,0.298,0.003,60.145,46.908,232.682,0.532,0.395,0.017,0.12,0.588,1.928,3.986,-4.271e-4,0,0.697,0.875,0.178,0.002,1012.976,0.001,340.38,0.053,6.4,32.17
0.282,6.634,2958.668,772.447,0.298,0.003,60.172,46.904,232.143,0.533,0.395,0.017,0.12,0.587,1.898,3.933,-4.822e-4,0,0.69,0.875,0.185,0.002,1012.969,0.001,340.379,0.054,6.4,32.17
0.285,6.544,2958.258,772.038,0.298,0.003,60.198,46.899,231.613,0.533,0.395,0.017,0.12,0.585,1.869,3.881,-1.923e-4,0,0.684,0.875,0.191,0.002,1012.962,0.001,340.379,0.055,6.4,32.17
0.288,6.458,2957.855,771.634,0.298,0.003,60.223,46.895,231.09,0.533,0.395,0.017,0.12,0.584,1.84,3.831,-1.358e-4,0,0.679,0.875,0.196,0.002,1012.956,0.001,340.379,0.055,6.4,32.17
0.291,6.374,2957.457,771.236,0.298,0.003,60.248,46.891,230.575,0.533,0.395,0.017,0.12,0.583,1.813,3.782,-1.828e-5,0,0.673,0.875,0.202,0.002,1012.949,0.001,340.379,0.056,6.4,32.17
0.294,6.292,2957.064,770.843,0.298,0.003,60.272,46.887,230.066,0.533,0.395,0.017,0.12,0.582,1.787,3.736,-4.892e-4,0,0.667,0.875,0.208,0.002,1012.942,0.001,340.379,0.057,6.4,32.17
0.297,6.213,2956.676,770.455,0.298,0.003,60.295,46.883,229.564,0.533,0.395,0.018,0.12,0.581,1.762,3.691,-1.626e-4,0,0.661,0.875,0.214,0.002,1012.935,0.001,340.378,0.057,6.4,32.17
0.3,6.137,2956.293,770.073,0.298,0.003,60.317,46.879,229.069,0.533,0.395,0.018,0.12,0.58,1.738,3.646,-2.281e-4,0,0.656,0.875,0.219,0.002,1012.929,0.001,340.378,0.058,6.4,32.17
0.303,6.076,2955.915,769.694,0.298,0.003,60.335,46.875,228.579,0.533,0.395,0.018,0.12,0.579,1.718,3.612,2.11e-4,0,0.651,0.875,0.225,0.002,1012.922,0.001,340.378,0.058,6.4,32.17
0.306,6.017,2955.541,769.32,0.298,0.003,60.353,46.871,228.094,0.533,0.395,0.018,0.12,0.579,1.7,3.577,1.849e-4,0,0.645,0.875,0.23,0.003,1012.915,0.001,340.378,0.059,6.4,32.17
0.309,5.96,2955.171,768.95,0.298,0.003,60.37,46.867,227.615,0.533,0.395,0.018,0.12,0.578,1.681,3.545,-3.449e-4,0,0.64,0.875,0.235,0.003,1012.908,0.001,340.377,0.059,6.4,32.17
0.311,5.904,2954.805,768.584,0.298,0.003,60.387,46.863,227.142,0.533,0.395,0.018,0.12,0.577,1.664,3.513,-3.266e-4,0,0.635,0.875,0.24,0.003,1012.902,0.001,340.377,0.06,6.4,32.17
0.314,5.849,2954.443,768.222,0.298,0.003,60.403,46.859,226.673,0.533,0.395,0.018,0.12,0.577,1.646,3.482,-2.319e-4,0,0.629,0.875,0.246,0.003,1012.895,0.001,340.377,0.06,6.4,32.17
0.317,5.796,2954.084,767.864,0.298,0.003,60.419,46.855,226.209,0.533,0.395,0.018,0.12,0.576,1.63,3.451,-3.318e-4,0,0.624,0.875,0.251,0.003,1012.888,0.001,340.377,0.061,6.4,32.17
0.32,5.744,2953.729,767.509,0.298,0.003,60.435,46.851,225.749,0.533,0.395,0.018,0.12,0.575,1.613,3.421,-2.691e-4,0,0.619,0.875,0.256,0.003,1012.882,0.001,340.377,0.062,6.4,32.17
0.322,5.693,2953.378,767.157,0.298,0.003,60.45,46.848,225.293,0.533,0.395,0.018,0.121,0.575,1.597,3.391,-3.155e-4,0,0.614,0.875,0.261,0.003,1012.875,0.001,340.376,0.062,6.4,32.17
0.325,5.643,2953.029,766.808,0.298,0.003,60.465,46.844,224.842,0.533,0.395,0.018,0.121,0.574,1.582,3.363,-4.498e-4,0,0.61,0.875,0.266,0.003,1012.868,0.001,340.376,0.063,6.4,32.17
0.328,5.594,2952.684,766.463,0.298,0.003,60.48,46.84,224.395,0.533,0.395,0.018,0.121,0.573,1.566,3.335,-1.434e-4,0,0.605,0.875,0.27,0.003,1012.862,0.001,340.376,0.063,6.4,32.17
0.33,5.546,2952.341,766.12,0.298,0.003,60.495,46.837,223.951,0.533,0.395,0.018,0.121,0.573,1.551,3.307,-4.907e-4,0,0.6,0.875,0.275,0.003,1012.855,0.001,340.376,0.064,6.4,32.17
0.333,5.499,2952.001,765.781,0.298,0.003,60.509,46.833,223.511,0.533,0.395,0.018,0.121,0.572,1.537,3.28,-7.047e-5,0,0.595,0.875,0.28,0.004,1012.849,0.001,340.375,0.064,6.4,32.17
0.336,5.452,2951.664,765.443,0.298,0.003,60.524,46.83,223.075,0.533,0.395,0.018,0.121,0.572,1.522,3.253,3.254e-4,0,0.59,0.875,0.285,0.004,1012.842,0.001,340.375,0.065,6.4,32.17
0.338,5.407,2951.329,765.109,0.297,0.003,60.537,46.826,222.641,0.533,0.395,0.018,0.121,0.571,1.508,3.227,2.076e-4,0,0.586,0.875,0.289,0.004,1012.835,0.001,340.375,0.065,6.4,32.17
0.341,5.362,2950.997,764.777,0.297,0.003,60.551,46.822,222.211,0.533,0.395,0.018,0.121,0.571,1.494,3.202,-4.852e-4,0,0.581,0.875,0.294,0.004,1012.829,0.001,340.375,0.066,6.4,32.17
0.343,5.318,2950.668,764.447,0.297,0.003,60.565,46.819,221.785,0.533,0.395,0.018,0.121,0.57,1.481,3.176,-3.98e-5,0,0.577,0.875,0.299,0.004,1012.822,0.001,340.375,0.066,6.4,32.17
0.346,5.275,2950.34,764.12,0.297,0.003,60.578,46.815,221.361,0.533,0.395,0.018,0.121,0.57,1.467,3.151,4.641e-4,0,0.572,0.875,0.303,0.004,1012.815,0.001,340.374,0.067,6.4,32.17
0.349,5.221,2949.929,763.708,0.297,0.003,60.595,46.811,220.828,0.533,0.395,0.018,0.121,0.569,1.451,3.12,-2.157e-4,0,0.567,0.875,0.309,0.004,1012.807,0.001,340.374,0.067,6.4,32.17
0.352,5.169,2949.635,763.414,0.297,0.003,60.611,46.808,220.562,0.533,0.395,0.018,0.121,0.568,1.435,3.09,-2.909e-4,0,0.562,0.875,0.313,0.004,1012.8,0.001,340.374,0.068,6.4,32.17
0.354,5.111,2949.34,763.12,0.297,0.003,60.629,46.805,220.296,0.533,0.395,0.018,0.121,0.568,1.417,3.056,4.245e-4,0,0.558,0.875,0.317,0.004,1012.793,0.001,340.374,0.068,6.4,32.17
0.357,5.053,2949.046,762.826,0.297,0.003,60.647,46.802,220.03,0.533,0.395,0.018,0.121,0.567,1.399,3.023,-7.93e-5,0,0.553,0.875,0.322,0.005,1012.787,0.001,340.373,0.069,6.4,32.17
0.359,4.997,2948.752,762.531,0.297,0.003,60.665,46.799,219.764,0.533,0.395,0.018,0.121,0.566,1.382,2.989,-4.505e-4,0,0.549,0.875,0.326,0.005,1012.78,0.001,340.373,0.069,6.4,32.17
0.362,4.94,2948.458,762.237,0.297,0.003,60.682,46.795,219.497,0.533,0.395,0.018,0.121,0.566,1.365,2.956,9.729e-5,0,0.545,0.875,0.331,0.005,1012.773,0.001,340.373,0.07,6.4,32.17
0.364,4.884,2948.163,761.943,0.297,0.003,60.7,46.792,219.231,0.533,0.395,0.018,0.121,0.565,1.348,2.923,-1.412e-5,0,0.54,0.875,0.335,0.005,1012.766,0.001,340.373,0.07,6.4,32.17
0.367,4.829,2947.869,761.648,0.297,0.003,60.717,46.789,218.965,0.533,0.395,0.018,0.121,0.565,1.331,2.891,4.649e-4,0,0.536,0.875,0.339,0.005,1012.759,0.001,340.372,0.07,6.4,32.17
0.369,4.774,2947.575,761.354,0.297,0.003,60.735,46.786,218.699,0.533,0.395,0.018,0.121,0.564,1.314,2.859,-9.076e-5,0,0.532,0.875,0.344,0.005,1012.752,0.001,340.372,0.071,6.4,32.17
0.372,4.719,2947.28,761.06,0.297,0.003,60.752,46.783,218.433,0.533,0.395,0.018,0.121,0.563,1.298,2.827,-4.159e-4,0,0.528,0.875,0.348,0.005,1012.745,0.001,340.372,0.071,6.4,32.17
0.374,4.665,2946.986,760.766,0.297,0.003,60.769,46.78,218.167,0.533,0.395,0.018,0.121,0.563,1.281,2.796,4.918e-4,0,0.523,0.875,0.352,0.005,1012.738,0.001,340.372,0.072,6.4,32.17
0.377,4.611,2946.692,760.471,0.297,0.003,60.786,46.777,217.901,0.533,0.395,0.018,0.121,0.562,1.265,2.763,1.633e-4,0,0.519,0.875,0.356,0.005,1012.731,0.001,340.371,0.072,6.4,32.17
0.379,4.558,2946.398,760.177,0.297,0.003,60.803,46.773,217.635,0.533,0.395,0.018,0.121,0.562,1.249,2.732,-4.928e-4,0,0.515,0.875,0.361,0.006,1012.723,0.001,340.371,0.073,6.4,32.17
0.382,4.505,2946.103,759.883,0.297,0.003,60.82,46.77,217.369,0.533,0.395,0.018,0.121,0.561,1.233,2.701,8.044e-5,0,0.511,0.875,0.365,0.006,1012.716,0.001,340.371,0.073,6.4,32.17
0.384,4.453,2945.809,759.588,0.297,0.003,60.837,46.767,217.103,0.533,0.395,0.018,0.121,0.561,1.217,2.67,3.929e-4,0,0.506,0.875,0.369,0.006,1012.709,0.001,340.371,0.074,6.4,32.17
0.387,4.401,2945.515,759.294,0.297,0.003,60.854,46.764,216.836,0.533,0.395,0.018,0.121,0.56,1.202,2.64,1.104e-4,0,0.502,0.875,0.373,0.006,1012.701,0.001,340.37,0.074,6.4,32.17
0.389,4.349,2945.22,759,0.297,0.003,60.871,46.761,216.57,0.533,0.395,0.018,0.121,0.559,1.186,2.61,2.685e-4,0,0.498,0.875,0.377,0.006,1012.694,0.001,340.37,0.075,6.4,32.17
0.392,4.297,2944.926,758.706,0.297,0.003,60.887,46.758,216.304,0.533,0.395,0.018,0.121,0.559,1.171,2.579,-1.398e-4,0,0.494,0.875,0.381,0.006,1012.687,0.001,340.37,0.075,6.4,32.17
0.394,4.246,2944.632,758.411,0.297,0.003,60.904,46.755,216.038,0.533,0.395,0.018,0.121,0.558,1.156,2.549,4.121e-4,0,0.49,0.875,0.385,0.006,1012.679,0.001,340.37,0.076,6.4,32.17
0.397,4.195,2944.338,758.117,0.297,0.003,60.92,46.751,215.772,0.533,0.395,0.018,0.121,0.558,1.141,2.519,4.107e-4,0,0.486,0.875,0.389,0.006,1012.672,0.001,340.369,0.076,6.4,32.17
0.399,4.145,2944.043,757.823,0.297,0.003,60.937,46.748,215.506,0.534,0.395,0.018,0.121,0.557,1.126,2.49,-3.067e-4,0,0.482,0.875,0.394,0.006,1012.664,0.001,340.369,0.077,6.4,32.17
0.402,4.095,2943.749,757.528,0.297,0.003,60.953,46.745,215.24,0.534,0.395,0.018,0.121,0.557,1.111,2.46,1.662e-4,0,0.478,0.875,0.398,0.006,1012.656,0.001,340.369,0.077,6.4,32.17
0.404,4.045,2943.455,757.234,0.297,0.003,60.969,46.742,214.974,0.534,0.395,0.018,0.121,0.556,1.096,2.431,4.633e-4,0,0.474,0.875,0.402,0.007,1012.649,0.001,340.369,0.077,6.4,32.17
0.407,3.996,2943.16,756.94,0.297,0.003,60.986,46.739,214.708,0.534,0.395,0.018,0.121,0.556,1.082,2.401,4.097e-4,0,0.47,0.875,0.406,0.007,1012.641,0.001,340.368,0.078,6.4,32.17
0.409,3.947,2942.866,756.646,0.297,0.003,61.002,46.736,214.441,0.534,0.395,0.018,0.121,0.555,1.067,2.372,4.015e-4,0,0.466,0.875,0.41,0.007,1012.633,0.001,340.368,0.078,6.4,32.17
0.412,3.898,2942.572,756.351,0.297,0.003,61.018,46.733,214.175,0.534,0.395,0.018,0.121,0.555,1.053,2.344,6.676e-5,0,0.462,0.875,0.413,0.007,1012.625,0.001,340.368,0.079,6.4,32.17
0.414,3.85,2942.278,756.057,0.297,0.003,61.034,46.729,213.909,0.534,0.395,0.018,0.121,0.555,1.039,2.315,-1.797e-4,0,0.458,0.875,0.417,0.007,1012.617,0.001,340.368,0.079,6.4,32.17
0.417,3.801,2941.983,755.763,0.297,0.003,61.05,46.726,213.643,0.534,0.395,0.018,0.121,0.554,1.025,2.287,1.753e-4,0,0.454,0.875,0.421,0.007,1012.61,0.001,340.367,0.08,6.4,32.17
0.419,3.754,2941.689,755.468,0.296,0.003,61.066,46.723,213.377,0.534,0.395,0.018,0.121,0.554,1.011,2.259,-7.426e-5,0,0.45,0.875,0.425,0.007,1012.602,0.001,340.367,0.08,6.4,32.17
0.422,3.706,2941.395,755.174,0.296,0.003,61.082,46.72,213.111,0.534,0.395,0.018,0.121,0.553,0.997,2.23,-4.375e-4,0,0.446,0.875,0.429,0.007,1012.594,0.001,340.367,0.081,6.4,32.17
0.424,3.658,2941.1,754.88,0.296,0.003,61.098,46.717,212.845,0.534,0.395,0.018,0.121,0.553,0.983,2.202,-4.64e-4,0,0.443,0.876,0.433,0.007,1012.586,0.001,340.367,0.081,6.4,32.17
0.427,3.611,2940.806,754.586,0.296,0.003,61.114,46.714,212.579,0.534,0.395,0.018,0.121,0.552,0.97,2.174,2.295e-4,0,0.439,0.876,0.437,0.007,1012.577,0.001,340.366,0.082,6.4,32.17
0.429,3.564,2940.512,754.291,0.296,0.003,61.129,46.711,212.313,0.534,0.395,0.018,0.121,0.552,0.956,2.146,-2.438e-4,0,0.435,0.876,0.44,0.007,1012.569,0.001,340.366,0.082,6.4,32.17
0.432,3.518,2940.218,753.997,0.296,0.003,61.145,46.707,212.046,0.534,0.395,0.018,0.121,0.552,0.943,2.119,-5.774e-5,0,0.431,0.876,0.444,0.008,1012.561,0.001,340.366,0.082,6.4,32.17
0.434,3.471,2939.923,753.703,0.296,0.003,61.161,46.704,211.78,0.534,0.395,0.018,0.121,0.551,0.929,2.092,1.11e-4,0,0.428,0.876,0.448,0.008,1012.553,0.001,340.365,0.083,6.4,32.17
0.437,3.425,2939.629,753.408,0.296,0.003,61.177,46.701,211.514,0.534,0.395,0.018,0.121,0.551,0.916,2.064,-4.701e-4,0,0.424,0.876,0.452,0.008,1012.545,0.001,340.365,0.083,6.4,32.17
0.439,3.379,2939.335,753.114,0.296,0.003,61.192,46.698,211.248,0.534,0.395,0.018,0.121,0.55,0.903,2.037,-3.661e-4,0,0.42,0.876,0.455,0.008,1012.536,0.001,340.365,0.084,6.4,32.17
0.442,3.333,2939.04,752.82,0.296,0.003,61.208,46.695,210.982,0.534,0.395,0.018,0.121,0.55,0.89,2.01,3.899e-4,0,0.417,0.876,0.459,0.008,1012.528,0.001,340.365,0.084,6.4,32.17
0.444,3.288,2938.746,752.526,0.296,0.003,61.223,46.692,210.716,0.534,0.395,0.018,0.121,0.55,0.877,1.982,4.131e-4,0,0.413,0.876,0.463,0.008,1012.519,0.001,340.364,0.085,6.4,32.17
0.447,3.242,2938.452,752.231,0.296,0.003,61.239,46.688,210.45,0.534,0.395,0.018,0.121,0.549,0.864,1.956,-2.993e-4,0,0.409,0.876,0.466,0.008,1012.511,0.001,340.364,0.085,6.4,32.17
0.449,3.197,2938.158,751.937,0.296,0.003,61.254,46.685,210.184,0.534,0.395,0.018,0.121,0.549,0.851,1.929,9.524e-5,0,0.406,0.876,0.47,0.008,1012.503,0.001,340.364,0.086,6.4,32.17
0.452,3.16,2937.863,751.643,0.296,0.003,61.267,46.682,209.918,0.534,0.395,0.018,0.121,0.549,0.84,1.907,-1.593e-4,0,0.402,0.876,0.474,0.008,1012.494,0.001,340.364,0.086,6.4,32.17
0.454,3.127,2937.569,751.348,0.296,0.003,61.279,46.679,209.652,0.534,0.395,0.018,0.121,0.548,0.831,1.887,-1.545e-4,0,0.399,0.876,0.477,0.008,1012.485,0.001,340.363,0.087,6.4,32.17
0.457,3.094,2937.275,751.054,0.296,0.003,61.29,46.676,209.385,0.534,0.395,0.019,0.121,0.548,0.821,1.867,-4.852e-4,0,0.395,0.876,0.481,0.008,1012.477,0.001,340.363,0.087,6.4,32.17
0.459,3.062,2936.98,750.76,0.296,0.003,61.301,46.673,209.119,0.534,0.395,0.019,0.121,0.548,0.812,1.848,2.653e-4,0,0.392,0.876,0.484,0.008,1012.468,0.001,340.363,0.087,6.4,32.17
0.462,3.029,2936.686,750.466,0.296,0.003,61.313,46.67,208.853,0.534,0.395,0.019,0.121,0.548,0.803,1.829,8.764e-5,0,0.388,0.876,0.488,0.008,1012.459,0.001,340.362,0.088,6.4,32.17
0.464,2.997,2936.392,750.171,0.296,0.003,61.324,46.666,208.587,0.534,0.395,0.019,0.121,0.547,0.794,1.81,-2.336e-4,0,0.385,0.876,0.491,0.008,1012.451,0.001,340.362,0.088,6.4,32.17
0.467,2.964,2936.098,749.877,0.296,0.003,61.336,46.663,208.321,0.534,0.395,0.019,0.121,0.547,0.785,1.791,-3.756e-4,0,0.381,0.876,0.494,0.008,1012.442,0.001,340.362,0.089,6.4,32.17
0.469,2.932,2935.803,749.583,0.296,0.003,61.347,46.66,208.055,0.534,0.395,0.019,0.121,0.547,0.776,1.771,-9.76e-5,0,0.378,0.876,0.498,0.008,1012.433,0.001,340.361,0.089,6.4,32.17
0.472,2.9,2935.509,749.288,0.296,0.003,61.358,46.657,207.789,0.534,0.395,0.019,0.121,0.547,0.767,1.753,1.38e-4,0,0.374,0.876,0.501,0.008,1012.424,0.001,340.361,0.09,6.4,32.17
0.474,2.868,2935.215,748.994,0.296,0.003,61.37,46.654,207.523,0.534,0.395,0.019,0.121,0.546,0.758,1.734,1.574e-4,0,0.371,0.876,0.505,0.008,1012.415,0.001,340.361,0.09,6.4,32.17
0.477,2.836,2934.92,748.7,0.296,0.003,61.381,46.651,207.257,0.534,0.395,0.019,0.121,0.546,0.749,1.714,-4.566e-4,0,0.368,0.876,0.508,0.008,1012.406,0.001,340.361,0.091,6.4,32.17
0.479,2.804,2934.626,748.406,0.296,0.003,61.392,46.647,206.99,0.534,0.395,0.019,0.121,0.546,0.74,1.696,-3.085e-4,0,0.364,0.876,0.511,0.009,1012.397,0.001,340.36,0.091,6.4,32.17
0.482,2.772,2934.332,748.111,0.296,0.003,61.403,46.644,206.724,0.534,0.395,0.019,0.121,0.546,0.731,1.677,-1.803e-4,0,0.361,0.876,0.515,0.009,1012.388,0.001,340.36,0.091,6.4,32.17
0.484,2.74,2934.038,747.817,0.296,0.003,61.415,46.641,206.458,0.534,0.395,0.019,0.121,0.545,0.722,1.658,-4.569e-4,0,0.358,0.876,0.518,0.009,1012.379,0.001,340.36,0.092,6.4,32.17
0.487,2.709,2933.743,747.523,0.296,0.003,61.426,46.638,206.192,0.534,0.395,0.019,0.121,0.545,0.713,1.639,-1.219e-4,0,0.355,0.876,0.521,0.009,1012.37,0.001,340.359,0.092,6.4,32.17
0.489,2.677,2933.449,747.228,0.296,0.003,61.437,46.635,205.926,0.534,0.395,0.019,0.121,0.545,0.704,1.621,-2.114e-4,0,0.351,0.876,0.524,0.009,1012.36,0.001,340.359,0.093,6.4,32.17
0.492,2.646,2933.155,746.934,0.296,0.003,61.449,46.632,205.66,0.534,0.395,0.019,0.121,0.545,0.696,1.602,-3.621e-4,0,0.348,0.876,0.527,0.009,1012.351,0.001,340.359,0.093,6.4,32.17
0.494,2.615,2932.86,746.64,0.296,0.003,61.46,46.628,205.394,0.534,0.394,0.019,0.121,0.545,0.687,1.584,1.592e-4,0,0.345,0.876,0.531,0.009,1012.342,0.001,340.358,0.094,6.4,32.17
0.497,2.583,2932.566,746.346,0.296,0.003,61.471,46.625,205.128,0.534,0.394,0.019,0.121,0.544,0.678,1.564,-1.911e-4,0,0.342,0.876,0.534,0.009,1012.332,0.001,340.358,0.094,6.4,32.17
0.499,2.552,2932.272,746.051,0.296,0.003,61.482,46.622,204.862,0.534,0.394,0.019,0.121,0.544,0.67,1.546,-3.856e-4,0,0.339,0.876,0.537,0.009,1012.323,0.001,340.358,0.095,6.4,32.17
0.502,2.508,2931.978,745.757,0.295,0.003,61.498,46.619,204.596,0.534,0.394,0.019,0.121,0.544,0.657,1.519,-1.187e-4,0,0.336,0.876,0.54,0.009,1012.314,0.001,340.357,0.095,6.4,32.17
0.504,2.454,2931.683,745.463,0.295,0.003,61.518,46.616,204.329,0.535,0.394,0.019,0.121,0.544,0.642,1.487,3.724e-4,0,0.333,0.876,0.543,0.008,1012.304,0.001,340.357,0.095,6.4,32.17
0.507,2.401,2931.389,745.168,0.295,0.003,61.537,46.613,204.063,0.535,0.394,0.019,0.121,0.543,0.628,1.455,-1.78e-4,0,0.33,0.876,0.546,0.008,1012.295,0.001,340.357,0.096,6.4,32.17
0.509,2.349,2931.095,744.874,0.295,0.003,61.556,46.609,203.797,0.535,0.394,0.019,0.121,0.543,0.613,1.424,-1.017e-4,0,0.327,0.876,0.549,0.008,1012.285,0.001,340.356,0.096,6.4,32.17
0.511,2.296,2930.801,744.58,0.295,0.003,61.575,46.606,203.531,0.535,0.394,0.019,0.121,0.543,0.599,1.393,-2.14e-5,0,0.324,0.876,0.552,0.008,1012.275,0.001,340.356,0.097,6.4,32.17
0.514,2.244,2930.506,744.286,0.295,0.003,61.593,46.603,203.265,0.535,0.394,0.019,0.121,0.542,0.585,1.361,3.485e-4,0,0.321,0.876,0.555,0.008,1012.266,0.001,340.356,0.097,6.4,32.17
0.516,2.193,2930.212,743.991,0.295,0.003,61.612,46.6,202.999,0.535,0.394,0.019,0.121,0.542,0.571,1.33,-3.098e-4,0,0.318,0.876,0.558,0.008,1012.256,0.001,340.356,0.098,6.4,32.17
0.519,2.142,2929.918,743.697,0.295,0.003,61.631,46.597,202.733,0.535,0.394,0.019,0.121,0.542,0.557,1.3,-2.749e-5,0,0.315,0.876,0.561,0.008,1012.246,0.001,340.355,0.098,6.4,32.17
0.523,2.061,2929.447,743.226,0.295,0.003,61.66,46.592,202.307,0.535,0.394,0.019,0.121,0.541,0.535,1.251,1.051e-4,0,0.31,0.876,0.566,0.008,1012.231,0.001,340.355,0.099,6.4,32.17
0.526,2.012,2929.179,742.958,0.295,0.003,61.679,46.589,202.156,0.535,0.394,0.019,0.121,0.541,0.521,1.221,-2.816e-5,0,0.307,0.876,0.569,0.008,1012.221,0.001,340.354,0.099,6.4,32.17
0.528,1.962,2928.91,742.69,0.295,0.003,61.697,46.586,202.005,0.535,0.394,0.019,0.121,0.541,0.508,1.192,-2.947e-4,0,0.304,0.876,0.572,0.008,1012.211,0.001,340.354,0.1,6.4,32.17
0.53,1.913,2928.642,742.422,0.295,0.003,61.715,46.583,201.853,0.535,0.394,0.019,0.121,0.54,0.495,1.163,3.157e-4,0,0.302,0.876,0.574,0.007,1012.201,0.001,340.354,0.1,6.4,32.17
0.533,1.865,2928.374,742.153,0.295,0.003,61.733,46.58,201.702,0.535,0.394,0.019,0.121,0.54,0.482,1.134,3.884e-5,0,0.299,0.876,0.577,0.007,1012.191,0.001,340.353,0.1,6.4,32.17
0.535,1.818,2928.106,741.885,0.295,0.003,61.751,46.577,201.551,0.535,0.394,0.019,0.121,0.54,0.469,1.105,1.411e-5,0,0.296,0.876,0.58,0.007,1012.181,0.001,340.353,0.101,6.4,32.17
0.538,1.77,2927.838,741.617,0.295,0.003,61.769,46.574,201.4,0.535,0.394,0.019,0.121,0.54,0.456,1.076,1.584e-4,0,0.293,0.876,0.583,0.007,1012.171,0.001,340.353,0.101,6.4,32.17
0.54,1.724,2927.569,741.349,0.295,0.003,61.786,46.571,201.248,0.535,0.394,0.019,0.121,0.54,0.444,1.048,3.473e-4,0,0.291,0.876,0.585,0.007,1012.161,0.001,340.352,0.102,6.4,32.17
0.543,1.678,2927.301,741.081,0.295,0.003,61.803,46.568,201.097,0.535,0.394,0.019,0.121,0.539,0.432,1.021,2.674e-4,0,0.288,0.876,0.588,0.007,1012.151,0.001,340.352,0.102,6.4,32.17
0.545,1.633,2927.033,740.812,0.295,0.003,61.82,46.566,200.946,0.535,0.394,0.019,0.121,0.539,0.42,0.994,-4.467e-4,0,0.285,0.876,0.591,0.006,1012.141,0.001,340.352,0.103,6.4,32.17
0.548,1.589,2926.765,740.544,0.295,0.003,61.837,46.563,200.795,0.535,0.394,0.019,0.121,0.539,0.408,0.967,7.25e-5,0,0.283,0.876,0.593,0.006,1012.13,0.001,340.351,0.103,6.4,32.17
0.55,1.549,2926.497,740.276,0.295,0.003,61.852,46.56,200.643,0.535,0.394,0.019,0.121,0.539,0.397,0.944,4.711e-4,0,0.28,0.876,0.596,0.006,1012.12,0.001,340.351,0.103,6.4,32.17
0.553,1.526,2926.228,740.008,0.295,0.003,61.861,46.557,200.492,0.535,0.394,0.019,0.121,0.539,0.391,0.93,3.441e-4,0,0.277,0.876,0.599,0.006,1012.11,0.001,340.351,0.104,6.4,32.17
0.555,1.503,2925.96,739.74,0.295,0.003,61.87,46.554,200.341,0.535,0.394,0.019,0.121,0.539,0.385,0.917,-3.575e-4,0,0.275,0.876,0.601,0.005,1012.099,0.001,340.35,0.104,6.4,32.17
0.558,1.481,2925.692,739.472,0.295,0.003,61.879,46.551,200.19,0.535,0.394,0.019,0.121,0.539,0.379,0.903,1.829e-4,0,0.272,0.876,0.604,0.005,1012.089,0.001,340.35,0.105,6.4,32.17
0.56,1.46,2925.424,739.203,0.295,0.003,61.887,46.548,200.038,0.535,0.394,0.019,0.121,0.539,0.374,0.89,3.695e-4,0,0.27,0.876,0.606,0.005,1012.078,0.001,340.35,0.105,6.4,32.17
0.563,1.439,2925.156,738.935,0.295,0.003,61.896,46.545,199.887,0.535,0.394,0.019,0.121,0.538,0.368,0.879,4.945e-4,0,0.267,0.876,0.609,0.005,1012.068,0.001,340.349,0.106,6.4,32.17
0.565,1.419,2924.888,738.667,0.295,0.003,61.904,46.542,199.736,0.535,0.394,0.019,0.121,0.538,0.363,0.867,2.293e-4,0,0.265,0.876,0.611,0.004,1012.057,0.001,340.349,0.106,6.4,32.17
0.568,1.399,2924.619,738.399,0.295,0.003,61.912,46.539,199.585,0.535,0.394,0.019,0.121,0.538,0.358,0.855,1.695e-4,0,0.262,0.876,0.614,0.004,1012.047,0.001,340.348,0.106,6.4,32.17
0.57,1.38,2924.351,738.131,0.295,0.003,61.919,46.537,199.433,0.535,0.394,0.019,0.121,0.538,0.352,0.843,-4.53e-4,0,0.26,0.876,0.616,0.004,1012.036,0.001,340.348,0.107,6.4,32.17
0.573,1.361,2924.083,737.862,0.295,0.003,61.926,46.534,199.282,0.535,0.394,0.019,0.121,0.538,0.348,0.832,4.728e-4,0,0.258,0.876,0.619,0.004,1012.026,0.001,340.348,0.107,6.4,32.17
0.575,1.343,2923.815,737.594,0.295,0.003,61.934,46.531,199.131,0.535,0.394,0.019,0.122,0.538,0.343,0.822,3.241e-4,0,0.255,0.876,0.621,0.003,1012.015,0.001,340.347,0.108,6.4,32.17
0.578,1.326,2923.547,737.326,0.295,0.003,61.94,46.528,198.98,0.535,0.394,0.019,0.122,0.538,0.338,0.812,1.377e-4,0,0.253,0.876,0.623,0.003,1012.004,0.001,340.347,0.108,6.4,32.17
0.58,1.309,2923.278,737.058,0.295,0.003,61.947,46.525,198.828,0.535,0.394,0.02,0.122,0.538,0.334,0.802,1.248e-4,0,0.251,0.876,0.626,0.003,1011.993,0.001,340.347,0.109,6.4,32.17
0.583,1.293,2923.01,736.79,0.295,0.003,61.953,46.522,198.677,0.535,0.394,0.02,0.122,0.538,0.33,0.793,-3.314e-4,0,0.248,0.876,0.628,0.002,1011.982,0.001,340.346,0.109,6.4,32.17
0.585,1.278,2922.742,736.521,0.295,0.003,61.959,46.519,198.526,0.535,0.394,0.02,0.122,0.538,0.326,0.784,4.195e-4,0,0.246,0.876,0.63,0.002,1011.972,0.001,340.346,0.109,6.4,32.17
0.588,1.264,2922.474,736.253,0.294,0.003,61.965,46.516,198.375,0.536,0.394,0.02,0.122,0.538,0.322,0.776,3.501e-4,0,0.244,0.876,0.633,0.002,1011.961,0.001,340.346,0.11,6.4,32.17
0.59,1.251,2922.206,735.985,0.294,0.003,61.97,46.513,198.223,0.536,0.394,0.02,0.122,0.538,0.319,0.768,-1.157e-4,0,0.241,0.876,0.635,0.002,1011.95,0.001,340.345,0.11,6.4,32.17
0.593,1.238,2921.937,735.717,0.294,0.003,61.975,46.51,198.072,0.536,0.394,0.02,0.122,0.538,0.315,0.761,4.629e-4,0,0.239,0.876,0.637,0.001,1011.939,0.001,340.345,0.111,6.4,32.17
0.595,1.226,2921.669,735.449,0.294,0.003,61.979,46.507,197.921,0.536,0.394,0.02,0.122,0.538,0.312,0.754,1.591e-4,0,0.237,0.876,0.639,0.001,1011.928,0.001,340.344,0.111,6.4,32.17
0.598,1.216,2921.401,735.18,0.294,0.003,61.983,46.505,197.77,0.536,0.394,0.02,0.122,0.538,0.309,0.748,2.077e-4,0,0.235,0.876,0.641,0.001,1011.917,0.001,340.344,0.112,6.4,32.17
0.6,1.203,2921.133,734.912,0.294,0.003,61.988,46.502,197.618,0.536,0.394,0.02,0.122,0.538,0.306,0.74,-4.389e-4,0,0.233,0.876,0.644,8.385e-4,1011.905,0.001,340.344,0.112,6.4,32.17
0.603,1.182,2920.865,734.644,0.294,0.003,61.996,46.499,197.467,0.536,0.394,0.02,0.122,0.538,0.301,0.727,-1.652e-4,0,0.231,0.876,0.646,6.239e-4,1011.894,0.001,340.343,0.112,6.4,32.17
0.605,1.163,2920.596,734.376,0.294,0.003,62.003,46.496,197.316,0.536,0.394,0.02,0.122,0.538,0.296,0.716,2.565e-4,0,0.228,0.876,0.648,4.354e-4,1011.883,0.001,340.343,0.113,6.4,32.17
0.608,1.145,2920.328,734.108,0.294,0.003,62.009,46.493,197.165,0.536,0.394,0.02,0.122,0.538,0.291,0.706,4.817e-4,0,0.226,0.876,0.65,2.768e-4,1011.872,0.001,340.343,0.113,6.4,32.17
0.61,1.129,2920.06,733.84,0.294,0.003,62.015,46.49,197.014,0.536,0.394,0.02,0.122,0.538,0.287,0.695,3.888e-4,0,0.224,0.876,0.652,1.515e-4,1011.861,0.001,340.342,0.114,6.4,32.17
0.613,1.114,2919.792,733.571,0.294,0.003,62.02,46.487,196.862,0.536,0.394,0.02,0.122,0.538,0.283,0.687,2.177e-4,0,0.222,0.876,0.654,6.225e-5,1011.849,0.001,340.342,0.114,6.4,32.17
0.615,1.102,2919.524,733.303,0.294,0.003,62.025,46.484,196.711,0.536,0.394,0.02,0.122,0.538,0.28,0.679,-3.358e-4,0,0.22,0.876,0.656,1.161e-5,1011.838,0.001,340.341,0.114,6.4,32.17
0.618,1.091,2919.256,733.035,0.294,0.003,62.028,46.481,196.56,0.536,0.394,0.02,0.122,0.538,0.277,0.673,-2.052e-4,0,0.218,0.876,0.658,-1.256e-6,1011.826,0.001,340.341,0.115,6.4,32.17
0.62,1.081,2918.987,732.767,0.294,0.003,62.031,46.478,196.409,0.536,0.394,0.02,0.122,0.538,0.274,0.666,-1.064e-4,0,0.216,0.876,0.66,-3.214e-5,1011.815,0.001,340.341,0.115,6.4,32.17
0.623,1.074,2918.719,732.499,0.294,0.003,62.033,46.475,196.257,0.536,0.394,0.02,0.122,0.538,0.272,0.663,-3.937e-4,0,0.214,0.876,0.662,-1.043e-4,1011.803,0.001,340.34,0.116,6.4,32.17
0.625,1.068,2918.451,732.23,0.294,0.003,62.035,46.473,196.106,0.536,0.394,0.02,0.122,0.538,0.271,0.659,-7.452e-6,0,0.212,0.876,0.664,-2.169e-4,1011.792,0.001,340.34,0.116,6.4,32.17
0.628,1.064,2918.183,731.962,0.294,0.003,62.035,46.47,195.955,0.536,0.394,0.02,0.122,0.538,0.27,0.656,3.523e-4,0,0.21,0.876,0.666,-3.68e-4,1011.78,0.001,340.34,0.117,6.4,32.17
0.63,1.061,2917.915,731.694,0.294,0.003,62.035,46.467,195.804,0.536,0.394,0.02,0.122,0.538,0.269,0.656,-6.265e-5,0,0.208,0.876,0.668,-5.551e-4,1011.769,0.001,340.339,0.117,6.4,32.17
0.633,1.061,2917.646,731.426,0.294,0.003,62.035,46.464,195.652,0.536,0.394,0.02,0.122,0.538,0.269,0.656,-8.768e-5,0,0.206,0.876,0.67,-7.746e-4,1011.757,0.001,340.339,0.117,6.4,32.17
0.635,1.062,2917.378,731.158,0.294,0.003,62.034,46.461,195.501,0.536,0.394,0.02,0.122,0.538,0.269,0.656,1.787e-4,0,0.205,0.876,0.672,-0.001,1011.745,0.001,340.338,0.118,6.4,32.17
0.638,1.064,2917.11,730.889,0.294,0.003,62.032,46.458,195.35,0.536,0.394,0.02,0.122,0.538,0.27,0.659,-7.571e-5,0,0.203,0.876,0.674,-0.001,1011.734,0.001,340.338,0.118,6.4,32.17
0.64,1.069,2916.842,730.621,0.294,0.003,62.029,46.455,195.199,0.536,0.394,0.02,0.122,0.538,0.271,0.661,1.21e-5,0,0.201,0.876,0.676,-0.002,1011.722,0.001,340.338,0.119,6.4,32.17
0.643,1.074,2916.574,730.353,0.294,0.003,62.026,46.452,195.047,0.536,0.394,0.02,0.122,0.538,0.273,0.665,-4.284e-4,0,0.199,0.876,0.677,-0.002,1011.71,0.001,340.337,0.119,6.4,32.17
0.645,1.081,2916.305,730.085,0.294,0.003,62.023,46.449,194.896,0.536,0.394,0.02,0.122,0.538,0.274,0.67,4.055e-4,0,0.197,0.876,0.679,-0.002,1011.698,0.001,340.337,0.119,6.4,32.17
0.648,1.09,2916.037,729.817,0.294,0.003,62.019,46.446,194.745,0.536,0.394,0.02,0.122,0.538,0.277,0.675,7.627e-5,0,0.195,0.877,0.681,-0.003,1011.686,0.001,340.336,0.12,6.4,32.17
0.65,1.1,2915.769,729.548,0.294,0.003,62.014,46.443,194.594,0.536,0.394,0.02,0.122,0.538,0.279,0.683,-2.161e-4,0,0.194,0.877,0.683,-0.003,1011.674,0.001,340.336,0.12,6.4,32.17
0.653,1.114,2915.501,729.28,0.294,0.003,62.009,46.44,194.442,0.536,0.394,0.02,0.122,0.538,0.283,0.691,4e-4,0,0.192,0.877,0.685,-0.003,1011.662,0.001,340.336,0.121,6.4,32.17
0.655,1.128,2915.233,729.012,0.294,0.003,62.003,46.437,194.291,0.536,0.394,0.02,0.122,0.538,0.286,0.7,2.706e-4,0,0.19,0.877,0.686,-0.003,1011.65,0.001,340.335,0.121,6.4,32.17
0.658,1.142,2914.964,728.744,0.294,0.003,61.997,46.435,194.14,0.536,0.394,0.02,0.122,0.539,0.29,0.709,-3.488e-4,0,0.189,0.877,0.688,-0.004,1011.638,0.001,340.335,0.122,6.4,32.17
0.66,1.157,2914.696,728.476,0.294,0.003,61.991,46.432,193.989,0.536,0.394,0.02,0.122,0.539,0.294,0.719,-1.135e-4,0,0.187,0.877,0.69,-0.004,1011.626,0.001,340.334,0.122,6.4,32.17
0.663,1.173,2914.428,728.207,0.294,0.003,61.985,46.429,193.837,0.537,0.394,0.02,0.122,0.539,0.298,0.73,-2.998e-4,0,0.185,0.877,0.691,-0.004,1011.614,0.001,340.334,0.122,6.4,32.17
0.665,1.189,2914.16,727.939,0.294,0.003,61.979,46.426,193.686,0.537,0.394,0.02,0.122,0.539,0.303,0.74,2.052e-4,0,0.184,0.877,0.693,-0.004,1011.601,0.001,340.334,0.123,6.4,32.17
0.668,1.206,2913.892,727.671,0.294,0.003,61.972,46.423,193.535,0.537,0.394,0.02,0.122,0.539,0.307,0.75,-4.994e-4,0,0.182,0.877,0.695,-0.004,1011.589,0.001,340.333,0.123,6.4,32.17
0.67,1.223,2913.623,727.403,0.294,0.003,61.966,46.42,193.384,0.537,0.394,0.02,0.122,0.539,0.311,0.761,-3.41e-5,0,0.18,0.877,0.696,-0.004,1011.577,0.001,340.333,0.124,6.4,32.17
0.673,1.24,2913.355,727.135,0.294,0.003,61.959,46.417,193.232,0.537,0.394,0.02,0.122,0.539,0.316,0.771,-3.819e-4,0,0.179,0.877,0.698,-0.005,1011.565,0.001,340.332,0.124,6.4,32.17
0.675,1.258,2913.087,726.867,0.293,0.003,61.952,46.414,193.081,0.537,0.394,0.02,0.122,0.539,0.321,0.783,1.431e-4,0,0.177,0.877,0.7,-0.005,1011.552,0.001,340.332,0.124,6.4,32.17
0.678,1.276,2912.819,726.598,0.293,0.003,61.946,46.411,192.93,0.537,0.394,0.02,0.122,0.539,0.325,0.794,4.662e-4,0,0.176,0.877,0.701,-0.005,1011.54,0.001,340.331,0.125,6.4,32.17
0.68,1.294,2912.551,726.33,0.293,0.003,61.939,46.408,192.779,0.537,0.394,0.021,0.122,0.539,0.33,0.806,-2.647e-5,0,0.174,0.877,0.703,-0.005,1011.527,0.001,340.331,0.125,6.4,32.17
0.683,1.313,2912.283,726.062,0.293,0.003,61.932,46.405,192.628,0.537,0.394,0.021,0.122,0.54,0.335,0.817,-2.509e-4,0,0.172,0.877,0.704,-0.005,1011.515,0.001,340.331,0.126,6.4,32.17
0.685,1.331,2912.014,725.794,0.293,0.003,61.925,46.402,192.476,0.537,0.394,0.021,0.122,0.54,0.34,0.829,4.397e-4,0,0.171,0.877,0.706,-0.005,1011.502,0.001,340.33,0.126,6.4,32.17
0.688,1.35,2911.746,725.526,0.293,0.003,61.918,46.399,192.325,0.537,0.394,0.021,0.122,0.54,0.345,0.841,-3.887e-4,0,0.169,0.877,0.707,-0.005,1011.49,0.001,340.33,0.126,6.4,32.17
0.69,1.369,2911.478,725.257,0.293,0.003,61.911,46.397,192.174,0.537,0.394,0.021,0.122,0.54,0.35,0.853,-2.892e-4,0,0.168,0.877,0.709,-0.005,1011.477,0.001,340.329,0.127,6.4,32.17
0.693,1.388,2911.21,724.989,0.293,0.003,61.905,46.394,192.023,0.537,0.394,0.021,0.122,0.54,0.355,0.865,-5.29e-6,0,0.167,0.877,0.71,-0.005,1011.465,0.001,340.329,0.127,6.4,32.17
0.695,1.406,2910.942,724.721,0.293,0.003,61.898,46.391,191.871,0.537,0.394,0.021,0.122,0.54,0.36,0.876,4.065e-5,0,0.165,0.877,0.712,-0.005,1011.452,0.001,340.329,0.128,6.4,32.17
0.698,1.425,2910.673,724.453,0.293,0.003,61.891,46.388,191.72,0.537,0.394,0.021,0.122,0.54,0.365,0.889,-2.978e-4,0,0.164,0.877,0.713,-0.005,1011.439,0.001,340.328,0.128,6.4,32.17
0.7,1.444,2910.405,724.185,0.293,0.003,61.884,46.385,191.569,0.537,0.394,0.021,0.122,0.54,0.37,0.901,-3.774e-4,0,0.162,0.877,0.715,-0.005,1011.426,0.001,340.328,0.128,6.4,32.17
0.703,1.463,2910.137,723.916,0.293,0.003,61.878,46.382,191.418,0.537,0.394,0.021,0.122,0.54,0.375,0.912,-3.311e-4,0,0.161,0.877,0.716,-0.005,1011.413,0.001,340.327,0.129,6.4,32.17
0.705,1.482,2909.869,723.648,0.293,0.003,61.871,46.379,191.266,0.537,0.394,0.021,0.122,0.541,0.38,0.924,-9.869e-5,0,0.159,0.877,0.717,-0.005,1011.401,0.001,340.327,0.129,6.4,32.17
0.708,1.501,2909.601,723.38,0.293,0.003,61.864,46.376,191.115,0.537,0.394,0.021,0.122,0.541,0.385,0.936,-6.026e-5,0,0.158,0.877,0.719,-0.005,1011.388,0.001,340.326,0.13,6.4,32.17
0.71,1.519,2909.332,723.112,0.293,0.003,61.858,46.373,190.964,0.537,0.394,0.021,0.122,0.541,0.39,0.947,-1.582e-4,0,0.157,0.877,0.72,-0.005,1011.375,0.001,340.326,0.13,6.4,32.17
0.713,1.538,2909.064,722.844,0.293,0.003,61.851,46.37,190.813,0.537,0.394,0.021,0.122,0.541,0.394,0.959,-1.454e-4,0,0.155,0.877,0.722,-0.005,1011.362,0.001,340.325,0.131,6.4,32.17
0.715,1.556,2908.796,722.575,0.293,0.003,61.845,46.367,190.661,0.537,0.394,0.021,0.122,0.541,0.399,0.97,-3.448e-4,0,0.154,0.877,0.723,-0.005,1011.349,0.001,340.325,0.131,6.4,32.17
0.718,1.574,2908.528,722.307,0.293,0.003,61.839,46.364,190.51,0.537,0.394,0.021,0.122,0.541,0.404,0.982,-5.949e-5,0,0.153,0.877,0.724,-0.005,1011.336,0.001,340.325,0.131,6.4,32.17
0.72,1.592,2908.26,722.039,0.293,0.003,61.833,46.361,190.359,0.537,0.394,0.021,0.122,0.541,0.409,0.994,4.824e-4,0,0.151,0.877,0.726,-0.005,1011.323,0.001,340.324,0.132,6.4,32.17
0.723,1.61,2907.991,721.771,0.293,0.003,61.827,46.358,190.208,0.537,0.394,0.021,0.122,0.541,0.414,1.005,1.02e-5,0,0.15,0.877,0.727,-0.005,1011.309,0.001,340.324,0.132,6.4,32.17
0.725,1.628,2907.723,721.503,0.293,0.003,61.821,46.355,190.056,0.537,0.394,0.021,0.122,0.542,0.418,1.015,-4.667e-4,0,0.149,0.877,0.728,-0.005,1011.296,0.001,340.323,0.133,6.4,32.17
0.728,1.645,2907.455,721.235,0.293,0.003,61.815,46.353,189.905,0.537,0.394,0.021,0.122,0.542,0.423,1.026,-3.14e-5,0,0.148,0.877,0.729,-0.004,1011.283,0.001,340.323,0.133,6.4,32.17
0.73,1.662,2907.187,720.966,0.293,0.003,61.809,46.35,189.754,0.537,0.394,0.021,0.122,0.542,0.428,1.037,1.844e-4,0,0.146,0.877,0.731,-0.004,1011.27,0.001,340.322,0.133,6.4,32.17
0.733,1.679,2906.919,720.698,0.293,0.003,61.803,46.347,189.603,0.538,0.394,0.021,0.122,0.542,0.432,1.048,-1.743e-4,0,0.145,0.877,0.732,-0.004,1011.257,0.001,340.322,0.134,6.4,32.17
0.735,1.695,2906.651,720.43,0.293,0.003,61.798,46.344,189.451,0.538,0.394,0.021,0.122,0.542,0.436,1.058,-4.673e-4,0,0.144,0.877,0.733,-0.004,1011.243,0.001,340.322,0.134,6.4,32.17
0.738,1.711,2906.382,720.162,0.293,0.003,61.792,46.341,189.3,0.538,0.394,0.021,0.122,0.542,0.441,1.068,4.169e-4,0,0.143,0.877,0.734,-0.004,1011.23,0.001,340.321,0.135,6.4,32.17
0.74,1.727,2906.114,719.894,0.293,0.003,61.787,46.338,189.149,0.538,0.394,0.021,0.122,0.542,0.445,1.078,-9.3e-5,0,0.141,0.877,0.736,-0.004,1011.216,0.001,340.321,0.135,6.4,32.17
0.743,1.742,2905.846,719.625,0.293,0.003,61.782,46.335,188.998,0.538,0.394,0.021,0.122,0.542,0.449,1.087,3.296e-4,0,0.14,0.877,0.737,-0.004,1011.203,0.001,340.32,0.135,6.4,32.17
0.745,1.757,2905.578,719.357,0.293,0.003,61.777,46.332,188.846,0.538,0.394,0.021,0.122,0.543,0.453,1.097,-1.642e-4,0,0.139,0.877,0.738,-0.004,1011.189,0.001,340.32,0.136,6.4,32.17
0.748,1.772,2905.31,719.089,0.293,0.003,61.772,46.329,188.695,0.538,0.394,0.021,0.122,0.543,0.457,1.106,-4.616e-4,0,0.138,0.877,0.739,-0.004,1011.176,0.001,340.319,0.136,6.4,32.17
0.75,1.786,2905.041,718.821,0.293,0.003,61.768,46.326,188.544,0.538,0.394,0.021,0.122,0.543,0.461,1.115,-2.716e-5,0,0.137,0.877,0.74,-0.003,1011.162,0.001,340.319,0.137,6.4,32.17
0.753,1.799,2904.773,718.553,0.293,0.003,61.763,46.323,188.393,0.538,0.394,0.021,0.122,0.543,0.464,1.124,2.451e-4,0,0.136,0.877,0.741,-0.003,1011.149,0.001,340.318,0.137,6.4,32.17
0.755,1.812,2904.505,718.284,0.293,0.003,61.759,46.32,188.241,0.538,0.394,0.021,0.122,0.543,0.468,1.131,4.791e-4,0,0.134,0.877,0.743,-0.003,1011.135,0.001,340.318,0.137,6.4,32.17
0.758,1.825,2904.237,718.016,0.293,0.003,61.755,46.317,188.09,0.538,0.394,0.021,0.122,0.543,0.471,1.139,4.279e-4,0,0.133,0.877,0.744,-0.003,1011.121,0.001,340.317,0.138,6.4,32.17
0.761,1.837,2903.968,717.748,0.293,0.003,61.751,46.314,187.939,0.538,0.394,0.021,0.122,0.543,0.475,1.147,3.62e-4,0,0.132,0.877,0.745,-0.003,1011.108,0.001,340.317,0.138,6.4,32.17
0.763,1.849,2903.699,717.479,0.293,0.003,61.747,46.311,187.787,0.538,0.394,0.021,0.122,0.543,0.478,1.154,-4.036e-4,0,0.131,0.877,0.746,-0.003,1011.094,0.001,340.316,0.139,6.4,32.17
0.766,1.86,2903.43,717.209,0.292,0.003,61.743,46.308,187.635,0.538,0.394,0.021,0.123,0.543,0.481,1.162,2.721e-4,0,0.13,0.877,0.747,-0.003,1011.08,0.001,340.316,0.139,6.4,32.17
0.768,1.871,2903.159,716.939,0.292,0.003,61.74,46.305,187.483,0.538,0.394,0.021,0.123,0.543,0.484,1.169,2.535e-4,0,0.129,0.877,0.748,-0.003,1011.066,0.001,340.316,0.139,6.4,32.17
0.771,1.881,2902.888,716.668,0.292,0.003,61.737,46.302,187.33,0.538,0.394,0.021,0.123,0.544,0.487,1.176,2.558e-4,0,0.128,0.877,0.749,-0.002,1011.052,0.001,340.315,0.14,6.4,32.17
0.773,1.891,2902.616,716.396,0.292,0.003,61.734,46.299,187.176,0.538,0.394,0.021,0.123,0.544,0.489,1.182,-4.346e-4,0,0.127,0.877,0.75,-0.002,1011.038,0.001,340.315,0.14,6.4,32.17
0.776,1.901,2902.344,716.123,0.292,0.003,61.731,46.296,187.023,0.538,0.394,0.021,0.123,0.544,0.492,1.188,-3.355e-5,0,0.126,0.877,0.751,-0.002,1011.024,0.001,340.314,0.141,6.4,32.17
0.778,1.91,2902.071,715.85,0.292,0.003,61.728,46.293,186.869,0.538,0.394,0.022,0.123,0.544,0.494,1.194,-2.624e-4,0,0.125,0.877,0.752,-0.002,1011.009,0.001,340.314,0.141,6.4,32.17
0.781,1.919,2901.797,715.577,0.292,0.003,61.725,46.29,186.714,0.538,0.394,0.022,0.123,0.544,0.497,1.199,-1.69e-4,0,0.124,0.877,0.753,-0.002,1010.995,0.001,340.313,0.141,6.4,32.17
0.783,1.927,2901.523,715.302,0.292,0.003,61.723,46.287,186.56,0.538,0.394,0.022,0.123,0.544,0.499,1.205,-4.018e-4,0,0.123,0.877,0.754,-0.002,1010.98,0.001,340.313,0.142,6.4,32.17
0.786,1.935,2901.248,715.027,0.292,0.003,61.72,46.284,186.405,0.538,0.394,0.022,0.123,0.544,0.501,1.21,-3.252e-4,0,0.122,0.877,0.755,-0.002,1010.966,0.001,340.312,0.142,6.4,32.17
0.788,1.942,2900.972,714.751,0.292,0.003,61.718,46.281,186.249,0.538,0.394,0.022,0.123,0.544,0.503,1.215,-1.113e-4,0,0.121,0.877,0.756,-0.002,1010.951,0.001,340.312,0.143,6.4,32.17
0.791,1.949,2900.695,714.475,0.292,0.003,61.716,46.278,186.093,0.538,0.394,0.022,0.123,0.544,0.505,1.219,3.032e-4,0,0.12,0.877,0.757,-0.001,1010.937,0.001,340.311,0.143,6.4,32.17
0.794,1.955,2900.418,714.197,0.292,0.003,61.715,46.275,185.937,0.538,0.394,0.022,0.123,0.544,0.506,1.223,-2.389e-4,0,0.119,0.877,0.758,-0.001,1010.922,0.001,340.311,0.143,6.4,32.17
0.796,1.96,2900.14,713.919,0.292,0.003,61.713,46.272,185.78,0.538,0.394,0.022,0.123,0.544,0.508,1.227,-4.603e-4,0,0.118,0.877,0.759,-0.001,1010.907,0.001,340.31,0.144,6.4,32.17
0.799,1.965,2899.861,713.641,0.292,0.003,61.712,46.269,185.623,0.538,0.394,0.022,0.123,0.544,0.509,1.23,-1.718e-5,0,0.117,0.877,0.76,-0.001,1010.892,0.001,340.31,0.144,6.4,32.17
0.801,1.97,2899.582,713.361,0.292,0.003,61.711,46.266,185.465,0.539,0.394,0.022,0.123,0.545,0.511,1.233,2.216e-4,0,0.116,0.877,0.761,-0.001,1010.877,0.001,340.309,0.145,6.4,32.17
0.804,1.974,2899.302,713.081,0.292,0.003,61.71,46.263,185.307,0.539,0.394,0.022,0.123,0.545,0.512,1.235,3.477e-4,0,0.115,0.877,0.762,-9.398e-4,1010.862,0.001,340.309,0.145,6.4,32.17
0.807,1.977,2899.021,712.801,0.292,0.003,61.709,46.26,185.149,0.539,0.394,0.022,0.123,0.545,0.512,1.237,-3.475e-4,0,0.114,0.877,0.763,-8.466e-4,1010.847,0.001,340.308,0.145,6.4,32.17
0.809,1.98,2898.74,712.519,0.292,0.003,61.709,46.257,184.99,0.539,0.394,0.022,0.123,0.545,0.513,1.239,-2.05e-4,0,0.113,0.877,0.764,-7.575e-4,1010.832,0.001,340.308,0.146,6.4,32.17
0.812,1.982,2898.458,712.237,0.292,0.003,61.709,46.254,184.831,0.539,0.394,0.022,0.123,0.545,0.514,1.242,1.212e-5,0,0.112,0.877,0.765,-6.726e-4,1010.817,0.001,340.307,0.146,6.4,32.17
0.815,1.983,2898.175,711.954,0.292,0.003,61.709,46.251,184.672,0.539,0.394,0.022,0.123,0.545,0.514,1.243,-2.652e-4,0,0.111,0.877,0.766,-5.92e-4,1010.801,0.001,340.307,0.147,6.4,32.17
0.817,1.984,2897.891,711.67,0.292,0.003,61.709,46.247,184.512,0.539,0.394,0.022,0.123,0.545,0.514,1.243,2.225e-4,0,0.11,0.877,0.767,-5.161e-4,1010.786,0.001,340.306,0.147,6.4,32.17
0.82,1.984,2897.606,711.386,0.292,0.003,61.709,46.244,184.351,0.539,0.394,0.022,0.123,0.545,0.514,1.243,8.05e-5,0,0.109,0.877,0.768,-4.448e-4,1010.77,0.001,340.306,0.147,6.4,32.17
0.822,1.983,2897.321,711.101,0.292,0.003,61.71,46.241,184.19,0.539,0.394,0.022,0.123,0.545,0.514,1.243,-2.281e-4,0,0.109,0.877,0.769,-3.785e-4,1010.755,0.001,340.305,0.148,6.4,32.17
0.825,1.982,2897.035,710.815,0.292,0.003,61.711,46.238,184.029,0.539,0.394,0.022,0.123,0.545,0.514,1.242,4.889e-4,0,0.108,0.877,0.77,-3.171e-4,1010.739,0.001,340.305,0.148,6.4,32.17
0.828,1.98,2896.749,710.528,0.292,0.003,61.712,46.235,183.867,0.539,0.394,0.022,0.123,0.545,0.513,1.241,-4.433e-6,0,0.107,0.878,0.771,-2.609e-4,1010.723,0.001,340.304,0.149,6.4,32.17
0.83,1.977,2896.461,710.241,0.292,0.003,61.714,46.232,183.705,0.539,0.394,0.022,0.123,0.545,0.512,1.24,3.064e-4,0,0.106,0.878,0.772,-2.099e-4,1010.707,0.001,340.303,0.149,6.4,32.17
0.833,1.973,2896.173,709.952,0.292,0.003,61.716,46.228,183.543,0.539,0.394,0.022,0.123,0.545,0.512,1.238,3.131e-4,0,0.105,0.878,0.772,-1.643e-4,1010.691,0.001,340.303,0.15,6.4,32.17
0.837,1.967,2895.762,709.541,0.292,0.003,61.719,46.224,183.311,0.539,0.394,0.022,0.123,0.545,0.51,1.235,-2.769e-4,0,0.104,0.878,0.774,-1.089e-4,1010.668,0.001,340.302,0.15,6.4,32.17
0.84,1.962,2895.5,709.28,0.292,0.003,61.721,46.221,183.164,0.539,0.394,0.022,0.123,0.545,0.508,1.231,-7.653e-5,0,0.103,0.878,0.775,-7.657e-5,1010.652,0.001,340.302,0.151,6.4,32.17
0.842,1.956,2895.238,709.018,0.292,0.003,61.723,46.218,183.016,0.539,0.394,0.022,0.123,0.545,0.507,1.228,-3.668e-4,0,0.102,0.878,0.775,-4.991e-5,1010.636,0.001,340.301,0.151,6.4,32.17
0.845,1.949,2894.976,708.755,0.292,0.003,61.726,46.215,182.868,0.539,0.394,0.022,0.123,0.545,0.505,1.224,4.567e-4,0,0.101,0.878,0.776,-2.891e-5,1010.619,0.001,340.301,0.151,6.4,32.17
0.848,1.942,2894.712,708.491,0.292,0.003,61.729,46.212,182.72,0.539,0.394,0.022,0.123,0.545,0.503,1.219,-2.97e-4,0,0.1,0.878,0.777,-1.36e-5,1010.603,0.001,340.3,0.152,6.4,32.17
0.851,1.934,2894.448,708.227,0.292,0.003,61.733,46.209,182.571,0.539,0.394,0.022,0.123,0.545,0.501,1.214,8.253e-5,0,0.1,0.878,0.778,-4.157e-6,1010.586,0.001,340.299,0.152,6.4,32.17
0.853,1.926,2894.183,707.962,0.291,0.003,61.736,46.206,182.422,0.539,0.394,0.022,0.123,0.545,0.499,1.21,1.458e-4,0,0.099,0.878,0.779,-2.937e-7,1010.57,0.001,340.299,0.153,6.4,32.17
0.856,1.918,2893.917,707.697,0.291,0.003,61.739,46.204,182.273,0.539,0.394,0.022,0.123,0.545,0.497,1.205,-4.235e-4,0,0.098,0.878,0.78,9.102e-7,1010.553,0.001,340.298,0.153,6.4,32.17
0.859,1.91,2893.651,707.431,0.291,0.003,61.742,46.201,182.123,0.539,0.394,0.022,0.123,0.545,0.494,1.201,-2.966e-4,0,0.097,0.878,0.78,5.996e-6,1010.536,0.001,340.298,0.153,6.4,32.17
0.862,1.901,2893.384,707.164,0.291,0.003,61.746,46.198,181.973,0.539,0.394,0.022,0.123,0.545,0.492,1.196,-1.573e-4,0,0.097,0.878,0.781,1.553e-5,1010.519,0.001,340.297,0.154,6.4,32.17
0.864,1.892,2893.117,706.896,0.291,0.003,61.749,46.195,181.822,0.54,0.394,0.023,0.123,0.545,0.49,1.19,3.355e-4,0,0.096,0.878,0.782,2.95e-5,1010.502,0.001,340.297,0.154,6.4,32.17
0.867,1.882,2892.849,706.628,0.291,0.003,61.753,46.192,181.671,0.54,0.394,0.023,0.123,0.545,0.487,1.184,3.934e-4,0,0.095,0.878,0.783,4.788e-5,1010.485,0.001,340.296,0.155,6.4,32.17
0.87,1.872,2892.58,706.36,0.291,0.003,61.757,46.189,181.52,0.54,0.394,0.023,0.123,0.545,0.484,1.178,1.149e-4,0,0.094,0.878,0.783,7.062e-5,1010.468,0.001,340.295,0.155,6.4,32.17
0.873,1.862,2892.311,706.09,0.291,0.003,61.761,46.186,181.369,0.54,0.394,0.023,0.123,0.545,0.481,1.171,2.864e-4,0,0.094,0.878,0.784,9.769e-5,1010.451,0.001,340.295,0.156,6.4,32.17
0.875,1.851,2892.041,705.82,0.291,0.003,61.765,46.183,181.217,0.54,0.394,0.023,0.123,0.545,0.479,1.165,-1.689e-4,0,0.093,0.878,0.785,1.29e-4,1010.434,0.001,340.294,0.156,6.4,32.17
0.878,1.84,2891.77,705.55,0.291,0.003,61.77,46.18,181.064,0.54,0.394,0.023,0.123,0.545,0.475,1.158,1.878e-5,0,0.092,0.878,0.786,1.646e-4,1010.416,0.001,340.294,0.156,6.4,32.17
0.881,1.828,2891.499,705.278,0.291,0.003,61.774,46.177,180.912,0.54,0.394,0.023,0.123,0.545,0.472,1.151,-2.001e-4,0,0.091,0.878,0.786,2.044e-4,1010.399,0.001,340.293,0.157,6.4,32.17
0.884,1.816,2891.227,705.006,0.291,0.003,61.779,46.174,180.759,0.54,0.394,0.023,0.123,0.545,0.469,1.143,-1.223e-4,0,0.091,0.878,0.787,2.483e-4,1010.381,0.001,340.293,0.157,6.4,32.17
0.887,1.803,2890.954,704.734,0.291,0.003,61.784,46.171,180.605,0.54,0.394,0.023,0.123,0.545,0.466,1.135,3.805e-4,0,0.09,0.878,0.788,2.962e-4,1010.363,0.001,340.292,0.158,6.4,32.17
0.89,1.79,2890.681,704.461,0.291,0.003,61.789,46.168,180.451,0.54,0.394,0.023,0.123,0.545,0.462,1.128,2.488e-4,0,0.089,0.878,0.789,3.481e-4,1010.346,0.001,340.291,0.158,6.4,32.17
0.892,1.776,2890.407,704.187,0.291,0.003,61.794,46.165,180.297,0.54,0.394,0.023,0.123,0.545,0.459,1.119,-3.005e-4,0,0.089,0.878,0.789,4.039e-4,1010.328,0.001,340.291,0.159,6.4,32.17
0.895,1.762,2890.133,703.912,0.291,0.003,61.799,46.162,180.143,0.54,0.394,0.023,0.123,0.545,0.455,1.111,3.81e-4,0,0.088,0.878,0.79,4.635e-4,1010.31,0.001,340.29,0.159,6.4,32.17
0.898,1.748,2889.857,703.637,0.291,0.003,61.805,46.159,179.988,0.54,0.394,0.023,0.123,0.545,0.451,1.101,8.206e-5,0,0.087,0.878,0.791,5.267e-4,1010.292,0.001,340.29,0.159,6.4,32.17
0.901,1.731,2889.582,703.361,0.291,0.003,61.811,46.156,179.833,0.54,0.394,0.023,0.123,0.545,0.446,1.091,1.085e-4,0,0.086,0.878,0.791,5.965e-4,1010.274,0.001,340.289,0.16,6.4,32.17
0.904,1.708,2889.305,703.084,0.291,0.003,61.82,46.152,179.677,0.54,0.394,0.023,0.123,0.545,0.44,1.077,-3.103e-4,0,0.086,0.878,0.792,6.765e-4,1010.255,0.001,340.288,0.16,6.4,32.17
0.907,1.684,2889.028,702.807,0.291,0.003,61.829,46.149,179.521,0.54,0.394,0.023,0.123,0.545,0.434,1.061,3.002e-5,0,0.085,0.878,0.793,7.599e-4,1010.237,0.001,340.288,0.161,6.4,32.17
0.91,1.659,2888.75,702.529,0.291,0.003,61.838,46.146,179.364,0.54,0.394,0.023,0.123,0.545,0.427,1.046,-1.34e-4,0,0.084,0.878,0.794,8.465e-4,1010.219,0.001,340.287,0.161,6.4,32.17
0.912,1.633,2888.471,702.25,0.291,0.003,61.847,46.143,179.207,0.54,0.394,0.023,0.123,0.545,0.42,1.031,-3.549e-4,0,0.084,0.878,0.794,9.356e-4,1010.2,0.001,340.286,0.162,6.4,32.17
0.915,1.607,2888.191,701.971,0.291,0.003,61.857,46.14,179.05,0.54,0.394,0.023,0.123,0.544,0.413,1.014,-3.121e-4,0,0.083,0.878,0.795,0.001,1010.182,0.001,340.286,0.162,6.4,32.17
0.918,1.58,2887.911,701.691,0.291,0.003,61.867,46.137,178.892,0.54,0.394,0.023,0.123,0.544,0.406,0.997,-5.309e-5,0,0.082,0.878,0.796,0.001,1010.163,0.001,340.285,0.163,6.4,32.17
0.921,1.553,2887.63,701.41,0.291,0.003,61.877,46.134,178.734,0.541,0.394,0.023,0.123,0.544,0.399,0.98,2.259e-4,0,0.082,0.878,0.796,0.001,1010.144,0.001,340.285,0.163,6.4,32.17
0.924,1.524,2887.349,701.128,0.291,0.003,61.888,46.131,178.576,0.541,0.394,0.023,0.123,0.544,0.391,0.962,-2.728e-5,0,0.081,0.878,0.797,0.001,1010.125,0.001,340.284,0.163,6.4,32.17
0.927,1.495,2887.066,700.846,0.291,0.003,61.899,46.128,178.417,0.541,0.394,0.023,0.123,0.544,0.383,0.943,9.298e-6,0,0.08,0.878,0.798,0.001,1010.106,0.001,340.283,0.164,6.4,32.17
0.93,1.465,2886.783,700.562,0.291,0.003,61.91,46.124,178.257,0.541,0.394,0.023,0.124,0.544,0.376,0.925,-1.89e-4,0,0.08,0.878,0.798,0.001,1010.087,0.001,340.283,0.164,6.4,32.17
0.933,1.435,2886.499,700.279,0.291,0.003,61.921,46.121,178.098,0.541,0.394,0.023,0.124,0.544,0.368,0.906,2.002e-4,0,0.079,0.878,0.799,0.002,1010.068,0.001,340.282,0.165,6.4,32.17
0.936,1.404,2886.215,699.994,0.291,0.003,61.932,46.118,177.937,0.541,0.394,0.023,0.124,0.544,0.359,0.886,-4.341e-4,0,0.079,0.878,0.8,0.002,1010.048,0.001,340.281,0.165,6.4,32.17
0.939,1.372,2885.929,699.709,0.291,0.003,61.944,46.115,177.777,0.541,0.394,0.024,0.124,0.544,0.351,0.866,-2.656e-5,0,0.078,0.878,0.8,0.002,1010.029,0.001,340.281,0.166,6.4,32.17
0.942,1.34,2885.643,699.422,0.291,0.003,61.955,46.112,177.616,0.541,0.394,0.024,0.124,0.544,0.343,0.846,-2.22e-4,0,0.077,0.878,0.801,0.002,1010.009,0.001,340.28,0.166,6.4,32.17
0.945,1.308,2885.356,699.136,0.291,0.003,61.967,46.109,177.454,0.541,0.394,0.024,0.124,0.544,0.334,0.825,-3.962e-4,0,0.077,0.878,0.801,0.002,1009.99,0.001,340.279,0.166,6.4,32.17
0.948,1.275,2885.069,698.848,0.291,0.003,61.979,46.105,177.293,0.541,0.394,0.024,0.124,0.544,0.325,0.805,-1.966e-4,0,0.076,0.878,0.802,0.002,1009.97,0.001,340.279,0.167,6.4,32.17
0.951,1.241,2884.78,698.56,0.29,0.003,61.991,46.102,177.13,0.541,0.394,0.024,0.124,0.544,0.317,0.784,-2.394e-4,0,0.076,0.878,0.803,0.002,1009.95,0.001,340.278,0.167,6.4,32.17
0.954,1.209,2884.491,698.271,0.29,0.003,62.003,46.099,176.968,0.541,0.394,0.024,0.124,0.543,0.308,0.763,-3.514e-4,0,0.075,0.878,0.803,0.002,1009.93,0.001,340.277,0.168,6.4,32.17
0.957,1.176,2884.202,697.981,0.29,0.003,62.015,46.096,176.805,0.541,0.394,0.024,0.124,0.543,0.299,0.742,-4.91e-4,0,0.074,0.878,0.804,0.002,1009.91,0.001,340.277,0.168,6.4,32.17
0.96,1.142,2883.911,697.691,0.29,0.003,62.027,46.093,176.641,0.541,0.394,0.024,0.124,0.543,0.291,0.721,-2.372e-4,0,0.074,0.878,0.805,0.002,1009.89,0.001,340.276,0.169,6.4,32.17
0.963,1.109,2883.62,697.399,0.29,0.003,62.04,46.089,176.477,0.541,0.394,0.024,0.124,0.543,0.282,0.7,-4.818e-4,0,0.073,0.878,0.805,0.002,1009.87,0.001,340.275,0.169,6.4,32.17
0.966,1.075,2883.328,697.108,0.29,0.003,62.052,46.086,176.313,0.541,0.394,0.024,0.124,0.543,0.273,0.679,2.876e-4,0,0.073,0.878,0.806,0.002,1009.85,0.001,340.275,0.17,6.4,32.17
0.969,1.041,2883.036,696.815,0.29,0.003,62.064,46.083,176.148,0.541,0.394,0.024,0.124,0.543,0.264,0.657,-2.266e-5,0,0.072,0.878,0.806,0.002,1009.829,0.001,340.274,0.17,6.4,32.17
0.972,1.007,2882.742,696.522,0.29,0.003,62.076,46.08,175.983,0.541,0.394,0.024,0.124,0.543,0.255,0.636,2.635e-4,0,0.072,0.878,0.807,0.002,1009.809,0.001,340.273,0.17,6.4,32.17
0.975,0.973,2882.448,696.228,0.29,0.003,62.088,46.076,175.818,0.541,0.394,0.024,0.124,0.543,0.246,0.615,-2.826e-4,0,0.071,0.878,0.807,0.002,1009.788,0.001,340.273,0.171,6.4,32.17
0.978,0.939,2882.154,695.933,0.29,0.003,62.101,46.073,175.652,0.542,0.394,0.024,0.124,0.543,0.238,0.593,2.931e-4,0,0.07,0.878,0.808,0.002,1009.767,0.001,340.272,0.171,6.4,32.17
0.981,0.905,2881.858,695.637,0.29,0.003,62.113,46.07,175.485,0.542,0.394,0.024,0.124,0.543,0.229,0.571,4.111e-5,0,0.07,0.878,0.809,0.002,1009.746,0.001,340.271,0.172,6.4,32.17
0.984,0.871,2881.562,695.341,0.29,0.003,62.125,46.066,175.319,0.542,0.394,0.024,0.124,0.543,0.22,0.551,1.616e-4,0,0.069,0.878,0.809,0.002,1009.725,0.001,340.271,0.172,6.4,32.17
0.987,0.838,2881.265,695.044,0.29,0.003,62.136,46.063,175.152,0.542,0.394,0.024,0.124,0.543,0.212,0.529,-2.407e-4,0,0.069,0.878,0.81,0.002,1009.704,0.001,340.27,0.173,6.4,32.17
0.99,0.805,2880.967,694.747,0.29,0.003,62.148,46.06,174.984,0.542,0.394,0.024,0.124,0.543,0.203,0.509,-8.523e-5,0,0.068,0.879,0.81,0.002,1009.683,0.001,340.269,0.173,6.4,32.17
0.993,0.774,2880.669,694.449,0.29,0.003,62.159,46.056,174.816,0.542,0.394,0.024,0.124,0.543,0.195,0.489,-6.551e-5,0,0.068,0.879,0.811,0.002,1009.662,0.001,340.268,0.174,6.4,32.17
0.996,0.743,2880.37,694.149,0.29,0.003,62.17,46.053,174.648,0.542,0.394,0.024,0.124,0.543,0.187,0.469,-1.069e-4,0,0.067,0.879,0.811,0.002,1009.64,0.001,340.268,0.174,6.4,32.17
0.999,0.712,2880.07,693.85,0.29,0.003,62.181,46.05,174.479,0.542,0.394,0.024,0.124,0.543,0.179,0.451,-1.685e-4,0,0.067,0.879,0.812,0.002,1009.619,0.001,340.267,0.174,6.4,32.17
1.002,0.684,2879.77,693.549,0.29,0.003,62.191,46.046,174.31,0.542,0.394,0.024,0.124,0.543,0.172,0.433,2.236e-4,0,0.066,0.879,0.812,0.002,1009.597,0.001,340.266,0.175,6.4,32.17
1.005,0.657,2879.469,693.248,0.29,0.003,62.201,46.043,174.141,0.542,0.394,0.024,0.124,0.543,0.165,0.416,-4.248e-4,0,0.066,0.879,0.813,0.001,1009.575,0.001,340.265,0.175,6.4,32.17
1.009,0.631,2879.167,692.946,0.29,0.003,62.211,46.04,173.971,0.542,0.394,0.024,0.124,0.543,0.159,0.4,2.684e-4,0,0.065,0.879,0.813,0.001,1009.554,0.001,340.265,0.176,6.4,32.17
1.012,0.607,2878.864,692.644,0.29,0.003,62.22,46.036,173.801,0.542,0.394,0.024,0.124,0.543,0.152,0.385,1.481e-5,0,0.065,0.879,0.814,0.001,1009.532,0.001,340.264,0.176,6.4,32.17
1.015,0.584,2878.561,692.34,0.29,0.003,62.228,46.033,173.63,0.542,0.394,0.025,0.124,0.543,0.147,0.371,-4.696e-4,0,0.064,0.879,0.814,8.112e-4,1009.51,0.001,340.263,0.177,6.4,32.17
1.018,0.563,2878.257,692.037,0.29,0.003,62.237,46.029,173.459,0.542,0.394,0.025,0.124,0.543,0.141,0.358,2.959e-4,0,0.064,0.879,0.815,6.151e-4,1009.488,0.001,340.263,0.177,6.4,32.17
1.021,0.545,2877.952,691.732,0.29,0.003,62.244,46.026,173.287,0.542,0.394,0.025,0.124,0.543,0.137,0.346,-4.841e-4,0,0.063,0.879,0.815,4.294e-4,1009.465,0.001,340.262,0.178,6.4,32.17
1.024,0.529,2877.647,691.427,0.29,0.003,62.251,46.023,173.115,0.542,0.394,0.025,0.124,0.543,0.133,0.336,-3.609e-4,0,0.063,0.879,0.816,2.646e-4,1009.443,0.001,340.261,0.178,6.4,32.17
1.027,0.516,2877.341,691.121,0.29,0.003,62.257,46.019,172.943,0.542,0.394,0.025,0.124,0.543,0.129,0.328,5.459e-5,0,0.062,0.879,0.816,1.316e-4,1009.42,0.001,340.26,0.179,6.4,32.17
1.031,0.506,2877.034,690.814,0.29,0.003,62.263,46.016,172.771,0.543,0.394,0.025,0.124,0.543,0.127,0.322,-1.743e-4,0,0.062,0.879,0.817,4.105e-5,1009.398,0.001,340.26,0.179,6.4,32.17
1.034,0.498,2876.727,690.506,0.29,0.003,62.268,46.012,172.598,0.543,0.394,0.025,0.124,0.543,0.125,0.317,-4.24e-4,0,0.062,0.879,0.817,1.342e-6,1009.375,0.001,340.259,0.179,6.4,32.17
1.037,0.494,2876.419,690.198,0.29,0.003,62.271,46.009,172.424,0.543,0.394,0.025,0.124,0.543,0.124,0.315,-1.096e-4,0,0.061,0.879,0.818,-1.734e-5,1009.352,0.001,340.258,0.18,6.4,32.17
1.04,0.494,2876.11,689.889,0.29,0.003,62.274,46.005,172.25,0.543,0.394,0.025,0.124,0.543,0.124,0.315,-1.564e-4,0,0.061,0.879,0.818,-8.917e-5,1009.33,0.001,340.257,0.18,6.4,32.17
1.043,0.496,2875.801,689.58,0.29,0.003,62.275,46.002,172.076,0.543,0.394,0.025,0.124,0.543,0.124,0.316,-4.787e-4,0,0.06,0.879,0.819,-2.119e-4,1009.307,0.001,340.256,0.181,6.4,32.17
1.047,0.501,2875.49,689.27,0.289,0.003,62.275,45.999,171.902,0.543,0.394,0.025,0.124,0.543,0.126,0.32,-3.547e-4,0,0.06,0.879,0.819,-3.763e-4,1009.283,0.001,340.256,0.181,6.4,32.17
1.05,0.51,2875.179,688.959,0.289,0.003,62.274,45.995,171.727,0.543,0.394,0.025,0.124,0.543,0.128,0.325,-3.332e-4,0,0.059,0.879,0.82,-5.703e-4,1009.26,0.001,340.255,0.182,6.4,32.17
1.053,0.528,2874.868,688.647,0.289,0.003,62.269,45.992,171.551,0.543,0.394,0.025,0.124,0.543,0.132,0.338,-5.849e-5,0,0.059,0.879,0.82,-8.193e-4,1009.237,0.001,340.254,0.182,6.4,32.17
1.056,0.55,2874.555,688.335,0.289,0.003,62.262,45.988,171.375,0.543,0.394,0.025,0.124,0.543,0.138,0.352,-1.51e-4,0,0.058,0.879,0.821,-0.001,1009.213,0.001,340.253,0.183,6.4,32.17
1.06,0.575,2874.242,688.022,0.289,0.003,62.254,45.985,171.199,0.543,0.394,0.025,0.124,0.544,0.144,0.369,-2.992e-5,0,0.058,0.879,0.821,-0.001,1009.19,0.001,340.253,0.183,6.4,32.17
1.063,0.602,2873.928,687.708,0.289,0.003,62.245,45.981,171.022,0.543,0.394,0.025,0.124,0.544,0.151,0.386,-3.147e-4,0,0.058,0.879,0.821,-0.002,1009.166,0.001,340.252,0.184,6.4,32.17
1.066,0.631,2873.613,687.393,0.289,0.003,62.234,45.977,170.845,0.543,0.394,0.025,0.124,0.544,0.159,0.405,-1.92e-4,0,0.057,0.879,0.822,-0.002,1009.142,0.001,340.251,0.184,6.4,32.17
1.069,0.662,2873.298,687.077,0.289,0.003,62.223,45.974,170.668,0.543,0.393,0.025,0.124,0.544,0.167,0.425,1.156e-4,0,0.057,0.879,0.822,-0.002,1009.118,0.001,340.25,0.185,6.4,32.17
1.073,0.694,2872.982,686.761,0.289,0.003,62.211,45.97,170.49,0.543,0.393,0.025,0.124,0.544,0.175,0.445,-1.093e-4,0,0.056,0.879,0.823,-0.002,1009.094,0.001,340.249,0.185,6.4,32.17
1.076,0.726,2872.665,686.444,0.289,0.003,62.198,45.967,170.311,0.543,0.393,0.025,0.124,0.544,0.183,0.467,-1.62e-4,0,0.056,0.879,0.823,-0.002,1009.07,0.001,340.249,0.185,6.4,32.17
1.079,0.76,2872.347,686.126,0.289,0.003,62.185,45.963,170.132,0.543,0.393,0.025,0.124,0.544,0.192,0.488,-1.243e-5,0,0.055,0.879,0.824,-0.002,1009.046,0.001,340.248,0.186,6.4,32.17
1.082,0.793,2872.028,685.808,0.289,0.003,62.172,45.96,169.953,0.543,0.393,0.025,0.125,0.544,0.2,0.51,4.501e-4,0,0.055,0.879,0.824,-0.002,1009.021,0.001,340.247,0.186,6.4,32.17
1.086,0.827,2871.709,685.489,0.289,0.003,62.159,45.956,169.773,0.544,0.393,0.026,0.125,0.545,0.209,0.531,1.353e-4,0,0.055,0.879,0.825,-0.002,1008.997,0.001,340.246,0.187,6.4,32.17
1.089,0.861,2871.389,685.168,0.289,0.003,62.145,45.953,169.593,0.544,0.393,0.026,0.125,0.545,0.218,0.552,-2.014e-4,0,0.054,0.879,0.825,-0.002,1008.972,0.001,340.245,0.187,6.4,32.17
1.092,0.894,2871.068,684.848,0.289,0.003,62.132,45.949,169.413,0.544,0.393,0.026,0.125,0.545,0.226,0.574,2.799e-5,0,0.054,0.879,0.825,-0.002,1008.947,0.001,340.244,0.188,6.4,32.17
1.096,0.927,2870.747,684.526,0.289,0.003,62.119,45.945,169.232,0.544,0.393,0.026,0.125,0.545,0.235,0.596,3.512e-5,0,0.053,0.879,0.826,-0.002,1008.923,0.001,340.244,0.188,6.4,32.17
1.099,0.96,2870.424,684.204,0.289,0.003,62.106,45.942,169.05,0.544,0.393,0.026,0.125,0.545,0.243,0.617,3.639e-4,0,0.053,0.879,0.826,-0.002,1008.898,0.001,340.243,0.189,6.4,32.17
1.102,0.987,2870.101,683.88,0.289,0.003,62.095,45.938,168.868,0.544,0.393,0.026,0.125,0.545,0.25,0.634,-1.209e-4,0,0.053,0.879,0.827,-0.002,1008.872,0.001,340.242,0.189,6.4,32.17
1.106,1.01,2869.777,683.556,0.289,0.003,62.086,45.934,168.686,0.544,0.393,0.026,0.125,0.546,0.256,0.649,-3.503e-4,0,0.052,0.879,0.827,-0.002,1008.847,0.001,340.241,0.19,6.4,32.17
1.109,1.034,2869.452,683.232,0.289,0.003,62.076,45.931,168.503,0.544,0.393,0.026,0.125,0.546,0.262,0.664,-4.116e-4,0,0.052,0.879,0.827,-0.002,1008.822,0.001,340.24,0.19,6.4,32.17
1.112,1.056,2869.127,682.906,0.289,0.003,62.068,45.927,168.32,0.544,0.393,0.026,0.125,0.546,0.268,0.678,-3.804e-5,0,0.052,0.879,0.828,-0.002,1008.796,0.001,340.239,0.191,6.4,32.17
1.116,1.077,2868.801,682.58,0.289,0.003,62.059,45.923,168.137,0.544,0.393,0.026,0.125,0.546,0.274,0.692,1.358e-4,0,0.051,0.879,0.828,-0.001,1008.771,0.001,340.238,0.191,6.4,32.17
1.119,1.097,2868.474,682.254,0.289,0.003,62.051,45.92,167.953,0.544,0.393,0.026,0.125,0.546,0.279,0.704,1.647e-4,0,0.051,0.879,0.829,-0.001,1008.745,0.001,340.238,0.192,6.4,32.17
1.123,1.117,2868.147,681.926,0.289,0.003,62.043,45.916,167.768,0.544,0.393,0.026,0.125,0.546,0.284,0.718,9.4e-5,0,0.05,0.879,0.829,-0.001,1008.719,0.001,340.237,0.192,6.4,32.17
1.126,1.135,2867.818,681.598,0.289,0.003,62.036,45.912,167.584,0.544,0.393,0.026,0.125,0.546,0.289,0.729,8.495e-5,0,0.05,0.879,0.829,-0.001,1008.693,0.001,340.236,0.192,6.4,32.17
1.129,1.152,2867.489,681.269,0.289,0.003,62.029,45.909,167.398,0.544,0.393,0.026,0.125,0.546,0.293,0.74,-2.739e-4,0,0.05,0.879,0.83,-0.001,1008.667,0.001,340.235,0.193,6.4,32.17
1.133,1.168,2867.159,680.939,0.289,0.003,62.022,45.905,167.213,0.544,0.393,0.026,0.125,0.547,0.298,0.75,1.451e-4,0,0.049,0.879,0.83,-9.52e-4,1008.641,0.001,340.234,0.193,6.4,32.17
1.136,1.183,2866.829,680.608,0.289,0.003,62.016,45.901,167.027,0.544,0.393,0.026,0.125,0.547,0.301,0.76,-2.159e-4,0,0.049,0.88,0.83,-8.489e-4,1008.614,0.001,340.233,0.194,6.4,32.17
1.14,1.196,2866.498,680.277,0.288,0.003,62.011,45.897,166.84,0.544,0.393,0.026,0.125,0.547,0.305,0.769,-4.824e-5,0,0.049,0.88,0.831,-7.489e-4,1008.588,0.001,340.232,0.194,6.4,32.17
1.143,1.208,2866.166,679.945,0.288,0.003,62.006,45.894,166.653,0.545,0.393,0.026,0.125,0.547,0.308,0.776,-4.854e-4,0,0.048,0.88,0.831,-6.528e-4,1008.561,0.001,340.231,0.195,6.4,32.17
1.146,1.219,2865.833,679.612,0.288,0.003,62.002,45.89,166.466,0.545,0.393,0.026,0.125,0.547,0.311,0.782,3.425e-4,0,0.048,0.88,0.832,-5.613e-4,1008.535,0.001,340.231,0.195,6.4,32.17
1.15,1.228,2865.5,679.279,0.288,0.003,61.998,45.886,166.278,0.545,0.393,0.026,0.125,0.547,0.313,0.789,3.703e-4,0,0.048,0.88,0.832,-4.751e-4,1008.508,0.001,340.23,0.196,6.4,32.17
1.153,1.227,2865.165,678.945,0.288,0.003,61.998,45.882,166.09,0.545,0.393,0.026,0.125,0.547,0.313,0.789,3.889e-4,0,0.047,0.88,0.832,-3.966e-4,1008.481,0.001,340.229,0.196,6.4,32.17
1.157,1.225,2864.83,678.61,0.288,0.003,61.999,45.879,165.902,0.545,0.393,0.026,0.125,0.547,0.313,0.788,-6.996e-5,0,0.047,0.88,0.833,-3.248e-4,1008.454,0.001,340.228,0.197,6.4,32.17
1.16,1.222,2864.495,678.274,0.288,0.003,62,45.875,165.713,0.545,0.393,0.027,0.125,0.547,0.312,0.785,-1.431e-4,0,0.047,0.88,0.833,-2.597e-4,1008.427,0.001,340.227,0.197,6.4,32.17
1.164,1.217,2864.158,677.938,0.288,0.003,62.001,45.871,165.524,0.545,0.393,0.027,0.125,0.547,0.31,0.782,-4.752e-4,0,0.046,0.88,0.833,-2.017e-4,1008.399,0.001,340.226,0.198,6.4,32.17
1.167,1.211,2863.821,677.601,0.288,0.003,62.003,45.867,165.334,0.545,0.393,0.027,0.125,0.547,0.309,0.779,-3.756e-4,0,0.046,0.88,0.834,-1.509e-4,1008.372,0.001,340.225,0.198,6.4,32.17
1.171,1.204,2863.484,677.263,0.288,0.003,62.006,45.863,165.144,0.545,0.393,0.027,0.125,0.547,0.307,0.774,7.135e-5,0,0.046,0.88,0.834,-1.075e-4,1008.344,0.001,340.224,0.199,6.4,32.17
1.174,1.195,2863.145,676.925,0.288,0.003,62.009,45.86,164.953,0.545,0.393,0.027,0.125,0.547,0.305,0.768,-4.446e-4,0,0.045,0.88,0.834,-7.146e-5,1008.317,0.001,340.223,0.199,6.4,32.17
1.178,1.185,2862.806,676.586,0.288,0.003,62.013,45.856,164.763,0.545,0.393,0.027,0.125,0.547,0.302,0.762,-3.876e-4,0,0.045,0.88,0.835,-4.284e-5,1008.289,0.001,340.222,0.2,6.4,32.17
1.181,1.173,2862.466,676.246,0.288,0.003,62.018,45.852,164.571,0.545,0.393,0.027,0.125,0.547,0.299,0.755,3.317e-4,0,0.045,0.88,0.835,-2.159e-5,1008.261,0.001,340.221,0.2,6.4,32.17
1.186,1.156,2862.011,675.79,0.288,0.003,62.024,45.847,164.315,0.545,0.393,0.027,0.125,0.548,0.294,0.744,6.418e-5,0,0.044,0.88,0.835,-4.538e-6,1008.223,0.001,340.22,0.201,6.4,32.17
1.19,1.141,2861.712,675.492,0.288,0.003,62.03,45.843,164.139,0.545,0.393,0.027,0.125,0.548,0.29,0.734,-2.587e-4,0,0.044,0.88,0.836,-7.119e-8,1008.195,0.001,340.219,0.201,6.4,32.17
1.193,1.125,2861.413,675.193,0.288,0.003,62.036,45.84,163.962,0.546,0.393,0.027,0.125,0.548,0.286,0.725,-3.288e-4,0,0.044,0.88,0.836,2.487e-6,1008.167,0.001,340.218,0.202,6.4,32.17
1.197,1.107,2861.113,674.893,0.288,0.003,62.043,45.837,163.785,0.546,0.393,0.027,0.125,0.548,0.282,0.713,-7.628e-5,0,0.043,0.88,0.836,1.154e-5,1008.138,0.001,340.217,0.202,6.4,32.17
1.2,1.089,2860.813,674.592,0.288,0.003,62.05,45.833,163.608,0.546,0.393,0.027,0.125,0.548,0.277,0.702,-3.326e-4,0,0.043,0.88,0.837,2.701e-5,1008.11,0.001,340.216,0.203,6.4,32.17
1.204,1.08,2860.512,674.291,0.288,0.003,62.053,45.83,163.43,0.546,0.393,0.027,0.125,0.548,0.275,0.696,7.293e-5,0,0.043,0.88,0.837,5.028e-5,1008.081,0.001,340.215,0.203,6.4,32.17
1.207,1.069,2860.21,673.989,0.288,0.003,62.058,45.826,163.252,0.546,0.393,0.027,0.125,0.548,0.272,0.689,-3.551e-4,0,0.043,0.88,0.837,8.045e-5,1008.052,0.001,340.214,0.204,6.4,32.17
1.211,1.057,2859.907,673.687,0.288,0.003,62.063,45.823,163.074,0.546,0.393,0.027,0.125,0.548,0.269,0.681,9.661e-5,0,0.042,0.88,0.838,1.173e-4,1008.023,0.001,340.213,0.204,6.4,32.17
1.214,1.043,2859.604,673.383,0.288,0.003,62.069,45.82,162.895,0.546,0.393,0.027,0.125,0.548,0.265,0.673,1.296e-4,0,0.042,0.88,0.838,1.604e-4,1007.994,0.001,340.212,0.204,6.4,32.17
1.218,1.027,2859.3,673.079,0.288,0.003,62.075,45.816,162.715,0.546,0.393,0.027,0.125,0.548,0.261,0.663,-2.671e-4,0,0.042,0.88,0.838,2.095e-4,1007.964,0.001,340.211,0.205,6.4,32.17
1.222,1.01,2858.995,672.774,0.288,0.003,62.082,45.813,162.535,0.546,0.393,0.027,0.125,0.548,0.256,0.652,-1.363e-4,0,0.041,0.88,0.839,2.641e-4,1007.935,0.001,340.21,0.205,6.4,32.17
1.225,0.992,2858.689,672.469,0.288,0.003,62.089,45.809,162.355,0.546,0.393,0.028,0.126,0.548,0.252,0.64,-3.761e-4,0,0.041,0.88,0.839,3.236e-4,1007.905,0.001,340.209,0.206,6.4,32.17
1.229,0.972,2858.383,672.162,0.288,0.003,62.097,45.806,162.174,0.546,0.393,0.028,0.126,0.548,0.247,0.627,2.953e-4,0,0.041,0.88,0.839,3.877e-4,1007.876,0.001,340.208,0.206,6.4,32.17
1.233,0.951,2858.076,671.855,0.288,0.003,62.106,45.802,161.993,0.546,0.393,0.028,0.126,0.548,0.241,0.613,-1.534e-4,0,0.041,0.88,0.84,4.555e-4,1007.846,0.001,340.207,0.207,6.4,32.17
1.236,0.928,2857.768,671.548,0.288,0.003,62.116,45.799,161.812,0.546,0.393,0.028,0.126,0.548,0.235,0.599,-2.244e-4,0,0.04,0.88,0.84,5.264e-4,1007.816,0.001,340.206,0.207,6.4,32.17
1.24,0.904,2857.46,671.239,0.287,0.003,62.125,45.795,161.63,0.547,0.393,0.028,0.126,0.548,0.229,0.583,4.003e-4,0,0.04,0.88,0.84,5.997e-4,1007.786,0.001,340.205,0.208,6.4,32.17
1.243,0.879,2857.151,670.93,0.287,0.003,62.136,45.792,161.447,0.547,0.393,0.028,0.126,0.548,0.222,0.567,-3.827e-5,0,0.04,0.88,0.841,6.746e-4,1007.755,0.001,340.204,0.208,6.4,32.17
1.247,0.852,2856.841,670.62,0.287,0.003,62.147,45.788,161.264,0.547,0.393,0.028,0.126,0.548,0.216,0.55,1.515e-4,0,0.039,0.88,0.841,7.5e-4,1007.725,0.001,340.203,0.209,6.4,32.17
1.251,0.823,2856.53,670.309,0.287,0.003,62.159,45.785,161.081,0.547,0.393,0.028,0.126,0.548,0.208,0.532,-7.163e-5,0,0.039,0.88,0.841,8.245e-4,1007.694,0.001,340.202,0.209,6.4,32.17
1.255,0.79,2856.219,669.998,0.287,0.003,62.173,45.781,160.897,0.547,0.393,0.028,0.126,0.548,0.2,0.51,-2.643e-4,0,0.039,0.88,0.842,8.96e-4,1007.664,0.001,340.201,0.21,6.4,32.17
1.258,0.755,2855.906,669.686,0.287,0.003,62.187,45.778,160.713,0.547,0.393,0.028,0.126,0.548,0.191,0.488,4.849e-4,0,0.039,0.88,0.842,9.65e-4,1007.633,0.001,340.2,0.21,6.4,32.17
1.262,0.72,2855.594,669.373,0.287,0.003,62.202,45.774,160.529,0.547,0.393,0.028,0.126,0.548,0.182,0.465,-8.391e-5,0,0.038,0.88,0.842,0.001,1007.602,0.001,340.199,0.211,6.4,32.17
1.266,0.684,2855.28,669.06,0.287,0.003,62.217,45.771,160.344,0.547,0.393,0.028,0.126,0.548,0.172,0.442,2.007e-4,0,0.038,0.88,0.842,0.001,1007.571,0.001,340.198,0.211,6.4,32.17
1.269,0.647,2854.966,668.746,0.287,0.003,62.232,45.767,160.158,0.547,0.393,0.028,0.126,0.548,0.163,0.418,-1.007e-4,0,0.038,0.88,0.843,0.001,1007.54,0.001,340.197,0.212,6.4,32.17
1.273,0.609,2854.651,668.431,0.287,0.003,62.248,45.763,159.973,0.547,0.393,0.028,0.126,0.548,0.153,0.393,-3.635e-4,0,0.038,0.88,0.843,0.001,1007.508,0.001,340.196,0.212,6.4,32.17
1.277,0.571,2854.336,668.115,0.287,0.003,62.264,45.76,159.786,0.547,0.393,0.028,0.126,0.548,0.144,0.368,1.084e-4,0,0.037,0.881,0.843,0.001,1007.477,0.001,340.195,0.213,6.4,32.17
1.281,0.533,2854.02,667.799,0.287,0.003,62.28,45.756,159.6,0.547,0.393,0.028,0.126,0.548,0.134,0.344,2.837e-4,0,0.037,0.881,0.843,0.001,1007.445,0.001,340.194,0.213,6.4,32.17
1.284,0.494,2853.703,667.482,0.287,0.003,62.296,45.753,159.413,0.547,0.393,0.028,0.126,0.548,0.124,0.319,-8.7e-5,0,0.037,0.881,0.844,0.001,1007.413,0.001,340.193,0.214,6.4,32.17
1.288,0.455,2853.385,667.165,0.287,0.003,62.313,45.749,159.226,0.548,0.393,0.029,0.126,0.548,0.114,0.294,-2.901e-4,0,0.037,0.881,0.844,0.001,1007.381,0.001,340.192,0.214,6.4,32.17
1.292,0.417,2853.067,666.847,0.287,0.003,62.329,45.745,159.038,0.548,0.393,0.029,0.126,0.548,0.104,0.27,-1.844e-4,0,0.036,0.881,0.844,0.001,1007.349,0.001,340.191,0.215,6.4,32.17
1.296,0.378,2852.748,666.528,0.287,0.003,62.346,45.742,158.85,0.548,0.393,0.029,0.126,0.548,0.095,0.244,4.121e-4,0,0.036,0.881,0.845,0.001,1007.317,0.001,340.19,0.215,6.4,32.17
1.299,0.341,2852.429,666.208,0.287,0.003,62.362,45.738,158.661,0.548,0.393,0.029,0.126,0.548,0.085,0.221,-4.039e-4,0,0.036,0.881,0.845,0.001,1007.284,0.001,340.189,0.216,6.4,32.17
1.303,0.316,2852.108,665.888,0.287,0.003,62.373,45.735,158.472,0.548,0.393,0.029,0.126,0.548,0.079,0.204,-1.233e-4,0,0.036,0.881,0.845,9.992e-4,1007.252,0.001,340.187,0.216,6.4,32.17
1.307,0.297,2851.787,665.567,0.287,0.003,62.382,45.731,158.283,0.548,0.393,0.029,0.126,0.548,0.074,0.192,-8.769e-5,0,0.035,0.881,0.845,7.979e-4,1007.219,0.001,340.186,0.217,6.4,32.17
1.311,0.282,2851.465,665.245,0.287,0.003,62.387,45.727,158.093,0.548,0.393,0.029,0.126,0.548,0.07,0.183,3.463e-4,0,0.035,0.881,0.846,5.622e-4,1007.186,0.001,340.185,0.217,6.4,32.17
1.315,0.273,2851.142,664.922,0.287,0.003,62.39,45.724,157.902,0.548,0.393,0.029,0.126,0.548,0.068,0.177,-1.415e-4,0,0.035,0.881,0.846,3.242e-4,1007.153,0.001,340.184,0.218,6.4,32.17
1.318,0.27,2850.819,664.598,0.287,0.003,62.388,45.72,157.711,0.548,0.393,0.029,0.126,0.548,0.067,0.175,-2.064e-4,0,0.035,0.881,0.846,1.292e-4,1007.12,0.001,340.183,0.218,6.4,32.17
1.322,0.273,2850.494,664.273,0.287,0.003,62.384,45.716,157.52,0.548,0.393,0.029,0.126,0.548,0.068,0.177,-2.001e-5,0,0.034,0.881,0.847,1.833e-5,1007.087,0.001,340.182,0.219,6.4,32.17
1.326,0.284,2850.168,663.948,0.287,0.003,62.376,45.712,157.327,0.548,0.393,0.029,0.126,0.548,0.071,0.185,-3.97e-4,0,0.034,0.881,0.847,-7.151e-6,1007.053,0.001,340.181,0.219,6.4,32.17
1.33,0.301,2849.842,663.621,0.287,0.003,62.366,45.709,157.135,0.548,0.393,0.029,0.126,0.549,0.075,0.196,2.454e-4,0,0.034,0.881,0.847,-8.11e-5,1007.02,0.001,340.18,0.22,6.4,32.17
1.334,0.323,2849.515,663.294,0.287,0.003,62.356,45.705,156.942,0.548,0.393,0.029,0.126,0.549,0.081,0.21,4.582e-4,0,0.034,0.881,0.847,-2.083e-4,1006.986,0.001,340.179,0.22,6.4,32.17
1.338,0.349,2849.187,662.966,0.287,0.003,62.344,45.701,156.748,0.549,0.393,0.029,0.126,0.549,0.087,0.228,4.757e-4,0,0.033,0.881,0.848,-3.564e-4,1006.952,0.001,340.177,0.221,6.4,32.17
1.342,0.379,2848.858,662.637,0.287,0.003,62.332,45.697,156.554,0.549,0.393,0.029,0.126,0.549,0.095,0.247,-6.258e-5,0,0.033,0.881,0.848,-5.02e-4,1006.918,0.001,340.176,0.221,6.4,32.17
1.345,0.411,2848.528,662.308,0.287,0.003,62.32,45.694,156.36,0.549,0.393,0.029,0.126,0.549,0.103,0.268,-2.695e-4,0,0.033,0.881,0.848,-6.313e-4,1006.883,0.001,340.175,0.221,6.4,32.17
1.349,0.445,2848.198,661.977,0.286,0.003,62.307,45.69,156.165,0.549,0.393,0.029,0.126,0.549,0.112,0.29,3.158e-4,0,0.033,0.881,0.848,-7.382e-4,1006.849,0.001,340.174,0.222,6.4,32.17
1.353,0.471,2847.866,661.646,0.286,0.003,62.298,45.686,155.969,0.549,0.393,0.03,0.126,0.549,0.118,0.307,1.51e-4,0,0.032,0.881,0.849,-8.42e-4,1006.814,0.001,340.173,0.222,6.4,32.17
1.357,0.497,2847.534,661.313,0.286,0.003,62.29,45.682,155.773,0.549,0.393,0.03,0.126,0.549,0.125,0.324,7.424e-5,0,0.032,0.881,0.849,-9.221e-4,1006.779,0.001,340.172,0.223,6.4,32.17
1.361,0.523,2847.201,660.981,0.286,0.003,62.281,45.679,155.577,0.549,0.393,0.03,0.126,0.549,0.131,0.343,-2.395e-4,0,0.032,0.881,0.849,-9.747e-4,1006.744,0.001,340.17,0.223,6.4,32.17
1.365,0.551,2846.868,660.647,0.286,0.003,62.272,45.675,155.38,0.549,0.393,0.03,0.127,0.55,0.138,0.36,-3.841e-4,0,0.032,0.881,0.849,-0.001,1006.709,0.001,340.169,0.224,6.4,32.17
1.369,0.579,2846.533,660.313,0.286,0.003,62.264,45.671,155.183,0.549,0.393,0.03,0.127,0.55,0.146,0.378,-2.788e-4,0,0.032,0.881,0.85,-0.001,1006.674,0.001,340.168,0.224,6.4,32.17
1.373,0.606,2846.198,659.978,0.286,0.003,62.255,45.667,154.985,0.549,0.393,0.03,0.127,0.55,0.153,0.396,-3.108e-4,0,0.031,0.881,0.85,-9.916e-4,1006.639,0.001,340.167,0.225,6.4,32.17
1.377,0.634,2845.863,659.642,0.286,0.003,62.246,45.663,154.787,0.549,0.393,0.03,0.127,0.55,0.16,0.415,-4.512e-4,0,0.031,0.881,0.85,-9.608e-4,1006.603,0.001,340.166,0.225,6.4,32.17
1.381,0.66,2845.526,659.306,0.286,0.003,62.238,45.659,154.588,0.549,0.393,0.03,0.127,0.55,0.166,0.432,1.848e-5,0,0.031,0.881,0.85,-9.169e-4,1006.567,0.001,340.164,0.226,6.4,32.17
1.385,0.686,2845.189,658.968,0.286,0.003,62.229,45.656,154.389,0.55,0.393,0.03,0.127,0.55,0.173,0.449,-2.162e-4,0,0.031,0.881,0.851,-8.625e-4,1006.531,0.001,340.163,0.226,6.4,32.17
1.389,0.711,2844.851,658.631,0.286,0.003,62.221,45.652,154.19,0.55,0.393,0.03,0.127,0.55,0.179,0.465,-3.593e-4,0,0.031,0.881,0.851,-8.002e-4,1006.495,0.001,340.162,0.227,6.4,32.17
1.393,0.734,2844.512,658.292,0.286,0.003,62.214,45.648,153.99,0.55,0.393,0.03,0.127,0.551,0.185,0.48,-3.805e-4,0,0.03,0.881,0.851,-7.322e-4,1006.459,0.001,340.161,0.227,6.4,32.17
1.397,0.757,2844.173,657.952,0.286,0.003,62.206,45.644,153.79,0.55,0.393,0.03,0.127,0.551,0.191,0.495,4.505e-4,0,0.03,0.881,0.851,-6.604e-4,1006.423,0.001,340.16,0.228,6.4,32.17
1.401,0.777,2843.833,657.612,0.286,0.003,62.2,45.64,153.589,0.55,0.393,0.03,0.127,0.551,0.196,0.509,-1.223e-5,0,0.03,0.881,0.851,-5.864e-4,1006.386,0.001,340.158,0.228,6.4,32.17
1.405,0.794,2843.492,657.271,0.286,0.003,62.195,45.636,153.388,0.55,0.393,0.03,0.127,0.551,0.201,0.52,4.51e-4,0,0.03,0.881,0.852,-5.114e-4,1006.35,0.001,340.157,0.229,6.4,32.17
1.409,0.809,2843.15,656.93,0.286,0.003,62.19,45.632,153.187,0.55,0.393,0.03,0.127,0.551,0.205,0.53,-3.988e-4,0,0.03,0.881,0.852,-4.376e-4,1006.313,0.001,340.156,0.229,6.4,32.17
1.413,0.822,2842.808,656.587,0.286,0.003,62.186,45.628,152.984,0.55,0.393,0.03,0.127,0.551,0.208,0.538,2.124e-4,0,0.029,0.882,0.852,-3.663e-4,1006.276,0.001,340.155,0.23,6.4,32.17
1.417,0.833,2842.465,656.244,0.286,0.003,62.183,45.624,152.782,0.55,0.393,0.031,0.127,0.551,0.211,0.545,4.526e-4,0,0.029,0.882,0.852,-2.989e-4,1006.239,0.001,340.153,0.23,6.4,32.17
1.421,0.842,2842.121,655.9,0.286,0.003,62.18,45.62,152.579,0.55,0.393,0.031,0.127,0.551,0.213,0.552,3.764e-5,0,0.029,0.882,0.853,-2.365e-4,1006.201,0.001,340.152,0.231,6.4,32.17
1.425,0.849,2841.776,655.555,0.286,0.003,62.178,45.616,152.376,0.55,0.393,0.031,0.127,0.552,0.215,0.557,2.713e-4,0,0.029,0.882,0.853,-1.8e-4,1006.164,0.001,340.151,0.231,6.4,32.17
1.429,0.854,2841.431,655.21,0.286,0.003,62.176,45.613,152.172,0.55,0.393,0.031,0.127,0.552,0.216,0.56,3.345e-4,0,0.029,0.882,0.853,-1.302e-4,1006.126,0.001,340.15,0.232,6.4,32.17
1.433,0.857,2841.084,654.864,0.286,0.003,62.175,45.609,151.968,0.551,0.393,0.031,0.127,0.552,0.217,0.562,4.369e-4,0,0.028,0.882,0.853,-8.783e-5,1006.088,0.001,340.148,0.232,6.4,32.17
1.438,0.857,2840.737,654.517,0.286,0.003,62.175,45.605,151.763,0.551,0.393,0.031,0.127,0.552,0.217,0.562,-3.048e-4,0,0.028,0.882,0.853,-5.342e-5,1006.05,0.001,340.147,0.233,6.4,32.17
1.442,0.856,2840.389,654.169,0.286,0.003,62.176,45.601,151.558,0.551,0.393,0.031,0.127,0.552,0.217,0.561,-1.504e-4,0,0.028,0.882,0.854,-2.736e-5,1006.012,0.001,340.146,0.233,6.4,32.17
1.446,0.852,2840.041,653.82,0.286,0.003,62.178,45.597,151.352,0.551,0.393,0.031,0.127,0.552,0.216,0.558,1.833e-4,0,0.028,0.882,0.854,-9.882e-6,1005.974,0.001,340.145,0.234,6.4,32.17
1.45,0.845,2839.691,653.471,0.286,0.003,62.18,45.593,151.146,0.551,0.393,0.031,0.127,0.552,0.214,0.555,2.577e-4,0,0.028,0.882,0.854,-1.117e-6,1005.935,0.001,340.143,0.234,6.4,32.17
1.454,0.84,2839.341,653.121,0.285,0.003,62.182,45.589,150.939,0.551,0.393,0.031,0.127,0.552,0.213,0.551,3.265e-4,0,0.028,0.882,0.854,9.606e-7,1005.897,0.001,340.142,0.235,6.4,32.17
1.458,0.832,2838.99,652.77,0.285,0.003,62.185,45.584,150.732,0.551,0.393,0.031,0.127,0.552,0.211,0.546,-4.577e-4,0,0.027,0.882,0.855,9.044e-6,1005.858,0.001,340.141,0.235,6.4,32.17
1.462,0.822,2838.638,652.418,0.285,0.003,62.188,45.58,150.524,0.551,0.393,0.031,0.127,0.552,0.208,0.539,3.182e-4,0,0.027,0.882,0.855,2.517e-5,1005.819,0.001,340.139,0.236,6.4,32.17
1.467,0.809,2838.285,652.065,0.285,0.003,62.193,45.576,150.316,0.551,0.393,0.031,0.127,0.552,0.205,0.531,4.59e-4,0,0.027,0.882,0.855,4.902e-5,1005.78,0.001,340.138,0.236,6.4,32.17
1.471,0.795,2837.932,651.711,0.285,0.003,62.198,45.572,150.107,0.551,0.393,0.031,0.127,0.552,0.201,0.522,-7.585e-5,0,0.027,0.882,0.855,8.015e-5,1005.74,0.001,340.137,0.237,6.4,32.17
1.475,0.778,2837.577,651.356,0.285,0.003,62.204,45.568,149.898,0.551,0.393,0.031,0.127,0.552,0.197,0.511,3.362e-4,0,0.027,0.882,0.855,1.18e-4,1005.701,0.001,340.135,0.237,6.4,32.17
1.479,0.759,2837.221,651.001,0.285,0.003,62.21,45.564,149.688,0.552,0.393,0.032,0.127,0.552,0.192,0.499,-4.022e-4,0,0.026,0.882,0.856,1.62e-4,1005.661,0.001,340.134,0.238,6.4,32.17
1.483,0.738,2836.865,650.644,0.285,0.003,62.218,45.56,149.478,0.552,0.393,0.032,0.127,0.552,0.186,0.485,2.311e-4,0,0.026,0.882,0.856,2.112e-4,1005.621,0.001,340.133,0.238,6.4,32.17
1.488,0.715,2836.508,650.287,0.285,0.003,62.226,45.556,149.267,0.552,0.393,0.032,0.127,0.553,0.181,0.471,3.018e-4,0,0.026,0.882,0.856,2.648e-4,1005.581,0.001,340.131,0.239,6.4,32.17
1.492,0.691,2836.149,649.929,0.285,0.003,62.234,45.552,149.056,0.552,0.393,0.032,0.127,0.553,0.174,0.454,4.227e-5,0,0.026,0.882,0.856,3.217e-4,1005.541,0.001,340.13,0.239,6.4,32.17
1.496,0.664,2835.79,649.57,0.285,0.003,62.244,45.548,148.844,0.552,0.393,0.032,0.127,0.553,0.167,0.437,-4.636e-4,0,0.026,0.882,0.856,3.808e-4,1005.5,0.001,340.129,0.24,6.4,32.17
1.5,0.635,2835.43,649.21,0.285,0.003,62.254,45.544,148.632,0.552,0.393,0.032,0.128,0.553,0.16,0.418,7.936e-5,0,0.026,0.882,0.857,4.41e-4,1005.46,0.001,340.127,0.24,6.4,32.17
1.505,0.602,2835.069,648.849,0.285,0.003,62.266,45.539,148.419,0.552,0.393,0.032,0.128,0.553,0.152,0.395,7.579e-5,0,0.025,0.882,0.857,5.014e-4,1005.419,0.001,340.126,0.241,6.4,32.17
1.509,0.567,2834.708,648.487,0.285,0.003,62.278,45.535,148.205,0.552,0.393,0.032,0.128,0.553,0.143,0.373,-4.101e-4,0,0.025,0.882,0.857,5.59e-4,1005.378,0.001,340.125,0.241,6.4,32.17
1.513,0.531,2834.345,648.124,0.285,0.003,62.291,45.531,147.991,0.552,0.393,0.032,0.128,0.553,0.133,0.349,-8.968e-5,0,0.025,0.882,0.857,6.118e-4,1005.336,0.001,340.123,0.242,6.4,32.17
1.518,0.494,2833.981,647.761,0.285,0.003,62.305,45.527,147.777,0.552,0.393,0.032,0.128,0.553,0.124,0.325,-2.569e-4,0,0.025,0.882,0.857,6.574e-4,1005.295,0.001,340.122,0.242,6.4,32.17
1.522,0.456,2833.617,647.396,0.285,0.003,62.319,45.523,147.562,0.552,0.393,0.032,0.128,0.553,0.114,0.3,-1.034e-4,0,0.025,0.882,0.858,6.929e-4,1005.253,0.001,340.12,0.243,6.4,32.17
1.526,0.417,2833.252,647.031,0.285,0.003,62.333,45.518,147.346,0.552,0.393,0.032,0.128,0.553,0.105,0.274,-4.293e-4,0,0.025,0.882,0.858,7.148e-4,1005.212,0.001,340.119,0.243,6.4,32.17
1.53,0.379,2832.885,646.665,0.285,0.003,62.347,45.514,147.13,0.553,0.392,0.032,0.128,0.553,0.095,0.249,-3.856e-4,0,0.024,0.882,0.858,7.184e-4,1005.17,0.001,340.118,0.244,6.4,32.17
1.535,0.34,2832.518,646.298,0.285,0.003,62.362,45.51,146.913,0.553,0.392,0.032,0.128,0.553,0.085,0.223,3.648e-4,0,0.024,0.882,0.858,6.977e-4,1005.127,0.001,340.116,0.244,6.4,32.17
1.539,0.303,2832.15,645.93,0.285,0.003,62.377,45.506,146.696,0.553,0.392,0.032,0.128,0.553,0.076,0.199,-6.971e-5,0,0.024,0.882,0.858,6.45e-4,1005.085,0.001,340.115,0.245,6.4,32.17
1.544,0.268,2831.781,645.561,0.285,0.003,62.392,45.501,146.479,0.553,0.392,0.033,0.128,0.553,0.067,0.176,3.254e-5,0,0.024,0.882,0.859,5.52e-4,1005.043,0.001,340.113,0.245,6.4,32.17
1.548,0.237,2831.412,645.191,0.285,0.003,62.407,45.497,146.26,0.553,0.392,0.033,0.128,0.553,0.059,0.156,-2.314e-4,0,0.024,0.883,0.859,4.132e-4,1005,0.001,340.112,0.246,6.4,32.17
1.552,0.211,2831.041,644.82,0.285,0.003,62.421,45.493,146.042,0.553,0.392,0.033,0.128,0.553,0.053,0.14,-9.148e-5,0,0.024,0.883,0.859,2.386e-4,1004.957,0.001,340.11,0.247,6.4,32.17
1.557,0.194,2830.669,644.448,0.285,0.003,62.434,45.489,145.822,0.553,0.392,0.033,0.128,0.553,0.048,0.128,-4.103e-4,0,0.023,0.883,0.859,7.393e-5,1004.914,0.001,340.109,0.247,6.4,32.17
1.561,0.187,2830.296,644.076,0.284,0.003,62.442,45.484,145.602,0.553,0.392,0.033,0.128,0.553,0.047,0.123,-4.767e-4,0,0.023,0.883,0.859,7.691e-8,1004.87,0.001,340.107,0.248,6.4,32.17
1.566,0.192,2829.923,643.702,0.284,0.003,62.443,45.48,145.382,0.553,0.392,0.033,0.128,0.553,0.048,0.127,7.43e-5,0,0.023,0.883,0.86,-6.533e-5,1004.827,0.001,340.106,0.248,6.4,32.17
1.57,0.208,2829.548,643.328,0.284,0.003,62.436,45.476,145.161,0.553,0.392,0.033,0.128,0.553,0.052,0.137,-1.705e-4,0,0.023,0.883,0.86,-2.251e-4,1004.783,0.001,340.105,0.249,6.4,32.17
1.574,0.232,2829.173,642.952,0.284,0.003,62.425,45.471,144.939,0.553,0.392,0.033,0.128,0.554,0.058,0.154,-4.839e-4,0,0.023,0.883,0.86,-3.968e-4,1004.739,0.001,340.103,0.249,6.4,32.17
1.579,0.261,2828.796,642.576,0.284,0.003,62.41,45.467,144.717,0.554,0.392,0.033,0.128,0.554,0.065,0.173,3.85e-4,0,0.023,0.883,0.86,-5.318e-4,1004.695,0.001,340.102,0.25,6.4,32.17
1.583,0.294,2828.419,642.198,0.284,0.003,62.394,45.463,144.494,0.554,0.392,0.033,0.128,0.554,0.074,0.195,4.206e-4,0,0.023,0.883,0.86,-6.191e-4,1004.651,0.001,340.1,0.25,6.4,32.17
1.588,0.33,2828.04,641.819,0.284,0.003,62.378,45.458,144.271,0.554,0.392,0.033,0.128,0.554,0.082,0.219,-7.34e-6,0,0.022,0.883,0.86,-6.643e-4,1004.606,0.001,340.099,0.251,6.4,32.17
1.592,0.365,2827.661,641.44,0.284,0.003,62.363,45.454,144.047,0.554,0.392,0.033,0.128,0.554,0.092,0.242,-1.891e-4,0,0.022,0.883,0.861,-6.769e-4,1004.561,0.001,340.097,0.251,6.4,32.17
1.597,0.401,2827.28,641.059,0.284,0.003,62.347,45.449,143.823,0.554,0.392,0.033,0.128,0.554,0.101,0.266,2.977e-4,0,0.022,0.883,0.861,-6.649e-4,1004.516,0.001,340.096,0.252,6.4,32.17
1.601,0.434,2826.898,640.678,0.284,0.003,62.334,45.445,143.597,0.554,0.392,0.033,0.128,0.554,0.109,0.288,-2.589e-4,0,0.022,0.883,0.861,-6.343e-4,1004.471,0.001,340.094,0.252,6.4,32.17
1.606,0.458,2826.516,640.295,0.284,0.003,62.324,45.441,143.372,0.554,0.392,0.034,0.128,0.555,0.115,0.304,-1.583e-4,0,0.022,0.883,0.861,-5.923e-4,1004.426,0.001,340.093,0.253,6.4,32.17
1.61,0.481,2826.132,639.911,0.284,0.003,62.314,45.436,143.145,0.554,0.392,0.034,0.128,0.555,0.121,0.32,-4.836e-4,0,0.022,0.883,0.861,-5.442e-4,1004.38,0.001,340.091,0.253,6.4,32.17
1.615,0.503,2825.747,639.526,0.284,0.003,62.306,45.432,142.918,0.554,0.392,0.034,0.128,0.555,0.127,0.334,7.353e-5,0,0.021,0.883,0.862,-4.922e-4,1004.334,0.001,340.089,0.254,6.4,32.17
1.619,0.524,2825.36,639.139,0.284,0.003,62.298,45.427,142.69,0.554,0.392,0.034,0.128,0.555,0.132,0.347,1.202e-4,0,0.021,0.883,0.862,-4.379e-4,1004.288,0.001,340.088,0.254,6.4,32.17
1.624,0.543,2824.972,638.752,0.284,0.003,62.291,45.423,142.461,0.555,0.392,0.034,0.128,0.555,0.136,0.36,-1.821e-4,0,0.021,0.883,0.862,-3.827e-4,1004.242,0.001,340.086,0.255,6.4,32.17
1.629,0.56,2824.583,638.363,0.284,0.003,62.284,45.418,142.231,0.555,0.392,0.034,0.128,0.555,0.141,0.372,3.48e-4,0,0.021,0.883,0.862,-3.279e-4,1004.195,0.001,340.085,0.255,6.4,32.17
1.633,0.575,2824.193,637.972,0.284,0.003,62.279,45.414,142.001,0.555,0.392,0.034,0.128,0.555,0.145,0.382,-2.996e-4,0,0.021,0.883,0.862,-2.747e-4,1004.148,0.001,340.083,0.256,6.4,32.17
1.638,0.588,2823.801,637.581,0.284,0.003,62.274,45.409,141.77,0.555,0.392,0.034,0.129,0.555,0.148,0.391,1.493e-4,0,0.021,0.883,0.863,-2.242e-4,1004.101,0.001,340.082,0.256,6.4,32.17
1.643,0.599,2823.408,637.188,0.284,0.003,62.271,45.404,141.538,0.555,0.392,0.034,0.129,0.556,0.151,0.398,2.948e-5,0,0.021,0.883,0.863,-1.772e-4,1004.054,0.001,340.08,0.257,6.4,32.17
1.647,0.608,2823.014,636.794,0.284,0.003,62.268,45.4,141.306,0.555,0.392,0.034,0.129,0.556,0.153,0.404,-3.249e-4,0,0.02,0.883,0.863,-1.345e-4,1004.006,0.001,340.078,0.257,6.4,32.17
1.652,0.617,2822.619,636.398,0.284,0.003,62.265,45.395,141.072,0.555,0.392,0.034,0.129,0.556,0.156,0.41,-3.639e-4,0,0.02,0.883,0.863,-9.605e-5,1003.958,0.001,340.077,0.258,6.4,32.17
1.657,0.627,2822.222,636.002,0.284,0.003,62.263,45.391,140.838,0.555,0.392,0.034,0.129,0.556,0.158,0.417,-4.663e-4,0,0.02,0.883,0.863,-6.222e-5,1003.91,0.001,340.075,0.258,6.4,32.17
1.661,0.634,2821.825,635.604,0.284,0.003,62.261,45.386,140.604,0.555,0.392,0.035,0.129,0.556,0.16,0.421,1.699e-4,0,0.02,0.883,0.863,-3.519e-5,1003.862,0.001,340.074,0.259,6.4,32.17
1.666,0.639,2821.426,635.206,0.283,0.003,62.261,45.381,140.369,0.556,0.392,0.035,0.129,0.556,0.161,0.425,-2.472e-4,0,0.02,0.883,0.864,-1.555e-5,1003.813,0.001,340.072,0.259,6.4,32.17
1.671,0.64,2821.026,634.806,0.283,0.003,62.261,45.377,140.133,0.556,0.392,0.035,0.129,0.556,0.161,0.426,3.524e-4,0,0.02,0.883,0.864,-3.736e-6,1003.764,0.001,340.07,0.26,6.4,32.17
1.675,0.639,2820.625,634.405,0.283,0.003,62.263,45.372,139.896,0.556,0.392,0.035,0.129,0.556,0.161,0.425,-5.12e-5,0,0.02,0.883,0.864,7.873e-9,1003.715,0.001,340.069,0.26,6.4,32.17
1.681,0.634,2820.157,633.937,0.283,0.003,62.267,45.367,139.62,0.556,0.392,0.035,0.129,0.557,0.16,0.422,-3.126e-4,0,0.019,0.884,0.864,5.952e-6,1003.658,0.001,340.067,0.261,6.4,32.17
1.686,0.627,2819.825,633.605,0.283,0.003,62.271,45.363,139.416,0.556,0.392,0.035,0.129,0.557,0.158,0.417,2.033e-4,0,0.019,0.884,0.864,1.976e-5,1003.609,0.001,340.065,0.261,6.4,32.17
1.691,0.616,2819.492,633.271,0.283,0.003,62.277,45.359,139.211,0.556,0.392,0.035,0.129,0.557,0.155,0.41,1.286e-4,0,0.019,0.884,0.864,4.128e-5,1003.559,0.001,340.063,0.262,6.4,32.17
1.695,0.603,2819.158,632.937,0.283,0.003,62.283,45.355,139.006,0.556,0.392,0.035,0.129,0.557,0.152,0.402,1.464e-4,0,0.019,0.884,0.865,6.998e-5,1003.509,0.001,340.062,0.262,6.4,32.17
1.7,0.588,2818.823,632.602,0.283,0.003,62.291,45.351,138.8,0.556,0.392,0.035,0.129,0.557,0.148,0.391,2.036e-4,0,0.019,0.884,0.865,1.051e-4,1003.459,0.001,340.06,0.263,6.4,32.17
1.705,0.567,2818.487,632.266,0.283,0.003,62.3,45.347,138.593,0.556,0.392,0.035,0.129,0.557,0.143,0.378,-2.528e-4,0,0.019,0.884,0.865,1.445e-4,1003.408,0.001,340.058,0.263,6.4,32.17
1.71,0.545,2818.15,631.929,0.283,0.003,62.311,45.343,138.386,0.556,0.392,0.035,0.129,0.557,0.137,0.364,9.58e-5,0,0.019,0.884,0.865,1.879e-4,1003.357,0.001,340.057,0.264,6.4,32.17
1.715,0.52,2817.812,631.591,0.283,0.003,62.322,45.339,138.178,0.557,0.392,0.035,0.129,0.557,0.131,0.347,3.113e-4,0,0.019,0.884,0.865,2.344e-4,1003.306,0.001,340.055,0.264,6.4,32.17
1.72,0.493,2817.473,631.252,0.283,0.003,62.333,45.335,137.97,0.557,0.392,0.035,0.129,0.557,0.124,0.329,1.825e-4,0,0.018,0.884,0.865,2.826e-4,1003.255,0.001,340.053,0.265,6.4,32.17
1.724,0.464,2817.132,630.912,0.283,0.003,62.346,45.331,137.761,0.557,0.392,0.036,0.129,0.557,0.117,0.31,1.852e-4,0,0.018,0.884,0.866,3.31e-4,1003.203,0.001,340.051,0.266,6.4,32.17
1.729,0.434,2816.791,630.571,0.283,0.003,62.359,45.327,137.551,0.557,0.392,0.036,0.129,0.557,0.109,0.289,-4.692e-4,0,0.018,0.884,0.866,3.783e-4,1003.152,0.001,340.05,0.266,6.4,32.17
1.734,0.401,2816.449,630.228,0.283,0.003,62.373,45.323,137.341,0.557,0.392,0.036,0.129,0.557,0.101,0.268,-3.32e-4,0,0.018,0.884,0.866,4.224e-4,1003.1,0.001,340.048,0.267,6.4,32.17
1.739,0.367,2816.106,629.885,0.283,0.003,62.387,45.319,137.13,0.557,0.392,0.036,0.129,0.557,0.092,0.245,-1.503e-4,0,0.018,0.884,0.866,4.615e-4,1003.047,0.001,340.046,0.267,6.4,32.17
1.744,0.332,2815.761,629.541,0.283,0.003,62.402,45.315,136.918,0.557,0.392,0.036,0.129,0.557,0.083,0.222,-3.705e-4,0,0.018,0.884,0.866,4.928e-4,1002.995,0.001,340.044,0.268,6.4,32.17
1.749,0.297,2815.416,629.195,0.283,0.003,62.416,45.311,136.706,0.557,0.392,0.036,0.129,0.557,0.074,0.198,4e-4,0,0.018,0.884,0.866,5.132e-4,1002.942,0.001,340.043,0.268,6.4,32.17
1.754,0.262,2815.07,628.849,0.283,0.003,62.43,45.307,136.493,0.557,0.392,0.036,0.129,0.558,0.066,0.174,3.366e-4,0,0.018,0.884,0.867,5.137e-4,1002.889,0.001,340.041,0.269,6.4,32.17
1.759,0.228,2814.722,628.502,0.283,0.003,62.442,45.303,136.28,0.558,0.392,0.036,0.129,0.558,0.057,0.152,3.608e-4,0,0.017,0.884,0.867,4.848e-4,1002.835,0.001,340.039,0.269,6.4,32.17
1.764,0.196,2814.374,628.153,0.283,0.003,62.453,45.299,136.066,0.558,0.392,0.036,0.129,0.558,0.049,0.131,-1.496e-5,0,0.017,0.884,0.867,4.144e-4,1002.782,0.001,340.037,0.27,6.4,32.17
1.769,0.168,2814.025,627.804,0.283,0.003,62.46,45.295,135.851,0.558,0.392,0.036,0.129,0.558,0.042,0.112,1.532e-4,0,0.017,0.884,0.867,2.917e-4,1002.728,0.001,340.036,0.27,6.4,32.17
1.774,0.148,2813.675,627.454,0.283,0.003,62.463,45.291,135.636,0.558,0.392,0.036,0.13,0.558,0.037,0.099,4.397e-4,0,0.017,0.884,0.867,1.311e-4,1002.674,0.001,340.034,0.271,6.4,32.17
1.779,0.138,2813.323,627.103,0.283,0.003,62.462,45.287,135.42,0.558,0.392,0.036,0.13,0.558,0.034,0.093,2.209e-4,0,0.017,0.884,0.867,1.141e-5,1002.62,0.001,340.032,0.271,6.4,32.17
1.784,0.142,2812.971,626.751,0.283,0.003,62.46,45.283,135.204,0.558,0.392,0.037,0.13,0.558,0.035,0.094,-3.19e-4,0,0.017,0.884,0.867,-2.946e-5,1002.565,0.001,340.03,0.272,6.4,32.17
1.789,0.158,2812.618,626.398,0.282,0.003,62.458,45.279,134.986,0.558,0.392,0.037,0.13,0.558,0.039,0.106,-2.322e-4,0,0.017,0.884,0.868,-1.577e-4,1002.51,0.001,340.028,0.272,6.4,32.17
1.794,0.183,2812.264,626.043,0.282,0.003,62.453,45.275,134.769,0.558,0.392,0.037,0.13,0.558,0.046,0.123,4.587e-4,0,0.017,0.884,0.868,-2.957e-4,1002.455,0.001,340.026,0.273,6.4,32.17
1.799,0.214,2811.909,625.688,0.282,0.003,62.445,45.27,134.551,0.558,0.392,0.037,0.13,0.559,0.054,0.144,-4.689e-5,0,0.016,0.884,0.868,-3.936e-4,1002.4,0.001,340.024,0.273,6.4,32.17
1.805,0.24,2811.553,625.332,0.282,0.003,62.439,45.266,134.332,0.559,0.392,0.037,0.13,0.559,0.06,0.161,-3.475e-4,0,0.016,0.884,0.868,-4.54e-4,1002.344,0.001,340.023,0.274,6.4,32.17
1.81,0.266,2811.195,624.975,0.282,0.003,62.431,45.262,134.112,0.559,0.392,0.037,0.13,0.559,0.067,0.179,4.265e-5,0,0.016,0.884,0.868,-4.78e-4,1002.288,0.001,340.021,0.274,6.4,32.17
1.815,0.293,2810.837,624.616,0.282,0.003,62.422,45.258,133.892,0.559,0.392,0.037,0.13,0.559,0.073,0.197,-1.599e-4,0,0.016,0.885,0.868,-4.741e-4,1002.232,0.001,340.019,0.275,6.4,32.17
1.82,0.319,2810.477,624.256,0.282,0.003,62.413,45.254,133.67,0.559,0.392,0.037,0.13,0.559,0.08,0.214,1.793e-5,0,0.016,0.885,0.869,-4.508e-4,1002.175,0.001,340.017,0.275,6.4,32.17
1.825,0.344,2810.115,623.895,0.282,0.003,62.404,45.249,133.448,0.559,0.392,0.037,0.13,0.559,0.086,0.232,-4.282e-4,0,0.016,0.885,0.869,-4.145e-4,1002.118,0.001,340.015,0.276,6.4,32.17
1.83,0.367,2809.753,623.532,0.282,0.003,62.395,45.245,133.226,0.559,0.392,0.037,0.13,0.559,0.092,0.247,1.419e-4,0,0.016,0.885,0.869,-3.701e-4,1002.061,0.001,340.013,0.276,6.4,32.17
1.836,0.389,2809.389,623.169,0.282,0.003,62.386,45.241,133.002,0.559,0.392,0.037,0.13,0.559,0.098,0.262,-1.477e-4,0,0.016,0.885,0.869,-3.211e-4,1002.004,0.001,340.011,0.277,6.4,32.17
1.841,0.408,2809.024,622.804,0.282,0.003,62.378,45.237,132.778,0.559,0.392,0.038,0.13,0.56,0.102,0.274,-1.821e-5,0,0.016,0.885,0.869,-2.705e-4,1001.946,0.001,340.009,0.278,6.4,32.17
1.846,0.424,2808.658,622.438,0.282,0.003,62.371,45.232,132.553,0.559,0.392,0.038,0.13,0.56,0.107,0.285,3.297e-4,0,0.015,0.885,0.869,-2.205e-4,1001.888,0.001,340.007,0.278,6.4,32.17
1.851,0.441,2808.291,622.07,0.282,0.003,62.364,45.228,132.327,0.56,0.392,0.038,0.13,0.56,0.111,0.297,3.891e-4,0,0.015,0.885,0.869,-1.737e-4,1001.83,0.001,340.005,0.279,6.4,32.17
1.857,0.463,2807.922,621.702,0.282,0.003,62.355,45.224,132.1,0.56,0.392,0.038,0.13,0.56,0.116,0.312,-3.085e-4,0,0.015,0.885,0.87,-1.319e-4,1001.771,0.001,340.003,0.279,6.4,32.17
1.862,0.483,2807.553,621.332,0.282,0.003,62.347,45.219,131.873,0.56,0.392,0.038,0.13,0.56,0.121,0.325,-6.379e-5,0,0.015,0.885,0.87,-9.396e-5,1001.712,0.001,340.001,0.28,6.4,32.17
1.867,0.499,2807.182,620.962,0.282,0.003,62.34,45.215,131.646,0.56,0.392,0.038,0.13,0.56,0.126,0.336,-2.328e-4,0,0.015,0.885,0.87,-6.112e-5,1001.653,0.001,339.999,0.28,6.4,32.17
1.873,0.512,2806.811,620.59,0.282,0.003,62.334,45.211,131.417,0.56,0.392,0.038,0.13,0.56,0.129,0.345,3.109e-4,0,0.015,0.885,0.87,-3.446e-5,1001.593,0.001,339.997,0.281,6.4,32.17
1.878,0.522,2806.438,620.218,0.282,0.003,62.329,45.206,131.189,0.56,0.392,0.038,0.13,0.561,0.131,0.352,-1.613e-4,0,0.015,0.885,0.87,-1.493e-5,1001.533,0.001,339.995,0.281,6.4,32.17
1.883,0.529,2806.065,619.844,0.282,0.003,62.326,45.202,130.959,0.56,0.392,0.038,0.13,0.561,0.133,0.356,1.667e-4,0,0.015,0.885,0.87,-3.284e-6,1001.473,0.001,339.993,0.282,6.4,32.17
1.889,0.532,2805.69,619.47,0.282,0.003,62.324,45.197,130.729,0.56,0.392,0.038,0.13,0.561,0.134,0.358,-3.432e-4,0,0.015,0.885,0.87,7.17e-8,1001.413,0.001,339.991,0.282,6.4,32.17
1.894,0.531,2805.315,619.094,0.282,0.003,62.323,45.193,130.498,0.56,0.392,0.038,0.13,0.561,0.134,0.358,-6.864e-5,0,0.015,0.885,0.871,5.578e-6,1001.353,0.001,339.989,0.283,6.4,32.17
1.9,0.527,2804.938,618.717,0.282,0.003,62.324,45.189,130.266,0.561,0.392,0.038,0.13,0.561,0.133,0.355,-3.342e-4,0,0.014,0.885,0.871,1.984e-5,1001.292,0.001,339.987,0.283,6.4,32.17
1.905,0.517,2804.56,618.339,0.282,0.003,62.327,45.184,130.034,0.561,0.392,0.039,0.13,0.561,0.13,0.349,7.169e-5,0,0.014,0.885,0.871,4.263e-5,1001.23,0.001,339.985,0.284,6.4,32.17
1.91,0.503,2804.181,617.96,0.282,0.003,62.332,45.18,129.801,0.561,0.392,0.039,0.131,0.561,0.127,0.339,-6.597e-5,0,0.014,0.885,0.871,7.325e-5,1001.169,0.001,339.983,0.284,6.4,32.17
1.916,0.485,2803.8,617.58,0.281,0.003,62.338,45.175,129.567,0.561,0.392,0.039,0.131,0.561,0.122,0.327,3.156e-4,0,0.014,0.885,0.871,1.107e-4,1001.107,0.001,339.981,0.285,6.4,32.17
1.921,0.465,2803.419,617.198,0.281,0.003,62.346,45.171,129.333,0.561,0.392,0.039,0.131,0.561,0.117,0.313,2.923e-4,0,0.014,0.885,0.871,1.537e-4,1001.045,0.001,339.979,0.285,6.4,32.17
1.927,0.441,2803.036,616.815,0.281,0.003,62.355,45.166,129.097,0.561,0.392,0.039,0.131,0.561,0.111,0.297,3.315e-4,0,0.014,0.885,0.871,2.01e-4,1000.982,0.001,339.977,0.286,6.4,32.17
1.932,0.414,2802.652,616.431,0.281,0.003,62.365,45.162,128.861,0.561,0.392,0.039,0.131,0.562,0.104,0.279,1.788e-4,0,0.014,0.885,0.872,2.505e-4,1000.92,0.001,339.975,0.287,6.4,32.17
1.938,0.384,2802.266,616.046,0.281,0.003,62.377,45.157,128.624,0.561,0.392,0.039,0.131,0.562,0.096,0.259,3.64e-4,0,0.014,0.885,0.872,3.004e-4,1000.857,0.001,339.973,0.287,6.4,32.17
1.944,0.352,2801.88,615.659,0.281,0.003,62.389,45.153,128.387,0.562,0.392,0.039,0.131,0.562,0.088,0.237,-3.086e-4,0,0.014,0.885,0.872,3.481e-4,1000.793,0.001,339.971,0.288,6.4,32.17
1.949,0.318,2801.492,615.271,0.281,0.003,62.403,45.148,128.148,0.562,0.392,0.039,0.131,0.562,0.08,0.214,3.273e-4,0,0.014,0.886,0.872,3.905e-4,1000.729,0.001,339.968,0.288,6.4,32.17
1.955,0.28,2801.102,614.882,0.281,0.003,62.419,45.143,127.909,0.562,0.392,0.039,0.131,0.562,0.07,0.189,3.469e-4,0,0.013,0.886,0.872,4.238e-4,1000.665,0.001,339.966,0.289,6.4,32.17
1.96,0.241,2800.711,614.491,0.281,0.003,62.436,45.139,127.669,0.562,0.392,0.039,0.131,0.562,0.06,0.162,-1.444e-4,0,0.013,0.886,0.872,4.425e-4,1000.601,0.001,339.964,0.289,6.4,32.17
1.966,0.201,2800.319,614.099,0.281,0.003,62.454,45.134,127.428,0.562,0.392,0.04,0.131,0.562,0.05,0.136,4.686e-5,0,0.013,0.886,0.872,4.372e-4,1000.536,0.001,339.962,0.29,6.4,32.17
1.972,0.163,2799.926,613.705,0.281,0.003,62.474,45.129,127.186,0.562,0.392,0.04,0.131,0.562,0.041,0.11,-1.9e-4,0,0.013,0.886,0.872,3.919e-4,1000.471,0.001,339.96,0.29,6.4,32.17
1.977,0.128,2799.531,613.31,0.281,0.003,62.493,45.125,126.943,0.562,0.392,0.04,0.131,0.562,0.032,0.087,-2.486e-4,0,0.013,0.886,0.873,2.799e-4,1000.405,0.001,339.958,0.291,6.4,32.17
1.983,0.102,2799.134,612.914,0.281,0.003,62.51,45.12,126.699,0.562,0.391,0.04,0.131,0.562,0.025,0.069,-2.572e-4,0,0.013,0.886,0.873,9.574e-5,1000.339,0.001,339.955,0.291,6.4,32.17
1.989,0.093,2798.736,612.516,0.281,0.003,62.513,45.115,126.455,0.562,0.391,0.04,0.131,0.562,0.023,0.063,3.59e-4,0,0.013,0.886,0.873,-3.281e-6,1000.273,0.001,339.953,0.292,6.4,32.17
1.994,0.106,2798.337,612.116,0.281,0.003,62.499,45.111,126.209,0.563,0.391,0.04,0.131,0.563,0.026,0.072,-1.808e-4,0,0.013,0.886,0.873,-1.538e-4,1000.207,0.001,339.951,0.292,6.4,32.17
2,0.134,2797.936,611.716,0.281,0.003,62.482,45.106,125.963,0.563,0.391,0.04,0.131,0.563,0.033,0.091,2.942e-4,0,0.013,0.886,0.873,-3.222e-4,1000.14,0.001,339.949,0.293,6.4,32.17
2.006,0.168,2797.534,611.313,0.281,0.003,62.467,45.101,125.716,0.563,0.391,0.04,0.131,0.563,0.042,0.115,-3.051e-4,0,0.013,0.886,0.873,-3.944e-4,1000.072,0.001,339.946,0.293,6.4,32.17
2.012,0.205,2797.13,610.91,0.281,0.003,62.452,45.096,125.468,0.563,0.391,0.04,0.131,0.563,0.051,0.139,3.016e-4,0,0.013,0.886,0.873,-4.191e-4,1000.005,0.001,339.944,0.294,6.4,32.17
2.018,0.241,2796.725,610.505,0.281,0.003,62.439,45.092,125.219,0.563,0.391,0.04,0.131,0.563,0.06,0.164,-1.479e-4,0,0.012,0.886,0.874,-4.15e-4,999.937,0.001,339.942,0.294,6.4,32.17
2.023,0.276,2796.319,610.099,0.281,0.003,62.426,45.087,124.969,0.563,0.391,0.04,0.131,0.563,0.069,0.188,-5.25e-5,0,0.012,0.886,0.874,-3.927e-4,999.868,0.001,339.939,0.295,6.4,32.17
2.029,0.31,2795.912,609.691,0.281,0.003,62.414,45.082,124.719,0.563,0.391,0.041,0.131,0.563,0.078,0.211,-1.082e-4,0,0.012,0.886,0.874,-3.584e-4,999.8,0.001,339.937,0.296,6.4,32.17
2.035,0.342,2795.503,609.282,0.281,0.003,62.403,45.077,124.467,0.563,0.391,0.041,0.131,0.564,0.086,0.232,3.28e-4,0,0.012,0.886,0.874,-3.164e-4,999.731,0.001,339.935,0.296,6.4,32.17
2.041,0.372,2795.092,608.872,0.281,0.003,62.393,45.072,124.215,0.564,0.391,0.041,0.131,0.564,0.093,0.253,2.828e-4,0,0.012,0.886,0.874,-2.7e-4,999.661,0.001,339.933,0.297,6.4,32.17
2.047,0.399,2794.68,608.46,0.28,0.003,62.384,45.067,123.962,0.564,0.391,0.041,0.131,0.564,0.1,0.272,4.849e-4,0,0.012,0.886,0.874,-2.217e-4,999.591,0.001,339.93,0.297,6.4,32.17
2.053,0.423,2794.267,608.046,0.28,0.003,62.377,45.062,123.708,0.564,0.391,0.041,0.132,0.564,0.106,0.287,6.865e-5,0,0.012,0.886,0.874,-1.727e-4,999.521,0.001,339.928,0.298,6.4,32.17
2.059,0.443,2793.852,607.631,0.28,0.003,62.372,45.058,123.453,0.564,0.391,0.041,0.132,0.564,0.111,0.302,2.768e-5,0,0.012,0.886,0.874,-1.25e-4,999.45,0.001,339.925,0.298,6.4,32.17
2.065,0.458,2793.435,607.215,0.28,0.003,62.368,45.053,123.197,0.564,0.391,0.041,0.132,0.564,0.115,0.312,3.07e-5,0,0.012,0.886,0.875,-8.259e-5,999.379,0.001,339.923,0.299,6.4,32.17
2.071,0.47,2793.017,606.796,0.28,0.003,62.366,45.048,122.94,0.564,0.391,0.041,0.132,0.565,0.118,0.32,4.633e-4,0,0.012,0.886,0.875,-4.757e-5,999.308,0.001,339.921,0.299,6.4,32.17
2.077,0.476,2792.596,606.376,0.28,0.003,62.365,45.043,122.681,0.564,0.391,0.041,0.132,0.565,0.12,0.325,-1.91e-4,0,0.012,0.886,0.875,-2.148e-5,999.236,0.001,339.918,0.3,6.4,32.17
2.083,0.478,2792.174,605.953,0.28,0.003,62.366,45.038,122.422,0.564,0.391,0.041,0.132,0.565,0.12,0.326,-2.673e-4,0,0.011,0.886,0.875,-5.42e-6,999.164,0.001,339.916,0.3,6.4,32.17
2.089,0.476,2791.75,605.529,0.28,0.003,62.369,45.033,122.161,0.565,0.391,0.041,0.132,0.565,0.12,0.324,4.797e-4,0,0.011,0.887,0.875,0,999.091,0.001,339.913,0.301,6.4,32.17
2.095,0.468,2791.324,605.103,0.28,0.003,62.374,45.028,121.899,0.565,0.391,0.042,0.132,0.565,0.118,0.319,4.541e-4,0,0.011,0.887,0.875,5.311e-6,999.018,0.001,339.911,0.301,6.4,32.17
2.101,0.455,2790.896,604.676,0.28,0.003,62.38,45.022,121.636,0.565,0.391,0.042,0.132,0.565,0.115,0.31,8.935e-5,0,0.011,0.887,0.875,2.1e-5,998.944,0.001,339.908,0.302,6.4,32.17
2.107,0.438,2790.467,604.246,0.28,0.003,62.388,45.017,121.373,0.565,0.391,0.042,0.132,0.565,0.11,0.299,3.741e-4,0,0.011,0.887,0.876,4.643e-5,998.87,0.001,339.906,0.303,6.4,32.17
2.114,0.415,2790.035,603.815,0.28,0.003,62.398,45.012,121.107,0.565,0.391,0.042,0.132,0.565,0.104,0.284,-3.529e-4,0,0.011,0.887,0.876,8.002e-5,998.795,0.001,339.903,0.303,6.4,32.17
2.12,0.389,2789.602,603.382,0.28,0.003,62.409,45.007,120.841,0.565,0.391,0.042,0.132,0.565,0.098,0.265,-4.753e-4,0,0.011,0.887,0.876,1.197e-4,998.72,0.001,339.901,0.304,6.4,32.17
2.126,0.358,2789.167,602.946,0.28,0.003,62.421,45.002,120.574,0.565,0.391,0.042,0.132,0.566,0.09,0.244,7.275e-5,0,0.011,0.887,0.876,1.632e-4,998.645,0.001,339.898,0.304,6.4,32.17
2.132,0.323,2788.73,602.509,0.28,0.003,62.434,44.997,120.305,0.565,0.391,0.042,0.132,0.566,0.081,0.221,-4.116e-4,0,0.011,0.887,0.876,2.075e-4,998.569,0.001,339.896,0.305,6.4,32.17
2.139,0.286,2788.291,602.07,0.28,0.003,62.448,44.991,120.035,0.566,0.391,0.042,0.132,0.566,0.072,0.195,-3.972e-4,0,0.011,0.887,0.876,2.49e-4,998.493,0.001,339.893,0.305,6.4,32.17
2.145,0.245,2787.85,601.629,0.28,0.003,62.463,44.986,119.764,0.566,0.391,0.042,0.132,0.566,0.061,0.167,-3.021e-5,0,0.011,0.887,0.876,2.834e-4,998.416,0.001,339.891,0.306,6.4,32.17
2.151,0.203,2787.407,601.187,0.28,0.003,62.477,44.981,119.492,0.566,0.391,0.043,0.132,0.566,0.051,0.139,1.529e-4,0,0.011,0.887,0.876,3.04e-4,998.338,0.001,339.888,0.306,6.4,32.17
2.158,0.16,2786.962,600.742,0.28,0.003,62.491,44.976,119.219,0.566,0.391,0.043,0.132,0.566,0.04,0.109,7.413e-5,0,0.01,0.887,0.877,2.963e-4,998.26,0.001,339.885,0.307,6.4,32.17
2.164,0.119,2786.516,600.295,0.28,0.003,62.501,44.97,118.944,0.566,0.391,0.043,0.132,0.566,0.03,0.082,1.378e-4,0,0.01,0.887,0.877,2.313e-4,998.182,0.001,339.883,0.307,6.4,32.17
2.171,0.089,2786.067,599.846,0.279,0.003,62.51,44.965,118.668,0.566,0.391,0.043,0.132,0.566,0.022,0.061,2.932e-4,0,0.01,0.887,0.877,7.752e-5,998.103,0.001,339.88,0.308,6.4,32.17
2.177,0.083,2785.616,599.395,0.279,0.003,62.521,44.96,118.391,0.566,0.391,0.043,0.132,0.566,0.021,0.057,2.481e-4,0,0.01,0.887,0.877,-1.208e-5,998.024,0.001,339.878,0.308,6.4,32.17
2.184,0.105,2785.163,598.942,0.279,0.003,62.523,44.954,118.113,0.567,0.391,0.043,0.132,0.567,0.026,0.073,1.981e-4,0,0.01,0.887,0.877,-1.619e-4,997.944,0.001,339.875,0.309,6.4,32.17
2.19,0.143,2784.707,598.487,0.279,0.003,62.51,44.949,117.833,0.567,0.391,0.043,0.132,0.567,0.036,0.099,-3.163e-4,0,0.01,0.887,0.877,-2.631e-4,997.864,0.001,339.872,0.31,6.4,32.17
2.197,0.185,2784.25,598.03,0.279,0.003,62.492,44.943,117.552,0.567,0.391,0.043,0.133,0.567,0.046,0.127,4.389e-4,0,0.01,0.887,0.877,-2.917e-4,997.783,0.001,339.869,0.31,6.4,32.17
2.203,0.226,2783.791,597.57,0.279,0.003,62.474,44.938,117.269,0.567,0.391,0.043,0.133,0.567,0.057,0.155,3.45e-4,0,0.01,0.887,0.877,-2.818e-4,997.702,0.001,339.867,0.311,6.4,32.17
2.21,0.263,2783.329,597.109,0.279,0.003,62.457,44.932,116.986,0.567,0.391,0.043,0.133,0.567,0.066,0.18,-1.482e-4,0,0.01,0.887,0.878,-2.524e-4,997.62,0.001,339.864,0.311,6.4,32.17
2.217,0.297,2782.866,596.645,0.279,0.003,62.442,44.927,116.701,0.567,0.391,0.044,0.133,0.567,0.074,0.204,4.808e-4,0,0.01,0.887,0.878,-2.125e-4,997.537,0.001,339.861,0.312,6.4,32.17
2.223,0.327,2782.4,596.18,0.279,0.003,62.428,44.921,116.415,0.567,0.391,0.044,0.133,0.568,0.082,0.225,2.727e-4,0,0.01,0.887,0.878,-1.682e-4,997.454,0.001,339.858,0.312,6.4,32.17
2.23,0.354,2781.933,595.712,0.279,0.003,62.416,44.916,116.128,0.567,0.391,0.044,0.133,0.568,0.089,0.243,2.929e-4,0,0.01,0.888,0.878,-1.237e-4,997.371,0.001,339.856,0.313,6.4,32.17
2.237,0.375,2781.463,595.243,0.279,0.003,62.407,44.91,115.839,0.568,0.391,0.044,0.133,0.568,0.094,0.258,-4.418e-4,0,0.009,0.888,0.878,-8.251e-5,997.287,0.001,339.853,0.313,6.4,32.17
2.244,0.392,2780.992,594.771,0.279,0.003,62.399,44.904,115.549,0.568,0.391,0.044,0.133,0.568,0.098,0.269,-1.878e-6,0,0.009,0.888,0.878,-4.757e-5,997.203,0.001,339.85,0.314,6.4,32.17
2.25,0.402,2780.518,594.297,0.279,0.003,62.394,44.899,115.258,0.568,0.391,0.044,0.133,0.568,0.101,0.276,3.136e-4,0,0.009,0.888,0.878,-2.12e-5,997.118,0.001,339.847,0.314,6.4,32.17
2.257,0.393,2780.042,593.821,0.279,0.003,62.398,44.893,114.965,0.568,0.391,0.044,0.133,0.568,0.099,0.27,-1.527e-4,0,0.009,0.888,0.878,-5.62e-6,997.032,0.001,339.844,0.315,6.4,32.17
2.264,0.379,2779.564,593.343,0.279,0.003,62.403,44.887,114.672,0.568,0.391,0.044,0.133,0.568,0.095,0.26,-1.722e-4,0,0.009,0.888,0.879,-3.932e-8,996.946,0.001,339.841,0.316,6.4,32.17
2.271,0.36,2779.085,592.864,0.279,0.003,62.41,44.881,114.377,0.568,0.391,0.044,0.133,0.569,0.09,0.248,-3.986e-4,0,0.009,0.888,0.879,3.517e-6,996.86,0.001,339.838,0.316,6.4,32.17
2.278,0.337,2778.604,592.383,0.279,0.003,62.42,44.876,114.082,0.568,0.391,0.045,0.133,0.569,0.085,0.232,-2.847e-4,0,0.009,0.888,0.879,1.457e-5,996.773,0.001,339.836,0.317,6.4,32.17
2.285,0.31,2778.121,591.9,0.279,0.003,62.431,44.87,113.785,0.569,0.391,0.045,0.133,0.569,0.078,0.214,-3.573e-5,0,0.009,0.888,0.879,3.127e-5,996.686,0.001,339.833,0.317,6.4,32.17
2.292,0.279,2777.636,591.416,0.278,0.003,62.444,44.864,113.487,0.569,0.391,0.045,0.133,0.569,0.07,0.192,-2.347e-4,0,0.009,0.888,0.879,5.145e-5,996.598,0.001,339.83,0.318,6.4,32.17
2.299,0.246,2777.15,590.929,0.278,0.003,62.457,44.858,113.188,0.569,0.391,0.045,0.133,0.569,0.062,0.17,4.727e-4,0,0.009,0.888,0.879,7.271e-5,996.509,0.001,339.827,0.318,6.4,32.17
2.306,0.213,2776.661,590.44,0.278,0.003,62.471,44.852,112.887,0.569,0.391,0.045,0.133,0.569,0.053,0.146,4.976e-4,0,0.009,0.888,0.879,9.399e-5,996.421,0.001,339.824,0.319,6.4,32.17
2.313,0.179,2776.17,589.949,0.278,0.003,62.485,44.846,112.586,0.569,0.391,0.045,0.133,0.569,0.045,0.123,3.439e-4,0,0.009,0.888,0.879,1.124e-4,996.331,0.001,339.821,0.319,6.4,32.17
2.32,0.144,2775.676,589.455,0.278,0.003,62.499,44.841,112.282,0.569,0.391,0.045,0.133,0.569,0.036,0.099,-7.412e-5,0,0.009,0.888,0.879,1.246e-4,996.241,0.001,339.818,0.32,6.4,32.17
2.327,0.11,2775.18,588.96,0.278,0.003,62.513,44.835,111.977,0.569,0.391,0.045,0.133,0.569,0.027,0.075,-2.21e-4,0,0.009,0.888,0.88,1.244e-4,996.15,0.001,339.815,0.321,6.4,32.17
2.334,0.081,2774.682,588.461,0.278,0.003,62.524,44.829,111.671,0.57,0.391,0.045,0.133,0.57,0.02,0.055,2.776e-5,0,0.009,0.888,0.88,9.768e-5,996.059,0.001,339.812,0.321,6.4,32.17
2.341,0.063,2774.181,587.96,0.278,0.003,62.536,44.823,111.363,0.57,0.391,0.046,0.133,0.57,0.016,0.044,2.246e-4,0,0.008,0.888,0.88,3.209e-5,995.967,0.001,339.808,0.322,6.4,32.17
2.349,0.065,2773.677,587.456,0.278,0.003,62.545,44.816,111.054,0.57,0.391,0.046,0.133,0.57,0.016,0.045,4.219e-4,0,0.008,0.888,0.88,-8.63e-7,995.875,0.001,339.805,0.322,6.4,32.17
2.358,0.094,2773.022,586.801,0.278,0.003,62.54,44.809,110.651,0.57,0.391,0.046,0.134,0.57,0.023,0.065,9.102e-5,0,0.008,0.888,0.88,-2.938e-5,995.754,0.001,339.801,0.323,6.4,32.17
2.365,0.12,2772.641,586.42,0.278,0.003,62.531,44.804,110.391,0.57,0.391,0.046,0.134,0.57,0.03,0.083,-2.478e-4,0,0.008,0.888,0.88,-3.713e-5,995.66,0.001,339.798,0.323,6.4,32.17
2.373,0.145,2772.258,586.038,0.278,0.003,62.522,44.799,110.13,0.57,0.391,0.046,0.134,0.57,0.036,0.101,4.271e-4,0,0.008,0.888,0.88,-3.285e-5,995.566,0.001,339.795,0.324,6.4,32.17
2.38,0.167,2771.874,585.653,0.278,0.003,62.513,44.795,109.868,0.571,0.391,0.046,0.134,0.571,0.042,0.116,2.79e-4,0,0.008,0.889,0.88,-2.326e-5,995.471,0.001,339.792,0.325,6.4,32.17
2.387,0.185,2771.487,585.266,0.278,0.003,62.507,44.79,109.604,0.571,0.391,0.046,0.134,0.571,0.046,0.128,5.27e-5,0,0.008,0.889,0.881,-1.282e-5,995.375,0.001,339.789,0.325,6.4,32.17
2.395,0.197,2771.098,584.878,0.278,0.003,62.502,44.785,109.339,0.571,0.391,0.046,0.134,0.571,0.049,0.136,1.776e-4,0,0.008,0.889,0.881,-4.495e-6,995.278,0.001,339.785,0.326,6.4,32.17
2.402,0.202,2770.708,584.487,0.278,0.003,62.5,44.781,109.072,0.571,0.391,0.046,0.134,0.571,0.051,0.14,-3.52e-4,0,0.008,0.889,0.881,-5.934e-7,995.181,0.001,339.782,0.326,6.4,32.17
2.41,0.202,2770.315,584.094,0.278,0.003,62.501,44.776,108.805,0.571,0.391,0.047,0.134,0.571,0.051,0.14,4.3e-5,0,0.008,0.889,0.881,1.506e-8,995.083,0.001,339.779,0.327,6.4,32.17
2.418,0.199,2769.92,583.699,0.278,0.003,62.502,44.771,108.535,0.571,0.391,0.047,0.134,0.571,0.05,0.139,2.996e-4,0,0.008,0.889,0.881,1.032e-6,994.985,0.001,339.775,0.327,6.4,32.17
2.425,0.194,2769.522,583.301,0.278,0.003,62.505,44.766,108.263,0.571,0.391,0.047,0.134,0.571,0.049,0.134,1.027e-4,0,0.008,0.889,0.881,3.486e-6,994.885,0.001,339.772,0.328,6.4,32.17
2.433,0.186,2769.121,582.901,0.278,0.003,62.509,44.762,107.99,0.572,0.391,0.047,0.134,0.572,0.047,0.129,4.165e-6,0,0.008,0.889,0.881,6.903e-6,994.785,0.001,339.769,0.328,6.4,32.17
2.441,0.176,2768.718,582.498,0.277,0.003,62.513,44.757,107.716,0.572,0.391,0.047,0.134,0.572,0.044,0.122,-3.642e-4,0,0.007,0.889,0.881,1.052e-5,994.684,0.001,339.765,0.329,6.4,32.17
2.448,0.164,2768.313,582.092,0.277,0.003,62.519,44.752,107.439,0.572,0.391,0.047,0.134,0.572,0.041,0.114,-3.717e-4,0,0.007,0.889,0.882,1.334e-5,994.582,0.001,339.762,0.33,6.4,32.17
2.456,0.152,2767.905,581.685,0.277,0.003,62.524,44.747,107.161,0.572,0.391,0.047,0.134,0.572,0.038,0.106,9.951e-5,0,0.007,0.889,0.882,1.399e-5,994.48,0.001,339.758,0.33,6.4,32.17
2.464,0.14,2767.495,581.274,0.277,0.003,62.53,44.742,106.881,0.572,0.391,0.047,0.134,0.572,0.035,0.097,-1.736e-4,0,0.007,0.889,0.882,1.198e-5,994.376,0.001,339.755,0.331,6.4,32.17
2.472,0.129,2767.082,580.862,0.277,0.003,62.535,44.737,106.6,0.572,0.391,0.047,0.134,0.572,0.032,0.09,4.623e-4,0,0.007,0.889,0.882,7.55e-6,994.272,0.001,339.752,0.331,6.4,32.17
2.48,0.121,2766.667,580.447,0.277,0.003,62.538,44.732,106.316,0.572,0.39,0.048,0.134,0.572,0.03,0.084,4.148e-4,0,0.007,0.889,0.882,2.474e-6,994.167,0.001,339.748,0.332,6.4,32.17
2.488,0.116,2766.25,580.029,0.277,0.003,62.539,44.727,106.032,0.573,0.39,0.048,0.134,0.573,0.029,0.08,2.448e-4,0,0.007,0.889,0.882,0,994.061,0.001,339.744,0.332,6.4,32.17
2.496,0.116,2765.83,579.609,0.277,0.003,62.537,44.722,105.745,0.573,0.39,0.048,0.134,0.573,0.029,0.081,-2.966e-4,0,0.007,0.889,0.882,-2.731e-6,993.955,0.001,339.741,0.333,6.4,32.17
2.504,0.121,2765.407,579.187,0.277,0.003,62.533,44.717,105.457,0.573,0.39,0.048,0.134,0.573,0.03,0.084,-2.334e-4,0,0.007,0.889,0.882,-1.08e-5,993.847,0.001,339.737,0.333,6.4,32.17
2.512,0.131,2764.982,578.762,0.277,0.003,62.526,44.712,105.167,0.573,0.39,0.048,0.134,0.573,0.033,0.091,2.839e-4,0,0.007,0.889,0.882,-2.099e-5,993.739,0.001,339.734,0.334,6.4,32.17
2.521,0.144,2764.555,578.335,0.277,0.003,62.519,44.706,104.876,0.573,0.39,0.048,0.135,0.573,0.036,0.1,1.015e-4,0,0.007,0.889,0.883,-2.751e-5,993.63,0.001,339.73,0.335,6.4,32.17
2.529,0.16,2764.126,577.905,0.277,0.003,62.512,44.701,104.583,0.573,0.39,0.048,0.135,0.573,0.04,0.111,-2.242e-4,0,0.007,0.889,0.883,-2.84e-5,993.521,0.001,339.726,0.335,6.4,32.17
2.537,0.175,2763.694,577.473,0.277,0.003,62.506,44.696,104.288,0.573,0.39,0.048,0.135,0.574,0.044,0.122,2.385e-4,0,0.007,0.89,0.883,-2.451e-5,993.41,0.001,339.723,0.336,6.4,32.17
2.546,0.19,2763.259,577.039,0.277,0.003,62.5,44.691,103.992,0.574,0.39,0.049,0.135,0.574,0.048,0.132,2.823e-5,0,0.007,0.89,0.883,-1.779e-5,993.299,0.001,339.719,0.336,6.4,32.17
2.554,0.201,2762.822,576.602,0.277,0.003,62.497,44.685,103.694,0.574,0.39,0.049,0.135,0.574,0.05,0.14,-4.954e-5,0,0.007,0.89,0.883,-1.024e-5,993.187,0.001,339.715,0.337,6.4,32.17
2.562,0.207,2762.382,576.162,0.277,0.003,62.495,44.68,103.394,0.574,0.39,0.049,0.135,0.574,0.052,0.144,2.802e-4,0,0.007,0.89,0.883,-4.056e-6,993.074,0.001,339.711,0.337,6.4,32.17
2.571,0.21,2761.94,575.719,0.277,0.003,62.495,44.675,103.092,0.574,0.39,0.049,0.135,0.574,0.053,0.147,-1.301e-4,0,0.006,0.89,0.883,-5.668e-7,992.96,0.001,339.707,0.338,6.4,32.17
2.579,0.208,2761.495,575.274,0.277,0.003,62.496,44.669,102.788,0.574,0.39,0.049,0.135,0.574,0.052,0.145,-2.233e-4,0,0.006,0.89,0.883,2.835e-7,992.845,0.001,339.704,0.338,6.4,32.17
2.588,0.203,2761.047,574.826,0.277,0.003,62.499,44.664,102.483,0.574,0.39,0.049,0.135,0.574,0.051,0.142,2.713e-4,0,0.006,0.89,0.883,3.202e-6,992.729,0.001,339.7,0.339,6.4,32.17
2.597,0.193,2760.596,574.375,0.277,0.003,62.503,44.658,102.175,0.575,0.39,0.049,0.135,0.575,0.048,0.135,3.427e-4,0,0.006,0.89,0.884,8.766e-6,992.612,0.001,339.696,0.34,6.4,32.17
2.605,0.182,2760.142,573.921,0.276,0.003,62.509,44.653,101.865,0.575,0.39,0.049,0.135,0.575,0.045,0.127,6.124e-5,0,0.006,0.89,0.884,1.629e-5,992.495,0.001,339.692,0.34,6.4,32.17
2.614,0.167,2759.685,573.464,0.276,0.003,62.515,44.647,101.554,0.575,0.39,0.049,0.135,0.575,0.042,0.116,4.138e-4,0,0.006,0.89,0.884,2.46e-5,992.376,0.001,339.688,0.341,6.4,32.17
2.623,0.149,2759.225,573.005,0.276,0.003,62.522,44.642,101.24,0.575,0.39,0.05,0.135,0.575,0.037,0.104,4.745e-4,0,0.006,0.89,0.884,3.141e-5,992.257,0.001,339.684,0.341,6.4,32.17
2.632,0.13,2758.763,572.542,0.276,0.003,62.529,44.636,100.925,0.575,0.39,0.05,0.135,0.575,0.032,0.091,2.355e-5,0,0.006,0.89,0.884,3.378e-5,992.136,0.001,339.68,0.342,6.4,32.17
2.641,0.11,2758.298,572.077,0.276,0.003,62.536,44.63,100.607,0.575,0.39,0.05,0.135,0.575,0.027,0.077,-2.181e-5,0,0.006,0.89,0.884,2.816e-5,992.015,0.001,339.676,0.342,6.4,32.17
2.65,0.093,2757.829,571.609,0.276,0.003,62.541,44.625,100.288,0.575,0.39,0.05,0.135,0.575,0.023,0.065,2.486e-4,0,0.006,0.89,0.884,1.341e-5,991.892,0.001,339.672,0.343,6.4,32.17
2.659,0.076,2757.358,571.137,0.276,0.003,62.547,44.619,99.966,0.576,0.39,0.05,0.135,0.576,0.019,0.054,-1.177e-4,0,0.006,0.89,0.884,1.302e-6,991.769,0.001,339.667,0.344,6.4,32.17
2.668,0.07,2756.884,570.663,0.276,0.003,62.553,44.613,99.643,0.576,0.39,0.05,0.135,0.576,0.017,0.049,-3.897e-4,0,0.006,0.89,0.884,-1.089e-5,991.645,0.001,339.663,0.344,6.4,32.17
2.677,0.078,2756.407,570.186,0.276,0.003,62.557,44.607,99.318,0.576,0.39,0.05,0.135,0.576,0.02,0.055,1.577e-4,0,0.006,0.89,0.885,-5.5e-5,991.519,0.001,339.659,0.345,6.4,32.17
2.686,0.1,2755.927,569.706,0.276,0.003,62.554,44.601,98.99,0.576,0.39,0.05,0.135,0.576,0.025,0.071,-6.653e-5,0,0.006,0.89,0.885,-8.548e-5,991.393,0.001,339.655,0.345,6.4,32.17
2.696,0.128,2755.444,569.224,0.276,0.003,62.546,44.596,98.661,0.576,0.39,0.051,0.136,0.576,0.032,0.09,-3.933e-5,0,0.006,0.89,0.885,-8.972e-5,991.266,0.001,339.651,0.346,6.4,32.17
2.705,0.158,2754.958,568.738,0.276,0.003,62.535,44.59,98.33,0.576,0.39,0.051,0.136,0.576,0.04,0.111,1.623e-4,0,0.006,0.891,0.885,-8.058e-5,991.138,0.001,339.646,0.346,6.4,32.17
2.714,0.189,2754.469,568.249,0.276,0.003,62.524,44.584,97.996,0.577,0.39,0.051,0.136,0.577,0.047,0.133,3.648e-4,0,0.006,0.891,0.885,-6.4e-5,991.008,0.001,339.642,0.347,6.4,32.17
2.724,0.219,2753.977,567.757,0.276,0.003,62.512,44.578,97.661,0.577,0.39,0.051,0.136,0.577,0.055,0.154,-3.668e-4,0,0.006,0.891,0.885,-4.338e-5,990.878,0.001,339.638,0.348,6.4,32.17
2.733,0.244,2753.482,567.262,0.276,0.003,62.502,44.572,97.323,0.577,0.39,0.051,0.136,0.577,0.061,0.172,-1.998e-4,0,0.005,0.891,0.885,-2.325e-5,990.747,0.001,339.633,0.348,6.4,32.17
2.743,0.265,2752.984,566.763,0.276,0.003,62.494,44.566,96.983,0.577,0.39,0.051,0.136,0.577,0.066,0.186,3.045e-4,0,0.005,0.891,0.885,-7.656e-6,990.615,0.001,339.629,0.349,6.4,32.17
2.753,0.273,2752.482,566.262,0.276,0.003,62.489,44.559,96.641,0.577,0.39,0.051,0.136,0.577,0.069,0.192,-3.012e-4,0,0.005,0.891,0.885,-1.512e-7,990.481,0.001,339.624,0.349,6.4,32.17
2.762,0.257,2751.976,565.755,0.275,0.003,62.493,44.553,96.295,0.577,0.39,0.051,0.136,0.577,0.065,0.181,4.437e-4,0,0.005,0.891,0.886,5.06e-6,990.346,0.001,339.62,0.35,6.4,32.17
2.772,0.232,2751.464,565.243,0.275,0.003,62.501,44.547,95.946,0.577,0.39,0.051,0.136,0.578,0.058,0.163,-1.521e-4,0,0.005,0.891,0.886,2.21e-5,990.21,0.001,339.615,0.35,6.4,32.17
2.782,0.197,2750.946,564.726,0.275,0.003,62.513,44.541,95.593,0.578,0.39,0.052,0.136,0.578,0.049,0.138,2.712e-4,0,0.005,0.891,0.886,4.7e-5,990.071,0.001,339.61,0.351,6.4,32.17
2.792,0.154,2750.423,564.203,0.275,0.003,62.529,44.534,95.236,0.578,0.39,0.052,0.136,0.578,0.039,0.109,-5.017e-5,0,0.005,0.891,0.886,7.416e-5,989.931,0.001,339.606,0.351,6.4,32.17
2.802,0.111,2749.895,563.674,0.275,0.003,62.545,44.528,94.876,0.578,0.39,0.052,0.136,0.578,0.028,0.078,6.13e-5,0,0.005,0.891,0.886,9.712e-5,989.789,0.001,339.601,0.352,6.4,32.17
2.813,0.082,2749.362,563.141,0.275,0.003,62.556,44.521,94.512,0.578,0.39,0.052,0.136,0.578,0.02,0.057,-1.112e-4,0,0.005,0.891,0.886,1.147e-4,989.646,0.001,339.596,0.353,6.4,32.17
2.823,0.05,2748.826,562.605,0.275,0.003,62.569,44.515,94.147,0.578,0.39,0.052,0.136,0.578,0.012,0.035,2.003e-4,0,0.005,0.891,0.886,1.275e-4,989.502,0.001,339.591,0.353,6.4,32.17
2.833,0.016,2748.287,562.067,0.275,0.003,62.584,44.508,93.779,0.578,0.39,0.052,0.136,0.578,0.004,0.012,2.053e-4,0,0.005,0.891,0.886,1.27e-4,989.357,0.001,339.586,0.354,6.4,32.17
2.844,0.02,2747.745,561.524,0.275,0.003,62.58,44.501,93.409,0.579,0.39,0.052,0.136,0.579,0.005,0.014,-2.985e-4,0,0.005,0.891,0.886,-1.422e-4,989.21,0.001,339.582,0.354,6.4,32.17
2.854,0.06,2747.199,560.978,0.275,0.003,62.565,44.495,93.037,0.579,0.39,0.053,0.136,0.579,0.015,0.043,2.768e-4,0,0.005,0.891,0.887,-1.347e-4,989.063,0.001,339.577,0.355,6.4,32.17
2.865,0.104,2746.648,560.427,0.275,0.003,62.549,44.488,92.661,0.579,0.39,0.053,0.136,0.579,0.026,0.074,-3.228e-4,0,0.005,0.891,0.887,-1.15e-4,988.914,0.001,339.572,0.355,6.4,32.17
2.875,0.143,2746.091,559.87,0.275,0.003,62.536,44.481,92.281,0.579,0.39,0.053,0.136,0.579,0.036,0.101,-2.938e-4,0,0.005,0.891,0.887,-8.836e-5,988.763,0.001,339.566,0.356,6.4,32.17
2.886,0.175,2745.528,559.308,0.275,0.003,62.526,44.474,91.897,0.579,0.39,0.053,0.137,0.579,0.044,0.124,2.679e-4,0,0.005,0.891,0.887,-5.899e-5,988.61,0.001,339.561,0.357,6.4,32.17
2.897,0.199,2744.96,558.74,0.275,0.003,62.519,44.467,91.51,0.58,0.39,0.053,0.137,0.58,0.05,0.141,4.167e-4,0,0.005,0.892,0.887,-3.187e-5,988.455,0.001,339.556,0.357,6.4,32.17
2.908,0.213,2744.386,558.166,0.275,0.003,62.516,44.46,91.118,0.58,0.39,0.053,0.137,0.58,0.053,0.15,-4.716e-4,0,0.004,0.892,0.887,-1.213e-5,988.299,0.001,339.551,0.358,6.4,32.17
2.919,0.218,2743.807,557.587,0.275,0.003,62.517,44.453,90.723,0.58,0.39,0.053,0.137,0.58,0.055,0.154,-4.603e-5,0,0.004,0.892,0.887,-1.565e-6,988.141,0.001,339.546,0.358,6.4,32.17
2.93,0.213,2743.223,557.002,0.274,0.003,62.521,44.446,90.325,0.58,0.39,0.054,0.137,0.58,0.053,0.151,-2.289e-4,0,0.004,0.892,0.887,9.772e-7,987.981,0.001,339.54,0.359,6.4,32.17
2.942,0.2,2742.632,556.412,0.274,0.003,62.528,44.439,89.922,0.58,0.39,0.054,0.137,0.58,0.05,0.142,4.954e-4,0,0.004,0.892,0.887,9.84e-6,987.819,0.001,339.535,0.36,6.4,32.17
2.953,0.177,2742.037,555.816,0.274,0.003,62.54,44.431,89.516,0.58,0.39,0.054,0.137,0.58,0.044,0.126,-1.341e-4,0,0.004,0.892,0.888,2.684e-5,987.656,0.001,339.529,0.36,6.4,32.17
2.965,0.143,2741.434,555.214,0.274,0.003,62.556,44.424,89.105,0.581,0.39,0.054,0.137,0.581,0.036,0.101,6.635e-5,0,0.004,0.892,0.888,5.057e-5,987.491,0.001,339.524,0.361,6.4,32.17
2.977,0.1,2740.824,554.604,0.274,0.003,62.575,44.416,88.689,0.581,0.39,0.054,0.137,0.581,0.025,0.071,-2.252e-6,0,0.004,0.892,0.888,7.315e-5,987.323,0.001,339.518,0.361,6.4,32.17
2.988,0.052,2740.207,553.986,0.274,0.003,62.594,44.409,88.268,0.581,0.39,0.054,0.137,0.581,0.013,0.036,4.633e-4,0,0.004,0.892,0.888,8.499e-5,987.153,0.001,339.512,0.362,6.4,32.17
3,0.014,2739.582,553.362,0.274,0.003,62.591,44.401,87.842,0.581,0.39,0.054,0.137,0.581,0.003,0.01,3.808e-4,0,0.004,0.892,0.888,-2.035e-6,986.98,0.001,339.507,0.362,6.4,32.17
3.013,0.043,2738.95,552.73,0.274,0.003,62.588,44.393,87.41,0.581,0.39,0.054,0.137,0.581,0.011,0.031,3.843e-4,0,0.004,0.892,0.888,-5.603e-5,986.806,0.001,339.501,0.363,6.4,32.17
3.025,0.07,2738.314,552.093,0.274,0.003,62.578,44.385,86.976,0.581,0.39,0.055,0.137,0.581,0.017,0.05,4.296e-4,0,0.004,0.892,0.888,-5.19e-5,986.629,0.001,339.495,0.364,6.4,32.17
3.037,0.09,2737.672,551.452,0.274,0.003,62.571,44.377,86.539,0.582,0.39,0.055,0.137,0.582,0.022,0.064,2.659e-4,0,0.004,0.892,0.888,-4.033e-5,986.452,0.001,339.489,0.364,6.4,32.17
3.05,0.102,2737.025,550.804,0.274,0.003,62.566,44.369,86.097,0.582,0.39,0.055,0.137,0.582,0.025,0.072,-1.125e-4,0,0.004,0.892,0.889,-2.896e-5,986.272,0.001,339.483,0.365,6.4,32.17
3.062,0.128,2736.371,550.15,0.274,0.003,62.556,44.361,85.651,0.582,0.39,0.055,0.137,0.582,0.032,0.091,3.281e-4,0,0.004,0.892,0.889,-1.903e-5,986.09,0.001,339.477,0.365,6.4,32.17
3.075,0.147,2735.706,549.486,0.274,0.003,62.548,44.353,85.198,0.582,0.39,0.055,0.137,0.582,0.037,0.104,4.121e-4,0,0.004,0.892,0.889,-7.607e-6,985.905,0.001,339.471,0.366,6.4,32.17
3.088,0.156,2735.031,548.811,0.273,0.003,62.544,44.345,84.737,0.582,0.39,0.055,0.137,0.582,0.039,0.111,3.251e-4,0,0.004,0.892,0.889,-6.891e-7,985.717,0.001,339.464,0.366,6.4,32.17
3.101,0.153,2734.346,548.125,0.273,0.003,62.544,44.336,84.27,0.582,0.39,0.055,0.138,0.583,0.038,0.109,1.175e-4,0,0.004,0.893,0.889,1.369e-6,985.525,0.001,339.458,0.367,6.4,32.17
3.114,0.132,2733.651,547.43,0.273,0.003,62.554,44.328,83.796,0.583,0.39,0.056,0.138,0.583,0.033,0.094,-4.958e-4,0,0.003,0.893,0.889,5.654e-6,985.331,0.001,339.451,0.368,6.4,32.17
3.128,0.11,2732.948,546.728,0.273,0.003,62.565,44.319,83.316,0.583,0.389,0.056,0.138,0.583,0.028,0.079,-4.262e-4,0,0.003,0.893,0.889,7.504e-6,985.134,0.001,339.445,0.368,6.4,32.17
3.142,0.095,2732.238,546.017,0.273,0.003,62.575,44.31,82.832,0.583,0.389,0.056,0.138,0.583,0.024,0.068,2.708e-4,0,0.003,0.893,0.889,3.976e-6,984.934,0.001,339.438,0.369,6.4,32.17
3.155,0.088,2731.518,545.297,0.273,0.003,62.584,44.301,82.341,0.583,0.389,0.056,0.138,0.583,0.022,0.062,-2.366e-4,0,0.003,0.893,0.889,6.922e-7,984.732,0.001,339.431,0.369,6.4,32.17
3.169,0.082,2730.787,544.567,0.273,0.003,62.59,44.292,81.843,0.583,0.389,0.056,0.138,0.583,0.021,0.058,6.12e-5,0,0.003,0.893,0.89,-2.602e-7,984.526,0.001,339.424,0.37,6.4,32.17
3.184,0.086,2730.044,543.823,0.273,0.003,62.591,44.283,81.335,0.584,0.389,0.056,0.138,0.584,0.022,0.062,4.948e-4,0,0.003,0.893,0.89,-3.658e-6,984.317,0.001,339.417,0.37,6.4,32.17
3.198,0.099,2729.288,543.067,0.273,0.003,62.586,44.274,80.819,0.584,0.389,0.056,0.138,0.584,0.025,0.07,-7.798e-5,0,0.003,0.893,0.89,-6.153e-6,984.103,0.001,339.41,0.371,6.4,32.17
3.213,0.111,2728.518,542.298,0.273,0.003,62.582,44.264,80.295,0.584,0.389,0.057,0.138,0.584,0.028,0.08,-2.272e-4,0,0.003,0.893,0.89,-1.409e-6,983.885,0.001,339.403,0.372,6.4,32.17
3.228,0.111,2727.739,541.519,0.273,0.003,62.583,44.254,79.763,0.584,0.389,0.057,0.138,0.584,0.028,0.08,2.966e-4,0,0.003,0.893,0.89,2.38e-7,983.665,0.001,339.395,0.372,6.4,32.17
3.243,0.096,2726.95,540.729,0.273,0.003,62.59,44.244,79.225,0.584,0.389,0.057,0.138,0.584,0.024,0.069,-3.739e-4,0,0.003,0.893,0.89,3.505e-6,983.441,0.001,339.388,0.373,6.4,32.17
3.258,0.076,2726.148,539.928,0.272,0.003,62.598,44.234,78.678,0.584,0.389,0.057,0.138,0.584,0.019,0.055,-4.812e-4,0,0.003,0.893,0.89,3.302e-6,983.213,0.001,339.38,0.373,6.4,32.17
3.274,0.066,2725.332,539.112,0.272,0.003,62.598,44.224,78.121,0.585,0.389,0.057,0.138,0.585,0.016,0.048,-1.079e-4,0,0.003,0.893,0.89,-2.051e-8,982.981,0.001,339.372,0.374,6.4,32.17
3.29,0.07,2724.499,538.279,0.272,0.003,62.589,44.214,77.553,0.585,0.389,0.057,0.138,0.585,0.018,0.051,-4.867e-4,0,0.003,0.893,0.891,-6.82e-6,982.743,0.001,339.364,0.375,6.4,32.17
3.306,0.088,2723.65,537.429,0.272,0.003,62.579,44.203,76.974,0.585,0.389,0.057,0.138,0.585,0.022,0.063,4.584e-4,0,0.003,0.893,0.891,-1.094e-5,982.501,0.001,339.356,0.375,6.4,32.17
3.321,0.102,2722.895,536.674,0.272,0.003,62.573,44.194,76.459,0.585,0.389,0.058,0.138,0.585,0.025,0.073,2.034e-4,0,0.003,0.893,0.891,-7.187e-6,982.285,0.001,339.349,0.376,6.4,32.17
3.338,0.11,2722.271,536.05,0.272,0.003,62.57,44.186,76,0.585,0.389,0.058,0.138,0.585,0.028,0.079,4.61e-4,0,0.003,0.893,0.891,-2.289e-6,982.032,0.001,339.34,0.376,6.4,32.17
3.355,0.113,2721.632,535.412,0.272,0.003,62.569,44.178,75.531,0.586,0.389,0.058,0.138,0.586,0.028,0.081,1.257e-4,0,0.003,0.894,0.891,-7.541e-8,981.772,0.001,339.332,0.377,6.4,32.17
3.373,0.113,2720.982,534.761,0.272,0.003,62.57,44.17,75.053,0.586,0.389,0.058,0.139,0.586,0.028,0.081,-5.916e-5,0,0.002,0.894,0.891,1.221e-6,981.507,0.001,339.323,0.377,6.4,32.17
3.391,0.103,2720.321,534.1,0.272,0.003,62.574,44.162,74.567,0.586,0.389,0.058,0.139,0.586,0.026,0.074,-2.484e-4,0,0.002,0.894,0.891,6.317e-6,981.238,0.001,339.314,0.378,6.4,32.17
3.409,0.084,2719.648,533.427,0.272,0.003,62.583,44.153,74.072,0.586,0.389,0.058,0.139,0.586,0.021,0.061,4.557e-4,0,0.002,0.894,0.891,1.494e-5,980.963,0.001,339.305,0.379,6.4,32.17
3.428,0.053,2718.964,532.743,0.272,0.003,62.596,44.145,73.569,0.586,0.389,0.058,0.139,0.586,0.013,0.038,1.641e-5,0,0.002,0.894,0.891,2.186e-5,980.684,0.001,339.295,0.379,6.4,32.17
3.447,0.022,2718.27,532.049,0.271,0.003,62.614,44.136,73.059,0.586,0.389,0.059,0.139,0.586,0.005,0.015,1.504e-4,0,0.002,0.894,0.892,-7.162e-6,980.399,0.001,339.286,0.38,6.4,32.17
3.466,0.063,2717.563,531.342,0.271,0.003,62.611,44.127,72.539,0.587,0.389,0.059,0.139,0.587,0.016,0.046,-4.454e-4,0,0.002,0.894,0.892,-5.131e-5,980.109,0.001,339.276,0.38,6.4,32.17
3.486,0.114,2716.841,530.62,0.271,0.003,62.591,44.118,72.009,0.587,0.389,0.059,0.139,0.587,0.028,0.082,-2.166e-4,0,0.002,0.894,0.892,-3.283e-5,979.813,0.001,339.266,0.381,6.4,32.17
3.506,0.149,2716.102,529.882,0.271,0.003,62.577,44.109,71.466,0.587,0.389,0.059,0.139,0.587,0.037,0.108,1.428e-4,0,0.002,0.894,0.892,-9.444e-6,979.509,0.001,339.256,0.382,6.4,32.17
3.527,0.153,2715.345,529.125,0.271,0.003,62.572,44.099,70.91,0.587,0.389,0.059,0.139,0.587,0.038,0.11,2.106e-4,0,0.002,0.894,0.892,1.347e-7,979.197,0.001,339.245,0.382,6.4,32.17
3.548,0.126,2714.566,528.345,0.271,0.003,62.578,44.09,70.336,0.587,0.389,0.059,0.139,0.587,0.032,0.091,-1.502e-4,0,0.002,0.894,0.892,1.308e-5,978.876,0.001,339.234,0.383,6.4,32.17
3.57,0.095,2713.764,527.543,0.271,0.003,62.588,44.079,69.747,0.588,0.389,0.059,0.139,0.588,0.024,0.068,-1.74e-4,0,0.002,0.894,0.892,3.558e-5,978.544,0.001,339.223,0.383,6.4,32.17
3.592,0.049,2712.947,526.727,0.271,0.003,62.602,44.069,69.147,0.588,0.389,0.06,0.139,0.588,0.012,0.036,3.931e-4,0,0.002,0.894,0.892,5.858e-5,978.206,0.001,339.212,0.384,6.4,32.17
3.615,0.019,2712.113,525.893,0.271,0.003,62.614,44.059,68.534,0.588,0.389,0.06,0.139,0.588,0.005,0.014,4.601e-4,0,0.002,0.894,0.893,-6.483e-5,977.861,0.001,339.2,0.385,6.4,32.17
3.638,0.088,2711.253,525.032,0.271,0.003,62.586,44.048,67.901,0.588,0.389,0.06,0.139,0.588,0.022,0.064,2.029e-4,0,0.002,0.894,0.893,-4.431e-5,977.504,0.001,339.188,0.385,6.4,32.17
3.662,0.137,2710.362,524.141,0.271,0.003,62.572,44.037,67.246,0.588,0.389,0.06,0.139,0.588,0.034,0.099,2.341e-4,0,0.002,0.894,0.893,-1.247e-5,977.133,0.001,339.176,0.386,6.4,32.17
3.687,0.146,2709.438,523.217,0.27,0.003,62.575,44.025,66.567,0.589,0.389,0.06,0.139,0.589,0.037,0.106,-3.068e-4,0,0.002,0.895,0.893,4.08e-7,976.749,0.001,339.163,0.386,6.4,32.17
3.714,0.107,2708.478,522.257,0.27,0.003,62.597,44.013,65.861,0.589,0.389,0.06,0.139,0.589,0.027,0.077,-1.277e-4,0,0.002,0.895,0.893,2.085e-5,976.348,0.001,339.15,0.387,6.4,32.17
3.741,0.028,2707.478,521.258,0.27,0.003,62.632,44,65.127,0.589,0.389,0.06,0.14,0.589,0.007,0.02,2.391e-4,0,0.001,0.895,0.893,4.579e-5,975.931,0.001,339.136,0.387,6.4,32.17
3.769,0.056,2706.437,520.216,0.27,0.003,62.615,43.987,64.361,0.589,0.389,0.061,0.14,0.589,0.014,0.041,-2.916e-5,0,0.001,0.895,0.893,-3.539e-5,975.496,0.001,339.121,0.388,6.4,32.17
3.798,0.104,2705.36,519.139,0.27,0.003,62.59,43.973,63.569,0.589,0.389,0.061,0.14,0.589,0.026,0.076,3.627e-4,0,0.001,0.895,0.893,-8.417e-6,975.045,0.001,339.106,0.389,6.4,32.17
3.829,0.124,2704.241,518.021,0.27,0.003,62.579,43.959,62.747,0.59,0.389,0.061,0.14,0.59,0.031,0.091,-2.762e-4,0,0.001,0.895,0.894,7.117e-7,974.576,0.001,339.09,0.389,6.4,32.17
3.861,0.085,2703.053,516.832,0.27,0.003,62.592,43.944,61.874,0.59,0.389,0.061,0.14,0.59,0.021,0.062,-3.757e-4,0,0.001,0.895,0.894,2.269e-5,974.076,0.001,339.073,0.39,6.4,32.17
3.896,0.018,2701.793,515.572,0.269,0.003,62.64,43.928,60.948,0.59,0.389,0.061,0.14,0.59,0.005,0.014,-3.939e-4,0,0.001,0.895,0.894,-1.436e-5,973.547,0.001,339.055,0.39,6.4,32.17
3.932,0.118,2700.457,514.237,0.269,0.003,62.599,43.911,59.966,0.59,0.389,0.061,0.14,0.59,0.03,0.087,-2.782e-4,0,0.001,0.895,0.894,-9.992e-6,972.984,0.001,339.037,0.391,6.4,32.17
3.97,0.129,2699.056,512.836,0.269,0.003,62.596,43.894,58.936,0.59,0.389,0.062,0.14,0.59,0.032,0.095,-4.863e-4,0,0.001,0.895,0.894,8.742e-6,972.393,0.001,339.017,0.392,6.4,32.17
4.009,0.038,2697.63,511.409,0.269,0.003,62.625,43.875,57.887,0.59,0.389,0.062,0.14,0.59,0.01,0.028,2.969e-4,0,9.257e-4,0.895,0.894,5.058e-5,971.791,0.001,338.996,0.392,6.4,32.17
4.048,0.083,2696.205,509.985,0.269,0.003,62.598,43.857,56.84,0.591,0.389,0.062,0.14,0.591,0.021,0.061,-1.397e-4,0,8.407e-4,0.895,0.894,-4.191e-5,971.188,0.001,338.976,0.393,6.4,32.17
4.086,0.191,2694.782,508.562,0.269,0.003,62.555,43.839,55.794,0.591,0.389,0.062,0.14,0.591,0.048,0.14,-5.245e-5,0,7.919e-4,0.895,0.894,-1.91e-6,970.586,0.001,338.956,0.393,6.4,32.17
4.095,0.202,2694.468,508.247,0.269,0.003,62.551,43.835,55.563,0.591,0.389,0.062,0.14,0.591,0.051,0.149,1.32e-4,0,7.781e-4,0.895,0.895,1.274e-7,970.453,0.001,338.952,0.393,6.4,32.17
4.108,0.197,2694.137,507.916,0.269,0.003,62.556,43.831,55.274,0.591,0.389,0.062,0.14,0.591,0.05,0.145,-5.104e-5,0,7.455e-4,0.895,0.895,9.577e-6,970.253,0.001,338.945,0.393,6.4,32.17
4.127,0.154,2693.64,507.419,0.268,0.003,62.58,43.825,54.841,0.591,0.389,0.062,0.14,0.591,0.039,0.114,3.981e-4,0,6.946e-4,0.895,0.895,4.344e-5,969.952,0.001,338.935,0.394,6.4,32.17
4.156,0.057,2692.895,506.675,0.268,0.003,62.627,43.815,54.191,0.591,0.389,0.062,0.14,0.591,0.014,0.042,1.801e-4,0,6.309e-4,0.895,0.895,4.358e-5,969.502,0.001,338.92,0.394,6.4,32.17
4.195,0.124,2691.9,505.679,0.268,0.003,62.6,43.802,53.322,0.591,0.389,0.062,0.14,0.591,0.031,0.092,2.793e-4,0,5.548e-4,0.895,0.895,-5.785e-5,968.9,0.001,338.899,0.394,6.4,32.17
4.233,0.192,2690.905,504.684,0.268,0.003,62.575,43.79,52.455,0.591,0.389,0.062,0.14,0.591,0.048,0.142,-2.42e-4,0,5.19e-4,0.895,0.895,-3.563e-6,968.297,0.001,338.879,0.394,6.4,32.17
4.272,0.151,2689.911,503.69,0.268,0.003,62.58,43.777,51.587,0.591,0.389,0.062,0.14,0.591,0.038,0.111,-1.271e-4,0,4.322e-4,0.895,0.895,2.654e-5,967.695,0.001,338.859,0.395,6.4,32.17
4.31,0.042,2688.918,502.697,0.268,0.003,62.634,43.764,50.721,0.591,0.389,0.062,0.14,0.591,0.011,0.032,-1.206e-4,0,3.46e-4,0.895,0.895,-6.536e-7,967.093,0.001,338.839,0.395,6.4,32.17
4.349,0.157,2687.925,501.704,0.268,0.003,62.57,43.751,49.854,0.591,0.389,0.062,0.14,0.591,0.039,0.116,1.352e-4,0,2.711e-4,0.895,0.895,-2.403e-5,966.491,0.001,338.818,0.395,6.4,32.17
4.388,0.19,2686.932,500.712,0.268,0.003,62.569,43.739,48.988,0.591,0.389,0.062,0.14,0.592,0.048,0.14,3.682e-4,0,2.062e-4,0.896,0.895,6.324e-6,965.888,0.001,338.798,0.395,6.4,32.17
4.426,0.079,2685.94,499.719,0.268,0.003,62.619,43.726,48.123,0.591,0.389,0.062,0.14,0.591,0.02,0.058,2.203e-4,0,1.685e-4,0.896,0.895,4.814e-5,965.286,0.001,338.778,0.395,6.4,32.17
4.465,0.095,2684.948,498.728,0.267,0.003,62.615,43.713,47.257,0.592,0.389,0.063,0.14,0.592,0.024,0.07,4.315e-4,0,1.058e-4,0.896,0.895,-4.893e-5,964.684,0.001,338.758,0.395,6.4,32.17
4.503,0.178,2683.956,497.736,0.267,0.003,62.574,43.701,46.392,0.592,0.389,0.063,0.14,0.592,0.045,0.132,2.771e-4,0,3.354e-5,0.896,0.896,-3.681e-6,964.082,0.001,338.738,0.395,6.4,32.17
4.542,0.132,2682.965,496.744,0.267,0.003,62.58,43.688,45.527,0.592,0.389,0.063,0.14,0.592,0.033,0.098,1.216e-4,0,2.312e-7,0.896,0.896,2.623e-5,963.48,0.001,338.717,0.395,6.4,32.17
4.58,0.06,2681.973,495.752,0.267,0.003,62.62,43.675,44.662,0.592,0.389,0.063,0.14,0.592,0.015,0.045,2.022e-4,0,-5.682e-5,0.896,0.896,-4.675e-6,962.878,0.001,338.697,0.395,6.4,32.17
4.619,0.166,2680.981,494.761,0.267,0.003,62.576,43.662,43.796,0.592,0.389,0.063,0.14,0.592,0.042,0.123,5.294e-6,0,-1.151e-4,0.896,0.896,-1.778e-5,962.276,0.001,338.677,0.395,6.4,32.17
4.657,0.196,2679.989,493.769,0.267,0.003,62.575,43.649,42.931,0.591,0.389,0.062,0.14,0.592,0.049,0.146,-1.5e-4,0,-1.788e-4,0.896,0.896,6.465e-6,961.674,0.001,338.657,0.395,6.4,32.17
4.696,0.107,2678.997,492.777,0.267,0.003,62.593,43.637,42.065,0.591,0.389,0.062,0.14,0.591,0.027,0.079,-4.598e-4,0,-2.54e-4,0.896,0.896,3.332e-5,961.073,0.001,338.637,0.395,6.4,32.17
4.734,0.095,2678.005,491.785,0.267,0.003,62.61,43.624,41.2,0.591,0.389,0.062,0.14,0.591,0.024,0.07,2.007e-4,0,-3.442e-4,0.895,0.896,-4.516e-5,960.471,0.001,338.616,0.395,6.4,32.17
4.773,0.169,2677.012,490.792,0.266,0.003,62.566,43.611,40.334,0.591,0.389,0.062,0.14,0.591,0.042,0.125,-3.415e-4,0,-3.736e-4,0.895,0.896,-5.127e-6,959.87,0.001,338.596,0.395,6.4,32.17
4.811,0.162,2676.019,489.799,0.266,0.003,62.569,43.598,39.467,0.591,0.389,0.062,0.14,0.591,0.041,0.12,-1.565e-5,0,-4.166e-4,0.895,0.896,1.622e-5,959.268,0.001,338.576,0.395,6.4,32.17
4.85,0.065,2675.026,488.805,0.266,0.003,62.623,43.585,38.6,0.591,0.389,0.062,0.14,0.591,0.016,0.048,5.685e-5,0,-4.826e-4,0.895,0.896,4.314e-5,958.667,0.001,338.556,0.394,6.4,32.17
4.888,0.085,2674.032,487.811,0.266,0.003,62.604,43.572,37.733,0.591,0.389,0.062,0.14,0.591,0.021,0.064,2.623e-4,0,-5.447e-4,0.895,0.896,-5.041e-5,958.066,0.001,338.536,0.394,6.4,32.17
4.919,0.142,2673.24,487.019,0.266,0.003,62.592,43.562,37.042,0.591,0.389,0.062,0.14,0.591,0.036,0.106,-3.056e-4,0,-5.908e-4,0.895,0.896,-1.643e-5,957.588,0.001,338.519,0.394,6.4,32.17
4.958,0.142,2672.612,486.391,0.266,0.003,62.593,43.554,36.451,0.591,0.389,0.062,0.14,0.591,0.036,0.106,4.658e-4,0,-6.491e-4,0.895,0.896,2.875e-6,956.987,0.001,338.499,0.393,6.4,32.17
4.996,0.06,2671.983,485.763,0.266,0.003,62.609,43.546,35.86,0.591,0.389,0.062,0.14,0.591,0.015,0.045,-3.193e-6,0,-7.166e-4,0.895,0.896,3.282e-5,956.386,0.001,338.479,0.393,6.4,32.17
5.035,0.052,2671.355,485.134,0.266,0.003,62.612,43.538,35.268,0.591,0.389,0.062,0.14,0.591,0.013,0.039,3.915e-4,0,-7.481e-4,0.895,0.896,-3.347e-5,955.786,0.001,338.459,0.393,6.4,32.17
5.074,0.095,2670.725,484.505,0.266,0.003,62.593,43.53,34.676,0.59,0.389,0.062,0.14,0.59,0.024,0.071,2.682e-4,0,-7.788e-4,0.895,0.896,-3.068e-6,955.186,0.001,338.439,0.392,6.4,32.17
5.113,0.07,2670.095,483.874,0.266,0.003,62.608,43.521,34.083,0.59,0.389,0.062,0.14,0.59,0.017,0.052,-3.461e-4,0,-8.297e-4,0.895,0.896,3.515e-6,954.587,0.001,338.419,0.392,6.4,32.17
5.151,0.023,2669.464,483.244,0.265,0.003,62.624,43.513,33.49,0.59,0.389,0.061,0.14,0.59,0.006,0.017,-1.906e-4,0,-8.935e-4,0.895,0.896,8.469e-6,954.015,0.001,338.398,0.391,6.4,32.17
5.19,0.055,2668.833,482.612,0.265,0.003,62.623,43.505,32.896,0.59,0.389,0.061,0.14,0.59,0.014,0.041,9.503e-5,0,-9.427e-4,0.895,0.896,-1.548e-5,953.444,0.001,338.378,0.391,6.4,32.17
5.229,0.101,2668.201,481.98,0.265,0.003,62.591,43.497,32.301,0.59,0.389,0.061,0.14,0.59,0.025,0.075,2.436e-4,0,-9.543e-4,0.895,0.896,2.312e-7,952.872,0.001,338.358,0.39,6.4,32.17
5.268,0.065,2667.568,481.347,0.265,0.003,62.607,43.489,31.705,0.59,0.389,0.061,0.14,0.59,0.016,0.048,-3.491e-4,0,-9.745e-4,0.895,0.896,2.533e-5,952.301,0.001,338.338,0.39,6.4,32.17
5.307,0.089,2666.934,480.714,0.265,0.003,62.59,43.48,31.109,0.589,0.389,0.061,0.14,0.589,0.022,0.067,-4.508e-4,0,-0.001,0.895,0.896,-1.3e-5,951.73,0.001,338.318,0.389,6.4,32.17
5.346,0.166,2666.3,480.079,0.265,0.003,62.574,43.472,30.512,0.589,0.389,0.061,0.14,0.589,0.042,0.125,1.754e-4,0,-0.001,0.895,0.896,-3.97e-6,951.16,0.001,338.298,0.389,6.4,32.17
5.385,0.215,2665.665,479.444,0.265,0.003,62.557,43.464,29.914,0.589,0.389,0.061,0.14,0.589,0.054,0.161,2.991e-4,0,-0.001,0.895,0.896,1.221e-5,950.589,0.001,338.278,0.388,6.4,32.17
5.424,0.169,2665.029,478.808,0.265,0.003,62.556,43.455,29.316,0.589,0.389,0.06,0.14,0.589,0.042,0.127,-2.792e-4,0,-0.001,0.895,0.896,2.149e-5,950.019,0.001,338.258,0.387,6.4,32.17
5.463,0.175,2664.407,478.186,0.265,0.003,62.573,43.447,28.731,0.589,0.389,0.06,0.139,0.589,0.044,0.131,-3.924e-4,0,-0.001,0.895,0.896,-2.496e-5,949.462,0.001,338.238,0.387,6.4,32.17
5.499,0.24,2663.82,477.6,0.265,0.003,62.529,43.44,28.179,0.588,0.389,0.06,0.139,0.589,0.06,0.18,-2.246e-4,0,-0.001,0.895,0.896,-1.228e-5,948.938,0.001,338.219,0.386,6.4,32.17
5.533,0.231,2663.264,477.043,0.265,0.003,62.534,43.432,27.655,0.588,0.389,0.06,0.139,0.588,0.058,0.174,2.843e-4,0,-0.001,0.894,0.896,6.989e-6,948.442,0.001,338.202,0.385,6.4,32.17
5.567,0.152,2662.715,476.494,0.265,0.003,62.579,43.425,27.139,0.588,0.389,0.06,0.139,0.588,0.038,0.114,-4.157e-5,0,-0.001,0.894,0.896,3.458e-5,947.953,0.001,338.185,0.385,6.4,32.17
5.6,0.09,2662.176,475.955,0.265,0.003,62.587,43.418,26.632,0.588,0.389,0.06,0.139,0.588,0.023,0.068,-3.056e-4,0,-0.001,0.894,0.896,-3.472e-6,947.474,0.001,338.168,0.384,6.4,32.17
5.632,0.129,2661.648,475.427,0.264,0.003,62.581,43.411,26.135,0.588,0.389,0.06,0.139,0.588,0.032,0.097,-3.284e-4,0,-0.001,0.894,0.896,-4.149e-5,947.005,0.001,338.151,0.384,6.4,32.17
5.664,0.16,2661.131,474.91,0.264,0.003,62.575,43.405,25.649,0.587,0.389,0.059,0.139,0.588,0.04,0.121,-1.731e-4,0,-0.001,0.894,0.896,-7.602e-6,946.547,0.001,338.135,0.383,6.4,32.17
5.695,0.14,2660.628,474.408,0.264,0.003,62.576,43.398,25.176,0.587,0.389,0.059,0.139,0.587,0.035,0.105,2.081e-4,0,-0.001,0.894,0.896,3.558e-6,946.103,0.001,338.12,0.382,6.4,32.17
5.725,0.087,2660.139,473.919,0.264,0.003,62.584,43.392,24.716,0.587,0.389,0.059,0.139,0.587,0.022,0.065,6.898e-5,0,-0.002,0.894,0.896,2.587e-5,945.671,0.001,338.104,0.382,6.4,32.17
5.754,0.048,2659.67,473.449,0.264,0.003,62.618,43.385,24.274,0.587,0.389,0.059,0.139,0.587,0.012,0.036,-1.816e-4,0,-0.002,0.894,0.896,-1.462e-6,945.257,0.001,338.09,0.381,6.4,32.17
5.782,0.105,2659.214,472.994,0.264,0.003,62.576,43.38,23.845,0.587,0.389,0.059,0.139,0.587,0.026,0.079,1.884e-4,0,-0.002,0.894,0.896,-2.239e-5,944.857,0.001,338.076,0.38,6.4,32.17
5.81,0.146,2658.769,472.549,0.264,0.003,62.56,43.374,23.426,0.587,0.389,0.059,0.139,0.587,0.037,0.11,2.329e-4,0,-0.002,0.894,0.896,-3.416e-6,944.465,0.001,338.062,0.38,6.4,32.17
5.837,0.133,2658.33,472.109,0.264,0.003,62.576,43.368,23.013,0.586,0.389,0.058,0.139,0.586,0.033,0.101,2.181e-5,0,-0.002,0.894,0.895,3.943e-6,944.08,0.001,338.048,0.379,6.4,32.17
5.863,0.08,2657.894,471.674,0.264,0.003,62.601,43.362,22.603,0.586,0.389,0.058,0.139,0.586,0.02,0.06,1.421e-4,0,-0.002,0.894,0.895,1.771e-5,943.699,0.001,338.035,0.379,6.4,32.17
5.89,0.056,2657.462,471.242,0.264,0.003,62.596,43.357,22.197,0.586,0.389,0.058,0.139,0.586,0.014,0.042,3.711e-4,0,-0.002,0.894,0.895,-4.9e-6,943.321,0.001,338.021,0.378,6.4,32.17
5.916,0.095,2657.035,470.814,0.264,0.003,62.595,43.351,21.794,0.586,0.389,0.058,0.139,0.586,0.024,0.072,1.334e-4,0,-0.002,0.894,0.895,-1.322e-5,942.948,0.001,338.008,0.377,6.4,32.17
5.944,0.112,2656.584,470.363,0.264,0.003,62.582,43.345,21.37,0.586,0.389,0.058,0.138,0.586,0.028,0.085,-3.939e-4,0,-0.002,0.894,0.895,-2.437e-6,942.555,0.001,337.994,0.377,6.4,32.17
5.969,0.118,2656.351,470.13,0.264,0.003,62.568,43.342,21.084,0.585,0.389,0.058,0.138,0.585,0.03,0.089,-4.152e-4,0,-0.002,0.893,0.895,9.252e-7,942.205,0.001,337.982,0.376,6.4,32.17
5.993,0.103,2656.12,469.899,0.264,0.003,62.57,43.339,20.8,0.585,0.389,0.058,0.138,0.585,0.026,0.078,4.744e-4,0,-0.002,0.893,0.895,9.501e-6,941.858,0.001,337.97,0.375,6.4,32.17
6.018,0.077,2655.89,469.67,0.264,0.003,62.595,43.336,20.517,0.585,0.389,0.057,0.138,0.585,0.019,0.059,1.653e-5,0,-0.002,0.893,0.895,7.946e-6,941.513,0.001,337.958,0.375,6.4,32.17
6.042,0.076,2655.663,469.442,0.264,0.003,62.591,43.333,20.237,0.585,0.389,0.057,0.138,0.585,0.019,0.057,-3.811e-4,0,-0.002,0.893,0.895,-1.746e-6,941.172,0.001,337.946,0.374,6.4,32.17
6.066,0.097,2655.437,469.217,0.264,0.003,62.57,43.33,19.96,0.585,0.389,0.057,0.138,0.585,0.024,0.072,3.983e-4,0,-0.002,0.893,0.895,-1.051e-5,940.834,0.001,337.934,0.374,6.4,32.17
6.09,0.114,2655.215,468.995,0.264,0.003,62.573,43.327,19.687,0.584,0.389,0.057,0.138,0.584,0.028,0.086,3.012e-4,0,-0.002,0.893,0.895,-4.745e-6,940.503,0.001,337.922,0.373,6.4,32.17
6.113,0.118,2654.997,468.776,0.264,0.003,62.579,43.324,19.418,0.584,0.389,0.057,0.138,0.584,0.03,0.09,-8.514e-5,0,-0.002,0.893,0.895,-7.455e-9,940.177,0.001,337.911,0.372,6.4,32.17
6.136,0.107,2654.78,468.559,0.264,0.003,62.583,43.321,19.151,0.584,0.389,0.057,0.138,0.584,0.027,0.081,-1.67e-4,0,-0.002,0.893,0.895,3.939e-6,939.854,0.001,337.899,0.372,6.4,32.17
6.159,0.077,2654.564,468.344,0.264,0.003,62.584,43.319,18.886,0.584,0.389,0.056,0.138,0.584,0.019,0.058,-3.121e-4,0,-0.002,0.893,0.895,9.361e-6,939.533,0.001,337.888,0.371,6.4,32.17
6.182,0.046,2654.351,468.13,0.264,0.003,62.589,43.316,18.624,0.584,0.389,0.056,0.138,0.584,0.011,0.034,2.142e-4,0,-0.002,0.893,0.895,6.318e-7,939.217,0.001,337.877,0.371,6.4,32.17
6.205,0.055,2654.14,467.92,0.264,0.003,62.603,43.313,18.364,0.583,0.389,0.056,0.138,0.583,0.014,0.041,-4.479e-5,0,-0.002,0.893,0.895,-9.823e-6,938.904,0.001,337.866,0.37,6.4,32.17
6.227,0.077,2653.931,467.711,0.264,0.003,62.584,43.31,18.107,0.583,0.389,0.056,0.138,0.583,0.019,0.058,4.779e-4,0,-0.002,0.893,0.895,-7.935e-6,938.595,0.001,337.855,0.369,6.4,32.17
6.249,0.089,2653.723,467.503,0.263,0.003,62.57,43.307,17.851,0.583,0.389,0.056,0.138,0.583,0.022,0.068,2.067e-4,0,-0.002,0.893,0.895,-1.603e-6,938.289,0.001,337.844,0.369,6.4,32.17
6.271,0.085,2653.517,467.296,0.263,0.003,62.569,43.305,17.598,0.583,0.389,0.056,0.138,0.583,0.021,0.064,2.426e-4,0,-0.002,0.893,0.895,1.398e-7,937.984,0.001,337.833,0.368,6.4,32.17
6.293,0.071,2653.311,467.09,0.263,0.003,62.574,43.302,17.344,0.583,0.39,0.056,0.138,0.583,0.018,0.054,-2.222e-4,0,-0.002,0.893,0.895,3.223e-6,937.681,0.001,337.823,0.368,6.4,32.17
6.315,0.051,2653.105,466.885,0.263,0.003,62.584,43.299,17.091,0.583,0.39,0.055,0.138,0.583,0.013,0.038,-2.849e-5,0,-0.002,0.893,0.895,8.31e-6,937.379,0.001,337.812,0.367,6.4,32.17
6.337,0.026,2652.901,466.681,0.263,0.003,62.598,43.297,16.84,0.582,0.39,0.055,0.137,0.582,0.006,0.019,3.993e-4,0,-0.002,0.892,0.895,1.157e-5,937.08,0.001,337.801,0.366,6.4,32.17
6.358,0.007,2652.699,466.479,0.263,0.003,62.615,43.294,16.592,0.582,0.39,0.055,0.137,0.582,0.002,0.005,4.385e-4,0,-0.002,0.892,0.895,7.561e-6,936.784,0.001,337.791,0.366,6.4,32.17
6.38,0.008,2652.498,466.278,0.263,0.003,62.6,43.291,16.345,0.582,0.39,0.055,0.137,0.582,0.002,0.006,2.05e-4,0,-0.002,0.892,0.895,-4.834e-6,936.49,0.001,337.781,0.365,6.4,32.17
6.401,0.024,2652.298,466.077,0.263,0.003,62.59,43.289,16.098,0.582,0.39,0.055,0.137,0.582,0.006,0.018,-9.829e-5,0,-0.002,0.892,0.895,-8.671e-6,936.198,0.001,337.77,0.365,6.4,32.17
6.422,0.047,2652.098,465.878,0.263,0.003,62.588,43.286,15.853,0.582,0.39,0.055,0.137,0.582,0.012,0.036,-3.044e-4,0,-0.002,0.892,0.895,-8.852e-6,935.907,0.001,337.76,0.364,6.4,32.17
6.443,0.063,2651.902,465.682,0.263,0.003,62.589,43.284,15.612,0.581,0.39,0.055,0.137,0.581,0.016,0.047,4.834e-4,0,-0.002,0.892,0.895,-3.037e-6,935.622,0.001,337.75,0.363,6.4,32.17
6.464,0.071,2651.709,465.489,0.263,0.003,62.584,43.281,15.374,0.581,0.39,0.054,0.137,0.581,0.018,0.054,1.605e-4,0,-0.002,0.892,0.895,-8.018e-7,935.342,0.001,337.74,0.363,6.4,32.17
6.484,0.093,2651.515,465.295,0.263,0.003,62.573,43.278,15.136,0.581,0.39,0.054,0.137,0.581,0.023,0.07,2.575e-4,0,-0.002,0.892,0.894,3.316e-8,935.061,0.001,337.73,0.362,6.4,32.17
6.505,0.107,2651.321,465.1,0.263,0.003,62.57,43.276,14.896,0.581,0.39,0.054,0.137,0.581,0.027,0.081,5.534e-5,0,-0.002,0.892,0.894,3.76e-6,934.78,0.001,337.72,0.362,6.4,32.17
6.526,0.086,2651.127,464.907,0.263,0.003,62.581,43.273,14.658,0.581,0.39,0.054,0.137,0.581,0.022,0.065,-4.559e-4,0,-0.002,0.892,0.894,1.301e-5,934.5,0.001,337.71,0.361,6.4,32.17
6.546,0.057,2650.937,464.716,0.263,0.003,62.587,43.271,14.424,0.58,0.39,0.054,0.137,0.58,0.014,0.043,-1.619e-4,0,-0.003,0.892,0.894,1.706e-5,934.226,0.001,337.701,0.36,6.4,32.17
6.566,0.043,2650.749,464.528,0.263,0.003,62.578,43.268,14.192,0.58,0.39,0.054,0.137,0.58,0.011,0.033,-8.94e-5,0,-0.003,0.892,0.894,3.382e-6,933.955,0.001,337.691,0.36,6.4,32.17
6.586,0.054,2650.562,464.341,0.263,0.003,62.581,43.266,13.962,0.58,0.39,0.054,0.137,0.58,0.013,0.04,-2.388e-4,0,-0.003,0.892,0.894,-5.002e-6,933.686,0.001,337.682,0.359,6.4,32.17
6.606,0.078,2650.375,464.155,0.263,0.003,62.582,43.263,13.733,0.58,0.39,0.053,0.137,0.58,0.019,0.059,3.801e-4,0,-0.003,0.892,0.894,-1.44e-5,933.419,0.001,337.672,0.359,6.4,32.17
6.626,0.101,2650.191,463.97,0.263,0.003,62.568,43.261,13.506,0.58,0.39,0.053,0.137,0.58,0.025,0.076,1.209e-4,0,-0.003,0.892,0.894,-1.063e-5,933.154,0.001,337.663,0.358,6.4,32.17
6.645,0.113,2650.009,463.788,0.263,0.003,62.554,43.259,13.282,0.58,0.39,0.053,0.137,0.58,0.028,0.085,3.469e-4,0,-0.003,0.892,0.894,-2.262e-6,932.895,0.001,337.654,0.357,6.4,32.17
6.664,0.111,2649.829,463.609,0.263,0.003,62.548,43.256,13.061,0.579,0.39,0.053,0.137,0.579,0.028,0.084,4.635e-4,0,-0.003,0.892,0.894,1.957e-7,932.638,0.001,337.645,0.357,6.4,32.17
6.683,0.096,2649.651,463.43,0.263,0.003,62.552,43.254,12.842,0.579,0.39,0.053,0.136,0.579,0.024,0.073,-3.008e-4,0,-0.003,0.891,0.894,4.782e-6,932.384,0.001,337.636,0.356,6.4,32.17
6.702,0.07,2649.473,463.252,0.263,0.003,62.564,43.252,12.623,0.579,0.39,0.053,0.136,0.579,0.018,0.053,2.496e-4,0,-0.003,0.891,0.894,1.2e-5,932.131,0.001,337.627,0.356,6.4,32.17
6.721,0.042,2649.296,463.076,0.263,0.003,62.593,43.249,12.406,0.579,0.39,0.053,0.136,0.579,0.01,0.031,-3.52e-4,0,-0.003,0.891,0.894,1.815e-6,931.88,0.001,337.618,0.355,6.4,32.17
6.726,0.044,2649.249,463.028,0.263,0.003,62.586,43.249,12.347,0.579,0.39,0.053,0.136,0.579,0.011,0.033,4.738e-4,0,-0.003,0.891,0.894,-1.239e-7,931.813,0.001,337.616,0.355,6.4,32.17
6.734,0.057,2649.209,462.989,0.263,0.003,62.57,43.248,12.281,0.579,0.39,0.052,0.136,0.579,0.014,0.042,-2.357e-4,0,-0.003,0.891,0.894,-4.743e-6,931.711,0.001,337.612,0.355,6.4,32.17
6.745,0.084,2649.15,462.93,0.263,0.003,62.555,43.247,12.181,0.579,0.39,0.052,0.136,0.579,0.021,0.063,-2.576e-4,0,-0.003,0.891,0.894,-9.159e-6,931.559,0.001,337.607,0.354,6.4,32.17
6.762,0.102,2649.062,462.841,0.263,0.003,62.553,43.246,12.032,0.578,0.39,0.052,0.136,0.578,0.025,0.077,-2.777e-4,0,-0.003,0.891,0.894,-6.109e-6,931.331,0.001,337.599,0.354,6.4,32.17
6.78,0.103,2648.968,462.747,0.263,0.003,62.561,43.245,11.874,0.578,0.39,0.052,0.136,0.578,0.026,0.078,3.086e-4,0,-0.003,0.891,0.894,-1.308e-6,931.09,0.001,337.59,0.353,6.4,32.17
6.799,0.094,2648.874,462.653,0.263,0.003,62.569,43.244,11.715,0.578,0.39,0.052,0.136,0.578,0.024,0.072,2.501e-4,0,-0.003,0.891,0.894,1.265e-7,930.848,0.001,337.582,0.352,6.4,32.17
6.817,0.07,2648.779,462.559,0.263,0.003,62.576,43.242,11.556,0.578,0.39,0.052,0.136,0.578,0.018,0.053,-4.368e-4,0,-0.003,0.891,0.894,2.538e-6,930.607,0.001,337.573,0.352,6.4,32.17
6.835,0.04,2648.685,462.464,0.263,0.003,62.577,43.241,11.397,0.578,0.39,0.052,0.136,0.578,0.01,0.03,-2.13e-4,0,-0.003,0.891,0.894,4.275e-6,930.365,0.001,337.565,0.351,6.4,32.17
6.854,0.021,2648.59,462.37,0.263,0.003,62.584,43.24,11.238,0.578,0.39,0.052,0.136,0.578,0.005,0.016,4.839e-4,0,-0.003,0.891,0.894,-6.815e-8,930.124,0.001,337.556,0.351,6.4,32.17
6.872,0.035,2648.496,462.276,0.263,0.003,62.589,43.239,11.079,0.577,0.39,0.051,0.136,0.577,0.009,0.026,3.488e-4,0,-0.003,0.891,0.894,-4.468e-6,929.884,0.001,337.548,0.35,6.4,32.17
6.89,0.054,2648.403,462.182,0.263,0.003,62.571,43.237,10.922,0.577,0.39,0.051,0.136,0.577,0.013,0.04,-4.593e-4,0,-0.003,0.891,0.894,-2.984e-6,929.646,0.001,337.539,0.35,6.4,32.17
6.908,0.063,2648.31,462.089,0.263,0.003,62.562,43.236,10.765,0.577,0.39,0.051,0.136,0.577,0.016,0.047,9.894e-5,0,-0.003,0.891,0.894,-7.437e-7,929.41,0.001,337.531,0.349,6.4,32.17
6.926,0.066,2648.218,461.997,0.263,0.003,62.559,43.235,10.61,0.577,0.39,0.051,0.136,0.577,0.017,0.05,-4.414e-4,0,-0.003,0.891,0.894,0,929.177,0.001,337.523,0.348,6.4,32.17
6.944,0.068,2648.126,461.906,0.263,0.003,62.556,43.234,10.456,0.577,0.39,0.051,0.136,0.577,0.017,0.052,1.274e-4,0,-0.003,0.891,0.894,7.553e-7,928.946,0.001,337.515,0.348,6.4,32.17
6.961,0.059,2648.036,461.815,0.263,0.003,62.559,43.233,10.304,0.577,0.39,0.051,0.136,0.577,0.015,0.044,3.759e-5,0,-0.003,0.891,0.894,3.244e-6,928.718,0.001,337.507,0.347,6.4,32.17
6.979,0.051,2647.945,461.725,0.263,0.003,62.579,43.231,10.151,0.576,0.39,0.051,0.136,0.576,0.013,0.038,-6.347e-5,0,-0.003,0.891,0.894,2.019e-6,928.489,0.001,337.499,0.347,6.4,32.17
6.997,0.065,2647.854,461.633,0.263,0.003,62.567,43.23,9.997,0.576,0.39,0.051,0.136,0.576,0.016,0.049,4.289e-4,0,-0.003,0.89,0.894,-3.672e-8,928.259,0.001,337.49,0.346,6.4,32.17
7.014,0.059,2647.762,461.542,0.263,0.003,62.558,43.229,9.843,0.576,0.39,0.05,0.136,0.576,0.015,0.045,1.336e-4,0,-0.003,0.89,0.894,-5.355e-7,928.029,0.001,337.482,0.345,6.4,32.17
7.032,0.049,2647.672,461.452,0.263,0.003,62.559,43.228,9.691,0.576,0.39,0.05,0.135,0.576,0.012,0.037,-1.307e-4,0,-0.003,0.89,0.894,-1.101e-6,927.802,0.001,337.474,0.345,6.4,32.17
7.049,0.041,2647.583,461.362,0.263,0.003,62.567,43.227,9.54,0.576,0.39,0.05,0.135,0.576,0.01,0.031,-1.691e-4,0,-0.003,0.89,0.894,-1.443e-6,927.579,0.001,337.466,0.344,6.4,32.17
7.066,0.076,2647.495,461.274,0.263,0.003,62.563,43.225,9.391,0.576,0.39,0.05,0.135,0.576,0.019,0.058,-1.283e-4,0,-0.003,0.89,0.894,-1.25e-6,927.358,0.001,337.459,0.344,6.4,32.17
7.084,0.111,2647.405,461.185,0.263,0.003,62.553,43.224,9.241,0.575,0.39,0.05,0.135,0.575,0.028,0.084,2.524e-4,0,-0.003,0.89,0.893,-5.399e-8,927.135,0.001,337.451,0.343,6.4,32.17
7.101,0.136,2647.315,461.095,0.263,0.003,62.54,43.223,9.09,0.575,0.39,0.05,0.135,0.575,0.034,0.102,4.73e-4,0,-0.003,0.89,0.893,1.129e-6,926.911,0.001,337.443,0.342,6.4,32.17
7.119,0.13,2647.225,461.005,0.263,0.003,62.534,43.222,8.938,0.575,0.39,0.05,0.135,0.575,0.032,0.098,4.763e-5,0,-0.003,0.89,0.893,5.184e-6,926.687,0.001,337.435,0.342,6.4,32.17
7.136,0.118,2647.136,460.915,0.263,0.003,62.531,43.221,8.787,0.575,0.39,0.05,0.135,0.575,0.029,0.088,3.39e-4,0,-0.003,0.89,0.893,8.24e-6,926.466,0.001,337.427,0.341,6.4,32.17
7.153,0.105,2647.047,460.827,0.263,0.003,62.534,43.219,8.638,0.575,0.39,0.049,0.135,0.575,0.026,0.079,-1.874e-4,0,-0.003,0.89,0.893,5.718e-6,926.246,0.001,337.419,0.341,6.4,32.17
7.17,0.098,2646.959,460.738,0.263,0.003,62.547,43.218,8.489,0.575,0.39,0.049,0.135,0.575,0.025,0.075,3.264e-4,0,-0.003,0.89,0.893,4.705e-7,926.027,0.001,337.412,0.34,6.4,32.17
7.187,0.103,2646.871,460.651,0.263,0.003,62.553,43.217,8.341,0.574,0.39,0.049,0.135,0.575,0.026,0.078,3.178e-4,0,-0.003,0.89,0.893,-1.849e-6,925.81,0.001,337.404,0.34,6.4,32.17
7.204,0.118,2646.784,460.563,0.263,0.003,62.542,43.216,8.194,0.574,0.39,0.049,0.135,0.574,0.029,0.089,1.667e-6,0,-0.003,0.89,0.893,-6.208e-6,925.595,0.001,337.396,0.339,6.4,32.17
7.221,0.136,2646.697,460.476,0.263,0.003,62.526,43.215,8.047,0.574,0.39,0.049,0.135,0.574,0.034,0.103,-5.695e-5,0,-0.003,0.89,0.893,-6.077e-6,925.381,0.001,337.389,0.338,6.4,32.17
7.238,0.15,2646.61,460.389,0.263,0.003,62.514,43.214,7.9,0.574,0.39,0.049,0.135,0.574,0.038,0.113,-3.83e-4,0,-0.003,0.89,0.893,-2.84e-6,925.167,0.001,337.381,0.338,6.4,32.17
7.255,0.162,2646.523,460.303,0.263,0.003,62.507,43.213,7.754,0.574,0.39,0.049,0.135,0.574,0.041,0.122,-1.803e-4,0,-0.003,0.89,0.893,-1.989e-7,924.955,0.001,337.374,0.337,6.4,32.17
7.272,0.177,2646.436,460.216,0.263,0.003,62.504,43.211,7.609,0.574,0.39,0.049,0.135,0.574,0.044,0.133,4.345e-5,0,-0.003,0.89,0.893,1.178e-6,924.743,0.001,337.366,0.337,6.4,32.17
7.289,0.184,2646.35,460.129,0.263,0.003,62.505,43.21,7.462,0.574,0.39,0.048,0.135,0.574,0.046,0.14,1.794e-4,0,-0.004,0.89,0.893,6.837e-6,924.53,0.001,337.359,0.336,6.4,32.17
7.306,0.173,2646.262,460.042,0.263,0.003,62.516,43.209,7.315,0.573,0.39,0.048,0.135,0.573,0.043,0.13,1.608e-4,0,-0.004,0.889,0.893,1.355e-5,924.318,0.001,337.351,0.335,6.4,32.17
7.322,0.139,2646.176,459.955,0.263,0.003,62.534,43.208,7.17,0.573,0.39,0.048,0.135,0.573,0.035,0.105,4.103e-4,0,-0.004,0.889,0.893,8.936e-6,924.107,0.001,337.344,0.335,6.4,32.17
7.339,0.118,2646.091,459.87,0.263,0.003,62.533,43.207,7.026,0.573,0.39,0.048,0.135,0.573,0.03,0.089,2.048e-4,0,-0.004,0.889,0.893,2.312e-8,923.9,0.001,337.337,0.334,6.4,32.17
7.355,0.121,2646.006,459.786,0.263,0.003,62.521,43.206,6.884,0.573,0.39,0.048,0.134,0.573,0.03,0.091,3.203e-4,0,-0.004,0.889,0.893,-7.264e-6,923.695,0.001,337.33,0.334,6.4,32.17
7.372,0.134,2645.922,459.702,0.262,0.003,62.516,43.205,6.742,0.573,0.39,0.048,0.134,0.573,0.034,0.101,-4.288e-4,0,-0.004,0.889,0.893,-1.209e-5,923.492,0.001,337.322,0.333,6.4,32.17
7.388,0.148,2645.838,459.617,0.262,0.003,62.517,43.203,6.6,0.573,0.39,0.048,0.134,0.573,0.037,0.111,1.067e-4,0,-0.004,0.889,0.893,-1.077e-5,923.288,0.001,337.315,0.333,6.4,32.17
7.404,0.158,2645.754,459.533,0.262,0.003,62.519,43.202,6.458,0.572,0.39,0.048,0.134,0.573,0.039,0.119,-4.23e-4,0,-0.004,0.889,0.893,-5.995e-6,923.085,0.001,337.308,0.332,6.4,32.17
7.421,0.162,2645.67,459.449,0.262,0.003,62.521,43.201,6.316,0.572,0.391,0.048,0.134,0.572,0.041,0.122,-4.661e-4,0,-0.004,0.889,0.893,-1.586e-6,922.883,0.001,337.301,0.331,6.4,32.17
7.437,0.159,2645.585,459.365,0.262,0.003,62.523,43.2,6.174,0.572,0.391,0.047,0.134,0.572,0.04,0.119,-3.217e-4,0,-0.004,0.889,0.893,1.123e-8,922.679,0.001,337.294,0.331,6.4,32.17
7.453,0.148,2645.544,459.324,0.262,0.003,62.523,43.2,6.098,0.572,0.391,0.047,0.134,0.572,0.037,0.112,-1.827e-4,0,-0.004,0.889,0.893,1.934e-6,922.479,0.001,337.287,0.33,6.4,32.17
7.469,0.132,2645.504,459.283,0.262,0.003,62.524,43.199,6.021,0.572,0.391,0.047,0.134,0.572,0.033,0.1,-3.541e-4,0,-0.004,0.889,0.893,6.369e-6,922.28,0.001,337.28,0.33,6.4,32.17
7.486,0.114,2645.463,459.243,0.262,0.003,62.526,43.199,5.945,0.572,0.391,0.047,0.134,0.572,0.028,0.086,-2.855e-4,0,-0.004,0.889,0.893,1.096e-5,922.081,0.001,337.273,0.329,6.4,32.17
7.502,0.094,2645.423,459.202,0.262,0.003,62.528,43.198,5.869,0.572,0.391,0.047,0.134,0.572,0.023,0.071,1.972e-4,0,-0.004,0.889,0.893,1.235e-5,921.881,0.001,337.266,0.328,6.4,32.17
7.518,0.073,2645.382,459.161,0.262,0.003,62.535,43.197,5.792,0.571,0.391,0.047,0.134,0.571,0.018,0.055,3.235e-4,0,-0.004,0.889,0.893,2.262e-6,921.683,0.001,337.259,0.328,6.4,32.17
7.534,0.069,2645.342,459.121,0.262,0.003,62.551,43.197,5.717,0.571,0.391,0.047,0.134,0.571,0.017,0.053,-4.141e-4,0,-0.004,0.889,0.893,-3.959e-6,921.486,0.001,337.252,0.327,6.4,32.17
7.55,0.083,2645.302,459.081,0.262,0.003,62.548,43.196,5.641,0.571,0.391,0.047,0.134,0.571,0.021,0.062,8.845e-5,0,-0.004,0.889,0.893,-1.564e-5,921.291,0.001,337.245,0.327,6.4,32.17
7.566,0.08,2645.262,459.041,0.262,0.003,62.546,43.196,5.566,0.571,0.391,0.046,0.134,0.571,0.02,0.061,-3.522e-4,0,-0.004,0.889,0.893,-1.394e-5,921.097,0.001,337.238,0.326,6.4,32.17
7.582,0.078,2645.222,459.001,0.262,0.003,62.544,43.195,5.491,0.571,0.391,0.046,0.134,0.571,0.019,0.059,-4.888e-4,0,-0.004,0.889,0.893,-1.016e-5,920.902,0.001,337.231,0.326,6.4,32.17
7.598,0.079,2645.181,458.961,0.262,0.003,62.542,43.195,5.415,0.571,0.391,0.046,0.134,0.571,0.02,0.059,-1.957e-4,0,-0.004,0.889,0.892,-6.172e-6,920.706,0.001,337.224,0.325,6.4,32.17
7.614,0.086,2645.141,458.92,0.262,0.003,62.539,43.194,5.339,0.57,0.391,0.046,0.134,0.571,0.021,0.065,7.136e-5,0,-0.004,0.889,0.892,-2.638e-6,920.51,0.001,337.217,0.324,6.4,32.17
7.63,0.102,2645.1,458.879,0.262,0.003,62.532,43.194,5.263,0.57,0.391,0.046,0.134,0.57,0.025,0.077,-4.771e-4,0,-0.004,0.888,0.892,-5.025e-7,920.314,0.001,337.21,0.324,6.4,32.17
7.646,0.122,2645.059,458.839,0.262,0.003,62.521,43.193,5.186,0.57,0.391,0.046,0.134,0.57,0.03,0.092,-1.479e-4,0,-0.004,0.888,0.892,8.213e-8,920.118,0.001,337.203,0.323,6.4,32.17
7.663,0.115,2645.019,458.798,0.262,0.003,62.516,43.193,5.109,0.57,0.391,0.046,0.134,0.57,0.029,0.086,-2.655e-4,0,-0.004,0.888,0.892,9.885e-7,919.922,0.001,337.196,0.323,6.4,32.17
7.679,0.099,2644.978,458.758,0.262,0.003,62.518,43.192,5.034,0.57,0.391,0.046,0.133,0.57,0.025,0.075,3.739e-4,0,-0.004,0.888,0.892,1.457e-6,919.728,0.001,337.19,0.322,6.4,32.17
7.695,0.084,2644.938,458.718,0.262,0.003,62.529,43.192,4.959,0.57,0.391,0.046,0.133,0.57,0.021,0.064,-2.923e-4,0,-0.004,0.888,0.892,6.628e-7,919.538,0.001,337.183,0.322,6.4,32.17
7.71,0.077,2644.899,458.678,0.262,0.003,62.542,43.191,4.885,0.57,0.391,0.045,0.133,0.57,0.019,0.058,1.35e-4,0,-0.004,0.888,0.892,3.391e-8,919.349,0.001,337.176,0.321,6.4,32.17
7.726,0.074,2644.86,458.639,0.262,0.003,62.547,43.191,4.811,0.569,0.391,0.045,0.133,0.569,0.018,0.056,-1.194e-4,0,-0.004,0.888,0.892,-1.873e-7,919.161,0.001,337.17,0.32,6.4,32.17
7.742,0.073,2644.82,458.6,0.262,0.003,62.543,43.19,4.737,0.569,0.391,0.045,0.133,0.569,0.018,0.055,3.586e-4,0,-0.004,0.888,0.892,-9.454e-7,918.974,0.001,337.163,0.32,6.4,32.17
7.757,0.074,2644.781,458.561,0.262,0.003,62.534,43.19,4.664,0.569,0.391,0.045,0.133,0.569,0.019,0.056,1.487e-4,0,-0.004,0.888,0.892,-1.701e-6,918.788,0.001,337.157,0.319,6.4,32.17
7.773,0.076,2644.742,458.522,0.262,0.003,62.525,43.189,4.59,0.569,0.391,0.045,0.133,0.569,0.019,0.057,4.477e-4,0,-0.004,0.888,0.892,-1.797e-6,918.602,0.001,337.15,0.319,6.4,32.17
7.788,0.078,2644.703,458.482,0.262,0.003,62.523,43.188,4.517,0.569,0.391,0.045,0.133,0.569,0.019,0.059,1.11e-4,0,-0.004,0.888,0.892,-1.159e-6,918.417,0.001,337.143,0.318,6.4,32.17
7.804,0.078,2644.664,458.443,0.262,0.003,62.528,43.188,4.443,0.569,0.391,0.045,0.133,0.569,0.019,0.058,-3.538e-4,0,-0.004,0.888,0.892,-4.177e-7,918.232,0.001,337.137,0.317,6.4,32.17
7.819,0.081,2644.625,458.405,0.262,0.003,62.536,43.187,4.37,0.569,0.391,0.045,0.133,0.569,0.02,0.061,-2.278e-4,0,-0.004,0.888,0.892,-1.646e-8,918.049,0.001,337.13,0.317,6.4,32.17
7.835,0.082,2644.587,458.366,0.262,0.003,62.54,43.187,4.298,0.568,0.391,0.044,0.133,0.568,0.021,0.062,4.079e-4,0,-0.004,0.888,0.892,1.954e-7,917.867,0.001,337.124,0.316,6.4,32.17
7.85,0.082,2644.548,458.327,0.262,0.003,62.535,43.186,4.225,0.568,0.391,0.044,0.133,0.568,0.02,0.062,2.025e-4,0,-0.004,0.888,0.892,8.444e-7,917.685,0.001,337.118,0.316,6.4,32.17
7.865,0.057,2644.51,458.289,0.262,0.003,62.54,43.186,4.153,0.568,0.391,0.044,0.133,0.568,0.014,0.043,-2.805e-5,0,-0.004,0.888,0.892,1.78e-6,917.505,0.001,337.111,0.315,6.4,32.17
7.881,0.031,2644.471,458.25,0.262,0.003,62.546,43.185,4.081,0.568,0.391,0.044,0.133,0.568,0.008,0.023,-3.461e-4,0,-0.004,0.888,0.892,2.21e-6,917.324,0.001,337.105,0.315,6.4,32.17
7.896,0.008,2644.432,458.212,0.262,0.003,62.558,43.185,4.008,0.568,0.391,0.044,0.133,0.568,0.002,0.006,-3.548e-4,0,-0.004,0.888,0.892,3.597e-6,917.142,0.001,337.098,0.314,6.4,32.17
7.912,0.007,2644.393,458.173,0.262,0.003,62.549,43.184,3.934,0.568,0.391,0.044,0.133,0.568,0.002,0.006,-3.658e-4,0,-0.004,0.888,0.892,-1.294e-6,916.96,0.001,337.092,0.313,6.4,32.17
7.927,0.019,2644.354,458.134,0.262,0.003,62.544,43.184,3.861,0.568,0.391,0.044,0.133,0.568,0.005,0.014,2.923e-4,0,-0.004,0.888,0.892,-1.141e-6,916.779,0.001,337.086,0.313,6.4,32.17
7.943,0.026,2644.315,458.095,0.262,0.003,62.539,43.183,3.788,0.567,0.391,0.044,0.133,0.567,0.007,0.02,4.373e-4,0,-0.004,0.887,0.892,-3.099e-7,916.599,0.001,337.079,0.312,6.4,32.17
7.958,0.029,2644.277,458.056,0.262,0.003,62.537,43.183,3.716,0.567,0.391,0.044,0.133,0.567,0.007,0.022,-4.679e-4,0,-0.004,0.887,0.892,2.39e-7,916.419,0.001,337.073,0.312,6.4,32.17
7.974,0.028,2644.238,458.017,0.262,0.003,62.547,43.182,3.643,0.567,0.391,0.043,0.133,0.567,0.007,0.021,-3.686e-4,0,-0.005,0.887,0.892,3.153e-6,916.239,0.001,337.067,0.311,6.4,32.17
7.989,0.027,2644.199,457.979,0.262,0.003,62.557,43.182,3.57,0.567,0.391,0.043,0.133,0.567,0.007,0.02,1.413e-4,0,-0.005,0.887,0.892,5.78e-6,916.06,0.001,337.06,0.311,6.4,32.17
8.005,0.033,2644.161,457.94,0.262,0.003,62.543,43.181,3.497,0.567,0.391,0.043,0.132,0.567,0.008,0.025,2.982e-6,0,-0.005,0.887,0.892,2.366e-6,915.881,0.001,337.054,0.31,6.4,32.17
8.02,0.052,2644.122,457.901,0.262,0.003,62.526,43.181,3.424,0.567,0.391,0.043,0.132,0.567,0.013,0.039,1.655e-4,0,-0.005,0.887,0.892,5.951e-8,915.702,0.001,337.048,0.309,6.4,32.17
8.036,0.076,2644.083,457.862,0.262,0.003,62.518,43.18,3.351,0.567,0.391,0.043,0.132,0.567,0.019,0.057,4.595e-4,0,-0.005,0.887,0.892,-2.129e-7,915.523,0.001,337.041,0.309,6.4,32.17
8.051,0.1,2644.044,457.823,0.262,0.003,62.516,43.18,3.278,0.566,0.391,0.043,0.132,0.566,0.025,0.076,2.367e-4,0,-0.005,0.887,0.892,-4.339e-7,915.344,0.001,337.035,0.308,6.4,32.17
8.066,0.101,2644.005,457.784,0.262,0.003,62.522,43.179,3.205,0.566,0.391,0.043,0.132,0.566,0.025,0.076,3.873e-4,0,-0.005,0.887,0.892,-4.64e-7,915.166,0.001,337.029,0.308,6.4,32.17
8.082,0.101,2643.966,457.746,0.262,0.003,62.524,43.179,3.133,0.566,0.391,0.043,0.132,0.566,0.025,0.076,-4.016e-4,0,-0.005,0.887,0.892,-3.221e-7,914.99,0.001,337.023,0.307,6.4,32.17
8.097,0.101,2643.928,457.707,0.262,0.003,62.521,43.178,3.061,0.566,0.391,0.043,0.132,0.566,0.025,0.076,-3.19e-5,0,-0.005,0.887,0.892,-1.262e-7,914.815,0.001,337.016,0.307,6.4,32.17
8.112,0.101,2643.89,457.669,0.262,0.003,62.515,43.178,2.989,0.566,0.391,0.042,0.132,0.566,0.025,0.076,3.37e-4,0,-0.005,0.887,0.892,-5.372e-9,914.641,0.001,337.01,0.306,6.4,32.17
8.128,0.099,2643.852,457.631,0.262,0.003,62.508,43.177,2.917,0.566,0.391,0.042,0.132,0.566,0.025,0.075,-4.848e-5,0,-0.005,0.887,0.892,4.738e-8,914.467,0.001,337.004,0.305,6.4,32.17
8.142,0.097,2643.815,457.595,0.262,0.003,62.504,43.177,2.849,0.566,0.391,0.042,0.132,0.566,0.024,0.073,3.212e-4,0,-0.005,0.887,0.892,2.002e-7,914.303,0.001,336.998,0.305,6.4,32.17
8.157,0.09,2643.8,457.579,0.262,0.003,62.507,43.177,2.801,0.565,0.391,0.042,0.132,0.565,0.023,0.068,3.85e-4,0,-0.005,0.887,0.892,2.912e-7,914.131,0.001,336.992,0.304,6.4,32.17
8.172,0.082,2643.784,457.563,0.262,0.003,62.516,43.176,2.752,0.565,0.391,0.042,0.132,0.565,0.02,0.061,3.475e-4,0,-0.005,0.887,0.892,1.418e-7,913.96,0.001,336.986,0.304,6.4,32.17
8.187,0.074,2643.768,457.547,0.262,0.003,62.528,43.176,2.704,0.565,0.391,0.042,0.132,0.565,0.019,0.056,-1.992e-4,0,-0.005,0.887,0.892,0,913.789,0.001,336.98,0.303,6.4,32.17
8.202,0.071,2643.752,457.531,0.262,0.003,62.533,43.176,2.656,0.565,0.391,0.042,0.132,0.565,0.018,0.053,-6.8e-6,0,-0.005,0.887,0.892,-1.725e-7,913.62,0.001,336.974,0.303,6.4,32.17
8.217,0.075,2643.736,457.515,0.262,0.003,62.529,43.176,2.608,0.565,0.391,0.042,0.132,0.565,0.019,0.057,3.598e-4,0,-0.005,0.887,0.892,-1.48e-7,913.451,0.001,336.968,0.302,6.4,32.17
8.232,0.08,2643.72,457.5,0.262,0.003,62.523,43.175,2.56,0.565,0.391,0.042,0.132,0.565,0.02,0.06,-3.234e-4,0,-0.005,0.887,0.892,-7.783e-8,913.281,0.001,336.962,0.302,6.4,32.17
8.247,0.084,2643.704,457.484,0.262,0.003,62.516,43.175,2.512,0.565,0.391,0.041,0.132,0.565,0.021,0.063,4.528e-4,0,-0.005,0.887,0.891,-1.233e-8,913.112,0.001,336.956,0.301,6.4,32.17
8.262,0.081,2643.688,457.468,0.262,0.003,62.509,43.175,2.464,0.564,0.391,0.041,0.132,0.564,0.02,0.061,4.238e-4,0,-0.005,0.886,0.891,-2.563e-8,912.943,0.001,336.95,0.3,6.4,32.17
8.277,0.077,2643.672,457.452,0.262,0.003,62.507,43.175,2.415,0.564,0.391,0.041,0.132,0.564,0.019,0.058,2.582e-4,0,-0.005,0.886,0.891,-7.913e-8,912.774,0.001,336.944,0.3,6.4,32.17
8.292,0.073,2643.657,457.436,0.262,0.003,62.512,43.175,2.367,0.564,0.391,0.041,0.132,0.564,0.018,0.055,-1.573e-4,0,-0.005,0.886,0.891,-1.565e-7,912.606,0.001,336.939,0.299,6.4,32.17
8.307,0.071,2643.641,457.42,0.262,0.003,62.52,43.174,2.319,0.564,0.391,0.041,0.132,0.564,0.018,0.053,-2.428e-4,0,-0.005,0.886,0.891,-1.891e-7,912.439,0.001,336.933,0.299,6.4,32.17
8.322,0.068,2643.625,457.404,0.262,0.003,62.527,43.174,2.272,0.564,0.391,0.041,0.132,0.564,0.017,0.051,-1.958e-4,0,-0.005,0.886,0.891,-1.498e-7,912.273,0.001,336.927,0.298,6.4,32.17
8.337,0.065,2643.609,457.389,0.262,0.003,62.53,43.174,2.224,0.564,0.391,0.041,0.132,0.564,0.016,0.049,-2.943e-4,0,-0.005,0.886,0.891,-9.538e-8,912.107,0.001,336.921,0.298,6.4,32.17
8.352,0.062,2643.593,457.373,0.262,0.003,62.529,43.174,2.176,0.564,0.391,0.041,0.131,0.564,0.015,0.047,3.302e-4,0,-0.005,0.886,0.891,-3.946e-8,911.941,0.001,336.915,0.297,6.4,32.17
8.367,0.058,2643.578,457.357,0.262,0.003,62.526,43.174,2.128,0.563,0.391,0.041,0.131,0.563,0.015,0.044,6.392e-5,0,-0.005,0.886,0.891,0,911.776,0.001,336.909,0.296,6.4,32.17
8.382,0.054,2643.562,457.341,0.262,0.003,62.523,43.173,2.08,0.563,0.391,0.041,0.131,0.563,0.013,0.041,1.889e-4,0,-0.005,0.886,0.891,2.519e-8,911.61,0.001,336.903,0.296,6.4,32.17
8.397,0.049,2643.546,457.325,0.262,0.003,62.519,43.173,2.032,0.563,0.391,0.04,0.131,0.563,0.012,0.037,3.818e-4,0,-0.005,0.886,0.891,7.662e-8,911.445,0.001,336.898,0.295,6.4,32.17
8.412,0.044,2643.53,457.31,0.262,0.003,62.516,43.173,1.984,0.563,0.391,0.04,0.131,0.563,0.011,0.033,-3.035e-4,0,-0.005,0.886,0.891,0,911.281,0.001,336.892,0.295,6.4,32.17
8.427,0.041,2643.514,457.294,0.262,0.003,62.523,43.173,1.937,0.563,0.391,0.04,0.131,0.563,0.01,0.031,-3.572e-4,0,-0.005,0.886,0.891,-1.96e-7,911.117,0.001,336.886,0.294,6.4,32.17
8.442,0.042,2643.499,457.278,0.262,0.003,62.534,43.173,1.889,0.563,0.391,0.04,0.131,0.563,0.01,0.031,2.268e-4,0,-0.005,0.886,0.891,-5.454e-7,910.954,0.001,336.88,0.294,6.4,32.17
8.457,0.045,2643.483,457.262,0.262,0.003,62.534,43.172,1.841,0.563,0.391,0.04,0.131,0.563,0.011,0.034,6.369e-5,0,-0.005,0.886,0.891,-5.608e-7,910.791,0.001,336.875,0.293,6.4,32.17
8.471,0.05,2643.467,457.247,0.262,0.003,62.526,43.172,1.794,0.563,0.391,0.04,0.131,0.563,0.012,0.037,-7.241e-5,0,-0.005,0.886,0.891,-2.574e-7,910.63,0.001,336.869,0.292,6.4,32.17
8.486,0.054,2643.452,457.231,0.262,0.003,62.515,43.172,1.747,0.562,0.391,0.04,0.131,0.562,0.013,0.041,3.52e-4,0,-0.005,0.886,0.891,-1.41e-8,910.469,0.001,336.863,0.292,6.4,32.17
8.501,0.055,2643.436,457.216,0.262,0.003,62.509,43.172,1.699,0.562,0.391,0.04,0.131,0.562,0.014,0.041,1.432e-4,0,-0.005,0.886,0.891,1.02e-7,910.308,0.001,336.858,0.291,6.4,32.17
8.516,0.028,2643.421,457.2,0.262,0.003,62.519,43.171,1.652,0.562,0.392,0.04,0.131,0.562,0.007,0.021,-7.972e-5,0,-0.005,0.886,0.891,4.113e-7,910.148,0.001,336.852,0.291,6.4,32.17
8.531,0.004,2643.405,457.184,0.262,0.003,62.542,43.171,1.605,0.562,0.392,0.04,0.131,0.562,0.001,0.003,4.543e-5,0,-0.005,0.886,0.891,3.297e-7,909.987,0.001,336.846,0.29,6.4,32.17
8.545,0.026,2643.389,457.168,0.262,0.003,62.532,43.171,1.557,0.562,0.392,0.04,0.131,0.562,0.007,0.019,-4.428e-4,0,-0.005,0.886,0.891,-6.413e-8,909.825,0.001,336.841,0.29,6.4,32.17
8.56,0.045,2643.373,457.153,0.262,0.003,62.527,43.171,1.509,0.562,0.392,0.039,0.131,0.562,0.011,0.034,-2.943e-5,0,-0.005,0.886,0.891,3.05e-8,909.664,0.001,336.835,0.289,6.4,32.17
8.575,0.058,2643.357,457.137,0.262,0.003,62.525,43.171,1.461,0.562,0.392,0.039,0.131,0.562,0.014,0.044,5.624e-5,0,-0.005,0.886,0.891,5.793e-7,909.502,0.001,336.829,0.289,6.4,32.17
8.59,0.068,2643.342,457.121,0.262,0.003,62.522,43.17,1.413,0.562,0.392,0.039,0.131,0.562,0.017,0.051,-3.622e-5,0,-0.005,0.886,0.891,1.995e-6,909.341,0.001,336.823,0.288,6.4,32.17
8.605,0.065,2643.326,457.105,0.262,0.003,62.521,43.17,1.365,0.561,0.392,0.039,0.131,0.561,0.016,0.049,3.006e-4,0,-0.006,0.885,0.891,4.086e-6,909.18,0.001,336.818,0.287,6.4,32.17
8.62,0.046,2643.31,457.089,0.262,0.003,62.526,43.17,1.317,0.561,0.392,0.039,0.131,0.561,0.011,0.034,3.052e-5,0,-0.006,0.885,0.891,5.96e-6,909.02,0.001,336.812,0.287,6.4,32.17
8.635,0.026,2643.294,457.074,0.262,0.003,62.533,43.17,1.27,0.561,0.392,0.039,0.131,0.561,0.007,0.02,3.058e-4,0,-0.006,0.885,0.891,7.287e-6,908.861,0.001,336.807,0.286,6.4,32.17
8.65,0.01,2643.279,457.058,0.262,0.003,62.543,43.17,1.222,0.561,0.392,0.039,0.131,0.561,0.002,0.007,-4.051e-4,0,-0.006,0.885,0.891,8.391e-6,908.704,0.001,336.801,0.286,6.4,32.17
8.665,0.016,2643.263,457.043,0.262,0.003,62.52,43.169,1.175,0.561,0.392,0.039,0.131,0.561,0.004,0.012,-2.806e-4,0,-0.006,0.885,0.891,1.004e-7,908.548,0.001,336.795,0.285,6.4,32.17
8.679,0.034,2643.247,457.027,0.262,0.003,62.521,43.169,1.128,0.561,0.392,0.039,0.131,0.561,0.008,0.026,-3.35e-4,0,-0.006,0.885,0.891,-1.331e-6,908.391,0.001,336.79,0.285,6.4,32.17
8.694,0.055,2643.232,457.011,0.262,0.003,62.519,43.169,1.081,0.561,0.392,0.039,0.13,0.561,0.014,0.042,2.769e-4,0,-0.006,0.885,0.891,-2.661e-6,908.234,0.001,336.784,0.284,6.4,32.17
8.709,0.074,2643.216,456.996,0.262,0.003,62.515,43.169,1.033,0.561,0.392,0.039,0.13,0.561,0.019,0.056,2.058e-4,0,-0.006,0.885,0.891,-2.844e-6,908.077,0.001,336.779,0.284,6.4,32.17
8.724,0.091,2643.2,456.98,0.262,0.003,62.508,43.169,0.985,0.561,0.392,0.038,0.13,0.561,0.023,0.069,-2.844e-4,0,-0.006,0.885,0.891,-2.05e-6,907.92,0.001,336.773,0.283,6.4,32.17
8.735,0.102,2643.189,456.968,0.262,0.003,62.502,43.168,0.95,0.56,0.392,0.038,0.13,0.56,0.025,0.077,2.179e-4,0,-0.006,0.885,0.891,-1.164e-6,907.803,0.001,336.769,0.283,6.4,32.17
8.75,0.115,2643.185,456.964,0.262,0.003,62.493,43.168,0.895,0.56,0.392,0.038,0.13,0.56,0.029,0.087,-3.551e-4,0,-0.006,0.885,0.891,-2.039e-7,907.647,0.001,336.764,0.282,6.4,32.17
8.765,0.121,2643.181,456.96,0.262,0.003,62.485,43.168,0.841,0.56,0.392,0.038,0.13,0.56,0.03,0.091,2.493e-5,0,-0.006,0.885,0.891,7.454e-8,907.491,0.001,336.758,0.281,6.4,32.17
8.78,0.124,2643.177,456.956,0.262,0.003,62.479,43.168,0.786,0.56,0.392,0.038,0.13,0.56,0.031,0.094,-1.259e-4,0,-0.006,0.885,0.891,1.023e-6,907.336,0.001,336.753,0.281,6.4,32.17
8.794,0.124,2643.173,456.953,0.262,0.003,62.474,43.168,0.732,0.56,0.392,0.038,0.13,0.56,0.031,0.093,2.664e-4,0,-0.006,0.885,0.891,2.8e-6,907.181,0.001,336.747,0.28,6.4,32.17
8.809,0.119,2643.169,456.949,0.262,0.003,62.475,43.168,0.677,0.56,0.392,0.038,0.13,0.56,0.03,0.089,-3.034e-4,0,-0.006,0.885,0.891,4.617e-6,907.026,0.001,336.742,0.28,6.4,32.17
8.824,0.11,2643.165,456.945,0.262,0.003,62.48,43.168,0.623,0.56,0.392,0.038,0.13,0.56,0.027,0.083,9.853e-5,0,-0.006,0.885,0.891,5.269e-6,906.873,0.001,336.736,0.279,6.4,32.17
8.839,0.101,2643.161,456.941,0.262,0.003,62.489,43.168,0.569,0.56,0.392,0.038,0.13,0.56,0.025,0.077,-3.68e-4,0,-0.006,0.885,0.891,4.045e-6,906.719,0.001,336.731,0.279,6.4,32.17
8.853,0.098,2643.158,456.937,0.262,0.003,62.498,43.168,0.514,0.559,0.392,0.038,0.13,0.559,0.024,0.074,1.022e-4,0,-0.006,0.885,0.891,1.767e-6,906.567,0.001,336.726,0.278,6.4,32.17
8.868,0.107,2643.154,456.933,0.262,0.003,62.497,43.168,0.46,0.559,0.392,0.038,0.13,0.559,0.027,0.08,1.243e-4,0,-0.006,0.885,0.891,4.592e-7,906.415,0.001,336.72,0.278,6.4,32.17
8.883,0.119,2643.15,456.929,0.262,0.003,62.492,43.168,0.406,0.559,0.392,0.037,0.13,0.559,0.03,0.09,3.97e-4,0,-0.006,0.885,0.891,0,906.262,0.001,336.715,0.277,6.4,32.17
8.897,0.132,2643.146,456.925,0.262,0.003,62.483,43.168,0.352,0.559,0.392,0.037,0.13,0.559,0.033,0.099,-3.023e-4,0,-0.006,0.885,0.891,-1.974e-7,906.11,0.001,336.71,0.276,6.4,32.17
8.912,0.13,2643.142,456.921,0.262,0.003,62.475,43.168,0.297,0.559,0.392,0.037,0.13,0.559,0.032,0.098,4.634e-4,0,-0.006,0.885,0.891,-1.519e-6,905.958,0.001,336.704,0.276,6.4,32.17
8.927,0.128,2643.138,456.917,0.262,0.003,62.469,43.168,0.243,0.559,0.392,0.037,0.13,0.559,0.032,0.096,6.956e-5,0,-0.006,0.885,0.891,-3.61e-6,905.807,0.001,336.699,0.275,6.4,32.17
8.942,0.129,2643.134,456.914,0.262,0.003,62.467,43.168,0.189,0.559,0.392,0.037,0.13,0.559,0.032,0.097,1.713e-4,0,-0.006,0.885,0.891,-4.822e-6,905.657,0.001,336.694,0.275,6.4,32.17
8.956,0.135,2643.13,456.91,0.262,0.003,62.468,43.168,0.136,0.559,0.392,0.037,0.13,0.559,0.034,0.102,-2.803e-4,0,-0.006,0.884,0.891,-3.634e-6,905.508,0.001,336.688,0.274,6.4,32.17
8.971,0.15,2643.126,456.906,0.262,0.003,62.464,43.168,0.082,0.559,0.392,0.037,0.13,0.559,0.037,0.113,-4.842e-4,0,-0.006,0.884,0.891,-1.319e-6,905.36,0.001,336.683,0.274,6.4,32.17
8.985,0.163,2643.123,456.902,0.262,0.003,62.462,43.168,0.028,0.558,0.392,0.037,0.13,0.558,0.041,0.123,4.174e-4,0,-0.006,0.884,0.891,-7.334e-8,905.21,0.001,336.678,0.273,6.4,32.17
8.993,0.168,2643.121,456.9,0.262,0.003,62.462,43.168,0,0.558,0.392,0.037,0.13,0.558,0.042,0.127,-4.402e-4,0,-0.006,0.884,0.891,5.015e-8,905.133,0.001,336.675,0.273,6.4,32.17
9.004,0.179,2643.121,456.9,0.262,0.003,62.46,43.168,0,0.558,0.392,0.037,0.13,0.558,0.045,0.135,2.052e-4,0,-0.006,0.884,0.891,1.05e-6,905.017,0.001,336.671,0.272,6.4,32.17
9.019,0.199,2643.121,456.9,0.262,0.003,62.454,43.168,0,0.558,0.392,0.037,0.13,0.558,0.05,0.15,8.404e-5,0,-0.006,0.884,0.891,4.727e-6,904.867,0.001,336.666,0.272,6.4,32.17
9.034,0.217,2643.121,456.9,0.262,0.003,62.449,43.168,0,0.558,0.392,0.037,0.13,0.558,0.054,0.163,3.399e-4,0,-0.006,0.884,0.89,1.115e-5,904.717,0.001,336.66,0.271,6.4,32.17
9.049,0.231,2643.121,456.9,0.262,0.003,62.444,43.168,0,0.558,0.392,0.036,0.13,0.558,0.058,0.174,4.44e-4,0,-0.006,0.884,0.89,1.944e-5,904.567,0.001,336.655,0.271,6.4,32.17
9.064,0.211,2643.121,456.9,0.262,0.003,62.449,43.168,0,0.558,0.392,0.036,0.129,0.558,0.053,0.159,-3.101e-4,0,-0.006,0.884,0.89,2.264e-5,904.416,0.001,336.65,0.27,6.4,32.17
9.079,0.189,2643.121,456.9,0.262,0.003,62.451,43.168,0,0.558,0.392,0.036,0.129,0.558,0.047,0.142,1.335e-4,0,-0.006,0.884,0.89,1.701e-5,904.267,0.001,336.645,0.27,6.4,32.17
9.094,0.172,2643.121,456.9,0.262,0.003,62.45,43.168,0,0.558,0.392,0.036,0.129,0.558,0.043,0.129,9.052e-5,0,-0.006,0.884,0.89,5.688e-6,904.118,0.001,336.639,0.269,6.4,32.17
9.108,0.165,2643.121,456.9,0.262,0.003,62.448,43.168,0,0.557,0.392,0.036,0.129,0.557,0.041,0.125,-4.443e-4,0,-0.006,0.884,0.89,0,903.971,0.001,336.634,0.268,6.4,32.17
9.123,0.17,2643.121,456.9,0.262,0.003,62.448,43.168,0,0.557,0.392,0.036,0.129,0.557,0.042,0.128,1.559e-4,0,-0.006,0.884,0.89,-5.258e-6,903.824,0.001,336.629,0.268,6.4,32.17
9.138,0.182,2643.121,456.9,0.262,0.003,62.451,43.168,0,0.557,0.392,0.036,0.129,0.557,0.045,0.136,-4.987e-4,0,-0.007,0.884,0.89,-1.539e-5,903.678,0.001,336.624,0.267,6.4,32.17
9.152,0.197,2643.121,456.9,0.262,0.003,62.45,43.168,0,0.557,0.392,0.036,0.129,0.557,0.049,0.148,4.773e-5,0,-0.007,0.884,0.89,-2.152e-5,903.531,0.001,336.619,0.267,6.4,32.17
9.167,0.214,2643.121,456.9,0.262,0.003,62.447,43.168,0,0.557,0.392,0.036,0.129,0.557,0.053,0.161,-1.669e-4,0,-0.007,0.884,0.89,-1.997e-5,903.385,0.001,336.613,0.266,6.4,32.17
9.182,0.229,2643.121,456.9,0.262,0.003,62.441,43.168,0,0.557,0.392,0.036,0.129,0.557,0.057,0.172,-2.985e-4,0,-0.007,0.884,0.89,-1.411e-5,903.24,0.001,336.608,0.266,6.4,32.17
9.197,0.24,2643.121,456.9,0.262,0.003,62.434,43.168,0,0.557,0.392,0.036,0.129,0.557,0.06,0.18,-1.218e-4,0,-0.007,0.884,0.89,-7.118e-6,903.094,0.001,336.603,0.265,6.4,32.17
9.211,0.254,2643.121,456.9,0.262,0.003,62.426,43.168,0,0.557,0.392,0.035,0.129,0.557,0.064,0.192,9.148e-6,0,-0.007,0.884,0.89,-1.296e-6,902.948,0.001,336.598,0.265,6.4,32.17
9.226,0.271,2643.121,456.9,0.262,0.003,62.417,43.168,0,0.557,0.392,0.035,0.129,0.557,0.068,0.204,2.715e-5,0,-0.007,0.884,0.89,3.351e-7,902.802,0.001,336.593,0.264,6.4,32.17
9.241,0.286,2643.121,456.9,0.262,0.003,62.408,43.168,0,0.556,0.392,0.035,0.129,0.557,0.072,0.215,4.596e-4,0,-0.007,0.884,0.89,5.642e-6,902.654,0.001,336.588,0.264,6.4,32.17
9.256,0.283,2643.121,456.9,0.262,0.003,62.405,43.168,0,0.556,0.392,0.035,0.129,0.556,0.071,0.212,3.973e-5,0,-0.007,0.884,0.89,1.595e-5,902.506,0.001,336.582,0.263,6.4,32.17
9.271,0.255,2643.121,456.9,0.262,0.003,62.41,43.168,0,0.556,0.392,0.035,0.129,0.556,0.064,0.192,-2.646e-4,0,-0.007,0.884,0.89,2.331e-5,902.359,0.001,336.577,0.262,6.4,32.17
9.286,0.226,2643.121,456.9,0.262,0.003,62.419,43.168,0,0.556,0.392,0.035,0.129,0.556,0.056,0.17,-4.417e-4,0,-0.007,0.884,0.89,2.231e-5,902.213,0.001,336.572,0.262,6.4,32.17
9.301,0.2,2643.121,456.9,0.262,0.003,62.433,43.168,0,0.556,0.392,0.035,0.129,0.556,0.05,0.15,-2.33e-4,0,-0.007,0.884,0.89,1.195e-5,902.068,0.001,336.567,0.261,6.4,32.17
9.316,0.184,2643.121,456.9,0.262,0.003,62.446,43.168,0,0.556,0.392,0.035,0.129,0.556,0.046,0.139,3.277e-4,0,-0.007,0.884,0.89,1.845e-6,901.924,0.001,336.562,0.261,6.4,32.17
9.331,0.178,2643.121,456.9,0.262,0.003,62.455,43.168,0,0.556,0.392,0.035,0.129,0.556,0.044,0.134,-2.559e-4,0,-0.007,0.883,0.89,-1.644e-6,901.781,0.001,336.557,0.26,6.4,32.17
9.346,0.181,2643.121,456.9,0.262,0.003,62.455,43.168,0,0.556,0.392,0.035,0.129,0.556,0.045,0.136,-3.774e-4,0,-0.007,0.883,0.89,-1.326e-5,901.638,0.001,336.552,0.26,6.4,32.17
9.36,0.192,2643.121,456.9,0.262,0.003,62.445,43.168,0,0.555,0.392,0.035,0.129,0.556,0.048,0.145,-4.167e-4,0,-0.007,0.883,0.89,-2.635e-5,901.495,0.001,336.547,0.259,6.4,32.17
9.375,0.207,2643.121,456.9,0.262,0.003,62.432,43.168,0,0.555,0.392,0.034,0.129,0.555,0.052,0.155,3.816e-4,0,-0.007,0.883,0.89,-3.083e-5,901.353,0.001,336.542,0.259,6.4,32.17
9.39,0.221,2643.121,456.9,0.262,0.003,62.421,43.168,0,0.555,0.392,0.034,0.129,0.555,0.055,0.166,3.538e-4,0,-0.007,0.883,0.89,-2.584e-5,901.211,0.001,336.537,0.258,6.4,32.17
9.405,0.228,2643.121,456.9,0.262,0.003,62.415,43.168,0,0.555,0.392,0.034,0.129,0.555,0.057,0.171,-4.515e-4,0,-0.007,0.883,0.89,-1.561e-5,901.069,0.001,336.532,0.257,6.4,32.17
9.42,0.225,2643.121,456.9,0.262,0.003,62.416,43.168,0,0.555,0.392,0.034,0.129,0.555,0.056,0.169,1.594e-4,0,-0.007,0.883,0.89,-6.234e-6,900.928,0.001,336.527,0.257,6.4,32.17
9.434,0.218,2643.121,456.9,0.262,0.003,62.419,43.168,0,0.555,0.392,0.034,0.129,0.555,0.055,0.164,1.203e-4,0,-0.007,0.883,0.89,-9.939e-7,900.786,0.001,336.522,0.256,6.4,32.17
9.449,0.209,2643.121,456.9,0.262,0.003,62.423,43.168,0,0.555,0.392,0.034,0.129,0.555,0.052,0.157,-2.219e-5,0,-0.007,0.883,0.89,2.324e-7,900.643,0.001,336.517,0.256,6.4,32.17
9.464,0.198,2643.121,456.9,0.262,0.003,62.429,43.168,0,0.555,0.392,0.034,0.128,0.555,0.049,0.149,4.03e-4,0,-0.007,0.883,0.89,3.528e-6,900.5,0.001,336.512,0.255,6.4,32.17
9.48,0.185,2643.121,456.9,0.262,0.003,62.436,43.168,0,0.555,0.392,0.034,0.128,0.555,0.046,0.138,-4.299e-5,0,-0.007,0.883,0.89,9.975e-6,900.357,0.001,336.507,0.255,6.4,32.17
9.495,0.17,2643.121,456.9,0.262,0.003,62.444,43.168,0,0.554,0.392,0.034,0.128,0.555,0.042,0.128,-2.68e-5,0,-0.007,0.883,0.89,1.838e-5,900.215,0.001,336.502,0.254,6.4,32.17
9.51,0.153,2643.121,456.9,0.262,0.003,62.454,43.168,0,0.554,0.392,0.034,0.128,0.554,0.038,0.114,-3.316e-4,0,-0.007,0.883,0.89,2.662e-5,900.072,0.001,336.497,0.254,6.4,32.17
9.525,0.133,2643.121,456.9,0.262,0.003,62.465,43.168,0,0.554,0.392,0.034,0.128,0.554,0.033,0.1,-1.518e-4,0,-0.007,0.883,0.89,3.186e-5,899.929,0.001,336.492,0.253,6.4,32.17
9.54,0.114,2643.121,456.9,0.262,0.003,62.475,43.168,0,0.554,0.392,0.034,0.128,0.554,0.028,0.085,-1.826e-4,0,-0.007,0.883,0.89,3.167e-5,899.787,0.001,336.487,0.253,6.4,32.17
9.555,0.093,2643.121,456.9,0.262,0.003,62.485,43.168,0,0.554,0.392,0.033,0.128,0.554,0.023,0.07,3.617e-4,0,-0.007,0.883,0.89,1.855e-5,899.645,0.001,336.482,0.252,6.4,32.17
9.57,0.075,2643.121,456.9,0.262,0.003,62.481,43.168,0,0.554,0.392,0.033,0.128,0.554,0.019,0.056,-8.936e-5,0,-0.007,0.883,0.89,-2.657e-7,899.504,0.001,336.477,0.251,6.4,32.17
9.585,0.084,2643.121,456.9,0.262,0.003,62.467,43.168,0,0.554,0.392,0.033,0.128,0.554,0.021,0.063,2.478e-4,0,-0.007,0.883,0.89,-2.857e-5,899.364,0.001,336.472,0.251,6.4,32.17
9.6,0.108,2643.121,456.9,0.262,0.003,62.462,43.168,0,0.554,0.392,0.033,0.128,0.554,0.027,0.081,3.804e-4,0,-0.007,0.883,0.89,-4.753e-5,899.225,0.001,336.467,0.25,6.4,32.17
9.615,0.13,2643.121,456.9,0.262,0.003,62.459,43.168,0,0.554,0.392,0.033,0.128,0.554,0.032,0.098,4.309e-4,0,-0.007,0.883,0.89,-4.237e-5,899.086,0.001,336.462,0.25,6.4,32.17
9.63,0.149,2643.121,456.9,0.262,0.003,62.456,43.168,0,0.553,0.392,0.033,0.128,0.554,0.037,0.112,-3.339e-4,0,-0.007,0.883,0.89,-2.893e-5,898.948,0.001,336.457,0.249,6.4,32.17
9.645,0.162,2643.121,456.9,0.262,0.003,62.454,43.168,0,0.553,0.392,0.033,0.128,0.553,0.041,0.122,2.36e-5,0,-0.007,0.883,0.89,-1.488e-5,898.81,0.001,336.452,0.249,6.4,32.17
9.66,0.173,2643.121,456.9,0.262,0.003,62.451,43.168,0,0.553,0.392,0.033,0.128,0.553,0.043,0.13,-2.471e-4,0,-0.008,0.883,0.89,-4.199e-6,898.677,0.001,336.447,0.248,6.4,32.17
9.675,0.177,2643.121,456.9,0.262,0.003,62.448,43.168,0,0.553,0.392,0.033,0.128,0.553,0.044,0.133,3.083e-5,0,-0.008,0.883,0.89,-5.176e-9,898.546,0.001,336.443,0.248,6.4,32.17
9.689,0.173,2643.121,456.9,0.262,0.003,62.446,43.168,0,0.553,0.392,0.033,0.128,0.553,0.043,0.129,-3.329e-4,0,-0.008,0.883,0.89,3.646e-6,898.417,0.001,336.438,0.247,6.4,32.17
9.704,0.149,2643.121,456.9,0.262,0.003,62.452,43.168,0,0.553,0.392,0.033,0.128,0.553,0.037,0.111,2.617e-4,0,-0.008,0.883,0.89,1.227e-5,898.287,0.001,336.433,0.246,6.4,32.17
9.719,0.103,2643.121,456.9,0.262,0.003,62.474,43.168,0,0.553,0.392,0.033,0.128,0.553,0.026,0.078,4.285e-4,0,-0.008,0.883,0.89,1.259e-5,898.158,0.001,336.428,0.246,6.4,32.17
9.734,0.097,2643.121,456.9,0.262,0.003,62.478,43.168,0,0.553,0.392,0.033,0.128,0.553,0.024,0.073,-5.219e-5,0,-0.007,0.882,0.89,3.417e-6,898.027,0.001,336.423,0.245,6.4,32.17
9.749,0.133,2643.121,456.9,0.262,0.003,62.459,43.168,0,0.553,0.392,0.032,0.128,0.553,0.033,0.101,-3.946e-5,0,-0.007,0.882,0.89,1.001e-6,897.894,0.001,336.418,0.245,6.4,32.17
9.765,0.098,2643.121,456.9,0.262,0.003,62.474,43.168,0,0.553,0.392,0.032,0.128,0.553,0.024,0.073,-4.309e-4,0,-0.008,0.882,0.89,4.962e-6,897.761,0.001,336.413,0.244,6.4,32.17
9.78,0.058,2643.121,456.9,0.262,0.003,62.488,43.168,0,0.553,0.392,0.032,0.128,0.553,0.014,0.043,4.561e-4,0,-0.008,0.882,0.89,4.331e-6,897.63,0.001,336.409,0.244,6.4,32.17
9.795,0.037,2643.121,456.9,0.262,0.003,62.481,43.168,0,0.552,0.393,0.032,0.128,0.552,0.009,0.028,3.862e-4,0,-0.008,0.882,0.89,-7.163e-6,897.501,0.001,336.404,0.243,6.4,32.17
9.81,0.056,2643.121,456.9,0.262,0.003,62.474,43.168,0,0.552,0.393,0.032,0.128,0.552,0.014,0.043,-2.981e-4,0,-0.008,0.882,0.89,-2.844e-6,897.372,0.001,336.399,0.243,6.4,32.17
9.825,0.075,2643.121,456.9,0.262,0.003,62.475,43.168,0,0.552,0.393,0.032,0.128,0.552,0.019,0.057,1.802e-4,0,-0.008,0.882,0.89,2.571e-6,897.244,0.001,336.394,0.242,6.4,32.17
9.84,0.089,2643.121,456.9,0.262,0.003,62.477,43.168,0,0.552,0.393,0.032,0.128,0.552,0.022,0.067,-1.412e-4,0,-0.008,0.882,0.89,1.921e-5,897.114,0.001,336.389,0.242,6.4,32.17
9.855,0.091,2643.121,456.9,0.262,0.003,62.478,43.168,0,0.552,0.393,0.032,0.128,0.552,0.023,0.068,-3.005e-4,0,-0.008,0.882,0.89,3.993e-5,896.984,0.001,336.385,0.241,6.4,32.17
9.871,0.076,2643.121,456.9,0.262,0.003,62.483,43.168,0,0.552,0.393,0.032,0.128,0.552,0.019,0.057,1.992e-4,0,-0.008,0.882,0.89,5.478e-5,896.853,0.001,336.38,0.241,6.4,32.17
9.886,0.058,2643.121,456.9,0.262,0.003,62.484,43.168,0,0.552,0.393,0.032,0.127,0.552,0.015,0.044,3.132e-4,0,-0.008,0.882,0.89,6.027e-5,896.723,0.001,336.375,0.24,6.4,32.17
9.901,0.043,2643.121,456.9,0.262,0.003,62.478,43.168,0,0.552,0.393,0.032,0.127,0.552,0.011,0.033,3.027e-4,0,-0.008,0.882,0.89,3.207e-5,896.594,0.001,336.37,0.239,6.4,32.17
9.917,0.022,2643.121,456.9,0.262,0.003,62.493,43.168,0,0.552,0.393,0.032,0.127,0.552,0.005,0.016,3.721e-4,0,-0.008,0.882,0.89,-7.403e-6,896.464,0.001,336.365,0.239,6.4,32.17
9.932,0.037,2643.121,456.9,0.262,0.003,62.495,43.168,0,0.552,0.393,0.032,0.127,0.552,0.009,0.028,2.068e-4,0,-0.008,0.882,0.89,-6.715e-5,896.336,0.001,336.361,0.238,6.4,32.17
9.947,0.061,2643.121,456.9,0.262,0.003,62.479,43.168,0,0.551,0.393,0.032,0.127,0.551,0.015,0.046,-2.236e-4,0,-0.008,0.882,0.89,-5.769e-5,896.209,0.001,336.356,0.238,6.4,32.17
9.962,0.1,2643.121,456.9,0.262,0.003,62.469,43.168,0,0.551,0.393,0.031,0.127,0.551,0.025,0.075,1.637e-5,0,-0.008,0.882,0.89,-5.521e-5,896.083,0.001,336.351,0.237,6.4,32.17
9.977,0.16,2643.121,456.9,0.262,0.003,62.446,43.168,0,0.551,0.393,0.031,0.127,0.551,0.04,0.12,2.506e-4,0,-0.008,0.882,0.89,-4.273e-5,895.955,0.001,336.347,0.237,6.4,32.17
9.993,0.225,2643.121,456.9,0.262,0.003,62.419,43.168,0,0.551,0.393,0.031,0.127,0.551,0.056,0.17,4.693e-4,0,-0.008,0.882,0.89,-2.762e-5,895.827,0.001,336.342,0.236,6.4,32.17
10.008,0.27,2643.121,456.9,0.262,0.003,62.398,43.168,0,0.551,0.393,0.031,0.127,0.551,0.067,0.203,-1.75e-4,0,-0.008,0.882,0.89,-1.207e-5,895.697,0.001,336.337,0.236,6.4,32.17
10.024,0.29,2643.121,456.9,0.262,0.003,62.386,43.168,0,0.551,0.393,0.031,0.127,0.551,0.072,0.218,-4.065e-5,0,-0.008,0.882,0.89,-1.917e-6,895.568,0.001,336.332,0.235,6.4,32.17
10.039,0.302,2643.121,456.9,0.262,0.003,62.377,43.168,0,0.551,0.393,0.031,0.127,0.551,0.075,0.226,2.512e-5,0,-0.008,0.882,0.89,7.517e-7,895.44,0.001,336.327,0.235,6.4,32.17
10.055,0.301,2643.121,456.9,0.262,0.003,62.374,43.168,0,0.551,0.393,0.031,0.127,0.551,0.075,0.226,-4.841e-4,0,-0.008,0.882,0.89,9.818e-6,895.312,0.001,336.323,0.234,6.4,32.17
10.07,0.284,2643.121,456.9,0.262,0.003,62.378,43.168,0,0.551,0.393,0.031,0.127,0.551,0.071,0.213,2.671e-4,0,-0.008,0.882,0.89,2.701e-5,895.184,0.001,336.318,0.233,6.4,32.17
10.086,0.259,2643.121,456.9,0.262,0.003,62.386,43.168,0,0.551,0.393,0.031,0.127,0.551,0.065,0.194,2.412e-4,0,-0.008,0.882,0.89,4.693e-5,895.057,0.001,336.313,0.233,6.4,32.17
10.101,0.231,2643.121,456.9,0.262,0.003,62.398,43.168,0,0.551,0.393,0.031,0.127,0.551,0.058,0.173,-3.898e-5,0,-0.008,0.882,0.89,6.203e-5,894.931,0.001,336.309,0.232,6.4,32.17
10.116,0.221,2643.121,456.9,0.262,0.003,62.406,43.168,0,0.55,0.393,0.031,0.127,0.551,0.055,0.165,-2.96e-4,0,-0.008,0.882,0.89,6.686e-5,894.806,0.001,336.304,0.232,6.4,32.17
10.132,0.212,2643.121,456.9,0.262,0.003,62.415,43.168,0,0.55,0.393,0.031,0.127,0.55,0.053,0.159,-1.795e-4,0,-0.008,0.882,0.89,5.639e-5,894.68,0.001,336.299,0.231,6.4,32.17
10.147,0.206,2643.121,456.9,0.262,0.003,62.423,43.168,0,0.55,0.393,0.031,0.127,0.55,0.051,0.154,-2.095e-4,0,-0.008,0.882,0.89,3.221e-5,894.554,0.001,336.295,0.231,6.4,32.17
10.162,0.206,2643.121,456.9,0.262,0.003,62.425,43.168,0,0.55,0.393,0.031,0.127,0.55,0.051,0.155,-1.199e-4,0,-0.008,0.882,0.89,7.641e-6,894.428,0.001,336.29,0.23,6.4,32.17
10.178,0.217,2643.121,456.9,0.262,0.003,62.418,43.168,0,0.55,0.393,0.03,0.127,0.55,0.054,0.162,-4.871e-4,0,-0.008,0.881,0.89,-3.268e-7,894.302,0.001,336.285,0.23,6.4,32.17
10.194,0.237,2643.121,456.9,0.262,0.003,62.403,43.168,0,0.55,0.393,0.03,0.127,0.55,0.059,0.178,-2.81e-4,0,-0.008,0.881,0.89,-1.213e-5,894.176,0.001,336.281,0.229,6.4,32.17
10.209,0.278,2643.121,456.9,0.262,0.003,62.382,43.168,0,0.55,0.393,0.03,0.127,0.55,0.069,0.209,2.738e-4,0,-0.008,0.881,0.89,-2.344e-5,894.05,0.001,336.276,0.229,6.4,32.17
10.225,0.332,2643.121,456.9,0.262,0.003,62.357,43.168,0,0.55,0.393,0.03,0.127,0.55,0.083,0.249,3.922e-4,0,-0.008,0.881,0.89,-2.515e-5,893.924,0.001,336.271,0.228,6.4,32.17
10.241,0.386,2643.121,456.9,0.262,0.003,62.333,43.168,0,0.55,0.393,0.03,0.127,0.55,0.097,0.289,8.855e-5,0,-0.008,0.881,0.89,-2.067e-5,893.798,0.001,336.267,0.228,6.4,32.17
10.256,0.416,2643.121,456.9,0.262,0.003,62.322,43.168,0,0.55,0.393,0.03,0.127,0.55,0.104,0.312,-4.313e-4,0,-0.008,0.881,0.89,-1.525e-5,893.67,0.001,336.262,0.227,6.4,32.17
10.272,0.408,2643.121,456.9,0.262,0.003,62.328,43.168,0,0.55,0.393,0.03,0.127,0.55,0.102,0.306,2.644e-4,0,-0.009,0.881,0.89,-1.181e-5,893.543,0.001,336.257,0.226,6.4,32.17
10.288,0.399,2643.121,456.9,0.262,0.003,62.337,43.168,0,0.549,0.393,0.03,0.127,0.55,0.1,0.3,3.764e-4,0,-0.009,0.881,0.89,-6.964e-6,893.418,0.001,336.253,0.226,6.4,32.17
10.303,0.392,2643.121,456.9,0.262,0.003,62.345,43.168,0,0.549,0.393,0.03,0.127,0.55,0.098,0.294,3.664e-5,0,-0.009,0.881,0.89,-2.418e-6,893.295,0.001,336.248,0.225,6.4,32.17
10.319,0.395,2643.121,456.9,0.262,0.003,62.347,43.168,0,0.549,0.393,0.03,0.127,0.55,0.099,0.296,4.547e-4,0,-0.009,0.881,0.89,0,893.173,0.001,336.244,0.225,6.4,32.17
10.334,0.392,2643.121,456.9,0.262,0.003,62.349,43.168,0,0.549,0.393,0.03,0.127,0.549,0.098,0.295,-3.384e-4,0,-0.009,0.881,0.89,2.034e-6,893.05,0.001,336.239,0.224,6.4,32.17
10.35,0.384,2643.121,456.9,0.262,0.003,62.351,43.168,0,0.549,0.393,0.03,0.127,0.549,0.096,0.288,-2.869e-4,0,-0.009,0.881,0.89,7.814e-6,892.928,0.001,336.234,0.224,6.4,32.17
10.365,0.376,2643.121,456.9,0.262,0.003,62.351,43.168,0,0.549,0.393,0.03,0.126,0.549,0.094,0.282,4.671e-4,0,-0.009,0.881,0.89,1.619e-5,892.805,0.001,336.23,0.223,6.4,32.17
10.381,0.364,2643.121,456.9,0.262,0.003,62.351,43.168,0,0.549,0.393,0.03,0.126,0.549,0.091,0.273,2.976e-4,0,-0.009,0.881,0.89,2.428e-5,892.683,0.001,336.225,0.223,6.4,32.17
10.396,0.349,2643.121,456.9,0.262,0.003,62.352,43.168,0,0.549,0.393,0.03,0.126,0.549,0.087,0.262,3.593e-4,0,-0.009,0.881,0.89,2.888e-5,892.561,0.001,336.221,0.222,6.4,32.17
10.412,0.327,2643.121,456.9,0.262,0.003,62.355,43.168,0,0.549,0.393,0.029,0.126,0.549,0.082,0.245,2.645e-4,0,-0.009,0.881,0.89,2.399e-5,892.438,0.001,336.216,0.222,6.4,32.17
10.428,0.306,2643.121,456.9,0.262,0.003,62.361,43.168,0,0.549,0.393,0.029,0.126,0.549,0.076,0.229,2.876e-4,0,-0.009,0.881,0.89,1.21e-5,892.316,0.001,336.212,0.221,6.4,32.17
10.443,0.29,2643.121,456.9,0.262,0.003,62.368,43.168,0,0.549,0.393,0.029,0.126,0.549,0.072,0.218,4.597e-4,0,-0.009,0.881,0.89,1.713e-6,892.194,0.001,336.207,0.22,6.4,32.17
10.459,0.283,2643.121,456.9,0.262,0.003,62.376,43.168,0,0.548,0.393,0.029,0.126,0.549,0.071,0.212,1.653e-4,0,-0.009,0.881,0.89,-1.049e-6,892.073,0.001,336.203,0.22,6.4,32.17
10.475,0.284,2643.121,456.9,0.262,0.003,62.382,43.168,0,0.548,0.393,0.029,0.126,0.549,0.071,0.213,1.068e-4,0,-0.009,0.881,0.89,-9.588e-6,891.952,0.001,336.198,0.219,6.4,32.17
10.49,0.29,2643.121,456.9,0.262,0.003,62.384,43.168,0,0.548,0.393,0.029,0.126,0.548,0.073,0.218,-2.519e-4,0,-0.009,0.881,0.89,-2.216e-5,891.832,0.001,336.194,0.219,6.4,32.17
10.506,0.3,2643.121,456.9,0.262,0.003,62.381,43.168,0,0.548,0.393,0.029,0.126,0.548,0.075,0.225,-3.987e-4,0,-0.009,0.881,0.89,-3.238e-5,891.711,0.001,336.189,0.218,6.4,32.17
10.522,0.311,2643.121,456.9,0.262,0.003,62.375,43.168,0,0.548,0.393,0.029,0.126,0.548,0.078,0.233,-3.017e-5,0,-0.009,0.881,0.89,-3.625e-5,891.591,0.001,336.185,0.218,6.4,32.17
10.537,0.321,2643.121,456.9,0.262,0.003,62.367,43.168,0,0.548,0.393,0.029,0.126,0.548,0.08,0.241,1.156e-5,0,-0.009,0.881,0.89,-3.26e-5,891.471,0.001,336.18,0.217,6.4,32.17
10.553,0.328,2643.121,456.9,0.262,0.003,62.36,43.168,0,0.548,0.393,0.029,0.126,0.548,0.082,0.246,2.343e-4,0,-0.009,0.881,0.89,-2.357e-5,891.351,0.001,336.176,0.217,6.4,32.17
10.569,0.331,2643.121,456.9,0.262,0.003,62.355,43.168,0,0.548,0.393,0.029,0.126,0.548,0.083,0.248,-2.123e-4,0,-0.009,0.881,0.89,-1.234e-5,891.231,0.001,336.172,0.216,6.4,32.17
10.584,0.331,2643.121,456.9,0.262,0.003,62.351,43.168,0,0.548,0.393,0.029,0.126,0.548,0.083,0.247,1.649e-4,0,-0.009,0.881,0.89,-4.077e-6,891.111,0.001,336.167,0.216,6.4,32.17
10.6,0.327,2643.121,456.9,0.262,0.003,62.35,43.168,0,0.548,0.393,0.029,0.126,0.548,0.082,0.245,1.767e-4,0,-0.009,0.881,0.89,-2.153e-7,890.991,0.001,336.163,0.215,6.4,32.17
10.616,0.315,2643.121,456.9,0.262,0.003,62.353,43.168,0,0.548,0.393,0.029,0.126,0.548,0.079,0.236,3.115e-4,0,-0.01,0.881,0.89,6.788e-7,890.871,0.001,336.158,0.215,6.4,32.17
10.632,0.3,2643.121,456.9,0.262,0.003,62.359,43.168,0,0.547,0.393,0.028,0.126,0.548,0.075,0.224,-1.548e-4,0,-0.01,0.881,0.89,3.845e-6,890.752,0.001,336.154,0.214,6.4,32.17
10.648,0.28,2643.121,456.9,0.262,0.003,62.37,43.168,0,0.547,0.393,0.028,0.126,0.548,0.07,0.209,3.131e-4,0,-0.01,0.881,0.89,8.096e-6,890.633,0.001,336.149,0.213,6.4,32.17
10.663,0.261,2643.121,456.9,0.262,0.003,62.379,43.168,0,0.547,0.393,0.028,0.126,0.547,0.065,0.196,2.085e-4,0,-0.01,0.881,0.89,1.478e-5,890.515,0.001,336.145,0.213,6.4,32.17
10.679,0.242,2643.121,456.9,0.262,0.003,62.389,43.168,0,0.547,0.393,0.028,0.126,0.547,0.06,0.181,1.911e-5,0,-0.01,0.88,0.89,2.226e-5,890.396,0.001,336.141,0.212,6.4,32.17
10.695,0.224,2643.121,456.9,0.262,0.003,62.399,43.168,0,0.547,0.393,0.028,0.126,0.547,0.056,0.168,-3.242e-5,0,-0.01,0.88,0.89,2.871e-5,890.277,0.001,336.136,0.212,6.4,32.17
10.711,0.198,2643.121,456.9,0.262,0.003,62.414,43.168,0,0.547,0.393,0.028,0.126,0.547,0.049,0.148,6.639e-5,0,-0.01,0.88,0.89,2.273e-5,890.158,0.001,336.132,0.211,6.4,32.17
10.727,0.174,2643.121,456.9,0.262,0.003,62.427,43.168,0,0.547,0.393,0.028,0.126,0.547,0.043,0.13,3.525e-4,0,-0.01,0.88,0.89,7.245e-6,890.04,0.001,336.128,0.211,6.4,32.17
10.743,0.159,2643.121,456.9,0.262,0.003,62.429,43.168,0,0.547,0.393,0.028,0.126,0.547,0.039,0.119,4.141e-4,0,-0.01,0.88,0.89,-1.564e-7,889.923,0.001,336.123,0.21,6.4,32.17
10.759,0.151,2643.121,456.9,0.262,0.003,62.426,43.168,0,0.547,0.393,0.028,0.126,0.547,0.037,0.113,-4.271e-4,0,-0.01,0.88,0.89,-5.56e-6,889.806,0.001,336.119,0.21,6.4,32.17
10.774,0.145,2643.121,456.9,0.262,0.003,62.425,43.168,0,0.547,0.393,0.028,0.126,0.547,0.036,0.109,3.352e-4,0,-0.01,0.88,0.89,-9.016e-6,889.69,0.001,336.115,0.209,6.4,32.17
10.79,0.143,2643.121,456.9,0.262,0.003,62.422,43.168,0,0.547,0.393,0.028,0.126,0.547,0.036,0.108,-2.447e-5,0,-0.01,0.88,0.89,-1.165e-5,889.573,0.001,336.11,0.209,6.4,32.17
10.806,0.146,2643.121,456.9,0.262,0.003,62.418,43.168,0,0.547,0.393,0.028,0.126,0.547,0.036,0.11,3.651e-4,0,-0.01,0.88,0.89,-1.479e-5,889.455,0.001,336.106,0.208,6.4,32.17
10.822,0.153,2643.121,456.9,0.262,0.003,62.413,43.168,0,0.546,0.393,0.028,0.126,0.546,0.038,0.114,4.093e-4,0,-0.01,0.88,0.89,-1.903e-5,889.338,0.001,336.102,0.208,6.4,32.17
10.838,0.161,2643.121,456.9,0.262,0.003,62.409,43.168,0,0.546,0.393,0.028,0.126,0.546,0.04,0.121,-2.926e-4,0,-0.01,0.88,0.89,-2.068e-5,889.221,0.001,336.097,0.207,6.4,32.17
10.854,0.172,2643.121,456.9,0.262,0.003,62.405,43.168,0,0.546,0.393,0.028,0.126,0.546,0.043,0.129,2.967e-4,0,-0.01,0.88,0.89,-2.046e-5,889.104,0.001,336.093,0.206,6.4,32.17
10.871,0.182,2643.121,456.9,0.262,0.003,62.403,43.168,0,0.546,0.393,0.028,0.126,0.546,0.045,0.136,-4.036e-4,0,-0.01,0.88,0.89,-1.932e-5,888.988,0.001,336.089,0.206,6.4,32.17
10.887,0.192,2643.121,456.9,0.262,0.003,62.401,43.168,0,0.546,0.393,0.027,0.125,0.546,0.048,0.143,-8.771e-5,0,-0.01,0.88,0.89,-1.59e-5,888.871,0.001,336.084,0.205,6.4,32.17
10.903,0.201,2643.121,456.9,0.262,0.003,62.401,43.168,0,0.546,0.393,0.027,0.125,0.546,0.05,0.15,1.171e-4,0,-0.01,0.88,0.89,-1.15e-5,888.755,0.001,336.08,0.205,6.4,32.17
10.919,0.205,2643.121,456.9,0.262,0.003,62.403,43.168,0,0.546,0.393,0.027,0.125,0.546,0.051,0.154,3.69e-4,0,-0.01,0.88,0.89,-7.476e-6,888.64,0.001,336.076,0.204,6.4,32.17
10.935,0.208,2643.121,456.9,0.262,0.003,62.405,43.168,0,0.546,0.393,0.027,0.125,0.546,0.052,0.156,-1.822e-5,0,-0.01,0.88,0.89,-3.723e-6,888.525,0.001,336.071,0.204,6.4,32.17
10.951,0.208,2643.121,456.9,0.262,0.003,62.407,43.168,0,0.546,0.393,0.027,0.125,0.546,0.052,0.156,-1.897e-4,0,-0.011,0.88,0.891,-1.084e-6,888.411,0.001,336.067,0.203,6.4,32.17
10.967,0.204,2643.121,456.9,0.262,0.003,62.41,43.168,0,0.546,0.393,0.027,0.125,0.546,0.051,0.153,-2.362e-4,0,-0.011,0.88,0.891,-1.854e-8,888.297,0.001,336.063,0.203,6.4,32.17
10.983,0.198,2643.121,456.9,0.262,0.003,62.412,43.168,0,0.546,0.393,0.027,0.125,0.546,0.049,0.149,3.107e-4,0,-0.011,0.88,0.891,5.623e-7,888.183,0.001,336.059,0.202,6.4,32.17
10.999,0.19,2643.121,456.9,0.262,0.003,62.414,43.168,0,0.546,0.393,0.027,0.125,0.546,0.047,0.142,8.859e-5,0,-0.011,0.88,0.891,2.451e-6,888.07,0.001,336.055,0.202,6.4,32.17
11.015,0.196,2643.121,456.9,0.262,0.003,62.411,43.168,0,0.545,0.393,0.027,0.125,0.545,0.049,0.147,-1.809e-5,0,-0.011,0.88,0.891,6.654e-6,887.958,0.001,336.05,0.201,6.4,32.17
11.031,0.205,2643.121,456.9,0.262,0.003,62.406,43.168,0,0.545,0.393,0.027,0.125,0.545,0.051,0.154,2.812e-4,0,-0.011,0.88,0.891,1.305e-5,887.845,0.001,336.046,0.201,6.4,32.17
11.047,0.216,2643.121,456.9,0.262,0.003,62.4,43.168,0,0.545,0.393,0.027,0.125,0.545,0.054,0.162,-2.129e-4,0,-0.011,0.88,0.891,2.129e-5,887.731,0.001,336.042,0.2,6.4,32.17
11.063,0.213,2643.121,456.9,0.262,0.003,62.397,43.168,0,0.545,0.393,0.027,0.125,0.545,0.053,0.159,-2.84e-5,0,-0.011,0.88,0.891,2.871e-5,887.618,0.001,336.038,0.2,6.4,32.17
11.079,0.205,2643.121,456.9,0.262,0.003,62.396,43.168,0,0.545,0.393,0.027,0.125,0.545,0.051,0.153,-4.383e-4,0,-0.011,0.88,0.891,3.326e-5,887.505,0.001,336.034,0.199,6.4,32.17
11.095,0.196,2643.121,456.9,0.262,0.003,62.395,43.168,0,0.545,0.393,0.027,0.125,0.545,0.049,0.147,1.562e-4,0,-0.011,0.88,0.891,3.332e-5,887.392,0.001,336.029,0.198,6.4,32.17
11.111,0.206,2643.121,456.9,0.262,0.003,62.388,43.168,0,0.545,0.393,0.027,0.125,0.545,0.051,0.154,-2.587e-4,0,-0.011,0.88,0.891,3.24e-5,887.279,0.001,336.025,0.198,6.4,32.17
11.127,0.224,2643.121,456.9,0.262,0.003,62.379,43.168,0,0.545,0.393,0.027,0.125,0.545,0.056,0.168,2.169e-4,0,-0.011,0.88,0.891,2.989e-5,887.167,0.001,336.021,0.197,6.4,32.17
11.144,0.245,2643.121,456.9,0.262,0.003,62.371,43.168,0,0.545,0.393,0.026,0.125,0.545,0.061,0.183,2.969e-4,0,-0.011,0.88,0.891,2.444e-5,887.054,0.001,336.017,0.197,6.4,32.17
11.16,0.251,2643.121,456.9,0.262,0.003,62.37,43.168,0,0.545,0.393,0.026,0.125,0.545,0.062,0.187,3.976e-4,0,-0.011,0.88,0.891,1.406e-5,886.941,0.001,336.013,0.196,6.4,32.17
11.177,0.251,2643.121,456.9,0.262,0.003,62.375,43.168,0,0.545,0.393,0.026,0.125,0.545,0.063,0.187,3.765e-4,0,-0.011,0.88,0.891,3.589e-6,886.829,0.001,336.009,0.196,6.4,32.17
11.193,0.256,2643.121,456.9,0.262,0.003,62.379,43.168,0,0.545,0.393,0.026,0.125,0.545,0.064,0.192,2.361e-4,0,-0.011,0.88,0.891,-2.28e-8,886.717,0.001,336.004,0.195,6.4,32.17
11.209,0.278,2643.121,456.9,0.262,0.003,62.374,43.168,0,0.545,0.393,0.026,0.125,0.545,0.069,0.208,1.542e-4,0,-0.011,0.88,0.891,-2.672e-6,886.605,0.001,336,0.195,6.4,32.17
11.225,0.311,2643.121,456.9,0.262,0.003,62.363,43.168,0,0.544,0.393,0.026,0.125,0.545,0.078,0.233,4.554e-4,0,-0.011,0.88,0.891,-5.957e-6,886.494,0.001,335.996,0.194,6.4,32.17
11.242,0.346,2643.121,456.9,0.262,0.003,62.349,43.168,0,0.544,0.393,0.026,0.125,0.545,0.087,0.26,3.867e-4,0,-0.011,0.88,0.891,-8.199e-6,886.382,0.001,335.992,0.194,6.4,32.17
11.258,0.374,2643.121,456.9,0.262,0.003,62.337,43.168,0,0.544,0.393,0.026,0.125,0.545,0.093,0.28,-1.901e-4,0,-0.011,0.879,0.891,-9.746e-6,886.271,0.001,335.988,0.193,6.4,32.17
11.275,0.392,2643.121,456.9,0.262,0.003,62.326,43.168,0,0.544,0.393,0.026,0.125,0.545,0.098,0.294,1.756e-4,0,-0.011,0.879,0.891,-1.039e-5,886.16,0.001,335.984,0.193,6.4,32.17
11.291,0.409,2643.121,456.9,0.262,0.003,62.314,43.168,0,0.544,0.393,0.026,0.125,0.544,0.102,0.307,3.898e-4,0,-0.012,0.879,0.891,-8.794e-6,886.049,0.001,335.98,0.192,6.4,32.17
11.307,0.417,2643.121,456.9,0.262,0.003,62.306,43.168,0,0.544,0.393,0.026,0.125,0.544,0.104,0.312,4.385e-4,0,-0.012,0.879,0.891,-6.557e-6,885.939,0.001,335.976,0.191,6.4,32.17
11.324,0.414,2643.121,456.9,0.262,0.003,62.303,43.168,0,0.544,0.393,0.026,0.125,0.544,0.104,0.31,-1.176e-4,0,-0.012,0.879,0.891,-4.596e-6,885.829,0.001,335.972,0.191,6.4,32.17
11.34,0.409,2643.121,456.9,0.262,0.003,62.303,43.168,0,0.544,0.393,0.026,0.125,0.544,0.102,0.306,-4.148e-4,0,-0.012,0.879,0.891,-2.547e-6,885.721,0.001,335.968,0.19,6.4,32.17
11.356,0.401,2643.121,456.9,0.262,0.003,62.307,43.168,0,0.544,0.393,0.026,0.125,0.544,0.1,0.3,2.897e-4,0,-0.012,0.879,0.891,-9.839e-7,885.613,0.001,335.964,0.19,6.4,32.17
11.372,0.389,2643.121,456.9,0.262,0.003,62.314,43.168,0,0.544,0.393,0.026,0.125,0.544,0.097,0.291,-9.734e-5,0,-0.012,0.879,0.891,-1.721e-7,885.506,0.001,335.96,0.189,6.4,32.17
11.388,0.376,2643.121,456.9,0.262,0.003,62.324,43.168,0,0.544,0.393,0.026,0.125,0.544,0.094,0.281,-3.954e-4,0,-0.012,0.879,0.891,1.068e-8,885.4,0.001,335.956,0.189,6.4,32.17
11.404,0.364,2643.121,456.9,0.262,0.003,62.333,43.168,0,0.544,0.393,0.026,0.125,0.544,0.091,0.272,1.456e-4,0,-0.012,0.879,0.892,3.723e-7,885.294,0.001,335.952,0.188,6.4,32.17
11.42,0.358,2643.121,456.9,0.262,0.003,62.339,43.168,0,0.544,0.393,0.026,0.125,0.544,0.09,0.268,-5.805e-5,0,-0.012,0.879,0.892,1.67e-6,885.188,0.001,335.948,0.188,6.4,32.17
11.436,0.351,2643.121,456.9,0.262,0.003,62.344,43.168,0,0.544,0.393,0.026,0.125,0.544,0.088,0.262,-1.648e-4,0,-0.012,0.879,0.892,3.498e-6,885.083,0.001,335.944,0.187,6.4,32.17
11.453,0.34,2643.121,456.9,0.262,0.003,62.348,43.168,0,0.543,0.393,0.025,0.125,0.544,0.085,0.254,-3.712e-4,0,-0.012,0.879,0.892,4.941e-6,884.977,0.001,335.94,0.187,6.4,32.17
11.469,0.319,2643.121,456.9,0.262,0.003,62.355,43.168,0,0.543,0.393,0.025,0.125,0.544,0.08,0.238,-2.358e-4,0,-0.013,0.879,0.892,3.581e-6,884.872,0.001,335.936,0.186,6.4,32.17
11.485,0.299,2643.121,456.9,0.262,0.003,62.357,43.168,0,0.543,0.393,0.025,0.124,0.543,0.075,0.224,-2.498e-4,0,-0.013,0.879,0.892,1.422e-6,884.767,0.001,335.932,0.186,6.4,32.17
11.501,0.283,2643.121,456.9,0.262,0.003,62.358,43.168,0,0.543,0.393,0.025,0.124,0.543,0.071,0.212,2.092e-4,0,-0.013,0.879,0.892,3.669e-8,884.663,0.001,335.928,0.185,6.4,32.17
11.517,0.271,2643.121,456.9,0.262,0.003,62.357,43.168,0,0.543,0.394,0.025,0.124,0.543,0.068,0.202,-3.475e-4,0,-0.013,0.879,0.892,-6.499e-7,884.559,0.001,335.925,0.184,6.4,32.17
11.533,0.262,2643.121,456.9,0.262,0.003,62.357,43.168,0,0.543,0.394,0.025,0.124,0.543,0.065,0.196,3.499e-4,0,-0.013,0.879,0.892,-3.377e-6,884.455,0.001,335.921,0.184,6.4,32.17
11.549,0.256,2643.121,456.9,0.262,0.003,62.36,43.168,0,0.543,0.394,0.025,0.124,0.543,0.064,0.191,-9.597e-5,0,-0.013,0.879,0.892,-7.638e-6,884.352,0.001,335.917,0.183,6.4,32.17
11.565,0.252,2643.121,456.9,0.262,0.003,62.363,43.168,0,0.543,0.394,0.025,0.124,0.543,0.063,0.188,3.958e-4,0,-0.013,0.879,0.892,-9.845e-6,884.249,0.001,335.913,0.183,6.4,32.17
11.581,0.248,2643.121,456.9,0.262,0.003,62.368,43.168,0,0.543,0.394,0.025,0.124,0.543,0.062,0.185,2.121e-4,0,-0.013,0.879,0.892,-1.09e-5,884.146,0.001,335.909,0.182,6.4,32.17
11.597,0.244,2643.121,456.9,0.262,0.003,62.374,43.168,0,0.543,0.394,0.025,0.124,0.543,0.061,0.182,-8.065e-5,0,-0.013,0.879,0.892,-1.074e-5,884.043,0.001,335.905,0.182,6.4,32.17
11.613,0.24,2643.121,456.9,0.262,0.003,62.38,43.168,0,0.543,0.394,0.025,0.124,0.543,0.06,0.18,-2.024e-4,0,-0.013,0.879,0.892,-1.167e-5,883.94,0.001,335.902,0.181,6.4,32.17
11.63,0.237,2643.121,456.9,0.262,0.003,62.385,43.168,0,0.543,0.394,0.025,0.124,0.543,0.059,0.178,-1.037e-4,0,-0.013,0.879,0.892,-1.126e-5,883.838,0.001,335.898,0.181,6.4,32.17
11.646,0.234,2643.121,456.9,0.262,0.003,62.387,43.168,0,0.543,0.394,0.025,0.124,0.543,0.058,0.175,-2.733e-4,0,-0.013,0.879,0.892,-9.266e-6,883.736,0.001,335.894,0.18,6.4,32.17
11.662,0.228,2643.121,456.9,0.262,0.003,62.387,43.168,0,0.543,0.394,0.025,0.124,0.543,0.057,0.171,-4.656e-5,0,-0.013,0.879,0.892,-6.285e-6,883.634,0.001,335.89,0.18,6.4,32.17
11.678,0.22,2643.121,456.9,0.262,0.003,62.386,43.168,0,0.543,0.394,0.025,0.124,0.543,0.055,0.165,-3.012e-4,0,-0.014,0.879,0.892,-3.393e-6,883.533,0.001,335.887,0.179,6.4,32.17
11.694,0.211,2643.121,456.9,0.262,0.003,62.385,43.168,0,0.542,0.394,0.025,0.124,0.543,0.052,0.157,3.229e-4,0,-0.014,0.879,0.892,-1.256e-6,883.432,0.001,335.883,0.179,6.4,32.17
11.71,0.192,2643.121,456.9,0.262,0.003,62.389,43.168,0,0.542,0.394,0.025,0.124,0.542,0.048,0.144,-2.074e-4,0,-0.014,0.879,0.892,-7.331e-8,883.331,0.001,335.879,0.178,6.4,32.17
11.726,0.17,2643.121,456.9,0.262,0.003,62.396,43.168,0,0.542,0.394,0.025,0.124,0.542,0.042,0.127,3.787e-6,0,-0.014,0.879,0.892,3.514e-7,883.231,0.001,335.875,0.178,6.4,32.17
11.743,0.15,2643.121,456.9,0.262,0.003,62.403,43.168,0,0.542,0.394,0.025,0.124,0.542,0.037,0.112,-3.317e-4,0,-0.014,0.879,0.892,1.956e-6,883.13,0.001,335.872,0.177,6.4,32.17
11.759,0.132,2643.121,456.9,0.262,0.003,62.41,43.168,0,0.542,0.394,0.025,0.124,0.542,0.033,0.099,-3.694e-4,0,-0.014,0.879,0.892,4.601e-6,883.029,0.001,335.868,0.176,6.4,32.17
11.775,0.119,2643.121,456.9,0.262,0.003,62.415,43.168,0,0.542,0.394,0.024,0.124,0.542,0.03,0.089,-2.73e-4,0,-0.014,0.879,0.892,8.103e-6,882.928,0.001,335.864,0.176,6.4,32.17
11.792,0.111,2643.121,456.9,0.262,0.003,62.419,43.168,0,0.542,0.394,0.024,0.124,0.542,0.027,0.083,-4.509e-4,0,-0.014,0.879,0.892,1.245e-5,882.827,0.001,335.86,0.175,6.4,32.17
11.808,0.116,2643.121,456.9,0.262,0.003,62.418,43.168,0,0.542,0.394,0.024,0.124,0.542,0.029,0.086,-2.721e-4,0,-0.014,0.879,0.892,1.813e-5,882.726,0.001,335.857,0.175,6.4,32.17
11.825,0.137,2643.121,456.9,0.262,0.003,62.411,43.168,0,0.542,0.394,0.024,0.124,0.542,0.034,0.103,-4.014e-4,0,-0.014,0.879,0.892,2.509e-5,882.625,0.001,335.853,0.174,6.4,32.17
11.841,0.163,2643.121,456.9,0.262,0.003,62.4,43.168,0,0.542,0.394,0.024,0.124,0.542,0.041,0.122,3.616e-4,0,-0.014,0.879,0.892,3.366e-5,882.524,0.001,335.849,0.174,6.4,32.17
11.858,0.19,2643.121,456.9,0.262,0.003,62.387,43.168,0,0.542,0.394,0.024,0.124,0.542,0.047,0.142,1.018e-4,0,-0.014,0.879,0.892,4.407e-5,882.423,0.001,335.845,0.173,6.4,32.17
11.875,0.216,2643.121,456.9,0.262,0.003,62.374,43.168,0,0.542,0.394,0.024,0.124,0.542,0.054,0.162,2.805e-4,0,-0.014,0.879,0.892,5.546e-5,882.321,0.001,335.842,0.173,6.4,32.17
11.891,0.241,2643.121,456.9,0.262,0.003,62.361,43.168,0,0.542,0.394,0.024,0.124,0.542,0.06,0.18,-4.385e-4,0,-0.014,0.878,0.892,6.593e-5,882.22,0.001,335.838,0.172,6.4,32.17
11.908,0.259,2643.121,456.9,0.262,0.003,62.352,43.168,0,0.542,0.394,0.024,0.124,0.542,0.065,0.193,8.699e-5,0,-0.014,0.878,0.893,7.276e-5,882.119,0.001,335.834,0.172,6.4,32.17
11.925,0.272,2643.121,456.9,0.262,0.003,62.347,43.168,0,0.542,0.394,0.024,0.124,0.542,0.068,0.203,-4.358e-4,0,-0.014,0.878,0.893,7.262e-5,882.018,0.001,335.83,0.171,6.4,32.17
11.942,0.285,2643.121,456.9,0.262,0.003,62.344,43.168,0,0.541,0.394,0.024,0.124,0.542,0.071,0.213,-2.221e-4,0,-0.014,0.878,0.893,6.418e-5,881.917,0.001,335.827,0.171,6.4,32.17
11.959,0.289,2643.121,456.9,0.262,0.003,62.346,43.168,0,0.541,0.394,0.024,0.124,0.542,0.072,0.216,3.91e-4,0,-0.014,0.878,0.893,4.763e-5,881.816,0.001,335.823,0.17,6.4,32.17
11.976,0.286,2643.121,456.9,0.262,0.003,62.353,43.168,0,0.541,0.394,0.024,0.124,0.541,0.071,0.214,1.465e-4,0,-0.014,0.878,0.893,2.573e-5,881.716,0.001,335.819,0.17,6.4,32.17
11.993,0.289,2643.121,456.9,0.262,0.003,62.356,43.168,0,0.541,0.394,0.024,0.124,0.541,0.072,0.216,-1.648e-4,0,-0.015,0.878,0.893,7.41e-6,881.617,0.001,335.816,0.169,6.4,32.17
12.009,0.3,2643.121,456.9,0.262,0.003,62.355,43.168,0,0.541,0.394,0.024,0.124,0.541,0.075,0.224,-3.592e-4,0,-0.015,0.878,0.893,3.97e-8,881.518,0.001,335.812,0.169,6.4,32.17
12.026,0.318,2643.121,456.9,0.262,0.003,62.348,43.168,0,0.541,0.394,0.024,0.124,0.541,0.079,0.237,-2.728e-4,0,-0.015,0.878,0.893,-4.532e-6,881.419,0.001,335.808,0.168,6.4,32.17
12.043,0.341,2643.121,456.9,0.262,0.003,62.336,43.168,0,0.541,0.394,0.024,0.124,0.541,0.085,0.254,1.8e-4,0,-0.015,0.878,0.893,-1.622e-5,881.321,0.001,335.805,0.167,6.4,32.17
12.06,0.369,2643.121,456.9,0.262,0.003,62.321,43.168,0,0.541,0.394,0.024,0.124,0.541,0.092,0.276,-3.336e-4,0,-0.015,0.878,0.893,-2.831e-5,881.224,0.001,335.801,0.167,6.4,32.17
12.076,0.401,2643.121,456.9,0.262,0.003,62.304,43.168,0,0.541,0.394,0.024,0.124,0.541,0.1,0.3,4.268e-4,0,-0.015,0.878,0.893,-3.585e-5,881.126,0.001,335.797,0.166,6.4,32.17
12.093,0.433,2643.121,456.9,0.262,0.003,62.287,43.168,0,0.541,0.394,0.024,0.124,0.541,0.108,0.324,4.601e-4,0,-0.015,0.878,0.893,-3.717e-5,881.029,0.001,335.794,0.166,6.4,32.17
12.11,0.457,2643.121,456.9,0.262,0.003,62.275,43.168,0,0.541,0.394,0.023,0.124,0.541,0.114,0.341,1.788e-5,0,-0.015,0.878,0.894,-3.386e-5,880.932,0.001,335.79,0.165,6.4,32.17
12.127,0.473,2643.121,456.9,0.262,0.003,62.266,43.168,0,0.541,0.394,0.023,0.124,0.541,0.119,0.354,-2.308e-4,0,-0.015,0.878,0.894,-2.707e-5,880.836,0.001,335.787,0.165,6.4,32.17
12.143,0.488,2643.121,456.9,0.262,0.003,62.26,43.168,0,0.541,0.394,0.023,0.124,0.541,0.122,0.364,2.502e-4,0,-0.016,0.878,0.894,-1.809e-5,880.74,0.001,335.783,0.164,6.4,32.17
12.16,0.502,2643.121,456.9,0.262,0.003,62.255,43.168,0,0.541,0.394,0.023,0.123,0.541,0.126,0.375,4.612e-4,0,-0.016,0.878,0.894,-9.098e-6,880.645,0.001,335.78,0.164,6.4,32.17
12.177,0.514,2643.121,456.9,0.262,0.003,62.252,43.168,0,0.541,0.394,0.023,0.123,0.541,0.129,0.384,-2.748e-4,0,-0.016,0.878,0.894,-2.473e-6,880.55,0.001,335.776,0.163,6.4,32.17
12.193,0.523,2643.121,456.9,0.262,0.003,62.252,43.168,0,0.54,0.394,0.023,0.123,0.541,0.131,0.391,1.703e-4,0,-0.016,0.878,0.894,0,880.455,0.001,335.773,0.163,6.4,32.17
12.21,0.556,2643.121,456.9,0.262,0.003,62.242,43.168,0,0.54,0.394,0.023,0.123,0.541,0.139,0.416,4.501e-4,0,-0.016,0.878,0.894,3.261e-6,880.36,0.001,335.769,0.162,6.4,32.17
12.227,0.605,2643.121,456.9,0.262,0.003,62.225,43.168,0,0.54,0.394,0.023,0.123,0.541,0.152,0.453,-4.355e-4,0,-0.016,0.878,0.894,1.54e-5,880.266,0.001,335.766,0.162,6.4,32.17
12.244,0.651,2643.121,456.9,0.262,0.003,62.21,43.168,0,0.54,0.394,0.023,0.123,0.541,0.164,0.488,-1.046e-4,0,-0.016,0.878,0.894,3.788e-5,880.17,0.001,335.762,0.161,6.4,32.17
12.261,0.691,2643.121,456.9,0.262,0.003,62.197,43.168,0,0.54,0.394,0.023,0.123,0.541,0.174,0.518,-1.808e-4,0,-0.016,0.878,0.894,7.043e-5,880.075,0.001,335.758,0.161,6.4,32.17
12.278,0.725,2643.121,456.9,0.262,0.003,62.186,43.168,0,0.54,0.394,0.023,0.123,0.541,0.183,0.542,-4.898e-4,0,-0.016,0.878,0.894,1.106e-4,879.978,0.001,335.755,0.16,6.4,32.17
12.295,0.753,2643.121,456.9,0.262,0.003,62.176,43.168,0,0.54,0.394,0.023,0.123,0.541,0.19,0.564,-2.015e-4,0,-0.016,0.878,0.894,1.537e-4,879.882,0.001,335.751,0.16,6.4,32.17
12.313,0.732,2643.121,456.9,0.262,0.003,62.183,43.168,0,0.54,0.394,0.023,0.123,0.541,0.184,0.548,1.943e-4,0,-0.016,0.878,0.894,1.811e-4,879.786,0.001,335.748,0.159,6.4,32.17
12.33,0.692,2643.121,456.9,0.262,0.003,62.196,43.168,0,0.54,0.394,0.023,0.123,0.541,0.174,0.518,4.435e-4,0,-0.016,0.878,0.894,1.777e-4,879.69,0.001,335.744,0.159,6.4,32.17
12.347,0.654,2643.121,456.9,0.262,0.003,62.207,43.168,0,0.54,0.394,0.023,0.123,0.541,0.165,0.49,2.271e-4,0,-0.016,0.878,0.894,1.43e-4,879.596,0.001,335.741,0.158,6.4,32.17
12.364,0.626,2643.121,456.9,0.262,0.003,62.212,43.168,0,0.54,0.394,0.023,0.123,0.541,0.157,0.469,-1.328e-4,0,-0.017,0.878,0.894,8.863e-5,879.502,0.001,335.737,0.157,6.4,32.17
12.381,0.607,2643.121,456.9,0.262,0.003,62.214,43.168,0,0.54,0.394,0.023,0.123,0.54,0.152,0.453,1.541e-4,0,-0.017,0.878,0.895,3.385e-5,879.409,0.001,335.734,0.157,6.4,32.17
12.398,0.597,2643.121,456.9,0.262,0.003,62.215,43.168,0,0.54,0.394,0.023,0.123,0.54,0.15,0.446,-3.434e-4,0,-0.017,0.878,0.895,2.25e-6,879.316,0.001,335.73,0.156,6.4,32.17
12.415,0.597,2643.121,456.9,0.262,0.003,62.214,43.168,0,0.54,0.394,0.023,0.123,0.54,0.15,0.446,1.296e-4,0,-0.017,0.878,0.895,-9.447e-6,879.224,0.001,335.727,0.156,6.4,32.17
12.432,0.608,2643.121,456.9,0.262,0.003,62.212,43.168,0,0.54,0.394,0.023,0.123,0.54,0.153,0.455,-1.182e-4,0,-0.017,0.878,0.895,-5.316e-5,879.132,0.001,335.724,0.155,6.4,32.17
12.449,0.627,2643.121,456.9,0.262,0.003,62.209,43.168,0,0.54,0.394,0.023,0.123,0.54,0.158,0.469,2.173e-4,0,-0.017,0.878,0.895,-1.14e-4,879.041,0.001,335.72,0.155,6.4,32.17
12.466,0.655,2643.121,456.9,0.262,0.003,62.203,43.168,0,0.539,0.394,0.023,0.123,0.54,0.165,0.489,3.129e-4,0,-0.018,0.878,0.895,-1.659e-4,878.951,0.001,335.717,0.154,6.4,32.17
12.483,0.685,2643.121,456.9,0.262,0.003,62.195,43.168,0,0.539,0.394,0.022,0.123,0.54,0.172,0.513,1.473e-4,0,-0.018,0.878,0.895,-1.954e-4,878.86,0.001,335.714,0.154,6.4,32.17
12.5,0.716,2643.121,456.9,0.262,0.003,62.186,43.168,0,0.539,0.394,0.022,0.123,0.54,0.18,0.537,3.422e-4,0,-0.018,0.878,0.895,-1.979e-4,878.77,0.001,335.71,0.153,6.4,32.17
12.517,0.747,2643.121,456.9,0.262,0.003,62.175,43.168,0,0.539,0.394,0.022,0.123,0.54,0.188,0.559,3.056e-5,0,-0.018,0.878,0.896,-1.753e-4,878.681,0.001,335.707,0.153,6.4,32.17
12.533,0.773,2643.121,456.9,0.262,0.003,62.165,43.168,0,0.539,0.394,0.022,0.123,0.54,0.195,0.578,1.152e-4,0,-0.018,0.878,0.896,-1.373e-4,878.591,0.001,335.704,0.152,6.4,32.17
12.55,0.794,2643.121,456.9,0.262,0.003,62.156,43.168,0,0.539,0.394,0.022,0.123,0.54,0.2,0.594,-4.7e-4,0,-0.018,0.878,0.896,-9.314e-5,878.502,0.001,335.7,0.152,6.4,32.17
12.567,0.807,2643.121,456.9,0.262,0.003,62.149,43.168,0,0.539,0.394,0.022,0.123,0.54,0.204,0.604,3.679e-4,0,-0.018,0.878,0.896,-5.202e-5,878.413,0.001,335.697,0.151,6.4,32.17
12.584,0.812,2643.121,456.9,0.262,0.003,62.143,43.168,0,0.539,0.394,0.022,0.123,0.54,0.205,0.608,-1.107e-5,0,-0.018,0.878,0.896,-2.031e-5,878.325,0.001,335.694,0.15,6.4,32.17
12.601,0.81,2643.121,456.9,0.262,0.003,62.141,43.168,0,0.539,0.394,0.022,0.123,0.54,0.205,0.607,4.708e-4,0,-0.018,0.878,0.896,-2.777e-6,878.236,0.001,335.69,0.15,6.4,32.17
12.618,0.795,2643.121,456.9,0.262,0.003,62.143,43.168,0,0.539,0.394,0.022,0.123,0.54,0.2,0.595,1.635e-5,0,-0.019,0.878,0.896,1.224e-6,878.148,0.001,335.687,0.149,6.4,32.17
12.635,0.772,2643.121,456.9,0.262,0.003,62.149,43.168,0,0.539,0.394,0.022,0.123,0.54,0.195,0.577,1.804e-4,0,-0.019,0.878,0.896,1.402e-5,878.061,0.001,335.684,0.149,6.4,32.17
12.652,0.746,2643.121,456.9,0.262,0.003,62.156,43.168,0,0.539,0.394,0.022,0.123,0.54,0.188,0.558,2.941e-5,0,-0.019,0.877,0.896,3.844e-5,877.974,0.001,335.681,0.148,6.4,32.17
12.669,0.756,2643.121,456.9,0.262,0.003,62.151,43.168,0,0.539,0.394,0.022,0.123,0.54,0.19,0.565,-4.023e-4,0,-0.019,0.877,0.896,8.268e-5,877.887,0.001,335.677,0.148,6.4,32.17
12.686,0.766,2643.121,456.9,0.262,0.003,62.146,43.168,0,0.539,0.394,0.022,0.123,0.54,0.193,0.572,2.528e-4,0,-0.019,0.877,0.896,1.424e-4,877.8,0.001,335.674,0.147,6.4,32.17
12.703,0.766,2643.121,456.9,0.262,0.003,62.145,43.168,0,0.539,0.394,0.022,0.123,0.54,0.193,0.573,-1.663e-4,0,-0.019,0.877,0.896,2.11e-4,877.712,0.001,335.671,0.147,6.4,32.17
12.72,0.715,2643.121,456.9,0.262,0.003,62.165,43.168,0,0.539,0.394,0.022,0.123,0.539,0.18,0.535,-3.249e-4,0,-0.019,0.877,0.896,2.532e-4,877.624,0.001,335.668,0.146,6.4,32.17
12.737,0.662,2643.121,456.9,0.262,0.003,62.187,43.168,0,0.539,0.394,0.022,0.123,0.539,0.167,0.495,-1.185e-4,0,-0.019,0.877,0.897,2.657e-4,877.536,0.001,335.664,0.146,6.4,32.17
12.755,0.616,2643.121,456.9,0.262,0.003,62.208,43.168,0,0.539,0.394,0.022,0.123,0.539,0.155,0.46,4.626e-4,0,-0.019,0.877,0.897,2.469e-4,877.449,0.001,335.661,0.145,6.4,32.17
12.772,0.587,2643.121,456.9,0.262,0.003,62.222,43.168,0,0.539,0.394,0.022,0.123,0.539,0.147,0.439,1.963e-4,0,-0.02,0.877,0.897,2.144e-4,877.363,0.001,335.658,0.145,6.4,32.17
12.789,0.562,2643.121,456.9,0.262,0.003,62.235,43.168,0,0.538,0.394,0.022,0.123,0.539,0.141,0.42,3.293e-4,0,-0.02,0.877,0.897,1.59e-4,877.276,0.001,335.655,0.144,6.4,32.17
12.806,0.544,2643.121,456.9,0.262,0.003,62.246,43.168,0,0.538,0.394,0.022,0.123,0.539,0.136,0.407,4.814e-4,0,-0.02,0.877,0.897,9.421e-5,877.19,0.001,335.652,0.144,6.4,32.17
12.824,0.535,2643.121,456.9,0.262,0.003,62.252,43.168,0,0.538,0.394,0.022,0.123,0.539,0.134,0.4,3.648e-4,0,-0.02,0.877,0.897,3.79e-5,877.104,0.001,335.649,0.143,6.4,32.17
12.841,0.535,2643.121,456.9,0.262,0.003,62.253,43.168,0,0.538,0.394,0.022,0.123,0.539,0.134,0.4,1.824e-4,0,-0.02,0.877,0.897,4.5e-6,877.018,0.001,335.645,0.143,6.4,32.17
12.858,0.538,2643.121,456.9,0.262,0.003,62.251,43.168,0,0.538,0.394,0.022,0.123,0.539,0.135,0.402,-1.81e-4,0,-0.02,0.877,0.897,-6.298e-6,876.933,0.001,335.642,0.142,6.4,32.17
12.876,0.546,2643.121,456.9,0.262,0.003,62.244,43.168,0,0.538,0.394,0.022,0.123,0.539,0.137,0.408,1.872e-4,0,-0.02,0.877,0.897,-5.417e-5,876.847,0.001,335.639,0.141,6.4,32.17
12.893,0.564,2643.121,456.9,0.262,0.003,62.233,43.168,0,0.538,0.394,0.022,0.123,0.539,0.141,0.421,3.432e-4,0,-0.02,0.877,0.898,-1.316e-4,876.762,0.001,335.636,0.141,6.4,32.17
12.911,0.584,2643.121,456.9,0.262,0.003,62.22,43.168,0,0.538,0.394,0.021,0.123,0.539,0.147,0.437,2.338e-4,0,-0.021,0.877,0.898,-2.271e-4,876.678,0.001,335.633,0.14,6.4,32.17
12.928,0.608,2643.121,456.9,0.262,0.003,62.207,43.168,0,0.538,0.394,0.021,0.123,0.539,0.153,0.454,1.893e-4,0,-0.021,0.877,0.898,-3.124e-4,876.594,0.001,335.63,0.14,6.4,32.17
12.945,0.636,2643.121,456.9,0.262,0.003,62.193,43.168,0,0.538,0.394,0.021,0.123,0.539,0.16,0.475,-4.75e-4,0,-0.021,0.877,0.898,-3.59e-4,876.51,0.001,335.627,0.139,6.4,32.17
12.963,0.675,2643.121,456.9,0.262,0.003,62.177,43.168,0,0.538,0.394,0.021,0.123,0.539,0.17,0.505,-1.35e-4,0,-0.021,0.877,0.898,-3.245e-4,876.427,0.001,335.623,0.139,6.4,32.17
12.98,0.72,2643.121,456.9,0.262,0.003,62.16,43.168,0,0.538,0.394,0.021,0.122,0.539,0.181,0.539,5.041e-5,0,-0.021,0.877,0.898,-2.629e-4,876.344,0.001,335.62,0.138,6.4,32.17
12.997,0.768,2643.121,456.9,0.262,0.003,62.141,43.168,0,0.538,0.394,0.021,0.122,0.539,0.194,0.574,-2.53e-4,0,-0.021,0.877,0.898,-1.978e-4,876.261,0.001,335.617,0.138,6.4,32.17
13.015,0.818,2643.121,456.9,0.262,0.003,62.123,43.168,0,0.538,0.394,0.021,0.122,0.539,0.206,0.611,1.145e-4,0,-0.021,0.877,0.898,-1.337e-4,876.177,0.001,335.614,0.137,6.4,32.17
13.033,0.868,2643.121,456.9,0.262,0.003,62.104,43.168,0,0.538,0.394,0.021,0.122,0.539,0.219,0.648,1.503e-4,0,-0.021,0.877,0.898,-7.67e-5,876.093,0.001,335.611,0.137,6.4,32.17
13.05,0.917,2643.121,456.9,0.262,0.003,62.086,43.168,0,0.538,0.394,0.021,0.122,0.539,0.232,0.685,-4.273e-4,0,-0.021,0.877,0.898,-3.232e-5,876.009,0.001,335.608,0.136,6.4,32.17
13.068,0.95,2643.121,456.9,0.262,0.003,62.076,43.168,0,0.538,0.394,0.021,0.122,0.539,0.24,0.71,3.55e-4,0,-0.021,0.877,0.898,-6.513e-6,875.926,0.001,335.605,0.136,6.4,32.17
13.086,0.978,2643.121,456.9,0.262,0.003,62.067,43.168,0,0.538,0.394,0.021,0.122,0.539,0.248,0.732,2.745e-4,0,-0.022,0.877,0.899,5.411e-7,875.842,0.001,335.602,0.135,6.4,32.17
13.104,0.989,2643.121,456.9,0.262,0.003,62.065,43.168,0,0.538,0.394,0.021,0.122,0.539,0.251,0.74,9.045e-5,0,-0.022,0.877,0.899,1.592e-5,875.758,0.001,335.599,0.135,6.4,32.17
13.122,0.954,2643.121,456.9,0.262,0.003,62.082,43.168,0,0.538,0.394,0.021,0.122,0.539,0.241,0.713,2.127e-4,0,-0.022,0.877,0.899,4.475e-5,875.676,0.001,335.596,0.134,6.4,32.17
13.14,0.912,2643.121,456.9,0.262,0.003,62.1,43.168,0,0.537,0.394,0.021,0.122,0.539,0.231,0.682,-2.434e-5,0,-0.022,0.877,0.899,8.023e-5,875.594,0.001,335.593,0.134,6.4,32.17
13.157,0.866,2643.121,456.9,0.262,0.003,62.12,43.168,0,0.537,0.394,0.021,0.122,0.539,0.219,0.648,-1.196e-4,0,-0.023,0.877,0.9,1.143e-4,875.513,0.001,335.59,0.133,6.4,32.17
13.175,0.818,2643.121,456.9,0.262,0.003,62.14,43.168,0,0.537,0.394,0.021,0.122,0.538,0.206,0.612,4.174e-4,0,-0.023,0.877,0.9,1.391e-4,875.433,0.001,335.587,0.132,6.4,32.17
13.192,0.768,2643.121,456.9,0.262,0.003,62.159,43.168,0,0.537,0.394,0.021,0.122,0.538,0.194,0.574,3.351e-4,0,-0.023,0.877,0.9,1.478e-4,875.354,0.001,335.584,0.132,6.4,32.17
13.21,0.751,2643.121,456.9,0.262,0.003,62.165,43.168,0,0.537,0.394,0.021,0.122,0.538,0.189,0.562,4.651e-4,0,-0.023,0.877,0.9,1.616e-4,875.275,0.001,335.581,0.131,6.4,32.17
13.227,0.763,2643.121,456.9,0.262,0.003,62.159,43.168,0,0.537,0.394,0.021,0.122,0.538,0.192,0.57,4.696e-4,0,-0.023,0.877,0.9,1.882e-4,875.196,0.001,335.578,0.131,6.4,32.17
13.245,0.777,2643.121,456.9,0.262,0.003,62.152,43.168,0,0.537,0.394,0.021,0.122,0.538,0.196,0.581,1.226e-4,0,-0.023,0.877,0.9,2.081e-4,875.118,0.001,335.575,0.13,6.4,32.17
13.262,0.735,2643.121,456.9,0.262,0.003,62.165,43.168,0,0.537,0.394,0.021,0.122,0.538,0.185,0.549,-1.046e-5,0,-0.024,0.877,0.901,1.684e-4,875.038,0.001,335.572,0.13,6.4,32.17
13.28,0.673,2643.121,456.9,0.262,0.003,62.183,43.168,0,0.537,0.394,0.021,0.122,0.538,0.169,0.503,-3.828e-4,0,-0.024,0.877,0.901,8.807e-5,874.96,0.001,335.569,0.129,6.4,32.17
13.297,0.622,2643.121,456.9,0.262,0.003,62.198,43.168,0,0.537,0.394,0.021,0.122,0.538,0.156,0.465,-4.012e-4,0,-0.025,0.877,0.901,1.92e-5,874.882,0.001,335.566,0.129,6.4,32.17
13.315,0.581,2643.121,456.9,0.262,0.003,62.21,43.168,0,0.537,0.394,0.021,0.122,0.538,0.146,0.433,1.257e-4,0,-0.025,0.877,0.902,-4.331e-6,874.806,0.001,335.563,0.128,6.4,32.17
13.332,0.556,2643.121,456.9,0.262,0.003,62.219,43.168,0,0.537,0.394,0.021,0.122,0.537,0.139,0.416,-1.088e-4,0,-0.025,0.877,0.902,-8.097e-5,874.73,0.001,335.561,0.128,6.4,32.17
13.349,0.55,2643.121,456.9,0.262,0.003,62.225,43.168,0,0.537,0.394,0.021,0.122,0.537,0.138,0.41,4.573e-4,0,-0.026,0.877,0.902,-2.316e-4,874.655,0.001,335.558,0.127,6.4,32.17
13.366,0.564,2643.121,456.9,0.262,0.003,62.222,43.168,0,0.537,0.394,0.021,0.122,0.537,0.142,0.422,4.498e-4,0,-0.026,0.877,0.903,-3.139e-4,874.58,0.001,335.555,0.126,6.4,32.17
13.383,0.582,2643.121,456.9,0.262,0.003,62.219,43.168,0,0.537,0.394,0.021,0.122,0.537,0.146,0.435,1.938e-4,0,-0.026,0.877,0.903,-3.667e-4,874.506,0.001,335.552,0.126,6.4,32.17
13.4,0.602,2643.121,456.9,0.262,0.003,62.214,43.168,0,0.537,0.394,0.021,0.122,0.537,0.151,0.45,-3.472e-4,0,-0.026,0.877,0.903,-3.889e-4,874.432,0.001,335.55,0.125,6.4,32.17
13.417,0.631,2643.121,456.9,0.262,0.003,62.204,43.168,0,0.537,0.394,0.02,0.122,0.537,0.158,0.472,-2.137e-4,0,-0.026,0.877,0.903,-3.375e-4,874.358,0.001,335.547,0.125,6.4,32.17
13.435,0.664,2643.121,456.9,0.262,0.003,62.192,43.168,0,0.537,0.394,0.02,0.122,0.537,0.167,0.496,-3.134e-4,0,-0.026,0.877,0.903,-2.814e-4,874.284,0.001,335.544,0.124,6.4,32.17
13.452,0.697,2643.121,456.9,0.262,0.003,62.18,43.168,0,0.537,0.394,0.02,0.122,0.537,0.175,0.521,1.1e-4,0,-0.026,0.877,0.903,-2.294e-4,874.209,0.001,335.541,0.124,6.4,32.17
13.47,0.707,2643.121,456.9,0.262,0.003,62.178,43.168,0,0.537,0.394,0.02,0.122,0.537,0.178,0.529,2.659e-4,0,-0.026,0.877,0.903,-2.046e-4,874.134,0.001,335.539,0.123,6.4,32.17
13.488,0.714,2643.121,456.9,0.262,0.003,62.177,43.168,0,0.537,0.394,0.02,0.122,0.537,0.18,0.534,-2.532e-5,0,-0.027,0.877,0.903,-1.696e-4,874.06,0.001,335.536,0.123,6.4,32.17
13.505,0.722,2643.121,456.9,0.262,0.003,62.174,43.168,0,0.537,0.394,0.02,0.122,0.537,0.182,0.54,-4.39e-4,0,-0.027,0.877,0.904,-1.272e-4,873.986,0.001,335.533,0.122,6.4,32.17
13.523,0.74,2643.121,456.9,0.262,0.003,62.166,43.168,0,0.536,0.394,0.02,0.122,0.537,0.186,0.554,9.305e-5,0,-0.027,0.877,0.904,-8.144e-5,873.913,0.001,335.53,0.122,6.4,32.17
13.54,0.757,2643.121,456.9,0.262,0.003,62.159,43.168,0,0.536,0.394,0.02,0.122,0.537,0.191,0.566,-1.679e-4,0,-0.027,0.877,0.904,-4.393e-5,873.84,0.001,335.528,0.121,6.4,32.17
13.558,0.773,2643.121,456.9,0.262,0.003,62.152,43.168,0,0.536,0.394,0.02,0.122,0.537,0.195,0.578,6.144e-6,0,-0.027,0.877,0.904,-1.695e-5,873.767,0.001,335.525,0.121,6.4,32.17
13.575,0.788,2643.121,456.9,0.262,0.003,62.146,43.168,0,0.536,0.394,0.02,0.122,0.537,0.199,0.589,2.7e-4,0,-0.028,0.877,0.904,-2.302e-6,873.694,0.001,335.522,0.12,6.4,32.17
13.593,0.802,2643.121,456.9,0.262,0.003,62.139,43.168,0,0.536,0.394,0.02,0.122,0.537,0.202,0.6,4.654e-4,0,-0.028,0.876,0.904,1.309e-6,873.621,0.001,335.52,0.12,6.4,32.17
13.611,0.807,2643.121,456.9,0.262,0.003,62.135,43.168,0,0.536,0.394,0.02,0.122,0.537,0.204,0.604,-4.551e-4,0,-0.028,0.876,0.904,1.435e-5,873.548,0.001,335.517,0.119,6.4,32.17
13.629,0.806,2643.121,456.9,0.262,0.003,62.134,43.168,0,0.536,0.394,0.02,0.122,0.537,0.203,0.602,-2.281e-4,0,-0.028,0.876,0.905,4.047e-5,873.476,0.001,335.514,0.119,6.4,32.17
13.646,0.801,2643.121,456.9,0.262,0.003,62.134,43.168,0,0.536,0.394,0.02,0.122,0.537,0.202,0.599,-4.386e-4,0,-0.028,0.876,0.905,7.832e-5,873.404,0.001,335.511,0.118,6.4,32.17
13.664,0.827,2643.121,456.9,0.262,0.003,62.122,43.168,0,0.536,0.394,0.02,0.122,0.537,0.209,0.617,-4.272e-4,0,-0.029,0.876,0.905,1.316e-4,873.332,0.001,335.509,0.118,6.4,32.17
13.682,0.861,2643.121,456.9,0.262,0.003,62.108,43.168,0,0.536,0.394,0.02,0.122,0.537,0.217,0.643,-7.919e-5,0,-0.029,0.876,0.905,2.001e-4,873.26,0.001,335.506,0.117,6.4,32.17
13.7,0.894,2643.121,456.9,0.262,0.003,62.093,43.168,0,0.536,0.394,0.02,0.122,0.537,0.226,0.668,-3.855e-4,0,-0.029,0.876,0.905,2.813e-4,873.188,0.001,335.503,0.117,6.4,32.17
13.718,0.867,2643.121,456.9,0.262,0.003,62.101,43.168,0,0.536,0.394,0.02,0.122,0.537,0.219,0.647,-4.093e-4,0,-0.029,0.876,0.906,3.544e-4,873.116,0.001,335.501,0.116,6.4,32.17
13.736,0.836,2643.121,456.9,0.262,0.003,62.11,43.168,0,0.536,0.394,0.02,0.122,0.537,0.211,0.624,-4.692e-5,0,-0.029,0.876,0.906,4.151e-4,873.045,0.001,335.498,0.115,6.4,32.17
13.754,0.808,2643.121,456.9,0.262,0.003,62.12,43.168,0,0.536,0.394,0.02,0.122,0.537,0.204,0.603,2.81e-4,0,-0.03,0.876,0.906,4.563e-4,872.974,0.001,335.496,0.115,6.4,32.17
13.772,0.788,2643.121,456.9,0.262,0.003,62.126,43.168,0,0.536,0.394,0.02,0.122,0.537,0.199,0.589,1.217e-4,0,-0.03,0.876,0.906,4.756e-4,872.904,0.001,335.493,0.114,6.4,32.17
13.79,0.77,2643.121,456.9,0.262,0.003,62.132,43.168,0,0.536,0.394,0.02,0.122,0.537,0.194,0.574,2.766e-5,0,-0.03,0.876,0.907,4.652e-4,872.834,0.001,335.49,0.114,6.4,32.17
13.808,0.753,2643.121,456.9,0.262,0.003,62.139,43.168,0,0.536,0.394,0.02,0.122,0.537,0.19,0.562,-2.451e-4,0,-0.031,0.876,0.907,4.225e-4,872.764,0.001,335.488,0.113,6.4,32.17
13.826,0.738,2643.121,456.9,0.262,0.003,62.146,43.168,0,0.536,0.394,0.02,0.122,0.537,0.186,0.551,4.827e-4,0,-0.031,0.876,0.907,3.502e-4,872.695,0.001,335.485,0.113,6.4,32.17
13.844,0.728,2643.121,456.9,0.262,0.003,62.152,43.168,0,0.536,0.394,0.02,0.122,0.537,0.183,0.544,1.703e-4,0,-0.031,0.876,0.908,2.577e-4,872.626,0.001,335.483,0.112,6.4,32.17
13.862,0.785,2643.121,456.9,0.262,0.003,62.133,43.168,0,0.536,0.394,0.02,0.122,0.537,0.198,0.585,4.123e-4,0,-0.031,0.876,0.908,1.984e-4,872.558,0.001,335.48,0.112,6.4,32.17
13.88,0.878,2643.121,456.9,0.262,0.003,62.1,43.168,0,0.536,0.394,0.02,0.122,0.537,0.222,0.656,4.07e-4,0,-0.031,0.876,0.907,1.57e-4,872.489,0.001,335.478,0.111,6.4,32.17
13.898,0.978,2643.121,456.9,0.262,0.003,62.065,43.168,0,0.536,0.394,0.02,0.122,0.537,0.248,0.732,-9.942e-5,0,-0.031,0.876,0.907,1.174e-4,872.42,0.001,335.475,0.111,6.4,32.17
13.917,0.969,2643.121,456.9,0.262,0.003,62.071,43.168,0,0.536,0.394,0.02,0.122,0.537,0.245,0.724,2.207e-4,0,-0.032,0.876,0.908,4.717e-5,872.35,0.001,335.472,0.11,6.4,32.17
13.935,0.956,2643.121,456.9,0.262,0.003,62.079,43.168,0,0.535,0.394,0.02,0.122,0.537,0.242,0.715,-2.383e-4,0,-0.032,0.876,0.908,5.044e-6,872.281,0.001,335.47,0.11,6.4,32.17
13.954,0.969,2643.121,456.9,0.262,0.003,62.075,43.168,0,0.535,0.394,0.02,0.122,0.537,0.245,0.725,-4.632e-4,0,-0.033,0.876,0.909,-4.41e-6,872.213,0.001,335.467,0.109,6.4,32.17
13.972,1.055,2643.121,456.9,0.262,0.003,62.043,43.168,0,0.535,0.394,0.02,0.122,0.537,0.268,0.789,-3.419e-4,0,-0.033,0.876,0.909,-1.928e-5,872.146,0.001,335.465,0.109,6.4,32.17
13.99,1.148,2643.121,456.9,0.262,0.003,62.007,43.168,0,0.535,0.394,0.019,0.122,0.537,0.292,0.859,-1.402e-4,0,-0.033,0.876,0.909,-3.892e-5,872.078,0.001,335.462,0.108,6.4,32.17
14.009,1.234,2643.121,456.9,0.262,0.003,61.974,43.168,0,0.535,0.394,0.019,0.122,0.538,0.314,0.923,4.263e-4,0,-0.033,0.876,0.909,-6.088e-5,872.011,0.001,335.46,0.108,6.4,32.17
14.027,1.311,2643.121,456.9,0.262,0.003,61.943,43.168,0,0.535,0.394,0.019,0.121,0.538,0.334,0.981,1.397e-4,0,-0.033,0.876,0.909,-8.247e-5,871.943,0.001,335.457,0.107,6.4,32.17
14.046,1.39,2643.121,456.9,0.262,0.003,61.911,43.168,0,0.535,0.394,0.019,0.121,0.538,0.355,1.04,1.093e-4,0,-0.034,0.876,0.91,-9.609e-5,871.876,0.001,335.455,0.106,6.4,32.17
14.064,1.497,2643.121,456.9,0.262,0.003,61.869,43.168,0,0.535,0.394,0.019,0.121,0.539,0.383,1.121,-4.04e-4,0,-0.034,0.876,0.91,-9.103e-5,871.809,0.001,335.452,0.106,6.4,32.17
14.083,1.613,2643.121,456.9,0.262,0.003,61.824,43.168,0,0.535,0.394,0.019,0.121,0.539,0.414,1.207,1.964e-4,0,-0.034,0.876,0.91,-7.402e-5,871.742,0.001,335.45,0.105,6.4,32.17
14.102,1.723,2643.121,456.9,0.262,0.003,61.781,43.168,0,0.535,0.394,0.019,0.121,0.54,0.444,1.29,-2.073e-6,0,-0.034,0.876,0.91,-5.173e-5,871.675,0.001,335.447,0.105,6.4,32.17
14.121,1.787,2643.121,456.9,0.262,0.003,61.755,43.168,0,0.535,0.394,0.019,0.121,0.54,0.461,1.338,-4.301e-4,0,-0.034,0.876,0.91,-3.401e-5,871.608,0.001,335.445,0.104,6.4,32.17
14.14,1.847,2643.121,456.9,0.262,0.003,61.731,43.168,0,0.535,0.394,0.019,0.121,0.54,0.477,1.383,-9.748e-5,0,-0.035,0.876,0.911,-1.696e-5,871.542,0.001,335.443,0.104,6.4,32.17
14.159,1.907,2643.121,456.9,0.262,0.003,61.708,43.168,0,0.535,0.394,0.019,0.121,0.541,0.493,1.428,-3.414e-4,0,-0.035,0.876,0.911,-4.339e-6,871.476,0.001,335.44,0.103,6.4,32.17
14.178,1.967,2643.121,456.9,0.262,0.003,61.686,43.168,0,0.535,0.394,0.019,0.121,0.541,0.509,1.474,3.492e-4,0,-0.036,0.876,0.912,5.492e-8,871.41,0.001,335.438,0.103,6.4,32.17
14.196,2.023,2643.121,456.9,0.262,0.003,61.665,43.168,0,0.535,0.394,0.019,0.121,0.541,0.524,1.516,2.988e-4,0,-0.036,0.876,0.912,7.457e-6,871.345,0.001,335.435,0.102,6.4,32.17
14.215,2.023,2643.121,456.9,0.262,0.003,61.666,43.168,0,0.535,0.394,0.019,0.121,0.541,0.525,1.517,-4.885e-4,0,-0.037,0.876,0.913,2.322e-5,871.28,0.001,335.433,0.102,6.4,32.17
14.234,2.008,2643.121,456.9,0.262,0.003,61.673,43.168,0,0.535,0.394,0.019,0.121,0.541,0.52,1.505,-1.979e-4,0,-0.037,0.876,0.913,4.362e-5,871.216,0.001,335.43,0.101,6.4,32.17
14.253,2.001,2643.121,456.9,0.262,0.003,61.677,43.168,0,0.535,0.394,0.019,0.121,0.541,0.518,1.5,-1.94e-4,0,-0.038,0.876,0.914,6.798e-5,871.153,0.001,335.428,0.101,6.4,32.17
14.271,2.059,2643.121,456.9,0.262,0.003,61.659,43.168,0,0.535,0.394,0.019,0.121,0.541,0.534,1.543,-2.701e-4,0,-0.038,0.876,0.914,1.093e-4,871.09,0.001,335.426,0.1,6.4,32.17
14.29,2.114,2643.121,456.9,0.262,0.003,61.641,43.168,0,0.535,0.394,0.019,0.121,0.542,0.549,1.585,-4.206e-5,0,-0.038,0.876,0.914,1.594e-4,871.027,0.001,335.423,0.1,6.4,32.17
14.309,2.147,2643.121,456.9,0.262,0.003,61.632,43.168,0,0.535,0.394,0.019,0.121,0.542,0.558,1.61,-1.245e-4,0,-0.038,0.876,0.914,2.104e-4,870.965,0.001,335.421,0.099,6.4,32.17
14.327,2.154,2643.121,456.9,0.262,0.003,61.631,43.168,0,0.535,0.394,0.019,0.121,0.542,0.56,1.616,-4.756e-4,0,-0.039,0.876,0.915,2.513e-4,870.903,0.001,335.419,0.098,6.4,32.17
14.346,2.16,2643.121,456.9,0.262,0.003,61.632,43.168,0,0.535,0.394,0.019,0.121,0.542,0.562,1.62,-4.709e-5,0,-0.039,0.876,0.915,2.829e-4,870.841,0.001,335.417,0.098,6.4,32.17
14.365,2.142,2643.121,456.9,0.262,0.003,61.64,43.168,0,0.535,0.394,0.019,0.121,0.542,0.557,1.607,3.737e-4,0,-0.04,0.876,0.916,2.913e-4,870.779,0.001,335.414,0.097,6.4,32.17
14.384,2.118,2643.121,456.9,0.262,0.003,61.649,43.168,0,0.535,0.394,0.019,0.121,0.541,0.55,1.588,4.928e-4,0,-0.041,0.876,0.916,2.778e-4,870.718,0.001,335.412,0.097,6.4,32.17
14.402,2.113,2643.121,456.9,0.262,0.003,61.651,43.168,0,0.535,0.394,0.019,0.121,0.541,0.549,1.586,-3.77e-4,0,-0.041,0.876,0.917,2.549e-4,870.658,0.001,335.41,0.096,6.4,32.17
14.421,2.238,2643.121,456.9,0.262,0.003,61.606,43.168,0,0.535,0.394,0.019,0.121,0.542,0.583,1.68,4.453e-4,0,-0.041,0.876,0.917,2.87e-4,870.598,0.001,335.408,0.096,6.4,32.17
14.44,2.366,2643.121,456.9,0.262,0.003,61.56,43.168,0,0.534,0.394,0.019,0.121,0.543,0.618,1.776,-4.685e-4,0,-0.041,0.876,0.916,3.213e-4,870.538,0.001,335.405,0.095,6.4,32.17
14.459,2.432,2643.121,456.9,0.262,0.003,61.535,43.168,0,0.534,0.394,0.019,0.121,0.543,0.636,1.826,-9.763e-6,0,-0.041,0.876,0.917,3.251e-4,870.477,0.001,335.403,0.095,6.4,32.17
14.478,2.427,2643.121,456.9,0.262,0.003,61.535,43.168,0,0.534,0.394,0.019,0.121,0.543,0.635,1.822,-1.48e-4,0,-0.042,0.876,0.917,2.785e-4,870.416,0.001,335.401,0.094,6.4,32.17
14.498,2.424,2643.121,456.9,0.262,0.003,61.533,43.168,0,0.534,0.394,0.019,0.121,0.543,0.634,1.819,5.368e-5,0,-0.042,0.876,0.918,2.195e-4,870.356,0.001,335.399,0.094,6.4,32.17
14.517,2.368,2643.121,456.9,0.262,0.003,61.549,43.168,0,0.534,0.395,0.019,0.121,0.543,0.619,1.777,1.385e-4,0,-0.043,0.876,0.919,1.296e-4,870.296,0.001,335.396,0.093,6.4,32.17
14.536,2.31,2643.121,456.9,0.262,0.003,61.567,43.168,0,0.534,0.395,0.019,0.121,0.542,0.603,1.732,3.244e-5,0,-0.044,0.876,0.92,5.002e-5,870.238,0.001,335.394,0.093,6.4,32.17
14.554,2.276,2643.121,456.9,0.262,0.003,61.576,43.168,0,0.534,0.395,0.019,0.121,0.542,0.593,1.707,-4.882e-4,0,-0.045,0.876,0.921,6.68e-6,870.18,0.001,335.392,0.092,6.4,32.17
14.573,2.302,2643.121,456.9,0.262,0.003,61.565,43.168,0,0.534,0.395,0.019,0.121,0.542,0.601,1.727,2.249e-4,0,-0.045,0.876,0.921,-5.813e-7,870.123,0.001,335.39,0.091,6.4,32.17
14.592,2.333,2643.121,456.9,0.262,0.003,61.552,43.168,0,0.534,0.395,0.019,0.121,0.542,0.609,1.75,3.808e-4,0,-0.046,0.876,0.922,-1.601e-5,870.066,0.001,335.388,0.091,6.4,32.17
14.611,2.339,2643.121,456.9,0.262,0.003,61.55,43.168,0,0.534,0.395,0.019,0.121,0.542,0.611,1.754,4.691e-4,0,-0.047,0.876,0.922,-6.091e-5,870.01,0.001,335.386,0.09,6.4,32.17
14.629,2.328,2643.121,456.9,0.262,0.003,61.554,43.168,0,0.534,0.395,0.019,0.121,0.542,0.608,1.745,-3.776e-4,0,-0.047,0.876,0.923,-1.451e-4,869.954,0.001,335.384,0.09,6.4,32.17
14.648,2.322,2643.121,456.9,0.262,0.003,61.557,43.168,0,0.534,0.395,0.019,0.121,0.542,0.606,1.741,4.878e-4,0,-0.048,0.876,0.924,-2.562e-4,869.899,0.001,335.382,0.089,6.4,32.17
14.666,2.3,2643.121,456.9,0.262,0.003,61.567,43.168,0,0.534,0.395,0.019,0.121,0.542,0.6,1.725,-2.83e-4,0,-0.049,0.876,0.925,-4.079e-4,869.844,0.001,335.38,0.089,6.4,32.17
14.685,2.281,2643.121,456.9,0.262,0.003,61.576,43.168,0,0.534,0.395,0.019,0.121,0.542,0.595,1.711,4.411e-4,0,-0.05,0.876,0.926,-5.763e-4,869.79,0.001,335.378,0.088,6.4,32.17
14.703,2.285,2643.121,456.9,0.262,0.003,61.577,43.168,0,0.534,0.395,0.019,0.121,0.542,0.596,1.715,3.421e-4,0,-0.051,0.876,0.926,-7.09e-4,869.737,0.001,335.376,0.087,6.4,32.17
14.721,2.388,2643.121,456.9,0.262,0.003,61.542,43.168,0,0.534,0.395,0.019,0.121,0.543,0.624,1.793,1.848e-4,0,-0.051,0.876,0.926,-6.572e-4,869.684,0.001,335.374,0.087,6.4,32.17
14.74,2.494,2643.121,456.9,0.262,0.003,61.507,43.168,0,0.534,0.395,0.018,0.121,0.543,0.653,1.872,-7.779e-5,0,-0.051,0.876,0.926,-5.805e-4,869.631,0.001,335.372,0.086,6.4,32.17
14.759,2.562,2643.121,456.9,0.262,0.003,61.485,43.168,0,0.534,0.395,0.018,0.121,0.544,0.672,1.924,-2.626e-4,0,-0.051,0.876,0.927,-5.251e-4,869.578,0.001,335.37,0.086,6.4,32.17
14.777,2.581,2643.121,456.9,0.262,0.003,61.48,43.168,0,0.534,0.395,0.018,0.121,0.544,0.677,1.939,-3.637e-4,0,-0.052,0.876,0.928,-4.991e-4,869.525,0.001,335.368,0.085,6.4,32.17
14.796,2.597,2643.121,456.9,0.262,0.003,61.476,43.168,0,0.534,0.395,0.018,0.121,0.544,0.682,1.952,4.529e-4,0,-0.053,0.876,0.928,-4.544e-4,869.472,0.001,335.366,0.085,6.4,32.17
14.815,2.747,2643.121,456.9,0.262,0.003,61.424,43.168,0,0.534,0.395,0.018,0.121,0.545,0.724,2.066,3.82e-4,0,-0.052,0.876,0.928,-2.964e-4,869.42,0.001,335.364,0.084,6.4,32.17
14.834,2.943,2643.121,456.9,0.262,0.003,61.357,43.168,0,0.534,0.395,0.018,0.121,0.547,0.779,2.213,4.013e-4,0,-0.052,0.876,0.928,-1.443e-4,869.367,0.001,335.362,0.084,6.4,32.17
14.853,3.12,2643.121,456.9,0.262,0.003,61.296,43.168,0,0.534,0.395,0.018,0.121,0.548,0.829,2.349,1.968e-4,0,-0.052,0.876,0.927,-4.463e-5,869.313,0.001,335.36,0.084,6.4,32.17
14.873,3.163,2643.121,456.9,0.262,0.003,61.282,43.168,0,0.534,0.395,0.018,0.121,0.548,0.841,2.381,4.555e-4,0,-0.052,0.876,0.928,-7.047e-6,869.26,0.001,335.358,0.083,6.4,32.17
14.893,3.2,2643.121,456.9,0.262,0.003,61.269,43.168,0,0.534,0.395,0.018,0.121,0.549,0.852,2.409,-3.635e-4,0,-0.053,0.876,0.929,2.24e-6,869.206,0.001,335.356,0.082,6.4,32.17
14.912,3.223,2643.121,456.9,0.262,0.003,61.261,43.168,0,0.534,0.395,0.018,0.121,0.549,0.858,2.426,-4.136e-4,0,-0.054,0.876,0.93,3.137e-5,869.154,0.001,335.354,0.082,6.4,32.17
14.932,3.236,2643.121,456.9,0.262,0.003,61.255,43.168,0,0.534,0.395,0.018,0.121,0.549,0.862,2.435,-3.895e-4,0,-0.055,0.876,0.93,9.194e-5,869.101,0.001,335.352,0.081,6.4,32.17
14.951,3.247,2643.121,456.9,0.262,0.003,61.25,43.168,0,0.534,0.395,0.018,0.121,0.549,0.865,2.444,-1.364e-4,0,-0.056,0.875,0.931,1.818e-4,869.049,0.001,335.35,0.081,6.4,32.17
14.971,3.304,2643.121,456.9,0.262,0.003,61.229,43.168,0,0.534,0.395,0.018,0.121,0.549,0.881,2.487,1.742e-4,0,-0.056,0.875,0.932,3.17e-4,868.998,0.001,335.348,0.08,6.4,32.17
14.991,3.358,2643.121,456.9,0.262,0.003,61.209,43.168,0,0.534,0.395,0.018,0.121,0.55,0.897,2.527,-3.359e-4,0,-0.057,0.875,0.932,4.863e-4,868.947,0.001,335.346,0.08,6.4,32.17
15.01,3.36,2643.121,456.9,0.262,0.003,61.206,43.168,0,0.534,0.395,0.018,0.121,0.55,0.897,2.528,-2.216e-4,0,-0.058,0.875,0.933,6.56e-4,868.896,0.001,335.345,0.079,6.4,32.17
15.03,3.313,2643.121,456.9,0.262,0.003,61.22,43.168,0,0.534,0.395,0.018,0.121,0.549,0.884,2.492,-4.125e-4,0,-0.059,0.875,0.934,7.931e-4,868.845,0.001,335.343,0.079,6.4,32.17
15.05,3.262,2643.121,456.9,0.262,0.003,61.235,43.168,0,0.534,0.395,0.018,0.121,0.549,0.869,2.453,4.758e-4,0,-0.06,0.875,0.935,9.037e-4,868.795,0.001,335.341,0.078,6.4,32.17
15.069,3.262,2643.121,456.9,0.262,0.003,61.233,43.168,0,0.534,0.395,0.018,0.121,0.549,0.869,2.453,-4.211e-4,0,-0.061,0.875,0.936,0.001,868.746,0.001,335.339,0.077,6.4,32.17
15.089,3.263,2643.121,456.9,0.262,0.003,61.231,43.168,0,0.534,0.395,0.018,0.121,0.549,0.869,2.453,-4.155e-4,0,-0.061,0.875,0.937,0.001,868.697,0.001,335.337,0.077,6.4,32.17
15.108,3.269,2643.121,456.9,0.262,0.003,61.227,43.168,0,0.533,0.395,0.018,0.121,0.549,0.871,2.457,-2.42e-4,0,-0.062,0.875,0.938,0.001,868.648,0.001,335.335,0.076,6.4,32.17
15.128,3.285,2643.121,456.9,0.262,0.003,61.221,43.168,0,0.533,0.395,0.018,0.121,0.549,0.876,2.469,3.083e-4,0,-0.063,0.875,0.938,0.001,868.6,0.001,335.334,0.076,6.4,32.17
15.148,3.303,2643.121,456.9,0.262,0.003,61.214,43.168,0,0.533,0.395,0.018,0.121,0.549,0.881,2.482,4.557e-4,0,-0.064,0.875,0.939,0.001,868.552,0.001,335.332,0.075,6.4,32.17
15.167,3.313,2643.121,456.9,0.262,0.003,61.21,43.168,0,0.533,0.395,0.018,0.121,0.549,0.884,2.49,-1.852e-4,0,-0.064,0.875,0.94,0.001,868.504,0.001,335.33,0.075,6.4,32.17
15.187,3.325,2643.121,456.9,0.262,0.003,61.206,43.168,0,0.533,0.395,0.018,0.121,0.549,0.887,2.5,-4.215e-5,0,-0.065,0.875,0.941,0.001,868.457,0.001,335.328,0.074,6.4,32.17
15.207,3.354,2643.121,456.9,0.262,0.003,61.197,43.168,0,0.533,0.395,0.018,0.121,0.55,0.895,2.521,2.692e-4,0,-0.066,0.875,0.941,0.001,868.41,0.001,335.327,0.074,6.4,32.17
15.227,3.41,2643.121,456.9,0.262,0.003,61.179,43.168,0,0.533,0.395,0.018,0.121,0.55,0.911,2.564,4.557e-4,0,-0.067,0.875,0.942,9.335e-4,868.363,0.001,335.325,0.073,6.4,32.17
15.247,3.471,2643.121,456.9,0.262,0.003,61.16,43.168,0,0.533,0.395,0.018,0.121,0.551,0.929,2.611,3.264e-4,0,-0.067,0.875,0.942,8.219e-4,868.316,0.001,335.323,0.073,6.4,32.17
15.267,3.572,2643.121,456.9,0.262,0.003,61.128,43.168,0,0.533,0.395,0.018,0.121,0.552,0.958,2.688,-2.965e-4,0,-0.068,0.875,0.943,7.318e-4,868.27,0.001,335.321,0.072,6.4,32.17
15.287,3.686,2643.121,456.9,0.262,0.003,61.092,43.168,0,0.533,0.395,0.018,0.121,0.553,0.991,2.776,-4.203e-4,0,-0.068,0.875,0.943,6.433e-4,868.223,0.001,335.32,0.072,6.4,32.17
15.308,3.762,2643.121,456.9,0.262,0.003,61.069,43.168,0,0.533,0.395,0.018,0.121,0.553,1.013,2.833,-1.167e-4,0,-0.069,0.875,0.944,5.207e-4,868.177,0.001,335.318,0.071,6.4,32.17
15.328,3.768,2643.121,456.9,0.262,0.003,61.069,43.168,0,0.533,0.395,0.018,0.121,0.553,1.015,2.839,4.661e-4,0,-0.07,0.875,0.945,3.496e-4,868.131,0.001,335.316,0.07,6.4,32.17
15.349,3.781,2643.121,456.9,0.262,0.003,61.066,43.168,0,0.533,0.395,0.018,0.121,0.553,1.019,2.849,1.763e-4,0,-0.071,0.875,0.947,2.02e-4,868.085,0.001,335.315,0.07,6.4,32.17
15.369,3.922,2643.121,456.9,0.262,0.003,61.022,43.168,0,0.533,0.395,0.018,0.121,0.555,1.06,2.957,1.294e-4,0,-0.072,0.875,0.947,1.383e-4,868.04,0.001,335.313,0.069,6.4,32.17
15.39,4.081,2643.121,456.9,0.262,0.003,60.971,43.168,0,0.533,0.395,0.018,0.121,0.556,1.107,3.079,-4.58e-4,0,-0.072,0.875,0.948,9.25e-5,867.995,0.001,335.311,0.069,6.4,32.17
15.41,4.21,2643.121,456.9,0.262,0.003,60.931,43.168,0,0.533,0.395,0.018,0.121,0.558,1.145,3.178,-2.603e-4,0,-0.073,0.875,0.948,5.001e-5,867.95,0.001,335.31,0.068,6.4,32.17
15.431,4.306,2643.121,456.9,0.262,0.003,60.9,43.168,0,0.533,0.395,0.018,0.121,0.559,1.174,3.252,2.038e-4,0,-0.074,0.875,0.949,1.617e-5,867.906,0.001,335.308,0.068,6.4,32.17
15.452,4.404,2643.121,456.9,0.262,0.003,60.869,43.168,0,0.533,0.395,0.018,0.121,0.56,1.203,3.328,-2.3e-4,0,-0.075,0.875,0.95,1.158e-6,867.861,0.001,335.306,0.067,6.4,32.17
15.473,4.467,2643.121,456.9,0.262,0.003,60.85,43.168,0,0.533,0.395,0.018,0.121,0.56,1.222,3.375,3.415e-4,0,-0.077,0.875,0.952,-5.529e-6,867.818,0.001,335.305,0.067,6.4,32.17
15.494,4.534,2643.121,456.9,0.262,0.003,60.828,43.168,0,0.533,0.395,0.018,0.121,0.561,1.242,3.427,-2.695e-4,0,-0.078,0.875,0.953,-3.13e-5,867.774,0.001,335.303,0.066,6.4,32.17
15.515,4.709,2643.121,456.9,0.262,0.003,60.771,43.168,0,0.533,0.395,0.018,0.121,0.563,1.295,3.561,4.915e-4,0,-0.079,0.875,0.954,-4.823e-5,867.732,0.001,335.301,0.066,6.4,32.17
15.536,4.937,2643.121,456.9,0.262,0.003,60.699,43.168,0,0.533,0.395,0.018,0.121,0.566,1.364,3.736,-1.41e-4,0,-0.079,0.875,0.954,-5.06e-5,867.689,0.001,335.3,0.065,6.4,32.17
15.557,5.115,2643.121,456.9,0.262,0.003,60.643,43.168,0,0.533,0.395,0.018,0.121,0.568,1.418,3.872,1.535e-4,0,-0.08,0.875,0.955,-5.621e-5,867.646,0.001,335.298,0.065,6.4,32.17
15.578,5.175,2643.121,456.9,0.262,0.003,60.622,43.168,0,0.533,0.395,0.018,0.121,0.568,1.437,3.919,2.689e-4,0,-0.082,0.875,0.957,-8.372e-5,867.604,0.001,335.297,0.064,6.4,32.17
15.6,5.238,2643.121,456.9,0.262,0.003,60.601,43.168,0,0.533,0.395,0.018,0.121,0.569,1.456,3.967,1.043e-4,0,-0.084,0.875,0.959,-1.115e-4,867.562,0.001,335.295,0.063,6.4,32.17
15.621,5.373,2643.121,456.9,0.262,0.003,60.558,43.168,0,0.533,0.395,0.018,0.121,0.571,1.498,4.07,5.404e-5,0,-0.085,0.875,0.96,-1.157e-4,867.521,0.001,335.294,0.063,6.4,32.17
15.642,5.513,2643.121,456.9,0.262,0.003,60.514,43.168,0,0.533,0.395,0.018,0.121,0.572,1.541,4.178,-8.13e-5,0,-0.086,0.875,0.961,-1.106e-4,867.48,0.001,335.292,0.062,6.4,32.17
15.663,5.749,2643.121,456.9,0.262,0.003,60.441,43.168,0,0.533,0.395,0.018,0.12,0.575,1.615,4.358,-1.493e-4,0,-0.087,0.875,0.962,-7.711e-5,867.44,0.001,335.291,0.062,6.4,32.17
15.685,6.048,2643.121,456.9,0.262,0.003,60.35,43.168,0,0.533,0.395,0.018,0.12,0.579,1.71,4.59,1.976e-4,0,-0.087,0.875,0.962,-3.347e-5,867.399,0.001,335.289,0.061,6.4,32.17
15.707,6.275,2643.121,456.9,0.262,0.003,60.282,43.168,0,0.533,0.395,0.018,0.12,0.582,1.782,4.766,3.565e-4,0,-0.087,0.875,0.962,-8.329e-6,867.359,0.001,335.288,0.061,6.4,32.17
15.729,6.317,2643.121,456.9,0.262,0.003,60.268,43.168,0,0.533,0.395,0.018,0.12,0.583,1.796,4.798,2.755e-6,0,-0.09,0.875,0.965,-2.097e-6,867.318,0.001,335.286,0.06,6.4,32.17
15.75,6.364,2643.121,456.9,0.262,0.003,60.253,43.168,0,0.533,0.395,0.018,0.12,0.583,1.81,4.833,3.064e-4,0,-0.092,0.875,0.967,0,867.279,0.001,335.285,0.06,6.4,32.17
15.772,6.625,2643.121,456.9,0.262,0.003,60.177,43.168,0,0.533,0.395,0.018,0.12,0.587,1.895,5.035,-9.897e-7,0,-0.093,0.875,0.968,1.379e-5,867.24,0.001,335.283,0.059,6.4,32.17
15.794,6.892,2643.121,456.9,0.262,0.003,60.1,43.168,0,0.533,0.395,0.018,0.12,0.59,1.982,5.243,4.056e-4,0,-0.093,0.875,0.968,6.182e-5,867.201,0.001,335.282,0.059,6.4,32.17
15.816,6.988,2643.121,456.9,0.262,0.003,60.072,43.168,0,0.533,0.395,0.018,0.12,0.591,2.013,5.317,-1.969e-4,0,-0.095,0.875,0.971,1.226e-4,867.163,0.001,335.28,0.058,6.4,32.17
15.839,7.021,2643.121,456.9,0.262,0.003,60.062,43.168,0,0.533,0.395,0.018,0.12,0.592,2.024,5.343,-2.8e-4,0,-0.098,0.875,0.973,1.882e-4,867.125,0.001,335.279,0.057,6.4,32.17
15.861,7.126,2643.121,456.9,0.262,0.003,60.033,43.168,0,0.533,0.395,0.017,0.12,0.593,2.059,5.425,3.986e-5,0,-0.1,0.875,0.975,2.801e-4,867.087,0.001,335.278,0.057,6.4,32.17
15.883,7.312,2643.121,456.9,0.262,0.003,59.981,43.168,0,0.533,0.395,0.017,0.12,0.596,2.12,5.57,2.253e-5,0,-0.102,0.875,0.977,4.186e-4,867.051,0.001,335.276,0.056,6.4,32.17
15.905,7.518,2643.121,456.9,0.262,0.003,59.925,43.168,0,0.533,0.395,0.017,0.12,0.599,2.189,5.731,-3.948e-4,0,-0.103,0.875,0.978,5.987e-4,867.014,0.001,335.275,0.056,6.4,32.17
15.927,7.792,2643.121,456.9,0.262,0.003,59.85,43.168,0,0.533,0.395,0.017,0.12,0.602,2.281,5.945,-4.019e-4,0,-0.103,0.875,0.978,8.487e-4,866.978,0.001,335.274,0.055,6.4,32.17
15.95,8.073,2643.121,456.9,0.262,0.003,59.775,43.168,0,0.533,0.395,0.017,0.12,0.606,2.376,6.165,-3.636e-4,0,-0.104,0.875,0.979,0.001,866.942,0.001,335.272,0.055,6.4,32.17
15.972,8.4,2643.121,456.9,0.262,0.003,59.689,43.168,0,0.533,0.395,0.017,0.12,0.611,2.488,6.422,3.986e-6,0,-0.104,0.875,0.979,0.002,866.906,0.001,335.271,0.054,6.4,32.17
15.996,8.736,2643.121,456.9,0.262,0.003,59.602,43.168,0,0.533,0.395,0.017,0.12,0.616,2.605,6.686,-3.109e-4,0,-0.104,0.875,0.979,0.002,866.87,0.001,335.27,0.054,6.4,32.17
16.019,8.758,2643.121,456.9,0.262,0.003,59.598,43.168,0,0.532,0.395,0.017,0.12,0.616,2.612,6.704,2.886e-4,0,-0.108,0.875,0.983,0.002,866.834,0.001,335.268,0.053,6.4,32.17
16.043,8.706,2643.121,456.9,0.262,0.003,59.613,43.168,0,0.532,0.395,0.017,0.12,0.615,2.594,6.663,-3.785e-4,0,-0.112,0.875,0.987,0.003,866.799,0.001,335.267,0.052,6.4,32.17
16.065,8.761,2643.121,456.9,0.262,0.003,59.6,43.168,0,0.532,0.395,0.017,0.12,0.616,2.613,6.707,1.664e-4,0,-0.116,0.875,0.991,0.003,866.765,0.001,335.266,0.052,6.4,32.17
16.088,8.869,2643.121,456.9,0.262,0.003,59.573,43.168,0,0.532,0.395,0.017,0.12,0.617,2.651,6.792,-3.142e-4,0,-0.118,0.875,0.993,0.003,866.732,0.001,335.264,0.051,6.4,32.17
16.111,8.988,2643.121,456.9,0.262,0.003,59.544,43.168,0,0.532,0.395,0.017,0.12,0.619,2.693,6.886,-3.499e-4,0,-0.121,0.875,0.996,0.004,866.699,0.001,335.263,0.051,6.4,32.17
16.134,9.119,2643.121,456.9,0.262,0.003,59.511,43.168,0,0.532,0.395,0.017,0.12,0.621,2.739,6.991,3.259e-4,0,-0.123,0.875,0.998,0.004,866.666,0.001,335.262,0.05,6.4,32.17
16.157,9.291,2643.121,456.9,0.262,0.003,59.468,43.168,0,0.532,0.395,0.017,0.12,0.623,2.8,7.127,-3.6e-4,0,-0.126,0.875,1,0.004,866.635,0.001,335.261,0.05,6.4,32.17
16.18,9.546,2643.121,456.9,0.262,0.003,59.405,43.168,0,0.532,0.395,0.017,0.12,0.627,2.89,7.329,1.836e-4,0,-0.127,0.875,1.002,0.005,866.603,0.001,335.26,0.049,6.4,32.17
16.204,9.801,2643.121,456.9,0.262,0.003,59.342,43.168,0,0.532,0.395,0.017,0.12,0.63,2.982,7.531,-2.977e-5,0,-0.128,0.875,1.003,0.005,866.572,0.001,335.258,0.049,6.4,32.17
16.227,10.01,2643.121,456.9,0.262,0.003,59.29,43.168,0,0.532,0.395,0.017,0.12,0.633,3.058,7.698,-1.902e-4,0,-0.131,0.875,1.006,0.005,866.541,0.001,335.257,0.048,6.4,32.17
16.251,10.237,2643.121,456.9,0.262,0.003,59.235,43.168,0,0.532,0.395,0.017,0.12,0.636,3.14,7.878,4.122e-4,0,-0.133,0.875,1.008,0.005,866.51,0.001,335.256,0.047,6.4,32.17
16.275,10.65,2643.121,456.9,0.262,0.003,59.135,43.168,0,0.532,0.395,0.017,0.12,0.642,3.291,8.207,-4.152e-4,0,-0.133,0.875,1.008,0.005,866.48,0.001,335.255,0.047,6.4,32.17
16.299,11.081,2643.121,456.9,0.262,0.003,59.033,43.168,0,0.532,0.395,0.017,0.12,0.647,3.452,8.551,1.35e-4,0,-0.133,0.875,1.008,0.005,866.45,0.001,335.254,0.047,6.4,32.17
16.324,11.243,2643.121,456.9,0.262,0.003,58.995,43.168,0,0.532,0.395,0.017,0.12,0.649,3.512,8.681,3.44e-4,0,-0.137,0.875,1.012,0.006,866.42,0.001,335.253,0.046,6.4,32.17
16.348,11.403,2643.121,456.9,0.262,0.003,58.957,43.168,0,0.532,0.395,0.017,0.12,0.651,3.573,8.808,1.224e-4,0,-0.141,0.875,1.016,0.006,866.391,0.001,335.252,0.045,6.4,32.17
16.373,11.821,2643.121,456.9,0.262,0.003,58.861,43.168,0,0.532,0.395,0.017,0.12,0.656,3.731,9.143,2.119e-4,0,-0.142,0.875,1.017,0.006,866.362,0.001,335.251,0.045,6.4,32.17
16.398,12.274,2643.121,456.9,0.262,0.003,58.758,43.168,0,0.532,0.395,0.017,0.12,0.662,3.905,9.508,4.765e-5,0,-0.142,0.875,1.017,0.006,866.334,0.001,335.25,0.044,6.4,32.17
16.424,12.57,2643.121,456.9,0.262,0.003,58.692,43.168,0,0.532,0.395,0.017,0.12,0.665,4.02,9.746,1.419e-4,0,-0.145,0.875,1.02,0.006,866.306,0.001,335.249,0.044,6.4,32.17
16.449,12.866,2643.121,456.9,0.262,0.003,58.626,43.168,0,0.532,0.395,0.017,0.12,0.668,4.136,9.985,1.049e-4,0,-0.148,0.875,1.023,0.006,866.278,0.001,335.248,0.043,6.4,32.17
16.475,13.191,2643.121,456.9,0.262,0.003,58.555,43.168,0,0.532,0.395,0.017,0.12,0.671,4.264,10.246,-3.357e-4,0,-0.152,0.875,1.026,0.006,866.251,0.001,335.247,0.043,6.4,32.17
16.501,13.532,2643.121,456.9,0.262,0.003,58.482,43.168,0,0.532,0.395,0.017,0.12,0.675,4.4,10.523,2.977e-4,0,-0.155,0.875,1.03,0.006,866.224,0.001,335.246,0.042,6.4,32.17
16.527,13.847,2643.121,456.9,0.262,0.003,58.415,43.168,0,0.532,0.395,0.017,0.12,0.677,4.526,10.778,3.405e-4,0,-0.158,0.875,1.033,0.006,866.198,0.001,335.245,0.042,6.4,32.17
16.553,14.216,2643.121,456.9,0.262,0.003,58.339,43.168,0,0.532,0.395,0.017,0.12,0.68,4.675,11.077,-3.16e-4,0,-0.162,0.875,1.036,0.006,866.172,0.001,335.244,0.041,6.4,32.17
16.579,14.9,2643.121,456.9,0.262,0.003,58.201,43.168,0,0.532,0.395,0.017,0.12,0.685,4.956,11.636,4.246e-4,0,-0.16,0.875,1.035,0.006,866.147,0.001,335.243,0.041,6.4,32.17
16.606,15.575,2643.121,456.9,0.262,0.003,58.069,43.168,0,0.532,0.395,0.017,0.12,0.689,5.237,12.189,7.955e-5,0,-0.16,0.875,1.035,0.006,866.122,0.001,335.242,0.04,6.4,32.17
16.634,16.13,2643.121,456.9,0.262,0.003,57.964,43.168,0,0.532,0.395,0.017,0.12,0.691,5.472,12.646,2.319e-4,0,-0.162,0.875,1.036,0.006,866.097,0.001,335.241,0.04,6.4,32.17
16.662,16.696,2643.121,456.9,0.262,0.003,57.859,43.168,0,0.532,0.395,0.017,0.12,0.692,5.715,13.113,-2.832e-4,0,-0.164,0.875,1.038,0.006,866.073,0.001,335.24,0.039,6.4,32.17
16.69,17.269,2643.121,456.9,0.262,0.003,57.756,43.168,0,0.533,0.395,0.017,0.12,0.692,5.964,13.588,-2.853e-4,0,-0.166,0.875,1.041,0.006,866.049,0.001,335.239,0.039,6.4,32.17
16.719,17.652,2643.121,456.9,0.262,0.003,57.689,43.168,0,0.534,0.397,0.017,0.12,0.694,6.132,13.906,3.62e-4,0,-0.172,0.875,1.047,0.007,866.026,0.001,335.238,0.038,6.4,32.17
16.748,17.943,2643.121,456.9,0.262,0.003,57.638,43.168,0,0.536,0.398,0.017,0.12,0.696,6.26,14.149,-2.552e-4,0,-0.18,0.875,1.054,0.007,866.003,0.001,335.237,0.037,6.4,32.17
16.776,18.551,2643.121,456.9,0.262,0.003,57.536,43.168,0,0.537,0.399,0.017,0.12,0.696,6.532,14.656,3.881e-4,0,-0.182,0.875,1.057,0.007,865.982,0.001,335.237,0.037,6.4,32.17
16.805,19.231,2643.121,456.9,0.262,0.003,57.424,43.168,0,0.538,0.401,0.017,0.12,0.695,6.839,15.228,-3.97e-4,0,-0.184,0.875,1.058,0.007,865.961,0.001,335.236,0.036,6.4,32.17
16.835,20.022,2643.121,456.9,0.262,0.003,57.299,43.168,0,0.539,0.401,0.017,0.12,0.694,7.197,15.874,3.065e-4,0,-0.186,0.873,1.059,0.008,865.941,0.001,335.235,0.036,6.4,32.17
16.864,20.873,2643.121,456.9,0.262,0.003,57.17,43.168,0,0.54,0.402,0.017,0.12,0.691,7.413,15.774,1.761e-4,0,-0.257,0.798,1.055,0.008,865.921,0.001,335.234,0.036,6.4,32.17
16.887,21.538,2643.121,456.9,0.262,0.003,57.073,43.168,0,0.54,0.403,0.017,0.12,0.687,7.586,15.699,2.537e-4,0,-0.309,0.74,1.049,0.008,865.907,0.001,335.234,0.035,6.4,32.17
16.905,22.07,2643.121,456.9,0.262,0.003,56.997,43.168,0,0.541,0.404,0.017,0.12,0.685,7.728,15.641,3.604e-4,0,-0.349,0.694,1.043,0.008,865.896,0.001,335.233,0.035,6.4,32.17
16.922,22.464,2643.121,456.9,0.262,0.003,56.942,43.168,0,0.542,0.404,0.017,0.12,0.683,7.834,15.599,-6.322e-5,0,-0.379,0.659,1.038,0.008,865.886,0.001,335.233,0.035,6.4,32.17
16.937,22.841,2643.121,456.9,0.262,0.003,56.89,43.168,0,0.542,0.405,0.017,0.12,0.68,7.936,15.56,1.722e-4,0,-0.406,0.626,1.032,0.008,865.877,0.001,335.233,0.034,6.4,32.17
16.952,23.207,2643.121,456.9,0.262,0.003,56.841,43.168,0,0.543,0.405,0.017,0.12,0.678,8.037,15.521,-4.653e-4,0,-0.432,0.594,1.026,0.008,865.868,0.001,335.232,0.034,6.4,32.17
16.966,23.573,2643.121,456.9,0.262,0.003,56.793,43.168,0,0.543,0.406,0.017,0.12,0.676,8.139,15.485,6.637e-5,0,-0.457,0.562,1.019,0.008,865.86,0.001,335.232,0.034,6.4,32.17
16.98,23.93,2643.121,456.9,0.262,0.003,56.747,43.168,0,0.544,0.407,0.017,0.12,0.673,8.239,15.449,5.729e-5,0,-0.481,0.531,1.012,0.008,865.853,0.001,335.232,0.034,6.4,32.17
16.993,24.278,2643.121,456.9,0.262,0.003,56.702,43.168,0,0.544,0.407,0.017,0.12,0.671,8.338,15.414,-3.968e-5,0,-0.503,0.501,1.004,0.008,865.846,0.001,335.232,0.034,6.4,32.17
17.005,24.621,2643.121,456.9,0.262,0.003,56.659,43.168,0,0.545,0.407,0.017,0.12,0.668,8.436,15.381,-3.388e-4,0,-0.525,0.471,0.996,0.008,865.84,0.001,335.231,0.033,6.4,32.17
17.017,24.96,2643.121,456.9,0.262,0.003,56.617,43.168,0,0.545,0.408,0.017,0.12,0.665,8.534,15.35,4.663e-4,0,-0.546,0.441,0.987,0.008,865.834,0.001,335.231,0.033,6.4,32.17
17.029,25.294,2643.121,456.9,0.262,0.003,56.577,43.168,0,0.545,0.408,0.017,0.12,0.662,8.631,15.319,4.224e-4,0,-0.567,0.412,0.978,0.008,865.828,0.001,335.231,0.033,6.4,32.17
17.041,25.623,2643.121,456.9,0.262,0.003,56.537,43.168,0,0.546,0.409,0.017,0.12,0.659,8.728,15.289,-1.699e-4,0,-0.586,0.383,0.969,0.008,865.823,0.001,335.231,0.033,6.4,32.17
17.052,25.948,2643.121,456.9,0.262,0.003,56.499,43.168,0,0.546,0.409,0.017,0.12,0.656,8.824,15.259,6.641e-5,0,-0.605,0.354,0.96,0.008,865.817,0.001,335.231,0.033,6.4,32.17
17.063,26.273,2643.121,456.9,0.262,0.003,56.461,43.168,0,0.547,0.409,0.017,0.12,0.653,8.921,15.23,7.716e-5,0,-0.624,0.326,0.95,0.008,865.813,0.001,335.23,0.033,6.4,32.17
17.073,26.594,2643.121,456.9,0.262,0.003,56.424,43.168,0,0.547,0.41,0.017,0.12,0.65,9.017,15.202,1.551e-4,0,-0.642,0.298,0.94,0.008,865.808,0.001,335.23,0.033,6.4,32.17
17.084,26.912,2643.121,456.9,0.262,0.003,56.388,43.168,0,0.547,0.41,0.017,0.12,0.646,9.113,15.175,-1.348e-4,0,-0.66,0.27,0.93,0.008,865.803,0.001,335.23,0.032,6.4,32.17
17.094,27.227,2643.121,456.9,0.262,0.003,56.353,43.168,0,0.548,0.411,0.017,0.12,0.643,9.21,15.148,2.307e-4,0,-0.677,0.243,0.92,0.008,865.799,0.001,335.23,0.032,6.4,32.17
17.104,27.518,2643.121,456.9,0.262,0.003,56.322,43.168,0,0.548,0.411,0.017,0.12,0.64,9.299,15.124,-4.557e-4,0,-0.693,0.217,0.91,0.009,865.795,0.001,335.23,0.032,6.4,32.17
17.114,27.778,2643.121,456.9,0.262,0.003,56.294,43.168,0,0.548,0.411,0.017,0.12,0.637,9.379,15.103,4.165e-4,0,-0.706,0.194,0.9,0.009,865.791,0.001,335.23,0.032,6.4,32.17
17.124,28.04,2643.121,456.9,0.262,0.003,56.266,43.168,0,0.549,0.412,0.017,0.12,0.634,9.46,15.082,-7.573e-5,0,-0.719,0.171,0.891,0.009,865.787,0.001,335.229,0.032,6.4,32.17
17.134,28.303,2643.121,456.9,0.262,0.003,56.238,43.168,0,0.549,0.412,0.017,0.12,0.631,9.542,15.06,-2.478e-5,0,-0.732,0.148,0.881,0.009,865.783,0.001,335.229,0.032,6.4,32.17
17.144,28.567,2643.121,456.9,0.262,0.003,56.211,43.168,0,0.55,0.413,0.017,0.12,0.628,9.625,15.039,2.48e-4,0,-0.745,0.125,0.871,0.009,865.78,0.001,335.229,0.032,6.4,32.17
17.153,28.859,2643.121,456.9,0.262,0.003,56.181,43.168,0,0.55,0.413,0.017,0.12,0.625,9.717,15.016,3.24e-4,0,-0.76,0.1,0.86,0.01,865.776,0.001,335.229,0.031,6.4,32.17
17.163,29.201,2643.121,456.9,0.262,0.003,56.146,43.168,0,0.55,0.413,0.017,0.12,0.621,9.825,14.991,-1.27e-4,0,-0.778,0.07,0.848,0.01,865.773,0.001,335.229,0.031,6.4,32.17
17.172,29.538,2643.121,456.9,0.262,0.003,56.113,43.168,0,0.55,0.413,0.017,0.12,0.616,9.933,14.966,6.137e-6,0,-0.795,0.04,0.835,0.01,865.77,0.001,335.229,0.031,6.4,32.17
17.181,29.872,2643.121,456.9,0.262,0.003,56.08,43.168,0,0.551,0.414,0.017,0.12,0.612,10.04,14.941,1.594e-4,0,-0.812,0.011,0.823,0.01,865.767,0.001,335.229,0.031,6.4,32.17
17.191,30.201,2643.121,456.9,0.262,0.003,56.048,43.168,0,0.551,0.414,0.017,0.12,0.607,10.147,14.917,1.207e-4,0,-0.81,0,0.81,0.01,865.764,0.001,335.229,0.031,6.4,32.17
17.2,30.535,2643.121,456.9,0.262,0.003,56.017,43.168,0,0.551,0.414,0.017,0.12,0.603,10.255,14.894,6.499e-5,0,-0.798,0,0.798,0.01,865.761,0.001,335.228,0.031,6.4,32.17
17.209,30.862,2643.121,456.9,0.262,0.003,55.986,43.168,0,0.551,0.414,0.017,0.12,0.598,10.361,14.871,-2.916e-4,0,-0.786,0,0.786,0.011,865.758,0.001,335.228,0.031,6.4,32.17
17.218,31.196,2643.121,456.9,0.262,0.003,55.956,43.168,0,0.552,0.414,0.017,0.12,0.593,10.471,14.848,-5.248e-5,0,-0.773,0,0.773,0.011,865.755,0.001,335.228,0.031,6.4,32.17
17.228,31.54,2643.121,456.9,0.262,0.003,55.925,43.168,0,0.552,0.415,0.017,0.12,0.589,10.585,14.826,-4.054e-4,0,-0.761,0,0.761,0.011,865.752,0.001,335.228,0.031,6.4,32.17
17.238,31.893,2643.121,456.9,0.262,0.003,55.894,43.168,0,0.552,0.415,0.017,0.12,0.583,10.702,14.802,7.369e-5,0,-0.749,0,0.749,0.012,865.75,0.001,335.228,0.031,6.4,32.17
17.248,32.255,2643.121,456.9,0.262,0.003,55.862,43.168,0,0.552,0.415,0.017,0.12,0.578,10.822,14.779,1.898e-4,0,-0.736,0,0.736,0.012,865.747,0.001,335.228,0.031,6.4,32.17
17.258,32.669,2643.121,456.9,0.262,0.003,55.827,43.168,0,0.552,0.415,0.017,0.12,0.572,10.961,14.754,3.355e-4,0,-0.723,0,0.723,0.012,865.744,0.001,335.228,0.031,6.4,32.17
17.269,33.101,2643.121,456.9,0.262,0.003,55.791,43.168,0,0.552,0.415,0.017,0.12,0.565,11.107,14.728,-2.532e-4,0,-0.709,0,0.709,0.013,865.742,0.001,335.228,0.031,6.4,32.17
17.28,33.542,2643.121,456.9,0.262,0.003,55.756,43.168,0,0.553,0.415,0.017,0.12,0.558,11.257,14.702,-3.265e-4,0,-0.695,0,0.695,0.013,865.739,0.001,335.228,0.031,6.4,32.17
17.291,33.993,2643.121,456.9,0.262,0.003,55.72,43.168,0,0.553,0.415,0.017,0.12,0.551,11.41,14.676,-4.251e-4,0,-0.681,0,0.681,0.013,865.737,0.001,335.228,0.03,6.4,32.17
17.302,34.431,2643.121,456.9,0.262,0.003,55.686,43.168,0,0.553,0.416,0.017,0.12,0.544,11.561,14.652,-2.931e-4,0,-0.668,0,0.668,0.014,865.734,0.001,335.227,0.03,6.4,32.17
17.314,34.781,2643.121,456.9,0.262,0.003,55.659,43.168,0,0.553,0.416,0.017,0.12,0.539,11.681,14.633,-2.888e-4,0,-0.656,0,0.656,0.015,865.732,0.001,335.227,0.03,6.4,32.17
17.325,35.144,2643.121,456.9,0.262,0.003,55.632,43.168,0,0.554,0.416,0.017,0.12,0.533,11.806,14.613,7.129e-5,0,-0.645,0,0.645,0.016,865.73,0.001,335.227,0.03,6.4,32.17
17.338,35.519,2643.121,456.9,0.262,0.003,55.605,43.168,0,0.554,0.417,0.017,0.12,0.527,11.937,14.592,-4.511e-4,0,-0.633,0,0.633,0.018,865.728,0.001,335.227,0.03,6.4,32.17
17.35,35.908,2643.121,456.9,0.262,0.003,55.577,43.168,0,0.554,0.417,0.017,0.12,0.521,12.072,14.572,-3.758e-5,0,-0.621,0,0.621,0.019,865.726,0.001,335.227,0.03,6.4,32.17
17.363,36.324,2643.121,456.9,0.262,0.003,55.548,43.168,0,0.555,0.418,0.017,0.12,0.514,12.218,14.55,-7.724e-5,0,-0.609,0,0.609,0.021,865.724,0.001,335.227,0.03,6.4,32.17
17.376,36.756,2643.121,456.9,0.262,0.003,55.519,43.168,0,0.555,0.418,0.017,0.12,0.507,12.369,14.529,3.88e-4,0,-0.597,0,0.597,0.023,865.722,0.001,335.227,0.03,6.4,32.17
17.39,37.202,2643.121,456.9,0.262,0.003,55.49,43.168,0,0.555,0.418,0.017,0.12,0.5,12.526,14.507,1.515e-4,0,-0.584,0,0.584,0.025,865.72,0.001,335.227,0.029,6.4,32.17
17.404,37.68,2643.121,456.9,0.262,0.003,55.459,43.168,0,0.556,0.419,0.017,0.12,0.492,12.695,14.485,-3.74e-4,0,-0.572,0,0.572,0.027,865.719,0.001,335.227,0.029,6.4,32.17
17.418,38.215,2643.121,456.9,0.262,0.003,55.425,43.168,0,0.556,0.419,0.017,0.12,0.483,12.885,14.461,-4.629e-4,0,-0.558,0,0.558,0.029,865.717,0.001,335.227,0.029,6.4,32.17
17.433,38.766,2643.121,456.9,0.262,0.003,55.392,43.168,0,0.556,0.419,0.017,0.12,0.474,13.082,14.438,3.9e-4,0,-0.544,0,0.544,0.031,865.716,0.001,335.227,0.029,6.4,32.17
17.449,39.331,2643.121,456.9,0.262,0.003,55.359,43.168,0,0.556,0.419,0.017,0.12,0.464,13.284,14.415,-1.787e-4,0,-0.53,0,0.53,0.033,865.715,0.001,335.227,0.029,6.4,32.17
17.464,39.859,2643.121,456.9,0.262,0.003,55.329,43.168,0,0.557,0.42,0.017,0.12,0.455,13.473,14.393,2.016e-4,0,-0.517,0,0.517,0.037,865.714,0.001,335.227,0.029,6.4,32.17
17.481,40.399,2643.121,456.9,0.262,0.003,55.3,43.168,0,0.557,0.42,0.017,0.12,0.446,13.667,14.371,9.909e-5,0,-0.504,0,0.504,0.041,865.713,0.001,335.227,0.029,6.4,32.17
17.497,40.959,2643.121,456.9,0.262,0.003,55.27,43.168,0,0.557,0.42,0.017,0.12,0.436,13.869,14.35,4.703e-4,0,-0.49,0,0.49,0.045,865.713,0.001,335.227,0.029,6.4,32.17
17.515,41.518,2643.121,456.9,0.262,0.003,55.242,43.168,0,0.558,0.421,0.017,0.12,0.426,14.071,14.328,-3.108e-4,0,-0.477,0,0.477,0.05,865.713,0.001,335.227,0.029,6.4,32.17
17.533,42.096,2643.121,456.9,0.262,0.003,55.214,43.168,0,0.558,0.421,0.017,0.12,0.417,14.279,14.306,-2.205e-4,0,-0.464,0,0.464,0.056,865.713,0.001,335.227,0.029,6.4,32.17
17.552,42.702,2643.121,456.9,0.262,0.003,55.186,43.168,0,0.559,0.421,0.017,0.12,0.406,14.499,14.284,4.617e-4,0,-0.451,0,0.451,0.063,865.714,0.001,335.227,0.028,6.4,32.17
17.571,43.382,2643.121,456.9,0.262,0.003,55.155,43.168,0,0.559,0.422,0.017,0.12,0.394,14.745,14.261,-1.196e-4,0,-0.436,0,0.436,0.069,865.715,0.001,335.227,0.028,6.4,32.17
17.592,44.082,2643.121,456.9,0.262,0.003,55.126,43.168,0,0.559,0.422,0.017,0.12,0.382,14.999,14.24,1.226e-4,0,-0.421,0,0.421,0.075,865.716,0.001,335.227,0.028,6.4,32.17
17.613,44.854,2643.121,456.9,0.262,0.003,55.095,43.168,0,0.559,0.422,0.017,0.12,0.368,15.279,14.217,-1.074e-4,0,-0.405,0,0.405,0.081,865.718,0.001,335.227,0.028,6.4,32.17
17.634,45.704,2643.121,456.9,0.262,0.003,59.37,43.168,0,0.558,0.421,0.017,0.12,0.353,8.914,11.466,-4.478e-5,0,-0.388,0,0.388,0.085,865.721,0.001,335.227,0.029,6.4,32.17
17.657,46.537,2643.121,456.9,0.262,0.003,59.341,43.168,0,0.558,0.421,0.017,0.12,0.339,9.049,11.38,2.115e-4,0,-0.371,0,0.371,0.089,865.724,0.001,335.227,0.029,6.4,32.17
17.68,47.309,2643.121,456.9,0.262,0.003,59.339,43.168,0,0.558,0.421,0.017,0.12,0.326,9.149,11.289,-4.808e-4,0,-0.356,0,0.356,0.098,865.727,0.001,335.227,0.029,6.4,32.17
17.705,48.109,2643.121,456.9,0.262,0.003,59.333,43.168,0,0.558,0.421,0.017,0.12,0.312,9.259,11.197,-3.769e-4,0,-0.341,0,0.341,0.106,865.732,0.001,335.227,0.029,6.4,32.17
17.73,48.955,2643.121,456.9,0.262,0.003,59.313,43.168,0,0.558,0.421,0.017,0.12,0.298,9.391,11.112,-1.94e-4,0,-0.325,0,0.325,0.115,865.737,0.001,335.228,0.029,6.4,32.17
17.757,49.849,2643.121,456.9,0.262,0.003,59.273,43.168,0,0.557,0.42,0.017,0.12,0.283,9.555,11.034,1.259e-4,0,-0.308,0,0.308,0.122,865.743,0.001,335.228,0.029,6.4,32.17
17.784,50.844,2643.121,456.9,0.262,0.003,59.175,43.168,0,0.556,0.419,0.017,0.12,0.267,9.806,10.986,3.514e-4,0,-0.288,0,0.288,0.124,865.75,0.001,335.228,0.029,6.4,32.17
17.813,51.744,2643.121,456.9,0.262,0.003,59.116,43.168,0,0.555,0.418,0.017,0.12,0.252,10.004,10.926,-4.091e-5,0,-0.271,0,0.271,0.131,865.759,0.001,335.228,0.03,6.4,32.17
17.843,52.556,2643.121,456.9,0.262,0.003,59.105,43.168,0,0.555,0.418,0.017,0.12,0.24,10.132,10.845,-1.944e-4,0,-0.255,0,0.255,0.147,865.768,0.001,335.229,0.03,6.4,32.17
17.875,53.407,2643.121,456.9,0.262,0.003,59.068,43.168,0,0.554,0.417,0.017,0.12,0.227,10.301,10.778,3.387e-4,0,-0.239,0,0.239,0.162,865.779,0.001,335.229,0.03,6.4,32.17
17.908,54.288,2643.121,456.9,0.262,0.003,58.996,43.168,0,0.553,0.416,0.017,0.12,0.213,10.525,10.736,4.596e-4,0,-0.222,0,0.222,0.174,865.792,0.001,335.23,0.03,6.4,32.17
17.943,55.218,2643.121,456.9,0.262,0.003,58.844,43.168,0,0.551,0.414,0.017,0.12,0.199,10.874,10.748,4.004e-4,0,-0.203,0,0.203,0.178,865.806,0.001,335.23,0.031,6.4,32.17
17.98,56.064,2643.121,456.9,0.262,0.003,58.708,43.168,0,0.55,0.412,0.017,0.12,0.187,11.201,10.76,2.295e-4,0,-0.185,0,0.185,0.187,865.823,0.001,335.231,0.032,6.4,32.17
17.993,56.335,2643.121,456.9,0.262,0.003,58.661,43.168,0,0.549,0.412,0.017,0.12,0.183,11.313,10.767,-1.51e-4,0,-0.179,0,0.179,0.191,865.829,0.001,335.231,0.032,6.4,32.17
18.012,56.695,2643.121,456.9,0.262,0.003,58.621,43.168,0,0.549,0.411,0.017,0.12,0.178,11.429,10.757,-4.034e-4,0,-0.171,0,0.171,0.202,865.838,0.001,335.231,0.032,6.4,32.17
18.041,57.173,2643.121,456.9,0.262,0.003,58.586,43.168,0,0.548,0.411,0.017,0.12,0.172,11.56,10.727,-1.845e-4,0,-0.161,0,0.161,0.223,865.853,0.001,335.232,0.032,6.4,32.17
18.084,57.79,2643.121,456.9,0.262,0.003,58.544,43.168,0,0.548,0.41,0.017,0.12,0.164,11.725,10.68,6.041e-6,0,-0.147,0,0.147,0.261,865.877,0.001,335.233,0.032,6.4,32.17
18.131,58.379,2643.121,456.9,0.262,0.003,58.417,43.168,0,0.546,0.409,0.017,0.12,0.156,12.025,10.699,4.212e-4,0,-0.131,0,0.131,0.29,865.904,0.001,335.234,0.033,6.4,32.17
18.181,58.861,2643.121,456.9,0.262,0.003,58.242,43.168,0,0.544,0.407,0.017,0.12,0.149,12.393,10.763,2.212e-4,0,-0.115,0,0.115,0.318,865.936,0.001,335.235,0.034,6.4,32.17
18.231,59.157,2643.121,456.9,0.262,0.003,58.096,43.168,0,0.542,0.405,0.017,0.12,0.145,12.693,10.811,-4.519e-4,0,-0.102,0,0.102,0.357,865.97,0.001,335.236,0.034,6.4,32.17
18.281,59.277,2643.121,456.9,0.262,0.003,57.958,43.168,0,0.541,0.404,0.017,0.12,0.143,12.953,10.856,1.358e-4,0,-0.09,0,0.09,0.404,866.007,0.001,335.238,0.035,6.4,32.17
18.331,59.228,2643.121,456.9,0.262,0.003,57.801,43.168,0,0.539,0.402,0.017,0.12,0.144,13.222,10.925,3.171e-4,0,-0.079,0,0.079,0.451,866.045,0.001,335.239,0.036,6.4,32.17
18.381,59.008,2643.121,456.9,0.262,0.003,57.601,43.168,0,0.537,0.4,0.017,0.12,0.146,13.544,11.043,-4.574e-4,0,-0.069,0,0.069,0.491,866.087,0.001,335.241,0.037,6.4,32.17
18.431,58.599,2643.121,456.9,0.262,0.003,57.42,43.168,0,0.536,0.398,0.017,0.12,0.15,13.799,11.147,-2.27e-4,0,-0.06,0,0.06,0.542,866.13,0.001,335.242,0.037,6.4,32.17
18.481,58.006,2643.121,456.9,0.262,0.003,57.234,43.168,0,0.534,0.397,0.017,0.12,0.157,14.032,11.263,3.599e-4,0,-0.052,0,0.052,0.596,866.176,0.001,335.244,0.038,6.4,32.17
18.531,57.219,2643.121,456.9,0.262,0.003,57.062,43.168,0,0.532,0.395,0.017,0.12,0.166,14.201,11.368,2.766e-4,0,-0.045,0,0.045,0.659,866.224,0.001,335.246,0.039,6.4,32.17
18.581,56.241,2643.121,456.9,0.262,0.003,56.89,43.168,0,0.532,0.395,0.017,0.12,0.179,14.328,11.48,-1.861e-4,0,-0.039,0,0.039,0.727,866.274,0.001,335.247,0.04,6.4,32.17
18.631,55.071,2643.121,456.9,0.262,0.003,56.712,43.168,0,0.532,0.395,0.017,0.12,0.194,14.424,11.607,1.032e-4,0,-0.034,0,0.034,0.795,866.327,0.001,335.249,0.041,6.4,32.17
18.681,53.706,2643.121,456.9,0.262,0.003,56.534,43.168,0,0.532,0.395,0.017,0.12,0.213,14.474,11.745,7.945e-5,0,0,0,0,0.865,866.382,0.001,335.251,0.041,6.4,32.17
18.731,52.146,2643.121,456.9,0.262,0.003,56.353,43.168,0,0.532,0.395,0.017,0.12,0.236,14.48,11.901,-2.506e-4,0,0,0,0,0.935,866.439,0.001,335.254,0.042,6.4,32.17
18.781,50.402,2643.121,456.9,0.262,0.003,56.161,43.168,0,0.532,0.395,0.017,0.12,0.262,14.456,12.087,-1.236e-4,0,0,0,0,0.996,866.498,0.001,335.256,0.043,6.4,32.17
18.831,48.42,2643.121,456.9,0.262,0.003,56.024,43.168,0,0.532,0.395,0.017,0.12,0.293,14.259,12.225,4.458e-4,0,0,0,0,1.082,866.559,0.001,335.258,0.044,6.4,32.17
18.881,46.222,2643.121,456.9,0.262,0.003,55.912,43.168,0,0.532,0.395,0.017,0.12,0.328,13.951,12.358,-4.757e-4,0,0,0,0,1.174,866.622,0.001,335.26,0.045,6.4,32.17
18.93,43.884,2643.121,456.9,0.262,0.003,55.136,43.168,0,0.532,0.395,0.017,0.12,0.367,14.928,13.068,3.768e-4,0,0,0,0,1.254,866.687,0.001,335.263,0.046,6.4,32.17
18.977,41.389,2643.121,456.9,0.262,0.003,55.251,43.168,0,0.532,0.395,0.017,0.12,0.409,14.025,13.021,-4.682e-5,0,0,0,0,1.365,866.75,0.001,335.265,0.047,6.4,32.17
19.021,38.851,2643.121,456.9,0.262,0.003,55.39,43.168,0,0.532,0.395,0.017,0.12,0.452,13.113,13.005,1.087e-4,0,0,0,0,1.466,866.811,0.001,335.267,0.048,6.4,32.17
19.063,36.321,2643.121,456.9,0.262,0.003,55.552,43.168,0,0.532,0.395,0.017,0.12,0.494,12.217,13.038,1.719e-4,0,0,0,0,1.54,866.872,0.001,335.27,0.049,6.4,32.17
19.104,33.706,2643.121,456.9,0.262,0.003,55.747,43.168,0,0.532,0.395,0.017,0.12,0.535,11.313,13.082,-2.773e-4,0,0,0,0,1.632,866.931,0.001,335.272,0.05,6.4,32.17
19.143,31.108,2643.121,456.9,0.262,0.003,55.97,43.168,0,0.532,0.395,0.017,0.12,0.574,10.443,13.173,-3.066e-4,0,0,0,0,1.702,866.989,0.001,335.274,0.05,6.4,32.17
19.18,28.416,2643.121,456.9,0.262,0.003,56.234,43.168,0,0.532,0.395,0.017,0.12,0.611,9.579,13.277,1.571e-4,0,0.111,0.139,0.028,1.795,867.046,0.001,335.276,0.051,6.4,32.17
19.205,26.586,2643.121,456.9,0.262,0.003,56.435,43.168,0,0.532,0.395,0.017,0.12,0.632,9.016,13.375,4.165e-4,0,0.257,0.299,0.042,1.851,867.084,0.001,335.277,0.052,6.4,32.17
19.215,25.826,2643.121,456.9,0.262,0.003,56.523,43.168,0,0.532,0.395,0.017,0.12,0.641,8.789,13.432,2.551e-4,0,0.314,0.365,0.051,1.861,867.101,0.001,335.278,0.052,6.4,32.17
19.224,25.205,2643.121,456.9,0.262,0.003,56.598,43.168,0,0.532,0.395,0.017,0.12,0.647,8.606,13.483,4.659e-4,0,0.359,0.42,0.061,1.868,867.114,0.001,335.279,0.052,6.4,32.17
19.231,24.663,2643.121,456.9,0.262,0.003,56.665,43.168,0,0.532,0.395,0.017,0.12,0.653,8.449,13.53,1.999e-5,0,0.398,0.467,0.069,1.873,867.126,0.001,335.279,0.052,6.4,32.17
19.237,24.174,2643.121,456.9,0.262,0.003,56.727,43.168,0,0.532,0.395,0.017,0.12,0.657,8.31,13.575,4.878e-4,0,0.432,0.51,0.078,1.876,867.136,0.001,335.279,0.052,6.4,32.17
19.243,23.724,2643.121,456.9,0.262,0.003,56.786,43.168,0,0.532,0.395,0.017,0.12,0.661,8.183,13.617,-4.223e-4,0,0.462,0.549,0.087,1.878,867.146,0.001,335.28,0.053,6.4,32.17
19.249,23.305,2643.121,456.9,0.262,0.003,56.841,43.168,0,0.532,0.395,0.017,0.12,0.665,8.066,13.66,-9.635e-5,0,0.491,0.586,0.095,1.879,867.155,0.001,335.28,0.053,6.4,32.17
19.254,22.897,2643.121,456.9,0.262,0.003,56.896,43.168,0,0.532,0.395,0.017,0.12,0.668,7.953,13.697,3.462e-4,0,0.518,0.622,0.104,1.884,867.163,0.001,335.28,0.053,6.4,32.17
19.259,22.506,2643.121,456.9,0.262,0.003,56.95,43.168,0,0.532,0.395,0.017,0.12,0.671,7.846,13.733,-3.798e-4,0,0.544,0.656,0.112,1.889,867.171,0.001,335.281,0.053,6.4,32.17
19.264,22.133,2643.121,456.9,0.262,0.003,57.002,43.168,0,0.532,0.395,0.017,0.12,0.674,7.746,13.769,-8.855e-5,0,0.568,0.688,0.121,1.893,867.179,0.001,335.281,0.053,6.4,32.17
19.268,21.777,2643.121,456.9,0.262,0.003,57.053,43.168,0,0.532,0.395,0.017,0.12,0.676,7.651,13.805,-3.029e-4,0,0.591,0.72,0.129,1.897,867.186,0.001,335.281,0.053,6.4,32.17
19.272,21.434,2643.121,456.9,0.262,0.003,57.103,43.168,0,0.532,0.395,0.017,0.12,0.678,7.561,13.841,1.113e-4,0,0.612,0.75,0.137,1.899,867.193,0.001,335.281,0.053,6.4,32.17
19.276,21.103,2643.121,456.9,0.262,0.003,57.151,43.168,0,0.532,0.395,0.017,0.12,0.68,7.474,13.876,4.713e-4,0,0.633,0.779,0.146,1.901,867.199,0.001,335.282,0.053,6.4,32.17
19.28,20.783,2643.121,456.9,0.262,0.003,57.199,43.168,0,0.532,0.395,0.017,0.12,0.682,7.392,13.911,-1.745e-4,0,0.653,0.806,0.154,1.902,867.206,0.001,335.282,0.053,6.4,32.17
19.284,20.473,2643.121,456.9,0.262,0.003,57.246,43.168,0,0.532,0.395,0.017,0.12,0.683,7.313,13.947,-3.616e-4,0,0.671,0.834,0.162,1.903,867.212,0.001,335.282,0.054,6.4,32.17
19.288,20.172,2643.121,456.9,0.262,0.003,57.292,43.168,0,0.533,0.395,0.017,0.12,0.685,7.237,13.983,-2.628e-5,0,0.69,0.86,0.17,1.902,867.218,0.001,335.282,0.054,6.4,32.17
19.292,19.879,2643.121,456.9,0.262,0.003,57.338,43.168,0,0.533,0.395,0.017,0.12,0.686,7.138,13.903,-2.087e-4,0,0.696,0.875,0.179,1.901,867.224,0.001,335.283,0.054,6.4,32.17
19.295,19.59,2643.121,456.9,0.262,0.003,57.383,43.168,0,0.533,0.395,0.017,0.12,0.687,7.005,13.66,2.193e-4,0,0.688,0.875,0.187,1.899,867.23,0.001,335.283,0.054,6.4,32.17
19.299,19.297,2643.121,456.9,0.262,0.003,57.43,43.168,0,0.533,0.395,0.017,0.12,0.688,6.871,13.415,-8.442e-5,0,0.68,0.875,0.195,1.896,867.236,0.001,335.283,0.054,6.4,32.17
19.302,19.013,2643.121,456.9,0.262,0.003,57.476,43.168,0,0.533,0.395,0.017,0.12,0.689,6.742,13.186,-1.185e-4,0,0.672,0.875,0.203,1.887,867.242,0.001,335.283,0.054,6.4,32.17
19.306,18.734,2643.121,456.9,0.262,0.003,57.522,43.168,0,0.533,0.395,0.017,0.12,0.69,6.616,12.964,3.419e-4,0,0.665,0.875,0.21,1.874,867.248,0.001,335.284,0.054,6.4,32.17
19.31,18.454,2643.121,456.9,0.262,0.003,57.568,43.168,0,0.533,0.395,0.017,0.12,0.691,6.49,12.743,-4.464e-4,0,0.657,0.875,0.218,1.859,867.254,0.001,335.284,0.054,6.4,32.17
19.313,18.172,2643.121,456.9,0.262,0.003,57.616,43.168,0,0.533,0.395,0.017,0.12,0.691,6.364,12.523,-3.439e-4,0,0.649,0.875,0.226,1.843,867.26,0.001,335.284,0.054,6.4,32.17
19.317,17.888,2643.121,456.9,0.262,0.003,57.664,43.168,0,0.533,0.395,0.017,0.12,0.692,6.237,12.304,-7.146e-5,0,0.641,0.875,0.234,1.825,867.267,0.001,335.284,0.054,6.4,32.17
19.321,17.603,2643.121,456.9,0.262,0.003,57.713,43.168,0,0.533,0.395,0.017,0.12,0.692,6.112,12.086,6.499e-5,0,0.633,0.875,0.242,1.804,867.273,0.001,335.284,0.054,6.4,32.17
19.325,17.316,2643.121,456.9,0.262,0.003,57.763,43.168,0,0.533,0.395,0.017,0.12,0.692,5.986,11.869,3.318e-4,0,0.626,0.875,0.249,1.782,867.279,0.001,335.285,0.055,6.4,32.17
19.328,17.029,2643.121,456.9,0.262,0.003,57.814,43.168,0,0.533,0.395,0.017,0.12,0.692,5.86,11.654,-2.791e-4,0,0.618,0.875,0.257,1.758,867.286,0.001,335.285,0.055,6.4,32.17
19.332,16.74,2643.121,456.9,0.262,0.003,57.866,43.168,0,0.533,0.395,0.017,0.12,0.692,5.735,11.441,4.61e-4,0,0.61,0.875,0.265,1.731,867.292,0.001,335.285,0.055,6.4,32.17
19.336,16.451,2643.121,456.9,0.262,0.003,57.918,43.168,0,0.533,0.395,0.017,0.12,0.692,5.611,11.23,-4.984e-4,0,0.603,0.875,0.272,1.702,867.299,0.001,335.285,0.055,6.4,32.17
19.34,16.161,2643.121,456.9,0.262,0.003,57.972,43.168,0,0.533,0.395,0.017,0.12,0.691,5.487,11.022,-1.679e-4,0,0.595,0.875,0.28,1.671,867.305,0.001,335.286,0.055,6.4,32.17
19.344,15.872,2643.121,456.9,0.262,0.003,58.026,43.168,0,0.533,0.395,0.017,0.12,0.69,5.364,10.816,-2.515e-4,0,0.588,0.875,0.287,1.636,867.312,0.001,335.286,0.055,6.4,32.17
19.348,15.582,2643.121,456.9,0.262,0.003,58.08,43.168,0,0.533,0.395,0.017,0.12,0.689,5.241,10.614,4.338e-4,0,0.58,0.875,0.295,1.599,867.319,0.001,335.286,0.055,6.4,32.17
19.352,15.285,2643.121,456.9,0.262,0.003,58.137,43.168,0,0.533,0.395,0.017,0.12,0.688,5.117,10.408,4.612e-4,0,0.573,0.875,0.302,1.562,867.326,0.001,335.286,0.055,6.4,32.17
19.356,14.983,2643.121,456.9,0.262,0.003,58.196,43.168,0,0.533,0.395,0.017,0.12,0.686,4.991,10.197,8.787e-5,0,0.565,0.875,0.31,1.524,867.333,0.001,335.287,0.055,6.4,32.17
19.36,14.681,2643.121,456.9,0.262,0.003,58.255,43.168,0,0.533,0.395,0.017,0.12,0.684,4.866,9.99,4.49e-4,0,0.558,0.875,0.317,1.482,867.34,0.001,335.287,0.055,6.4,32.17
19.364,14.379,2643.121,456.9,0.262,0.003,58.315,43.168,0,0.533,0.395,0.017,0.12,0.682,4.743,9.787,1.716e-5,0,0.55,0.875,0.325,1.437,867.347,0.001,335.287,0.056,6.4,32.17
19.369,14.078,2643.121,456.9,0.262,0.003,58.376,43.168,0,0.533,0.395,0.017,0.12,0.68,4.62,9.589,-5.982e-5,0,0.543,0.875,0.332,1.389,867.354,0.001,335.287,0.056,6.4,32.17
19.373,13.778,2643.121,456.9,0.262,0.003,58.437,43.168,0,0.533,0.395,0.017,0.12,0.677,4.499,9.397,1.202e-4,0,0.535,0.875,0.34,1.338,867.362,0.001,335.288,0.056,6.4,32.17
19.377,13.48,2643.121,456.9,0.262,0.003,58.499,43.168,0,0.533,0.395,0.017,0.12,0.675,4.38,9.21,1.475e-4,0,0.528,0.875,0.347,1.283,867.369,0.001,335.288,0.056,6.4,32.17
19.381,13.185,2643.121,456.9,0.262,0.003,58.561,43.168,0,0.533,0.395,0.017,0.12,0.672,4.262,9.028,4.53e-4,0,0.521,0.875,0.354,1.224,867.376,0.001,335.288,0.056,6.4,32.17
19.386,12.893,2643.121,456.9,0.262,0.003,58.623,43.168,0,0.533,0.395,0.017,0.12,0.669,4.147,8.854,2.912e-4,0,0.514,0.875,0.361,1.161,867.384,0.001,335.289,0.056,6.4,32.17
19.39,12.604,2643.121,456.9,0.262,0.003,58.685,43.168,0,0.533,0.395,0.017,0.12,0.666,4.034,8.686,4.184e-4,0,0.506,0.875,0.369,1.094,867.392,0.001,335.289,0.056,6.4,32.17
19.395,12.32,2643.121,456.9,0.262,0.003,58.747,43.168,0,0.533,0.395,0.017,0.12,0.663,3.923,8.527,-4.212e-4,0,0.499,0.875,0.376,1.024,867.399,0.001,335.289,0.056,6.4,32.17
19.399,12.042,2643.121,456.9,0.262,0.003,58.809,43.168,0,0.533,0.395,0.017,0.12,0.66,3.816,8.376,1.614e-4,0,0.492,0.875,0.383,0.95,867.407,0.001,335.289,0.056,6.4,32.17
19.404,11.773,2643.121,456.9,0.262,0.003,58.869,43.168,0,0.533,0.395,0.017,0.12,0.656,3.713,8.237,-3.58e-4,0,0.485,0.875,0.39,0.872,867.415,0.001,335.29,0.057,6.4,32.17
19.408,11.512,2643.121,456.9,0.262,0.003,58.928,43.168,0,0.533,0.395,0.017,0.12,0.653,3.614,8.108,-3.277e-4,0,0.478,0.875,0.397,0.791,867.423,0.001,335.29,0.057,6.4,32.17
19.413,11.26,2643.121,456.9,0.262,0.003,58.985,43.168,0,0.533,0.395,0.017,0.12,0.65,3.519,7.989,-6.927e-5,0,0.471,0.875,0.404,0.708,867.432,0.001,335.29,0.057,6.4,32.17
19.418,11.018,2643.121,456.9,0.262,0.003,59.041,43.168,0,0.533,0.395,0.017,0.12,0.647,3.428,7.88,9.685e-5,0,0.464,0.875,0.411,0.623,867.44,0.001,335.291,0.057,6.4,32.17
19.422,10.787,2643.121,456.9,0.262,0.003,59.095,43.168,0,0.533,0.395,0.017,0.12,0.644,3.342,7.781,-4.359e-4,0,0.457,0.875,0.418,0.537,867.448,0.001,335.291,0.057,6.4,32.17
19.427,10.57,2643.121,456.9,0.262,0.003,59.146,43.168,0,0.533,0.395,0.018,0.12,0.641,3.262,7.692,-2.471e-4,0,0.45,0.875,0.425,0.452,867.457,0.001,335.291,0.057,6.4,32.17
19.432,10.367,2643.121,456.9,0.262,0.003,59.194,43.168,0,0.533,0.395,0.018,0.12,0.638,3.187,7.613,1.384e-4,0,0.443,0.875,0.432,0.368,867.465,0.001,335.292,0.057,6.4,32.17
19.437,10.181,2643.121,456.9,0.262,0.003,59.238,43.168,0,0.533,0.395,0.018,0.12,0.636,3.119,7.544,3.549e-4,0,0.437,0.875,0.438,0.289,867.474,0.001,335.292,0.057,6.4,32.17
19.442,10.012,2643.121,456.9,0.262,0.003,59.279,43.168,0,0.533,0.395,0.018,0.12,0.634,3.058,7.483,-7.889e-6,0,0.43,0.875,0.445,0.215,867.483,0.001,335.292,0.058,6.4,32.17
19.447,9.864,2643.121,456.9,0.262,0.003,59.315,43.168,0,0.533,0.395,0.018,0.12,0.632,3.004,7.432,-5.558e-5,0,0.423,0.875,0.452,0.148,867.492,0.001,335.293,0.058,6.4,32.17
19.452,9.72,2643.121,456.9,0.262,0.003,59.35,43.168,0,0.533,0.395,0.018,0.12,0.63,2.953,7.373,4.281e-4,0,0.416,0.875,0.459,0.092,867.501,0.001,335.293,0.058,6.4,32.17
19.457,9.57,2643.121,456.9,0.262,0.003,59.386,43.168,0,0.533,0.395,0.018,0.12,0.628,2.899,7.297,2.864e-5,0,0.41,0.875,0.465,0.049,867.511,0.001,335.293,0.058,6.4,32.17
19.462,9.443,2643.121,456.9,0.262,0.003,59.418,43.168,0,0.533,0.395,0.018,0.12,0.626,2.854,7.228,3.925e-4,0,0.403,0.875,0.472,0.018,867.52,0.001,335.294,0.058,6.4,32.17
19.467,9.341,2643.121,456.9,0.262,0.003,59.443,43.168,0,0.533,0.395,0.018,0.12,0.624,2.817,7.162,4.253e-4,0,0.396,0.875,0.479,0.002,867.529,0.001,335.294,0.058,6.4,32.17
19.473,9.265,2643.121,456.9,0.262,0.003,59.462,43.168,0,0.533,0.395,0.018,0.12,0.623,2.79,7.106,1.111e-4,0,0.39,0.875,0.485,-0.002,867.539,0.001,335.294,0.058,6.4,32.17
19.478,9.218,2643.121,456.9,0.262,0.003,59.473,43.168,0,0.533,0.395,0.018,0.12,0.623,2.774,7.088,3.15e-4,0,0.383,0.875,0.492,-0.021,867.549,0.001,335.295,0.058,6.4,32.17
19.484,9.2,2643.121,456.9,0.262,0.003,59.478,43.168,0,0.533,0.395,0.018,0.12,0.622,2.767,7.11,1.825e-4,0,0.376,0.875,0.499,-0.057,867.559,0.001,335.295,0.059,6.4,32.17
19.489,9.214,2643.121,456.9,0.262,0.003,59.474,43.168,0,0.533,0.395,0.018,0.12,0.623,2.772,7.176,7.309e-8,0,0.37,0.875,0.505,-0.113,867.569,0.001,335.295,0.059,6.4,32.17
19.495,9.26,2643.121,456.9,0.262,0.003,59.462,43.168,0,0.533,0.395,0.018,0.12,0.623,2.789,7.285,-3.72e-4,0,0.363,0.875,0.512,-0.185,867.58,0.001,335.296,0.059,6.4,32.17
19.5,9.338,2643.121,456.9,0.262,0.003,59.443,43.168,0,0.533,0.395,0.018,0.12,0.624,2.816,7.435,-1.288e-4,0,0.357,0.875,0.518,-0.273,867.59,0.001,335.296,0.059,6.4,32.17
19.506,9.442,2643.121,456.9,0.262,0.003,59.417,43.168,0,0.533,0.395,0.018,0.12,0.626,2.853,7.618,3.992e-4,0,0.351,0.875,0.525,-0.374,867.601,0.001,335.297,0.059,6.4,32.17
19.512,9.578,2643.121,456.9,0.262,0.003,59.383,43.168,0,0.533,0.395,0.018,0.12,0.628,2.902,7.837,8.042e-5,0,0.344,0.875,0.531,-0.485,867.612,0.001,335.297,0.059,6.4,32.17
19.518,9.747,2643.121,456.9,0.262,0.003,59.341,43.168,0,0.533,0.395,0.018,0.12,0.63,2.962,8.089,-1.579e-4,0,0.338,0.875,0.537,-0.602,867.623,0.001,335.297,0.059,6.4,32.17
19.524,9.947,2643.121,456.9,0.262,0.003,59.292,43.168,0,0.533,0.395,0.018,0.12,0.633,3.035,8.369,4.214e-4,0,0.332,0.875,0.544,-0.723,867.634,0.001,335.298,0.059,6.4,32.17
19.53,10.179,2643.121,456.9,0.262,0.003,59.237,43.168,0,0.533,0.395,0.018,0.12,0.636,3.119,8.674,-3.816e-4,0,0.325,0.875,0.55,-0.844,867.646,0.001,335.298,0.06,6.4,32.17
19.536,10.44,2643.121,456.9,0.262,0.003,59.174,43.168,0,0.533,0.395,0.018,0.12,0.64,3.214,8.999,-8.313e-5,0,0.319,0.875,0.556,-0.961,867.657,0.001,335.299,0.06,6.4,32.17
19.542,10.729,2643.121,456.9,0.262,0.003,59.106,43.168,0,0.533,0.395,0.018,0.12,0.643,3.32,9.343,-4.162e-4,0,0.313,0.875,0.562,-1.074,867.669,0.001,335.299,0.06,6.4,32.17
19.549,11.044,2643.121,456.9,0.262,0.003,59.032,43.168,0,0.533,0.395,0.018,0.12,0.647,3.438,9.701,-3.871e-4,0,0.307,0.875,0.568,-1.178,867.681,0.001,335.3,0.06,6.4,32.17
19.555,11.434,2643.121,456.9,0.262,0.003,58.943,43.168,0,0.533,0.395,0.018,0.12,0.652,3.584,10.104,1.235e-4,0,0.301,0.875,0.574,-1.269,867.694,0.001,335.3,0.06,6.4,32.17
19.562,11.86,2643.121,456.9,0.262,0.003,58.846,43.168,0,0.533,0.395,0.018,0.12,0.658,3.746,10.524,8.015e-5,0,0.295,0.875,0.58,-1.347,867.706,0.001,335.3,0.06,6.4,32.17
19.568,12.304,2643.121,456.9,0.262,0.003,58.748,43.168,0,0.533,0.395,0.018,0.12,0.663,3.917,10.95,4.443e-4,0,0.29,0.875,0.586,-1.415,867.719,0.001,335.301,0.06,6.4,32.17
19.575,12.767,2643.121,456.9,0.262,0.003,58.647,43.168,0,0.533,0.395,0.018,0.12,0.668,4.097,11.381,1.226e-4,0,0.284,0.875,0.591,-1.471,867.732,0.001,335.301,0.061,6.4,32.17
19.582,13.246,2643.121,456.9,0.262,0.003,58.545,43.168,0,0.533,0.395,0.018,0.12,0.673,4.286,11.817,3.245e-4,0,0.278,0.875,0.597,-1.517,867.745,0.001,335.302,0.061,6.4,32.17
19.589,13.74,2643.121,456.9,0.262,0.003,58.443,43.168,0,0.533,0.395,0.018,0.12,0.677,4.484,12.254,1.926e-4,0,0.273,0.875,0.602,-1.553,867.759,0.001,335.302,0.061,6.4,32.17
19.596,14.248,2643.121,456.9,0.262,0.003,58.339,43.168,0,0.533,0.395,0.018,0.12,0.681,4.689,12.695,-1.803e-4,0,0.267,0.875,0.608,-1.579,867.772,0.001,335.303,0.061,6.4,32.17
19.603,14.786,2643.121,456.9,0.262,0.003,58.232,43.168,0,0.533,0.395,0.018,0.12,0.685,4.91,13.151,1.372e-5,0,0.262,0.875,0.613,-1.594,867.786,0.001,335.303,0.061,6.4,32.17
19.61,15.362,2643.121,456.9,0.262,0.003,58.121,43.168,0,0.533,0.395,0.018,0.12,0.689,5.149,13.628,4.269e-4,0,0.257,0.875,0.618,-1.598,867.8,0.001,335.304,0.062,6.4,32.17
19.617,15.945,2643.121,456.9,0.262,0.003,58.01,43.168,0,0.533,0.395,0.018,0.12,0.691,5.395,14.106,-9.019e-5,0,0.252,0.875,0.623,-1.594,867.815,0.001,335.305,0.062,6.4,32.17
19.625,16.536,2643.121,456.9,0.262,0.003,57.902,43.168,0,0.533,0.395,0.018,0.12,0.692,5.647,14.584,2.048e-4,0,0.247,0.875,0.629,-1.583,867.83,0.001,335.305,0.062,6.4,32.17
19.632,17.132,2643.121,456.9,0.262,0.003,57.795,43.168,0,0.533,0.395,0.018,0.121,0.693,5.906,15.062,3.419e-4,0,0.242,0.875,0.634,-1.565,867.845,0.001,335.306,0.062,6.4,32.17
19.64,17.733,2643.121,456.9,0.262,0.003,57.69,43.168,0,0.533,0.395,0.018,0.121,0.692,6.169,15.539,3.51e-4,0,0.237,0.875,0.639,-1.542,867.86,0.001,335.306,0.062,6.4,32.17
19.648,18.336,2643.121,456.9,0.262,0.003,57.587,43.168,0,0.533,0.395,0.018,0.121,0.691,6.437,16.016,1.517e-4,0,0.232,0.875,0.643,-1.512,867.875,0.001,335.307,0.063,6.4,32.17
19.655,18.871,2643.121,456.9,0.262,0.003,57.499,43.168,0,0.533,0.395,0.018,0.121,0.69,6.678,16.434,-2.629e-4,0,0.227,0.875,0.649,-1.481,867.891,0.001,335.307,0.063,6.4,32.17
19.663,19.376,2643.121,456.9,0.262,0.003,57.417,43.168,0,0.533,0.395,0.018,0.121,0.689,6.907,16.826,1.191e-5,0,0.221,0.875,0.654,-1.447,867.907,0.001,335.308,0.063,6.4,32.17
19.671,19.883,2643.121,456.9,0.262,0.003,57.337,43.168,0,0.533,0.395,0.018,0.121,0.687,7.14,17.215,-9.992e-5,0,0.216,0.875,0.659,-1.406,867.924,0.001,335.309,0.063,6.4,32.17
19.68,20.391,2643.121,456.9,0.262,0.003,57.259,43.168,0,0.533,0.395,0.018,0.121,0.684,7.292,17.223,-4.157e-4,0,0.177,0.841,0.664,-1.362,867.94,0.001,335.309,0.063,6.4,32.17
19.69,20.995,2643.121,456.9,0.262,0.003,57.168,43.168,0,0.533,0.395,0.018,0.121,0.681,7.447,17.096,-9.104e-6,0,0.121,0.788,0.668,-1.305,867.961,0.001,335.31,0.064,6.4,32.17
19.704,21.892,2643.121,456.9,0.262,0.003,57.038,43.168,0,0.533,0.395,0.018,0.121,0.676,7.682,16.907,-1.161e-4,0,0.041,0.71,0.669,-1.216,867.991,0.001,335.311,0.064,6.4,32.17
19.726,23.299,2643.121,456.9,0.262,0.003,56.844,43.168,0,0.533,0.395,0.018,0.121,0.665,8.065,16.62,1.802e-4,0,-0.075,0.586,0.661,-1.078,868.036,0.001,335.313,0.064,6.4,32.17
19.747,24.604,2643.121,456.9,0.262,0.003,56.674,43.168,0,0.533,0.395,0.018,0.121,0.654,8.433,16.356,3.51e-4,0,-0.173,0.472,0.645,-0.944,868.081,0.001,335.314,0.065,6.4,32.17
19.757,25.136,2643.121,456.9,0.262,0.003,56.608,43.168,0,0.533,0.395,0.018,0.121,0.649,8.587,16.245,2.102e-5,0,-0.21,0.426,0.635,-0.885,868.102,0.001,335.315,0.065,6.4,32.17
19.765,25.547,2643.121,456.9,0.262,0.003,56.558,43.168,0,0.533,0.395,0.018,0.121,0.644,8.707,16.159,1.299e-4,0,-0.236,0.39,0.626,-0.837,868.119,0.001,335.316,0.065,6.4,32.17
19.772,25.898,2643.121,456.9,0.262,0.003,56.517,43.168,0,0.533,0.395,0.018,0.121,0.641,8.811,16.086,2.685e-4,0,-0.258,0.359,0.617,-0.795,868.134,0.001,335.316,0.066,6.4,32.17
19.778,26.208,2643.121,456.9,0.262,0.003,56.48,43.168,0,0.533,0.395,0.018,0.121,0.637,8.903,16.021,5.425e-5,0,-0.277,0.332,0.609,-0.758,868.147,0.001,335.317,0.066,6.4,32.17
19.784,26.488,2643.121,456.9,0.262,0.003,56.448,43.168,0,0.533,0.395,0.018,0.121,0.634,8.987,15.962,-3.432e-4,0,-0.293,0.307,0.601,-0.725,868.16,0.001,335.317,0.066,6.4,32.17
19.79,26.745,2643.121,456.9,0.262,0.003,56.418,43.168,0,0.533,0.395,0.018,0.121,0.631,9.065,15.908,-1.596e-4,0,-0.308,0.285,0.593,-0.694,868.172,0.001,335.318,0.066,6.4,32.17
19.795,26.982,2643.121,456.9,0.262,0.003,56.392,43.168,0,0.533,0.395,0.018,0.121,0.629,9.136,15.859,1.327e-4,0,-0.32,0.264,0.585,-0.665,868.184,0.001,335.318,0.066,6.4,32.17
19.8,27.203,2643.121,456.9,0.262,0.003,56.367,43.168,0,0.533,0.395,0.018,0.121,0.626,9.204,15.813,-1.336e-5,0,-0.332,0.245,0.577,-0.637,868.195,0.001,335.319,0.066,6.4,32.17
19.805,27.413,2643.121,456.9,0.262,0.003,56.344,43.168,0,0.533,0.395,0.018,0.121,0.624,9.268,15.769,4.625e-5,0,-0.342,0.226,0.569,-0.612,868.205,0.001,335.319,0.066,6.4,32.17
19.81,27.61,2643.121,456.9,0.262,0.003,56.322,43.168,0,0.533,0.395,0.018,0.121,0.621,9.329,15.729,-1.194e-4,0,-0.352,0.209,0.561,-0.587,868.216,0.001,335.319,0.066,6.4,32.17
19.815,27.797,2643.121,456.9,0.262,0.003,56.302,43.168,0,0.533,0.395,0.018,0.121,0.619,9.386,15.691,-2.007e-4,0,-0.361,0.193,0.553,-0.564,868.226,0.001,335.32,0.067,6.4,32.17
19.819,27.974,2643.121,456.9,0.262,0.003,56.283,43.168,0,0.533,0.395,0.018,0.121,0.617,9.441,15.654,-3.874e-4,0,-0.368,0.177,0.546,-0.542,868.235,0.001,335.32,0.067,6.4,32.17
19.823,28.142,2643.121,456.9,0.262,0.003,56.265,43.168,0,0.533,0.395,0.018,0.121,0.615,9.494,15.619,4.496e-4,0,-0.376,0.163,0.538,-0.521,868.245,0.001,335.32,0.067,6.4,32.17
19.828,28.303,2643.121,456.9,0.262,0.003,56.248,43.168,0,0.533,0.395,0.018,0.121,0.613,9.544,15.587,-3.007e-6,0,-0.382,0.149,0.531,-0.501,868.254,0.001,335.321,0.067,6.4,32.17
19.832,28.457,2643.121,456.9,0.262,0.003,56.231,43.168,0,0.533,0.395,0.018,0.121,0.611,9.592,15.555,-2.267e-4,0,-0.388,0.135,0.523,-0.482,868.263,0.001,335.321,0.067,6.4,32.17
19.836,28.603,2643.121,456.9,0.262,0.003,56.216,43.168,0,0.533,0.395,0.018,0.121,0.609,9.638,15.525,2.998e-4,0,-0.393,0.122,0.516,-0.464,868.272,0.001,335.321,0.067,6.4,32.17
19.84,28.744,2643.121,456.9,0.262,0.003,56.201,43.168,0,0.533,0.395,0.018,0.121,0.607,9.683,15.495,2.835e-4,0,-0.398,0.11,0.508,-0.446,868.281,0.001,335.322,0.067,6.4,32.17
19.844,28.88,2643.121,456.9,0.262,0.003,56.188,43.168,0,0.533,0.395,0.018,0.121,0.605,9.725,15.468,1.738e-4,0,-0.403,0.098,0.501,-0.429,868.29,0.001,335.322,0.067,6.4,32.17
19.848,29.009,2643.121,456.9,0.262,0.003,56.174,43.168,0,0.533,0.395,0.018,0.121,0.604,9.766,15.441,-2.933e-4,0,-0.407,0.087,0.494,-0.412,868.299,0.001,335.322,0.067,6.4,32.17
19.852,29.138,2643.121,456.9,0.262,0.003,56.161,43.168,0,0.533,0.395,0.018,0.121,0.602,9.807,15.415,3.005e-4,0,-0.411,0.075,0.486,-0.396,868.307,0.001,335.323,0.067,6.4,32.17
19.855,29.268,2643.121,456.9,0.262,0.003,56.148,43.168,0,0.533,0.395,0.018,0.121,0.6,9.848,15.39,4.152e-4,0,-0.415,0.064,0.479,-0.381,868.316,0.001,335.323,0.067,6.4,32.17
19.859,29.393,2643.121,456.9,0.262,0.003,56.135,43.168,0,0.533,0.395,0.018,0.121,0.599,9.888,15.366,2.393e-4,0,-0.419,0.053,0.472,-0.366,868.324,0.001,335.323,0.068,6.4,32.17
19.863,29.513,2643.121,456.9,0.262,0.003,56.123,43.168,0,0.533,0.395,0.018,0.121,0.597,9.927,15.343,3.176e-4,0,-0.422,0.043,0.464,-0.351,868.333,0.001,335.324,0.068,6.4,32.17
19.867,29.629,2643.121,456.9,0.262,0.003,56.112,43.168,0,0.533,0.395,0.018,0.121,0.595,9.964,15.321,-1.682e-5,0,-0.425,0.032,0.457,-0.337,868.341,0.001,335.324,0.068,6.4,32.17
19.87,29.741,2643.121,456.9,0.262,0.003,56.101,43.168,0,0.533,0.395,0.018,0.121,0.594,10,15.299,-2.941e-4,0,-0.427,0.023,0.45,-0.324,868.349,0.001,335.324,0.068,6.4,32.17
19.874,29.849,2643.121,456.9,0.262,0.003,56.09,43.168,0,0.533,0.395,0.018,0.121,0.592,10.035,15.277,-2.777e-4,0,-0.43,0.013,0.443,-0.311,868.357,0.001,335.325,0.068,6.4,32.17
19.878,29.954,2643.121,456.9,0.262,0.003,56.08,43.168,0,0.533,0.395,0.018,0.121,0.591,10.068,15.258,-4.408e-4,0,-0.432,0.004,0.436,-0.298,868.365,0.001,335.325,0.068,6.4,32.17
19.881,30.054,2643.121,456.9,0.262,0.003,56.07,43.168,0,0.533,0.395,0.018,0.121,0.59,10.101,15.238,3.138e-4,0,-0.429,0,0.429,-0.286,868.373,0.001,335.325,0.068,6.4,32.17
19.885,30.153,2643.121,456.9,0.262,0.003,56.061,43.168,0,0.533,0.395,0.018,0.121,0.588,10.132,15.219,-1.948e-4,0,-0.422,0,0.422,-0.274,868.381,0.001,335.325,0.068,6.4,32.17
19.888,30.25,2643.121,456.9,0.262,0.003,56.052,43.168,0,0.533,0.395,0.018,0.121,0.587,10.164,15.2,-4.116e-5,0,-0.414,0,0.414,-0.262,868.389,0.001,335.326,0.068,6.4,32.17
19.892,30.345,2643.121,456.9,0.262,0.003,56.042,43.168,0,0.533,0.395,0.018,0.121,0.586,10.195,15.182,3.832e-5,0,-0.407,0,0.407,-0.251,868.398,0.001,335.326,0.068,6.4,32.17
19.896,30.439,2643.121,456.9,0.262,0.003,56.033,43.168,0,0.533,0.395,0.018,0.121,0.584,10.225,15.163,-4.128e-4,0,-0.4,0,0.4,-0.239,868.406,0.001,335.326,0.068,6.4,32.17
19.9,30.531,2643.121,456.9,0.262,0.003,56.025,43.168,0,0.533,0.395,0.018,0.121,0.583,10.255,15.145,1.948e-4,0,-0.393,0,0.393,-0.228,868.415,0.001,335.327,0.068,6.4,32.17
19.903,30.611,2643.121,456.9,0.262,0.003,56.017,43.168,0,0.533,0.395,0.018,0.121,0.582,10.281,15.128,4.482e-4,0,-0.386,0,0.386,-0.217,868.424,0.001,335.327,0.069,6.4,32.17
19.907,30.688,2643.121,456.9,0.262,0.003,56.01,43.168,0,0.533,0.395,0.018,0.121,0.581,10.306,15.112,-3.15e-4,0,-0.38,0,0.38,-0.205,868.432,0.001,335.327,0.069,6.4,32.17
19.911,30.762,2643.121,456.9,0.262,0.003,56.003,43.168,0,0.533,0.395,0.018,0.121,0.58,10.331,15.096,4.09e-4,0,-0.373,0,0.373,-0.194,868.442,0.001,335.328,0.069,6.4,32.17
19.915,30.835,2643.121,456.9,0.262,0.003,55.996,43.168,0,0.533,0.395,0.018,0.121,0.579,10.354,15.08,4.827e-4,0,-0.366,0,0.366,-0.184,868.451,0.001,335.328,0.069,6.4,32.17
19.919,30.905,2643.121,456.9,0.262,0.003,55.99,43.168,0,0.533,0.395,0.018,0.121,0.578,10.377,15.065,4.598e-4,0,-0.359,0,0.359,-0.173,868.46,0.001,335.328,0.069,6.4,32.17
19.924,30.972,2643.121,456.9,0.262,0.003,55.983,43.168,0,0.533,0.395,0.018,0.121,0.577,10.399,15.05,-3.289e-4,0,-0.352,0,0.352,-0.163,868.47,0.001,335.329,0.069,6.4,32.17
19.928,31.036,2643.121,456.9,0.262,0.003,55.977,43.168,0,0.533,0.395,0.018,0.121,0.576,10.42,15.035,-7.363e-5,0,-0.345,0,0.345,-0.153,868.479,0.001,335.329,0.069,6.4,32.17
19.932,31.098,2643.121,456.9,0.262,0.003,55.972,43.168,0,0.533,0.395,0.018,0.121,0.575,10.441,15.021,-5.336e-5,0,-0.338,0,0.338,-0.143,868.489,0.001,335.329,0.069,6.4,32.17
19.937,31.157,2643.121,456.9,0.262,0.003,55.966,43.168,0,0.533,0.395,0.018,0.121,0.574,10.46,15.007,-1.108e-4,0,-0.331,0,0.331,-0.133,868.499,0.001,335.33,0.069,6.4,32.17
19.941,31.212,2643.121,456.9,0.262,0.003,55.961,43.168,0,0.533,0.395,0.018,0.121,0.573,10.478,14.994,-4.21e-4,0,-0.324,0,0.324,-0.123,868.51,0.001,335.33,0.069,6.4,32.17
19.946,31.264,2643.121,456.9,0.262,0.003,55.957,43.168,0,0.533,0.395,0.018,0.121,0.573,10.495,14.981,3.1e-4,0,-0.318,0,0.318,-0.114,868.52,0.001,335.331,0.069,6.4,32.17
19.95,31.311,2643.121,456.9,0.262,0.003,55.952,43.168,0,0.533,0.395,0.018,0.121,0.572,10.511,14.969,3.287e-4,0,-0.311,0,0.311,-0.105,868.531,0.001,335.331,0.07,6.4,32.17
19.955,31.333,2643.121,456.9,0.262,0.003,55.95,43.168,0,0.533,0.395,0.018,0.121,0.572,10.518,14.959,3.649e-4,0,-0.304,0,0.304,-0.096,868.542,0.001,335.331,0.07,6.4,32.17
19.96,31.351,2643.121,456.9,0.262,0.003,55.949,43.168,0,0.533,0.395,0.018,0.121,0.571,10.524,14.948,-1.789e-4,0,-0.297,0,0.297,-0.087,868.553,0.001,335.332,0.07,6.4,32.17
19.965,31.364,2643.121,456.9,0.262,0.003,55.947,43.168,0,0.533,0.395,0.018,0.121,0.571,10.528,14.939,4.852e-4,0,-0.29,0,0.29,-0.079,868.565,0.001,335.332,0.07,6.4,32.17
19.97,31.372,2643.121,456.9,0.262,0.003,55.947,43.168,0,0.533,0.395,0.018,0.121,0.571,10.531,14.931,-1.214e-4,0,-0.284,0,0.284,-0.071,868.576,0.001,335.333,0.07,6.4,32.17
19.975,31.375,2643.121,456.9,0.262,0.003,55.946,43.168,0,0.533,0.395,0.018,0.121,0.571,10.532,14.923,-3.954e-4,0,-0.277,0,0.277,-0.063,868.588,0.001,335.333,0.07,6.4,32.17
19.98,31.372,2643.121,456.9,0.262,0.003,55.947,43.168,0,0.533,0.395,0.018,0.121,0.571,10.531,14.916,3.084e-4,0,-0.27,0,0.27,-0.056,868.601,0.001,335.334,0.07,6.4,32.17
19.986,31.363,2643.121,456.9,0.262,0.003,55.947,43.168,0,0.533,0.395,0.018,0.121,0.571,10.528,14.909,1.138e-4,0,-0.264,0,0.264,-0.049,868.613,0.001,335.334,0.07,6.4,32.17
19.991,31.348,2643.121,456.9,0.262,0.003,55.949,43.168,0,0.533,0.395,0.018,0.121,0.572,10.523,14.904,-3.517e-4,0,-0.257,0,0.257,-0.042,868.626,0.001,335.335,0.07,6.4,32.17
19.997,31.326,2643.121,456.9,0.262,0.003,55.951,43.168,0,0.533,0.395,0.018,0.121,0.572,10.516,14.899,2.178e-5,0,-0.25,0,0.25,-0.036,868.639,0.001,335.335,0.07,6.4,32.17
20.002,31.311,2643.121,456.9,0.262,0.003,55.952,43.168,0,0.533,0.395,0.018,0.121,0.572,10.511,14.894,3.694e-4,0,-0.243,0,0.243,-0.03,868.653,0.001,335.336,0.071,6.4,32.17
20.008,31.31,2643.121,456.9,0.262,0.003,55.952,43.168,0,0.533,0.395,0.018,0.121,0.572,10.51,14.888,-1.751e-4,0,-0.237,0,0.237,-0.025,868.667,0.001,335.336,0.071,6.4,32.17
20.014,31.302,2643.121,456.9,0.262,0.003,55.953,43.168,0,0.533,0.395,0.018,0.121,0.572,10.508,14.884,3.536e-5,0,-0.23,0,0.23,-0.02,868.681,0.001,335.337,0.071,6.4,32.17
20.02,31.286,2643.121,456.9,0.262,0.003,55.954,43.168,0,0.533,0.395,0.018,0.121,0.572,10.503,14.881,-4.181e-4,0,-0.223,0,0.223,-0.015,868.696,0.001,335.337,0.071,6.4,32.17
20.027,31.261,2643.121,456.9,0.262,0.003,55.957,43.168,0,0.533,0.395,0.018,0.121,0.573,10.494,14.879,-8.073e-5,0,-0.217,0,0.217,-0.011,868.711,0.001,335.338,0.071,6.4,32.17
20.033,31.228,2643.121,456.9,0.262,0.003,55.96,43.168,0,0.533,0.395,0.018,0.121,0.573,10.483,14.877,-3.029e-4,0,-0.21,0,0.21,-0.008,868.726,0.001,335.338,0.071,6.4,32.17
20.04,31.184,2643.121,456.9,0.262,0.003,55.964,43.168,0,0.533,0.395,0.018,0.121,0.574,10.469,14.877,-4.228e-4,0,-0.204,0,0.204,-0.005,868.742,0.001,335.339,0.071,6.4,32.17
20.047,31.13,2643.121,456.9,0.262,0.003,55.969,43.168,0,0.533,0.395,0.018,0.121,0.575,10.451,14.879,-9.073e-5,0,-0.197,0,0.197,-0.003,868.759,0.001,335.339,0.071,6.4,32.17
20.054,31.08,2643.121,456.9,0.262,0.003,55.973,43.168,0,0.533,0.395,0.018,0.121,0.575,10.435,14.881,-1.213e-4,0,-0.19,0,0.19,-0.001,868.776,0.001,335.34,0.072,6.4,32.17
20.061,31.032,2643.121,456.9,0.262,0.003,55.978,43.168,0,0.533,0.395,0.018,0.121,0.576,10.419,14.883,-1.076e-5,0,-0.184,0,0.184,-1.783e-4,868.793,0.001,335.341,0.072,6.4,32.17
20.069,30.971,2643.121,456.9,0.262,0.003,55.983,43.168,0,0.533,0.395,0.018,0.121,0.577,10.399,14.887,-5.135e-6,0,-0.177,0,0.177,4.313e-5,868.811,0.001,335.341,0.072,6.4,32.17
20.076,30.897,2643.121,456.9,0.262,0.003,55.99,43.168,0,0.533,0.395,0.018,0.121,0.578,10.375,14.892,-3.571e-4,0,-0.171,0,0.171,7.314e-4,868.83,0.001,335.342,0.072,6.4,32.17
20.084,30.807,2643.121,456.9,0.262,0.003,55.999,43.168,0,0.533,0.395,0.018,0.121,0.579,10.345,14.896,-1.572e-4,0,-0.164,0,0.164,0.002,868.849,0.001,335.343,0.072,6.4,32.17
20.093,30.701,2643.121,456.9,0.262,0.003,56.009,43.168,0,0.533,0.395,0.018,0.121,0.581,10.311,14.901,1.224e-4,0,-0.158,0,0.158,0.005,868.87,0.001,335.344,0.073,6.4,32.17
20.101,30.558,2643.121,456.9,0.262,0.003,56.022,43.168,0,0.533,0.395,0.018,0.121,0.583,10.264,14.907,4.873e-4,0,-0.151,0,0.151,0.009,868.891,0.001,335.344,0.073,6.4,32.17
20.11,30.274,2643.121,456.9,0.262,0.003,56.049,43.168,0,0.533,0.395,0.018,0.121,0.587,10.172,14.922,4.362e-5,0,-0.145,0,0.145,0.013,868.913,0.001,335.345,0.073,6.4,32.17
20.119,29.963,2643.121,456.9,0.262,0.003,56.079,43.168,0,0.533,0.395,0.018,0.121,0.591,10.071,14.938,5.185e-8,0,-0.135,0.003,0.139,0.02,868.935,0.001,335.346,0.073,6.4,32.17
20.129,29.611,2643.121,456.9,0.262,0.003,56.113,43.168,0,0.533,0.395,0.018,0.121,0.596,9.958,14.956,-8.892e-5,0,-0.099,0.034,0.133,0.028,868.96,0.001,335.347,0.073,6.4,32.17
20.142,29.101,2643.121,456.9,0.262,0.003,56.164,43.168,0,0.533,0.395,0.018,0.121,0.603,9.796,14.982,2.75e-4,0,-0.049,0.079,0.128,0.041,868.993,0.001,335.348,0.073,6.4,32.17
20.162,28.386,2643.121,456.9,0.262,0.003,56.238,43.168,0,0.533,0.395,0.018,0.121,0.612,9.57,15.015,-1.501e-4,0,0.015,0.141,0.126,0.064,869.042,0.001,335.35,0.074,6.4,32.17
20.181,27.663,2643.121,456.9,0.262,0.003,56.316,43.168,0,0.533,0.395,0.018,0.121,0.621,9.345,15.046,3.014e-4,0,0.075,0.205,0.129,0.092,869.09,0.001,335.352,0.074,6.4,32.17
20.198,26.958,2643.121,456.9,0.262,0.003,56.394,43.168,0,0.533,0.395,0.018,0.121,0.629,9.129,15.077,4.453e-5,0,0.13,0.266,0.137,0.12,869.134,0.001,335.353,0.075,6.4,32.17
20.208,26.519,2643.121,456.9,0.262,0.003,56.444,43.168,0,0.533,0.395,0.018,0.121,0.634,8.997,15.096,3.939e-4,0,0.162,0.305,0.143,0.139,869.159,0.001,335.354,0.075,6.4,32.17
20.216,26.154,2643.121,456.9,0.262,0.003,56.486,43.168,0,0.533,0.395,0.018,0.121,0.638,8.887,15.113,3.847e-4,0,0.187,0.337,0.149,0.154,869.179,0.001,335.355,0.075,6.4,32.17
20.223,25.83,2643.121,456.9,0.262,0.003,56.524,43.168,0,0.533,0.395,0.018,0.121,0.642,8.791,15.128,-1.21e-4,0,0.21,0.365,0.155,0.169,869.196,0.001,335.356,0.075,6.4,32.17
20.229,25.534,2643.121,456.9,0.262,0.003,56.56,43.168,0,0.533,0.395,0.018,0.121,0.645,8.704,15.143,-1.815e-4,0,0.23,0.391,0.161,0.182,869.211,0.001,335.356,0.075,6.4,32.17
20.234,25.257,2643.121,456.9,0.262,0.003,56.593,43.168,0,0.533,0.395,0.018,0.121,0.648,8.623,15.155,-2.605e-4,0,0.248,0.415,0.167,0.194,869.225,0.001,335.357,0.075,6.4,32.17
20.239,24.997,2643.121,456.9,0.262,0.003,56.625,43.168,0,0.533,0.395,0.018,0.121,0.651,8.547,15.168,-8.811e-5,0,0.265,0.438,0.173,0.206,869.238,0.001,335.357,0.076,6.4,32.17
20.244,24.748,2643.121,456.9,0.262,0.003,56.656,43.168,0,0.533,0.395,0.018,0.121,0.653,8.475,15.18,-2.848e-4,0,0.281,0.46,0.179,0.218,869.25,0.001,335.358,0.076,6.4,32.17
20.248,24.511,2643.121,456.9,0.262,0.003,56.686,43.168,0,0.533,0.395,0.018,0.121,0.655,8.407,15.192,1.163e-4,0,0.296,0.481,0.185,0.229,869.262,0.001,335.358,0.076,6.4,32.17
20.252,24.278,2643.121,456.9,0.262,0.003,56.716,43.168,0,0.533,0.395,0.018,0.121,0.657,8.34,15.204,3.609e-4,0,0.31,0.501,0.191,0.24,869.273,0.001,335.358,0.076,6.4,32.17
20.256,24.051,2643.121,456.9,0.262,0.003,56.745,43.168,0,0.533,0.395,0.018,0.121,0.66,8.276,15.216,2.424e-4,0,0.324,0.521,0.196,0.25,869.283,0.001,335.359,0.076,6.4,32.17
20.26,23.832,2643.121,456.9,0.262,0.003,56.773,43.168,0,0.533,0.395,0.018,0.121,0.661,8.214,15.228,-4.383e-4,0,0.338,0.54,0.202,0.261,869.293,0.001,335.359,0.076,6.4,32.17
20.264,23.618,2643.121,456.9,0.262,0.003,56.802,43.168,0,0.533,0.395,0.018,0.121,0.663,8.154,15.239,-3.591e-4,0,0.351,0.559,0.208,0.271,869.302,0.001,335.36,0.076,6.4,32.17
20.267,23.41,2643.121,456.9,0.262,0.003,56.829,43.168,0,0.533,0.395,0.018,0.121,0.665,8.096,15.251,4.56e-6,0,0.363,0.577,0.214,0.281,869.311,0.001,335.36,0.076,6.4,32.17
20.271,23.207,2643.121,456.9,0.262,0.003,56.856,43.168,0,0.533,0.395,0.018,0.121,0.667,8.039,15.262,-4.09e-4,0,0.375,0.595,0.22,0.291,869.32,0.001,335.36,0.076,6.4,32.17
20.274,23.008,2643.121,456.9,0.262,0.003,56.883,43.168,0,0.533,0.395,0.018,0.121,0.668,7.985,15.273,1.081e-4,0,0.387,0.612,0.225,0.3,869.329,0.001,335.361,0.076,6.4,32.17
20.277,22.814,2643.121,456.9,0.262,0.003,56.91,43.168,0,0.533,0.395,0.018,0.121,0.67,7.931,15.284,3.955e-4,0,0.398,0.629,0.231,0.31,869.337,0.001,335.361,0.076,6.4,32.17
20.28,22.623,2643.121,456.9,0.262,0.003,56.936,43.168,0,0.533,0.395,0.018,0.121,0.671,7.879,15.295,-9.187e-5,0,0.409,0.646,0.237,0.319,869.345,0.001,335.361,0.076,6.4,32.17
20.283,22.436,2643.121,456.9,0.262,0.003,56.962,43.168,0,0.534,0.395,0.018,0.121,0.673,7.828,15.305,-3.174e-4,0,0.42,0.662,0.243,0.329,869.353,0.001,335.361,0.077,6.4,32.17
20.286,22.252,2643.121,456.9,0.262,0.003,56.988,43.168,0,0.534,0.395,0.018,0.121,0.674,7.779,15.315,4.012e-4,0,0.43,0.678,0.248,0.338,869.36,0.001,335.362,0.077,6.4,32.17
20.289,22.07,2643.121,456.9,0.262,0.003,57.013,43.168,0,0.534,0.395,0.018,0.121,0.675,7.73,15.326,4.156e-4,0,0.44,0.694,0.254,0.347,869.368,0.001,335.362,0.077,6.4,32.17
20.292,21.892,2643.121,456.9,0.262,0.003,57.039,43.168,0,0.534,0.395,0.018,0.121,0.677,7.682,15.336,-1.553e-4,0,0.45,0.71,0.26,0.356,869.375,0.001,335.362,0.077,6.4,32.17
20.294,21.716,2643.121,456.9,0.262,0.003,57.064,43.168,0,0.534,0.395,0.018,0.121,0.678,7.636,15.347,1.087e-4,0,0.46,0.725,0.265,0.365,869.382,0.001,335.363,0.077,6.4,32.17
20.297,21.542,2643.121,456.9,0.262,0.003,57.089,43.168,0,0.534,0.395,0.018,0.121,0.679,7.59,15.357,-4.86e-4,0,0.469,0.74,0.271,0.374,869.389,0.001,335.363,0.077,6.4,32.17
20.299,21.37,2643.121,456.9,0.262,0.003,57.114,43.168,0,0.534,0.395,0.018,0.121,0.68,7.545,15.368,-2.496e-4,0,0.479,0.755,0.277,0.383,869.396,0.001,335.363,0.077,6.4,32.17
20.302,21.196,2643.121,456.9,0.262,0.003,57.139,43.168,0,0.534,0.395,0.018,0.121,0.681,7.5,15.379,4.166e-4,0,0.488,0.771,0.282,0.392,869.402,0.001,335.363,0.077,6.4,32.17
20.304,21.02,2643.121,456.9,0.262,0.003,57.166,43.168,0,0.534,0.395,0.018,0.121,0.682,7.454,15.39,-6.616e-5,0,0.498,0.786,0.288,0.401,869.409,0.001,335.364,0.077,6.4,32.17
20.307,20.842,2643.121,456.9,0.262,0.003,57.192,43.168,0,0.534,0.395,0.018,0.121,0.683,7.408,15.401,4.64e-4,0,0.508,0.802,0.294,0.41,869.416,0.001,335.364,0.077,6.4,32.17
20.309,20.662,2643.121,456.9,0.262,0.003,57.219,43.168,0,0.534,0.395,0.018,0.121,0.684,7.362,15.413,-3.061e-4,0,0.517,0.817,0.3,0.419,869.422,0.001,335.364,0.077,6.4,32.17
20.312,20.481,2643.121,456.9,0.262,0.003,57.247,43.168,0,0.534,0.395,0.018,0.121,0.685,7.316,15.424,-4.007e-4,0,0.527,0.833,0.306,0.429,869.429,0.001,335.364,0.077,6.4,32.17
20.314,20.299,2643.121,456.9,0.262,0.003,57.275,43.168,0,0.534,0.395,0.018,0.121,0.686,7.27,15.437,-4.48e-4,0,0.537,0.849,0.312,0.438,869.435,0.001,335.365,0.077,6.4,32.17
20.317,20.115,2643.121,456.9,0.262,0.003,57.303,43.168,0,0.534,0.395,0.018,0.121,0.686,7.223,15.448,3.831e-4,0,0.547,0.865,0.319,0.448,869.442,0.001,335.365,0.077,6.4,32.17
20.319,19.929,2643.121,456.9,0.262,0.003,57.332,43.168,0,0.534,0.395,0.018,0.121,0.687,7.162,15.393,2.667e-4,0,0.55,0.875,0.325,0.458,869.449,0.001,335.365,0.077,6.4,32.17
20.322,19.742,2643.121,456.9,0.262,0.003,57.361,43.168,0,0.534,0.395,0.018,0.121,0.688,7.076,15.224,-4.645e-4,0,0.544,0.875,0.332,0.468,869.455,0.001,335.365,0.077,6.4,32.17
20.324,19.554,2643.121,456.9,0.262,0.003,57.391,43.168,0,0.534,0.395,0.018,0.121,0.689,6.989,15.056,-2.07e-4,0,0.537,0.875,0.338,0.477,869.462,0.001,335.366,0.077,6.4,32.17
20.327,19.364,2643.121,456.9,0.262,0.003,57.421,43.168,0,0.534,0.395,0.018,0.121,0.689,6.903,14.886,-6.424e-5,0,0.531,0.875,0.344,0.487,869.469,0.001,335.366,0.078,6.4,32.17
20.329,19.173,2643.121,456.9,0.262,0.003,57.452,43.168,0,0.534,0.395,0.018,0.121,0.69,6.815,14.715,-5.278e-5,0,0.525,0.875,0.351,0.497,869.475,0.001,335.366,0.078,6.4,32.17
20.332,18.981,2643.121,456.9,0.262,0.003,57.483,43.168,0,0.534,0.395,0.018,0.121,0.691,6.728,14.543,-4.212e-4,0,0.519,0.875,0.357,0.507,869.482,0.001,335.366,0.078,6.4,32.17
20.334,18.787,2643.121,456.9,0.262,0.003,57.515,43.168,0,0.534,0.395,0.018,0.121,0.691,6.64,14.37,2.794e-4,0,0.513,0.875,0.363,0.517,869.489,0.001,335.366,0.078,6.4,32.17
20.337,18.592,2643.121,456.9,0.262,0.003,57.547,43.168,0,0.534,0.395,0.018,0.121,0.692,6.552,14.196,-1.165e-5,0,0.507,0.875,0.369,0.527,869.495,0.001,335.367,0.078,6.4,32.17
20.339,18.395,2643.121,456.9,0.262,0.003,57.58,43.168,0,0.534,0.395,0.018,0.121,0.692,6.464,14.021,-3.467e-4,0,0.501,0.875,0.375,0.537,869.502,0.001,335.367,0.078,6.4,32.17
20.342,18.197,2643.121,456.9,0.262,0.003,57.614,43.168,0,0.534,0.395,0.018,0.121,0.693,6.376,13.845,-4.121e-4,0,0.495,0.875,0.38,0.546,869.509,0.001,335.367,0.078,6.4,32.17
20.344,17.998,2643.121,456.9,0.262,0.003,57.647,43.168,0,0.534,0.395,0.018,0.121,0.693,6.287,13.669,3.224e-5,0,0.489,0.875,0.386,0.556,869.515,0.001,335.367,0.078,6.4,32.17
20.347,17.798,2643.121,456.9,0.262,0.003,57.682,43.168,0,0.534,0.395,0.018,0.121,0.693,6.199,13.491,-4.72e-4,0,0.483,0.875,0.392,0.566,869.522,0.001,335.368,0.078,6.4,32.17
20.349,17.596,2643.121,456.9,0.262,0.003,57.717,43.168,0,0.534,0.395,0.018,0.121,0.693,6.11,13.313,-2.658e-5,0,0.478,0.875,0.398,0.576,869.529,0.001,335.368,0.078,6.4,32.17
20.352,17.405,2643.121,456.9,0.262,0.003,57.75,43.168,0,0.534,0.395,0.018,0.121,0.694,6.026,13.143,4.706e-4,0,0.472,0.875,0.403,0.586,869.536,0.001,335.368,0.078,6.4,32.17
20.354,17.216,2643.121,456.9,0.262,0.003,57.783,43.168,0,0.534,0.395,0.018,0.121,0.694,5.943,12.976,3.279e-4,0,0.467,0.875,0.409,0.595,869.542,0.001,335.368,0.078,6.4,32.17
20.357,17.026,2643.121,456.9,0.262,0.003,57.817,43.168,0,0.534,0.395,0.018,0.121,0.694,5.86,12.808,-1.686e-4,0,0.461,0.875,0.414,0.605,869.549,0.001,335.369,0.078,6.4,32.17
20.359,16.833,2643.121,456.9,0.262,0.003,57.852,43.168,0,0.534,0.395,0.018,0.121,0.694,5.776,12.639,-3.514e-4,0,0.456,0.875,0.419,0.614,869.556,0.001,335.369,0.078,6.4,32.17
20.362,16.637,2643.121,456.9,0.262,0.003,57.887,43.168,0,0.534,0.395,0.018,0.121,0.693,5.692,12.466,-2.247e-5,0,0.451,0.875,0.425,0.624,869.563,0.001,335.369,0.078,6.4,32.17
20.365,16.438,2643.121,456.9,0.262,0.003,57.923,43.168,0,0.534,0.395,0.018,0.121,0.693,5.606,12.292,-1.954e-4,0,0.445,0.875,0.43,0.634,869.57,0.001,335.369,0.078,6.4,32.17
20.367,16.236,2643.121,456.9,0.262,0.003,57.96,43.168,0,0.534,0.395,0.018,0.121,0.693,5.52,12.114,-1.16e-4,0,0.44,0.875,0.435,0.644,869.577,0.001,335.37,0.078,6.4,32.17
20.37,16.03,2643.121,456.9,0.262,0.003,57.999,43.168,0,0.534,0.395,0.018,0.121,0.692,5.432,11.934,3.032e-4,0,0.435,0.875,0.441,0.654,869.584,0.001,335.37,0.079,6.4,32.17
20.372,15.821,2643.121,456.9,0.262,0.003,58.038,43.168,0,0.534,0.395,0.018,0.121,0.691,5.343,11.751,-2.539e-4,0,0.43,0.875,0.446,0.664,869.591,0.001,335.37,0.079,6.4,32.17
20.375,15.608,2643.121,456.9,0.262,0.003,58.078,43.168,0,0.534,0.395,0.018,0.121,0.691,5.253,11.567,-1.815e-4,0,0.424,0.875,0.451,0.673,869.598,0.001,335.371,0.079,6.4,32.17
20.378,15.392,2643.121,456.9,0.262,0.003,58.12,43.168,0,0.534,0.395,0.018,0.121,0.69,5.163,11.378,4.89e-5,0,0.419,0.875,0.456,0.683,869.606,0.001,335.371,0.079,6.4,32.17
20.38,15.172,2643.121,456.9,0.262,0.003,58.162,43.168,0,0.534,0.395,0.018,0.121,0.689,5.071,11.187,4.27e-4,0,0.414,0.875,0.462,0.693,869.613,0.001,335.371,0.079,6.4,32.17
20.383,14.948,2643.121,456.9,0.262,0.003,58.206,43.168,0,0.534,0.395,0.018,0.121,0.687,4.978,10.993,-4.055e-4,0,0.408,0.875,0.467,0.703,869.62,0.001,335.371,0.079,6.4,32.17
20.386,14.721,2643.121,456.9,0.262,0.003,58.251,43.168,0,0.534,0.395,0.018,0.121,0.686,4.884,10.796,5.059e-5,0,0.403,0.875,0.472,0.713,869.628,0.001,335.372,0.079,6.4,32.17
20.389,14.489,2643.121,456.9,0.262,0.003,58.297,43.168,0,0.534,0.395,0.018,0.121,0.684,4.789,10.596,-1.446e-5,0,0.398,0.875,0.477,0.724,869.636,0.001,335.372,0.079,6.4,32.17
20.392,14.254,2643.121,456.9,0.262,0.003,58.344,43.168,0,0.534,0.395,0.018,0.121,0.683,4.692,10.394,-3.938e-4,0,0.393,0.875,0.483,0.734,869.644,0.001,335.372,0.079,6.4,32.17
20.395,14.014,2643.121,456.9,0.262,0.003,58.393,43.168,0,0.534,0.395,0.018,0.121,0.681,4.595,10.189,6.594e-5,0,0.388,0.875,0.488,0.744,869.651,0.001,335.373,0.079,6.4,32.17
20.398,13.771,2643.121,456.9,0.262,0.003,58.443,43.168,0,0.534,0.395,0.018,0.121,0.679,4.497,9.979,3.628e-4,0,0.383,0.875,0.493,0.754,869.659,0.001,335.373,0.079,6.4,32.17
20.4,13.523,2643.121,456.9,0.262,0.003,58.494,43.168,0,0.534,0.395,0.018,0.121,0.676,4.398,9.768,-1.81e-4,0,0.377,0.875,0.498,0.764,869.667,0.001,335.373,0.079,6.4,32.17
20.403,13.271,2643.121,456.9,0.262,0.003,58.547,43.168,0,0.534,0.395,0.018,0.121,0.674,4.297,9.553,5.059e-6,0,0.372,0.875,0.503,0.774,869.676,0.001,335.373,0.079,6.4,32.17
20.406,13.014,2643.121,456.9,0.262,0.003,58.602,43.168,0,0.534,0.395,0.018,0.121,0.671,4.195,9.335,2.22e-4,0,0.367,0.875,0.508,0.783,869.684,0.001,335.374,0.08,6.4,32.17
20.41,12.753,2643.121,456.9,0.262,0.003,58.658,43.168,0,0.534,0.395,0.018,0.121,0.669,4.093,9.113,-9.549e-5,0,0.362,0.875,0.513,0.793,869.692,0.001,335.374,0.08,6.4,32.17
20.413,12.488,2643.121,456.9,0.262,0.003,58.716,43.168,0,0.534,0.395,0.018,0.121,0.666,3.989,8.889,-4.414e-4,0,0.357,0.875,0.518,0.803,869.701,0.001,335.374,0.08,6.4,32.17
20.416,12.217,2643.121,456.9,0.262,0.003,58.776,43.168,0,0.534,0.395,0.018,0.121,0.663,3.884,8.661,9.729e-5,0,0.352,0.875,0.523,0.813,869.709,0.001,335.375,0.08,6.4,32.17
20.419,11.943,2643.121,456.9,0.262,0.003,58.837,43.168,0,0.534,0.395,0.018,0.121,0.66,3.779,8.43,-3.128e-4,0,0.347,0.875,0.529,0.822,869.718,0.001,335.375,0.08,6.4,32.17
20.422,11.663,2643.121,456.9,0.262,0.003,58.9,43.168,0,0.534,0.395,0.018,0.121,0.656,3.672,8.195,4.692e-4,0,0.342,0.875,0.534,0.832,869.727,0.001,335.375,0.08,6.4,32.17
20.425,11.379,2643.121,456.9,0.262,0.003,58.966,43.168,0,0.534,0.395,0.018,0.121,0.653,3.564,7.957,-2.328e-4,0,0.337,0.875,0.539,0.841,869.736,0.001,335.376,0.08,6.4,32.17
20.429,11.089,2643.121,456.9,0.262,0.003,59.033,43.168,0,0.534,0.395,0.018,0.121,0.649,3.455,7.716,-3.525e-4,0,0.332,0.875,0.544,0.85,869.745,0.001,335.376,0.08,6.4,32.17
20.432,10.795,2643.121,456.9,0.262,0.003,59.102,43.168,0,0.534,0.395,0.018,0.121,0.645,3.346,7.471,-5.773e-5,0,0.327,0.875,0.548,0.86,869.754,0.001,335.376,0.08,6.4,32.17
20.435,10.495,2643.121,456.9,0.262,0.003,59.174,43.168,0,0.534,0.395,0.018,0.121,0.641,3.235,7.223,1.005e-4,0,0.322,0.875,0.553,0.868,869.764,0.001,335.377,0.08,6.4,32.17
20.439,10.19,2643.121,456.9,0.262,0.003,59.247,43.168,0,0.534,0.395,0.018,0.121,0.637,3.124,6.971,4.799e-4,0,0.317,0.875,0.558,0.877,869.773,0.001,335.377,0.08,6.4,32.17
20.442,9.88,2643.121,456.9,0.262,0.003,59.324,43.168,0,0.534,0.395,0.018,0.121,0.633,3.011,6.716,-5.721e-5,0,0.312,0.875,0.563,0.886,869.783,0.001,335.377,0.08,6.4,32.17
20.446,9.565,2643.121,456.9,0.262,0.003,59.402,43.168,0,0.534,0.395,0.018,0.121,0.629,2.898,6.457,-1.311e-4,0,0.307,0.875,0.568,0.894,869.793,0.001,335.378,0.081,6.4,32.17
20.449,9.244,2643.121,456.9,0.262,0.003,59.483,43.168,0,0.534,0.395,0.018,0.121,0.624,2.784,6.195,-5.093e-5,0,0.303,0.875,0.573,0.902,869.803,0.001,335.378,0.081,6.4,32.17
20.453,8.924,2643.121,456.9,0.262,0.003,59.565,43.168,0,0.534,0.395,0.018,0.121,0.62,2.671,5.934,3.731e-4,0,0.298,0.875,0.578,0.91,869.813,0.001,335.378,0.081,6.4,32.17
20.457,8.599,2643.121,456.9,0.262,0.003,59.65,43.168,0,0.534,0.395,0.018,0.121,0.615,2.558,5.67,2.739e-4,0,0.293,0.875,0.583,0.918,869.823,0.001,335.379,0.081,6.4,32.17
20.46,8.269,2643.121,456.9,0.262,0.003,59.737,43.168,0,0.534,0.395,0.018,0.121,0.611,2.444,5.403,-4.571e-4,0,0.288,0.875,0.587,0.925,869.833,0.001,335.379,0.081,6.4,32.17
20.464,7.933,2643.121,456.9,0.262,0.003,59.827,43.168,0,0.534,0.395,0.018,0.121,0.606,2.329,5.132,3.788e-4,0,0.283,0.875,0.592,0.932,869.844,0.001,335.38,0.081,6.4,32.17
20.468,7.591,2643.121,456.9,0.262,0.003,59.921,43.168,0,0.534,0.395,0.018,0.121,0.601,2.214,4.857,1.832e-4,0,0.279,0.876,0.597,0.938,869.854,0.001,335.38,0.081,6.4,32.17
20.472,7.243,2643.121,456.9,0.262,0.003,60.017,43.168,0,0.534,0.395,0.018,0.121,0.596,2.098,4.579,-3.332e-4,0,0.274,0.876,0.601,0.945,869.865,0.001,335.38,0.081,6.4,32.17
20.476,6.89,2643.121,456.9,0.262,0.003,60.117,43.168,0,0.534,0.395,0.018,0.121,0.591,1.982,4.297,2.787e-4,0,0.269,0.876,0.606,0.95,869.876,0.001,335.381,0.081,6.4,32.17
20.48,6.53,2643.121,456.9,0.262,0.003,60.22,43.168,0,0.534,0.395,0.018,0.121,0.586,1.864,4.012,3.232e-4,0,0.265,0.876,0.611,0.956,869.887,0.001,335.381,0.081,6.4,32.17
20.484,6.164,2643.121,456.9,0.262,0.003,60.327,43.168,0,0.534,0.395,0.018,0.121,0.582,1.747,3.722,3.76e-4,0,0.26,0.876,0.615,0.961,869.899,0.001,335.382,0.082,6.4,32.17
20.488,5.791,2643.121,456.9,0.262,0.003,60.437,43.168,0,0.534,0.395,0.018,0.121,0.577,1.629,3.43,-1.357e-4,0,0.256,0.876,0.62,0.965,869.91,0.001,335.382,0.082,6.4,32.17
20.492,5.413,2643.121,456.9,0.262,0.003,60.551,43.168,0,0.534,0.395,0.018,0.121,0.572,1.51,3.133,-7.689e-5,0,0.251,0.876,0.625,0.969,869.922,0.001,335.383,0.082,6.4,32.17
20.496,5.028,2643.121,456.9,0.262,0.003,60.67,43.168,0,0.534,0.395,0.018,0.121,0.568,1.392,2.833,-1.079e-4,0,0.246,0.876,0.629,0.973,869.934,0.001,335.383,0.082,6.4,32.17
20.5,4.636,2643.121,456.9,0.262,0.003,60.792,43.168,0,0.534,0.395,0.018,0.121,0.563,1.273,2.529,6.536e-5,0,0.242,0.876,0.634,0.976,869.946,0.001,335.383,0.082,6.4,32.17
20.505,4.234,2643.121,456.9,0.262,0.003,60.921,43.168,0,0.534,0.395,0.018,0.121,0.559,1.152,2.219,-4.427e-4,0,0.237,0.876,0.638,0.978,869.959,0.001,335.384,0.082,6.4,32.17
20.509,3.826,2643.121,456.9,0.262,0.003,61.054,43.168,0,0.534,0.395,0.018,0.121,0.554,1.032,1.905,3.991e-4,0,0.233,0.876,0.643,0.98,869.971,0.001,335.384,0.082,6.4,32.17
20.514,3.411,2643.121,456.9,0.262,0.003,61.191,43.168,0,0.534,0.395,0.018,0.121,0.551,0.912,1.587,2.279e-4,0,0.229,0.876,0.647,0.981,869.984,0.001,335.385,0.082,6.4,32.17
20.518,2.989,2643.121,456.9,0.262,0.003,61.334,43.168,0,0.534,0.395,0.018,0.121,0.547,0.792,1.266,1.82e-4,0,0.224,0.876,0.651,0.981,869.997,0.001,335.385,0.083,6.4,32.17
20.523,2.56,2643.121,456.9,0.262,0.003,61.482,43.168,0,0.534,0.395,0.018,0.121,0.544,0.672,0.942,-1.338e-4,0,0.22,0.876,0.656,0.98,870.01,0.001,335.386,0.083,6.4,32.17
20.528,2.125,2643.121,456.9,0.262,0.003,61.636,43.168,0,0.534,0.395,0.018,0.121,0.541,0.552,0.614,-4.999e-4,0,0.215,0.876,0.66,0.979,870.024,0.001,335.386,0.083,6.4,32.17
20.533,1.683,2643.121,456.9,0.262,0.003,61.796,43.168,0,0.534,0.395,0.018,0.121,0.538,0.433,0.282,-3.881e-4,0,0.211,0.876,0.664,0.977,870.038,0.001,335.387,0.083,6.4,32.17
20.537,1.234,2643.121,456.9,0.262,0.003,61.961,43.168,0,0.534,0.395,0.018,0.121,0.536,0.314,-0.052,-1.073e-4,0,0.207,0.876,0.669,0.974,870.052,0.001,335.387,0.083,6.4,32.17
20.542,0.779,2643.121,456.9,0.262,0.003,62.134,43.168,0,0.534,0.395,0.018,0.121,0.535,0.196,-0.388,7.261e-5,0,0.203,0.876,0.673,0.969,870.066,0.001,335.388,0.083,6.4,32.17
20.547,0.319,2643.121,456.9,0.262,0.003,62.313,43.168,0,0.534,0.395,0.018,0.121,0.534,0.079,-0.536,-6.645e-5,0,0.198,0.876,0.677,0.773,870.081,0.001,335.388,0.083,6.4,32.17
20.553,0.177,2643.121,456.9,0.262,0.003,62.359,43.168,0,0.534,0.395,0.018,0.121,0.534,0.044,0.559,-1.788e-4,0,0.194,0.876,0.681,-0.427,870.096,0.001,335.389,0.083,6.4,32.17
20.558,0.671,2643.121,456.9,0.262,0.003,62.171,43.168,0,0.534,0.395,0.018,0.121,0.535,0.169,1.434,2.693e-4,0,0.19,0.876,0.685,-0.934,870.111,0.001,335.39,0.084,6.4,32.17
20.563,1.178,2643.121,456.9,0.262,0.003,61.979,43.168,0,0.534,0.395,0.018,0.121,0.536,0.299,1.814,-3.996e-4,0,0.186,0.876,0.69,-0.933,870.126,0.001,335.39,0.084,6.4,32.17
20.569,1.692,2643.121,456.9,0.262,0.003,61.789,43.168,0,0.534,0.395,0.018,0.121,0.538,0.435,2.193,-3.849e-4,0,0.182,0.876,0.694,-0.926,870.142,0.001,335.391,0.084,6.4,32.17
20.574,2.213,2643.121,456.9,0.262,0.003,61.602,43.168,0,0.534,0.395,0.018,0.121,0.541,0.576,2.575,-2.655e-4,0,0.178,0.876,0.698,-0.916,870.158,0.001,335.391,0.084,6.4,32.17
20.58,2.74,2643.121,456.9,0.262,0.003,61.417,43.168,0,0.534,0.395,0.018,0.121,0.545,0.722,2.962,2.073e-4,0,0.174,0.876,0.702,-0.904,870.175,0.001,335.392,0.084,6.4,32.17
20.586,3.274,2643.121,456.9,0.262,0.003,61.234,43.168,0,0.534,0.395,0.018,0.121,0.549,0.873,3.354,2.475e-4,0,0.17,0.876,0.706,-0.891,870.191,0.001,335.393,0.084,6.4,32.17
20.591,3.813,2643.121,456.9,0.262,0.003,61.054,43.168,0,0.534,0.395,0.018,0.121,0.554,1.028,3.75,2.126e-4,0,0.166,0.876,0.71,-0.876,870.209,0.001,335.393,0.085,6.4,32.17
20.597,4.357,2643.121,456.9,0.262,0.003,60.877,43.168,0,0.534,0.395,0.018,0.121,0.56,1.189,4.149,1.891e-4,0,0.162,0.876,0.714,-0.859,870.226,0.001,335.394,0.085,6.4,32.17
20.603,4.894,2643.121,456.9,0.262,0.003,60.707,43.168,0,0.534,0.395,0.018,0.121,0.566,1.351,4.543,-4.048e-4,0,0.158,0.876,0.717,-0.841,870.244,0.001,335.394,0.085,6.4,32.17
20.61,5.425,2643.121,456.9,0.262,0.003,60.543,43.168,0,0.534,0.395,0.018,0.121,0.572,1.514,4.933,-3.329e-4,0,0.154,0.876,0.721,-0.822,870.262,0.001,335.395,0.085,6.4,32.17
20.616,5.96,2643.121,456.9,0.262,0.003,60.382,43.168,0,0.534,0.395,0.018,0.121,0.579,1.682,5.325,-6.013e-5,0,0.151,0.876,0.725,-0.802,870.281,0.001,335.396,0.085,6.4,32.17
20.623,6.498,2643.121,456.9,0.262,0.003,60.224,43.168,0,0.534,0.395,0.018,0.121,0.586,1.854,5.721,8.716e-5,0,0.147,0.876,0.729,-0.779,870.3,0.001,335.397,0.085,6.4,32.17
20.629,7.039,2643.121,456.9,0.262,0.003,60.069,43.168,0,0.534,0.395,0.018,0.121,0.594,2.03,6.118,-2.669e-4,0,0.143,0.876,0.732,-0.756,870.32,0.001,335.397,0.086,6.4,32.17
20.636,7.581,2643.121,456.9,0.262,0.003,59.917,43.168,0,0.534,0.395,0.018,0.121,0.601,2.211,6.516,9.936e-5,0,0.14,0.876,0.736,-0.73,870.34,0.001,335.398,0.086,6.4,32.17
20.643,8.125,2643.121,456.9,0.262,0.003,59.77,43.168,0,0.534,0.395,0.018,0.121,0.609,2.395,6.915,-3.994e-4,0,0.136,0.876,0.74,-0.704,870.361,0.001,335.399,0.086,6.4,32.17
20.65,8.668,2643.121,456.9,0.262,0.003,59.625,43.168,0,0.534,0.395,0.018,0.121,0.616,2.582,7.314,-2.479e-4,0,0.133,0.876,0.743,-0.675,870.382,0.001,335.4,0.086,6.4,32.17
20.657,9.206,2643.121,456.9,0.262,0.003,59.486,43.168,0,0.534,0.395,0.018,0.121,0.624,2.77,7.709,1.973e-6,0,0.129,0.876,0.747,-0.645,870.403,0.001,335.4,0.086,6.4,32.17
20.665,9.742,2643.121,456.9,0.262,0.003,59.351,43.168,0,0.534,0.395,0.018,0.121,0.632,2.961,8.102,3.526e-4,0,0.126,0.876,0.75,-0.614,870.426,0.001,335.401,0.087,6.4,32.17
20.672,10.274,2643.121,456.9,0.262,0.003,59.22,43.168,0,0.534,0.395,0.018,0.121,0.639,3.154,8.493,-1.174e-4,0,0.122,0.876,0.753,-0.582,870.448,0.001,335.402,0.087,6.4,32.17
20.68,10.801,2643.121,456.9,0.262,0.003,59.093,43.168,0,0.534,0.395,0.019,0.121,0.646,3.348,8.88,-4.651e-4,0,0.119,0.876,0.757,-0.548,870.472,0.001,335.403,0.087,6.4,32.17
20.688,11.323,2643.121,456.9,0.262,0.003,58.971,43.168,0,0.534,0.395,0.019,0.121,0.653,3.543,9.262,-2.177e-4,0,0.116,0.876,0.76,-0.513,870.495,0.001,335.404,0.087,6.4,32.17
20.696,11.836,2643.121,456.9,0.262,0.003,58.853,43.168,0,0.534,0.395,0.019,0.121,0.659,3.738,9.638,3.472e-5,0,0.112,0.876,0.763,-0.478,870.52,0.001,335.405,0.087,6.4,32.17
20.704,12.334,2643.121,456.9,0.262,0.003,58.742,43.168,0,0.534,0.395,0.019,0.121,0.665,3.929,10.003,-9.861e-5,0,0.109,0.876,0.766,-0.441,870.545,0.001,335.406,0.088,6.4,32.17
20.712,12.812,2643.121,456.9,0.262,0.003,58.637,43.168,0,0.534,0.395,0.019,0.121,0.67,4.116,10.353,-3.29e-4,0,0.106,0.876,0.769,-0.404,870.571,0.001,335.407,0.088,6.4,32.17
20.721,13.277,2643.121,456.9,0.262,0.003,58.537,43.168,0,0.534,0.395,0.019,0.121,0.675,4.299,10.692,-3.767e-4,0,0.103,0.876,0.772,-0.367,870.597,0.001,335.408,0.088,6.4,32.17
20.73,13.726,2643.121,456.9,0.262,0.003,58.443,43.168,0,0.534,0.395,0.019,0.121,0.679,4.479,11.019,3.503e-5,0,0.1,0.876,0.775,-0.33,870.624,0.001,335.409,0.088,6.4,32.17
20.739,14.156,2643.121,456.9,0.262,0.003,58.355,43.168,0,0.534,0.395,0.019,0.121,0.682,4.653,11.333,-5.549e-6,0,0.097,0.876,0.778,-0.292,870.652,0.001,335.41,0.088,6.4,32.17
20.748,14.565,2643.121,456.9,0.262,0.003,58.272,43.168,0,0.534,0.395,0.019,0.121,0.685,4.819,11.629,3.863e-4,0,0.094,0.876,0.781,-0.255,870.681,0.001,335.411,0.089,6.4,32.17
20.758,14.959,2643.121,456.9,0.262,0.003,58.194,43.168,0,0.534,0.395,0.019,0.121,0.688,4.982,11.916,-3.385e-4,0,0.092,0.876,0.784,-0.219,870.71,0.001,335.412,0.089,6.4,32.17
20.768,15.327,2643.121,456.9,0.262,0.003,58.122,43.168,0,0.534,0.395,0.019,0.121,0.69,5.135,12.183,2.552e-4,0,0.089,0.876,0.787,-0.184,870.741,0.001,335.413,0.089,6.4,32.17
20.778,15.663,2643.121,456.9,0.262,0.003,58.058,43.168,0,0.534,0.395,0.019,0.121,0.692,5.276,12.426,-2.35e-4,0,0.086,0.876,0.79,-0.15,870.772,0.001,335.414,0.089,6.4,32.17
20.788,15.963,2643.121,456.9,0.262,0.003,58.001,43.168,0,0.534,0.395,0.019,0.121,0.693,5.403,12.642,2.536e-4,0,0.083,0.876,0.792,-0.118,870.804,0.001,335.415,0.09,6.4,32.17
20.799,16.224,2643.121,456.9,0.262,0.003,57.952,43.168,0,0.534,0.395,0.019,0.121,0.693,5.515,12.829,2.902e-4,0,0.081,0.876,0.795,-0.089,870.837,0.001,335.416,0.09,6.4,32.17
20.81,16.455,2643.121,456.9,0.262,0.003,57.91,43.168,0,0.534,0.395,0.019,0.121,0.694,5.613,12.993,-4.088e-4,0,0.078,0.876,0.798,-0.063,870.871,0.001,335.418,0.09,6.4,32.17
20.821,16.637,2643.121,456.9,0.262,0.003,57.877,43.168,0,0.534,0.395,0.019,0.121,0.694,5.692,13.122,3.758e-4,0,0.076,0.876,0.8,-0.041,870.906,0.001,335.419,0.091,6.4,32.17
20.832,16.765,2643.121,456.9,0.262,0.003,57.854,43.168,0,0.534,0.395,0.019,0.121,0.694,5.747,13.21,-2.004e-4,0,0.073,0.876,0.803,-0.023,870.942,0.001,335.42,0.091,6.4,32.17
20.844,16.832,2643.121,456.9,0.262,0.003,57.841,43.168,0,0.534,0.395,0.019,0.121,0.694,5.776,13.252,7.804e-5,0,0.071,0.876,0.805,-0.009,870.979,0.001,335.422,0.091,6.4,32.17
20.856,16.839,2643.121,456.9,0.262,0.003,57.84,43.168,0,0.534,0.395,0.019,0.121,0.695,5.779,13.251,1.641e-4,0,0.068,0.876,0.807,-0.002,871.018,0.001,335.423,0.091,6.4,32.17
20.868,16.778,2643.121,456.9,0.262,0.003,57.851,43.168,0,0.534,0.395,0.019,0.121,0.694,5.752,13.197,9.351e-5,0,0.066,0.876,0.81,2.25e-4,871.057,0.001,335.425,0.092,6.4,32.17
20.881,16.638,2643.121,456.9,0.262,0.003,57.877,43.168,0,0.534,0.395,0.019,0.121,0.694,5.692,13.077,3.607e-4,0,0.064,0.876,0.812,0.005,871.098,0.001,335.426,0.092,6.4,32.17
20.894,16.413,2643.121,456.9,0.262,0.003,57.918,43.168,0,0.534,0.395,0.019,0.121,0.694,5.595,12.878,-6.209e-5,0,0.062,0.876,0.814,0.018,871.14,0.001,335.428,0.092,6.4,32.17
20.908,16.098,2643.121,456.9,0.262,0.003,57.976,43.168,0,0.534,0.395,0.019,0.121,0.693,5.461,12.599,-1.978e-4,0,0.06,0.876,0.816,0.037,871.183,0.001,335.429,0.093,6.4,32.17
20.921,15.691,2643.121,456.9,0.262,0.003,58.053,43.168,0,0.534,0.395,0.019,0.121,0.692,5.288,12.237,8.228e-5,0,0.058,0.876,0.818,0.063,871.227,0.001,335.431,0.093,6.4,32.17
20.935,15.184,2643.121,456.9,0.262,0.003,58.151,43.168,0,0.534,0.395,0.019,0.121,0.69,5.076,11.787,1.897e-4,0,0.056,0.876,0.82,0.096,871.273,0.001,335.433,0.093,6.4,32.17
20.95,14.572,2643.121,456.9,0.262,0.003,58.271,43.168,0,0.534,0.394,0.019,0.121,0.686,4.823,11.246,-4.538e-4,0,0.055,0.876,0.821,0.136,871.32,0.001,335.434,0.094,6.4,32.17
20.965,13.848,2643.121,456.9,0.262,0.003,58.419,43.168,0,0.534,0.394,0.019,0.121,0.68,4.528,10.611,-2.279e-4,0,0.053,0.876,0.823,0.179,871.369,0.001,335.436,0.094,6.4,32.17
20.98,13.027,2643.121,456.9,0.262,0.003,58.592,43.168,0,0.534,0.394,0.019,0.121,0.673,4.201,9.896,4.478e-4,0,0.052,0.876,0.824,0.227,871.419,0.001,335.438,0.094,6.4,32.17
20.995,12.111,2643.121,456.9,0.262,0.003,58.793,43.168,0,0.534,0.394,0.019,0.121,0.663,3.843,9.107,-1.878e-4,0,0.051,0.876,0.825,0.276,871.47,0.001,335.44,0.095,6.4,32.17
21.011,11.103,2643.121,456.9,0.262,0.003,59.024,43.168,0,0.534,0.394,0.019,0.121,0.65,3.461,8.243,1.137e-5,0,0.049,0.876,0.827,0.331,871.521,0.001,335.442,0.095,6.4,32.17
21.027,9.991,2643.121,456.9,0.262,0.003,59.291,43.168,0,0.535,0.394,0.019,0.121,0.636,3.051,7.299,-2.398e-4,0,0.048,0.876,0.828,0.388,871.575,0.001,335.444,0.096,6.4,32.17
21.043,8.774,2643.121,456.9,0.262,0.003,59.6,43.168,0,0.535,0.394,0.019,0.121,0.619,2.619,6.281,-4.687e-4,0,0.046,0.876,0.829,0.444,871.629,0.001,335.446,0.096,6.4,32.17
21.059,7.471,2643.121,456.9,0.262,0.003,59.951,43.168,0,0.535,0.394,0.019,0.121,0.6,2.174,5.21,-3.666e-4,0,0.046,0.876,0.83,0.491,871.685,0.001,335.448,0.096,6.4,32.17
21.076,6.104,2643.121,456.9,0.262,0.003,60.343,43.168,0,0.535,0.394,0.019,0.121,0.582,1.728,4.108,-2.067e-4,0,0.045,0.876,0.831,0.529,871.741,0.001,335.45,0.097,6.4,32.17
21.093,4.685,2643.121,456.9,0.262,0.003,60.778,43.168,0,0.535,0.394,0.019,0.121,0.564,1.288,2.985,1.041e-4,0,0.044,0.876,0.832,0.559,871.799,0.001,335.452,0.097,6.4,32.17
21.11,3.235,2643.121,456.9,0.262,0.003,61.253,43.168,0,0.535,0.394,0.019,0.121,0.55,0.862,1.857,4.533e-4,0,0.043,0.876,0.832,0.578,871.857,0.001,335.454,0.098,6.4,32.17
21.127,1.77,2643.121,456.9,0.262,0.003,61.768,43.168,0,0.535,0.394,0.019,0.121,0.54,0.456,0.741,-2.062e-4,0,0.043,0.876,0.833,0.585,871.916,0.001,335.456,0.098,6.4,32.17
21.144,0.302,2643.121,456.9,0.262,0.003,62.324,43.168,0,0.535,0.394,0.019,0.121,0.535,0.075,-0.352,-1.28e-4,0,0.042,0.876,0.833,0.577,871.975,0.001,335.459,0.099,6.4,32.17
21.161,1.198,2643.121,456.9,0.262,0.003,61.979,43.168,0,0.535,0.394,0.019,0.121,0.537,0.305,1.466,2.744e-4,0,0.042,0.876,0.834,-0.57,872.034,0.001,335.461,0.099,6.4,32.17
21.179,2.708,2643.121,456.9,0.262,0.003,61.437,43.168,0,0.535,0.394,0.019,0.121,0.546,0.713,2.586,-9.208e-5,0,0.041,0.876,0.835,-0.552,872.094,0.001,335.463,0.1,6.4,32.17
21.196,4.2,2643.121,456.9,0.262,0.003,60.938,43.168,0,0.535,0.394,0.019,0.121,0.559,1.142,3.695,2.765e-4,0,0.04,0.876,0.836,-0.523,872.155,0.001,335.465,0.1,6.4,32.17
21.214,5.611,2643.121,456.9,0.262,0.003,60.498,43.168,0,0.535,0.394,0.019,0.121,0.576,1.573,4.741,1.665e-4,0,0.04,0.876,0.836,-0.482,872.217,0.001,335.468,0.101,6.4,32.17
21.231,6.948,2643.121,456.9,0.262,0.003,60.108,43.168,0,0.535,0.394,0.019,0.121,0.593,2.001,5.729,-3.946e-4,0,0.039,0.876,0.837,-0.433,872.279,0.001,335.47,0.101,6.4,32.17
21.249,8.206,2643.121,456.9,0.262,0.003,59.762,43.168,0,0.535,0.394,0.019,0.121,0.611,2.423,6.66,2.065e-4,0,0.039,0.876,0.837,-0.378,872.342,0.001,335.472,0.101,6.4,32.17
21.266,9.39,2643.121,456.9,0.262,0.003,59.455,43.168,0,0.535,0.394,0.019,0.121,0.628,2.836,7.538,2.629e-4,0,0.038,0.876,0.838,-0.32,872.405,0.001,335.474,0.102,6.4,32.17
21.284,10.473,2643.121,456.9,0.262,0.003,59.188,43.168,0,0.535,0.394,0.019,0.121,0.643,3.228,8.341,2.038e-4,0,0.038,0.876,0.838,-0.261,872.469,0.001,335.477,0.102,6.4,32.17
21.301,11.387,2643.121,456.9,0.262,0.003,58.973,43.168,0,0.535,0.394,0.019,0.121,0.655,3.568,9.018,2.773e-4,0,0.037,0.876,0.839,-0.205,872.53,0.001,335.479,0.103,6.4,32.17
21.317,12.084,2643.121,456.9,0.262,0.003,58.814,43.168,0,0.535,0.394,0.019,0.121,0.663,3.834,9.531,-4.284e-4,0,0.037,0.876,0.839,-0.157,872.585,0.001,335.481,0.103,6.4,32.17
21.331,12.641,2643.121,456.9,0.262,0.003,58.692,43.168,0,0.535,0.394,0.019,0.121,0.669,4.05,9.941,-2.604e-4,0,0.036,0.876,0.84,-0.116,872.637,0.001,335.483,0.104,6.4,32.17
21.345,13.081,2643.121,456.9,0.262,0.003,58.597,43.168,0,0.535,0.394,0.019,0.121,0.674,4.223,10.263,3.813e-5,0,0.036,0.876,0.84,-0.082,872.687,0.001,335.485,0.104,6.4,32.17
21.358,13.433,2643.121,456.9,0.262,0.003,58.522,43.168,0,0.535,0.394,0.019,0.121,0.677,4.363,10.521,-4.527e-4,0,0.035,0.876,0.841,-0.054,872.735,0.001,335.487,0.104,6.4,32.17
21.37,13.703,2643.121,456.9,0.262,0.003,58.465,43.168,0,0.535,0.394,0.019,0.121,0.68,4.471,10.719,-3.189e-4,0,0.035,0.876,0.841,-0.032,872.782,0.001,335.488,0.105,6.4,32.17
21.383,13.889,2643.121,456.9,0.262,0.003,58.427,43.168,0,0.535,0.394,0.019,0.121,0.682,4.546,10.854,3.547e-4,0,0.034,0.876,0.842,-0.016,872.828,0.001,335.49,0.105,6.4,32.17
21.395,13.994,2643.121,456.9,0.262,0.003,58.405,43.168,0,0.535,0.394,0.019,0.121,0.682,4.588,10.929,4.195e-4,0,0.034,0.876,0.842,-0.005,872.874,0.001,335.492,0.105,6.4,32.17
21.408,14.008,2643.121,456.9,0.262,0.003,58.402,43.168,0,0.535,0.394,0.019,0.121,0.683,4.594,10.935,2.31e-4,0,0.034,0.876,0.843,-3.245e-4,872.919,0.001,335.494,0.105,6.4,32.17
21.42,13.934,2643.121,456.9,0.262,0.003,58.417,43.168,0,0.535,0.394,0.019,0.121,0.682,4.564,10.874,4.62e-4,0,0.033,0.876,0.843,0.001,872.966,0.001,335.495,0.106,6.4,32.17
21.433,13.778,2643.121,456.9,0.262,0.003,58.448,43.168,0,0.535,0.394,0.019,0.121,0.681,4.501,10.739,-4.756e-4,0,0.033,0.876,0.843,0.008,873.013,0.001,335.497,0.106,6.4,32.17
21.446,13.534,2643.121,456.9,0.262,0.003,58.499,43.168,0,0.535,0.394,0.019,0.121,0.679,4.403,10.527,2.129e-4,0,0.033,0.876,0.844,0.021,873.061,0.001,335.499,0.106,6.4,32.17
21.459,13.188,2643.121,456.9,0.262,0.003,58.571,43.168,0,0.535,0.394,0.019,0.121,0.675,4.265,10.225,4.342e-4,0,0.032,0.876,0.844,0.04,873.111,0.001,335.501,0.107,6.4,32.17
21.473,12.728,2643.121,456.9,0.262,0.003,58.669,43.168,0,0.535,0.394,0.019,0.121,0.671,4.084,9.825,1.345e-4,0,0.032,0.876,0.844,0.066,873.164,0.001,335.503,0.107,6.4,32.17
21.488,12.136,2643.121,456.9,0.262,0.003,58.799,43.168,0,0.535,0.394,0.019,0.122,0.664,3.854,9.313,-2.109e-4,0,0.032,0.876,0.844,0.099,873.22,0.001,335.505,0.108,6.4,32.17
21.505,11.405,2643.121,456.9,0.262,0.003,58.964,43.168,0,0.535,0.394,0.019,0.122,0.655,3.575,8.684,6.705e-5,0,0.031,0.876,0.845,0.14,873.282,0.001,335.507,0.108,6.4,32.17
21.523,10.528,2643.121,456.9,0.262,0.003,59.169,43.168,0,0.535,0.394,0.019,0.122,0.644,3.248,7.933,-4.663e-4,0,0.031,0.876,0.845,0.189,873.351,0.001,335.51,0.108,6.4,32.17
21.542,9.451,2643.121,456.9,0.262,0.003,59.433,43.168,0,0.535,0.394,0.02,0.122,0.629,2.858,7.02,-4.944e-4,0,0.031,0.876,0.846,0.243,873.425,0.001,335.512,0.109,6.4,32.17
21.562,8.183,2643.121,456.9,0.262,0.003,59.761,43.168,0,0.535,0.394,0.02,0.122,0.611,2.415,5.966,4.202e-4,0,0.03,0.876,0.846,0.296,873.499,0.001,335.515,0.109,6.4,32.17
21.581,6.773,2643.121,456.9,0.262,0.003,60.15,43.168,0,0.536,0.394,0.02,0.122,0.592,1.944,4.816,3.335e-4,0,0.03,0.876,0.846,0.343,873.574,0.001,335.518,0.11,6.4,32.17
21.601,5.292,2643.121,456.9,0.262,0.003,60.587,43.168,0,0.536,0.394,0.02,0.122,0.573,1.473,3.629,4.093e-4,0,0.03,0.876,0.846,0.381,873.649,0.001,335.521,0.11,6.4,32.17
21.62,3.815,2643.121,456.9,0.262,0.003,61.055,43.168,0,0.536,0.394,0.02,0.122,0.556,1.029,2.47,-4.864e-4,0,0.03,0.876,0.846,0.406,873.723,0.001,335.523,0.111,6.4,32.17
21.639,2.319,2643.121,456.9,0.262,0.003,61.563,43.168,0,0.536,0.394,0.02,0.122,0.544,0.605,1.335,2.763e-4,0,0.03,0.876,0.846,0.406,873.798,0.001,335.526,0.111,6.4,32.17
21.658,0.936,2643.121,456.9,0.262,0.003,62.071,43.168,0,0.536,0.394,0.02,0.122,0.537,0.237,0.459,2.356e-4,0,0.03,0.876,0.847,0.24,873.873,0.001,335.529,0.112,6.4,32.17
21.677,1.097,2643.121,456.9,0.262,0.003,62.021,43.168,0,0.536,0.394,0.02,0.122,0.538,0.279,1.091,-7.474e-5,0,0.03,0.876,0.847,-0.271,873.947,0.001,335.532,0.112,6.4,32.17
21.696,2.501,2643.121,456.9,0.262,0.003,61.504,43.168,0,0.536,0.394,0.02,0.122,0.545,0.656,2.263,2.149e-5,0,0.029,0.876,0.847,-0.385,874.022,0.001,335.534,0.113,6.4,32.17
21.715,3.95,2643.121,456.9,0.262,0.003,61.011,43.168,0,0.536,0.394,0.02,0.122,0.558,1.069,3.356,-9.017e-5,0,0.029,0.876,0.847,-0.376,874.097,0.001,335.537,0.113,6.4,32.17
21.734,5.349,2643.121,456.9,0.262,0.003,60.567,43.168,0,0.536,0.394,0.02,0.122,0.574,1.491,4.399,2.872e-4,0,0.029,0.876,0.847,-0.345,874.172,0.001,335.54,0.114,6.4,32.17
21.752,6.671,2643.121,456.9,0.262,0.003,60.175,43.168,0,0.536,0.394,0.02,0.122,0.591,1.911,5.381,-3.387e-4,0,0.029,0.876,0.848,-0.303,874.247,0.001,335.543,0.114,6.4,32.17
21.771,7.909,2643.121,456.9,0.262,0.003,59.83,43.168,0,0.536,0.394,0.02,0.122,0.608,2.322,6.299,-1.386e-4,0,0.028,0.876,0.848,-0.253,874.323,0.001,335.546,0.115,6.4,32.17
21.789,8.945,2643.121,456.9,0.262,0.003,59.556,43.168,0,0.536,0.394,0.02,0.122,0.623,2.679,7.067,-7.668e-5,0,0.028,0.876,0.848,-0.205,874.394,0.001,335.548,0.115,6.4,32.17
21.804,9.752,2643.121,456.9,0.262,0.003,59.352,43.168,0,0.536,0.394,0.02,0.122,0.634,2.966,7.663,-3.816e-5,0,0.028,0.876,0.849,-0.163,874.456,0.001,335.55,0.116,6.4,32.17
21.818,10.389,2643.121,456.9,0.262,0.003,59.196,43.168,0,0.536,0.394,0.02,0.122,0.643,3.197,8.134,-1.057e-4,0,0.027,0.876,0.849,-0.127,874.514,0.001,335.553,0.116,6.4,32.17
21.832,10.908,2643.121,456.9,0.262,0.003,59.072,43.168,0,0.536,0.394,0.02,0.122,0.65,3.389,8.518,1.281e-4,0,0.027,0.876,0.849,-0.095,874.569,0.001,335.555,0.117,6.4,32.17
21.845,11.328,2643.121,456.9,0.262,0.003,58.975,43.168,0,0.536,0.394,0.02,0.122,0.655,3.546,8.827,-4.24e-4,0,0.027,0.876,0.85,-0.068,874.622,0.001,335.557,0.117,6.4,32.17
21.857,11.664,2643.121,456.9,0.262,0.003,58.898,43.168,0,0.536,0.394,0.02,0.122,0.659,3.673,9.075,-3.883e-4,0,0.026,0.876,0.85,-0.045,874.673,0.001,335.558,0.117,6.4,32.17
21.87,11.919,2643.121,456.9,0.262,0.003,58.841,43.168,0,0.536,0.394,0.02,0.122,0.662,3.771,9.262,-1.701e-4,0,0.026,0.876,0.85,-0.027,874.724,0.001,335.56,0.117,6.4,32.17
21.882,12.093,2643.121,456.9,0.262,0.003,58.803,43.168,0,0.536,0.394,0.02,0.122,0.665,3.838,9.388,-2.767e-4,0,0.026,0.876,0.85,-0.013,874.775,0.001,335.562,0.118,6.4,32.17
21.894,12.186,2643.121,456.9,0.262,0.003,58.783,43.168,0,0.536,0.394,0.02,0.122,0.666,3.874,9.455,-3.598e-4,0,0.026,0.876,0.851,-0.004,874.826,0.001,335.564,0.118,6.4,32.17
21.907,12.198,2643.121,456.9,0.262,0.003,58.781,43.168,0,0.536,0.394,0.02,0.122,0.666,3.878,9.462,-3.636e-4,0,0.025,0.876,0.851,-1.06e-4,874.878,0.001,335.566,0.118,6.4,32.17
21.92,12.122,2643.121,456.9,0.262,0.003,58.799,43.168,0,0.536,0.394,0.02,0.122,0.665,3.849,9.399,8.378e-5,0,0.025,0.876,0.851,0.002,874.932,0.001,335.568,0.119,6.4,32.17
21.933,11.946,2643.121,456.9,0.262,0.003,58.84,43.168,0,0.536,0.394,0.02,0.122,0.663,3.782,9.251,1.492e-4,0,0.025,0.876,0.851,0.01,874.987,0.001,335.57,0.119,6.4,32.17
21.947,11.656,2643.121,456.9,0.262,0.003,58.906,43.168,0,0.536,0.394,0.02,0.122,0.659,3.671,9.003,-4.923e-4,0,0.025,0.876,0.852,0.024,875.046,0.001,335.572,0.119,6.4,32.17
21.962,11.231,2643.121,456.9,0.262,0.003,59.006,43.168,0,0.536,0.394,0.02,0.122,0.654,3.51,8.64,-9.798e-5,0,0.025,0.876,0.852,0.046,875.11,0.001,335.575,0.12,6.4,32.17
21.979,10.649,2643.121,456.9,0.262,0.003,59.144,43.168,0,0.536,0.394,0.02,0.122,0.647,3.293,8.146,4.13e-4,0,0.024,0.877,0.852,0.076,875.179,0.001,335.577,0.12,6.4,32.17
21.995,9.955,2643.121,456.9,0.262,0.003,59.314,43.168,0,0.536,0.394,0.02,0.122,0.637,3.039,7.559,-4.47e-4,0,0.024,0.877,0.852,0.109,875.247,0.001,335.58,0.121,6.4,32.17
22.011,9.134,2643.121,456.9,0.262,0.003,59.521,43.168,0,0.536,0.394,0.02,0.122,0.626,2.746,6.871,-4.537e-4,0,0.024,0.877,0.852,0.146,875.316,0.001,335.582,0.121,6.4,32.17
22.028,8.17,2643.121,456.9,0.262,0.003,59.776,43.168,0,0.536,0.394,0.02,0.122,0.612,2.411,6.072,4.1e-4,0,0.024,0.877,0.853,0.186,875.388,0.001,335.585,0.121,6.4,32.17
22.046,7.027,2643.121,456.9,0.262,0.003,60.092,43.168,0,0.536,0.394,0.02,0.122,0.596,2.028,5.136,-3.023e-4,0,0.024,0.877,0.853,0.226,875.466,0.001,335.588,0.122,6.4,32.17
22.066,5.704,2643.121,456.9,0.262,0.003,60.479,43.168,0,0.537,0.394,0.02,0.122,0.579,1.602,4.071,2.017e-5,0,0.024,0.877,0.853,0.263,875.551,0.001,335.591,0.122,6.4,32.17
22.086,4.313,2643.121,456.9,0.262,0.003,60.913,43.168,0,0.537,0.394,0.02,0.122,0.562,1.177,2.972,-2.938e-4,0,0.023,0.877,0.853,0.29,875.636,0.001,335.594,0.123,6.4,32.17
22.106,2.857,2643.121,456.9,0.262,0.003,61.398,43.168,0,0.537,0.394,0.02,0.122,0.549,0.755,1.85,2.161e-4,0,0.023,0.877,0.853,0.3,875.722,0.001,335.597,0.123,6.4,32.17
22.126,1.41,2643.121,456.9,0.262,0.003,61.912,43.168,0,0.537,0.394,0.02,0.122,0.54,0.361,0.824,1.722e-4,0,0.024,0.877,0.853,0.233,875.808,0.001,335.601,0.124,6.4,32.17
22.145,0.915,2643.121,456.9,0.262,0.003,62.083,43.168,0,0.537,0.394,0.02,0.122,0.538,0.231,0.747,1.19e-4,0,0.024,0.877,0.853,-0.064,875.893,0.001,335.604,0.124,6.4,32.17
22.164,2.037,2643.121,456.9,0.262,0.003,61.684,43.168,0,0.537,0.394,0.02,0.122,0.543,0.529,1.8,3.765e-4,0,0.023,0.877,0.853,-0.27,875.978,0.001,335.607,0.125,6.4,32.17
22.184,3.351,2643.121,456.9,0.262,0.003,61.23,43.168,0,0.537,0.394,0.021,0.122,0.553,0.895,2.808,-4.006e-4,0,0.023,0.877,0.853,-0.281,876.062,0.001,335.61,0.125,6.4,32.17
22.203,4.654,2643.121,456.9,0.262,0.003,60.805,43.168,0,0.537,0.394,0.021,0.122,0.566,1.279,3.783,-9.308e-5,0,0.023,0.877,0.854,-0.258,876.147,0.001,335.613,0.126,6.4,32.17
22.222,5.987,2643.121,456.9,0.262,0.003,60.396,43.168,0,0.537,0.394,0.021,0.122,0.583,1.692,4.776,-3.057e-4,0,0.023,0.877,0.854,-0.222,876.233,0.001,335.616,0.126,6.4,32.17
22.241,7.191,2643.121,456.9,0.262,0.003,60.049,43.168,0,0.537,0.394,0.021,0.122,0.599,2.082,5.672,4.916e-4,0,0.023,0.877,0.854,-0.181,876.318,0.001,335.619,0.127,6.4,32.17
22.257,8.067,2643.121,456.9,0.262,0.003,59.807,43.168,0,0.537,0.394,0.021,0.122,0.611,2.377,6.323,4.814e-4,0,0.023,0.877,0.854,-0.144,876.39,0.001,335.622,0.127,6.4,32.17
22.272,8.727,2643.121,456.9,0.262,0.003,59.631,43.168,0,0.537,0.394,0.021,0.122,0.621,2.604,6.81,-4.606e-4,0,0.022,0.877,0.854,-0.111,876.457,0.001,335.625,0.128,6.4,32.17
22.286,9.258,2643.121,456.9,0.262,0.003,59.494,43.168,0,0.537,0.394,0.021,0.122,0.628,2.791,7.2,-8.895e-5,0,0.022,0.877,0.855,-0.082,876.52,0.001,335.627,0.128,6.4,32.17
22.3,9.68,2643.121,456.9,0.262,0.003,59.386,43.168,0,0.537,0.394,0.021,0.122,0.634,2.941,7.509,-1.125e-4,0,0.022,0.877,0.855,-0.056,876.582,0.001,335.629,0.128,6.4,32.17
22.313,10.037,2643.121,456.9,0.262,0.003,59.297,43.168,0,0.537,0.394,0.021,0.122,0.639,3.07,7.771,9.439e-5,0,0.022,0.877,0.855,-0.035,876.643,0.001,335.631,0.129,6.4,32.17
22.327,10.296,2643.121,456.9,0.262,0.003,59.233,43.168,0,0.537,0.394,0.021,0.122,0.643,3.164,7.961,2.559e-4,0,0.022,0.877,0.855,-0.019,876.704,0.001,335.634,0.129,6.4,32.17
22.341,10.457,2643.121,456.9,0.262,0.003,59.193,43.168,0,0.537,0.394,0.021,0.122,0.645,3.223,8.077,-4.511e-4,0,0.021,0.877,0.855,-0.007,876.766,0.001,335.636,0.13,6.4,32.17
22.355,10.506,2643.121,456.9,0.262,0.003,59.18,43.168,0,0.537,0.394,0.021,0.122,0.646,3.241,8.109,-9.126e-5,0,0.021,0.877,0.856,-8.163e-4,876.83,0.001,335.638,0.13,6.4,32.17
22.37,10.42,2643.121,456.9,0.262,0.003,59.2,43.168,0,0.537,0.394,0.021,0.122,0.645,3.21,8.039,-9.891e-5,0,0.021,0.877,0.856,8.681e-4,876.898,0.001,335.641,0.13,6.4,32.17
22.384,10.226,2643.121,456.9,0.262,0.003,59.246,43.168,0,0.537,0.394,0.021,0.122,0.642,3.138,7.877,2.299e-5,0,0.021,0.877,0.856,0.007,876.963,0.001,335.643,0.131,6.4,32.17
22.397,9.938,2643.121,456.9,0.262,0.003,59.315,43.168,0,0.537,0.394,0.021,0.122,0.638,3.034,7.637,-4.542e-4,0,0.02,0.877,0.856,0.018,877.026,0.001,335.646,0.131,6.4,32.17
22.411,9.591,2643.121,456.9,0.262,0.003,59.401,43.168,0,0.537,0.394,0.021,0.122,0.633,2.909,7.345,2.641e-4,0,0.02,0.877,0.857,0.034,877.087,0.001,335.648,0.131,6.4,32.17
22.424,9.162,2643.121,456.9,0.262,0.003,59.509,43.168,0,0.537,0.394,0.021,0.122,0.627,2.757,6.985,-2.368e-4,0,0.02,0.877,0.857,0.053,877.149,0.001,335.65,0.132,6.4,32.17
22.437,8.643,2643.121,456.9,0.262,0.003,59.642,43.168,0,0.537,0.394,0.021,0.122,0.62,2.575,6.552,6.866e-5,0,0.02,0.877,0.857,0.075,877.211,0.001,335.652,0.132,6.4,32.17
22.451,8.019,2643.121,456.9,0.262,0.003,59.807,43.168,0,0.537,0.394,0.021,0.122,0.611,2.36,6.036,-2.081e-4,0,0.02,0.877,0.857,0.1,877.275,0.001,335.655,0.132,6.4,32.17
22.466,7.214,2643.121,456.9,0.262,0.003,60.028,43.168,0,0.537,0.394,0.021,0.122,0.6,2.09,5.379,1.338e-4,0,0.02,0.877,0.857,0.126,877.342,0.001,335.657,0.133,6.4,32.17
22.481,6.253,2643.121,456.9,0.262,0.003,60.303,43.168,0,0.537,0.394,0.021,0.122,0.587,1.777,4.603,3.603e-4,0,0.02,0.877,0.857,0.154,877.416,0.001,335.66,0.133,6.4,32.17
22.5,5.072,2643.121,456.9,0.262,0.003,60.658,43.168,0,0.537,0.394,0.021,0.122,0.572,1.406,3.66,-3.859e-4,0,0.02,0.877,0.857,0.182,877.501,0.001,335.663,0.133,6.4,32.17
22.52,3.745,2643.121,456.9,0.262,0.003,61.083,43.168,0,0.538,0.394,0.021,0.122,0.558,1.009,2.617,1.737e-4,0,0.02,0.877,0.857,0.208,877.596,0.001,335.667,0.134,6.4,32.17
22.54,2.371,2643.121,456.9,0.262,0.003,61.553,43.168,0,0.538,0.394,0.021,0.122,0.546,0.62,1.557,-4.747e-4,0,0.02,0.877,0.857,0.223,877.691,0.001,335.67,0.135,6.4,32.17
22.559,0.986,2643.121,456.9,0.262,0.003,62.062,43.168,0,0.538,0.394,0.021,0.122,0.539,0.25,0.536,-1.408e-4,0,0.02,0.877,0.857,0.202,877.784,0.001,335.674,0.135,6.4,32.17
22.579,0.613,2643.121,456.9,0.262,0.003,62.202,43.168,0,0.538,0.394,0.021,0.122,0.538,0.154,0.628,-1.451e-4,0,0.02,0.877,0.857,-0.171,877.878,0.001,335.677,0.136,6.4,32.17
22.599,1.933,2643.121,456.9,0.262,0.003,61.709,43.168,0,0.538,0.394,0.021,0.122,0.544,0.5,1.668,-1.323e-4,0,0.019,0.877,0.858,-0.218,877.972,0.001,335.681,0.136,6.4,32.17
22.618,3.244,2643.121,456.9,0.262,0.003,61.253,43.168,0,0.538,0.394,0.021,0.122,0.553,0.865,2.642,-1.198e-4,0,0.019,0.877,0.858,-0.199,878.066,0.001,335.684,0.137,6.4,32.17
22.638,4.463,2643.121,456.9,0.262,0.003,60.854,43.168,0,0.538,0.394,0.021,0.122,0.565,1.221,3.546,-1.676e-4,0,0.019,0.877,0.858,-0.171,878.16,0.001,335.688,0.137,6.4,32.17
22.657,5.561,2643.121,456.9,0.262,0.003,60.515,43.168,0,0.538,0.394,0.021,0.122,0.578,1.558,4.36,1.927e-4,0,0.019,0.877,0.858,-0.138,878.255,0.001,335.691,0.138,6.4,32.17
22.677,6.513,2643.121,456.9,0.262,0.003,60.234,43.168,0,0.538,0.394,0.021,0.122,0.591,1.86,5.064,-1.153e-4,0,0.019,0.877,0.858,-0.103,878.35,0.001,335.695,0.138,6.4,32.17
22.695,7.255,2643.121,456.9,0.262,0.003,60.025,43.168,0,0.538,0.394,0.021,0.122,0.601,2.103,5.612,-6.948e-5,0,0.019,0.877,0.859,-0.072,878.44,0.001,335.698,0.139,6.4,32.17
22.713,7.824,2643.121,456.9,0.262,0.003,59.87,43.168,0,0.538,0.394,0.021,0.123,0.609,2.294,6.033,4.272e-4,0,0.018,0.877,0.859,-0.045,878.526,0.001,335.701,0.139,6.4,32.17
22.73,8.235,2643.121,456.9,0.262,0.003,59.76,43.168,0,0.538,0.394,0.021,0.123,0.615,2.434,6.336,-2.834e-4,0,0.018,0.877,0.859,-0.024,878.612,0.001,335.704,0.139,6.4,32.17
22.746,8.468,2643.121,456.9,0.262,0.003,59.7,43.168,0,0.538,0.394,0.021,0.123,0.618,2.515,6.507,-1.365e-4,0,0.018,0.877,0.859,-0.011,878.688,0.001,335.707,0.14,6.4,32.17
22.76,8.545,2643.121,456.9,0.262,0.003,59.681,43.168,0,0.538,0.394,0.021,0.123,0.619,2.541,6.56,-1.949e-4,0,0.018,0.877,0.859,-0.003,878.757,0.001,335.71,0.14,6.4,32.17
22.773,8.504,2643.121,456.9,0.262,0.003,59.693,43.168,0,0.538,0.394,0.021,0.123,0.619,2.527,6.525,-2.15e-4,0,0.018,0.877,0.86,-4.835e-5,878.823,0.001,335.712,0.14,6.4,32.17
22.786,8.371,2643.121,456.9,0.262,0.003,59.729,43.168,0,0.538,0.394,0.022,0.123,0.617,2.481,6.418,-6.568e-5,0,0.017,0.877,0.86,0.001,878.886,0.001,335.714,0.141,6.4,32.17
22.798,8.152,2643.121,456.9,0.262,0.003,59.788,43.168,0,0.538,0.394,0.022,0.123,0.614,2.406,6.242,1.15e-4,0,0.017,0.877,0.86,0.007,878.949,0.001,335.717,0.141,6.4,32.17
22.811,7.9,2643.121,456.9,0.262,0.003,59.857,43.168,0,0.538,0.394,0.022,0.123,0.61,2.32,6.035,3.862e-4,0,0.017,0.877,0.86,0.015,879.011,0.001,335.719,0.141,6.4,32.17
22.823,7.577,2643.121,456.9,0.262,0.003,59.946,43.168,0,0.538,0.394,0.022,0.123,0.606,2.211,5.771,-2.904e-4,0,0.017,0.877,0.86,0.026,879.074,0.001,335.721,0.142,6.4,32.17
22.836,7.173,2643.121,456.9,0.262,0.003,60.059,43.168,0,0.538,0.394,0.022,0.123,0.6,2.077,5.442,-2.46e-4,0,0.017,0.877,0.86,0.039,879.139,0.001,335.724,0.142,6.4,32.17
22.85,6.676,2643.121,456.9,0.262,0.003,60.201,43.168,0,0.538,0.394,0.022,0.123,0.593,1.914,5.038,-8.416e-5,0,0.017,0.877,0.86,0.055,879.207,0.001,335.726,0.142,6.4,32.17
22.864,6.043,2643.121,456.9,0.262,0.003,60.386,43.168,0,0.538,0.394,0.022,0.123,0.585,1.71,4.527,-8.426e-5,0,0.017,0.877,0.86,0.073,879.279,0.001,335.729,0.143,6.4,32.17
22.88,5.264,2643.121,456.9,0.262,0.003,60.621,43.168,0,0.538,0.394,0.022,0.123,0.575,1.466,3.904,-4.134e-4,0,0.017,0.877,0.86,0.093,879.359,0.001,335.732,0.143,6.4,32.17
22.898,4.279,2643.121,456.9,0.262,0.003,60.931,43.168,0,0.538,0.394,0.022,0.123,0.564,1.167,3.125,-2.844e-4,0,0.017,0.877,0.86,0.114,879.451,0.001,335.735,0.144,6.4,32.17
22.918,3.123,2643.121,456.9,0.262,0.003,61.314,43.168,0,0.538,0.394,0.022,0.123,0.553,0.831,2.223,5.284e-5,0,0.017,0.877,0.86,0.132,879.553,0.001,335.739,0.144,6.4,32.17
22.938,1.93,2643.121,456.9,0.262,0.003,61.733,43.168,0,0.539,0.394,0.022,0.123,0.544,0.5,1.31,-1.482e-4,0,0.017,0.877,0.86,0.139,879.655,0.001,335.743,0.145,6.4,32.17
22.958,0.757,2643.121,456.9,0.262,0.003,62.167,43.168,0,0.539,0.394,0.022,0.123,0.539,0.191,0.477,-4.476e-4,0,0.017,0.877,0.861,0.09,879.757,0.001,335.747,0.145,6.4,32.17
22.978,0.935,2643.121,456.9,0.262,0.003,62.086,43.168,0,0.539,0.394,0.022,0.123,0.54,0.237,0.808,4.72e-4,0,0.017,0.877,0.861,-0.108,879.858,0.001,335.75,0.146,6.4,32.17
22.998,2.183,2643.121,456.9,0.262,0.003,61.632,43.168,0,0.539,0.394,0.022,0.123,0.546,0.568,1.772,-3.835e-4,0,0.016,0.877,0.861,-0.132,879.961,0.001,335.754,0.146,6.4,32.17
23.017,3.426,2643.121,456.9,0.262,0.003,61.202,43.168,0,0.539,0.394,0.022,0.123,0.556,0.917,2.703,-2.479e-5,0,0.016,0.877,0.861,-0.118,880.064,0.001,335.758,0.147,6.4,32.17
23.037,4.572,2643.121,456.9,0.262,0.003,60.827,43.168,0,0.539,0.394,0.022,0.123,0.568,1.254,3.556,-8.729e-5,0,0.016,0.877,0.861,-0.095,880.168,0.001,335.762,0.147,6.4,32.17
23.058,5.549,2643.121,456.9,0.262,0.003,60.523,43.168,0,0.539,0.394,0.022,0.123,0.579,1.554,4.284,-4.79e-4,0,0.016,0.877,0.862,-0.069,880.273,0.001,335.766,0.148,6.4,32.17
23.076,6.252,2643.121,456.9,0.262,0.003,60.312,43.168,0,0.539,0.394,0.022,0.123,0.588,1.777,4.806,4.518e-5,0,0.016,0.877,0.862,-0.046,880.37,0.001,335.769,0.148,6.4,32.17
23.092,6.719,2643.121,456.9,0.262,0.003,60.176,43.168,0,0.539,0.394,0.022,0.123,0.595,1.928,5.151,-2.541e-4,0,0.016,0.877,0.862,-0.029,880.452,0.001,335.772,0.149,6.4,32.17
23.106,7.016,2643.121,456.9,0.262,0.003,60.091,43.168,0,0.539,0.394,0.022,0.123,0.599,2.025,5.371,-1.881e-4,0,0.016,0.878,0.862,-0.016,880.526,0.001,335.775,0.149,6.4,32.17
23.119,7.18,2643.121,456.9,0.262,0.003,60.044,43.168,0,0.539,0.394,0.022,0.123,0.601,2.079,5.49,1.863e-4,0,0.015,0.878,0.862,-0.008,880.595,0.001,335.778,0.149,6.4,32.17
23.131,7.254,2643.121,456.9,0.262,0.003,60.023,43.168,0,0.539,0.394,0.022,0.123,0.602,2.103,5.542,4.19e-4,0,0.015,0.878,0.862,-0.002,880.66,0.001,335.78,0.15,6.4,32.17
23.143,7.248,2643.121,456.9,0.262,0.003,60.025,43.168,0,0.539,0.394,0.022,0.123,0.602,2.102,5.536,-9.078e-5,0,0.015,0.878,0.862,-1.154e-4,880.724,0.001,335.783,0.15,6.4,32.17
23.155,7.177,2643.121,456.9,0.262,0.003,60.044,43.168,0,0.539,0.394,0.022,0.123,0.601,2.078,5.478,1.518e-4,0,0.015,0.878,0.862,7.019e-4,880.787,0.001,335.785,0.15,6.4,32.17
23.167,7.042,2643.121,456.9,0.262,0.003,60.082,43.168,0,0.539,0.394,0.022,0.123,0.599,2.033,5.37,-1.508e-4,0,0.015,0.878,0.862,0.004,880.85,0.001,335.787,0.15,6.4,32.17
23.179,6.832,2643.121,456.9,0.262,0.003,60.141,43.168,0,0.539,0.394,0.022,0.123,0.596,1.965,5.201,3.61e-6,0,0.015,0.878,0.863,0.01,880.914,0.001,335.79,0.151,6.4,32.17
23.191,6.544,2643.121,456.9,0.262,0.003,60.224,43.168,0,0.539,0.394,0.022,0.123,0.593,1.871,4.968,3.527e-4,0,0.015,0.878,0.863,0.018,880.98,0.001,335.792,0.151,6.4,32.17
23.204,6.17,2643.121,456.9,0.262,0.003,60.334,43.168,0,0.539,0.394,0.022,0.123,0.588,1.75,4.666,-2.394e-4,0,0.015,0.878,0.863,0.029,881.048,0.001,335.795,0.151,6.4,32.17
23.217,5.695,2643.121,456.9,0.262,0.003,60.475,43.168,0,0.539,0.394,0.022,0.123,0.582,1.6,4.285,4.297e-4,0,0.015,0.878,0.863,0.042,881.12,0.001,335.797,0.152,6.4,32.17
23.232,5.094,2643.121,456.9,0.262,0.003,60.659,43.168,0,0.539,0.394,0.022,0.123,0.574,1.413,3.806,4.454e-5,0,0.015,0.878,0.863,0.057,881.199,0.001,335.8,0.152,6.4,32.17
23.249,4.324,2643.121,456.9,0.262,0.003,60.902,43.168,0,0.539,0.394,0.022,0.123,0.565,1.18,3.197,2.121e-4,0,0.015,0.878,0.863,0.074,881.289,0.001,335.803,0.152,6.4,32.17
23.268,3.299,2643.121,456.9,0.262,0.003,61.24,43.168,0,0.539,0.394,0.022,0.123,0.555,0.881,2.398,-1.881e-4,0,0.015,0.878,0.863,0.09,881.396,0.001,335.807,0.153,6.4,32.17
23.289,2.187,2643.121,456.9,0.262,0.003,61.625,43.168,0,0.539,0.394,0.022,0.123,0.547,0.57,1.547,1.187e-4,0,0.015,0.878,0.863,0.096,881.507,0.001,335.812,0.153,6.4,32.17
23.309,1.117,2643.121,456.9,0.262,0.003,62.016,43.168,0,0.539,0.394,0.022,0.123,0.541,0.284,0.768,-1.893e-4,0,0.015,0.878,0.863,0.068,881.617,0.001,335.816,0.154,6.4,32.17
23.329,0.749,2643.121,456.9,0.262,0.003,62.174,43.168,0,0.54,0.394,0.023,0.123,0.54,0.189,0.59,2.282e-4,0,0.015,0.878,0.863,-0.03,881.728,0.001,335.82,0.155,6.4,32.17
23.349,1.687,2643.121,456.9,0.262,0.003,61.823,43.168,0,0.54,0.394,0.023,0.123,0.544,0.434,1.367,4.937e-4,0,0.014,0.878,0.863,-0.101,881.839,0.001,335.824,0.155,6.4,32.17
23.37,2.793,2643.121,456.9,0.262,0.003,61.429,43.168,0,0.54,0.394,0.023,0.123,0.551,0.737,2.202,3.585e-4,0,0.014,0.878,0.863,-0.097,881.95,0.001,335.828,0.156,6.4,32.17
23.39,3.84,2643.121,456.9,0.262,0.003,61.077,43.168,0,0.54,0.394,0.023,0.123,0.561,1.038,2.985,-1.113e-4,0,0.014,0.878,0.864,-0.082,882.061,0.001,335.832,0.156,6.4,32.17
23.41,4.764,2643.121,456.9,0.262,0.003,60.78,43.168,0,0.54,0.394,0.023,0.123,0.571,1.313,3.674,3.531e-4,0,0.014,0.878,0.864,-0.061,882.174,0.001,335.836,0.157,6.4,32.17
23.427,5.404,2643.121,456.9,0.262,0.003,60.583,43.168,0,0.54,0.394,0.023,0.123,0.579,1.509,4.15,-7.312e-5,0,0.014,0.878,0.864,-0.043,882.267,0.001,335.84,0.157,6.4,32.17
23.441,5.855,2643.121,456.9,0.262,0.003,60.447,43.168,0,0.54,0.394,0.023,0.123,0.584,1.651,4.487,7.486e-5,0,0.014,0.878,0.864,-0.029,882.348,0.001,335.843,0.157,6.4,32.17
23.454,6.174,2643.121,456.9,0.262,0.003,60.353,43.168,0,0.54,0.394,0.023,0.123,0.588,1.752,4.723,-2.735e-4,0,0.014,0.878,0.864,-0.018,882.421,0.001,335.845,0.158,6.4,32.17
23.467,6.384,2643.121,456.9,0.262,0.003,60.292,43.168,0,0.54,0.394,0.023,0.123,0.591,1.82,4.879,-3.935e-4,0,0.014,0.878,0.864,-0.01,882.49,0.001,335.848,0.158,6.4,32.17
23.479,6.509,2643.121,456.9,0.262,0.003,60.256,43.168,0,0.54,0.394,0.023,0.123,0.593,1.86,4.971,3.349e-4,0,0.014,0.878,0.864,-0.004,882.557,0.001,335.85,0.158,6.4,32.17
23.49,6.558,2643.121,456.9,0.262,0.003,60.241,43.168,0,0.54,0.394,0.023,0.123,0.594,1.876,5.005,1.583e-4,0,0.014,0.878,0.864,-7.236e-4,882.621,0.001,335.853,0.159,6.4,32.17
23.502,6.532,2643.121,456.9,0.262,0.003,60.249,43.168,0,0.54,0.394,0.023,0.123,0.593,1.868,4.984,4.274e-4,0,0.014,0.878,0.864,6.443e-5,882.686,0.001,335.855,0.159,6.4,32.17
23.513,6.419,2643.121,456.9,0.262,0.003,60.282,43.168,0,0.54,0.394,0.023,0.123,0.592,1.831,4.894,1.826e-4,0,0.013,0.878,0.864,0.002,882.751,0.001,335.858,0.159,6.4,32.17
23.525,6.23,2643.121,456.9,0.262,0.003,60.337,43.168,0,0.54,0.394,0.023,0.123,0.589,1.77,4.743,4.623e-4,0,0.013,0.878,0.864,0.006,882.817,0.001,335.86,0.159,6.4,32.17
23.537,5.957,2643.121,456.9,0.262,0.003,60.417,43.168,0,0.54,0.394,0.023,0.123,0.586,1.683,4.524,1.956e-4,0,0.013,0.878,0.865,0.013,882.886,0.001,335.863,0.16,6.4,32.17
23.55,5.589,2643.121,456.9,0.262,0.003,60.527,43.168,0,0.54,0.394,0.023,0.123,0.581,1.567,4.229,-2.058e-4,0,0.013,0.878,0.865,0.022,882.96,0.001,335.865,0.16,6.4,32.17
23.564,5.127,2643.121,456.9,0.262,0.003,60.667,43.168,0,0.54,0.394,0.023,0.123,0.576,1.424,3.861,-1.94e-4,0,0.013,0.878,0.865,0.033,883.04,0.001,335.868,0.16,6.4,32.17
23.58,4.519,2643.121,456.9,0.262,0.003,60.858,43.168,0,0.54,0.394,0.023,0.123,0.569,1.239,3.379,2.434e-4,0,0.013,0.878,0.865,0.047,883.129,0.001,335.872,0.161,6.4,32.17
23.598,3.7,2643.121,456.9,0.262,0.003,61.123,43.168,0,0.54,0.394,0.023,0.123,0.56,0.997,2.735,4.509e-4,0,0.013,0.878,0.865,0.062,883.234,0.001,335.875,0.161,6.4,32.17
23.619,2.715,2643.121,456.9,0.262,0.003,61.456,43.168,0,0.54,0.394,0.023,0.123,0.551,0.716,1.971,-3.77e-4,0,0.013,0.878,0.865,0.075,883.351,0.001,335.88,0.162,6.4,32.17
23.639,1.675,2643.121,456.9,0.262,0.003,61.828,43.168,0,0.54,0.394,0.023,0.123,0.545,0.431,1.179,3.384e-4,0,0.013,0.878,0.865,0.078,883.467,0.001,335.884,0.162,6.4,32.17
23.659,0.725,2643.121,456.9,0.262,0.003,62.188,43.168,0,0.541,0.394,0.023,0.123,0.541,0.183,0.512,-2.78e-4,0,0.013,0.878,0.865,0.032,883.585,0.001,335.888,0.163,6.4,32.17
23.68,0.941,2643.121,456.9,0.262,0.003,62.087,43.168,0,0.541,0.394,0.023,0.123,0.542,0.238,0.764,9.768e-5,0,0.013,0.878,0.865,-0.059,883.702,0.001,335.893,0.163,6.4,32.17
23.7,1.945,2643.121,456.9,0.262,0.003,61.716,43.168,0,0.541,0.394,0.023,0.123,0.547,0.504,1.539,2.47e-4,0,0.013,0.878,0.865,-0.079,883.819,0.001,335.897,0.164,6.4,32.17
23.72,2.912,2643.121,456.9,0.262,0.003,61.376,43.168,0,0.541,0.394,0.023,0.124,0.553,0.771,2.265,-3.646e-4,0,0.013,0.878,0.865,-0.071,883.935,0.001,335.901,0.164,6.4,32.17
23.74,3.794,2643.121,456.9,0.262,0.003,61.079,43.168,0,0.541,0.394,0.023,0.124,0.561,1.024,2.922,2.195e-4,0,0.013,0.878,0.865,-0.056,884.053,0.001,335.906,0.165,6.4,32.17
23.758,4.469,2643.121,456.9,0.262,0.003,60.861,43.168,0,0.541,0.394,0.023,0.124,0.569,1.224,3.425,-3.001e-4,0,0.013,0.878,0.866,-0.041,884.159,0.001,335.91,0.165,6.4,32.17
23.773,4.938,2643.121,456.9,0.262,0.003,60.713,43.168,0,0.541,0.394,0.024,0.124,0.574,1.366,3.773,3.309e-4,0,0.012,0.878,0.866,-0.029,884.249,0.001,335.913,0.166,6.4,32.17
23.787,5.278,2643.121,456.9,0.262,0.003,60.608,43.168,0,0.541,0.394,0.024,0.124,0.578,1.471,4.026,-3.479e-4,0,0.012,0.878,0.866,-0.019,884.331,0.001,335.916,0.166,6.4,32.17
23.8,5.521,2643.121,456.9,0.262,0.003,60.535,43.168,0,0.541,0.394,0.024,0.124,0.581,1.546,4.206,-2.456e-4,0,0.012,0.878,0.866,-0.011,884.408,0.001,335.919,0.166,6.4,32.17
23.813,5.689,2643.121,456.9,0.262,0.003,60.484,43.168,0,0.541,0.394,0.024,0.124,0.583,1.599,4.33,-5.664e-5,0,0.012,0.878,0.866,-0.005,884.482,0.001,335.922,0.167,6.4,32.17
23.825,5.776,2643.121,456.9,0.262,0.003,60.459,43.168,0,0.541,0.394,0.024,0.124,0.584,1.626,4.395,-8.585e-5,0,0.012,0.878,0.866,-0.001,884.555,0.001,335.924,0.167,6.4,32.17
23.838,5.786,2643.121,456.9,0.262,0.003,60.457,43.168,0,0.541,0.394,0.024,0.124,0.585,1.629,4.402,-1.996e-4,0,0.012,0.878,0.866,-4.968e-6,884.628,0.001,335.927,0.167,6.4,32.17
23.85,5.718,2643.121,456.9,0.262,0.003,60.478,43.168,0,0.541,0.394,0.024,0.124,0.584,1.608,4.348,-2.89e-4,0,0.012,0.878,0.866,0.001,884.702,0.001,335.93,0.168,6.4,32.17
23.863,5.567,2643.121,456.9,0.262,0.003,60.524,43.168,0,0.541,0.394,0.024,0.124,0.582,1.561,4.228,-3.826e-4,0,0.012,0.878,0.866,0.005,884.779,0.001,335.933,0.168,6.4,32.17
23.877,5.318,2643.121,456.9,0.262,0.003,60.601,43.168,0,0.541,0.394,0.024,0.124,0.579,1.483,4.029,-2.944e-4,0,0.012,0.878,0.867,0.011,884.861,0.001,335.936,0.168,6.4,32.17
23.891,4.951,2643.121,456.9,0.262,0.003,60.716,43.168,0,0.541,0.394,0.024,0.124,0.574,1.37,3.737,-4.45e-4,0,0.012,0.878,0.867,0.019,884.949,0.001,335.939,0.169,6.4,32.17
23.908,4.427,2643.121,456.9,0.262,0.003,60.883,43.168,0,0.541,0.394,0.024,0.124,0.569,1.212,3.322,-2.415e-4,0,0.012,0.878,0.867,0.031,885.048,0.001,335.943,0.169,6.4,32.17
23.928,3.672,2643.121,456.9,0.262,0.003,61.131,43.168,0,0.541,0.394,0.024,0.124,0.561,0.989,2.73,-1.538e-4,0,0.012,0.878,0.867,0.046,885.165,0.001,335.947,0.169,6.4,32.17
23.948,2.739,2643.121,456.9,0.262,0.003,61.448,43.168,0,0.541,0.394,0.024,0.124,0.553,0.723,2.005,-3.73e-4,0,0.012,0.878,0.867,0.059,885.291,0.001,335.952,0.17,6.4,32.17
23.969,1.764,2643.121,456.9,0.262,0.003,61.794,43.168,0,0.541,0.394,0.024,0.124,0.546,0.455,1.26,3.098e-4,0,0.012,0.878,0.867,0.064,885.416,0.001,335.956,0.171,6.4,32.17
23.99,0.854,2643.121,456.9,0.262,0.003,62.127,43.168,0,0.542,0.394,0.024,0.124,0.543,0.216,0.6,1.965e-5,0,0.011,0.878,0.867,0.039,885.542,0.001,335.961,0.171,6.4,32.17
24.011,0.761,2643.121,456.9,0.262,0.003,62.17,43.168,0,0.542,0.394,0.024,0.124,0.543,0.192,0.6,-4.298e-4,0,0.011,0.878,0.867,-0.03,885.669,0.001,335.966,0.172,6.4,32.17
24.032,1.646,2643.121,456.9,0.262,0.003,61.846,43.168,0,0.542,0.394,0.024,0.124,0.546,0.424,1.3,-3.929e-4,0,0.011,0.878,0.867,-0.063,885.795,0.001,335.97,0.172,6.4,32.17
24.052,2.587,2643.121,456.9,0.262,0.003,61.51,43.168,0,0.542,0.394,0.024,0.124,0.552,0.68,2.008,4.847e-4,0,0.011,0.878,0.867,-0.058,885.921,0.001,335.975,0.173,6.4,32.17
24.073,3.344,2643.121,456.9,0.262,0.003,61.25,43.168,0,0.542,0.394,0.024,0.124,0.558,0.894,2.57,4.902e-4,0,0.011,0.879,0.867,-0.044,886.047,0.001,335.98,0.173,6.4,32.17
24.092,3.916,2643.121,456.9,0.262,0.003,61.06,43.168,0,0.542,0.394,0.024,0.124,0.564,1.06,2.994,2.776e-4,0,0.011,0.879,0.868,-0.03,886.166,0.001,335.984,0.174,6.4,32.17
24.109,4.327,2643.121,456.9,0.262,0.003,60.926,43.168,0,0.542,0.394,0.024,0.124,0.568,1.182,3.298,-3.745e-4,0,0.011,0.879,0.868,-0.019,886.27,0.001,335.988,0.174,6.4,32.17
24.125,4.629,2643.121,456.9,0.262,0.003,60.828,43.168,0,0.542,0.394,0.024,0.124,0.572,1.273,3.523,-1.185e-4,0,0.011,0.879,0.868,-0.011,886.367,0.001,335.992,0.174,6.4,32.17
24.14,4.817,2643.121,456.9,0.262,0.003,60.769,43.168,0,0.542,0.394,0.024,0.124,0.574,1.33,3.661,-2.928e-4,0,0.011,0.879,0.868,-0.005,886.46,0.001,335.995,0.175,6.4,32.17
24.155,4.898,2643.121,456.9,0.262,0.003,60.742,43.168,0,0.542,0.394,0.024,0.124,0.575,1.354,3.72,-1.427e-5,0,0.011,0.879,0.868,-0.001,886.553,0.001,335.998,0.175,6.4,32.17
24.17,4.871,2643.121,456.9,0.262,0.003,60.75,43.168,0,0.542,0.394,0.024,0.124,0.574,1.346,3.697,6.747e-6,0,0.011,0.879,0.868,5.94e-6,886.648,0.001,336.002,0.175,6.4,32.17
24.186,4.731,2643.121,456.9,0.262,0.003,60.793,43.168,0,0.542,0.394,0.024,0.124,0.573,1.304,3.589,2.911e-4,0,0.01,0.879,0.868,0.002,886.747,0.001,336.006,0.176,6.4,32.17
24.203,4.467,2643.121,456.9,0.262,0.003,60.876,43.168,0,0.542,0.394,0.024,0.124,0.57,1.224,3.38,-3.313e-4,0,0.01,0.879,0.868,0.006,886.854,0.001,336.01,0.176,6.4,32.17
24.222,4.067,2643.121,456.9,0.262,0.003,61.003,43.168,0,0.542,0.394,0.025,0.124,0.566,1.105,3.066,4.727e-4,0,0.01,0.879,0.868,0.013,886.974,0.001,336.014,0.177,6.4,32.17
24.242,3.51,2643.121,456.9,0.262,0.003,61.186,43.168,0,0.542,0.394,0.025,0.124,0.56,0.942,2.63,-3.575e-5,0,0.01,0.879,0.868,0.022,887.1,0.001,336.019,0.177,6.4,32.17
24.263,2.776,2643.121,456.9,0.262,0.003,61.436,43.168,0,0.542,0.394,0.025,0.124,0.554,0.733,2.062,3.491e-4,0,0.01,0.879,0.868,0.03,887.234,0.001,336.024,0.178,6.4,32.17
24.285,1.986,2643.121,456.9,0.262,0.003,61.716,43.168,0,0.542,0.394,0.025,0.124,0.549,0.515,1.461,1.826e-6,0,0.01,0.879,0.868,0.032,887.369,0.001,336.029,0.178,6.4,32.17
24.306,1.308,2643.121,456.9,0.262,0.003,61.97,43.168,0,0.542,0.394,0.025,0.124,0.545,0.334,0.967,-2.413e-4,0,0.01,0.879,0.869,0.016,887.504,0.001,336.034,0.179,6.4,32.17
24.327,1.125,2643.121,456.9,0.262,0.003,62.044,43.168,0,0.543,0.394,0.025,0.124,0.545,0.286,0.845,3.941e-4,0,0.01,0.879,0.869,-0.002,887.639,0.001,336.039,0.179,6.4,32.17
24.349,1.595,2643.121,456.9,0.262,0.003,61.863,43.168,0,0.543,0.394,0.025,0.124,0.547,0.41,1.22,-3.57e-4,0,0.01,0.879,0.869,-0.022,887.775,0.001,336.044,0.18,6.4,32.17
24.37,2.285,2643.121,456.9,0.262,0.003,61.611,43.168,0,0.543,0.394,0.025,0.124,0.551,0.597,1.747,3.826e-4,0,0.01,0.879,0.869,-0.027,887.91,0.001,336.049,0.18,6.4,32.17
24.391,2.941,2643.121,456.9,0.262,0.003,61.382,43.168,0,0.543,0.394,0.025,0.124,0.556,0.78,2.241,-1.628e-4,0,0.01,0.879,0.869,-0.022,888.047,0.001,336.054,0.181,6.4,32.17
24.412,3.471,2643.121,456.9,0.262,0.003,61.203,43.168,0,0.543,0.394,0.025,0.124,0.56,0.931,2.637,-8.095e-5,0,0.01,0.879,0.869,-0.014,888.184,0.001,336.059,0.181,6.4,32.17
24.434,3.847,2643.121,456.9,0.262,0.003,61.08,43.168,0,0.543,0.394,0.025,0.124,0.564,1.04,2.919,6.791e-5,0,0.01,0.879,0.869,-0.007,888.321,0.001,336.064,0.182,6.4,32.17
24.454,4.046,2643.121,456.9,0.262,0.003,61.016,43.168,0,0.543,0.394,0.025,0.124,0.566,1.099,3.066,2.041e-4,0,0.01,0.879,0.869,-0.002,888.453,0.001,336.069,0.182,6.4,32.17
24.472,4.08,2643.121,456.9,0.262,0.003,61.006,43.168,0,0.543,0.394,0.025,0.124,0.567,1.109,3.09,-3.43e-4,0,0.01,0.879,0.869,-6.897e-5,888.571,0.001,336.073,0.183,6.4,32.17
24.49,3.986,2643.121,456.9,0.262,0.003,61.038,43.168,0,0.543,0.394,0.025,0.124,0.566,1.081,3.018,1.826e-4,0,0.01,0.879,0.869,6.484e-4,888.684,0.001,336.077,0.183,6.4,32.17
24.507,3.785,2643.121,456.9,0.262,0.003,61.105,43.168,0,0.543,0.394,0.025,0.124,0.564,1.022,2.861,4.338e-4,0,0.01,0.879,0.869,0.003,888.795,0.001,336.081,0.184,6.4,32.17
24.524,3.487,2643.121,456.9,0.262,0.003,61.204,43.168,0,0.543,0.394,0.025,0.124,0.561,0.936,2.63,4.962e-4,0,0.01,0.879,0.869,0.007,888.909,0.001,336.086,0.184,6.4,32.17
24.542,3.079,2643.121,456.9,0.262,0.003,61.342,43.168,0,0.543,0.394,0.025,0.124,0.557,0.819,2.314,3.531e-4,0,0.009,0.879,0.87,0.011,889.03,0.001,336.09,0.184,6.4,32.17
24.563,2.509,2643.121,456.9,0.262,0.003,61.539,43.168,0,0.543,0.393,0.025,0.124,0.553,0.659,1.877,3.928e-4,0,0.009,0.879,0.87,0.015,889.167,0.001,336.095,0.185,6.4,32.17
24.585,1.887,2643.121,456.9,0.262,0.003,61.759,43.168,0,0.543,0.393,0.025,0.124,0.549,0.489,1.407,3.212e-4,0,0.009,0.879,0.87,0.012,889.309,0.001,336.1,0.185,6.4,32.17
24.606,1.451,2643.121,456.9,0.262,0.003,61.912,43.168,0,0.543,0.393,0.025,0.124,0.547,0.372,1.087,9.361e-5,0,0.009,0.879,0.87,0.002,889.451,0.001,336.106,0.186,6.4,32.17
24.628,1.451,2643.121,456.9,0.262,0.003,61.907,43.168,0,0.543,0.393,0.025,0.125,0.547,0.372,1.091,-2.716e-4,0,0.009,0.879,0.87,-0.003,889.594,0.001,336.111,0.187,6.4,32.17
24.649,1.819,2643.121,456.9,0.262,0.003,61.773,43.168,0,0.544,0.393,0.026,0.125,0.549,0.47,1.379,1.162e-4,0,0.009,0.879,0.87,-0.012,889.737,0.001,336.116,0.187,6.4,32.17
24.671,2.333,2643.121,456.9,0.262,0.003,61.591,43.168,0,0.544,0.393,0.026,0.125,0.552,0.61,1.771,1.883e-4,0,0.009,0.879,0.87,-0.015,889.879,0.001,336.122,0.188,6.4,32.17
24.692,2.83,2643.121,456.9,0.262,0.003,61.418,43.168,0,0.544,0.393,0.026,0.125,0.556,0.748,2.146,5.569e-5,0,0.009,0.879,0.87,-0.012,890.022,0.001,336.127,0.188,6.4,32.17
24.713,3.223,2643.121,456.9,0.262,0.003,61.284,43.168,0,0.544,0.393,0.026,0.125,0.559,0.86,2.44,-1.495e-5,0,0.009,0.879,0.87,-0.007,890.16,0.001,336.132,0.189,6.4,32.17
24.731,3.462,2643.121,456.9,0.262,0.003,61.203,43.168,0,0.544,0.393,0.026,0.125,0.561,0.929,2.62,3.22e-4,0,0.009,0.879,0.87,-0.003,890.281,0.001,336.136,0.189,6.4,32.17
24.747,3.584,2643.121,456.9,0.262,0.003,61.163,43.168,0,0.544,0.393,0.026,0.125,0.563,0.964,2.71,-2.733e-4,0,0.009,0.879,0.87,-8.864e-4,890.392,0.001,336.141,0.189,6.4,32.17
24.763,3.585,2643.121,456.9,0.262,0.003,61.162,43.168,0,0.544,0.393,0.026,0.125,0.563,0.964,2.71,3.348e-4,0,0.009,0.879,0.87,-1.328e-5,890.497,0.001,336.144,0.19,6.4,32.17
24.778,3.499,2643.121,456.9,0.262,0.003,61.191,43.168,0,0.544,0.393,0.026,0.125,0.562,0.939,2.644,-2.939e-4,0,0.009,0.879,0.87,4.489e-4,890.601,0.001,336.148,0.19,6.4,32.17
24.794,3.334,2643.121,456.9,0.262,0.003,61.246,43.168,0,0.544,0.393,0.026,0.125,0.56,0.892,2.516,-3.245e-4,0,0.009,0.879,0.87,0.002,890.707,0.001,336.152,0.191,6.4,32.17
24.81,3.093,2643.121,456.9,0.262,0.003,61.328,43.168,0,0.544,0.393,0.026,0.125,0.558,0.823,2.33,4.686e-4,0,0.009,0.879,0.871,0.004,890.817,0.001,336.156,0.191,6.4,32.17
24.827,2.769,2643.121,456.9,0.262,0.003,61.439,43.168,0,0.544,0.393,0.026,0.125,0.556,0.731,2.081,-3.044e-4,0,0.009,0.879,0.871,0.007,890.935,0.001,336.161,0.191,6.4,32.17
24.847,2.359,2643.121,456.9,0.262,0.003,61.583,43.168,0,0.544,0.393,0.026,0.125,0.553,0.617,1.768,8.682e-5,0,0.009,0.879,0.871,0.008,891.067,0.001,336.166,0.192,6.4,32.17
24.868,1.919,2643.121,456.9,0.262,0.003,61.743,43.168,0,0.544,0.393,0.026,0.125,0.55,0.497,1.436,8.278e-5,0,0.009,0.879,0.871,0.006,891.214,0.001,336.171,0.192,6.4,32.17
24.89,1.627,2643.121,456.9,0.262,0.003,61.854,43.168,0,0.544,0.393,0.026,0.125,0.549,0.419,1.222,-3.574e-4,0,0.009,0.879,0.871,0.001,891.361,0.001,336.176,0.193,6.4,32.17
24.911,1.574,2643.121,456.9,0.262,0.003,61.881,43.168,0,0.544,0.393,0.026,0.125,0.548,0.405,1.184,-1.163e-4,0,0.009,0.879,0.871,-7.813e-4,891.509,0.001,336.182,0.193,6.4,32.17
24.933,1.77,2643.121,456.9,0.262,0.003,61.813,43.168,0,0.544,0.393,0.026,0.125,0.549,0.457,1.338,4.159e-4,0,0.009,0.88,0.871,-0.006,891.657,0.001,336.187,0.194,6.4,32.17
24.954,2.152,2643.121,456.9,0.262,0.003,61.676,43.168,0,0.545,0.393,0.026,0.125,0.552,0.561,1.631,4.839e-4,0,0.008,0.88,0.871,-0.01,891.806,0.001,336.193,0.194,6.4,32.17
24.976,2.579,2643.121,456.9,0.262,0.003,61.525,43.168,0,0.545,0.393,0.026,0.125,0.555,0.678,1.954,2.806e-4,0,0.008,0.88,0.871,-0.008,891.956,0.001,336.198,0.195,6.4,32.17
24.995,2.897,2643.121,456.9,0.262,0.003,61.415,43.168,0,0.545,0.393,0.026,0.125,0.557,0.768,2.194,4.481e-5,0,0.008,0.88,0.871,-0.005,892.09,0.001,336.203,0.195,6.4,32.17
25.012,3.11,2643.121,456.9,0.262,0.003,61.342,43.168,0,0.545,0.393,0.026,0.125,0.559,0.828,2.353,-1.926e-4,0,0.008,0.88,0.871,-0.003,892.209,0.001,336.208,0.196,6.4,32.17
25.028,3.242,2643.121,456.9,0.262,0.003,61.298,43.168,0,0.545,0.393,0.026,0.125,0.56,0.865,2.453,-1.026e-4,0,0.008,0.88,0.871,-8.97e-4,892.319,0.001,336.212,0.196,6.4,32.17
25.043,3.299,2643.121,456.9,0.262,0.003,61.279,43.168,0,0.545,0.393,0.026,0.125,0.561,0.882,2.496,-4.261e-4,0,0.008,0.88,0.872,-6.282e-5,892.425,0.001,336.216,0.196,6.4,32.17
25.058,3.281,2643.121,456.9,0.262,0.003,61.285,43.168,0,0.545,0.393,0.026,0.125,0.561,0.877,2.482,3.937e-4,0,0.008,0.88,0.872,2.071e-4,892.528,0.001,336.22,0.197,6.4,32.17
25.073,3.19,2643.121,456.9,0.262,0.003,61.316,43.168,0,0.545,0.393,0.027,0.125,0.56,0.851,2.411,1.816e-4,0,0.008,0.88,0.872,0.001,892.632,0.001,336.224,0.197,6.4,32.17
25.088,3.026,2643.121,456.9,0.262,0.003,61.372,43.168,0,0.545,0.393,0.027,0.125,0.559,0.804,2.283,-2.86e-4,0,0.008,0.88,0.872,0.003,892.739,0.001,336.227,0.198,6.4,32.17
25.104,2.777,2643.121,456.9,0.262,0.003,61.458,43.168,0,0.545,0.393,0.027,0.125,0.557,0.734,2.092,4.799e-4,0,0.008,0.88,0.872,0.006,892.851,0.001,336.232,0.198,6.4,32.17
25.121,2.42,2643.121,456.9,0.262,0.003,61.583,43.168,0,0.545,0.393,0.027,0.125,0.554,0.635,1.817,1.329e-4,0,0.008,0.88,0.872,0.008,892.974,0.001,336.236,0.198,6.4,32.17
25.141,1.968,2643.121,456.9,0.262,0.003,61.744,43.168,0,0.545,0.393,0.027,0.125,0.551,0.511,1.473,4.971e-4,0,0.008,0.88,0.872,0.009,893.114,0.001,336.241,0.199,6.4,32.17
25.163,1.533,2643.121,456.9,0.262,0.003,61.902,43.168,0,0.545,0.393,0.027,0.125,0.549,0.394,1.148,2.405e-4,0,0.008,0.88,0.872,0.005,893.271,0.001,336.247,0.199,6.4,32.17
25.186,1.299,2643.121,456.9,0.262,0.003,61.983,43.168,0,0.545,0.393,0.027,0.125,0.548,0.332,0.975,-4.215e-4,0,0.008,0.88,0.872,9.105e-5,893.429,0.001,336.253,0.2,6.4,32.17
25.208,1.413,2643.121,456.9,0.262,0.003,61.932,43.168,0,0.545,0.393,0.027,0.125,0.549,0.362,1.066,-3.78e-4,0,0.008,0.88,0.872,-0.005,893.587,0.001,336.259,0.2,6.4,32.17
25.23,1.842,2643.121,456.9,0.262,0.003,61.772,43.168,0,0.545,0.393,0.027,0.125,0.551,0.477,1.396,2.317e-4,0,0.008,0.88,0.872,-0.011,893.746,0.001,336.265,0.201,6.4,32.17
25.252,2.334,2643.121,456.9,0.262,0.003,61.596,43.168,0,0.545,0.393,0.027,0.125,0.554,0.611,1.768,4.937e-4,0,0.008,0.88,0.872,-0.01,893.904,0.001,336.271,0.201,6.4,32.17
25.272,2.679,2643.121,456.9,0.262,0.003,61.475,43.168,0,0.546,0.393,0.027,0.125,0.556,0.706,2.028,1.784e-4,0,0.008,0.88,0.872,-0.007,894.048,0.001,336.276,0.202,6.4,32.17
25.289,2.908,2643.121,456.9,0.262,0.003,61.396,43.168,0,0.546,0.393,0.027,0.125,0.558,0.771,2.199,-2.037e-4,0,0.008,0.88,0.872,-0.004,894.172,0.001,336.281,0.202,6.4,32.17
25.305,3.063,2643.121,456.9,0.262,0.003,61.343,43.168,0,0.546,0.393,0.027,0.125,0.56,0.814,2.314,1.141e-4,0,0.008,0.88,0.872,-0.002,894.287,0.001,336.285,0.203,6.4,32.17
25.32,3.154,2643.121,456.9,0.262,0.003,61.313,43.168,0,0.546,0.393,0.027,0.125,0.561,0.841,2.383,2.448e-4,0,0.007,0.88,0.872,-3.061e-4,894.396,0.001,336.289,0.203,6.4,32.17
25.335,3.159,2643.121,456.9,0.262,0.003,61.311,43.168,0,0.546,0.393,0.027,0.125,0.561,0.842,2.387,-3.262e-4,0,0.007,0.88,0.873,4.686e-5,894.503,0.001,336.293,0.203,6.4,32.17
25.35,3.08,2643.121,456.9,0.262,0.003,61.339,43.168,0,0.546,0.393,0.027,0.125,0.56,0.819,2.326,-1.64e-4,0,0.007,0.88,0.873,9.578e-4,894.61,0.001,336.297,0.204,6.4,32.17
25.365,2.912,2643.121,456.9,0.262,0.003,61.397,43.168,0,0.546,0.393,0.027,0.125,0.559,0.772,2.196,1.055e-4,0,0.007,0.88,0.873,0.003,894.72,0.001,336.301,0.204,6.4,32.17
25.381,2.657,2643.121,456.9,0.262,0.003,61.486,43.168,0,0.546,0.393,0.027,0.125,0.557,0.7,1.999,3.126e-4,0,0.007,0.88,0.873,0.005,894.838,0.001,336.305,0.204,6.4,32.17
25.399,2.306,2643.121,456.9,0.262,0.003,61.609,43.168,0,0.546,0.393,0.027,0.125,0.554,0.603,1.729,1.505e-4,0,0.007,0.88,0.873,0.008,894.968,0.001,336.31,0.205,6.4,32.17
25.42,1.834,2643.121,456.9,0.262,0.003,61.778,43.168,0,0.546,0.393,0.027,0.125,0.551,0.475,1.371,8.483e-5,0,0.007,0.88,0.873,0.009,895.118,0.001,336.316,0.205,6.4,32.17
25.442,1.345,2643.121,456.9,0.262,0.003,61.956,43.168,0,0.546,0.393,0.028,0.126,0.549,0.344,1.005,-3.694e-4,0,0.007,0.88,0.873,0.005,895.282,0.001,336.322,0.206,6.4,32.17
25.464,1.13,2643.121,456.9,0.262,0.003,62.041,43.168,0,0.546,0.393,0.028,0.126,0.548,0.288,0.848,1.082e-4,0,0.007,0.88,0.873,-1.06e-4,895.445,0.001,336.328,0.206,6.4,32.17
25.486,1.366,2643.121,456.9,0.262,0.003,61.962,43.168,0,0.546,0.393,0.028,0.126,0.549,0.35,1.034,2.426e-4,0,0.007,0.88,0.873,-0.007,895.609,0.001,336.334,0.207,6.4,32.17
25.509,1.839,2643.121,456.9,0.262,0.003,61.792,43.168,0,0.546,0.393,0.028,0.126,0.552,0.476,1.396,2.194e-4,0,0.007,0.88,0.873,-0.011,895.773,0.001,336.34,0.207,6.4,32.17
25.531,2.324,2643.121,456.9,0.262,0.003,61.62,43.168,0,0.547,0.393,0.028,0.126,0.555,0.608,1.762,5.954e-5,0,0.007,0.88,0.873,-0.009,895.937,0.001,336.346,0.208,6.4,32.17
25.551,2.681,2643.121,456.9,0.262,0.003,61.495,43.168,0,0.547,0.393,0.028,0.126,0.558,0.707,2.03,4.283e-4,0,0.007,0.88,0.873,-0.005,896.085,0.001,336.351,0.208,6.4,32.17
25.568,2.881,2643.121,456.9,0.262,0.003,61.425,43.168,0,0.547,0.393,0.028,0.126,0.559,0.763,2.18,2.39e-4,0,0.007,0.88,0.873,-0.002,896.213,0.001,336.356,0.209,6.4,32.17
25.584,2.976,2643.121,456.9,0.262,0.003,61.392,43.168,0,0.547,0.393,0.028,0.126,0.56,0.79,2.25,-3.324e-4,0,0.007,0.88,0.873,-5.833e-4,896.335,0.001,336.361,0.209,6.4,32.17
25.6,2.977,2643.121,456.9,0.262,0.003,61.391,43.168,0,0.547,0.393,0.028,0.126,0.56,0.79,2.25,4.389e-4,0,0.007,0.88,0.873,5.717e-7,896.454,0.001,336.365,0.21,6.4,32.17
25.617,2.911,2643.121,456.9,0.262,0.003,61.413,43.168,0,0.547,0.393,0.028,0.126,0.56,0.772,2.199,4.995e-4,0,0.007,0.88,0.873,6.505e-4,896.576,0.001,336.37,0.21,6.4,32.17
25.634,2.748,2643.121,456.9,0.262,0.003,61.469,43.168,0,0.547,0.393,0.028,0.126,0.558,0.726,2.073,4.396e-4,0,0.007,0.88,0.874,0.002,896.702,0.001,336.374,0.21,6.4,32.17
25.652,2.471,2643.121,456.9,0.262,0.003,61.566,43.168,0,0.547,0.393,0.028,0.126,0.556,0.649,1.86,2.784e-4,0,0.007,0.88,0.874,0.005,896.84,0.001,336.379,0.211,6.4,32.17
25.673,2.047,2643.121,456.9,0.262,0.003,61.717,43.168,0,0.547,0.393,0.028,0.126,0.554,0.532,1.535,4.736e-4,0,0.007,0.88,0.874,0.008,896.995,0.001,336.385,0.211,6.4,32.17
25.695,1.549,2643.121,456.9,0.262,0.003,61.9,43.168,0,0.547,0.393,0.028,0.126,0.551,0.398,1.158,2.722e-4,0,0.007,0.88,0.874,0.007,897.166,0.001,336.391,0.212,6.4,32.17
25.718,1.185,2643.121,456.9,0.262,0.003,62.039,43.168,0,0.547,0.393,0.028,0.126,0.549,0.302,0.89,-2.381e-4,0,0.007,0.88,0.874,0.001,897.338,0.001,336.398,0.212,6.4,32.17
25.741,1.212,2643.121,456.9,0.262,0.003,62.026,43.168,0,0.547,0.393,0.028,0.126,0.55,0.309,0.914,2.396e-4,0,0.007,0.881,0.874,-0.002,897.511,0.001,336.404,0.213,6.4,32.17
25.764,1.562,2643.121,456.9,0.262,0.003,61.891,43.168,0,0.547,0.393,0.028,0.126,0.551,0.402,1.181,-2.421e-4,0,0.007,0.881,0.874,-0.007,897.684,0.001,336.411,0.213,6.4,32.17
25.786,1.986,2643.121,456.9,0.262,0.003,61.735,43.168,0,0.547,0.393,0.028,0.126,0.554,0.516,1.503,-3.543e-5,0,0.007,0.881,0.874,-0.007,897.858,0.001,336.417,0.214,6.4,32.17
25.809,2.351,2643.121,456.9,0.262,0.003,61.605,43.168,0,0.548,0.393,0.029,0.126,0.556,0.616,1.777,-4.025e-4,0,0.007,0.881,0.874,-0.004,898.032,0.001,336.423,0.214,6.4,32.17
25.832,2.589,2643.121,456.9,0.262,0.003,61.522,43.168,0,0.548,0.393,0.029,0.126,0.558,0.682,1.956,2.48e-4,0,0.007,0.881,0.874,-0.002,898.203,0.001,336.43,0.215,6.4,32.17
25.852,2.684,2643.121,456.9,0.262,0.003,61.489,43.168,0,0.548,0.393,0.029,0.126,0.559,0.708,2.027,2.571e-4,0,0.006,0.881,0.874,-2.662e-4,898.359,0.001,336.436,0.215,6.4,32.17
25.872,2.65,2643.121,456.9,0.262,0.003,61.502,43.168,0,0.548,0.393,0.029,0.126,0.559,0.699,2.001,-1.436e-4,0,0.006,0.881,0.874,1.123e-4,898.513,0.001,336.441,0.216,6.4,32.17
25.893,2.484,2643.121,456.9,0.262,0.003,61.561,43.168,0,0.548,0.393,0.029,0.126,0.557,0.652,1.874,-8.177e-5,0,0.006,0.881,0.874,0.001,898.674,0.001,336.447,0.216,6.4,32.17
25.916,2.152,2643.121,456.9,0.262,0.003,61.679,43.168,0,0.548,0.393,0.029,0.126,0.555,0.561,1.62,-7.248e-5,0,0.006,0.881,0.874,0.003,898.855,0.001,336.454,0.217,6.4,32.17
25.939,1.713,2643.121,456.9,0.262,0.003,61.836,43.168,0,0.548,0.393,0.029,0.126,0.553,0.442,1.285,3.903e-5,0,0.006,0.881,0.875,0.005,899.044,0.001,336.46,0.217,6.4,32.17
25.962,1.284,2643.121,456.9,0.262,0.003,61.99,43.168,0,0.548,0.393,0.029,0.126,0.551,0.328,0.963,3.331e-4,0,0.006,0.881,0.875,0.002,899.234,0.001,336.467,0.218,6.4,32.17
25.986,1.143,2643.121,456.9,0.262,0.003,62.039,43.168,0,0.548,0.393,0.029,0.126,0.55,0.291,0.859,-3.669e-4,0,0.006,0.881,0.875,-6.547e-4,899.425,0.001,336.474,0.218,6.4,32.17
26.009,1.444,2643.121,456.9,0.262,0.003,61.93,43.168,0,0.548,0.393,0.029,0.126,0.552,0.371,1.092,4.985e-4,0,0.006,0.881,0.875,-0.005,899.618,0.001,336.481,0.219,6.4,32.17
26.033,1.866,2643.121,456.9,0.262,0.003,61.778,43.168,0,0.548,0.393,0.029,0.126,0.554,0.483,1.411,2.553e-4,0,0.006,0.881,0.875,-0.005,899.812,0.001,336.487,0.219,6.4,32.17
26.056,2.221,2643.121,456.9,0.262,0.003,61.652,43.168,0,0.548,0.393,0.029,0.126,0.556,0.58,1.679,1.795e-4,0,0.006,0.881,0.875,-0.003,900.005,0.001,336.494,0.22,6.4,32.17
26.077,2.414,2643.121,456.9,0.262,0.003,61.583,43.168,0,0.549,0.393,0.029,0.126,0.558,0.633,1.823,1.944e-4,0,0.006,0.881,0.875,-0.001,900.174,0.001,336.5,0.22,6.4,32.17
26.095,2.477,2643.121,456.9,0.262,0.003,61.561,43.168,0,0.549,0.393,0.029,0.126,0.558,0.651,1.87,-3.036e-4,0,0.006,0.881,0.875,-7.764e-5,900.327,0.001,336.506,0.221,6.4,32.17
26.113,2.448,2643.121,456.9,0.262,0.003,61.57,43.168,0,0.549,0.393,0.029,0.126,0.558,0.643,1.847,3.729e-4,0,0.006,0.881,0.875,2.017e-4,900.473,0.001,336.511,0.221,6.4,32.17
26.13,2.325,2643.121,456.9,0.262,0.003,61.614,43.168,0,0.549,0.393,0.029,0.126,0.557,0.609,1.753,1.242e-4,0,0.006,0.881,0.875,0.001,900.618,0.001,336.516,0.222,6.4,32.17
26.148,2.103,2643.121,456.9,0.262,0.003,61.693,43.168,0,0.549,0.393,0.029,0.126,0.556,0.548,1.582,4.541e-4,0,0.006,0.881,0.875,0.003,900.767,0.001,336.521,0.222,6.4,32.17
26.168,1.764,2643.121,456.9,0.262,0.003,61.815,43.168,0,0.549,0.393,0.03,0.126,0.554,0.456,1.324,-5.886e-5,0,0.006,0.881,0.875,0.005,900.932,0.001,336.527,0.222,6.4,32.17
26.192,1.336,2643.121,456.9,0.262,0.003,61.976,43.168,0,0.549,0.393,0.03,0.126,0.552,0.342,1.001,-3.444e-4,0,0.006,0.881,0.875,0.004,901.13,0.001,336.534,0.223,6.4,32.17
26.215,1.075,2643.121,456.9,0.262,0.003,62.082,43.168,0,0.549,0.393,0.03,0.126,0.551,0.274,0.808,-3.669e-4,0,0.006,0.881,0.875,1.339e-4,901.328,0.001,336.541,0.224,6.4,32.17
26.239,1.19,2643.121,456.9,0.262,0.003,62.044,43.168,0,0.549,0.393,0.03,0.127,0.551,0.304,0.898,-2.295e-4,0,0.006,0.881,0.875,-0.003,901.525,0.001,336.548,0.224,6.4,32.17
26.263,1.556,2643.121,456.9,0.262,0.003,61.909,43.168,0,0.549,0.393,0.03,0.127,0.553,0.4,1.177,-2.443e-4,0,0.006,0.881,0.875,-0.005,901.723,0.001,336.555,0.225,6.4,32.17
26.286,1.94,2643.121,456.9,0.262,0.003,61.768,43.168,0,0.549,0.393,0.03,0.127,0.555,0.504,1.467,-1.047e-4,0,0.006,0.881,0.875,-0.004,901.921,0.001,336.562,0.225,6.4,32.17
26.306,2.18,2643.121,456.9,0.262,0.003,61.682,43.168,0,0.549,0.393,0.03,0.127,0.557,0.569,1.648,-4.666e-5,0,0.006,0.881,0.876,-0.002,902.086,0.001,336.568,0.226,6.4,32.17
26.323,2.326,2643.121,456.9,0.262,0.003,61.631,43.168,0,0.549,0.393,0.03,0.127,0.558,0.609,1.758,3.646e-4,0,0.006,0.881,0.876,-8.687e-4,902.232,0.001,336.573,0.226,6.4,32.17
26.339,2.408,2643.121,456.9,0.262,0.003,61.602,43.168,0,0.55,0.393,0.03,0.127,0.558,0.632,1.82,4.351e-4,0,0.006,0.881,0.876,-1.413e-4,902.369,0.001,336.578,0.226,6.4,32.17
26.355,2.417,2643.121,456.9,0.262,0.003,61.599,43.168,0,0.55,0.393,0.03,0.127,0.559,0.634,1.827,3.936e-4,0,0.005,0.881,0.876,4.998e-5,902.501,0.001,336.582,0.227,6.4,32.17
26.37,2.329,2643.121,456.9,0.262,0.003,61.631,43.168,0,0.55,0.393,0.03,0.127,0.558,0.61,1.759,4.077e-4,0,0.005,0.881,0.876,7.361e-4,902.632,0.001,336.587,0.227,6.4,32.17
26.386,2.16,2643.121,456.9,0.262,0.003,61.691,43.168,0,0.55,0.393,0.03,0.127,0.557,0.564,1.629,-7.34e-5,0,0.005,0.881,0.876,0.002,902.766,0.001,336.592,0.227,6.4,32.17
26.403,1.904,2643.121,456.9,0.262,0.003,61.784,43.168,0,0.55,0.393,0.03,0.127,0.555,0.494,1.433,-3.447e-5,0,0.005,0.881,0.876,0.004,902.911,0.001,336.597,0.228,6.4,32.17
26.422,1.53,2643.121,456.9,0.262,0.003,61.92,43.168,0,0.55,0.393,0.03,0.127,0.554,0.393,1.147,1.934e-4,0,0.005,0.881,0.876,0.005,903.074,0.001,336.603,0.228,6.4,32.17
26.446,1.085,2643.121,456.9,0.262,0.003,62.083,43.168,0,0.55,0.393,0.03,0.127,0.552,0.276,0.814,-6.204e-5,0,0.005,0.881,0.876,0.002,903.28,0.001,336.61,0.229,6.4,32.17
26.47,0.953,2643.121,456.9,0.262,0.003,62.123,43.168,0,0.55,0.393,0.03,0.127,0.551,0.242,0.716,4.721e-4,0,0.005,0.881,0.876,-3.561e-4,903.485,0.001,336.617,0.229,6.4,32.17
26.494,1.212,2643.121,456.9,0.262,0.003,62.02,43.168,0,0.55,0.393,0.03,0.127,0.552,0.309,0.916,1.931e-4,0,0.005,0.881,0.876,-0.005,903.691,0.001,336.624,0.23,6.4,32.17
26.518,1.642,2643.121,456.9,0.262,0.003,61.861,43.168,0,0.55,0.393,0.031,0.127,0.554,0.423,1.242,-4.402e-4,0,0.005,0.882,0.876,-0.005,903.898,0.001,336.632,0.23,6.4,32.17
26.539,1.995,2643.121,456.9,0.262,0.003,61.733,43.168,0,0.55,0.393,0.031,0.127,0.557,0.519,1.507,-1.007e-4,0,0.005,0.882,0.876,-0.003,904.082,0.001,336.638,0.231,6.4,32.17
26.557,2.203,2643.121,456.9,0.262,0.003,61.659,43.168,0,0.55,0.393,0.031,0.127,0.558,0.575,1.663,4.489e-4,0,0.005,0.882,0.876,-0.001,904.234,0.001,336.643,0.231,6.4,32.17
26.572,2.307,2643.121,456.9,0.262,0.003,61.623,43.168,0,0.55,0.393,0.031,0.127,0.559,0.604,1.742,2.43e-4,0,0.005,0.882,0.876,-3.413e-4,904.371,0.001,336.648,0.231,6.4,32.17
26.587,2.326,2643.121,456.9,0.262,0.003,61.616,43.168,0,0.55,0.393,0.031,0.127,0.559,0.609,1.756,-2.879e-4,0,0.005,0.882,0.876,3.109e-6,904.502,0.001,336.653,0.232,6.4,32.17
26.602,2.265,2643.121,456.9,0.262,0.003,61.638,43.168,0,0.55,0.393,0.031,0.127,0.559,0.592,1.708,1.041e-4,0,0.005,0.882,0.876,4.615e-4,904.631,0.001,336.657,0.232,6.4,32.17
26.618,2.117,2643.121,456.9,0.262,0.003,61.691,43.168,0,0.551,0.393,0.031,0.127,0.558,0.552,1.595,9.317e-5,0,0.005,0.882,0.876,0.002,904.765,0.001,336.662,0.232,6.4,32.17
26.634,1.893,2643.121,456.9,0.262,0.003,61.772,43.168,0,0.551,0.393,0.031,0.127,0.556,0.491,1.424,1.882e-4,0,0.005,0.882,0.877,0.003,904.908,0.001,336.667,0.233,6.4,32.17
26.653,1.589,2643.121,456.9,0.262,0.003,61.883,43.168,0,0.551,0.393,0.031,0.127,0.555,0.409,1.193,-1.948e-4,0,0.005,0.882,0.877,0.004,905.068,0.001,336.673,0.233,6.4,32.17
26.674,1.22,2643.121,456.9,0.262,0.003,62.019,43.168,0,0.551,0.393,0.031,0.127,0.553,0.312,0.914,1.158e-4,0,0.005,0.882,0.877,0.003,905.259,0.001,336.68,0.234,6.4,32.17
26.699,0.968,2643.121,456.9,0.262,0.003,62.119,43.168,0,0.551,0.393,0.031,0.127,0.552,0.246,0.727,3.603e-5,0,0.005,0.882,0.877,1.731e-4,905.473,0.001,336.687,0.234,6.4,32.17
26.723,1.044,2643.121,456.9,0.262,0.003,62.101,43.168,0,0.551,0.393,0.031,0.127,0.553,0.265,0.788,-3.15e-5,0,0.005,0.882,0.877,-0.003,905.689,0.001,336.695,0.235,6.4,32.17
26.748,1.409,2643.121,456.9,0.262,0.003,61.969,43.168,0,0.551,0.393,0.031,0.127,0.554,0.361,1.067,1.606e-4,0,0.005,0.882,0.877,-0.005,905.903,0.001,336.702,0.235,6.4,32.17
26.772,1.796,2643.121,456.9,0.262,0.003,61.828,43.168,0,0.551,0.393,0.031,0.127,0.556,0.465,1.358,-2.073e-4,0,0.005,0.882,0.877,-0.004,906.117,0.001,336.71,0.236,6.4,32.17
26.791,2.013,2643.121,456.9,0.262,0.003,61.749,43.168,0,0.551,0.393,0.031,0.127,0.558,0.524,1.522,1.6e-4,0,0.005,0.882,0.877,-0.002,906.286,0.001,336.716,0.236,6.4,32.17
26.808,2.114,2643.121,456.9,0.262,0.003,61.713,43.168,0,0.551,0.393,0.031,0.127,0.558,0.551,1.597,-4.405e-4,0,0.005,0.882,0.877,-4.663e-4,906.436,0.001,336.721,0.237,6.4,32.17
26.824,2.119,2643.121,456.9,0.262,0.003,61.711,43.168,0,0.551,0.393,0.031,0.127,0.558,0.552,1.6,-2.518e-4,0,0.005,0.882,0.877,-3.164e-6,906.58,0.001,336.726,0.237,6.4,32.17
26.84,2.038,2643.121,456.9,0.262,0.003,61.74,43.168,0,0.551,0.393,0.031,0.127,0.558,0.53,1.538,8.245e-5,0,0.005,0.882,0.877,2.958e-4,906.726,0.001,336.731,0.237,6.4,32.17
26.858,1.889,2643.121,456.9,0.262,0.003,61.794,43.168,0,0.551,0.393,0.031,0.127,0.557,0.49,1.425,-2.948e-4,0,0.005,0.882,0.877,0.001,906.878,0.001,336.737,0.238,6.4,32.17
26.876,1.674,2643.121,456.9,0.262,0.003,61.872,43.168,0,0.552,0.393,0.032,0.127,0.556,0.432,1.26,3.916e-4,0,0.005,0.882,0.877,0.002,907.044,0.001,336.742,0.238,6.4,32.17
26.897,1.377,2643.121,456.9,0.262,0.003,61.982,43.168,0,0.552,0.393,0.032,0.127,0.555,0.353,1.035,-8.223e-5,0,0.005,0.882,0.877,0.003,907.23,0.001,336.749,0.238,6.4,32.17
26.922,1.034,2643.121,456.9,0.262,0.003,62.113,43.168,0,0.552,0.393,0.032,0.127,0.553,0.263,0.777,6.546e-5,0,0.005,0.882,0.877,0.001,907.452,0.001,336.757,0.239,6.4,32.17
26.947,1.005,2643.121,456.9,0.262,0.003,62.118,43.168,0,0.552,0.393,0.032,0.127,0.553,0.256,0.758,-3.736e-4,0,0.005,0.882,0.877,-5.498e-4,907.675,0.001,336.765,0.239,6.4,32.17
26.972,1.267,2643.121,456.9,0.262,0.003,62.014,43.168,0,0.552,0.393,0.032,0.127,0.554,0.324,0.957,1.889e-5,0,0.005,0.882,0.877,-0.003,907.9,0.001,336.773,0.24,6.4,32.17
26.997,1.582,2643.121,456.9,0.262,0.003,61.896,43.168,0,0.552,0.393,0.032,0.128,0.556,0.407,1.194,3.803e-4,0,0.005,0.882,0.877,-0.002,908.125,0.001,336.781,0.241,6.4,32.17
27.021,1.826,2643.121,456.9,0.262,0.003,61.807,43.168,0,0.552,0.393,0.032,0.128,0.557,0.473,1.378,2.491e-4,0,0.005,0.882,0.878,-8.159e-4,908.345,0.001,336.788,0.241,6.4,32.17
27.042,1.909,2643.121,456.9,0.262,0.003,61.778,43.168,0,0.552,0.393,0.032,0.128,0.558,0.495,1.44,1.987e-4,0,0.005,0.882,0.878,-5.109e-5,908.535,0.001,336.795,0.241,6.4,32.17
27.062,1.856,2643.121,456.9,0.262,0.003,61.798,43.168,0,0.552,0.393,0.032,0.128,0.558,0.481,1.4,3.791e-5,0,0.005,0.882,0.878,1.494e-4,908.72,0.001,336.802,0.242,6.4,32.17
27.083,1.703,2643.121,456.9,0.262,0.003,61.853,43.168,0,0.552,0.393,0.032,0.128,0.557,0.44,1.283,4.394e-4,0,0.005,0.882,0.878,7.584e-4,908.911,0.001,336.808,0.242,6.4,32.17
27.106,1.471,2643.121,456.9,0.262,0.003,61.937,43.168,0,0.552,0.393,0.032,0.128,0.556,0.378,1.107,1.115e-4,0,0.005,0.882,0.878,0.001,909.117,0.001,336.816,0.243,6.4,32.17
27.131,1.181,2643.121,456.9,0.262,0.003,62.043,43.168,0,0.552,0.393,0.032,0.128,0.555,0.301,0.888,-1.255e-4,0,0.005,0.882,0.878,0.001,909.345,0.001,336.824,0.243,6.4,32.17
27.156,1.028,2643.121,456.9,0.262,0.003,62.098,43.168,0,0.553,0.392,0.032,0.128,0.554,0.261,0.773,2.569e-4,0,0.005,0.882,0.878,1.376e-7,909.576,0.001,336.832,0.244,6.4,32.17
27.182,1.14,2643.121,456.9,0.262,0.003,62.059,43.168,0,0.553,0.392,0.032,0.128,0.555,0.291,0.859,4.729e-4,0,0.004,0.882,0.878,-9.73e-4,909.807,0.001,336.84,0.244,6.4,32.17
27.207,1.385,2643.121,456.9,0.262,0.003,61.971,43.168,0,0.553,0.392,0.032,0.128,0.556,0.355,1.045,-1.043e-4,0,0.004,0.882,0.878,-0.002,910.039,0.001,336.848,0.245,6.4,32.17
27.232,1.663,2643.121,456.9,0.262,0.003,61.871,43.168,0,0.553,0.392,0.033,0.128,0.557,0.429,1.256,3.898e-4,0,0.004,0.882,0.878,-0.001,910.273,0.001,336.856,0.245,6.4,32.17
27.256,1.832,2643.121,456.9,0.262,0.003,61.81,43.168,0,0.553,0.392,0.033,0.128,0.558,0.475,1.382,1.147e-4,0,0.004,0.883,0.878,-1.972e-4,910.491,0.001,336.864,0.246,6.4,32.17
27.277,1.821,2643.121,456.9,0.262,0.003,61.814,43.168,0,0.553,0.392,0.033,0.128,0.558,0.472,1.374,-3.361e-4,0,0.004,0.883,0.878,5.073e-5,910.689,0.001,336.871,0.246,6.4,32.17
27.298,1.692,2643.121,456.9,0.262,0.003,61.861,43.168,0,0.553,0.392,0.033,0.128,0.558,0.437,1.275,-3.466e-4,0,0.004,0.883,0.878,6.705e-4,910.885,0.001,336.878,0.247,6.4,32.17
27.321,1.47,2643.121,456.9,0.262,0.003,61.943,43.168,0,0.553,0.392,0.033,0.128,0.557,0.378,1.106,1.206e-4,0,0.004,0.883,0.878,0.002,911.093,0.001,336.885,0.247,6.4,32.17
27.347,1.143,2643.121,456.9,0.262,0.003,62.068,43.168,0,0.553,0.392,0.033,0.128,0.555,0.292,0.859,3.493e-4,0,0.004,0.883,0.878,0.002,911.333,0.001,336.894,0.248,6.4,32.17
27.373,0.921,2643.121,456.9,0.262,0.003,62.159,43.168,0,0.553,0.392,0.033,0.128,0.555,0.234,0.694,-1.707e-5,0,0.004,0.883,0.878,3.084e-5,911.574,0.001,336.902,0.248,6.4,32.17
27.398,1.054,2643.121,456.9,0.262,0.003,62.111,43.168,0,0.553,0.392,0.033,0.128,0.555,0.268,0.796,-4.61e-4,0,0.004,0.883,0.878,-0.001,911.815,0.001,336.911,0.249,6.4,32.17
27.424,1.319,2643.121,456.9,0.262,0.003,62.011,43.168,0,0.554,0.392,0.033,0.128,0.556,0.338,0.996,-3.106e-4,0,0.004,0.883,0.879,-0.002,912.055,0.001,336.919,0.249,6.4,32.17
27.448,1.566,2643.121,456.9,0.262,0.003,61.919,43.168,0,0.554,0.392,0.033,0.128,0.558,0.403,1.183,-8.25e-5,0,0.004,0.883,0.879,-0.002,912.279,0.001,336.927,0.25,6.4,32.17
27.468,1.738,2643.121,456.9,0.262,0.003,61.857,43.168,0,0.554,0.392,0.033,0.128,0.559,0.449,1.313,4.186e-4,0,0.004,0.883,0.879,-3.788e-4,912.473,0.001,336.934,0.25,6.4,32.17
27.487,1.772,2643.121,456.9,0.262,0.003,61.845,43.168,0,0.554,0.392,0.033,0.128,0.559,0.459,1.339,3.536e-4,0,0.004,0.883,0.879,1.381e-6,912.645,0.001,336.94,0.251,6.4,32.17
27.504,1.696,2643.121,456.9,0.262,0.003,61.873,43.168,0,0.554,0.392,0.033,0.128,0.558,0.438,1.281,-1.785e-4,0,0.004,0.883,0.879,3.997e-4,912.811,0.001,336.946,0.251,6.4,32.17
27.522,1.534,2643.121,456.9,0.262,0.003,61.933,43.168,0,0.554,0.392,0.033,0.128,0.558,0.395,1.156,1.631e-4,0,0.004,0.883,0.879,0.001,912.981,0.001,336.952,0.252,6.4,32.17
27.542,1.285,2643.121,456.9,0.262,0.003,62.025,43.168,0,0.554,0.392,0.033,0.128,0.557,0.329,0.967,4.596e-4,0,0.004,0.883,0.879,0.002,913.169,0.001,336.958,0.252,6.4,32.17
27.566,1.004,2643.121,456.9,0.262,0.003,62.128,43.168,0,0.554,0.392,0.034,0.128,0.556,0.255,0.755,3.386e-4,0,0.004,0.883,0.879,0.001,913.397,0.001,336.966,0.252,6.4,32.17
27.592,0.883,2643.121,456.9,0.262,0.003,62.165,43.168,0,0.554,0.392,0.034,0.128,0.556,0.224,0.664,4.517e-4,0,0.004,0.883,0.879,-5.191e-6,913.644,0.001,336.975,0.253,6.4,32.17
27.619,1.021,2643.121,456.9,0.262,0.003,62.108,43.168,0,0.554,0.392,0.034,0.128,0.556,0.26,0.77,2.364e-4,0,0.004,0.883,0.879,-0.001,913.893,0.001,336.984,0.253,6.4,32.17
27.645,1.268,2643.121,456.9,0.262,0.003,62.015,43.168,0,0.554,0.392,0.034,0.128,0.557,0.324,0.957,-1.74e-4,0,0.004,0.883,0.879,-0.002,914.144,0.001,336.993,0.254,6.4,32.17
27.668,1.469,2643.121,456.9,0.262,0.003,61.941,43.168,0,0.555,0.392,0.034,0.128,0.558,0.378,1.108,2.203e-4,0,0.004,0.883,0.879,-0.001,914.359,0.001,337,0.254,6.4,32.17
27.687,1.588,2643.121,456.9,0.262,0.003,61.898,43.168,0,0.555,0.392,0.034,0.128,0.559,0.409,1.198,8.069e-5,0,0.004,0.883,0.879,-3.737e-4,914.545,0.001,337.007,0.255,6.4,32.17
27.705,1.627,2643.121,456.9,0.262,0.003,61.883,43.168,0,0.555,0.392,0.034,0.128,0.559,0.42,1.228,-2.371e-4,0,0.004,0.883,0.879,-2.542e-5,914.717,0.001,337.013,0.255,6.4,32.17
27.722,1.595,2643.121,456.9,0.262,0.003,61.895,43.168,0,0.555,0.392,0.034,0.128,0.559,0.411,1.204,4.506e-4,0,0.004,0.883,0.879,8.076e-5,914.884,0.001,337.019,0.256,6.4,32.17
27.74,1.497,2643.121,456.9,0.262,0.003,61.932,43.168,0,0.555,0.392,0.034,0.129,0.558,0.385,1.128,-4.968e-4,0,0.004,0.883,0.879,4.631e-4,915.054,0.001,337.025,0.256,6.4,32.17
27.759,1.336,2643.121,456.9,0.262,0.003,61.992,43.168,0,0.555,0.392,0.034,0.129,0.558,0.342,1.006,3.813e-4,0,0.004,0.883,0.879,9.315e-4,915.236,0.001,337.031,0.256,6.4,32.17
27.78,1.127,2643.121,456.9,0.262,0.003,62.071,43.168,0,0.555,0.392,0.034,0.129,0.557,0.287,0.848,-2.379e-4,0,0.004,0.883,0.879,9.764e-4,915.44,0.001,337.038,0.257,6.4,32.17
27.806,0.938,2643.121,456.9,0.262,0.003,62.148,43.168,0,0.555,0.392,0.034,0.129,0.557,0.238,0.706,-2.898e-4,0,0.004,0.883,0.879,1.505e-4,915.689,0.001,337.047,0.257,6.4,32.17
27.833,0.947,2643.121,456.9,0.262,0.003,62.152,43.168,0,0.555,0.392,0.034,0.129,0.557,0.241,0.714,1.426e-5,0,0.004,0.883,0.88,-4.156e-4,915.947,0.001,337.056,0.258,6.4,32.17
27.859,1.137,2643.121,456.9,0.262,0.003,62.086,43.168,0,0.555,0.392,0.034,0.129,0.557,0.29,0.859,5.495e-5,0,0.004,0.883,0.88,-0.001,916.206,0.001,337.065,0.258,6.4,32.17
27.884,1.352,2643.121,456.9,0.262,0.003,62.007,43.168,0,0.555,0.392,0.035,0.129,0.558,0.347,1.021,-1.83e-4,0,0.004,0.883,0.88,-0.001,916.45,0.001,337.074,0.259,6.4,32.17
27.905,1.49,2643.121,456.9,0.262,0.003,61.956,43.168,0,0.556,0.392,0.035,0.129,0.559,0.383,1.125,-9.219e-5,0,0.004,0.883,0.88,-4.749e-4,916.649,0.001,337.081,0.259,6.4,32.17
27.923,1.534,2643.121,456.9,0.262,0.003,61.94,43.168,0,0.556,0.392,0.035,0.129,0.559,0.395,1.159,-3.032e-4,0,0.004,0.883,0.88,-4.938e-5,916.829,0.001,337.087,0.26,6.4,32.17
27.941,1.499,2643.121,456.9,0.262,0.003,61.953,43.168,0,0.556,0.392,0.035,0.129,0.559,0.386,1.132,-6.151e-5,0,0.004,0.883,0.88,5.209e-5,917.003,0.001,337.094,0.26,6.4,32.17
27.959,1.393,2643.121,456.9,0.262,0.003,61.993,43.168,0,0.556,0.392,0.035,0.129,0.559,0.358,1.051,4.923e-4,0,0.004,0.883,0.88,3.815e-4,917.181,0.001,337.1,0.26,6.4,32.17
27.979,1.225,2643.121,456.9,0.262,0.003,62.056,43.168,0,0.556,0.392,0.035,0.129,0.558,0.313,0.923,3.06e-6,0,0.004,0.884,0.88,7.547e-4,917.373,0.001,337.107,0.261,6.4,32.17
28.001,1.02,2643.121,456.9,0.262,0.003,62.133,43.168,0,0.556,0.392,0.035,0.129,0.558,0.26,0.768,-3.455e-4,0,0.004,0.884,0.88,6.352e-4,917.589,0.001,337.114,0.261,6.4,32.17
28.028,0.884,2643.121,456.9,0.262,0.003,62.181,43.168,0,0.556,0.392,0.035,0.129,0.557,0.224,0.667,3.602e-4,0,0.004,0.884,0.88,1.267e-5,917.85,0.001,337.123,0.262,6.4,32.17
28.055,0.955,2643.121,456.9,0.262,0.003,62.148,43.168,0,0.556,0.392,0.035,0.129,0.558,0.243,0.719,3.987e-6,0,0.004,0.884,0.88,-5.01e-4,918.117,0.001,337.133,0.262,6.4,32.17
28.082,1.152,2643.121,456.9,0.262,0.003,62.07,43.168,0,0.556,0.392,0.035,0.129,0.558,0.294,0.869,-4.056e-4,0,0.004,0.884,0.88,-8.09e-4,918.385,0.001,337.142,0.263,6.4,32.17
28.108,1.321,2643.121,456.9,0.262,0.003,62.006,43.168,0,0.556,0.392,0.035,0.129,0.559,0.339,0.997,4.452e-4,0,0.004,0.884,0.88,-3.545e-4,918.647,0.001,337.152,0.263,6.4,32.17
28.131,1.384,2643.121,456.9,0.262,0.003,61.982,43.168,0,0.556,0.392,0.035,0.129,0.56,0.355,1.043,-2.536e-4,0,0.004,0.884,0.88,-2.448e-5,918.866,0.001,337.159,0.264,6.4,32.17
28.151,1.348,2643.121,456.9,0.262,0.003,61.996,43.168,0,0.557,0.392,0.035,0.129,0.559,0.346,1.017,1.378e-4,0,0.003,0.884,0.88,7.748e-5,919.073,0.001,337.167,0.264,6.4,32.17
28.173,1.229,2643.121,456.9,0.262,0.003,62.04,43.168,0,0.557,0.392,0.035,0.129,0.559,0.314,0.926,1.502e-4,0,0.003,0.884,0.88,3.523e-4,919.285,0.001,337.174,0.265,6.4,32.17
28.195,1.057,2643.121,456.9,0.262,0.003,62.103,43.168,0,0.557,0.392,0.035,0.129,0.559,0.269,0.797,-3.75e-4,0,0.003,0.884,0.88,4.539e-4,919.512,0.001,337.182,0.265,6.4,32.17
28.221,0.86,2643.121,456.9,0.262,0.003,62.177,43.168,0,0.557,0.392,0.036,0.129,0.558,0.218,0.647,4.779e-4,0,0.003,0.884,0.88,9.761e-5,919.766,0.001,337.191,0.265,6.4,32.17
28.249,0.832,2643.121,456.9,0.262,0.003,62.192,43.168,0,0.557,0.392,0.036,0.129,0.558,0.211,0.627,4.186e-4,0,0.003,0.884,0.88,-5.448e-4,920.044,0.001,337.201,0.266,6.4,32.17
28.277,1.071,2643.121,456.9,0.262,0.003,62.108,43.168,0,0.557,0.392,0.036,0.129,0.559,0.273,0.808,4.904e-4,0,0.003,0.884,0.881,-0.001,920.325,0.001,337.211,0.267,6.4,32.17
28.305,1.322,2643.121,456.9,0.262,0.003,62.016,43.168,0,0.557,0.392,0.036,0.129,0.56,0.339,0.998,-4.58e-4,0,0.003,0.884,0.881,-6.02e-4,920.607,0.001,337.221,0.267,6.4,32.17
28.33,1.386,2643.121,456.9,0.262,0.003,61.992,43.168,0,0.557,0.392,0.036,0.129,0.56,0.356,1.046,-3.545e-6,0,0.003,0.884,0.881,-1.202e-5,920.863,0.001,337.23,0.268,6.4,32.17
28.356,1.291,2643.121,456.9,0.262,0.003,62.027,43.168,0,0.557,0.392,0.036,0.129,0.56,0.331,0.974,-4.71e-4,0,0.003,0.884,0.881,2.546e-4,921.115,0.001,337.239,0.268,6.4,32.17
28.383,1.07,2643.121,456.9,0.262,0.003,62.111,43.168,0,0.557,0.392,0.036,0.129,0.559,0.273,0.806,-4.823e-4,0,0.003,0.884,0.881,8.536e-4,921.392,0.001,337.248,0.269,6.4,32.17
28.411,0.808,2643.121,456.9,0.262,0.003,62.215,43.168,0,0.558,0.392,0.036,0.129,0.559,0.205,0.609,3.805e-4,0,0.003,0.884,0.881,5.891e-4,921.675,0.001,337.258,0.269,6.4,32.17
28.439,0.699,2643.121,456.9,0.262,0.003,62.262,43.168,0,0.558,0.392,0.036,0.129,0.558,0.177,0.527,1.613e-4,0,0.003,0.884,0.881,-6.284e-5,921.96,0.001,337.268,0.27,6.4,32.17
28.467,0.857,2643.121,456.9,0.262,0.003,62.198,43.168,0,0.558,0.392,0.036,0.129,0.559,0.217,0.647,-2.171e-5,0,0.003,0.884,0.881,-0.001,922.247,0.001,337.278,0.27,6.4,32.17
28.496,1.111,2643.121,456.9,0.262,0.003,62.1,43.168,0,0.558,0.392,0.036,0.13,0.56,0.283,0.839,1.993e-4,0,0.003,0.884,0.881,-0.001,922.535,0.001,337.289,0.271,6.4,32.17
28.522,1.298,2643.121,456.9,0.262,0.003,62.03,43.168,0,0.558,0.392,0.036,0.13,0.561,0.333,0.981,4.549e-4,0,0.003,0.884,0.881,-2.335e-4,922.808,0.001,337.298,0.271,6.4,32.17
28.545,1.326,2643.121,456.9,0.262,0.003,62.021,43.168,0,0.558,0.392,0.037,0.13,0.561,0.34,1.002,-1.447e-4,0,0.003,0.884,0.881,1.328e-5,923.04,0.001,337.306,0.272,6.4,32.17
28.567,1.23,2643.121,456.9,0.262,0.003,62.058,43.168,0,0.558,0.392,0.037,0.13,0.561,0.315,0.928,2.173e-5,0,0.003,0.884,0.881,3.82e-4,923.261,0.001,337.314,0.272,6.4,32.17
28.59,1.035,2643.121,456.9,0.262,0.003,62.13,43.168,0,0.558,0.392,0.037,0.13,0.56,0.264,0.78,-2.02e-4,0,0.003,0.884,0.881,9.307e-4,923.497,0.001,337.323,0.273,6.4,32.17
28.618,0.773,2643.121,456.9,0.262,0.003,62.226,43.168,0,0.558,0.392,0.037,0.13,0.559,0.196,0.582,-2.466e-4,0,0.003,0.884,0.881,6.728e-4,923.783,0.001,337.333,0.273,6.4,32.17
28.646,0.678,2643.121,456.9,0.262,0.003,62.254,43.168,0,0.558,0.392,0.037,0.13,0.559,0.171,0.511,-1.583e-4,0,0.003,0.884,0.881,-4.969e-5,924.078,0.001,337.343,0.274,6.4,32.17
28.675,0.845,2643.121,456.9,0.262,0.003,62.189,43.168,0,0.559,0.392,0.037,0.13,0.56,0.214,0.638,-1.708e-4,0,0.003,0.884,0.881,-9.594e-4,924.374,0.001,337.353,0.274,6.4,32.17
28.704,1.08,2643.121,456.9,0.262,0.003,62.102,43.168,0,0.559,0.392,0.037,0.13,0.561,0.275,0.815,3.54e-4,0,0.003,0.885,0.881,-7.405e-4,924.672,0.001,337.364,0.275,6.4,32.17
28.727,1.194,2643.121,456.9,0.262,0.003,62.06,43.168,0,0.559,0.392,0.037,0.13,0.561,0.305,0.901,-2.679e-4,0,0.003,0.885,0.881,-2.1e-4,924.913,0.001,337.372,0.275,6.4,32.17
28.749,1.21,2643.121,456.9,0.262,0.003,62.055,43.168,0,0.559,0.392,0.037,0.13,0.561,0.309,0.913,-1.295e-4,0,0.003,0.885,0.882,-6.866e-7,925.133,0.001,337.38,0.275,6.4,32.17
28.769,1.172,2643.121,456.9,0.262,0.003,62.069,43.168,0,0.559,0.392,0.037,0.13,0.561,0.299,0.884,-9.593e-5,0,0.003,0.885,0.882,1.616e-4,925.349,0.001,337.388,0.276,6.4,32.17
28.791,1.049,2643.121,456.9,0.262,0.003,62.116,43.168,0,0.559,0.392,0.037,0.13,0.561,0.267,0.79,4.162e-4,0,0.003,0.885,0.882,5.917e-4,925.572,0.001,337.396,0.276,6.4,32.17
28.815,0.835,2643.121,456.9,0.262,0.003,62.2,43.168,0,0.559,0.392,0.037,0.13,0.56,0.212,0.63,3.591e-4,0,0.003,0.885,0.882,5.459e-4,925.822,0.001,337.405,0.277,6.4,32.17
28.844,0.761,2643.121,456.9,0.262,0.003,62.238,43.168,0,0.559,0.392,0.037,0.13,0.56,0.193,0.574,3.476e-5,0,0.003,0.885,0.882,-9.543e-6,926.127,0.001,337.415,0.277,6.4,32.17
28.874,0.837,2643.121,456.9,0.262,0.003,62.214,43.168,0,0.559,0.392,0.038,0.13,0.561,0.212,0.632,-2.475e-4,0,0.003,0.885,0.882,-3.669e-4,926.436,0.001,337.426,0.278,6.4,32.17
28.903,0.973,2643.121,456.9,0.262,0.003,62.164,43.168,0,0.56,0.392,0.038,0.13,0.561,0.248,0.735,2.36e-5,0,0.003,0.885,0.882,-4.622e-4,926.737,0.001,337.437,0.278,6.4,32.17
28.927,1.076,2643.121,456.9,0.262,0.003,62.125,43.168,0,0.56,0.392,0.038,0.13,0.562,0.274,0.813,4.082e-4,0,0.003,0.885,0.882,-1.799e-4,926.989,0.001,337.446,0.279,6.4,32.17
28.948,1.107,2643.121,456.9,0.262,0.003,62.114,43.168,0,0.56,0.392,0.038,0.13,0.562,0.283,0.836,3.772e-4,0,0.003,0.885,0.882,-8.845e-6,927.217,0.001,337.454,0.279,6.4,32.17
28.97,1.049,2643.121,456.9,0.262,0.003,62.136,43.168,0,0.56,0.392,0.038,0.13,0.562,0.267,0.792,-1.979e-4,0,0.003,0.885,0.882,6.687e-5,927.44,0.001,337.462,0.28,6.4,32.17
28.992,0.919,2643.121,456.9,0.262,0.003,62.185,43.168,0,0.56,0.392,0.038,0.13,0.561,0.233,0.693,-6.334e-5,0,0.003,0.885,0.882,2.231e-4,927.674,0.001,337.47,0.28,6.4,32.17
29.017,0.762,2643.121,456.9,0.262,0.003,62.242,43.168,0,0.56,0.392,0.038,0.13,0.561,0.193,0.575,3.098e-6,0,0.003,0.885,0.882,1.017e-4,927.945,0.001,337.479,0.28,6.4,32.17
29.047,0.732,2643.121,456.9,0.262,0.003,62.246,43.168,0,0.56,0.392,0.038,0.13,0.561,0.185,0.552,-2.534e-4,0,0.003,0.885,0.882,-1.111e-4,928.261,0.001,337.49,0.281,6.4,32.17
29.077,0.846,2643.121,456.9,0.262,0.003,62.198,43.168,0,0.56,0.392,0.038,0.13,0.561,0.215,0.639,-4.291e-4,0,0.003,0.885,0.882,-2.621e-4,928.578,0.001,337.502,0.282,6.4,32.17
29.107,0.935,2643.121,456.9,0.262,0.003,62.163,43.168,0,0.56,0.392,0.038,0.13,0.562,0.238,0.705,1.19e-4,0,0.003,0.885,0.882,-1.171e-4,928.895,0.001,337.513,0.282,6.4,32.17
29.133,0.961,2643.121,456.9,0.262,0.003,62.153,43.168,0,0.56,0.392,0.038,0.13,0.562,0.244,0.725,4.11e-4,0,0.003,0.885,0.882,-7.521e-6,929.167,0.001,337.522,0.283,6.4,32.17
29.157,0.927,2643.121,456.9,0.262,0.003,62.165,43.168,0,0.561,0.392,0.038,0.13,0.562,0.236,0.699,-9.585e-5,0,0.003,0.885,0.882,2.384e-5,929.426,0.001,337.532,0.283,6.4,32.17
29.182,0.843,2643.121,456.9,0.262,0.003,62.197,43.168,0,0.561,0.392,0.038,0.13,0.562,0.214,0.636,8.644e-5,0,0.003,0.885,0.882,1.061e-4,929.689,0.001,337.541,0.283,6.4,32.17
29.209,0.738,2643.121,456.9,0.262,0.003,62.238,43.168,0,0.561,0.392,0.039,0.13,0.562,0.187,0.556,4.686e-4,0,0.003,0.885,0.882,3.703e-5,929.975,0.001,337.551,0.284,6.4,32.17
29.239,0.756,2643.121,456.9,0.262,0.003,62.236,43.168,0,0.561,0.392,0.039,0.131,0.562,0.191,0.57,8.687e-5,0,0.003,0.885,0.883,-4.967e-5,930.299,0.001,337.562,0.284,6.4,32.17
29.269,0.827,2643.121,456.9,0.262,0.003,62.215,43.168,0,0.561,0.392,0.039,0.131,0.562,0.21,0.624,-1.199e-4,0,0.003,0.885,0.883,-1.419e-4,930.622,0.001,337.574,0.285,6.4,32.17
29.299,0.911,2643.121,456.9,0.262,0.003,62.187,43.168,0,0.561,0.392,0.039,0.131,0.562,0.231,0.688,-4.455e-4,0,0.003,0.885,0.883,-9.193e-5,930.948,0.001,337.585,0.286,6.4,32.17
29.329,0.915,2643.121,456.9,0.262,0.003,62.186,43.168,0,0.561,0.392,0.039,0.131,0.563,0.233,0.691,-2.005e-4,0,0.003,0.885,0.883,4.66e-6,931.264,0.001,337.596,0.286,6.4,32.17
29.357,0.824,2643.121,456.9,0.262,0.003,62.223,43.168,0,0.561,0.392,0.039,0.131,0.562,0.209,0.622,-3.279e-5,0,0.003,0.885,0.883,8.73e-5,931.568,0.001,337.607,0.287,6.4,32.17
29.386,0.733,2643.121,456.9,0.262,0.003,62.261,43.168,0,0.561,0.392,0.039,0.131,0.562,0.186,0.553,-4.2e-4,0,0.003,0.885,0.883,6.808e-5,931.887,0.001,337.618,0.287,6.4,32.17
29.417,0.678,2643.121,456.9,0.262,0.003,62.283,43.168,0,0.562,0.392,0.039,0.131,0.562,0.171,0.512,2.784e-4,0,0.003,0.885,0.883,-3.359e-6,932.22,0.001,337.63,0.288,6.4,32.17
29.448,0.725,2643.121,456.9,0.262,0.003,62.262,43.168,0,0.562,0.392,0.039,0.131,0.563,0.183,0.547,7.298e-5,0,0.003,0.886,0.883,-1.573e-4,932.555,0.001,337.642,0.288,6.4,32.17
29.479,0.861,2643.121,456.9,0.262,0.003,62.207,43.168,0,0.562,0.392,0.039,0.131,0.563,0.219,0.65,1.408e-5,0,0.003,0.886,0.883,-1.5e-4,932.891,0.001,337.654,0.289,6.4,32.17
29.51,0.924,2643.121,456.9,0.262,0.003,62.182,43.168,0,0.562,0.392,0.039,0.131,0.563,0.235,0.698,-3.587e-4,0,0.003,0.886,0.883,-1.623e-6,933.227,0.001,337.666,0.289,6.4,32.17
29.541,0.857,2643.121,456.9,0.262,0.003,62.206,43.168,0,0.562,0.392,0.04,0.131,0.563,0.218,0.647,-1.727e-4,0,0.003,0.886,0.883,7.743e-5,933.565,0.001,337.678,0.29,6.4,32.17
29.572,0.736,2643.121,456.9,0.262,0.003,62.249,43.168,0,0.562,0.392,0.04,0.131,0.563,0.186,0.555,-1.209e-4,0,0.002,0.886,0.883,1.16e-4,933.906,0.001,337.69,0.29,6.4,32.17
29.604,0.66,2643.121,456.9,0.262,0.003,62.274,43.168,0,0.562,0.392,0.04,0.131,0.563,0.167,0.498,8.989e-6,0,0.002,0.886,0.883,1.887e-6,934.25,0.001,337.702,0.291,6.4,32.17
29.635,0.683,2643.121,456.9,0.262,0.003,62.265,43.168,0,0.562,0.391,0.04,0.131,0.563,0.173,0.516,-4.604e-4,0,0.002,0.886,0.883,-1.272e-4,934.595,0.001,337.714,0.291,6.4,32.17
29.666,0.786,2643.121,456.9,0.262,0.003,62.228,43.168,0,0.562,0.391,0.04,0.131,0.564,0.199,0.594,4.561e-4,0,0.002,0.886,0.883,-1.547e-4,934.939,0.001,337.726,0.292,6.4,32.17
29.695,0.835,2643.121,456.9,0.262,0.003,62.211,43.168,0,0.563,0.391,0.04,0.131,0.564,0.212,0.63,1.684e-4,0,0.002,0.886,0.883,-2.802e-5,935.256,0.001,337.737,0.292,6.4,32.17
29.723,0.826,2643.121,456.9,0.262,0.003,62.217,43.168,0,0.563,0.391,0.04,0.131,0.564,0.21,0.624,-4.031e-4,0,0.002,0.886,0.883,5.212e-6,935.568,0.001,337.748,0.293,6.4,32.17
29.754,0.753,2643.121,456.9,0.262,0.003,62.248,43.168,0,0.563,0.391,0.04,0.131,0.564,0.191,0.569,-5.465e-5,0,0.002,0.886,0.884,5.34e-5,935.902,0.001,337.76,0.293,6.4,32.17
29.786,0.674,2643.121,456.9,0.262,0.003,62.286,43.168,0,0.563,0.391,0.04,0.131,0.564,0.17,0.509,-2.267e-4,0,0.002,0.886,0.884,-1.367e-7,936.255,0.001,337.772,0.294,6.4,32.17
29.818,0.71,2643.121,456.9,0.262,0.003,62.276,43.168,0,0.563,0.391,0.04,0.131,0.564,0.18,0.536,2.327e-4,0,0.002,0.886,0.884,-3.461e-5,936.613,0.001,337.785,0.295,6.4,32.17
29.848,0.739,2643.121,456.9,0.262,0.003,62.266,43.168,0,0.563,0.391,0.04,0.131,0.564,0.187,0.558,-4.199e-4,0,0.002,0.886,0.884,-2.051e-5,936.944,0.001,337.797,0.295,6.4,32.17
29.876,0.746,2643.121,456.9,0.262,0.003,62.264,43.168,0,0.563,0.391,0.041,0.131,0.564,0.189,0.564,3.301e-4,0,0.002,0.886,0.884,-8.824e-7,937.254,0.001,337.808,0.296,6.4,32.17
29.903,0.716,2643.121,456.9,0.262,0.003,62.274,43.168,0,0.563,0.391,0.041,0.131,0.564,0.181,0.541,-3.39e-4,0,0.002,0.886,0.884,2.409e-6,937.563,0.001,337.818,0.296,6.4,32.17
29.933,0.707,2643.121,456.9,0.262,0.003,62.274,43.168,0,0.563,0.391,0.041,0.131,0.564,0.179,0.535,-6.267e-5,0,0.002,0.886,0.884,-1.593e-6,937.895,0.001,337.83,0.297,6.4,32.17
29.965,0.717,2643.121,456.9,0.262,0.003,62.267,43.168,0,0.564,0.391,0.041,0.131,0.564,0.181,0.542,4.623e-4,0,0.002,0.886,0.884,-8.762e-7,938.256,0.001,337.843,0.297,6.4,32.17
29.998,0.701,2643.121,456.9,0.262,0.003,62.269,43.168,0,0.564,0.391,0.041,0.132,0.565,0.177,0.529,-1.769e-4,0,0.002,0.886,0.884,-2.157e-7,938.619,0.001,337.856,0.298,6.4,32.17
30.03,0.688,2643.121,456.9,0.262,0.003,62.271,43.168,0,0.564,0.391,0.041,0.132,0.565,0.174,0.519,4.43e-4,0,0.002,0.886,0.884,2.89e-8,938.985,0.001,337.869,0.298,6.4,32.17
30.062,0.678,2643.121,456.9,0.262,0.003,62.273,43.168,0,0.564,0.391,0.041,0.132,0.565,0.171,0.511,2.021e-4,0,0.002,0.886,0.884,-2.953e-7,939.336,0.001,337.881,0.299,6.4,32.17
30.091,0.686,2643.121,456.9,0.262,0.003,62.27,43.168,0,0.564,0.391,0.041,0.132,0.565,0.173,0.517,2.423e-4,0,0.002,0.886,0.884,-1.205e-7,939.673,0.001,337.893,0.299,6.4,32.17
30.121,0.671,2643.121,456.9,0.262,0.003,62.277,43.168,0,0.564,0.391,0.041,0.132,0.565,0.17,0.507,3.176e-4,0,0.002,0.886,0.884,4.807e-7,940.003,0.001,337.904,0.3,6.4,32.17
30.151,0.639,2643.121,456.9,0.262,0.003,62.293,43.168,0,0.564,0.391,0.041,0.132,0.565,0.162,0.483,3.041e-4,0,0.002,0.886,0.884,-3.608e-7,940.351,0.001,337.917,0.3,6.4,32.17
30.185,0.629,2643.121,456.9,0.262,0.003,62.303,43.168,0,0.564,0.391,0.041,0.132,0.565,0.159,0.475,-2.673e-4,0,0.002,0.887,0.884,-2.737e-5,940.729,0.001,337.93,0.301,6.4,32.17
30.218,0.659,2643.121,456.9,0.262,0.003,62.298,43.168,0,0.565,0.391,0.042,0.132,0.565,0.167,0.498,4.582e-4,0,0.002,0.887,0.884,-8.086e-5,941.109,0.001,337.943,0.301,6.4,32.17
30.252,0.732,2643.121,456.9,0.262,0.003,62.273,43.168,0,0.565,0.391,0.042,0.132,0.566,0.185,0.554,-1.728e-4,0,0.002,0.887,0.884,-5.499e-5,941.489,0.001,337.957,0.302,6.4,32.17
30.279,0.76,2643.121,456.9,0.262,0.003,62.264,43.168,0,0.565,0.391,0.042,0.132,0.566,0.193,0.575,-4.09e-5,0,0.002,0.887,0.885,5.967e-7,941.801,0.001,337.968,0.302,6.4,32.17
30.305,0.708,2643.121,456.9,0.262,0.003,62.284,43.168,0,0.565,0.391,0.042,0.132,0.566,0.179,0.535,2.498e-6,0,0.002,0.887,0.885,7.93e-5,942.098,0.001,337.978,0.303,6.4,32.17
30.333,0.565,2643.121,456.9,0.262,0.003,62.34,43.168,0,0.565,0.391,0.042,0.132,0.566,0.143,0.427,4.813e-4,0,0.002,0.887,0.885,9.071e-5,942.413,0.001,337.989,0.303,6.4,32.17
30.367,0.508,2643.121,456.9,0.262,0.003,62.356,43.168,0,0.565,0.391,0.042,0.132,0.566,0.128,0.384,9.274e-5,0,0.002,0.887,0.885,-3.467e-5,942.8,0.001,338.003,0.304,6.4,32.17
30.4,0.597,2643.121,456.9,0.262,0.003,62.315,43.168,0,0.565,0.391,0.042,0.132,0.566,0.151,0.451,-4.282e-4,0,0.002,0.887,0.885,-1.845e-4,943.189,0.001,338.017,0.304,6.4,32.17
30.435,0.739,2643.121,456.9,0.262,0.003,62.259,43.168,0,0.565,0.391,0.042,0.132,0.566,0.187,0.558,4.837e-4,0,0.002,0.887,0.885,-3.883e-5,943.581,0.001,338.031,0.305,6.4,32.17
30.464,0.723,2643.121,456.9,0.262,0.003,62.264,43.168,0,0.566,0.391,0.042,0.132,0.566,0.183,0.546,5.984e-5,0,0.002,0.887,0.885,1.94e-5,943.92,0.001,338.043,0.305,6.4,32.17
30.493,0.639,2643.121,456.9,0.262,0.003,62.295,43.168,0,0.566,0.391,0.042,0.132,0.566,0.162,0.483,4.382e-4,0,0.002,0.887,0.885,6.301e-5,944.257,0.001,338.054,0.306,6.4,32.17
30.524,0.543,2643.121,456.9,0.262,0.003,62.331,43.168,0,0.566,0.391,0.042,0.132,0.566,0.137,0.41,-7.647e-5,0,0.002,0.887,0.885,4.464e-5,944.614,0.001,338.067,0.306,6.4,32.17
30.559,0.508,2643.121,456.9,0.262,0.003,62.348,43.168,0,0.566,0.391,0.043,0.132,0.566,0.128,0.383,1.289e-4,0,0.002,0.887,0.885,-2.95e-5,945.015,0.001,338.081,0.307,6.4,32.17
30.594,0.591,2643.121,456.9,0.262,0.003,62.322,43.168,0,0.566,0.391,0.043,0.132,0.567,0.149,0.446,1.133e-4,0,0.002,0.887,0.885,-1.042e-4,945.417,0.001,338.095,0.307,6.4,32.17
30.629,0.701,2643.121,456.9,0.262,0.003,62.284,43.168,0,0.566,0.391,0.043,0.132,0.567,0.177,0.53,-1.224e-4,0,0.002,0.887,0.885,-3.331e-5,945.821,0.001,338.11,0.308,6.4,32.17
30.662,0.699,2643.121,456.9,0.262,0.003,62.287,43.168,0,0.566,0.391,0.043,0.132,0.567,0.177,0.529,-1.674e-4,0,0.002,0.887,0.885,3.777e-5,946.206,0.001,338.123,0.308,6.4,32.17
30.694,0.56,2643.121,456.9,0.262,0.003,62.343,43.168,0,0.566,0.391,0.043,0.132,0.567,0.141,0.424,1.024e-4,0,0.002,0.887,0.885,9.761e-5,946.578,0.001,338.136,0.309,6.4,32.17
30.729,0.459,2643.121,456.9,0.262,0.003,62.386,43.168,0,0.567,0.391,0.043,0.132,0.567,0.116,0.347,-2.241e-4,0,0.002,0.887,0.885,2.678e-6,946.989,0.001,338.151,0.309,6.4,32.17
30.764,0.53,2643.121,456.9,0.262,0.003,62.355,43.168,0,0.567,0.391,0.043,0.132,0.567,0.134,0.401,4.711e-4,0,0.002,0.887,0.885,-1.43e-4,947.4,0.001,338.165,0.31,6.4,32.17
30.8,0.663,2643.121,456.9,0.262,0.003,62.303,43.168,0,0.567,0.391,0.043,0.133,0.568,0.168,0.502,-1.769e-4,0,0.002,0.887,0.885,-1.126e-5,947.815,0.001,338.18,0.31,6.4,32.17
30.832,0.605,2643.121,456.9,0.262,0.003,62.325,43.168,0,0.567,0.391,0.043,0.133,0.568,0.153,0.457,-2.381e-4,0,0.002,0.887,0.885,7.701e-5,948.198,0.001,338.193,0.311,6.4,32.17
30.868,0.432,2643.121,456.9,0.262,0.003,62.386,43.168,0,0.567,0.391,0.044,0.133,0.567,0.109,0.326,-3.089e-4,0,0.002,0.887,0.886,2.01e-5,948.622,0.001,338.208,0.312,6.4,32.17
30.905,0.487,2643.121,456.9,0.262,0.003,62.358,43.168,0,0.567,0.391,0.044,0.133,0.568,0.123,0.368,-6.844e-5,0,0.002,0.887,0.886,-2.89e-4,949.051,0.001,338.223,0.312,6.4,32.17
30.941,0.686,2643.121,456.9,0.262,0.003,62.282,43.168,0,0.567,0.391,0.044,0.133,0.568,0.174,0.518,4.34e-5,0,0.002,0.887,0.886,-1.442e-4,949.48,0.001,338.239,0.313,6.4,32.17
30.968,0.726,2643.121,456.9,0.262,0.003,62.267,43.168,0,0.568,0.391,0.044,0.133,0.568,0.184,0.549,-1.102e-4,0,0.002,0.888,0.886,1.821e-6,949.797,0.001,338.25,0.313,6.4,32.17
30.993,0.639,2643.121,456.9,0.262,0.003,62.3,43.168,0,0.568,0.391,0.044,0.133,0.568,0.162,0.482,-4.45e-4,0,0.002,0.888,0.886,1.717e-4,950.094,0.001,338.26,0.313,6.4,32.17
31.021,0.458,2643.121,456.9,0.262,0.003,62.372,43.168,0,0.568,0.391,0.044,0.133,0.568,0.115,0.346,4.812e-4,0,0.002,0.888,0.886,3.023e-4,950.43,0.001,338.272,0.314,6.4,32.17
31.058,0.354,2643.121,456.9,0.262,0.003,62.426,43.168,0,0.568,0.391,0.044,0.133,0.568,0.089,0.267,4.359e-4,0,0.002,0.888,0.886,-1.011e-4,950.863,0.001,338.287,0.314,6.4,32.17
31.095,0.569,2643.121,456.9,0.262,0.003,62.348,43.168,0,0.568,0.391,0.044,0.133,0.569,0.144,0.431,1.744e-4,0,0.002,0.888,0.886,-3.382e-4,951.298,0.001,338.303,0.315,6.4,32.17
31.126,0.684,2643.121,456.9,0.262,0.003,62.305,43.168,0,0.568,0.391,0.044,0.133,0.569,0.173,0.517,-8.946e-5,0,0.002,0.888,0.886,-4.592e-5,951.672,0.001,338.316,0.315,6.4,32.17
31.152,0.673,2643.121,456.9,0.262,0.003,62.309,43.168,0,0.568,0.391,0.044,0.133,0.569,0.17,0.509,-4.231e-5,0,0.002,0.888,0.886,2.646e-5,951.982,0.001,338.327,0.316,6.4,32.17
31.179,0.546,2643.121,456.9,0.262,0.003,62.358,43.168,0,0.568,0.391,0.044,0.133,0.569,0.138,0.412,1.552e-4,0,0.002,0.888,0.886,2.9e-4,952.298,0.001,338.338,0.316,6.4,32.17
31.211,0.303,2643.121,456.9,0.262,0.003,62.453,43.168,0,0.568,0.391,0.045,0.133,0.569,0.076,0.229,-5.802e-5,0,0.002,0.888,0.886,1.244e-4,952.689,0.001,338.352,0.317,6.4,32.17
31.248,0.412,2643.121,456.9,0.262,0.003,62.393,43.168,0,0.569,0.391,0.045,0.133,0.569,0.104,0.312,1.915e-4,0,0.002,0.888,0.886,-6.226e-4,953.131,0.001,338.367,0.317,6.4,32.17
31.285,0.668,2643.121,456.9,0.262,0.003,62.295,43.168,0,0.569,0.391,0.045,0.133,0.57,0.169,0.505,1.709e-4,0,0.002,0.888,0.886,-1.794e-4,953.574,0.001,338.383,0.318,6.4,32.17
31.313,0.698,2643.121,456.9,0.262,0.003,62.285,43.168,0,0.569,0.391,0.045,0.133,0.57,0.177,0.528,2.376e-4,0,0.002,0.888,0.886,5.28e-6,953.903,0.001,338.395,0.318,6.4,32.17
31.34,0.571,2643.121,456.9,0.262,0.003,62.335,43.168,0,0.569,0.391,0.045,0.133,0.57,0.144,0.431,1.376e-4,0,0.002,0.888,0.886,2.422e-4,954.231,0.001,338.406,0.319,6.4,32.17
31.374,0.334,2643.121,456.9,0.262,0.003,62.425,43.168,0,0.569,0.391,0.045,0.133,0.569,0.084,0.251,1.633e-5,0,0.002,0.888,0.886,3.823e-4,954.648,0.001,338.421,0.319,6.4,32.17
31.412,0.291,2643.121,456.9,0.262,0.003,62.451,43.168,0,0.569,0.391,0.045,0.133,0.569,0.073,0.221,-4.91e-4,0,0.002,0.888,0.886,-3.814e-4,955.126,0.001,338.437,0.32,6.4,32.17
31.45,0.561,2643.121,456.9,0.262,0.003,62.351,43.168,0,0.569,0.391,0.045,0.133,0.57,0.142,0.425,-4.801e-4,0,0.002,0.888,0.886,-2.926e-4,955.606,0.001,338.453,0.32,6.4,32.17
31.486,0.636,2643.121,456.9,0.262,0.003,62.319,43.168,0,0.57,0.391,0.045,0.133,0.57,0.161,0.481,-4.433e-4,0,0.002,0.888,0.887,7.915e-6,956.06,0.001,338.468,0.321,6.4,32.17
31.522,0.444,2643.121,456.9,0.262,0.003,62.392,43.168,0,0.57,0.391,0.045,0.133,0.57,0.112,0.335,-2.678e-4,0,0.002,0.888,0.887,3.271e-4,956.521,0.001,338.484,0.321,6.4,32.17
31.561,0.236,2643.121,456.9,0.262,0.003,62.484,43.168,0,0.57,0.391,0.046,0.133,0.57,0.059,0.178,-2.047e-4,0,0.002,0.888,0.887,-6.436e-5,957.018,0.001,338.5,0.322,6.4,32.17
31.6,0.514,2643.121,456.9,0.262,0.003,62.369,43.168,0,0.57,0.391,0.046,0.134,0.57,0.129,0.389,-1.921e-4,0,0.002,0.888,0.887,-3.822e-4,957.518,0.001,338.517,0.322,6.4,32.17
31.639,0.614,2643.121,456.9,0.262,0.003,62.334,43.168,0,0.57,0.391,0.046,0.134,0.571,0.155,0.465,3.271e-4,0,0.002,0.888,0.887,7.24e-8,958.022,0.001,338.534,0.323,6.4,32.17
31.67,0.525,2643.121,456.9,0.262,0.003,62.37,43.168,0,0.57,0.391,0.046,0.134,0.571,0.132,0.397,2.087e-4,0,0.002,0.888,0.887,2.298e-4,958.418,0.001,338.547,0.323,6.4,32.17
31.704,0.285,2643.121,456.9,0.262,0.003,62.464,43.168,0,0.57,0.391,0.046,0.134,0.57,0.072,0.215,3.946e-4,0,0.002,0.888,0.887,5.251e-4,958.855,0.001,338.562,0.324,6.4,32.17
31.744,0.229,2643.121,456.9,0.262,0.003,62.473,43.168,0,0.57,0.391,0.046,0.134,0.571,0.057,0.173,2.962e-4,0,0.002,0.888,0.887,-7.998e-4,959.368,0.001,338.579,0.324,6.4,32.17
31.785,0.591,2643.121,456.9,0.262,0.003,62.332,43.168,0,0.571,0.391,0.046,0.134,0.571,0.149,0.447,-3.605e-4,0,0.002,0.889,0.887,-2.564e-4,959.886,0.001,338.597,0.325,6.4,32.17
31.815,0.655,2643.121,456.9,0.262,0.003,62.305,43.168,0,0.571,0.391,0.046,0.134,0.571,0.166,0.495,-1.177e-4,0,0.002,0.889,0.887,3.858e-6,960.273,0.001,338.61,0.325,6.4,32.17
31.84,0.562,2643.121,456.9,0.262,0.003,62.341,43.168,0,0.571,0.391,0.046,0.134,0.571,0.142,0.425,-4.308e-4,0,0.002,0.889,0.887,2.479e-4,960.603,0.001,338.621,0.326,6.4,32.17
31.869,0.304,2643.121,456.9,0.262,0.003,62.441,43.168,0,0.571,0.391,0.046,0.134,0.571,0.076,0.23,2.363e-4,0,0.002,0.889,0.887,6.615e-4,960.982,0.001,338.633,0.326,6.4,32.17
31.91,0.253,2643.121,456.9,0.262,0.003,62.481,43.168,0,0.571,0.391,0.047,0.134,0.571,0.063,0.192,-2.703e-4,0,0.002,0.889,0.887,-7.911e-4,961.502,0.001,338.651,0.327,6.4,32.17
31.95,0.578,2643.121,456.9,0.262,0.003,62.356,43.168,0,0.571,0.391,0.047,0.134,0.572,0.146,0.438,4.959e-5,0,0.001,0.889,0.887,-2.284e-4,962.021,0.001,338.668,0.327,6.4,32.17
31.978,0.634,2643.121,456.9,0.262,0.003,62.335,43.168,0,0.571,0.391,0.047,0.134,0.572,0.16,0.48,8.6e-5,0,0.001,0.889,0.887,1.454e-6,962.389,0.001,338.681,0.328,6.4,32.17
32.004,0.537,2643.121,456.9,0.262,0.003,62.371,43.168,0,0.571,0.391,0.047,0.134,0.572,0.136,0.407,-1.438e-4,0,0.001,0.889,0.887,2.339e-4,962.723,0.001,338.692,0.328,6.4,32.17
32.035,0.281,2643.121,456.9,0.262,0.003,62.472,43.168,0,0.572,0.391,0.047,0.134,0.572,0.07,0.212,1.096e-4,0,0.001,0.889,0.887,5.256e-4,963.13,0.001,338.706,0.328,6.4,32.17
32.076,0.231,2643.121,456.9,0.262,0.003,62.473,43.168,0,0.572,0.391,0.047,0.134,0.572,0.058,0.175,4.118e-4,0,0.001,0.889,0.887,-5.324e-4,963.667,0.001,338.724,0.329,6.4,32.17
32.117,0.517,2643.121,456.9,0.262,0.003,62.362,43.168,0,0.572,0.391,0.047,0.134,0.572,0.13,0.391,7.254e-5,0,0.001,0.889,0.888,-1.751e-4,964.203,0.001,338.742,0.329,6.4,32.17
32.149,0.533,2643.121,456.9,0.262,0.003,62.359,43.168,0,0.572,0.391,0.047,0.134,0.572,0.135,0.404,-4.712e-4,0,0.001,0.889,0.888,1.566e-5,964.616,0.001,338.756,0.33,6.4,32.17
32.182,0.384,2643.121,456.9,0.262,0.003,62.419,43.168,0,0.572,0.391,0.047,0.134,0.572,0.097,0.291,4.898e-5,0,0.001,0.889,0.888,2.555e-4,965.048,0.001,338.77,0.33,6.4,32.17
32.224,0.184,2643.121,456.9,0.262,0.003,62.495,43.168,0,0.572,0.391,0.047,0.134,0.572,0.046,0.139,-1.314e-4,0,0.001,0.889,0.888,-2.752e-6,965.598,0.001,338.788,0.331,6.4,32.17
32.265,0.375,2643.121,456.9,0.262,0.003,62.433,43.168,0,0.572,0.391,0.048,0.134,0.573,0.094,0.285,1.235e-4,0,0.001,0.889,0.888,-2.177e-4,966.149,0.001,338.807,0.331,6.4,32.17
32.307,0.467,2643.121,456.9,0.262,0.003,62.396,43.168,0,0.572,0.39,0.048,0.134,0.573,0.118,0.354,1.913e-4,0,0.001,0.889,0.888,-9.356e-7,966.702,0.001,338.826,0.332,6.4,32.17
32.35,0.349,2643.121,456.9,0.262,0.003,62.444,43.168,0,0.573,0.39,0.048,0.134,0.573,0.088,0.265,3.067e-4,0,0.001,0.889,0.888,6.277e-5,967.256,0.001,338.844,0.333,6.4,32.17
32.392,0.229,2643.121,456.9,0.262,0.003,62.497,43.168,0,0.573,0.39,0.048,0.134,0.573,0.057,0.174,-4.381e-4,0,0.001,0.889,0.888,-9.107e-7,967.813,0.001,338.863,0.333,6.4,32.17
32.434,0.347,2643.121,456.9,0.262,0.003,62.443,43.168,0,0.573,0.39,0.048,0.134,0.573,0.087,0.262,-3.427e-4,0,0.001,0.889,0.888,-1.336e-4,968.379,0.001,338.882,0.334,6.4,32.17
32.478,0.421,2643.121,456.9,0.262,0.003,62.416,43.168,0,0.573,0.39,0.048,0.135,0.573,0.106,0.319,1.388e-5,0,0.001,0.889,0.888,2.797e-6,968.953,0.001,338.901,0.334,6.4,32.17
32.521,0.282,2643.121,456.9,0.262,0.003,62.471,43.168,0,0.573,0.39,0.048,0.135,0.573,0.071,0.213,1.121e-4,0,0.001,0.889,0.888,1.238e-4,969.527,0.001,338.92,0.335,6.4,32.17
32.565,0.204,2643.121,456.9,0.262,0.003,62.489,43.168,0,0.573,0.39,0.048,0.135,0.573,0.051,0.154,1.698e-4,0,0.001,0.889,0.888,-8.405e-5,970.107,0.001,338.94,0.335,6.4,32.17
32.608,0.412,2643.121,456.9,0.262,0.003,62.411,43.168,0,0.573,0.39,0.048,0.135,0.574,0.104,0.311,-4.777e-4,0,0.001,0.89,0.888,-4.647e-5,970.689,0.001,338.959,0.336,6.4,32.17
32.648,0.391,2643.121,456.9,0.262,0.003,62.419,43.168,0,0.574,0.39,0.049,0.135,0.574,0.098,0.296,3.187e-4,0,0.001,0.89,0.888,2.853e-5,971.219,0.001,338.977,0.336,6.4,32.17
32.689,0.252,2643.121,456.9,0.262,0.003,62.476,43.168,0,0.574,0.39,0.049,0.135,0.574,0.063,0.191,3.968e-4,0,0.001,0.89,0.888,8.597e-5,971.764,0.001,338.996,0.337,6.4,32.17
32.733,0.226,2643.121,456.9,0.262,0.003,62.502,43.168,0,0.574,0.39,0.049,0.135,0.574,0.057,0.171,4.507e-4,0,0.001,0.89,0.888,-7.798e-5,972.359,0.001,339.016,0.337,6.4,32.17
32.777,0.36,2643.121,456.9,0.262,0.003,62.451,43.168,0,0.574,0.39,0.049,0.135,0.574,0.09,0.272,-1.466e-4,0,0.001,0.89,0.888,-3.688e-5,972.954,0.001,339.036,0.338,6.4,32.17
32.82,0.365,2643.121,456.9,0.262,0.003,62.449,43.168,0,0.574,0.39,0.049,0.135,0.574,0.092,0.276,-2.512e-4,0,0.001,0.89,0.889,2.445e-5,973.522,0.001,339.055,0.338,6.4,32.17
32.861,0.231,2643.121,456.9,0.262,0.003,62.501,43.168,0,0.574,0.39,0.049,0.135,0.574,0.058,0.175,2.758e-4,0,0.001,0.89,0.889,9.632e-5,974.078,0.001,339.073,0.339,6.4,32.17
32.905,0.253,2643.121,456.9,0.262,0.003,62.476,43.168,0,0.574,0.39,0.049,0.135,0.575,0.063,0.192,3.725e-5,0,0.001,0.89,0.889,-8.046e-5,974.673,0.001,339.093,0.34,6.4,32.17
32.949,0.354,2643.121,456.9,0.262,0.003,62.436,43.168,0,0.575,0.39,0.049,0.135,0.575,0.089,0.268,1.786e-4,0,0.001,0.89,0.889,-8.02e-6,975.268,0.001,339.113,0.34,6.4,32.17
32.992,0.311,2643.121,456.9,0.262,0.003,62.453,43.168,0,0.575,0.39,0.049,0.135,0.575,0.078,0.235,-3.127e-4,0,0.001,0.89,0.889,2.307e-5,975.848,0.001,339.133,0.341,6.4,32.17
33.036,0.17,2643.121,456.9,0.262,0.003,62.514,43.168,0,0.575,0.39,0.05,0.135,0.575,0.043,0.129,-2.211e-4,0,0.001,0.89,0.889,-2.11e-5,976.443,0.001,339.153,0.341,6.4,32.17
33.08,0.348,2643.121,456.9,0.262,0.003,62.456,43.168,0,0.575,0.39,0.05,0.135,0.575,0.088,0.264,4.801e-4,0,0.001,0.89,0.889,-8.235e-5,977.038,0.001,339.173,0.342,6.4,32.17
33.124,0.342,2643.121,456.9,0.262,0.003,62.454,43.168,0,0.575,0.39,0.05,0.135,0.575,0.086,0.26,-2.249e-4,0,0.001,0.89,0.889,4.02e-5,977.634,0.001,339.193,0.342,6.4,32.17
33.168,0.149,2643.121,456.9,0.262,0.003,62.535,43.168,0,0.575,0.39,0.05,0.135,0.575,0.037,0.112,-7.397e-5,0,0.001,0.89,0.889,6.979e-5,978.229,0.001,339.213,0.343,6.4,32.17
33.211,0.204,2643.121,456.9,0.262,0.003,62.506,43.168,0,0.575,0.39,0.05,0.135,0.576,0.051,0.154,-1.676e-4,0,0.001,0.89,0.889,-1.705e-4,978.825,0.001,339.233,0.343,6.4,32.17
33.255,0.36,2643.121,456.9,0.262,0.003,62.449,43.168,0,0.576,0.39,0.05,0.135,0.576,0.09,0.273,-4.581e-4,0,0.001,0.89,0.889,-2.924e-6,979.42,0.001,339.253,0.344,6.4,32.17
33.298,0.265,2643.121,456.9,0.262,0.003,62.49,43.168,0,0.576,0.39,0.05,0.135,0.576,0.066,0.201,2.761e-4,0,0.001,0.89,0.889,1.166e-4,980.016,0.001,339.273,0.344,6.4,32.17
33.342,0.121,2643.121,456.9,0.262,0.003,62.532,43.168,0,0.576,0.39,0.05,0.135,0.576,0.03,0.092,-4.154e-4,0,0.001,0.89,0.889,-1.739e-6,980.612,0.001,339.293,0.345,6.4,32.17
33.385,0.271,2643.121,456.9,0.262,0.003,62.477,43.168,0,0.576,0.39,0.05,0.135,0.576,0.068,0.205,4.906e-4,0,0.001,0.89,0.889,-1.028e-4,981.207,0.001,339.313,0.345,6.4,32.17
33.429,0.27,2643.121,456.9,0.262,0.003,62.476,43.168,0,0.576,0.39,0.05,0.136,0.576,0.068,0.205,-2.585e-4,0,0.001,0.89,0.889,5.098e-7,981.803,0.001,339.333,0.346,6.4,32.17
33.472,0.193,2643.121,456.9,0.262,0.003,62.513,43.168,0,0.576,0.39,0.051,0.136,0.576,0.048,0.146,-4.729e-4,0,0.001,0.89,0.889,9.161e-7,982.399,0.001,339.353,0.346,6.4,32.17
33.515,0.187,2643.121,456.9,0.262,0.003,62.524,43.168,0,0.576,0.39,0.051,0.136,0.576,0.047,0.142,2.792e-4,0,0.001,0.891,0.889,-8.992e-7,982.995,0.001,339.373,0.347,6.4,32.17
33.559,0.192,2643.121,456.9,0.262,0.003,62.525,43.168,0,0.577,0.39,0.051,0.136,0.577,0.048,0.146,4.168e-4,0,0.001,0.891,0.89,-5.914e-6,983.592,0.001,339.393,0.347,6.4,32.17
33.602,0.212,2643.121,456.9,0.262,0.003,62.516,43.168,0,0.577,0.39,0.051,0.136,0.577,0.053,0.161,1.476e-4,0,0.001,0.891,0.89,-1.17e-6,984.188,0.001,339.413,0.348,6.4,32.17
33.645,0.182,2643.121,456.9,0.262,0.003,62.525,43.168,0,0.577,0.39,0.051,0.136,0.577,0.046,0.138,-3.078e-4,0,0.001,0.891,0.89,4.565e-7,984.784,0.001,339.433,0.348,6.4,32.17
33.688,0.184,2643.121,456.9,0.262,0.003,62.515,43.168,0,0.577,0.39,0.051,0.136,0.577,0.046,0.14,-4.579e-4,0,0.001,0.891,0.89,-3.148e-6,985.38,0.001,339.453,0.349,6.4,32.17
33.731,0.216,2643.121,456.9,0.262,0.003,62.5,43.168,0,0.577,0.39,0.051,0.136,0.577,0.054,0.163,-3.849e-4,0,0.001,0.891,0.89,9.799e-7,985.977,0.001,339.473,0.349,6.4,32.17
33.774,0.153,2643.121,456.9,0.262,0.003,62.523,43.168,0,0.577,0.39,0.051,0.136,0.577,0.038,0.116,4.227e-4,0,0.001,0.891,0.89,2.008e-6,986.573,0.001,339.493,0.349,6.4,32.17
33.817,0.196,2643.121,456.9,0.262,0.003,62.515,43.168,0,0.577,0.39,0.051,0.136,0.577,0.049,0.148,-3.89e-4,0,9.978e-4,0.891,0.89,-1.278e-5,987.17,0.001,339.513,0.35,6.4,32.17
33.86,0.209,2643.121,456.9,0.262,0.003,62.513,43.168,0,0.577,0.39,0.052,0.136,0.578,0.052,0.158,4.897e-4,0,9.836e-4,0.891,0.89,8.258e-7,987.767,0.001,339.533,0.35,6.4,32.17
33.902,0.173,2643.121,456.9,0.262,0.003,62.533,43.168,0,0.578,0.39,0.052,0.136,0.578,0.043,0.131,4.118e-4,0,9.702e-4,0.891,0.89,4.954e-6,988.363,0.001,339.553,0.351,6.4,32.17
33.945,0.149,2643.121,456.9,0.262,0.003,62.547,43.168,0,0.578,0.39,0.052,0.136,0.578,0.037,0.113,1.172e-4,0,9.631e-4,0.891,0.89,-2.252e-7,988.96,0.001,339.573,0.351,6.4,32.17
33.988,0.189,2643.121,456.9,0.262,0.003,62.523,43.168,0,0.578,0.39,0.052,0.136,0.578,0.047,0.143,4.043e-4,0,9.628e-4,0.891,0.89,-2.088e-5,989.557,0.001,339.593,0.352,6.4,32.17
34.03,0.186,2643.121,456.9,0.262,0.003,62.525,43.168,0,0.578,0.39,0.052,0.136,0.578,0.047,0.14,-2.577e-4,0,9.436e-4,0.891,0.89,6.54e-7,990.154,0.001,339.613,0.352,6.4,32.17
34.073,0.147,2643.121,456.9,0.262,0.003,62.531,43.168,0,0.578,0.39,0.052,0.136,0.578,0.037,0.112,-3.132e-4,0,9.324e-4,0.891,0.89,-5.249e-7,990.751,0.001,339.633,0.353,6.4,32.17
34.115,0.164,2643.121,456.9,0.262,0.003,62.522,43.168,0,0.578,0.39,0.052,0.136,0.578,0.041,0.124,2.133e-4,0,9.281e-4,0.891,0.89,-6.032e-8,991.348,0.001,339.653,0.353,6.4,32.17
34.158,0.135,2643.121,456.9,0.262,0.003,62.536,43.168,0,0.578,0.39,0.052,0.136,0.578,0.034,0.102,3.314e-4,0,9.257e-4,0.891,0.89,-2.796e-7,991.945,0.001,339.673,0.354,6.4,32.17
34.2,0.171,2643.121,456.9,0.262,0.003,62.532,43.168,0,0.579,0.39,0.052,0.136,0.579,0.043,0.13,-4.074e-4,0,9.22e-4,0.891,0.89,-6.28e-6,992.543,0.001,339.693,0.354,6.4,32.17
34.243,0.208,2643.121,456.9,0.262,0.003,62.516,43.168,0,0.579,0.39,0.052,0.136,0.579,0.052,0.157,3.55e-4,0,9.189e-4,0.891,0.89,1.53e-5,993.14,0.001,339.714,0.354,6.4,32.17
34.285,0.105,2643.121,456.9,0.262,0.003,62.565,43.168,0,0.579,0.39,0.053,0.136,0.579,0.026,0.079,-8.111e-5,0,8.964e-4,0.891,0.89,8.944e-6,993.737,0.001,339.734,0.355,6.4,32.17
34.327,0.142,2643.121,456.9,0.262,0.003,62.548,43.168,0,0.579,0.39,0.053,0.136,0.579,0.035,0.108,-1.042e-4,0,8.906e-4,0.891,0.89,-2.36e-5,994.335,0.001,339.754,0.355,6.4,32.17
34.369,0.187,2643.121,456.9,0.262,0.003,62.528,43.168,0,0.579,0.39,0.053,0.136,0.579,0.047,0.142,4.247e-4,0,8.864e-4,0.891,0.891,-3.98e-6,994.932,0.001,339.774,0.356,6.4,32.17
34.412,0.155,2643.121,456.9,0.262,0.003,62.541,43.168,0,0.579,0.39,0.053,0.136,0.579,0.039,0.117,9.791e-5,0,8.734e-4,0.891,0.891,1.189e-5,995.53,0.001,339.794,0.356,6.4,32.17
34.454,0.098,2643.121,456.9,0.262,0.003,62.553,43.168,0,0.579,0.39,0.053,0.137,0.579,0.024,0.074,-2.884e-4,0,8.549e-4,0.891,0.891,-4.169e-5,996.128,0.001,339.814,0.357,6.4,32.17
34.496,0.197,2643.121,456.9,0.262,0.003,62.515,43.168,0,0.579,0.39,0.053,0.137,0.58,0.049,0.149,2.022e-4,0,8.518e-4,0.892,0.891,-5.689e-6,996.725,0.001,339.834,0.357,6.4,32.17
34.538,0.144,2643.121,456.9,0.262,0.003,62.535,43.168,0,0.58,0.39,0.053,0.137,0.58,0.036,0.109,3.83e-4,0,8.523e-4,0.892,0.891,2.512e-5,997.323,0.001,339.854,0.357,6.4,32.17
34.58,0.098,2643.121,456.9,0.262,0.003,62.572,43.168,0,0.58,0.39,0.053,0.137,0.58,0.025,0.075,3.449e-4,0,8.559e-4,0.892,0.891,-2.577e-5,997.921,0.001,339.874,0.358,6.4,32.17
34.622,0.177,2643.121,456.9,0.262,0.003,62.542,43.168,0,0.58,0.39,0.053,0.137,0.58,0.044,0.134,-3.673e-4,0,8.418e-4,0.892,0.891,-8.7e-7,998.519,0.001,339.894,0.358,6.4,32.17
34.664,0.135,2643.121,456.9,0.262,0.003,62.559,43.168,0,0.58,0.39,0.053,0.137,0.58,0.034,0.102,-4.374e-4,0,8.287e-4,0.892,0.891,1.651e-5,999.117,0.001,339.914,0.359,6.4,32.17
34.705,0.064,2643.121,456.9,0.262,0.003,62.584,43.168,0,0.58,0.39,0.054,0.137,0.58,0.016,0.049,2.916e-4,0,8.235e-4,0.892,0.891,1.582e-7,999.715,0.001,339.934,0.359,6.4,32.17
34.747,0.141,2643.121,456.9,0.262,0.003,62.537,43.168,0,0.58,0.39,0.054,0.137,0.58,0.035,0.107,-4.953e-4,0,8.247e-4,0.892,0.891,-4.793e-5,1000.313,0.001,339.954,0.359,6.4,32.17
34.789,0.197,2643.121,456.9,0.262,0.003,62.518,43.168,0,0.58,0.39,0.054,0.137,0.58,0.05,0.15,-1.691e-4,0,8.136e-4,0.892,0.891,3.15e-7,1000.911,0.001,339.975,0.36,6.4,32.17
34.831,0.07,2643.121,456.9,0.262,0.003,62.573,43.168,0,0.58,0.39,0.054,0.137,0.58,0.018,0.053,3.528e-4,0,7.91e-4,0.892,0.891,4.092e-5,1001.51,0.001,339.995,0.36,6.4,32.17
34.872,0.075,2643.121,456.9,0.262,0.003,62.581,43.168,0,0.581,0.39,0.054,0.137,0.581,0.019,0.057,-1.775e-4,0,7.942e-4,0.892,0.891,-2.908e-5,1002.108,0.001,340.015,0.361,6.4,32.17
34.914,0.106,2643.121,456.9,0.262,0.003,62.571,43.168,0,0.581,0.39,0.054,0.137,0.581,0.027,0.081,4.47e-4,0,7.961e-4,0.892,0.891,-1.432e-5,1002.706,0.001,340.035,0.361,6.4,32.17
34.955,0.124,2643.121,456.9,0.262,0.003,62.563,43.168,0,0.581,0.39,0.054,0.137,0.581,0.031,0.094,3.565e-4,0,7.864e-4,0.892,0.891,6.101e-8,1003.305,0.001,340.055,0.361,6.4,32.17
34.997,0.027,2643.121,456.9,0.262,0.003,62.585,43.168,0,0.581,0.39,0.054,0.137,0.581,0.007,0.021,1.192e-4,0,7.617e-4,0.892,0.891,4.178e-5,1003.903,0.001,340.075,0.362,6.4,32.17
35.039,0.117,2643.121,456.9,0.262,0.003,62.551,43.168,0,0.581,0.39,0.054,0.137,0.581,0.029,0.088,-8.479e-5,0,7.526e-4,0.892,0.891,-2.717e-5,1004.502,0.001,340.095,0.362,6.4,32.17
35.08,0.188,2643.121,456.9,0.262,0.003,62.535,43.168,0,0.581,0.39,0.054,0.137,0.581,0.047,0.142,2.336e-4,0,7.475e-4,0.892,0.891,8.694e-7,1005.101,0.001,340.115,0.362,6.4,32.17
35.121,0.124,2643.121,456.9,0.262,0.003,62.566,43.168,0,0.581,0.39,0.054,0.137,0.581,0.031,0.094,2.052e-4,0,7.471e-4,0.892,0.891,4.182e-5,1005.699,0.001,340.135,0.363,6.4,32.17
35.163,0.092,2643.121,456.9,0.262,0.003,62.578,43.168,0,0.581,0.39,0.055,0.137,0.581,0.023,0.07,-6.55e-5,0,7.47e-4,0.892,0.891,-3.62e-5,1006.298,0.001,340.155,0.363,6.4,32.17
35.204,0.194,2643.121,456.9,0.262,0.003,62.529,43.168,0,0.581,0.39,0.055,0.137,0.582,0.049,0.147,4.452e-4,0,7.468e-4,0.892,0.891,-6.062e-6,1006.897,0.001,340.176,0.364,6.4,32.17
35.245,0.2,2643.121,456.9,0.262,0.003,62.524,43.168,0,0.582,0.39,0.055,0.137,0.582,0.05,0.152,1.002e-4,0,7.526e-4,0.892,0.891,3.839e-5,1007.496,0.001,340.196,0.364,6.4,32.17
35.287,0.059,2643.121,456.9,0.262,0.003,62.59,43.168,0,0.582,0.39,0.055,0.137,0.582,0.015,0.045,-3.879e-4,0,7.238e-4,0.892,0.892,1.861e-6,1008.095,0.001,340.216,0.364,6.4,32.17
35.328,0.132,2643.121,456.9,0.262,0.003,62.562,43.168,0,0.582,0.39,0.055,0.137,0.582,0.033,0.101,5.003e-6,0,7.127e-4,0.892,0.892,-4.726e-5,1008.694,0.001,340.236,0.365,6.4,32.17
35.369,0.168,2643.121,456.9,0.262,0.003,62.553,43.168,0,0.582,0.39,0.055,0.137,0.582,0.042,0.128,1.431e-4,0,7.103e-4,0.892,0.892,9.811e-8,1009.293,0.001,340.256,0.365,6.4,32.17
35.41,0.101,2643.121,456.9,0.262,0.003,62.573,43.168,0,0.582,0.39,0.055,0.137,0.582,0.025,0.077,-3.125e-4,0,7.075e-4,0.892,0.892,4.354e-5,1009.892,0.001,340.276,0.365,6.4,32.17
35.451,0.031,2643.121,456.9,0.262,0.003,62.59,43.168,0,0.582,0.39,0.055,0.137,0.582,0.008,0.024,-4.043e-4,0,7.022e-4,0.892,0.892,-6.448e-5,1010.491,0.001,340.296,0.366,6.4,32.17
35.492,0.128,2643.121,456.9,0.262,0.003,62.55,43.168,0,0.582,0.39,0.055,0.137,0.582,0.032,0.097,-4.735e-4,0,6.978e-4,0.892,0.892,-1.875e-5,1011.091,0.001,340.316,0.366,6.4,32.17
35.533,0.14,2643.121,456.9,0.262,0.003,62.555,43.168,0,0.582,0.39,0.055,0.137,0.582,0.035,0.106,-2.362e-4,0,6.828e-4,0.892,0.892,1.15e-5,1011.69,0.001,340.337,0.366,6.4,32.17
35.574,0.03,2643.121,456.9,0.262,0.003,62.608,43.168,0,0.582,0.39,0.055,0.137,0.582,0.008,0.023,-4.77e-4,0,6.781e-4,0.893,0.892,5.792e-5,1012.289,0.001,340.357,0.367,6.4,32.17
35.615,0.119,2643.121,456.9,0.262,0.003,62.574,43.168,0,0.583,0.39,0.055,0.138,0.583,0.03,0.091,-2.482e-4,0,6.72e-4,0.893,0.892,-4.143e-5,1012.889,0.001,340.377,0.367,6.4,32.17
35.656,0.194,2643.121,456.9,0.262,0.003,62.535,43.168,0,0.583,0.39,0.056,0.138,0.583,0.049,0.147,-2.093e-4,0,6.633e-4,0.893,0.892,1.385e-7,1013.25,0.001,340.389,0.367,6.4,32.17
