# Time (s),Angle of attack (°),Mass (g),Motor mass (g),Longitudinal moment of inertia (kg·m²),Rotational moment of inertia (kg·m²),CP location (cm),CG location (cm),Thrust (N),Drag coefficient (​),Friction drag coefficient (​),Pressure drag coefficient (​),Base drag coefficient (​),Axial drag coefficient (​),Normal force coefficient (​),Pitch moment coefficient (​),Yaw moment coefficient (​),Side force coefficient (​),Roll moment coefficient (​),Roll forcing coefficient (​),Roll damping coefficient (​),Pitch damping coefficient (​),Air pressure (mbar),Air density (g/cm³),Speed of sound (m/s),Mach number (​),Reference length (cm),Reference area (cm²)
0,90,2993.152,807,0.302,0.003,NaN,47.264,0,0.705,0.568,0.017,0.12,0,NaN,NaN,NaN,NaN,NaN,NaN,NaN,NaN,1013.25,0.001,340.389,0.007,6.4,32.17
0.01,89.371,2992.403,806.251,0.302,0.003,NaN,47.256,64.111,0.705,0.568,0.017,0.12,2.333e-6,NaN,NaN,NaN,NaN,NaN,NaN,NaN,NaN,1013.25,0.001,340.389,0.007,6.4,32.17
0.02,83.856,2991.654,805.502,0.302,0.003,NaN,47.249,128.222,0.705,0.568,0.017,0.12,0.002,NaN,NaN,NaN,NaN,NaN,NaN,NaN,NaN,1013.25,0.001,340.389,0.007,6.4,32.17
0.03,73.393,2990.905,804.753,0.302,0.003,NaN,47.241,192.334,0.7,0.564,0.017,0.12,0.036,NaN,NaN,NaN,NaN,NaN,NaN,NaN,NaN,1013.249,0.001,340.389,0.007,6.4,32.17
0.042,56.868,2990.006,803.854,0.301,0.003,NaN,47.232,269.267,0.683,0.546,0.017,0.12,0.219,NaN,NaN,NaN,NaN,NaN,NaN,NaN,NaN,1013.248,0.001,340.389,0.008,6.4,32.17
0.045,52.776,2989.606,803.454,0.301,0.003,NaN,47.227,326.466,0.677,0.54,0.017,0.12,0.288,NaN,NaN,NaN,NaN,NaN,NaN,NaN,NaN,1013.247,0.001,340.389,0.008,6.4,32.17
0.048,47.388,2989.025,802.872,0.301,0.003,NaN,47.221,311.56,0.667,0.53,0.017,0.12,0.388,NaN,NaN,NaN,NaN,NaN,NaN,NaN,NaN,1013.247,0.001,340.389,0.009,6.4,32.17
0.054,41.163,2988.152,802,0.301,0.003,NaN,47.212,289.2,0.653,0.516,0.017,0.12,0.507,NaN,NaN,NaN,NaN,NaN,NaN,NaN,NaN,1013.245,0.001,340.389,0.01,6.4,32.17
0.062,34.71,2986.844,800.691,0.301,0.003,NaN,47.199,255.66,0.636,0.499,0.017,0.12,0.62,NaN,NaN,NaN,NaN,NaN,NaN,NaN,NaN,1013.242,0.001,340.389,0.012,6.4,32.17
0.07,30.754,2985.651,799.499,0.301,0.003,NaN,47.186,225.102,0.624,0.487,0.017,0.12,0.678,NaN,NaN,NaN,NaN,NaN,NaN,NaN,NaN,1013.239,0.001,340.389,0.013,6.4,32.17
0.08,27.051,2984.462,798.31,0.301,0.003,NaN,47.174,214.247,0.611,0.474,0.017,0.12,0.719,NaN,NaN,NaN,NaN,NaN,NaN,NaN,NaN,1013.234,0.001,340.388,0.015,6.4,32.17
0.091,24.009,2983.154,797.002,0.301,0.003,NaN,47.16,202.307,0.599,0.462,0.017,0.12,0.741,NaN,NaN,NaN,NaN,NaN,NaN,NaN,NaN,1013.228,0.001,340.388,0.017,6.4,32.17
0.101,21.779,2981.94,795.788,0.301,0.003,NaN,47.148,208.8,0.59,0.453,0.017,0.12,0.749,NaN,NaN,NaN,NaN,NaN,NaN,NaN,NaN,1013.221,0.001,340.388,0.018,6.4,32.17
0.111,19.767,2980.726,794.573,0.3,0.003,NaN,47.135,215.294,0.581,0.444,0.017,0.12,0.749,NaN,NaN,NaN,NaN,NaN,NaN,NaN,NaN,1013.214,0.001,340.388,0.02,6.4,32.17
0.121,18.018,2979.512,793.359,0.3,0.003,NaN,47.123,221.787,0.573,0.436,0.017,0.12,0.744,NaN,NaN,NaN,NaN,NaN,NaN,NaN,NaN,1013.206,0.001,340.387,0.022,6.4,32.17
0.131,16.487,2978.298,792.145,0.3,0.003,NaN,47.11,228.281,0.566,0.428,0.017,0.12,0.735,NaN,NaN,NaN,NaN,NaN,NaN,NaN,NaN,1013.198,0.001,340.387,0.023,6.4,32.17
0.14,15.269,2977.205,791.053,0.3,0.003,NaN,47.098,234.125,0.559,0.422,0.017,0.12,0.722,NaN,NaN,NaN,NaN,NaN,NaN,NaN,NaN,1013.189,0.001,340.387,0.025,6.4,32.17
0.15,14.078,2975.871,789.718,0.3,0.003,NaN,47.084,235.963,0.553,0.415,0.017,0.12,0.705,NaN,NaN,NaN,NaN,NaN,NaN,NaN,NaN,1013.179,0.001,340.387,0.027,6.4,32.17
0.16,13.1,2974.536,788.384,0.3,0.003,NaN,47.071,237.801,0.546,0.409,0.017,0.12,0.688,NaN,NaN,NaN,NaN,NaN,NaN,NaN,NaN,1013.169,0.001,340.386,0.029,6.4,32.17
0.17,12.24,2973.202,787.049,0.3,0.003,NaN,47.057,239.64,0.541,0.404,0.017,0.12,0.672,NaN,NaN,NaN,NaN,NaN,NaN,NaN,NaN,1013.157,0.001,340.386,0.031,6.4,32.17
0.18,11.502,2971.912,785.759,0.3,0.003,NaN,47.043,241.417,0.536,0.398,0.017,0.12,0.657,NaN,NaN,NaN,NaN,NaN,NaN,NaN,NaN,1013.145,0.001,340.385,0.033,6.4,32.17
0.189,10.881,2970.702,784.549,0.299,0.003,59.062,47.03,243.084,0.532,0.395,0.017,0.12,0.644,3.377,6.347,2.553e-4,0,0,0,0,0,1013.133,0.001,340.385,0.035,6.4,32.17
0.202,10.046,2968.932,782.78,0.299,0.003,59.263,47.012,245.522,0.532,0.395,0.017,0.12,0.633,3.07,5.877,-1.184e-4,0,0,0,0,4.92e-5,1013.114,0.001,340.384,0.038,6.4,32.17
0.222,8.918,2966.351,780.199,0.299,0.003,59.548,46.985,242.18,0.532,0.395,0.017,0.12,0.618,2.668,5.237,-1.621e-4,0,0,0,0,2.771e-4,1013.083,0.001,340.383,0.042,6.4,32.17
0.252,7.593,2962.48,776.327,0.299,0.003,59.902,46.944,237.167,0.532,0.395,0.017,0.12,0.599,2.214,4.481,2.768e-5,0,0,0,0,8.74e-4,1013.03,0.001,340.381,0.048,6.4,32.17
0.296,6.226,2956.673,770.52,0.298,0.003,60.291,46.882,229.648,0.533,0.395,0.017,0.12,0.581,1.766,3.698,-5.437e-5,0,0,0,0,0.002,1012.936,0.001,340.378,0.057,6.4,32.17
0.346,5.263,2950.186,764.033,0.297,0.003,60.582,46.814,221.249,0.533,0.395,0.018,0.121,0.57,1.463,3.144,-1.787e-5,0,0,0,0,0.004,1012.814,0.001,340.374,0.067,6.4,32.17
0.349,5.22,2949.861,763.708,0.297,0.003,60.595,46.81,220.828,0.533,0.395,0.018,0.121,0.569,1.45,3.12,-4.884e-4,0,0,0,0,0.004,1012.807,0.001,340.374,0.067,6.4,32.17
0.353,5.139,2949.418,763.266,0.297,0.003,60.62,46.805,220.428,0.533,0.395,0.018,0.121,0.568,1.425,3.073,6.5e-5,0,0,0,0,0.004,1012.797,0.001,340.374,0.068,6.4,32.17
0.358,5.009,2948.755,762.602,0.297,0.003,60.66,46.798,219.828,0.533,0.395,0.018,0.121,0.567,1.386,2.997,1.375e-4,0,0,0,0,0.005,1012.781,0.001,340.373,0.069,6.4,32.17
0.367,4.82,2947.76,761.607,0.297,0.003,60.72,46.788,218.928,0.533,0.395,0.018,0.121,0.565,1.328,2.886,4.318e-4,0,0,0,0,0.005,1012.758,0.001,340.372,0.071,6.4,32.17
0.38,4.545,2946.267,760.114,0.297,0.003,60.807,46.772,217.578,0.533,0.395,0.018,0.121,0.562,1.245,2.725,-4.115e-4,0,0,0,0,0.006,1012.722,0.001,340.371,0.073,6.4,32.17
0.399,4.151,2944.027,757.875,0.297,0.003,60.934,46.748,215.553,0.533,0.395,0.018,0.121,0.557,1.128,2.492,-2.966e-4,0,0,0,0,0.006,1012.665,0.001,340.369,0.076,6.4,32.17
0.427,3.594,2940.668,754.515,0.296,0.003,61.118,46.712,212.515,0.534,0.395,0.018,0.121,0.552,0.965,2.163,1.831e-4,0,0,0,0,0.008,1012.575,0.001,340.366,0.082,6.4,32.17
0.47,2.901,2935.629,749.477,0.296,0.003,61.354,46.658,207.959,0.534,0.395,0.019,0.121,0.547,0.767,1.751,-2.598e-4,0,0,0,0,0.009,1012.43,0.001,340.361,0.089,6.4,32.17
0.52,2.055,2929.743,743.591,0.295,0.003,61.653,46.595,202.637,0.535,0.394,0.019,0.121,0.541,0.533,1.243,-4.229e-4,0,0,0,0,0.011,1012.243,0.001,340.355,0.098,6.4,32.17
0.523,1.987,2929.379,743.226,0.295,0.003,61.677,46.591,202.307,0.535,0.394,0.019,0.121,0.541,0.515,1.202,6.132e-5,0,0,0,0,0.011,1012.231,0.001,340.355,0.099,6.4,32.17
0.528,1.886,2928.88,742.728,0.295,0.003,61.714,46.585,202.026,0.535,0.394,0.019,0.121,0.54,0.487,1.14,4.419e-4,0,0,0,0,0.011,1012.212,0.001,340.354,0.1,6.4,32.17
0.535,1.736,2928.132,741.98,0.295,0.003,61.769,46.577,201.604,0.535,0.394,0.019,0.121,0.539,0.447,1.05,4.075e-4,0,0,0,0,0.012,1012.185,0.001,340.353,0.101,6.4,32.17
0.545,1.513,2927.011,740.858,0.295,0.003,61.851,46.565,200.972,0.535,0.394,0.019,0.121,0.539,0.388,0.914,-4.619e-4,0,0,0,0,0.012,1012.142,0.001,340.352,0.103,6.4,32.17
0.561,1.274,2925.328,739.176,0.295,0.003,61.94,46.547,200.023,0.535,0.394,0.019,0.121,0.538,0.325,0.769,-5.043e-5,0,0,0,0,0.012,1012.077,0.001,340.35,0.105,6.4,32.17
0.584,0.981,2922.804,736.652,0.295,0.003,62.051,46.52,198.599,0.535,0.394,0.02,0.122,0.537,0.248,0.59,-3.168e-4,0,0,0,0,0.012,1011.977,0.001,340.346,0.109,6.4,32.17
0.62,0.432,2919.019,732.866,0.294,0.003,62.263,46.478,196.465,0.536,0.394,0.02,0.122,0.536,0.108,0.255,-3.597e-4,0,0,0,0,0.012,1011.819,0.001,340.341,0.115,6.4,32.17
0.67,0.343,2913.655,727.502,0.294,0.003,62.3,46.42,193.44,0.537,0.394,0.02,0.122,0.537,0.085,0.222,1.132e-4,0,0,0,0,-0.01,1011.581,0.001,340.333,0.123,6.4,32.17
0.72,0.936,2908.291,722.138,0.293,0.003,62.075,46.361,190.415,0.537,0.394,0.021,0.122,0.539,0.237,0.589,2.119e-4,0,0,0,0,-0.008,1011.327,0.001,340.324,0.132,6.4,32.17
0.77,1.388,2902.927,716.775,0.292,0.003,61.909,46.303,187.39,0.538,0.394,0.021,0.123,0.541,0.355,0.87,-2.6e-4,0,0,0,0,-0.005,1011.057,0.001,340.315,0.14,6.4,32.17
0.82,1.673,2897.563,711.411,0.292,0.003,61.807,46.244,184.365,0.539,0.394,0.022,0.123,0.543,0.431,1.049,3.173e-4,0,0,0,0,-0.002,1010.772,0.001,340.306,0.147,6.4,32.17
0.837,1.758,2895.694,709.541,0.292,0.003,61.777,46.223,183.311,0.539,0.394,0.022,0.123,0.544,0.453,1.104,-1.975e-4,0,0,0,0,-0.002,1010.668,0.001,340.302,0.15,6.4,32.17
0.863,1.747,2893.166,707.014,0.291,0.003,61.783,46.195,181.888,0.539,0.394,0.023,0.123,0.544,0.451,1.098,3.16e-4,0,0,0,0,-8.523e-4,1010.51,0.001,340.297,0.154,6.4,32.17
0.902,1.533,2889.374,703.222,0.291,0.003,61.864,46.153,179.754,0.54,0.394,0.023,0.123,0.544,0.393,0.966,4.123e-4,0,0,0,0,-1.502e-4,1010.265,0.001,340.289,0.16,6.4,32.17
0.952,1.489,2884.539,698.387,0.29,0.003,61.883,46.099,177.033,0.541,0.394,0.024,0.124,0.545,0.382,0.941,2.051e-4,0,0,0,0,6.296e-5,1009.939,0.001,340.278,0.168,6.4,32.17
1.002,1.209,2879.704,693.551,0.29,0.003,61.991,46.045,174.311,0.542,0.394,0.024,0.124,0.544,0.308,0.767,4.94e-4,0,0,0,0,6.767e-4,1009.598,0.001,340.266,0.175,6.4,32.17
1.052,0.726,2874.868,688.716,0.289,0.003,62.177,45.991,171.59,0.543,0.394,0.025,0.124,0.544,0.183,0.461,1.941e-4,0,0,0,0,0.001,1009.243,0.001,340.254,0.182,6.4,32.17
1.102,0.326,2870.033,683.88,0.289,0.003,62.335,45.937,168.868,0.544,0.393,0.026,0.125,0.544,0.081,0.206,-3.798e-4,0,0,0,0,0.002,1008.874,0.001,340.242,0.189,6.4,32.17
1.152,0.208,2865.197,679.045,0.288,0.003,62.384,45.883,166.147,0.545,0.393,0.026,0.125,0.545,0.052,0.136,4.245e-4,0,0,0,0,-0.002,1008.491,0.001,340.229,0.196,6.4,32.17
1.186,0.612,2861.943,675.79,0.288,0.003,62.23,45.846,164.315,0.545,0.393,0.027,0.125,0.546,0.154,0.396,2.409e-4,0,0,0,0,-0.002,1008.225,0.001,340.22,0.201,6.4,32.17
1.236,0.944,2857.715,671.563,0.288,0.003,62.107,45.798,161.821,0.546,0.393,0.028,0.126,0.548,0.239,0.61,3.341e-4,0,0,0,0,-5.763e-4,1007.819,0.001,340.207,0.207,6.4,32.17
1.286,1.085,2853.488,667.335,0.287,0.003,62.058,45.75,159.326,0.547,0.393,0.028,0.126,0.549,0.276,0.703,-1.928e-4,0,0,0,0,-3.126e-5,1007.401,0.001,340.192,0.214,6.4,32.17
1.329,0.916,2849.863,663.71,0.287,0.003,62.125,45.709,157.187,0.548,0.393,0.029,0.126,0.55,0.232,0.595,1.657e-4,0,0,0,0,1.076e-4,1007.031,0.001,340.18,0.219,6.4,32.17
1.377,0.603,2845.797,659.644,0.286,0.003,62.248,45.662,154.788,0.549,0.393,0.03,0.127,0.55,0.152,0.393,2.904e-4,0,0,0,0,5.392e-4,1006.606,0.001,340.166,0.225,6.4,32.17
1.427,0.268,2841.569,655.417,0.286,0.003,62.382,45.614,152.294,0.55,0.393,0.031,0.127,0.551,0.067,0.175,1.201e-4,0,0,0,0,9.491e-4,1006.151,0.001,340.15,0.232,6.4,32.17
1.477,0.113,2837.342,651.189,0.285,0.003,62.447,45.565,149.799,0.551,0.393,0.032,0.127,0.551,0.028,0.075,-4.061e-4,0,0,0,0,-0.001,1005.685,0.001,340.135,0.238,6.4,32.17
1.527,0.434,2833.114,646.962,0.285,0.003,62.325,45.517,147.305,0.553,0.393,0.032,0.128,0.553,0.109,0.286,-3.457e-4,0,0,0,0,-6.234e-4,1005.206,0.001,340.119,0.244,6.4,32.17
1.577,0.595,2828.886,642.734,0.284,0.003,62.267,45.468,144.811,0.554,0.392,0.033,0.128,0.554,0.15,0.394,3.62e-4,0,0,0,0,-1.793e-4,1004.716,0.001,340.102,0.249,6.4,32.17
1.627,0.651,2824.659,638.506,0.284,0.003,62.249,45.419,142.316,0.555,0.392,0.034,0.128,0.555,0.164,0.432,4.234e-4,0,0,0,0,1.017e-8,1004.215,0.001,340.085,0.255,6.4,32.17
1.676,0.528,2820.535,634.383,0.283,0.003,62.3,45.371,139.883,0.556,0.392,0.035,0.129,0.556,0.133,0.351,-3.191e-4,0,0,0,0,1.782e-4,1003.716,0.001,340.069,0.26,6.4,32.17
1.681,0.5,2820.089,633.937,0.283,0.003,62.312,45.366,139.62,0.556,0.392,0.035,0.129,0.556,0.126,0.333,3.675e-4,0,0,0,0,2.113e-4,1003.661,0.001,340.067,0.261,6.4,32.17
1.689,0.455,2819.539,633.386,0.283,0.003,62.33,45.359,139.282,0.556,0.392,0.035,0.129,0.556,0.114,0.302,1.759e-4,0,0,0,0,2.621e-4,1003.579,0.001,340.064,0.262,6.4,32.17
1.701,0.382,2818.712,632.56,0.283,0.003,62.359,45.35,138.774,0.556,0.392,0.035,0.129,0.557,0.096,0.254,4.432e-4,0,0,0,0,3.369e-4,1003.455,0.001,340.06,0.263,6.4,32.17
1.719,0.276,2817.473,631.321,0.283,0.003,62.402,45.335,138.012,0.557,0.392,0.035,0.129,0.557,0.069,0.184,2.191e-6,0,0,0,0,4.363e-4,1003.268,0.001,340.054,0.265,6.4,32.17
1.745,0.101,2815.615,629.462,0.283,0.003,62.473,45.313,136.87,0.557,0.392,0.036,0.129,0.557,0.025,0.067,4.993e-4,0,0,0,0,5.278e-4,1002.986,0.001,340.044,0.268,6.4,32.17
1.785,0.197,2812.827,626.674,0.283,0.003,62.438,45.281,135.157,0.558,0.392,0.037,0.13,0.558,0.049,0.132,2.309e-4,0,0,0,0,-4.707e-4,1002.557,0.001,340.03,0.272,6.4,32.17
1.835,0.419,2809.346,623.193,0.282,0.003,62.355,45.24,133.017,0.559,0.392,0.037,0.13,0.56,0.105,0.281,-2.025e-4,0,0,0,0,-1.814e-4,1002.011,0.001,340.011,0.277,6.4,32.17
1.885,0.532,2805.864,619.712,0.282,0.003,62.315,45.199,130.878,0.56,0.392,0.038,0.13,0.561,0.134,0.358,1.287e-4,0,0,0,0,-2.564e-6,1001.456,0.001,339.993,0.282,6.4,32.17
1.933,0.464,2802.537,616.384,0.281,0.003,62.345,45.16,128.832,0.561,0.392,0.039,0.131,0.562,0.117,0.313,-3.23e-4,0,0,0,0,1.126e-4,1000.916,0.001,339.975,0.287,6.4,32.17
1.983,0.205,2799.056,612.903,0.281,0.003,62.45,45.119,126.693,0.562,0.391,0.04,0.131,0.562,0.051,0.138,-1.668e-4,0,0,0,0,3.676e-4,1000.342,0.001,339.955,0.291,6.4,32.17
2.033,0.09,2795.574,609.422,0.281,0.003,62.499,45.078,124.553,0.563,0.391,0.041,0.131,0.563,0.023,0.061,-1.36e-4,0,0,0,0,-4.06e-4,999.759,0.001,339.936,0.296,6.4,32.17
2.083,0.353,2792.093,605.941,0.28,0.003,62.399,45.036,122.414,0.564,0.391,0.041,0.132,0.565,0.089,0.241,-7.849e-5,0,0,0,0,-1.944e-4,999.166,0.001,339.916,0.3,6.4,32.17
2.133,0.48,2788.612,602.46,0.28,0.003,62.354,44.995,120.274,0.565,0.391,0.042,0.132,0.566,0.121,0.328,-7.377e-5,0,0,0,0,-4.71e-6,998.565,0.001,339.896,0.305,6.4,32.17
2.178,0.424,2785.514,599.362,0.279,0.003,62.379,44.958,118.37,0.566,0.391,0.043,0.132,0.567,0.107,0.289,3.745e-4,0,0,0,0,8.288e-5,998.024,0.001,339.878,0.309,6.4,32.17
2.227,0.182,2782.09,595.937,0.279,0.003,62.477,44.917,116.266,0.567,0.391,0.044,0.133,0.568,0.045,0.125,3.707e-4,0,0,0,0,3.107e-4,997.417,0.001,339.857,0.313,6.4,32.17
2.277,0.199,2778.608,592.456,0.279,0.003,62.474,44.876,114.126,0.568,0.391,0.045,0.133,0.569,0.05,0.138,4.35e-4,0,0,0,0,-3.079e-4,996.792,0.001,339.836,0.317,6.4,32.17
2.327,0.493,2775.127,588.975,0.278,0.003,62.363,44.834,111.987,0.569,0.391,0.045,0.133,0.57,0.124,0.341,-1.124e-4,0,0,0,0,-4.602e-5,996.16,0.001,339.815,0.321,6.4,32.17
2.358,0.545,2772.954,586.801,0.278,0.003,62.345,44.808,110.651,0.57,0.391,0.046,0.134,0.571,0.137,0.376,-1.396e-4,0,0,0,0,8.014e-6,995.761,0.001,339.802,0.323,6.4,32.17
2.392,0.481,2771.16,585.007,0.278,0.003,62.372,44.786,109.427,0.571,0.391,0.046,0.134,0.571,0.121,0.333,2.37e-4,0,0,0,0,1.793e-4,995.317,0.001,339.787,0.326,6.4,32.17
2.431,0.229,2769.169,583.017,0.278,0.003,62.473,44.762,108.07,0.572,0.391,0.047,0.134,0.572,0.057,0.158,7.04e-5,0,0,0,0,4.663e-4,994.821,0.001,339.77,0.328,6.4,32.17
2.481,0.189,2766.567,580.414,0.277,0.003,62.492,44.73,106.294,0.572,0.39,0.048,0.134,0.572,0.047,0.132,2.818e-4,0,0,0,0,-4.778e-4,994.166,0.001,339.748,0.332,6.4,32.17
2.531,0.469,2763.964,577.812,0.277,0.003,62.385,44.699,104.519,0.573,0.39,0.048,0.135,0.574,0.118,0.327,-3.114e-4,0,0,0,0,-1.205e-4,993.504,0.001,339.726,0.335,6.4,32.17
2.567,0.507,2762.054,575.902,0.277,0.003,62.373,44.676,103.216,0.574,0.39,0.049,0.135,0.574,0.128,0.353,-3.36e-4,0,0,0,0,1.316e-7,993.015,0.001,339.709,0.338,6.4,32.17
2.601,0.41,2760.31,574.158,0.276,0.003,62.413,44.655,102.027,0.575,0.39,0.049,0.135,0.575,0.103,0.286,-2.101e-5,0,0,0,0,1.018e-4,992.564,0.001,339.694,0.34,6.4,32.17
2.642,0.154,2758.186,572.034,0.276,0.003,62.516,44.629,100.578,0.575,0.39,0.05,0.135,0.575,0.038,0.107,-3.74e-4,0,0,0,0,3.024e-4,992.012,0.001,339.676,0.342,6.4,32.17
2.692,0.236,2755.583,569.431,0.276,0.003,62.486,44.597,98.803,0.576,0.39,0.05,0.136,0.576,0.059,0.166,-3.228e-4,0,0,0,0,-2.495e-4,991.329,0.001,339.653,0.346,6.4,32.17
2.742,0.488,2752.981,566.828,0.276,0.003,62.391,44.565,97.027,0.577,0.39,0.051,0.136,0.577,0.123,0.343,4.762e-4,0,0,0,0,-1.176e-5,990.641,0.001,339.63,0.349,6.4,32.17
2.774,0.437,2751.3,565.147,0.275,0.003,62.413,44.545,95.88,0.577,0.39,0.052,0.136,0.578,0.11,0.308,-2.845e-4,0,0,0,0,4.363e-5,990.193,0.001,339.615,0.35,6.4,32.17
2.81,0.256,2749.445,563.292,0.275,0.003,62.486,44.522,94.615,0.578,0.39,0.052,0.136,0.578,0.064,0.18,1.993e-4,0,0,0,0,2.136e-4,989.696,0.001,339.598,0.353,6.4,32.17
2.86,0.035,2746.842,560.69,0.275,0.003,62.575,44.49,92.84,0.579,0.39,0.053,0.136,0.579,0.009,0.025,3.432e-4,0,0,0,0,-3.363e-4,988.995,0.001,339.574,0.355,6.4,32.17
2.91,0.322,2744.239,558.087,0.275,0.003,62.465,44.458,91.065,0.58,0.39,0.053,0.137,0.58,0.081,0.228,-2.887e-4,0,0,0,0,-1.389e-4,988.288,0.001,339.551,0.358,6.4,32.17
2.956,0.386,2741.847,555.694,0.274,0.003,62.442,44.429,89.433,0.58,0.39,0.054,0.137,0.581,0.097,0.274,1.413e-4,0,0,0,0,-1.076e-7,987.633,0.001,339.529,0.36,6.4,32.17
2.993,0.307,2739.877,553.725,0.274,0.003,62.475,44.404,88.089,0.581,0.39,0.054,0.137,0.581,0.077,0.217,2.586e-4,0,0,0,0,7.747e-5,987.092,0.001,339.51,0.362,6.4,32.17
3.041,6.272e-4,2737.423,551.271,0.274,0.003,62.598,44.374,86.415,0.582,0.39,0.055,0.137,0.582,1.566e-4,2.255e-4,4.309e-4,0,0,0,0,1.793e-4,986.413,0.001,339.488,0.364,6.4,32.17
3.091,0.246,2734.82,548.668,0.273,0.003,62.504,44.342,84.64,0.582,0.39,0.055,0.137,0.582,0.062,0.176,4.62e-4,0,0,0,0,-8.307e-5,985.689,0.001,339.463,0.367,6.4,32.17
3.141,0.341,2732.218,546.065,0.273,0.003,62.469,44.31,82.865,0.583,0.389,0.056,0.138,0.583,0.086,0.243,-4.222e-4,0,0,0,0,2.638e-6,984.96,0.001,339.439,0.369,6.4,32.17
3.181,0.226,2730.106,543.954,0.273,0.003,62.516,44.283,81.424,0.584,0.389,0.056,0.138,0.584,0.057,0.162,-4.953e-4,0,0,0,0,1.006e-4,984.366,0.001,339.419,0.37,6.4,32.17
3.231,0.014,2727.503,541.351,0.273,0.003,62.602,44.251,79.649,0.584,0.389,0.057,0.138,0.584,0.003,0.01,-3.102e-4,0,0,0,0,-1.837e-4,983.63,0.001,339.394,0.372,6.4,32.17
3.281,0.228,2724.901,538.748,0.272,0.003,62.519,44.219,77.874,0.585,0.389,0.057,0.138,0.585,0.057,0.164,-3.413e-5,0,0,0,0,-8.151e-5,982.891,0.001,339.369,0.374,6.4,32.17
3.321,0.3,2722.827,536.674,0.272,0.003,62.492,44.193,76.459,0.585,0.389,0.058,0.138,0.585,0.076,0.216,2.099e-4,0,0,0,0,-1.585e-6,982.299,0.001,339.349,0.376,6.4,32.17
3.365,0.219,2721.212,535.059,0.272,0.003,62.526,44.173,75.272,0.586,0.389,0.058,0.138,0.586,0.055,0.158,-2.024e-4,0,0,0,0,5.478e-5,981.643,0.001,339.327,0.377,6.4,32.17
3.415,0.03,2719.375,533.223,0.272,0.003,62.602,44.15,73.922,0.586,0.389,0.058,0.139,0.586,0.008,0.022,-9.672e-5,0,0,0,0,-1.21e-4,980.895,0.001,339.302,0.379,6.4,32.17
3.465,0.254,2717.539,531.386,0.271,0.003,62.516,44.127,72.572,0.587,0.389,0.059,0.139,0.587,0.064,0.183,-5.298e-5,0,0,0,0,-2.82e-5,980.143,0.001,339.277,0.38,6.4,32.17
3.515,0.262,2715.702,529.55,0.271,0.003,62.514,44.104,71.222,0.587,0.389,0.059,0.139,0.587,0.066,0.19,-2.609e-4,0,0,0,0,2.396e-5,979.388,0.001,339.252,0.382,6.4,32.17
3.563,0.084,2713.922,527.77,0.271,0.003,62.585,44.081,69.913,0.588,0.389,0.059,0.139,0.588,0.021,0.06,1.228e-4,0,0,0,0,1.239e-4,978.654,0.001,339.227,0.383,6.4,32.17
3.613,0.118,2712.086,525.933,0.271,0.003,62.573,44.058,68.564,0.588,0.389,0.06,0.139,0.588,0.03,0.086,1.668e-4,0,0,0,0,-1.102e-4,977.894,0.001,339.201,0.385,6.4,32.17
3.663,0.253,2710.249,524.097,0.27,0.003,62.522,44.035,67.214,0.588,0.389,0.06,0.139,0.589,0.064,0.184,2.064e-4,0,0,0,0,-9.793e-6,977.132,0.001,339.176,0.386,6.4,32.17
3.712,0.211,2708.45,522.298,0.27,0.003,62.539,44.012,65.891,0.589,0.389,0.06,0.139,0.589,0.053,0.154,2.868e-4,0,0,0,0,3.431e-5,976.383,0.001,339.151,0.387,6.4,32.17
3.762,0.014,2706.614,520.461,0.27,0.003,62.618,43.989,64.541,0.589,0.389,0.061,0.14,0.589,0.004,0.011,-1.929e-4,0,0,0,0,1.083e-4,975.617,0.001,339.125,0.388,6.4,32.17
3.812,0.195,2704.777,518.625,0.27,0.003,62.548,43.966,63.191,0.589,0.389,0.061,0.14,0.589,0.049,0.142,4.161e-4,0,0,0,0,-4.264e-5,974.848,0.001,339.099,0.389,6.4,32.17
3.862,0.22,2702.941,516.789,0.27,0.003,62.539,43.943,61.842,0.59,0.389,0.061,0.14,0.59,0.055,0.161,4.627e-4,0,0,0,0,3.2e-6,974.078,0.001,339.073,0.39,6.4,32.17
3.912,0.104,2701.105,514.952,0.269,0.003,62.586,43.919,60.492,0.59,0.389,0.061,0.14,0.59,0.026,0.076,-4.521e-4,0,0,0,0,6.629e-5,973.305,0.001,339.047,0.391,6.4,32.17
3.962,0.058,2699.268,513.116,0.269,0.003,62.605,43.896,59.142,0.59,0.389,0.062,0.14,0.59,0.015,0.042,-1.617e-5,0,0,0,0,-8.253e-5,972.532,0.001,339.021,0.392,6.4,32.17
4.012,0.183,2697.432,511.279,0.269,0.003,62.557,43.873,57.792,0.59,0.389,0.062,0.14,0.591,0.046,0.134,2.06e-4,0,0,0,0,-1.707e-5,971.757,0.001,338.995,0.392,6.4,32.17
4.062,0.149,2695.595,509.443,0.269,0.003,62.57,43.849,56.442,0.591,0.389,0.062,0.14,0.591,0.037,0.11,4.433e-4,0,0,0,0,8.271e-6,970.98,0.001,338.969,0.393,6.4,32.17
4.095,0.032,2694.4,508.247,0.269,0.003,62.617,43.834,55.563,0.591,0.389,0.062,0.14,0.591,0.008,0.024,1.939e-4,0,0,0,0,2.688e-5,970.474,0.001,338.952,0.393,6.4,32.17
4.144,0.091,2693.141,506.989,0.268,0.003,62.595,43.818,54.465,0.591,0.389,0.062,0.14,0.591,0.023,0.067,3.095e-4,0,0,0,0,-1.486e-5,969.714,0.001,338.927,0.394,6.4,32.17
4.194,0.125,2691.853,505.701,0.268,0.003,62.581,43.801,53.341,0.591,0.389,0.062,0.14,0.591,0.031,0.092,-2.62e-4,0,0,0,0,4.066e-7,968.936,0.001,338.901,0.394,6.4,32.17
4.244,0.111,2690.565,504.413,0.268,0.003,62.588,43.785,52.218,0.591,0.389,0.062,0.14,0.591,0.028,0.081,2.251e-4,0,0,0,0,2.901e-5,968.156,0.001,338.874,0.395,6.4,32.17
4.294,0.044,2689.277,503.125,0.268,0.003,62.614,43.769,51.094,0.591,0.389,0.062,0.14,0.591,0.011,0.032,-4.739e-4,0,0,0,0,-4.688e-5,967.376,0.001,338.848,0.395,6.4,32.17
4.344,0.173,2687.989,501.837,0.268,0.003,62.564,43.752,49.97,0.591,0.389,0.062,0.14,0.591,0.043,0.128,-7.083e-5,0,0,0,0,-5.41e-6,966.595,0.001,338.822,0.395,6.4,32.17
4.394,0.159,2686.701,500.548,0.268,0.003,62.569,43.736,48.846,0.591,0.389,0.062,0.14,0.592,0.04,0.117,1.392e-4,0,0,0,0,2.098e-5,965.814,0.001,338.796,0.395,6.4,32.17
4.444,0.019,2685.413,499.26,0.267,0.003,62.625,43.719,47.722,0.592,0.389,0.063,0.14,0.592,0.005,0.014,-1.749e-4,0,0,0,0,-5.673e-5,965.033,0.001,338.77,0.395,6.4,32.17
4.494,0.135,2684.125,497.972,0.267,0.003,62.579,43.702,46.598,0.592,0.389,0.063,0.14,0.592,0.034,0.1,3.793e-4,0,0,0,0,-1.74e-5,964.252,0.001,338.743,0.395,6.4,32.17
4.544,0.182,2682.837,496.684,0.267,0.003,62.56,43.686,45.474,0.592,0.389,0.063,0.14,0.592,0.046,0.135,-3.079e-4,0,0,0,0,5.482e-6,963.47,0.001,338.717,0.396,6.4,32.17
4.594,0.086,2681.548,495.396,0.267,0.003,62.599,43.669,44.351,0.592,0.389,0.063,0.14,0.592,0.021,0.064,-9.655e-6,0,0,0,0,6.264e-5,962.689,0.001,338.691,0.395,6.4,32.17
4.644,0.066,2680.26,494.108,0.267,0.003,62.606,43.653,43.227,0.592,0.389,0.063,0.14,0.592,0.017,0.049,4.158e-5,0,0,0,0,-6.794e-5,961.908,0.001,338.665,0.395,6.4,32.17
4.694,0.179,2678.972,492.82,0.267,0.003,62.562,43.636,42.103,0.591,0.389,0.062,0.14,0.592,0.045,0.132,2.748e-4,0,0,0,0,-9.856e-6,961.127,0.001,338.638,0.395,6.4,32.17
4.744,0.186,2677.684,491.532,0.266,0.003,62.558,43.619,40.979,0.591,0.389,0.062,0.14,0.591,0.047,0.138,-3.82e-4,0,0,0,0,1.917e-5,960.347,0.001,338.612,0.395,6.4,32.17
4.794,0.023,2676.396,490.244,0.266,0.003,62.623,43.603,39.855,0.591,0.389,0.062,0.14,0.591,0.006,0.017,1.041e-4,0,0,0,0,-6.208e-5,959.567,0.001,338.586,0.395,6.4,32.17
4.844,0.186,2675.108,488.955,0.266,0.003,62.558,43.586,38.731,0.591,0.389,0.062,0.14,0.591,0.047,0.139,-4.554e-4,0,0,0,0,-1.161e-5,958.789,0.001,338.56,0.394,6.4,32.17
4.894,0.193,2673.82,487.667,0.266,0.003,62.555,43.569,37.608,0.591,0.389,0.062,0.14,0.591,0.048,0.144,-1.762e-4,0,0,0,0,2.022e-5,958.01,0.001,338.534,0.394,6.4,32.17
4.919,0.138,2673.172,487.019,0.266,0.003,62.576,43.561,37.042,0.591,0.389,0.062,0.14,0.591,0.035,0.103,-3.873e-4,0,0,0,0,6.049e-5,957.619,0.001,338.521,0.394,6.4,32.17
4.957,0.005,2672.558,486.406,0.266,0.003,62.628,43.553,36.465,0.591,0.389,0.062,0.14,0.591,0.001,0.003,-4.465e-4,0,0,0,0,9.992e-5,957.033,0.001,338.501,0.393,6.4,32.17
5.007,0.181,2671.746,485.593,0.266,0.003,62.558,43.543,35.7,0.591,0.389,0.062,0.14,0.591,0.045,0.135,2.169e-4,0,0,0,0,-3.855e-5,956.257,0.001,338.475,0.393,6.4,32.17
5.057,0.188,2670.933,484.781,0.266,0.003,62.555,43.532,34.936,0.591,0.389,0.062,0.14,0.591,0.047,0.141,3.808e-4,0,0,0,0,2.165e-6,955.482,0.001,338.449,0.392,6.4,32.17
5.107,0.048,2670.121,483.968,0.266,0.003,62.609,43.522,34.171,0.59,0.389,0.062,0.14,0.59,0.012,0.036,4.336e-4,0,0,0,0,3.887e-5,954.709,0.001,338.423,0.392,6.4,32.17
5.157,0.077,2669.308,483.156,0.265,0.003,62.597,43.511,33.407,0.59,0.389,0.061,0.14,0.59,0.019,0.058,-4.967e-5,0,0,0,0,-3.146e-5,953.968,0.001,338.397,0.391,6.4,32.17
5.207,0.145,2668.496,482.343,0.265,0.003,62.569,43.5,32.643,0.59,0.389,0.061,0.14,0.59,0.036,0.108,-2.552e-4,0,0,0,0,-1.273e-6,953.234,0.001,338.371,0.391,6.4,32.17
5.257,0.152,2667.683,481.531,0.265,0.003,62.566,43.49,31.878,0.59,0.389,0.061,0.14,0.59,0.038,0.114,-5.313e-5,0,0,0,0,2.489e-5,952.501,0.001,338.345,0.39,6.4,32.17
5.307,0.053,2666.871,480.718,0.265,0.003,62.604,43.479,31.114,0.589,0.389,0.061,0.14,0.589,0.013,0.039,-9.387e-5,0,0,0,0,8.553e-5,951.769,0.001,338.319,0.389,6.4,32.17
5.357,0.093,2666.058,479.906,0.265,0.003,62.588,43.469,30.349,0.589,0.389,0.061,0.14,0.589,0.023,0.07,-2.671e-5,0,0,0,0,-6.8e-5,951.039,0.001,338.294,0.388,6.4,32.17
5.407,0.117,2665.246,479.093,0.265,0.003,62.577,43.458,29.585,0.589,0.389,0.061,0.14,0.589,0.029,0.088,4.592e-4,0,0,0,0,-1.644e-5,950.31,0.001,338.268,0.388,6.4,32.17
5.457,0.103,2664.433,478.281,0.265,0.003,62.582,43.447,28.82,0.589,0.389,0.06,0.139,0.589,0.026,0.077,3.229e-4,0,0,0,0,1.102e-7,949.583,0.001,338.242,0.387,6.4,32.17
5.507,0.047,2663.621,477.468,0.265,0.003,62.603,43.437,28.056,0.588,0.389,0.06,0.139,0.588,0.012,0.035,3.891e-4,0,0,0,0,1.211e-5,948.858,0.001,338.217,0.386,6.4,32.17
5.557,0.077,2662.808,476.656,0.265,0.003,62.59,43.426,27.291,0.588,0.389,0.06,0.139,0.588,0.019,0.058,1.464e-4,0,0,0,0,-8.103e-6,948.134,0.001,338.191,0.385,6.4,32.17
5.607,0.144,2661.996,475.843,0.265,0.003,62.563,43.416,26.527,0.588,0.389,0.06,0.139,0.588,0.036,0.108,4.259e-4,0,0,0,0,2.792e-6,947.413,0.001,338.166,0.384,6.4,32.17
5.657,0.102,2661.183,475.031,0.264,0.003,62.578,43.405,25.762,0.588,0.389,0.059,0.139,0.588,0.026,0.076,-4.869e-4,0,0,0,0,4.501e-5,946.693,0.001,338.14,0.383,6.4,32.17
5.707,0.036,2660.371,474.218,0.264,0.003,62.603,43.394,24.998,0.587,0.389,0.059,0.139,0.587,0.009,0.028,4.908e-4,0,0,0,0,-6.565e-5,945.975,0.001,338.115,0.382,6.4,32.17
5.757,0.178,2659.558,473.406,0.264,0.003,62.546,43.384,24.233,0.587,0.389,0.059,0.139,0.587,0.045,0.134,-1.329e-4,0,0,0,0,-1.386e-5,945.259,0.001,338.09,0.381,6.4,32.17
5.807,0.177,2658.746,472.593,0.264,0.003,62.545,43.373,23.469,0.587,0.389,0.059,0.139,0.587,0.044,0.133,-2.131e-4,0,0,0,0,1.216e-5,944.545,0.001,338.065,0.38,6.4,32.17
5.857,0.014,2657.933,471.781,0.264,0.003,62.608,43.363,22.704,0.586,0.389,0.058,0.139,0.586,0.003,0.011,3.78e-4,0,0,0,0,5.347e-5,943.834,0.001,338.04,0.379,6.4,32.17
5.907,0.155,2657.121,470.968,0.264,0.003,62.552,43.352,21.94,0.586,0.389,0.058,0.139,0.586,0.039,0.116,3.444e-5,0,0,0,0,-1.861e-5,943.125,0.001,338.015,0.378,6.4,32.17
5.944,0.158,2656.515,470.363,0.264,0.003,62.549,43.344,21.37,0.586,0.389,0.058,0.138,0.586,0.04,0.119,-3.148e-4,0,0,0,0,3.643e-8,942.598,0.001,337.996,0.377,6.4,32.17
5.994,0.107,2656.046,469.894,0.264,0.003,62.568,43.338,20.793,0.585,0.389,0.058,0.138,0.585,0.027,0.08,3.508e-4,0,0,0,0,2.877e-5,941.892,0.001,337.971,0.376,6.4,32.17
6.044,0.012,2655.577,469.425,0.264,0.003,62.604,43.332,20.216,0.585,0.389,0.057,0.138,0.585,0.003,0.009,-4.618e-4,0,0,0,0,-5.215e-5,941.189,0.001,337.946,0.374,6.4,32.17
6.094,0.142,2655.108,468.956,0.264,0.003,62.552,43.325,19.639,0.584,0.389,0.057,0.138,0.584,0.036,0.107,2.744e-4,0,0,0,0,-1.793e-5,940.489,0.001,337.922,0.373,6.4,32.17
6.144,0.151,2654.639,468.487,0.264,0.003,62.547,43.319,19.062,0.584,0.389,0.057,0.138,0.584,0.038,0.113,-1.697e-4,0,0,0,0,2.401e-6,939.791,0.001,337.897,0.372,6.4,32.17
6.194,0.068,2654.17,468.018,0.264,0.003,62.578,43.313,18.485,0.584,0.389,0.056,0.138,0.584,0.017,0.051,4.341e-4,0,0,0,0,3.346e-5,939.096,0.001,337.872,0.37,6.4,32.17
6.244,0.069,2653.702,467.549,0.263,0.003,62.576,43.307,17.908,0.583,0.389,0.056,0.138,0.583,0.017,0.052,-4.727e-4,0,0,0,0,-3.343e-5,938.403,0.001,337.848,0.369,6.4,32.17
6.294,0.176,2653.233,467.08,0.263,0.003,62.532,43.301,17.332,0.583,0.39,0.056,0.138,0.583,0.044,0.133,3.619e-4,0,0,0,0,-1.143e-6,937.713,0.001,337.824,0.368,6.4,32.17
6.344,0.151,2652.764,466.611,0.263,0.003,62.541,43.295,16.755,0.582,0.39,0.055,0.137,0.582,0.038,0.114,-9.194e-6,0,0,0,0,2.767e-5,937.025,0.001,337.799,0.366,6.4,32.17
6.394,0.051,2652.295,466.142,0.263,0.003,62.579,43.288,16.178,0.582,0.39,0.055,0.137,0.582,0.013,0.038,-4.835e-5,0,0,0,0,8.261e-5,936.34,0.001,337.775,0.365,6.4,32.17
6.444,0.123,2651.826,465.673,0.263,0.003,62.549,43.282,15.601,0.581,0.39,0.055,0.137,0.581,0.031,0.093,1.956e-4,0,0,0,0,-6.056e-5,935.658,0.001,337.751,0.363,6.4,32.17
6.494,0.134,2651.357,465.204,0.263,0.003,62.543,43.276,15.024,0.581,0.39,0.054,0.137,0.581,0.034,0.101,6.074e-5,0,0,0,0,-7.592e-6,934.979,0.001,337.727,0.362,6.4,32.17
6.544,0.106,2650.888,464.735,0.263,0.003,62.553,43.27,14.447,0.581,0.39,0.054,0.137,0.581,0.026,0.079,3.42e-4,0,0,0,0,2.736e-6,934.302,0.001,337.703,0.361,6.4,32.17
6.594,0.006,2650.419,464.266,0.263,0.003,62.591,43.264,13.87,0.58,0.39,0.054,0.137,0.58,0.002,0.005,-2.424e-4,0,0,0,0,-1.263e-5,933.629,0.001,337.68,0.359,6.4,32.17
6.644,0.062,2649.95,463.797,0.263,0.003,62.567,43.258,13.293,0.58,0.39,0.053,0.137,0.58,0.016,0.047,3.629e-4,0,0,0,0,-4.662e-6,932.958,0.001,337.656,0.358,6.4,32.17
6.694,0.09,2649.481,463.328,0.263,0.003,62.554,43.251,12.716,0.579,0.39,0.053,0.136,0.579,0.023,0.068,-2.87e-4,0,0,0,0,4.085e-7,932.291,0.001,337.633,0.356,6.4,32.17
6.726,0.035,2649.18,463.028,0.263,0.003,62.575,43.247,12.347,0.579,0.39,0.053,0.136,0.579,0.009,0.027,-1.755e-4,0,0,0,0,4.691e-6,931.865,0.001,337.618,0.355,6.4,32.17
6.774,0.023,2648.933,462.781,0.263,0.003,62.578,43.244,11.93,0.578,0.39,0.052,0.136,0.578,0.006,0.018,2.362e-4,0,0,0,0,-3.309e-6,931.229,0.001,337.595,0.353,6.4,32.17
6.824,0.011,2648.675,462.523,0.263,0.003,62.581,43.241,11.496,0.578,0.39,0.052,0.136,0.578,0.003,0.009,-2.776e-4,0,0,0,0,-1.204e-6,930.569,0.001,337.572,0.352,6.4,32.17
6.874,0.003,2648.418,462.265,0.263,0.003,62.583,43.237,11.062,0.577,0.39,0.051,0.136,0.577,6.488e-4,0.002,4.554e-4,0,0,0,0,1.218e-6,929.912,0.001,337.549,0.35,6.4,32.17
6.924,0.028,2648.16,462.008,0.263,0.003,62.571,43.234,10.628,0.577,0.39,0.051,0.136,0.577,0.007,0.021,-3.279e-4,0,0,0,0,-1.034e-6,929.259,0.001,337.526,0.349,6.4,32.17
6.974,0.016,2647.903,461.75,0.263,0.003,62.574,43.231,10.194,0.576,0.39,0.051,0.136,0.576,0.004,0.012,1.427e-4,0,0,0,0,1.993e-7,928.608,0.001,337.503,0.347,6.4,32.17
7.024,0.004,2647.645,461.493,0.263,0.003,62.578,43.227,9.76,0.576,0.39,0.05,0.135,0.576,9.048e-4,0.002,-6.428e-6,0,0,0,0,0,927.961,0.001,337.48,0.345,6.4,32.17
7.074,0.028,2647.387,461.235,0.263,0.003,62.566,43.224,9.326,0.576,0.39,0.05,0.135,0.576,0.007,0.021,-3.157e-4,0,0,0,0,-4.623e-8,927.317,0.001,337.457,0.343,6.4,32.17
7.124,0.072,2647.13,460.977,0.263,0.003,62.547,43.22,8.892,0.575,0.39,0.05,0.135,0.575,0.018,0.054,1.908e-4,0,0,0,0,3.869e-6,926.676,0.001,337.435,0.342,6.4,32.17
7.174,0.037,2646.872,460.72,0.263,0.003,62.56,43.217,8.457,0.575,0.39,0.049,0.135,0.575,0.009,0.028,-3.06e-4,0,0,0,0,1.513e-5,926.039,0.001,337.412,0.34,6.4,32.17
7.224,0.013,2646.614,460.462,0.263,0.003,62.567,43.214,8.023,0.574,0.39,0.049,0.135,0.574,0.003,0.009,3.258e-4,0,0,0,0,-1.826e-5,925.405,0.001,337.39,0.338,6.4,32.17
7.274,0.016,2646.357,460.204,0.263,0.003,62.565,43.21,7.589,0.574,0.39,0.049,0.135,0.574,0.004,0.012,-2.276e-4,0,0,0,0,-1.163e-5,924.774,0.001,337.368,0.337,6.4,32.17
7.324,0.036,2646.099,459.947,0.263,0.003,62.555,43.207,7.155,0.573,0.39,0.048,0.135,0.573,0.009,0.027,-2.133e-4,0,0,0,0,-1.043e-5,924.147,0.001,337.345,0.335,6.4,32.17
7.374,0.056,2645.842,459.689,0.262,0.003,62.545,43.203,6.721,0.573,0.39,0.048,0.134,0.573,0.014,0.043,-9.035e-5,0,0,0,0,-1.349e-6,923.523,0.001,337.323,0.333,6.4,32.17
7.424,0.013,2645.584,459.432,0.262,0.003,62.561,43.2,6.287,0.572,0.391,0.048,0.134,0.572,0.003,0.01,-4.863e-5,0,0,0,0,-1.646e-8,922.902,0.001,337.302,0.331,6.4,32.17
7.437,0.004,2645.517,459.365,0.262,0.003,62.564,43.199,6.174,0.572,0.391,0.047,0.134,0.572,9.528e-4,0.003,3.376e-5,0,0,0,0,0,922.741,0.001,337.296,0.331,6.4,32.17
7.456,0.016,2645.468,459.316,0.262,0.003,62.558,43.198,6.082,0.572,0.391,0.047,0.134,0.572,0.004,0.013,2.443e-4,0,0,0,0,1.201e-8,922.5,0.001,337.287,0.33,6.4,32.17
7.486,0.058,2645.395,459.242,0.262,0.003,62.541,43.197,5.944,0.572,0.391,0.047,0.134,0.572,0.015,0.044,2.025e-4,0,0,0,0,6.883e-7,922.14,0.001,337.275,0.329,6.4,32.17
7.53,0.055,2645.285,459.132,0.262,0.003,62.54,43.196,5.737,0.571,0.391,0.047,0.134,0.571,0.014,0.042,8.917e-5,0,0,0,0,7.302e-6,921.602,0.001,337.256,0.328,6.4,32.17
7.58,0.058,2645.159,459.007,0.262,0.003,62.538,43.194,5.501,0.571,0.391,0.046,0.134,0.571,0.014,0.043,-5.971e-5,0,0,0,0,1.729e-5,920.992,0.001,337.234,0.326,6.4,32.17
7.63,0.079,2645.034,458.881,0.262,0.003,62.528,43.193,5.266,0.57,0.391,0.046,0.134,0.57,0.02,0.06,2.55e-4,0,0,0,0,4.043e-5,920.386,0.001,337.213,0.324,6.4,32.17
7.68,0.018,2644.908,458.756,0.262,0.003,62.55,43.191,5.03,0.57,0.391,0.046,0.133,0.57,0.004,0.013,2.197e-4,0,0,0,0,-6.495e-5,919.783,0.001,337.192,0.322,6.4,32.17
7.73,0.132,2644.782,458.63,0.262,0.003,62.504,43.189,4.794,0.569,0.391,0.045,0.133,0.569,0.033,0.1,9.771e-5,0,0,0,0,-2.933e-5,919.183,0.001,337.17,0.32,6.4,32.17
7.78,0.162,2644.657,458.505,0.262,0.003,62.49,43.188,4.558,0.569,0.391,0.045,0.133,0.569,0.041,0.123,-4.129e-4,0,0,0,0,-4.812e-7,918.587,0.001,337.149,0.319,6.4,32.17
7.83,0.136,2644.531,458.379,0.262,0.003,62.499,43.186,4.322,0.568,0.391,0.045,0.133,0.569,0.034,0.103,1.953e-4,0,0,0,0,1.563e-5,917.995,0.001,337.129,0.317,6.4,32.17
7.88,0.002,2644.406,458.254,0.262,0.003,62.55,43.184,4.086,0.568,0.391,0.044,0.133,0.568,3.888e-4,0.002,-6.666e-5,0,0,0,0,3.745e-5,917.406,0.001,337.108,0.315,6.4,32.17
7.93,0.141,2644.28,458.128,0.262,0.003,62.494,43.183,3.851,0.568,0.391,0.044,0.133,0.568,0.035,0.106,-1.214e-4,0,0,0,0,-1.779e-5,916.821,0.001,337.087,0.313,6.4,32.17
7.98,0.209,2644.155,458.002,0.262,0.003,62.465,43.181,3.615,0.567,0.391,0.043,0.133,0.567,0.052,0.158,4.085e-4,0,0,0,0,1.372e-6,916.239,0.001,337.067,0.311,6.4,32.17
8.03,0.198,2644.029,457.877,0.262,0.003,62.468,43.179,3.379,0.567,0.391,0.043,0.132,0.567,0.05,0.149,1.552e-4,0,0,0,0,5.636e-5,915.66,0.001,337.046,0.309,6.4,32.17
8.08,0.056,2643.904,457.751,0.262,0.003,62.522,43.178,3.143,0.566,0.391,0.043,0.132,0.566,0.014,0.042,-1.85e-5,0,0,0,0,1.405e-4,915.086,0.001,337.026,0.307,6.4,32.17
8.13,0.131,2643.778,457.626,0.262,0.003,62.491,43.176,2.907,0.566,0.391,0.042,0.132,0.566,0.033,0.099,-4.703e-4,0,0,0,0,-1.136e-4,914.514,0.001,337.006,0.306,6.4,32.17
8.142,0.169,2643.747,457.595,0.262,0.003,62.476,43.176,2.849,0.566,0.391,0.042,0.132,0.566,0.042,0.127,1.439e-4,0,0,0,0,-9.163e-5,914.374,0.001,337.001,0.305,6.4,32.17
8.161,0.218,2643.728,457.575,0.262,0.003,62.456,43.175,2.79,0.565,0.391,0.042,0.132,0.565,0.055,0.164,2.165e-4,0,0,0,0,-5.581e-5,914.163,0.001,336.993,0.304,6.4,32.17
8.188,0.266,2643.698,457.546,0.262,0.003,62.436,43.175,2.7,0.565,0.391,0.042,0.132,0.565,0.067,0.201,2.588e-4,0,0,0,0,-1.195e-5,913.847,0.001,336.982,0.303,6.4,32.17
8.23,0.229,2643.654,457.502,0.262,0.003,62.449,43.174,2.567,0.565,0.391,0.042,0.132,0.565,0.057,0.173,2.487e-4,0,0,0,0,8.374e-6,913.377,0.001,336.966,0.302,6.4,32.17
8.28,0.105,2643.601,457.449,0.262,0.003,62.497,43.174,2.407,0.564,0.391,0.041,0.132,0.564,0.026,0.079,5.352e-5,0,0,0,0,6.062e-5,912.816,0.001,336.946,0.3,6.4,32.17
8.33,0.051,2643.549,457.396,0.262,0.003,62.516,43.173,2.246,0.564,0.391,0.041,0.132,0.564,0.013,0.039,-1.91e-5,0,0,0,0,-7.536e-5,912.259,0.001,336.926,0.298,6.4,32.17
8.38,0.191,2643.496,457.343,0.262,0.003,62.459,43.172,2.086,0.563,0.391,0.041,0.131,0.563,0.048,0.144,-2.425e-4,0,0,0,0,-2.663e-5,911.706,0.001,336.907,0.296,6.4,32.17
8.43,0.221,2643.443,457.29,0.262,0.003,62.446,43.172,1.926,0.563,0.391,0.04,0.131,0.563,0.055,0.167,4.863e-4,0,0,0,0,1.28e-6,911.156,0.001,336.887,0.294,6.4,32.17
8.48,0.134,2643.39,457.238,0.262,0.003,62.478,43.171,1.766,0.563,0.391,0.04,0.131,0.563,0.034,0.101,3.841e-4,0,0,0,0,4.084e-5,910.61,0.001,336.868,0.292,6.4,32.17
8.53,0.051,2643.337,457.185,0.262,0.003,62.51,43.17,1.606,0.562,0.392,0.04,0.131,0.562,0.013,0.039,3.488e-4,0,0,0,0,7.644e-5,910.067,0.001,336.849,0.29,6.4,32.17
8.58,0.028,2643.284,457.132,0.262,0.003,62.517,43.169,1.446,0.562,0.392,0.039,0.131,0.562,0.007,0.021,-3.421e-4,0,0,0,0,-8.54e-5,909.528,0.001,336.83,0.289,6.4,32.17
8.63,0.155,2643.231,457.079,0.262,0.003,62.466,43.169,1.286,0.561,0.392,0.039,0.131,0.561,0.039,0.117,3.494e-4,0,0,0,0,-4.898e-5,908.993,0.001,336.811,0.287,6.4,32.17
8.68,0.191,2643.179,457.026,0.262,0.003,62.45,43.168,1.126,0.561,0.392,0.039,0.131,0.561,0.048,0.144,8.506e-5,0,0,0,0,-2.954e-6,908.461,0.001,336.792,0.285,6.4,32.17
8.73,0.119,2643.126,456.973,0.262,0.003,62.477,43.167,0.965,0.56,0.392,0.038,0.13,0.561,0.03,0.09,-4.528e-4,0,0,0,0,6.8e-6,907.933,0.001,336.774,0.283,6.4,32.17
8.735,0.11,2643.121,456.968,0.262,0.003,62.48,43.167,0.95,0.56,0.392,0.038,0.13,0.56,0.027,0.083,-3.303e-4,0,0,0,0,8.478e-6,907.882,0.001,336.772,0.283,6.4,32.17
8.742,0.095,2643.119,456.966,0.262,0.003,62.486,43.167,0.923,0.56,0.392,0.038,0.13,0.56,0.024,0.071,2.547e-4,0,0,0,0,1.101e-5,907.806,0.001,336.769,0.282,6.4,32.17
8.753,0.072,2643.116,456.963,0.262,0.003,62.495,43.167,0.883,0.56,0.392,0.038,0.13,0.56,0.018,0.054,-2.261e-4,0,0,0,0,1.456e-5,907.692,0.001,336.765,0.282,6.4,32.17
8.769,0.038,2643.112,456.959,0.262,0.003,62.508,43.167,0.823,0.56,0.392,0.038,0.13,0.56,0.01,0.029,4.081e-4,0,0,0,0,1.863e-5,907.521,0.001,336.759,0.281,6.4,32.17
8.794,0.014,2643.105,456.953,0.262,0.003,62.516,43.167,0.733,0.56,0.392,0.038,0.13,0.56,0.004,0.011,-3.775e-4,0,0,0,0,-2.012e-5,907.265,0.001,336.75,0.28,6.4,32.17
8.831,0.078,2643.095,456.943,0.262,0.003,62.49,43.167,0.598,0.56,0.392,0.038,0.13,0.56,0.019,0.059,-1.683e-4,0,0,0,0,-1.265e-5,906.884,0.001,336.737,0.279,6.4,32.17
8.881,0.162,2643.082,456.93,0.262,0.003,62.456,43.167,0.414,0.559,0.392,0.037,0.13,0.559,0.04,0.122,-4.755e-5,0,0,0,0,-1.836e-7,906.366,0.001,336.719,0.277,6.4,32.17
8.931,0.147,2643.069,456.917,0.262,0.003,62.46,43.167,0.23,0.559,0.392,0.037,0.13,0.559,0.037,0.11,-1.03e-4,0,0,0,0,1.715e-5,905.853,0.001,336.7,0.275,6.4,32.17
8.981,0.105,2643.056,456.903,0.262,0.003,62.475,43.166,0.046,0.558,0.392,0.037,0.13,0.558,0.026,0.079,3.066e-4,0,0,0,0,5.202e-5,905.342,0.001,336.682,0.273,6.4,32.17
8.993,0.098,2643.052,456.9,0.262,0.003,62.477,43.166,0,0.558,0.392,0.037,0.13,0.558,0.025,0.074,7.638e-5,0,0,0,0,6.232e-5,905.215,0.001,336.678,0.273,6.4,32.17
9.012,0.097,2643.052,456.9,0.262,0.003,62.477,43.166,0,0.558,0.392,0.037,0.13,0.558,0.024,0.073,4.723e-4,0,0,0,0,7.843e-5,905.026,0.001,336.671,0.272,6.4,32.17
9.04,0.097,2643.052,456.9,0.262,0.003,62.477,43.166,0,0.558,0.392,0.036,0.13,0.558,0.024,0.073,-1.089e-4,0,0,0,0,1.067e-4,904.742,0.001,336.661,0.271,6.4,32.17
9.082,0.002,2643.052,456.9,0.262,0.003,62.513,43.166,0,0.558,0.392,0.036,0.129,0.558,5.951e-4,0.002,-4.36e-4,0,0,0,0,-1.343e-4,904.318,0.001,336.646,0.27,6.4,32.17
9.132,0.128,2643.052,456.9,0.262,0.003,62.462,43.166,0,0.557,0.392,0.036,0.129,0.557,0.032,0.095,-2.458e-4,0,0,0,0,-9.816e-5,903.818,0.001,336.629,0.268,6.4,32.17
9.182,0.18,2643.052,456.9,0.262,0.003,62.44,43.166,0,0.557,0.392,0.036,0.129,0.557,0.045,0.135,2.508e-4,0,0,0,0,-3.399e-5,903.323,0.001,336.611,0.266,6.4,32.17
9.232,0.091,2643.052,456.9,0.262,0.003,62.474,43.166,0,0.557,0.392,0.035,0.129,0.557,0.023,0.069,2.076e-4,0,0,0,0,-3.858e-6,902.831,0.001,336.594,0.264,6.4,32.17
9.282,0.042,2643.052,456.9,0.262,0.003,62.492,43.166,0,0.556,0.392,0.035,0.129,0.556,0.01,0.032,-3.711e-4,0,0,0,0,-6.482e-7,902.342,0.001,336.577,0.262,6.4,32.17
9.332,0.024,2643.052,456.9,0.262,0.003,62.497,43.166,0,0.556,0.392,0.035,0.129,0.556,0.006,0.018,5.364e-5,0,0,0,0,1.803e-8,901.857,0.001,336.56,0.26,6.4,32.17
9.382,0.006,2643.052,456.9,0.262,0.003,62.503,43.166,0,0.555,0.392,0.034,0.129,0.555,0.001,0.004,2.371e-4,0,0,0,0,-1.215e-7,901.376,0.001,336.543,0.258,6.4,32.17
9.432,0.085,2643.052,456.9,0.262,0.003,62.471,43.166,0,0.555,0.392,0.034,0.129,0.555,0.021,0.064,-1.181e-4,0,0,0,0,2.851e-7,900.898,0.001,336.526,0.257,6.4,32.17
9.482,0.158,2643.052,456.9,0.262,0.003,62.441,43.166,0,0.555,0.392,0.034,0.128,0.555,0.039,0.119,-2.811e-4,0,0,0,0,1.314e-5,900.423,0.001,336.509,0.255,6.4,32.17
9.532,0.159,2643.052,456.9,0.262,0.003,62.439,43.166,0,0.554,0.392,0.034,0.128,0.554,0.04,0.119,4.893e-4,0,0,0,0,5.896e-5,899.952,0.001,336.492,0.253,6.4,32.17
9.582,0.045,2643.052,456.9,0.262,0.003,62.483,43.166,0,0.554,0.392,0.033,0.128,0.554,0.011,0.033,-3.726e-4,0,0,0,0,1.108e-4,899.485,0.001,336.476,0.251,6.4,32.17
9.632,0.098,2643.052,456.9,0.262,0.003,62.46,43.166,0,0.554,0.392,0.033,0.128,0.554,0.024,0.074,-3.038e-4,0,0,0,0,-9.734e-5,899.021,0.001,336.46,0.249,6.4,32.17
9.682,0.215,2643.052,456.9,0.262,0.003,62.413,43.166,0,0.553,0.392,0.033,0.128,0.553,0.054,0.162,-1.243e-4,0,0,0,0,-3.836e-5,898.569,0.001,336.443,0.247,6.4,32.17
9.732,0.137,2643.052,456.9,0.262,0.003,62.443,43.166,0,0.553,0.392,0.033,0.128,0.553,0.034,0.103,5.556e-5,0,0,0,0,-1.797e-6,898.134,0.001,336.427,0.246,6.4,32.17
9.782,0.12,2643.052,456.9,0.262,0.003,62.448,43.166,0,0.553,0.392,0.032,0.128,0.553,0.03,0.09,3.314e-4,0,0,0,0,8.082e-7,897.702,0.001,336.411,0.244,6.4,32.17
9.832,0.019,2643.052,456.9,0.262,0.003,62.487,43.166,0,0.552,0.393,0.032,0.128,0.552,0.005,0.014,-4.224e-5,0,0,0,0,1.053e-5,897.274,0.001,336.395,0.242,6.4,32.17
9.882,0.11,2643.052,456.9,0.262,0.003,62.45,43.166,0,0.552,0.393,0.032,0.128,0.552,0.027,0.083,5.586e-5,0,0,0,0,-3.642e-6,896.848,0.001,336.38,0.24,6.4,32.17
9.932,0.116,2643.052,456.9,0.262,0.003,62.446,43.166,0,0.552,0.393,0.032,0.127,0.552,0.029,0.087,-3.705e-4,0,0,0,0,9.414e-7,896.426,0.001,336.364,0.239,6.4,32.17
9.982,0.189,2643.052,456.9,0.262,0.003,62.416,43.166,0,0.551,0.393,0.031,0.127,0.551,0.047,0.141,-3.123e-4,0,0,0,0,1.524e-5,896.007,0.001,336.348,0.237,6.4,32.17
10.032,0.205,2643.052,456.9,0.262,0.003,62.409,43.166,0,0.551,0.393,0.031,0.127,0.551,0.051,0.153,-4.73e-4,0,0,0,0,7.735e-5,895.591,0.001,336.333,0.235,6.4,32.17
10.082,0.097,2643.052,456.9,0.262,0.003,62.45,43.166,0,0.551,0.393,0.031,0.127,0.551,0.024,0.072,4.715e-4,0,0,0,0,1.538e-4,895.179,0.001,336.318,0.233,6.4,32.17
10.132,0.003,2643.052,456.9,0.262,0.003,62.486,43.166,0,0.55,0.393,0.031,0.127,0.55,7.603e-4,0.003,-3.756e-4,0,0,0,0,-1.781e-4,894.77,0.001,336.303,0.231,6.4,32.17
10.182,0.076,2643.052,456.9,0.262,0.003,62.456,43.166,0,0.55,0.393,0.03,0.127,0.55,0.019,0.057,4.298e-4,0,0,0,0,-1.581e-4,894.364,0.001,336.288,0.23,6.4,32.17
10.232,0.058,2643.052,456.9,0.262,0.003,62.462,43.166,0,0.55,0.393,0.03,0.127,0.55,0.014,0.043,9.6e-5,0,0,0,0,-1.183e-4,893.961,0.001,336.273,0.228,6.4,32.17
10.282,0.14,2643.052,456.9,0.262,0.003,62.429,43.166,0,0.55,0.393,0.03,0.127,0.55,0.035,0.105,1.813e-4,0,0,0,0,-8.907e-5,893.561,0.001,336.258,0.226,6.4,32.17
10.332,0.198,2643.052,456.9,0.262,0.003,62.405,43.166,0,0.549,0.393,0.03,0.127,0.549,0.049,0.148,-1.067e-4,0,0,0,0,-3.015e-5,893.164,0.001,336.243,0.225,6.4,32.17
10.382,0.145,2643.052,456.9,0.262,0.003,62.425,43.166,0,0.549,0.393,0.03,0.126,0.549,0.036,0.109,-9.814e-5,0,0,0,0,-3.013e-6,892.771,0.001,336.229,0.223,6.4,32.17
10.432,0.081,2643.052,456.9,0.262,0.003,62.449,43.166,0,0.549,0.393,0.029,0.126,0.549,0.02,0.061,-2.832e-4,0,0,0,0,3.046e-7,892.381,0.001,336.214,0.221,6.4,32.17
10.482,2.482e-4,2643.052,456.9,0.262,0.003,62.48,43.166,0,0.548,0.393,0.029,0.126,0.548,6.157e-5,2.795e-4,-6.862e-5,0,0,0,0,0,891.994,0.001,336.2,0.219,6.4,32.17
10.532,0.083,2643.052,456.9,0.262,0.003,62.446,43.166,0,0.548,0.393,0.029,0.126,0.548,0.021,0.062,-1.181e-4,0,0,0,0,-3.534e-7,891.61,0.001,336.186,0.218,6.4,32.17
10.582,0.175,2643.052,456.9,0.262,0.003,62.409,43.166,0,0.548,0.393,0.029,0.126,0.548,0.043,0.131,-4.755e-4,0,0,0,0,3.91e-6,891.229,0.001,336.172,0.216,6.4,32.17
10.632,0.193,2643.052,456.9,0.262,0.003,62.401,43.166,0,0.548,0.393,0.029,0.126,0.548,0.048,0.145,-4.203e-4,0,0,0,0,3.6e-5,890.851,0.001,336.158,0.214,6.4,32.17
10.682,0.197,2643.052,456.9,0.262,0.003,62.398,43.166,0,0.547,0.393,0.028,0.126,0.547,0.049,0.148,2.459e-4,0,0,0,0,9.637e-5,890.476,0.001,336.144,0.213,6.4,32.17
10.732,0.113,2643.052,456.9,0.262,0.003,62.43,43.166,0,0.547,0.393,0.028,0.126,0.547,0.028,0.085,3.21e-5,0,0,0,0,1.786e-4,890.105,0.001,336.13,0.211,6.4,32.17
10.782,0.046,2643.052,456.9,0.262,0.003,62.456,43.166,0,0.547,0.393,0.028,0.126,0.547,0.011,0.034,-4.893e-4,0,0,0,0,2.175e-4,889.736,0.001,336.116,0.209,6.4,32.17
10.832,0.006,2643.052,456.9,0.262,0.003,62.471,43.166,0,0.546,0.393,0.028,0.126,0.546,0.001,0.005,4.157e-5,0,0,0,0,-2.352e-4,889.371,0.001,336.103,0.208,6.4,32.17
10.882,0.083,2643.052,456.9,0.262,0.003,62.439,43.166,0,0.546,0.393,0.028,0.126,0.546,0.021,0.062,-2.319e-4,0,0,0,0,-2.144e-4,889.008,0.001,336.089,0.206,6.4,32.17
10.932,0.167,2643.052,456.9,0.262,0.003,62.405,43.166,0,0.546,0.393,0.027,0.125,0.546,0.042,0.126,4.353e-4,0,0,0,0,-1.53e-4,888.649,0.001,336.076,0.204,6.4,32.17
10.982,0.228,2643.052,456.9,0.262,0.003,62.38,43.166,0,0.546,0.393,0.027,0.125,0.546,0.057,0.171,-1.685e-4,0,0,0,0,-7.436e-5,888.293,0.001,336.063,0.203,6.4,32.17
11.032,0.182,2643.052,456.9,0.262,0.003,62.397,43.166,0,0.545,0.393,0.027,0.125,0.545,0.045,0.136,-9.579e-5,0,0,0,0,-2.04e-5,887.94,0.001,336.05,0.201,6.4,32.17
11.082,0.105,2643.052,456.9,0.262,0.003,62.427,43.166,0,0.545,0.393,0.027,0.125,0.545,0.026,0.079,-1.49e-4,0,0,0,0,-3.77e-6,887.59,0.001,336.037,0.199,6.4,32.17
11.132,0.023,2643.052,456.9,0.262,0.003,62.458,43.166,0,0.545,0.393,0.027,0.125,0.545,0.006,0.017,-2.642e-4,0,0,0,0,9.5e-7,887.242,0.001,336.024,0.198,6.4,32.17
11.182,0.117,2643.052,456.9,0.262,0.003,62.42,43.166,0,0.545,0.393,0.026,0.125,0.545,0.029,0.087,4.321e-4,0,0,0,0,6.36e-6,886.898,0.001,336.011,0.196,6.4,32.17
11.232,0.204,2643.052,456.9,0.262,0.003,62.385,43.166,0,0.544,0.393,0.026,0.125,0.545,0.051,0.153,-5.738e-5,0,0,0,0,2.871e-5,886.557,0.001,335.999,0.194,6.4,32.17
11.282,0.233,2643.052,456.9,0.262,0.003,62.373,43.166,0,0.544,0.393,0.026,0.125,0.544,0.058,0.174,3.981e-4,0,0,0,0,9.226e-5,886.219,0.001,335.986,0.193,6.4,32.17
11.332,0.149,2643.052,456.9,0.262,0.003,62.405,43.166,0,0.544,0.393,0.026,0.125,0.544,0.037,0.111,2.84e-4,0,0,0,0,1.781e-4,885.884,0.001,335.974,0.191,6.4,32.17
11.382,0.009,2643.052,456.9,0.262,0.003,62.459,43.166,0,0.544,0.393,0.026,0.125,0.544,0.002,0.006,-3.027e-4,0,0,0,0,2.221e-4,885.552,0.001,335.961,0.189,6.4,32.17
11.432,0.086,2643.052,456.9,0.262,0.003,62.428,43.166,0,0.544,0.393,0.026,0.125,0.544,0.021,0.064,-3.166e-4,0,0,0,0,-2.009e-4,885.223,0.001,335.949,0.188,6.4,32.17
11.482,0.182,2643.052,456.9,0.262,0.003,62.389,43.166,0,0.543,0.393,0.025,0.124,0.543,0.045,0.137,-4.552e-5,0,0,0,0,-1.455e-4,884.897,0.001,335.937,0.186,6.4,32.17
11.532,0.256,2643.052,456.9,0.262,0.003,62.36,43.166,0,0.543,0.394,0.025,0.124,0.543,0.064,0.191,-4.604e-4,0,0,0,0,-6.817e-5,884.574,0.001,335.925,0.184,6.4,32.17
11.582,0.252,2643.052,456.9,0.262,0.003,62.36,43.166,0,0.543,0.394,0.025,0.124,0.543,0.063,0.189,1.674e-4,0,0,0,0,-1.449e-5,884.254,0.001,335.913,0.183,6.4,32.17
11.632,0.227,2643.052,456.9,0.262,0.003,62.369,43.166,0,0.543,0.394,0.025,0.124,0.543,0.056,0.169,4.329e-4,0,0,0,0,3.358e-8,883.936,0.001,335.901,0.181,6.4,32.17
11.682,0.178,2643.052,456.9,0.262,0.003,62.388,43.166,0,0.543,0.394,0.025,0.124,0.543,0.044,0.133,4.743e-5,0,0,0,0,1.352e-5,883.622,0.001,335.89,0.179,6.4,32.17
11.732,0.041,2643.052,456.9,0.262,0.003,62.441,43.166,0,0.542,0.394,0.025,0.124,0.542,0.01,0.03,-2.747e-4,0,0,0,0,3.314e-5,883.311,0.001,335.878,0.178,6.4,32.17
11.782,0.125,2643.052,456.9,0.262,0.003,62.407,43.166,0,0.542,0.394,0.024,0.124,0.542,0.031,0.093,-4.955e-4,0,0,0,0,-2.57e-5,883.002,0.001,335.867,0.176,6.4,32.17
11.832,0.302,2643.052,456.9,0.262,0.003,62.337,43.166,0,0.542,0.394,0.024,0.124,0.542,0.075,0.226,-4.443e-4,0,0,0,0,-2.818e-6,882.697,0.001,335.856,0.175,6.4,32.17
11.882,0.453,2643.052,456.9,0.262,0.003,62.277,43.166,0,0.542,0.394,0.024,0.124,0.542,0.113,0.339,-2.227e-4,0,0,0,0,2.055e-5,882.394,0.001,335.844,0.173,6.4,32.17
11.932,0.516,2643.052,456.9,0.262,0.003,62.252,43.166,0,0.542,0.394,0.024,0.124,0.542,0.129,0.386,-2.703e-4,0,0,0,0,1.574e-4,882.095,0.001,335.833,0.171,6.4,32.17
11.982,0.452,2643.052,456.9,0.262,0.003,62.276,43.166,0,0.541,0.394,0.024,0.124,0.542,0.113,0.337,-2.925e-4,0,0,0,0,4.249e-4,881.798,0.001,335.822,0.17,6.4,32.17
12.032,0.31,2643.052,456.9,0.262,0.003,62.331,43.166,0,0.541,0.394,0.024,0.124,0.541,0.077,0.23,3.035e-6,0,0,0,0,7.222e-4,881.504,0.001,335.811,0.168,6.4,32.17
12.082,0.139,2643.052,456.9,0.262,0.003,62.397,43.166,0,0.541,0.394,0.024,0.124,0.541,0.035,0.104,-3.415e-4,0,0,0,0,9.396e-4,881.213,0.001,335.801,0.167,6.4,32.17
12.132,0.069,2643.052,456.9,0.262,0.003,62.424,43.166,0,0.541,0.394,0.023,0.124,0.541,0.017,0.052,2.609e-4,0,0,0,0,-9.966e-4,880.925,0.001,335.79,0.165,6.4,32.17
12.182,0.263,2643.052,456.9,0.262,0.003,62.347,43.166,0,0.541,0.394,0.023,0.123,0.541,0.065,0.197,-4.213e-4,0,0,0,0,-8.555e-4,880.64,0.001,335.779,0.163,6.4,32.17
12.232,0.301,2643.052,456.9,0.262,0.003,62.332,43.166,0,0.54,0.394,0.023,0.123,0.541,0.075,0.225,9.076e-5,0,0,0,0,-6.183e-4,880.358,0.001,335.769,0.162,6.4,32.17
12.282,0.24,2643.052,456.9,0.262,0.003,62.354,43.166,0,0.54,0.394,0.023,0.123,0.54,0.06,0.18,-2.902e-4,0,0,0,0,-4.405e-4,880.079,0.001,335.759,0.16,6.4,32.17
12.332,0.271,2643.052,456.9,0.262,0.003,62.342,43.166,0,0.54,0.394,0.023,0.123,0.54,0.068,0.203,2.499e-4,0,0,0,0,-3.124e-4,879.802,0.001,335.748,0.159,6.4,32.17
12.382,0.321,2643.052,456.9,0.262,0.003,62.322,43.166,0,0.54,0.394,0.023,0.123,0.54,0.08,0.239,4.39e-4,0,0,0,0,-1.795e-4,879.529,0.001,335.738,0.157,6.4,32.17
12.432,0.325,2643.052,456.9,0.262,0.003,62.319,43.166,0,0.54,0.394,0.023,0.123,0.54,0.081,0.243,-4.72e-4,0,0,0,0,-7.713e-5,879.258,0.001,335.728,0.156,6.4,32.17
12.482,0.282,2643.052,456.9,0.262,0.003,62.336,43.166,0,0.539,0.394,0.022,0.123,0.54,0.07,0.21,-2.041e-4,0,0,0,0,-1.946e-5,878.99,0.001,335.718,0.154,6.4,32.17
12.532,0.195,2643.052,456.9,0.262,0.003,62.369,43.166,0,0.539,0.394,0.022,0.123,0.539,0.048,0.145,-4.965e-4,0,0,0,0,-1e-6,878.725,0.001,335.709,0.153,6.4,32.17
12.582,0.088,2643.052,456.9,0.262,0.003,62.41,43.166,0,0.539,0.394,0.022,0.123,0.539,0.022,0.066,9.424e-5,0,0,0,0,9.903e-7,878.463,0.001,335.699,0.151,6.4,32.17
12.632,0.002,2643.052,456.9,0.262,0.003,62.444,43.166,0,0.539,0.394,0.022,0.123,0.539,4.479e-4,0.002,-3.048e-4,0,0,0,0,-2.412e-6,878.203,0.001,335.689,0.149,6.4,32.17
12.682,0.23,2643.052,456.9,0.262,0.003,62.353,43.166,0,0.539,0.394,0.022,0.123,0.539,0.057,0.171,2.177e-4,0,0,0,0,-1.318e-7,877.947,0.001,335.68,0.148,6.4,32.17
12.732,0.371,2643.052,456.9,0.262,0.003,62.298,43.166,0,0.539,0.394,0.022,0.123,0.539,0.093,0.277,-3.92e-4,0,0,0,0,1.741e-5,877.693,0.001,335.67,0.146,6.4,32.17
12.782,0.448,2643.052,456.9,0.262,0.003,62.267,43.166,0,0.539,0.394,0.022,0.123,0.539,0.112,0.335,5.06e-5,0,0,0,0,9.349e-5,877.442,0.001,335.661,0.145,6.4,32.17
12.832,0.521,2643.052,456.9,0.262,0.003,62.238,43.166,0,0.538,0.394,0.022,0.123,0.539,0.131,0.389,1.729e-4,0,0,0,0,2.659e-4,877.194,0.001,335.652,0.143,6.4,32.17
12.882,0.512,2643.052,456.9,0.262,0.003,62.241,43.166,0,0.538,0.394,0.022,0.123,0.539,0.128,0.382,-4.469e-4,0,0,0,0,5.515e-4,876.949,0.001,335.643,0.142,6.4,32.17
12.932,0.397,2643.052,456.9,0.262,0.003,62.285,43.166,0,0.538,0.394,0.021,0.123,0.538,0.099,0.296,8.233e-5,0,0,0,0,8.91e-4,876.707,0.001,335.634,0.14,6.4,32.17
12.982,0.352,2643.052,456.9,0.262,0.003,62.302,43.166,0,0.538,0.394,0.021,0.123,0.538,0.088,0.261,-1.93e-5,0,0,0,0,0.001,876.467,0.001,335.625,0.139,6.4,32.17
13.032,0.353,2643.052,456.9,0.262,0.003,62.301,43.166,0,0.538,0.394,0.021,0.122,0.538,0.088,0.262,-4.806e-4,0,0,0,0,0.002,876.23,0.001,335.616,0.137,6.4,32.17
13.082,0.29,2643.052,456.9,0.262,0.003,62.325,43.166,0,0.538,0.394,0.021,0.122,0.538,0.072,0.214,-2.517e-4,0,0,0,0,0.002,875.996,0.001,335.607,0.136,6.4,32.17
13.132,0.06,2643.052,456.9,0.262,0.003,62.415,43.166,0,0.538,0.394,0.021,0.122,0.538,0.015,0.043,-2.185e-4,0,0,0,0,0.002,875.765,0.001,335.599,0.134,6.4,32.17
13.182,0.235,2643.052,456.9,0.262,0.003,62.346,43.166,0,0.537,0.394,0.021,0.122,0.538,0.058,0.177,4.393e-4,0,0,0,0,-0.002,875.536,0.001,335.59,0.133,6.4,32.17
13.232,0.337,2643.052,456.9,0.262,0.003,62.305,43.166,0,0.537,0.394,0.021,0.122,0.537,0.084,0.253,2.995e-4,0,0,0,0,-0.002,875.311,0.001,335.582,0.131,6.4,32.17
13.282,0.512,2643.052,456.9,0.262,0.003,62.236,43.166,0,0.537,0.394,0.021,0.122,0.538,0.128,0.384,4.582e-4,0,0,0,0,-0.002,875.088,0.001,335.574,0.13,6.4,32.17
13.332,0.771,2643.052,456.9,0.262,0.003,62.137,43.166,0,0.537,0.394,0.021,0.122,0.538,0.194,0.576,-4.5e-4,0,0,0,0,-0.001,874.868,0.001,335.566,0.128,6.4,32.17
13.382,0.864,2643.052,456.9,0.262,0.003,62.101,43.166,0,0.537,0.394,0.021,0.122,0.538,0.218,0.646,-1.709e-4,0,0,0,0,-4.891e-4,874.65,0.001,335.558,0.127,6.4,32.17
13.432,0.728,2643.052,456.9,0.262,0.003,62.152,43.166,0,0.537,0.394,0.021,0.122,0.538,0.183,0.544,3.63e-4,0,0,0,0,-1.632e-4,874.436,0.001,335.55,0.125,6.4,32.17
13.482,0.612,2643.052,456.9,0.262,0.003,62.196,43.166,0,0.537,0.394,0.02,0.122,0.537,0.154,0.457,-3.627e-4,0,0,0,0,-2.935e-5,874.224,0.001,335.542,0.124,6.4,32.17
13.532,0.446,2643.052,456.9,0.262,0.003,62.26,43.166,0,0.537,0.394,0.02,0.122,0.537,0.112,0.333,1.245e-4,0,0,0,0,5.812e-7,874.015,0.001,335.534,0.122,6.4,32.17
13.582,0.202,2643.052,456.9,0.262,0.003,62.354,43.166,0,0.536,0.394,0.02,0.122,0.536,0.05,0.151,-3.833e-4,0,0,0,0,1.979e-5,873.809,0.001,335.526,0.121,6.4,32.17
13.632,0.031,2643.052,456.9,0.262,0.003,62.421,43.166,0,0.536,0.394,0.02,0.122,0.536,0.008,0.023,3.725e-4,0,0,0,0,-2.93e-5,873.605,0.001,335.519,0.119,6.4,32.17
13.682,0.332,2643.052,456.9,0.262,0.003,62.302,43.166,0,0.536,0.394,0.02,0.122,0.536,0.083,0.248,3.806e-4,0,0,0,0,-1.34e-5,873.405,0.001,335.512,0.118,6.4,32.17
13.732,0.547,2643.052,456.9,0.262,0.003,62.219,43.166,0,0.536,0.394,0.02,0.122,0.537,0.137,0.408,2.883e-4,0,0,0,0,1.74e-6,873.207,0.001,335.504,0.116,6.4,32.17
13.782,0.685,2643.052,456.9,0.262,0.003,62.165,43.166,0,0.536,0.394,0.02,0.122,0.537,0.172,0.511,-2.018e-4,0,0,0,0,6.281e-5,873.011,0.001,335.497,0.115,6.4,32.17
13.832,0.792,2643.052,456.9,0.262,0.003,62.124,43.166,0,0.536,0.394,0.02,0.122,0.537,0.2,0.591,-4.179e-4,0,0,0,0,2.523e-4,872.819,0.001,335.49,0.113,6.4,32.17
13.882,1.023,2643.052,456.9,0.262,0.003,62.036,43.166,0,0.536,0.394,0.02,0.122,0.537,0.259,0.763,1.436e-5,0,0,0,0,6.375e-4,872.629,0.001,335.483,0.112,6.4,32.17
13.932,1.06,2643.052,456.9,0.262,0.003,62.021,43.166,0,0.536,0.394,0.02,0.122,0.537,0.269,0.791,2.735e-4,0,0,0,0,0.001,872.442,0.001,335.476,0.11,6.4,32.17
13.982,1.072,2643.052,456.9,0.262,0.003,62.016,43.166,0,0.535,0.394,0.02,0.122,0.537,0.272,0.799,-3.848e-4,0,0,0,0,0.002,872.257,0.001,335.469,0.109,6.4,32.17
14.032,1.076,2643.052,456.9,0.262,0.003,62.015,43.166,0,0.535,0.394,0.019,0.122,0.537,0.273,0.8,-1.344e-4,0,0,0,0,0.004,872.076,0.001,335.462,0.108,6.4,32.17
14.082,1.065,2643.052,456.9,0.262,0.003,62.018,43.166,0,0.535,0.394,0.019,0.121,0.537,0.27,0.791,4.369e-4,0,0,0,0,0.005,871.897,0.001,335.456,0.106,6.4,32.17
14.132,0.948,2643.052,456.9,0.262,0.003,62.062,43.166,0,0.535,0.394,0.019,0.121,0.537,0.24,0.701,4.15e-4,0,0,0,0,0.007,871.72,0.001,335.449,0.105,6.4,32.17
14.182,0.749,2643.052,456.9,0.262,0.003,62.137,43.166,0,0.535,0.394,0.019,0.121,0.536,0.189,0.551,-4.795e-4,0,0,0,0,0.008,871.547,0.001,335.443,0.104,6.4,32.17
14.232,0.416,2643.052,456.9,0.262,0.003,62.265,43.166,0,0.535,0.394,0.019,0.121,0.535,0.104,0.3,-5.196e-6,0,0,0,0,0.01,871.376,0.001,335.436,0.102,6.4,32.17
14.282,0.158,2643.052,456.9,0.262,0.003,62.365,43.166,0,0.535,0.394,0.019,0.121,0.535,0.039,0.108,-2.903e-4,0,0,0,0,0.01,871.208,0.001,335.43,0.101,6.4,32.17
14.332,0.087,2643.052,456.9,0.262,0.003,62.393,43.166,0,0.535,0.394,0.019,0.121,0.535,0.022,0.075,5.36e-5,0,0,0,0,-0.011,871.042,0.001,335.424,0.099,6.4,32.17
14.382,0.41,2643.052,456.9,0.262,0.003,62.266,43.166,0,0.535,0.394,0.019,0.121,0.535,0.102,0.316,3.942e-4,0,0,0,0,-0.01,870.879,0.001,335.418,0.098,6.4,32.17
14.432,0.453,2643.052,456.9,0.262,0.003,62.249,43.166,0,0.535,0.394,0.019,0.121,0.535,0.113,0.347,1.679e-4,0,0,0,0,-0.01,870.719,0.001,335.412,0.097,6.4,32.17
14.482,0.553,2643.052,456.9,0.262,0.003,62.21,43.166,0,0.534,0.394,0.019,0.121,0.535,0.138,0.422,-1.024e-4,0,0,0,0,-0.009,870.562,0.001,335.406,0.095,6.4,32.17
14.532,0.874,2643.052,456.9,0.262,0.003,62.087,43.166,0,0.534,0.394,0.019,0.121,0.536,0.221,0.661,-3.105e-4,0,0,0,0,-0.008,870.407,0.001,335.401,0.094,6.4,32.17
14.582,1.072,2643.052,456.9,0.262,0.003,62.012,43.166,0,0.534,0.395,0.019,0.121,0.536,0.272,0.808,9.013e-6,0,0,0,0,-0.007,870.255,0.001,335.395,0.092,6.4,32.17
14.632,1.242,2643.052,456.9,0.262,0.003,61.948,43.166,0,0.534,0.395,0.019,0.121,0.537,0.316,0.934,-2.124e-4,0,0,0,0,-0.006,870.106,0.001,335.389,0.091,6.4,32.17
14.682,1.465,2643.052,456.9,0.262,0.003,61.865,43.166,0,0.534,0.395,0.019,0.121,0.538,0.375,1.1,1.602e-4,0,0,0,0,-0.004,869.959,0.001,335.384,0.089,6.4,32.17
14.732,1.364,2643.052,456.9,0.262,0.003,61.902,43.166,0,0.534,0.395,0.019,0.121,0.537,0.348,1.023,3.852e-4,0,0,0,0,-0.003,869.815,0.001,335.379,0.088,6.4,32.17
14.782,1.237,2643.052,456.9,0.262,0.003,61.949,43.166,0,0.534,0.395,0.018,0.121,0.536,0.315,0.926,-2.535e-4,0,0,0,0,-0.002,869.674,0.001,335.373,0.086,6.4,32.17
14.832,0.782,2643.052,456.9,0.262,0.003,62.12,43.166,0,0.534,0.395,0.018,0.121,0.535,0.197,0.585,4.899e-4,0,0,0,0,-0.001,869.536,0.001,335.368,0.085,6.4,32.17
14.882,0.378,2643.052,456.9,0.262,0.003,62.275,43.166,0,0.534,0.395,0.018,0.121,0.534,0.094,0.283,9.266e-5,0,0,0,0,-0.001,869.4,0.001,335.363,0.084,6.4,32.17
14.932,0.148,2643.052,456.9,0.262,0.003,62.365,43.166,0,0.534,0.395,0.018,0.121,0.534,0.037,0.112,4.194e-4,0,0,0,0,-0.001,869.267,0.001,335.358,0.082,6.4,32.17
14.982,0.18,2643.052,456.9,0.262,0.003,62.352,43.166,0,0.534,0.395,0.018,0.121,0.534,0.045,0.133,-4.371e-4,0,0,0,0,0.001,869.136,0.001,335.353,0.081,6.4,32.17
15.032,0.403,2643.052,456.9,0.262,0.003,62.265,43.166,0,0.534,0.395,0.018,0.121,0.534,0.101,0.299,4.218e-4,0,0,0,0,0.001,869.008,0.001,335.349,0.08,6.4,32.17
15.082,0.622,2643.052,456.9,0.262,0.003,62.18,43.166,0,0.534,0.395,0.018,0.121,0.534,0.156,0.462,3.16e-4,0,0,0,0,0.002,868.883,0.001,335.344,0.078,6.4,32.17
15.132,0.911,2643.052,456.9,0.262,0.003,62.069,43.166,0,0.534,0.395,0.018,0.121,0.535,0.23,0.677,1.899e-4,0,0,0,0,0.002,868.761,0.001,335.34,0.077,6.4,32.17
15.182,1.181,2643.052,456.9,0.262,0.003,61.967,43.166,0,0.533,0.395,0.018,0.121,0.536,0.3,0.879,2.046e-4,0,0,0,0,0.003,868.641,0.001,335.335,0.076,6.4,32.17
15.232,1.481,2643.052,456.9,0.262,0.003,61.856,43.166,0,0.533,0.395,0.018,0.121,0.537,0.379,1.103,-2.298e-4,0,0,0,0,0.004,868.524,0.001,335.331,0.074,6.4,32.17
15.282,1.855,2643.052,456.9,0.262,0.003,61.719,43.166,0,0.533,0.395,0.018,0.121,0.539,0.479,1.383,3.186e-4,0,0,0,0,0.006,868.409,0.001,335.327,0.073,6.4,32.17
15.332,2.039,2643.052,456.9,0.262,0.003,61.653,43.166,0,0.533,0.395,0.018,0.121,0.54,0.529,1.518,3.669e-4,0,0,0,0,0.009,868.297,0.001,335.322,0.072,6.4,32.17
15.382,2.289,2643.052,456.9,0.262,0.003,61.563,43.166,0,0.533,0.395,0.018,0.121,0.541,0.597,1.704,-3.258e-4,0,0,0,0,0.012,868.188,0.001,335.318,0.071,6.4,32.17
15.432,2.499,2643.052,456.9,0.262,0.003,61.489,43.166,0,0.533,0.395,0.018,0.121,0.543,0.655,1.858,-4.602e-4,0,0,0,0,0.016,868.081,0.001,335.314,0.069,6.4,32.17
15.482,2.53,2643.052,456.9,0.262,0.003,61.478,43.166,0,0.533,0.395,0.018,0.121,0.543,0.663,1.877,-4.537e-4,0,0,0,0,0.021,867.977,0.001,335.311,0.068,6.4,32.17
15.532,2.711,2643.052,456.9,0.262,0.003,61.415,43.166,0,0.533,0.395,0.018,0.121,0.544,0.713,2.008,2.967e-4,0,0,0,0,0.026,867.875,0.001,335.307,0.067,6.4,32.17
15.582,2.717,2643.052,456.9,0.262,0.003,61.412,43.166,0,0.533,0.395,0.018,0.121,0.544,0.715,2.005,-5.362e-5,0,0,0,0,0.033,867.777,0.001,335.303,0.066,6.4,32.17
15.632,2.643,2643.052,456.9,0.262,0.003,61.438,43.166,0,0.533,0.395,0.018,0.121,0.543,0.695,1.942,-4.186e-4,0,0,0,0,0.041,867.68,0.001,335.3,0.064,6.4,32.17
15.682,2.82,2643.052,456.9,0.262,0.003,61.376,43.166,0,0.533,0.395,0.018,0.121,0.545,0.744,2.068,-2.56e-4,0,0,0,0,0.049,867.587,0.001,335.296,0.063,6.4,32.17
15.732,2.72,2643.052,456.9,0.262,0.003,61.411,43.166,0,0.533,0.395,0.018,0.121,0.544,0.716,1.982,-3.453e-4,0,0,0,0,0.058,867.496,0.001,335.293,0.062,6.4,32.17
15.782,2.693,2643.052,456.9,0.262,0.003,61.42,43.166,0,0.533,0.395,0.018,0.12,0.544,0.708,1.952,-6.631e-5,0,0,0,0,0.068,867.407,0.001,335.289,0.061,6.4,32.17
15.832,2.505,2643.052,456.9,0.262,0.003,61.485,43.166,0,0.533,0.395,0.018,0.12,0.542,0.656,1.799,-1.291e-4,0,0,0,0,0.079,867.322,0.001,335.286,0.06,6.4,32.17
15.882,2.33,2643.052,456.9,0.262,0.003,61.547,43.166,0,0.533,0.395,0.018,0.12,0.541,0.608,1.656,-4.542e-4,0,0,0,0,0.089,867.238,0.001,335.283,0.058,6.4,32.17
15.932,2.372,2643.052,456.9,0.262,0.003,61.532,43.166,0,0.533,0.395,0.018,0.12,0.541,0.619,1.677,3.487e-4,0,0,0,0,0.1,867.158,0.001,335.28,0.057,6.4,32.17
15.982,2.524,2643.052,456.9,0.262,0.003,61.478,43.166,0,0.533,0.395,0.017,0.12,0.542,0.662,1.781,-2.978e-4,0,0,0,0,0.111,867.08,0.001,335.277,0.056,6.4,32.17
16.032,2.241,2643.052,456.9,0.262,0.003,61.577,43.166,0,0.533,0.395,0.017,0.12,0.54,0.584,1.554,3.651e-5,0,0,0,0,0.125,867.004,0.001,335.274,0.055,6.4,32.17
16.082,1.889,2643.052,456.9,0.262,0.003,61.703,43.166,0,0.533,0.395,0.017,0.12,0.538,0.488,1.276,3.163e-4,0,0,0,0,0.138,866.932,0.001,335.272,0.054,6.4,32.17
16.132,1.676,2643.052,456.9,0.262,0.003,61.781,43.166,0,0.532,0.395,0.017,0.12,0.537,0.431,1.103,-3.276e-4,0,0,0,0,0.15,866.861,0.001,335.269,0.053,6.4,32.17
16.182,1.623,2643.052,456.9,0.262,0.003,61.8,43.166,0,0.532,0.395,0.017,0.12,0.537,0.417,1.051,-6.243e-5,0,0,0,0,0.162,866.794,0.001,335.267,0.052,6.4,32.17
16.232,1.595,2643.052,456.9,0.262,0.003,61.81,43.166,0,0.532,0.395,0.017,0.12,0.536,0.409,1.017,1.381e-4,0,0,0,0,0.174,866.729,0.001,335.264,0.05,6.4,32.17
16.282,1.752,2643.052,456.9,0.262,0.003,61.752,43.166,0,0.532,0.395,0.017,0.12,0.537,0.451,1.124,2.41e-4,0,0,0,0,0.186,866.667,0.001,335.262,0.05,6.4,32.17
16.332,1.742,2643.052,456.9,0.262,0.003,61.756,43.166,0,0.532,0.395,0.017,0.12,0.537,0.448,1.101,-2.914e-4,0,0,0,0,0.201,866.607,0.001,335.26,0.049,6.4,32.17
16.382,1.859,2643.052,456.9,0.262,0.003,61.713,43.166,0,0.532,0.395,0.017,0.12,0.538,0.48,1.176,-3.394e-4,0,0,0,0,0.215,866.55,0.001,335.258,0.048,6.4,32.17
16.432,1.973,2643.052,456.9,0.262,0.003,61.672,43.166,0,0.532,0.395,0.017,0.12,0.538,0.511,1.246,-3.051e-4,0,0,0,0,0.23,866.495,0.001,335.256,0.047,6.4,32.17
16.482,2.034,2643.052,456.9,0.262,0.003,61.65,43.166,0,0.532,0.395,0.017,0.12,0.539,0.527,1.274,-3.324e-4,0,0,0,0,0.248,866.443,0.001,335.254,0.046,6.4,32.17
16.532,2.101,2643.052,456.9,0.262,0.003,61.626,43.166,0,0.532,0.395,0.017,0.12,0.539,0.545,1.307,-1.732e-5,0,0,0,0,0.267,866.394,0.001,335.252,0.045,6.4,32.17
16.582,2.477,2643.052,456.9,0.262,0.003,61.493,43.166,0,0.532,0.395,0.017,0.12,0.541,0.648,1.573,1.933e-4,0,0,0,0,0.283,866.347,0.001,335.25,0.044,6.4,32.17
16.632,2.879,2643.052,456.9,0.262,0.003,61.353,43.166,0,0.532,0.395,0.017,0.12,0.544,0.76,1.858,-3.583e-5,0,0,0,0,0.303,866.303,0.001,335.249,0.043,6.4,32.17
16.682,3.197,2643.052,456.9,0.262,0.003,61.244,43.166,0,0.532,0.395,0.017,0.12,0.547,0.85,2.077,-3.036e-4,0,0,0,0,0.325,866.262,0.001,335.247,0.042,6.4,32.17
16.732,3.299,2643.052,456.9,0.262,0.003,61.21,43.166,0,0.532,0.395,0.017,0.12,0.548,0.879,2.124,3.657e-4,0,0,0,0,0.355,866.223,0.001,335.246,0.041,6.4,32.17
16.782,3.545,2643.052,456.9,0.262,0.003,61.127,43.166,0,0.532,0.395,0.017,0.12,0.55,0.95,2.283,3.746e-4,0,0,0,0,0.384,866.186,0.001,335.244,0.041,6.4,32.17
16.832,4.017,2643.052,456.9,0.262,0.003,60.972,43.166,0,0.532,0.395,0.017,0.12,0.555,1.088,2.615,4.691e-4,0,0,0,0,0.411,866.153,0.001,335.243,0.04,6.4,32.17
16.882,4.578,2643.052,456.9,0.262,0.003,60.791,43.166,0,0.532,0.395,0.017,0.12,0.561,1.255,3.017,2.13e-5,0,0,0,0,0.439,866.121,0.001,335.242,0.04,6.4,32.17
16.932,5.036,2643.052,456.9,0.262,0.003,60.648,43.166,0,0.532,0.395,0.017,0.12,0.566,1.394,3.333,2.279e-4,0,0,0,0,0.473,866.093,0.001,335.241,0.039,6.4,32.17
16.982,5.459,2643.052,456.9,0.262,0.003,60.518,43.166,0,0.533,0.396,0.017,0.12,0.572,1.524,3.62,2.615e-5,0,0,0,0,0.512,866.067,0.001,335.24,0.038,6.4,32.17
17.032,5.917,2643.052,456.9,0.262,0.003,60.38,43.166,0,0.535,0.397,0.017,0.12,0.579,1.668,3.931,-2.223e-4,0,0,0,0,0.554,866.043,0.001,335.239,0.038,6.4,32.17
17.082,6.397,2643.052,456.9,0.262,0.003,60.239,43.166,0,0.536,0.399,0.017,0.12,0.587,1.821,4.259,2.068e-5,0,0,0,0,0.598,866.023,0.001,335.238,0.037,6.4,32.17
17.132,6.825,2643.052,456.9,0.262,0.003,60.115,43.166,0,0.537,0.4,0.017,0.12,0.594,1.959,4.539,-1.582e-4,0,0,0,0,0.651,866.004,0.001,335.237,0.037,6.4,32.17
17.182,7.336,2643.052,456.9,0.262,0.003,59.971,43.166,0,0.538,0.401,0.017,0.12,0.602,2.128,4.888,-3.318e-4,0,0,0,0,0.7,865.988,0.001,335.237,0.036,6.4,32.17
17.232,7.872,2643.052,456.9,0.262,0.003,59.824,43.166,0,0.539,0.401,0.017,0.12,0.611,2.308,5.258,-4.695e-4,0,0,0,0,0.748,865.975,0.001,335.236,0.036,6.4,32.17
17.282,8.419,2643.052,456.9,0.262,0.003,59.678,43.166,0,0.539,0.402,0.017,0.12,0.618,2.494,5.643,9.808e-5,0,0,0,0,0.793,865.965,0.001,335.236,0.036,6.4,32.17
17.332,8.864,2643.052,456.9,0.262,0.003,59.561,43.166,0,0.539,0.402,0.017,0.12,0.626,2.649,5.933,3.578e-5,0,0,0,0,0.853,865.956,0.001,335.236,0.036,6.4,32.17
17.382,9.27,2643.052,456.9,0.262,0.003,59.457,43.166,0,0.54,0.403,0.017,0.12,0.633,2.792,6.182,4.852e-4,0,0,0,0,0.923,865.951,0.001,335.235,0.035,6.4,32.17
17.432,9.681,2643.052,456.9,0.262,0.003,59.353,43.166,0,0.541,0.404,0.017,0.12,0.639,2.938,6.445,-2.805e-4,0,0,0,0,0.986,865.948,0.001,335.235,0.035,6.4,32.17
17.482,10.055,2643.052,456.9,0.262,0.003,59.261,43.166,0,0.541,0.404,0.017,0.12,0.645,3.073,6.674,2.731e-4,0,0,0,0,1.054,865.947,0.001,335.235,0.035,6.4,32.17
17.532,10.409,2643.052,456.9,0.262,0.003,59.175,43.166,0,0.542,0.405,0.017,0.12,0.65,3.202,6.876,9.73e-5,0,0,0,0,1.133,865.949,0.001,335.235,0.034,6.4,32.17
17.582,10.723,2643.052,456.9,0.262,0.003,59.099,43.166,0,0.542,0.405,0.017,0.12,0.655,3.318,7.054,-4.578e-4,0,0,0,0,1.205,865.954,0.001,335.236,0.034,6.4,32.17
17.632,10.912,2643.052,456.9,0.262,0.003,59.055,43.166,0,0.542,0.404,0.017,0.12,0.657,3.388,7.159,2.16e-4,0,0,0,0,1.252,865.961,0.001,335.236,0.035,6.4,32.17
17.682,11.052,2643.052,456.9,0.262,0.003,59.022,43.166,0,0.541,0.404,0.017,0.12,0.658,3.44,7.213,2.227e-5,0,0,0,0,1.31,865.971,0.001,335.236,0.035,6.4,32.17
17.732,11.139,2643.052,456.9,0.262,0.003,59.002,43.166,0,0.541,0.404,0.017,0.12,0.659,3.472,7.219,-7.386e-5,0,0,0,0,1.372,865.983,0.001,335.237,0.035,6.4,32.17
17.782,10.931,2643.052,456.9,0.262,0.003,59.051,43.166,0,0.539,0.402,0.017,0.12,0.654,3.395,7.034,2.499e-4,0,0,0,0,1.391,865.998,0.001,335.237,0.036,6.4,32.17
17.832,10.741,2643.052,456.9,0.262,0.003,59.095,43.166,0,0.539,0.401,0.017,0.12,0.651,3.324,6.841,-4.51e-4,0,0,0,0,1.434,866.015,0.001,335.238,0.036,6.4,32.17
17.882,10.536,2643.052,456.9,0.262,0.003,59.144,43.166,0,0.538,0.401,0.017,0.12,0.647,3.249,6.626,3.697e-4,0,0,0,0,1.485,866.035,0.001,335.239,0.036,6.4,32.17
17.932,9.908,2643.052,456.9,0.262,0.003,59.297,43.166,0,0.536,0.399,0.017,0.12,0.636,3.02,6.127,4.378e-4,0,0,0,0,1.484,866.057,0.001,335.239,0.037,6.4,32.17
17.982,9.07,2643.052,456.9,0.262,0.003,59.508,43.166,0,0.534,0.397,0.017,0.12,0.622,2.721,5.479,8.097e-5,0,0,0,0,1.47,866.082,0.001,335.24,0.038,6.4,32.17
17.993,8.878,2643.052,456.9,0.262,0.003,59.558,43.166,0,0.533,0.396,0.017,0.12,0.619,2.654,5.329,-6.614e-5,0,0,0,0,1.467,866.087,0.001,335.241,0.038,6.4,32.17
18.009,8.665,2643.052,456.9,0.262,0.003,59.613,43.166,0,0.533,0.396,0.017,0.12,0.615,2.579,5.156,2.281e-4,0,0,0,0,1.473,866.096,0.001,335.241,0.039,6.4,32.17
18.034,8.422,2643.052,456.9,0.262,0.003,59.677,43.166,0,0.533,0.395,0.017,0.12,0.612,2.495,4.947,2.169e-4,0,0,0,0,1.491,866.11,0.001,335.241,0.039,6.4,32.17
18.071,8.067,2643.052,456.9,0.262,0.003,59.772,43.166,0,0.532,0.395,0.017,0.12,0.606,2.374,4.639,-4.641e-4,0,0,0,0,1.519,866.132,0.001,335.242,0.039,6.4,32.17
18.121,7.349,2643.052,456.9,0.262,0.003,59.968,43.166,0,0.532,0.395,0.017,0.12,0.596,2.132,4.065,-4.498e-4,0,0,0,0,1.532,866.164,0.001,335.243,0.039,6.4,32.17
18.171,6.266,2643.052,456.9,0.262,0.003,60.277,43.166,0,0.532,0.395,0.017,0.12,0.581,1.779,3.247,-1.059e-5,0,0,0,0,1.509,866.198,0.001,335.245,0.04,6.4,32.17
18.221,5.228,2643.052,456.9,0.262,0.003,60.589,43.166,0,0.532,0.395,0.017,0.12,0.568,1.452,2.466,4.202e-4,0,0,0,0,1.488,866.235,0.001,335.246,0.041,6.4,32.17
18.271,4.24,2643.052,456.9,0.262,0.003,60.9,43.166,0,0.532,0.395,0.017,0.12,0.557,1.154,1.727,3.584e-4,0,0,0,0,1.469,866.274,0.001,335.247,0.042,6.4,32.17
18.321,3.145,2643.052,456.9,0.262,0.003,61.262,43.166,0,0.532,0.395,0.017,0.12,0.547,0.835,0.925,7.045e-5,0,0,0,0,1.436,866.316,0.001,335.249,0.042,6.4,32.17
18.371,1.813,2643.052,456.9,0.262,0.003,61.729,43.166,0,0.532,0.395,0.017,0.12,0.537,0.468,-0.025,3.658e-4,0,0,0,0,1.381,866.361,0.001,335.251,0.043,6.4,32.17
18.421,0.436,2643.052,456.9,0.262,0.003,62.246,43.166,0,0.532,0.395,0.017,0.12,0.533,0.109,-0.735,-6.968e-5,0,0,0,0,1.059,866.408,0.001,335.252,0.044,6.4,32.17
18.471,0.875,2643.052,456.9,0.262,0.003,62.077,43.166,0,0.532,0.395,0.017,0.12,0.533,0.221,1.91,1.669e-6,0,0,0,0,-1.257,866.458,0.001,335.254,0.045,6.4,32.17
18.521,2.227,2643.052,456.9,0.262,0.003,61.581,43.166,0,0.532,0.395,0.017,0.12,0.54,0.58,2.847,4.381e-4,0,0,0,0,-1.179,866.51,0.001,335.256,0.046,6.4,32.17
18.571,3.481,2643.052,456.9,0.262,0.003,61.149,43.166,0,0.532,0.395,0.017,0.12,0.55,0.932,3.715,4.805e-4,0,0,0,0,-1.098,866.565,0.001,335.258,0.047,6.4,32.17
18.621,4.823,2643.052,456.9,0.262,0.003,60.715,43.166,0,0.532,0.395,0.017,0.12,0.564,1.329,4.649,-2.412e-4,0,0,0,0,-1.005,866.623,0.001,335.26,0.048,6.4,32.17
18.671,6.159,2643.052,456.9,0.262,0.003,60.31,43.166,0,0.532,0.395,0.017,0.12,0.58,1.745,5.58,3.44e-4,0,0,0,0,-0.907,866.683,0.001,335.263,0.049,6.4,32.17
18.721,7.538,2643.052,456.9,0.262,0.003,59.917,43.166,0,0.532,0.395,0.017,0.12,0.599,2.195,6.546,-1.039e-4,0,0,0,0,-0.801,866.746,0.001,335.265,0.05,6.4,32.17
18.771,9.003,2643.052,456.9,0.262,0.003,59.527,43.166,0,0.532,0.395,0.017,0.12,0.619,2.698,7.585,2.082e-4,0,0,0,0,-0.689,866.811,0.001,335.267,0.051,6.4,32.17
18.821,10.238,2643.052,456.9,0.262,0.003,59.218,43.166,0,0.532,0.395,0.017,0.12,0.636,3.14,8.454,-3.006e-4,0,0,0,0,-0.579,866.879,0.001,335.27,0.052,6.4,32.17
18.871,11.119,2643.052,456.9,0.262,0.003,59.008,43.166,0,0.532,0.395,0.017,0.12,0.648,3.465,9.056,-3.453e-4,0,0,0,0,-0.477,866.95,0.001,335.272,0.053,6.4,32.17
18.921,12.121,2643.052,456.9,0.262,0.003,58.78,43.166,0,0.533,0.395,0.017,0.12,0.66,3.846,9.759,2.65e-4,0,0,0,0,-0.377,867.023,0.001,335.275,0.054,6.4,32.17
18.971,12.728,2643.052,456.9,0.262,0.003,58.647,43.166,0,0.533,0.395,0.017,0.12,0.667,4.081,10.159,-2.333e-4,0,0,0,0,-0.286,867.099,0.001,335.278,0.055,6.4,32.17
19.018,13.034,2643.052,456.9,0.262,0.003,58.581,43.166,0,0.533,0.395,0.017,0.12,0.67,4.202,10.333,2.317e-4,0,0,0,0,-0.213,867.173,0.001,335.281,0.056,6.4,32.17
19.063,13.516,2643.052,456.9,0.262,0.003,58.479,43.166,0,0.533,0.395,0.018,0.12,0.675,4.393,10.662,-1.903e-4,0,0,0,0,-0.15,867.246,0.001,335.283,0.057,6.4,32.17
19.104,13.557,2643.052,456.9,0.262,0.003,58.471,43.166,0,0.533,0.395,0.018,0.12,0.675,4.41,10.647,4.715e-4,0,0,0,0,-0.102,867.315,0.001,335.286,0.058,6.4,32.17
19.145,13.618,2643.052,456.9,0.262,0.003,58.458,43.166,0,0.533,0.395,0.018,0.12,0.676,4.434,10.659,-4.434e-4,0,0,0,0,-0.064,867.384,0.001,335.289,0.059,6.4,32.17
19.184,13.239,2643.052,456.9,0.262,0.003,58.538,43.166,0,0.533,0.395,0.018,0.12,0.673,4.283,10.324,-3.259e-4,0,0,0,0,-0.036,867.452,0.001,335.291,0.06,6.4,32.17
19.223,12.942,2643.052,456.9,0.262,0.003,58.601,43.166,0,0.533,0.395,0.018,0.12,0.67,4.166,10.063,-2.425e-4,0,0,0,0,-0.016,867.523,0.001,335.294,0.061,6.4,32.17
19.262,12.585,2643.052,456.9,0.262,0.003,58.679,43.166,0,0.533,0.395,0.018,0.12,0.666,4.026,9.763,3.265e-4,0,0,0,0,-0.005,867.595,0.001,335.296,0.062,6.4,32.17
19.301,11.859,2643.052,456.9,0.262,0.003,58.84,43.166,0,0.533,0.395,0.018,0.121,0.658,3.745,9.173,2.534e-4,0,0,0,0,-1.049e-4,867.668,0.001,335.299,0.063,6.4,32.17
19.342,11.426,2643.052,456.9,0.262,0.003,58.939,43.166,0,0.533,0.395,0.018,0.121,0.653,3.581,8.823,-4.128e-4,0,0,0,0,0.002,867.746,0.001,335.302,0.064,6.4,32.17
19.382,10.676,2643.052,456.9,0.262,0.003,59.115,43.166,0,0.533,0.395,0.018,0.121,0.643,3.301,8.216,2.353e-4,0,0,0,0,0.01,867.826,0.001,335.305,0.065,6.4,32.17
19.424,9.734,2643.052,456.9,0.262,0.003,59.344,43.166,0,0.533,0.395,0.018,0.121,0.63,2.958,7.454,-4.461e-4,0,0,0,0,0.023,867.911,0.001,335.308,0.066,6.4,32.17
19.469,8.449,2643.052,456.9,0.262,0.003,59.674,43.166,0,0.533,0.395,0.018,0.121,0.612,2.505,6.422,1.472e-4,0,0,0,0,0.04,868.003,0.001,335.311,0.067,6.4,32.17
19.519,6.634,2643.052,456.9,0.262,0.003,60.175,43.166,0,0.533,0.395,0.018,0.121,0.587,1.898,4.983,4.273e-4,0,0,0,0,0.059,868.108,0.001,335.315,0.068,6.4,32.17
19.569,4.845,2643.052,456.9,0.262,0.003,60.711,43.166,0,0.533,0.395,0.018,0.121,0.565,1.336,3.586,-2.658e-4,0,0,0,0,0.076,868.216,0.001,335.319,0.069,6.4,32.17
19.619,3.365,2643.052,456.9,0.262,0.003,61.192,43.166,0,0.533,0.395,0.018,0.121,0.55,0.899,2.444,6.82e-5,0,0,0,0,0.087,868.327,0.001,335.323,0.071,6.4,32.17
19.669,1.761,2643.052,456.9,0.262,0.003,61.753,43.166,0,0.533,0.395,0.018,0.121,0.538,0.454,1.224,-2.657e-4,0,0,0,0,0.094,868.44,0.001,335.328,0.072,6.4,32.17
19.719,0.054,2643.052,456.9,0.262,0.003,62.4,43.166,0,0.533,0.395,0.018,0.121,0.533,0.013,0.133,4.496e-4,0,0,0,0,-0.093,868.555,0.001,335.332,0.073,6.4,32.17
19.769,1.601,2643.052,456.9,0.262,0.003,61.812,43.166,0,0.533,0.395,0.018,0.121,0.537,0.411,1.283,-2.845e-4,0,0,0,0,-0.086,868.674,0.001,335.336,0.075,6.4,32.17
19.819,3.204,2643.052,456.9,0.262,0.003,61.247,43.166,0,0.533,0.395,0.018,0.121,0.548,0.853,2.482,-4.965e-4,0,0,0,0,-0.073,868.794,0.001,335.341,0.076,6.4,32.17
19.869,4.61,2643.052,456.9,0.262,0.003,60.787,43.166,0,0.534,0.395,0.018,0.121,0.562,1.265,3.539,-4.426e-4,0,0,0,0,-0.057,868.918,0.001,335.345,0.077,6.4,32.17
19.919,5.819,2643.052,456.9,0.262,0.003,60.415,43.166,0,0.534,0.395,0.018,0.121,0.577,1.637,4.451,-1.384e-4,0,0,0,0,-0.038,869.043,0.001,335.35,0.079,6.4,32.17
19.969,6.979,2643.052,456.9,0.262,0.003,60.078,43.166,0,0.534,0.395,0.018,0.121,0.592,2.011,5.334,7.641e-5,0,0,0,0,-0.021,869.171,0.001,335.355,0.08,6.4,32.17
20.012,7.808,2643.052,456.9,0.262,0.003,59.848,43.166,0,0.534,0.395,0.018,0.121,0.604,2.287,5.97,-8.647e-6,0,0,0,0,-0.009,869.283,0.001,335.359,0.081,6.4,32.17
20.05,8.204,2643.052,456.9,0.262,0.003,59.742,43.166,0,0.534,0.395,0.018,0.121,0.61,2.421,6.274,2.969e-4,0,0,0,0,-0.002,869.382,0.001,335.363,0.082,6.4,32.17
20.084,8.291,2643.052,456.9,0.262,0.003,59.719,43.166,0,0.534,0.395,0.018,0.121,0.611,2.451,6.34,2.261e-4,0,0,0,0,-1.581e-5,869.475,0.001,335.366,0.083,6.4,32.17
20.118,8.474,2643.052,456.9,0.262,0.003,59.67,43.166,0,0.534,0.395,0.018,0.121,0.614,2.514,6.483,-1.343e-4,0,0,0,0,0.002,869.565,0.001,335.369,0.084,6.4,32.17
20.15,8.714,2643.052,456.9,0.262,0.003,59.608,43.166,0,0.534,0.395,0.018,0.121,0.617,2.598,6.666,1.894e-4,0,0,0,0,0.007,869.654,0.001,335.373,0.084,6.4,32.17
20.181,8.608,2643.052,456.9,0.262,0.003,59.636,43.166,0,0.534,0.395,0.018,0.121,0.616,2.561,6.574,1.117e-4,0,0,0,0,0.016,869.739,0.001,335.376,0.085,6.4,32.17
20.211,8.382,2643.052,456.9,0.262,0.003,59.695,43.166,0,0.534,0.395,0.018,0.121,0.612,2.482,6.384,1.15e-4,0,0,0,0,0.027,869.824,0.001,335.379,0.086,6.4,32.17
20.242,8.038,2643.052,456.9,0.262,0.003,59.787,43.166,0,0.534,0.395,0.018,0.121,0.608,2.365,6.1,2.498e-4,0,0,0,0,0.042,869.912,0.001,335.382,0.087,6.4,32.17
20.274,7.584,2643.052,456.9,0.262,0.003,59.911,43.166,0,0.534,0.395,0.019,0.121,0.601,2.212,5.728,-4.404e-4,0,0,0,0,0.059,870.003,0.001,335.386,0.087,6.4,32.17
20.307,7.004,2643.052,456.9,0.262,0.003,60.073,43.166,0,0.534,0.395,0.019,0.121,0.593,2.019,5.255,2.296e-4,0,0,0,0,0.079,870.1,0.001,335.389,0.088,6.4,32.17
20.343,6.303,2643.052,456.9,0.262,0.003,60.275,43.166,0,0.534,0.395,0.019,0.121,0.584,1.791,4.688,1.226e-5,0,0,0,0,0.1,870.204,0.001,335.393,0.089,6.4,32.17
20.382,5.224,2643.052,456.9,0.262,0.003,60.598,43.166,0,0.534,0.395,0.019,0.121,0.57,1.452,3.833,-2.716e-4,0,0,0,0,0.122,870.32,0.001,335.397,0.09,6.4,32.17
20.429,3.739,2643.052,456.9,0.262,0.003,61.072,43.166,0,0.534,0.395,0.019,0.121,0.554,1.007,2.672,-1.036e-4,0,0,0,0,0.144,870.461,0.001,335.402,0.091,6.4,32.17
20.479,1.981,2643.052,456.9,0.262,0.003,61.678,43.166,0,0.534,0.395,0.019,0.121,0.54,0.513,1.327,-2.114e-4,0,0,0,0,0.157,870.613,0.001,335.408,0.093,6.4,32.17
20.529,0.15,2643.052,456.9,0.262,0.003,62.367,43.166,0,0.534,0.394,0.019,0.121,0.534,0.037,-0.046,4.675e-4,0,0,0,0,0.158,870.768,0.001,335.414,0.094,6.4,32.17
20.579,1.526,2643.052,456.9,0.262,0.003,61.844,43.166,0,0.534,0.394,0.019,0.121,0.538,0.391,1.289,-3.997e-4,0,0,0,0,-0.148,870.926,0.001,335.42,0.095,6.4,32.17
20.629,3.123,2643.052,456.9,0.262,0.003,61.279,43.166,0,0.535,0.394,0.019,0.121,0.549,0.83,2.476,1.051e-4,0,0,0,0,-0.128,871.085,0.001,335.426,0.096,6.4,32.17
20.679,4.635,2643.052,456.9,0.262,0.003,60.784,43.166,0,0.535,0.394,0.019,0.121,0.564,1.272,3.603,-7.258e-5,0,0,0,0,-0.1,871.248,0.001,335.432,0.098,6.4,32.17
20.722,5.768,2643.052,456.9,0.262,0.003,60.436,43.166,0,0.535,0.394,0.019,0.121,0.578,1.621,4.449,4.99e-4,0,0,0,0,-0.074,871.387,0.001,335.437,0.099,6.4,32.17
20.755,6.525,2643.052,456.9,0.262,0.003,60.213,43.166,0,0.535,0.394,0.019,0.121,0.588,1.863,5.015,-3.207e-4,0,0,0,0,-0.053,871.499,0.001,335.441,0.1,6.4,32.17
20.784,7.017,2643.052,456.9,0.262,0.003,60.073,43.166,0,0.535,0.394,0.019,0.121,0.594,2.023,5.381,2.304e-4,0,0,0,0,-0.036,871.597,0.001,335.445,0.101,6.4,32.17
20.811,7.33,2643.052,456.9,0.262,0.003,59.985,43.166,0,0.535,0.394,0.019,0.121,0.599,2.127,5.613,1.263e-4,0,0,0,0,-0.023,871.688,0.001,335.448,0.101,6.4,32.17
20.836,7.488,2643.052,456.9,0.262,0.003,59.941,43.166,0,0.535,0.394,0.019,0.121,0.601,2.18,5.728,2.473e-4,0,0,0,0,-0.013,871.774,0.001,335.451,0.102,6.4,32.17
20.861,7.526,2643.052,456.9,0.262,0.003,59.931,43.166,0,0.535,0.394,0.019,0.121,0.601,2.193,5.75,2.601e-4,0,0,0,0,-0.006,871.859,0.001,335.454,0.103,6.4,32.17
20.885,7.446,2643.052,456.9,0.262,0.003,59.953,43.166,0,0.535,0.394,0.019,0.121,0.6,2.166,5.683,-2.654e-4,0,0,0,0,-0.002,871.942,0.001,335.457,0.103,6.4,32.17
20.909,7.278,2643.052,456.9,0.262,0.003,60,43.166,0,0.535,0.394,0.019,0.121,0.598,2.11,5.55,-2.018e-4,0,0,0,0,-1.007e-4,872.027,0.001,335.46,0.104,6.4,32.17
20.933,7.024,2643.052,456.9,0.262,0.003,60.072,43.166,0,0.535,0.394,0.019,0.121,0.595,2.026,5.35,-1.216e-4,0,0,0,0,5.804e-4,872.112,0.001,335.464,0.104,6.4,32.17
20.958,6.698,2643.052,456.9,0.262,0.003,60.165,43.166,0,0.535,0.394,0.019,0.121,0.59,1.919,5.094,3.338e-4,0,0,0,0,0.003,872.201,0.001,335.467,0.105,6.4,32.17
20.984,6.323,2643.052,456.9,0.262,0.003,60.273,43.166,0,0.535,0.394,0.019,0.121,0.585,1.798,4.798,2.562e-5,0,0,0,0,0.008,872.294,0.001,335.47,0.106,6.4,32.17
21.011,5.724,2643.052,456.9,0.262,0.003,60.451,43.166,0,0.535,0.394,0.019,0.121,0.578,1.608,4.328,1.292e-4,0,0,0,0,0.015,872.392,0.001,335.474,0.106,6.4,32.17
21.041,4.802,2643.052,456.9,0.262,0.003,60.734,43.166,0,0.535,0.394,0.019,0.121,0.566,1.323,3.609,-2.63e-4,0,0,0,0,0.023,872.5,0.001,335.478,0.107,6.4,32.17
21.076,3.808,2643.052,456.9,0.262,0.003,61.054,43.166,0,0.535,0.394,0.019,0.122,0.556,1.027,2.838,5.418e-5,0,0,0,0,0.033,872.629,0.001,335.483,0.108,6.4,32.17
21.12,2.571,2643.052,456.9,0.262,0.003,61.473,43.166,0,0.535,0.394,0.02,0.122,0.545,0.675,1.888,2.358e-4,0,0,0,0,0.043,872.792,0.001,335.489,0.109,6.4,32.17
21.17,0.987,2643.052,456.9,0.262,0.003,62.049,43.166,0,0.536,0.394,0.02,0.122,0.537,0.25,0.688,1.693e-4,0,0,0,0,0.05,872.98,0.001,335.496,0.11,6.4,32.17
21.22,0.71,2643.052,456.9,0.262,0.003,62.155,43.166,0,0.536,0.394,0.02,0.122,0.536,0.179,0.578,-2.499e-4,0,0,0,0,-0.049,873.17,0.001,335.503,0.112,6.4,32.17
21.27,2.202,2643.052,456.9,0.262,0.003,61.604,43.166,0,0.536,0.394,0.02,0.122,0.543,0.573,1.692,4.531e-4,0,0,0,0,-0.041,873.363,0.001,335.51,0.113,6.4,32.17
21.32,3.507,2643.052,456.9,0.262,0.003,61.155,43.166,0,0.536,0.394,0.02,0.122,0.554,0.94,2.67,2.5e-4,0,0,0,0,-0.029,873.557,0.001,335.517,0.114,6.4,32.17
21.362,4.358,2643.052,456.9,0.262,0.003,60.877,43.166,0,0.536,0.394,0.02,0.122,0.562,1.19,3.31,1.738e-4,0,0,0,0,-0.017,873.722,0.001,335.523,0.115,6.4,32.17
21.395,4.914,2643.052,456.9,0.262,0.003,60.702,43.166,0,0.536,0.394,0.02,0.122,0.569,1.357,3.728,7.987e-5,0,0,0,0,-0.01,873.853,0.001,335.528,0.116,6.4,32.17
21.424,5.233,2643.052,456.9,0.262,0.003,60.603,43.166,0,0.536,0.394,0.02,0.122,0.572,1.455,3.969,4.065e-4,0,0,0,0,-0.004,873.969,0.001,335.532,0.117,6.4,32.17
21.451,5.406,2643.052,456.9,0.262,0.003,60.55,43.166,0,0.536,0.394,0.02,0.122,0.575,1.509,4.099,-1.612e-5,0,0,0,0,-0.001,874.077,0.001,335.536,0.118,6.4,32.17
21.476,5.451,2643.052,456.9,0.262,0.003,60.537,43.166,0,0.536,0.394,0.02,0.122,0.575,1.523,4.133,1.935e-4,0,0,0,0,-5.963e-6,874.18,0.001,335.54,0.118,6.4,32.17
21.501,5.399,2643.052,456.9,0.262,0.003,60.553,43.166,0,0.536,0.394,0.02,0.122,0.575,1.507,4.092,2.743e-5,0,0,0,0,7.733e-4,874.283,0.001,335.544,0.119,6.4,32.17
21.526,5.356,2643.052,456.9,0.262,0.003,60.566,43.166,0,0.536,0.394,0.02,0.122,0.574,1.493,4.057,-1.497e-4,0,0,0,0,0.003,874.385,0.001,335.548,0.12,6.4,32.17
21.551,5.206,2643.052,456.9,0.262,0.003,60.612,43.166,0,0.536,0.394,0.02,0.122,0.572,1.447,3.937,-8.784e-5,0,0,0,0,0.008,874.488,0.001,335.552,0.12,6.4,32.17
21.577,4.848,2643.052,456.9,0.262,0.003,60.724,43.166,0,0.536,0.394,0.02,0.122,0.568,1.337,3.655,-8.438e-5,0,0,0,0,0.013,874.594,0.001,335.556,0.121,6.4,32.17
21.604,4.375,2643.052,456.9,0.262,0.003,60.874,43.166,0,0.536,0.394,0.02,0.122,0.563,1.195,3.286,1.859e-4,0,0,0,0,0.02,874.707,0.001,335.56,0.122,6.4,32.17
21.634,3.813,2643.052,456.9,0.262,0.003,61.056,43.166,0,0.537,0.394,0.02,0.122,0.557,1.029,2.847,2.461e-4,0,0,0,0,0.029,874.832,0.001,335.564,0.123,6.4,32.17
21.668,3.045,2643.052,456.9,0.262,0.003,61.314,43.166,0,0.537,0.394,0.02,0.122,0.55,0.808,2.253,-1.528e-4,0,0,0,0,0.038,874.976,0.001,335.57,0.123,6.4,32.17
21.71,1.947,2643.052,456.9,0.262,0.003,61.699,43.166,0,0.537,0.394,0.02,0.122,0.543,0.504,1.413,-2.449e-4,0,0,0,0,0.047,875.157,0.001,335.576,0.124,6.4,32.17
21.76,0.528,2643.052,456.9,0.262,0.003,62.229,43.166,0,0.537,0.394,0.021,0.122,0.537,0.132,0.342,-1.561e-4,0,0,0,0,0.052,875.372,0.001,335.584,0.126,6.4,32.17
21.81,0.944,2643.052,456.9,0.262,0.003,62.07,43.166,0,0.537,0.394,0.021,0.122,0.538,0.239,0.755,2.97e-4,0,0,0,0,-0.049,875.59,0.001,335.592,0.127,6.4,32.17
21.86,2.183,2643.052,456.9,0.262,0.003,61.616,43.166,0,0.537,0.394,0.021,0.122,0.544,0.568,1.678,-3.3e-5,0,0,0,0,-0.04,875.811,0.001,335.601,0.128,6.4,32.17
21.91,3.315,2643.052,456.9,0.262,0.003,61.225,43.166,0,0.537,0.394,0.021,0.122,0.553,0.885,2.524,1.948e-4,0,0,0,0,-0.027,876.034,0.001,335.609,0.13,6.4,32.17
21.944,3.967,2643.052,456.9,0.262,0.003,61.009,43.166,0,0.537,0.394,0.021,0.122,0.559,1.074,3.012,-3.615e-4,0,0,0,0,-0.018,876.187,0.001,335.615,0.131,6.4,32.17
21.972,4.322,2643.052,456.9,0.262,0.003,60.894,43.166,0,0.537,0.394,0.021,0.122,0.563,1.179,3.277,-8.653e-5,0,0,0,0,-0.011,876.315,0.001,335.619,0.131,6.4,32.17
21.998,4.522,2643.052,456.9,0.262,0.003,60.83,43.166,0,0.537,0.394,0.021,0.122,0.566,1.239,3.426,9.387e-5,0,0,0,0,-0.006,876.432,0.001,335.624,0.132,6.4,32.17
22.022,4.646,2643.052,456.9,0.262,0.003,60.791,43.166,0,0.537,0.394,0.021,0.122,0.567,1.276,3.517,3.767e-4,0,0,0,0,-0.002,876.543,0.001,335.628,0.133,6.4,32.17
22.046,4.673,2643.052,456.9,0.262,0.003,60.783,43.166,0,0.537,0.394,0.021,0.122,0.567,1.285,3.537,4.591e-4,0,0,0,0,-4.014e-4,876.65,0.001,335.632,0.133,6.4,32.17
22.069,4.529,2643.052,456.9,0.262,0.003,60.829,43.166,0,0.538,0.394,0.021,0.122,0.566,1.241,3.425,4.292e-4,0,0,0,0,4.435e-5,876.757,0.001,335.636,0.134,6.4,32.17
22.092,4.272,2643.052,456.9,0.262,0.003,60.911,43.166,0,0.538,0.394,0.021,0.122,0.563,1.164,3.228,2.224e-4,0,0,0,0,0.001,876.867,0.001,335.64,0.134,6.4,32.17
22.117,4.025,2643.052,456.9,0.262,0.003,60.991,43.166,0,0.538,0.394,0.021,0.122,0.56,1.091,3.036,-5.73e-5,0,0,0,0,0.003,876.983,0.001,335.644,0.135,6.4,32.17
22.143,3.723,2643.052,456.9,0.262,0.003,61.091,43.166,0,0.538,0.394,0.021,0.122,0.558,1.003,2.802,-3.997e-4,0,0,0,0,0.007,877.106,0.001,335.649,0.136,6.4,32.17
22.171,3.168,2643.052,456.9,0.262,0.003,61.277,43.166,0,0.538,0.394,0.021,0.122,0.552,0.843,2.374,6.692e-5,0,0,0,0,0.012,877.238,0.001,335.653,0.137,6.4,32.17
22.204,2.39,2643.052,456.9,0.262,0.003,61.546,43.166,0,0.538,0.394,0.021,0.122,0.547,0.625,1.778,2.981e-4,0,0,0,0,0.017,877.394,0.001,335.659,0.137,6.4,32.17
22.247,1.478,2643.052,456.9,0.262,0.003,61.875,43.166,0,0.538,0.394,0.021,0.122,0.541,0.379,1.085,1.251e-4,0,0,0,0,0.023,877.601,0.001,335.667,0.139,6.4,32.17
22.297,0.109,2643.052,456.9,0.262,0.003,62.398,43.166,0,0.538,0.394,0.021,0.123,0.538,0.027,0.056,1.654e-4,0,0,0,0,0.025,877.843,0.001,335.676,0.14,6.4,32.17
22.347,1.142,2643.052,456.9,0.262,0.003,62.001,43.166,0,0.538,0.394,0.022,0.123,0.54,0.29,0.877,-3.46e-4,0,0,0,0,-0.022,878.087,0.001,335.685,0.141,6.4,32.17
22.397,2.31,2643.052,456.9,0.262,0.003,61.576,43.166,0,0.538,0.394,0.022,0.123,0.546,0.603,1.751,2.455e-4,0,0,0,0,-0.016,878.334,0.001,335.694,0.143,6.4,32.17
22.438,2.968,2643.052,456.9,0.262,0.003,61.348,43.166,0,0.538,0.394,0.022,0.123,0.551,0.787,2.244,8.801e-5,0,0,0,0,-0.009,878.537,0.001,335.702,0.144,6.4,32.17
22.469,3.428,2643.052,456.9,0.262,0.003,61.192,43.166,0,0.538,0.394,0.022,0.123,0.556,0.918,2.589,-2.803e-4,0,0,0,0,-0.005,878.693,0.001,335.707,0.144,6.4,32.17
22.496,3.76,2643.052,456.9,0.262,0.003,61.082,43.166,0,0.539,0.394,0.022,0.123,0.559,1.014,2.84,-4.114e-4,0,0,0,0,-0.002,878.828,0.001,335.712,0.145,6.4,32.17
22.52,3.852,2643.052,456.9,0.262,0.003,61.052,43.166,0,0.539,0.394,0.022,0.123,0.56,1.041,2.908,2.464e-4,0,0,0,0,-2.622e-4,878.95,0.001,335.717,0.146,6.4,32.17
22.543,3.824,2643.052,456.9,0.262,0.003,61.061,43.166,0,0.539,0.394,0.022,0.123,0.56,1.033,2.887,-4.825e-4,0,0,0,0,7.216e-5,879.069,0.001,335.721,0.146,6.4,32.17
22.567,3.765,2643.052,456.9,0.262,0.003,61.081,43.166,0,0.539,0.394,0.022,0.123,0.559,1.015,2.84,1.938e-4,0,0,0,0,0.001,879.188,0.001,335.726,0.147,6.4,32.17
22.59,3.636,2643.052,456.9,0.262,0.003,61.124,43.166,0,0.539,0.394,0.022,0.123,0.558,0.978,2.74,5.523e-5,0,0,0,0,0.003,879.309,0.001,335.73,0.147,6.4,32.17
22.615,3.401,2643.052,456.9,0.262,0.003,61.203,43.166,0,0.539,0.394,0.022,0.123,0.556,0.91,2.558,2.684e-4,0,0,0,0,0.006,879.434,0.001,335.735,0.148,6.4,32.17
22.64,3.049,2643.052,456.9,0.262,0.003,61.322,43.166,0,0.539,0.394,0.022,0.123,0.553,0.81,2.286,4.631e-4,0,0,0,0,0.011,879.567,0.001,335.74,0.149,6.4,32.17
22.669,2.558,2643.052,456.9,0.262,0.003,61.492,43.166,0,0.539,0.394,0.022,0.123,0.549,0.672,1.909,3.697e-5,0,0,0,0,0.016,879.715,0.001,335.745,0.149,6.4,32.17
22.703,1.857,2643.052,456.9,0.262,0.003,61.742,43.166,0,0.539,0.394,0.022,0.123,0.544,0.48,1.372,4.908e-4,0,0,0,0,0.021,879.892,0.001,335.752,0.15,6.4,32.17
22.749,0.661,2643.052,456.9,0.262,0.003,62.188,43.166,0,0.539,0.394,0.022,0.123,0.54,0.166,0.469,-1.566e-4,0,0,0,0,0.025,880.137,0.001,335.761,0.152,6.4,32.17
22.799,0.435,2643.052,456.9,0.262,0.003,62.275,43.166,0,0.539,0.394,0.022,0.123,0.54,0.109,0.35,4.279e-4,0,0,0,0,-0.025,880.402,0.001,335.771,0.153,6.4,32.17
22.849,1.729,2643.052,456.9,0.262,0.003,61.79,43.166,0,0.539,0.394,0.022,0.123,0.544,0.446,1.317,-3.796e-4,0,0,0,0,-0.02,880.669,0.001,335.781,0.154,6.4,32.17
22.895,2.621,2643.052,456.9,0.262,0.003,61.472,43.166,0,0.54,0.394,0.023,0.123,0.55,0.689,1.984,3.002e-4,0,0,0,0,-0.012,880.918,0.001,335.79,0.155,6.4,32.17
22.925,3.076,2643.052,456.9,0.262,0.003,61.316,43.166,0,0.54,0.394,0.023,0.123,0.554,0.817,2.324,9.523e-5,0,0,0,0,-0.007,881.082,0.001,335.796,0.156,6.4,32.17
22.951,3.345,2643.052,456.9,0.262,0.003,61.225,43.166,0,0.54,0.394,0.023,0.123,0.556,0.894,2.526,-2.899e-4,0,0,0,0,-0.004,881.221,0.001,335.801,0.157,6.4,32.17
22.974,3.359,2643.052,456.9,0.262,0.003,61.22,43.166,0,0.54,0.394,0.023,0.123,0.556,0.898,2.534,-1.095e-4,0,0,0,0,-0.001,881.348,0.001,335.806,0.157,6.4,32.17
22.997,3.282,2643.052,456.9,0.262,0.003,61.247,43.166,0,0.54,0.394,0.023,0.123,0.556,0.876,2.475,-1.777e-4,0,0,0,0,-2.259e-4,881.475,0.001,335.81,0.158,6.4,32.17
23.02,3.106,2643.052,456.9,0.262,0.003,61.306,43.166,0,0.54,0.394,0.023,0.123,0.554,0.826,2.341,1.873e-5,0,0,0,0,5.204e-5,881.604,0.001,335.815,0.158,6.4,32.17
23.045,2.829,2643.052,456.9,0.262,0.003,61.402,43.166,0,0.54,0.394,0.023,0.123,0.552,0.747,2.129,-6.684e-6,0,0,0,0,8.352e-4,881.74,0.001,335.82,0.159,6.4,32.17
23.072,2.501,2643.052,456.9,0.262,0.003,61.516,43.166,0,0.54,0.394,0.023,0.123,0.55,0.656,1.879,2.724e-4,0,0,0,0,0.003,881.89,0.001,335.826,0.16,6.4,32.17
23.102,2.052,2643.052,456.9,0.262,0.003,61.676,43.166,0,0.54,0.394,0.023,0.123,0.547,0.533,1.535,-4.542e-4,0,0,0,0,0.005,882.058,0.001,335.832,0.16,6.4,32.17
23.138,1.49,2643.052,456.9,0.262,0.003,61.88,43.166,0,0.54,0.394,0.023,0.123,0.544,0.382,1.109,7.619e-6,0,0,0,0,0.008,882.264,0.001,335.84,0.161,6.4,32.17
23.188,0.501,2643.052,456.9,0.262,0.003,62.254,43.166,0,0.54,0.394,0.023,0.123,0.541,0.126,0.364,1.875e-4,0,0,0,0,0.011,882.547,0.001,335.85,0.162,6.4,32.17
23.238,0.568,2643.052,456.9,0.262,0.003,62.229,43.166,0,0.541,0.394,0.023,0.123,0.541,0.142,0.435,-1.769e-4,0,0,0,0,-0.01,882.833,0.001,335.861,0.164,6.4,32.17
23.288,1.472,2643.052,456.9,0.262,0.003,61.889,43.166,0,0.541,0.394,0.023,0.124,0.544,0.377,1.111,-4.253e-4,0,0,0,0,-0.007,883.122,0.001,335.871,0.165,6.4,32.17
23.336,2.22,2643.052,456.9,0.262,0.003,61.618,43.166,0,0.541,0.394,0.024,0.124,0.548,0.579,1.673,-3.67e-4,0,0,0,0,-0.003,883.398,0.001,335.882,0.166,6.4,32.17
23.367,2.561,2643.052,456.9,0.262,0.003,61.498,43.166,0,0.541,0.394,0.024,0.124,0.551,0.673,1.928,-4.801e-4,0,0,0,0,-0.001,883.58,0.001,335.888,0.167,6.4,32.17
23.394,2.725,2643.052,456.9,0.262,0.003,61.441,43.166,0,0.541,0.394,0.024,0.124,0.552,0.719,2.052,-3.652e-4,0,0,0,0,-1.232e-4,883.737,0.001,335.894,0.168,6.4,32.17
23.419,2.741,2643.052,456.9,0.262,0.003,61.436,43.166,0,0.541,0.394,0.024,0.124,0.552,0.723,2.063,3.446e-4,0,0,0,0,1.107e-4,883.884,0.001,335.9,0.168,6.4,32.17
23.443,2.647,2643.052,456.9,0.262,0.003,61.469,43.166,0,0.541,0.394,0.024,0.124,0.552,0.697,1.991,-3.285e-4,0,0,0,0,9.935e-4,884.03,0.001,335.905,0.169,6.4,32.17
23.469,2.429,2643.052,456.9,0.262,0.003,61.546,43.166,0,0.541,0.394,0.024,0.124,0.55,0.636,1.825,-1.241e-4,0,0,0,0,0.003,884.18,0.001,335.911,0.169,6.4,32.17
23.496,2.084,2643.052,456.9,0.262,0.003,61.669,43.166,0,0.541,0.394,0.024,0.124,0.548,0.542,1.561,4.882e-4,0,0,0,0,0.005,884.343,0.001,335.917,0.17,6.4,32.17
23.528,1.529,2643.052,456.9,0.262,0.003,61.87,43.166,0,0.541,0.394,0.024,0.124,0.545,0.392,1.139,-4.117e-4,0,0,0,0,0.008,884.534,0.001,335.924,0.171,6.4,32.17
23.571,0.678,2643.052,456.9,0.262,0.003,62.19,43.166,0,0.542,0.394,0.024,0.124,0.542,0.171,0.497,3.838e-4,0,0,0,0,0.011,884.793,0.001,335.933,0.172,6.4,32.17
23.621,0.301,2643.052,456.9,0.262,0.003,62.337,43.166,0,0.542,0.394,0.024,0.124,0.542,0.075,0.237,3.895e-4,0,0,0,0,-0.011,885.096,0.001,335.944,0.173,6.4,32.17
23.671,1.202,2643.052,456.9,0.262,0.003,61.993,43.166,0,0.542,0.394,0.024,0.124,0.544,0.306,0.91,-2.438e-4,0,0,0,0,-0.009,885.402,0.001,335.956,0.175,6.4,32.17
23.721,1.891,2643.052,456.9,0.262,0.003,61.741,43.166,0,0.542,0.394,0.024,0.124,0.548,0.489,1.425,-4.486e-4,0,0,0,0,-0.004,885.71,0.001,335.967,0.176,6.4,32.17
23.753,2.132,2643.052,456.9,0.262,0.003,61.654,43.166,0,0.542,0.394,0.025,0.124,0.549,0.555,1.604,4.296e-5,0,0,0,0,-0.002,885.911,0.001,335.975,0.177,6.4,32.17
23.782,2.191,2643.052,456.9,0.262,0.003,61.634,43.166,0,0.542,0.394,0.025,0.124,0.55,0.571,1.649,2.846e-4,0,0,0,0,-5.119e-4,886.089,0.001,335.981,0.177,6.4,32.17
23.81,2.154,2643.052,456.9,0.262,0.003,61.647,43.166,0,0.542,0.394,0.025,0.124,0.55,0.561,1.62,-4.436e-4,0,0,0,0,-6.019e-6,886.262,0.001,335.988,0.178,6.4,32.17
23.838,2.039,2643.052,456.9,0.262,0.003,61.689,43.166,0,0.542,0.394,0.025,0.124,0.549,0.53,1.532,4.586e-4,0,0,0,0,2.977e-4,886.437,0.001,335.994,0.179,6.4,32.17
23.867,1.82,2643.052,456.9,0.262,0.003,61.768,43.166,0,0.543,0.394,0.025,0.124,0.548,0.47,1.366,-2.875e-4,0,0,0,0,0.001,886.621,0.001,336.001,0.179,6.4,32.17
23.899,1.471,2643.052,456.9,0.262,0.003,61.896,43.166,0,0.543,0.394,0.025,0.124,0.546,0.377,1.101,-3.441e-5,0,0,0,0,0.003,886.827,0.001,336.009,0.18,6.4,32.17
23.939,0.932,2643.052,456.9,0.262,0.003,62.098,43.166,0,0.543,0.394,0.025,0.124,0.544,0.236,0.693,1.552e-4,0,0,0,0,0.005,887.082,0.001,336.018,0.181,6.4,32.17
23.989,0.045,2643.052,456.9,0.262,0.003,62.442,43.166,0,0.543,0.394,0.025,0.124,0.543,0.011,0.028,2.292e-4,0,0,0,0,0.006,887.402,0.001,336.03,0.182,6.4,32.17
24.039,0.751,2643.052,456.9,0.262,0.003,62.168,43.166,0,0.543,0.394,0.025,0.124,0.544,0.189,0.567,2.749e-4,0,0,0,0,-0.005,887.725,0.001,336.042,0.184,6.4,32.17
24.089,1.599,2643.052,456.9,0.262,0.003,61.851,43.166,0,0.543,0.393,0.025,0.124,0.547,0.411,1.204,3.58e-4,0,0,0,0,-0.003,888.049,0.001,336.054,0.185,6.4,32.17
24.124,1.964,2643.052,456.9,0.262,0.003,61.719,43.166,0,0.543,0.393,0.025,0.124,0.549,0.509,1.477,-3.79e-4,0,0,0,0,-7.948e-4,888.276,0.001,336.062,0.186,6.4,32.17
24.152,2.098,2643.052,456.9,0.262,0.003,61.671,43.166,0,0.543,0.393,0.025,0.125,0.55,0.546,1.578,4.429e-4,0,0,0,0,-6.411e-5,888.46,0.001,336.069,0.186,6.4,32.17
24.178,2.124,2643.052,456.9,0.262,0.003,61.662,43.166,0,0.544,0.393,0.026,0.125,0.551,0.553,1.598,-2.901e-4,0,0,0,0,1.317e-4,888.632,0.001,336.075,0.187,6.4,32.17
24.204,2.037,2643.052,456.9,0.262,0.003,61.694,43.166,0,0.544,0.393,0.026,0.125,0.55,0.529,1.531,4.996e-4,0,0,0,0,9.199e-4,888.801,0.001,336.082,0.188,6.4,32.17
24.23,1.799,2643.052,456.9,0.262,0.003,61.78,43.166,0,0.544,0.393,0.026,0.125,0.549,0.465,1.349,-2.73e-4,0,0,0,0,0.002,888.977,0.001,336.088,0.188,6.4,32.17
24.26,1.45,2643.052,456.9,0.262,0.003,61.908,43.166,0,0.544,0.393,0.026,0.125,0.547,0.372,1.084,-4.444e-4,0,0,0,0,0.004,889.175,0.001,336.096,0.189,6.4,32.17
24.297,0.954,2643.052,456.9,0.262,0.003,62.094,43.166,0,0.544,0.393,0.026,0.125,0.545,0.242,0.708,-3.771e-4,0,0,0,0,0.007,889.422,0.001,336.105,0.19,6.4,32.17
24.347,0.146,2643.052,456.9,0.262,0.003,62.406,43.166,0,0.544,0.393,0.026,0.125,0.544,0.036,0.101,3.812e-4,0,0,0,0,0.008,889.758,0.001,336.117,0.191,6.4,32.17
24.397,0.636,2643.052,456.9,0.262,0.003,62.216,43.166,0,0.544,0.393,0.026,0.125,0.545,0.16,0.483,1.051e-4,0,0,0,0,-0.007,890.096,0.001,336.13,0.192,6.4,32.17
24.447,1.355,2643.052,456.9,0.262,0.003,61.945,43.166,0,0.544,0.393,0.026,0.125,0.547,0.347,1.022,3.657e-4,0,0,0,0,-0.004,890.436,0.001,336.142,0.193,6.4,32.17
24.485,1.693,2643.052,456.9,0.262,0.003,61.822,43.166,0,0.544,0.393,0.026,0.125,0.549,0.436,1.274,2.308e-5,0,0,0,0,-0.002,890.691,0.001,336.152,0.194,6.4,32.17
24.514,1.843,2643.052,456.9,0.262,0.003,61.768,43.166,0,0.545,0.393,0.026,0.125,0.55,0.477,1.386,3.738e-5,0,0,0,0,-6.224e-4,890.895,0.001,336.159,0.195,6.4,32.17
24.541,1.884,2643.052,456.9,0.262,0.003,61.753,43.166,0,0.545,0.393,0.026,0.125,0.55,0.488,1.416,-3.511e-4,0,0,0,0,-3.803e-5,891.082,0.001,336.166,0.196,6.4,32.17
24.568,1.77,2643.052,456.9,0.262,0.003,61.795,43.166,0,0.545,0.393,0.026,0.125,0.55,0.457,1.33,-2.709e-4,0,0,0,0,1.392e-4,891.264,0.001,336.173,0.196,6.4,32.17
24.596,1.52,2643.052,456.9,0.262,0.003,61.886,43.166,0,0.545,0.393,0.026,0.125,0.549,0.39,1.141,3.518e-4,0,0,0,0,8.314e-4,891.457,0.001,336.18,0.197,6.4,32.17
24.628,1.196,2643.052,456.9,0.262,0.003,62.007,43.166,0,0.545,0.393,0.027,0.125,0.547,0.305,0.896,-1.129e-4,0,0,0,0,0.002,891.682,0.001,336.188,0.198,6.4,32.17
24.668,0.664,2643.052,456.9,0.262,0.003,62.209,43.166,0,0.545,0.393,0.027,0.125,0.546,0.167,0.494,1.673e-4,0,0,0,0,0.003,891.967,0.001,336.199,0.199,6.4,32.17
24.718,0.099,2643.052,456.9,0.262,0.003,62.429,43.166,0,0.545,0.393,0.027,0.125,0.545,0.025,0.078,-4.743e-4,0,0,0,0,-0.004,892.32,0.001,336.212,0.2,6.4,32.17
24.768,0.789,2643.052,456.9,0.262,0.003,62.162,43.166,0,0.545,0.393,0.027,0.125,0.546,0.199,0.595,-2.39e-4,0,0,0,0,-0.003,892.674,0.001,336.225,0.201,6.4,32.17
24.818,1.246,2643.052,456.9,0.262,0.003,61.991,43.166,0,0.546,0.393,0.027,0.125,0.548,0.318,0.936,3.251e-4,0,0,0,0,-0.001,893.031,0.001,336.238,0.202,6.4,32.17
24.856,1.418,2643.052,456.9,0.262,0.003,61.927,43.166,0,0.546,0.393,0.027,0.125,0.549,0.363,1.065,2.873e-4,0,0,0,0,-2.349e-4,893.297,0.001,336.248,0.203,6.4,32.17
24.888,1.41,2643.052,456.9,0.262,0.003,61.931,43.166,0,0.546,0.393,0.027,0.125,0.549,0.361,1.059,-1.25e-4,0,0,0,0,6.162e-6,893.53,0.001,336.257,0.204,6.4,32.17
24.92,1.346,2643.052,456.9,0.262,0.003,61.955,43.166,0,0.546,0.393,0.027,0.125,0.549,0.344,1.011,-3.584e-4,0,0,0,0,3.846e-4,893.763,0.001,336.265,0.205,6.4,32.17
24.954,1.187,2643.052,456.9,0.262,0.003,62.015,43.166,0,0.546,0.393,0.027,0.125,0.548,0.303,0.889,-4.38e-4,0,0,0,0,0.001,894.007,0.001,336.274,0.205,6.4,32.17
24.992,0.809,2643.052,456.9,0.262,0.003,62.158,43.166,0,0.546,0.393,0.028,0.126,0.547,0.205,0.604,-3.92e-4,0,0,0,0,0.003,894.282,0.001,336.285,0.206,6.4,32.17
25.042,0.257,2643.052,456.9,0.262,0.003,62.371,43.166,0,0.546,0.393,0.028,0.126,0.547,0.064,0.189,-3.982e-4,0,0,0,0,0.004,894.648,0.001,336.298,0.207,6.4,32.17
25.092,0.345,2643.052,456.9,0.262,0.003,62.338,43.166,0,0.547,0.393,0.028,0.126,0.547,0.086,0.261,4.014e-4,0,0,0,0,-0.004,895.016,0.001,336.312,0.209,6.4,32.17
25.142,0.917,2643.052,456.9,0.262,0.003,62.119,43.166,0,0.547,0.393,0.028,0.126,0.548,0.232,0.69,-2.842e-4,0,0,0,0,-0.002,895.387,0.001,336.326,0.21,6.4,32.17
25.188,1.169,2643.052,456.9,0.262,0.003,62.024,43.166,0,0.547,0.393,0.028,0.126,0.549,0.298,0.879,1.034e-4,0,0,0,0,-6.968e-4,895.735,0.001,336.338,0.211,6.4,32.17
25.225,1.258,2643.052,456.9,0.262,0.003,61.992,43.166,0,0.547,0.393,0.028,0.126,0.55,0.321,0.945,-4.777e-5,0,0,0,0,-7.428e-5,896.006,0.001,336.348,0.212,6.4,32.17
25.258,1.209,2643.052,456.9,0.262,0.003,62.01,43.166,0,0.547,0.393,0.028,0.126,0.55,0.308,0.908,4.939e-4,0,0,0,0,6.847e-5,896.258,0.001,336.358,0.212,6.4,32.17
25.293,0.959,2643.052,456.9,0.262,0.003,62.105,43.166,0,0.547,0.393,0.028,0.126,0.549,0.243,0.719,1.521e-4,0,0,0,0,5.523e-4,896.519,0.001,336.367,0.213,6.4,32.17
25.336,0.633,2643.052,456.9,0.262,0.003,62.23,43.166,0,0.548,0.393,0.029,0.126,0.548,0.159,0.473,-2.24e-4,0,0,0,0,0.001,896.847,0.001,336.38,0.214,6.4,32.17
25.386,0.104,2643.052,456.9,0.262,0.003,62.436,43.166,0,0.548,0.393,0.029,0.126,0.548,0.026,0.076,-4.407e-4,0,0,0,0,0.002,897.228,0.001,336.394,0.215,6.4,32.17
25.436,0.407,2643.052,456.9,0.262,0.003,62.319,43.166,0,0.548,0.393,0.029,0.126,0.548,0.102,0.306,-3.036e-4,0,0,0,0,-0.002,897.611,0.001,336.408,0.216,6.4,32.17
25.486,0.807,2643.052,456.9,0.262,0.003,62.165,43.166,0,0.548,0.393,0.029,0.126,0.549,0.204,0.606,7.545e-5,0,0,0,0,-8.002e-4,897.995,0.001,336.422,0.218,6.4,32.17
25.536,1.005,2643.052,456.9,0.262,0.003,62.091,43.166,0,0.548,0.393,0.029,0.126,0.55,0.255,0.754,-4.401e-4,0,0,0,0,-8.565e-5,898.376,0.001,336.436,0.219,6.4,32.17
25.575,1.012,2643.052,456.9,0.262,0.003,62.088,43.166,0,0.548,0.393,0.029,0.126,0.55,0.257,0.76,-3.409e-4,0,0,0,0,5.417e-5,898.681,0.001,336.447,0.22,6.4,32.17
25.613,0.863,2643.052,456.9,0.262,0.003,62.146,43.166,0,0.549,0.393,0.029,0.126,0.55,0.218,0.647,-3.617e-4,0,0,0,0,5.172e-4,898.993,0.001,336.459,0.221,6.4,32.17
25.658,0.502,2643.052,456.9,0.262,0.003,62.285,43.166,0,0.549,0.393,0.029,0.126,0.549,0.126,0.375,3.697e-4,0,0,0,0,0.001,899.363,0.001,336.472,0.222,6.4,32.17
25.708,0.056,2643.052,456.9,0.262,0.003,62.46,43.166,0,0.549,0.393,0.03,0.126,0.549,0.014,0.04,4.743e-4,0,0,0,0,0.002,899.776,0.001,336.486,0.223,6.4,32.17
25.758,0.37,2643.052,456.9,0.262,0.003,62.337,43.166,0,0.549,0.393,0.03,0.127,0.549,0.092,0.278,-4.438e-4,0,0,0,0,-0.001,900.192,0.001,336.501,0.224,6.4,32.17
25.808,0.742,2643.052,456.9,0.262,0.003,62.195,43.166,0,0.549,0.393,0.03,0.127,0.55,0.187,0.557,-4.205e-4,0,0,0,0,-6.425e-4,900.61,0.001,336.516,0.225,6.4,32.17
25.858,0.928,2643.052,456.9,0.262,0.003,62.125,43.166,0,0.549,0.393,0.03,0.127,0.551,0.235,0.696,-3.107e-4,0,0,0,0,-4.666e-5,901.03,0.001,336.53,0.226,6.4,32.17
25.898,0.875,2643.052,456.9,0.262,0.003,62.145,43.166,0,0.55,0.393,0.03,0.127,0.551,0.222,0.657,2.686e-5,0,0,0,0,7.772e-5,901.364,0.001,336.542,0.227,6.4,32.17
25.939,0.594,2643.052,456.9,0.262,0.003,62.253,43.166,0,0.55,0.393,0.03,0.127,0.55,0.149,0.445,3.397e-4,0,0,0,0,4.943e-4,901.717,0.001,336.555,0.228,6.4,32.17
25.989,0.057,2643.052,456.9,0.262,0.003,62.463,43.166,0,0.55,0.393,0.03,0.127,0.55,0.014,0.042,4.385e-4,0,0,0,0,8.667e-4,902.142,0.001,336.57,0.229,6.4,32.17
26.039,0.371,2643.052,456.9,0.262,0.003,62.341,43.166,0,0.55,0.393,0.031,0.127,0.55,0.093,0.279,-2.004e-4,0,0,0,0,-6.484e-4,902.57,0.001,336.585,0.23,6.4,32.17
26.089,0.644,2643.052,456.9,0.262,0.003,62.236,43.166,0,0.55,0.393,0.031,0.127,0.551,0.162,0.483,-1.333e-4,0,0,0,0,-1.924e-4,903,0.001,336.6,0.231,6.4,32.17
26.139,0.771,2643.052,456.9,0.262,0.003,62.188,43.166,0,0.551,0.393,0.031,0.127,0.552,0.195,0.58,-1.507e-4,0,0,0,0,4.588e-6,903.432,0.001,336.615,0.232,6.4,32.17
26.184,0.669,2643.052,456.9,0.262,0.003,62.228,43.166,0,0.551,0.393,0.031,0.127,0.551,0.169,0.501,7.101e-5,0,0,0,0,2.853e-4,903.823,0.001,336.629,0.233,6.4,32.17
26.234,0.358,2643.052,456.9,0.262,0.003,62.348,43.166,0,0.551,0.393,0.031,0.127,0.551,0.09,0.268,1.681e-4,0,0,0,0,8.146e-4,904.259,0.001,336.644,0.234,6.4,32.17
26.284,0.049,2643.052,456.9,0.262,0.003,62.471,43.166,0,0.551,0.393,0.031,0.127,0.551,0.012,0.037,-3.118e-4,0,0,0,0,-0.001,904.697,0.001,336.66,0.235,6.4,32.17
26.334,0.29,2643.052,456.9,0.262,0.003,62.377,43.166,0,0.551,0.393,0.031,0.127,0.551,0.072,0.218,-1.096e-4,0,0,0,0,-7.449e-4,905.137,0.001,336.675,0.236,6.4,32.17
26.384,0.496,2643.052,456.9,0.262,0.003,62.297,43.166,0,0.551,0.393,0.031,0.127,0.552,0.125,0.373,-2.018e-4,0,0,0,0,-3.412e-4,905.579,0.001,336.691,0.237,6.4,32.17
26.434,0.654,2643.052,456.9,0.262,0.003,62.237,43.166,0,0.552,0.393,0.032,0.127,0.552,0.165,0.49,-1.949e-4,0,0,0,0,-2.612e-5,906.024,0.001,336.706,0.239,6.4,32.17
26.484,0.575,2643.052,456.9,0.262,0.003,62.268,43.166,0,0.552,0.393,0.032,0.127,0.552,0.145,0.431,3.839e-4,0,0,0,0,9.113e-5,906.47,0.001,336.722,0.24,6.4,32.17
26.534,0.349,2643.052,456.9,0.262,0.003,62.356,43.166,0,0.552,0.393,0.032,0.128,0.552,0.087,0.261,-2.992e-4,0,0,0,0,4.077e-4,906.919,0.001,336.738,0.241,6.4,32.17
26.584,0.047,2643.052,456.9,0.262,0.003,62.476,43.166,0,0.552,0.393,0.032,0.128,0.552,0.012,0.034,1.85e-4,0,0,0,0,6.125e-4,907.369,0.001,336.754,0.242,6.4,32.17
26.634,0.31,2643.052,456.9,0.262,0.003,62.373,43.166,0,0.552,0.393,0.032,0.128,0.553,0.078,0.233,3.544e-4,0,0,0,0,-4.685e-4,907.822,0.001,336.77,0.243,6.4,32.17
26.684,0.581,2643.052,456.9,0.262,0.003,62.268,43.166,0,0.553,0.392,0.032,0.128,0.553,0.146,0.436,4.479e-4,0,0,0,0,-1.171e-4,908.277,0.001,336.786,0.244,6.4,32.17
26.734,0.588,2643.052,456.9,0.262,0.003,62.266,43.166,0,0.553,0.392,0.032,0.128,0.553,0.148,0.442,-3.343e-4,0,0,0,0,1.305e-5,908.733,0.001,336.802,0.245,6.4,32.17
26.784,0.438,2643.052,456.9,0.262,0.003,62.325,43.166,0,0.553,0.392,0.033,0.128,0.553,0.11,0.329,6.824e-5,0,0,0,0,2.488e-4,909.192,0.001,336.818,0.246,6.4,32.17
26.834,0.212,2643.052,456.9,0.262,0.003,62.414,43.166,0,0.553,0.392,0.033,0.128,0.553,0.053,0.158,4.344e-4,0,0,0,0,5.507e-4,909.653,0.001,336.834,0.247,6.4,32.17
26.884,0.122,2643.052,456.9,0.262,0.003,62.45,43.166,0,0.553,0.392,0.033,0.128,0.553,0.03,0.092,-3.705e-4,0,0,0,0,-6.08e-4,910.115,0.001,336.851,0.248,6.4,32.17
26.934,0.35,2643.052,456.9,0.262,0.003,62.362,43.166,0,0.553,0.392,0.033,0.128,0.554,0.088,0.263,2.841e-4,0,0,0,0,-3.386e-4,910.58,0.001,336.867,0.249,6.4,32.17
26.984,0.467,2643.052,456.9,0.262,0.003,62.317,43.166,0,0.554,0.392,0.033,0.128,0.554,0.117,0.351,-1.648e-4,0,0,0,0,-7.089e-5,911.047,0.001,336.884,0.25,6.4,32.17
27.034,0.408,2643.052,456.9,0.262,0.003,62.34,43.166,0,0.554,0.392,0.033,0.128,0.554,0.102,0.306,2.287e-4,0,0,0,0,7.052e-6,911.515,0.001,336.9,0.251,6.4,32.17
27.084,0.286,2643.052,456.9,0.262,0.003,62.389,43.166,0,0.554,0.392,0.033,0.128,0.554,0.072,0.215,-1.639e-4,0,0,0,0,1.195e-4,911.986,0.001,336.917,0.252,6.4,32.17
27.134,0.061,2643.052,456.9,0.262,0.003,62.478,43.166,0,0.554,0.392,0.034,0.128,0.554,0.015,0.046,3.846e-4,0,0,0,0,2.384e-4,912.459,0.001,336.933,0.253,6.4,32.17
27.184,0.165,2643.052,456.9,0.262,0.003,62.438,43.166,0,0.555,0.392,0.034,0.128,0.555,0.041,0.124,-4.816e-5,0,0,0,0,-1.932e-4,912.933,0.001,336.95,0.254,6.4,32.17
27.234,0.411,2643.052,456.9,0.262,0.003,62.342,43.166,0,0.555,0.392,0.034,0.128,0.555,0.103,0.309,3.269e-4,0,0,0,0,-4.833e-5,913.41,0.001,336.967,0.255,6.4,32.17
27.284,0.471,2643.052,456.9,0.262,0.003,62.32,43.166,0,0.555,0.392,0.034,0.129,0.555,0.118,0.354,2.868e-4,0,0,0,0,2.152e-5,913.888,0.001,336.984,0.256,6.4,32.17
27.334,0.365,2643.052,456.9,0.262,0.003,62.362,43.166,0,0.555,0.392,0.034,0.129,0.555,0.091,0.274,-4.094e-4,0,0,0,0,2.29e-4,914.369,0.001,337.001,0.257,6.4,32.17
27.384,0.086,2643.052,456.9,0.262,0.003,62.472,43.166,0,0.555,0.392,0.034,0.129,0.555,0.021,0.064,-2.588e-4,0,0,0,0,4.452e-4,914.851,0.001,337.018,0.258,6.4,32.17
27.434,0.158,2643.052,456.9,0.262,0.003,62.444,43.166,0,0.556,0.392,0.035,0.129,0.556,0.039,0.119,-1.843e-4,0,0,0,0,-3.873e-4,915.335,0.001,337.035,0.259,6.4,32.17
27.484,0.439,2643.052,456.9,0.262,0.003,62.335,43.166,0,0.556,0.392,0.035,0.129,0.556,0.11,0.33,-8.435e-5,0,0,0,0,-1.549e-4,915.822,0.001,337.052,0.26,6.4,32.17
27.534,0.548,2643.052,456.9,0.262,0.003,62.294,43.166,0,0.556,0.392,0.035,0.129,0.556,0.138,0.412,3.705e-5,0,0,0,0,6.15e-7,916.31,0.001,337.069,0.261,6.4,32.17
27.583,0.366,2643.052,456.9,0.262,0.003,62.365,43.166,0,0.556,0.392,0.035,0.129,0.556,0.092,0.275,4.115e-4,0,0,0,0,1.632e-4,916.792,0.001,337.086,0.262,6.4,32.17
27.633,0.029,2643.052,456.9,0.262,0.003,62.498,43.166,0,0.556,0.392,0.035,0.129,0.556,0.007,0.021,-3.807e-4,0,0,0,0,3.197e-4,917.284,0.001,337.103,0.263,6.4,32.17
27.683,0.257,2643.052,456.9,0.262,0.003,62.409,43.166,0,0.557,0.392,0.035,0.129,0.557,0.064,0.193,2.477e-5,0,0,0,0,-2.111e-4,917.778,0.001,337.121,0.264,6.4,32.17
27.733,0.416,2643.052,456.9,0.262,0.003,62.348,43.166,0,0.557,0.392,0.036,0.129,0.557,0.104,0.313,3.354e-4,0,0,0,0,-3.085e-5,918.273,0.001,337.138,0.265,6.4,32.17
27.783,0.421,2643.052,456.9,0.262,0.003,62.346,43.166,0,0.557,0.392,0.036,0.129,0.557,0.106,0.317,3.349e-4,0,0,0,0,3.141e-5,918.771,0.001,337.156,0.266,6.4,32.17
27.833,0.264,2643.052,456.9,0.262,0.003,62.408,43.166,0,0.557,0.392,0.036,0.129,0.557,0.066,0.198,9.062e-5,0,0,0,0,2.181e-4,919.271,0.001,337.174,0.267,6.4,32.17
27.883,0.032,2643.052,456.9,0.262,0.003,62.5,43.166,0,0.557,0.392,0.036,0.129,0.557,0.008,0.024,1.88e-4,0,0,0,0,-3.232e-4,919.772,0.001,337.191,0.268,6.4,32.17
27.933,0.26,2643.052,456.9,0.262,0.003,62.411,43.166,0,0.558,0.392,0.036,0.129,0.558,0.065,0.195,-2.099e-4,0,0,0,0,-1.858e-4,920.275,0.001,337.209,0.269,6.4,32.17
27.983,0.35,2643.052,456.9,0.262,0.003,62.377,43.166,0,0.558,0.392,0.036,0.129,0.558,0.088,0.263,-4.249e-4,0,0,0,0,-2.818e-5,920.78,0.001,337.227,0.27,6.4,32.17
28.033,0.324,2643.052,456.9,0.262,0.003,62.388,43.166,0,0.558,0.392,0.036,0.13,0.558,0.081,0.243,-1.481e-4,0,0,0,0,1.437e-5,921.287,0.001,337.245,0.271,6.4,32.17
28.083,0.18,2643.052,456.9,0.262,0.003,62.445,43.166,0,0.558,0.392,0.037,0.13,0.558,0.045,0.135,4.041e-4,0,0,0,0,1.138e-4,921.796,0.001,337.263,0.272,6.4,32.17
28.133,0.052,2643.052,456.9,0.262,0.003,62.496,43.166,0,0.558,0.392,0.037,0.13,0.558,0.013,0.039,-1.361e-4,0,0,0,0,-1.551e-4,922.307,0.001,337.281,0.273,6.4,32.17
28.183,0.242,2643.052,456.9,0.262,0.003,62.422,43.166,0,0.559,0.392,0.037,0.13,0.559,0.06,0.182,-3.334e-4,0,0,0,0,-6.762e-5,922.819,0.001,337.299,0.274,6.4,32.17
28.233,0.389,2643.052,456.9,0.262,0.003,62.365,43.166,0,0.559,0.392,0.037,0.13,0.559,0.098,0.293,-1.145e-4,0,0,0,0,4.526e-8,923.333,0.001,337.317,0.275,6.4,32.17
28.283,0.386,2643.052,456.9,0.262,0.003,62.367,43.166,0,0.559,0.392,0.037,0.13,0.559,0.097,0.29,4.998e-4,0,0,0,0,1.236e-4,923.849,0.001,337.335,0.276,6.4,32.17
28.333,0.138,2643.052,456.9,0.262,0.003,62.465,43.166,0,0.559,0.392,0.037,0.13,0.559,0.034,0.103,-1.06e-4,0,0,0,0,3.517e-4,924.367,0.001,337.353,0.277,6.4,32.17
28.383,0.155,2643.052,456.9,0.262,0.003,62.459,43.166,0,0.559,0.392,0.038,0.13,0.559,0.039,0.117,-3.579e-4,0,0,0,0,-3.315e-4,924.887,0.001,337.372,0.278,6.4,32.17
28.433,0.326,2643.052,456.9,0.262,0.003,62.393,43.166,0,0.56,0.392,0.038,0.13,0.56,0.082,0.245,-1.25e-4,0,0,0,0,-1.253e-4,925.408,0.001,337.39,0.279,6.4,32.17
28.483,0.349,2643.052,456.9,0.262,0.003,62.384,43.166,0,0.56,0.392,0.038,0.13,0.56,0.088,0.263,-2.164e-4,0,0,0,0,-2.659e-6,925.931,0.001,337.408,0.279,6.4,32.17
28.533,0.288,2643.052,456.9,0.262,0.003,62.409,43.166,0,0.56,0.392,0.038,0.13,0.56,0.072,0.216,5.779e-5,0,0,0,0,5.111e-5,926.456,0.001,337.427,0.28,6.4,32.17
28.583,0.102,2643.052,456.9,0.262,0.003,62.482,43.166,0,0.56,0.392,0.038,0.13,0.56,0.026,0.077,3.114e-4,0,0,0,0,1.649e-4,926.983,0.001,337.445,0.281,6.4,32.17
28.633,0.151,2643.052,456.9,0.262,0.003,62.464,43.166,0,0.56,0.392,0.038,0.13,0.56,0.038,0.113,-2.046e-4,0,0,0,0,-1.477e-4,927.512,0.001,337.464,0.282,6.4,32.17
28.683,0.322,2643.052,456.9,0.262,0.003,62.398,43.166,0,0.561,0.392,0.038,0.13,0.561,0.081,0.242,-5.119e-5,0,0,0,0,-2.724e-5,928.042,0.001,337.483,0.283,6.4,32.17
28.733,0.351,2643.052,456.9,0.262,0.003,62.387,43.166,0,0.561,0.392,0.039,0.13,0.561,0.088,0.264,-4.114e-4,0,0,0,0,2e-5,928.574,0.001,337.502,0.284,6.4,32.17
28.783,0.182,2643.052,456.9,0.262,0.003,62.454,43.166,0,0.561,0.392,0.039,0.131,0.561,0.046,0.137,-2.104e-4,0,0,0,0,1.545e-4,929.108,0.001,337.52,0.285,6.4,32.17
28.833,0.047,2643.052,456.9,0.262,0.003,62.508,43.166,0,0.561,0.392,0.039,0.131,0.561,0.012,0.035,-2.452e-4,0,0,0,0,2.258e-4,929.643,0.001,337.539,0.286,6.4,32.17
28.883,0.172,2643.052,456.9,0.262,0.003,62.459,43.166,0,0.561,0.392,0.039,0.131,0.561,0.043,0.129,2.268e-4,0,0,0,0,-1.908e-4,930.18,0.001,337.558,0.287,6.4,32.17
28.933,0.343,2643.052,456.9,0.262,0.003,62.393,43.166,0,0.562,0.392,0.039,0.131,0.562,0.086,0.258,2.416e-4,0,0,0,0,-3.621e-5,930.719,0.001,337.577,0.288,6.4,32.17
28.983,0.298,2643.052,456.9,0.262,0.003,62.411,43.166,0,0.562,0.392,0.039,0.131,0.562,0.075,0.224,2.754e-4,0,0,0,0,1.359e-5,931.26,0.001,337.596,0.288,6.4,32.17
29.033,0.107,2643.052,456.9,0.262,0.003,62.487,43.166,0,0.562,0.392,0.039,0.131,0.562,0.027,0.08,8.453e-5,0,0,0,0,9.216e-5,931.802,0.001,337.615,0.289,6.4,32.17
29.083,0.056,2643.052,456.9,0.262,0.003,62.508,43.166,0,0.562,0.392,0.04,0.131,0.562,0.014,0.042,-2.095e-4,0,0,0,0,-9.871e-5,932.347,0.001,337.635,0.29,6.4,32.17
29.133,0.179,2643.052,456.9,0.262,0.003,62.46,43.166,0,0.562,0.392,0.04,0.131,0.562,0.045,0.135,9.59e-6,0,0,0,0,-4.252e-5,932.892,0.001,337.654,0.291,6.4,32.17
29.183,0.262,2643.052,456.9,0.262,0.003,62.428,43.166,0,0.562,0.391,0.04,0.131,0.563,0.066,0.197,7.919e-5,0,0,0,0,0,933.44,0.001,337.673,0.292,6.4,32.17
29.233,0.181,2643.052,456.9,0.262,0.003,62.461,43.166,0,0.563,0.391,0.04,0.131,0.563,0.045,0.136,-3.198e-4,0,0,0,0,4.781e-5,933.989,0.001,337.692,0.293,6.4,32.17
29.283,0.066,2643.052,456.9,0.262,0.003,62.507,43.166,0,0.563,0.391,0.04,0.131,0.563,0.016,0.049,4.076e-4,0,0,0,0,1.038e-4,934.54,0.001,337.712,0.294,6.4,32.17
29.333,0.107,2643.052,456.9,0.262,0.003,62.491,43.166,0,0.563,0.391,0.04,0.131,0.563,0.027,0.081,8.877e-5,0,0,0,0,-9.782e-5,935.092,0.001,337.731,0.294,6.4,32.17
29.383,0.202,2643.052,456.9,0.262,0.003,62.455,43.166,0,0.563,0.391,0.04,0.131,0.563,0.05,0.152,-9.823e-5,0,0,0,0,-2.348e-5,935.646,0.001,337.751,0.295,6.4,32.17
29.433,0.185,2643.052,456.9,0.262,0.003,62.462,43.166,0,0.563,0.391,0.041,0.131,0.563,0.046,0.139,-4.074e-4,0,0,0,0,9.821e-7,936.202,0.001,337.77,0.296,6.4,32.17
29.483,0.13,2643.052,456.9,0.262,0.003,62.484,43.166,0,0.564,0.391,0.041,0.131,0.564,0.033,0.098,3.439e-4,0,0,0,0,3.124e-5,936.759,0.001,337.79,0.297,6.4,32.17
29.533,3.435e-4,2643.052,456.9,0.262,0.003,62.536,43.166,0,0.564,0.391,0.041,0.132,0.564,8.547e-5,5.399e-4,9.467e-5,0,0,0,0,0,937.318,0.001,337.81,0.298,6.4,32.17
29.583,0.149,2643.052,456.9,0.262,0.003,62.478,43.166,0,0.564,0.391,0.041,0.132,0.564,0.037,0.112,3.624e-4,0,0,0,0,-2.958e-5,937.879,0.001,337.83,0.299,6.4,32.17
29.633,0.199,2643.052,456.9,0.262,0.003,62.459,43.166,0,0.564,0.391,0.041,0.132,0.564,0.05,0.15,-1.315e-4,0,0,0,0,9.8e-9,938.441,0.001,337.849,0.3,6.4,32.17
29.683,0.168,2643.052,456.9,0.262,0.003,62.472,43.166,0,0.564,0.391,0.041,0.132,0.564,0.042,0.127,-4.832e-4,0,0,0,0,3.176e-5,939.005,0.001,337.869,0.3,6.4,32.17
29.733,0.049,2643.052,456.9,0.262,0.003,62.52,43.166,0,0.565,0.391,0.042,0.132,0.565,0.012,0.036,-4.721e-4,0,0,0,0,8.276e-5,939.57,0.001,337.889,0.301,6.4,32.17
29.783,0.039,2643.052,456.9,0.262,0.003,62.524,43.166,0,0.565,0.391,0.042,0.132,0.565,0.01,0.029,-2.227e-4,0,0,0,0,-7.833e-5,940.137,0.001,337.909,0.302,6.4,32.17
29.833,0.133,2643.052,456.9,0.262,0.003,62.488,43.166,0,0.565,0.391,0.042,0.132,0.565,0.033,0.1,-3.588e-4,0,0,0,0,-4.154e-5,940.706,0.001,337.929,0.303,6.4,32.17
29.883,0.174,2643.052,456.9,0.262,0.003,62.472,43.166,0,0.565,0.391,0.042,0.132,0.565,0.044,0.132,-1.016e-4,0,0,0,0,-2.276e-6,941.276,0.001,337.949,0.304,6.4,32.17
29.933,0.172,2643.052,456.9,0.262,0.003,62.474,43.166,0,0.565,0.391,0.042,0.132,0.565,0.043,0.13,4.899e-4,0,0,0,0,1.367e-5,941.848,0.001,337.97,0.304,6.4,32.17
29.983,0.066,2643.052,456.9,0.262,0.003,62.516,43.166,0,0.566,0.391,0.042,0.132,0.566,0.016,0.05,1.877e-4,0,0,0,0,5.917e-5,942.421,0.001,337.99,0.305,6.4,32.17
30.033,0.079,2643.052,456.9,0.262,0.003,62.512,43.166,0,0.566,0.391,0.042,0.132,0.566,0.02,0.06,4.718e-4,0,0,0,0,-5.446e-5,942.996,0.001,338.01,0.306,6.4,32.17
30.083,0.202,2643.052,456.9,0.262,0.003,62.464,43.166,0,0.566,0.391,0.043,0.132,0.566,0.05,0.152,1.687e-4,0,0,0,0,-9.149e-6,943.573,0.001,338.03,0.307,6.4,32.17
30.133,0.229,2643.052,456.9,0.262,0.003,62.454,43.166,0,0.566,0.391,0.043,0.132,0.566,0.057,0.172,-3.51e-4,0,0,0,0,1.536e-5,944.151,0.001,338.051,0.308,6.4,32.17
30.183,0.139,2643.052,456.9,0.262,0.003,62.49,43.166,0,0.566,0.391,0.043,0.132,0.566,0.035,0.105,-3.616e-4,0,0,0,0,9.615e-5,944.73,0.001,338.071,0.308,6.4,32.17
30.233,0.018,2643.052,456.9,0.262,0.003,62.539,43.166,0,0.567,0.391,0.043,0.132,0.567,0.005,0.014,-6.023e-5,0,0,0,0,1.461e-4,945.311,0.001,338.092,0.309,6.4,32.17
30.283,0.118,2643.052,456.9,0.262,0.003,62.5,43.166,0,0.567,0.391,0.043,0.132,0.567,0.029,0.088,-3.807e-4,0,0,0,0,-1.121e-4,945.894,0.001,338.112,0.31,6.4,32.17
30.333,0.255,2643.052,456.9,0.262,0.003,62.447,43.166,0,0.567,0.391,0.043,0.133,0.567,0.064,0.193,4.559e-4,0,0,0,0,-2.3e-5,946.478,0.001,338.133,0.311,6.4,32.17
30.383,0.234,2643.052,456.9,0.262,0.003,62.456,43.166,0,0.567,0.391,0.044,0.133,0.567,0.058,0.176,-2.94e-4,0,0,0,0,1.218e-5,947.063,0.001,338.153,0.311,6.4,32.17
30.433,0.121,2643.052,456.9,0.262,0.003,62.501,43.166,0,0.567,0.391,0.044,0.133,0.567,0.03,0.091,4.836e-4,0,0,0,0,7.99e-5,947.65,0.001,338.174,0.312,6.4,32.17
30.483,0.106,2643.052,456.9,0.262,0.003,62.507,43.166,0,0.568,0.391,0.044,0.133,0.568,0.026,0.08,3.065e-4,0,0,0,0,-9.262e-5,948.239,0.001,338.195,0.313,6.4,32.17
30.533,0.249,2643.052,456.9,0.262,0.003,62.452,43.166,0,0.568,0.391,0.044,0.133,0.568,0.062,0.188,-3.902e-4,0,0,0,0,-1.132e-5,948.829,0.001,338.216,0.314,6.4,32.17
30.583,0.244,2643.052,456.9,0.262,0.003,62.454,43.166,0,0.568,0.391,0.044,0.133,0.568,0.061,0.184,2.774e-4,0,0,0,0,2.178e-5,949.421,0.001,338.236,0.314,6.4,32.17
30.633,0.061,2643.052,456.9,0.262,0.003,62.527,43.166,0,0.568,0.391,0.044,0.133,0.568,0.015,0.046,4.921e-4,0,0,0,0,1.007e-4,950.014,0.001,338.257,0.315,6.4,32.17
30.683,0.096,2643.052,456.9,0.262,0.003,62.514,43.166,0,0.568,0.391,0.044,0.133,0.568,0.024,0.073,4.547e-4,0,0,0,0,-7.936e-5,950.608,0.001,338.278,0.316,6.4,32.17
30.733,0.217,2643.052,456.9,0.262,0.003,62.467,43.166,0,0.569,0.391,0.045,0.133,0.569,0.054,0.164,-2.26e-4,0,0,0,0,-1.604e-5,951.204,0.001,338.299,0.317,6.4,32.17
30.783,0.153,2643.052,456.9,0.262,0.003,62.493,43.166,0,0.569,0.391,0.045,0.133,0.569,0.038,0.115,-4.222e-4,0,0,0,0,7.503e-6,951.801,0.001,338.32,0.317,6.4,32.17
30.833,0.031,2643.052,456.9,0.262,0.003,62.541,43.166,0,0.569,0.391,0.045,0.133,0.569,0.008,0.024,-3.554e-4,0,0,0,0,-2.206e-5,952.4,0.001,338.342,0.318,6.4,32.17
30.883,0.159,2643.052,456.9,0.262,0.003,62.492,43.166,0,0.569,0.391,0.045,0.133,0.569,0.04,0.12,1.095e-4,0,0,0,0,-1.654e-6,953,0.001,338.363,0.319,6.4,32.17
30.933,0.185,2643.052,456.9,0.262,0.003,62.482,43.166,0,0.569,0.391,0.045,0.133,0.569,0.046,0.139,-4.58e-4,0,0,0,0,2.022e-5,953.602,0.001,338.384,0.32,6.4,32.17
30.983,0.075,2643.052,456.9,0.262,0.003,62.526,43.166,0,0.569,0.391,0.045,0.133,0.569,0.019,0.056,4.491e-4,0,0,0,0,8.237e-5,954.205,0.001,338.405,0.32,6.4,32.17
31.033,0.08,2643.052,456.9,0.262,0.003,62.525,43.166,0,0.57,0.391,0.045,0.133,0.57,0.02,0.06,-4.976e-4,0,0,0,0,-7.871e-5,954.82,0.001,338.426,0.321,6.4,32.17
31.083,0.187,2643.052,456.9,0.262,0.003,62.483,43.166,0,0.57,0.391,0.046,0.133,0.57,0.047,0.141,4.13e-5,0,0,0,0,-1.867e-5,955.456,0.001,338.448,0.322,6.4,32.17
31.133,0.164,2643.052,456.9,0.262,0.003,62.493,43.166,0,0.57,0.391,0.046,0.134,0.57,0.041,0.123,-3.471e-4,0,0,0,0,3.377e-6,956.093,0.001,338.469,0.322,6.4,32.17
31.183,0.099,2643.052,456.9,0.262,0.003,62.519,43.166,0,0.57,0.391,0.046,0.134,0.57,0.025,0.074,-1.215e-4,0,0,0,0,3.537e-5,956.732,0.001,338.491,0.323,6.4,32.17
31.233,0.008,2643.052,456.9,0.262,0.003,62.556,43.166,0,0.57,0.391,0.046,0.134,0.57,0.002,0.006,3.491e-4,0,0,0,0,6.063e-5,957.372,0.001,338.512,0.324,6.4,32.17
31.283,0.105,2643.052,456.9,0.262,0.003,62.518,43.166,0,0.571,0.391,0.046,0.134,0.571,0.026,0.079,-1.014e-4,0,0,0,0,-3.855e-5,958.014,0.001,338.534,0.325,6.4,32.17
31.333,0.194,2643.052,456.9,0.262,0.003,62.484,43.166,0,0.571,0.391,0.046,0.134,0.571,0.049,0.147,4.575e-4,0,0,0,0,-1.41e-6,958.658,0.001,338.555,0.325,6.4,32.17
31.383,0.131,2643.052,456.9,0.262,0.003,62.509,43.166,0,0.571,0.391,0.046,0.134,0.571,0.033,0.098,-2.235e-4,0,0,0,0,2.309e-5,959.302,0.001,338.577,0.326,6.4,32.17
31.433,0.007,2643.052,456.9,0.262,0.003,62.559,43.166,0,0.571,0.391,0.047,0.134,0.571,0.002,0.006,2.817e-4,0,0,0,0,4.778e-5,959.949,0.001,338.599,0.327,6.4,32.17
31.483,0.053,2643.052,456.9,0.262,0.003,62.541,43.166,0,0.571,0.391,0.047,0.134,0.571,0.013,0.041,-3.89e-4,0,0,0,0,-3.398e-5,960.596,0.001,338.62,0.327,6.4,32.17
31.533,0.078,2643.052,456.9,0.262,0.003,62.532,43.166,0,0.571,0.391,0.047,0.134,0.571,0.019,0.059,-3.659e-4,0,0,0,0,-1.306e-5,961.245,0.001,338.642,0.328,6.4,32.17
31.583,0.055,2643.052,456.9,0.262,0.003,62.542,43.166,0,0.572,0.391,0.047,0.134,0.572,0.014,0.041,5.391e-6,0,0,0,0,-1.427e-6,961.895,0.001,338.664,0.329,6.4,32.17
31.633,0.049,2643.052,456.9,0.262,0.003,62.545,43.166,0,0.572,0.391,0.047,0.134,0.572,0.012,0.037,-4.487e-4,0,0,0,0,8.642e-8,962.547,0.001,338.686,0.329,6.4,32.17
31.683,0.014,2643.052,456.9,0.262,0.003,62.559,43.166,0,0.572,0.391,0.047,0.134,0.572,0.004,0.011,4.302e-5,0,0,0,0,-1.623e-6,963.2,0.001,338.708,0.33,6.4,32.17
31.733,0.113,2643.052,456.9,0.262,0.003,62.521,43.166,0,0.572,0.391,0.047,0.134,0.572,0.028,0.085,1.545e-4,0,0,0,0,8.008e-7,963.855,0.001,338.73,0.331,6.4,32.17
31.783,0.059,2643.052,456.9,0.262,0.003,62.542,43.166,0,0.572,0.391,0.048,0.134,0.572,0.015,0.044,-3.425e-4,0,0,0,0,2.068e-5,964.511,0.001,338.752,0.331,6.4,32.17
31.833,0.021,2643.052,456.9,0.262,0.003,62.558,43.166,0,0.572,0.39,0.048,0.134,0.572,0.005,0.016,1.54e-4,0,0,0,0,-2.351e-5,965.168,0.001,338.774,0.332,6.4,32.17
31.883,0.113,2643.052,456.9,0.262,0.003,62.522,43.166,0,0.573,0.39,0.048,0.134,0.573,0.028,0.085,-1.031e-4,0,0,0,0,-7.796e-6,965.826,0.001,338.796,0.333,6.4,32.17
31.933,0.128,2643.052,456.9,0.262,0.003,62.517,43.166,0,0.573,0.39,0.048,0.134,0.573,0.032,0.096,4.992e-4,0,0,0,0,3.136e-6,966.486,0.001,338.818,0.333,6.4,32.17
31.983,0.048,2643.052,456.9,0.262,0.003,62.549,43.166,0,0.573,0.39,0.048,0.134,0.573,0.012,0.036,-4.166e-4,0,0,0,0,2.424e-5,967.148,0.001,338.841,0.334,6.4,32.17
32.033,0.077,2643.052,456.9,0.262,0.003,62.538,43.166,0,0.573,0.39,0.048,0.135,0.573,0.019,0.058,-3.283e-4,0,0,0,0,-2.02e-5,967.81,0.001,338.863,0.335,6.4,32.17
32.083,0.115,2643.052,456.9,0.262,0.003,62.524,43.166,0,0.573,0.39,0.048,0.135,0.573,0.029,0.087,-1.336e-4,0,0,0,0,-4.877e-7,968.474,0.001,338.885,0.335,6.4,32.17
32.133,0.128,2643.052,456.9,0.262,0.003,62.519,43.166,0,0.574,0.39,0.048,0.135,0.574,0.032,0.096,1.24e-4,0,0,0,0,1.065e-5,969.139,0.001,338.907,0.336,6.4,32.17
32.183,0.052,2643.052,456.9,0.262,0.003,62.55,43.166,0,0.574,0.39,0.049,0.135,0.574,0.013,0.039,1.707e-4,0,0,0,0,4.654e-5,969.806,0.001,338.93,0.336,6.4,32.17
32.233,0.083,2643.052,456.9,0.262,0.003,62.538,43.166,0,0.574,0.39,0.049,0.135,0.574,0.021,0.063,3.626e-4,0,0,0,0,-3.917e-5,970.474,0.001,338.952,0.337,6.4,32.17
32.283,0.16,2643.052,456.9,0.262,0.003,62.509,43.166,0,0.574,0.39,0.049,0.135,0.574,0.04,0.121,3.966e-5,0,0,0,0,-3.015e-6,971.143,0.001,338.975,0.338,6.4,32.17
32.333,0.161,2643.052,456.9,0.262,0.003,62.509,43.166,0,0.574,0.39,0.049,0.135,0.574,0.04,0.123,1.753e-4,0,0,0,0,1.6e-5,971.813,0.001,338.997,0.338,6.4,32.17
32.383,0.036,2643.052,456.9,0.262,0.003,62.559,43.166,0,0.574,0.39,0.049,0.135,0.574,0.009,0.027,3.718e-4,0,0,0,0,6.198e-5,972.485,0.001,339.02,0.339,6.4,32.17
32.433,0.149,2643.052,456.9,0.262,0.003,62.515,43.166,0,0.575,0.39,0.049,0.135,0.575,0.037,0.112,-4.972e-4,0,0,0,0,-3.448e-5,973.158,0.001,339.042,0.34,6.4,32.17
32.483,0.191,2643.052,456.9,0.262,0.003,62.499,43.166,0,0.575,0.39,0.049,0.135,0.575,0.048,0.145,-4.471e-4,0,0,0,0,6.27e-7,973.832,0.001,339.065,0.34,6.4,32.17
32.533,0.131,2643.052,456.9,0.262,0.003,62.523,43.166,0,0.575,0.39,0.049,0.135,0.575,0.033,0.099,4.56e-4,0,0,0,0,4.172e-5,974.508,0.001,339.088,0.341,6.4,32.17
32.583,0.049,2643.052,456.9,0.262,0.003,62.556,43.166,0,0.575,0.39,0.05,0.135,0.575,0.012,0.037,-1.765e-5,0,0,0,0,-7.002e-5,975.185,0.001,339.11,0.341,6.4,32.17
32.633,0.159,2643.052,456.9,0.262,0.003,62.513,43.166,0,0.575,0.39,0.05,0.135,0.575,0.04,0.12,-2.375e-5,0,0,0,0,-1.606e-5,975.863,0.001,339.133,0.342,6.4,32.17
32.683,0.135,2643.052,456.9,0.262,0.003,62.523,43.166,0,0.575,0.39,0.05,0.135,0.575,0.034,0.103,4.936e-4,0,0,0,0,2.205e-6,976.542,0.001,339.156,0.343,6.4,32.17
32.733,0.051,2643.052,456.9,0.262,0.003,62.557,43.166,0,0.575,0.39,0.05,0.135,0.575,0.013,0.039,-3.585e-4,0,0,0,0,2.291e-5,977.222,0.001,339.179,0.343,6.4,32.17
32.783,0.055,2643.052,456.9,0.262,0.003,62.556,43.166,0,0.576,0.39,0.05,0.135,0.576,0.014,0.042,1.699e-4,0,0,0,0,-2.215e-5,977.904,0.001,339.202,0.344,6.4,32.17
32.833,0.096,2643.052,456.9,0.262,0.003,62.54,43.166,0,0.576,0.39,0.05,0.135,0.576,0.024,0.073,1.161e-4,0,0,0,0,-2.728e-6,978.587,0.001,339.225,0.344,6.4,32.17
32.883,0.108,2643.052,456.9,0.262,0.003,62.536,43.166,0,0.576,0.39,0.05,0.135,0.576,0.027,0.082,5.376e-5,0,0,0,0,3.544e-6,979.271,0.001,339.248,0.345,6.4,32.17
32.933,0.057,2643.052,456.9,0.262,0.003,62.557,43.166,0,0.576,0.39,0.05,0.136,0.576,0.014,0.042,-2.545e-4,0,0,0,0,2.624e-5,979.956,0.001,339.271,0.346,6.4,32.17
32.983,0.054,2643.052,456.9,0.262,0.003,62.559,43.166,0,0.576,0.39,0.051,0.136,0.576,0.013,0.041,2.518e-4,0,0,0,0,-2.736e-5,980.643,0.001,339.294,0.346,6.4,32.17
33.033,0.058,2643.052,456.9,0.262,0.003,62.558,43.166,0,0.576,0.39,0.051,0.136,0.576,0.014,0.044,-2.046e-4,0,0,0,0,-6.598e-6,981.33,0.001,339.317,0.347,6.4,32.17
33.083,0.018,2643.052,456.9,0.262,0.003,62.574,43.166,0,0.577,0.39,0.051,0.136,0.577,0.004,0.013,-6.674e-5,0,0,0,0,-1.799e-6,982.019,0.001,339.34,0.347,6.4,32.17
33.133,0.055,2643.052,456.9,0.262,0.003,62.56,43.166,0,0.577,0.39,0.051,0.136,0.577,0.014,0.042,-1.644e-4,0,0,0,0,-1.87e-7,982.709,0.001,339.363,0.348,6.4,32.17
33.183,0.015,2643.052,456.9,0.262,0.003,62.576,43.166,0,0.577,0.39,0.051,0.136,0.577,0.004,0.011,-2.762e-4,0,0,0,0,2.13e-6,983.4,0.001,339.386,0.348,6.4,32.17
33.233,0.01,2643.052,456.9,0.262,0.003,62.579,43.166,0,0.577,0.39,0.051,0.136,0.577,0.002,0.007,-2.322e-4,0,0,0,0,-1.222e-6,984.092,0.001,339.41,0.349,6.4,32.17
33.283,0.022,2643.052,456.9,0.262,0.003,62.574,43.166,0,0.577,0.39,0.051,0.136,0.577,0.006,0.017,-6.775e-6,0,0,0,0,-4.637e-7,984.786,0.001,339.433,0.349,6.4,32.17
33.333,0.046,2643.052,456.9,0.262,0.003,62.566,43.166,0,0.577,0.39,0.051,0.136,0.577,0.011,0.035,-8.5e-7,0,0,0,0,2.97e-7,985.481,0.001,339.456,0.35,6.4,32.17
33.383,0.027,2643.052,456.9,0.262,0.003,62.574,43.166,0,0.577,0.39,0.052,0.136,0.577,0.007,0.02,-4.618e-4,0,0,0,0,4.288e-6,986.176,0.001,339.48,0.35,6.4,32.17
33.433,0.057,2643.052,456.9,0.262,0.003,62.562,43.166,0,0.578,0.39,0.052,0.136,0.578,0.014,0.043,2.586e-4,0,0,0,0,9.94e-6,986.873,0.001,339.503,0.351,6.4,32.17
33.483,0.019,2643.052,456.9,0.262,0.003,62.578,43.166,0,0.578,0.39,0.052,0.136,0.578,0.005,0.014,1.593e-4,0,0,0,0,2.589e-5,987.571,0.001,339.526,0.352,6.4,32.17
33.533,0.076,2643.052,456.9,0.262,0.003,62.556,43.166,0,0.578,0.39,0.052,0.136,0.578,0.019,0.057,-4.405e-4,0,0,0,0,-1.629e-5,988.27,0.001,339.55,0.352,6.4,32.17
33.583,0.119,2643.052,456.9,0.262,0.003,62.539,43.166,0,0.578,0.39,0.052,0.136,0.578,0.03,0.09,-3.676e-4,0,0,0,0,-3.245e-8,988.97,0.001,339.573,0.353,6.4,32.17
33.633,0.06,2643.052,456.9,0.262,0.003,62.563,43.166,0,0.578,0.39,0.052,0.136,0.578,0.015,0.046,-1.947e-4,0,0,0,0,1.196e-5,989.672,0.001,339.597,0.353,6.4,32.17
33.683,0.047,2643.052,456.9,0.262,0.003,62.569,43.166,0,0.578,0.39,0.052,0.136,0.578,0.012,0.036,-4.25e-4,0,0,0,0,-1.367e-5,990.374,0.001,339.621,0.354,6.4,32.17
33.733,0.125,2643.052,456.9,0.262,0.003,62.538,43.166,0,0.579,0.39,0.052,0.136,0.579,0.031,0.096,-4.589e-4,0,0,0,0,-1.002e-7,991.078,0.001,339.644,0.354,6.4,32.17
33.783,0.062,2643.052,456.9,0.262,0.003,62.564,43.166,0,0.579,0.39,0.053,0.136,0.579,0.015,0.046,-2.931e-4,0,0,0,0,1.432e-5,991.782,0.001,339.668,0.355,6.4,32.17
33.833,0.034,2643.052,456.9,0.262,0.003,62.576,43.166,0,0.579,0.39,0.053,0.136,0.579,0.008,0.026,3.486e-4,0,0,0,0,-1.633e-5,992.488,0.001,339.692,0.355,6.4,32.17
33.883,0.067,2643.052,456.9,0.262,0.003,62.563,43.166,0,0.579,0.39,0.053,0.136,0.579,0.017,0.051,5.037e-6,0,0,0,0,-3.666e-6,993.194,0.001,339.715,0.356,6.4,32.17
33.933,0.056,2643.052,456.9,0.262,0.003,62.568,43.166,0,0.579,0.39,0.053,0.136,0.579,0.014,0.042,3.862e-4,0,0,0,0,2.037e-7,993.902,0.001,339.739,0.356,6.4,32.17
33.983,0.044,2643.052,456.9,0.262,0.003,62.573,43.166,0,0.579,0.39,0.053,0.137,0.579,0.011,0.033,2.537e-4,0,0,0,0,4.904e-6,994.611,0.001,339.763,0.357,6.4,32.17
34.033,0.042,2643.052,456.9,0.262,0.003,62.574,43.166,0,0.579,0.39,0.053,0.137,0.579,0.01,0.032,-4.267e-4,0,0,0,0,-7.156e-6,995.321,0.001,339.787,0.357,6.4,32.17
34.083,0.107,2643.052,456.9,0.262,0.003,62.549,43.166,0,0.58,0.39,0.053,0.137,0.58,0.027,0.081,4.885e-4,0,0,0,0,2.146e-7,996.032,0.001,339.811,0.358,6.4,32.17
34.133,0.058,2643.052,456.9,0.262,0.003,62.569,43.166,0,0.58,0.39,0.053,0.137,0.58,0.015,0.044,-8.036e-5,0,0,0,0,1.587e-5,996.744,0.001,339.835,0.358,6.4,32.17
34.183,0.054,2643.052,456.9,0.262,0.003,62.571,43.166,0,0.58,0.39,0.053,0.137,0.58,0.013,0.041,-1.649e-4,0,0,0,0,-1.704e-5,997.456,0.001,339.858,0.359,6.4,32.17
34.233,0.141,2643.052,456.9,0.262,0.003,62.537,43.166,0,0.58,0.39,0.054,0.137,0.58,0.035,0.106,4.987e-4,0,0,0,0,-5.931e-8,998.17,0.001,339.882,0.359,6.4,32.17
34.283,0.067,2643.052,456.9,0.262,0.003,62.567,43.166,0,0.58,0.39,0.054,0.137,0.58,0.017,0.051,2.425e-4,0,0,0,0,1.967e-5,998.885,0.001,339.906,0.36,6.4,32.17
34.333,0.042,2643.052,456.9,0.262,0.003,62.577,43.166,0,0.58,0.39,0.054,0.137,0.58,0.011,0.032,-4.344e-4,0,0,0,0,-2.106e-5,999.601,0.001,339.931,0.36,6.4,32.17
34.383,0.091,2643.052,456.9,0.262,0.003,62.559,43.166,0,0.581,0.39,0.054,0.137,0.581,0.023,0.069,-3.889e-4,0,0,0,0,-3.378e-6,1000.318,0.001,339.955,0.361,6.4,32.17
34.433,0.133,2643.052,456.9,0.262,0.003,62.542,43.166,0,0.581,0.39,0.054,0.137,0.581,0.033,0.101,3.2e-4,0,0,0,0,5.085e-6,1001.036,0.001,339.979,0.361,6.4,32.17
34.483,0.078,2643.052,456.9,0.262,0.003,62.565,43.166,0,0.581,0.39,0.054,0.137,0.581,0.019,0.059,-1.85e-4,0,0,0,0,4.609e-5,1001.755,0.001,340.003,0.361,6.4,32.17
34.533,0.073,2643.052,456.9,0.262,0.003,62.567,43.166,0,0.581,0.39,0.054,0.137,0.581,0.018,0.056,-1.87e-4,0,0,0,0,-4.935e-5,1002.475,0.001,340.027,0.362,6.4,32.17
34.583,0.211,2643.052,456.9,0.262,0.003,62.513,43.166,0,0.581,0.39,0.054,0.137,0.581,0.053,0.16,1.187e-4,0,0,0,0,-1.947e-6,1003.196,0.001,340.051,0.362,6.4,32.17
34.633,0.146,2643.052,456.9,0.262,0.003,62.539,43.166,0,0.581,0.39,0.054,0.137,0.581,0.037,0.111,4.988e-4,0,0,0,0,4.079e-5,1003.918,0.001,340.075,0.363,6.4,32.17
34.683,0.036,2643.052,456.9,0.262,0.003,62.583,43.166,0,0.581,0.39,0.055,0.137,0.581,0.009,0.027,4.887e-4,0,0,0,0,-7.151e-5,1004.64,0.001,340.1,0.363,6.4,32.17
34.733,0.14,2643.052,456.9,0.262,0.003,62.542,43.166,0,0.581,0.39,0.055,0.137,0.582,0.035,0.106,-6.88e-5,0,0,0,0,-2.045e-5,1005.364,0.001,340.124,0.364,6.4,32.17
34.783,0.144,2643.052,456.9,0.262,0.003,62.541,43.166,0,0.582,0.39,0.055,0.137,0.582,0.036,0.11,2.995e-4,0,0,0,0,1.356e-6,1006.089,0.001,340.148,0.364,6.4,32.17
34.833,0.117,2643.052,456.9,0.262,0.003,62.553,43.166,0,0.582,0.39,0.055,0.137,0.582,0.029,0.088,1.039e-4,0,0,0,0,3.701e-5,1006.814,0.001,340.173,0.365,6.4,32.17
34.883,0.051,2643.052,456.9,0.262,0.003,62.579,43.166,0,0.582,0.39,0.055,0.137,0.582,0.013,0.039,-6.608e-5,0,0,0,0,-6.527e-5,1007.541,0.001,340.197,0.365,6.4,32.17
34.933,0.203,2643.052,456.9,0.262,0.003,62.519,43.166,0,0.582,0.39,0.055,0.137,0.582,0.051,0.154,-6.393e-5,0,0,0,0,-6.92e-6,1008.268,0.001,340.222,0.365,6.4,32.17
34.983,0.119,2643.052,456.9,0.262,0.003,62.553,43.166,0,0.582,0.39,0.055,0.137,0.582,0.03,0.091,-2.217e-4,0,0,0,0,2.174e-5,1008.997,0.001,340.246,0.366,6.4,32.17
35.033,0.072,2643.052,456.9,0.262,0.003,62.572,43.166,0,0.582,0.39,0.055,0.137,0.582,0.018,0.055,4.021e-4,0,0,0,0,-2.994e-5,1009.726,0.001,340.271,0.366,6.4,32.17
35.083,0.183,2643.052,456.9,0.262,0.003,62.529,43.166,0,0.582,0.39,0.055,0.137,0.582,0.046,0.138,1.121e-4,0,0,0,0,0,1010.456,0.001,340.295,0.367,6.4,32.17
35.133,0.119,2643.052,456.9,0.262,0.003,62.554,43.166,0,0.583,0.39,0.055,0.138,0.583,0.03,0.091,-1.943e-4,0,0,0,0,4.258e-5,1011.187,0.001,340.32,0.367,6.4,32.17
35.183,0.059,2643.052,456.9,0.262,0.003,62.578,43.166,0,0.583,0.39,0.056,0.138,0.583,0.015,0.045,3.916e-4,0,0,0,0,-6.159e-5,1011.919,0.001,340.344,0.368,6.4,32.17
35.233,0.235,2643.052,456.9,0.262,0.003,62.509,43.166,0,0.583,0.389,0.056,0.138,0.583,0.059,0.179,-3.008e-4,0,0,0,0,-3.73e-6,1012.652,0.001,340.369,0.368,6.4,32.17
35.283,0.145,2643.052,456.9,0.262,0.003,62.545,43.166,0,0.583,0.389,0.056,0.138,0.583,0.036,0.11,4.291e-4,0,0,0,0,4.779e-5,1013.25,0.001,340.389,0.368,6.4,32.17
