# Time (s),Angle of attack (°),Mass (g),Motor mass (g),Longitudinal moment of inertia (kg·m²),Rotational moment of inertia (kg·m²),CP location (cm),CG location (cm),Thrust (N),Drag coefficient (​),Friction drag coefficient (​),Pressure drag coefficient (​),Base drag coefficient (​),Axial drag coefficient (​),Normal force coefficient (​),Pitch moment coefficient (​),Yaw moment coefficient (​),Side force coefficient (​),Roll moment coefficient (​),Roll forcing coefficient (​),Roll damping coefficient (​),Pitch damping coefficient (​),Air pressure (mbar),Air density (g/cm³),Speed of sound (m/s),Mach number (​),Reference length (cm),Reference area (cm²)
0,90,2993.163,807,0.302,0.003,NaN,47.264,0,0.705,0.568,0.017,0.12,0,NaN,NaN,NaN,NaN,NaN,NaN,NaN,NaN,1013.25,0.001,340.389,0.007,6.4,32.17
0.01,89.371,2992.414,806.251,0.302,0.003,NaN,47.257,64.111,0.705,0.568,0.017,0.12,2.333e-6,NaN,NaN,NaN,NaN,NaN,NaN,NaN,NaN,1013.25,0.001,340.389,0.007,6.4,32.17
0.02,83.856,2991.665,805.502,0.302,0.003,NaN,47.249,128.222,0.705,0.568,0.017,0.12,0.002,NaN,NaN,NaN,NaN,NaN,NaN,NaN,NaN,1013.25,0.001,340.389,0.007,6.4,32.17
0.03,73.393,2990.916,804.753,0.302,0.003,NaN,47.241,192.334,0.7,0.564,0.017,0.12,0.036,NaN,NaN,NaN,NaN,NaN,NaN,NaN,NaN,1013.249,0.001,340.389,0.007,6.4,32.17
0.042,56.868,2990.017,803.854,0.301,0.003,NaN,47.232,269.267,0.683,0.546,0.017,0.12,0.219,NaN,NaN,NaN,NaN,NaN,NaN,NaN,NaN,1013.248,0.001,340.389,0.008,6.4,32.17
0.045,52.776,2989.617,803.454,0.301,0.003,NaN,47.228,326.466,0.677,0.54,0.017,0.12,0.288,NaN,NaN,NaN,NaN,NaN,NaN,NaN,NaN,1013.247,0.001,340.389,0.008,6.4,32.17
0.048,47.388,2989.036,802.872,0.301,0.003,NaN,47.222,311.56,0.667,0.53,0.017,0.12,0.388,NaN,NaN,NaN,NaN,NaN,NaN,NaN,NaN,1013.247,0.001,340.389,0.009,6.4,32.17
0.054,41.163,2988.163,802,0.301,0.003,NaN,47.213,289.2,0.653,0.516,0.017,0.12,0.507,NaN,NaN,NaN,NaN,NaN,NaN,NaN,NaN,1013.245,0.001,340.389,0.01,6.4,32.17
0.062,34.71,2986.854,800.691,0.301,0.003,NaN,47.199,255.66,0.636,0.499,0.017,0.12,0.62,NaN,NaN,NaN,NaN,NaN,NaN,NaN,NaN,1013.242,0.001,340.389,0.012,6.4,32.17
0.07,30.754,2985.662,799.499,0.301,0.003,NaN,47.187,225.102,0.624,0.487,0.017,0.12,0.678,NaN,NaN,NaN,NaN,NaN,NaN,NaN,NaN,1013.239,0.001,340.389,0.013,6.4,32.17
0.08,27.051,2984.473,798.31,0.301,0.003,NaN,47.174,214.247,0.611,0.474,0.017,0.12,0.719,NaN,NaN,NaN,NaN,NaN,NaN,NaN,NaN,1013.234,0.001,340.388,0.015,6.4,32.17
0.091,24.009,2983.165,797.002,0.301,0.003,NaN,47.161,202.307,0.599,0.462,0.017,0.12,0.741,NaN,NaN,NaN,NaN,NaN,NaN,NaN,NaN,1013.228,0.001,340.388,0.017,6.4,32.17
0.101,21.779,2981.951,795.788,0.301,0.003,NaN,47.148,208.8,0.59,0.453,0.017,0.12,0.749,NaN,NaN,NaN,NaN,NaN,NaN,NaN,NaN,1013.221,0.001,340.388,0.018,6.4,32.17
0.111,19.767,2980.737,794.573,0.301,0.003,NaN,47.135,215.294,0.581,0.444,0.017,0.12,0.749,NaN,NaN,NaN,NaN,NaN,NaN,NaN,NaN,1013.214,0.001,340.388,0.02,6.4,32.17
0.121,18.018,2979.523,793.359,0.3,0.003,NaN,47.123,221.787,0.573,0.436,0.017,0.12,0.744,NaN,NaN,NaN,NaN,NaN,NaN,NaN,NaN,1013.206,0.001,340.387,0.022,6.4,32.17
0.131,16.488,2978.309,792.145,0.3,0.003,NaN,47.11,228.281,0.566,0.428,0.017,0.12,0.735,NaN,NaN,NaN,NaN,NaN,NaN,NaN,NaN,1013.198,0.001,340.387,0.023,6.4,32.17
0.14,15.269,2977.216,791.053,0.3,0.003,NaN,47.099,234.125,0.559,0.422,0.017,0.12,0.722,NaN,NaN,NaN,NaN,NaN,NaN,NaN,NaN,1013.189,0.001,340.387,0.025,6.4,32.17
0.15,14.078,2975.882,789.718,0.3,0.003,NaN,47.085,235.963,0.553,0.415,0.017,0.12,0.705,NaN,NaN,NaN,NaN,NaN,NaN,NaN,NaN,1013.179,0.001,340.387,0.027,6.4,32.17
0.16,13.1,2974.547,788.384,0.3,0.003,NaN,47.071,237.801,0.546,0.409,0.017,0.12,0.688,NaN,NaN,NaN,NaN,NaN,NaN,NaN,NaN,1013.169,0.001,340.386,0.029,6.4,32.17
0.17,12.24,2973.213,787.049,0.3,0.003,NaN,47.057,239.64,0.541,0.404,0.017,0.12,0.672,NaN,NaN,NaN,NaN,NaN,NaN,NaN,NaN,1013.157,0.001,340.386,0.031,6.4,32.17
0.18,11.502,2971.923,785.759,0.3,0.003,NaN,47.043,241.417,0.536,0.398,0.017,0.12,0.657,NaN,NaN,NaN,NaN,NaN,NaN,NaN,NaN,1013.145,0.001,340.385,0.033,6.4,32.17
0.189,10.882,2970.713,784.549,0.299,0.003,59.062,47.031,243.084,0.532,0.395,0.017,0.12,0.644,3.377,6.348,1.518e-4,0,0.35,0.35,0,0,1013.133,0.001,340.385,0.035,6.4,32.17
0.202,10.046,2968.943,782.78,0.299,0.003,59.263,47.012,245.522,0.532,0.395,0.017,0.12,0.633,3.07,5.877,-3.957e-4,0,0.35,0.35,0,4.92e-5,1013.114,0.001,340.384,0.038,6.4,32.17
0.215,9.293,2967.28,781.117,0.299,0.003,59.452,46.994,243.369,0.532,0.395,0.017,0.12,0.623,2.8,5.449,3.586e-4,0,0.35,0.35,0,1.776e-4,1013.094,0.001,340.384,0.04,6.4,32.17
0.226,8.714,2965.832,779.668,0.299,0.003,59.601,46.979,241.493,0.532,0.395,0.017,0.12,0.615,2.596,5.121,-1.962e-4,0,0.318,0.35,0.032,3.427e-4,1013.076,0.001,340.383,0.043,6.4,32.17
0.237,8.202,2964.407,778.244,0.299,0.003,59.736,46.964,239.649,0.532,0.395,0.017,0.12,0.608,2.42,4.828,1.543e-4,0,0.31,0.35,0.04,5.458e-4,1013.057,0.001,340.382,0.045,6.4,32.17
0.247,7.771,2963.087,776.924,0.299,0.003,59.853,46.95,237.94,0.532,0.395,0.017,0.12,0.602,2.274,4.583,-3.022e-4,0,0.302,0.35,0.048,7.656e-4,1013.038,0.001,340.382,0.047,6.4,32.17
0.257,7.42,2961.851,775.687,0.299,0.003,59.95,46.937,236.339,0.532,0.395,0.017,0.12,0.597,2.156,4.382,4.954e-4,0,0.294,0.35,0.056,9.961e-4,1013.02,0.001,340.381,0.049,6.4,32.17
0.266,7.12,2960.682,774.519,0.298,0.003,60.034,46.925,234.825,0.532,0.395,0.017,0.12,0.593,2.056,4.211,1.599e-4,0,0.287,0.35,0.062,0.001,1013.002,0.001,340.381,0.051,6.4,32.17
0.274,6.853,2959.57,773.406,0.298,0.003,60.109,46.913,233.385,0.532,0.395,0.017,0.12,0.589,1.969,4.058,-4.062e-4,0,0.281,0.35,0.069,0.001,1012.985,0.001,340.38,0.053,6.4,32.17
0.282,6.611,2958.506,772.342,0.298,0.003,60.179,46.902,232.007,0.533,0.395,0.017,0.12,0.586,1.89,3.919,-1.855e-4,0,0.275,0.35,0.075,0.002,1012.967,0.001,340.379,0.054,6.4,32.17
0.29,6.391,2957.483,771.319,0.298,0.003,60.243,46.891,230.683,0.533,0.395,0.017,0.12,0.583,1.819,3.793,2.449e-4,0,0.269,0.35,0.081,0.002,1012.95,0.001,340.379,0.056,6.4,32.17
0.298,6.188,2956.495,770.332,0.298,0.003,60.302,46.881,229.404,0.533,0.395,0.018,0.12,0.581,1.754,3.677,1.01e-4,0,0.263,0.35,0.087,0.002,1012.933,0.001,340.378,0.057,6.4,32.17
0.305,6.025,2955.539,769.375,0.298,0.003,60.35,46.87,228.166,0.533,0.395,0.018,0.12,0.579,1.702,3.582,-2.479e-4,0,0.258,0.35,0.092,0.002,1012.916,0.001,340.378,0.059,6.4,32.17
0.312,5.883,2954.61,768.446,0.298,0.003,60.393,46.861,226.963,0.533,0.395,0.018,0.12,0.577,1.657,3.501,1.853e-4,0,0.252,0.35,0.098,0.003,1012.899,0.001,340.377,0.06,6.4,32.17
0.319,5.748,2953.706,767.542,0.298,0.003,60.433,46.851,225.792,0.533,0.395,0.018,0.12,0.575,1.615,3.424,-4.918e-5,0,0.247,0.35,0.103,0.003,1012.882,0.001,340.377,0.062,6.4,32.17
0.326,5.621,2952.823,766.66,0.298,0.003,60.472,46.842,224.65,0.533,0.395,0.018,0.121,0.574,1.575,3.351,2.193e-4,0,0.242,0.35,0.108,0.003,1012.866,0.001,340.376,0.063,6.4,32.17
0.333,5.5,2951.96,765.797,0.298,0.003,60.509,46.832,223.532,0.533,0.395,0.018,0.121,0.572,1.537,3.282,-1.717e-4,0,0.238,0.35,0.112,0.004,1012.849,0.001,340.375,0.064,6.4,32.17
0.339,5.385,2951.115,764.952,0.297,0.003,60.544,46.824,222.438,0.533,0.395,0.018,0.121,0.571,1.501,3.215,4.475e-4,0,0.233,0.35,0.117,0.004,1012.832,0.001,340.375,0.065,6.4,32.17
0.346,5.274,2950.286,764.122,0.297,0.003,60.578,46.815,221.364,0.533,0.395,0.018,0.121,0.57,1.467,3.151,2.422e-4,0,0.228,0.35,0.122,0.004,1012.815,0.001,340.374,0.067,6.4,32.17
0.349,5.22,2949.872,763.708,0.297,0.003,60.595,46.81,220.828,0.533,0.395,0.018,0.121,0.569,1.45,3.12,-3.379e-4,0,0.226,0.35,0.124,0.004,1012.807,0.001,340.374,0.067,6.4,32.17
0.354,5.115,2949.309,763.145,0.297,0.003,60.627,46.804,220.319,0.533,0.395,0.018,0.121,0.568,1.418,3.059,2.368e-4,0,0.223,0.35,0.127,0.004,1012.794,0.001,340.374,0.068,6.4,32.17
0.36,4.975,2948.584,762.42,0.297,0.003,60.671,46.797,219.663,0.533,0.395,0.018,0.121,0.566,1.375,2.976,-4.953e-4,0,0.218,0.35,0.132,0.005,1012.777,0.001,340.373,0.069,6.4,32.17
0.366,4.839,2947.87,761.706,0.297,0.003,60.714,46.789,219.017,0.533,0.395,0.018,0.121,0.565,1.334,2.897,4.56e-4,0,0.214,0.35,0.136,0.005,1012.76,0.001,340.372,0.07,6.4,32.17
0.372,4.708,2947.165,761.001,0.297,0.003,60.755,46.781,218.38,0.533,0.395,0.018,0.121,0.563,1.294,2.82,1.168e-4,0,0.21,0.35,0.14,0.005,1012.743,0.001,340.372,0.072,6.4,32.17
0.378,4.58,2946.469,760.305,0.297,0.003,60.796,46.774,217.751,0.533,0.395,0.018,0.121,0.562,1.256,2.745,1.553e-4,0,0.206,0.35,0.144,0.006,1012.727,0.001,340.371,0.073,6.4,32.17
0.384,4.457,2945.781,759.617,0.297,0.003,60.835,46.767,217.129,0.533,0.395,0.018,0.121,0.561,1.218,2.672,-3.629e-4,0,0.202,0.35,0.148,0.006,1012.71,0.001,340.371,0.074,6.4,32.17
0.39,4.336,2945.1,758.937,0.297,0.003,60.874,46.759,216.513,0.533,0.395,0.018,0.121,0.559,1.182,2.602,3.101e-4,0,0.198,0.35,0.152,0.006,1012.692,0.001,340.37,0.075,6.4,32.17
0.395,4.219,2944.427,758.263,0.297,0.003,60.912,46.752,215.904,0.533,0.395,0.018,0.121,0.558,1.148,2.533,4.671e-5,0,0.195,0.35,0.155,0.006,1012.675,0.001,340.37,0.076,6.4,32.17
0.401,4.104,2943.759,757.596,0.297,0.003,60.949,46.745,215.3,0.534,0.395,0.018,0.121,0.557,1.114,2.465,3.227e-4,0,0.191,0.35,0.159,0.007,1012.658,0.001,340.369,0.077,6.4,32.17
0.407,3.992,2943.097,756.934,0.297,0.003,60.986,46.738,214.702,0.534,0.395,0.018,0.121,0.556,1.081,2.4,-1.379e-4,0,0.188,0.35,0.162,0.007,1012.641,0.001,340.368,0.078,6.4,32.17
0.412,3.883,2942.441,756.277,0.297,0.003,61.022,46.731,214.108,0.534,0.395,0.018,0.121,0.555,1.049,2.334,-1.738e-4,0,0.184,0.35,0.166,0.007,1012.623,0.001,340.368,0.079,6.4,32.17
0.418,3.775,2941.789,755.625,0.297,0.003,61.057,46.724,213.519,0.534,0.395,0.018,0.121,0.554,1.017,2.271,1.759e-4,0,0.181,0.35,0.169,0.007,1012.606,0.001,340.367,0.08,6.4,32.17
0.423,3.67,2941.141,754.978,0.296,0.003,61.092,46.717,212.933,0.534,0.395,0.018,0.121,0.553,0.986,2.209,8.668e-5,0,0.177,0.35,0.173,0.008,1012.588,0.001,340.367,0.081,6.4,32.17
0.429,3.566,2940.498,754.334,0.296,0.003,61.127,46.71,212.352,0.534,0.395,0.018,0.121,0.552,0.956,2.146,-4.554e-4,0,0.174,0.35,0.176,0.008,1012.57,0.001,340.366,0.082,6.4,32.17
0.434,3.464,2939.858,753.695,0.296,0.003,61.161,46.703,211.773,0.534,0.395,0.018,0.121,0.551,0.927,2.087,-4.975e-4,0,0.171,0.35,0.179,0.008,1012.553,0.001,340.365,0.083,6.4,32.17
0.439,3.363,2939.222,753.058,0.296,0.003,61.195,46.697,211.197,0.534,0.395,0.018,0.121,0.55,0.898,2.026,2.25e-4,0,0.167,0.35,0.183,0.008,1012.535,0.001,340.365,0.084,6.4,32.17
0.445,3.264,2938.588,752.425,0.296,0.003,61.229,46.69,210.625,0.534,0.395,0.018,0.121,0.549,0.87,1.967,-2.983e-4,0,0.164,0.35,0.186,0.008,1012.517,0.001,340.364,0.085,6.4,32.17
0.45,3.167,2937.957,751.794,0.296,0.003,61.262,46.683,210.054,0.534,0.395,0.018,0.121,0.549,0.842,1.909,2.572e-4,0,0.161,0.35,0.189,0.009,1012.498,0.001,340.364,0.086,6.4,32.17
0.456,3.095,2937.329,751.165,0.296,0.003,61.287,46.676,209.486,0.534,0.395,0.019,0.121,0.548,0.822,1.867,-2.633e-4,0,0.158,0.35,0.192,0.009,1012.48,0.001,340.363,0.087,6.4,32.17
0.461,3.024,2936.703,750.539,0.296,0.003,61.311,46.67,208.92,0.534,0.395,0.019,0.121,0.547,0.802,1.825,-1.038e-4,0,0.155,0.35,0.195,0.009,1012.462,0.001,340.362,0.088,6.4,32.17
0.466,2.953,2936.078,749.915,0.296,0.003,61.336,46.663,208.355,0.534,0.395,0.019,0.121,0.547,0.782,1.783,-1.232e-4,0,0.152,0.35,0.198,0.009,1012.443,0.001,340.362,0.089,6.4,32.17
0.471,2.883,2935.456,749.292,0.296,0.003,61.36,46.656,207.792,0.534,0.395,0.019,0.121,0.546,0.762,1.741,-1.094e-4,0,0.15,0.35,0.201,0.009,1012.424,0.001,340.361,0.09,6.4,32.17
0.477,2.813,2934.834,748.671,0.296,0.003,61.384,46.649,207.23,0.534,0.395,0.019,0.121,0.546,0.742,1.699,4.987e-4,0,0.147,0.35,0.203,0.01,1012.405,0.001,340.361,0.091,6.4,32.17
0.482,2.743,2934.214,748.051,0.296,0.003,61.409,46.643,206.67,0.534,0.395,0.019,0.121,0.545,0.723,1.658,1.09e-4,0,0.144,0.35,0.206,0.01,1012.386,0.001,340.36,0.092,6.4,32.17
0.487,2.673,2933.595,747.432,0.296,0.003,61.433,46.636,206.11,0.534,0.395,0.019,0.121,0.545,0.703,1.615,-4.263e-4,0,0.141,0.35,0.209,0.01,1012.367,0.001,340.359,0.093,6.4,32.17
0.493,2.604,2932.977,746.814,0.296,0.003,61.458,46.629,205.551,0.534,0.394,0.019,0.121,0.545,0.684,1.574,1.421e-5,0,0.139,0.35,0.212,0.01,1012.347,0.001,340.359,0.093,6.4,32.17
0.498,2.534,2932.359,746.196,0.296,0.003,61.482,46.623,204.992,0.534,0.394,0.019,0.121,0.544,0.665,1.533,2.537e-4,0,0.136,0.35,0.214,0.01,1012.328,0.001,340.358,0.094,6.4,32.17
0.503,2.437,2931.742,745.579,0.295,0.003,61.517,46.616,204.434,0.534,0.394,0.019,0.121,0.543,0.638,1.474,4.851e-4,0,0.133,0.35,0.217,0.01,1012.308,0.001,340.357,0.095,6.4,32.17
0.508,2.321,2931.125,744.962,0.295,0.003,61.558,46.61,203.876,0.535,0.394,0.019,0.121,0.543,0.606,1.405,5.418e-5,0,0.131,0.35,0.219,0.01,1012.288,0.001,340.357,0.096,6.4,32.17
0.514,2.205,2930.508,744.344,0.295,0.003,61.599,46.603,203.318,0.535,0.394,0.019,0.121,0.542,0.574,1.335,4.861e-4,0,0.128,0.35,0.222,0.011,1012.268,0.001,340.356,0.097,6.4,32.17
0.519,2.091,2929.89,743.727,0.295,0.003,61.64,46.596,202.759,0.535,0.394,0.019,0.121,0.541,0.543,1.266,1.349e-4,0,0.126,0.35,0.224,0.011,1012.247,0.001,340.355,0.098,6.4,32.17
0.523,1.999,2929.39,743.226,0.295,0.003,61.673,46.591,202.307,0.535,0.394,0.019,0.121,0.541,0.518,1.21,8.413e-5,0,0.124,0.35,0.226,0.011,1012.231,0.001,340.355,0.099,6.4,32.17
0.528,1.887,2928.826,742.662,0.295,0.003,61.714,46.585,201.989,0.535,0.394,0.019,0.121,0.54,0.488,1.142,1.784e-4,0,0.121,0.35,0.229,0.011,1012.21,0.001,340.354,0.1,6.4,32.17
0.534,1.775,2928.261,742.098,0.295,0.003,61.755,46.579,201.671,0.535,0.394,0.019,0.121,0.54,0.458,1.075,3.136e-4,0,0.119,0.35,0.231,0.011,1012.189,0.001,340.353,0.101,6.4,32.17
0.539,1.665,2927.696,741.533,0.295,0.003,61.795,46.573,201.352,0.535,0.394,0.019,0.121,0.539,0.428,1.007,3.662e-4,0,0.117,0.35,0.233,0.011,1012.168,0.001,340.353,0.101,6.4,32.17
0.544,1.555,2927.13,740.966,0.295,0.003,61.835,46.566,201.033,0.535,0.394,0.019,0.121,0.539,0.399,0.941,3.887e-4,0,0.115,0.35,0.236,0.011,1012.146,0.001,340.352,0.102,6.4,32.17
0.549,1.447,2926.563,740.399,0.295,0.003,61.876,46.56,200.713,0.535,0.394,0.019,0.121,0.538,0.37,0.876,-4.759e-5,0,0.112,0.35,0.238,0.011,1012.125,0.001,340.351,0.103,6.4,32.17
0.555,1.379,2925.994,739.831,0.295,0.003,61.901,46.554,200.392,0.535,0.394,0.019,0.121,0.538,0.352,0.834,-2.363e-4,0,0.11,0.35,0.24,0.01,1012.103,0.001,340.35,0.104,6.4,32.17
0.56,1.316,2925.425,739.261,0.295,0.003,61.925,46.548,200.071,0.535,0.394,0.019,0.121,0.538,0.336,0.796,-6.469e-5,0,0.108,0.35,0.242,0.01,1012.081,0.001,340.35,0.105,6.4,32.17
0.565,1.253,2924.854,738.69,0.295,0.003,61.948,46.542,199.749,0.535,0.394,0.019,0.121,0.538,0.319,0.758,-4.599e-4,0,0.106,0.35,0.244,0.01,1012.058,0.001,340.349,0.106,6.4,32.17
0.571,1.192,2924.282,738.118,0.295,0.003,61.972,46.536,199.426,0.535,0.394,0.019,0.121,0.538,0.303,0.721,3.263e-4,0,0.104,0.35,0.246,0.01,1012.036,0.001,340.348,0.107,6.4,32.17
0.576,1.131,2923.708,737.545,0.295,0.003,61.995,46.529,199.103,0.535,0.394,0.019,0.122,0.537,0.287,0.684,-2.77e-4,0,0.102,0.35,0.249,0.01,1012.013,0.001,340.347,0.108,6.4,32.17
0.581,1.07,2923.133,736.969,0.295,0.003,62.018,46.523,198.779,0.535,0.394,0.02,0.122,0.537,0.271,0.648,-4.835e-4,0,0.1,0.35,0.251,0.009,1011.99,0.001,340.347,0.109,6.4,32.17
0.587,1.011,2922.556,736.392,0.294,0.003,62.041,46.517,198.453,0.535,0.394,0.02,0.122,0.537,0.256,0.613,-1.767e-4,0,0.098,0.35,0.252,0.009,1011.966,0.001,340.346,0.11,6.4,32.17
0.592,0.953,2921.977,735.814,0.294,0.003,62.063,46.511,198.127,0.536,0.394,0.02,0.122,0.537,0.241,0.577,2.417e-4,0,0.096,0.35,0.254,0.009,1011.943,0.001,340.345,0.111,6.4,32.17
0.598,0.896,2921.397,735.233,0.294,0.003,62.085,46.504,197.799,0.536,0.394,0.02,0.122,0.537,0.226,0.543,3.088e-4,0,0.094,0.35,0.256,0.008,1011.919,0.001,340.344,0.111,6.4,32.17
0.603,0.825,2920.814,734.651,0.294,0.003,62.113,46.498,197.471,0.536,0.394,0.02,0.122,0.537,0.208,0.5,-3.565e-4,0,0.092,0.35,0.258,0.007,1011.895,0.001,340.343,0.112,6.4,32.17
0.608,0.743,2920.229,734.066,0.294,0.003,62.144,46.492,197.141,0.536,0.394,0.02,0.122,0.537,0.187,0.451,4.025e-4,0,0.09,0.35,0.26,0.006,1011.87,0.001,340.343,0.113,6.4,32.17
0.614,0.667,2919.642,733.479,0.294,0.003,62.174,46.485,196.81,0.536,0.394,0.02,0.122,0.537,0.168,0.405,-7.006e-5,0,0.088,0.35,0.262,0.005,1011.845,0.001,340.342,0.114,6.4,32.17
0.619,0.597,2919.053,732.89,0.294,0.003,62.202,46.479,196.478,0.536,0.394,0.02,0.122,0.537,0.15,0.364,-2.713e-4,0,0.087,0.35,0.264,0.004,1011.82,0.001,340.341,0.115,6.4,32.17
0.625,0.537,2918.462,732.298,0.294,0.003,62.225,46.472,196.144,0.536,0.394,0.02,0.122,0.536,0.135,0.328,1.322e-4,0,0.085,0.35,0.265,0.003,1011.795,0.001,340.34,0.116,6.4,32.17
0.63,0.489,2917.867,731.704,0.294,0.003,62.244,46.466,195.809,0.536,0.394,0.02,0.122,0.536,0.122,0.301,3.064e-4,0,0.083,0.35,0.267,0.001,1011.769,0.001,340.339,0.117,6.4,32.17
0.636,0.457,2917.27,731.107,0.294,0.003,62.257,46.459,195.473,0.536,0.394,0.02,0.122,0.537,0.114,0.283,4.598e-4,0,0.082,0.35,0.269,1.956e-4,1011.743,0.001,340.338,0.118,6.4,32.17
0.642,0.445,2916.671,730.508,0.294,0.003,62.262,46.453,195.135,0.536,0.394,0.02,0.122,0.537,0.111,0.274,3.912e-4,0,0.08,0.35,0.27,-7.06e-5,1011.717,0.001,340.337,0.119,6.4,32.17
0.647,0.452,2916.069,729.905,0.294,0.003,62.259,46.446,194.795,0.536,0.394,0.02,0.122,0.537,0.113,0.28,-2.464e-4,0,0.078,0.35,0.272,-9.08e-4,1011.69,0.001,340.337,0.12,6.4,32.17
0.653,0.476,2915.464,729.3,0.294,0.003,62.249,46.44,194.454,0.536,0.394,0.02,0.122,0.537,0.119,0.297,-3.363e-4,0,0.077,0.35,0.274,-0.002,1011.663,0.001,340.336,0.121,6.4,32.17
0.658,0.511,2914.855,728.692,0.294,0.003,62.236,46.433,194.111,0.536,0.394,0.02,0.122,0.537,0.128,0.319,-4.646e-4,0,0.075,0.35,0.275,-0.003,1011.636,0.001,340.335,0.122,6.4,32.17
0.664,0.552,2914.244,728.081,0.294,0.003,62.22,46.427,193.766,0.537,0.394,0.02,0.122,0.537,0.138,0.346,2.664e-4,0,0.074,0.35,0.277,-0.004,1011.608,0.001,340.334,0.123,6.4,32.17
0.67,0.599,2913.63,727.467,0.294,0.003,62.202,46.42,193.42,0.537,0.394,0.02,0.122,0.537,0.15,0.376,1.567e-4,0,0.072,0.35,0.278,-0.005,1011.58,0.001,340.333,0.123,6.4,32.17
0.676,0.65,2913.013,726.85,0.293,0.003,62.182,46.413,193.072,0.537,0.394,0.02,0.122,0.537,0.163,0.408,1.882e-4,0,0.071,0.35,0.28,-0.006,1011.551,0.001,340.332,0.124,6.4,32.17
0.681,0.704,2912.393,726.229,0.293,0.003,62.162,46.406,192.722,0.537,0.394,0.021,0.122,0.538,0.177,0.442,-4.562e-4,0,0.069,0.351,0.281,-0.006,1011.523,0.001,340.331,0.125,6.4,32.17
0.687,0.76,2911.769,725.606,0.293,0.003,62.14,46.4,192.37,0.537,0.394,0.021,0.122,0.538,0.191,0.477,4.959e-4,0,0.068,0.351,0.283,-0.007,1011.494,0.001,340.33,0.126,6.4,32.17
0.693,0.817,2911.142,724.979,0.293,0.003,62.119,46.393,192.017,0.537,0.394,0.021,0.122,0.538,0.206,0.514,4.138e-5,0,0.067,0.351,0.284,-0.007,1011.464,0.001,340.329,0.127,6.4,32.17
0.699,0.875,2910.512,724.349,0.293,0.003,62.097,46.386,191.661,0.537,0.394,0.021,0.122,0.538,0.221,0.549,-8.569e-5,0,0.065,0.351,0.285,-0.007,1011.434,0.001,340.328,0.128,6.4,32.17
0.705,0.936,2909.878,723.715,0.293,0.003,62.074,46.379,191.304,0.537,0.394,0.021,0.122,0.539,0.237,0.588,-1.468e-4,0,0.064,0.351,0.287,-0.007,1011.404,0.001,340.327,0.129,6.4,32.17
0.711,0.998,2909.241,723.077,0.293,0.003,62.051,46.372,190.944,0.537,0.394,0.021,0.122,0.539,0.253,0.626,2.533e-4,0,0.063,0.351,0.288,-0.007,1011.373,0.001,340.326,0.13,6.4,32.17
0.717,1.059,2908.6,722.436,0.293,0.003,62.029,46.365,190.583,0.537,0.394,0.021,0.122,0.539,0.269,0.664,-4.189e-4,0,0.061,0.351,0.289,-0.007,1011.342,0.001,340.325,0.131,6.4,32.17
0.723,1.12,2907.955,721.792,0.293,0.003,62.006,46.358,190.219,0.537,0.394,0.021,0.122,0.539,0.284,0.702,1.825e-4,0,0.06,0.351,0.291,-0.007,1011.31,0.001,340.324,0.132,6.4,32.17
0.729,1.179,2907.307,721.143,0.293,0.003,61.984,46.351,189.854,0.537,0.394,0.021,0.122,0.54,0.3,0.739,3.607e-4,0,0.059,0.351,0.292,-0.006,1011.279,0.001,340.323,0.133,6.4,32.17
0.735,1.238,2906.654,720.491,0.293,0.003,61.962,46.344,189.486,0.538,0.394,0.021,0.122,0.54,0.315,0.776,-1.455e-4,0,0.058,0.351,0.293,-0.006,1011.246,0.001,340.322,0.134,6.4,32.17
0.741,1.296,2905.998,719.834,0.293,0.003,61.941,46.336,189.116,0.538,0.394,0.021,0.122,0.54,0.331,0.811,9.586e-5,0,0.056,0.351,0.294,-0.006,1011.213,0.001,340.32,0.135,6.4,32.17
0.747,1.352,2905.338,719.174,0.293,0.003,61.921,46.329,188.743,0.538,0.394,0.021,0.122,0.541,0.345,0.847,-1.255e-4,0,0.055,0.351,0.295,-0.006,1011.18,0.001,340.319,0.136,6.4,32.17
0.753,1.4,2904.673,718.51,0.293,0.003,61.904,46.322,188.369,0.538,0.394,0.021,0.122,0.541,0.358,0.877,2.899e-4,0,0.054,0.351,0.297,-0.005,1011.146,0.001,340.318,0.137,6.4,32.17
0.76,1.442,2904.005,717.842,0.293,0.003,61.889,46.315,187.992,0.538,0.394,0.021,0.122,0.541,0.369,0.903,1.184e-4,0,0.053,0.351,0.298,-0.005,1011.112,0.001,340.317,0.138,6.4,32.17
0.766,1.481,2903.333,717.169,0.292,0.003,61.874,46.307,187.613,0.538,0.394,0.021,0.123,0.541,0.38,0.928,-2.496e-5,0,0.052,0.351,0.299,-0.005,1011.078,0.001,340.316,0.139,6.4,32.17
0.772,1.519,2902.656,716.493,0.292,0.003,61.861,46.3,187.231,0.538,0.394,0.021,0.123,0.542,0.39,0.951,-1.014e-4,0,0.051,0.351,0.3,-0.004,1011.043,0.001,340.315,0.14,6.4,32.17
0.779,1.555,2901.976,715.812,0.292,0.003,61.848,46.292,186.847,0.538,0.394,0.022,0.123,0.542,0.399,0.973,2.391e-4,0,0.05,0.351,0.301,-0.004,1011.007,0.001,340.314,0.141,6.4,32.17
0.785,1.588,2901.291,715.127,0.292,0.003,61.836,46.285,186.461,0.538,0.394,0.022,0.123,0.542,0.408,0.995,-2.327e-5,0,0.049,0.351,0.302,-0.004,1010.971,0.001,340.312,0.142,6.4,32.17
0.791,1.619,2900.602,714.438,0.292,0.003,61.825,46.277,186.072,0.538,0.394,0.022,0.123,0.542,0.416,1.015,-1.498e-4,0,0.048,0.351,0.303,-0.003,1010.935,0.001,340.311,0.143,6.4,32.17
0.798,1.648,2899.908,713.745,0.292,0.003,61.815,46.269,185.681,0.538,0.394,0.022,0.123,0.543,0.424,1.033,-7.493e-5,0,0.047,0.351,0.304,-0.003,1010.898,0.001,340.31,0.144,6.4,32.17
0.804,1.682,2899.21,713.047,0.292,0.003,61.803,46.262,185.288,0.539,0.394,0.022,0.123,0.543,0.433,1.054,4.79e-4,0,0.046,0.351,0.305,-0.003,1010.86,0.001,340.309,0.145,6.4,32.17
0.811,1.718,2898.508,712.344,0.292,0.003,61.791,46.254,184.892,0.539,0.394,0.022,0.123,0.543,0.443,1.077,3.347e-4,0,0.045,0.351,0.306,-0.002,1010.822,0.001,340.307,0.146,6.4,32.17
0.817,1.75,2897.801,711.638,0.292,0.003,61.779,46.246,184.493,0.539,0.394,0.022,0.123,0.544,0.451,1.098,1.814e-5,0,0.044,0.351,0.307,-0.002,1010.784,0.001,340.306,0.147,6.4,32.17
0.824,1.78,2897.089,710.926,0.292,0.003,61.769,46.238,184.092,0.539,0.394,0.022,0.123,0.544,0.459,1.116,3.717e-4,0,0.043,0.351,0.308,-0.002,1010.745,0.001,340.305,0.148,6.4,32.17
0.831,1.806,2896.373,710.21,0.292,0.003,61.76,46.23,183.688,0.539,0.394,0.022,0.123,0.544,0.466,1.133,-4.996e-4,0,0.042,0.351,0.309,-0.002,1010.705,0.001,340.303,0.149,6.4,32.17
0.837,1.827,2895.705,709.541,0.292,0.003,61.753,46.223,183.311,0.539,0.394,0.022,0.123,0.544,0.472,1.146,1.812e-4,0,0.042,0.351,0.309,-0.001,1010.668,0.001,340.302,0.15,6.4,32.17
0.844,1.846,2895.051,708.888,0.292,0.003,61.746,46.216,182.943,0.539,0.394,0.022,0.123,0.544,0.477,1.159,1.133e-4,0,0.041,0.351,0.31,-0.001,1010.628,0.001,340.301,0.151,6.4,32.17
0.851,1.859,2894.393,708.229,0.292,0.003,61.742,46.209,182.573,0.539,0.394,0.022,0.123,0.545,0.481,1.168,-3.612e-4,0,0.04,0.351,0.311,-8.857e-4,1010.587,0.001,340.299,0.152,6.4,32.17
0.857,1.835,2893.731,707.567,0.291,0.003,61.751,46.201,182.2,0.539,0.394,0.022,0.123,0.545,0.474,1.152,-1.877e-4,0,0.039,0.351,0.312,-7.001e-4,1010.545,0.001,340.298,0.153,6.4,32.17
0.864,1.808,2893.064,706.901,0.291,0.003,61.761,46.194,181.825,0.54,0.394,0.023,0.123,0.545,0.467,1.137,-5.053e-5,0,0.038,0.351,0.313,-5.375e-4,1010.503,0.001,340.297,0.154,6.4,32.17
0.871,1.779,2892.394,706.231,0.291,0.003,61.772,46.187,181.448,0.54,0.394,0.023,0.123,0.545,0.459,1.118,3.115e-5,0,0.038,0.351,0.313,-3.977e-4,1010.46,0.001,340.295,0.155,6.4,32.17
0.878,1.747,2891.72,705.556,0.291,0.003,61.784,46.179,181.068,0.54,0.394,0.023,0.123,0.545,0.451,1.099,-4.052e-4,0,0.037,0.351,0.314,-2.802e-4,1010.417,0.001,340.294,0.156,6.4,32.17
0.885,1.713,2891.041,704.878,0.291,0.003,61.797,46.172,180.686,0.54,0.394,0.023,0.123,0.544,0.441,1.078,-1.018e-5,0,0.036,0.351,0.315,-1.843e-4,1010.373,0.001,340.292,0.158,6.4,32.17
0.892,1.676,2890.359,704.196,0.291,0.003,61.811,46.164,180.302,0.54,0.394,0.023,0.123,0.544,0.432,1.056,1.271e-4,0,0.035,0.351,0.316,-1.094e-4,1010.329,0.001,340.291,0.159,6.4,32.17
0.899,1.637,2889.673,703.509,0.291,0.003,61.826,46.156,179.916,0.54,0.394,0.023,0.123,0.544,0.421,1.031,1.006e-4,0,0.035,0.351,0.316,-5.475e-5,1010.284,0.001,340.289,0.16,6.4,32.17
0.907,1.628,2888.982,702.819,0.291,0.003,61.83,46.149,179.527,0.54,0.394,0.023,0.123,0.544,0.419,1.026,3.116e-4,0,0.034,0.351,0.317,-1.769e-5,1010.238,0.001,340.288,0.161,6.4,32.17
0.914,1.617,2888.288,702.124,0.291,0.003,61.834,46.141,179.136,0.54,0.394,0.023,0.123,0.545,0.416,1.019,-2.843e-5,0,0.033,0.351,0.318,-9.736e-7,1010.192,0.001,340.286,0.162,6.4,32.17
0.921,1.603,2887.588,701.425,0.291,0.003,61.84,46.133,178.743,0.541,0.394,0.023,0.123,0.545,0.412,1.011,1.164e-4,0,0.033,0.351,0.318,4.976e-6,1010.145,0.001,340.285,0.163,6.4,32.17
0.928,1.584,2886.884,700.72,0.291,0.003,61.848,46.125,178.346,0.541,0.394,0.023,0.123,0.545,0.407,0.999,-4.927e-4,0,0.032,0.351,0.319,2.958e-5,1010.098,0.001,340.283,0.164,6.4,32.17
0.936,1.561,2886.175,700.012,0.291,0.003,61.857,46.118,177.947,0.541,0.394,0.023,0.124,0.545,0.401,0.986,4.971e-5,0,0.031,0.351,0.32,7.438e-5,1010.05,0.001,340.281,0.165,6.4,32.17
0.943,1.534,2885.462,699.298,0.291,0.003,61.867,46.11,177.546,0.541,0.394,0.024,0.124,0.545,0.394,0.969,-3.92e-4,0,0.031,0.351,0.32,1.387e-4,1010.001,0.001,340.28,0.166,6.4,32.17
0.95,1.502,2884.744,698.58,0.29,0.003,61.88,46.102,177.142,0.541,0.394,0.024,0.124,0.545,0.385,0.95,3.451e-4,0,0.03,0.351,0.321,2.216e-4,1009.952,0.001,340.278,0.167,6.4,32.17
0.958,1.46,2884.021,697.857,0.29,0.003,61.896,46.094,176.735,0.541,0.394,0.024,0.124,0.545,0.374,0.924,-3.412e-5,0,0.03,0.351,0.322,3.206e-4,1009.902,0.001,340.276,0.168,6.4,32.17
0.965,1.414,2883.294,697.13,0.29,0.003,61.913,46.085,176.326,0.541,0.394,0.024,0.124,0.545,0.362,0.895,4.939e-4,0,0.029,0.351,0.322,4.345e-4,1009.851,0.001,340.275,0.17,6.4,32.17
0.973,1.365,2882.562,696.399,0.29,0.003,61.932,46.077,175.914,0.541,0.394,0.024,0.124,0.544,0.349,0.864,4.59e-4,0,0.029,0.351,0.323,5.614e-4,1009.8,0.001,340.273,0.171,6.4,32.17
0.981,1.311,2881.826,695.662,0.29,0.003,61.953,46.069,175.5,0.542,0.394,0.024,0.124,0.544,0.335,0.83,-3.738e-4,0,0.028,0.351,0.323,6.989e-4,1009.748,0.001,340.271,0.172,6.4,32.17
0.988,1.253,2881.085,694.922,0.29,0.003,61.975,46.061,175.083,0.542,0.394,0.024,0.124,0.544,0.32,0.794,-3.566e-4,0,0.027,0.351,0.324,8.445e-4,1009.696,0.001,340.27,0.173,6.4,32.17
0.996,1.192,2880.34,694.177,0.29,0.003,61.998,46.053,174.663,0.542,0.394,0.024,0.124,0.544,0.304,0.756,2.383e-4,0,0.027,0.351,0.324,9.953e-4,1009.643,0.001,340.268,0.174,6.4,32.17
1.004,1.124,2879.591,693.427,0.29,0.003,62.025,46.044,174.241,0.542,0.394,0.024,0.124,0.544,0.286,0.712,-1.58e-4,0,0.026,0.351,0.325,0.001,1009.589,0.001,340.266,0.175,6.4,32.17
1.011,1.048,2878.836,692.673,0.29,0.003,62.054,46.036,173.817,0.542,0.394,0.024,0.124,0.544,0.266,0.664,-2.312e-4,0,0.026,0.351,0.325,0.001,1009.534,0.001,340.264,0.176,6.4,32.17
1.019,0.969,2878.078,691.915,0.29,0.003,62.084,46.027,173.39,0.542,0.394,0.025,0.124,0.544,0.246,0.615,3.319e-4,0,0.025,0.351,0.326,0.001,1009.479,0.001,340.262,0.177,6.4,32.17
1.027,0.887,2877.315,691.152,0.29,0.003,62.116,46.019,172.961,0.542,0.394,0.025,0.124,0.544,0.224,0.563,-4.781e-4,0,0.025,0.351,0.326,0.002,1009.423,0.001,340.26,0.179,6.4,32.17
1.035,0.804,2876.548,690.385,0.29,0.003,62.148,46.01,172.529,0.543,0.394,0.025,0.124,0.544,0.203,0.51,1.293e-4,0,0.025,0.351,0.327,0.002,1009.367,0.001,340.258,0.18,6.4,32.17
1.043,0.718,2875.777,689.613,0.289,0.003,62.182,46.002,172.095,0.543,0.394,0.025,0.124,0.544,0.181,0.455,4.382e-4,0,0.024,0.351,0.327,0.002,1009.31,0.001,340.257,0.181,6.4,32.17
1.051,0.632,2875.001,688.838,0.289,0.003,62.215,45.993,171.658,0.543,0.394,0.025,0.124,0.544,0.159,0.401,-1.287e-4,0,0.024,0.351,0.328,0.002,1009.252,0.001,340.255,0.182,6.4,32.17
1.059,0.56,2874.221,688.057,0.289,0.003,62.243,45.984,171.219,0.543,0.394,0.025,0.124,0.544,0.141,0.355,2.138e-4,0,0.023,0.351,0.328,0.002,1009.193,0.001,340.253,0.183,6.4,32.17
1.067,0.489,2873.436,687.272,0.289,0.003,62.272,45.975,170.777,0.543,0.394,0.025,0.124,0.544,0.123,0.31,2.965e-4,0,0.023,0.351,0.329,0.002,1009.134,0.001,340.251,0.184,6.4,32.17
1.075,0.421,2872.646,686.483,0.289,0.003,62.299,45.966,170.333,0.543,0.393,0.025,0.124,0.544,0.105,0.267,2.662e-4,0,0.022,0.351,0.329,0.002,1009.074,0.001,340.249,0.185,6.4,32.17
1.084,0.358,2871.851,685.688,0.289,0.003,62.324,45.958,169.886,0.543,0.393,0.025,0.125,0.544,0.089,0.227,-1.777e-4,0,0.022,0.351,0.33,0.001,1009.013,0.001,340.247,0.187,6.4,32.17
1.092,0.306,2871.052,684.888,0.289,0.003,62.345,45.949,169.436,0.544,0.393,0.026,0.125,0.544,0.076,0.194,4.867e-5,0,0.022,0.352,0.33,9.488e-4,1008.951,0.001,340.245,0.188,6.4,32.17
1.1,0.272,2870.247,684.084,0.289,0.003,62.358,45.939,168.983,0.544,0.393,0.026,0.125,0.544,0.068,0.174,-2.798e-4,0,0.021,0.352,0.33,3.527e-4,1008.889,0.001,340.242,0.189,6.4,32.17
1.109,0.245,2869.438,683.275,0.289,0.003,62.368,45.93,168.527,0.544,0.393,0.026,0.125,0.544,0.061,0.156,2.116e-4,0,0.021,0.352,0.331,4.213e-6,1008.826,0.001,340.24,0.19,6.4,32.17
1.117,0.25,2868.624,682.461,0.289,0.003,62.365,45.921,168.069,0.544,0.393,0.026,0.125,0.544,0.062,0.16,3.89e-4,0,0.02,0.352,0.331,-2.564e-4,1008.762,0.001,340.238,0.191,6.4,32.17
1.125,0.287,2867.806,681.643,0.289,0.003,62.352,45.912,167.609,0.544,0.393,0.026,0.125,0.544,0.072,0.184,1.12e-4,0,0.02,0.352,0.332,-8.47e-4,1008.698,0.001,340.236,0.192,6.4,32.17
1.134,0.342,2866.984,680.82,0.289,0.003,62.331,45.903,167.146,0.544,0.393,0.026,0.125,0.545,0.085,0.22,2.254e-4,0,0.02,0.352,0.332,-0.001,1008.632,0.001,340.234,0.194,6.4,32.17
1.143,0.408,2866.156,679.993,0.288,0.003,62.307,45.893,166.68,0.545,0.393,0.026,0.125,0.545,0.102,0.264,1.704e-4,0,0.019,0.352,0.332,-0.002,1008.566,0.001,340.232,0.195,6.4,32.17
1.151,0.477,2865.325,679.161,0.288,0.003,62.281,45.884,166.212,0.545,0.393,0.026,0.125,0.545,0.119,0.308,-4.078e-4,0,0.019,0.352,0.333,-0.002,1008.5,0.001,340.229,0.196,6.4,32.17
1.16,0.543,2864.488,678.325,0.288,0.003,62.256,45.875,165.741,0.545,0.393,0.027,0.125,0.545,0.136,0.351,-4.245e-4,0,0.019,0.352,0.333,-0.002,1008.432,0.001,340.227,0.197,6.4,32.17
1.168,0.612,2863.648,677.484,0.288,0.003,62.231,45.865,165.268,0.545,0.393,0.027,0.125,0.546,0.154,0.395,3.842e-4,0,0.018,0.352,0.333,-0.002,1008.364,0.001,340.225,0.198,6.4,32.17
1.177,0.679,2862.803,676.639,0.288,0.003,62.206,45.856,164.793,0.545,0.393,0.027,0.125,0.546,0.171,0.438,-1.637e-4,0,0.018,0.352,0.334,-0.001,1008.294,0.001,340.222,0.2,6.4,32.17
1.186,0.742,2861.954,675.79,0.288,0.003,62.183,45.846,164.315,0.545,0.393,0.027,0.125,0.546,0.187,0.479,-3.081e-4,0,0.018,0.352,0.334,-0.001,1008.225,0.001,340.22,0.201,6.4,32.17
1.195,0.802,2861.208,675.044,0.288,0.003,62.161,45.838,163.875,0.546,0.393,0.027,0.125,0.547,0.203,0.518,-3.176e-4,0,0.017,0.352,0.334,-0.001,1008.154,0.001,340.218,0.202,6.4,32.17
1.204,0.856,2860.457,674.294,0.288,0.003,62.141,45.829,163.432,0.546,0.393,0.027,0.125,0.547,0.217,0.553,6.271e-5,0,0.017,0.352,0.335,-8.959e-4,1008.083,0.001,340.215,0.203,6.4,32.17
1.213,0.904,2859.703,673.54,0.288,0.003,62.123,45.821,162.987,0.546,0.393,0.027,0.125,0.547,0.229,0.584,-1.888e-4,0,0.017,0.352,0.335,-7.26e-4,1008.01,0.001,340.213,0.204,6.4,32.17
1.222,0.945,2858.944,672.78,0.288,0.003,62.109,45.812,162.539,0.546,0.393,0.027,0.125,0.548,0.24,0.611,-1.399e-4,0,0.017,0.352,0.335,-5.658e-4,1007.937,0.001,340.21,0.205,6.4,32.17
1.231,0.98,2858.18,672.017,0.288,0.003,62.096,45.803,162.088,0.546,0.393,0.028,0.126,0.548,0.249,0.634,-1.692e-5,0,0.016,0.352,0.336,-4.195e-4,1007.863,0.001,340.208,0.207,6.4,32.17
1.24,1.008,2857.412,671.248,0.287,0.003,62.086,45.795,161.635,0.547,0.393,0.028,0.126,0.548,0.256,0.651,2.197e-4,0,0.016,0.352,0.336,-2.906e-4,1007.788,0.001,340.205,0.208,6.4,32.17
1.249,1.028,2856.639,670.475,0.287,0.003,62.079,45.786,161.179,0.547,0.393,0.028,0.126,0.548,0.261,0.665,-3.512e-5,0,0.016,0.352,0.336,-1.825e-4,1007.712,0.001,340.203,0.209,6.4,32.17
1.258,1.039,2855.861,669.698,0.287,0.003,62.076,45.777,160.72,0.547,0.393,0.028,0.126,0.549,0.264,0.672,1.039e-4,0,0.015,0.352,0.337,-9.526e-5,1007.636,0.001,340.2,0.21,6.4,32.17
1.267,1.042,2855.079,668.916,0.287,0.003,62.076,45.768,160.259,0.547,0.393,0.028,0.126,0.549,0.265,0.674,-1.801e-4,0,0.015,0.352,0.337,-3.532e-5,1007.558,0.001,340.198,0.212,6.4,32.17
1.277,1.037,2854.293,668.129,0.287,0.003,62.078,45.759,159.795,0.547,0.393,0.028,0.126,0.549,0.263,0.672,-4.617e-5,0,0.015,0.352,0.337,-4.426e-6,1007.48,0.001,340.195,0.213,6.4,32.17
1.286,1.022,2853.502,667.339,0.287,0.003,62.085,45.75,159.328,0.547,0.393,0.028,0.126,0.549,0.26,0.662,4.625e-5,0,0.015,0.352,0.337,2.977e-6,1007.4,0.001,340.192,0.214,6.4,32.17
1.295,1,2852.707,666.544,0.287,0.003,62.094,45.741,158.859,0.548,0.393,0.029,0.126,0.549,0.254,0.649,4.384e-4,0,0.014,0.352,0.338,3.038e-5,1007.32,0.001,340.19,0.215,6.4,32.17
1.305,0.971,2851.908,665.745,0.287,0.003,62.105,45.732,158.388,0.548,0.393,0.029,0.126,0.549,0.246,0.63,6.293e-5,0,0.014,0.352,0.338,8.14e-5,1007.239,0.001,340.187,0.216,6.4,32.17
1.314,0.94,2851.104,664.94,0.287,0.003,62.118,45.723,157.913,0.548,0.393,0.029,0.126,0.55,0.238,0.611,-1.979e-4,0,0.014,0.352,0.338,1.502e-4,1007.157,0.001,340.184,0.218,6.4,32.17
1.324,0.902,2850.294,664.131,0.287,0.003,62.133,45.714,157.435,0.548,0.393,0.029,0.126,0.55,0.229,0.586,-4.569e-4,0,0.014,0.352,0.339,2.367e-4,1007.074,0.001,340.181,0.219,6.4,32.17
1.334,0.86,2849.479,663.315,0.287,0.003,62.15,45.704,156.954,0.548,0.393,0.029,0.126,0.55,0.218,0.558,3.092e-4,0,0.013,0.352,0.339,3.38e-4,1006.99,0.001,340.179,0.22,6.4,32.17
1.343,0.812,2848.658,662.494,0.287,0.003,62.169,45.695,156.47,0.549,0.393,0.029,0.126,0.55,0.205,0.528,9.531e-5,0,0.013,0.352,0.339,4.505e-4,1006.905,0.001,340.176,0.221,6.4,32.17
1.353,0.754,2847.831,661.668,0.286,0.003,62.192,45.686,155.982,0.549,0.393,0.03,0.126,0.55,0.19,0.49,2.87e-4,0,0.013,0.352,0.339,5.759e-4,1006.818,0.001,340.173,0.222,6.4,32.17
1.363,0.679,2847,660.837,0.286,0.003,62.221,45.676,155.492,0.549,0.393,0.03,0.127,0.55,0.171,0.442,-2.075e-4,0,0.013,0.352,0.34,7.178e-4,1006.731,0.001,340.17,0.224,6.4,32.17
1.373,0.598,2846.164,660.001,0.286,0.003,62.253,45.667,154.999,0.549,0.393,0.03,0.127,0.55,0.15,0.389,2.655e-4,0,0.013,0.352,0.34,8.577e-4,1006.643,0.001,340.167,0.225,6.4,32.17
1.383,0.511,2845.324,659.161,0.286,0.003,62.287,45.657,154.503,0.549,0.393,0.03,0.127,0.55,0.128,0.332,4.844e-5,0,0.012,0.352,0.34,9.891e-4,1006.554,0.001,340.164,0.226,6.4,32.17
1.393,0.419,2844.48,658.316,0.286,0.003,62.323,45.647,154.005,0.55,0.393,0.03,0.127,0.55,0.105,0.272,-2.848e-4,0,0.012,0.352,0.34,0.001,1006.464,0.001,340.161,0.227,6.4,32.17
1.403,0.323,2843.631,657.467,0.286,0.003,62.362,45.638,153.504,0.55,0.393,0.03,0.127,0.55,0.081,0.21,3.416e-4,0,0.012,0.352,0.34,0.001,1006.373,0.001,340.158,0.229,6.4,32.17
1.413,0.22,2842.777,656.614,0.286,0.003,62.402,45.628,153,0.55,0.393,0.03,0.127,0.55,0.055,0.142,-1.171e-4,0,0.012,0.352,0.341,0.001,1006.281,0.001,340.155,0.23,6.4,32.17
1.423,0.119,2841.919,655.755,0.286,0.003,62.442,45.618,152.494,0.55,0.393,0.031,0.127,0.55,0.03,0.076,2.874e-4,0,0.012,0.352,0.341,0.001,1006.188,0.001,340.152,0.231,6.4,32.17
1.433,0.049,2841.056,654.892,0.286,0.003,62.469,45.608,151.985,0.551,0.393,0.031,0.127,0.551,0.012,0.032,2.246e-4,0,0.011,0.353,0.341,2.529e-5,1006.094,0.001,340.149,0.232,6.4,32.17
1.443,0.116,2840.188,654.025,0.286,0.003,62.446,45.598,151.473,0.551,0.393,0.031,0.127,0.551,0.029,0.077,-4.427e-4,0,0.011,0.353,0.341,-9.666e-4,1005.999,0.001,340.145,0.234,6.4,32.17
1.454,0.213,2839.316,653.152,0.285,0.003,62.409,45.588,150.958,0.551,0.393,0.031,0.127,0.551,0.053,0.141,-6.374e-5,0,0.011,0.353,0.342,-0.001,1005.902,0.001,340.142,0.235,6.4,32.17
1.464,0.306,2838.438,652.275,0.285,0.003,62.373,45.578,150.44,0.551,0.393,0.031,0.127,0.551,0.076,0.202,1.462e-4,0,0.011,0.353,0.342,-0.001,1005.805,0.001,340.139,0.236,6.4,32.17
1.475,0.395,2837.555,651.392,0.285,0.003,62.339,45.568,149.919,0.551,0.393,0.031,0.127,0.552,0.099,0.261,8.254e-5,0,0.011,0.353,0.342,-0.001,1005.707,0.001,340.136,0.237,6.4,32.17
1.485,0.48,2836.667,650.503,0.285,0.003,62.307,45.558,149.395,0.552,0.393,0.032,0.127,0.552,0.12,0.316,4.871e-4,0,0.01,0.353,0.342,-8.994e-4,1005.607,0.001,340.132,0.239,6.4,32.17
1.496,0.558,2835.772,649.609,0.285,0.003,62.277,45.547,148.867,0.552,0.393,0.032,0.127,0.552,0.14,0.368,-1.774e-4,0,0.01,0.353,0.342,-7.599e-4,1005.507,0.001,340.129,0.24,6.4,32.17
1.506,0.633,2834.873,648.709,0.285,0.003,62.249,45.537,148.336,0.552,0.393,0.032,0.128,0.553,0.16,0.417,-8.652e-5,0,0.01,0.353,0.343,-6.121e-4,1005.405,0.001,340.125,0.241,6.4,32.17
1.517,0.703,2833.967,647.804,0.285,0.003,62.223,45.526,147.802,0.552,0.393,0.032,0.128,0.553,0.177,0.463,2.339e-4,0,0.01,0.353,0.343,-4.643e-4,1005.302,0.001,340.122,0.242,6.4,32.17
1.528,0.763,2833.056,646.893,0.285,0.003,62.201,45.516,147.265,0.553,0.392,0.032,0.128,0.553,0.193,0.503,-3.06e-5,0,0.01,0.353,0.343,-3.243e-4,1005.198,0.001,340.118,0.244,6.4,32.17
1.539,0.812,2832.14,645.976,0.285,0.003,62.183,45.505,146.724,0.553,0.392,0.032,0.128,0.554,0.205,0.536,2.337e-4,0,0.01,0.353,0.343,-2.009e-4,1005.093,0.001,340.115,0.245,6.4,32.17
1.55,0.849,2831.218,645.054,0.285,0.003,62.17,45.495,146.18,0.553,0.392,0.033,0.128,0.554,0.215,0.56,6.735e-5,0,0.009,0.353,0.343,-1.018e-4,1004.986,0.001,340.111,0.246,6.4,32.17
1.56,0.874,2830.289,644.126,0.284,0.003,62.161,45.484,145.632,0.553,0.392,0.033,0.128,0.554,0.221,0.577,9.835e-5,0,0.009,0.353,0.344,-3.391e-5,1004.879,0.001,340.108,0.247,6.4,32.17
1.572,0.885,2829.355,643.192,0.284,0.003,62.157,45.473,145.081,0.553,0.392,0.033,0.128,0.555,0.224,0.585,-6.415e-6,0,0.009,0.353,0.344,-2.038e-6,1004.77,0.001,340.104,0.249,6.4,32.17
1.583,0.883,2828.415,642.252,0.284,0.003,62.159,45.462,144.526,0.554,0.392,0.033,0.128,0.555,0.224,0.584,7.948e-5,0,0.009,0.353,0.344,9.171e-6,1004.659,0.001,340.1,0.25,6.4,32.17
1.594,0.867,2827.469,641.305,0.284,0.003,62.166,45.451,143.968,0.554,0.392,0.033,0.128,0.555,0.22,0.573,-2.388e-4,0,0.009,0.353,0.344,5.584e-5,1004.548,0.001,340.097,0.251,6.4,32.17
1.605,0.823,2826.516,640.352,0.284,0.003,62.183,45.44,143.405,0.554,0.392,0.034,0.128,0.555,0.208,0.545,-3.811e-4,0,0.009,0.353,0.344,1.403e-4,1004.435,0.001,340.093,0.253,6.4,32.17
1.616,0.75,2825.556,639.392,0.284,0.003,62.212,45.429,142.839,0.554,0.392,0.034,0.128,0.555,0.19,0.497,3.107e-4,0,0.009,0.353,0.345,2.544e-4,1004.321,0.001,340.089,0.254,6.4,32.17
1.628,0.664,2824.587,638.424,0.284,0.003,62.245,45.418,142.268,0.555,0.392,0.034,0.128,0.555,0.168,0.441,-3.398e-4,0,0.008,0.353,0.345,3.856e-4,1004.205,0.001,340.085,0.255,6.4,32.17
1.639,0.568,2823.611,637.448,0.284,0.003,62.283,45.407,141.692,0.555,0.392,0.034,0.129,0.555,0.143,0.376,-4.414e-4,0,0.008,0.353,0.345,5.206e-4,1004.088,0.001,340.081,0.256,6.4,32.17
1.651,0.464,2822.627,636.464,0.284,0.003,62.324,45.395,141.111,0.555,0.392,0.034,0.129,0.556,0.117,0.307,-4.41e-4,0,0.008,0.353,0.345,6.439e-4,1003.969,0.001,340.077,0.258,6.4,32.17
1.663,0.372,2821.636,635.472,0.284,0.003,62.36,45.384,140.526,0.555,0.392,0.035,0.129,0.556,0.093,0.247,2.935e-4,0,0.008,0.353,0.345,7.43e-4,1003.848,0.001,340.073,0.259,6.4,32.17
1.675,0.276,2820.637,634.474,0.283,0.003,62.399,45.372,139.937,0.556,0.392,0.035,0.129,0.556,0.069,0.182,8.984e-5,0,0.008,0.353,0.345,7.976e-4,1003.726,0.001,340.069,0.26,6.4,32.17
1.681,0.223,2820.1,633.937,0.283,0.003,62.419,45.366,139.62,0.556,0.392,0.035,0.129,0.556,0.056,0.147,4.192e-4,0,0.008,0.353,0.345,7.913e-4,1003.661,0.001,340.067,0.261,6.4,32.17
1.691,0.148,2819.437,633.273,0.283,0.003,62.45,45.358,139.212,0.556,0.392,0.035,0.129,0.556,0.037,0.097,5.125e-5,0,0.008,0.353,0.346,6.679e-4,1003.562,0.001,340.064,0.262,6.4,32.17
1.703,0.08,2818.601,632.438,0.283,0.003,62.479,45.348,138.699,0.556,0.392,0.035,0.129,0.556,0.02,0.054,4.701e-5,0,0.008,0.353,0.346,3.423e-5,1003.436,0.001,340.059,0.263,6.4,32.17
1.715,0.126,2817.76,631.596,0.283,0.003,62.463,45.339,138.182,0.557,0.392,0.035,0.129,0.557,0.032,0.085,-3.138e-5,0,0.007,0.353,0.346,-5.975e-4,1003.31,0.001,340.055,0.265,6.4,32.17
1.727,0.225,2816.912,630.748,0.283,0.003,62.423,45.329,137.66,0.557,0.392,0.036,0.129,0.557,0.056,0.151,-6.628e-5,0,0.007,0.353,0.346,-7.822e-4,1003.181,0.001,340.051,0.266,6.4,32.17
1.739,0.327,2816.057,629.894,0.283,0.003,62.384,45.319,137.135,0.557,0.392,0.036,0.129,0.557,0.082,0.219,3.944e-4,0,0.007,0.353,0.346,-7.364e-4,1003.051,0.001,340.046,0.267,6.4,32.17
1.751,0.421,2815.196,629.033,0.283,0.003,62.348,45.309,136.606,0.557,0.392,0.036,0.129,0.558,0.106,0.282,-2.311e-4,0,0.007,0.353,0.346,-6.259e-4,1002.92,0.001,340.042,0.268,6.4,32.17
1.764,0.494,2814.329,628.165,0.283,0.003,62.321,45.299,136.073,0.558,0.392,0.036,0.129,0.558,0.124,0.331,3.06e-4,0,0.007,0.353,0.347,-4.914e-4,1002.786,0.001,340.037,0.27,6.4,32.17
1.776,0.555,2813.455,627.292,0.283,0.003,62.298,45.288,135.536,0.558,0.392,0.036,0.13,0.558,0.14,0.372,-1.908e-4,0,0.007,0.354,0.347,-3.535e-4,1002.652,0.001,340.033,0.271,6.4,32.17
1.789,0.602,2812.576,626.412,0.282,0.003,62.281,45.278,134.996,0.558,0.392,0.037,0.13,0.559,0.152,0.404,1.017e-4,0,0.007,0.354,0.347,-2.258e-4,1002.515,0.001,340.028,0.272,6.4,32.17
1.802,0.637,2811.69,625.527,0.282,0.003,62.268,45.268,134.451,0.559,0.392,0.037,0.13,0.559,0.161,0.428,3.598e-4,0,0.007,0.354,0.347,-1.195e-4,1002.377,0.001,340.024,0.274,6.4,32.17
1.815,0.674,2810.798,624.634,0.282,0.003,62.255,45.257,133.903,0.559,0.392,0.037,0.13,0.56,0.17,0.452,-3.064e-4,0,0.006,0.354,0.347,-4.2e-5,1002.237,0.001,340.019,0.275,6.4,32.17
1.828,0.692,2809.897,623.734,0.282,0.003,62.249,45.247,133.349,0.559,0.392,0.037,0.13,0.56,0.175,0.465,-3.954e-4,0,0.006,0.354,0.347,-3.218e-6,1002.096,0.001,340.014,0.276,6.4,32.17
1.841,0.691,2808.989,622.826,0.282,0.003,62.251,45.236,132.791,0.559,0.392,0.038,0.13,0.56,0.175,0.464,1.987e-4,0,0.006,0.354,0.347,8.993e-6,1001.952,0.001,340.009,0.278,6.4,32.17
1.854,0.662,2808.073,621.909,0.282,0.003,62.263,45.225,132.228,0.56,0.392,0.038,0.13,0.56,0.167,0.445,2.833e-4,0,0.006,0.354,0.348,5.945e-5,1001.807,0.001,340.005,0.279,6.4,32.17
1.867,0.595,2807.149,620.986,0.282,0.003,62.29,45.214,131.661,0.56,0.392,0.038,0.13,0.561,0.15,0.399,-2.722e-4,0,0.006,0.354,0.348,1.444e-4,1001.66,0.001,340,0.28,6.4,32.17
1.88,0.511,2806.22,620.057,0.282,0.003,62.323,45.203,131.09,0.56,0.392,0.038,0.13,0.561,0.129,0.344,-2.838e-4,0,0.006,0.354,0.348,2.501e-4,1001.511,0.001,339.995,0.281,6.4,32.17
1.894,0.415,2805.285,619.121,0.282,0.003,62.362,45.192,130.515,0.56,0.392,0.038,0.13,0.561,0.104,0.279,-2.289e-4,0,0.006,0.354,0.348,3.605e-4,1001.36,0.001,339.99,0.283,6.4,32.17
1.907,0.31,2804.342,618.179,0.282,0.003,62.403,45.181,129.935,0.561,0.392,0.039,0.13,0.561,0.078,0.209,-3.23e-4,0,0.006,0.354,0.348,4.606e-4,1001.208,0.001,339.984,0.284,6.4,32.17
1.921,0.2,2803.393,617.23,0.281,0.003,62.448,45.17,129.352,0.561,0.392,0.039,0.131,0.561,0.05,0.134,-3.172e-4,0,0.006,0.354,0.348,5.372e-4,1001.053,0.001,339.979,0.285,6.4,32.17
1.935,0.085,2802.436,616.272,0.281,0.003,62.494,45.159,128.764,0.561,0.392,0.039,0.131,0.561,0.021,0.056,-3.873e-4,0,0.006,0.354,0.348,5.782e-4,1000.897,0.001,339.974,0.287,6.4,32.17
1.949,0.031,2801.471,615.307,0.281,0.003,62.517,45.147,128.17,0.562,0.392,0.039,0.131,0.562,0.008,0.021,-2.376e-4,0,0.005,0.354,0.349,-5.823e-4,1000.739,0.001,339.969,0.288,6.4,32.17
1.963,0.14,2800.497,614.334,0.281,0.003,62.475,45.136,127.572,0.562,0.392,0.039,0.131,0.562,0.035,0.095,-2.879e-4,0,0.005,0.354,0.349,-5.44e-4,1000.578,0.001,339.963,0.289,6.4,32.17
1.977,0.243,2799.515,613.352,0.281,0.003,62.436,45.124,126.969,0.562,0.392,0.04,0.131,0.562,0.061,0.165,4.336e-4,0,0.005,0.354,0.349,-4.704e-4,1000.416,0.001,339.958,0.291,6.4,32.17
1.991,0.336,2798.524,612.361,0.281,0.003,62.401,45.113,126.36,0.563,0.391,0.04,0.131,0.563,0.084,0.228,3.207e-4,0,0.005,0.354,0.349,-3.708e-4,1000.251,0.001,339.952,0.292,6.4,32.17
2.005,0.417,2797.524,611.361,0.281,0.003,62.37,45.101,125.745,0.563,0.391,0.04,0.131,0.563,0.105,0.283,2.189e-5,0,0.005,0.354,0.349,-2.575e-4,1000.084,0.001,339.947,0.293,6.4,32.17
2.02,0.484,2796.515,610.352,0.281,0.003,62.345,45.089,125.125,0.563,0.391,0.04,0.131,0.564,0.122,0.329,2.044e-4,0,0.005,0.354,0.349,-1.457e-4,999.915,0.001,339.941,0.295,6.4,32.17
2.034,0.53,2795.498,609.335,0.281,0.003,62.329,45.077,124.5,0.563,0.391,0.041,0.131,0.564,0.134,0.361,-3.716e-4,0,0.005,0.354,0.349,-5.75e-5,999.743,0.001,339.935,0.296,6.4,32.17
2.049,0.553,2794.473,608.309,0.28,0.003,62.322,45.065,123.869,0.564,0.391,0.041,0.131,0.564,0.139,0.376,1.601e-4,0,0.005,0.354,0.35,-7.627e-6,999.57,0.001,339.929,0.297,6.4,32.17
2.064,0.544,2793.438,607.274,0.28,0.003,62.326,45.052,123.233,0.564,0.391,0.041,0.132,0.565,0.137,0.37,-3.974e-4,0,0.005,0.354,0.35,3.69e-6,999.394,0.001,339.924,0.299,6.4,32.17
2.079,0.512,2792.391,606.228,0.28,0.003,62.34,45.04,122.59,0.564,0.391,0.041,0.132,0.565,0.129,0.348,4.743e-4,0,0.005,0.354,0.35,4.17e-5,999.215,0.001,339.918,0.3,6.4,32.17
2.094,0.458,2791.334,605.17,0.28,0.003,62.362,45.027,121.94,0.565,0.391,0.042,0.132,0.565,0.115,0.312,1.119e-4,0,0.005,0.354,0.35,1.135e-4,999.033,0.001,339.911,0.301,6.4,32.17
2.11,0.383,2790.265,604.101,0.28,0.003,62.392,45.015,121.283,0.565,0.391,0.042,0.132,0.565,0.096,0.261,-2.707e-4,0,0.004,0.355,0.35,2.033e-4,998.849,0.001,339.905,0.303,6.4,32.17
2.125,0.293,2789.184,603.021,0.28,0.003,62.429,45.002,120.619,0.565,0.391,0.042,0.132,0.565,0.074,0.2,3.091e-4,0,0.004,0.355,0.35,2.9e-4,998.662,0.001,339.899,0.304,6.4,32.17
2.141,0.193,2788.092,601.928,0.28,0.003,62.469,44.989,119.948,0.566,0.391,0.042,0.132,0.566,0.048,0.131,4.571e-4,0,0.004,0.355,0.35,3.456e-4,998.472,0.001,339.893,0.305,6.4,32.17
2.157,0.096,2786.987,600.824,0.28,0.003,62.507,44.976,119.269,0.566,0.391,0.043,0.132,0.566,0.024,0.065,-4.021e-4,0,0.004,0.355,0.35,2.567e-4,998.279,0.001,339.886,0.307,6.4,32.17
2.173,0.078,2785.87,599.707,0.279,0.003,62.515,44.962,118.583,0.566,0.391,0.043,0.132,0.566,0.02,0.054,1.408e-4,0,0.004,0.355,0.351,-8.309e-5,998.083,0.001,339.88,0.308,6.4,32.17
2.189,0.163,2784.74,598.577,0.279,0.003,62.485,44.949,117.888,0.567,0.391,0.043,0.132,0.567,0.041,0.112,4.952e-4,0,0.004,0.355,0.351,-2.733e-4,997.884,0.001,339.873,0.309,6.4,32.17
2.205,0.253,2783.597,597.434,0.279,0.003,62.451,44.935,117.185,0.567,0.391,0.043,0.133,0.567,0.063,0.173,6.371e-5,0,0.004,0.355,0.351,-2.518e-4,997.682,0.001,339.866,0.311,6.4,32.17
2.222,0.331,2782.441,596.277,0.279,0.003,62.421,44.921,116.475,0.567,0.391,0.044,0.133,0.568,0.083,0.227,-4.078e-4,0,0.004,0.355,0.351,-1.828e-4,997.477,0.001,339.859,0.312,6.4,32.17
2.239,0.391,2781.272,595.109,0.279,0.003,62.399,44.907,115.757,0.568,0.391,0.044,0.133,0.568,0.098,0.269,-4.937e-4,0,0.004,0.355,0.351,-1.018e-4,997.268,0.001,339.852,0.314,6.4,32.17
2.256,0.433,2780.09,593.927,0.279,0.003,62.384,44.893,115.03,0.568,0.391,0.044,0.133,0.568,0.109,0.297,1.12e-4,0,0.004,0.355,0.351,-3.88e-5,997.056,0.001,339.845,0.315,6.4,32.17
2.273,0.466,2778.897,592.733,0.279,0.003,62.373,44.879,114.297,0.568,0.391,0.044,0.133,0.569,0.117,0.32,-2.095e-4,0,0.004,0.355,0.351,-4.905e-6,996.841,0.001,339.838,0.316,6.4,32.17
2.29,0.477,2777.693,591.529,0.278,0.003,62.37,44.865,113.557,0.569,0.391,0.045,0.133,0.569,0.12,0.329,-4.344e-4,0,0.004,0.355,0.351,4.959e-6,996.624,0.001,339.83,0.318,6.4,32.17
2.308,0.461,2776.477,590.314,0.278,0.003,62.377,44.85,112.81,0.569,0.391,0.045,0.133,0.569,0.116,0.317,-3.279e-4,0,0.004,0.355,0.352,4.655e-5,996.403,0.001,339.823,0.319,6.4,32.17
2.325,0.415,2775.248,589.085,0.278,0.003,62.396,44.835,112.054,0.569,0.391,0.045,0.133,0.57,0.104,0.286,5.498e-6,0,0.003,0.355,0.352,1.25e-4,996.179,0.001,339.816,0.32,6.4,32.17
2.343,0.346,2774.004,587.84,0.278,0.003,62.424,44.82,111.29,0.57,0.391,0.046,0.133,0.57,0.087,0.239,-4.198e-4,0,0.003,0.355,0.352,2.206e-4,995.951,0.001,339.808,0.322,6.4,32.17
2.358,0.278,2772.965,586.801,0.278,0.003,62.452,44.808,110.651,0.57,0.391,0.046,0.134,0.57,0.07,0.192,3.765e-4,0,0.003,0.355,0.352,2.885e-4,995.76,0.001,339.801,0.323,6.4,32.17
2.376,0.189,2772.013,585.849,0.278,0.003,62.488,44.796,110.002,0.57,0.391,0.046,0.134,0.571,0.047,0.131,2.047e-4,0,0.003,0.355,0.352,3.099e-4,995.525,0.001,339.794,0.324,6.4,32.17
2.395,0.111,2771.049,584.886,0.278,0.003,62.519,44.785,109.344,0.571,0.391,0.046,0.134,0.571,0.028,0.077,4.648e-4,0,0.003,0.355,0.352,1.236e-4,995.286,0.001,339.786,0.326,6.4,32.17
2.414,0.121,2770.073,583.91,0.278,0.003,62.514,44.773,108.679,0.571,0.391,0.047,0.134,0.571,0.03,0.084,-6.833e-5,0,0.003,0.355,0.352,-1.709e-4,995.043,0.001,339.777,0.327,6.4,32.17
2.433,0.23,2769.082,582.919,0.277,0.003,62.474,44.761,108.003,0.572,0.391,0.047,0.134,0.572,0.058,0.16,-5.6e-5,0,0.003,0.355,0.352,-3.074e-4,994.795,0.001,339.769,0.328,6.4,32.17
2.452,0.338,2768.075,581.912,0.277,0.003,62.433,44.749,107.316,0.572,0.391,0.047,0.134,0.572,0.085,0.234,-3.742e-4,0,0.003,0.355,0.352,-2.293e-4,994.543,0.001,339.761,0.33,6.4,32.17
2.472,0.421,2767.053,580.889,0.277,0.003,62.402,44.736,106.618,0.572,0.391,0.047,0.134,0.573,0.106,0.292,1.961e-5,0,0.003,0.355,0.353,-1.142e-4,994.285,0.001,339.752,0.331,6.4,32.17
2.492,0.466,2766.015,579.852,0.277,0.003,62.386,44.724,105.911,0.573,0.39,0.048,0.134,0.573,0.117,0.324,2.608e-4,0,0.003,0.356,0.353,-2.615e-5,994.023,0.001,339.743,0.333,6.4,32.17
2.512,0.463,2764.962,578.798,0.277,0.003,62.388,44.711,105.192,0.573,0.39,0.048,0.134,0.573,0.117,0.322,1.705e-4,0,0.003,0.356,0.353,7.207e-7,993.755,0.001,339.734,0.334,6.4,32.17
2.532,0.412,2763.893,577.73,0.277,0.003,62.409,44.698,104.463,0.573,0.39,0.048,0.135,0.574,0.104,0.288,-1.023e-4,0,0.003,0.356,0.353,4.09e-5,993.482,0.001,339.725,0.335,6.4,32.17
2.553,0.325,2762.81,576.647,0.277,0.003,62.444,44.685,103.724,0.574,0.39,0.049,0.135,0.574,0.082,0.226,4.884e-4,0,0.003,0.356,0.353,1.157e-4,993.205,0.001,339.716,0.337,6.4,32.17
2.574,0.218,2761.711,575.548,0.277,0.003,62.488,44.672,102.975,0.574,0.39,0.049,0.135,0.574,0.055,0.152,-4.895e-4,0,0.003,0.356,0.353,1.639e-4,992.922,0.001,339.706,0.338,6.4,32.17
2.596,0.121,2760.595,574.431,0.277,0.003,62.529,44.658,102.213,0.574,0.39,0.049,0.135,0.575,0.03,0.084,1.148e-4,0,0.003,0.356,0.353,4.373e-5,992.634,0.001,339.696,0.34,6.4,32.17
2.617,0.147,2759.46,573.297,0.276,0.003,62.518,44.644,101.439,0.575,0.39,0.05,0.135,0.575,0.037,0.103,1.591e-4,0,0.002,0.356,0.353,-1.126e-4,992.339,0.001,339.687,0.341,6.4,32.17
2.64,0.253,2758.308,572.145,0.276,0.003,62.477,44.63,100.654,0.575,0.39,0.05,0.135,0.575,0.063,0.177,2.759e-4,0,0.002,0.356,0.353,-1.479e-4,992.039,0.001,339.677,0.342,6.4,32.17
2.662,0.349,2757.138,570.974,0.276,0.003,62.441,44.616,99.855,0.576,0.39,0.05,0.135,0.576,0.088,0.245,1.113e-5,0,0.002,0.356,0.354,-7.106e-5,991.733,0.001,339.666,0.344,6.4,32.17
2.685,0.404,2755.95,569.787,0.276,0.003,62.421,44.602,99.045,0.576,0.39,0.05,0.135,0.576,0.102,0.283,4.147e-4,0,0.002,0.356,0.354,-6.876e-6,991.422,0.001,339.656,0.345,6.4,32.17
2.708,0.4,2754.744,568.581,0.276,0.003,62.424,44.587,98.223,0.576,0.39,0.051,0.136,0.577,0.101,0.28,-2.901e-4,0,0.002,0.356,0.354,1.532e-5,991.104,0.001,339.645,0.347,6.4,32.17
2.732,0.336,2753.52,567.356,0.276,0.003,62.45,44.572,97.387,0.577,0.39,0.051,0.136,0.577,0.085,0.236,-7.869e-5,0,0.002,0.356,0.354,1.043e-4,990.78,0.001,339.634,0.348,6.4,32.17
2.755,0.215,2752.276,566.112,0.276,0.003,62.499,44.557,96.539,0.577,0.39,0.051,0.136,0.577,0.054,0.151,-4.09e-4,0,0.002,0.356,0.354,2.061e-4,990.449,0.001,339.623,0.349,6.4,32.17
2.78,0.105,2751.007,564.843,0.275,0.003,62.544,44.541,95.673,0.578,0.39,0.052,0.136,0.578,0.026,0.074,-3.978e-5,0,0.002,0.356,0.354,1.949e-5,990.11,0.001,339.612,0.351,6.4,32.17
2.805,0.175,2749.701,563.538,0.275,0.003,62.52,44.525,94.783,0.578,0.39,0.052,0.136,0.578,0.044,0.124,2.466e-4,0,0.002,0.356,0.354,-1.542e-4,989.761,0.001,339.6,0.352,6.4,32.17
2.831,0.282,2748.366,562.203,0.275,0.003,62.479,44.509,93.872,0.578,0.39,0.052,0.136,0.579,0.071,0.2,-1.04e-4,0,0.002,0.356,0.354,-1.536e-4,989.402,0.001,339.588,0.354,6.4,32.17
2.857,0.372,2747.013,560.849,0.275,0.003,62.445,44.492,92.949,0.579,0.39,0.053,0.136,0.579,0.094,0.263,-6.341e-5,0,0.002,0.356,0.354,-5.331e-5,989.036,0.001,339.576,0.355,6.4,32.17
2.883,0.397,2745.632,559.469,0.275,0.003,62.437,44.475,92.007,0.579,0.39,0.053,0.137,0.58,0.1,0.281,-1.84e-4,0,0.002,0.356,0.355,-2.635e-8,988.662,0.001,339.563,0.357,6.4,32.17
2.91,0.348,2744.215,558.052,0.275,0.003,62.458,44.458,91.041,0.58,0.39,0.053,0.137,0.58,0.088,0.246,3.482e-4,0,0.002,0.356,0.355,4.618e-5,988.277,0.001,339.55,0.358,6.4,32.17
2.938,0.239,2742.764,556.601,0.274,0.003,62.502,44.44,90.051,0.58,0.39,0.054,0.137,0.58,0.06,0.169,-3.488e-4,0,0.002,0.357,0.355,1.387e-4,987.88,0.001,339.537,0.359,6.4,32.17
2.967,0.096,2741.279,555.115,0.274,0.003,62.558,44.422,89.038,0.581,0.39,0.054,0.137,0.581,0.024,0.067,2.028e-4,0,0.002,0.357,0.355,8.727e-5,987.473,0.001,339.523,0.361,6.4,32.17
2.996,0.148,2739.75,553.587,0.274,0.003,62.54,44.403,87.995,0.581,0.39,0.054,0.137,0.581,0.037,0.105,3.944e-4,0,0.002,0.357,0.355,-1.656e-4,987.052,0.001,339.509,0.362,6.4,32.17
3.026,0.257,2738.175,552.011,0.274,0.003,62.499,44.383,86.921,0.581,0.39,0.055,0.137,0.582,0.065,0.183,2.108e-4,0,0.002,0.357,0.355,-8.39e-5,986.616,0.001,339.494,0.364,6.4,32.17
3.057,0.297,2736.569,550.406,0.274,0.003,62.485,44.364,85.825,0.582,0.39,0.055,0.137,0.582,0.075,0.212,-8.386e-5,0,0.002,0.357,0.355,-1.03e-5,986.171,0.001,339.479,0.365,6.4,32.17
3.089,0.292,2734.919,548.756,0.273,0.003,62.488,44.343,84.7,0.582,0.39,0.055,0.137,0.583,0.073,0.208,-1.264e-4,0,0.001,0.357,0.355,8.505e-6,985.711,0.001,339.464,0.367,6.4,32.17
3.122,0.188,2733.203,547.04,0.273,0.003,62.531,44.322,83.529,0.583,0.389,0.056,0.138,0.583,0.047,0.134,-1.216e-4,0,0.001,0.357,0.356,5.056e-5,985.231,0.001,339.448,0.368,6.4,32.17
3.156,0.106,2731.435,545.272,0.273,0.003,62.563,44.3,82.323,0.583,0.389,0.056,0.138,0.583,0.027,0.076,-3.664e-4,0,0.001,0.357,0.356,-5.528e-6,984.735,0.001,339.431,0.369,6.4,32.17
3.191,0.184,2729.608,543.445,0.273,0.003,62.533,44.277,81.077,0.584,0.389,0.056,0.138,0.584,0.046,0.131,2.458e-4,0,0.001,0.357,0.356,-4.976e-5,984.22,0.001,339.414,0.371,6.4,32.17
3.228,0.275,2727.7,541.537,0.273,0.003,62.499,44.254,79.776,0.584,0.389,0.057,0.138,0.584,0.069,0.197,-1.281e-4,0,0.001,0.357,0.356,-5.09e-6,983.681,0.001,339.396,0.372,6.4,32.17
3.265,0.26,2725.727,539.564,0.272,0.003,62.506,44.229,78.43,0.585,0.389,0.057,0.138,0.585,0.065,0.187,-1.056e-4,0,0.001,0.357,0.356,2.609e-5,983.121,0.001,339.377,0.374,6.4,32.17
3.305,0.13,2723.668,537.504,0.272,0.003,62.559,44.203,77.025,0.585,0.389,0.057,0.138,0.585,0.033,0.094,2.537e-4,0,0.001,0.357,0.356,6.79e-5,982.534,0.001,339.357,0.375,6.4,32.17
3.321,0.088,2722.838,536.674,0.272,0.003,62.578,44.193,76.459,0.585,0.389,0.058,0.138,0.585,0.022,0.064,-1.815e-4,0,0.001,0.357,0.356,5.65e-6,982.297,0.001,339.349,0.376,6.4,32.17
3.345,0.131,2721.96,535.796,0.272,0.003,62.562,44.182,75.814,0.585,0.389,0.058,0.138,0.585,0.033,0.094,-7.931e-5,0,0.001,0.357,0.356,-6.541e-5,981.94,0.001,339.337,0.376,6.4,32.17
3.381,0.229,2720.643,534.479,0.272,0.003,62.524,44.166,74.845,0.586,0.389,0.058,0.139,0.586,0.057,0.165,4.349e-4,0,9.821e-4,0.357,0.356,-3.769e-5,981.405,0.001,339.319,0.378,6.4,32.17
3.426,0.247,2718.976,532.813,0.272,0.003,62.518,44.145,73.62,0.586,0.389,0.058,0.139,0.586,0.062,0.178,3.202e-5,0,9.377e-4,0.357,0.356,6.793e-7,980.725,0.001,339.297,0.379,6.4,32.17
3.473,0.166,2717.243,531.08,0.271,0.003,62.551,44.123,72.347,0.587,0.389,0.059,0.139,0.587,0.042,0.119,4.844e-4,0,8.865e-4,0.357,0.357,2.852e-5,980.015,0.001,339.273,0.381,6.4,32.17
3.523,0.111,2715.424,529.26,0.271,0.003,62.576,44.1,71.009,0.587,0.389,0.059,0.139,0.587,0.028,0.08,1.524e-4,0,8.253e-4,0.357,0.357,-6.131e-6,979.266,0.001,339.248,0.382,6.4,32.17
3.573,0.187,2713.587,527.424,0.271,0.003,62.548,44.077,69.659,0.588,0.389,0.06,0.139,0.588,0.047,0.135,3.164e-5,0,7.783e-4,0.358,0.357,-7.042e-6,978.509,0.001,339.222,0.383,6.4,32.17
3.623,0.157,2711.751,525.588,0.271,0.003,62.561,44.054,68.309,0.588,0.389,0.06,0.139,0.588,0.039,0.113,-1.189e-5,0,7.253e-4,0.358,0.357,3.393e-6,977.748,0.001,339.197,0.385,6.4,32.17
3.673,0.118,2709.915,523.751,0.27,0.003,62.576,44.031,66.96,0.588,0.389,0.06,0.139,0.588,0.029,0.085,6.242e-5,0,6.687e-4,0.358,0.357,-3.064e-7,976.986,0.001,339.171,0.386,6.4,32.17
3.723,0.143,2708.078,521.915,0.27,0.003,62.567,44.008,65.61,0.589,0.389,0.06,0.139,0.589,0.036,0.104,-2.984e-5,0,6.16e-4,0.358,0.357,-3.703e-6,976.221,0.001,339.145,0.387,6.4,32.17
3.773,0.16,2706.242,520.078,0.27,0.003,62.563,43.984,64.26,0.589,0.389,0.061,0.14,0.589,0.04,0.116,1.782e-4,0,5.752e-4,0.358,0.357,1.026e-8,975.453,0.001,339.119,0.388,6.4,32.17
3.823,0.126,2704.405,518.242,0.27,0.003,62.578,43.961,62.91,0.589,0.389,0.061,0.14,0.59,0.032,0.093,1.859e-4,0,5.259e-4,0.358,0.357,4.032e-6,974.684,0.001,339.094,0.389,6.4,32.17
3.873,0.121,2702.569,516.406,0.27,0.003,62.58,43.938,61.56,0.59,0.389,0.061,0.14,0.59,0.03,0.088,-1.11e-4,0,4.798e-4,0.358,0.357,-3.491e-6,973.913,0.001,339.068,0.39,6.4,32.17
3.923,0.127,2700.733,514.569,0.269,0.003,62.577,43.915,60.21,0.59,0.389,0.061,0.14,0.59,0.032,0.093,1.574e-4,0,4.45e-4,0.358,0.357,-1.576e-6,973.141,0.001,339.042,0.391,6.4,32.17
3.973,0.127,2698.896,512.733,0.269,0.003,62.579,43.891,58.86,0.59,0.389,0.062,0.14,0.59,0.032,0.093,3.12e-6,0,4.029e-4,0.358,0.357,-7.719e-7,972.367,0.001,339.016,0.392,6.4,32.17
4.023,0.121,2697.06,510.896,0.269,0.003,62.583,43.868,57.51,0.591,0.389,0.062,0.14,0.591,0.03,0.088,-3.132e-5,0,3.577e-4,0.358,0.358,1.478e-6,971.591,0.001,338.99,0.392,6.4,32.17
4.073,0.116,2695.223,509.06,0.269,0.003,62.587,43.845,56.161,0.591,0.389,0.062,0.14,0.591,0.029,0.085,-3.846e-4,0,3.265e-4,0.358,0.358,5.969e-6,970.815,0.001,338.964,0.393,6.4,32.17
4.095,0.108,2694.411,508.247,0.269,0.003,62.59,43.834,55.563,0.591,0.389,0.062,0.14,0.591,0.027,0.079,2.389e-4,0,3.135e-4,0.358,0.358,1.301e-5,970.471,0.001,338.952,0.393,6.4,32.17
4.128,0.073,2693.555,507.392,0.268,0.003,62.603,43.823,54.817,0.591,0.389,0.062,0.14,0.591,0.018,0.054,1.924e-4,0,2.781e-4,0.358,0.358,-2.124e-8,969.954,0.001,338.935,0.394,6.4,32.17
4.178,0.133,2692.272,506.109,0.268,0.003,62.578,43.807,53.697,0.591,0.389,0.062,0.14,0.591,0.033,0.098,4.45e-4,0,2.347e-4,0.358,0.358,-1.33e-5,969.179,0.001,338.909,0.394,6.4,32.17
4.228,0.137,2690.984,504.821,0.268,0.003,62.578,43.79,52.574,0.591,0.389,0.062,0.14,0.591,0.034,0.101,2.557e-4,0,2.119e-4,0.358,0.358,-9.595e-8,968.399,0.001,338.883,0.394,6.4,32.17
4.278,0.103,2689.696,503.533,0.268,0.003,62.593,43.774,51.45,0.591,0.389,0.062,0.14,0.591,0.026,0.077,9.052e-5,0,1.665e-4,0.358,0.358,5.723e-6,967.619,0.001,338.856,0.395,6.4,32.17
4.328,0.056,2688.408,502.245,0.268,0.003,62.611,43.757,50.326,0.591,0.389,0.062,0.14,0.591,0.014,0.041,1.626e-4,0,1.228e-4,0.358,0.358,-1.003e-5,966.839,0.001,338.83,0.395,6.4,32.17
4.378,0.133,2687.12,500.956,0.268,0.003,62.579,43.741,49.202,0.591,0.389,0.062,0.14,0.591,0.033,0.098,2.233e-4,0,8.74e-5,0.358,0.358,-3.392e-6,966.058,0.001,338.804,0.395,6.4,32.17
4.428,0.099,2685.832,499.668,0.267,0.003,62.593,43.724,48.078,0.592,0.389,0.063,0.14,0.592,0.025,0.073,4.846e-4,0,6.677e-5,0.358,0.358,1.275e-5,965.276,0.001,338.778,0.395,6.4,32.17
4.478,0.022,2684.544,498.38,0.267,0.003,62.627,43.708,46.954,0.592,0.389,0.063,0.14,0.592,0.005,0.016,-2.001e-4,0,2.95e-5,0.358,0.358,-9.969e-6,964.495,0.001,338.751,0.395,6.4,32.17
4.528,0.119,2683.256,497.092,0.267,0.003,62.587,43.691,45.831,0.592,0.389,0.063,0.14,0.592,0.03,0.089,4.837e-4,0,7.261e-6,0.358,0.358,-8.004e-6,963.713,0.001,338.725,0.396,6.4,32.17
4.578,0.145,2681.967,495.804,0.267,0.003,62.578,43.675,44.707,0.592,0.389,0.063,0.14,0.592,0.036,0.107,3.981e-4,0,-2.092e-5,0.358,0.358,9.279e-6,962.932,0.001,338.699,0.395,6.4,32.17
4.628,0.052,2680.679,494.516,0.267,0.003,62.615,43.658,43.583,0.592,0.389,0.063,0.14,0.592,0.013,0.038,1.856e-4,0,-5.096e-5,0.358,0.358,5.306e-5,962.151,0.001,338.673,0.395,6.4,32.17
4.678,0.095,2679.391,493.228,0.267,0.003,62.598,43.642,42.459,0.591,0.389,0.062,0.14,0.591,0.024,0.07,-2.231e-4,0,-8.856e-5,0.358,0.358,-4.287e-5,961.37,0.001,338.646,0.395,6.4,32.17
4.728,0.182,2678.103,491.94,0.267,0.003,62.563,43.625,41.335,0.591,0.389,0.062,0.14,0.591,0.046,0.135,-4.482e-4,0,-1.343e-4,0.358,0.358,-2.239e-7,960.589,0.001,338.62,0.395,6.4,32.17
4.778,0.09,2676.815,490.652,0.266,0.003,62.598,43.608,40.211,0.591,0.389,0.062,0.14,0.591,0.022,0.066,-2.156e-4,0,-1.497e-4,0.358,0.358,3.36e-5,959.809,0.001,338.594,0.395,6.4,32.17
4.828,0.083,2675.527,489.364,0.266,0.003,62.598,43.592,39.087,0.591,0.389,0.062,0.14,0.591,0.021,0.062,2.483e-4,0,-1.779e-4,0.358,0.358,-1.927e-5,959.03,0.001,338.568,0.394,6.4,32.17
4.878,0.148,2674.239,488.075,0.266,0.003,62.573,43.575,37.964,0.591,0.389,0.062,0.14,0.591,0.037,0.11,1.134e-4,0,-2.104e-4,0.358,0.358,8.336e-8,958.252,0.001,338.542,0.394,6.4,32.17
4.919,0.1,2673.183,487.019,0.266,0.003,62.591,43.561,37.042,0.591,0.389,0.062,0.14,0.591,0.025,0.074,-4.878e-4,0,-2.351e-4,0.358,0.358,2.28e-5,957.614,0.001,338.52,0.394,6.4,32.17
4.969,0.048,2672.37,486.207,0.266,0.003,62.613,43.551,36.278,0.591,0.389,0.062,0.14,0.591,0.012,0.036,4.04e-4,0,-2.684e-4,0.358,0.358,-3.901e-5,956.837,0.001,338.494,0.393,6.4,32.17
5.019,0.145,2671.558,485.394,0.266,0.003,62.574,43.54,35.513,0.591,0.389,0.062,0.14,0.591,0.036,0.109,-3.834e-4,0,-2.932e-4,0.358,0.358,-7.024e-6,956.061,0.001,338.468,0.393,6.4,32.17
5.069,0.14,2670.745,484.582,0.266,0.003,62.575,43.53,34.749,0.59,0.389,0.062,0.14,0.591,0.035,0.104,1.945e-4,0,-3.092e-4,0.358,0.358,8.533e-6,955.287,0.001,338.442,0.392,6.4,32.17
5.119,0.043,2669.933,483.769,0.266,0.003,62.611,43.519,33.984,0.59,0.389,0.062,0.14,0.59,0.011,0.032,4.32e-4,0,-3.369e-4,0.358,0.358,2.651e-5,954.518,0.001,338.416,0.392,6.4,32.17
5.169,0.115,2669.12,482.957,0.265,0.003,62.585,43.509,33.22,0.59,0.389,0.061,0.14,0.59,0.029,0.086,2.2e-4,0,-3.67e-4,0.358,0.358,-2.278e-5,953.782,0.001,338.39,0.391,6.4,32.17
5.219,0.134,2668.308,482.144,0.265,0.003,62.577,43.498,32.455,0.59,0.389,0.061,0.14,0.59,0.034,0.1,-4.135e-4,0,-3.799e-4,0.358,0.358,1.118e-6,953.048,0.001,338.364,0.39,6.4,32.17
5.269,0.023,2667.495,481.332,0.265,0.003,62.617,43.487,31.691,0.59,0.389,0.061,0.14,0.59,0.006,0.017,-4.418e-4,0,-3.884e-4,0.358,0.358,-3.336e-6,952.315,0.001,338.339,0.39,6.4,32.17
5.319,0.136,2666.683,480.519,0.265,0.003,62.572,43.477,30.926,0.589,0.389,0.061,0.14,0.589,0.034,0.102,-2.77e-4,0,-4.101e-4,0.358,0.358,-1.681e-6,951.584,0.001,338.313,0.389,6.4,32.17
5.369,0.159,2665.87,479.707,0.265,0.003,62.562,43.466,30.162,0.589,0.389,0.061,0.14,0.589,0.04,0.119,1.229e-4,0,-4.25e-4,0.358,0.358,2.228e-5,950.854,0.001,338.287,0.388,6.4,32.17
5.419,0.08,2665.058,478.894,0.265,0.003,62.593,43.456,29.397,0.589,0.389,0.061,0.14,0.589,0.02,0.06,3.54e-4,0,-4.472e-4,0.358,0.358,6.587e-5,950.126,0.001,338.261,0.387,6.4,32.17
5.469,0.136,2664.245,478.082,0.265,0.003,62.569,43.445,28.633,0.589,0.389,0.06,0.139,0.589,0.034,0.101,5.767e-6,0,-4.871e-4,0.358,0.358,-6.815e-5,949.399,0.001,338.236,0.387,6.4,32.17
5.519,0.222,2663.433,477.269,0.265,0.003,62.535,43.434,27.868,0.588,0.389,0.06,0.139,0.588,0.056,0.166,-1.853e-4,0,-5.139e-4,0.358,0.358,-1.732e-6,948.674,0.001,338.21,0.386,6.4,32.17
5.569,0.125,2662.62,476.457,0.265,0.003,62.572,43.424,27.104,0.588,0.389,0.06,0.139,0.588,0.031,0.094,1.652e-4,0,-5.306e-4,0.358,0.358,3.222e-5,947.951,0.001,338.185,0.385,6.4,32.17
5.619,0.049,2661.808,475.644,0.264,0.003,62.603,43.413,26.339,0.588,0.389,0.06,0.139,0.588,0.012,0.036,-1.871e-4,0,-5.501e-4,0.358,0.358,-2.618e-5,947.229,0.001,338.159,0.384,6.4,32.17
5.669,0.144,2660.995,474.832,0.264,0.003,62.565,43.403,25.575,0.587,0.389,0.059,0.139,0.588,0.036,0.108,-3.736e-5,0,-5.77e-4,0.358,0.358,-1.733e-6,946.51,0.001,338.134,0.383,6.4,32.17
5.719,0.113,2660.183,474.019,0.264,0.003,62.576,43.392,24.81,0.587,0.389,0.059,0.139,0.587,0.028,0.084,7.714e-5,0,-6.159e-4,0.357,0.358,9.344e-6,945.792,0.001,338.109,0.382,6.4,32.17
5.769,0.08,2659.37,473.207,0.264,0.003,62.585,43.381,24.046,0.587,0.389,0.059,0.139,0.587,0.02,0.059,4.739e-5,0,-6.526e-4,0.357,0.358,-4.447e-7,945.077,0.001,338.083,0.381,6.4,32.17
5.819,0.119,2658.558,472.394,0.264,0.003,62.569,43.371,23.281,0.586,0.389,0.059,0.139,0.586,0.03,0.09,-3.975e-4,0,-6.739e-4,0.357,0.358,-6.497e-6,944.364,0.001,338.058,0.38,6.4,32.17
5.869,0.159,2657.745,471.582,0.264,0.003,62.553,43.36,22.517,0.586,0.389,0.058,0.139,0.586,0.04,0.12,8.82e-5,0,-6.886e-4,0.357,0.358,3.665e-7,943.653,0.001,338.033,0.379,6.4,32.17
5.919,0.105,2656.933,470.769,0.264,0.003,62.574,43.349,21.752,0.586,0.389,0.058,0.139,0.586,0.026,0.079,-6.502e-6,0,-7.236e-4,0.357,0.358,2.188e-5,942.944,0.001,338.008,0.377,6.4,32.17
5.944,0.062,2656.526,470.363,0.264,0.003,62.589,43.344,21.37,0.586,0.389,0.058,0.138,0.586,0.015,0.046,-1.469e-4,0,-7.466e-4,0.357,0.358,-6.069e-8,942.59,0.001,337.996,0.377,6.4,32.17
5.982,0.103,2656.175,470.011,0.264,0.003,62.57,43.339,20.937,0.585,0.389,0.058,0.138,0.585,0.026,0.078,4.056e-4,0,-7.569e-4,0.357,0.358,-1.759e-5,942.061,0.001,337.977,0.376,6.4,32.17
6.032,0.132,2655.706,469.542,0.264,0.003,62.557,43.333,20.36,0.585,0.389,0.057,0.138,0.585,0.033,0.099,1.364e-4,0,-7.751e-4,0.357,0.358,-1.304e-6,941.357,0.001,337.952,0.375,6.4,32.17
6.082,0.107,2655.237,469.073,0.264,0.003,62.566,43.327,19.783,0.584,0.389,0.057,0.138,0.584,0.027,0.08,-4.168e-4,0,-8.056e-4,0.357,0.358,4.996e-6,940.656,0.001,337.928,0.373,6.4,32.17
6.132,0.064,2654.768,468.604,0.264,0.003,62.584,43.321,19.207,0.584,0.389,0.057,0.138,0.584,0.016,0.049,3.413e-5,0,-8.264e-4,0.357,0.358,-7.281e-7,939.958,0.001,337.903,0.372,6.4,32.17
6.182,0.107,2654.299,468.135,0.264,0.003,62.564,43.315,18.63,0.584,0.389,0.056,0.138,0.584,0.027,0.081,4.965e-4,0,-8.526e-4,0.357,0.358,-5.112e-6,939.261,0.001,337.878,0.371,6.4,32.17
6.232,0.117,2653.83,467.666,0.263,0.003,62.558,43.309,18.053,0.583,0.389,0.056,0.138,0.583,0.029,0.088,6.608e-5,0,-8.728e-4,0.357,0.358,1.474e-6,938.568,0.001,337.854,0.369,6.4,32.17
6.282,0.05,2653.361,467.197,0.263,0.003,62.583,43.303,17.476,0.583,0.389,0.056,0.138,0.583,0.013,0.037,7.48e-5,0,-8.858e-4,0.357,0.358,1.652e-5,937.877,0.001,337.83,0.368,6.4,32.17
6.332,0.069,2652.892,466.728,0.263,0.003,62.577,43.296,16.899,0.582,0.39,0.055,0.137,0.582,0.017,0.052,-3.536e-4,0,-9.08e-4,0.357,0.358,-2.779e-5,937.188,0.001,337.805,0.367,6.4,32.17
6.382,0.149,2652.423,466.259,0.263,0.003,62.544,43.29,16.322,0.582,0.39,0.055,0.137,0.582,0.037,0.112,-4.614e-4,0,-9.235e-4,0.357,0.358,-1.767e-6,936.503,0.001,337.781,0.365,6.4,32.17
6.432,0.121,2651.954,465.79,0.263,0.003,62.553,43.284,15.745,0.582,0.39,0.055,0.137,0.582,0.03,0.091,4.013e-4,0,-9.617e-4,0.357,0.358,1.62e-5,935.82,0.001,337.757,0.364,6.4,32.17
6.482,0.048,2651.485,465.321,0.263,0.003,62.58,43.278,15.168,0.581,0.39,0.054,0.137,0.581,0.012,0.036,-1.715e-4,0,-9.671e-4,0.357,0.358,4.492e-5,935.14,0.001,337.733,0.362,6.4,32.17
6.532,0.05,2651.016,464.852,0.263,0.003,62.578,43.272,14.591,0.581,0.39,0.054,0.137,0.581,0.013,0.037,-1.653e-4,0,-0.001,0.357,0.358,-4.814e-5,934.463,0.001,337.709,0.361,6.4,32.17
6.582,0.113,2650.547,464.383,0.263,0.003,62.552,43.265,14.014,0.58,0.39,0.054,0.137,0.58,0.028,0.085,-3.676e-4,0,-0.001,0.357,0.358,-1.26e-5,933.788,0.001,337.685,0.359,6.4,32.17
6.631,0.12,2650.079,463.916,0.263,0.003,62.547,43.259,13.439,0.58,0.39,0.053,0.137,0.58,0.03,0.091,-1.584e-4,0,-0.001,0.356,0.358,6.081e-7,933.119,0.001,337.662,0.358,6.4,32.17
6.68,0.055,2649.627,463.463,0.263,0.003,62.571,43.253,12.882,0.579,0.39,0.053,0.137,0.579,0.014,0.041,-4.905e-4,0,-0.001,0.356,0.358,1.603e-5,932.473,0.001,337.639,0.356,6.4,32.17
6.726,0.023,2649.191,463.028,0.263,0.003,62.582,43.248,12.347,0.579,0.39,0.053,0.136,0.579,0.006,0.017,-4.315e-4,0,-0.001,0.356,0.358,-2.047e-5,931.856,0.001,337.617,0.355,6.4,32.17
6.772,0.094,2648.955,462.792,0.263,0.003,62.551,43.244,11.949,0.578,0.39,0.052,0.136,0.578,0.024,0.071,-3.869e-4,0,-0.001,0.356,0.357,-9.634e-6,931.247,0.001,337.596,0.353,6.4,32.17
6.818,0.126,2648.72,462.556,0.263,0.003,62.536,43.241,11.552,0.578,0.39,0.052,0.136,0.578,0.032,0.095,1.225e-4,0,-0.001,0.356,0.357,4.172e-7,930.645,0.001,337.575,0.352,6.4,32.17
6.863,0.094,2648.484,462.32,0.263,0.003,62.549,43.238,11.154,0.577,0.39,0.052,0.136,0.578,0.024,0.071,-4.898e-4,0,-0.001,0.356,0.357,1.679e-5,930.042,0.001,337.553,0.35,6.4,32.17
6.909,0.044,2648.249,462.085,0.263,0.003,62.566,43.235,10.759,0.577,0.39,0.051,0.136,0.577,0.011,0.033,-3.729e-4,0,-0.001,0.356,0.357,-1.134e-6,929.445,0.001,337.532,0.349,6.4,32.17
6.954,0.097,2648.018,461.855,0.263,0.003,62.545,43.232,10.37,0.577,0.39,0.051,0.136,0.577,0.024,0.073,-4.011e-4,0,-0.001,0.356,0.357,-1.585e-5,928.862,0.001,337.512,0.347,6.4,32.17
6.997,0.145,2647.793,461.629,0.263,0.003,62.525,43.229,9.99,0.576,0.39,0.051,0.136,0.576,0.036,0.11,1.26e-4,0,-0.001,0.356,0.357,-1.292e-7,928.294,0.001,337.492,0.346,6.4,32.17
7.042,0.095,2647.563,461.4,0.263,0.003,62.544,43.226,9.604,0.576,0.39,0.05,0.135,0.576,0.024,0.072,-3.762e-4,0,-0.001,0.356,0.357,8.79e-6,927.72,0.001,337.471,0.345,6.4,32.17
7.085,0.043,2647.342,461.179,0.263,0.003,62.563,43.223,9.231,0.575,0.39,0.05,0.135,0.575,0.011,0.032,-1.652e-4,0,-0.001,0.356,0.357,2.504e-5,927.167,0.001,337.452,0.343,6.4,32.17
7.129,0.02,2647.117,460.953,0.263,0.003,62.57,43.22,8.851,0.575,0.39,0.05,0.135,0.575,0.005,0.015,-2.114e-4,0,-0.001,0.356,0.357,-1.39e-5,926.607,0.001,337.432,0.342,6.4,32.17
7.172,0.073,2646.894,460.731,0.263,0.003,62.548,43.217,8.476,0.575,0.39,0.049,0.135,0.575,0.018,0.055,2.403e-4,0,-0.001,0.356,0.357,-1.355e-5,926.056,0.001,337.413,0.34,6.4,32.17
7.215,0.087,2646.674,460.511,0.263,0.003,62.541,43.214,8.106,0.574,0.39,0.049,0.135,0.574,0.022,0.066,-3.337e-5,0,-0.001,0.356,0.357,-1.712e-6,925.515,0.001,337.394,0.339,6.4,32.17
7.257,0.053,2646.457,460.293,0.263,0.003,62.554,43.211,7.739,0.574,0.39,0.049,0.135,0.574,0.013,0.039,-4.532e-4,0,-0.001,0.356,0.357,0,924.981,0.001,337.375,0.337,6.4,32.17
7.299,0.086,2646.24,460.076,0.263,0.003,62.536,43.209,7.373,0.573,0.39,0.048,0.135,0.574,0.021,0.065,-4.908e-4,0,-0.001,0.356,0.357,-2.012e-6,924.451,0.001,337.356,0.336,6.4,32.17
7.341,0.067,2646.021,459.858,0.262,0.003,62.542,43.206,7.005,0.573,0.39,0.048,0.135,0.573,0.017,0.051,-2.901e-5,0,-0.001,0.356,0.357,1.035e-6,923.92,0.001,337.337,0.334,6.4,32.17
7.382,0.069,2645.81,459.647,0.262,0.003,62.54,43.203,6.65,0.573,0.39,0.048,0.134,0.573,0.017,0.052,1.511e-4,0,-0.001,0.356,0.357,7.537e-6,923.41,0.001,337.319,0.333,6.4,32.17
7.423,0.049,2645.6,459.436,0.262,0.003,62.547,43.2,6.294,0.572,0.391,0.048,0.134,0.572,0.012,0.037,3.839e-4,0,-0.001,0.355,0.357,2.031e-5,922.902,0.001,337.302,0.331,6.4,32.17
7.437,0.035,2645.528,459.365,0.262,0.003,62.553,43.199,6.174,0.572,0.391,0.047,0.134,0.572,0.009,0.026,-4.858e-4,0,-0.002,0.355,0.357,2.328e-5,922.73,0.001,337.295,0.331,6.4,32.17
7.458,0.02,2645.476,459.312,0.262,0.003,62.56,43.198,6.076,0.572,0.391,0.047,0.134,0.572,0.005,0.015,-1.993e-4,0,-0.002,0.355,0.357,1.557e-5,922.473,0.001,337.286,0.33,6.4,32.17
7.489,0.032,2645.397,459.234,0.262,0.003,62.553,43.197,5.929,0.572,0.391,0.047,0.134,0.572,0.008,0.024,-2.914e-4,0,-0.002,0.355,0.357,-3.021e-7,922.089,0.001,337.273,0.329,6.4,32.17
7.53,0.072,2645.295,459.132,0.262,0.003,62.534,43.196,5.737,0.571,0.391,0.047,0.134,0.571,0.018,0.054,2.182e-4,0,-0.002,0.355,0.357,-1.663e-5,921.59,0.001,337.255,0.328,6.4,32.17
7.57,0.096,2645.195,459.031,0.262,0.003,62.524,43.195,5.548,0.571,0.391,0.046,0.134,0.571,0.024,0.073,-4.688e-4,0,-0.002,0.355,0.357,-4.424e-6,921.102,0.001,337.238,0.326,6.4,32.17
7.61,0.108,2645.094,458.931,0.262,0.003,62.517,43.193,5.359,0.571,0.391,0.046,0.134,0.571,0.027,0.081,2.999e-4,0,-0.002,0.355,0.357,7.835e-7,920.613,0.001,337.221,0.325,6.4,32.17
7.651,0.128,2644.992,458.829,0.262,0.003,62.508,43.192,5.167,0.57,0.391,0.046,0.134,0.57,0.032,0.097,-2.376e-4,0,-0.002,0.355,0.357,1.693e-5,920.122,0.001,337.204,0.323,6.4,32.17
7.691,0.049,2644.89,458.726,0.262,0.003,62.54,43.191,4.975,0.57,0.391,0.046,0.133,0.57,0.012,0.037,4.087e-4,0,-0.002,0.355,0.357,3.64e-6,919.631,0.001,337.186,0.322,6.4,32.17
7.731,0.073,2644.791,458.627,0.262,0.003,62.527,43.189,4.789,0.569,0.391,0.045,0.133,0.569,0.018,0.055,5.984e-5,0,-0.002,0.355,0.357,-2.323e-5,919.159,0.001,337.17,0.32,6.4,32.17
7.77,0.115,2644.693,458.529,0.262,0.003,62.509,43.188,4.604,0.569,0.391,0.045,0.133,0.569,0.029,0.087,4.871e-4,0,-0.002,0.355,0.357,-1.085e-5,918.692,0.001,337.153,0.319,6.4,32.17
7.809,0.132,2644.595,458.431,0.262,0.003,62.502,43.187,4.421,0.569,0.391,0.045,0.133,0.569,0.033,0.1,-4.955e-5,0,-0.002,0.355,0.357,-7.386e-8,918.23,0.001,337.137,0.317,6.4,32.17
7.847,0.129,2644.498,458.334,0.262,0.003,62.502,43.186,4.238,0.568,0.391,0.044,0.133,0.568,0.032,0.097,2.858e-4,0,-0.002,0.355,0.357,8.935e-6,917.773,0.001,337.121,0.316,6.4,32.17
7.886,0.024,2644.402,458.238,0.262,0.003,62.544,43.184,4.058,0.568,0.391,0.044,0.133,0.568,0.006,0.018,4.196e-4,0,-0.002,0.355,0.357,1.612e-5,917.324,0.001,337.105,0.315,6.4,32.17
7.924,0.073,2644.305,458.141,0.262,0.003,62.523,43.183,3.875,0.568,0.391,0.044,0.133,0.568,0.018,0.055,4.391e-4,0,-0.002,0.355,0.357,-1.635e-5,916.87,0.001,337.089,0.313,6.4,32.17
7.963,0.133,2644.208,458.044,0.262,0.003,62.499,43.182,3.693,0.567,0.391,0.044,0.133,0.567,0.033,0.1,-4.017e-4,0,-0.002,0.355,0.357,-1.606e-6,916.419,0.001,337.073,0.312,6.4,32.17
8.002,0.16,2644.111,457.947,0.262,0.003,62.487,43.18,3.511,0.567,0.391,0.043,0.133,0.567,0.04,0.12,-1.121e-4,0,-0.002,0.355,0.357,7.61e-6,915.971,0.001,337.057,0.31,6.4,32.17
8.04,0.148,2644.013,457.85,0.262,0.003,62.489,43.179,3.328,0.566,0.391,0.043,0.132,0.567,0.037,0.111,4.767e-5,0,-0.002,0.355,0.357,4.26e-5,915.524,0.001,337.041,0.309,6.4,32.17
8.079,0.068,2643.916,457.752,0.262,0.003,62.518,43.178,3.145,0.566,0.391,0.043,0.132,0.566,0.017,0.051,1.514e-4,0,-0.002,0.355,0.357,3.361e-5,915.077,0.001,337.026,0.307,6.4,32.17
8.118,0.091,2643.82,457.656,0.262,0.003,62.51,43.177,2.964,0.566,0.391,0.042,0.132,0.566,0.023,0.069,1.417e-4,0,-0.002,0.355,0.357,-5.289e-5,914.639,0.001,337.01,0.306,6.4,32.17
8.142,0.145,2643.758,457.595,0.262,0.003,62.488,43.176,2.849,0.566,0.391,0.042,0.132,0.566,0.036,0.109,-5.462e-5,0,-0.002,0.355,0.357,-4.638e-5,914.361,0.001,337,0.305,6.4,32.17
8.179,0.2,2643.72,457.556,0.262,0.003,62.464,43.175,2.732,0.565,0.391,0.042,0.132,0.565,0.05,0.151,4.679e-5,0,-0.002,0.355,0.356,-1.129e-5,913.945,0.001,336.986,0.304,6.4,32.17
8.216,0.198,2643.68,457.516,0.262,0.003,62.462,43.175,2.611,0.565,0.391,0.042,0.132,0.565,0.05,0.149,-3.513e-4,0,-0.002,0.354,0.356,1.442e-6,913.521,0.001,336.971,0.302,6.4,32.17
8.254,0.143,2643.64,457.477,0.262,0.003,62.483,43.174,2.491,0.564,0.391,0.041,0.132,0.565,0.036,0.108,-2.002e-4,0,-0.002,0.354,0.356,2.528e-5,913.099,0.001,336.956,0.301,6.4,32.17
8.291,0.056,2643.6,457.437,0.262,0.003,62.515,43.174,2.37,0.564,0.391,0.041,0.132,0.564,0.014,0.043,1.172e-4,0,-0.002,0.354,0.356,4.482e-5,912.677,0.001,336.941,0.299,6.4,32.17
8.329,0.049,2643.561,457.397,0.262,0.003,62.518,43.173,2.25,0.564,0.391,0.041,0.132,0.564,0.012,0.036,-1.688e-5,0,-0.002,0.354,0.356,-5.052e-5,912.26,0.001,336.926,0.298,6.4,32.17
8.366,0.121,2643.521,457.358,0.262,0.003,62.487,43.173,2.131,0.564,0.391,0.041,0.131,0.564,0.03,0.091,3.452e-4,0,-0.002,0.354,0.356,-2.774e-5,911.846,0.001,336.912,0.297,6.4,32.17
8.404,0.154,2643.482,457.318,0.262,0.003,62.474,43.172,2.011,0.563,0.391,0.04,0.131,0.563,0.038,0.116,4.978e-4,0,-0.002,0.354,0.356,-3.105e-6,911.434,0.001,336.897,0.295,6.4,32.17
8.441,0.158,2643.442,457.279,0.262,0.003,62.471,43.172,1.891,0.563,0.391,0.04,0.131,0.563,0.039,0.119,4.752e-4,0,-0.002,0.354,0.356,3.285e-6,911.024,0.001,336.883,0.294,6.4,32.17
8.478,0.122,2643.403,457.24,0.262,0.003,62.484,43.171,1.773,0.563,0.391,0.04,0.131,0.563,0.031,0.092,-6.59e-5,0,-0.002,0.354,0.356,2.489e-5,910.619,0.001,336.869,0.292,6.4,32.17
8.515,0.03,2643.364,457.201,0.262,0.003,62.52,43.171,1.655,0.562,0.392,0.04,0.131,0.562,0.008,0.023,-3.453e-4,0,-0.002,0.354,0.356,5.165e-5,910.218,0.001,336.854,0.291,6.4,32.17
8.552,0.112,2643.325,457.161,0.262,0.003,62.486,43.17,1.536,0.562,0.392,0.04,0.131,0.562,0.028,0.084,3.982e-5,0,-0.002,0.354,0.356,-3.941e-5,909.817,0.001,336.84,0.29,6.4,32.17
8.59,0.206,2643.285,457.122,0.262,0.003,62.449,43.169,1.415,0.562,0.392,0.039,0.131,0.562,0.052,0.155,2.404e-4,0,-0.002,0.354,0.356,-9.397e-6,909.412,0.001,336.826,0.288,6.4,32.17
8.627,0.202,2643.246,457.082,0.262,0.003,62.45,43.169,1.295,0.561,0.392,0.039,0.131,0.561,0.051,0.153,-2.137e-4,0,-0.002,0.354,0.356,2.071e-6,909.01,0.001,336.812,0.287,6.4,32.17
8.664,0.16,2643.206,457.043,0.262,0.003,62.466,43.168,1.177,0.561,0.392,0.039,0.131,0.561,0.04,0.12,-1.488e-4,0,-0.002,0.354,0.356,2.48e-5,908.616,0.001,336.798,0.285,6.4,32.17
8.701,0.126,2643.167,457.004,0.262,0.003,62.478,43.168,1.058,0.561,0.392,0.039,0.13,0.561,0.031,0.095,-4.682e-4,0,-0.002,0.354,0.356,5.398e-5,908.225,0.001,336.784,0.284,6.4,32.17
8.735,0.076,2643.132,456.968,0.262,0.003,62.495,43.167,0.95,0.56,0.392,0.038,0.13,0.56,0.019,0.057,-2.324e-4,0,-0.002,0.354,0.356,3.126e-5,907.868,0.001,336.772,0.283,6.4,32.17
8.772,0.082,2643.122,456.958,0.262,0.003,62.492,43.167,0.813,0.56,0.392,0.038,0.13,0.56,0.02,0.062,-2.169e-4,0,-0.002,0.354,0.356,-3.088e-5,907.478,0.001,336.758,0.281,6.4,32.17
8.809,0.145,2643.112,456.949,0.262,0.003,62.467,43.167,0.677,0.56,0.392,0.038,0.13,0.56,0.036,0.109,1.794e-4,0,-0.002,0.354,0.356,-4.935e-5,907.091,0.001,336.744,0.28,6.4,32.17
8.846,0.194,2643.102,456.939,0.262,0.003,62.447,43.167,0.541,0.56,0.392,0.038,0.13,0.56,0.049,0.147,5.424e-5,0,-0.002,0.354,0.356,-1.923e-5,906.707,0.001,336.731,0.278,6.4,32.17
8.883,0.187,2643.093,456.929,0.262,0.003,62.449,43.167,0.405,0.559,0.392,0.037,0.13,0.559,0.047,0.141,-2.19e-4,0,-0.002,0.354,0.356,-4.933e-7,906.327,0.001,336.717,0.277,6.4,32.17
8.92,0.158,2643.083,456.919,0.262,0.003,62.458,43.167,0.269,0.559,0.392,0.037,0.13,0.559,0.039,0.119,3.23e-4,0,-0.002,0.354,0.356,5.889e-6,905.947,0.001,336.704,0.276,6.4,32.17
8.957,0.108,2643.073,456.91,0.262,0.003,62.476,43.167,0.134,0.559,0.392,0.037,0.13,0.559,0.027,0.081,2.144e-4,0,-0.002,0.354,0.356,1.849e-5,905.572,0.001,336.691,0.274,6.4,32.17
8.993,0.021,2643.063,456.9,0.262,0.003,62.511,43.167,0,0.558,0.392,0.037,0.13,0.558,0.005,0.016,-4.147e-4,0,-0.002,0.354,0.356,3.677e-5,905.201,0.001,336.677,0.273,6.4,32.17
9.03,0.097,2643.063,456.9,0.262,0.003,62.477,43.167,0,0.558,0.392,0.037,0.13,0.558,0.024,0.073,-1.403e-4,0,-0.002,0.354,0.356,4.901e-8,904.828,0.001,336.664,0.272,6.4,32.17
9.067,0.133,2643.063,456.9,0.262,0.003,62.462,43.167,0,0.558,0.392,0.036,0.129,0.558,0.033,0.101,6.914e-6,0,-0.003,0.354,0.356,7.158e-6,904.452,0.001,336.651,0.27,6.4,32.17
9.104,0.108,2643.063,456.9,0.262,0.003,62.471,43.167,0,0.557,0.392,0.036,0.129,0.557,0.027,0.081,4.73e-4,0,-0.003,0.353,0.356,1.114e-5,904.079,0.001,336.638,0.269,6.4,32.17
9.141,0.073,2643.063,456.9,0.262,0.003,62.483,43.167,0,0.557,0.392,0.036,0.129,0.557,0.018,0.055,1.733e-4,0,-0.003,0.353,0.356,7.525e-6,903.712,0.001,336.625,0.267,6.4,32.17
9.178,0.041,2643.063,456.9,0.262,0.003,62.497,43.167,0,0.557,0.392,0.036,0.129,0.557,0.01,0.031,1.729e-4,0,-0.003,0.353,0.356,-1.621e-5,903.347,0.001,336.612,0.266,6.4,32.17
9.215,0.076,2643.063,456.9,0.262,0.003,62.481,43.167,0,0.557,0.392,0.035,0.129,0.557,0.019,0.057,-6.362e-5,0,-0.003,0.353,0.356,-5.645e-5,902.983,0.001,336.599,0.265,6.4,32.17
9.252,0.182,2643.063,456.9,0.262,0.003,62.437,43.167,0,0.556,0.392,0.035,0.129,0.556,0.046,0.138,2.733e-4,0,-0.003,0.353,0.356,-1.585e-5,902.615,0.001,336.586,0.263,6.4,32.17
9.29,0.207,2643.063,456.9,0.262,0.003,62.428,43.167,0,0.556,0.392,0.035,0.129,0.556,0.052,0.156,3.598e-4,0,-0.003,0.353,0.356,-4.242e-6,902.244,0.001,336.573,0.262,6.4,32.17
9.328,0.209,2643.063,456.9,0.262,0.003,62.427,43.167,0,0.556,0.392,0.035,0.129,0.556,0.052,0.157,4.652e-4,0,-0.003,0.353,0.356,6.466e-7,901.883,0.001,336.561,0.26,6.4,32.17
9.365,0.18,2643.063,456.9,0.262,0.003,62.438,43.167,0,0.555,0.392,0.035,0.129,0.556,0.045,0.135,2.613e-4,0,-0.003,0.353,0.356,1.085e-5,901.526,0.001,336.548,0.259,6.4,32.17
9.402,0.132,2643.063,456.9,0.262,0.003,62.456,43.167,0,0.555,0.392,0.034,0.129,0.555,0.033,0.099,-1.548e-4,0,-0.003,0.353,0.356,1.678e-5,901.171,0.001,336.535,0.258,6.4,32.17
9.439,0.087,2643.063,456.9,0.262,0.003,62.473,43.167,0,0.555,0.392,0.034,0.129,0.555,0.022,0.065,-1.473e-4,0,-0.003,0.353,0.356,3.187e-5,900.819,0.001,336.523,0.256,6.4,32.17
9.476,0.043,2643.063,456.9,0.262,0.003,62.489,43.167,0,0.555,0.392,0.034,0.128,0.555,0.011,0.032,2.921e-4,0,-0.003,0.353,0.356,3.383e-5,900.462,0.001,336.51,0.255,6.4,32.17
9.514,0.016,2643.063,456.9,0.262,0.003,62.496,43.167,0,0.554,0.392,0.034,0.128,0.554,0.004,0.012,-2.219e-5,0,-0.003,0.353,0.356,-2.886e-5,900.105,0.001,336.498,0.254,6.4,32.17
9.552,0.052,2643.063,456.9,0.262,0.003,62.484,43.167,0,0.554,0.392,0.033,0.128,0.554,0.013,0.04,-3.09e-4,0,-0.003,0.353,0.356,-7.721e-5,899.748,0.001,336.485,0.252,6.4,32.17
9.59,0.143,2643.063,456.9,0.262,0.003,62.447,43.167,0,0.554,0.392,0.033,0.128,0.554,0.036,0.107,4.483e-4,0,-0.003,0.353,0.356,-4.616e-5,899.394,0.001,336.473,0.251,6.4,32.17
9.627,0.189,2643.063,456.9,0.262,0.003,62.428,43.167,0,0.554,0.392,0.033,0.128,0.554,0.047,0.142,-4.947e-4,0,-0.003,0.353,0.356,-1.196e-5,899.048,0.001,336.461,0.249,6.4,32.17
9.665,0.199,2643.063,456.9,0.262,0.003,62.423,43.167,0,0.553,0.392,0.033,0.128,0.553,0.05,0.149,-2.39e-5,0,-0.003,0.353,0.356,1.23e-7,898.706,0.001,336.448,0.248,6.4,32.17
9.702,0.175,2643.063,456.9,0.262,0.003,62.431,43.167,0,0.553,0.392,0.033,0.128,0.553,0.044,0.131,1.957e-4,0,-0.003,0.353,0.356,1.718e-5,898.382,0.001,336.436,0.247,6.4,32.17
9.739,0.08,2643.063,456.9,0.262,0.003,62.466,43.167,0,0.553,0.392,0.033,0.128,0.553,0.02,0.06,2.049e-4,0,-0.003,0.353,0.356,-2.672e-6,898.061,0.001,336.425,0.245,6.4,32.17
9.777,0.092,2643.063,456.9,0.262,0.003,62.459,43.167,0,0.553,0.392,0.032,0.128,0.553,0.023,0.069,-1.216e-5,0,-0.003,0.353,0.356,-4.637e-6,897.729,0.001,336.412,0.244,6.4,32.17
9.815,0.116,2643.063,456.9,0.262,0.003,62.449,43.167,0,0.552,0.393,0.032,0.128,0.552,0.029,0.087,3.383e-4,0,-0.003,0.353,0.356,-3.743e-6,897.405,0.001,336.4,0.243,6.4,32.17
9.852,0.22,2643.063,456.9,0.262,0.003,62.407,43.167,0,0.552,0.393,0.032,0.128,0.552,0.055,0.165,4.869e-4,0,-0.003,0.353,0.356,3.073e-6,897.084,0.001,336.388,0.241,6.4,32.17
9.891,0.216,2643.063,456.9,0.262,0.003,62.408,43.167,0,0.552,0.393,0.032,0.127,0.552,0.054,0.162,-1.343e-4,0,-0.003,0.353,0.356,3.757e-5,896.757,0.001,336.376,0.24,6.4,32.17
9.929,0.13,2643.063,456.9,0.262,0.003,62.441,43.167,0,0.552,0.393,0.032,0.127,0.552,0.032,0.098,-3.601e-4,0,-0.003,0.353,0.356,8.328e-5,896.433,0.001,336.364,0.239,6.4,32.17
9.967,0.064,2643.063,456.9,0.262,0.003,62.466,43.167,0,0.551,0.393,0.031,0.127,0.551,0.016,0.048,-1.137e-4,0,-0.003,0.353,0.356,1.277e-4,896.116,0.001,336.353,0.237,6.4,32.17
10.005,0.093,2643.063,456.9,0.262,0.003,62.457,43.167,0,0.551,0.393,0.031,0.127,0.551,0.023,0.07,-4.541e-4,0,-0.003,0.353,0.356,1.834e-5,895.796,0.001,336.341,0.236,6.4,32.17
10.044,0.135,2643.063,456.9,0.262,0.003,62.437,43.167,0,0.551,0.393,0.031,0.127,0.551,0.034,0.101,-4.693e-4,0,-0.003,0.353,0.356,-3.76e-5,895.472,0.001,336.329,0.235,6.4,32.17
10.083,0.206,2643.063,456.9,0.262,0.003,62.407,43.167,0,0.551,0.393,0.031,0.127,0.551,0.051,0.154,-3.863e-4,0,-0.003,0.353,0.356,-6.808e-5,895.153,0.001,336.317,0.233,6.4,32.17
10.122,0.264,2643.063,456.9,0.262,0.003,62.384,43.167,0,0.55,0.393,0.031,0.127,0.551,0.066,0.198,-2.03e-5,0,-0.003,0.352,0.356,-2.996e-5,894.837,0.001,336.305,0.232,6.4,32.17
10.16,0.291,2643.063,456.9,0.262,0.003,62.373,43.167,0,0.55,0.393,0.031,0.127,0.55,0.073,0.218,-4.326e-4,0,-0.003,0.352,0.356,-1.473e-6,894.523,0.001,336.294,0.23,6.4,32.17
10.199,0.283,2643.063,456.9,0.262,0.003,62.376,43.167,0,0.55,0.393,0.03,0.127,0.55,0.071,0.212,-4.191e-4,0,-0.003,0.352,0.356,1.026e-5,894.208,0.001,336.282,0.229,6.4,32.17
10.238,0.283,2643.063,456.9,0.262,0.003,62.374,43.167,0,0.55,0.393,0.03,0.127,0.55,0.071,0.213,-2.008e-4,0,-0.003,0.352,0.356,7.114e-5,893.894,0.001,336.27,0.228,6.4,32.17
10.278,0.181,2643.063,456.9,0.262,0.003,62.415,43.167,0,0.55,0.393,0.03,0.127,0.55,0.045,0.135,-4.365e-4,0,-0.003,0.352,0.356,1.18e-4,893.575,0.001,336.258,0.226,6.4,32.17
10.317,0.095,2643.063,456.9,0.262,0.003,62.448,43.167,0,0.549,0.393,0.03,0.127,0.549,0.024,0.072,-4.297e-4,0,-0.004,0.352,0.356,2.487e-7,893.264,0.001,336.247,0.225,6.4,32.17
10.356,0.109,2643.063,456.9,0.262,0.003,62.439,43.167,0,0.549,0.393,0.03,0.127,0.549,0.027,0.082,-1.5e-4,0,-0.004,0.352,0.356,-1.2e-4,892.959,0.001,336.236,0.224,6.4,32.17
10.395,0.142,2643.063,456.9,0.262,0.003,62.426,43.167,0,0.549,0.393,0.03,0.126,0.549,0.035,0.106,-4.409e-4,0,-0.004,0.352,0.356,-1.319e-4,892.653,0.001,336.224,0.222,6.4,32.17
10.434,0.197,2643.063,456.9,0.262,0.003,62.405,43.167,0,0.549,0.393,0.029,0.126,0.549,0.049,0.147,4.66e-4,0,-0.004,0.352,0.356,-7.931e-5,892.347,0.001,336.213,0.221,6.4,32.17
10.473,0.21,2643.063,456.9,0.262,0.003,62.399,43.167,0,0.548,0.393,0.029,0.126,0.548,0.052,0.158,2.576e-4,0,-0.004,0.352,0.356,-2.786e-5,892.044,0.001,336.202,0.22,6.4,32.17
10.512,0.183,2643.063,456.9,0.262,0.003,62.409,43.167,0,0.548,0.393,0.029,0.126,0.548,0.045,0.137,4.777e-5,0,-0.004,0.352,0.356,-3.497e-6,891.742,0.001,336.191,0.218,6.4,32.17
10.552,0.131,2643.063,456.9,0.262,0.003,62.429,43.167,0,0.548,0.393,0.029,0.126,0.548,0.033,0.098,-2.854e-4,0,-0.004,0.352,0.356,4.165e-7,891.442,0.001,336.179,0.217,6.4,32.17
10.591,0.069,2643.063,456.9,0.262,0.003,62.45,43.167,0,0.548,0.393,0.029,0.126,0.548,0.017,0.052,-5.314e-5,0,-0.004,0.352,0.356,-2.56e-7,891.143,0.001,336.168,0.216,6.4,32.17
10.631,0.095,2643.063,456.9,0.262,0.003,62.44,43.167,0,0.548,0.393,0.029,0.126,0.548,0.024,0.071,1.273e-4,0,-0.004,0.352,0.356,-8.589e-7,890.843,0.001,336.157,0.214,6.4,32.17
10.67,0.16,2643.063,456.9,0.262,0.003,62.414,43.167,0,0.547,0.393,0.028,0.126,0.547,0.04,0.12,4.33e-4,0,-0.004,0.352,0.356,2.183e-7,890.546,0.001,336.146,0.213,6.4,32.17
10.71,0.22,2643.063,456.9,0.262,0.003,62.39,43.167,0,0.547,0.393,0.028,0.126,0.547,0.055,0.165,-2.196e-4,0,-0.004,0.352,0.356,1.429e-5,890.249,0.001,336.135,0.212,6.4,32.17
10.75,0.175,2643.063,456.9,0.262,0.003,62.406,43.167,0,0.547,0.393,0.028,0.126,0.547,0.044,0.131,4.946e-4,0,-0.004,0.352,0.356,5.127e-5,889.954,0.001,336.124,0.21,6.4,32.17
10.789,0.205,2643.063,456.9,0.262,0.003,62.394,43.167,0,0.547,0.393,0.028,0.126,0.547,0.051,0.153,-1.677e-4,0,-0.004,0.352,0.356,1.067e-4,889.663,0.001,336.114,0.209,6.4,32.17
10.83,0.187,2643.063,456.9,0.262,0.003,62.399,43.167,0,0.546,0.393,0.028,0.126,0.547,0.047,0.14,-2.638e-4,0,-0.004,0.352,0.356,1.6e-4,889.37,0.001,336.103,0.208,6.4,32.17
10.87,0.145,2643.063,456.9,0.262,0.003,62.416,43.167,0,0.546,0.393,0.028,0.126,0.546,0.036,0.109,4.501e-4,0,-0.004,0.352,0.356,1.138e-4,889.077,0.001,336.092,0.206,6.4,32.17
10.91,0.134,2643.063,456.9,0.262,0.003,62.422,43.167,0,0.546,0.393,0.027,0.125,0.546,0.033,0.1,-1.253e-4,0,-0.004,0.352,0.356,-1.67e-6,888.787,0.001,336.081,0.205,6.4,32.17
10.95,0.193,2643.063,456.9,0.262,0.003,62.397,43.167,0,0.546,0.393,0.027,0.125,0.546,0.048,0.144,-2.09e-4,0,-0.004,0.352,0.356,-1.112e-4,888.499,0.001,336.07,0.204,6.4,32.17
10.99,0.272,2643.063,456.9,0.262,0.003,62.363,43.167,0,0.546,0.393,0.027,0.125,0.546,0.068,0.204,3.322e-4,0,-0.004,0.352,0.356,-1.2e-4,888.215,0.001,336.06,0.202,6.4,32.17
11.03,0.321,2643.063,456.9,0.262,0.003,62.343,43.167,0,0.545,0.393,0.027,0.125,0.546,0.08,0.24,3.32e-4,0,-0.004,0.352,0.356,-5.111e-5,887.933,0.001,336.049,0.201,6.4,32.17
11.071,0.343,2643.063,456.9,0.262,0.003,62.334,43.167,0,0.545,0.393,0.027,0.125,0.545,0.086,0.257,4.274e-4,0,-0.004,0.352,0.356,-7.584e-6,887.65,0.001,336.039,0.2,6.4,32.17
11.111,0.333,2643.063,456.9,0.262,0.003,62.337,43.167,0,0.545,0.393,0.027,0.125,0.545,0.083,0.25,4.737e-5,0,-0.004,0.352,0.356,3.089e-6,887.368,0.001,336.029,0.198,6.4,32.17
11.152,0.31,2643.063,456.9,0.262,0.003,62.345,43.167,0,0.545,0.393,0.026,0.125,0.545,0.077,0.232,-3.364e-4,0,-0.004,0.352,0.356,4.705e-5,887.086,0.001,336.018,0.197,6.4,32.17
11.193,0.24,2643.063,456.9,0.262,0.003,62.371,43.167,0,0.545,0.393,0.026,0.125,0.545,0.06,0.18,-6.64e-5,0,-0.004,0.352,0.356,9.88e-5,886.803,0.001,336.008,0.196,6.4,32.17
11.234,0.182,2643.063,456.9,0.262,0.003,62.394,43.167,0,0.544,0.393,0.026,0.125,0.545,0.045,0.135,-3.845e-4,0,-0.004,0.352,0.356,1.722e-4,886.525,0.001,335.997,0.194,6.4,32.17
11.275,0.105,2643.063,456.9,0.262,0.003,62.423,43.167,0,0.544,0.393,0.026,0.125,0.544,0.026,0.078,3.817e-4,0,-0.005,0.352,0.356,2.019e-4,886.246,0.001,335.987,0.193,6.4,32.17
11.316,0.049,2643.063,456.9,0.262,0.003,62.448,43.167,0,0.544,0.393,0.026,0.125,0.544,0.012,0.037,-8.716e-5,0,-0.005,0.352,0.356,-1.159e-4,885.969,0.001,335.977,0.191,6.4,32.17
11.357,0.168,2643.063,456.9,0.262,0.003,62.398,43.167,0,0.544,0.393,0.026,0.125,0.544,0.042,0.126,-1.021e-4,0,-0.005,0.352,0.356,-2.647e-4,885.697,0.001,335.967,0.19,6.4,32.17
11.397,0.28,2643.063,456.9,0.262,0.003,62.352,43.167,0,0.544,0.393,0.026,0.125,0.544,0.07,0.21,-1.778e-4,0,-0.005,0.352,0.356,-1.654e-4,885.43,0.001,335.957,0.189,6.4,32.17
11.437,0.301,2643.063,456.9,0.262,0.003,62.344,43.167,0,0.544,0.393,0.026,0.125,0.544,0.075,0.225,-3.292e-4,0,-0.005,0.352,0.356,-6.982e-5,885.167,0.001,335.947,0.187,6.4,32.17
11.478,0.316,2643.063,456.9,0.262,0.003,62.337,43.167,0,0.543,0.393,0.025,0.125,0.544,0.079,0.237,-7.411e-5,0,-0.005,0.351,0.356,-1.303e-5,884.904,0.001,335.937,0.186,6.4,32.17
11.518,0.299,2643.063,456.9,0.262,0.003,62.343,43.167,0,0.543,0.393,0.025,0.124,0.543,0.075,0.224,4.879e-4,0,-0.005,0.351,0.357,1.499e-6,884.644,0.001,335.928,0.185,6.4,32.17
11.558,0.233,2643.063,456.9,0.262,0.003,62.368,43.167,0,0.543,0.394,0.025,0.124,0.543,0.058,0.173,3.991e-4,0,-0.005,0.351,0.357,2.709e-5,884.386,0.001,335.918,0.183,6.4,32.17
11.598,0.126,2643.063,456.9,0.262,0.003,62.409,43.167,0,0.543,0.394,0.025,0.124,0.543,0.031,0.094,4.981e-4,0,-0.005,0.351,0.357,4.269e-5,884.13,0.001,335.909,0.182,6.4,32.17
11.639,0.061,2643.063,456.9,0.262,0.003,62.436,43.167,0,0.543,0.394,0.025,0.124,0.543,0.015,0.046,3.845e-4,0,-0.005,0.351,0.357,7.244e-6,883.873,0.001,335.899,0.181,6.4,32.17
11.679,0.092,2643.063,456.9,0.262,0.003,62.424,43.167,0,0.543,0.394,0.025,0.124,0.543,0.023,0.069,3.227e-4,0,-0.005,0.351,0.357,-5.004e-5,883.62,0.001,335.89,0.179,6.4,32.17
11.719,0.201,2643.063,456.9,0.262,0.003,62.381,43.167,0,0.542,0.394,0.025,0.124,0.542,0.05,0.15,-3.603e-5,0,-0.005,0.351,0.357,-3.864e-5,883.369,0.001,335.881,0.178,6.4,32.17
11.76,0.32,2643.063,456.9,0.262,0.003,62.334,43.167,0,0.542,0.394,0.025,0.124,0.542,0.08,0.239,1.428e-5,0,-0.005,0.351,0.357,-4.277e-6,883.118,0.001,335.871,0.177,6.4,32.17
11.801,0.39,2643.063,456.9,0.262,0.003,62.306,43.167,0,0.542,0.394,0.024,0.124,0.542,0.098,0.291,2.292e-4,0,-0.006,0.351,0.357,1.287e-5,882.866,0.001,335.862,0.175,6.4,32.17
11.842,0.452,2643.063,456.9,0.262,0.003,62.281,43.167,0,0.542,0.394,0.024,0.124,0.542,0.113,0.338,3.624e-4,0,-0.006,0.351,0.357,1.108e-4,882.615,0.001,335.853,0.174,6.4,32.17
11.884,0.462,2643.063,456.9,0.262,0.003,62.277,43.167,0,0.542,0.394,0.024,0.124,0.542,0.116,0.345,-5.159e-5,0,-0.006,0.351,0.357,3.081e-4,882.362,0.001,335.843,0.173,6.4,32.17
11.926,0.413,2643.063,456.9,0.262,0.003,62.294,43.167,0,0.542,0.394,0.024,0.124,0.542,0.103,0.309,4.761e-5,0,-0.006,0.351,0.357,5.249e-4,882.108,0.001,335.834,0.172,6.4,32.17
11.969,0.314,2643.063,456.9,0.262,0.003,62.331,43.167,0,0.541,0.394,0.024,0.124,0.542,0.078,0.234,3.322e-4,0,-0.006,0.351,0.357,5.234e-4,881.856,0.001,335.824,0.17,6.4,32.17
12.011,0.24,2643.063,456.9,0.262,0.003,62.359,43.167,0,0.541,0.394,0.024,0.124,0.541,0.06,0.179,1.432e-4,0,-0.006,0.351,0.357,4.825e-5,881.606,0.001,335.815,0.169,6.4,32.17
12.053,0.307,2643.063,456.9,0.262,0.003,62.334,43.167,0,0.541,0.394,0.024,0.124,0.541,0.077,0.23,3.96e-4,0,-0.006,0.351,0.357,-1.992e-4,881.361,0.001,335.806,0.167,6.4,32.17
12.095,0.442,2643.063,456.9,0.262,0.003,62.282,43.167,0,0.541,0.394,0.024,0.124,0.541,0.111,0.332,4.642e-4,0,-0.006,0.351,0.357,-3.855e-4,881.117,0.001,335.797,0.166,6.4,32.17
12.137,0.569,2643.063,456.9,0.262,0.003,62.232,43.167,0,0.541,0.394,0.023,0.124,0.541,0.143,0.426,4.205e-4,0,-0.006,0.351,0.357,-3.427e-4,880.876,0.001,335.788,0.165,6.4,32.17
12.179,0.66,2643.063,456.9,0.262,0.003,62.195,43.167,0,0.541,0.394,0.023,0.123,0.541,0.166,0.494,2.637e-4,0,-0.006,0.351,0.357,-1.765e-4,880.637,0.001,335.779,0.163,6.4,32.17
12.22,0.703,2643.063,456.9,0.262,0.003,62.178,43.167,0,0.54,0.394,0.023,0.123,0.541,0.177,0.526,1e-5,0,-0.006,0.351,0.357,-2.967e-5,880.401,0.001,335.771,0.162,6.4,32.17
12.263,0.717,2643.063,456.9,0.262,0.003,62.172,43.167,0,0.54,0.394,0.023,0.123,0.541,0.181,0.536,-2.217e-4,0,-0.006,0.351,0.357,1.439e-5,880.163,0.001,335.762,0.161,6.4,32.17
12.306,0.692,2643.063,456.9,0.262,0.003,62.181,43.167,0,0.54,0.394,0.023,0.123,0.541,0.174,0.517,2.481e-4,0,-0.006,0.351,0.357,1.64e-4,879.922,0.001,335.753,0.16,6.4,32.17
12.35,0.56,2643.063,456.9,0.262,0.003,62.231,43.167,0,0.54,0.394,0.023,0.123,0.54,0.14,0.418,1.192e-4,0,-0.007,0.351,0.358,3.421e-4,879.681,0.001,335.744,0.158,6.4,32.17
12.393,0.407,2643.063,456.9,0.262,0.003,62.288,43.167,0,0.54,0.394,0.023,0.123,0.54,0.102,0.304,4.512e-4,0,-0.007,0.351,0.358,4.119e-4,879.447,0.001,335.735,0.157,6.4,32.17
12.435,0.262,2643.063,456.9,0.262,0.003,62.344,43.167,0,0.54,0.394,0.023,0.123,0.54,0.065,0.196,1.284e-5,0,-0.007,0.351,0.358,1.645e-4,879.217,0.001,335.727,0.156,6.4,32.17
12.478,0.202,2643.063,456.9,0.262,0.003,62.369,43.167,0,0.539,0.394,0.023,0.123,0.54,0.05,0.15,1.949e-5,0,-0.007,0.351,0.358,-1.321e-4,878.99,0.001,335.718,0.154,6.4,32.17
12.52,0.265,2643.063,456.9,0.262,0.003,62.345,43.167,0,0.539,0.394,0.022,0.123,0.539,0.066,0.199,-1.123e-4,0,-0.007,0.351,0.358,-6.723e-4,878.765,0.001,335.71,0.153,6.4,32.17
12.562,0.362,2643.063,456.9,0.262,0.003,62.305,43.167,0,0.539,0.394,0.022,0.123,0.539,0.09,0.271,-1.142e-4,0,-0.007,0.351,0.358,-6.593e-4,878.542,0.001,335.702,0.152,6.4,32.17
12.605,0.445,2643.063,456.9,0.262,0.003,62.272,43.167,0,0.539,0.394,0.022,0.123,0.539,0.111,0.333,-1.903e-4,0,-0.007,0.351,0.358,-4.469e-4,878.321,0.001,335.694,0.15,6.4,32.17
12.647,0.513,2643.063,456.9,0.262,0.003,62.244,43.167,0,0.539,0.394,0.022,0.123,0.539,0.129,0.384,6.211e-5,0,-0.008,0.351,0.358,-2.241e-4,878.102,0.001,335.685,0.149,6.4,32.17
12.689,0.346,2643.063,456.9,0.262,0.003,62.308,43.167,0,0.539,0.394,0.022,0.123,0.539,0.086,0.259,-2.35e-4,0,-0.007,0.351,0.358,-8.762e-5,877.886,0.001,335.677,0.148,6.4,32.17
12.733,0.276,2643.063,456.9,0.262,0.003,62.335,43.167,0,0.539,0.394,0.022,0.123,0.539,0.069,0.206,-2.167e-4,0,-0.008,0.351,0.358,-3.157e-5,877.666,0.001,335.669,0.146,6.4,32.17
12.776,0.186,2643.063,456.9,0.262,0.003,62.37,43.167,0,0.539,0.394,0.022,0.123,0.539,0.046,0.138,-2.1e-4,0,-0.008,0.351,0.359,-1.312e-5,877.448,0.001,335.661,0.145,6.4,32.17
12.819,0.111,2643.063,456.9,0.262,0.003,62.401,43.167,0,0.538,0.394,0.022,0.123,0.538,0.028,0.083,-2.506e-4,0,-0.008,0.351,0.359,-4.222e-5,877.233,0.001,335.653,0.144,6.4,32.17
12.863,0.209,2643.063,456.9,0.262,0.003,62.361,43.167,0,0.538,0.394,0.022,0.123,0.538,0.052,0.156,4.5e-4,0,-0.008,0.351,0.359,-2.099e-5,877.018,0.001,335.645,0.142,6.4,32.17
12.907,0.311,2643.063,456.9,0.262,0.003,62.321,43.167,0,0.538,0.394,0.022,0.123,0.538,0.078,0.232,-3.57e-5,0,-0.008,0.351,0.359,-2.122e-6,876.804,0.001,335.637,0.141,6.4,32.17
12.95,0.361,2643.063,456.9,0.262,0.003,62.301,43.167,0,0.538,0.394,0.021,0.123,0.538,0.09,0.27,1.644e-4,0,-0.008,0.351,0.359,4.572e-6,876.594,0.001,335.63,0.14,6.4,32.17
12.994,0.553,2643.063,456.9,0.262,0.003,62.226,43.167,0,0.538,0.394,0.021,0.122,0.538,0.139,0.413,-3.265e-4,0,-0.008,0.351,0.359,5.161e-5,876.387,0.001,335.622,0.138,6.4,32.17
13.038,0.722,2643.063,456.9,0.262,0.003,62.161,43.167,0,0.538,0.394,0.021,0.122,0.539,0.182,0.539,-1.196e-4,0,-0.008,0.351,0.359,1.987e-4,876.178,0.001,335.614,0.137,6.4,32.17
13.083,0.808,2643.063,456.9,0.262,0.003,62.128,43.167,0,0.538,0.394,0.021,0.122,0.539,0.204,0.603,-1.017e-4,0,-0.008,0.351,0.359,4.921e-4,875.968,0.001,335.606,0.136,6.4,32.17
13.128,0.718,2643.063,456.9,0.262,0.003,62.162,43.167,0,0.538,0.394,0.021,0.122,0.538,0.181,0.536,-4.062e-4,0,-0.009,0.351,0.359,8.636e-4,875.758,0.001,335.599,0.134,6.4,32.17
13.173,0.536,2643.063,456.9,0.262,0.003,62.231,43.167,0,0.537,0.394,0.021,0.122,0.538,0.134,0.4,6.83e-5,0,-0.009,0.351,0.36,0.001,875.554,0.001,335.591,0.133,6.4,32.17
13.216,0.447,2643.063,456.9,0.262,0.003,62.265,43.167,0,0.537,0.394,0.021,0.122,0.538,0.112,0.333,2.177e-4,0,-0.009,0.351,0.36,7.105e-4,875.356,0.001,335.584,0.132,6.4,32.17
13.26,0.454,2643.063,456.9,0.262,0.003,62.26,43.167,0,0.537,0.394,0.021,0.122,0.538,0.114,0.339,2.516e-4,0,-0.009,0.351,0.36,2.856e-4,875.16,0.001,335.577,0.13,6.4,32.17
13.305,0.409,2643.063,456.9,0.262,0.003,62.276,43.167,0,0.537,0.394,0.021,0.122,0.537,0.102,0.306,2.991e-4,0,-0.01,0.351,0.36,-2.57e-4,874.963,0.001,335.569,0.129,6.4,32.17
13.348,0.546,2643.063,456.9,0.262,0.003,62.225,43.167,0,0.537,0.394,0.021,0.122,0.537,0.137,0.409,4.821e-4,0,-0.01,0.351,0.361,-0.001,874.773,0.001,335.562,0.128,6.4,32.17
13.391,0.681,2643.063,456.9,0.262,0.003,62.173,43.167,0,0.537,0.394,0.021,0.122,0.538,0.171,0.509,8.264e-5,0,-0.01,0.351,0.361,-0.001,874.589,0.001,335.555,0.126,6.4,32.17
13.433,0.757,2643.063,456.9,0.262,0.003,62.144,43.167,0,0.537,0.394,0.02,0.122,0.538,0.191,0.566,-3.147e-4,0,-0.01,0.35,0.361,-7.801e-4,874.405,0.001,335.549,0.125,6.4,32.17
13.477,0.829,2643.063,456.9,0.262,0.003,62.116,43.167,0,0.537,0.394,0.02,0.122,0.538,0.209,0.62,4.222e-4,0,-0.011,0.35,0.361,-4.826e-4,874.219,0.001,335.542,0.124,6.4,32.17
13.521,0.867,2643.063,456.9,0.262,0.003,62.101,43.167,0,0.537,0.394,0.02,0.122,0.538,0.219,0.648,-2.994e-4,0,-0.011,0.35,0.361,-2.287e-4,874.034,0.001,335.535,0.122,6.4,32.17
13.565,0.863,2643.063,456.9,0.262,0.003,62.102,43.167,0,0.536,0.394,0.02,0.122,0.538,0.218,0.644,4.052e-5,0,-0.011,0.35,0.361,-4.942e-5,873.852,0.001,335.528,0.121,6.4,32.17
13.61,0.831,2643.063,456.9,0.262,0.003,62.114,43.167,0,0.536,0.394,0.02,0.122,0.537,0.21,0.621,-9.72e-5,0,-0.011,0.35,0.361,1.068e-6,873.67,0.001,335.521,0.12,6.4,32.17
13.654,0.774,2643.063,456.9,0.262,0.003,62.135,43.167,0,0.536,0.394,0.02,0.122,0.537,0.195,0.578,-3.642e-4,0,-0.011,0.35,0.362,7.444e-5,873.489,0.001,335.515,0.118,6.4,32.17
13.699,0.741,2643.063,456.9,0.262,0.003,62.147,43.167,0,0.536,0.394,0.02,0.122,0.537,0.187,0.553,-8.036e-5,0,-0.011,0.35,0.362,3.104e-4,873.31,0.001,335.508,0.117,6.4,32.17
13.745,0.636,2643.063,456.9,0.262,0.003,62.187,43.167,0,0.536,0.394,0.02,0.122,0.537,0.16,0.474,3.367e-4,0,-0.012,0.35,0.362,5.762e-4,873.13,0.001,335.501,0.116,6.4,32.17
13.79,0.533,2643.063,456.9,0.262,0.003,62.226,43.167,0,0.536,0.394,0.02,0.122,0.536,0.134,0.397,-5.187e-5,0,-0.012,0.35,0.362,8.908e-4,872.954,0.001,335.495,0.114,6.4,32.17
13.835,0.429,2643.063,456.9,0.262,0.003,62.266,43.167,0,0.536,0.394,0.02,0.122,0.536,0.107,0.319,4.196e-6,0,-0.012,0.35,0.363,0.001,872.78,0.001,335.488,0.113,6.4,32.17
13.88,0.479,2643.063,456.9,0.262,0.003,62.246,43.167,0,0.536,0.394,0.02,0.122,0.536,0.12,0.355,1.681e-4,0,-0.012,0.35,0.363,0.002,872.609,0.001,335.482,0.112,6.4,32.17
13.926,0.444,2643.063,456.9,0.262,0.003,62.259,43.167,0,0.536,0.394,0.02,0.122,0.536,0.111,0.329,-1.182e-4,0,-0.013,0.35,0.363,0.002,872.436,0.001,335.476,0.111,6.4,32.17
13.973,0.379,2643.063,456.9,0.262,0.003,62.284,43.167,0,0.535,0.394,0.02,0.122,0.536,0.095,0.28,-2.467e-4,0,-0.013,0.35,0.363,0.003,872.264,0.001,335.469,0.109,6.4,32.17
14.019,0.404,2643.063,456.9,0.262,0.003,62.274,43.167,0,0.535,0.394,0.019,0.122,0.536,0.101,0.298,9.324e-5,0,-0.013,0.35,0.363,0.003,872.095,0.001,335.463,0.108,6.4,32.17
14.066,0.418,2643.063,456.9,0.262,0.003,62.269,43.167,0,0.535,0.394,0.019,0.121,0.536,0.105,0.309,-1.926e-5,0,-0.013,0.35,0.363,0.003,871.927,0.001,335.457,0.107,6.4,32.17
14.113,0.465,2643.063,456.9,0.262,0.003,62.25,43.167,0,0.535,0.394,0.019,0.121,0.536,0.116,0.344,4.873e-4,0,-0.013,0.35,0.364,0.003,871.758,0.001,335.451,0.105,6.4,32.17
14.161,0.449,2643.063,456.9,0.262,0.003,62.255,43.167,0,0.535,0.394,0.019,0.121,0.535,0.112,0.333,-6.337e-5,0,-0.014,0.35,0.364,0.002,871.591,0.001,335.444,0.104,6.4,32.17
14.209,0.481,2643.063,456.9,0.262,0.003,62.241,43.167,0,0.535,0.394,0.019,0.121,0.535,0.12,0.358,3.31e-4,0,-0.014,0.35,0.364,2.313e-4,871.426,0.001,335.438,0.103,6.4,32.17
14.257,0.533,2643.063,456.9,0.262,0.003,62.219,43.167,0,0.535,0.394,0.019,0.121,0.535,0.134,0.398,3.211e-4,0,-0.015,0.35,0.365,-3.555e-4,871.264,0.001,335.432,0.101,6.4,32.17
14.304,0.719,2643.063,456.9,0.262,0.003,62.148,43.167,0,0.535,0.394,0.019,0.121,0.536,0.181,0.537,3.503e-4,0,-0.015,0.35,0.365,-5.302e-4,871.107,0.001,335.426,0.1,6.4,32.17
14.351,0.881,2643.063,456.9,0.262,0.003,62.086,43.167,0,0.535,0.394,0.019,0.121,0.536,0.222,0.659,-1.499e-4,0,-0.015,0.35,0.366,-9.371e-4,870.951,0.001,335.421,0.099,6.4,32.17
14.399,1.028,2643.063,456.9,0.262,0.003,62.03,43.167,0,0.535,0.394,0.019,0.121,0.536,0.261,0.769,-3.821e-4,0,-0.016,0.35,0.366,-0.001,870.797,0.001,335.415,0.097,6.4,32.17
14.446,1.295,2643.063,456.9,0.262,0.003,61.93,43.167,0,0.535,0.394,0.019,0.121,0.537,0.33,0.968,-2.456e-4,0,-0.016,0.35,0.366,-3.974e-4,870.648,0.001,335.409,0.096,6.4,32.17
14.495,1.439,2643.063,456.9,0.262,0.003,61.877,43.167,0,0.534,0.394,0.019,0.121,0.538,0.368,1.076,-2.104e-4,0,-0.016,0.35,0.366,-2.61e-4,870.494,0.001,335.404,0.095,6.4,32.17
14.543,1.476,2643.063,456.9,0.262,0.003,61.863,43.167,0,0.534,0.395,0.019,0.121,0.538,0.378,1.104,-1.224e-4,0,-0.017,0.35,0.367,-2.999e-4,870.344,0.001,335.398,0.093,6.4,32.17
14.591,1.551,2643.063,456.9,0.262,0.003,61.836,43.167,0,0.534,0.395,0.019,0.121,0.538,0.398,1.16,1.874e-4,0,-0.018,0.35,0.368,-1.312e-4,870.201,0.001,335.393,0.092,6.4,32.17
14.638,1.562,2643.063,456.9,0.262,0.003,61.832,43.167,0,0.534,0.395,0.019,0.121,0.538,0.401,1.168,-1.298e-4,0,-0.019,0.35,0.369,-6.052e-5,870.06,0.001,335.388,0.09,6.4,32.17
14.685,1.523,2643.063,456.9,0.262,0.003,61.846,43.167,0,0.534,0.395,0.019,0.121,0.538,0.39,1.139,2.307e-4,0,-0.02,0.35,0.37,-4.622e-5,869.923,0.001,335.383,0.089,6.4,32.17
14.73,1.532,2643.063,456.9,0.262,0.003,61.843,43.167,0,0.534,0.395,0.019,0.121,0.538,0.393,1.146,-1.741e-5,0,-0.02,0.35,0.37,6.284e-6,869.791,0.001,335.378,0.088,6.4,32.17
14.777,1.517,2643.063,456.9,0.262,0.003,61.848,43.167,0,0.534,0.395,0.018,0.121,0.538,0.389,1.134,-2.843e-4,0,-0.02,0.35,0.37,1.331e-4,869.658,0.001,335.373,0.086,6.4,32.17
14.824,1.572,2643.063,456.9,0.262,0.003,61.828,43.167,0,0.534,0.395,0.018,0.121,0.538,0.403,1.176,-4.478e-5,0,-0.02,0.35,0.37,6.627e-4,869.527,0.001,335.368,0.085,6.4,32.17
14.873,1.692,2643.063,456.9,0.262,0.003,61.783,43.167,0,0.534,0.395,0.018,0.121,0.538,0.435,1.265,4.411e-4,0,-0.02,0.35,0.37,0.002,869.394,0.001,335.363,0.084,6.4,32.17
14.923,1.634,2643.063,456.9,0.262,0.003,61.804,43.167,0,0.534,0.395,0.018,0.121,0.538,0.42,1.22,-4.939e-4,0,-0.021,0.35,0.371,0.003,869.26,0.001,335.358,0.083,6.4,32.17
14.973,1.599,2643.063,456.9,0.262,0.003,61.817,43.167,0,0.534,0.395,0.018,0.121,0.538,0.41,1.192,-3.172e-4,0,-0.022,0.35,0.372,0.004,869.13,0.001,335.353,0.081,6.4,32.17
15.023,1.527,2643.063,456.9,0.262,0.003,61.843,43.167,0,0.534,0.395,0.018,0.121,0.537,0.391,1.137,-8.336e-5,0,-0.022,0.35,0.372,0.005,869.001,0.001,335.348,0.08,6.4,32.17
15.073,1.389,2643.063,456.9,0.262,0.003,61.894,43.167,0,0.534,0.395,0.018,0.121,0.537,0.355,1.033,1.563e-5,0,-0.023,0.35,0.373,0.005,868.875,0.001,335.344,0.078,6.4,32.17
15.122,1.332,2643.063,456.9,0.262,0.003,61.914,43.167,0,0.534,0.395,0.018,0.121,0.536,0.34,0.99,2.145e-4,0,-0.024,0.35,0.374,0.006,868.753,0.001,335.339,0.077,6.4,32.17
15.172,1.293,2643.063,456.9,0.262,0.003,61.928,43.167,0,0.533,0.395,0.018,0.121,0.536,0.33,0.96,-1.744e-5,0,-0.025,0.35,0.375,0.006,868.633,0.001,335.335,0.076,6.4,32.17
15.222,1.292,2643.063,456.9,0.262,0.003,61.929,43.167,0,0.533,0.395,0.018,0.121,0.536,0.329,0.959,4.545e-4,0,-0.025,0.35,0.375,0.006,868.515,0.001,335.33,0.074,6.4,32.17
15.272,1.393,2643.063,456.9,0.262,0.003,61.891,43.167,0,0.533,0.395,0.018,0.121,0.536,0.356,1.035,1.121e-4,0,-0.026,0.35,0.376,0.006,868.399,0.001,335.326,0.073,6.4,32.17
15.322,1.454,2643.063,456.9,0.262,0.003,61.868,43.167,0,0.533,0.395,0.018,0.121,0.537,0.372,1.081,-4.029e-4,0,-0.026,0.35,0.376,0.006,868.286,0.001,335.322,0.072,6.4,32.17
15.372,1.523,2643.063,456.9,0.262,0.003,61.842,43.167,0,0.533,0.395,0.018,0.121,0.537,0.39,1.134,-2.171e-4,0,-0.027,0.35,0.377,0.005,868.176,0.001,335.318,0.071,6.4,32.17
15.422,1.703,2643.063,456.9,0.262,0.003,61.775,43.167,0,0.533,0.395,0.018,0.121,0.538,0.438,1.27,4.846e-4,0,-0.028,0.35,0.378,0.004,868.069,0.001,335.314,0.069,6.4,32.17
15.472,1.788,2643.063,456.9,0.262,0.003,61.743,43.167,0,0.533,0.395,0.018,0.121,0.538,0.461,1.334,4.363e-4,0,-0.029,0.35,0.379,0.003,867.964,0.001,335.31,0.068,6.4,32.17
15.522,1.979,2643.063,456.9,0.262,0.003,61.674,43.167,0,0.533,0.395,0.018,0.121,0.539,0.512,1.48,4.146e-4,0,-0.029,0.35,0.379,0.002,867.862,0.001,335.306,0.067,6.4,32.17
15.572,2.208,2643.063,456.9,0.262,0.003,61.591,43.167,0,0.533,0.395,0.018,0.121,0.54,0.575,1.653,-3.636e-4,0,-0.03,0.35,0.38,0.002,867.762,0.001,335.303,0.066,6.4,32.17
15.622,2.344,2643.063,456.9,0.262,0.003,61.543,43.167,0,0.533,0.395,0.018,0.121,0.541,0.612,1.755,-1.884e-4,0,-0.032,0.35,0.382,9.461e-4,867.665,0.001,335.299,0.064,6.4,32.17
15.672,2.683,2643.063,456.9,0.262,0.003,61.424,43.167,0,0.533,0.395,0.018,0.121,0.544,0.706,2.012,4.776e-4,0,-0.032,0.35,0.382,0.001,867.571,0.001,335.295,0.063,6.4,32.17
15.722,2.992,2643.063,456.9,0.262,0.003,61.317,43.167,0,0.533,0.395,0.018,0.12,0.546,0.792,2.246,4.962e-4,0,-0.033,0.35,0.383,0.001,867.479,0.001,335.292,0.062,6.4,32.17
15.772,3.232,2643.063,456.9,0.262,0.003,61.235,43.167,0,0.533,0.395,0.018,0.12,0.548,0.86,2.428,-1.596e-4,0,-0.034,0.35,0.384,0.001,867.39,0.001,335.289,0.061,6.4,32.17
15.822,3.52,2643.063,456.9,0.262,0.003,61.138,43.167,0,0.533,0.395,0.018,0.12,0.55,0.943,2.647,5.161e-5,0,-0.035,0.35,0.385,0.001,867.304,0.001,335.286,0.06,6.4,32.17
15.872,3.718,2643.063,456.9,0.262,0.003,61.072,43.167,0,0.533,0.395,0.018,0.12,0.552,1,2.797,-5.836e-6,0,-0.037,0.35,0.387,0.001,867.22,0.001,335.282,0.058,6.4,32.17
15.922,4.116,2643.063,456.9,0.262,0.003,60.942,43.167,0,0.533,0.395,0.018,0.12,0.556,1.117,3.1,-2.119e-4,0,-0.037,0.35,0.387,0.002,867.139,0.001,335.279,0.057,6.4,32.17
15.972,4.63,2643.063,456.9,0.262,0.003,60.777,43.167,0,0.533,0.395,0.017,0.12,0.562,1.27,3.492,4.778e-5,0,-0.037,0.35,0.387,0.003,867.06,0.001,335.277,0.056,6.4,32.17
16.022,4.927,2643.063,456.9,0.262,0.003,60.684,43.167,0,0.533,0.395,0.017,0.12,0.565,1.361,3.719,-1.948e-4,0,-0.039,0.35,0.389,0.005,866.984,0.001,335.274,0.055,6.4,32.17
16.072,5.001,2643.063,456.9,0.262,0.003,60.661,43.167,0,0.533,0.395,0.017,0.12,0.566,1.383,3.776,-2.517e-4,0,-0.042,0.35,0.392,0.005,866.911,0.001,335.271,0.054,6.4,32.17
16.122,5.223,2643.063,456.9,0.262,0.003,60.592,43.167,0,0.532,0.395,0.017,0.12,0.568,1.451,3.945,-3.489e-4,0,-0.044,0.35,0.394,0.006,866.84,0.001,335.268,0.052,6.4,32.17
16.172,5.537,2643.063,456.9,0.262,0.003,60.496,43.167,0,0.532,0.395,0.017,0.12,0.572,1.548,4.186,1.267e-4,0,-0.045,0.35,0.395,0.007,866.772,0.001,335.266,0.051,6.4,32.17
16.222,5.912,2643.063,456.9,0.262,0.003,60.384,43.167,0,0.532,0.395,0.017,0.12,0.577,1.666,4.472,8.027e-5,0,-0.046,0.35,0.396,0.01,866.706,0.001,335.263,0.05,6.4,32.17
16.272,6.363,2643.063,456.9,0.262,0.003,60.251,43.167,0,0.532,0.395,0.017,0.12,0.583,1.81,4.818,4.919e-4,0,-0.047,0.35,0.396,0.014,866.643,0.001,335.261,0.049,6.4,32.17
16.322,6.79,2643.063,456.9,0.262,0.003,60.128,43.167,0,0.532,0.395,0.017,0.12,0.588,1.948,5.145,4.083e-4,0,-0.047,0.35,0.397,0.018,866.583,0.001,335.259,0.048,6.4,32.17
16.372,7.156,2643.063,456.9,0.262,0.003,60.024,43.167,0,0.532,0.395,0.017,0.12,0.593,2.068,5.425,2.716e-4,0,-0.049,0.35,0.399,0.023,866.525,0.001,335.257,0.047,6.4,32.17
16.422,7.626,2643.063,456.9,0.262,0.003,59.894,43.167,0,0.532,0.395,0.017,0.12,0.6,2.225,5.786,-3.534e-5,0,-0.05,0.35,0.399,0.029,866.47,0.001,335.255,0.046,6.4,32.17
16.472,7.969,2643.063,456.9,0.262,0.003,59.801,43.167,0,0.532,0.395,0.017,0.12,0.605,2.341,6.047,2.017e-4,0,-0.051,0.35,0.401,0.036,866.417,0.001,335.253,0.045,6.4,32.17
16.522,8.309,2643.063,456.9,0.262,0.003,59.709,43.167,0,0.532,0.395,0.017,0.12,0.609,2.457,6.307,1.431e-4,0,-0.053,0.35,0.403,0.043,866.367,0.001,335.251,0.044,6.4,32.17
16.572,8.833,2643.063,456.9,0.262,0.003,59.572,43.167,0,0.532,0.395,0.017,0.12,0.617,2.638,6.71,3.629e-4,0,-0.054,0.35,0.403,0.052,866.32,0.001,335.249,0.043,6.4,32.17
16.622,9.508,2643.063,456.9,0.262,0.003,59.399,43.167,0,0.532,0.395,0.017,0.12,0.626,2.876,7.231,-4.507e-4,0,-0.053,0.35,0.402,0.064,866.275,0.001,335.247,0.043,6.4,32.17
16.672,10.037,2643.063,456.9,0.262,0.003,59.268,43.167,0,0.532,0.395,0.017,0.12,0.633,3.067,7.638,-4.352e-4,0,-0.053,0.35,0.403,0.077,866.232,0.001,335.246,0.042,6.4,32.17
16.722,10.384,2643.063,456.9,0.262,0.003,59.184,43.167,0,0.532,0.395,0.017,0.12,0.638,3.193,7.902,-2.53e-4,0,-0.056,0.35,0.405,0.09,866.193,0.001,335.244,0.041,6.4,32.17
16.772,10.707,2643.063,456.9,0.262,0.003,59.106,43.167,0,0.532,0.395,0.017,0.12,0.642,3.312,8.146,-4.22e-4,0,-0.058,0.35,0.408,0.103,866.155,0.001,335.243,0.04,6.4,32.17
16.822,11.316,2643.063,456.9,0.262,0.003,58.963,43.167,0,0.532,0.395,0.017,0.12,0.65,3.539,8.617,1.009e-4,0,-0.058,0.35,0.408,0.119,866.121,0.001,335.242,0.039,6.4,32.17
16.872,12.028,2643.063,456.9,0.262,0.003,58.801,43.167,0,0.532,0.395,0.017,0.12,0.659,3.81,9.172,-2.863e-4,0,-0.056,0.35,0.406,0.136,866.089,0.001,335.241,0.039,6.4,32.17
16.922,12.673,2643.063,456.9,0.262,0.003,58.659,43.167,0,0.534,0.396,0.017,0.12,0.668,4.06,9.673,2.177e-4,0,-0.056,0.35,0.405,0.154,866.059,0.001,335.239,0.038,6.4,32.17
16.972,13.207,2643.063,456.9,0.262,0.003,58.544,43.167,0,0.535,0.398,0.017,0.12,0.675,4.27,10.085,2.511e-4,0,-0.056,0.35,0.406,0.175,866.032,0.001,335.238,0.038,6.4,32.17
17.022,13.777,2643.063,456.9,0.262,0.003,58.425,43.167,0,0.536,0.399,0.017,0.12,0.682,4.498,10.527,4.849e-4,0,-0.057,0.35,0.406,0.196,866.008,0.001,335.238,0.037,6.4,32.17
17.072,14.369,2643.063,456.9,0.262,0.003,58.304,43.167,0,0.538,0.4,0.017,0.12,0.689,4.738,10.987,2.12e-4,0,-0.056,0.35,0.406,0.218,865.986,0.001,335.237,0.036,6.4,32.17
17.122,14.909,2643.063,456.9,0.262,0.003,58.197,43.167,0,0.539,0.402,0.017,0.12,0.694,4.96,11.405,2.066e-4,0,-0.057,0.35,0.406,0.243,865.966,0.001,335.236,0.036,6.4,32.17
17.172,15.49,2643.063,456.9,0.262,0.003,58.084,43.167,0,0.54,0.403,0.017,0.12,0.699,5.202,11.856,-1.618e-5,0,-0.056,0.35,0.406,0.268,865.95,0.001,335.235,0.035,6.4,32.17
17.222,16.178,2643.063,456.9,0.262,0.003,57.955,43.167,0,0.541,0.404,0.017,0.12,0.702,5.493,12.402,-1.619e-4,0,-0.054,0.35,0.403,0.29,865.935,0.001,335.235,0.035,6.4,32.17
17.272,16.888,2643.063,456.9,0.262,0.003,57.825,43.167,0,0.541,0.404,0.017,0.12,0.704,5.798,12.97,2.895e-4,0,-0.05,0.35,0.4,0.31,865.923,0.001,335.234,0.035,6.4,32.17
17.322,17.514,2643.063,456.9,0.262,0.003,57.714,43.167,0,0.542,0.405,0.017,0.12,0.704,6.071,13.468,-1.832e-4,0,-0.047,0.35,0.397,0.333,865.914,0.001,335.234,0.035,6.4,32.17
17.372,17.995,2643.063,456.9,0.262,0.003,57.631,43.167,0,0.543,0.406,0.017,0.12,0.705,6.283,13.837,5.59e-6,0,-0.048,0.35,0.398,0.365,865.907,0.001,335.234,0.034,6.4,32.17
17.422,18.53,2643.063,456.9,0.262,0.003,57.541,43.167,0,0.544,0.407,0.017,0.12,0.705,6.522,14.258,4.918e-4,0,-0.046,0.35,0.396,0.391,865.903,0.001,335.234,0.034,6.4,32.17
17.472,19.053,2643.063,456.9,0.262,0.003,57.455,43.167,0,0.544,0.407,0.017,0.12,0.704,6.758,14.674,3.277e-4,0,-0.043,0.35,0.393,0.415,865.901,0.001,335.234,0.034,6.4,32.17
17.522,19.497,2643.063,456.9,0.262,0.003,57.384,43.167,0,0.545,0.408,0.017,0.12,0.704,6.961,15.016,-3.492e-4,0,-0.043,0.35,0.392,0.446,865.902,0.001,335.234,0.033,6.4,32.17
17.572,19.936,2643.063,456.9,0.262,0.003,57.314,43.167,0,0.546,0.408,0.017,0.12,0.703,7.163,15.361,-2.162e-4,0,-0.041,0.35,0.391,0.472,865.905,0.001,335.234,0.033,6.4,32.17
17.622,20.403,2643.063,456.9,0.262,0.003,57.242,43.167,0,0.545,0.408,0.017,0.12,0.7,7.293,15.363,1.445e-4,0,-0.049,0.336,0.384,0.476,865.911,0.001,335.234,0.033,6.4,32.17
17.672,20.807,2643.063,456.9,0.262,0.003,57.181,43.167,0,0.545,0.408,0.017,0.12,0.697,7.396,15.317,-4.049e-4,0,-0.055,0.322,0.376,0.475,865.919,0.001,335.234,0.033,6.4,32.17
17.722,21.125,2643.063,456.9,0.262,0.003,57.133,43.167,0,0.545,0.407,0.017,0.12,0.695,7.479,15.273,1.089e-4,0,-0.059,0.31,0.37,0.482,865.93,0.001,335.235,0.033,6.4,32.17
17.772,21.419,2643.063,456.9,0.262,0.003,57.09,43.167,0,0.543,0.406,0.017,0.12,0.692,7.555,15.268,-1.156e-4,0,-0.058,0.3,0.358,0.454,865.943,0.001,335.235,0.034,6.4,32.17
17.822,21.628,2643.063,456.9,0.262,0.003,57.06,43.167,0,0.542,0.405,0.017,0.12,0.689,7.61,15.274,2.848e-4,0,-0.054,0.293,0.347,0.425,865.959,0.001,335.236,0.034,6.4,32.17
17.872,21.748,2643.063,456.9,0.262,0.003,57.042,43.167,0,0.542,0.404,0.017,0.12,0.688,7.642,15.267,2.325e-4,0,-0.051,0.289,0.34,0.419,865.977,0.001,335.236,0.035,6.4,32.17
17.922,21.814,2643.063,456.9,0.262,0.003,57.033,43.167,0,0.54,0.403,0.017,0.12,0.685,7.659,15.304,-6.384e-5,0,-0.042,0.286,0.328,0.373,865.998,0.001,335.237,0.035,6.4,32.17
17.972,21.812,2643.063,456.9,0.262,0.003,57.033,43.167,0,0.538,0.401,0.017,0.12,0.682,7.659,15.37,8.188e-5,0,-0.029,0.286,0.315,0.307,866.021,0.001,335.238,0.036,6.4,32.17
17.993,21.79,2643.063,456.9,0.262,0.003,57.036,43.167,0,0.537,0.4,0.017,0.12,0.682,7.653,15.397,-1.358e-4,0,-0.023,0.287,0.311,0.284,866.031,0.001,335.238,0.037,6.4,32.17
18.024,21.722,2643.063,456.9,0.262,0.003,57.046,43.167,0,0.536,0.399,0.017,0.12,0.681,7.635,15.417,4.884e-4,0,-0.018,0.29,0.307,0.271,866.048,0.001,335.239,0.037,6.4,32.17
18.071,21.562,2643.063,456.9,0.262,0.003,57.069,43.167,0,0.536,0.399,0.017,0.12,0.682,7.593,15.445,2.111e-5,0,-0.009,0.295,0.304,0.261,866.074,0.001,335.24,0.037,6.4,32.17
18.121,21.342,2643.063,456.9,0.262,0.003,57.101,43.167,0,0.535,0.398,0.017,0.12,0.682,7.535,15.499,-2.799e-4,0,0.003,0.303,0.3,0.231,866.104,0.001,335.241,0.038,6.4,32.17
18.171,21.099,2643.063,456.9,0.262,0.003,57.136,43.167,0,0.533,0.396,0.017,0.12,0.681,7.472,15.58,2.199e-4,0,0.017,0.311,0.294,0.178,866.137,0.001,335.242,0.038,6.4,32.17
18.221,20.805,2643.063,456.9,0.262,0.003,57.18,43.167,0,0.532,0.395,0.017,0.12,0.681,7.396,15.655,2.044e-4,0,0.03,0.322,0.292,0.136,866.173,0.001,335.244,0.039,6.4,32.17
18.271,20.455,2643.063,456.9,0.262,0.003,57.233,43.167,0,0.532,0.395,0.017,0.12,0.683,7.307,15.728,4.431e-4,0,0.042,0.334,0.292,0.103,866.211,0.001,335.245,0.04,6.4,32.17
18.321,20.094,2643.063,456.9,0.262,0.003,57.288,43.167,0,0.532,0.395,0.017,0.12,0.685,7.216,15.805,3.223e-4,0,0.053,0.346,0.293,0.07,866.251,0.001,335.247,0.04,6.4,32.17
18.37,19.791,2643.063,456.9,0.262,0.003,57.336,43.167,0,0.532,0.395,0.017,0.12,0.686,7.096,15.674,2.479e-4,0,0.056,0.35,0.294,0.035,866.293,0.001,335.248,0.041,6.4,32.17
18.418,19.535,2643.063,456.9,0.262,0.003,57.376,43.167,0,0.532,0.395,0.017,0.12,0.687,6.978,15.482,-4.495e-4,0,0.055,0.35,0.295,0.011,866.337,0.001,335.25,0.042,6.4,32.17
18.466,19.265,2643.063,456.9,0.262,0.003,57.419,43.167,0,0.532,0.395,0.017,0.12,0.688,6.855,15.265,-2.298e-4,0,0.054,0.35,0.296,7.776e-4,866.383,0.001,335.251,0.043,6.4,32.17
18.514,19.095,2643.063,456.9,0.262,0.003,57.447,43.167,0,0.532,0.395,0.017,0.12,0.689,6.778,15.126,4.514e-4,0,0.053,0.35,0.297,-0.003,866.431,0.001,335.253,0.044,6.4,32.17
18.562,18.893,2643.063,456.9,0.262,0.003,57.48,43.167,0,0.532,0.395,0.017,0.12,0.689,6.686,14.97,-1.746e-4,0,0.051,0.35,0.299,-0.017,866.482,0.001,335.255,0.045,6.4,32.17
18.611,18.855,2643.063,456.9,0.262,0.003,57.487,43.167,0,0.532,0.395,0.017,0.12,0.689,6.669,14.965,1.042e-5,0,0.05,0.35,0.3,-0.043,866.535,0.001,335.257,0.045,6.4,32.17
18.659,18.902,2643.063,456.9,0.262,0.003,57.48,43.167,0,0.532,0.395,0.017,0.12,0.689,6.69,15.04,-3.927e-4,0,0.049,0.35,0.301,-0.078,866.591,0.001,335.259,0.046,6.4,32.17
18.709,19.12,2643.063,456.9,0.262,0.003,57.445,43.167,0,0.532,0.395,0.017,0.12,0.689,6.789,15.264,-1.791e-4,0,0.048,0.35,0.301,-0.118,866.651,0.001,335.261,0.047,6.4,32.17
18.759,19.532,2643.063,456.9,0.262,0.003,57.379,43.167,0,0.532,0.395,0.017,0.12,0.687,6.977,15.649,4.843e-4,0,0.048,0.35,0.302,-0.155,866.714,0.001,335.264,0.049,6.4,32.17
18.806,20.099,2643.063,456.9,0.262,0.003,57.29,43.167,0,0.532,0.395,0.017,0.12,0.685,7.217,16.059,-3.83e-4,0,0.045,0.346,0.301,-0.18,866.775,0.001,335.266,0.05,6.4,32.17
18.846,20.166,2643.063,456.9,0.262,0.003,57.28,43.167,0,0.532,0.395,0.017,0.12,0.685,7.234,16.056,3.937e-4,0,0.041,0.344,0.303,-0.185,866.829,0.001,335.268,0.05,6.4,32.17
18.884,20.446,2643.063,456.9,0.262,0.003,57.238,43.167,0,0.532,0.395,0.017,0.12,0.683,7.305,16.024,-3.457e-4,0,0.032,0.334,0.302,-0.186,866.882,0.001,335.27,0.051,6.4,32.17
18.92,20.8,2643.063,456.9,0.262,0.003,57.184,43.167,0,0.532,0.395,0.017,0.12,0.682,7.395,15.978,3.334e-4,0,0.021,0.322,0.301,-0.181,866.933,0.001,335.272,0.052,6.4,32.17
18.954,21.116,2643.063,456.9,0.262,0.003,57.137,43.167,0,0.532,0.395,0.017,0.12,0.68,7.477,15.931,4.376e-4,0,0.013,0.311,0.298,-0.17,866.983,0.001,335.274,0.053,6.4,32.17
18.987,20.916,2643.063,456.9,0.262,0.003,57.167,43.167,0,0.532,0.395,0.017,0.12,0.681,7.425,15.938,4.511e-4,0,0.021,0.318,0.297,-0.154,867.032,0.001,335.276,0.053,6.4,32.17
19.019,21.037,2643.063,456.9,0.262,0.003,57.149,43.167,0,0.533,0.395,0.017,0.12,0.68,7.456,15.908,2.965e-4,0,0.018,0.314,0.296,-0.138,867.082,0.001,335.277,0.054,6.4,32.17
19.051,21.35,2643.063,456.9,0.262,0.003,57.103,43.167,0,0.533,0.395,0.017,0.12,0.679,7.538,15.855,2.316e-4,0,0.01,0.303,0.293,-0.12,867.132,0.001,335.279,0.055,6.4,32.17
19.082,21.304,2643.063,456.9,0.262,0.003,57.11,43.167,0,0.533,0.395,0.017,0.12,0.679,7.526,15.841,3.093e-4,0,0.014,0.304,0.291,-0.101,867.182,0.001,335.281,0.055,6.4,32.17
19.113,21.275,2643.063,456.9,0.262,0.003,57.114,43.167,0,0.533,0.395,0.017,0.12,0.679,7.518,15.826,2.813e-4,0,0.016,0.305,0.289,-0.082,867.233,0.001,335.283,0.056,6.4,32.17
19.145,21.28,2643.063,456.9,0.262,0.003,57.113,43.167,0,0.533,0.395,0.017,0.12,0.679,7.52,15.807,7.33e-5,0,0.018,0.305,0.287,-0.064,867.285,0.001,335.285,0.057,6.4,32.17
19.176,20.972,2643.063,456.9,0.262,0.003,57.159,43.167,0,0.533,0.395,0.018,0.12,0.681,7.44,15.825,2.107e-4,0,0.029,0.316,0.287,-0.047,867.339,0.001,335.287,0.057,6.4,32.17
19.208,20.638,2643.063,456.9,0.262,0.003,57.209,43.167,0,0.533,0.395,0.018,0.12,0.683,7.354,15.848,-1.757e-4,0,0.04,0.328,0.288,-0.032,867.394,0.001,335.289,0.058,6.4,32.17
19.24,20.533,2643.063,456.9,0.262,0.003,57.225,43.167,0,0.533,0.395,0.018,0.12,0.683,7.327,15.847,1.143e-4,0,0.043,0.331,0.289,-0.019,867.451,0.001,335.291,0.059,6.4,32.17
19.273,20.106,2643.063,456.9,0.262,0.003,57.29,43.167,0,0.533,0.395,0.018,0.12,0.685,7.219,15.888,4.022e-4,0,0.055,0.346,0.291,-0.009,867.512,0.001,335.293,0.06,6.4,32.17
19.308,19.575,2643.063,456.9,0.262,0.003,57.373,43.167,0,0.533,0.395,0.018,0.12,0.688,6.997,15.534,1.483e-4,0,0.055,0.35,0.295,-0.003,867.575,0.001,335.296,0.06,6.4,32.17
19.343,19.274,2643.063,456.9,0.262,0.003,57.421,43.167,0,0.533,0.395,0.018,0.12,0.689,6.86,15.279,-4.346e-4,0,0.053,0.35,0.297,-2.886e-5,867.642,0.001,335.298,0.061,6.4,32.17
19.376,18.762,2643.063,456.9,0.262,0.003,57.504,43.167,0,0.533,0.395,0.018,0.121,0.69,6.628,14.847,-2.94e-4,0,0.05,0.35,0.3,0.001,867.704,0.001,335.3,0.062,6.4,32.17
19.406,18.183,2643.063,456.9,0.262,0.003,57.601,43.167,0,0.533,0.395,0.018,0.121,0.692,6.368,14.358,1.526e-4,0,0.048,0.35,0.302,0.005,867.763,0.001,335.303,0.063,6.4,32.17
19.436,17.593,2643.063,456.9,0.262,0.003,57.702,43.167,0,0.533,0.395,0.018,0.121,0.693,6.107,13.86,-3.095e-4,0,0.046,0.35,0.304,0.009,867.821,0.001,335.305,0.064,6.4,32.17
19.464,16.858,2643.063,456.9,0.262,0.003,57.832,43.167,0,0.533,0.395,0.018,0.121,0.693,5.786,13.244,-4.086e-4,0,0.044,0.35,0.306,0.014,867.878,0.001,335.307,0.064,6.4,32.17
19.493,15.989,2643.063,456.9,0.262,0.003,57.991,43.167,0,0.533,0.395,0.018,0.121,0.691,5.413,12.52,3.859e-4,0,0.042,0.35,0.308,0.019,867.936,0.001,335.309,0.065,6.4,32.17
19.521,15.079,2643.063,456.9,0.262,0.003,58.165,43.167,0,0.533,0.395,0.018,0.121,0.687,5.031,11.768,2.562e-4,0,0.04,0.35,0.31,0.021,867.995,0.001,335.311,0.065,6.4,32.17
19.55,14.151,2643.063,456.9,0.262,0.003,58.349,43.167,0,0.533,0.395,0.018,0.121,0.681,4.649,11.008,4.25e-4,0,0.038,0.35,0.312,0.022,868.056,0.001,335.313,0.066,6.4,32.17
19.581,13.445,2643.063,456.9,0.262,0.003,58.495,43.167,0,0.533,0.395,0.018,0.121,0.675,4.365,10.436,1.72e-4,0,0.037,0.35,0.313,0.021,868.121,0.001,335.316,0.067,6.4,32.17
19.612,12.808,2643.063,456.9,0.262,0.003,58.631,43.167,0,0.533,0.395,0.018,0.121,0.669,4.113,9.922,3.554e-4,0,0.036,0.35,0.314,0.018,868.19,0.001,335.318,0.068,6.4,32.17
19.646,12.278,2643.063,456.9,0.262,0.003,58.748,43.167,0,0.533,0.395,0.018,0.121,0.663,3.907,9.497,-4.327e-4,0,0.035,0.35,0.315,0.014,868.263,0.001,335.321,0.069,6.4,32.17
19.681,11.483,2643.063,456.9,0.262,0.003,58.927,43.167,0,0.533,0.395,0.018,0.121,0.654,3.603,8.866,3.034e-4,0,0.034,0.35,0.316,0.006,868.341,0.001,335.324,0.069,6.4,32.17
19.722,10.871,2643.063,456.9,0.262,0.003,59.071,43.167,0,0.533,0.395,0.018,0.121,0.646,3.374,8.382,-2.263e-4,0,0.033,0.35,0.317,6.21e-4,868.434,0.001,335.327,0.071,6.4,32.17
19.766,10.528,2643.063,456.9,0.262,0.003,59.153,43.167,0,0.533,0.395,0.018,0.121,0.641,3.247,8.11,2.351e-4,0,0.032,0.35,0.318,-0.001,868.536,0.001,335.331,0.072,6.4,32.17
19.806,10.407,2643.063,456.9,0.262,0.003,59.183,43.167,0,0.533,0.395,0.018,0.121,0.64,3.202,8.022,-2.653e-5,0,0.03,0.35,0.32,-0.009,868.631,0.001,335.335,0.073,6.4,32.17
19.842,10.498,2643.063,456.9,0.262,0.003,59.161,43.167,0,0.533,0.395,0.018,0.121,0.641,3.236,8.105,3.15e-4,0,0.03,0.35,0.32,-0.019,868.716,0.001,335.338,0.074,6.4,32.17
19.875,10.712,2643.063,456.9,0.262,0.003,59.11,43.167,0,0.533,0.395,0.018,0.121,0.644,3.315,8.285,2.949e-4,0,0.029,0.35,0.321,-0.026,868.797,0.001,335.341,0.075,6.4,32.17
19.907,10.996,2643.063,456.9,0.262,0.003,59.043,43.167,0,0.533,0.395,0.018,0.121,0.648,3.42,8.516,-1.37e-4,0,0.028,0.35,0.322,-0.031,868.876,0.001,335.344,0.075,6.4,32.17
19.938,11.343,2643.063,456.9,0.262,0.003,58.962,43.167,0,0.533,0.395,0.018,0.121,0.652,3.55,8.795,-2.448e-4,0,0.027,0.35,0.323,-0.033,868.955,0.001,335.347,0.076,6.4,32.17
19.97,11.759,2643.063,456.9,0.262,0.003,58.867,43.167,0,0.534,0.395,0.018,0.121,0.657,3.708,9.128,4.086e-4,0,0.027,0.35,0.323,-0.032,869.036,0.001,335.35,0.077,6.4,32.17
20.004,12.218,2643.063,456.9,0.262,0.003,58.764,43.167,0,0.534,0.395,0.018,0.121,0.663,3.884,9.492,-4.489e-4,0,0.026,0.35,0.324,-0.027,869.121,0.001,335.353,0.078,6.4,32.17
20.039,12.571,2643.063,456.9,0.262,0.003,58.686,43.167,0,0.534,0.395,0.018,0.121,0.667,4.021,9.769,3.425e-4,0,0.025,0.35,0.325,-0.018,869.214,0.001,335.356,0.079,6.4,32.17
20.069,12.754,2643.063,456.9,0.262,0.003,58.646,43.167,0,0.534,0.395,0.018,0.121,0.669,4.093,9.909,1.97e-4,0,0.025,0.35,0.325,-0.011,869.292,0.001,335.359,0.08,6.4,32.17
20.096,12.829,2643.063,456.9,0.262,0.003,58.629,43.167,0,0.534,0.395,0.018,0.121,0.67,4.122,9.964,-3.338e-4,0,0.024,0.35,0.326,-0.006,869.363,0.001,335.362,0.08,6.4,32.17
20.121,13.037,2643.063,456.9,0.262,0.003,58.585,43.167,0,0.534,0.395,0.018,0.121,0.672,4.204,10.13,1.068e-5,0,0.024,0.35,0.326,-0.002,869.429,0.001,335.364,0.081,6.4,32.17
20.144,13.227,2643.063,456.9,0.262,0.003,58.544,43.167,0,0.534,0.395,0.018,0.121,0.674,4.279,10.282,3.396e-4,0,0.023,0.35,0.327,-4.825e-4,869.491,0.001,335.367,0.081,6.4,32.17
20.166,13.283,2643.063,456.9,0.262,0.003,58.532,43.167,0,0.534,0.395,0.018,0.121,0.674,4.301,10.327,4.472e-4,0,0.022,0.35,0.328,2.63e-5,869.551,0.001,335.369,0.082,6.4,32.17
20.187,13.257,2643.063,456.9,0.262,0.003,58.538,43.167,0,0.534,0.395,0.018,0.121,0.674,4.291,10.305,-2.747e-4,0,0.022,0.35,0.328,0.001,869.609,0.001,335.371,0.082,6.4,32.17
20.208,13.188,2643.063,456.9,0.262,0.003,58.553,43.167,0,0.534,0.395,0.018,0.121,0.673,4.264,10.247,-2.202e-4,0,0.021,0.35,0.329,0.003,869.667,0.001,335.373,0.083,6.4,32.17
20.228,13.081,2643.063,456.9,0.262,0.003,58.576,43.167,0,0.534,0.395,0.018,0.121,0.672,4.221,10.157,-3.686e-4,0,0.021,0.35,0.329,0.007,869.724,0.001,335.375,0.083,6.4,32.17
20.249,12.929,2643.063,456.9,0.262,0.003,58.608,43.167,0,0.534,0.395,0.018,0.121,0.671,4.161,10.028,-3.713e-4,0,0.021,0.35,0.329,0.012,869.783,0.001,335.377,0.084,6.4,32.17
20.271,12.752,2643.063,456.9,0.262,0.003,58.647,43.167,0,0.534,0.395,0.018,0.121,0.669,4.092,9.88,4.519e-4,0,0.02,0.35,0.33,0.017,869.843,0.001,335.38,0.084,6.4,32.17
20.293,12.53,2643.063,456.9,0.262,0.003,58.695,43.167,0,0.534,0.395,0.018,0.121,0.667,4.005,9.694,-1.621e-4,0,0.02,0.35,0.33,0.023,869.905,0.001,335.382,0.085,6.4,32.17
20.315,12.289,2643.063,456.9,0.262,0.003,58.749,43.167,0,0.534,0.395,0.018,0.121,0.664,3.912,9.494,-9.607e-5,0,0.02,0.35,0.33,0.029,869.97,0.001,335.384,0.085,6.4,32.17
20.34,12.012,2643.063,456.9,0.262,0.003,58.811,43.167,0,0.534,0.395,0.018,0.121,0.661,3.805,9.266,1.991e-4,0,0.019,0.35,0.331,0.035,870.04,0.001,335.387,0.086,6.4,32.17
20.366,11.597,2643.063,456.9,0.262,0.003,58.905,43.167,0,0.534,0.395,0.018,0.121,0.656,3.647,8.927,-1.363e-4,0,0.019,0.35,0.331,0.04,870.117,0.001,335.39,0.087,6.4,32.17
20.396,11.042,2643.063,456.9,0.262,0.003,59.034,43.167,0,0.534,0.395,0.019,0.121,0.649,3.438,8.481,-4.766e-4,0,0.019,0.35,0.331,0.043,870.205,0.001,335.393,0.087,6.4,32.17
20.425,10.529,2643.063,456.9,0.262,0.003,59.156,43.167,0,0.534,0.395,0.019,0.121,0.642,3.248,8.073,-2.006e-4,0,0.018,0.35,0.332,0.041,870.289,0.001,335.396,0.088,6.4,32.17
20.451,10.078,2643.063,456.9,0.262,0.003,59.266,43.167,0,0.534,0.395,0.019,0.121,0.636,3.083,7.719,-4.389e-4,0,0.018,0.35,0.332,0.035,870.368,0.001,335.399,0.089,6.4,32.17
20.477,9.651,2643.063,456.9,0.262,0.003,59.372,43.167,0,0.534,0.395,0.019,0.121,0.63,2.929,7.389,3.023e-4,0,0.018,0.35,0.332,0.027,870.444,0.001,335.402,0.089,6.4,32.17
20.502,9.306,2643.063,456.9,0.262,0.003,59.459,43.167,0,0.534,0.395,0.019,0.121,0.626,2.806,7.126,2.685e-4,0,0.018,0.35,0.332,0.017,870.52,0.001,335.405,0.09,6.4,32.17
20.527,9.07,2643.063,456.9,0.262,0.003,59.52,43.167,0,0.534,0.395,0.019,0.121,0.622,2.722,6.948,2.147e-4,0,0.018,0.35,0.332,0.008,870.596,0.001,335.408,0.091,6.4,32.17
20.553,8.953,2643.063,456.9,0.262,0.003,59.55,43.167,0,0.534,0.395,0.019,0.121,0.621,2.681,6.861,-7.721e-5,0,0.018,0.35,0.332,0.002,870.676,0.001,335.41,0.091,6.4,32.17
20.58,9.045,2643.063,456.9,0.262,0.003,59.526,43.167,0,0.534,0.395,0.019,0.121,0.622,2.714,6.936,-1.434e-4,0,0.017,0.35,0.333,-2.575e-5,870.76,0.001,335.414,0.092,6.4,32.17
20.609,9.244,2643.063,456.9,0.262,0.003,59.475,43.167,0,0.534,0.395,0.019,0.121,0.625,2.784,7.096,-4.153e-4,0,0.017,0.35,0.333,-0.003,870.852,0.001,335.417,0.093,6.4,32.17
20.643,9.554,2643.063,456.9,0.262,0.003,59.396,43.167,0,0.534,0.394,0.019,0.121,0.629,2.894,7.349,-1.51e-4,0,0.017,0.35,0.333,-0.01,870.958,0.001,335.421,0.094,6.4,32.17
20.67,9.881,2643.063,456.9,0.262,0.003,59.314,43.167,0,0.534,0.394,0.019,0.121,0.634,3.011,7.614,4.082e-4,0,0.017,0.35,0.334,-0.016,871.042,0.001,335.424,0.094,6.4,32.17
20.693,10.203,2643.063,456.9,0.262,0.003,59.235,43.167,0,0.534,0.394,0.019,0.121,0.638,3.128,7.873,3.544e-5,0,0.016,0.35,0.334,-0.019,871.117,0.001,335.427,0.095,6.4,32.17
20.714,10.503,2643.063,456.9,0.262,0.003,59.162,43.167,0,0.535,0.394,0.019,0.121,0.643,3.238,8.115,2.985e-4,0,0.016,0.35,0.334,-0.021,871.185,0.001,335.429,0.096,6.4,32.17
20.734,10.785,2643.063,456.9,0.262,0.003,59.095,43.167,0,0.535,0.394,0.019,0.121,0.646,3.342,8.34,1.372e-6,0,0.016,0.35,0.334,-0.022,871.249,0.001,335.432,0.096,6.4,32.17
20.753,11.051,2643.063,456.9,0.262,0.003,59.033,43.167,0,0.535,0.394,0.019,0.121,0.65,3.441,8.552,4.173e-4,0,0.016,0.35,0.334,-0.021,871.311,0.001,335.434,0.097,6.4,32.17
20.771,11.3,2643.063,456.9,0.262,0.003,58.975,43.167,0,0.535,0.394,0.019,0.121,0.653,3.535,8.749,-3.095e-4,0,0.016,0.35,0.334,-0.019,871.371,0.001,335.436,0.097,6.4,32.17
20.789,11.522,2643.063,456.9,0.262,0.003,58.924,43.167,0,0.535,0.394,0.019,0.121,0.656,3.619,8.925,3.622e-5,0,0.016,0.35,0.335,-0.016,871.43,0.001,335.438,0.098,6.4,32.17
20.807,11.716,2643.063,456.9,0.262,0.003,58.88,43.167,0,0.535,0.394,0.019,0.121,0.658,3.692,9.079,-3.808e-4,0,0.015,0.35,0.335,-0.012,871.49,0.001,335.441,0.098,6.4,32.17
20.825,11.879,2643.063,456.9,0.262,0.003,58.843,43.167,0,0.535,0.394,0.019,0.121,0.66,3.755,9.206,2.369e-4,0,0.015,0.35,0.335,-0.009,871.55,0.001,335.443,0.098,6.4,32.17
20.843,12.004,2643.063,456.9,0.262,0.003,58.815,43.167,0,0.535,0.394,0.019,0.121,0.662,3.802,9.303,1.889e-4,0,0.015,0.35,0.335,-0.006,871.611,0.001,335.445,0.099,6.4,32.17
20.862,12.085,2643.063,456.9,0.262,0.003,58.797,43.167,0,0.535,0.394,0.019,0.121,0.663,3.834,9.367,-4.014e-5,0,0.015,0.35,0.335,-0.003,871.674,0.001,335.447,0.099,6.4,32.17
20.882,12.116,2643.063,456.9,0.262,0.003,58.791,43.167,0,0.535,0.394,0.019,0.121,0.663,3.846,9.39,-4.045e-4,0,0.014,0.35,0.336,-8.892e-4,871.74,0.001,335.45,0.1,6.4,32.17
20.902,12.087,2643.063,456.9,0.262,0.003,58.798,43.167,0,0.535,0.394,0.019,0.121,0.663,3.835,9.366,-9.965e-5,0,0.014,0.35,0.336,-2.005e-5,871.81,0.001,335.452,0.1,6.4,32.17
20.924,11.991,2643.063,456.9,0.262,0.003,58.82,43.167,0,0.535,0.394,0.019,0.121,0.662,3.798,9.288,-1.634e-4,0,0.014,0.35,0.336,4.599e-4,871.883,0.001,335.455,0.101,6.4,32.17
20.944,11.844,2643.063,456.9,0.262,0.003,58.853,43.167,0,0.535,0.394,0.019,0.121,0.66,3.741,9.169,-2.48e-4,0,0.014,0.35,0.337,0.002,871.951,0.001,335.458,0.101,6.4,32.17
20.962,11.664,2643.063,456.9,0.262,0.003,58.894,43.167,0,0.535,0.394,0.019,0.121,0.658,3.673,9.022,3.17e-4,0,0.014,0.35,0.337,0.004,872.015,0.001,335.46,0.102,6.4,32.17
20.98,11.458,2643.063,456.9,0.262,0.003,58.942,43.167,0,0.535,0.394,0.019,0.121,0.655,3.595,8.853,2.984e-4,0,0.014,0.35,0.337,0.007,872.077,0.001,335.462,0.102,6.4,32.17
20.997,11.226,2643.063,456.9,0.262,0.003,58.996,43.167,0,0.535,0.394,0.019,0.121,0.652,3.507,8.665,-4.493e-4,0,0.013,0.35,0.337,0.009,872.137,0.001,335.465,0.103,6.4,32.17
21.014,10.928,2643.063,456.9,0.262,0.003,59.066,43.167,0,0.535,0.394,0.019,0.121,0.649,3.396,8.424,-1.484e-4,0,0.013,0.35,0.337,0.012,872.196,0.001,335.467,0.103,6.4,32.17
21.031,10.59,2643.063,456.9,0.262,0.003,59.146,43.167,0,0.535,0.394,0.019,0.121,0.644,3.271,8.15,4.619e-4,0,0.013,0.35,0.337,0.016,872.255,0.001,335.469,0.103,6.4,32.17
21.048,10.218,2643.063,456.9,0.262,0.003,59.236,43.167,0,0.535,0.394,0.019,0.121,0.639,3.134,7.851,-4.608e-4,0,0.013,0.35,0.338,0.019,872.315,0.001,335.471,0.104,6.4,32.17
21.065,9.865,2643.063,456.9,0.262,0.003,59.323,43.167,0,0.535,0.394,0.019,0.121,0.634,3.006,7.569,-2.174e-4,0,0.013,0.35,0.338,0.02,872.376,0.001,335.473,0.104,6.4,32.17
21.083,9.502,2643.063,456.9,0.262,0.003,59.414,43.167,0,0.535,0.394,0.019,0.121,0.629,2.876,7.28,-6.127e-5,0,0.013,0.35,0.338,0.02,872.44,0.001,335.476,0.104,6.4,32.17
21.101,9.128,2643.063,456.9,0.262,0.003,59.508,43.167,0,0.535,0.394,0.019,0.121,0.624,2.743,6.986,4.806e-5,0,0.012,0.35,0.338,0.019,872.506,0.001,335.478,0.105,6.4,32.17
21.121,8.776,2643.063,456.9,0.262,0.003,59.599,43.167,0,0.535,0.394,0.019,0.121,0.619,2.62,6.711,-4.409e-4,0,0.013,0.35,0.338,0.015,872.575,0.001,335.481,0.105,6.4,32.17
21.142,8.434,2643.063,456.9,0.262,0.003,59.689,43.167,0,0.535,0.394,0.019,0.121,0.615,2.501,6.446,-3.094e-4,0,0.013,0.35,0.338,0.011,872.651,0.001,335.484,0.106,6.4,32.17
21.165,8.043,2643.063,456.9,0.262,0.003,59.793,43.167,0,0.535,0.394,0.019,0.121,0.609,2.367,6.143,-3.293e-4,0,0.012,0.35,0.338,0.006,872.735,0.001,335.487,0.107,6.4,32.17
21.192,7.625,2643.063,456.9,0.262,0.003,59.906,43.167,0,0.535,0.394,0.019,0.121,0.603,2.226,5.82,-2.697e-4,0,0.012,0.35,0.338,0.001,872.834,0.001,335.49,0.107,6.4,32.17
21.22,7.415,2643.063,456.9,0.262,0.003,59.963,43.167,0,0.535,0.394,0.019,0.122,0.6,2.156,5.658,-1.762e-5,0,0.012,0.35,0.338,-1.581e-4,872.936,0.001,335.494,0.108,6.4,32.17
21.244,7.398,2643.063,456.9,0.262,0.003,59.968,43.167,0,0.535,0.394,0.02,0.122,0.6,2.15,5.647,-4.367e-4,0,0.012,0.35,0.338,-0.003,873.027,0.001,335.498,0.109,6.4,32.17
21.266,7.467,2643.063,456.9,0.262,0.003,59.949,43.167,0,0.535,0.394,0.02,0.122,0.601,2.173,5.706,-3.333e-4,0,0.012,0.35,0.338,-0.009,873.11,0.001,335.501,0.109,6.4,32.17
21.288,7.605,2643.063,456.9,0.262,0.003,59.911,43.167,0,0.536,0.394,0.02,0.122,0.603,2.219,5.821,3.486e-4,0,0.012,0.35,0.338,-0.015,873.191,0.001,335.504,0.11,6.4,32.17
21.309,7.822,2643.063,456.9,0.262,0.003,59.852,43.167,0,0.536,0.394,0.02,0.122,0.606,2.292,5.998,2.322e-4,0,0.012,0.35,0.339,-0.021,873.27,0.001,335.507,0.11,6.4,32.17
21.33,8.108,2643.063,456.9,0.262,0.003,59.775,43.167,0,0.536,0.394,0.02,0.122,0.61,2.389,6.225,4.916e-4,0,0.012,0.35,0.339,-0.025,873.35,0.001,335.509,0.111,6.4,32.17
21.351,8.414,2643.063,456.9,0.262,0.003,59.694,43.167,0,0.536,0.394,0.02,0.122,0.615,2.495,6.468,-2.563e-4,0,0.012,0.35,0.339,-0.026,873.432,0.001,335.513,0.111,6.4,32.17
21.373,8.695,2643.063,456.9,0.262,0.003,59.621,43.167,0,0.536,0.394,0.02,0.122,0.619,2.592,6.688,-2.741e-4,0,0.012,0.35,0.339,-0.025,873.517,0.001,335.516,0.112,6.4,32.17
21.397,8.975,2643.063,456.9,0.262,0.003,59.549,43.167,0,0.536,0.394,0.02,0.122,0.623,2.69,6.905,-1.095e-4,0,0.011,0.35,0.339,-0.021,873.61,0.001,335.519,0.113,6.4,32.17
21.418,9.209,2643.063,456.9,0.262,0.003,59.489,43.167,0,0.536,0.394,0.02,0.122,0.626,2.772,7.087,2.924e-4,0,0.011,0.35,0.339,-0.017,873.692,0.001,335.522,0.113,6.4,32.17
21.437,9.381,2643.063,456.9,0.262,0.003,59.446,43.167,0,0.536,0.394,0.02,0.122,0.629,2.833,7.219,4.014e-4,0,0.011,0.35,0.339,-0.012,873.765,0.001,335.525,0.114,6.4,32.17
21.454,9.501,2643.063,456.9,0.262,0.003,59.416,43.167,0,0.536,0.394,0.02,0.122,0.63,2.876,7.311,-2.839e-4,0,0.011,0.35,0.339,-0.009,873.833,0.001,335.527,0.114,6.4,32.17
21.47,9.583,2643.063,456.9,0.262,0.003,59.396,43.167,0,0.536,0.394,0.02,0.122,0.632,2.905,7.372,3.086e-4,0,0.011,0.35,0.339,-0.005,873.897,0.001,335.53,0.114,6.4,32.17
21.486,9.623,2643.063,456.9,0.262,0.003,59.386,43.167,0,0.536,0.394,0.02,0.122,0.632,2.919,7.402,-3.192e-4,0,0.011,0.35,0.339,-0.003,873.959,0.001,335.532,0.115,6.4,32.17
21.501,9.62,2643.063,456.9,0.262,0.003,59.387,43.167,0,0.536,0.394,0.02,0.122,0.632,2.919,7.398,-4.421e-4,0,0.011,0.35,0.339,-0.001,874.019,0.001,335.534,0.115,6.4,32.17
21.516,9.53,2643.063,456.9,0.262,0.003,59.41,43.167,0,0.536,0.394,0.02,0.122,0.631,2.886,7.326,-4.986e-4,0,0.011,0.35,0.34,-2.872e-4,874.078,0.001,335.536,0.116,6.4,32.17
21.531,9.408,2643.063,456.9,0.262,0.003,59.44,43.167,0,0.536,0.394,0.02,0.122,0.629,2.843,7.229,4.677e-4,0,0.011,0.35,0.34,1.436e-6,874.138,0.001,335.539,0.116,6.4,32.17
21.546,9.254,2643.063,456.9,0.262,0.003,59.48,43.167,0,0.536,0.394,0.02,0.122,0.627,2.788,7.106,-3.066e-4,0,0.011,0.35,0.34,3.591e-4,874.198,0.001,335.541,0.116,6.4,32.17
21.561,9.1,2643.063,456.9,0.262,0.003,59.519,43.167,0,0.536,0.394,0.02,0.122,0.625,2.734,6.984,-4.652e-4,0,0.01,0.35,0.34,0.001,874.26,0.001,335.543,0.117,6.4,32.17
21.577,8.922,2643.063,456.9,0.262,0.003,59.565,43.167,0,0.536,0.394,0.02,0.122,0.622,2.671,6.842,1.408e-4,0,0.01,0.35,0.34,0.003,874.323,0.001,335.546,0.117,6.4,32.17
21.593,8.701,2643.063,456.9,0.262,0.003,59.622,43.167,0,0.536,0.394,0.02,0.122,0.619,2.594,6.665,8.866e-5,0,0.01,0.35,0.34,0.005,874.39,0.001,335.548,0.118,6.4,32.17
21.61,8.417,2643.063,456.9,0.262,0.003,59.697,43.167,0,0.536,0.394,0.02,0.122,0.615,2.496,6.439,3.609e-4,0,0.01,0.35,0.34,0.007,874.46,0.001,335.551,0.118,6.4,32.17
21.629,8.069,2643.063,456.9,0.262,0.003,59.789,43.167,0,0.536,0.394,0.02,0.122,0.611,2.376,6.162,2.926e-4,0,0.01,0.35,0.34,0.01,874.536,0.001,335.553,0.118,6.4,32.17
21.649,7.655,2643.063,456.9,0.262,0.003,59.902,43.167,0,0.536,0.394,0.02,0.122,0.605,2.236,5.836,3.675e-4,0,0.01,0.35,0.34,0.012,874.621,0.001,335.557,0.119,6.4,32.17
21.673,7.163,2643.063,456.9,0.262,0.003,60.038,43.167,0,0.536,0.394,0.02,0.122,0.598,2.072,5.45,-7.019e-6,0,0.01,0.35,0.34,0.013,874.721,0.001,335.56,0.12,6.4,32.17
21.697,6.701,2643.063,456.9,0.262,0.003,60.169,43.167,0,0.536,0.394,0.02,0.122,0.592,1.921,5.091,-3.689e-4,0,0.01,0.35,0.34,0.012,874.818,0.001,335.564,0.12,6.4,32.17
21.719,6.301,2643.063,456.9,0.262,0.003,60.284,43.167,0,0.536,0.394,0.02,0.122,0.586,1.792,4.783,-8.384e-5,0,0.01,0.35,0.341,0.009,874.91,0.001,335.567,0.121,6.4,32.17
21.74,5.976,2643.063,456.9,0.262,0.003,60.38,43.167,0,0.536,0.394,0.02,0.122,0.582,1.688,4.534,-3.63e-4,0,0.01,0.35,0.341,0.005,875.001,0.001,335.571,0.121,6.4,32.17
21.762,5.738,2643.063,456.9,0.262,0.003,60.451,43.167,0,0.536,0.394,0.02,0.122,0.579,1.613,4.354,-2.872e-4,0,0.01,0.35,0.341,0.001,875.094,0.001,335.574,0.122,6.4,32.17
21.785,5.599,2643.063,456.9,0.262,0.003,60.494,43.167,0,0.537,0.394,0.02,0.122,0.577,1.569,4.248,-4.585e-4,0,0.01,0.35,0.341,6.468e-6,875.19,0.001,335.578,0.122,6.4,32.17
21.809,5.597,2643.063,456.9,0.262,0.003,60.495,43.167,0,0.537,0.394,0.02,0.122,0.577,1.569,4.249,3.501e-4,0,0.01,0.35,0.341,-0.001,875.295,0.001,335.582,0.123,6.4,32.17
21.838,5.806,2643.063,456.9,0.262,0.003,60.433,43.167,0,0.537,0.394,0.02,0.122,0.58,1.634,4.416,4.248e-4,0,0.009,0.35,0.341,-0.007,875.416,0.001,335.586,0.124,6.4,32.17
21.864,6.126,2643.063,456.9,0.262,0.003,60.339,43.167,0,0.537,0.394,0.02,0.122,0.584,1.736,4.669,3.513e-4,0,0.009,0.35,0.341,-0.011,875.531,0.001,335.59,0.124,6.4,32.17
21.886,6.425,2643.063,456.9,0.262,0.003,60.252,43.167,0,0.537,0.394,0.02,0.122,0.588,1.831,4.902,-3.575e-4,0,0.009,0.35,0.341,-0.013,875.625,0.001,335.594,0.125,6.4,32.17
21.905,6.697,2643.063,456.9,0.262,0.003,60.174,43.167,0,0.537,0.394,0.021,0.122,0.592,1.92,5.114,3.838e-4,0,0.009,0.351,0.341,-0.013,875.71,0.001,335.597,0.126,6.4,32.17
21.923,6.923,2643.063,456.9,0.262,0.003,60.11,43.167,0,0.537,0.394,0.021,0.122,0.595,1.993,5.289,-2.257e-4,0,0.009,0.351,0.341,-0.012,875.789,0.001,335.6,0.126,6.4,32.17
21.94,7.122,2643.063,456.9,0.262,0.003,60.053,43.167,0,0.537,0.394,0.021,0.122,0.598,2.059,5.442,-3.067e-4,0,0.009,0.351,0.341,-0.01,875.865,0.001,335.603,0.126,6.4,32.17
21.957,7.31,2643.063,456.9,0.262,0.003,60.001,43.167,0,0.537,0.394,0.021,0.122,0.601,2.121,5.587,-3.299e-4,0,0.009,0.351,0.342,-0.008,875.94,0.001,335.605,0.127,6.4,32.17
21.974,7.489,2643.063,456.9,0.262,0.003,59.951,43.167,0,0.537,0.394,0.021,0.122,0.603,2.181,5.725,-1.128e-4,0,0.009,0.351,0.342,-0.005,876.015,0.001,335.608,0.127,6.4,32.17
21.991,7.633,2643.063,456.9,0.262,0.003,59.911,43.167,0,0.537,0.394,0.021,0.122,0.605,2.229,5.836,9.46e-5,0,0.009,0.351,0.342,-0.003,876.092,0.001,335.611,0.128,6.4,32.17
22.009,7.722,2643.063,456.9,0.262,0.003,59.887,43.167,0,0.537,0.394,0.021,0.122,0.607,2.259,5.904,-4.35e-4,0,0.009,0.351,0.342,-0.001,876.171,0.001,335.614,0.128,6.4,32.17
22.028,7.749,2643.063,456.9,0.262,0.003,59.879,43.167,0,0.537,0.394,0.021,0.122,0.607,2.268,5.924,4.686e-4,0,0.009,0.351,0.342,-2.91e-4,876.254,0.001,335.617,0.129,6.4,32.17
22.048,7.716,2643.063,456.9,0.262,0.003,59.888,43.167,0,0.537,0.394,0.021,0.122,0.607,2.257,5.897,2.96e-4,0,0.009,0.351,0.342,3.78e-5,876.345,0.001,335.62,0.129,6.4,32.17
22.067,7.699,2643.063,456.9,0.262,0.003,59.892,43.167,0,0.537,0.394,0.021,0.122,0.606,2.252,5.883,2.085e-4,0,0.008,0.351,0.342,7.79e-4,876.432,0.001,335.624,0.13,6.4,32.17
22.085,7.64,2643.063,456.9,0.262,0.003,59.908,43.167,0,0.537,0.394,0.021,0.122,0.606,2.232,5.836,4.451e-4,0,0.008,0.351,0.342,0.002,876.511,0.001,335.627,0.13,6.4,32.17
22.101,7.532,2643.063,456.9,0.262,0.003,59.938,43.167,0,0.537,0.394,0.021,0.122,0.604,2.195,5.749,1.636e-4,0,0.008,0.351,0.342,0.004,876.587,0.001,335.629,0.13,6.4,32.17
22.117,7.288,2643.063,456.9,0.262,0.003,60.006,43.167,0,0.537,0.394,0.021,0.122,0.601,2.114,5.556,3.467e-4,0,0.008,0.351,0.342,0.006,876.659,0.001,335.632,0.131,6.4,32.17
22.133,7.017,2643.063,456.9,0.262,0.003,60.082,43.167,0,0.537,0.394,0.021,0.122,0.597,2.024,5.343,-3.496e-4,0,0.008,0.351,0.342,0.008,876.731,0.001,335.635,0.131,6.4,32.17
22.149,6.721,2643.063,456.9,0.262,0.003,60.166,43.167,0,0.537,0.394,0.021,0.122,0.593,1.927,5.11,3.247e-4,0,0.008,0.351,0.342,0.01,876.805,0.001,335.637,0.132,6.4,32.17
22.165,6.495,2643.063,456.9,0.262,0.003,60.231,43.167,0,0.537,0.394,0.021,0.122,0.59,1.854,4.933,-4.15e-4,0,0.008,0.351,0.342,0.012,876.88,0.001,335.64,0.132,6.4,32.17
22.182,6.257,2643.063,456.9,0.262,0.003,60.301,43.167,0,0.537,0.394,0.021,0.122,0.587,1.778,4.747,6.237e-5,0,0.008,0.351,0.343,0.012,876.957,0.001,335.643,0.133,6.4,32.17
22.2,6.004,2643.063,456.9,0.262,0.003,60.376,43.167,0,0.537,0.394,0.021,0.122,0.584,1.697,4.552,2.136e-4,0,0.008,0.351,0.343,0.012,877.039,0.001,335.646,0.133,6.4,32.17
22.219,5.631,2643.063,456.9,0.262,0.003,60.488,43.167,0,0.537,0.394,0.021,0.122,0.579,1.579,4.264,-1.823e-4,0,0.008,0.351,0.343,0.01,877.127,0.001,335.649,0.134,6.4,32.17
22.241,5.259,2643.063,456.9,0.262,0.003,60.602,43.167,0,0.538,0.394,0.021,0.122,0.574,1.464,3.981,-6.052e-5,0,0.008,0.351,0.343,0.006,877.229,0.001,335.653,0.134,6.4,32.17
22.267,4.99,2643.063,456.9,0.262,0.003,60.686,43.167,0,0.538,0.394,0.021,0.122,0.571,1.381,3.779,-1.209e-5,0,0.008,0.351,0.343,0.002,877.355,0.001,335.658,0.135,6.4,32.17
22.292,4.915,2643.063,456.9,0.262,0.003,60.711,43.167,0,0.538,0.394,0.021,0.122,0.57,1.358,3.722,-2.511e-4,0,0.008,0.351,0.343,1.643e-6,877.472,0.001,335.662,0.135,6.4,32.17
22.314,4.953,2643.063,456.9,0.262,0.003,60.699,43.167,0,0.538,0.394,0.021,0.122,0.571,1.37,3.754,-4.789e-4,0,0.008,0.351,0.343,-0.001,877.576,0.001,335.666,0.136,6.4,32.17
22.335,5.088,2643.063,456.9,0.262,0.003,60.657,43.167,0,0.538,0.394,0.021,0.122,0.572,1.411,3.861,-2.663e-4,0,0.008,0.351,0.343,-0.004,877.675,0.001,335.67,0.137,6.4,32.17
22.356,5.301,2643.063,456.9,0.262,0.003,60.591,43.167,0,0.538,0.394,0.021,0.122,0.575,1.477,4.029,-3.248e-4,0,0.008,0.351,0.343,-0.008,877.773,0.001,335.673,0.137,6.4,32.17
22.377,5.569,2643.063,456.9,0.262,0.003,60.509,43.167,0,0.538,0.394,0.021,0.122,0.578,1.56,4.237,2.12e-4,0,0.008,0.351,0.343,-0.01,877.873,0.001,335.677,0.138,6.4,32.17
22.398,5.869,2643.063,456.9,0.262,0.003,60.419,43.167,0,0.538,0.394,0.021,0.122,0.582,1.655,4.471,-3.745e-4,0,0.008,0.351,0.343,-0.011,877.978,0.001,335.681,0.138,6.4,32.17
22.422,6.198,2643.063,456.9,0.262,0.003,60.321,43.167,0,0.538,0.394,0.021,0.123,0.587,1.759,4.724,-5.312e-5,0,0.007,0.351,0.343,-0.01,878.093,0.001,335.685,0.139,6.4,32.17
22.441,6.439,2643.063,456.9,0.262,0.003,60.251,43.167,0,0.538,0.394,0.021,0.123,0.59,1.837,4.911,4.187e-4,0,0.007,0.351,0.343,-0.008,878.185,0.001,335.689,0.139,6.4,32.17
22.458,6.607,2643.063,456.9,0.262,0.003,60.202,43.167,0,0.538,0.394,0.021,0.123,0.592,1.891,5.039,-3.837e-5,0,0.007,0.351,0.343,-0.006,878.267,0.001,335.692,0.14,6.4,32.17
22.473,6.71,2643.063,456.9,0.262,0.003,60.173,43.167,0,0.538,0.394,0.021,0.123,0.594,1.924,5.117,-2.245e-4,0,0.007,0.351,0.343,-0.004,878.342,0.001,335.694,0.14,6.4,32.17
22.488,6.77,2643.063,456.9,0.262,0.003,60.155,43.167,0,0.538,0.394,0.021,0.123,0.595,1.944,5.163,4.539e-4,0,0.007,0.351,0.344,-0.002,878.415,0.001,335.697,0.141,6.4,32.17
22.503,6.798,2643.063,456.9,0.262,0.003,60.147,43.167,0,0.538,0.394,0.022,0.123,0.595,1.953,5.183,2.406e-4,0,0.007,0.351,0.344,-0.001,878.485,0.001,335.7,0.141,6.4,32.17
22.517,6.82,2643.063,456.9,0.262,0.003,60.141,43.167,0,0.538,0.394,0.022,0.123,0.595,1.96,5.199,3.069e-4,0,0.007,0.351,0.344,-3.383e-4,878.554,0.001,335.702,0.141,6.4,32.17
22.531,6.81,2643.063,456.9,0.262,0.003,60.144,43.167,0,0.538,0.394,0.022,0.123,0.595,1.957,5.192,1.799e-4,0,0.007,0.351,0.344,-1.488e-5,878.623,0.001,335.705,0.142,6.4,32.17
22.545,6.768,2643.063,456.9,0.262,0.003,60.157,43.167,0,0.538,0.394,0.022,0.123,0.595,1.943,5.158,-3.019e-4,0,0.007,0.351,0.344,1.147e-4,878.692,0.001,335.707,0.142,6.4,32.17
22.559,6.673,2643.063,456.9,0.262,0.003,60.184,43.167,0,0.538,0.394,0.022,0.123,0.593,1.912,5.084,1.262e-4,0,0.007,0.351,0.344,6.58e-4,878.763,0.001,335.71,0.142,6.4,32.17
22.574,6.527,2643.063,456.9,0.262,0.003,60.226,43.167,0,0.538,0.394,0.022,0.123,0.591,1.865,4.969,3.059e-4,0,0.007,0.351,0.344,0.002,878.836,0.001,335.713,0.143,6.4,32.17
22.589,6.337,2643.063,456.9,0.262,0.003,60.282,43.167,0,0.538,0.394,0.022,0.123,0.589,1.804,4.82,-2.804e-5,0,0.007,0.351,0.344,0.003,878.914,0.001,335.716,0.143,6.4,32.17
22.606,6.097,2643.063,456.9,0.262,0.003,60.353,43.167,0,0.538,0.394,0.022,0.123,0.586,1.727,4.633,-3.862e-4,0,0.007,0.351,0.344,0.005,878.997,0.001,335.719,0.143,6.4,32.17
22.624,5.799,2643.063,456.9,0.262,0.003,60.442,43.167,0,0.538,0.394,0.022,0.123,0.582,1.633,4.4,-4.904e-4,0,0.007,0.351,0.344,0.006,879.09,0.001,335.722,0.144,6.4,32.17
22.646,5.419,2643.063,456.9,0.262,0.003,60.557,43.167,0,0.538,0.394,0.022,0.123,0.577,1.514,4.105,-1.873e-4,0,0.007,0.351,0.344,0.008,879.199,0.001,335.726,0.144,6.4,32.17
22.667,5.026,2643.063,456.9,0.262,0.003,60.679,43.167,0,0.539,0.394,0.022,0.123,0.573,1.392,3.802,-1.8e-4,0,0.007,0.351,0.344,0.008,879.307,0.001,335.73,0.145,6.4,32.17
22.688,4.663,2643.063,456.9,0.262,0.003,60.793,43.167,0,0.539,0.394,0.022,0.123,0.568,1.282,3.525,-2.003e-4,0,0.006,0.351,0.344,0.006,879.41,0.001,335.734,0.145,6.4,32.17
22.708,4.361,2643.063,456.9,0.262,0.003,60.89,43.167,0,0.539,0.394,0.022,0.123,0.565,1.191,3.295,8.414e-6,0,0.006,0.351,0.344,0.004,879.513,0.001,335.738,0.146,6.4,32.17
22.728,4.153,2643.063,456.9,0.262,0.003,60.957,43.167,0,0.539,0.394,0.022,0.123,0.563,1.13,3.138,-2.24e-4,0,0.006,0.351,0.344,0.001,879.619,0.001,335.742,0.147,6.4,32.17
22.75,4.04,2643.063,456.9,0.262,0.003,60.994,43.167,0,0.539,0.394,0.022,0.123,0.562,1.096,3.052,-2.123e-4,0,0.006,0.351,0.344,1.617e-6,879.73,0.001,335.746,0.147,6.4,32.17
22.774,3.939,2643.063,456.9,0.262,0.003,61.026,43.167,0,0.539,0.394,0.022,0.123,0.561,1.066,2.977,-5.87e-5,0,0.006,0.351,0.344,-0.001,879.855,0.001,335.75,0.148,6.4,32.17
22.804,4.052,2643.063,456.9,0.262,0.003,60.988,43.167,0,0.539,0.394,0.022,0.123,0.562,1.099,3.067,4.097e-4,0,0.006,0.351,0.345,-0.006,880.011,0.001,335.756,0.148,6.4,32.17
22.828,4.362,2643.063,456.9,0.262,0.003,60.888,43.167,0,0.539,0.394,0.022,0.123,0.565,1.192,3.309,-2.135e-4,0,0.006,0.351,0.345,-0.009,880.135,0.001,335.761,0.149,6.4,32.17
22.848,4.649,2643.063,456.9,0.262,0.003,60.797,43.167,0,0.539,0.394,0.022,0.123,0.569,1.278,3.53,4.442e-4,0,0.006,0.351,0.345,-0.01,880.24,0.001,335.765,0.15,6.4,32.17
22.866,4.882,2643.063,456.9,0.262,0.003,60.724,43.167,0,0.539,0.394,0.022,0.123,0.571,1.348,3.709,4.839e-4,0,0.006,0.351,0.345,-0.009,880.336,0.001,335.768,0.15,6.4,32.17
22.884,5.086,2643.063,456.9,0.262,0.003,60.661,43.167,0,0.539,0.394,0.022,0.123,0.574,1.411,3.864,-9.492e-5,0,0.006,0.351,0.345,-0.008,880.428,0.001,335.772,0.15,6.4,32.17
22.901,5.259,2643.063,456.9,0.262,0.003,60.608,43.167,0,0.539,0.394,0.022,0.123,0.576,1.464,3.997,-1.252e-4,0,0.006,0.351,0.345,-0.006,880.519,0.001,335.775,0.151,6.4,32.17
22.918,5.407,2643.063,456.9,0.262,0.003,60.563,43.167,0,0.539,0.394,0.022,0.123,0.578,1.51,4.109,2.248e-4,0,0.006,0.351,0.345,-0.004,880.611,0.001,335.778,0.151,6.4,32.17
22.936,5.51,2643.063,456.9,0.262,0.003,60.532,43.167,0,0.539,0.394,0.022,0.123,0.579,1.542,4.187,-4.446e-4,0,0.006,0.351,0.345,-0.002,880.706,0.001,335.782,0.152,6.4,32.17
22.955,5.546,2643.063,456.9,0.262,0.003,60.522,43.167,0,0.539,0.394,0.022,0.123,0.58,1.553,4.212,-4.24e-4,0,0.006,0.351,0.345,-7.266e-4,880.807,0.001,335.786,0.152,6.4,32.17
22.976,5.481,2643.063,456.9,0.262,0.003,60.542,43.167,0,0.539,0.394,0.022,0.123,0.579,1.533,4.162,-4.405e-4,0,0.006,0.351,0.345,-4.515e-5,880.918,0.001,335.79,0.153,6.4,32.17
22.994,5.372,2643.063,456.9,0.262,0.003,60.576,43.167,0,0.539,0.394,0.022,0.123,0.578,1.499,4.079,4.111e-5,0,0.006,0.351,0.345,1.167e-4,881.016,0.001,335.793,0.153,6.4,32.17
23.011,5.23,2643.063,456.9,0.262,0.003,60.62,43.167,0,0.539,0.394,0.022,0.123,0.576,1.455,3.968,1.395e-4,0,0.006,0.351,0.345,6.803e-4,881.107,0.001,335.797,0.154,6.4,32.17
23.028,5.059,2643.063,456.9,0.262,0.003,60.673,43.167,0,0.539,0.394,0.022,0.123,0.574,1.403,3.835,1.293e-4,0,0.006,0.351,0.345,0.002,881.196,0.001,335.8,0.154,6.4,32.17
23.044,4.865,2643.063,456.9,0.262,0.003,60.734,43.167,0,0.54,0.394,0.023,0.123,0.572,1.343,3.685,1.447e-4,0,0.006,0.351,0.345,0.003,881.284,0.001,335.803,0.154,6.4,32.17
23.06,4.651,2643.063,456.9,0.262,0.003,60.801,43.167,0,0.54,0.394,0.023,0.123,0.569,1.278,3.519,1.414e-4,0,0.005,0.351,0.345,0.004,881.373,0.001,335.807,0.155,6.4,32.17
23.077,4.411,2643.063,456.9,0.262,0.003,60.877,43.167,0,0.54,0.394,0.023,0.123,0.567,1.206,3.335,4.978e-4,0,0.005,0.351,0.345,0.004,881.467,0.001,335.81,0.155,6.4,32.17
23.096,4.146,2643.063,456.9,0.262,0.003,60.963,43.167,0,0.54,0.394,0.023,0.123,0.564,1.127,3.13,-1.176e-4,0,0.005,0.351,0.345,0.005,881.567,0.001,335.814,0.156,6.4,32.17
23.116,3.847,2643.063,456.9,0.262,0.003,61.06,43.167,0,0.54,0.394,0.023,0.123,0.561,1.039,2.901,2.681e-4,0,0.005,0.351,0.345,0.005,881.68,0.001,335.818,0.156,6.4,32.17
23.141,3.518,2643.063,456.9,0.262,0.003,61.168,43.167,0,0.54,0.394,0.023,0.123,0.558,0.944,2.651,2.211e-4,0,0.006,0.351,0.345,0.003,881.814,0.001,335.823,0.157,6.4,32.17
23.17,3.257,2643.063,456.9,0.262,0.003,61.255,43.167,0,0.54,0.394,0.023,0.123,0.555,0.869,2.455,-1.566e-4,0,0.005,0.351,0.345,6.035e-4,881.977,0.001,335.829,0.158,6.4,32.17
23.195,3.204,2643.063,456.9,0.262,0.003,61.273,43.167,0,0.54,0.394,0.023,0.123,0.555,0.854,2.415,-1.391e-6,0,0.005,0.351,0.346,-9.248e-5,882.116,0.001,335.834,0.158,6.4,32.17
23.219,3.307,2643.063,456.9,0.262,0.003,61.239,43.167,0,0.54,0.394,0.023,0.123,0.556,0.883,2.495,-3.011e-4,0,0.005,0.351,0.346,-0.002,882.249,0.001,335.839,0.159,6.4,32.17
23.243,3.529,2643.063,456.9,0.262,0.003,61.165,43.167,0,0.54,0.394,0.023,0.123,0.558,0.947,2.667,-2.17e-4,0,0.005,0.351,0.346,-0.004,882.384,0.001,335.844,0.159,6.4,32.17
23.27,3.811,2643.063,456.9,0.262,0.003,61.073,43.167,0,0.54,0.394,0.023,0.123,0.561,1.029,2.884,2.636e-4,0,0.005,0.351,0.346,-0.005,882.533,0.001,335.85,0.16,6.4,32.17
23.294,4.072,2643.063,456.9,0.262,0.003,60.989,43.167,0,0.54,0.394,0.023,0.123,0.564,1.106,3.084,-2.725e-5,0,0.005,0.351,0.346,-0.004,882.671,0.001,335.855,0.161,6.4,32.17
23.314,4.31,2643.063,456.9,0.262,0.003,60.912,43.167,0,0.54,0.394,0.023,0.123,0.566,1.176,3.265,3.852e-4,0,0.005,0.351,0.346,-0.003,882.783,0.001,335.859,0.161,6.4,32.17
23.331,4.507,2643.063,456.9,0.262,0.003,60.85,43.167,0,0.54,0.394,0.023,0.123,0.568,1.235,3.416,-2.525e-4,0,0.005,0.351,0.346,-0.002,882.882,0.001,335.862,0.162,6.4,32.17
23.347,4.654,2643.063,456.9,0.262,0.003,60.803,43.167,0,0.54,0.394,0.023,0.123,0.57,1.28,3.527,-1.079e-4,0,0.005,0.351,0.346,-0.001,882.975,0.001,335.866,0.162,6.4,32.17
23.363,4.746,2643.063,456.9,0.262,0.003,60.774,43.167,0,0.54,0.394,0.023,0.123,0.571,1.307,3.598,3.662e-4,0,0.005,0.351,0.346,-4.685e-4,883.063,0.001,335.869,0.162,6.4,32.17
23.378,4.796,2643.063,456.9,0.262,0.003,60.759,43.167,0,0.54,0.394,0.023,0.123,0.572,1.323,3.636,-2.473e-4,0,0.005,0.351,0.346,-5.929e-5,883.151,0.001,335.872,0.163,6.4,32.17
23.394,4.806,2643.063,456.9,0.262,0.003,60.756,43.167,0,0.541,0.394,0.023,0.123,0.572,1.326,3.643,3.133e-4,0,0.005,0.351,0.346,4.466e-5,883.239,0.001,335.876,0.163,6.4,32.17
23.41,4.758,2643.063,456.9,0.262,0.003,60.771,43.167,0,0.541,0.394,0.023,0.123,0.572,1.311,3.606,3.329e-4,0,0.005,0.351,0.346,4.491e-4,883.33,0.001,335.879,0.163,6.4,32.17
23.426,4.652,2643.063,456.9,0.262,0.003,60.804,43.167,0,0.541,0.394,0.023,0.123,0.57,1.279,3.523,-2.076e-4,0,0.005,0.351,0.346,0.001,883.427,0.001,335.883,0.164,6.4,32.17
23.445,4.49,2643.063,456.9,0.262,0.003,60.855,43.167,0,0.541,0.394,0.023,0.124,0.569,1.23,3.398,2.515e-4,0,0.005,0.351,0.346,0.002,883.533,0.001,335.887,0.164,6.4,32.17
23.466,4.236,2643.063,456.9,0.262,0.003,60.936,43.167,0,0.541,0.394,0.023,0.124,0.566,1.155,3.202,6.757e-5,0,0.005,0.351,0.346,0.004,883.655,0.001,335.891,0.165,6.4,32.17
23.487,3.945,2643.063,456.9,0.262,0.003,61.03,43.167,0,0.541,0.394,0.023,0.124,0.563,1.068,2.977,3.323e-4,0,0.005,0.351,0.346,0.005,883.777,0.001,335.896,0.165,6.4,32.17
23.506,3.653,2643.063,456.9,0.262,0.003,61.126,43.167,0,0.541,0.394,0.024,0.124,0.56,0.983,2.754,1.523e-4,0,0.005,0.351,0.346,0.005,883.892,0.001,335.9,0.166,6.4,32.17
23.526,3.371,2643.063,456.9,0.262,0.003,61.221,43.167,0,0.541,0.394,0.024,0.124,0.558,0.902,2.539,1.548e-4,0,0.005,0.351,0.346,0.004,884.007,0.001,335.904,0.166,6.4,32.17
23.547,3.136,2643.063,456.9,0.262,0.003,61.3,43.167,0,0.541,0.394,0.024,0.124,0.556,0.835,2.363,3.462e-4,0,0.005,0.351,0.346,0.002,884.127,0.001,335.909,0.167,6.4,32.17
23.569,2.995,2643.063,456.9,0.262,0.003,61.349,43.167,0,0.541,0.394,0.024,0.124,0.554,0.795,2.257,-2.979e-4,0,0.005,0.351,0.346,1.767e-4,884.259,0.001,335.913,0.167,6.4,32.17
23.596,2.991,2643.063,456.9,0.262,0.003,61.352,43.167,0,0.541,0.394,0.024,0.124,0.554,0.793,2.255,1.193e-4,0,0.005,0.351,0.346,-5.132e-4,884.416,0.001,335.919,0.168,6.4,32.17
23.624,3.151,2643.063,456.9,0.262,0.003,61.299,43.167,0,0.541,0.394,0.024,0.124,0.556,0.839,2.38,-3.936e-4,0,0.005,0.351,0.346,-0.003,884.582,0.001,335.925,0.169,6.4,32.17
23.646,3.349,2643.063,456.9,0.262,0.003,61.232,43.167,0,0.541,0.394,0.024,0.124,0.558,0.895,2.531,-1.558e-4,0,0.005,0.351,0.346,-0.004,884.713,0.001,335.93,0.169,6.4,32.17
23.665,3.562,2643.063,456.9,0.262,0.003,61.161,43.167,0,0.541,0.394,0.024,0.124,0.56,0.957,2.695,4.925e-4,0,0.005,0.351,0.346,-0.004,884.831,0.001,335.935,0.17,6.4,32.17
23.684,3.769,2643.063,456.9,0.262,0.003,61.092,43.167,0,0.541,0.394,0.024,0.124,0.562,1.017,2.853,-1.248e-4,0,0.005,0.351,0.346,-0.004,884.944,0.001,335.939,0.17,6.4,32.17
23.703,3.949,2643.063,456.9,0.262,0.003,61.033,43.167,0,0.541,0.394,0.024,0.124,0.564,1.07,2.989,-8.138e-5,0,0.005,0.351,0.347,-0.003,885.057,0.001,335.943,0.171,6.4,32.17
23.722,4.072,2643.063,456.9,0.262,0.003,60.993,43.167,0,0.542,0.394,0.024,0.124,0.565,1.106,3.083,4.762e-4,0,0.005,0.351,0.347,-0.002,885.174,0.001,335.947,0.171,6.4,32.17
23.744,4.146,2643.063,456.9,0.262,0.003,60.969,43.167,0,0.542,0.394,0.024,0.124,0.566,1.128,3.137,4.149e-4,0,0.005,0.351,0.347,-8.13e-4,885.303,0.001,335.952,0.172,6.4,32.17
23.764,4.138,2643.063,456.9,0.262,0.003,60.971,43.167,0,0.542,0.394,0.024,0.124,0.566,1.126,3.132,9.505e-5,0,0.004,0.351,0.347,-1.523e-4,885.423,0.001,335.957,0.172,6.4,32.17
23.781,4.071,2643.063,456.9,0.262,0.003,60.992,43.167,0,0.542,0.394,0.024,0.124,0.565,1.106,3.08,1.2e-4,0,0.004,0.351,0.347,5.44e-6,885.532,0.001,335.961,0.173,6.4,32.17
23.798,3.962,2643.063,456.9,0.262,0.003,61.028,43.167,0,0.542,0.394,0.024,0.124,0.564,1.074,2.996,4.867e-4,0,0.004,0.351,0.347,2.434e-4,885.635,0.001,335.964,0.173,6.4,32.17
23.815,3.839,2643.063,456.9,0.262,0.003,61.068,43.167,0,0.542,0.394,0.024,0.124,0.563,1.037,2.901,-4.854e-4,0,0.004,0.351,0.347,7.426e-4,885.736,0.001,335.968,0.174,6.4,32.17
23.832,3.683,2643.063,456.9,0.262,0.003,61.12,43.167,0,0.542,0.394,0.024,0.124,0.561,0.992,2.782,1.828e-4,0,0.004,0.351,0.347,0.001,885.838,0.001,335.972,0.174,6.4,32.17
23.849,3.495,2643.063,456.9,0.262,0.003,61.183,43.167,0,0.542,0.394,0.024,0.124,0.56,0.937,2.637,-2.467e-4,0,0.004,0.351,0.347,0.002,885.943,0.001,335.976,0.174,6.4,32.17
23.867,3.285,2643.063,456.9,0.262,0.003,61.254,43.167,0,0.542,0.394,0.024,0.124,0.558,0.877,2.476,-1.897e-4,0,0.004,0.351,0.347,0.003,886.054,0.001,335.98,0.175,6.4,32.17
23.887,3.045,2643.063,456.9,0.262,0.003,61.336,43.167,0,0.542,0.394,0.024,0.124,0.556,0.809,2.293,9.376e-5,0,0.004,0.351,0.347,0.003,886.177,0.001,335.984,0.175,6.4,32.17
23.91,2.783,2643.063,456.9,0.262,0.003,61.427,43.167,0,0.542,0.394,0.024,0.124,0.554,0.735,2.096,-2.435e-4,0,0.004,0.351,0.347,0.002,886.323,0.001,335.99,0.176,6.4,32.17
23.941,2.547,2643.063,456.9,0.262,0.003,61.511,43.167,0,0.542,0.394,0.025,0.124,0.552,0.669,1.917,-7.654e-5,0,0.004,0.351,0.347,3.47e-4,886.513,0.001,335.997,0.177,6.4,32.17
23.966,2.446,2643.063,456.9,0.262,0.003,61.547,43.167,0,0.542,0.394,0.025,0.124,0.551,0.641,1.841,-3.176e-4,0,0.004,0.351,0.347,-1.004e-4,886.672,0.001,336.003,0.177,6.4,32.17
23.991,2.475,2643.063,456.9,0.262,0.003,61.536,43.167,0,0.542,0.394,0.025,0.124,0.552,0.649,1.865,-1.156e-4,0,0.004,0.351,0.347,-0.001,886.828,0.001,336.009,0.178,6.4,32.17
24.018,2.661,2643.063,456.9,0.262,0.003,61.47,43.167,0,0.542,0.394,0.025,0.124,0.553,0.701,2.008,3.837e-4,0,0.004,0.351,0.347,-0.003,886.995,0.001,336.015,0.179,6.4,32.17
24.049,2.952,2643.063,456.9,0.262,0.003,61.369,43.167,0,0.543,0.394,0.025,0.124,0.556,0.782,2.228,-4.048e-4,0,0.004,0.351,0.347,-0.003,887.193,0.001,336.022,0.179,6.4,32.17
24.071,3.125,2643.063,456.9,0.262,0.003,61.31,43.167,0,0.543,0.394,0.025,0.124,0.557,0.832,2.361,4.991e-4,0,0.004,0.351,0.347,-0.003,887.333,0.001,336.027,0.18,6.4,32.17
24.09,3.263,2643.063,456.9,0.262,0.003,61.263,43.167,0,0.543,0.394,0.025,0.124,0.558,0.871,2.464,4.71e-4,0,0.004,0.351,0.347,-0.002,887.454,0.001,336.032,0.18,6.4,32.17
24.108,3.363,2643.063,456.9,0.262,0.003,61.23,43.167,0,0.543,0.394,0.025,0.124,0.559,0.9,2.541,-4.333e-4,0,0.004,0.351,0.347,-0.001,887.569,0.001,336.036,0.181,6.4,32.17
24.125,3.417,2643.063,456.9,0.262,0.003,61.212,43.167,0,0.543,0.394,0.025,0.124,0.56,0.915,2.582,1.409e-4,0,0.004,0.351,0.348,-3.927e-4,887.681,0.001,336.04,0.181,6.4,32.17
24.143,3.424,2643.063,456.9,0.262,0.003,61.21,43.167,0,0.543,0.394,0.025,0.124,0.56,0.917,2.586,-7.219e-5,0,0.004,0.351,0.348,-2.868e-5,887.795,0.001,336.044,0.181,6.4,32.17
24.162,3.378,2643.063,456.9,0.262,0.003,61.226,43.167,0,0.543,0.394,0.025,0.124,0.56,0.904,2.551,-3.657e-5,0,0.004,0.351,0.348,9.788e-5,887.917,0.001,336.049,0.182,6.4,32.17
24.183,3.266,2643.063,456.9,0.262,0.003,61.265,43.167,0,0.543,0.394,0.025,0.124,0.559,0.872,2.465,-2.176e-5,0,0.004,0.351,0.348,6.636e-4,888.052,0.001,336.054,0.182,6.4,32.17
24.207,3.059,2643.063,456.9,0.262,0.003,61.336,43.167,0,0.543,0.394,0.025,0.124,0.557,0.813,2.307,1.388e-4,0,0.004,0.351,0.348,0.002,888.208,0.001,336.06,0.183,6.4,32.17
24.229,2.806,2643.063,456.9,0.262,0.003,61.424,43.167,0,0.543,0.394,0.025,0.124,0.555,0.741,2.112,2.677e-4,0,0.004,0.351,0.348,0.003,888.349,0.001,336.065,0.184,6.4,32.17
24.25,2.529,2643.063,456.9,0.262,0.003,61.521,43.167,0,0.543,0.394,0.025,0.124,0.553,0.664,1.902,-7.999e-5,0,0.004,0.351,0.348,0.003,888.488,0.001,336.07,0.184,6.4,32.17
24.273,2.285,2643.063,456.9,0.262,0.003,61.607,43.167,0,0.543,0.393,0.025,0.124,0.551,0.597,1.717,-5.358e-5,0,0.004,0.351,0.348,0.002,888.634,0.001,336.075,0.185,6.4,32.17
24.298,2.089,2643.063,456.9,0.262,0.003,61.676,43.167,0,0.543,0.393,0.025,0.124,0.55,0.543,1.57,4.204e-4,0,0.004,0.351,0.348,9.501e-4,888.796,0.001,336.081,0.185,6.4,32.17
24.328,2.031,2643.063,456.9,0.262,0.003,61.696,43.167,0,0.543,0.393,0.025,0.124,0.55,0.528,1.528,5.977e-5,0,0.004,0.351,0.348,-2.374e-5,888.999,0.001,336.089,0.186,6.4,32.17
24.359,2.209,2643.063,456.9,0.262,0.003,61.632,43.167,0,0.543,0.393,0.025,0.125,0.551,0.576,1.664,-4.8e-4,0,0.004,0.351,0.348,-0.001,889.203,0.001,336.097,0.187,6.4,32.17
24.384,2.462,2643.063,456.9,0.262,0.003,61.543,43.167,0,0.544,0.393,0.026,0.125,0.553,0.646,1.856,1.903e-4,0,0.004,0.352,0.348,-0.002,889.366,0.001,336.103,0.187,6.4,32.17
24.407,2.704,2643.063,456.9,0.262,0.003,61.459,43.167,0,0.544,0.393,0.026,0.125,0.555,0.713,2.041,3.686e-4,0,0.004,0.352,0.348,-0.002,889.519,0.001,336.108,0.188,6.4,32.17
24.431,2.904,2643.063,456.9,0.262,0.003,61.391,43.167,0,0.544,0.393,0.026,0.125,0.556,0.769,2.192,-5.256e-5,0,0.004,0.352,0.348,-0.002,889.676,0.001,336.114,0.188,6.4,32.17
24.456,3.066,2643.063,456.9,0.262,0.003,61.337,43.167,0,0.544,0.393,0.026,0.125,0.558,0.815,2.315,-1.314e-5,0,0.004,0.352,0.348,-6.917e-4,889.845,0.001,336.12,0.189,6.4,32.17
24.476,3.142,2643.063,456.9,0.262,0.003,61.312,43.167,0,0.544,0.393,0.026,0.125,0.559,0.837,2.372,-1.949e-4,0,0.004,0.352,0.348,-1.757e-4,889.979,0.001,336.125,0.189,6.4,32.17
24.494,3.16,2643.063,456.9,0.262,0.003,61.306,43.167,0,0.544,0.393,0.026,0.125,0.559,0.842,2.386,4.653e-4,0,0.003,0.352,0.348,-4.965e-7,890.1,0.001,336.13,0.19,6.4,32.17
24.511,3.124,2643.063,456.9,0.262,0.003,61.319,43.167,0,0.544,0.393,0.026,0.125,0.558,0.831,2.359,-2.132e-4,0,0.003,0.352,0.348,1.209e-4,890.214,0.001,336.134,0.19,6.4,32.17
24.528,3.043,2643.063,456.9,0.262,0.003,61.346,43.167,0,0.544,0.393,0.026,0.125,0.558,0.809,2.297,2.606e-4,0,0.003,0.352,0.348,4.713e-4,890.327,0.001,336.138,0.191,6.4,32.17
24.545,2.925,2643.063,456.9,0.262,0.003,61.387,43.167,0,0.544,0.393,0.026,0.125,0.557,0.775,2.206,4.979e-4,0,0.003,0.352,0.348,9.758e-4,890.443,0.001,336.142,0.191,6.4,32.17
24.563,2.78,2643.063,456.9,0.262,0.003,61.437,43.167,0,0.544,0.393,0.026,0.125,0.556,0.734,2.094,8.96e-5,0,0.003,0.352,0.348,0.002,890.566,0.001,336.147,0.191,6.4,32.17
24.583,2.59,2643.063,456.9,0.262,0.003,61.503,43.167,0,0.544,0.393,0.026,0.125,0.554,0.681,1.95,6.845e-6,0,0.003,0.352,0.348,0.002,890.702,0.001,336.152,0.192,6.4,32.17
24.607,2.336,2643.063,456.9,0.262,0.003,61.591,43.167,0,0.544,0.393,0.026,0.125,0.553,0.611,1.757,-7.889e-5,0,0.003,0.352,0.348,0.002,890.865,0.001,336.158,0.192,6.4,32.17
24.636,2.062,2643.063,456.9,0.262,0.003,61.688,43.167,0,0.544,0.393,0.026,0.125,0.551,0.536,1.551,7.248e-5,0,0.003,0.352,0.348,9.245e-4,891.063,0.001,336.165,0.193,6.4,32.17
24.662,1.936,2643.063,456.9,0.262,0.003,61.733,43.167,0,0.544,0.393,0.026,0.125,0.55,0.502,1.456,-4.347e-4,0,0.003,0.352,0.348,2.005e-5,891.24,0.001,336.172,0.194,6.4,32.17
24.688,1.959,2643.063,456.9,0.262,0.003,61.726,43.167,0,0.545,0.393,0.026,0.125,0.551,0.508,1.474,2.202e-4,0,0.003,0.352,0.348,-5.694e-4,891.42,0.001,336.179,0.194,6.4,32.17
24.718,2.139,2643.063,456.9,0.262,0.003,61.664,43.167,0,0.545,0.393,0.026,0.125,0.552,0.557,1.612,3.608e-4,0,0.003,0.352,0.348,-0.002,891.628,0.001,336.186,0.195,6.4,32.17
24.746,2.364,2643.063,456.9,0.262,0.003,61.585,43.167,0,0.545,0.393,0.026,0.125,0.553,0.619,1.783,1.65e-4,0,0.003,0.352,0.348,-0.002,891.818,0.001,336.193,0.196,6.4,32.17
24.767,2.562,2643.063,456.9,0.262,0.003,61.516,43.167,0,0.545,0.393,0.026,0.125,0.555,0.674,1.934,4.591e-4,0,0.003,0.352,0.348,-0.002,891.966,0.001,336.199,0.196,6.4,32.17
24.786,2.715,2643.063,456.9,0.262,0.003,61.462,43.167,0,0.545,0.393,0.026,0.125,0.556,0.716,2.049,8.296e-5,0,0.003,0.352,0.348,-0.001,892.099,0.001,336.204,0.197,6.4,32.17
24.804,2.819,2643.063,456.9,0.262,0.003,61.427,43.167,0,0.545,0.393,0.027,0.125,0.557,0.745,2.127,2.073e-4,0,0.003,0.352,0.348,-6.281e-4,892.227,0.001,336.208,0.197,6.4,32.17
24.823,2.867,2643.063,456.9,0.262,0.003,61.41,43.167,0,0.545,0.393,0.027,0.125,0.557,0.759,2.164,2.294e-4,0,0.003,0.352,0.348,-1.563e-4,892.356,0.001,336.213,0.198,6.4,32.17
24.842,2.861,2643.063,456.9,0.262,0.003,61.412,43.167,0,0.545,0.393,0.027,0.125,0.557,0.757,2.158,1.28e-4,0,0.003,0.352,0.348,2.044e-6,892.492,0.001,336.218,0.198,6.4,32.17
24.864,2.793,2643.063,456.9,0.262,0.003,61.435,43.167,0,0.545,0.393,0.027,0.125,0.557,0.738,2.106,4.055e-4,0,0.003,0.352,0.349,2.757e-4,892.645,0.001,336.224,0.199,6.4,32.17
24.886,2.657,2643.063,456.9,0.262,0.003,61.482,43.167,0,0.545,0.393,0.027,0.125,0.556,0.7,2.003,-3.269e-6,0,0.003,0.352,0.349,9.22e-4,892.802,0.001,336.23,0.199,6.4,32.17
24.907,2.457,2643.063,456.9,0.262,0.003,61.551,43.167,0,0.545,0.393,0.027,0.125,0.554,0.645,1.85,-2.276e-4,0,0.003,0.352,0.349,0.002,892.946,0.001,336.235,0.2,6.4,32.17
24.927,2.184,2643.063,456.9,0.262,0.003,61.648,43.167,0,0.545,0.393,0.027,0.125,0.553,0.57,1.643,-4.824e-4,0,0.003,0.352,0.349,0.002,893.089,0.001,336.24,0.2,6.4,32.17
24.948,1.897,2643.063,456.9,0.262,0.003,61.751,43.167,0,0.545,0.393,0.027,0.125,0.551,0.492,1.426,-4.874e-4,0,0.003,0.352,0.349,0.002,893.243,0.001,336.246,0.201,6.4,32.17
24.974,1.668,2643.063,456.9,0.262,0.003,61.836,43.167,0,0.545,0.393,0.027,0.125,0.55,0.43,1.254,9.613e-5,0,0.003,0.352,0.349,4.659e-4,893.424,0.001,336.253,0.201,6.4,32.17
25.009,1.586,2643.063,456.9,0.262,0.003,61.868,43.167,0,0.546,0.393,0.027,0.125,0.55,0.408,1.193,-1.606e-4,0,0.003,0.352,0.349,-3.312e-4,893.673,0.001,336.262,0.202,6.4,32.17
25.039,1.765,2643.063,456.9,0.262,0.003,61.803,43.167,0,0.546,0.393,0.027,0.125,0.551,0.456,1.33,2.098e-4,0,0.003,0.352,0.349,-0.002,893.891,0.001,336.27,0.203,6.4,32.17
25.066,2.03,2643.063,456.9,0.262,0.003,61.707,43.167,0,0.546,0.393,0.027,0.125,0.552,0.528,1.531,-1.463e-4,0,0.003,0.352,0.349,-0.002,894.085,0.001,336.277,0.203,6.4,32.17
25.094,2.294,2643.063,456.9,0.262,0.003,61.612,43.167,0,0.546,0.393,0.027,0.125,0.554,0.6,1.73,-1.235e-4,0,0.003,0.352,0.349,-0.002,894.29,0.001,336.285,0.204,6.4,32.17
25.118,2.436,2643.063,456.9,0.262,0.003,61.561,43.167,0,0.546,0.393,0.027,0.125,0.555,0.639,1.837,-2.508e-4,0,0.003,0.352,0.349,-6.547e-4,894.463,0.001,336.291,0.205,6.4,32.17
25.138,2.485,2643.063,456.9,0.262,0.003,61.544,43.167,0,0.546,0.393,0.027,0.125,0.556,0.652,1.874,-2.795e-4,0,0.003,0.352,0.349,-1.328e-4,894.607,0.001,336.297,0.205,6.4,32.17
25.156,2.483,2643.063,456.9,0.262,0.003,61.545,43.167,0,0.546,0.393,0.027,0.125,0.556,0.652,1.871,-1.364e-4,0,0.003,0.352,0.349,3.724e-6,894.741,0.001,336.302,0.205,6.4,32.17
25.174,2.449,2643.063,456.9,0.262,0.003,61.557,43.167,0,0.546,0.393,0.028,0.126,0.555,0.642,1.846,1.357e-4,0,0.003,0.352,0.349,2.148e-4,894.873,0.001,336.306,0.206,6.4,32.17
25.193,2.365,2643.063,456.9,0.262,0.003,61.587,43.167,0,0.546,0.393,0.028,0.126,0.555,0.619,1.781,7.978e-5,0,0.003,0.352,0.349,7.073e-4,895.006,0.001,336.311,0.206,6.4,32.17
25.212,2.2,2643.063,456.9,0.262,0.003,61.647,43.167,0,0.546,0.393,0.028,0.126,0.554,0.574,1.656,4.753e-5,0,0.003,0.352,0.349,0.001,895.149,0.001,336.317,0.207,6.4,32.17
25.234,1.941,2643.063,456.9,0.262,0.003,61.74,43.167,0,0.546,0.393,0.028,0.126,0.552,0.504,1.459,7.24e-5,0,0.003,0.352,0.349,0.002,895.314,0.001,336.323,0.207,6.4,32.17
25.264,1.618,2643.063,456.9,0.262,0.003,61.859,43.167,0,0.547,0.393,0.028,0.126,0.551,0.417,1.215,-2.288e-4,0,0.003,0.352,0.349,0.002,895.532,0.001,336.331,0.208,6.4,32.17
25.294,1.43,2643.063,456.9,0.262,0.003,61.929,43.167,0,0.547,0.393,0.028,0.126,0.55,0.367,1.075,-9.632e-5,0,0.003,0.352,0.349,3.959e-4,895.756,0.001,336.339,0.209,6.4,32.17
25.325,1.379,2643.063,456.9,0.262,0.003,61.947,43.167,0,0.547,0.393,0.028,0.126,0.55,0.353,1.036,4.687e-4,0,0.003,0.352,0.349,-2.888e-4,895.981,0.001,336.348,0.209,6.4,32.17
25.365,1.662,2643.063,456.9,0.262,0.003,61.842,43.167,0,0.547,0.393,0.028,0.126,0.551,0.428,1.252,4.661e-4,0,0.003,0.352,0.349,-0.002,896.283,0.001,336.359,0.21,6.4,32.17
25.391,1.923,2643.063,456.9,0.262,0.003,61.748,43.167,0,0.547,0.393,0.028,0.126,0.553,0.499,1.449,-2.971e-4,0,0.003,0.352,0.349,-0.002,896.476,0.001,336.366,0.211,6.4,32.17
25.413,2.106,2643.063,456.9,0.262,0.003,61.683,43.167,0,0.547,0.393,0.028,0.126,0.554,0.548,1.587,2.73e-4,0,0.003,0.352,0.349,-0.001,896.643,0.001,336.372,0.211,6.4,32.17
25.435,2.225,2643.063,456.9,0.262,0.003,61.641,43.167,0,0.547,0.393,0.028,0.126,0.555,0.581,1.677,-4.106e-4,0,0.003,0.352,0.349,-5.146e-4,896.805,0.001,336.378,0.212,6.4,32.17
25.457,2.277,2643.063,456.9,0.262,0.003,61.623,43.167,0,0.547,0.393,0.028,0.126,0.555,0.595,1.717,9.694e-5,0,0.003,0.352,0.349,-5.699e-5,896.976,0.001,336.384,0.212,6.4,32.17
25.483,2.238,2643.063,456.9,0.262,0.003,61.638,43.167,0,0.547,0.393,0.028,0.126,0.555,0.584,1.687,4.613e-5,0,0.003,0.352,0.349,1.035e-4,897.169,0.001,336.392,0.213,6.4,32.17
25.505,2.123,2643.063,456.9,0.262,0.003,61.68,43.167,0,0.547,0.393,0.028,0.126,0.554,0.553,1.599,-4.48e-5,0,0.003,0.352,0.349,5.783e-4,897.334,0.001,336.398,0.214,6.4,32.17
25.526,1.954,2643.063,456.9,0.262,0.003,61.741,43.167,0,0.547,0.393,0.029,0.126,0.554,0.507,1.471,-3.595e-4,0,0.003,0.352,0.349,0.001,897.491,0.001,336.403,0.214,6.4,32.17
25.547,1.74,2643.063,456.9,0.262,0.003,61.819,43.167,0,0.548,0.393,0.029,0.126,0.552,0.449,1.308,-5.632e-5,0,0.003,0.352,0.349,0.002,897.653,0.001,336.409,0.215,6.4,32.17
25.57,1.479,2643.063,456.9,0.262,0.003,61.915,43.167,0,0.548,0.393,0.029,0.126,0.551,0.38,1.11,-4.656e-4,0,0.003,0.352,0.349,0.002,897.833,0.001,336.416,0.215,6.4,32.17
25.6,1.204,2643.063,456.9,0.262,0.003,62.016,43.167,0,0.548,0.393,0.029,0.126,0.55,0.307,0.904,4.179e-4,0,0.003,0.352,0.35,5.495e-4,898.059,0.001,336.424,0.216,6.4,32.17
25.644,1.234,2643.063,456.9,0.262,0.003,62.004,43.167,0,0.548,0.393,0.029,0.126,0.55,0.315,0.928,2.637e-5,0,0.003,0.352,0.35,-8.035e-4,898.394,0.001,336.437,0.217,6.4,32.17
25.677,1.496,2643.063,456.9,0.262,0.003,61.909,43.167,0,0.548,0.393,0.029,0.126,0.552,0.384,1.127,2.198e-5,0,0.003,0.352,0.35,-0.002,898.652,0.001,336.446,0.218,6.4,32.17
25.714,1.781,2643.063,456.9,0.262,0.003,61.806,43.167,0,0.548,0.393,0.029,0.126,0.553,0.46,1.342,1.922e-4,0,0.002,0.352,0.35,-0.001,898.945,0.001,336.457,0.218,6.4,32.17
25.737,1.889,2643.063,456.9,0.262,0.003,61.767,43.167,0,0.548,0.393,0.029,0.126,0.554,0.49,1.423,6.486e-5,0,0.002,0.352,0.35,-5.952e-4,899.135,0.001,336.464,0.219,6.4,32.17
25.758,1.933,2643.063,456.9,0.262,0.003,61.752,43.167,0,0.548,0.393,0.029,0.126,0.554,0.501,1.457,1.225e-4,0,0.002,0.352,0.35,-1.431e-4,899.305,0.001,336.47,0.219,6.4,32.17
25.778,1.926,2643.063,456.9,0.262,0.003,61.755,43.167,0,0.548,0.393,0.029,0.126,0.554,0.5,1.451,-2.553e-4,0,0.002,0.352,0.35,8.71e-7,899.471,0.001,336.475,0.22,6.4,32.17
25.799,1.853,2643.063,456.9,0.262,0.003,61.781,43.167,0,0.549,0.393,0.029,0.126,0.554,0.48,1.396,2.581e-4,0,0.002,0.352,0.35,1.906e-4,899.642,0.001,336.482,0.22,6.4,32.17
25.822,1.712,2643.063,456.9,0.262,0.003,61.832,43.167,0,0.549,0.393,0.029,0.126,0.553,0.442,1.288,-2.792e-4,0,0.002,0.352,0.35,6.902e-4,899.831,0.001,336.488,0.221,6.4,32.17
25.85,1.462,2643.063,456.9,0.262,0.003,61.923,43.167,0,0.549,0.393,0.029,0.126,0.552,0.375,1.099,3.234e-4,0,0.002,0.352,0.35,0.001,900.062,0.001,336.496,0.221,6.4,32.17
25.883,1.122,2643.063,456.9,0.262,0.003,62.049,43.167,0,0.549,0.393,0.03,0.126,0.551,0.286,0.842,-4.675e-4,0,0.002,0.352,0.35,0.001,900.334,0.001,336.506,0.222,6.4,32.17
25.917,0.915,2643.063,456.9,0.262,0.003,62.128,43.167,0,0.549,0.393,0.03,0.126,0.55,0.232,0.687,3.571e-4,0,0.002,0.352,0.35,9.831e-8,900.62,0.001,336.516,0.223,6.4,32.17
25.967,1.271,2643.063,456.9,0.262,0.003,61.997,43.167,0,0.549,0.393,0.03,0.127,0.552,0.325,0.958,3.67e-4,0,0.002,0.352,0.35,-0.002,901.038,0.001,336.531,0.224,6.4,32.17
25.997,1.622,2643.063,456.9,0.262,0.003,61.867,43.167,0,0.549,0.393,0.03,0.127,0.553,0.418,1.222,3.407e-4,0,0.002,0.352,0.35,-0.001,901.285,0.001,336.539,0.225,6.4,32.17
26.023,1.792,2643.063,456.9,0.262,0.003,61.805,43.167,0,0.549,0.393,0.03,0.127,0.554,0.463,1.35,-3.263e-4,0,0.002,0.352,0.35,-3.875e-4,901.506,0.001,336.547,0.225,6.4,32.17
26.051,1.843,2643.063,456.9,0.262,0.003,61.786,43.167,0,0.549,0.393,0.03,0.127,0.555,0.477,1.389,-7.572e-5,0,0.002,0.352,0.35,-1.161e-6,901.747,0.001,336.556,0.226,6.4,32.17
26.075,1.782,2643.063,456.9,0.262,0.003,61.808,43.167,0,0.55,0.393,0.03,0.127,0.555,0.461,1.342,1.267e-4,0,0.002,0.352,0.35,2.04e-4,901.945,0.001,336.563,0.226,6.4,32.17
26.097,1.648,2643.063,456.9,0.262,0.003,61.857,43.167,0,0.55,0.393,0.03,0.127,0.554,0.425,1.24,-2.493e-4,0,0.002,0.352,0.35,7.267e-4,902.13,0.001,336.569,0.227,6.4,32.17
26.119,1.472,2643.063,456.9,0.262,0.003,61.922,43.167,0,0.55,0.393,0.03,0.127,0.553,0.378,1.107,4.351e-4,0,0.002,0.352,0.35,0.001,902.32,0.001,336.576,0.227,6.4,32.17
26.144,1.242,2643.063,456.9,0.262,0.003,62.008,43.167,0,0.55,0.393,0.03,0.127,0.552,0.317,0.932,-1.233e-4,0,0.002,0.352,0.35,0.002,902.529,0.001,336.583,0.228,6.4,32.17
26.175,0.953,2643.063,456.9,0.262,0.003,62.118,43.167,0,0.55,0.393,0.03,0.127,0.551,0.242,0.715,-4.996e-4,0,0.002,0.352,0.35,7.043e-4,902.796,0.001,336.593,0.229,6.4,32.17
26.221,0.959,2643.063,456.9,0.262,0.003,62.117,43.167,0,0.55,0.393,0.03,0.127,0.552,0.243,0.721,-2.077e-4,0,0.002,0.352,0.35,-8.394e-4,903.194,0.001,336.607,0.23,6.4,32.17
26.264,1.348,2643.063,456.9,0.262,0.003,61.97,43.167,0,0.55,0.393,0.031,0.127,0.553,0.345,1.015,4.222e-4,0,0.002,0.352,0.35,-0.002,903.559,0.001,336.62,0.231,6.4,32.17
26.292,1.574,2643.063,456.9,0.262,0.003,61.887,43.167,0,0.55,0.393,0.031,0.127,0.554,0.405,1.186,-4.63e-4,0,0.002,0.352,0.35,-8.357e-4,903.799,0.001,336.628,0.231,6.4,32.17
26.314,1.661,2643.063,456.9,0.262,0.003,61.855,43.167,0,0.55,0.393,0.031,0.127,0.555,0.428,1.251,-1.489e-4,0,0.002,0.352,0.35,-2.577e-4,903.991,0.001,336.635,0.232,6.4,32.17
26.335,1.656,2643.063,456.9,0.262,0.003,61.858,43.167,0,0.55,0.393,0.031,0.127,0.555,0.427,1.247,4.149e-4,0,0.002,0.352,0.35,-7.019e-6,904.174,0.001,336.641,0.232,6.4,32.17
26.356,1.586,2643.063,456.9,0.262,0.003,61.884,43.167,0,0.551,0.393,0.031,0.127,0.555,0.408,1.194,1.894e-4,0,0.002,0.353,0.35,1.105e-4,904.361,0.001,336.648,0.233,6.4,32.17
26.38,1.457,2643.063,456.9,0.262,0.003,61.932,43.167,0,0.551,0.393,0.031,0.127,0.554,0.374,1.097,-1.94e-4,0,0.002,0.353,0.35,5.162e-4,904.566,0.001,336.655,0.233,6.4,32.17
26.409,1.225,2643.063,456.9,0.262,0.003,62.02,43.167,0,0.551,0.393,0.031,0.127,0.553,0.313,0.92,1.397e-4,0,0.002,0.353,0.351,0.001,904.817,0.001,336.664,0.234,6.4,32.17
26.444,0.935,2643.063,456.9,0.262,0.003,62.13,43.167,0,0.551,0.393,0.031,0.127,0.552,0.237,0.703,-4.237e-4,0,0.002,0.353,0.351,7.69e-4,905.124,0.001,336.675,0.234,6.4,32.17
26.48,0.764,2643.063,456.9,0.262,0.003,62.194,43.167,0,0.551,0.393,0.031,0.127,0.552,0.193,0.574,1.005e-4,0,0.002,0.353,0.351,-2.084e-5,905.444,0.001,336.686,0.235,6.4,32.17
26.53,1.048,2643.063,456.9,0.262,0.003,62.086,43.167,0,0.551,0.393,0.031,0.127,0.553,0.267,0.789,-4.148e-4,0,0.002,0.353,0.351,-0.001,905.885,0.001,336.702,0.236,6.4,32.17
26.563,1.296,2643.063,456.9,0.262,0.003,61.994,43.167,0,0.551,0.393,0.031,0.127,0.554,0.332,0.976,-8.958e-5,0,0.002,0.353,0.351,-7.436e-4,906.172,0.001,336.712,0.237,6.4,32.17
26.594,1.432,2643.063,456.9,0.262,0.003,61.945,43.167,0,0.551,0.393,0.032,0.127,0.555,0.367,1.078,-2.096e-4,0,0.002,0.353,0.351,-1.663e-4,906.448,0.001,336.721,0.238,6.4,32.17
26.623,1.42,2643.063,456.9,0.262,0.003,61.951,43.167,0,0.552,0.393,0.032,0.127,0.555,0.364,1.069,4.39e-4,0,0.002,0.353,0.351,7.462e-6,906.71,0.001,336.731,0.238,6.4,32.17
26.648,1.314,2643.063,456.9,0.262,0.003,61.991,43.167,0,0.552,0.393,0.032,0.127,0.554,0.336,0.99,4.505e-4,0,0.002,0.353,0.351,2.249e-4,906.934,0.001,336.739,0.239,6.4,32.17
26.673,1.141,2643.063,456.9,0.262,0.003,62.056,43.167,0,0.552,0.393,0.032,0.127,0.554,0.291,0.859,-4.738e-4,0,0.002,0.353,0.351,5.802e-4,907.159,0.001,336.747,0.239,6.4,32.17
26.702,0.904,2643.063,456.9,0.262,0.003,62.145,43.167,0,0.552,0.393,0.032,0.127,0.553,0.229,0.679,-7.47e-5,0,0.002,0.353,0.351,7.165e-4,907.416,0.001,336.756,0.24,6.4,32.17
26.744,0.635,2643.063,456.9,0.262,0.003,62.246,43.167,0,0.552,0.393,0.032,0.128,0.553,0.16,0.476,-2.315e-4,0,0.002,0.353,0.351,5.866e-5,907.788,0.001,336.769,0.241,6.4,32.17
26.794,0.815,2643.063,456.9,0.262,0.003,62.18,43.167,0,0.552,0.393,0.032,0.128,0.553,0.206,0.614,-4.26e-4,0,0.002,0.353,0.351,-8.407e-4,908.24,0.001,336.785,0.242,6.4,32.17
26.84,1.179,2643.063,456.9,0.262,0.003,62.044,43.167,0,0.552,0.393,0.032,0.128,0.555,0.301,0.888,-3.461e-4,0,0.002,0.353,0.351,-4.26e-4,908.663,0.001,336.8,0.243,6.4,32.17
26.867,1.265,2643.063,456.9,0.262,0.003,62.012,43.167,0,0.552,0.393,0.032,0.128,0.555,0.323,0.952,2.507e-4,0,0.002,0.353,0.351,-6.915e-5,908.906,0.001,336.808,0.244,6.4,32.17
26.892,1.24,2643.063,456.9,0.262,0.003,62.021,43.167,0,0.553,0.392,0.032,0.128,0.555,0.317,0.933,-4.57e-4,0,0.002,0.353,0.351,1.989e-5,909.14,0.001,336.816,0.244,6.4,32.17
26.921,1.164,2643.063,456.9,0.262,0.003,62.049,43.167,0,0.553,0.392,0.032,0.128,0.555,0.297,0.876,-1.023e-4,0,0.002,0.353,0.351,3.131e-4,909.402,0.001,336.826,0.245,6.4,32.17
26.958,0.951,2643.063,456.9,0.262,0.003,62.129,43.167,0,0.553,0.392,0.033,0.128,0.554,0.241,0.714,-3.554e-7,0,0.002,0.353,0.351,8.493e-4,909.74,0.001,336.838,0.245,6.4,32.17
26.993,0.674,2643.063,456.9,0.262,0.003,62.234,43.167,0,0.553,0.392,0.033,0.128,0.554,0.17,0.507,-2.636e-4,0,0.002,0.353,0.351,5.305e-4,910.065,0.001,336.849,0.246,6.4,32.17
27.04,0.633,2643.063,456.9,0.262,0.003,62.254,43.167,0,0.553,0.392,0.033,0.128,0.554,0.159,0.476,-3.273e-5,0,0.002,0.353,0.351,-2.755e-4,910.494,0.001,336.864,0.247,6.4,32.17
27.089,0.982,2643.063,456.9,0.262,0.003,62.12,43.167,0,0.553,0.392,0.033,0.128,0.555,0.25,0.74,-4.441e-4,0,0.002,0.353,0.351,-7.939e-4,910.949,0.001,336.88,0.248,6.4,32.17
27.128,1.18,2643.063,456.9,0.262,0.003,62.045,43.167,0,0.553,0.392,0.033,0.128,0.556,0.301,0.889,2.944e-4,0,0.002,0.353,0.351,-1.844e-4,911.318,0.001,336.893,0.249,6.4,32.17
27.157,1.196,2643.063,456.9,0.262,0.003,62.039,43.167,0,0.554,0.392,0.033,0.128,0.556,0.305,0.901,-4.006e-4,0,0.002,0.353,0.351,5.004e-8,911.583,0.001,336.903,0.25,6.4,32.17
27.182,1.134,2643.063,456.9,0.262,0.003,62.062,43.167,0,0.554,0.392,0.033,0.128,0.556,0.289,0.854,1.071e-4,0,0.002,0.353,0.351,1.492e-4,911.822,0.001,336.911,0.25,6.4,32.17
27.208,0.969,2643.063,456.9,0.262,0.003,62.125,43.167,0,0.554,0.392,0.033,0.128,0.555,0.246,0.729,-4.519e-4,0,0.002,0.353,0.351,4.949e-4,912.066,0.001,336.92,0.251,6.4,32.17
27.24,0.644,2643.063,456.9,0.262,0.003,62.251,43.167,0,0.554,0.392,0.033,0.128,0.555,0.162,0.483,-4.708e-4,0,0.002,0.353,0.351,7.137e-4,912.361,0.001,336.93,0.251,6.4,32.17
27.287,0.416,2643.063,456.9,0.262,0.003,62.341,43.167,0,0.554,0.392,0.033,0.128,0.554,0.104,0.312,1.025e-4,0,0.002,0.353,0.351,-1.203e-4,912.806,0.001,336.946,0.252,6.4,32.17
27.337,0.721,2643.063,456.9,0.262,0.003,62.221,43.167,0,0.554,0.392,0.034,0.128,0.555,0.182,0.544,2.5e-4,0,0.002,0.353,0.351,-8.065e-4,913.279,0.001,336.962,0.253,6.4,32.17
27.377,0.936,2643.063,456.9,0.262,0.003,62.14,43.167,0,0.554,0.392,0.034,0.128,0.556,0.238,0.705,-3.38e-4,0,0.002,0.353,0.351,-2.142e-4,913.659,0.001,336.976,0.254,6.4,32.17
27.409,0.97,2643.063,456.9,0.262,0.003,62.128,43.167,0,0.555,0.392,0.034,0.128,0.556,0.246,0.73,4.402e-4,0,0.002,0.353,0.351,0,913.964,0.001,336.986,0.255,6.4,32.17
27.443,0.865,2643.063,456.9,0.262,0.003,62.17,43.167,0,0.555,0.392,0.034,0.128,0.556,0.219,0.651,-3.984e-4,0,0.002,0.353,0.352,2.156e-4,914.292,0.001,336.998,0.255,6.4,32.17
27.486,0.557,2643.063,456.9,0.262,0.003,62.289,43.167,0,0.555,0.392,0.034,0.129,0.555,0.14,0.419,-4.851e-4,0,0.002,0.353,0.352,7.462e-4,914.698,0.001,337.012,0.256,6.4,32.17
27.536,0.207,2643.063,456.9,0.262,0.003,62.424,43.167,0,0.555,0.392,0.034,0.129,0.555,0.052,0.156,-3.536e-4,0,0.002,0.353,0.352,-1.013e-5,915.179,0.001,337.029,0.257,6.4,32.17
27.586,0.593,2643.063,456.9,0.262,0.003,62.276,43.167,0,0.555,0.392,0.034,0.129,0.556,0.149,0.446,2.446e-4,0,0.002,0.353,0.352,-7.258e-4,915.663,0.001,337.046,0.258,6.4,32.17
27.636,0.913,2643.063,456.9,0.262,0.003,62.155,43.167,0,0.556,0.392,0.035,0.129,0.557,0.232,0.688,-1.562e-4,0,0.001,0.353,0.352,-8.434e-5,916.148,0.001,337.063,0.259,6.4,32.17
27.668,0.931,2643.063,456.9,0.262,0.003,62.149,43.167,0,0.556,0.392,0.035,0.129,0.557,0.236,0.701,-2.866e-4,0,0.001,0.353,0.352,3.621e-5,916.464,0.001,337.075,0.26,6.4,32.17
27.698,0.811,2643.063,456.9,0.262,0.003,62.195,43.167,0,0.556,0.392,0.035,0.129,0.557,0.205,0.61,-3.664e-4,0,0.001,0.353,0.352,3.489e-4,916.753,0.001,337.085,0.261,6.4,32.17
27.731,0.57,2643.063,456.9,0.262,0.003,62.287,43.167,0,0.556,0.392,0.035,0.129,0.556,0.144,0.428,-3.744e-4,0,0.001,0.353,0.352,7.721e-4,917.081,0.001,337.096,0.261,6.4,32.17
27.781,0.267,2643.063,456.9,0.262,0.003,62.403,43.167,0,0.556,0.392,0.035,0.129,0.556,0.067,0.201,-4.848e-4,0,0.001,0.353,0.352,-5.154e-6,917.572,0.001,337.114,0.262,6.4,32.17
27.831,0.579,2643.063,456.9,0.262,0.003,62.286,43.167,0,0.556,0.392,0.035,0.129,0.557,0.146,0.436,4.592e-4,0,0.001,0.353,0.352,-7.393e-4,918.064,0.001,337.131,0.263,6.4,32.17
27.877,0.867,2643.063,456.9,0.262,0.003,62.176,43.167,0,0.557,0.392,0.035,0.129,0.558,0.22,0.653,-1.871e-4,0,0.001,0.353,0.352,-1.571e-4,918.517,0.001,337.147,0.264,6.4,32.17
27.91,0.913,2643.063,456.9,0.262,0.003,62.158,43.167,0,0.557,0.392,0.035,0.129,0.558,0.232,0.687,-3.228e-5,0,0.001,0.353,0.352,7.515e-6,918.845,0.001,337.159,0.265,6.4,32.17
27.946,0.748,2643.063,456.9,0.262,0.003,62.221,43.167,0,0.557,0.392,0.036,0.129,0.558,0.189,0.563,3.867e-5,0,0.001,0.353,0.352,3.22e-4,919.204,0.001,337.171,0.266,6.4,32.17
27.99,0.387,2643.063,456.9,0.262,0.003,62.359,43.167,0,0.557,0.392,0.036,0.129,0.557,0.097,0.291,-4.709e-4,0,0.001,0.353,0.352,6.95e-4,919.642,0.001,337.187,0.266,6.4,32.17
28.04,0.27,2643.063,456.9,0.262,0.003,62.409,43.167,0,0.557,0.392,0.036,0.129,0.557,0.068,0.203,3.529e-4,0,0.001,0.353,0.352,-5.527e-4,920.143,0.001,337.204,0.267,6.4,32.17
28.09,0.625,2643.063,456.9,0.262,0.003,62.27,43.167,0,0.557,0.392,0.036,0.129,0.558,0.158,0.47,-1.575e-4,0,0.001,0.353,0.352,-4.374e-4,920.645,0.001,337.222,0.268,6.4,32.17
28.136,0.78,2643.063,456.9,0.262,0.003,62.21,43.167,0,0.558,0.392,0.036,0.129,0.559,0.197,0.587,-3.78e-4,0,0.001,0.353,0.352,-9.673e-6,921.111,0.001,337.238,0.269,6.4,32.17
28.169,0.725,2643.063,456.9,0.262,0.003,62.232,43.167,0,0.558,0.392,0.036,0.129,0.559,0.183,0.546,4.73e-4,0,0.001,0.353,0.352,1.121e-4,921.441,0.001,337.25,0.27,6.4,32.17
28.204,0.532,2643.063,456.9,0.262,0.003,62.307,43.167,0,0.558,0.392,0.036,0.13,0.558,0.134,0.4,-4.253e-4,0,0.001,0.354,0.352,4.91e-4,921.794,0.001,337.263,0.27,6.4,32.17
28.254,0.273,2643.063,456.9,0.262,0.003,62.411,43.167,0,0.558,0.392,0.037,0.13,0.558,0.068,0.205,-2.565e-4,0,0.001,0.354,0.352,1.104e-4,922.303,0.001,337.28,0.271,6.4,32.17
28.304,0.487,2643.063,456.9,0.262,0.003,62.325,43.167,0,0.558,0.392,0.037,0.13,0.559,0.123,0.367,-4.448e-4,0,0.001,0.354,0.352,-4.355e-4,922.813,0.001,337.298,0.272,6.4,32.17
28.354,0.725,2643.063,456.9,0.262,0.003,62.236,43.167,0,0.558,0.392,0.037,0.13,0.559,0.183,0.546,4.746e-4,0,0.001,0.354,0.352,-1.249e-4,923.325,0.001,337.316,0.273,6.4,32.17
28.398,0.748,2643.063,456.9,0.262,0.003,62.229,43.167,0,0.559,0.392,0.037,0.13,0.56,0.189,0.563,3.745e-4,0,0.001,0.354,0.352,2.78e-5,923.776,0.001,337.332,0.274,6.4,32.17
28.435,0.605,2643.063,456.9,0.262,0.003,62.284,43.167,0,0.559,0.392,0.037,0.13,0.559,0.153,0.456,7.186e-5,0,0.001,0.354,0.352,3.099e-4,924.159,0.001,337.346,0.275,6.4,32.17
28.476,0.335,2643.063,456.9,0.262,0.003,62.389,43.167,0,0.559,0.392,0.037,0.13,0.559,0.084,0.252,-2.41e-4,0,0.001,0.354,0.352,4.656e-4,924.581,0.001,337.361,0.276,6.4,32.17
28.526,0.304,2643.063,456.9,0.262,0.003,62.401,43.167,0,0.559,0.392,0.037,0.13,0.559,0.076,0.229,4.612e-4,0,0.001,0.354,0.352,-4.391e-4,925.1,0.001,337.379,0.276,6.4,32.17
28.576,0.608,2643.063,456.9,0.262,0.003,62.285,43.167,0,0.559,0.392,0.038,0.13,0.56,0.153,0.458,-1.031e-4,0,0.001,0.354,0.353,-2.707e-4,925.62,0.001,337.397,0.277,6.4,32.17
28.616,0.676,2643.063,456.9,0.262,0.003,62.26,43.167,0,0.559,0.392,0.038,0.13,0.56,0.171,0.51,3.715e-4,0,0.001,0.354,0.353,-7.864e-6,926.034,0.001,337.412,0.278,6.4,32.17
28.651,0.583,2643.063,456.9,0.262,0.003,62.296,43.167,0,0.56,0.392,0.038,0.13,0.56,0.147,0.439,-4.177e-4,0,0.001,0.354,0.353,8.517e-5,926.401,0.001,337.425,0.279,6.4,32.17
28.695,0.339,2643.063,456.9,0.262,0.003,62.389,43.167,0,0.56,0.392,0.038,0.13,0.56,0.085,0.255,4.647e-4,0,0.001,0.354,0.353,3.313e-4,926.862,0.001,337.441,0.28,6.4,32.17
28.745,0.19,2643.063,456.9,0.262,0.003,62.45,43.167,0,0.56,0.392,0.038,0.13,0.56,0.047,0.143,4.571e-4,0,0.001,0.354,0.353,-1.919e-4,927.389,0.001,337.46,0.281,6.4,32.17
28.795,0.406,2643.063,456.9,0.262,0.003,62.366,43.167,0,0.56,0.392,0.038,0.13,0.56,0.102,0.305,-1.855e-4,0,0.001,0.354,0.353,-2.233e-4,927.916,0.001,337.478,0.281,6.4,32.17
28.845,0.637,2643.063,456.9,0.262,0.003,62.275,43.167,0,0.56,0.392,0.038,0.13,0.561,0.161,0.481,-1.5e-4,0,0.001,0.354,0.353,-1.536e-7,928.446,0.001,337.497,0.282,6.4,32.17
28.884,0.51,2643.063,456.9,0.262,0.003,62.325,43.167,0,0.561,0.392,0.038,0.13,0.561,0.128,0.384,2.315e-4,0,0.001,0.354,0.353,1.651e-4,928.868,0.001,337.512,0.283,6.4,32.17
28.929,0.225,2643.063,456.9,0.262,0.003,62.437,43.167,0,0.561,0.392,0.039,0.13,0.561,0.056,0.169,-2.859e-4,0,0.001,0.354,0.353,3.564e-4,929.348,0.001,337.529,0.284,6.4,32.17
28.979,0.222,2643.063,456.9,0.262,0.003,62.439,43.167,0,0.561,0.392,0.039,0.131,0.561,0.055,0.167,-6.329e-5,0,0.001,0.354,0.353,-2.864e-4,929.882,0.001,337.548,0.285,6.4,32.17
29.029,0.456,2643.063,456.9,0.262,0.003,62.348,43.167,0,0.561,0.392,0.039,0.131,0.561,0.115,0.343,1.61e-4,0,0.001,0.354,0.353,-1.511e-4,930.418,0.001,337.567,0.286,6.4,32.17
29.078,0.536,2643.063,456.9,0.262,0.003,62.318,43.167,0,0.561,0.392,0.039,0.131,0.562,0.135,0.404,8.285e-5,0,0.001,0.354,0.353,3.508e-7,930.943,0.001,337.585,0.287,6.4,32.17
29.123,0.435,2643.063,456.9,0.262,0.003,62.359,43.167,0,0.561,0.392,0.039,0.131,0.562,0.109,0.328,9.373e-5,0,0.001,0.354,0.353,1.44e-4,931.425,0.001,337.602,0.287,6.4,32.17
29.173,0.185,2643.063,456.9,0.262,0.003,62.458,43.167,0,0.562,0.392,0.039,0.131,0.562,0.046,0.139,-3.773e-4,0,0.001,0.354,0.353,1.312e-4,931.966,0.001,337.621,0.288,6.4,32.17
29.223,0.268,2643.063,456.9,0.262,0.003,62.424,43.167,0,0.562,0.392,0.039,0.131,0.562,0.067,0.202,4.362e-4,0,0.001,0.354,0.353,-2.58e-4,932.508,0.001,337.64,0.289,6.4,32.17
29.273,0.449,2643.063,456.9,0.262,0.003,62.356,43.167,0,0.562,0.392,0.04,0.131,0.562,0.113,0.339,2.557e-5,0,0.001,0.354,0.353,-6.262e-5,933.052,0.001,337.659,0.29,6.4,32.17
29.323,0.436,2643.063,456.9,0.262,0.003,62.362,43.167,0,0.562,0.392,0.04,0.131,0.563,0.11,0.329,4.612e-4,0,0.001,0.354,0.353,2.379e-5,933.598,0.001,337.679,0.291,6.4,32.17
29.372,0.252,2643.063,456.9,0.262,0.003,62.435,43.167,0,0.562,0.391,0.04,0.131,0.563,0.063,0.19,3.413e-4,0,9.885e-4,0.354,0.353,1.889e-4,934.136,0.001,337.698,0.292,6.4,32.17
29.422,0.157,2643.063,456.9,0.262,0.003,62.472,43.167,0,0.563,0.391,0.04,0.131,0.563,0.039,0.119,-2.842e-4,0,9.707e-4,0.354,0.353,-1.053e-4,934.685,0.001,337.717,0.293,6.4,32.17
29.472,0.343,2643.063,456.9,0.262,0.003,62.401,43.167,0,0.563,0.391,0.04,0.131,0.563,0.086,0.259,1.121e-4,0,9.693e-4,0.354,0.353,-9.465e-5,935.236,0.001,337.736,0.293,6.4,32.17
29.522,0.397,2643.063,456.9,0.262,0.003,62.379,43.167,0,0.563,0.391,0.04,0.131,0.563,0.1,0.299,4.403e-5,0,9.581e-4,0.354,0.353,7.58e-7,935.789,0.001,337.756,0.294,6.4,32.17
29.572,0.307,2643.063,456.9,0.262,0.003,62.414,43.167,0,0.563,0.391,0.04,0.131,0.563,0.077,0.231,-3.688e-4,0,9.391e-4,0.354,0.353,1.207e-4,936.343,0.001,337.775,0.295,6.4,32.17
29.622,0.122,2643.063,456.9,0.262,0.003,62.488,43.167,0,0.563,0.391,0.041,0.131,0.563,0.03,0.092,2.078e-4,0,9.311e-4,0.354,0.353,3.895e-5,936.899,0.001,337.795,0.296,6.4,32.17
29.672,0.242,2643.063,456.9,0.262,0.003,62.441,43.167,0,0.564,0.391,0.041,0.131,0.564,0.061,0.183,5.074e-5,0,9.195e-4,0.354,0.353,-1.562e-4,937.457,0.001,337.815,0.297,6.4,32.17
29.722,0.368,2643.063,456.9,0.262,0.003,62.392,43.167,0,0.564,0.391,0.041,0.132,0.564,0.092,0.277,-3.95e-4,0,9.099e-4,0.354,0.353,-2.345e-5,938.016,0.001,337.834,0.298,6.4,32.17
29.772,0.31,2643.063,456.9,0.262,0.003,62.415,43.167,0,0.564,0.391,0.041,0.132,0.564,0.078,0.233,-1.643e-4,0,8.888e-4,0.354,0.353,3.173e-5,938.577,0.001,337.854,0.298,6.4,32.17
29.822,0.114,2643.063,456.9,0.262,0.003,62.494,43.167,0,0.564,0.391,0.041,0.132,0.564,0.028,0.085,-4.145e-4,0,8.798e-4,0.354,0.354,1.028e-4,939.139,0.001,337.874,0.299,6.4,32.17
29.872,0.117,2643.063,456.9,0.262,0.003,62.492,43.167,0,0.564,0.391,0.041,0.132,0.564,0.029,0.088,6.648e-5,0,8.767e-4,0.354,0.354,-1.161e-4,939.703,0.001,337.894,0.3,6.4,32.17
29.922,0.245,2643.063,456.9,0.262,0.003,62.443,43.167,0,0.565,0.391,0.041,0.132,0.565,0.061,0.185,-1.351e-4,0,8.786e-4,0.354,0.354,-3.148e-5,940.269,0.001,337.914,0.301,6.4,32.17
29.972,0.252,2643.063,456.9,0.262,0.003,62.441,43.167,0,0.565,0.391,0.042,0.132,0.565,0.063,0.19,8.868e-5,0,8.696e-4,0.354,0.354,5.5e-6,940.836,0.001,337.934,0.302,6.4,32.17
30.022,0.137,2643.063,456.9,0.262,0.003,62.489,43.167,0,0.565,0.391,0.042,0.132,0.565,0.034,0.103,-4.645e-4,0,8.553e-4,0.355,0.354,6.767e-5,941.405,0.001,337.954,0.303,6.4,32.17
30.072,0.082,2643.063,456.9,0.262,0.003,62.509,43.167,0,0.565,0.391,0.042,0.132,0.565,0.02,0.061,1.084e-5,0,8.391e-4,0.355,0.354,-4.701e-5,941.975,0.001,337.974,0.303,6.4,32.17
30.122,0.233,2643.063,456.9,0.262,0.003,62.452,43.167,0,0.565,0.391,0.042,0.132,0.565,0.058,0.176,1.754e-4,0,8.241e-4,0.355,0.354,-2.488e-5,942.547,0.001,337.994,0.304,6.4,32.17
30.172,0.277,2643.063,456.9,0.262,0.003,62.436,43.167,0,0.566,0.391,0.042,0.132,0.566,0.069,0.209,-4.504e-4,0,8.134e-4,0.355,0.354,6.953e-6,943.121,0.001,338.014,0.305,6.4,32.17
30.222,0.212,2643.063,456.9,0.262,0.003,62.462,43.167,0,0.566,0.391,0.042,0.132,0.566,0.053,0.16,-4.448e-4,0,7.962e-4,0.355,0.354,8.569e-5,943.696,0.001,338.035,0.306,6.4,32.17
30.272,0.096,2643.063,456.9,0.262,0.003,62.506,43.167,0,0.566,0.391,0.043,0.132,0.566,0.024,0.072,-2.775e-4,0,7.865e-4,0.355,0.354,2.541e-5,944.272,0.001,338.055,0.307,6.4,32.17
30.322,0.213,2643.063,456.9,0.262,0.003,62.464,43.167,0,0.566,0.391,0.043,0.132,0.566,0.053,0.16,4.419e-4,0,7.939e-4,0.355,0.354,-1.163e-4,944.85,0.001,338.075,0.307,6.4,32.17
30.372,0.328,2643.063,456.9,0.262,0.003,62.418,43.167,0,0.566,0.391,0.043,0.132,0.567,0.082,0.248,-1.111e-4,0,7.869e-4,0.355,0.354,-7.139e-6,945.43,0.001,338.096,0.308,6.4,32.17
30.422,0.275,2643.063,456.9,0.262,0.003,62.438,43.167,0,0.567,0.391,0.043,0.132,0.567,0.069,0.208,1.162e-6,0,7.826e-4,0.355,0.354,4.16e-5,946.011,0.001,338.116,0.309,6.4,32.17
30.472,0.09,2643.063,456.9,0.262,0.003,62.511,43.167,0,0.567,0.391,0.043,0.132,0.567,0.022,0.068,-3.624e-4,0,7.643e-4,0.355,0.354,7.899e-5,946.594,0.001,338.137,0.31,6.4,32.17
30.522,0.177,2643.063,456.9,0.262,0.003,62.478,43.167,0,0.567,0.391,0.043,0.133,0.567,0.044,0.133,2.965e-4,0,7.542e-4,0.355,0.354,-1.021e-4,947.178,0.001,338.157,0.31,6.4,32.17
30.572,0.276,2643.063,456.9,0.262,0.003,62.439,43.167,0,0.567,0.391,0.043,0.133,0.567,0.069,0.208,2.339e-5,0,7.497e-4,0.355,0.354,-4.768e-6,947.764,0.001,338.178,0.311,6.4,32.17
30.622,0.209,2643.063,456.9,0.262,0.003,62.466,43.167,0,0.567,0.391,0.044,0.133,0.567,0.052,0.158,3.867e-4,0,7.533e-4,0.355,0.354,3.988e-5,948.351,0.001,338.199,0.312,6.4,32.17
30.672,0.041,2643.063,456.9,0.262,0.003,62.533,43.167,0,0.567,0.391,0.044,0.133,0.568,0.01,0.031,-3.499e-4,0,7.408e-4,0.355,0.354,1.006e-4,948.94,0.001,338.22,0.313,6.4,32.17
30.722,0.141,2643.063,456.9,0.262,0.003,62.495,43.167,0,0.568,0.391,0.044,0.133,0.568,0.035,0.106,-4.794e-4,0,7.337e-4,0.355,0.354,-7.354e-5,949.53,0.001,338.24,0.314,6.4,32.17
30.772,0.243,2643.063,456.9,0.262,0.003,62.455,43.167,0,0.568,0.391,0.044,0.133,0.568,0.061,0.184,1.018e-4,0,7.136e-4,0.355,0.354,-4.886e-6,950.122,0.001,338.261,0.314,6.4,32.17
30.822,0.27,2643.063,456.9,0.262,0.003,62.445,43.167,0,0.568,0.391,0.044,0.133,0.568,0.068,0.204,-7.035e-5,0,6.895e-4,0.355,0.354,3.549e-5,950.715,0.001,338.282,0.315,6.4,32.17
30.872,0.156,2643.063,456.9,0.262,0.003,62.491,43.167,0,0.568,0.391,0.044,0.133,0.568,0.039,0.118,2.219e-4,0,6.834e-4,0.355,0.354,1.772e-4,951.31,0.001,338.303,0.316,6.4,32.17
30.922,0.049,2643.063,456.9,0.262,0.003,62.534,43.167,0,0.568,0.391,0.045,0.133,0.568,0.012,0.038,-2.82e-4,0,6.798e-4,0.355,0.354,-2.26e-4,951.906,0.001,338.324,0.317,6.4,32.17
30.972,0.24,2643.063,456.9,0.262,0.003,62.46,43.167,0,0.569,0.391,0.045,0.133,0.569,0.06,0.181,-2.604e-4,0,6.811e-4,0.355,0.354,-1.033e-4,952.503,0.001,338.345,0.317,6.4,32.17
31.022,0.315,2643.063,456.9,0.262,0.003,62.432,43.167,0,0.569,0.391,0.045,0.133,0.569,0.079,0.238,3.504e-4,0,6.794e-4,0.355,0.354,-2.514e-8,953.102,0.001,338.366,0.318,6.4,32.17
31.072,0.211,2643.063,456.9,0.262,0.003,62.474,43.167,0,0.569,0.391,0.045,0.133,0.569,0.053,0.159,-2.562e-4,0,6.741e-4,0.355,0.354,8.308e-5,953.703,0.001,338.387,0.319,6.4,32.17
31.122,0.028,2643.063,456.9,0.262,0.003,62.544,43.167,0,0.569,0.391,0.045,0.133,0.569,0.007,0.021,2.377e-4,0,6.635e-4,0.355,0.354,-2.849e-5,954.305,0.001,338.409,0.319,6.4,32.17
31.172,0.198,2643.063,456.9,0.262,0.003,62.48,43.167,0,0.569,0.391,0.045,0.133,0.569,0.05,0.149,-4.95e-4,0,6.639e-4,0.355,0.354,-6.619e-5,954.923,0.001,338.43,0.32,6.4,32.17
31.222,0.246,2643.063,456.9,0.262,0.003,62.462,43.167,0,0.57,0.391,0.045,0.133,0.57,0.062,0.186,-8.032e-5,0,6.652e-4,0.355,0.354,-1.05e-6,955.557,0.001,338.451,0.321,6.4,32.17
31.272,0.179,2643.063,456.9,0.262,0.003,62.489,43.167,0,0.57,0.391,0.046,0.133,0.57,0.045,0.135,1.451e-4,0,6.561e-4,0.355,0.354,3.658e-5,956.194,0.001,338.473,0.322,6.4,32.17
31.322,0.023,2643.063,456.9,0.262,0.003,62.551,43.167,0,0.57,0.391,0.046,0.134,0.57,0.006,0.018,3.464e-4,0,6.398e-4,0.355,0.355,1.705e-5,956.831,0.001,338.494,0.322,6.4,32.17
31.372,0.153,2643.063,456.9,0.262,0.003,62.499,43.167,0,0.57,0.391,0.046,0.134,0.57,0.038,0.116,-3.461e-4,0,6.375e-4,0.355,0.355,-4.607e-5,957.47,0.001,338.516,0.323,6.4,32.17
31.422,0.202,2643.063,456.9,0.262,0.003,62.48,43.167,0,0.57,0.391,0.046,0.134,0.57,0.05,0.152,-2.437e-4,0,6.311e-4,0.355,0.355,0,958.111,0.001,338.537,0.324,6.4,32.17
31.472,0.172,2643.063,456.9,0.262,0.003,62.492,43.167,0,0.57,0.391,0.046,0.134,0.571,0.043,0.13,-2.456e-4,0,6.114e-4,0.355,0.355,3.244e-5,958.753,0.001,338.559,0.324,6.4,32.17
31.522,0.089,2643.063,456.9,0.262,0.003,62.526,43.167,0,0.571,0.391,0.046,0.134,0.571,0.022,0.068,-3.478e-4,0,5.995e-4,0.355,0.355,7.044e-5,959.397,0.001,338.58,0.325,6.4,32.17
31.572,0.073,2643.063,456.9,0.262,0.003,62.533,43.167,0,0.571,0.391,0.046,0.134,0.571,0.018,0.055,1.152e-4,0,5.914e-4,0.355,0.355,-6.396e-5,960.041,0.001,338.602,0.326,6.4,32.17
31.622,0.186,2643.063,456.9,0.262,0.003,62.488,43.167,0,0.571,0.391,0.047,0.134,0.571,0.047,0.141,3.752e-4,0,5.935e-4,0.355,0.355,-3.949e-5,960.688,0.001,338.624,0.327,6.4,32.17
31.672,0.208,2643.063,456.9,0.262,0.003,62.48,43.167,0,0.571,0.391,0.047,0.134,0.571,0.052,0.157,4.1e-4,0,5.85e-4,0.355,0.355,8.5e-7,961.335,0.001,338.645,0.327,6.4,32.17
31.722,0.12,2643.063,456.9,0.262,0.003,62.516,43.167,0,0.571,0.391,0.047,0.134,0.571,0.03,0.091,-2.237e-4,0,5.682e-4,0.355,0.355,6.581e-6,961.985,0.001,338.667,0.328,6.4,32.17
31.772,0.113,2643.063,456.9,0.262,0.003,62.522,43.167,0,0.572,0.391,0.047,0.134,0.572,0.028,0.085,-2.737e-4,0,5.738e-4,0.355,0.355,4.69e-7,962.635,0.001,338.689,0.329,6.4,32.17
31.822,0.108,2643.063,456.9,0.262,0.003,62.524,43.167,0,0.572,0.391,0.047,0.134,0.572,0.027,0.082,4.852e-4,0,5.721e-4,0.355,0.355,-3.453e-6,963.287,0.001,338.711,0.329,6.4,32.17
31.872,0.129,2643.063,456.9,0.262,0.003,62.514,43.167,0,0.572,0.391,0.047,0.134,0.572,0.032,0.097,-1.801e-4,0,5.717e-4,0.355,0.355,-2.068e-6,963.94,0.001,338.733,0.33,6.4,32.17
31.922,0.148,2643.063,456.9,0.262,0.003,62.507,43.167,0,0.572,0.391,0.047,0.134,0.572,0.037,0.112,2.77e-4,0,5.672e-4,0.355,0.355,1.038e-6,964.595,0.001,338.755,0.331,6.4,32.17
31.972,0.1,2643.063,456.9,0.262,0.003,62.527,43.167,0,0.572,0.391,0.047,0.134,0.572,0.025,0.075,-2.814e-4,0,5.574e-4,0.355,0.355,4.969e-6,965.251,0.001,338.777,0.331,6.4,32.17
32.022,0.107,2643.063,456.9,0.262,0.003,62.527,43.167,0,0.572,0.39,0.048,0.134,0.572,0.027,0.081,3.676e-5,0,5.464e-4,0.356,0.355,-6.94e-6,965.908,0.001,338.799,0.332,6.4,32.17
32.072,0.14,2643.063,456.9,0.262,0.003,62.515,43.167,0,0.573,0.39,0.048,0.134,0.573,0.035,0.106,1.726e-4,0,5.448e-4,0.356,0.355,-1.17e-8,966.567,0.001,338.821,0.333,6.4,32.17
32.122,0.121,2643.063,456.9,0.262,0.003,62.522,43.167,0,0.573,0.39,0.048,0.134,0.573,0.03,0.092,-1.784e-4,0,5.328e-4,0.356,0.355,7.025e-6,967.227,0.001,338.843,0.333,6.4,32.17
32.172,0.063,2643.063,456.9,0.262,0.003,62.544,43.167,0,0.573,0.39,0.048,0.134,0.573,0.016,0.048,4.527e-4,0,5.263e-4,0.356,0.355,1.248e-5,967.889,0.001,338.865,0.334,6.4,32.17
32.222,0.115,2643.063,456.9,0.262,0.003,62.525,43.167,0,0.573,0.39,0.048,0.135,0.573,0.029,0.087,-4.8e-4,0,5.27e-4,0.356,0.355,-2.776e-5,968.551,0.001,338.888,0.334,6.4,32.17
32.272,0.176,2643.063,456.9,0.262,0.003,62.502,43.167,0,0.573,0.39,0.048,0.135,0.573,0.044,0.133,-3.197e-6,0,5.234e-4,0.356,0.355,-1.554e-7,969.215,0.001,338.91,0.335,6.4,32.17
32.322,0.136,2643.063,456.9,0.262,0.003,62.519,43.167,0,0.573,0.39,0.048,0.135,0.574,0.034,0.103,-3.902e-4,0,5.227e-4,0.356,0.355,3.047e-5,969.881,0.001,338.932,0.336,6.4,32.17
32.372,0.023,2643.063,456.9,0.262,0.003,62.564,43.167,0,0.574,0.39,0.049,0.135,0.574,0.006,0.017,4.034e-4,0,5.14e-4,0.356,0.355,-9.499e-7,970.548,0.001,338.955,0.336,6.4,32.17
32.422,0.153,2643.063,456.9,0.262,0.003,62.511,43.167,0,0.574,0.39,0.049,0.135,0.574,0.038,0.116,-4.875e-4,0,4.99e-4,0.356,0.355,-2.238e-5,971.216,0.001,338.977,0.337,6.4,32.17
32.472,0.173,2643.063,456.9,0.262,0.003,62.503,43.167,0,0.574,0.39,0.049,0.135,0.574,0.043,0.131,2.726e-4,0,4.974e-4,0.356,0.355,2.497e-6,971.885,0.001,339,0.338,6.4,32.17
32.522,0.089,2643.063,456.9,0.262,0.003,62.537,43.167,0,0.574,0.39,0.049,0.135,0.574,0.022,0.067,4.647e-5,0,4.911e-4,0.356,0.355,2.383e-5,972.555,0.001,339.022,0.338,6.4,32.17
32.572,0.091,2643.063,456.9,0.262,0.003,62.54,43.167,0,0.574,0.39,0.049,0.135,0.574,0.023,0.069,3.957e-4,0,4.926e-4,0.356,0.355,-2.226e-5,973.227,0.001,339.045,0.339,6.4,32.17
32.622,0.156,2643.063,456.9,0.262,0.003,62.515,43.167,0,0.574,0.39,0.049,0.135,0.575,0.039,0.118,4.77e-4,0,4.852e-4,0.356,0.355,-1.782e-6,973.9,0.001,339.067,0.339,6.4,32.17
32.672,0.159,2643.063,456.9,0.262,0.003,62.513,43.167,0,0.575,0.39,0.049,0.135,0.575,0.04,0.12,-2.087e-4,0,4.732e-4,0.356,0.355,6.089e-6,974.575,0.001,339.09,0.34,6.4,32.17
32.722,0.095,2643.063,456.9,0.262,0.003,62.538,43.167,0,0.575,0.39,0.049,0.135,0.575,0.024,0.071,-3.356e-4,0,4.701e-4,0.356,0.355,1.841e-5,975.25,0.001,339.113,0.341,6.4,32.17
32.772,0.095,2643.063,456.9,0.262,0.003,62.54,43.167,0,0.575,0.39,0.05,0.135,0.575,0.024,0.072,8.98e-5,0,4.669e-4,0.356,0.355,-2.297e-5,975.927,0.001,339.135,0.341,6.4,32.17
32.822,0.175,2643.063,456.9,0.262,0.003,62.51,43.167,0,0.575,0.39,0.05,0.135,0.575,0.044,0.133,-1.904e-4,0,4.667e-4,0.356,0.355,-5.864e-6,976.605,0.001,339.158,0.342,6.4,32.17
32.872,0.153,2643.063,456.9,0.262,0.003,62.519,43.167,0,0.575,0.39,0.05,0.135,0.575,0.038,0.116,-2.344e-4,0,4.573e-4,0.356,0.355,1.255e-5,977.285,0.001,339.181,0.342,6.4,32.17
32.922,0.072,2643.063,456.9,0.262,0.003,62.55,43.167,0,0.575,0.39,0.05,0.135,0.575,0.018,0.055,2.973e-4,0,4.498e-4,0.356,0.355,-2.155e-8,977.965,0.001,339.204,0.343,6.4,32.17
32.972,0.12,2643.063,456.9,0.262,0.003,62.531,43.167,0,0.576,0.39,0.05,0.135,0.576,0.03,0.091,-2.836e-4,0,4.491e-4,0.356,0.355,-9.122e-6,978.647,0.001,339.227,0.344,6.4,32.17
33.022,0.167,2643.063,456.9,0.262,0.003,62.513,43.167,0,0.576,0.39,0.05,0.135,0.576,0.042,0.126,1.371e-4,0,4.343e-4,0.356,0.356,1.732e-6,979.33,0.001,339.25,0.344,6.4,32.17
33.072,0.122,2643.063,456.9,0.262,0.003,62.531,43.167,0,0.576,0.39,0.05,0.135,0.576,0.03,0.092,-3.094e-4,0,4.248e-4,0.356,0.356,6.886e-5,980.014,0.001,339.273,0.345,6.4,32.17
33.122,0.078,2643.063,456.9,0.262,0.003,62.549,43.167,0,0.576,0.39,0.05,0.136,0.576,0.019,0.059,-4.977e-4,0,4.339e-4,0.356,0.356,-9.316e-5,980.7,0.001,339.296,0.345,6.4,32.17
33.172,0.213,2643.063,456.9,0.262,0.003,62.497,43.167,0,0.576,0.39,0.051,0.136,0.576,0.053,0.162,6.22e-5,0,4.274e-4,0.356,0.356,-1.28e-5,981.386,0.001,339.319,0.346,6.4,32.17
33.222,0.193,2643.063,456.9,0.262,0.003,62.505,43.167,0,0.576,0.39,0.051,0.136,0.576,0.048,0.147,-1.345e-4,0,4.252e-4,0.356,0.356,1.625e-5,982.074,0.001,339.342,0.346,6.4,32.17
33.272,0.054,2643.063,456.9,0.262,0.003,62.561,43.167,0,0.577,0.39,0.051,0.136,0.577,0.013,0.041,4.535e-4,0,4.228e-4,0.356,0.356,8.484e-5,982.763,0.001,339.365,0.347,6.4,32.17
33.322,0.119,2643.063,456.9,0.262,0.003,62.538,43.167,0,0.577,0.39,0.051,0.136,0.577,0.03,0.09,2.332e-4,0,4.146e-4,0.356,0.356,-5.712e-5,983.453,0.001,339.388,0.348,6.4,32.17
33.372,0.192,2643.063,456.9,0.262,0.003,62.51,43.167,0,0.577,0.39,0.051,0.136,0.577,0.048,0.145,-2.948e-4,0,4.107e-4,0.356,0.356,-1.336e-6,984.145,0.001,339.411,0.348,6.4,32.17
33.422,0.108,2643.063,456.9,0.262,0.003,62.543,43.167,0,0.577,0.39,0.051,0.136,0.577,0.027,0.082,-2.285e-5,0,3.96e-4,0.356,0.356,3.678e-5,984.837,0.001,339.435,0.349,6.4,32.17
33.472,0.077,2643.063,456.9,0.262,0.003,62.556,43.167,0,0.577,0.39,0.051,0.136,0.577,0.019,0.059,-3.057e-4,0,3.931e-4,0.356,0.356,-3.428e-5,985.531,0.001,339.458,0.349,6.4,32.17
33.522,0.171,2643.063,456.9,0.262,0.003,62.517,43.167,0,0.577,0.39,0.051,0.136,0.577,0.043,0.13,-2.367e-4,0,3.974e-4,0.356,0.356,-6.798e-6,986.225,0.001,339.481,0.35,6.4,32.17
33.572,0.15,2643.063,456.9,0.262,0.003,62.525,43.167,0,0.577,0.39,0.051,0.136,0.577,0.037,0.113,4.999e-4,0,3.962e-4,0.356,0.356,1.205e-5,986.921,0.001,339.505,0.35,6.4,32.17
33.622,0.053,2643.063,456.9,0.262,0.003,62.566,43.167,0,0.578,0.39,0.052,0.136,0.578,0.013,0.04,7.914e-5,0,3.898e-4,0.356,0.356,1.949e-5,987.618,0.001,339.528,0.351,6.4,32.17
33.672,0.084,2643.063,456.9,0.262,0.003,62.552,43.167,0,0.578,0.39,0.052,0.136,0.578,0.021,0.063,4.162e-4,0,3.831e-4,0.356,0.356,-3.231e-5,988.316,0.001,339.551,0.351,6.4,32.17
33.722,0.12,2643.063,456.9,0.262,0.003,62.539,43.167,0,0.578,0.39,0.052,0.136,0.578,0.03,0.092,-1.421e-4,0,3.769e-4,0.356,0.356,-3.017e-6,989.016,0.001,339.575,0.352,6.4,32.17
33.772,0.106,2643.063,456.9,0.262,0.003,62.546,43.167,0,0.578,0.39,0.052,0.136,0.578,0.027,0.081,3.131e-4,0,3.803e-4,0.356,0.356,5.523e-6,989.716,0.001,339.598,0.352,6.4,32.17
33.822,0.044,2643.063,456.9,0.262,0.003,62.572,43.167,0,0.578,0.39,0.052,0.136,0.578,0.011,0.034,-2.991e-4,0,3.779e-4,0.356,0.356,2.971e-5,990.417,0.001,339.622,0.353,6.4,32.17
33.872,0.084,2643.063,456.9,0.262,0.003,62.557,43.167,0,0.578,0.39,0.052,0.136,0.578,0.021,0.064,-1.545e-4,0,3.691e-4,0.356,0.356,-2.341e-5,991.12,0.001,339.646,0.353,6.4,32.17
33.922,0.143,2643.063,456.9,0.262,0.003,62.535,43.167,0,0.579,0.39,0.052,0.136,0.579,0.036,0.109,1.974e-4,0,3.643e-4,0.356,0.356,7.622e-8,991.823,0.001,339.669,0.354,6.4,32.17
33.972,0.068,2643.063,456.9,0.262,0.003,62.565,43.167,0,0.579,0.39,0.052,0.136,0.579,0.017,0.052,8.718e-6,0,3.655e-4,0.356,0.356,2.385e-5,992.528,0.001,339.693,0.355,6.4,32.17
34.022,0.04,2643.063,456.9,0.262,0.003,62.576,43.167,0,0.579,0.39,0.053,0.136,0.579,0.01,0.03,-1.579e-4,0,3.566e-4,0.356,0.356,-2.699e-5,993.234,0.001,339.717,0.355,6.4,32.17
34.072,0.111,2643.063,456.9,0.262,0.003,62.548,43.167,0,0.579,0.39,0.053,0.136,0.579,0.028,0.084,-4.573e-4,0,3.492e-4,0.356,0.356,-5.511e-6,993.941,0.001,339.74,0.356,6.4,32.17
34.122,0.114,2643.063,456.9,0.262,0.003,62.546,43.167,0,0.579,0.39,0.053,0.136,0.579,0.028,0.086,5.032e-5,0,3.499e-4,0.356,0.356,3.489e-6,994.648,0.001,339.764,0.356,6.4,32.17
34.172,0.063,2643.063,456.9,0.262,0.003,62.567,43.167,0,0.579,0.39,0.053,0.137,0.579,0.016,0.047,-3.166e-4,0,3.515e-4,0.356,0.356,3.968e-6,995.357,0.001,339.788,0.357,6.4,32.17
34.222,0.117,2643.063,456.9,0.262,0.003,62.547,43.167,0,0.579,0.39,0.053,0.137,0.579,0.029,0.089,-2.293e-4,0,3.524e-4,0.356,0.356,-4.086e-6,996.067,0.001,339.812,0.357,6.4,32.17
34.272,0.128,2643.063,456.9,0.262,0.003,62.541,43.167,0,0.58,0.39,0.053,0.137,0.58,0.032,0.097,-2.38e-4,0,3.413e-4,0.356,0.356,4.239e-7,996.778,0.001,339.836,0.358,6.4,32.17
34.322,0.091,2643.063,456.9,0.262,0.003,62.559,43.167,0,0.58,0.39,0.053,0.137,0.58,0.023,0.068,1.957e-4,0,3.364e-4,0.356,0.356,7.146e-8,997.49,0.001,339.86,0.358,6.4,32.17
34.372,0.08,2643.063,456.9,0.262,0.003,62.562,43.167,0,0.58,0.39,0.053,0.137,0.58,0.02,0.06,1.518e-4,0,3.363e-4,0.357,0.356,-5.425e-7,998.203,0.001,339.884,0.359,6.4,32.17
34.422,0.12,2643.063,456.9,0.262,0.003,62.546,43.167,0,0.58,0.39,0.054,0.137,0.58,0.03,0.091,7.017e-5,0,3.247e-4,0.357,0.356,-7.509e-7,998.917,0.001,339.908,0.359,6.4,32.17
34.472,0.149,2643.063,456.9,0.262,0.003,62.538,43.167,0,0.58,0.39,0.054,0.137,0.58,0.037,0.113,6.243e-5,0,3.19e-4,0.357,0.356,8.301e-6,999.632,0.001,339.932,0.359,6.4,32.17
34.522,0.093,2643.063,456.9,0.262,0.003,62.558,43.167,0,0.58,0.39,0.054,0.137,0.58,0.023,0.071,9.643e-5,0,3.217e-4,0.357,0.356,2.058e-7,1000.349,0.001,339.956,0.36,6.4,32.17
34.572,0.167,2643.063,456.9,0.262,0.003,62.531,43.167,0,0.58,0.39,0.054,0.137,0.581,0.042,0.126,-3.178e-4,0,3.274e-4,0.357,0.356,-1.274e-5,1001.066,0.001,339.98,0.36,6.4,32.17
34.622,0.188,2643.063,456.9,0.262,0.003,62.523,43.167,0,0.581,0.39,0.054,0.137,0.581,0.047,0.143,-6.176e-5,0,3.198e-4,0.357,0.356,8.817e-6,1001.784,0.001,340.004,0.361,6.4,32.17
34.672,0.071,2643.063,456.9,0.262,0.003,62.567,43.167,0,0.581,0.39,0.054,0.137,0.581,0.018,0.054,1.676e-4,0,3.126e-4,0.357,0.356,1.37e-5,1002.503,0.001,340.028,0.361,6.4,32.17
34.722,0.124,2643.063,456.9,0.262,0.003,62.55,43.167,0,0.581,0.39,0.054,0.137,0.581,0.031,0.094,3.217e-4,0,3.143e-4,0.357,0.356,-2.395e-5,1003.223,0.001,340.052,0.362,6.4,32.17
34.772,0.171,2643.063,456.9,0.262,0.003,62.531,43.167,0,0.581,0.39,0.054,0.137,0.581,0.043,0.129,-1.869e-5,0,3.114e-4,0.357,0.356,-5.556e-8,1003.944,0.001,340.076,0.362,6.4,32.17
34.822,0.129,2643.063,456.9,0.262,0.003,62.546,43.167,0,0.581,0.39,0.054,0.137,0.581,0.032,0.098,-2.659e-4,0,2.975e-4,0.357,0.356,6.367e-6,1004.665,0.001,340.101,0.363,6.4,32.17
34.872,0.113,2643.063,456.9,0.262,0.003,62.556,43.167,0,0.581,0.39,0.055,0.137,0.581,0.028,0.086,7.652e-5,0,3e-4,0.357,0.356,-7.159e-7,1005.388,0.001,340.125,0.363,6.4,32.17
34.922,0.12,2643.063,456.9,0.262,0.003,62.55,43.167,0,0.581,0.39,0.055,0.137,0.581,0.03,0.091,2.202e-4,0,3.035e-4,0.357,0.356,-7.587e-6,1006.112,0.001,340.149,0.364,6.4,32.17
34.972,0.137,2643.063,456.9,0.262,0.003,62.546,43.167,0,0.582,0.39,0.055,0.137,0.582,0.034,0.104,4.302e-4,0,2.901e-4,0.357,0.356,2.174e-6,1006.837,0.001,340.174,0.364,6.4,32.17
35.022,0.093,2643.063,456.9,0.262,0.003,62.564,43.167,0,0.582,0.39,0.055,0.137,0.582,0.023,0.071,-2.236e-4,0,2.803e-4,0.357,0.356,3.465e-5,1007.563,0.001,340.198,0.364,6.4,32.17
35.072,0.024,2643.063,456.9,0.262,0.003,62.589,43.167,0,0.582,0.39,0.055,0.137,0.582,0.006,0.019,4.235e-4,0,2.78e-4,0.357,0.356,-2.507e-5,1008.289,0.001,340.222,0.365,6.4,32.17
35.122,0.124,2643.063,456.9,0.262,0.003,62.553,43.167,0,0.582,0.39,0.055,0.137,0.582,0.031,0.094,-1.574e-4,0,2.802e-4,0.357,0.357,-2.448e-5,1009.017,0.001,340.247,0.365,6.4,32.17
35.172,0.167,2643.063,456.9,0.262,0.003,62.537,43.167,0,0.582,0.39,0.055,0.137,0.582,0.042,0.126,-4.306e-4,0,2.83e-4,0.357,0.357,1.596e-6,1009.745,0.001,340.271,0.366,6.4,32.17
35.222,0.127,2643.063,456.9,0.262,0.003,62.553,43.167,0,0.582,0.39,0.055,0.137,0.582,0.032,0.096,3.912e-4,0,2.892e-4,0.357,0.357,4.832e-5,1010.475,0.001,340.296,0.366,6.4,32.17
35.272,0.065,2643.063,456.9,0.262,0.003,62.578,43.167,0,0.582,0.39,0.055,0.137,0.582,0.016,0.049,8.89e-5,0,2.77e-4,0.357,0.357,-5.421e-5,1011.205,0.001,340.32,0.367,6.4,32.17
35.322,0.229,2643.063,456.9,0.262,0.003,62.513,43.167,0,0.583,0.39,0.055,0.138,0.583,0.058,0.174,1.147e-4,0,2.667e-4,0.357,0.357,-9.543e-6,1011.936,0.001,340.345,0.367,6.4,32.17
35.372,0.188,2643.063,456.9,0.262,0.003,62.528,43.167,0,0.583,0.39,0.056,0.138,0.583,0.047,0.143,-1.659e-4,0,2.666e-4,0.357,0.357,4.306e-5,1012.668,0.001,340.369,0.367,6.4,32.17
35.422,0.024,2643.063,456.9,0.262,0.003,62.596,43.167,0,0.583,0.39,0.056,0.138,0.583,0.006,0.019,2.099e-4,0,2.658e-4,0.357,0.357,-3.02e-5,1013.25,0.001,340.389,0.368,6.4,32.17
