# Time (s),Angle of attack (°),Mass (g),Motor mass (g),Longitudinal moment of inertia (kg·m²),Rotational moment of inertia (kg·m²),CP location (cm),CG location (cm),Thrust (N),Drag coefficient (​),Friction drag coefficient (​),Pressure drag coefficient (​),Base drag coefficient (​),Axial drag coefficient (​),Normal force coefficient (​),Pitch moment coefficient (​),Yaw moment coefficient (​),Side force coefficient (​),Roll moment coefficient (​),Roll forcing coefficient (​),Roll damping coefficient (​),Pitch damping coefficient (​),Air pressure (mbar),Air density (g/cm³),Speed of sound (m/s),Mach number (​),Reference length (cm),Reference area (cm²)
0,90,2993.223,807,0.302,0.003,NaN,47.265,0,0.705,0.568,0.017,0.12,0,NaN,NaN,NaN,NaN,NaN,NaN,NaN,NaN,1013.25,0.001,340.389,0.007,6.4,32.17
0.01,89.371,2992.474,806.251,0.302,0.003,NaN,47.257,64.111,0.705,0.568,0.017,0.12,2.333e-6,NaN,NaN,NaN,NaN,NaN,NaN,NaN,NaN,1013.25,0.001,340.389,0.007,6.4,32.17
0.02,83.856,2991.725,805.502,0.302,0.003,NaN,47.25,128.222,0.705,0.568,0.017,0.12,0.002,NaN,NaN,NaN,NaN,NaN,NaN,NaN,NaN,1013.25,0.001,340.389,0.007,6.4,32.17
0.03,73.394,2990.976,804.753,0.302,0.003,NaN,47.242,192.334,0.7,0.564,0.017,0.12,0.036,NaN,NaN,NaN,NaN,NaN,NaN,NaN,NaN,1013.249,0.001,340.389,0.007,6.4,32.17
0.042,56.869,2990.077,803.854,0.301,0.003,NaN,47.233,269.267,0.683,0.546,0.017,0.12,0.219,NaN,NaN,NaN,NaN,NaN,NaN,NaN,NaN,1013.248,0.001,340.389,0.008,6.4,32.17
0.045,52.777,2989.677,803.454,0.301,0.003,NaN,47.228,326.466,0.676,0.54,0.017,0.12,0.288,NaN,NaN,NaN,NaN,NaN,NaN,NaN,NaN,1013.247,0.001,340.389,0.008,6.4,32.17
0.048,47.388,2989.095,802.872,0.301,0.003,NaN,47.222,311.56,0.667,0.53,0.017,0.12,0.388,NaN,NaN,NaN,NaN,NaN,NaN,NaN,NaN,1013.247,0.001,340.389,0.009,6.4,32.17
0.054,41.164,2988.223,802,0.301,0.003,NaN,47.213,289.2,0.653,0.516,0.017,0.12,0.507,NaN,NaN,NaN,NaN,NaN,NaN,NaN,NaN,1013.245,0.001,340.389,0.01,6.4,32.17
0.062,34.711,2986.914,800.691,0.301,0.003,NaN,47.2,255.66,0.636,0.499,0.017,0.12,0.62,NaN,NaN,NaN,NaN,NaN,NaN,NaN,NaN,1013.242,0.001,340.389,0.012,6.4,32.17
0.07,30.754,2985.722,799.499,0.301,0.003,NaN,47.187,225.102,0.624,0.487,0.017,0.12,0.678,NaN,NaN,NaN,NaN,NaN,NaN,NaN,NaN,1013.239,0.001,340.389,0.013,6.4,32.17
0.08,27.052,2984.533,798.31,0.301,0.003,NaN,47.175,214.247,0.611,0.474,0.017,0.12,0.719,NaN,NaN,NaN,NaN,NaN,NaN,NaN,NaN,1013.234,0.001,340.388,0.015,6.4,32.17
0.091,24.009,2983.225,797.002,0.301,0.003,NaN,47.161,202.307,0.599,0.462,0.017,0.12,0.741,NaN,NaN,NaN,NaN,NaN,NaN,NaN,NaN,1013.228,0.001,340.388,0.017,6.4,32.17
0.101,21.779,2982.011,795.788,0.301,0.003,NaN,47.149,208.8,0.59,0.453,0.017,0.12,0.749,NaN,NaN,NaN,NaN,NaN,NaN,NaN,NaN,1013.221,0.001,340.388,0.018,6.4,32.17
0.111,19.768,2980.797,794.573,0.301,0.003,NaN,47.136,215.294,0.581,0.444,0.017,0.12,0.749,NaN,NaN,NaN,NaN,NaN,NaN,NaN,NaN,1013.214,0.001,340.388,0.02,6.4,32.17
0.121,18.018,2979.583,793.359,0.3,0.003,NaN,47.123,221.787,0.573,0.436,0.017,0.12,0.744,NaN,NaN,NaN,NaN,NaN,NaN,NaN,NaN,1013.206,0.001,340.387,0.022,6.4,32.17
0.131,16.488,2978.369,792.145,0.3,0.003,NaN,47.111,228.281,0.566,0.428,0.017,0.12,0.735,NaN,NaN,NaN,NaN,NaN,NaN,NaN,NaN,1013.198,0.001,340.387,0.023,6.4,32.17
0.14,15.27,2977.276,791.053,0.3,0.003,NaN,47.099,234.125,0.559,0.422,0.017,0.12,0.722,NaN,NaN,NaN,NaN,NaN,NaN,NaN,NaN,1013.189,0.001,340.387,0.025,6.4,32.17
0.15,14.078,2975.942,789.718,0.3,0.003,NaN,47.085,235.963,0.553,0.415,0.017,0.12,0.705,NaN,NaN,NaN,NaN,NaN,NaN,NaN,NaN,1013.179,0.001,340.387,0.027,6.4,32.17
0.16,13.1,2974.607,788.384,0.3,0.003,NaN,47.071,237.801,0.546,0.409,0.017,0.12,0.688,NaN,NaN,NaN,NaN,NaN,NaN,NaN,NaN,1013.169,0.001,340.386,0.029,6.4,32.17
0.17,12.24,2973.273,787.049,0.3,0.003,NaN,47.058,239.64,0.541,0.404,0.017,0.12,0.672,NaN,NaN,NaN,NaN,NaN,NaN,NaN,NaN,1013.157,0.001,340.386,0.031,6.4,32.17
0.18,11.503,2971.982,785.759,0.3,0.003,NaN,47.044,241.417,0.536,0.398,0.017,0.12,0.657,NaN,NaN,NaN,NaN,NaN,NaN,NaN,NaN,1013.145,0.001,340.385,0.033,6.4,32.17
0.189,10.882,2970.772,784.549,0.299,0.003,59.079,47.031,243.084,0.532,0.395,0.017,0.12,0.644,3.377,6.357,-1.486e-4,0,1.05,1.05,0,0,1013.133,0.001,340.385,0.035,6.4,32.17
0.194,10.559,2970.108,783.885,0.299,0.003,59.156,47.024,243.999,0.532,0.395,0.017,0.12,0.64,3.258,6.176,-3.477e-4,0,1.05,1.05,0,7.275e-6,1013.126,0.001,340.385,0.036,6.4,32.17
0.198,10.269,2969.482,783.259,0.299,0.003,59.226,47.018,244.862,0.532,0.395,0.017,0.12,0.636,3.152,6.012,-1.828e-4,0,1.05,1.05,0,2.676e-5,1013.119,0.001,340.384,0.037,6.4,32.17
0.202,10.047,2969.003,782.78,0.299,0.003,59.28,47.013,245.522,0.532,0.395,0.017,0.12,0.633,3.071,5.886,3.89e-4,0,1.016,1.05,0.034,4.937e-5,1013.114,0.001,340.384,0.038,6.4,32.17
0.206,9.775,2968.431,782.207,0.299,0.003,59.348,47.007,244.781,0.532,0.395,0.017,0.12,0.63,2.973,5.732,4.383e-4,0,1.005,1.05,0.044,8.56e-5,1013.107,0.001,340.384,0.039,6.4,32.17
0.211,9.526,2967.879,781.656,0.299,0.003,59.41,47.001,244.067,0.532,0.395,0.017,0.12,0.626,2.883,5.59,-1.856e-4,0,0.995,1.05,0.055,1.287e-4,1013.101,0.001,340.384,0.04,6.4,32.17
0.215,9.296,2967.347,781.124,0.299,0.003,59.468,46.995,243.378,0.532,0.395,0.017,0.12,0.623,2.801,5.459,-1.807e-4,0,0.985,1.05,0.065,1.775e-4,1013.094,0.001,340.384,0.04,6.4,32.17
0.219,9.083,2966.833,780.609,0.299,0.003,59.523,46.99,242.712,0.532,0.395,0.017,0.12,0.62,2.726,5.338,4.027e-4,0,0.976,1.05,0.074,2.311e-4,1013.088,0.001,340.383,0.041,6.4,32.17
0.223,8.884,2966.333,780.11,0.299,0.003,59.574,46.985,242.066,0.532,0.395,0.017,0.12,0.617,2.656,5.224,-2.755e-4,0,0.966,1.05,0.083,2.886e-4,1013.081,0.001,340.383,0.042,6.4,32.17
0.226,8.697,2965.849,779.625,0.299,0.003,59.623,46.98,241.438,0.532,0.395,0.017,0.12,0.615,2.591,5.119,1.839e-4,0,0.957,1.05,0.092,3.494e-4,1013.075,0.001,340.383,0.043,6.4,32.17
0.23,8.523,2965.377,779.153,0.299,0.003,59.669,46.975,240.827,0.532,0.395,0.017,0.12,0.612,2.531,5.019,2.612e-4,0,0.949,1.05,0.101,4.131e-4,1013.069,0.001,340.383,0.044,6.4,32.17
0.233,8.358,2964.917,778.694,0.299,0.003,59.712,46.97,240.231,0.532,0.395,0.017,0.12,0.61,2.474,4.925,-2.28e-4,0,0.94,1.05,0.109,4.792e-4,1013.063,0.001,340.383,0.044,6.4,32.17
0.237,8.202,2964.468,778.245,0.299,0.003,59.754,46.965,239.651,0.532,0.395,0.017,0.12,0.608,2.421,4.837,3.787e-4,0,0.932,1.05,0.118,5.474e-4,1013.057,0.001,340.382,0.045,6.4,32.17
0.24,8.055,2964.03,777.807,0.299,0.003,59.794,46.96,239.083,0.532,0.395,0.017,0.12,0.606,2.37,4.753,4.601e-4,0,0.924,1.05,0.126,6.175e-4,1013.051,0.001,340.382,0.046,6.4,32.17
0.244,7.915,2963.601,777.378,0.299,0.003,59.832,46.956,238.528,0.532,0.395,0.017,0.12,0.604,2.323,4.672,-3.161e-4,0,0.916,1.05,0.133,6.89e-4,1013.045,0.001,340.382,0.046,6.4,32.17
0.247,7.781,2963.182,776.958,0.299,0.003,59.868,46.951,237.984,0.532,0.395,0.017,0.12,0.602,2.278,4.595,-1.182e-4,0,0.909,1.05,0.141,7.62e-4,1013.039,0.001,340.382,0.047,6.4,32.17
0.25,7.654,2962.77,776.547,0.299,0.003,59.903,46.947,237.452,0.532,0.395,0.017,0.12,0.6,2.235,4.523,7.372e-5,0,0.901,1.05,0.148,8.361e-4,1013.033,0.001,340.382,0.048,6.4,32.17
0.253,7.543,2962.366,776.143,0.299,0.003,59.933,46.943,236.929,0.532,0.395,0.017,0.12,0.599,2.197,4.46,-2.608e-4,0,0.894,1.05,0.156,9.113e-4,1013.027,0.001,340.381,0.048,6.4,32.17
0.256,7.436,2961.97,775.747,0.299,0.003,59.963,46.939,236.416,0.532,0.395,0.017,0.12,0.597,2.162,4.399,-3.165e-4,0,0.887,1.05,0.163,9.875e-4,1013.021,0.001,340.381,0.049,6.4,32.17
0.259,7.333,2961.581,775.358,0.299,0.003,59.992,46.935,235.912,0.532,0.395,0.017,0.12,0.596,2.128,4.34,9.662e-5,0,0.88,1.05,0.17,0.001,1013.015,0.001,340.381,0.05,6.4,32.17
0.262,7.235,2961.198,774.975,0.299,0.003,60.019,46.931,235.416,0.532,0.395,0.017,0.12,0.595,2.095,4.283,-3.482e-4,0,0.873,1.05,0.177,0.001,1013.009,0.001,340.381,0.05,6.4,32.17
0.265,7.14,2960.822,774.598,0.298,0.003,60.046,46.927,234.929,0.532,0.395,0.017,0.12,0.593,2.063,4.229,-2.581e-4,0,0.867,1.05,0.183,0.001,1013.004,0.001,340.381,0.051,6.4,32.17
0.268,7.048,2960.451,774.228,0.298,0.003,60.072,46.923,234.449,0.532,0.395,0.017,0.12,0.592,2.033,4.176,2.018e-4,0,0.86,1.05,0.19,0.001,1012.998,0.001,340.38,0.051,6.4,32.17
0.271,6.96,2960.086,773.863,0.298,0.003,60.097,46.919,233.976,0.532,0.395,0.017,0.12,0.591,2.004,4.126,1.128e-4,0,0.854,1.05,0.196,0.001,1012.992,0.001,340.38,0.052,6.4,32.17
0.274,6.875,2959.726,773.503,0.298,0.003,60.121,46.915,233.51,0.532,0.395,0.017,0.12,0.59,1.976,4.077,-4.609e-4,0,0.847,1.05,0.203,0.001,1012.986,0.001,340.38,0.052,6.4,32.17
0.276,6.793,2959.371,773.148,0.298,0.003,60.145,46.911,233.05,0.532,0.395,0.017,0.12,0.589,1.949,4.029,2.91e-4,0,0.841,1.05,0.209,0.002,1012.981,0.001,340.38,0.053,6.4,32.17
0.279,6.713,2959.021,772.798,0.298,0.003,60.168,46.908,232.597,0.532,0.395,0.017,0.12,0.588,1.923,3.983,6.589e-5,0,0.835,1.05,0.215,0.002,1012.975,0.001,340.38,0.054,6.4,32.17
0.282,6.635,2958.675,772.452,0.298,0.003,60.19,46.904,232.149,0.533,0.395,0.017,0.12,0.587,1.898,3.939,-4.385e-4,0,0.829,1.05,0.221,0.002,1012.969,0.001,340.379,0.054,6.4,32.17
0.284,6.56,2958.334,772.111,0.298,0.003,60.212,46.9,231.707,0.533,0.395,0.017,0.12,0.586,1.874,3.896,4.113e-4,0,0.823,1.05,0.227,0.002,1012.964,0.001,340.379,0.055,6.4,32.17
0.287,6.487,2957.997,771.773,0.298,0.003,60.233,46.897,231.271,0.533,0.395,0.017,0.12,0.585,1.85,3.854,3.897e-5,0,0.817,1.05,0.233,0.002,1012.958,0.001,340.379,0.055,6.4,32.17
0.289,6.416,2957.663,771.44,0.298,0.003,60.254,46.893,230.839,0.533,0.395,0.017,0.12,0.584,1.828,3.813,-2.214e-4,0,0.811,1.05,0.239,0.002,1012.952,0.001,340.379,0.056,6.4,32.17
0.292,6.347,2957.334,771.11,0.298,0.003,60.274,46.89,230.412,0.533,0.395,0.017,0.12,0.583,1.805,3.773,-1.393e-4,0,0.805,1.05,0.245,0.002,1012.947,0.001,340.379,0.056,6.4,32.17
0.294,6.28,2957.008,770.785,0.298,0.003,60.294,46.886,229.99,0.533,0.395,0.017,0.12,0.582,1.784,3.734,1.084e-4,0,0.799,1.05,0.25,0.002,1012.941,0.001,340.379,0.057,6.4,32.17
0.297,6.214,2956.684,770.46,0.298,0.003,60.313,46.883,229.57,0.533,0.395,0.018,0.12,0.581,1.763,3.696,4.452e-4,0,0.794,1.05,0.256,0.002,1012.935,0.001,340.378,0.057,6.4,32.17
0.299,6.149,2956.359,770.136,0.298,0.003,60.332,46.879,229.151,0.533,0.395,0.018,0.12,0.58,1.742,3.659,-4.417e-4,0,0.788,1.05,0.262,0.002,1012.93,0.001,340.378,0.058,6.4,32.17
0.302,6.094,2956.035,769.812,0.298,0.003,60.348,46.876,228.731,0.533,0.395,0.018,0.12,0.58,1.724,3.628,3.181e-4,0,0.783,1.05,0.267,0.002,1012.924,0.001,340.378,0.058,6.4,32.17
0.304,6.043,2955.711,769.487,0.298,0.003,60.364,46.872,228.311,0.533,0.395,0.018,0.12,0.579,1.708,3.598,-2.005e-4,0,0.777,1.05,0.273,0.002,1012.918,0.001,340.378,0.059,6.4,32.17
0.307,5.992,2955.386,769.163,0.298,0.003,60.379,46.869,227.891,0.533,0.395,0.018,0.12,0.578,1.692,3.569,3.901e-6,0,0.771,1.05,0.279,0.003,1012.912,0.001,340.378,0.059,6.4,32.17
0.309,5.942,2955.062,768.839,0.298,0.003,60.394,46.866,227.471,0.533,0.395,0.018,0.12,0.578,1.676,3.541,-3.711e-4,0,0.766,1.05,0.284,0.003,1012.906,0.001,340.377,0.06,6.4,32.17
0.312,5.893,2954.737,768.514,0.298,0.003,60.408,46.862,227.051,0.533,0.395,0.018,0.12,0.577,1.661,3.512,4.839e-4,0,0.76,1.05,0.29,0.003,1012.9,0.001,340.377,0.06,6.4,32.17
0.314,5.844,2954.413,768.19,0.298,0.003,60.423,46.859,226.631,0.533,0.395,0.018,0.12,0.576,1.645,3.484,3.984e-4,0,0.755,1.05,0.295,0.003,1012.894,0.001,340.377,0.061,6.4,32.17
0.317,5.796,2954.089,767.865,0.298,0.003,60.437,46.855,226.211,0.533,0.395,0.018,0.12,0.576,1.63,3.457,-2.785e-4,0,0.749,1.05,0.301,0.003,1012.888,0.001,340.377,0.061,6.4,32.17
0.319,5.748,2953.764,767.541,0.298,0.003,60.452,46.852,225.791,0.533,0.395,0.018,0.12,0.575,1.615,3.429,-2.4e-4,0,0.744,1.05,0.306,0.003,1012.882,0.001,340.377,0.062,6.4,32.17
0.322,5.701,2953.44,767.217,0.298,0.003,60.466,46.848,225.371,0.533,0.395,0.018,0.12,0.575,1.6,3.401,-2.473e-4,0,0.738,1.05,0.312,0.003,1012.876,0.001,340.376,0.062,6.4,32.17
0.324,5.654,2953.116,766.892,0.298,0.003,60.48,46.845,224.951,0.533,0.395,0.018,0.121,0.574,1.586,3.375,2.28e-4,0,0.733,1.05,0.317,0.003,1012.87,0.001,340.376,0.062,6.4,32.17
0.327,5.608,2952.791,766.568,0.298,0.003,60.494,46.842,224.531,0.533,0.395,0.018,0.121,0.574,1.571,3.348,-1.559e-4,0,0.727,1.05,0.323,0.003,1012.864,0.001,340.376,0.063,6.4,32.17
0.329,5.563,2952.467,766.244,0.298,0.003,60.508,46.838,224.111,0.533,0.395,0.018,0.121,0.573,1.557,3.322,5.691e-5,0,0.722,1.05,0.328,0.003,1012.858,0.001,340.376,0.063,6.4,32.17
0.332,5.517,2952.143,765.919,0.298,0.003,60.522,46.835,223.691,0.533,0.395,0.018,0.121,0.573,1.543,3.296,2.164e-4,0,0.716,1.05,0.334,0.004,1012.851,0.001,340.376,0.064,6.4,32.17
0.334,5.473,2951.818,765.595,0.298,0.003,60.535,46.831,223.271,0.533,0.395,0.018,0.121,0.572,1.529,3.27,-6.399e-5,0,0.711,1.05,0.339,0.004,1012.845,0.001,340.375,0.064,6.4,32.17
0.337,5.428,2951.494,765.271,0.298,0.003,60.549,46.828,222.851,0.533,0.395,0.018,0.121,0.571,1.515,3.245,-1.649e-4,0,0.706,1.05,0.344,0.004,1012.838,0.001,340.375,0.065,6.4,32.17
0.339,5.384,2951.17,764.946,0.297,0.003,60.562,46.824,222.431,0.533,0.395,0.018,0.121,0.571,1.501,3.22,6.351e-7,0,0.7,1.05,0.35,0.004,1012.832,0.001,340.375,0.065,6.4,32.17
0.342,5.341,2950.845,764.622,0.297,0.003,60.576,46.821,222.011,0.533,0.395,0.018,0.121,0.57,1.488,3.194,-2.332e-4,0,0.695,1.05,0.355,0.004,1012.825,0.001,340.375,0.066,6.4,32.17
0.344,5.298,2950.521,764.298,0.297,0.003,60.589,46.817,221.591,0.533,0.395,0.018,0.121,0.57,1.475,3.169,-3.406e-4,0,0.69,1.05,0.361,0.004,1012.819,0.001,340.374,0.066,6.4,32.17
0.349,5.22,2949.932,763.708,0.297,0.003,60.613,46.811,220.828,0.533,0.395,0.018,0.121,0.569,1.451,3.124,-3.972e-4,0,0.68,1.05,0.37,0.004,1012.807,0.001,340.374,0.067,6.4,32.17
0.352,5.168,2949.637,763.414,0.297,0.003,60.629,46.808,220.562,0.533,0.395,0.018,0.121,0.568,1.435,3.094,-2.62e-4,0,0.675,1.05,0.376,0.004,1012.8,0.001,340.374,0.068,6.4,32.17
0.354,5.11,2949.343,763.12,0.297,0.003,60.647,46.805,220.296,0.533,0.395,0.018,0.121,0.568,1.417,3.06,4.481e-4,0,0.669,1.05,0.381,0.004,1012.793,0.001,340.374,0.068,6.4,32.17
0.357,5.053,2949.049,762.826,0.297,0.003,60.665,46.802,220.03,0.533,0.395,0.018,0.121,0.567,1.399,3.027,4.397e-4,0,0.664,1.05,0.386,0.005,1012.787,0.001,340.373,0.069,6.4,32.17
0.359,4.996,2948.755,762.531,0.297,0.003,60.683,46.799,219.764,0.533,0.395,0.018,0.121,0.566,1.382,2.993,-2.216e-5,0,0.659,1.05,0.391,0.005,1012.78,0.001,340.373,0.069,6.4,32.17
0.362,4.94,2948.46,762.237,0.297,0.003,60.7,46.795,219.497,0.533,0.395,0.018,0.121,0.566,1.365,2.96,-3.783e-4,0,0.654,1.05,0.397,0.005,1012.773,0.001,340.373,0.07,6.4,32.17
0.364,4.884,2948.166,761.943,0.297,0.003,60.718,46.792,219.231,0.533,0.395,0.018,0.121,0.565,1.348,2.927,5.927e-5,0,0.648,1.05,0.402,0.005,1012.766,0.001,340.373,0.07,6.4,32.17
0.367,4.829,2947.872,761.648,0.297,0.003,60.735,46.789,218.965,0.533,0.395,0.018,0.121,0.565,1.331,2.895,-1.118e-4,0,0.643,1.05,0.407,0.005,1012.759,0.001,340.372,0.07,6.4,32.17
0.369,4.774,2947.577,761.354,0.297,0.003,60.752,46.786,218.699,0.533,0.395,0.018,0.121,0.564,1.314,2.863,4.407e-4,0,0.638,1.05,0.412,0.005,1012.752,0.001,340.372,0.071,6.4,32.17
0.372,4.719,2947.283,761.06,0.297,0.003,60.77,46.783,218.433,0.533,0.395,0.018,0.121,0.563,1.298,2.831,1.25e-7,0,0.633,1.05,0.417,0.005,1012.745,0.001,340.372,0.071,6.4,32.17
0.374,4.665,2946.989,760.766,0.297,0.003,60.787,46.78,218.167,0.533,0.395,0.018,0.121,0.563,1.281,2.799,6.714e-6,0,0.628,1.05,0.422,0.005,1012.738,0.001,340.372,0.072,6.4,32.17
0.377,4.611,2946.695,760.471,0.297,0.003,60.804,46.777,217.901,0.533,0.395,0.018,0.121,0.562,1.265,2.768,1.007e-4,0,0.623,1.05,0.427,0.005,1012.731,0.001,340.371,0.072,6.4,32.17
0.379,4.558,2946.4,760.177,0.297,0.003,60.821,46.773,217.635,0.533,0.395,0.018,0.121,0.562,1.249,2.736,9.945e-5,0,0.618,1.05,0.433,0.005,1012.723,0.001,340.371,0.073,6.4,32.17
0.382,4.505,2946.106,759.883,0.297,0.003,60.838,46.77,217.369,0.533,0.395,0.018,0.121,0.561,1.233,2.705,2.577e-4,0,0.613,1.05,0.438,0.006,1012.716,0.001,340.371,0.073,6.4,32.17
0.384,4.453,2945.812,759.588,0.297,0.003,60.854,46.767,217.103,0.533,0.395,0.018,0.121,0.561,1.218,2.674,4.069e-4,0,0.608,1.05,0.443,0.006,1012.709,0.001,340.371,0.074,6.4,32.17
0.387,4.401,2945.517,759.294,0.297,0.003,60.871,46.764,216.836,0.533,0.395,0.018,0.121,0.56,1.202,2.643,-1.775e-4,0,0.603,1.05,0.448,0.006,1012.701,0.001,340.37,0.074,6.4,32.17
0.389,4.349,2945.223,759,0.297,0.003,60.888,46.761,216.57,0.533,0.395,0.018,0.121,0.559,1.186,2.613,-8.304e-5,0,0.598,1.05,0.453,0.006,1012.694,0.001,340.37,0.075,6.4,32.17
0.392,4.297,2944.929,758.706,0.297,0.003,60.904,46.758,216.304,0.533,0.395,0.018,0.121,0.559,1.171,2.583,1.047e-4,0,0.593,1.05,0.457,0.006,1012.687,0.001,340.37,0.075,6.4,32.17
0.394,4.246,2944.635,758.411,0.297,0.003,60.921,46.755,216.038,0.533,0.395,0.018,0.121,0.558,1.156,2.553,4.386e-4,0,0.588,1.05,0.462,0.006,1012.679,0.001,340.37,0.076,6.4,32.17
0.397,4.196,2944.34,758.117,0.297,0.003,60.937,46.752,215.772,0.533,0.395,0.018,0.121,0.558,1.141,2.522,-1.361e-4,0,0.583,1.05,0.467,0.006,1012.672,0.001,340.369,0.076,6.4,32.17
0.399,4.145,2944.046,757.823,0.297,0.003,60.953,46.748,215.506,0.534,0.395,0.018,0.121,0.557,1.126,2.493,1.887e-4,0,0.578,1.05,0.472,0.006,1012.664,0.001,340.369,0.077,6.4,32.17
0.402,4.095,2943.752,757.528,0.297,0.003,60.97,46.745,215.24,0.534,0.395,0.018,0.121,0.557,1.111,2.463,1.175e-4,0,0.573,1.05,0.477,0.006,1012.656,0.001,340.369,0.077,6.4,32.17
0.404,4.046,2943.457,757.234,0.297,0.003,60.986,46.742,214.974,0.534,0.395,0.018,0.121,0.556,1.097,2.434,-5.409e-5,0,0.569,1.05,0.482,0.006,1012.649,0.001,340.369,0.077,6.4,32.17
0.407,3.996,2943.163,756.94,0.297,0.003,61.002,46.739,214.708,0.534,0.395,0.018,0.121,0.556,1.082,2.405,-2.352e-4,0,0.564,1.05,0.487,0.007,1012.641,0.001,340.368,0.078,6.4,32.17
0.409,3.947,2942.869,756.646,0.297,0.003,61.018,46.736,214.441,0.534,0.395,0.018,0.121,0.555,1.068,2.377,2.703e-4,0,0.559,1.05,0.491,0.007,1012.633,0.001,340.368,0.078,6.4,32.17
0.412,3.899,2942.575,756.351,0.297,0.003,61.034,46.733,214.175,0.534,0.395,0.018,0.121,0.555,1.054,2.348,-4.718e-4,0,0.554,1.05,0.496,0.007,1012.625,0.001,340.368,0.079,6.4,32.17
0.414,3.85,2942.28,756.057,0.297,0.003,61.05,46.729,213.909,0.534,0.395,0.018,0.121,0.555,1.039,2.319,2.903e-4,0,0.55,1.05,0.501,0.007,1012.617,0.001,340.368,0.079,6.4,32.17
0.417,3.802,2941.986,755.763,0.297,0.003,61.066,46.726,213.643,0.534,0.395,0.018,0.121,0.554,1.025,2.29,-2.901e-4,0,0.545,1.05,0.505,0.007,1012.61,0.001,340.367,0.08,6.4,32.17
0.419,3.755,2941.692,755.468,0.296,0.003,61.081,46.723,213.377,0.534,0.395,0.018,0.121,0.554,1.011,2.262,-4.451e-4,0,0.54,1.05,0.51,0.007,1012.602,0.001,340.367,0.08,6.4,32.17
0.422,3.707,2941.397,755.174,0.296,0.003,61.097,46.72,213.111,0.534,0.395,0.018,0.121,0.553,0.998,2.234,2.654e-4,0,0.536,1.05,0.515,0.007,1012.594,0.001,340.367,0.081,6.4,32.17
0.424,3.66,2941.103,754.88,0.296,0.003,61.113,46.717,212.845,0.534,0.395,0.018,0.121,0.553,0.984,2.206,4.534e-4,0,0.531,1.051,0.519,0.007,1012.586,0.001,340.367,0.081,6.4,32.17
0.427,3.613,2940.809,754.586,0.296,0.003,61.128,46.714,212.579,0.534,0.395,0.018,0.121,0.552,0.97,2.178,-3.064e-4,0,0.527,1.051,0.524,0.007,1012.577,0.001,340.366,0.082,6.4,32.17
0.429,3.566,2940.515,754.291,0.296,0.003,61.144,46.711,212.313,0.534,0.395,0.018,0.121,0.552,0.957,2.15,-2.993e-4,0,0.522,1.051,0.528,0.007,1012.569,0.001,340.366,0.082,6.4,32.17
0.432,3.519,2940.22,753.997,0.296,0.003,61.159,46.707,212.046,0.534,0.395,0.018,0.121,0.552,0.943,2.122,2.432e-4,0,0.518,1.051,0.533,0.007,1012.561,0.001,340.366,0.082,6.4,32.17
0.434,3.473,2939.926,753.703,0.296,0.003,61.175,46.704,211.78,0.534,0.395,0.018,0.121,0.551,0.93,2.095,3.896e-4,0,0.513,1.051,0.537,0.007,1012.553,0.001,340.365,0.083,6.4,32.17
0.437,3.427,2939.632,753.408,0.296,0.003,61.19,46.701,211.514,0.534,0.395,0.018,0.121,0.551,0.917,2.067,-6.467e-5,0,0.509,1.051,0.542,0.007,1012.545,0.001,340.365,0.083,6.4,32.17
0.439,3.381,2939.337,753.114,0.296,0.003,61.205,46.698,211.248,0.534,0.395,0.018,0.121,0.55,0.904,2.041,1.088e-4,0,0.504,1.051,0.546,0.008,1012.536,0.001,340.365,0.084,6.4,32.17
0.442,3.336,2939.043,752.82,0.296,0.003,61.221,46.695,210.982,0.534,0.395,0.018,0.121,0.55,0.89,2.014,-9.755e-5,0,0.5,1.051,0.551,0.008,1012.528,0.001,340.365,0.084,6.4,32.17
0.444,3.291,2938.749,752.526,0.296,0.003,61.236,46.692,210.716,0.534,0.395,0.018,0.121,0.55,0.878,1.987,-3.717e-4,0,0.495,1.051,0.555,0.008,1012.519,0.001,340.364,0.085,6.4,32.17
0.447,3.246,2938.455,752.231,0.296,0.003,61.251,46.689,210.45,0.534,0.395,0.018,0.121,0.549,0.865,1.96,-4.557e-4,0,0.491,1.051,0.56,0.008,1012.511,0.001,340.364,0.085,6.4,32.17
0.449,3.201,2938.16,751.937,0.296,0.003,61.266,46.685,210.184,0.534,0.395,0.018,0.121,0.549,0.852,1.933,-3.497e-4,0,0.487,1.051,0.564,0.008,1012.503,0.001,340.364,0.086,6.4,32.17
0.452,3.164,2937.866,751.643,0.296,0.003,61.279,46.682,209.918,0.534,0.395,0.018,0.121,0.549,0.841,1.911,-3.004e-7,0,0.482,1.051,0.568,0.008,1012.494,0.001,340.364,0.086,6.4,32.17
0.454,3.131,2937.572,751.348,0.296,0.003,61.29,46.679,209.652,0.534,0.395,0.018,0.121,0.548,0.832,1.892,1.268e-4,0,0.478,1.051,0.572,0.008,1012.485,0.001,340.363,0.087,6.4,32.17
0.457,3.099,2937.277,751.054,0.296,0.003,61.301,46.676,209.385,0.534,0.395,0.019,0.121,0.548,0.823,1.873,4.348e-4,0,0.474,1.051,0.577,0.008,1012.477,0.001,340.363,0.087,6.4,32.17
0.459,3.067,2936.983,750.76,0.296,0.003,61.311,46.673,209.119,0.534,0.395,0.019,0.121,0.548,0.814,1.854,-3.559e-4,0,0.47,1.051,0.581,0.008,1012.468,0.001,340.363,0.087,6.4,32.17
0.462,3.035,2936.689,750.466,0.296,0.003,61.322,46.67,208.853,0.534,0.395,0.019,0.121,0.548,0.805,1.835,-3.521e-4,0,0.466,1.051,0.585,0.008,1012.459,0.001,340.362,0.088,6.4,32.17
0.464,3.003,2936.395,750.171,0.296,0.003,61.333,46.666,208.587,0.534,0.395,0.019,0.121,0.547,0.796,1.815,3.726e-4,0,0.462,1.051,0.589,0.008,1012.451,0.001,340.362,0.088,6.4,32.17
0.467,2.971,2936.1,749.877,0.296,0.003,61.344,46.663,208.321,0.534,0.395,0.019,0.121,0.547,0.787,1.797,4.908e-4,0,0.457,1.051,0.593,0.008,1012.442,0.001,340.362,0.089,6.4,32.17
0.469,2.939,2935.806,749.583,0.296,0.003,61.355,46.66,208.055,0.534,0.395,0.019,0.121,0.547,0.778,1.777,8.448e-5,0,0.453,1.051,0.597,0.008,1012.433,0.001,340.361,0.089,6.4,32.17
0.472,2.907,2935.512,749.288,0.296,0.003,61.365,46.657,207.789,0.534,0.395,0.019,0.121,0.547,0.769,1.759,-3.938e-4,0,0.449,1.051,0.601,0.008,1012.424,0.001,340.361,0.09,6.4,32.17
0.474,2.876,2935.218,748.994,0.296,0.003,61.376,46.654,207.523,0.534,0.395,0.019,0.121,0.546,0.76,1.741,-2.638e-4,0,0.445,1.051,0.605,0.008,1012.415,0.001,340.361,0.09,6.4,32.17
0.477,2.845,2934.923,748.7,0.296,0.003,61.387,46.651,207.257,0.534,0.395,0.019,0.121,0.546,0.751,1.722,-1.831e-5,0,0.441,1.051,0.609,0.008,1012.406,0.001,340.361,0.091,6.4,32.17
0.479,2.813,2934.629,748.406,0.296,0.003,61.397,46.647,206.99,0.534,0.395,0.019,0.121,0.546,0.742,1.703,1.186e-4,0,0.437,1.051,0.613,0.008,1012.397,0.001,340.36,0.091,6.4,32.17
0.482,2.782,2934.335,748.111,0.296,0.003,61.408,46.644,206.724,0.534,0.395,0.019,0.121,0.546,0.734,1.684,-1.799e-4,0,0.433,1.051,0.617,0.008,1012.388,0.001,340.36,0.091,6.4,32.17
0.484,2.751,2934.04,747.817,0.296,0.003,61.419,46.641,206.458,0.534,0.395,0.019,0.121,0.546,0.725,1.666,7.303e-5,0,0.429,1.051,0.621,0.008,1012.379,0.001,340.36,0.092,6.4,32.17
0.487,2.72,2933.746,747.523,0.296,0.003,61.429,46.638,206.192,0.534,0.395,0.019,0.121,0.545,0.716,1.648,2.266e-4,0,0.426,1.051,0.625,0.008,1012.37,0.001,340.359,0.092,6.4,32.17
0.489,2.69,2933.452,747.228,0.296,0.003,61.44,46.635,205.926,0.534,0.395,0.019,0.121,0.545,0.708,1.629,-2.262e-4,0,0.422,1.051,0.629,0.008,1012.36,0.001,340.359,0.093,6.4,32.17
0.492,2.659,2933.158,746.934,0.296,0.003,61.45,46.632,205.66,0.534,0.395,0.019,0.121,0.545,0.699,1.611,2.114e-4,0,0.418,1.051,0.633,0.008,1012.351,0.001,340.359,0.093,6.4,32.17
0.494,2.629,2932.863,746.64,0.296,0.003,61.461,46.628,205.394,0.534,0.394,0.019,0.121,0.545,0.691,1.593,-4.231e-4,0,0.414,1.051,0.637,0.008,1012.342,0.001,340.358,0.094,6.4,32.17
0.497,2.598,2932.569,746.346,0.296,0.003,61.471,46.625,205.128,0.534,0.394,0.019,0.121,0.545,0.682,1.575,-4.902e-4,0,0.41,1.051,0.64,0.008,1012.332,0.001,340.358,0.094,6.4,32.17
0.499,2.568,2932.275,746.051,0.296,0.003,61.481,46.622,204.862,0.534,0.394,0.019,0.121,0.544,0.674,1.557,-6.453e-5,0,0.407,1.051,0.644,0.008,1012.323,0.001,340.358,0.095,6.4,32.17
0.502,2.525,2931.98,745.757,0.295,0.003,61.496,46.619,204.596,0.534,0.394,0.019,0.121,0.544,0.662,1.531,-2.819e-4,0,0.403,1.051,0.648,0.008,1012.314,0.001,340.357,0.095,6.4,32.17
0.504,2.472,2931.686,745.463,0.295,0.003,61.514,46.616,204.329,0.535,0.394,0.019,0.121,0.544,0.648,1.499,-1.183e-4,0,0.399,1.051,0.652,0.008,1012.304,0.001,340.357,0.095,6.4,32.17
0.507,2.421,2931.392,745.168,0.295,0.003,61.532,46.613,204.063,0.535,0.394,0.019,0.121,0.543,0.633,1.468,2.458e-4,0,0.396,1.051,0.655,0.008,1012.295,0.001,340.357,0.096,6.4,32.17
0.509,2.369,2931.098,744.874,0.295,0.003,61.55,46.609,203.797,0.535,0.394,0.019,0.121,0.543,0.619,1.438,-4.255e-4,0,0.392,1.051,0.659,0.007,1012.285,0.001,340.356,0.096,6.4,32.17
0.511,2.318,2930.803,744.58,0.295,0.003,61.568,46.606,203.531,0.535,0.394,0.019,0.121,0.543,0.605,1.407,-4.152e-4,0,0.388,1.051,0.663,0.007,1012.275,0.001,340.356,0.097,6.4,32.17
0.514,2.268,2930.509,744.286,0.295,0.003,61.586,46.603,203.265,0.535,0.394,0.019,0.121,0.542,0.591,1.377,4.145e-4,0,0.385,1.051,0.666,0.007,1012.266,0.001,340.356,0.097,6.4,32.17
0.516,2.218,2930.215,743.991,0.295,0.003,61.603,46.6,202.999,0.535,0.394,0.019,0.121,0.542,0.578,1.347,3.943e-4,0,0.381,1.051,0.67,0.007,1012.256,0.001,340.356,0.098,6.4,32.17
0.519,2.169,2929.92,743.697,0.295,0.003,61.62,46.597,202.733,0.535,0.394,0.019,0.121,0.542,0.564,1.317,2.246e-4,0,0.378,1.051,0.673,0.007,1012.246,0.001,340.355,0.098,6.4,32.17
0.523,2.091,2929.45,743.226,0.295,0.003,61.648,46.592,202.307,0.535,0.394,0.019,0.121,0.541,0.543,1.271,-9.748e-5,0,0.372,1.051,0.679,0.007,1012.231,0.001,340.355,0.099,6.4,32.17
0.526,2.043,2929.181,742.958,0.295,0.003,61.664,46.589,202.156,0.535,0.394,0.019,0.121,0.541,0.53,1.241,-2.257e-6,0,0.369,1.051,0.682,0.007,1012.221,0.001,340.354,0.099,6.4,32.17
0.528,1.995,2928.913,742.69,0.295,0.003,61.681,46.586,202.005,0.535,0.394,0.019,0.121,0.541,0.517,1.213,1.25e-4,0,0.365,1.051,0.686,0.006,1012.211,0.001,340.354,0.1,6.4,32.17
0.53,1.949,2928.645,742.422,0.295,0.003,61.698,46.583,201.853,0.535,0.394,0.019,0.121,0.541,0.504,1.185,-2.898e-4,0,0.362,1.051,0.689,0.006,1012.201,0.001,340.354,0.1,6.4,32.17
0.533,1.903,2928.377,742.153,0.295,0.003,61.714,46.58,201.702,0.535,0.394,0.019,0.121,0.54,0.492,1.158,3.987e-4,0,0.359,1.051,0.693,0.006,1012.191,0.001,340.353,0.1,6.4,32.17
0.535,1.857,2928.109,741.885,0.295,0.003,61.73,46.577,201.551,0.535,0.394,0.019,0.121,0.54,0.48,1.13,-2.979e-4,0,0.355,1.051,0.696,0.006,1012.181,0.001,340.353,0.101,6.4,32.17
0.538,1.813,2927.84,741.617,0.295,0.003,61.746,46.574,201.4,0.535,0.394,0.019,0.121,0.54,0.468,1.103,-2.67e-4,0,0.352,1.051,0.699,0.005,1012.171,0.001,340.353,0.101,6.4,32.17
0.54,1.769,2927.572,741.349,0.295,0.003,61.762,46.571,201.248,0.535,0.394,0.019,0.121,0.54,0.456,1.077,1.237e-4,0,0.349,1.051,0.702,0.005,1012.161,0.001,340.352,0.102,6.4,32.17
0.543,1.726,2927.304,741.081,0.295,0.003,61.777,46.568,201.097,0.535,0.394,0.019,0.121,0.54,0.444,1.051,4.772e-4,0,0.345,1.051,0.706,0.005,1012.151,0.001,340.352,0.102,6.4,32.17
0.545,1.683,2927.036,740.812,0.295,0.003,61.792,46.566,200.946,0.535,0.394,0.019,0.121,0.539,0.433,1.025,-5.14e-5,0,0.342,1.051,0.709,0.005,1012.141,0.001,340.352,0.103,6.4,32.17
0.548,1.642,2926.768,740.544,0.295,0.003,61.807,46.563,200.795,0.535,0.394,0.019,0.121,0.539,0.422,1,-1.963e-4,0,0.339,1.051,0.712,0.004,1012.13,0.001,340.351,0.103,6.4,32.17
0.55,1.605,2926.499,740.276,0.295,0.003,61.82,46.56,200.643,0.535,0.394,0.019,0.121,0.539,0.412,0.979,5.304e-5,0,0.336,1.051,0.715,0.004,1012.12,0.001,340.351,0.103,6.4,32.17
0.553,1.585,2926.231,740.008,0.295,0.003,61.827,46.557,200.492,0.535,0.394,0.019,0.121,0.539,0.407,0.967,-4.914e-4,0,0.333,1.051,0.718,0.004,1012.11,0.001,340.351,0.104,6.4,32.17
0.555,1.566,2925.963,739.74,0.295,0.003,61.834,46.554,200.341,0.535,0.394,0.019,0.121,0.539,0.402,0.955,-1.384e-4,0,0.33,1.051,0.721,0.004,1012.099,0.001,340.35,0.104,6.4,32.17
0.558,1.547,2925.695,739.472,0.295,0.003,61.841,46.551,200.19,0.535,0.394,0.019,0.121,0.539,0.397,0.944,-3.722e-4,0,0.327,1.051,0.724,0.003,1012.089,0.001,340.35,0.105,6.4,32.17
0.56,1.529,2925.427,739.203,0.295,0.003,61.847,46.548,200.038,0.535,0.394,0.019,0.121,0.539,0.392,0.933,5.947e-5,0,0.324,1.051,0.727,0.003,1012.078,0.001,340.35,0.105,6.4,32.17
0.563,1.511,2925.158,738.935,0.295,0.003,61.854,46.545,199.887,0.535,0.394,0.019,0.121,0.539,0.387,0.924,3.701e-4,0,0.321,1.051,0.73,0.003,1012.068,0.001,340.349,0.106,6.4,32.17
0.565,1.495,2924.89,738.667,0.295,0.003,61.86,46.542,199.736,0.535,0.394,0.019,0.121,0.539,0.383,0.914,-1.29e-4,0,0.318,1.051,0.733,0.003,1012.057,0.001,340.349,0.106,6.4,32.17
0.568,1.478,2924.622,738.399,0.295,0.003,61.866,46.539,199.585,0.535,0.394,0.019,0.121,0.539,0.379,0.904,-1.336e-4,0,0.315,1.051,0.736,0.002,1012.047,0.001,340.348,0.106,6.4,32.17
0.57,1.463,2924.354,738.131,0.295,0.003,61.871,46.537,199.433,0.535,0.394,0.019,0.121,0.539,0.374,0.895,4.048e-4,0,0.312,1.051,0.739,0.002,1012.036,0.001,340.348,0.107,6.4,32.17
0.573,1.448,2924.086,737.862,0.295,0.003,61.877,46.534,199.282,0.535,0.394,0.019,0.121,0.539,0.371,0.887,2.354e-4,0,0.309,1.051,0.742,0.002,1012.026,0.001,340.348,0.107,6.4,32.17
0.575,1.434,2923.818,737.594,0.295,0.003,61.882,46.531,199.131,0.535,0.394,0.019,0.122,0.539,0.367,0.879,-4.35e-4,0,0.306,1.051,0.745,0.002,1012.015,0.001,340.347,0.108,6.4,32.17
0.578,1.421,2923.549,737.326,0.295,0.003,61.887,46.528,198.98,0.535,0.394,0.019,0.122,0.539,0.363,0.871,4.658e-4,0,0.303,1.051,0.748,0.002,1012.004,0.001,340.347,0.108,6.4,32.17
0.58,1.409,2923.281,737.058,0.295,0.003,61.892,46.525,198.828,0.535,0.394,0.02,0.122,0.539,0.36,0.864,2.919e-5,0,0.301,1.051,0.751,0.001,1011.993,0.001,340.347,0.109,6.4,32.17
0.583,1.397,2923.013,736.79,0.295,0.003,61.896,46.522,198.677,0.535,0.394,0.02,0.122,0.539,0.357,0.857,-3.851e-4,0,0.298,1.051,0.753,0.001,1011.982,0.001,340.346,0.109,6.4,32.17
0.585,1.387,2922.745,736.521,0.295,0.003,61.9,46.519,198.526,0.535,0.394,0.02,0.122,0.539,0.354,0.85,-2.075e-4,0,0.295,1.051,0.756,9.077e-4,1011.972,0.001,340.346,0.109,6.4,32.17
0.588,1.377,2922.477,736.253,0.294,0.003,61.904,46.516,198.375,0.536,0.394,0.02,0.122,0.539,0.352,0.845,-1.769e-4,0,0.292,1.051,0.759,7.362e-4,1011.961,0.001,340.346,0.11,6.4,32.17
0.59,1.368,2922.208,735.985,0.294,0.003,61.908,46.513,198.223,0.536,0.394,0.02,0.122,0.539,0.349,0.84,-2.216e-4,0,0.29,1.051,0.762,5.804e-4,1011.95,0.001,340.345,0.11,6.4,32.17
0.593,1.36,2921.94,735.717,0.294,0.003,61.911,46.51,198.072,0.536,0.394,0.02,0.122,0.539,0.347,0.835,-3.543e-4,0,0.287,1.051,0.764,4.413e-4,1011.939,0.001,340.345,0.111,6.4,32.17
0.595,1.353,2921.672,735.449,0.294,0.003,61.914,46.508,197.921,0.536,0.394,0.02,0.122,0.539,0.345,0.831,1.564e-5,0,0.284,1.051,0.767,3.2e-4,1011.928,0.001,340.344,0.111,6.4,32.17
0.598,1.347,2921.404,735.18,0.294,0.003,61.917,46.505,197.77,0.536,0.394,0.02,0.122,0.539,0.344,0.828,2.006e-4,0,0.282,1.051,0.77,2.173e-4,1011.917,0.001,340.344,0.112,6.4,32.17
0.6,1.339,2921.136,734.912,0.294,0.003,61.92,46.502,197.618,0.536,0.394,0.02,0.122,0.539,0.342,0.823,-1.184e-4,0,0.279,1.051,0.772,1.308e-4,1011.905,0.001,340.344,0.112,6.4,32.17
0.603,1.323,2920.867,734.644,0.294,0.003,61.927,46.499,197.467,0.536,0.394,0.02,0.122,0.538,0.338,0.814,-3.681e-4,0,0.277,1.051,0.775,5.691e-5,1011.894,0.001,340.343,0.112,6.4,32.17
0.605,1.309,2920.599,734.376,0.294,0.003,61.933,46.496,197.316,0.536,0.394,0.02,0.122,0.538,0.334,0.805,-8.755e-5,0,0.274,1.051,0.777,1.295e-5,1011.883,0.001,340.343,0.113,6.4,32.17
0.608,1.296,2920.331,734.108,0.294,0.003,61.939,46.493,197.165,0.536,0.394,0.02,0.122,0.538,0.33,0.797,3.911e-4,0,0.272,1.051,0.78,-1.468e-7,1011.872,0.001,340.343,0.113,6.4,32.17
0.61,1.284,2920.063,733.84,0.294,0.003,61.944,46.49,197.014,0.536,0.394,0.02,0.122,0.538,0.327,0.79,-3.211e-4,0,0.269,1.051,0.782,-1.922e-5,1011.861,0.001,340.342,0.114,6.4,32.17
0.613,1.274,2919.795,733.571,0.294,0.003,61.948,46.487,196.862,0.536,0.394,0.02,0.122,0.538,0.325,0.785,-1.661e-4,0,0.267,1.051,0.785,-7.035e-5,1011.849,0.001,340.342,0.114,6.4,32.17
0.615,1.266,2919.526,733.303,0.294,0.003,61.952,46.484,196.711,0.536,0.394,0.02,0.122,0.538,0.323,0.78,2.293e-4,0,0.264,1.052,0.787,-1.532e-4,1011.838,0.001,340.341,0.114,6.4,32.17
0.618,1.259,2919.258,733.035,0.294,0.003,61.956,46.481,196.56,0.536,0.394,0.02,0.122,0.538,0.321,0.776,-3.668e-4,0,0.262,1.052,0.79,-2.667e-4,1011.826,0.001,340.341,0.115,6.4,32.17
0.62,1.253,2918.99,732.767,0.294,0.003,61.959,46.478,196.409,0.536,0.394,0.02,0.122,0.538,0.319,0.773,-4.015e-4,0,0.259,1.052,0.792,-4.096e-4,1011.815,0.001,340.341,0.115,6.4,32.17
0.623,1.249,2918.722,732.499,0.294,0.003,61.962,46.475,196.257,0.536,0.394,0.02,0.122,0.538,0.318,0.771,-4.906e-4,0,0.257,1.052,0.795,-5.796e-4,1011.803,0.001,340.34,0.116,6.4,32.17
0.625,1.247,2918.454,732.23,0.294,0.003,61.963,46.473,196.106,0.536,0.394,0.02,0.122,0.538,0.318,0.769,-1.165e-4,0,0.255,1.052,0.797,-7.743e-4,1011.792,0.001,340.34,0.116,6.4,32.17
0.628,1.246,2918.185,731.962,0.294,0.003,61.965,46.47,195.955,0.536,0.394,0.02,0.122,0.539,0.317,0.769,-2.24e-4,0,0.252,1.052,0.799,-9.908e-4,1011.78,0.001,340.34,0.117,6.4,32.17
0.63,1.247,2917.917,731.694,0.294,0.003,61.966,46.467,195.804,0.536,0.394,0.02,0.122,0.539,0.318,0.77,3.848e-4,0,0.25,1.052,0.802,-0.001,1011.769,0.001,340.339,0.117,6.4,32.17
0.633,1.248,2917.649,731.426,0.294,0.003,61.966,46.464,195.652,0.536,0.394,0.02,0.122,0.539,0.318,0.771,2.027e-4,0,0.248,1.052,0.804,-0.001,1011.757,0.001,340.339,0.117,6.4,32.17
0.635,1.252,2917.381,731.158,0.294,0.003,61.966,46.461,195.501,0.536,0.394,0.02,0.122,0.539,0.319,0.774,3.156e-4,0,0.245,1.052,0.806,-0.002,1011.745,0.001,340.338,0.118,6.4,32.17
0.638,1.256,2917.113,730.889,0.294,0.003,61.965,46.458,195.35,0.536,0.394,0.02,0.122,0.539,0.32,0.778,-3.059e-4,0,0.243,1.052,0.808,-0.002,1011.734,0.001,340.338,0.118,6.4,32.17
0.64,1.262,2916.845,730.621,0.294,0.003,61.964,46.455,195.199,0.536,0.394,0.02,0.122,0.539,0.322,0.781,-4.244e-4,0,0.241,1.052,0.811,-0.002,1011.722,0.001,340.338,0.119,6.4,32.17
0.643,1.268,2916.576,730.353,0.294,0.003,61.962,46.452,195.047,0.536,0.394,0.02,0.122,0.539,0.323,0.787,2.852e-4,0,0.239,1.052,0.813,-0.003,1011.71,0.001,340.337,0.119,6.4,32.17
0.645,1.276,2916.308,730.085,0.294,0.003,61.96,46.449,194.896,0.536,0.394,0.02,0.122,0.539,0.325,0.792,9.255e-5,0,0.237,1.052,0.815,-0.003,1011.698,0.001,340.337,0.119,6.4,32.17
0.648,1.285,2916.04,729.817,0.294,0.003,61.957,46.446,194.745,0.536,0.394,0.02,0.122,0.539,0.328,0.797,-4.702e-5,0,0.235,1.052,0.817,-0.003,1011.686,0.001,340.336,0.12,6.4,32.17
0.65,1.296,2915.772,729.548,0.294,0.003,61.954,46.443,194.594,0.536,0.394,0.02,0.122,0.539,0.331,0.804,2.296e-4,0,0.232,1.052,0.819,-0.003,1011.674,0.001,340.336,0.12,6.4,32.17
0.653,1.31,2915.504,729.28,0.294,0.003,61.95,46.44,194.442,0.536,0.394,0.02,0.122,0.539,0.334,0.813,-2.55e-4,0,0.23,1.052,0.821,-0.004,1011.662,0.001,340.336,0.121,6.4,32.17
0.655,1.324,2915.235,729.012,0.294,0.003,61.945,46.438,194.291,0.536,0.394,0.02,0.122,0.539,0.338,0.823,-2.406e-4,0,0.228,1.052,0.823,-0.004,1011.65,0.001,340.335,0.121,6.4,32.17
0.658,1.339,2914.967,728.744,0.294,0.003,61.94,46.435,194.14,0.536,0.394,0.02,0.122,0.539,0.342,0.833,-2.763e-4,0,0.226,1.052,0.826,-0.004,1011.638,0.001,340.335,0.122,6.4,32.17
0.66,1.355,2914.699,728.476,0.294,0.003,61.934,46.432,193.989,0.536,0.394,0.02,0.122,0.539,0.346,0.842,-9.586e-5,0,0.224,1.052,0.828,-0.004,1011.626,0.001,340.334,0.122,6.4,32.17
0.663,1.37,2914.431,728.207,0.294,0.003,61.929,46.429,193.837,0.537,0.394,0.02,0.122,0.539,0.35,0.852,2.274e-4,0,0.222,1.052,0.83,-0.004,1011.614,0.001,340.334,0.122,6.4,32.17
0.665,1.386,2914.163,727.939,0.294,0.003,61.923,46.426,193.686,0.537,0.394,0.02,0.122,0.54,0.354,0.862,-5.753e-5,0,0.22,1.052,0.832,-0.004,1011.601,0.001,340.334,0.123,6.4,32.17
0.668,1.403,2913.894,727.671,0.294,0.003,61.917,46.423,193.535,0.537,0.394,0.02,0.122,0.54,0.359,0.873,-5.196e-5,0,0.218,1.052,0.834,-0.004,1011.589,0.001,340.333,0.123,6.4,32.17
0.67,1.419,2913.626,727.403,0.294,0.003,61.912,46.42,193.384,0.537,0.394,0.02,0.122,0.54,0.363,0.884,-1.174e-4,0,0.216,1.052,0.835,-0.005,1011.577,0.001,340.333,0.124,6.4,32.17
0.673,1.436,2913.358,727.135,0.294,0.003,61.906,46.417,193.232,0.537,0.394,0.02,0.122,0.54,0.368,0.894,3.246e-4,0,0.214,1.052,0.837,-0.005,1011.565,0.001,340.332,0.124,6.4,32.17
0.675,1.453,2913.09,726.867,0.293,0.003,61.899,46.414,193.081,0.537,0.394,0.02,0.122,0.54,0.372,0.905,-2.984e-4,0,0.213,1.052,0.839,-0.005,1011.552,0.001,340.332,0.124,6.4,32.17
0.678,1.47,2912.822,726.598,0.293,0.003,61.893,46.411,192.93,0.537,0.394,0.02,0.122,0.54,0.377,0.915,-2.463e-4,0,0.211,1.052,0.841,-0.005,1011.54,0.001,340.331,0.125,6.4,32.17
0.68,1.488,2912.553,726.33,0.293,0.003,61.887,46.408,192.779,0.537,0.394,0.021,0.122,0.54,0.381,0.927,-3.481e-4,0,0.209,1.052,0.843,-0.005,1011.527,0.001,340.331,0.125,6.4,32.17
0.683,1.505,2912.285,726.062,0.293,0.003,61.881,46.405,192.628,0.537,0.394,0.021,0.122,0.54,0.386,0.938,1.16e-4,0,0.207,1.052,0.845,-0.005,1011.515,0.001,340.331,0.126,6.4,32.17
0.685,1.522,2912.017,725.794,0.293,0.003,61.874,46.402,192.476,0.537,0.394,0.021,0.122,0.54,0.39,0.949,1.329e-4,0,0.205,1.052,0.847,-0.005,1011.502,0.001,340.33,0.126,6.4,32.17
0.688,1.54,2911.749,725.526,0.293,0.003,61.868,46.4,192.325,0.537,0.394,0.021,0.122,0.541,0.395,0.959,1.193e-4,0,0.203,1.052,0.849,-0.005,1011.49,0.001,340.33,0.126,6.4,32.17
0.69,1.557,2911.481,725.257,0.293,0.003,61.861,46.397,192.174,0.537,0.394,0.021,0.122,0.541,0.4,0.971,-3.698e-4,0,0.202,1.052,0.85,-0.005,1011.477,0.001,340.329,0.127,6.4,32.17
0.693,1.575,2911.213,724.989,0.293,0.003,61.855,46.394,192.023,0.537,0.394,0.021,0.122,0.541,0.404,0.982,-4.203e-5,0,0.2,1.052,0.852,-0.005,1011.465,0.001,340.329,0.127,6.4,32.17
0.695,1.592,2910.944,724.721,0.293,0.003,61.848,46.391,191.871,0.537,0.394,0.021,0.122,0.541,0.409,0.992,2.209e-4,0,0.198,1.052,0.854,-0.005,1011.452,0.001,340.329,0.128,6.4,32.17
0.698,1.61,2910.676,724.453,0.293,0.003,61.842,46.388,191.72,0.537,0.394,0.021,0.122,0.541,0.414,1.004,-2.11e-4,0,0.196,1.052,0.856,-0.005,1011.439,0.001,340.328,0.128,6.4,32.17
0.7,1.627,2910.408,724.185,0.293,0.003,61.835,46.385,191.569,0.537,0.394,0.021,0.122,0.541,0.418,1.015,1.445e-4,0,0.195,1.052,0.857,-0.005,1011.426,0.001,340.328,0.128,6.4,32.17
0.703,1.644,2910.14,723.916,0.293,0.003,61.829,46.382,191.418,0.537,0.394,0.021,0.122,0.541,0.423,1.024,-4.76e-4,0,0.193,1.052,0.859,-0.005,1011.413,0.001,340.327,0.129,6.4,32.17
0.705,1.66,2909.872,723.648,0.293,0.003,61.823,46.379,191.266,0.537,0.394,0.021,0.122,0.541,0.427,1.035,-5.845e-5,0,0.191,1.052,0.861,-0.005,1011.401,0.001,340.327,0.129,6.4,32.17
0.708,1.677,2909.603,723.38,0.293,0.003,61.817,46.376,191.115,0.537,0.394,0.021,0.122,0.542,0.432,1.046,4.382e-4,0,0.19,1.052,0.862,-0.005,1011.388,0.001,340.326,0.13,6.4,32.17
0.71,1.693,2909.335,723.112,0.293,0.003,61.811,46.373,190.964,0.537,0.394,0.021,0.122,0.542,0.436,1.056,-3.423e-4,0,0.188,1.052,0.864,-0.004,1011.375,0.001,340.326,0.13,6.4,32.17
0.713,1.709,2909.067,722.844,0.293,0.003,61.804,46.37,190.813,0.537,0.394,0.021,0.122,0.542,0.44,1.066,9.498e-5,0,0.186,1.052,0.866,-0.004,1011.362,0.001,340.325,0.131,6.4,32.17
0.715,1.725,2908.799,722.575,0.293,0.003,61.798,46.367,190.661,0.537,0.394,0.021,0.122,0.542,0.444,1.076,-3.854e-4,0,0.185,1.052,0.867,-0.004,1011.349,0.001,340.325,0.131,6.4,32.17
0.718,1.741,2908.531,722.307,0.293,0.003,61.793,46.364,190.51,0.537,0.394,0.021,0.122,0.542,0.449,1.085,8.803e-5,0,0.183,1.052,0.869,-0.004,1011.336,0.001,340.325,0.131,6.4,32.17
0.72,1.756,2908.262,722.039,0.293,0.003,61.787,46.361,190.359,0.537,0.394,0.021,0.122,0.542,0.453,1.095,2.468e-4,0,0.182,1.052,0.871,-0.004,1011.323,0.001,340.324,0.132,6.4,32.17
0.723,1.771,2907.994,721.771,0.293,0.003,61.781,46.358,190.208,0.537,0.394,0.021,0.122,0.542,0.457,1.104,9.875e-5,0,0.18,1.052,0.872,-0.004,1011.309,0.001,340.324,0.132,6.4,32.17
0.725,1.786,2907.726,721.503,0.293,0.003,61.775,46.356,190.056,0.537,0.394,0.021,0.122,0.542,0.461,1.114,-4.941e-4,0,0.179,1.052,0.874,-0.004,1011.296,0.001,340.323,0.133,6.4,32.17
0.728,1.8,2907.458,721.235,0.293,0.003,61.77,46.353,189.905,0.537,0.394,0.021,0.122,0.542,0.465,1.123,-2.292e-4,0,0.177,1.052,0.875,-0.004,1011.283,0.001,340.323,0.133,6.4,32.17
0.73,1.814,2907.19,720.966,0.293,0.003,61.764,46.35,189.754,0.537,0.394,0.021,0.122,0.543,0.468,1.132,3.299e-4,0,0.176,1.052,0.877,-0.004,1011.27,0.001,340.322,0.133,6.4,32.17
0.733,1.828,2906.921,720.698,0.293,0.003,61.759,46.347,189.603,0.538,0.394,0.021,0.122,0.543,0.472,1.141,-9.944e-5,0,0.174,1.052,0.878,-0.004,1011.257,0.001,340.322,0.134,6.4,32.17
0.735,1.841,2906.653,720.43,0.293,0.003,61.754,46.344,189.451,0.538,0.394,0.021,0.122,0.543,0.476,1.149,-3.198e-4,0,0.173,1.052,0.88,-0.003,1011.243,0.001,340.322,0.134,6.4,32.17
0.738,1.854,2906.385,720.162,0.293,0.003,61.749,46.341,189.3,0.538,0.394,0.021,0.122,0.543,0.479,1.157,4.446e-4,0,0.171,1.052,0.881,-0.003,1011.23,0.001,340.321,0.135,6.4,32.17
0.74,1.867,2906.117,719.894,0.293,0.003,61.744,46.338,189.149,0.538,0.394,0.021,0.122,0.543,0.483,1.165,-3.56e-4,0,0.17,1.052,0.883,-0.003,1011.216,0.001,340.321,0.135,6.4,32.17
0.743,1.879,2905.849,719.625,0.293,0.003,61.74,46.335,188.998,0.538,0.394,0.021,0.122,0.543,0.486,1.172,-1.571e-4,0,0.168,1.052,0.884,-0.003,1011.203,0.001,340.32,0.135,6.4,32.17
0.745,1.891,2905.58,719.357,0.293,0.003,61.735,46.332,188.846,0.538,0.394,0.021,0.122,0.543,0.489,1.18,1.037e-4,0,0.167,1.052,0.886,-0.003,1011.189,0.001,340.32,0.136,6.4,32.17
0.748,1.902,2905.312,719.089,0.293,0.003,61.731,46.329,188.695,0.538,0.394,0.021,0.122,0.543,0.492,1.187,1.589e-4,0,0.165,1.052,0.887,-0.003,1011.176,0.001,340.319,0.136,6.4,32.17
0.75,1.913,2905.044,718.821,0.293,0.003,61.727,46.326,188.544,0.538,0.394,0.021,0.122,0.543,0.495,1.193,4.725e-4,0,0.164,1.052,0.888,-0.003,1011.162,0.001,340.319,0.137,6.4,32.17
0.753,1.924,2904.776,718.553,0.293,0.003,61.722,46.323,188.393,0.538,0.394,0.021,0.122,0.544,0.498,1.2,-4.642e-4,0,0.163,1.052,0.89,-0.002,1011.149,0.001,340.318,0.137,6.4,32.17
0.755,1.934,2904.508,718.284,0.293,0.003,61.718,46.32,188.241,0.538,0.394,0.021,0.122,0.544,0.501,1.207,-3.516e-6,0,0.161,1.052,0.891,-0.002,1011.135,0.001,340.318,0.137,6.4,32.17
0.758,1.944,2904.24,718.016,0.293,0.003,61.715,46.317,188.09,0.538,0.394,0.021,0.122,0.544,0.503,1.213,4.691e-4,0,0.16,1.052,0.892,-0.002,1011.121,0.001,340.317,0.138,6.4,32.17
0.76,1.954,2903.971,717.748,0.293,0.003,61.711,46.314,187.939,0.538,0.394,0.021,0.122,0.544,0.506,1.22,1.228e-4,0,0.159,1.052,0.894,-0.002,1011.108,0.001,340.317,0.138,6.4,32.17
0.763,1.963,2903.703,717.48,0.293,0.003,61.707,46.311,187.788,0.538,0.394,0.021,0.122,0.544,0.509,1.225,3.962e-4,0,0.157,1.052,0.895,-0.002,1011.094,0.001,340.316,0.139,6.4,32.17
0.765,1.971,2903.435,717.212,0.292,0.003,61.704,46.308,187.637,0.538,0.394,0.021,0.123,0.544,0.511,1.231,4.35e-4,0,0.156,1.052,0.896,-0.002,1011.08,0.001,340.316,0.139,6.4,32.17
0.768,1.979,2903.167,716.943,0.292,0.003,61.701,46.305,187.485,0.538,0.394,0.021,0.123,0.544,0.513,1.235,1.017e-4,0,0.155,1.052,0.898,-0.002,1011.066,0.001,340.316,0.139,6.4,32.17
0.77,1.987,2902.899,716.675,0.292,0.003,61.698,46.303,187.334,0.538,0.394,0.021,0.123,0.544,0.515,1.24,-3.462e-4,0,0.154,1.053,0.899,-0.002,1011.052,0.001,340.315,0.14,6.4,32.17
0.773,1.994,2902.63,716.407,0.292,0.003,61.695,46.3,187.183,0.538,0.394,0.021,0.123,0.544,0.517,1.245,4.39e-4,0,0.152,1.053,0.9,-0.001,1011.038,0.001,340.315,0.14,6.4,32.17
0.775,2.001,2902.362,716.139,0.292,0.003,61.693,46.297,187.032,0.538,0.394,0.021,0.123,0.544,0.519,1.249,2.048e-4,0,0.151,1.053,0.901,-0.001,1011.024,0.001,340.314,0.141,6.4,32.17
0.778,2.006,2902.094,715.871,0.292,0.003,61.69,46.294,186.88,0.538,0.394,0.022,0.123,0.544,0.52,1.253,-1.306e-4,0,0.15,1.053,0.903,-0.001,1011.01,0.001,340.314,0.141,6.4,32.17
0.78,2.012,2901.826,715.602,0.292,0.003,61.688,46.291,186.729,0.538,0.394,0.022,0.123,0.544,0.522,1.257,-1.469e-4,0,0.149,1.053,0.904,-0.001,1010.996,0.001,340.313,0.141,6.4,32.17
0.783,2.017,2901.558,715.334,0.292,0.003,61.686,46.288,186.578,0.538,0.394,0.022,0.123,0.545,0.523,1.259,3.162e-4,0,0.148,1.053,0.905,-0.001,1010.982,0.001,340.313,0.142,6.4,32.17
0.785,2.021,2901.289,715.066,0.292,0.003,61.685,46.285,186.427,0.538,0.394,0.022,0.123,0.545,0.524,1.263,-9.712e-5,0,0.146,1.053,0.906,-9.684e-4,1010.968,0.001,340.312,0.142,6.4,32.17
0.788,2.025,2901.021,714.798,0.292,0.003,61.683,46.282,186.275,0.538,0.394,0.022,0.123,0.545,0.525,1.266,-1.637e-4,0,0.145,1.053,0.907,-8.748e-4,1010.954,0.001,340.312,0.142,6.4,32.17
0.79,2.028,2900.753,714.53,0.292,0.003,61.682,46.279,186.124,0.538,0.394,0.022,0.123,0.545,0.526,1.267,4.651e-4,0,0.144,1.053,0.909,-7.854e-4,1010.94,0.001,340.311,0.143,6.4,32.17
0.793,2.031,2900.485,714.262,0.292,0.003,61.681,46.276,185.973,0.538,0.394,0.022,0.123,0.545,0.527,1.269,-3.926e-4,0,0.143,1.053,0.91,-7.003e-4,1010.925,0.001,340.311,0.143,6.4,32.17
0.795,2.033,2900.217,713.993,0.292,0.003,61.68,46.273,185.822,0.538,0.394,0.022,0.123,0.545,0.528,1.271,2.903e-4,0,0.142,1.053,0.911,-6.196e-4,1010.911,0.001,340.31,0.144,6.4,32.17
0.798,2.034,2899.948,713.725,0.292,0.003,61.679,46.27,185.67,0.538,0.394,0.022,0.123,0.545,0.528,1.272,-2.675e-4,0,0.141,1.053,0.912,-5.435e-4,1010.897,0.001,340.31,0.144,6.4,32.17
0.8,2.035,2899.68,713.457,0.292,0.003,61.679,46.267,185.519,0.538,0.394,0.022,0.123,0.545,0.528,1.273,-3.316e-4,0,0.14,1.053,0.913,-4.715e-4,1010.882,0.001,340.309,0.144,6.4,32.17
0.803,2.034,2899.412,713.189,0.292,0.003,61.679,46.264,185.368,0.539,0.394,0.022,0.123,0.545,0.528,1.271,3.598e-4,0,0.138,1.053,0.914,-4.025e-4,1010.868,0.001,340.309,0.145,6.4,32.17
0.805,2.032,2899.144,712.921,0.292,0.003,61.68,46.261,185.217,0.539,0.394,0.022,0.123,0.545,0.527,1.271,-1.052e-4,0,0.137,1.053,0.915,-3.387e-4,1010.854,0.001,340.308,0.145,6.4,32.17
0.808,2.03,2898.876,712.652,0.292,0.003,61.68,46.258,185.065,0.539,0.394,0.022,0.123,0.545,0.527,1.269,-3.803e-4,0,0.136,1.053,0.917,-2.802e-4,1010.839,0.001,340.308,0.146,6.4,32.17
0.81,2.027,2898.608,712.384,0.292,0.003,61.681,46.255,184.914,0.539,0.394,0.022,0.123,0.545,0.526,1.268,-1.97e-4,0,0.135,1.053,0.918,-2.271e-4,1010.825,0.001,340.307,0.146,6.4,32.17
0.813,2.023,2898.339,712.116,0.292,0.003,61.682,46.252,184.763,0.539,0.394,0.022,0.123,0.545,0.525,1.266,-1.219e-4,0,0.134,1.053,0.919,-1.795e-4,1010.81,0.001,340.307,0.146,6.4,32.17
0.815,2.019,2898.071,711.848,0.292,0.003,61.684,46.249,184.612,0.539,0.394,0.022,0.123,0.545,0.524,1.263,-1.368e-4,0,0.133,1.053,0.92,-1.374e-4,1010.795,0.001,340.306,0.147,6.4,32.17
0.818,2.014,2897.803,711.58,0.292,0.003,61.686,46.246,184.46,0.539,0.394,0.022,0.123,0.545,0.522,1.26,-1.943e-4,0,0.132,1.053,0.921,-1.009e-4,1010.781,0.001,340.306,0.147,6.4,32.17
0.82,2.008,2897.535,711.311,0.292,0.003,61.688,46.243,184.309,0.539,0.394,0.022,0.123,0.545,0.521,1.257,3.481e-4,0,0.131,1.053,0.922,-6.997e-5,1010.766,0.001,340.305,0.148,6.4,32.17
0.823,2.002,2897.267,711.043,0.292,0.003,61.69,46.241,184.158,0.539,0.394,0.022,0.123,0.545,0.519,1.253,-2.355e-4,0,0.13,1.053,0.923,-4.472e-5,1010.751,0.001,340.305,0.148,6.4,32.17
0.825,1.995,2896.998,710.775,0.292,0.003,61.692,46.238,184.007,0.539,0.394,0.022,0.123,0.545,0.517,1.249,6.402e-5,0,0.129,1.053,0.924,-2.512e-5,1010.737,0.001,340.304,0.148,6.4,32.17
0.828,1.988,2896.73,710.507,0.292,0.003,61.695,46.235,183.855,0.539,0.394,0.022,0.123,0.545,0.515,1.245,9.696e-6,0,0.128,1.053,0.925,-1.115e-5,1010.722,0.001,340.304,0.149,6.4,32.17
0.83,1.979,2896.462,710.239,0.292,0.003,61.698,46.232,183.704,0.539,0.394,0.022,0.123,0.545,0.513,1.24,1.496e-4,0,0.127,1.053,0.926,-2.789e-6,1010.707,0.001,340.303,0.149,6.4,32.17
0.833,1.97,2896.194,709.97,0.292,0.003,61.701,46.229,183.553,0.539,0.394,0.022,0.123,0.545,0.511,1.235,2.09e-4,0,0.126,1.053,0.927,0,1010.692,0.001,340.303,0.149,6.4,32.17
0.837,1.955,2895.765,709.541,0.292,0.003,61.707,46.224,183.311,0.539,0.394,0.022,0.123,0.545,0.506,1.225,4.4e-4,0,0.125,1.053,0.928,6.988e-6,1010.668,0.001,340.302,0.15,6.4,32.17
0.839,1.944,2895.523,709.3,0.292,0.003,61.711,46.221,183.175,0.539,0.394,0.022,0.123,0.545,0.504,1.219,-2.225e-4,0,0.124,1.053,0.929,1.84e-5,1010.653,0.001,340.302,0.15,6.4,32.17
0.842,1.933,2895.281,709.058,0.292,0.003,61.715,46.219,183.039,0.539,0.394,0.022,0.123,0.545,0.501,1.212,-1.022e-4,0,0.123,1.053,0.93,3.513e-5,1010.638,0.001,340.301,0.151,6.4,32.17
0.844,1.921,2895.039,708.816,0.292,0.003,61.719,46.216,182.903,0.539,0.394,0.022,0.123,0.545,0.497,1.205,-4.707e-4,0,0.122,1.053,0.931,5.706e-5,1010.623,0.001,340.301,0.151,6.4,32.17
0.847,1.909,2894.798,708.574,0.292,0.003,61.724,46.213,182.767,0.539,0.394,0.022,0.123,0.545,0.494,1.197,-3.893e-4,0,0.121,1.053,0.932,8.408e-5,1010.608,0.001,340.3,0.152,6.4,32.17
0.849,1.896,2894.556,708.333,0.292,0.003,61.729,46.211,182.631,0.539,0.394,0.022,0.123,0.545,0.49,1.189,1.461e-4,0,0.12,1.053,0.933,1.16e-4,1010.593,0.001,340.3,0.152,6.4,32.17
0.852,1.886,2894.314,708.091,0.291,0.003,61.733,46.208,182.495,0.539,0.394,0.022,0.123,0.545,0.488,1.183,-1.454e-4,0,0.119,1.053,0.934,1.493e-4,1010.578,0.001,340.299,0.152,6.4,32.17
0.854,1.878,2894.072,707.849,0.291,0.003,61.736,46.205,182.358,0.539,0.394,0.022,0.123,0.545,0.486,1.178,-3.916e-5,0,0.118,1.053,0.935,1.855e-4,1010.563,0.001,340.299,0.153,6.4,32.17
0.857,1.869,2893.831,707.607,0.291,0.003,61.739,46.203,182.222,0.539,0.394,0.022,0.123,0.545,0.483,1.172,-2.752e-4,0,0.117,1.053,0.936,2.255e-4,1010.547,0.001,340.298,0.153,6.4,32.17
0.859,1.859,2893.589,707.365,0.291,0.003,61.743,46.2,182.086,0.539,0.394,0.022,0.123,0.545,0.481,1.167,-4.408e-4,0,0.117,1.053,0.937,2.691e-4,1010.532,0.001,340.298,0.154,6.4,32.17
0.862,1.849,2893.347,707.124,0.291,0.003,61.747,46.197,181.95,0.539,0.394,0.022,0.123,0.545,0.478,1.161,-1.686e-4,0,0.116,1.053,0.937,3.163e-4,1010.517,0.001,340.297,0.154,6.4,32.17
0.864,1.839,2893.105,706.882,0.291,0.003,61.751,46.195,181.814,0.54,0.394,0.023,0.123,0.545,0.475,1.155,-3.033e-4,0,0.115,1.053,0.938,3.67e-4,1010.501,0.001,340.297,0.154,6.4,32.17
0.867,1.829,2892.863,706.64,0.291,0.003,61.755,46.192,181.678,0.54,0.394,0.023,0.123,0.545,0.472,1.148,-4.37e-4,0,0.114,1.053,0.939,4.21e-4,1010.486,0.001,340.296,0.155,6.4,32.17
0.869,1.818,2892.622,706.398,0.291,0.003,61.759,46.189,181.542,0.54,0.394,0.023,0.123,0.545,0.47,1.142,3.208e-5,0,0.113,1.053,0.94,4.784e-4,1010.471,0.001,340.296,0.155,6.4,32.17
0.872,1.807,2892.38,706.157,0.291,0.003,61.763,46.187,181.406,0.54,0.394,0.023,0.123,0.545,0.467,1.135,4.161e-4,0,0.112,1.053,0.941,5.39e-4,1010.455,0.001,340.295,0.155,6.4,32.17
0.874,1.795,2892.138,705.915,0.291,0.003,61.768,46.184,181.27,0.54,0.394,0.023,0.123,0.545,0.463,1.128,1.778e-4,0,0.112,1.053,0.942,6.027e-4,1010.44,0.001,340.295,0.156,6.4,32.17
0.877,1.783,2891.896,705.673,0.291,0.003,61.772,46.181,181.134,0.54,0.394,0.023,0.123,0.545,0.46,1.12,-1.096e-4,0,0.111,1.053,0.942,6.693e-4,1010.424,0.001,340.294,0.156,6.4,32.17
0.879,1.771,2891.655,705.431,0.291,0.003,61.777,46.179,180.998,0.54,0.394,0.023,0.123,0.545,0.457,1.113,-4.336e-4,0,0.11,1.053,0.943,7.388e-4,1010.409,0.001,340.293,0.157,6.4,32.17
0.882,1.758,2891.413,705.19,0.291,0.003,61.782,46.176,180.862,0.54,0.394,0.023,0.123,0.545,0.454,1.106,4.515e-4,0,0.109,1.053,0.944,8.109e-4,1010.393,0.001,340.293,0.157,6.4,32.17
0.884,1.745,2891.171,704.948,0.291,0.003,61.787,46.173,180.726,0.54,0.394,0.023,0.123,0.545,0.45,1.097,-3.669e-4,0,0.109,1.053,0.945,8.857e-4,1010.377,0.001,340.292,0.157,6.4,32.17
0.887,1.732,2890.929,704.706,0.291,0.003,61.792,46.17,180.59,0.54,0.394,0.023,0.123,0.545,0.446,1.089,5.894e-5,0,0.108,1.053,0.946,9.628e-4,1010.362,0.001,340.292,0.158,6.4,32.17
0.889,1.718,2890.688,704.464,0.291,0.003,61.798,46.168,180.453,0.54,0.394,0.023,0.123,0.545,0.443,1.08,-1.845e-4,0,0.107,1.053,0.946,0.001,1010.346,0.001,340.291,0.158,6.4,32.17
0.892,1.704,2890.446,704.222,0.291,0.003,61.803,46.165,180.317,0.54,0.394,0.023,0.123,0.545,0.439,1.072,-2.381e-4,0,0.106,1.053,0.947,0.001,1010.33,0.001,340.291,0.159,6.4,32.17
0.894,1.689,2890.204,703.981,0.291,0.003,61.809,46.162,180.181,0.54,0.394,0.023,0.123,0.545,0.435,1.062,-1.309e-4,0,0.106,1.053,0.948,0.001,1010.314,0.001,340.29,0.159,6.4,32.17
0.897,1.675,2889.962,703.739,0.291,0.003,61.815,46.16,180.045,0.54,0.394,0.023,0.123,0.545,0.431,1.053,-1.401e-4,0,0.105,1.053,0.949,0.001,1010.298,0.001,340.29,0.159,6.4,32.17
0.899,1.659,2889.72,703.497,0.291,0.003,61.821,46.157,179.909,0.54,0.394,0.023,0.123,0.544,0.427,1.044,-6.229e-7,0,0.104,1.053,0.949,0.001,1010.283,0.001,340.289,0.16,6.4,32.17
0.902,1.635,2889.479,703.255,0.291,0.003,61.83,46.154,179.773,0.54,0.394,0.023,0.123,0.544,0.421,1.029,1.313e-4,0,0.103,1.053,0.95,0.001,1010.267,0.001,340.289,0.16,6.4,32.17
0.904,1.608,2889.237,703.014,0.291,0.003,61.84,46.152,179.637,0.54,0.394,0.023,0.123,0.544,0.413,1.012,3.105e-4,0,0.103,1.053,0.951,0.002,1010.251,0.001,340.288,0.16,6.4,32.17
0.907,1.581,2888.995,702.772,0.291,0.003,61.851,46.149,179.501,0.54,0.394,0.023,0.123,0.544,0.406,0.995,-3.732e-4,0,0.102,1.053,0.952,0.002,1010.235,0.001,340.288,0.161,6.4,32.17
0.909,1.553,2888.753,702.53,0.291,0.003,61.862,46.146,179.365,0.54,0.394,0.023,0.123,0.544,0.399,0.978,6.984e-5,0,0.101,1.054,0.952,0.002,1010.219,0.001,340.287,0.161,6.4,32.17
0.912,1.525,2888.512,702.288,0.291,0.003,61.873,46.144,179.229,0.54,0.394,0.023,0.123,0.544,0.391,0.96,-4.693e-4,0,0.101,1.054,0.953,0.002,1010.203,0.001,340.287,0.162,6.4,32.17
0.914,1.497,2888.27,702.047,0.291,0.003,61.884,46.141,179.093,0.54,0.394,0.023,0.123,0.544,0.384,0.942,2.898e-4,0,0.1,1.054,0.954,0.002,1010.187,0.001,340.286,0.162,6.4,32.17
0.917,1.468,2888.028,701.805,0.291,0.003,61.895,46.138,178.957,0.54,0.394,0.023,0.123,0.544,0.376,0.924,-4.125e-4,0,0.099,1.054,0.954,0.002,1010.17,0.001,340.285,0.162,6.4,32.17
0.919,1.438,2887.786,701.563,0.291,0.003,61.907,46.136,178.821,0.54,0.394,0.023,0.123,0.544,0.368,0.906,1.253e-4,0,0.099,1.054,0.955,0.002,1010.154,0.001,340.285,0.163,6.4,32.17
0.922,1.409,2887.545,701.321,0.291,0.003,61.918,46.133,178.684,0.541,0.394,0.023,0.123,0.544,0.361,0.887,-4.044e-4,0,0.098,1.054,0.956,0.002,1010.138,0.001,340.284,0.163,6.4,32.17
0.924,1.379,2887.303,701.079,0.291,0.003,61.93,46.13,178.548,0.541,0.394,0.023,0.123,0.544,0.353,0.868,-4.122e-4,0,0.097,1.054,0.956,0.002,1010.122,0.001,340.284,0.163,6.4,32.17
0.927,1.349,2887.061,700.838,0.291,0.003,61.942,46.128,178.412,0.541,0.394,0.023,0.123,0.544,0.345,0.85,4.671e-4,0,0.097,1.054,0.957,0.002,1010.105,0.001,340.283,0.164,6.4,32.17
0.929,1.319,2886.819,700.596,0.291,0.003,61.954,46.125,178.276,0.541,0.394,0.023,0.124,0.543,0.337,0.831,7.596e-5,0,0.096,1.054,0.958,0.002,1010.089,0.001,340.283,0.164,6.4,32.17
0.932,1.288,2886.577,700.354,0.291,0.003,61.966,46.122,178.14,0.541,0.394,0.023,0.124,0.543,0.329,0.812,3.537e-4,0,0.095,1.054,0.958,0.002,1010.073,0.001,340.282,0.165,6.4,32.17
0.934,1.257,2886.336,700.112,0.291,0.003,61.979,46.12,178.004,0.541,0.394,0.023,0.124,0.543,0.321,0.792,2.228e-4,0,0.095,1.054,0.959,0.002,1010.056,0.001,340.282,0.165,6.4,32.17
0.937,1.227,2886.094,699.871,0.291,0.003,61.991,46.117,177.868,0.541,0.394,0.023,0.124,0.543,0.313,0.773,3.4e-4,0,0.094,1.054,0.96,0.003,1010.04,0.001,340.281,0.165,6.4,32.17
0.939,1.196,2885.852,699.629,0.291,0.003,62.003,46.114,177.732,0.541,0.394,0.024,0.124,0.543,0.305,0.754,-4.411e-4,0,0.093,1.054,0.96,0.003,1010.023,0.001,340.281,0.166,6.4,32.17
0.942,1.165,2885.61,699.387,0.291,0.003,62.016,46.111,177.596,0.541,0.394,0.024,0.124,0.543,0.297,0.734,2.022e-4,0,0.093,1.054,0.961,0.003,1010.007,0.001,340.28,0.166,6.4,32.17
0.944,1.134,2885.369,699.145,0.291,0.003,62.028,46.109,177.46,0.541,0.394,0.024,0.124,0.543,0.289,0.716,4.918e-4,0,0.092,1.054,0.962,0.003,1009.99,0.001,340.279,0.166,6.4,32.17
0.947,1.104,2885.127,698.904,0.291,0.003,62.041,46.106,177.324,0.541,0.394,0.024,0.124,0.543,0.281,0.696,-2.668e-4,0,0.092,1.054,0.962,0.003,1009.974,0.001,340.279,0.167,6.4,32.17
0.949,1.073,2884.885,698.662,0.29,0.003,62.053,46.103,177.188,0.541,0.394,0.024,0.124,0.543,0.273,0.677,1.029e-4,0,0.091,1.054,0.963,0.003,1009.957,0.001,340.278,0.167,6.4,32.17
0.952,1.044,2884.643,698.42,0.29,0.003,62.065,46.101,177.052,0.541,0.394,0.024,0.124,0.543,0.265,0.658,1.354e-4,0,0.09,1.054,0.964,0.003,1009.94,0.001,340.278,0.168,6.4,32.17
0.954,1.016,2884.402,698.178,0.29,0.003,62.076,46.098,176.915,0.541,0.394,0.024,0.124,0.543,0.258,0.641,2.594e-4,0,0.09,1.054,0.964,0.002,1009.924,0.001,340.277,0.168,6.4,32.17
0.957,0.988,2884.16,697.936,0.29,0.003,62.088,46.095,176.779,0.541,0.394,0.024,0.124,0.543,0.25,0.623,-2.188e-5,0,0.089,1.054,0.965,0.002,1009.907,0.001,340.277,0.168,6.4,32.17
0.96,0.96,2883.918,697.694,0.29,0.003,62.099,46.093,176.643,0.541,0.394,0.024,0.124,0.543,0.243,0.606,-4.562e-4,0,0.089,1.054,0.965,0.002,1009.89,0.001,340.276,0.169,6.4,32.17
0.962,0.932,2883.675,697.452,0.29,0.003,62.11,46.09,176.507,0.541,0.394,0.024,0.124,0.543,0.236,0.589,2.226e-4,0,0.088,1.054,0.966,0.002,1009.873,0.001,340.275,0.169,6.4,32.17
0.965,0.905,2883.432,697.209,0.29,0.003,62.121,46.087,176.37,0.541,0.394,0.024,0.124,0.543,0.229,0.571,4.987e-4,0,0.087,1.054,0.966,0.002,1009.856,0.001,340.275,0.169,6.4,32.17
0.967,0.879,2883.188,696.965,0.29,0.003,62.132,46.084,176.233,0.541,0.394,0.024,0.124,0.543,0.222,0.555,-1.866e-4,0,0.087,1.054,0.967,0.002,1009.839,0.001,340.274,0.17,6.4,32.17
0.97,0.853,2882.944,696.721,0.29,0.003,62.142,46.082,176.095,0.541,0.394,0.024,0.124,0.543,0.216,0.539,-3.108e-4,0,0.086,1.054,0.968,0.002,1009.822,0.001,340.274,0.17,6.4,32.17
0.972,0.828,2882.699,696.476,0.29,0.003,62.152,46.079,175.958,0.541,0.394,0.024,0.124,0.543,0.209,0.524,3.352e-4,0,0.086,1.054,0.968,0.002,1009.805,0.001,340.273,0.17,6.4,32.17
0.975,0.804,2882.454,696.231,0.29,0.003,62.162,46.076,175.82,0.541,0.394,0.024,0.124,0.543,0.203,0.509,8.081e-5,0,0.085,1.054,0.969,0.002,1009.788,0.001,340.273,0.171,6.4,32.17
0.977,0.781,2882.209,695.985,0.29,0.003,62.171,46.074,175.681,0.542,0.394,0.024,0.124,0.543,0.197,0.494,2.375e-4,0,0.085,1.054,0.969,0.001,1009.771,0.001,340.272,0.171,6.4,32.17
0.98,0.759,2881.963,695.739,0.29,0.003,62.179,46.071,175.543,0.542,0.394,0.024,0.124,0.543,0.191,0.481,2.339e-4,0,0.084,1.054,0.97,0.001,1009.753,0.001,340.271,0.172,6.4,32.17
0.982,0.738,2881.716,695.493,0.29,0.003,62.187,46.068,175.404,0.542,0.394,0.024,0.124,0.543,0.186,0.467,1.242e-4,0,0.084,1.054,0.97,0.001,1009.736,0.001,340.271,0.172,6.4,32.17
0.985,0.719,2881.469,695.246,0.29,0.003,62.194,46.065,175.265,0.542,0.394,0.024,0.124,0.543,0.181,0.455,-1.848e-4,0,0.083,1.054,0.971,9.104e-4,1009.718,0.001,340.27,0.172,6.4,32.17
0.987,0.701,2881.221,694.998,0.29,0.003,62.2,46.063,175.126,0.542,0.394,0.024,0.124,0.543,0.177,0.444,-3.889e-4,0,0.083,1.054,0.972,7.266e-4,1009.701,0.001,340.27,0.173,6.4,32.17
0.99,0.685,2880.973,694.75,0.29,0.003,62.206,46.06,174.986,0.542,0.394,0.024,0.124,0.543,0.172,0.435,-7.547e-5,0,0.082,1.054,0.972,5.508e-4,1009.683,0.001,340.269,0.173,6.4,32.17
0.993,0.671,2880.725,694.501,0.29,0.003,62.21,46.057,174.846,0.542,0.394,0.024,0.124,0.543,0.169,0.425,2.483e-4,0,0.082,1.054,0.973,3.892e-4,1009.665,0.001,340.269,0.173,6.4,32.17
0.995,0.658,2880.476,694.252,0.29,0.003,62.214,46.054,174.706,0.542,0.394,0.024,0.124,0.543,0.166,0.418,-2.606e-4,0,0.081,1.054,0.973,2.482e-4,1009.648,0.001,340.268,0.174,6.4,32.17
0.998,0.648,2880.226,694.003,0.29,0.003,62.217,46.051,174.565,0.542,0.394,0.024,0.124,0.543,0.163,0.411,1.006e-5,0,0.08,1.054,0.974,1.342e-4,1009.63,0.001,340.267,0.174,6.4,32.17
1,0.64,2879.976,693.753,0.29,0.003,62.219,46.049,174.425,0.542,0.394,0.024,0.124,0.543,0.161,0.407,-2.526e-5,0,0.08,1.054,0.974,5.322e-5,1009.612,0.001,340.267,0.175,6.4,32.17
1.003,0.634,2879.725,693.502,0.29,0.003,62.22,46.046,174.284,0.542,0.394,0.024,0.124,0.543,0.159,0.403,-1.492e-4,0,0.079,1.054,0.975,1.064e-5,1009.594,0.001,340.266,0.175,6.4,32.17
1.005,0.63,2879.474,693.251,0.29,0.003,62.22,46.043,174.142,0.542,0.394,0.024,0.124,0.543,0.158,0.4,-3.404e-4,0,0.079,1.054,0.975,-6.802e-7,1009.576,0.001,340.265,0.175,6.4,32.17
1.008,0.628,2879.223,692.999,0.29,0.003,62.219,46.04,174.001,0.542,0.394,0.024,0.124,0.543,0.158,0.399,-1.728e-4,0,0.078,1.054,0.976,-2.417e-5,1009.557,0.001,340.265,0.176,6.4,32.17
1.011,0.627,2878.971,692.747,0.29,0.003,62.218,46.037,173.859,0.542,0.394,0.024,0.124,0.543,0.158,0.399,-2.696e-4,0,0.078,1.054,0.976,-8.038e-5,1009.539,0.001,340.264,0.176,6.4,32.17
1.013,0.629,2878.718,692.495,0.29,0.003,62.217,46.035,173.717,0.542,0.394,0.025,0.124,0.543,0.158,0.4,2.873e-4,0,0.078,1.054,0.977,-1.67e-4,1009.521,0.001,340.264,0.177,6.4,32.17
1.016,0.633,2878.465,692.242,0.29,0.003,62.214,46.032,173.574,0.542,0.394,0.025,0.124,0.543,0.159,0.402,-5.995e-5,0,0.077,1.054,0.977,-2.805e-4,1009.502,0.001,340.263,0.177,6.4,32.17
1.019,0.638,2878.212,691.988,0.29,0.003,62.211,46.029,173.432,0.542,0.394,0.025,0.124,0.543,0.16,0.406,-3.745e-4,0,0.077,1.054,0.978,-4.161e-4,1009.484,0.001,340.262,0.177,6.4,32.17
1.021,0.645,2877.958,691.734,0.29,0.003,62.208,46.026,173.289,0.542,0.394,0.025,0.124,0.543,0.162,0.41,-4.157e-4,0,0.076,1.054,0.978,-5.684e-4,1009.465,0.001,340.262,0.178,6.4,32.17
1.024,0.654,2877.703,691.48,0.29,0.003,62.204,46.023,173.146,0.542,0.394,0.025,0.124,0.543,0.164,0.417,1.038e-4,0,0.076,1.054,0.979,-7.318e-4,1009.447,0.001,340.261,0.178,6.4,32.17
1.026,0.664,2877.448,691.225,0.29,0.003,62.2,46.02,173.002,0.542,0.394,0.025,0.124,0.543,0.167,0.423,-4.565e-4,0,0.075,1.054,0.979,-9.006e-4,1009.428,0.001,340.261,0.178,6.4,32.17
1.029,0.676,2877.193,690.97,0.29,0.003,62.195,46.018,172.858,0.542,0.394,0.025,0.124,0.543,0.17,0.431,2.403e-4,0,0.075,1.054,0.98,-0.001,1009.409,0.001,340.26,0.179,6.4,32.17
1.032,0.689,2876.937,690.714,0.29,0.003,62.19,46.015,172.714,0.543,0.394,0.025,0.124,0.543,0.173,0.44,1.416e-4,0,0.074,1.054,0.98,-0.001,1009.39,0.001,340.259,0.179,6.4,32.17
1.034,0.703,2876.681,690.457,0.29,0.003,62.185,46.012,172.57,0.543,0.394,0.025,0.124,0.543,0.177,0.449,2.634e-4,0,0.074,1.054,0.981,-0.001,1009.371,0.001,340.259,0.18,6.4,32.17
1.037,0.718,2876.424,690.2,0.29,0.003,62.18,46.009,172.425,0.543,0.394,0.025,0.124,0.543,0.181,0.458,3.212e-4,0,0.073,1.055,0.981,-0.002,1009.352,0.001,340.258,0.18,6.4,32.17
1.04,0.734,2876.166,689.943,0.29,0.003,62.174,46.006,172.281,0.543,0.394,0.025,0.124,0.544,0.185,0.469,1.322e-4,0,0.073,1.055,0.982,-0.002,1009.333,0.001,340.257,0.18,6.4,32.17
1.042,0.751,2875.909,689.685,0.29,0.003,62.168,46.003,172.135,0.543,0.394,0.025,0.124,0.544,0.189,0.48,-3.653e-4,0,0.072,1.055,0.982,-0.002,1009.314,0.001,340.257,0.181,6.4,32.17
1.045,0.768,2875.65,689.427,0.289,0.003,62.162,46,171.99,0.543,0.394,0.025,0.124,0.544,0.194,0.491,-3.758e-4,0,0.072,1.055,0.983,-0.002,1009.295,0.001,340.256,0.181,6.4,32.17
1.048,0.786,2875.391,689.168,0.289,0.003,62.156,45.997,171.844,0.543,0.394,0.025,0.124,0.544,0.198,0.503,-4.473e-4,0,0.072,1.055,0.983,-0.002,1009.276,0.001,340.255,0.181,6.4,32.17
1.05,0.806,2875.132,688.909,0.289,0.003,62.15,45.994,171.698,0.543,0.394,0.025,0.124,0.544,0.203,0.516,-1.115e-5,0,0.071,1.055,0.984,-0.002,1009.256,0.001,340.255,0.182,6.4,32.17
1.053,0.83,2874.872,688.649,0.289,0.003,62.142,45.992,171.552,0.543,0.394,0.025,0.124,0.544,0.21,0.531,-4.121e-4,0,0.071,1.055,0.984,-0.002,1009.237,0.001,340.254,0.182,6.4,32.17
1.056,0.856,2874.612,688.388,0.289,0.003,62.133,45.989,171.406,0.543,0.394,0.025,0.124,0.544,0.216,0.548,-3.328e-4,0,0.07,1.055,0.984,-0.002,1009.217,0.001,340.253,0.183,6.4,32.17
1.058,0.881,2874.351,688.128,0.289,0.003,62.125,45.986,171.259,0.543,0.394,0.025,0.124,0.544,0.223,0.565,-2.639e-4,0,0.07,1.055,0.985,-0.002,1009.197,0.001,340.253,0.183,6.4,32.17
1.061,0.907,2874.089,687.866,0.289,0.003,62.116,45.983,171.112,0.543,0.394,0.025,0.124,0.544,0.23,0.581,-4.215e-4,0,0.069,1.055,0.985,-0.002,1009.178,0.001,340.252,0.183,6.4,32.17
1.064,0.933,2873.828,687.604,0.289,0.003,62.107,45.98,170.964,0.543,0.394,0.025,0.124,0.545,0.236,0.598,-2.668e-4,0,0.069,1.055,0.986,-0.002,1009.158,0.001,340.251,0.184,6.4,32.17
1.067,0.959,2873.565,687.342,0.289,0.003,62.099,45.977,170.816,0.543,0.394,0.025,0.124,0.545,0.243,0.614,4.731e-4,0,0.068,1.055,0.986,-0.002,1009.138,0.001,340.251,0.184,6.4,32.17
1.069,0.984,2873.302,687.079,0.289,0.003,62.09,45.974,170.668,0.543,0.394,0.025,0.124,0.545,0.25,0.631,-3.717e-4,0,0.068,1.055,0.987,-0.002,1009.118,0.001,340.25,0.185,6.4,32.17
1.072,1.01,2873.038,686.815,0.289,0.003,62.082,45.971,170.52,0.543,0.393,0.025,0.124,0.545,0.256,0.646,-1.483e-4,0,0.068,1.055,0.987,-0.002,1009.098,0.001,340.249,0.185,6.4,32.17
1.075,1.035,2872.774,686.551,0.289,0.003,62.073,45.968,170.371,0.543,0.393,0.025,0.124,0.545,0.263,0.663,1.745e-4,0,0.067,1.055,0.988,-0.002,1009.078,0.001,340.249,0.185,6.4,32.17
1.077,1.059,2872.51,686.286,0.289,0.003,62.065,45.965,170.222,0.543,0.393,0.025,0.124,0.545,0.269,0.679,-4.943e-5,0,0.067,1.055,0.988,-0.002,1009.058,0.001,340.248,0.186,6.4,32.17
1.08,1.083,2872.244,686.021,0.289,0.003,62.057,45.962,170.073,0.543,0.393,0.025,0.125,0.545,0.275,0.695,-4.655e-4,0,0.066,1.055,0.988,-0.002,1009.037,0.001,340.247,0.186,6.4,32.17
1.083,1.107,2871.979,685.755,0.289,0.003,62.049,45.959,169.924,0.543,0.393,0.025,0.125,0.545,0.282,0.709,2.942e-4,0,0.066,1.055,0.989,-0.002,1009.017,0.001,340.247,0.186,6.4,32.17
1.086,1.13,2871.713,685.489,0.289,0.003,62.041,45.956,169.774,0.544,0.393,0.026,0.125,0.546,0.288,0.724,-1.965e-4,0,0.066,1.055,0.989,-0.002,1008.997,0.001,340.246,0.187,6.4,32.17
1.088,1.152,2871.446,685.222,0.289,0.003,62.034,45.953,169.624,0.544,0.393,0.026,0.125,0.546,0.293,0.738,3.133e-4,0,0.065,1.055,0.99,-0.002,1008.976,0.001,340.245,0.187,6.4,32.17
1.091,1.174,2871.178,684.955,0.289,0.003,62.027,45.95,169.473,0.544,0.393,0.026,0.125,0.546,0.299,0.752,-1.514e-4,0,0.065,1.055,0.99,-0.001,1008.955,0.001,340.245,0.188,6.4,32.17
1.094,1.195,2870.911,684.687,0.289,0.003,62.02,45.947,169.322,0.544,0.393,0.026,0.125,0.546,0.305,0.766,-4.704e-4,0,0.064,1.055,0.991,-0.001,1008.935,0.001,340.244,0.188,6.4,32.17
1.097,1.215,2870.642,684.419,0.289,0.003,62.013,45.944,169.171,0.544,0.393,0.026,0.125,0.546,0.31,0.779,-3.605e-5,0,0.064,1.055,0.991,-0.001,1008.914,0.001,340.243,0.188,6.4,32.17
1.1,1.234,2870.373,684.15,0.289,0.003,62.006,45.941,169.02,0.544,0.393,0.026,0.125,0.546,0.315,0.791,-1.924e-4,0,0.064,1.055,0.991,-0.001,1008.893,0.001,340.243,0.189,6.4,32.17
1.102,1.248,2870.104,683.88,0.289,0.003,62.002,45.938,168.868,0.544,0.393,0.026,0.125,0.546,0.318,0.8,-1.569e-4,0,0.063,1.055,0.992,-0.001,1008.872,0.001,340.242,0.189,6.4,32.17
1.105,1.26,2869.834,683.611,0.289,0.003,61.998,45.935,168.716,0.544,0.393,0.026,0.125,0.546,0.322,0.809,1.717e-4,0,0.063,1.055,0.992,-9.596e-4,1008.851,0.001,340.241,0.19,6.4,32.17
1.108,1.272,2869.563,683.34,0.289,0.003,61.994,45.932,168.564,0.544,0.393,0.026,0.125,0.547,0.325,0.816,3.672e-4,0,0.062,1.055,0.993,-8.617e-4,1008.83,0.001,340.24,0.19,6.4,32.17
1.111,1.282,2869.292,683.069,0.289,0.003,61.99,45.929,168.412,0.544,0.393,0.026,0.125,0.547,0.327,0.822,-3.097e-4,0,0.062,1.055,0.993,-7.668e-4,1008.809,0.001,340.24,0.19,6.4,32.17
1.114,1.291,2869.021,682.798,0.289,0.003,61.987,45.926,168.259,0.544,0.393,0.026,0.125,0.547,0.33,0.828,-2.905e-4,0,0.062,1.055,0.993,-6.755e-4,1008.787,0.001,340.239,0.191,6.4,32.17
1.116,1.3,2868.749,682.526,0.289,0.003,61.985,45.923,168.106,0.544,0.393,0.026,0.125,0.547,0.332,0.834,-7.317e-5,0,0.061,1.055,0.994,-5.883e-4,1008.766,0.001,340.238,0.191,6.4,32.17
1.119,1.307,2868.476,682.253,0.289,0.003,61.982,45.92,167.952,0.544,0.393,0.026,0.125,0.547,0.334,0.839,2.57e-4,0,0.061,1.055,0.994,-5.057e-4,1008.745,0.001,340.238,0.191,6.4,32.17
1.122,1.313,2868.203,681.98,0.289,0.003,61.98,45.917,167.799,0.544,0.393,0.026,0.125,0.547,0.336,0.843,4.559e-4,0,0.061,1.055,0.995,-4.282e-4,1008.723,0.001,340.237,0.192,6.4,32.17
1.125,1.319,2867.93,681.706,0.289,0.003,61.978,45.914,167.645,0.544,0.393,0.026,0.125,0.547,0.337,0.846,-1.523e-4,0,0.06,1.055,0.995,-3.562e-4,1008.701,0.001,340.236,0.192,6.4,32.17
1.128,1.323,2867.656,681.432,0.289,0.003,61.977,45.911,167.49,0.544,0.393,0.026,0.125,0.547,0.338,0.849,-5.303e-5,0,0.06,1.055,0.995,-2.9e-4,1008.68,0.001,340.235,0.193,6.4,32.17
1.13,1.326,2867.381,681.158,0.289,0.003,61.976,45.907,167.336,0.544,0.393,0.026,0.125,0.547,0.339,0.851,-1.754e-4,0,0.06,1.055,0.996,-2.3e-4,1008.658,0.001,340.235,0.193,6.4,32.17
1.133,1.327,2867.106,680.883,0.289,0.003,61.976,45.904,167.181,0.544,0.393,0.026,0.125,0.547,0.339,0.853,3.141e-4,0,0.059,1.055,0.996,-1.765e-4,1008.636,0.001,340.234,0.193,6.4,32.17
1.136,1.328,2866.831,680.607,0.289,0.003,61.975,45.901,167.026,0.544,0.393,0.026,0.125,0.547,0.34,0.853,4.065e-4,0,0.059,1.055,0.996,-1.298e-4,1008.614,0.001,340.233,0.194,6.4,32.17
1.139,1.328,2866.554,680.331,0.288,0.003,61.976,45.898,166.871,0.544,0.393,0.026,0.125,0.547,0.34,0.853,4.318e-4,0,0.058,1.055,0.997,-8.995e-5,1008.592,0.001,340.232,0.194,6.4,32.17
1.142,1.326,2866.278,680.054,0.288,0.003,61.976,45.895,166.715,0.545,0.393,0.026,0.125,0.547,0.339,0.852,-1.26e-4,0,0.058,1.055,0.997,-5.729e-5,1008.57,0.001,340.232,0.195,6.4,32.17
1.145,1.323,2866.001,679.777,0.288,0.003,61.977,45.892,166.559,0.545,0.393,0.026,0.125,0.547,0.338,0.85,-8.235e-5,0,0.058,1.055,0.998,-3.189e-5,1008.548,0.001,340.231,0.195,6.4,32.17
1.148,1.319,2865.723,679.5,0.288,0.003,61.979,45.889,166.403,0.545,0.393,0.026,0.125,0.547,0.337,0.848,7.355e-5,0,0.057,1.055,0.998,-1.385e-5,1008.525,0.001,340.23,0.195,6.4,32.17
1.151,1.313,2865.445,679.221,0.288,0.003,61.981,45.886,166.246,0.545,0.393,0.026,0.125,0.547,0.336,0.844,4.813e-4,0,0.057,1.055,0.998,-3.287e-6,1008.503,0.001,340.229,0.196,6.4,32.17
1.153,1.302,2865.166,678.943,0.288,0.003,61.985,45.882,166.089,0.545,0.393,0.026,0.125,0.547,0.333,0.837,-2.635e-4,0,0.057,1.055,0.999,0,1008.48,0.001,340.229,0.196,6.4,32.17
1.156,1.29,2864.887,678.664,0.288,0.003,61.989,45.879,165.932,0.545,0.393,0.026,0.125,0.547,0.33,0.83,3.397e-4,0,0.056,1.055,0.999,3.307e-6,1008.458,0.001,340.228,0.197,6.4,32.17
1.159,1.277,2864.607,678.384,0.288,0.003,61.994,45.876,165.775,0.545,0.393,0.027,0.125,0.547,0.326,0.821,1.154e-4,0,0.056,1.056,0.999,1.306e-5,1008.435,0.001,340.227,0.197,6.4,32.17
1.162,1.263,2864.327,678.104,0.288,0.003,61.999,45.873,165.617,0.545,0.393,0.027,0.125,0.547,0.322,0.812,1.986e-4,0,0.056,1.056,1,2.908e-5,1008.412,0.001,340.226,0.197,6.4,32.17
1.165,1.248,2864.046,677.823,0.288,0.003,62.005,45.87,165.459,0.545,0.393,0.027,0.125,0.547,0.318,0.803,4.362e-4,0,0.055,1.056,1,5.118e-5,1008.39,0.001,340.226,0.198,6.4,32.17
1.168,1.232,2863.765,677.542,0.288,0.003,62.01,45.867,165.301,0.545,0.393,0.027,0.125,0.547,0.314,0.793,3.012e-4,0,0.055,1.056,1,7.91e-5,1008.367,0.001,340.225,0.198,6.4,32.17
1.171,1.214,2863.484,677.26,0.288,0.003,62.016,45.863,165.142,0.545,0.393,0.027,0.125,0.547,0.31,0.782,-3.326e-4,0,0.055,1.056,1.001,1.126e-4,1008.344,0.001,340.224,0.199,6.4,32.17
1.174,1.197,2863.202,676.978,0.288,0.003,62.023,45.86,164.984,0.545,0.393,0.027,0.125,0.547,0.305,0.77,4.221e-5,0,0.055,1.056,1.001,1.514e-4,1008.321,0.001,340.223,0.199,6.4,32.17
1.177,1.178,2862.919,676.696,0.288,0.003,62.03,45.857,164.825,0.545,0.393,0.027,0.125,0.547,0.3,0.758,1.049e-4,0,0.054,1.056,1.001,1.951e-4,1008.297,0.001,340.223,0.199,6.4,32.17
1.18,1.158,2862.636,676.413,0.288,0.003,62.037,45.854,164.665,0.545,0.393,0.027,0.125,0.547,0.295,0.746,-3.511e-4,0,0.054,1.056,1.002,2.435e-4,1008.274,0.001,340.222,0.2,6.4,32.17
1.182,1.137,2862.352,676.129,0.288,0.003,62.044,45.851,164.506,0.545,0.393,0.027,0.125,0.547,0.29,0.732,2.74e-4,0,0.054,1.056,1.002,2.962e-4,1008.251,0.001,340.221,0.2,6.4,32.17
1.186,1.111,2862.014,675.79,0.288,0.003,62.054,45.847,164.315,0.545,0.393,0.027,0.125,0.547,0.283,0.716,4.285e-4,0,0.053,1.056,1.002,3.64e-4,1008.223,0.001,340.22,0.201,6.4,32.17
1.189,1.089,2861.765,675.542,0.288,0.003,62.062,45.844,164.168,0.545,0.393,0.027,0.125,0.547,0.277,0.701,-3.529e-4,0,0.053,1.056,1.003,4.247e-4,1008.199,0.001,340.219,0.201,6.4,32.17
1.192,1.065,2861.516,675.292,0.288,0.003,62.07,45.841,164.021,0.545,0.393,0.027,0.125,0.547,0.271,0.686,8.219e-5,0,0.053,1.056,1.003,4.884e-4,1008.176,0.001,340.218,0.201,6.4,32.17
1.195,1.041,2861.266,675.042,0.288,0.003,62.079,45.838,163.874,0.546,0.393,0.027,0.125,0.547,0.264,0.671,-3.216e-4,0,0.052,1.056,1.003,5.547e-4,1008.152,0.001,340.218,0.202,6.4,32.17
1.198,1.016,2861.015,674.792,0.288,0.003,62.088,45.836,163.726,0.546,0.393,0.027,0.125,0.547,0.258,0.654,-4.153e-4,0,0.052,1.056,1.004,6.231e-4,1008.128,0.001,340.217,0.202,6.4,32.17
1.201,0.991,2860.765,674.541,0.288,0.003,62.097,45.833,163.578,0.546,0.393,0.027,0.125,0.547,0.252,0.638,-3.452e-4,0,0.052,1.056,1.004,6.952e-4,1008.104,0.001,340.216,0.203,6.4,32.17
1.204,0.968,2860.514,674.29,0.288,0.003,62.105,45.83,163.43,0.546,0.393,0.027,0.125,0.547,0.246,0.624,1.313e-4,0,0.051,1.056,1.004,7.745e-4,1008.08,0.001,340.215,0.203,6.4,32.17
1.207,0.945,2860.262,674.039,0.288,0.003,62.114,45.827,163.281,0.546,0.393,0.027,0.125,0.547,0.24,0.608,-1.371e-4,0,0.051,1.056,1.005,8.548e-4,1008.056,0.001,340.214,0.203,6.4,32.17
1.21,0.92,2860.01,673.787,0.288,0.003,62.122,45.824,163.133,0.546,0.393,0.027,0.125,0.547,0.233,0.593,-3.492e-4,0,0.051,1.056,1.005,9.352e-4,1008.032,0.001,340.214,0.204,6.4,32.17
1.213,0.895,2859.757,673.534,0.288,0.003,62.132,45.821,162.984,0.546,0.393,0.027,0.125,0.547,0.227,0.577,-4.269e-4,0,0.051,1.056,1.005,0.001,1008.008,0.001,340.213,0.204,6.4,32.17
1.216,0.869,2859.504,673.281,0.288,0.003,62.141,45.818,162.834,0.546,0.393,0.027,0.125,0.547,0.22,0.56,3.846e-4,0,0.05,1.056,1.006,0.001,1007.983,0.001,340.212,0.205,6.4,32.17
1.219,0.841,2859.25,673.027,0.288,0.003,62.151,45.816,162.685,0.546,0.393,0.027,0.125,0.547,0.213,0.542,3.391e-4,0,0.05,1.056,1.006,0.001,1007.959,0.001,340.211,0.205,6.4,32.17
1.222,0.814,2858.996,672.773,0.288,0.003,62.161,45.813,162.535,0.546,0.393,0.027,0.125,0.547,0.206,0.524,3.264e-5,0,0.05,1.056,1.006,0.001,1007.934,0.001,340.21,0.205,6.4,32.17
1.225,0.785,2858.742,672.518,0.288,0.003,62.171,45.81,162.384,0.546,0.393,0.028,0.126,0.547,0.198,0.506,1.148e-4,0,0.049,1.056,1.007,0.001,1007.91,0.001,340.21,0.206,6.4,32.17
1.228,0.756,2858.486,672.263,0.288,0.003,62.182,45.807,162.234,0.546,0.393,0.028,0.126,0.547,0.191,0.486,-3.421e-5,0,0.049,1.056,1.007,0.001,1007.885,0.001,340.209,0.206,6.4,32.17
1.231,0.727,2858.231,672.007,0.288,0.003,62.193,45.804,162.083,0.546,0.393,0.028,0.126,0.547,0.183,0.468,-3.128e-4,0,0.049,1.056,1.007,0.001,1007.86,0.001,340.208,0.207,6.4,32.17
1.234,0.697,2857.974,671.751,0.288,0.003,62.204,45.801,161.932,0.546,0.393,0.028,0.126,0.547,0.176,0.449,4.145e-6,0,0.048,1.056,1.008,0.001,1007.835,0.001,340.207,0.207,6.4,32.17
1.237,0.666,2857.718,671.494,0.288,0.003,62.215,45.798,161.78,0.546,0.393,0.028,0.126,0.547,0.168,0.428,-7.439e-5,0,0.048,1.056,1.008,0.001,1007.81,0.001,340.206,0.207,6.4,32.17
1.24,0.636,2857.461,671.237,0.287,0.003,62.226,45.795,161.628,0.547,0.393,0.028,0.126,0.547,0.16,0.409,2.621e-4,0,0.048,1.056,1.008,0.002,1007.785,0.001,340.205,0.208,6.4,32.17
1.243,0.605,2857.203,670.98,0.287,0.003,62.238,45.792,161.476,0.547,0.393,0.028,0.126,0.547,0.152,0.389,3.471e-4,0,0.048,1.056,1.009,0.002,1007.76,0.001,340.205,0.208,6.4,32.17
1.246,0.575,2856.945,670.721,0.287,0.003,62.25,45.789,161.324,0.547,0.393,0.028,0.126,0.547,0.144,0.37,-4.4e-4,0,0.047,1.056,1.009,0.002,1007.734,0.001,340.204,0.209,6.4,32.17
1.249,0.545,2856.686,670.463,0.287,0.003,62.262,45.787,161.171,0.547,0.393,0.028,0.126,0.547,0.137,0.35,4.991e-4,0,0.047,1.056,1.009,0.001,1007.709,0.001,340.203,0.209,6.4,32.17
1.252,0.513,2856.427,670.203,0.287,0.003,62.274,45.784,161.018,0.547,0.393,0.028,0.126,0.547,0.129,0.331,-9.858e-5,0,0.047,1.056,1.009,0.001,1007.684,0.001,340.202,0.209,6.4,32.17
1.255,0.482,2856.167,669.944,0.287,0.003,62.287,45.781,160.865,0.547,0.393,0.028,0.126,0.547,0.121,0.31,-3.426e-4,0,0.047,1.056,1.01,0.001,1007.658,0.001,340.201,0.21,6.4,32.17
1.258,0.451,2855.907,669.684,0.287,0.003,62.3,45.778,160.712,0.547,0.393,0.028,0.126,0.547,0.113,0.29,-4.82e-4,0,0.046,1.056,1.01,0.001,1007.632,0.001,340.2,0.21,6.4,32.17
1.261,0.421,2855.646,669.423,0.287,0.003,62.312,45.775,160.558,0.547,0.393,0.028,0.126,0.547,0.106,0.271,3.417e-4,0,0.046,1.056,1.01,0.001,1007.606,0.001,340.199,0.211,6.4,32.17
1.264,0.393,2855.385,669.162,0.287,0.003,62.325,45.772,160.404,0.547,0.393,0.028,0.126,0.547,0.098,0.253,-2.028e-5,0,0.046,1.056,1.011,0.001,1007.58,0.001,340.198,0.211,6.4,32.17
1.267,0.366,2855.124,668.9,0.287,0.003,62.337,45.769,160.25,0.547,0.393,0.028,0.126,0.547,0.092,0.236,1.463e-4,0,0.046,1.056,1.011,8.33e-4,1007.554,0.001,340.198,0.211,6.4,32.17
1.271,0.342,2854.862,668.638,0.287,0.003,62.349,45.766,160.095,0.547,0.393,0.028,0.126,0.547,0.085,0.221,-1.281e-4,0,0.045,1.056,1.011,6.424e-4,1007.528,0.001,340.197,0.212,6.4,32.17
1.274,0.32,2854.599,668.376,0.287,0.003,62.36,45.763,159.94,0.547,0.393,0.028,0.126,0.547,0.08,0.207,3.88e-4,0,0.045,1.056,1.011,4.421e-4,1007.502,0.001,340.196,0.212,6.4,32.17
1.277,0.302,2854.336,668.113,0.287,0.003,62.37,45.76,159.785,0.547,0.393,0.028,0.126,0.547,0.075,0.196,-4.61e-4,0,0.045,1.057,1.012,2.515e-4,1007.476,0.001,340.195,0.213,6.4,32.17
1.28,0.288,2854.073,667.849,0.287,0.003,62.378,45.757,159.629,0.547,0.393,0.028,0.126,0.547,0.072,0.187,7.082e-5,0,0.045,1.057,1.012,9.762e-5,1007.449,0.001,340.194,0.213,6.4,32.17
1.283,0.278,2853.809,667.585,0.287,0.003,62.385,45.754,159.474,0.547,0.393,0.028,0.126,0.548,0.069,0.18,3.938e-4,0,0.044,1.057,1.012,1.063e-5,1007.423,0.001,340.193,0.214,6.4,32.17
1.286,0.274,2853.544,667.321,0.287,0.003,62.389,45.751,159.318,0.547,0.393,0.028,0.126,0.548,0.068,0.178,-3.344e-4,0,0.044,1.057,1.013,-1.359e-5,1007.396,0.001,340.192,0.214,6.4,32.17
1.289,0.274,2853.279,667.056,0.287,0.003,62.389,45.748,159.161,0.548,0.393,0.029,0.126,0.548,0.068,0.178,2.944e-4,0,0.044,1.057,1.013,-1.113e-4,1007.37,0.001,340.191,0.214,6.4,32.17
1.292,0.28,2853.014,666.791,0.287,0.003,62.387,45.745,159.005,0.548,0.393,0.029,0.126,0.548,0.07,0.182,2.077e-4,0,0.044,1.057,1.013,-2.861e-4,1007.343,0.001,340.191,0.215,6.4,32.17
1.296,0.29,2852.748,666.525,0.287,0.003,62.382,45.742,158.848,0.548,0.393,0.029,0.126,0.548,0.072,0.189,4.864e-4,0,0.043,1.057,1.013,-5.053e-4,1007.316,0.001,340.19,0.215,6.4,32.17
1.299,0.304,2852.482,666.258,0.287,0.003,62.375,45.739,158.691,0.548,0.393,0.029,0.126,0.548,0.076,0.198,2.1e-4,0,0.043,1.057,1.014,-7.342e-4,1007.289,0.001,340.189,0.216,6.4,32.17
1.302,0.33,2852.215,665.992,0.287,0.003,62.363,45.736,158.533,0.548,0.393,0.029,0.126,0.548,0.082,0.216,-3.879e-4,0,0.043,1.057,1.014,-9.413e-4,1007.262,0.001,340.188,0.216,6.4,32.17
1.305,0.364,2851.947,665.724,0.287,0.003,62.348,45.733,158.376,0.548,0.393,0.029,0.126,0.548,0.091,0.237,-1.073e-4,0,0.043,1.057,1.014,-0.001,1007.235,0.001,340.187,0.216,6.4,32.17
1.308,0.399,2851.679,665.456,0.287,0.003,62.332,45.73,158.217,0.548,0.393,0.029,0.126,0.548,0.1,0.26,2.86e-4,0,0.042,1.057,1.015,-0.001,1007.207,0.001,340.186,0.217,6.4,32.17
1.311,0.436,2851.411,665.187,0.287,0.003,62.316,45.727,158.059,0.548,0.393,0.029,0.126,0.548,0.109,0.285,2.298e-4,0,0.042,1.057,1.015,-0.001,1007.18,0.001,340.185,0.217,6.4,32.17
1.315,0.473,2851.142,664.918,0.287,0.003,62.301,45.724,157.9,0.548,0.393,0.029,0.126,0.548,0.119,0.309,-2.634e-4,0,0.042,1.057,1.015,-0.001,1007.152,0.001,340.184,0.218,6.4,32.17
1.318,0.51,2850.872,664.648,0.287,0.003,62.285,45.72,157.741,0.548,0.393,0.029,0.126,0.549,0.128,0.333,3.112e-4,0,0.042,1.057,1.015,-0.001,1007.125,0.001,340.183,0.218,6.4,32.17
1.321,0.548,2850.601,664.378,0.287,0.003,62.27,45.717,157.581,0.548,0.393,0.029,0.126,0.549,0.138,0.358,1.482e-5,0,0.041,1.057,1.016,-0.001,1007.097,0.001,340.182,0.218,6.4,32.17
1.324,0.586,2850.33,664.107,0.287,0.003,62.255,45.714,157.421,0.548,0.393,0.029,0.126,0.549,0.147,0.382,-4.78e-4,0,0.041,1.057,1.016,-0.001,1007.069,0.001,340.181,0.219,6.4,32.17
1.327,0.623,2850.059,663.836,0.287,0.003,62.24,45.711,157.261,0.548,0.393,0.029,0.126,0.549,0.157,0.407,2.685e-4,0,0.041,1.057,1.016,-0.001,1007.041,0.001,340.18,0.219,6.4,32.17
1.331,0.66,2849.787,663.563,0.287,0.003,62.225,45.708,157.101,0.548,0.393,0.029,0.126,0.549,0.166,0.43,3.777e-5,0,0.041,1.057,1.016,-0.001,1007.013,0.001,340.179,0.22,6.4,32.17
1.334,0.696,2849.514,663.291,0.287,0.003,62.211,45.705,156.94,0.548,0.393,0.029,0.126,0.549,0.175,0.454,-4.164e-4,0,0.04,1.057,1.017,-0.001,1006.985,0.001,340.178,0.22,6.4,32.17
1.337,0.732,2849.241,663.017,0.287,0.003,62.197,45.702,156.778,0.549,0.393,0.029,0.126,0.549,0.185,0.477,1.365e-4,0,0.04,1.057,1.017,-0.001,1006.956,0.001,340.178,0.22,6.4,32.17
1.34,0.766,2848.967,662.743,0.287,0.003,62.184,45.699,156.617,0.549,0.393,0.029,0.126,0.55,0.194,0.5,-1.083e-4,0,0.04,1.057,1.017,-0.001,1006.928,0.001,340.177,0.221,6.4,32.17
1.344,0.8,2848.692,662.469,0.287,0.003,62.171,45.696,156.455,0.549,0.393,0.029,0.126,0.55,0.202,0.522,-1.735e-4,0,0.04,1.057,1.017,-0.001,1006.899,0.001,340.176,0.221,6.4,32.17
1.347,0.833,2848.417,662.194,0.287,0.003,62.159,45.692,156.292,0.549,0.393,0.029,0.126,0.55,0.211,0.543,4.44e-4,0,0.039,1.057,1.018,-9.902e-4,1006.871,0.001,340.175,0.222,6.4,32.17
1.35,0.864,2848.141,661.918,0.286,0.003,62.147,45.689,156.13,0.549,0.393,0.03,0.126,0.55,0.219,0.564,2.915e-4,0,0.039,1.057,1.018,-9.053e-4,1006.842,0.001,340.174,0.222,6.4,32.17
1.353,0.883,2847.865,661.642,0.286,0.003,62.14,45.686,155.967,0.549,0.393,0.03,0.126,0.55,0.224,0.576,3.514e-4,0,0.039,1.057,1.018,-8.17e-4,1006.813,0.001,340.173,0.222,6.4,32.17
1.357,0.9,2847.588,661.365,0.286,0.003,62.134,45.683,155.803,0.549,0.393,0.03,0.126,0.55,0.228,0.587,-3.489e-4,0,0.039,1.057,1.018,-7.284e-4,1006.784,0.001,340.172,0.223,6.4,32.17
1.36,0.916,2847.311,661.088,0.286,0.003,62.128,45.68,155.64,0.549,0.393,0.03,0.126,0.55,0.232,0.597,-3.087e-4,0,0.039,1.057,1.019,-6.41e-4,1006.755,0.001,340.171,0.223,6.4,32.17
1.363,0.931,2847.033,660.81,0.286,0.003,62.123,45.677,155.476,0.549,0.393,0.03,0.127,0.551,0.236,0.607,-4.614e-4,0,0.038,1.057,1.019,-5.557e-4,1006.726,0.001,340.17,0.224,6.4,32.17
1.366,0.944,2846.755,660.532,0.286,0.003,62.119,45.673,155.312,0.549,0.393,0.03,0.127,0.551,0.239,0.616,-3.19e-4,0,0.038,1.057,1.019,-4.738e-4,1006.696,0.001,340.169,0.224,6.4,32.17
1.37,0.956,2846.476,660.253,0.286,0.003,62.116,45.67,155.147,0.549,0.393,0.03,0.127,0.551,0.242,0.623,-5.425e-6,0,0.038,1.057,1.019,-3.962e-4,1006.667,0.001,340.168,0.225,6.4,32.17
1.373,0.966,2846.197,659.973,0.286,0.003,62.113,45.667,154.982,0.549,0.393,0.03,0.127,0.551,0.245,0.63,4.169e-4,0,0.038,1.057,1.02,-3.236e-4,1006.637,0.001,340.167,0.225,6.4,32.17
1.376,0.974,2845.917,659.694,0.286,0.003,62.11,45.664,154.817,0.549,0.393,0.03,0.127,0.551,0.247,0.636,1.774e-4,0,0.037,1.057,1.02,-2.57e-4,1006.608,0.001,340.166,0.225,6.4,32.17
1.38,0.981,2845.637,659.413,0.286,0.003,62.109,45.661,154.652,0.549,0.393,0.03,0.127,0.551,0.249,0.64,-3.195e-4,0,0.037,1.057,1.02,-1.97e-4,1006.578,0.001,340.165,0.226,6.4,32.17
1.383,0.986,2845.356,659.133,0.286,0.003,62.108,45.657,154.486,0.549,0.393,0.03,0.127,0.551,0.25,0.644,3.896e-4,0,0.037,1.057,1.02,-1.442e-4,1006.548,0.001,340.164,0.226,6.4,32.17
1.386,0.989,2845.075,658.851,0.286,0.003,62.108,45.654,154.32,0.55,0.393,0.03,0.127,0.551,0.251,0.645,3.108e-4,0,0.037,1.057,1.021,-9.91e-5,1006.518,0.001,340.163,0.227,6.4,32.17
1.39,0.99,2844.793,658.569,0.286,0.003,62.108,45.651,154.154,0.55,0.393,0.03,0.127,0.551,0.251,0.647,-7.885e-5,0,0.037,1.058,1.021,-6.211e-5,1006.488,0.001,340.162,0.227,6.4,32.17
1.393,0.99,2844.51,658.287,0.286,0.003,62.109,45.648,153.987,0.55,0.393,0.03,0.127,0.551,0.251,0.647,-3.569e-4,0,0.036,1.058,1.021,-3.356e-5,1006.458,0.001,340.161,0.227,6.4,32.17
1.396,0.988,2844.227,658.004,0.286,0.003,62.111,45.645,153.82,0.55,0.393,0.03,0.127,0.551,0.251,0.645,2.086e-4,0,0.036,1.058,1.021,-1.366e-5,1006.428,0.001,340.16,0.228,6.4,32.17
1.4,0.984,2843.944,657.721,0.286,0.003,62.114,45.641,153.653,0.55,0.393,0.03,0.127,0.551,0.25,0.643,-4.859e-4,0,0.036,1.058,1.022,-2.545e-6,1006.397,0.001,340.159,0.228,6.4,32.17
1.403,0.975,2843.66,657.437,0.286,0.003,62.118,45.638,153.486,0.55,0.393,0.03,0.127,0.551,0.248,0.637,-1.887e-4,0,0.036,1.058,1.022,2.549e-7,1006.367,0.001,340.158,0.229,6.4,32.17
1.406,0.965,2843.375,657.152,0.286,0.003,62.123,45.635,153.318,0.55,0.393,0.03,0.127,0.552,0.245,0.631,3.334e-4,0,0.036,1.058,1.022,6.72e-6,1006.336,0.001,340.157,0.229,6.4,32.17
1.41,0.952,2843.09,656.867,0.286,0.003,62.129,45.632,153.15,0.55,0.393,0.03,0.127,0.552,0.242,0.623,-2.967e-4,0,0.035,1.058,1.022,2.171e-5,1006.305,0.001,340.156,0.229,6.4,32.17
1.413,0.938,2842.805,656.581,0.286,0.003,62.136,45.628,152.981,0.55,0.393,0.03,0.127,0.552,0.238,0.614,-2.783e-4,0,0.035,1.058,1.022,4.491e-5,1006.274,0.001,340.155,0.23,6.4,32.17
1.417,0.922,2842.519,656.295,0.286,0.003,62.143,45.625,152.812,0.55,0.393,0.031,0.127,0.552,0.234,0.603,3.826e-4,0,0.035,1.058,1.023,7.59e-5,1006.243,0.001,340.154,0.23,6.4,32.17
1.42,0.904,2842.232,656.009,0.286,0.003,62.151,45.622,152.643,0.55,0.393,0.031,0.127,0.552,0.229,0.592,2.148e-4,0,0.035,1.058,1.023,1.142e-4,1006.212,0.001,340.153,0.231,6.4,32.17
1.423,0.885,2841.945,655.722,0.286,0.003,62.159,45.618,152.474,0.55,0.393,0.031,0.127,0.552,0.224,0.58,2.955e-4,0,0.035,1.058,1.023,1.592e-4,1006.181,0.001,340.151,0.231,6.4,32.17
1.427,0.864,2841.657,655.434,0.286,0.003,62.168,45.615,152.304,0.55,0.393,0.031,0.127,0.552,0.219,0.565,-4.652e-4,0,0.035,1.058,1.023,2.102e-4,1006.15,0.001,340.15,0.232,6.4,32.17
1.43,0.841,2841.369,655.146,0.286,0.003,62.178,45.612,152.134,0.55,0.393,0.031,0.127,0.552,0.213,0.551,7.859e-5,0,0.034,1.058,1.024,2.666e-4,1006.118,0.001,340.149,0.232,6.4,32.17
1.434,0.817,2841.08,654.857,0.286,0.003,62.188,45.609,151.964,0.551,0.393,0.031,0.127,0.552,0.207,0.535,-7.305e-5,0,0.034,1.058,1.024,3.275e-4,1006.087,0.001,340.148,0.232,6.4,32.17
1.437,0.791,2840.791,654.568,0.286,0.003,62.199,45.605,151.793,0.551,0.393,0.031,0.127,0.552,0.2,0.519,1.164e-4,0,0.034,1.058,1.024,3.92e-4,1006.055,0.001,340.147,0.233,6.4,32.17
1.44,0.764,2840.501,654.278,0.286,0.003,62.21,45.602,151.622,0.551,0.393,0.031,0.127,0.552,0.193,0.501,6.338e-5,0,0.034,1.058,1.024,4.592e-4,1006.023,0.001,340.146,0.233,6.4,32.17
1.444,0.736,2840.211,653.988,0.286,0.003,62.221,45.599,151.451,0.551,0.393,0.031,0.127,0.552,0.186,0.482,-8.401e-5,0,0.034,1.058,1.024,5.28e-4,1005.991,0.001,340.145,0.234,6.4,32.17
1.447,0.706,2839.92,653.697,0.286,0.003,62.233,45.595,151.279,0.551,0.393,0.031,0.127,0.552,0.178,0.462,1.316e-5,0,0.033,1.058,1.025,5.975e-4,1005.959,0.001,340.144,0.234,6.4,32.17
1.451,0.675,2839.629,653.405,0.286,0.003,62.246,45.592,151.107,0.551,0.393,0.031,0.127,0.552,0.17,0.442,-2.028e-4,0,0.033,1.058,1.025,6.664e-4,1005.927,0.001,340.143,0.234,6.4,32.17
1.454,0.647,2839.337,653.113,0.285,0.003,62.257,45.588,150.935,0.551,0.393,0.031,0.127,0.552,0.163,0.424,-2.214e-4,0,0.033,1.058,1.025,7.339e-4,1005.895,0.001,340.142,0.235,6.4,32.17
1.458,0.617,2839.044,652.821,0.285,0.003,62.269,45.585,150.762,0.551,0.393,0.031,0.127,0.552,0.155,0.404,4.002e-4,0,0.033,1.058,1.025,7.985e-4,1005.863,0.001,340.141,0.235,6.4,32.17
1.461,0.586,2838.751,652.527,0.285,0.003,62.281,45.582,150.589,0.551,0.393,0.031,0.127,0.552,0.147,0.384,-1.018e-4,0,0.033,1.058,1.026,8.586e-4,1005.83,0.001,340.14,0.236,6.4,32.17
1.465,0.554,2838.457,652.233,0.285,0.003,62.294,45.578,150.416,0.551,0.393,0.031,0.127,0.552,0.139,0.363,-4.913e-4,0,0.032,1.058,1.026,9.127e-4,1005.798,0.001,340.139,0.236,6.4,32.17
1.468,0.521,2838.162,651.939,0.285,0.003,62.306,45.575,150.242,0.551,0.393,0.031,0.127,0.552,0.131,0.341,-3.843e-4,0,0.032,1.058,1.026,9.587e-4,1005.765,0.001,340.138,0.237,6.4,32.17
1.472,0.488,2837.867,651.644,0.285,0.003,62.319,45.572,150.068,0.551,0.393,0.031,0.127,0.552,0.123,0.32,-3.099e-4,0,0.032,1.058,1.026,9.944e-4,1005.732,0.001,340.136,0.237,6.4,32.17
1.475,0.455,2837.571,651.348,0.285,0.003,62.332,45.568,149.893,0.551,0.393,0.031,0.127,0.552,0.114,0.298,1.158e-4,0,0.032,1.058,1.026,0.001,1005.699,0.001,340.135,0.237,6.4,32.17
1.479,0.421,2837.275,651.052,0.285,0.003,62.344,45.565,149.718,0.551,0.393,0.032,0.127,0.552,0.106,0.276,2.516e-4,0,0.032,1.058,1.027,0.001,1005.666,0.001,340.134,0.238,6.4,32.17
1.482,0.387,2836.978,650.755,0.285,0.003,62.356,45.561,149.543,0.552,0.393,0.032,0.127,0.552,0.097,0.254,3.262e-4,0,0.032,1.058,1.027,0.001,1005.633,0.001,340.133,0.238,6.4,32.17
1.486,0.354,2836.681,650.457,0.285,0.003,62.368,45.558,149.368,0.552,0.393,0.032,0.127,0.552,0.089,0.232,1.327e-5,0,0.031,1.058,1.027,9.691e-4,1005.599,0.001,340.132,0.239,6.4,32.17
1.489,0.322,2836.383,650.159,0.285,0.003,62.378,45.555,149.192,0.552,0.393,0.032,0.127,0.552,0.081,0.211,-2.14e-4,0,0.031,1.058,1.027,8.979e-4,1005.566,0.001,340.131,0.239,6.4,32.17
1.493,0.292,2836.084,649.86,0.285,0.003,62.388,45.551,149.015,0.552,0.393,0.032,0.127,0.552,0.073,0.191,3.967e-4,0,0.031,1.058,1.027,7.892e-4,1005.532,0.001,340.13,0.24,6.4,32.17
1.496,0.263,2835.784,649.561,0.285,0.003,62.397,45.548,148.839,0.552,0.393,0.032,0.127,0.552,0.066,0.173,8.056e-5,0,0.031,1.058,1.028,6.39e-4,1005.498,0.001,340.129,0.24,6.4,32.17
1.5,0.238,2835.484,649.261,0.285,0.003,62.404,45.544,148.662,0.552,0.393,0.032,0.128,0.552,0.059,0.156,3.309e-4,0,0.031,1.058,1.028,4.511e-4,1005.464,0.001,340.127,0.24,6.4,32.17
1.503,0.215,2835.184,648.96,0.285,0.003,62.411,45.541,148.484,0.552,0.393,0.032,0.128,0.552,0.054,0.141,3.428e-4,0,0.031,1.059,1.028,2.421e-4,1005.43,0.001,340.126,0.241,6.4,32.17
1.507,0.198,2834.882,648.659,0.285,0.003,62.416,45.537,148.307,0.552,0.393,0.032,0.128,0.552,0.049,0.13,4.743e-4,0,0.03,1.059,1.028,6.602e-5,1005.396,0.001,340.125,0.241,6.4,32.17
1.51,0.19,2834.58,648.357,0.285,0.003,62.421,45.534,148.129,0.552,0.393,0.032,0.128,0.552,0.047,0.125,3.208e-4,0,0.03,1.059,1.028,-3.764e-7,1005.362,0.001,340.124,0.242,6.4,32.17
1.514,0.191,2834.278,648.055,0.285,0.003,62.424,45.53,147.95,0.552,0.393,0.032,0.128,0.552,0.048,0.126,2.528e-4,0,0.03,1.059,1.029,-9.039e-5,1005.328,0.001,340.123,0.242,6.4,32.17
1.518,0.201,2833.975,647.752,0.285,0.003,62.425,45.527,147.771,0.552,0.393,0.032,0.128,0.552,0.05,0.132,-4.881e-4,0,0.03,1.059,1.029,-2.973e-4,1005.293,0.001,340.122,0.242,6.4,32.17
1.521,0.219,2833.671,647.448,0.285,0.003,62.423,45.523,147.592,0.552,0.393,0.032,0.128,0.552,0.055,0.145,2.149e-4,0,0.03,1.059,1.029,-5.34e-4,1005.258,0.001,340.12,0.243,6.4,32.17
1.525,0.242,2833.367,647.144,0.285,0.003,62.417,45.52,147.412,0.552,0.393,0.032,0.128,0.553,0.06,0.16,-1.37e-4,0,0.03,1.059,1.029,-7.354e-4,1005.224,0.001,340.119,0.243,6.4,32.17
1.528,0.269,2833.062,646.839,0.285,0.003,62.409,45.516,147.233,0.553,0.392,0.032,0.128,0.553,0.067,0.178,2.026e-4,0,0.029,1.059,1.029,-8.786e-4,1005.189,0.001,340.118,0.244,6.4,32.17
1.532,0.298,2832.756,646.533,0.285,0.003,62.399,45.513,147.052,0.553,0.392,0.032,0.128,0.553,0.075,0.197,-4.623e-4,0,0.029,1.059,1.03,-9.656e-4,1005.154,0.001,340.117,0.244,6.4,32.17
1.536,0.328,2832.45,646.227,0.285,0.003,62.387,45.509,146.872,0.553,0.392,0.032,0.128,0.553,0.082,0.218,-1.609e-4,0,0.029,1.059,1.03,-0.001,1005.118,0.001,340.116,0.245,6.4,32.17
1.539,0.359,2832.143,645.92,0.285,0.003,62.375,45.506,146.691,0.553,0.392,0.032,0.128,0.553,0.09,0.239,2.496e-4,0,0.029,1.059,1.03,-0.001,1005.083,0.001,340.115,0.245,6.4,32.17
1.543,0.39,2831.836,645.613,0.285,0.003,62.363,45.502,146.509,0.553,0.392,0.033,0.128,0.553,0.098,0.259,-1.673e-4,0,0.029,1.059,1.03,-9.934e-4,1005.048,0.001,340.113,0.245,6.4,32.17
1.547,0.421,2831.528,645.305,0.285,0.003,62.35,45.499,146.327,0.553,0.392,0.033,0.128,0.553,0.105,0.279,-3.384e-4,0,0.029,1.059,1.03,-9.546e-4,1005.012,0.001,340.112,0.246,6.4,32.17
1.55,0.45,2831.219,644.996,0.285,0.003,62.338,45.495,146.145,0.553,0.392,0.033,0.128,0.553,0.113,0.298,-4.027e-4,0,0.028,1.059,1.031,-9.016e-4,1004.976,0.001,340.111,0.246,6.4,32.17
1.554,0.479,2830.91,644.686,0.285,0.003,62.326,45.491,145.963,0.553,0.392,0.033,0.128,0.553,0.12,0.317,3.524e-4,0,0.028,1.059,1.031,-8.384e-4,1004.94,0.001,340.11,0.247,6.4,32.17
1.558,0.506,2830.6,644.376,0.285,0.003,62.315,45.488,145.78,0.553,0.392,0.033,0.128,0.554,0.127,0.335,-3.109e-4,0,0.028,1.059,1.031,-7.681e-4,1004.904,0.001,340.109,0.247,6.4,32.17
1.561,0.532,2830.289,644.065,0.284,0.003,62.304,45.484,145.596,0.553,0.392,0.033,0.128,0.554,0.134,0.353,-1.512e-4,0,0.028,1.059,1.031,-6.933e-4,1004.868,0.001,340.107,0.248,6.4,32.17
1.565,0.557,2829.977,643.754,0.284,0.003,62.294,45.481,145.413,0.553,0.392,0.033,0.128,0.554,0.14,0.369,-4.399e-4,0,0.028,1.059,1.031,-6.161e-4,1004.832,0.001,340.106,0.248,6.4,32.17
1.569,0.58,2829.665,643.442,0.284,0.003,62.284,45.477,145.228,0.553,0.392,0.033,0.128,0.554,0.146,0.384,2.247e-4,0,0.028,1.059,1.031,-5.384e-4,1004.795,0.001,340.105,0.248,6.4,32.17
1.572,0.601,2829.352,643.129,0.284,0.003,62.275,45.473,145.044,0.553,0.392,0.033,0.128,0.554,0.151,0.397,1.27e-4,0,0.027,1.059,1.032,-4.617e-4,1004.759,0.001,340.104,0.249,6.4,32.17
1.576,0.62,2829.039,642.816,0.284,0.003,62.267,45.47,144.859,0.554,0.392,0.033,0.128,0.554,0.156,0.41,-2.337e-4,0,0.027,1.059,1.032,-3.876e-4,1004.722,0.001,340.102,0.249,6.4,32.17
1.58,0.637,2828.725,642.502,0.284,0.003,62.26,45.466,144.673,0.554,0.392,0.033,0.128,0.554,0.161,0.422,-3.418e-4,0,0.027,1.059,1.032,-3.172e-4,1004.685,0.001,340.101,0.25,6.4,32.17
1.583,0.652,2828.41,642.187,0.284,0.003,62.253,45.463,144.488,0.554,0.392,0.033,0.128,0.554,0.164,0.432,2.04e-4,0,0.027,1.059,1.032,-2.518e-4,1004.648,0.001,340.1,0.25,6.4,32.17
1.587,0.664,2828.094,641.871,0.284,0.003,62.248,45.459,144.302,0.554,0.392,0.033,0.128,0.554,0.168,0.44,4.752e-4,0,0.027,1.059,1.032,-1.923e-4,1004.611,0.001,340.099,0.25,6.4,32.17
1.591,0.675,2827.778,641.555,0.284,0.003,62.243,45.455,144.115,0.554,0.392,0.033,0.128,0.555,0.17,0.447,1.03e-5,0,0.027,1.059,1.033,-1.397e-4,1004.574,0.001,340.098,0.251,6.4,32.17
1.595,0.683,2827.461,641.238,0.284,0.003,62.239,45.452,143.928,0.554,0.392,0.033,0.128,0.555,0.172,0.452,-2.764e-5,0,0.027,1.059,1.033,-9.47e-5,1004.536,0.001,340.096,0.251,6.4,32.17
1.598,0.689,2827.144,640.92,0.284,0.003,62.236,45.448,143.74,0.554,0.392,0.033,0.128,0.555,0.174,0.456,2.646e-4,0,0.026,1.059,1.033,-5.79e-5,1004.499,0.001,340.095,0.252,6.4,32.17
1.602,0.693,2826.825,640.602,0.284,0.003,62.234,45.444,143.553,0.554,0.392,0.033,0.128,0.555,0.175,0.459,4.515e-4,0,0.026,1.059,1.033,-3.171e-5,1004.461,0.001,340.094,0.252,6.4,32.17
1.606,0.696,2826.506,640.283,0.284,0.003,62.233,45.44,143.364,0.554,0.392,0.034,0.128,0.555,0.176,0.461,-4.163e-4,0,0.026,1.059,1.033,-1.412e-5,1004.423,0.001,340.092,0.253,6.4,32.17
1.61,0.697,2826.186,639.962,0.284,0.003,62.233,45.437,143.175,0.554,0.392,0.034,0.128,0.555,0.176,0.462,2.737e-4,0,0.026,1.059,1.034,-3.504e-6,1004.385,0.001,340.091,0.253,6.4,32.17
1.614,0.696,2825.865,639.642,0.284,0.003,62.233,45.433,142.986,0.554,0.392,0.034,0.128,0.555,0.176,0.461,-3.801e-4,0,0.026,1.06,1.034,0,1004.347,0.001,340.09,0.253,6.4,32.17
1.617,0.694,2825.543,639.32,0.284,0.003,62.234,45.429,142.796,0.554,0.392,0.034,0.128,0.555,0.175,0.46,-1.724e-4,0,0.026,1.06,1.034,3.69e-6,1004.309,0.001,340.089,0.254,6.4,32.17
1.621,0.689,2825.22,638.997,0.284,0.003,62.236,45.426,142.606,0.555,0.392,0.034,0.128,0.555,0.174,0.457,-3.762e-4,0,0.025,1.06,1.034,1.457e-5,1004.27,0.001,340.087,0.254,6.4,32.17
1.625,0.683,2824.897,638.673,0.284,0.003,62.238,45.422,142.415,0.555,0.392,0.034,0.128,0.555,0.172,0.452,-1.865e-4,0,0.025,1.06,1.034,3.255e-5,1004.231,0.001,340.086,0.255,6.4,32.17
1.629,0.674,2824.572,638.349,0.284,0.003,62.241,45.418,142.223,0.555,0.392,0.034,0.128,0.555,0.17,0.447,-4.247e-4,0,0.025,1.06,1.034,5.744e-5,1004.192,0.001,340.085,0.255,6.4,32.17
1.633,0.664,2824.247,638.023,0.284,0.003,62.245,45.414,142.031,0.555,0.392,0.034,0.128,0.556,0.168,0.441,3.443e-4,0,0.025,1.06,1.035,8.899e-5,1004.153,0.001,340.083,0.256,6.4,32.17
1.637,0.652,2823.92,637.697,0.284,0.003,62.25,45.41,141.839,0.555,0.392,0.034,0.129,0.556,0.165,0.432,3.795e-4,0,0.025,1.06,1.035,1.269e-4,1004.114,0.001,340.082,0.256,6.4,32.17
1.64,0.638,2823.593,637.37,0.284,0.003,62.256,45.407,141.646,0.555,0.392,0.034,0.129,0.556,0.161,0.424,3.631e-4,0,0.025,1.06,1.035,1.706e-4,1004.075,0.001,340.081,0.256,6.4,32.17
1.644,0.623,2823.265,637.042,0.284,0.003,62.262,45.403,141.452,0.555,0.392,0.034,0.129,0.556,0.157,0.413,-3.697e-4,0,0.025,1.06,1.035,2.197e-4,1004.035,0.001,340.079,0.257,6.4,32.17
1.648,0.605,2822.936,636.713,0.284,0.003,62.269,45.399,141.258,0.555,0.392,0.034,0.129,0.556,0.153,0.402,-1.235e-4,0,0.024,1.06,1.035,2.736e-4,1003.995,0.001,340.078,0.257,6.4,32.17
1.652,0.584,2822.607,636.383,0.284,0.003,62.278,45.395,141.064,0.555,0.392,0.034,0.129,0.556,0.147,0.388,4.393e-4,0,0.024,1.06,1.036,3.345e-4,1003.955,0.001,340.077,0.258,6.4,32.17
1.656,0.559,2822.276,636.053,0.284,0.003,62.289,45.391,140.869,0.555,0.392,0.034,0.129,0.556,0.141,0.37,-4.954e-4,0,0.024,1.06,1.036,4.014e-4,1003.915,0.001,340.075,0.258,6.4,32.17
1.66,0.531,2821.945,635.722,0.284,0.003,62.3,45.387,140.673,0.555,0.392,0.034,0.129,0.556,0.134,0.353,-1.684e-4,0,0.024,1.06,1.036,4.706e-4,1003.875,0.001,340.074,0.259,6.4,32.17
1.664,0.502,2821.613,635.39,0.284,0.003,62.312,45.384,140.477,0.555,0.392,0.035,0.129,0.556,0.126,0.334,-1.521e-4,0,0.024,1.06,1.036,5.408e-4,1003.835,0.001,340.073,0.259,6.4,32.17
1.668,0.471,2821.28,635.057,0.283,0.003,62.325,45.38,140.281,0.556,0.392,0.035,0.129,0.556,0.118,0.313,2.084e-4,0,0.024,1.06,1.036,6.104e-4,1003.794,0.001,340.071,0.259,6.4,32.17
1.672,0.439,2820.947,634.723,0.283,0.003,62.339,45.376,140.084,0.556,0.392,0.035,0.129,0.556,0.11,0.291,1.699e-4,0,0.024,1.06,1.036,6.781e-4,1003.753,0.001,340.07,0.26,6.4,32.17
1.676,0.405,2820.612,634.389,0.283,0.003,62.353,45.372,139.887,0.556,0.392,0.035,0.129,0.556,0.102,0.269,3.751e-4,0,0.023,1.06,1.037,7.419e-4,1003.712,0.001,340.069,0.26,6.4,32.17
1.681,0.357,2820.16,633.937,0.283,0.003,62.374,45.367,139.62,0.556,0.392,0.035,0.129,0.556,0.089,0.237,-1.035e-4,0,0.023,1.06,1.037,8.181e-4,1003.657,0.001,340.067,0.261,6.4,32.17
1.685,0.321,2819.883,633.66,0.283,0.003,62.39,45.364,139.45,0.556,0.392,0.035,0.129,0.556,0.08,0.213,-3.634e-4,0,0.023,1.06,1.037,8.639e-4,1003.616,0.001,340.065,0.261,6.4,32.17
1.689,0.283,2819.606,633.382,0.283,0.003,62.406,45.36,139.279,0.556,0.392,0.035,0.129,0.556,0.071,0.188,4.317e-4,0,0.023,1.06,1.037,8.964e-4,1003.574,0.001,340.064,0.262,6.4,32.17
1.693,0.246,2819.328,633.104,0.283,0.003,62.423,45.357,139.108,0.556,0.392,0.035,0.129,0.556,0.061,0.162,4.586e-4,0,0.023,1.06,1.037,9.094e-4,1003.533,0.001,340.063,0.262,6.4,32.17
1.697,0.208,2819.049,632.825,0.283,0.003,62.441,45.354,138.937,0.556,0.392,0.035,0.129,0.556,0.052,0.138,-2.104e-4,0,0.023,1.06,1.037,8.922e-4,1003.491,0.001,340.061,0.263,6.4,32.17
1.701,0.172,2818.769,632.546,0.283,0.003,62.458,45.351,138.765,0.556,0.392,0.035,0.129,0.556,0.043,0.114,1.955e-4,0,0.023,1.06,1.038,8.278e-4,1003.449,0.001,340.06,0.263,6.4,32.17
1.705,0.14,2818.489,632.266,0.283,0.003,62.473,45.347,138.593,0.556,0.392,0.035,0.129,0.556,0.035,0.092,-4.57e-4,0,0.023,1.06,1.038,6.962e-4,1003.407,0.001,340.058,0.263,6.4,32.17
1.709,0.112,2818.208,631.985,0.283,0.003,62.486,45.344,138.42,0.556,0.392,0.035,0.129,0.556,0.028,0.074,3.846e-4,0,0.022,1.06,1.038,4.532e-4,1003.364,0.001,340.057,0.264,6.4,32.17
1.713,0.092,2817.927,631.703,0.283,0.003,62.491,45.341,138.247,0.557,0.392,0.035,0.129,0.557,0.023,0.061,-4.116e-4,0,0.022,1.06,1.038,1.265e-4,1003.322,0.001,340.055,0.264,6.4,32.17
1.717,0.087,2817.644,631.421,0.283,0.003,62.485,45.337,138.074,0.557,0.392,0.035,0.129,0.557,0.022,0.058,1.064e-4,0,0.022,1.06,1.038,-1.32e-5,1003.279,0.001,340.054,0.265,6.4,32.17
1.721,0.099,2817.361,631.138,0.283,0.003,62.473,45.334,137.9,0.557,0.392,0.036,0.129,0.557,0.025,0.067,2.272e-4,0,0.022,1.06,1.038,-2.782e-4,1003.237,0.001,340.053,0.265,6.4,32.17
1.725,0.123,2817.078,630.854,0.283,0.003,62.463,45.331,137.726,0.557,0.392,0.036,0.129,0.557,0.031,0.082,-8.764e-5,0,0.022,1.061,1.039,-5.778e-4,1003.194,0.001,340.051,0.266,6.4,32.17
1.729,0.153,2816.793,630.57,0.283,0.003,62.453,45.327,137.551,0.557,0.392,0.036,0.129,0.557,0.038,0.103,6.35e-5,0,0.022,1.061,1.039,-7.566e-4,1003.15,0.001,340.05,0.266,6.4,32.17
1.733,0.185,2816.508,630.285,0.283,0.003,62.443,45.324,137.376,0.557,0.392,0.036,0.129,0.557,0.046,0.125,-1.824e-4,0,0.022,1.061,1.039,-8.414e-4,1003.107,0.001,340.048,0.266,6.4,32.17
1.738,0.219,2816.222,629.999,0.283,0.003,62.432,45.321,137.2,0.557,0.392,0.036,0.129,0.557,0.055,0.147,2.182e-4,0,0.021,1.061,1.039,-8.701e-4,1003.063,0.001,340.047,0.267,6.4,32.17
1.742,0.253,2815.936,629.712,0.283,0.003,62.421,45.317,137.024,0.557,0.392,0.036,0.129,0.557,0.063,0.17,-1.39e-4,0,0.021,1.061,1.039,-8.649e-4,1003.02,0.001,340.045,0.267,6.4,32.17
1.746,0.286,2815.648,629.425,0.283,0.003,62.41,45.314,136.847,0.557,0.392,0.036,0.129,0.557,0.072,0.192,3.597e-4,0,0.021,1.061,1.039,-8.38e-4,1002.976,0.001,340.044,0.268,6.4,32.17
1.75,0.319,2815.36,629.137,0.283,0.003,62.4,45.311,136.67,0.557,0.392,0.036,0.129,0.558,0.08,0.214,-2.682e-4,0,0.021,1.061,1.04,-7.965e-4,1002.932,0.001,340.042,0.268,6.4,32.17
1.754,0.354,2815.072,628.848,0.283,0.003,62.388,45.307,136.493,0.557,0.392,0.036,0.129,0.558,0.089,0.237,5.063e-5,0,0.021,1.061,1.04,-7.435e-4,1002.887,0.001,340.041,0.269,6.4,32.17
1.758,0.388,2814.782,628.559,0.283,0.003,62.376,45.304,136.315,0.558,0.392,0.036,0.129,0.558,0.097,0.26,-3.83e-5,0,0.021,1.061,1.04,-6.82e-4,1002.843,0.001,340.039,0.269,6.4,32.17
1.762,0.421,2814.492,628.269,0.283,0.003,62.365,45.301,136.136,0.558,0.392,0.036,0.129,0.558,0.106,0.282,-8.875e-5,0,0.021,1.061,1.04,-6.15e-4,1002.798,0.001,340.038,0.269,6.4,32.17
1.767,0.451,2814.201,627.978,0.283,0.003,62.354,45.297,135.958,0.558,0.392,0.036,0.129,0.558,0.113,0.303,1.842e-4,0,0.021,1.061,1.04,-5.445e-4,1002.754,0.001,340.036,0.27,6.4,32.17
1.771,0.48,2813.91,627.687,0.283,0.003,62.344,45.294,135.779,0.558,0.392,0.036,0.13,0.558,0.121,0.322,9.941e-5,0,0.021,1.061,1.04,-4.725e-4,1002.709,0.001,340.035,0.27,6.4,32.17
1.775,0.506,2813.618,627.394,0.283,0.003,62.335,45.29,135.599,0.558,0.392,0.036,0.13,0.558,0.127,0.339,-3.99e-5,0,0.02,1.061,1.041,-4.007e-4,1002.664,0.001,340.033,0.271,6.4,32.17
1.779,0.53,2813.325,627.102,0.283,0.003,62.327,45.287,135.419,0.558,0.392,0.036,0.13,0.558,0.133,0.356,-3.935e-4,0,0.02,1.061,1.041,-3.309e-4,1002.618,0.001,340.032,0.271,6.4,32.17
1.783,0.552,2813.032,626.808,0.283,0.003,62.319,45.284,135.239,0.558,0.392,0.037,0.13,0.559,0.139,0.37,-3.307e-4,0,0.02,1.061,1.041,-2.645e-4,1002.573,0.001,340.03,0.272,6.4,32.17
1.788,0.571,2812.737,626.514,0.283,0.003,62.313,45.28,135.058,0.558,0.392,0.037,0.13,0.559,0.144,0.383,-1.297e-4,0,0.02,1.061,1.041,-2.03e-4,1002.527,0.001,340.029,0.272,6.4,32.17
1.792,0.587,2812.443,626.219,0.282,0.003,62.307,45.277,134.877,0.558,0.392,0.037,0.13,0.559,0.148,0.393,-3.081e-5,0,0.02,1.061,1.041,-1.478e-4,1002.481,0.001,340.027,0.273,6.4,32.17
1.796,0.6,2812.147,625.924,0.282,0.003,62.302,45.273,134.695,0.558,0.392,0.037,0.13,0.559,0.151,0.403,2.035e-4,0,0.02,1.061,1.041,-1e-4,1002.435,0.001,340.026,0.273,6.4,32.17
1.8,0.61,2811.851,625.627,0.282,0.003,62.298,45.27,134.513,0.558,0.392,0.037,0.13,0.559,0.154,0.409,3.191e-4,0,0.02,1.061,1.041,-6.086e-5,1002.389,0.001,340.024,0.273,6.4,32.17
1.805,0.612,2811.554,625.33,0.282,0.003,62.298,45.266,134.331,0.559,0.392,0.037,0.13,0.559,0.154,0.411,-4.604e-4,0,0.02,1.061,1.042,-3.257e-5,1002.342,0.001,340.023,0.274,6.4,32.17
1.809,0.611,2811.256,625.032,0.282,0.003,62.299,45.263,134.147,0.559,0.392,0.037,0.13,0.559,0.154,0.41,7.168e-5,0,0.02,1.061,1.042,-1.301e-5,1002.296,0.001,340.021,0.274,6.4,32.17
1.813,0.607,2810.957,624.734,0.282,0.003,62.3,45.259,133.964,0.559,0.392,0.037,0.13,0.559,0.153,0.408,-5.563e-6,0,0.019,1.061,1.042,-2.283e-6,1002.249,0.001,340.019,0.275,6.4,32.17
1.817,0.601,2810.657,624.434,0.282,0.003,62.302,45.256,133.78,0.559,0.392,0.037,0.13,0.559,0.152,0.404,-3.698e-4,0,0.019,1.061,1.042,3.268e-7,1002.202,0.001,340.018,0.275,6.4,32.17
1.822,0.592,2810.357,624.133,0.282,0.003,62.306,45.252,133.595,0.559,0.392,0.037,0.13,0.56,0.149,0.398,-2.556e-4,0,0.019,1.061,1.042,6.918e-6,1002.155,0.001,340.016,0.276,6.4,32.17
1.826,0.581,2810.055,623.832,0.282,0.003,62.31,45.249,133.41,0.559,0.392,0.037,0.13,0.56,0.146,0.39,1.725e-4,0,0.019,1.061,1.042,2.168e-5,1002.107,0.001,340.015,0.276,6.4,32.17
1.83,0.567,2809.753,623.53,0.282,0.003,62.315,45.245,133.224,0.559,0.392,0.037,0.13,0.56,0.143,0.381,-2.789e-4,0,0.019,1.061,1.043,4.407e-5,1002.06,0.001,340.013,0.276,6.4,32.17
1.835,0.551,2809.45,623.227,0.282,0.003,62.321,45.242,133.038,0.559,0.392,0.037,0.13,0.56,0.139,0.37,4.415e-4,0,0.019,1.062,1.043,7.343e-5,1002.012,0.001,340.011,0.277,6.4,32.17
1.839,0.533,2809.146,622.923,0.282,0.003,62.327,45.238,132.851,0.559,0.392,0.037,0.13,0.56,0.134,0.359,-3.775e-4,0,0.019,1.062,1.043,1.09e-4,1001.964,0.001,340.01,0.277,6.4,32.17
1.844,0.513,2808.841,622.618,0.282,0.003,62.335,45.234,132.663,0.559,0.392,0.038,0.13,0.56,0.129,0.345,1.014e-4,0,0.019,1.062,1.043,1.498e-4,1001.915,0.001,340.008,0.278,6.4,32.17
1.848,0.49,2808.535,622.312,0.282,0.003,62.343,45.231,132.476,0.559,0.392,0.038,0.13,0.56,0.123,0.33,-2.601e-4,0,0.019,1.062,1.043,1.949e-4,1001.867,0.001,340.007,0.278,6.4,32.17
1.852,0.468,2808.229,622.006,0.282,0.003,62.351,45.227,132.287,0.56,0.392,0.038,0.13,0.56,0.118,0.315,1.617e-4,0,0.018,1.062,1.043,2.485e-4,1001.818,0.001,340.005,0.279,6.4,32.17
1.857,0.444,2807.922,621.698,0.282,0.003,62.36,45.224,132.098,0.56,0.392,0.038,0.13,0.56,0.111,0.298,1.023e-4,0,0.018,1.062,1.043,3.106e-4,1001.769,0.001,340.003,0.279,6.4,32.17
1.861,0.417,2807.614,621.39,0.282,0.003,62.369,45.22,131.909,0.56,0.392,0.038,0.13,0.56,0.105,0.28,-3.439e-5,0,0.018,1.062,1.044,3.755e-4,1001.72,0.001,340.002,0.28,6.4,32.17
1.866,0.388,2807.305,621.082,0.282,0.003,62.379,45.216,131.719,0.56,0.392,0.038,0.13,0.56,0.097,0.261,4.365e-4,0,0.018,1.062,1.044,4.415e-4,1001.671,0.001,340,0.28,6.4,32.17
1.87,0.357,2806.996,620.772,0.282,0.003,62.39,45.213,131.529,0.56,0.392,0.038,0.13,0.56,0.089,0.24,2.469e-4,0,0.018,1.062,1.044,5.068e-4,1001.621,0.001,339.998,0.28,6.4,32.17
1.875,0.323,2806.686,620.462,0.282,0.003,62.402,45.209,131.339,0.56,0.392,0.038,0.13,0.56,0.081,0.217,4.433e-4,0,0.018,1.062,1.044,5.689e-4,1001.571,0.001,339.997,0.281,6.4,32.17
1.879,0.288,2806.375,620.152,0.282,0.003,62.415,45.205,131.148,0.56,0.392,0.038,0.13,0.56,0.072,0.194,-2.48e-4,0,0.018,1.062,1.044,6.248e-4,1001.521,0.001,339.995,0.281,6.4,32.17
1.883,0.252,2806.063,619.84,0.282,0.003,62.428,45.202,130.956,0.56,0.392,0.038,0.13,0.56,0.063,0.169,-1.086e-4,0,0.018,1.062,1.044,6.706e-4,1001.471,0.001,339.993,0.282,6.4,32.17
1.888,0.215,2805.751,619.528,0.282,0.003,62.441,45.198,130.764,0.56,0.392,0.038,0.13,0.56,0.054,0.144,-7.17e-5,0,0.018,1.062,1.044,6.994e-4,1001.421,0.001,339.992,0.282,6.4,32.17
1.892,0.177,2805.438,619.215,0.282,0.003,62.455,45.194,130.572,0.56,0.392,0.038,0.13,0.56,0.044,0.119,2.578e-5,0,0.018,1.062,1.044,6.986e-4,1001.371,0.001,339.99,0.283,6.4,32.17
1.897,0.141,2805.125,618.901,0.282,0.003,62.47,45.191,130.379,0.561,0.392,0.038,0.13,0.561,0.035,0.094,1.8e-4,0,0.017,1.062,1.045,6.407e-4,1001.32,0.001,339.988,0.283,6.4,32.17
1.901,0.108,2804.81,618.587,0.282,0.003,62.485,45.187,130.186,0.561,0.392,0.039,0.13,0.561,0.027,0.072,-2.054e-4,0,0.017,1.062,1.045,4.736e-4,1001.269,0.001,339.987,0.284,6.4,32.17
1.906,0.083,2804.495,618.272,0.282,0.003,62.502,45.183,129.992,0.561,0.392,0.039,0.13,0.561,0.021,0.056,1.892e-4,0,0.017,1.062,1.045,1.659e-4,1001.218,0.001,339.985,0.284,6.4,32.17
1.911,0.077,2804.179,617.955,0.282,0.003,62.514,45.18,129.798,0.561,0.392,0.039,0.131,0.561,0.019,0.052,3.907e-4,0,0.017,1.062,1.045,-8.892e-6,1001.167,0.001,339.983,0.284,6.4,32.17
1.915,0.094,2803.862,617.638,0.282,0.003,62.506,45.176,129.603,0.561,0.392,0.039,0.131,0.561,0.024,0.064,-1.959e-4,0,0.017,1.062,1.045,-2.627e-4,1001.115,0.001,339.981,0.285,6.4,32.17
1.92,0.125,2803.544,617.321,0.281,0.003,62.489,45.172,129.408,0.561,0.392,0.039,0.131,0.561,0.031,0.084,-3.892e-4,0,0.017,1.062,1.045,-5.011e-4,1001.064,0.001,339.98,0.285,6.4,32.17
1.924,0.161,2803.225,617.002,0.281,0.003,62.471,45.168,129.212,0.561,0.392,0.039,0.131,0.561,0.04,0.11,-6.905e-6,0,0.017,1.062,1.045,-6.166e-4,1001.012,0.001,339.978,0.286,6.4,32.17
1.929,0.199,2802.906,616.682,0.281,0.003,62.454,45.165,129.016,0.561,0.392,0.039,0.131,0.561,0.05,0.135,-4.698e-4,0,0.017,1.062,1.046,-6.575e-4,1000.959,0.001,339.976,0.286,6.4,32.17
1.933,0.237,2802.585,616.362,0.281,0.003,62.437,45.161,128.819,0.561,0.392,0.039,0.131,0.561,0.059,0.161,3.66e-4,0,0.017,1.062,1.046,-6.573e-4,1000.907,0.001,339.974,0.287,6.4,32.17
1.938,0.275,2802.264,616.04,0.281,0.003,62.421,45.157,128.621,0.561,0.392,0.039,0.131,0.562,0.069,0.186,-5.521e-6,0,0.017,1.062,1.046,-6.323e-4,1000.854,0.001,339.973,0.287,6.4,32.17
1.943,0.312,2801.941,615.718,0.281,0.003,62.406,45.153,128.423,0.561,0.392,0.039,0.131,0.562,0.078,0.212,-2.39e-4,0,0.016,1.062,1.046,-5.913e-4,1000.801,0.001,339.971,0.287,6.4,32.17
1.947,0.348,2801.618,615.395,0.281,0.003,62.392,45.149,128.224,0.562,0.392,0.039,0.131,0.562,0.087,0.235,4.273e-4,0,0.016,1.063,1.046,-5.394e-4,1000.748,0.001,339.969,0.288,6.4,32.17
1.952,0.38,2801.294,615.071,0.281,0.003,62.38,45.146,128.025,0.562,0.392,0.039,0.131,0.562,0.095,0.258,3.979e-4,0,0.016,1.063,1.046,-4.801e-4,1000.695,0.001,339.967,0.288,6.4,32.17
1.957,0.41,2800.969,614.746,0.281,0.003,62.369,45.142,127.825,0.562,0.392,0.039,0.131,0.562,0.103,0.278,4.547e-4,0,0.016,1.063,1.046,-4.161e-4,1000.641,0.001,339.965,0.289,6.4,32.17
1.961,0.437,2800.643,614.42,0.281,0.003,62.359,45.138,127.625,0.562,0.392,0.039,0.131,0.562,0.11,0.296,9.881e-5,0,0.016,1.063,1.047,-3.506e-4,1000.588,0.001,339.964,0.289,6.4,32.17
1.966,0.462,2800.316,614.093,0.281,0.003,62.35,45.134,127.424,0.562,0.392,0.04,0.131,0.562,0.116,0.312,-1.541e-4,0,0.016,1.063,1.047,-2.858e-4,1000.534,0.001,339.962,0.29,6.4,32.17
1.971,0.483,2799.988,613.765,0.281,0.003,62.343,45.13,127.222,0.562,0.392,0.04,0.131,0.562,0.122,0.327,7.41e-5,0,0.016,1.063,1.047,-2.239e-4,1000.479,0.001,339.96,0.29,6.4,32.17
1.975,0.502,2799.659,613.436,0.281,0.003,62.337,45.126,127.02,0.562,0.392,0.04,0.131,0.563,0.126,0.34,2.704e-4,0,0.016,1.063,1.047,-1.668e-4,1000.425,0.001,339.958,0.291,6.4,32.17
1.98,0.517,2799.329,613.106,0.281,0.003,62.332,45.122,126.817,0.562,0.392,0.04,0.131,0.563,0.13,0.35,-2.247e-4,0,0.016,1.063,1.047,-1.161e-4,1000.37,0.001,339.956,0.291,6.4,32.17
1.985,0.529,2798.998,612.775,0.281,0.003,62.329,45.118,126.614,0.562,0.391,0.04,0.131,0.563,0.133,0.359,3.713e-4,0,0.016,1.063,1.047,-7.326e-5,1000.315,0.001,339.954,0.291,6.4,32.17
1.99,0.537,2798.666,612.443,0.281,0.003,62.327,45.115,126.41,0.562,0.391,0.04,0.131,0.563,0.135,0.364,3.143e-4,0,0.015,1.063,1.047,-3.95e-5,1000.26,0.001,339.953,0.292,6.4,32.17
1.995,0.542,2798.333,612.109,0.281,0.003,62.327,45.111,126.205,0.563,0.391,0.04,0.131,0.563,0.137,0.367,-3.447e-4,0,0.015,1.063,1.048,-1.575e-5,1000.204,0.001,339.951,0.292,6.4,32.17
1.999,0.543,2797.999,611.775,0.281,0.003,62.328,45.107,126,0.563,0.391,0.04,0.131,0.563,0.137,0.369,-5.08e-5,0,0.015,1.063,1.048,-2.656e-6,1000.148,0.001,339.949,0.293,6.4,32.17
2.004,0.545,2797.664,611.44,0.281,0.003,62.329,45.103,125.794,0.563,0.391,0.04,0.131,0.563,0.137,0.37,-3.006e-4,0,0.015,1.063,1.048,5.011e-7,1000.092,0.001,339.947,0.293,6.4,32.17
2.009,0.544,2797.328,611.104,0.281,0.003,62.331,45.099,125.587,0.563,0.391,0.04,0.131,0.563,0.137,0.369,1.359e-4,0,0.015,1.063,1.048,9.339e-6,1000.036,0.001,339.945,0.294,6.4,32.17
2.014,0.539,2796.991,610.767,0.281,0.003,62.335,45.095,125.38,0.563,0.391,0.04,0.131,0.563,0.136,0.365,1.731e-4,0,0.015,1.063,1.048,2.919e-5,999.979,0.001,339.943,0.294,6.4,32.17
2.019,0.53,2796.653,610.429,0.281,0.003,62.34,45.091,125.173,0.563,0.391,0.04,0.131,0.564,0.134,0.36,-3.53e-4,0,0.015,1.063,1.048,5.97e-5,999.923,0.001,339.941,0.295,6.4,32.17
2.023,0.518,2796.314,610.091,0.281,0.003,62.346,45.087,124.964,0.563,0.391,0.04,0.131,0.564,0.13,0.352,1.777e-4,0,0.015,1.063,1.048,1.002e-4,999.865,0.001,339.939,0.295,6.4,32.17
2.028,0.502,2795.974,609.751,0.281,0.003,62.354,45.083,124.755,0.563,0.391,0.041,0.131,0.564,0.126,0.341,2.563e-4,0,0.015,1.063,1.048,1.497e-4,999.808,0.001,339.937,0.295,6.4,32.17
2.033,0.483,2795.633,609.41,0.281,0.003,62.363,45.079,124.546,0.563,0.391,0.041,0.131,0.564,0.121,0.328,4.021e-4,0,0.015,1.063,1.049,2.067e-4,999.751,0.001,339.936,0.296,6.4,32.17
2.038,0.46,2795.291,609.068,0.281,0.003,62.373,45.075,124.336,0.563,0.391,0.041,0.131,0.564,0.116,0.313,4.903e-4,0,0.015,1.063,1.049,2.695e-4,999.693,0.001,339.934,0.296,6.4,32.17
2.043,0.434,2794.949,608.725,0.28,0.003,62.384,45.071,124.125,0.564,0.391,0.041,0.131,0.564,0.109,0.295,-4.054e-4,0,0.014,1.063,1.049,3.358e-4,999.635,0.001,339.932,0.297,6.4,32.17
2.048,0.405,2794.605,608.382,0.28,0.003,62.396,45.066,123.914,0.564,0.391,0.041,0.131,0.564,0.102,0.275,-5.43e-5,0,0.014,1.063,1.049,4.031e-4,999.576,0.001,339.93,0.297,6.4,32.17
2.053,0.369,2794.26,608.037,0.28,0.003,62.411,45.062,123.702,0.564,0.391,0.041,0.132,0.564,0.093,0.251,-1.491e-4,0,0.014,1.063,1.049,4.673e-4,999.518,0.001,339.928,0.298,6.4,32.17
2.058,0.329,2793.914,607.691,0.28,0.003,62.427,45.058,123.489,0.564,0.391,0.041,0.132,0.564,0.082,0.224,-3.264e-4,0,0.014,1.063,1.049,5.244e-4,999.459,0.001,339.926,0.298,6.4,32.17
2.063,0.287,2793.567,607.343,0.28,0.003,62.444,45.054,123.276,0.564,0.391,0.041,0.132,0.564,0.072,0.195,2.197e-4,0,0.014,1.064,1.049,5.703e-4,999.4,0.001,339.924,0.299,6.4,32.17
2.068,0.243,2793.218,606.995,0.28,0.003,62.46,45.05,123.062,0.564,0.391,0.041,0.132,0.564,0.061,0.165,1.297e-4,0,0.014,1.064,1.05,5.984e-4,999.34,0.001,339.922,0.299,6.4,32.17
2.073,0.199,2792.869,606.645,0.28,0.003,62.476,45.046,122.847,0.564,0.391,0.041,0.132,0.564,0.05,0.135,1.229e-4,0,0.014,1.064,1.05,5.976e-4,999.281,0.001,339.92,0.299,6.4,32.17
2.078,0.156,2792.518,606.294,0.28,0.003,62.491,45.042,122.631,0.564,0.391,0.041,0.132,0.564,0.039,0.106,1.916e-4,0,0.014,1.064,1.05,5.455e-4,999.221,0.001,339.918,0.3,6.4,32.17
2.083,0.117,2792.165,605.942,0.28,0.003,62.501,45.038,122.415,0.564,0.391,0.041,0.132,0.564,0.029,0.079,9.389e-5,0,0.014,1.064,1.05,3.957e-4,999.16,0.001,339.916,0.3,6.4,32.17
2.088,0.088,2791.812,605.589,0.28,0.003,62.506,45.033,122.198,0.564,0.391,0.041,0.132,0.565,0.022,0.059,-2.584e-4,0,0.014,1.064,1.05,1.154e-4,999.1,0.001,339.914,0.301,6.4,32.17
2.093,0.081,2791.457,605.234,0.28,0.003,62.511,45.029,121.98,0.565,0.391,0.042,0.132,0.565,0.02,0.055,3.313e-4,0,0.014,1.064,1.05,-3.191e-5,999.039,0.001,339.912,0.301,6.4,32.17
2.098,0.101,2791.101,604.878,0.28,0.003,62.514,45.025,121.761,0.565,0.391,0.042,0.132,0.565,0.025,0.069,3.168e-4,0,0.014,1.064,1.05,-3.256e-4,998.977,0.001,339.91,0.302,6.4,32.17
2.103,0.136,2790.744,604.521,0.28,0.003,62.506,45.021,121.541,0.565,0.391,0.042,0.132,0.565,0.034,0.093,-4.306e-4,0,0.013,1.064,1.05,-5.283e-4,998.916,0.001,339.907,0.302,6.4,32.17
2.109,0.176,2790.386,604.163,0.28,0.003,62.491,45.016,121.321,0.565,0.391,0.042,0.132,0.565,0.044,0.121,3.251e-4,0,0.013,1.064,1.051,-5.959e-4,998.854,0.001,339.905,0.303,6.4,32.17
2.114,0.217,2790.026,603.803,0.28,0.003,62.475,45.012,121.1,0.565,0.391,0.042,0.132,0.565,0.054,0.149,-2.352e-4,0,0.013,1.064,1.051,-5.943e-4,998.792,0.001,339.903,0.303,6.4,32.17
2.119,0.257,2789.665,603.442,0.28,0.003,62.458,45.008,120.878,0.565,0.391,0.042,0.132,0.565,0.064,0.176,3.273e-4,0,0.013,1.064,1.051,-5.584e-4,998.729,0.001,339.901,0.304,6.4,32.17
2.124,0.296,2789.303,603.079,0.28,0.003,62.442,45.004,120.655,0.565,0.391,0.042,0.132,0.565,0.074,0.202,9.982e-5,0,0.013,1.064,1.051,-5.037e-4,998.666,0.001,339.899,0.304,6.4,32.17
2.129,0.332,2788.939,602.716,0.28,0.003,62.427,44.999,120.432,0.565,0.391,0.042,0.132,0.566,0.083,0.227,-1.133e-4,0,0.013,1.064,1.051,-4.384e-4,998.603,0.001,339.897,0.304,6.4,32.17
2.135,0.365,2788.574,602.351,0.28,0.003,62.413,44.995,120.207,0.565,0.391,0.042,0.132,0.566,0.092,0.249,-1.981e-4,0,0.013,1.064,1.051,-3.68e-4,998.54,0.001,339.895,0.305,6.4,32.17
2.14,0.394,2788.208,601.984,0.28,0.003,62.4,44.99,119.982,0.566,0.391,0.042,0.132,0.566,0.099,0.27,4.838e-4,0,0.013,1.064,1.051,-2.967e-4,998.476,0.001,339.893,0.305,6.4,32.17
2.145,0.419,2787.84,601.617,0.28,0.003,62.389,44.986,119.756,0.566,0.391,0.042,0.132,0.566,0.105,0.287,2.799e-4,0,0.013,1.064,1.051,-2.277e-4,998.412,0.001,339.891,0.306,6.4,32.17
2.151,0.441,2787.471,601.248,0.28,0.003,62.379,44.982,119.53,0.566,0.391,0.043,0.132,0.566,0.111,0.302,-1.486e-6,0,0.013,1.064,1.052,-1.64e-4,998.347,0.001,339.888,0.306,6.4,32.17
2.156,0.457,2787.101,600.877,0.28,0.003,62.372,44.977,119.302,0.566,0.391,0.043,0.132,0.566,0.115,0.313,7.626e-5,0,0.013,1.064,1.052,-1.072e-4,998.282,0.001,339.886,0.307,6.4,32.17
2.161,0.469,2786.729,600.505,0.28,0.003,62.366,44.973,119.073,0.566,0.391,0.043,0.132,0.566,0.118,0.321,2.578e-4,0,0.012,1.064,1.052,-6.094e-5,998.217,0.001,339.884,0.307,6.4,32.17
2.167,0.476,2786.355,600.132,0.279,0.003,62.362,44.968,118.844,0.566,0.391,0.043,0.132,0.567,0.12,0.326,1.36e-4,0,0.012,1.064,1.052,-2.7e-5,998.152,0.001,339.882,0.308,6.4,32.17
2.172,0.477,2785.981,599.757,0.279,0.003,62.361,44.964,118.614,0.566,0.391,0.043,0.132,0.567,0.12,0.327,1.505e-4,0,0.012,1.064,1.052,-6.504e-6,998.086,0.001,339.88,0.308,6.4,32.17
2.177,0.474,2785.604,599.381,0.279,0.003,62.362,44.959,118.382,0.566,0.391,0.043,0.132,0.567,0.119,0.325,-1.083e-4,0,0.012,1.064,1.052,1.035e-8,998.02,0.001,339.877,0.308,6.4,32.17
2.183,0.465,2785.227,599.004,0.279,0.003,62.365,44.955,118.15,0.567,0.391,0.043,0.132,0.567,0.117,0.319,-1.917e-4,0,0.012,1.065,1.052,7.458e-6,997.953,0.001,339.875,0.309,6.4,32.17
2.188,0.451,2784.848,598.624,0.279,0.003,62.37,44.95,117.917,0.567,0.391,0.043,0.132,0.567,0.114,0.308,-3.343e-4,0,0.012,1.065,1.053,2.818e-5,997.886,0.001,339.873,0.309,6.4,32.17
2.194,0.432,2784.467,598.244,0.279,0.003,62.378,44.946,117.683,0.567,0.391,0.043,0.132,0.567,0.109,0.296,3.531e-4,0,0.012,1.065,1.053,6.089e-5,997.819,0.001,339.871,0.31,6.4,32.17
2.199,0.409,2784.085,597.862,0.279,0.003,62.387,44.941,117.449,0.567,0.391,0.043,0.133,0.567,0.103,0.28,-1.126e-4,0,0.012,1.065,1.053,1.038e-4,997.751,0.001,339.868,0.31,6.4,32.17
2.205,0.382,2783.702,597.478,0.279,0.003,62.398,44.937,117.213,0.567,0.391,0.043,0.133,0.567,0.096,0.262,-2.896e-4,0,0.012,1.065,1.053,1.527e-4,997.683,0.001,339.866,0.311,6.4,32.17
2.21,0.352,2783.317,597.093,0.279,0.003,62.411,44.932,116.976,0.567,0.391,0.043,0.133,0.567,0.088,0.242,-3.717e-4,0,0.012,1.065,1.053,2.062e-4,997.615,0.001,339.864,0.311,6.4,32.17
2.216,0.318,2782.93,596.707,0.279,0.003,62.425,44.927,116.739,0.567,0.391,0.044,0.133,0.567,0.08,0.218,-1.005e-5,0,0.012,1.065,1.053,2.621e-4,997.546,0.001,339.861,0.312,6.4,32.17
2.221,0.281,2782.543,596.319,0.279,0.003,62.44,44.923,116.501,0.567,0.391,0.044,0.133,0.567,0.07,0.193,-4.74e-5,0,0.012,1.065,1.053,3.179e-4,997.477,0.001,339.859,0.312,6.4,32.17
2.227,0.241,2782.154,595.93,0.279,0.003,62.457,44.918,116.262,0.567,0.391,0.044,0.133,0.568,0.06,0.166,-6.808e-5,0,0.012,1.065,1.053,3.709e-4,997.408,0.001,339.857,0.313,6.4,32.17
2.232,0.199,2781.763,595.54,0.279,0.003,62.476,44.914,116.022,0.568,0.391,0.044,0.133,0.568,0.05,0.136,-4.155e-4,0,0.011,1.065,1.053,4.186e-4,997.338,0.001,339.854,0.313,6.4,32.17
2.238,0.154,2781.371,595.148,0.279,0.003,62.495,44.909,115.781,0.568,0.391,0.044,0.133,0.568,0.039,0.106,-7.987e-5,0,0.011,1.065,1.054,4.586e-4,997.268,0.001,339.852,0.313,6.4,32.17
2.244,0.108,2780.978,594.754,0.279,0.003,62.515,44.904,115.539,0.568,0.391,0.044,0.133,0.568,0.027,0.074,3.919e-4,0,0.011,1.065,1.054,4.89e-4,997.198,0.001,339.85,0.314,6.4,32.17
2.249,0.061,2780.583,594.359,0.279,0.003,62.535,44.899,115.296,0.568,0.391,0.044,0.133,0.568,0.015,0.041,6.132e-5,0,0.011,1.065,1.054,5.082e-4,997.127,0.001,339.847,0.314,6.4,32.17
2.255,0.024,2780.186,593.963,0.279,0.003,62.549,44.895,115.052,0.568,0.391,0.044,0.133,0.568,0.006,0.016,1.865e-4,0,0.011,1.065,1.054,5.083e-4,997.056,0.001,339.845,0.315,6.4,32.17
2.261,0.012,2779.788,593.565,0.279,0.003,62.565,44.89,114.808,0.568,0.391,0.044,0.133,0.568,0.003,0.009,-1.691e-4,0,0.011,1.065,1.054,-3.921e-4,996.984,0.001,339.843,0.315,6.4,32.17
2.267,0.046,2779.39,593.166,0.279,0.003,62.549,44.885,114.563,0.568,0.391,0.044,0.133,0.568,0.011,0.032,3.403e-4,0,0.011,1.065,1.054,-4.713e-4,996.912,0.001,339.84,0.316,6.4,32.17
2.272,0.078,2778.99,592.767,0.279,0.003,62.536,44.88,114.317,0.568,0.391,0.044,0.133,0.568,0.02,0.055,-2.147e-4,0,0.011,1.065,1.054,-4.594e-4,996.84,0.001,339.838,0.316,6.4,32.17
2.278,0.11,2778.589,592.365,0.279,0.003,62.525,44.876,114.071,0.568,0.391,0.045,0.133,0.569,0.027,0.076,-2.818e-4,0,0.011,1.065,1.054,-4.364e-4,996.768,0.001,339.835,0.317,6.4,32.17
2.284,0.14,2778.186,591.963,0.279,0.003,62.514,44.871,113.823,0.569,0.391,0.045,0.133,0.569,0.035,0.097,-1.597e-4,0,0.011,1.065,1.055,-4.071e-4,996.695,0.001,339.833,0.317,6.4,32.17
2.29,0.168,2777.783,591.559,0.279,0.003,62.504,44.866,113.575,0.569,0.391,0.045,0.133,0.569,0.042,0.116,4.28e-4,0,0.011,1.065,1.055,-3.733e-4,996.622,0.001,339.83,0.318,6.4,32.17
2.295,0.194,2777.377,591.154,0.278,0.003,62.495,44.861,113.326,0.569,0.391,0.045,0.133,0.569,0.049,0.134,-3.838e-4,0,0.011,1.065,1.055,-3.362e-4,996.548,0.001,339.828,0.318,6.4,32.17
2.301,0.219,2776.971,590.747,0.278,0.003,62.486,44.856,113.076,0.569,0.391,0.045,0.133,0.569,0.055,0.151,-1.149e-4,0,0.011,1.065,1.055,-2.968e-4,996.474,0.001,339.825,0.319,6.4,32.17
2.307,0.244,2776.563,590.339,0.278,0.003,62.477,44.851,112.825,0.569,0.391,0.045,0.133,0.569,0.061,0.169,3.493e-4,0,0.011,1.066,1.055,-2.547e-4,996.4,0.001,339.823,0.319,6.4,32.17
2.313,0.266,2776.153,589.929,0.278,0.003,62.469,44.846,112.573,0.569,0.391,0.045,0.133,0.569,0.067,0.183,-3.043e-4,0,0.01,1.066,1.055,-2.125e-4,996.326,0.001,339.82,0.319,6.4,32.17
2.319,0.285,2775.741,589.518,0.278,0.003,62.463,44.841,112.321,0.569,0.391,0.045,0.133,0.569,0.071,0.197,-1.304e-4,0,0.01,1.066,1.055,-1.713e-4,996.25,0.001,339.818,0.32,6.4,32.17
2.325,0.302,2775.328,589.105,0.278,0.003,62.457,44.836,112.067,0.569,0.391,0.045,0.133,0.57,0.076,0.209,-1.456e-4,0,0.01,1.066,1.055,-1.325e-4,996.175,0.001,339.815,0.32,6.4,32.17
2.331,0.315,2774.913,588.69,0.278,0.003,62.452,44.831,111.812,0.57,0.391,0.045,0.133,0.57,0.079,0.218,1.449e-4,0,0.01,1.066,1.055,-9.719e-5,996.099,0.001,339.813,0.321,6.4,32.17
2.337,0.326,2774.496,588.273,0.278,0.003,62.449,44.826,111.555,0.57,0.391,0.045,0.133,0.57,0.082,0.226,-2.404e-4,0,0.01,1.066,1.056,-6.647e-5,996.023,0.001,339.81,0.321,6.4,32.17
2.343,0.333,2774.078,587.854,0.278,0.003,62.446,44.821,111.298,0.57,0.391,0.046,0.133,0.57,0.084,0.231,-1.082e-4,0,0.01,1.066,1.056,-4.104e-5,995.946,0.001,339.808,0.322,6.4,32.17
2.349,0.338,2773.658,587.434,0.278,0.003,62.445,44.816,111.04,0.57,0.391,0.046,0.133,0.57,0.085,0.233,-4.551e-4,0,0.01,1.066,1.056,-2.151e-5,995.869,0.001,339.805,0.322,6.4,32.17
2.355,0.339,2773.235,587.012,0.278,0.003,62.445,44.811,110.78,0.57,0.391,0.046,0.134,0.57,0.085,0.234,-2.478e-4,0,0.01,1.066,1.056,-8.638e-6,995.791,0.001,339.803,0.323,6.4,32.17
2.358,0.338,2773.025,586.801,0.278,0.003,62.445,44.809,110.651,0.57,0.391,0.046,0.134,0.57,0.085,0.235,2.264e-4,0,0.01,1.066,1.056,-4.445e-6,995.752,0.001,339.801,0.323,6.4,32.17
2.363,0.337,2772.788,586.565,0.278,0.003,62.446,44.806,110.49,0.57,0.391,0.046,0.134,0.57,0.085,0.233,-4.626e-4,0,0.01,1.066,1.056,-7.676e-7,995.694,0.001,339.799,0.323,6.4,32.17
2.369,0.332,2772.47,586.246,0.278,0.003,62.448,44.802,110.273,0.57,0.391,0.046,0.134,0.57,0.083,0.23,1.672e-4,0,0.01,1.066,1.056,5.605e-7,995.615,0.001,339.797,0.324,6.4,32.17
2.375,0.326,2772.15,585.927,0.278,0.003,62.451,44.798,110.054,0.57,0.391,0.046,0.134,0.571,0.082,0.226,3.732e-5,0,0.01,1.066,1.056,5.434e-6,995.536,0.001,339.794,0.324,6.4,32.17
2.381,0.317,2771.829,585.605,0.278,0.003,62.454,44.794,109.835,0.571,0.391,0.046,0.134,0.571,0.08,0.22,3.581e-4,0,0.01,1.066,1.056,1.49e-5,995.457,0.001,339.791,0.325,6.4,32.17
2.387,0.307,2771.506,585.283,0.278,0.003,62.459,44.79,109.615,0.571,0.391,0.046,0.134,0.571,0.077,0.213,-1.03e-4,0,0.01,1.066,1.057,2.842e-5,995.377,0.001,339.789,0.325,6.4,32.17
2.393,0.295,2771.182,584.959,0.278,0.003,62.464,44.786,109.394,0.571,0.391,0.046,0.134,0.571,0.074,0.205,1.388e-5,0,0.01,1.066,1.057,4.532e-5,995.296,0.001,339.786,0.326,6.4,32.17
2.4,0.281,2770.857,584.633,0.278,0.003,62.469,44.783,109.172,0.571,0.391,0.046,0.134,0.571,0.07,0.195,5.952e-5,0,0.009,1.066,1.057,6.486e-5,995.215,0.001,339.783,0.326,6.4,32.17
2.406,0.258,2770.53,584.307,0.278,0.003,62.478,44.779,108.949,0.571,0.391,0.047,0.134,0.571,0.065,0.179,-1.256e-5,0,0.009,1.066,1.057,9.257e-5,995.134,0.001,339.78,0.326,6.4,32.17
2.412,0.232,2770.201,583.978,0.278,0.003,62.488,44.775,108.725,0.571,0.391,0.047,0.134,0.571,0.058,0.161,2.745e-4,0,0.009,1.066,1.057,1.212e-4,995.052,0.001,339.778,0.327,6.4,32.17
2.419,0.203,2769.871,583.648,0.278,0.003,62.5,44.771,108.5,0.571,0.391,0.047,0.134,0.571,0.051,0.141,4.991e-4,0,0.009,1.066,1.057,1.473e-4,994.97,0.001,339.775,0.327,6.4,32.17
2.425,0.172,2769.539,583.316,0.278,0.003,62.512,44.767,108.273,0.571,0.391,0.047,0.134,0.571,0.043,0.119,1.741e-4,0,0.009,1.066,1.057,1.669e-4,994.887,0.001,339.772,0.328,6.4,32.17
2.431,0.14,2769.205,582.982,0.278,0.003,62.526,44.763,108.046,0.571,0.391,0.047,0.134,0.572,0.035,0.097,-3.172e-4,0,0.009,1.067,1.057,1.737e-4,994.803,0.001,339.769,0.328,6.4,32.17
2.438,0.109,2768.87,582.647,0.277,0.003,62.539,44.759,107.817,0.572,0.391,0.047,0.134,0.572,0.027,0.076,4.146e-4,0,0.009,1.067,1.058,1.56e-4,994.719,0.001,339.767,0.329,6.4,32.17
2.444,0.082,2768.533,582.309,0.277,0.003,62.552,44.754,107.587,0.572,0.391,0.047,0.134,0.572,0.02,0.056,4.489e-4,0,0.009,1.067,1.058,9.452e-5,994.634,0.001,339.764,0.329,6.4,32.17
2.451,0.066,2768.194,581.971,0.277,0.003,62.556,44.75,107.356,0.572,0.391,0.047,0.134,0.572,0.017,0.046,3.847e-4,0,0.009,1.067,1.058,8.056e-6,994.549,0.001,339.761,0.33,6.4,32.17
2.457,0.071,2767.854,581.63,0.277,0.003,62.545,44.746,107.124,0.572,0.391,0.047,0.134,0.572,0.018,0.049,1.63e-4,0,0.009,1.067,1.058,-3.751e-5,994.464,0.001,339.758,0.33,6.4,32.17
2.464,0.093,2767.511,581.288,0.277,0.003,62.532,44.742,106.89,0.572,0.391,0.047,0.134,0.572,0.023,0.065,-1.952e-5,0,0.009,1.067,1.058,-1.201e-4,994.377,0.001,339.755,0.331,6.4,32.17
2.471,0.122,2767.167,580.944,0.277,0.003,62.519,44.738,106.656,0.572,0.391,0.047,0.134,0.572,0.031,0.085,-3.586e-4,0,0.009,1.067,1.058,-1.562e-4,994.291,0.001,339.752,0.331,6.4,32.17
2.477,0.153,2766.822,580.599,0.277,0.003,62.507,44.734,106.42,0.572,0.391,0.048,0.134,0.572,0.038,0.106,-5.391e-5,0,0.009,1.067,1.058,-1.581e-4,994.203,0.001,339.749,0.332,6.4,32.17
2.484,0.182,2766.475,580.251,0.277,0.003,62.496,44.73,106.183,0.572,0.39,0.048,0.134,0.573,0.046,0.126,-3.719e-5,0,0.009,1.067,1.058,-1.425e-4,994.115,0.001,339.746,0.332,6.4,32.17
2.491,0.209,2766.126,579.902,0.277,0.003,62.486,44.725,105.945,0.573,0.39,0.048,0.134,0.573,0.052,0.146,2.815e-4,0,0.008,1.067,1.058,-1.181e-4,994.027,0.001,339.743,0.332,6.4,32.17
2.497,0.233,2765.775,579.552,0.277,0.003,62.477,44.721,105.706,0.573,0.39,0.048,0.134,0.573,0.058,0.162,-4.034e-4,0,0.008,1.067,1.059,-9.005e-5,993.938,0.001,339.74,0.333,6.4,32.17
2.504,0.251,2765.423,579.199,0.277,0.003,62.471,44.717,105.466,0.573,0.39,0.048,0.134,0.573,0.063,0.174,2.164e-4,0,0.008,1.067,1.059,-6.255e-5,993.848,0.001,339.737,0.333,6.4,32.17
2.511,0.264,2765.069,578.845,0.277,0.003,62.467,44.713,105.224,0.573,0.39,0.048,0.134,0.573,0.066,0.183,3.475e-4,0,0.008,1.067,1.059,-3.852e-5,993.758,0.001,339.734,0.334,6.4,32.17
2.518,0.272,2764.713,578.49,0.277,0.003,62.465,44.708,104.981,0.573,0.39,0.048,0.135,0.573,0.068,0.189,2.505e-4,0,0.008,1.067,1.059,-1.955e-5,993.667,0.001,339.731,0.334,6.4,32.17
2.525,0.275,2764.356,578.132,0.277,0.003,62.465,44.704,104.738,0.573,0.39,0.048,0.135,0.573,0.069,0.192,-3.836e-4,0,0.008,1.067,1.059,-6.753e-6,993.576,0.001,339.728,0.335,6.4,32.17
2.531,0.274,2763.997,577.773,0.277,0.003,62.466,44.7,104.493,0.573,0.39,0.048,0.135,0.573,0.069,0.191,-2.4e-4,0,0.008,1.067,1.059,-6.075e-7,993.484,0.001,339.725,0.335,6.4,32.17
2.538,0.269,2763.636,577.413,0.277,0.003,62.469,44.695,104.247,0.573,0.39,0.048,0.135,0.574,0.067,0.187,4.781e-4,0,0.008,1.067,1.059,9.833e-7,993.392,0.001,339.722,0.336,6.4,32.17
2.545,0.259,2763.273,577.05,0.277,0.003,62.474,44.691,104,0.574,0.39,0.049,0.135,0.574,0.065,0.181,-3.288e-4,0,0.008,1.067,1.059,7.128e-6,993.299,0.001,339.719,0.336,6.4,32.17
2.552,0.246,2762.909,576.686,0.277,0.003,62.481,44.686,103.751,0.574,0.39,0.049,0.135,0.574,0.062,0.171,7.483e-5,0,0.008,1.067,1.06,1.799e-5,993.206,0.001,339.716,0.337,6.4,32.17
2.559,0.229,2762.543,576.32,0.277,0.003,62.488,44.682,103.502,0.574,0.39,0.049,0.135,0.574,0.057,0.16,-3.004e-4,0,0.008,1.067,1.06,3.263e-5,993.112,0.001,339.713,0.337,6.4,32.17
2.566,0.208,2762.175,575.952,0.277,0.003,62.497,44.677,103.251,0.574,0.39,0.049,0.135,0.574,0.052,0.146,-1.734e-4,0,0.008,1.068,1.06,4.815e-5,993.017,0.001,339.709,0.338,6.4,32.17
2.574,0.185,2761.805,575.582,0.277,0.003,62.507,44.673,102.998,0.574,0.39,0.049,0.135,0.574,0.046,0.129,-3.438e-4,0,0.008,1.068,1.06,6.125e-5,992.922,0.001,339.706,0.338,6.4,32.17
2.581,0.16,2761.434,575.21,0.277,0.003,62.517,44.668,102.745,0.574,0.39,0.049,0.135,0.574,0.04,0.111,-4.208e-5,0,0.008,1.068,1.06,6.762e-5,992.826,0.001,339.703,0.339,6.4,32.17
2.588,0.136,2761.06,574.837,0.277,0.003,62.525,44.664,102.49,0.574,0.39,0.049,0.135,0.574,0.034,0.095,3.193e-4,0,0.008,1.068,1.06,6.197e-5,992.729,0.001,339.7,0.339,6.4,32.17
2.595,0.114,2760.684,574.461,0.277,0.003,62.532,44.659,102.233,0.574,0.39,0.049,0.135,0.574,0.029,0.079,-1.593e-4,0,0.008,1.068,1.06,4.02e-5,992.632,0.001,339.696,0.339,6.4,32.17
2.602,0.1,2760.306,574.083,0.276,0.003,62.536,44.655,101.976,0.575,0.39,0.049,0.135,0.575,0.025,0.069,3.741e-4,0,0.007,1.068,1.06,9.894e-6,992.534,0.001,339.693,0.34,6.4,32.17
2.61,0.098,2759.926,573.703,0.276,0.003,62.537,44.65,101.717,0.575,0.39,0.049,0.135,0.575,0.025,0.068,-3.462e-4,0,0.007,1.068,1.06,-1.278e-6,992.435,0.001,339.69,0.34,6.4,32.17
2.617,0.108,2759.545,573.321,0.276,0.003,62.535,44.646,101.456,0.575,0.39,0.049,0.135,0.575,0.027,0.076,-8.32e-5,0,0.007,1.068,1.061,-2.205e-5,992.336,0.001,339.687,0.341,6.4,32.17
2.624,0.126,2759.161,572.938,0.276,0.003,62.531,44.641,101.195,0.575,0.39,0.05,0.135,0.575,0.031,0.088,-1.41e-4,0,0.007,1.068,1.061,-4.476e-5,992.236,0.001,339.683,0.341,6.4,32.17
2.632,0.146,2758.775,572.552,0.276,0.003,62.525,44.636,100.931,0.575,0.39,0.05,0.135,0.575,0.037,0.103,2.717e-5,0,0.007,1.068,1.061,-5.444e-5,992.136,0.001,339.68,0.342,6.4,32.17
2.639,0.167,2758.388,572.164,0.276,0.003,62.519,44.631,100.667,0.575,0.39,0.05,0.135,0.575,0.042,0.117,-7.146e-6,0,0.007,1.068,1.061,-5.207e-5,992.035,0.001,339.676,0.342,6.4,32.17
2.647,0.186,2757.998,571.774,0.276,0.003,62.512,44.627,100.401,0.575,0.39,0.05,0.135,0.575,0.047,0.13,-9.412e-5,0,0.007,1.068,1.061,-4.234e-5,991.933,0.001,339.673,0.343,6.4,32.17
2.654,0.2,2757.606,571.382,0.276,0.003,62.506,44.622,100.133,0.575,0.39,0.05,0.135,0.576,0.05,0.14,2.759e-4,0,0.007,1.068,1.061,-2.735e-5,991.83,0.001,339.67,0.343,6.4,32.17
2.662,0.207,2757.212,570.988,0.276,0.003,62.503,44.617,99.865,0.576,0.39,0.05,0.135,0.576,0.052,0.145,7.91e-5,0,0.007,1.068,1.061,-1.333e-5,991.727,0.001,339.666,0.344,6.4,32.17
2.669,0.209,2756.816,570.592,0.276,0.003,62.502,44.612,99.595,0.576,0.39,0.05,0.135,0.576,0.052,0.146,-4.625e-4,0,0.007,1.068,1.061,-4.24e-6,991.623,0.001,339.663,0.344,6.4,32.17
2.677,0.205,2756.418,570.194,0.276,0.003,62.503,44.607,99.323,0.576,0.39,0.05,0.135,0.576,0.051,0.144,1.692e-4,0,0.007,1.068,1.061,-3.004e-7,991.519,0.001,339.659,0.345,6.4,32.17
2.685,0.195,2756.018,569.795,0.276,0.003,62.507,44.603,99.051,0.576,0.39,0.05,0.135,0.576,0.049,0.137,-4.295e-5,0,0.007,1.068,1.061,5.977e-7,991.413,0.001,339.656,0.345,6.4,32.17
2.692,0.182,2755.616,569.393,0.276,0.003,62.513,44.598,98.776,0.576,0.39,0.05,0.136,0.576,0.046,0.127,-2.678e-4,0,0.007,1.068,1.062,3.173e-6,991.308,0.001,339.652,0.346,6.4,32.17
2.7,0.165,2755.212,568.989,0.276,0.003,62.52,44.593,98.501,0.576,0.39,0.051,0.136,0.576,0.041,0.116,1.224e-4,0,0.007,1.068,1.062,5.365e-6,991.201,0.001,339.648,0.346,6.4,32.17
2.708,0.144,2754.806,568.582,0.276,0.003,62.53,44.588,98.224,0.576,0.39,0.051,0.136,0.576,0.036,0.101,-3.392e-4,0,0.007,1.069,1.062,4.235e-6,991.094,0.001,339.645,0.347,6.4,32.17
2.716,0.126,2754.397,568.174,0.276,0.003,62.541,44.583,97.945,0.577,0.39,0.051,0.136,0.577,0.032,0.089,-9.624e-5,0,0.007,1.069,1.062,3.623e-7,990.986,0.001,339.641,0.347,6.4,32.17
2.724,0.118,2753.987,567.763,0.276,0.003,62.549,44.578,97.665,0.577,0.39,0.051,0.136,0.577,0.03,0.083,-3.449e-4,0,0.007,1.069,1.062,-4.095e-6,990.877,0.001,339.637,0.347,6.4,32.17
2.732,0.123,2753.574,567.351,0.276,0.003,62.551,44.573,97.383,0.577,0.39,0.051,0.136,0.577,0.031,0.087,-3.554e-4,0,0.007,1.069,1.062,-2.311e-5,990.767,0.001,339.634,0.348,6.4,32.17
2.74,0.141,2753.159,566.936,0.276,0.003,62.546,44.568,97.1,0.577,0.39,0.051,0.136,0.577,0.035,0.1,2.584e-4,0,0.006,1.069,1.062,-4.25e-5,990.657,0.001,339.63,0.348,6.4,32.17
2.748,0.166,2752.742,566.518,0.276,0.003,62.537,44.563,96.816,0.577,0.39,0.051,0.136,0.577,0.042,0.117,1.686e-4,0,0.006,1.069,1.062,-4.806e-5,990.546,0.001,339.626,0.349,6.4,32.17
2.756,0.183,2752.322,566.098,0.276,0.003,62.531,44.557,96.529,0.577,0.39,0.051,0.136,0.577,0.046,0.129,-3.972e-5,0,0.006,1.069,1.062,-3.446e-5,990.435,0.001,339.623,0.349,6.4,32.17
2.764,0.19,2751.898,565.675,0.275,0.003,62.529,44.552,96.24,0.577,0.39,0.051,0.136,0.577,0.048,0.134,1.033e-4,0,0.006,1.069,1.063,-1.969e-5,990.322,0.001,339.619,0.35,6.4,32.17
2.772,0.192,2751.471,565.247,0.275,0.003,62.528,44.547,95.949,0.577,0.39,0.051,0.136,0.578,0.048,0.136,-1.34e-4,0,0.006,1.069,1.063,-9.128e-6,990.207,0.001,339.615,0.35,6.4,32.17
2.78,0.19,2751.039,564.816,0.275,0.003,62.529,44.542,95.655,0.578,0.39,0.052,0.136,0.578,0.048,0.134,1.998e-5,0,0.006,1.069,1.063,-2.906e-6,990.092,0.001,339.611,0.351,6.4,32.17
2.789,0.183,2750.604,564.381,0.275,0.003,62.532,44.536,95.358,0.578,0.39,0.052,0.136,0.578,0.046,0.129,4.317e-4,0,0.006,1.069,1.063,-3.285e-7,989.976,0.001,339.607,0.351,6.4,32.17
2.797,0.174,2750.165,563.942,0.275,0.003,62.536,44.531,95.058,0.578,0.39,0.052,0.136,0.578,0.044,0.123,-1.099e-4,0,0.006,1.069,1.063,8.8e-8,989.858,0.001,339.603,0.352,6.4,32.17
2.806,0.175,2749.723,563.5,0.275,0.003,62.537,44.526,94.757,0.578,0.39,0.052,0.136,0.578,0.044,0.123,-2.332e-4,0,0.006,1.069,1.063,1.961e-6,989.739,0.001,339.599,0.352,6.4,32.17
2.814,0.175,2749.278,563.055,0.275,0.003,62.537,44.52,94.453,0.578,0.39,0.052,0.136,0.578,0.044,0.123,3.577e-4,0,0.006,1.069,1.063,8.49e-6,989.62,0.001,339.595,0.353,6.4,32.17
2.823,0.168,2748.831,562.608,0.275,0.003,62.539,44.515,94.148,0.578,0.39,0.052,0.136,0.578,0.042,0.119,2.18e-6,0,0.006,1.069,1.063,2.045e-5,989.5,0.001,339.591,0.353,6.4,32.17
2.831,0.155,2748.382,562.159,0.275,0.003,62.544,44.509,93.842,0.578,0.39,0.052,0.136,0.578,0.039,0.109,3.29e-4,0,0.006,1.069,1.064,3.717e-5,989.379,0.001,339.587,0.354,6.4,32.17
2.84,0.134,2747.931,561.707,0.275,0.003,62.552,44.504,93.534,0.579,0.39,0.052,0.136,0.579,0.034,0.095,2.252e-4,0,0.006,1.069,1.064,5.617e-5,989.257,0.001,339.583,0.354,6.4,32.17
2.849,0.107,2747.476,561.253,0.275,0.003,62.563,44.498,93.224,0.579,0.39,0.053,0.136,0.579,0.027,0.076,3.775e-4,0,0.006,1.069,1.064,7.213e-5,989.134,0.001,339.579,0.355,6.4,32.17
2.858,0.078,2747.019,560.796,0.275,0.003,62.577,44.493,92.912,0.579,0.39,0.053,0.136,0.579,0.02,0.055,4.81e-4,0,0.006,1.07,1.064,5.312e-5,989.01,0.001,339.575,0.355,6.4,32.17
2.866,0.059,2746.558,560.335,0.275,0.003,62.586,44.487,92.598,0.579,0.39,0.053,0.136,0.579,0.015,0.041,4.663e-4,0,0.006,1.07,1.064,5.047e-6,988.885,0.001,339.571,0.356,6.4,32.17
2.875,0.063,2746.094,559.87,0.275,0.003,62.577,44.481,92.281,0.579,0.39,0.053,0.136,0.579,0.016,0.044,3.398e-4,0,0.006,1.07,1.064,-2.787e-5,988.759,0.001,339.566,0.356,6.4,32.17
2.884,0.086,2745.625,559.401,0.275,0.003,62.562,44.475,91.961,0.579,0.39,0.053,0.137,0.579,0.022,0.061,4.863e-4,0,0.005,1.07,1.064,-7.684e-5,988.632,0.001,339.562,0.357,6.4,32.17
2.893,0.117,2745.152,558.929,0.275,0.003,62.549,44.47,91.639,0.579,0.39,0.053,0.137,0.579,0.029,0.083,-4.685e-4,0,0.005,1.07,1.064,-8.677e-5,988.503,0.001,339.558,0.357,6.4,32.17
2.903,0.147,2744.675,558.452,0.275,0.003,62.537,44.464,91.314,0.58,0.39,0.053,0.137,0.58,0.037,0.104,1.11e-4,0,0.005,1.07,1.064,-7.63e-5,988.374,0.001,339.553,0.357,6.4,32.17
2.912,0.175,2744.195,557.971,0.275,0.003,62.527,44.458,90.986,0.58,0.39,0.053,0.137,0.58,0.044,0.124,1.455e-4,0,0.005,1.07,1.065,-5.859e-5,988.243,0.001,339.549,0.358,6.4,32.17
2.921,0.199,2743.711,557.487,0.275,0.003,62.518,44.452,90.656,0.58,0.39,0.053,0.137,0.58,0.05,0.14,4.675e-4,0,0.005,1.07,1.065,-3.715e-5,988.11,0.001,339.545,0.358,6.4,32.17
2.931,0.217,2743.223,556.999,0.274,0.003,62.513,44.446,90.323,0.58,0.39,0.054,0.137,0.58,0.054,0.154,-1.016e-4,0,0.005,1.07,1.065,-1.759e-5,987.977,0.001,339.54,0.359,6.4,32.17
2.94,0.229,2742.731,556.507,0.274,0.003,62.51,44.44,89.987,0.58,0.39,0.054,0.137,0.58,0.057,0.162,1.243e-4,0,0.005,1.07,1.065,-4.183e-6,987.842,0.001,339.536,0.359,6.4,32.17
2.95,0.233,2742.235,556.012,0.274,0.003,62.51,44.434,89.649,0.58,0.39,0.054,0.137,0.58,0.058,0.165,-3.353e-5,0,0.005,1.07,1.065,6.566e-8,987.706,0.001,339.531,0.36,6.4,32.17
2.959,0.221,2741.735,555.511,0.274,0.003,62.517,44.428,89.308,0.58,0.39,0.054,0.137,0.581,0.055,0.157,-1.046e-4,0,0.005,1.07,1.065,7.368e-6,987.569,0.001,339.526,0.36,6.4,32.17
2.969,0.2,2741.23,555.006,0.274,0.003,62.528,44.421,88.963,0.581,0.39,0.054,0.137,0.581,0.05,0.142,-1.142e-4,0,0.005,1.07,1.065,2.457e-5,987.43,0.001,339.522,0.361,6.4,32.17
2.979,0.17,2740.719,554.496,0.274,0.003,62.541,44.415,88.615,0.581,0.39,0.054,0.137,0.581,0.043,0.121,-3.981e-5,0,0.005,1.07,1.065,4.646e-5,987.29,0.001,339.517,0.361,6.4,32.17
2.989,0.135,2740.204,553.98,0.274,0.003,62.556,44.409,88.264,0.581,0.39,0.054,0.137,0.581,0.034,0.096,1.831e-5,0,0.005,1.07,1.065,6.523e-5,987.148,0.001,339.512,0.362,6.4,32.17
2.999,0.098,2739.683,553.46,0.274,0.003,62.57,44.402,87.908,0.581,0.39,0.054,0.137,0.581,0.024,0.069,-1.992e-4,0,0.005,1.07,1.066,6.782e-5,987.004,0.001,339.507,0.362,6.4,32.17
3.009,0.072,2739.157,552.934,0.274,0.003,62.579,44.396,87.55,0.581,0.39,0.054,0.137,0.581,0.018,0.051,8.419e-5,0,0.005,1.07,1.066,5.99e-5,986.859,0.001,339.503,0.363,6.4,32.17
3.019,0.049,2738.628,552.405,0.274,0.003,62.583,44.389,87.189,0.581,0.39,0.055,0.137,0.581,0.012,0.034,4.55e-4,0,0.005,1.07,1.066,2.556e-5,986.712,0.001,339.498,0.363,6.4,32.17
3.029,0.038,2738.095,551.872,0.274,0.003,62.585,44.383,86.825,0.581,0.39,0.055,0.137,0.581,0.009,0.027,2.609e-4,0,0.005,1.071,1.066,-1.538e-5,986.565,0.001,339.493,0.364,6.4,32.17
3.039,0.056,2737.559,551.336,0.274,0.003,62.588,44.376,86.459,0.582,0.39,0.055,0.137,0.582,0.014,0.04,-4.141e-4,0,0.005,1.071,1.066,-1.083e-4,986.416,0.001,339.488,0.364,6.4,32.17
3.05,0.09,2737.018,550.795,0.274,0.003,62.579,44.369,86.091,0.582,0.39,0.055,0.137,0.582,0.022,0.064,3.483e-4,0,0.005,1.071,1.066,-1.264e-4,986.266,0.001,339.483,0.365,6.4,32.17
3.06,0.134,2736.473,550.25,0.274,0.003,62.56,44.363,85.719,0.582,0.39,0.055,0.137,0.582,0.034,0.095,-1.321e-4,0,0.004,1.071,1.066,-9.707e-5,986.114,0.001,339.478,0.365,6.4,32.17
3.071,0.17,2735.92,549.697,0.274,0.003,62.544,44.356,85.342,0.582,0.39,0.055,0.137,0.582,0.043,0.121,-4.993e-4,0,0.004,1.071,1.066,-6.167e-5,985.96,0.001,339.472,0.366,6.4,32.17
3.082,0.196,2735.36,549.137,0.274,0.003,62.532,44.349,84.96,0.582,0.39,0.055,0.137,0.582,0.049,0.139,1.891e-4,0,0.004,1.071,1.066,-2.94e-5,985.804,0.001,339.467,0.366,6.4,32.17
3.092,0.209,2734.793,548.57,0.273,0.003,62.525,44.342,84.573,0.582,0.39,0.055,0.137,0.582,0.052,0.149,2.458e-5,0,0.004,1.071,1.067,-7.37e-6,985.646,0.001,339.462,0.367,6.4,32.17
3.103,0.211,2734.219,547.996,0.273,0.003,62.523,44.335,84.182,0.583,0.39,0.055,0.138,0.583,0.053,0.151,1.705e-4,0,0.004,1.071,1.067,0,985.485,0.001,339.456,0.367,6.4,32.17
3.115,0.204,2733.639,547.416,0.273,0.003,62.525,44.328,83.786,0.583,0.39,0.056,0.138,0.583,0.051,0.146,-2.565e-4,0,0.004,1.071,1.067,4.916e-6,985.323,0.001,339.451,0.368,6.4,32.17
3.126,0.19,2733.053,546.83,0.273,0.003,62.53,44.32,83.386,0.583,0.389,0.056,0.138,0.583,0.048,0.136,-4.996e-4,0,0.004,1.071,1.067,1.923e-5,985.158,0.001,339.445,0.368,6.4,32.17
3.137,0.168,2732.462,546.238,0.273,0.003,62.538,44.313,82.983,0.583,0.389,0.056,0.138,0.583,0.042,0.12,4.287e-4,0,0.004,1.071,1.067,4.002e-5,984.993,0.001,339.44,0.369,6.4,32.17
3.149,0.14,2731.864,545.641,0.273,0.003,62.55,44.306,82.575,0.583,0.389,0.056,0.138,0.583,0.035,0.1,-4.128e-4,0,0.004,1.071,1.067,6.228e-5,984.825,0.001,339.434,0.369,6.4,32.17
3.16,0.096,2731.26,545.037,0.273,0.003,62.568,44.298,82.163,0.583,0.389,0.056,0.138,0.583,0.024,0.069,-2.033e-4,0,0.004,1.071,1.067,7.597e-5,984.655,0.001,339.429,0.37,6.4,32.17
3.172,0.055,2730.647,544.424,0.273,0.003,62.589,44.29,81.745,0.583,0.389,0.056,0.138,0.583,0.014,0.039,2.62e-5,0,0.004,1.071,1.067,3.747e-5,984.482,0.001,339.423,0.37,6.4,32.17
3.184,0.051,2730.026,543.802,0.273,0.003,62.605,44.283,81.321,0.584,0.389,0.056,0.138,0.584,0.013,0.037,-4.27e-4,0,0.004,1.071,1.068,-2.434e-5,984.307,0.001,339.417,0.37,6.4,32.17
3.196,0.09,2729.395,543.172,0.273,0.003,62.588,44.275,80.891,0.584,0.389,0.056,0.138,0.584,0.022,0.065,3.851e-4,0,0.004,1.071,1.068,-6.945e-5,984.128,0.001,339.411,0.371,6.4,32.17
3.208,0.123,2728.756,542.532,0.273,0.003,62.575,44.267,80.455,0.584,0.389,0.057,0.138,0.584,0.031,0.088,1.222e-4,0,0.004,1.071,1.068,-5.871e-5,983.948,0.001,339.405,0.371,6.4,32.17
3.221,0.145,2728.109,541.885,0.273,0.003,62.567,44.259,80.013,0.584,0.389,0.057,0.138,0.584,0.036,0.104,-1.957e-4,0,0.004,1.072,1.068,-3.934e-5,983.764,0.001,339.399,0.372,6.4,32.17
3.233,0.161,2727.455,541.232,0.273,0.003,62.562,44.251,79.567,0.584,0.389,0.057,0.138,0.584,0.04,0.115,1.445e-4,0,0.004,1.072,1.068,-2.112e-5,983.579,0.001,339.392,0.372,6.4,32.17
3.246,0.169,2726.793,540.57,0.272,0.003,62.56,44.243,79.116,0.584,0.389,0.057,0.138,0.584,0.042,0.121,-8.579e-5,0,0.004,1.072,1.068,-7.81e-6,983.391,0.001,339.386,0.373,6.4,32.17
3.259,0.171,2726.123,539.9,0.272,0.003,62.56,44.234,78.659,0.584,0.389,0.057,0.138,0.585,0.043,0.123,-6.138e-5,0,0.003,1.072,1.068,-3.936e-7,983.201,0.001,339.38,0.373,6.4,32.17
3.272,0.163,2725.442,539.219,0.272,0.003,62.564,44.226,78.195,0.585,0.389,0.057,0.138,0.585,0.041,0.118,-4.309e-4,0,0.003,1.072,1.068,2.615e-6,983.007,0.001,339.373,0.374,6.4,32.17
3.285,0.144,2724.75,538.527,0.272,0.003,62.572,44.217,77.722,0.585,0.389,0.057,0.138,0.585,0.036,0.104,-2.684e-4,0,0.003,1.072,1.068,1.237e-5,982.81,0.001,339.367,0.374,6.4,32.17
3.299,0.118,2724.046,537.823,0.272,0.003,62.583,44.208,77.242,0.585,0.389,0.057,0.138,0.585,0.029,0.085,-1.029e-4,0,0.003,1.072,1.069,2.195e-5,982.609,0.001,339.36,0.375,6.4,32.17
3.313,0.084,2723.33,537.107,0.272,0.003,62.596,44.199,76.754,0.585,0.389,0.057,0.138,0.585,0.021,0.061,-4.261e-4,0,0.003,1.072,1.069,1.979e-5,982.404,0.001,339.353,0.375,6.4,32.17
3.321,0.069,2722.898,536.674,0.272,0.003,62.6,44.194,76.459,0.585,0.389,0.058,0.138,0.585,0.017,0.049,1.667e-4,0,0.003,1.072,1.069,6.615e-6,982.28,0.001,339.349,0.376,6.4,32.17
3.333,0.067,2722.44,536.217,0.272,0.003,62.591,44.188,76.123,0.585,0.389,0.058,0.138,0.585,0.017,0.048,3.024e-4,0,0.003,1.072,1.069,-6.34e-6,982.095,0.001,339.343,0.376,6.4,32.17
3.348,0.093,2721.911,535.688,0.272,0.003,62.576,44.182,75.734,0.585,0.389,0.058,0.138,0.585,0.023,0.067,-3.057e-5,0,0.003,1.072,1.069,-2.761e-5,981.88,0.001,339.335,0.377,6.4,32.17
3.363,0.121,2721.373,535.15,0.272,0.003,62.566,44.175,75.339,0.586,0.389,0.058,0.138,0.586,0.03,0.088,6.809e-5,0,0.003,1.072,1.069,-1.926e-5,981.661,0.001,339.328,0.377,6.4,32.17
3.377,0.137,2720.828,534.605,0.272,0.003,62.56,44.168,74.938,0.586,0.389,0.058,0.139,0.586,0.034,0.099,2.196e-4,0,0.003,1.072,1.069,-6.678e-6,981.439,0.001,339.321,0.378,6.4,32.17
3.392,0.139,2720.275,534.051,0.272,0.003,62.561,44.161,74.531,0.586,0.389,0.058,0.139,0.586,0.035,0.1,-6.814e-5,0,0.003,1.072,1.069,-3.383e-7,981.213,0.001,339.313,0.378,6.4,32.17
3.408,0.124,2719.713,533.49,0.272,0.003,62.567,44.154,74.118,0.586,0.389,0.058,0.139,0.586,0.031,0.089,4.695e-4,0,0.003,1.072,1.07,8.733e-7,980.984,0.001,339.305,0.379,6.4,32.17
3.423,0.103,2719.144,532.921,0.272,0.003,62.575,44.147,73.7,0.586,0.389,0.058,0.139,0.586,0.026,0.075,2.547e-5,0,0.003,1.072,1.07,6.833e-7,980.751,0.001,339.297,0.379,6.4,32.17
3.439,0.098,2718.567,532.344,0.272,0.003,62.577,44.14,73.276,0.586,0.389,0.059,0.139,0.586,0.024,0.071,4.206e-5,0,0.003,1.072,1.07,-6.751e-7,980.515,0.001,339.289,0.38,6.4,32.17
3.455,0.112,2717.982,531.759,0.271,0.003,62.574,44.132,72.846,0.587,0.389,0.059,0.139,0.587,0.028,0.081,-2.205e-4,0,0.003,1.073,1.07,-2.712e-6,980.276,0.001,339.281,0.38,6.4,32.17
3.471,0.128,2717.388,531.165,0.271,0.003,62.569,44.125,72.409,0.587,0.389,0.059,0.139,0.587,0.032,0.093,4.788e-4,0,0.003,1.073,1.07,-5.743e-7,980.032,0.001,339.273,0.38,6.4,32.17
3.487,0.135,2716.783,530.559,0.271,0.003,62.566,44.117,71.964,0.587,0.389,0.059,0.139,0.587,0.034,0.097,-2.825e-4,0,0.003,1.073,1.07,1.224e-6,979.783,0.001,339.265,0.381,6.4,32.17
3.504,0.123,2716.166,529.943,0.271,0.003,62.571,44.11,71.511,0.587,0.389,0.059,0.139,0.587,0.031,0.089,-1.949e-4,0,0.003,1.073,1.07,9.822e-6,979.529,0.001,339.256,0.381,6.4,32.17
3.521,0.096,2715.537,529.313,0.271,0.003,62.583,44.102,71.048,0.587,0.389,0.059,0.139,0.587,0.024,0.07,3.167e-4,0,0.002,1.073,1.07,1.343e-5,979.27,0.001,339.248,0.382,6.4,32.17
3.539,0.075,2714.891,528.668,0.271,0.003,62.598,44.094,70.574,0.587,0.389,0.059,0.139,0.587,0.019,0.054,1.115e-4,0,0.002,1.073,1.07,2.798e-6,979.004,0.001,339.239,0.382,6.4,32.17
3.557,0.07,2714.231,528.007,0.271,0.003,62.609,44.085,70.088,0.587,0.389,0.059,0.139,0.588,0.017,0.051,4.35e-4,0,0.002,1.073,1.071,-4.77e-6,978.731,0.001,339.23,0.383,6.4,32.17
3.575,0.087,2713.557,527.334,0.271,0.003,62.604,44.077,69.593,0.588,0.389,0.06,0.139,0.588,0.022,0.063,-4.863e-5,0,0.002,1.073,1.071,-3.166e-5,978.453,0.001,339.22,0.383,6.4,32.17
3.594,0.129,2712.873,526.65,0.271,0.003,62.587,44.068,69.09,0.588,0.389,0.06,0.139,0.588,0.032,0.094,-1.955e-4,0,0.002,1.073,1.071,-2.69e-5,978.17,0.001,339.211,0.384,6.4,32.17
3.613,0.159,2712.177,525.953,0.271,0.003,62.577,44.059,68.578,0.588,0.389,0.06,0.139,0.588,0.04,0.115,5.501e-5,0,0.002,1.073,1.071,-5.088e-6,977.881,0.001,339.201,0.384,6.4,32.17
3.632,0.159,2711.461,525.238,0.271,0.003,62.578,44.05,68.052,0.588,0.389,0.06,0.139,0.588,0.04,0.116,9.108e-5,0,0.002,1.073,1.071,1.948e-6,977.584,0.001,339.191,0.385,6.4,32.17
3.652,0.129,2710.724,524.501,0.271,0.003,62.59,44.041,67.511,0.588,0.389,0.06,0.139,0.588,0.032,0.094,-1.397e-4,0,0.002,1.073,1.071,2.231e-5,977.278,0.001,339.181,0.385,6.4,32.17
3.673,0.072,2709.966,523.743,0.27,0.003,62.613,44.032,66.953,0.588,0.389,0.06,0.139,0.588,0.018,0.053,2.099e-5,0,0.002,1.073,1.071,3.778e-5,976.962,0.001,339.17,0.386,6.4,32.17
3.694,0.043,2709.183,522.96,0.27,0.003,62.614,44.022,66.378,0.589,0.389,0.06,0.139,0.589,0.011,0.031,3.597e-4,0,0.002,1.073,1.071,-4.969e-6,976.636,0.001,339.159,0.386,6.4,32.17
3.716,0.093,2708.375,522.152,0.27,0.003,62.587,44.012,65.784,0.589,0.389,0.06,0.139,0.589,0.023,0.068,7.328e-5,0,0.002,1.073,1.072,-2.703e-5,976.299,0.001,339.148,0.387,6.4,32.17
3.739,0.132,2707.539,521.316,0.27,0.003,62.574,44.001,65.169,0.589,0.389,0.06,0.14,0.589,0.033,0.096,-2.368e-4,0,0.002,1.073,1.072,-5.599e-6,975.95,0.001,339.136,0.387,6.4,32.17
3.763,0.131,2706.674,520.45,0.27,0.003,62.577,43.99,64.533,0.589,0.389,0.061,0.14,0.589,0.033,0.095,2.389e-4,0,0.002,1.074,1.072,6.548e-7,975.588,0.001,339.124,0.388,6.4,32.17
3.787,0.11,2705.783,519.56,0.27,0.003,62.585,43.979,63.878,0.589,0.389,0.061,0.14,0.589,0.027,0.08,4.789e-4,0,0.002,1.074,1.072,6.639e-6,975.215,0.001,339.111,0.388,6.4,32.17
3.812,0.076,2704.865,518.642,0.27,0.003,62.596,43.967,63.204,0.589,0.389,0.061,0.14,0.589,0.019,0.056,3.464e-4,0,0.002,1.074,1.072,5.453e-6,974.83,0.001,339.099,0.389,6.4,32.17
3.838,0.076,2703.907,517.684,0.27,0.003,62.602,43.955,62.5,0.59,0.389,0.061,0.14,0.59,0.019,0.056,-9.18e-5,0,0.002,1.074,1.072,-9.058e-6,974.428,0.001,339.085,0.389,6.4,32.17
3.866,0.116,2702.899,516.676,0.27,0.003,62.59,43.942,61.759,0.59,0.389,0.061,0.14,0.59,0.029,0.084,4.532e-4,0,0.001,1.074,1.072,-4.964e-6,974.005,0.001,339.071,0.39,6.4,32.17
3.894,0.118,2701.843,515.62,0.269,0.003,62.587,43.929,60.982,0.59,0.389,0.061,0.14,0.59,0.03,0.086,-4.408e-4,0,0.001,1.074,1.072,1.373e-6,973.561,0.001,339.056,0.39,6.4,32.17
3.924,0.078,2700.733,514.51,0.269,0.003,62.609,43.915,60.166,0.59,0.389,0.061,0.14,0.59,0.02,0.057,-1.952e-4,0,0.001,1.074,1.073,5.256e-7,973.093,0.001,339.04,0.391,6.4,32.17
3.956,0.104,2699.578,513.354,0.269,0.003,62.607,43.9,59.317,0.59,0.389,0.061,0.14,0.59,0.026,0.076,-2.475e-5,0,0.001,1.074,1.073,-2.707e-6,972.606,0.001,339.024,0.391,6.4,32.17
3.988,0.115,2698.388,512.165,0.269,0.003,62.603,43.885,58.443,0.59,0.389,0.062,0.14,0.59,0.029,0.084,-1.415e-4,0,0.001,1.074,1.073,1.504e-6,972.104,0.001,339.007,0.392,6.4,32.17
4.021,0.079,2697.2,510.977,0.269,0.003,62.617,43.87,57.57,0.59,0.389,0.062,0.14,0.59,0.02,0.058,-1.96e-5,0,0.001,1.074,1.073,1.147e-5,971.602,0.001,338.99,0.392,6.4,32.17
4.053,0.053,2696.013,509.79,0.269,0.003,62.618,43.855,56.697,0.591,0.389,0.062,0.14,0.591,0.013,0.039,-1.247e-4,0,9.995e-4,1.074,1.073,-1.08e-5,971.099,0.001,338.973,0.393,6.4,32.17
4.085,0.133,2694.828,508.604,0.269,0.003,62.578,43.84,55.826,0.591,0.389,0.062,0.14,0.591,0.033,0.098,-2.587e-4,0,9.51e-4,1.074,1.073,-2.84e-5,970.597,0.001,338.956,0.393,6.4,32.17
4.095,0.161,2694.47,508.247,0.269,0.003,62.568,43.835,55.563,0.591,0.389,0.062,0.14,0.591,0.04,0.118,-4.233e-4,0,9.319e-4,1.074,1.073,-1.467e-5,970.446,0.001,338.951,0.393,6.4,32.17
4.11,0.18,2694.095,507.871,0.269,0.003,62.563,43.83,55.235,0.591,0.389,0.062,0.14,0.591,0.045,0.133,1.453e-4,0,8.872e-4,1.074,1.073,-5.998e-7,970.219,0.001,338.944,0.393,6.4,32.17
4.131,0.162,2693.531,507.307,0.268,0.003,62.577,43.823,54.743,0.591,0.389,0.062,0.14,0.591,0.041,0.119,3.692e-4,0,8.207e-4,1.074,1.073,1.592e-5,969.878,0.001,338.932,0.394,6.4,32.17
4.164,0.066,2692.701,506.477,0.268,0.003,62.624,43.813,54.019,0.591,0.389,0.062,0.14,0.591,0.016,0.048,-4.737e-6,0,7.374e-4,1.074,1.074,7.51e-5,969.376,0.001,338.915,0.394,6.4,32.17
4.196,0.061,2691.871,505.648,0.268,0.003,62.626,43.802,53.295,0.591,0.389,0.062,0.14,0.591,0.015,0.045,-3.656e-4,0,6.632e-4,1.074,1.074,-7.446e-5,968.874,0.001,338.899,0.394,6.4,32.17
4.228,0.149,2691.042,504.819,0.268,0.003,62.589,43.791,52.572,0.591,0.389,0.062,0.14,0.591,0.037,0.11,-4.798e-4,0,6.288e-4,1.074,1.074,-2.793e-5,968.372,0.001,338.882,0.394,6.4,32.17
4.26,0.179,2690.214,503.99,0.268,0.003,62.568,43.781,51.849,0.591,0.389,0.062,0.14,0.591,0.045,0.132,-4.146e-4,0,5.586e-4,1.074,1.074,8.18e-7,967.87,0.001,338.865,0.395,6.4,32.17
4.292,0.1,2689.386,503.162,0.268,0.003,62.593,43.77,51.127,0.591,0.389,0.062,0.14,0.591,0.025,0.074,-2.97e-4,0,4.636e-4,1.074,1.074,4.616e-5,967.367,0.001,338.848,0.395,6.4,32.17
4.325,0.04,2688.558,502.334,0.268,0.003,62.617,43.76,50.404,0.591,0.389,0.062,0.14,0.591,0.01,0.03,1.905e-4,0,3.821e-4,1.074,1.074,-5.641e-5,966.865,0.001,338.831,0.395,6.4,32.17
4.357,0.145,2687.73,501.507,0.268,0.003,62.589,43.749,49.682,0.591,0.389,0.062,0.14,0.591,0.036,0.107,-7.565e-5,0,3.114e-4,1.075,1.074,-1.61e-5,966.363,0.001,338.814,0.395,6.4,32.17
4.389,0.16,2686.903,500.68,0.268,0.003,62.589,43.738,48.961,0.591,0.389,0.062,0.14,0.591,0.04,0.118,-3.376e-4,0,2.472e-4,1.075,1.074,8.55e-6,965.861,0.001,338.797,0.395,6.4,32.17
4.421,0.067,2686.076,499.853,0.268,0.003,62.616,43.728,48.239,0.591,0.389,0.062,0.14,0.591,0.017,0.049,4.226e-4,0,2.09e-4,1.075,1.074,5.837e-5,965.359,0.001,338.78,0.395,6.4,32.17
4.453,0.056,2685.25,499.026,0.267,0.003,62.614,43.717,47.518,0.591,0.389,0.063,0.14,0.592,0.014,0.042,1.408e-5,0,1.608e-4,1.075,1.074,-5.487e-5,964.857,0.001,338.764,0.395,6.4,32.17
4.485,0.144,2684.423,498.2,0.267,0.003,62.576,43.707,46.797,0.592,0.389,0.063,0.14,0.592,0.036,0.107,7.058e-5,0,7.746e-5,1.075,1.074,-1.287e-5,964.356,0.001,338.747,0.395,6.4,32.17
4.517,0.141,2683.596,497.373,0.267,0.003,62.584,43.696,46.076,0.592,0.389,0.063,0.14,0.592,0.035,0.104,1.813e-4,0,3.239e-5,1.075,1.075,8.714e-6,963.854,0.001,338.73,0.395,6.4,32.17
4.549,0.037,2682.77,496.547,0.267,0.003,62.637,43.685,45.354,0.592,0.389,0.063,0.14,0.592,0.009,0.027,-3.112e-5,0,-1.057e-5,1.075,1.075,5.189e-5,963.352,0.001,338.713,0.395,6.4,32.17
4.581,0.085,2681.943,495.72,0.267,0.003,62.618,43.675,44.633,0.592,0.389,0.063,0.14,0.592,0.021,0.063,2.113e-4,0,-7.079e-5,1.075,1.075,-4.008e-5,962.85,0.001,338.696,0.395,6.4,32.17
4.613,0.156,2681.117,494.893,0.267,0.003,62.58,43.664,43.912,0.592,0.389,0.063,0.14,0.592,0.039,0.116,3.55e-4,0,-1.299e-4,1.075,1.075,-1.194e-6,962.348,0.001,338.679,0.395,6.4,32.17
4.645,0.137,2680.29,494.067,0.267,0.003,62.579,43.653,43.191,0.591,0.389,0.062,0.14,0.592,0.034,0.101,1.789e-5,0,-1.887e-4,1.075,1.075,2.916e-5,961.847,0.001,338.662,0.395,6.4,32.17
4.678,0.042,2679.463,493.24,0.267,0.003,62.633,43.643,42.47,0.591,0.389,0.062,0.14,0.591,0.011,0.032,3.291e-4,0,-2.653e-4,1.075,1.075,3.171e-5,961.345,0.001,338.646,0.395,6.4,32.17
4.71,0.093,2678.637,492.413,0.267,0.003,62.602,43.632,41.748,0.591,0.389,0.062,0.14,0.591,0.023,0.069,2.033e-4,0,-3.45e-4,1.075,1.075,-5.153e-5,960.844,0.001,338.629,0.395,6.4,32.17
4.742,0.132,2677.809,491.586,0.267,0.003,62.599,43.621,41.027,0.591,0.389,0.062,0.14,0.591,0.033,0.099,-1.03e-4,0,-4.303e-4,1.074,1.075,-3.854e-6,960.342,0.001,338.612,0.395,6.4,32.17
4.774,0.136,2676.982,490.759,0.266,0.003,62.597,43.611,40.305,0.591,0.389,0.062,0.14,0.591,0.034,0.101,4.456e-4,0,-4.512e-4,1.074,1.075,1.024e-5,959.841,0.001,338.595,0.395,6.4,32.17
4.806,0.085,2676.154,489.931,0.266,0.003,62.606,43.6,39.583,0.591,0.389,0.062,0.14,0.591,0.021,0.063,-1.723e-4,0,-4.903e-4,1.074,1.075,5.959e-5,959.339,0.001,338.578,0.395,6.4,32.17
4.838,0.043,2675.326,489.103,0.266,0.003,62.631,43.589,38.86,0.591,0.389,0.062,0.14,0.591,0.011,0.031,-4.619e-5,0,-5.571e-4,1.074,1.075,-4.652e-5,958.838,0.001,338.561,0.394,6.4,32.17
4.87,0.137,2674.498,488.274,0.266,0.003,62.578,43.579,38.137,0.591,0.389,0.062,0.14,0.591,0.034,0.102,-1.705e-4,0,-6.2e-4,1.074,1.075,-3.495e-5,958.337,0.001,338.545,0.394,6.4,32.17
4.902,0.176,2673.669,487.446,0.266,0.003,62.565,43.568,37.414,0.591,0.389,0.062,0.14,0.591,0.044,0.131,4.879e-4,0,-6.817e-4,1.074,1.075,-5.152e-9,957.836,0.001,338.528,0.394,6.4,32.17
4.919,0.166,2673.242,487.019,0.266,0.003,62.573,43.562,37.042,0.591,0.389,0.062,0.14,0.591,0.042,0.123,-4.59e-4,0,-7.106e-4,1.074,1.075,1.034e-5,957.578,0.001,338.519,0.394,6.4,32.17
4.944,0.115,2672.839,486.616,0.266,0.003,62.602,43.557,36.662,0.591,0.389,0.062,0.14,0.591,0.029,0.085,4.466e-4,0,-7.512e-4,1.074,1.075,5.043e-5,957.192,0.001,338.506,0.393,6.4,32.17
4.976,0.033,2672.315,486.092,0.266,0.003,62.621,43.55,36.17,0.591,0.389,0.062,0.14,0.591,0.008,0.024,-1.61e-4,0,-8.224e-4,1.074,1.075,-2.731e-5,956.691,0.001,338.489,0.393,6.4,32.17
5.008,0.128,2671.791,485.568,0.266,0.003,62.598,43.543,35.677,0.591,0.389,0.062,0.14,0.591,0.032,0.096,-4.794e-4,0,-8.727e-4,1.074,1.075,-3.332e-5,956.191,0.001,338.473,0.393,6.4,32.17
5.041,0.152,2671.267,485.044,0.266,0.003,62.579,43.537,35.183,0.591,0.389,0.062,0.14,0.591,0.038,0.113,-3.713e-5,0,-9.044e-4,1.074,1.075,-1.506e-8,955.69,0.001,338.456,0.392,6.4,32.17
5.073,0.106,2670.742,484.519,0.266,0.003,62.591,43.53,34.69,0.59,0.389,0.062,0.14,0.59,0.026,0.079,4.129e-4,0,-9.352e-4,1.074,1.075,2.092e-5,955.19,0.001,338.439,0.392,6.4,32.17
5.105,0.032,2670.217,483.994,0.266,0.003,62.623,43.523,34.196,0.59,0.389,0.062,0.14,0.59,0.008,0.023,-4.471e-5,0,-9.78e-4,1.074,1.075,2.831e-5,954.689,0.001,338.422,0.392,6.4,32.17
5.138,0.079,2669.692,483.468,0.265,0.003,62.606,43.516,33.701,0.59,0.389,0.061,0.14,0.59,0.02,0.059,1.248e-4,0,-0.001,1.074,1.075,-2.901e-5,954.209,0.001,338.405,0.391,6.4,32.17
5.17,0.132,2669.166,482.942,0.265,0.003,62.592,43.509,33.206,0.59,0.389,0.061,0.14,0.59,0.033,0.099,-8.068e-5,0,-0.001,1.074,1.075,-5.936e-7,953.732,0.001,338.389,0.391,6.4,32.17
5.202,0.102,2668.639,482.416,0.265,0.003,62.606,43.503,32.711,0.59,0.389,0.061,0.14,0.59,0.026,0.077,3.091e-4,0,-0.001,1.074,1.075,2.112e-5,953.256,0.001,338.372,0.39,6.4,32.17
5.235,0.039,2668.112,481.889,0.265,0.003,62.615,43.496,32.215,0.59,0.389,0.061,0.14,0.59,0.01,0.03,-4.081e-4,0,-0.001,1.074,1.075,-4.244e-6,952.78,0.001,338.355,0.39,6.4,32.17
5.267,0.114,2667.585,481.361,0.265,0.003,62.583,43.489,31.718,0.59,0.389,0.061,0.14,0.59,0.028,0.085,1.891e-4,0,-0.001,1.074,1.075,-1.406e-6,952.304,0.001,338.338,0.39,6.4,32.17
5.3,0.109,2667.057,480.833,0.265,0.003,62.594,43.482,31.222,0.589,0.389,0.061,0.14,0.59,0.027,0.081,-2.663e-4,0,-0.001,1.074,1.075,2.69e-5,951.827,0.001,338.321,0.389,6.4,32.17
5.332,0.014,2666.528,480.305,0.265,0.003,62.636,43.475,30.724,0.589,0.389,0.061,0.14,0.589,0.003,0.01,-4.557e-4,0,-0.001,1.074,1.075,6.07e-5,951.352,0.001,338.305,0.389,6.4,32.17
5.365,0.126,2665.999,479.775,0.265,0.003,62.594,43.468,30.226,0.589,0.389,0.061,0.14,0.589,0.032,0.095,-1.643e-4,0,-0.001,1.074,1.075,-5.379e-5,950.876,0.001,338.288,0.388,6.4,32.17
5.397,0.243,2665.469,479.246,0.265,0.003,62.54,43.461,29.728,0.589,0.389,0.061,0.14,0.589,0.061,0.182,2.623e-4,0,-0.001,1.074,1.075,-2.242e-6,950.4,0.001,338.271,0.388,6.4,32.17
5.43,0.227,2664.938,478.715,0.265,0.003,62.534,43.454,29.229,0.589,0.389,0.06,0.139,0.589,0.057,0.17,-3.582e-4,0,-0.001,1.073,1.075,4.116e-5,949.925,0.001,338.254,0.387,6.4,32.17
5.462,0.128,2664.425,478.202,0.265,0.003,62.588,43.448,28.746,0.589,0.389,0.06,0.139,0.589,0.032,0.096,-4.243e-5,0,-0.001,1.073,1.075,4.164e-5,949.465,0.001,338.238,0.387,6.4,32.17
5.492,0.143,2663.936,477.713,0.265,0.003,62.566,43.441,28.286,0.589,0.389,0.06,0.139,0.589,0.036,0.108,-1.243e-5,0,-0.002,1.073,1.075,-7.286e-5,949.028,0.001,338.223,0.386,6.4,32.17
5.52,0.23,2663.468,477.245,0.265,0.003,62.541,43.435,27.845,0.588,0.389,0.06,0.139,0.588,0.058,0.173,1.559e-4,0,-0.002,1.073,1.075,-3.164e-5,948.611,0.001,338.208,0.386,6.4,32.17
5.549,0.249,2663.008,476.785,0.265,0.003,62.542,43.429,27.412,0.588,0.389,0.06,0.139,0.588,0.063,0.187,4.566e-4,0,-0.002,1.073,1.075,1.701e-6,948.2,0.001,338.193,0.385,6.4,32.17
5.577,0.196,2662.555,476.332,0.265,0.003,62.56,43.423,26.986,0.588,0.389,0.06,0.139,0.588,0.049,0.147,-4.541e-4,0,-0.002,1.073,1.075,5.351e-5,947.797,0.001,338.179,0.385,6.4,32.17
5.604,0.105,2662.109,475.886,0.265,0.003,62.58,43.417,26.567,0.588,0.389,0.06,0.139,0.588,0.026,0.079,3.517e-4,0,-0.002,1.073,1.075,5.718e-5,947.401,0.001,338.165,0.384,6.4,32.17
5.631,0.093,2661.671,475.448,0.264,0.003,62.602,43.412,26.155,0.588,0.389,0.06,0.139,0.588,0.023,0.07,-2.034e-4,0,-0.002,1.073,1.075,-5.055e-5,947.012,0.001,338.152,0.384,6.4,32.17
5.658,0.168,2661.241,475.017,0.264,0.003,62.561,43.406,25.749,0.588,0.389,0.059,0.139,0.588,0.042,0.126,4.837e-4,0,-0.002,1.073,1.075,-6.388e-5,946.63,0.001,338.138,0.383,6.4,32.17
5.683,0.212,2660.819,474.596,0.264,0.003,62.535,43.401,25.353,0.587,0.389,0.059,0.139,0.587,0.053,0.16,4.414e-4,0,-0.002,1.073,1.075,-8.65e-6,946.257,0.001,338.125,0.383,6.4,32.17
5.709,0.198,2660.408,474.185,0.264,0.003,62.543,43.395,24.966,0.587,0.389,0.059,0.139,0.587,0.05,0.148,2.761e-4,0,-0.002,1.073,1.075,9.262e-6,945.894,0.001,338.112,0.382,6.4,32.17
5.733,0.131,2660.009,473.786,0.264,0.003,62.581,43.39,24.59,0.587,0.389,0.059,0.139,0.587,0.033,0.098,3.289e-4,0,-0.002,1.073,1.075,5.58e-5,945.542,0.001,338.1,0.381,6.4,32.17
5.757,0.059,2659.621,473.398,0.264,0.003,62.601,43.385,24.226,0.587,0.389,0.059,0.139,0.587,0.015,0.045,-3.139e-4,0,-0.002,1.073,1.075,4.169e-6,945.2,0.001,338.088,0.381,6.4,32.17
5.781,0.113,2659.243,473.019,0.264,0.003,62.585,43.38,23.869,0.587,0.389,0.059,0.139,0.587,0.028,0.085,1.392e-4,0,-0.002,1.073,1.075,-5.978e-5,944.867,0.001,338.076,0.38,6.4,32.17
5.803,0.18,2658.871,472.647,0.264,0.003,62.564,43.375,23.52,0.587,0.389,0.059,0.139,0.587,0.045,0.135,4.426e-4,0,-0.002,1.073,1.075,-2.408e-5,944.54,0.001,338.064,0.38,6.4,32.17
5.826,0.189,2658.504,472.281,0.264,0.003,62.553,43.37,23.175,0.586,0.389,0.059,0.139,0.586,0.047,0.142,4.677e-4,0,-0.002,1.072,1.075,0,944.218,0.001,338.053,0.379,6.4,32.17
5.848,0.15,2658.14,471.917,0.264,0.003,62.559,43.365,22.832,0.586,0.389,0.058,0.139,0.586,0.038,0.112,9.948e-5,0,-0.002,1.072,1.074,2.129e-5,943.899,0.001,338.042,0.379,6.4,32.17
5.871,0.069,2657.779,471.555,0.264,0.003,62.587,43.361,22.492,0.586,0.389,0.058,0.139,0.586,0.017,0.052,-2.555e-5,0,-0.002,1.072,1.074,4.975e-5,943.583,0.001,338.031,0.378,6.4,32.17
5.893,0.03,2657.42,471.196,0.264,0.003,62.603,43.356,22.154,0.586,0.389,0.058,0.139,0.586,0.008,0.023,4.067e-4,0,-0.002,1.072,1.074,-4.893e-5,943.269,0.001,338.02,0.378,6.4,32.17
5.915,0.096,2657.064,470.841,0.264,0.003,62.577,43.351,21.82,0.586,0.389,0.058,0.139,0.586,0.024,0.072,1.006e-4,0,-0.002,1.072,1.074,-3.754e-5,942.959,0.001,338.009,0.377,6.4,32.17
5.936,0.14,2656.717,470.494,0.264,0.003,62.564,43.347,21.493,0.586,0.389,0.058,0.138,0.586,0.035,0.105,4.968e-4,0,-0.002,1.072,1.074,-1.192e-5,942.657,0.001,337.998,0.377,6.4,32.17
5.944,0.15,2656.586,470.363,0.264,0.003,62.562,43.345,21.37,0.586,0.389,0.058,0.138,0.586,0.038,0.113,-1.496e-4,0,-0.002,1.072,1.074,-4.661e-6,942.543,0.001,337.994,0.377,6.4,32.17
5.956,0.156,2656.473,470.25,0.264,0.003,62.564,43.344,21.231,0.585,0.389,0.058,0.138,0.585,0.039,0.117,3.879e-4,0,-0.002,1.072,1.074,8.709e-9,942.372,0.001,337.988,0.376,6.4,32.17
5.974,0.138,2656.303,470.08,0.264,0.003,62.576,43.341,21.021,0.585,0.389,0.058,0.138,0.585,0.035,0.104,1.407e-4,0,-0.002,1.072,1.074,1.274e-5,942.116,0.001,337.979,0.376,6.4,32.17
5.995,0.089,2656.111,469.887,0.264,0.003,62.592,43.339,20.785,0.585,0.389,0.058,0.138,0.585,0.022,0.067,3.037e-4,0,-0.002,1.072,1.074,4.016e-5,941.826,0.001,337.969,0.375,6.4,32.17
6.015,0.038,2655.919,469.696,0.264,0.003,62.595,43.336,20.549,0.585,0.389,0.057,0.138,0.585,0.01,0.029,2.156e-4,0,-0.002,1.072,1.074,9.121e-6,941.539,0.001,337.959,0.375,6.4,32.17
6.035,0.072,2655.729,469.506,0.264,0.003,62.6,43.334,20.316,0.585,0.389,0.057,0.138,0.585,0.018,0.055,3.093e-4,0,-0.002,1.072,1.074,-4.039e-5,941.254,0.001,337.949,0.374,6.4,32.17
6.055,0.125,2655.541,469.318,0.264,0.003,62.569,43.331,20.084,0.585,0.389,0.057,0.138,0.585,0.031,0.094,-3.71e-4,0,-0.002,1.072,1.074,-2.702e-5,940.972,0.001,337.939,0.374,6.4,32.17
6.075,0.149,2655.354,469.131,0.264,0.003,62.552,43.329,19.855,0.584,0.389,0.057,0.138,0.585,0.037,0.112,-2.365e-4,0,-0.002,1.072,1.074,-5.278e-6,940.693,0.001,337.929,0.373,6.4,32.17
6.095,0.148,2655.17,468.947,0.264,0.003,62.55,43.327,19.628,0.584,0.389,0.057,0.138,0.584,0.037,0.111,2.917e-4,0,-0.002,1.072,1.074,9.247e-7,940.418,0.001,337.919,0.373,6.4,32.17
6.114,0.127,2654.989,468.765,0.264,0.003,62.561,43.324,19.405,0.584,0.389,0.057,0.138,0.584,0.032,0.095,8.805e-5,0,-0.002,1.072,1.074,1.582e-5,940.147,0.001,337.91,0.372,6.4,32.17
6.134,0.087,2654.808,468.585,0.264,0.003,62.584,43.322,19.182,0.584,0.389,0.057,0.138,0.584,0.022,0.065,8.694e-5,0,-0.002,1.072,1.074,3.549e-5,939.878,0.001,337.9,0.372,6.4,32.17
6.153,0.044,2654.628,468.405,0.264,0.003,62.607,43.319,18.961,0.584,0.389,0.057,0.138,0.584,0.011,0.034,3.523e-4,0,-0.003,1.071,1.074,1.62e-5,939.611,0.001,337.891,0.371,6.4,32.17
6.172,0.048,2654.45,468.226,0.264,0.003,62.589,43.317,18.742,0.584,0.389,0.056,0.138,0.584,0.012,0.036,-4.493e-4,0,-0.003,1.071,1.074,-3.047e-5,939.346,0.001,337.881,0.371,6.4,32.17
6.191,0.087,2654.273,468.05,0.264,0.003,62.586,43.315,18.524,0.584,0.389,0.056,0.138,0.584,0.022,0.066,1.753e-4,0,-0.003,1.071,1.074,-3.345e-5,939.084,0.001,337.872,0.37,6.4,32.17
6.209,0.119,2654.098,467.875,0.264,0.003,62.577,43.312,18.309,0.583,0.389,0.056,0.138,0.583,0.03,0.09,1.191e-4,0,-0.003,1.071,1.074,-1.389e-5,938.824,0.001,337.863,0.37,6.4,32.17
6.228,0.135,2653.924,467.7,0.264,0.003,62.57,43.31,18.095,0.583,0.389,0.056,0.138,0.583,0.034,0.102,4.437e-4,0,-0.003,1.071,1.074,-1.033e-6,938.567,0.001,337.854,0.369,6.4,32.17
6.246,0.13,2653.751,467.527,0.263,0.003,62.567,43.308,17.882,0.583,0.389,0.056,0.138,0.583,0.033,0.098,4.426e-4,0,-0.003,1.071,1.074,3.356e-6,938.311,0.001,337.845,0.369,6.4,32.17
6.265,0.115,2653.578,467.355,0.263,0.003,62.566,43.306,17.67,0.583,0.389,0.056,0.138,0.583,0.029,0.086,3.461e-4,0,-0.003,1.071,1.074,1.921e-5,938.057,0.001,337.836,0.368,6.4,32.17
6.283,0.086,2653.406,467.183,0.263,0.003,62.57,43.303,17.458,0.583,0.39,0.056,0.138,0.583,0.021,0.064,2.655e-4,0,-0.003,1.071,1.074,3.833e-5,937.803,0.001,337.827,0.368,6.4,32.17
6.301,0.051,2653.235,467.012,0.263,0.003,62.587,43.301,17.247,0.583,0.39,0.056,0.138,0.583,0.013,0.038,2.241e-4,0,-0.003,1.071,1.074,2.636e-5,937.551,0.001,337.818,0.367,6.4,32.17
6.32,0.049,2653.064,466.841,0.263,0.003,62.599,43.299,17.037,0.582,0.39,0.055,0.137,0.582,0.012,0.037,3.731e-4,0,-0.003,1.071,1.074,-1.435e-5,937.3,0.001,337.809,0.367,6.4,32.17
6.338,0.089,2652.895,466.671,0.263,0.003,62.569,43.297,16.829,0.582,0.39,0.055,0.137,0.582,0.022,0.066,-2.605e-4,0,-0.003,1.071,1.074,-3.825e-5,937.052,0.001,337.8,0.366,6.4,32.17
6.356,0.128,2652.726,466.503,0.263,0.003,62.55,43.294,16.622,0.582,0.39,0.055,0.137,0.582,0.032,0.097,1.043e-4,0,-0.003,1.071,1.074,-2.451e-5,936.805,0.001,337.792,0.366,6.4,32.17
6.373,0.159,2652.559,466.336,0.263,0.003,62.54,43.292,16.416,0.582,0.39,0.055,0.137,0.582,0.04,0.12,-1.422e-4,0,-0.003,1.071,1.074,-7.134e-6,936.561,0.001,337.783,0.365,6.4,32.17
6.391,0.175,2652.392,466.168,0.263,0.003,62.538,43.29,16.21,0.582,0.39,0.055,0.137,0.582,0.044,0.132,-6.902e-5,0,-0.003,1.071,1.073,2.487e-8,936.316,0.001,337.774,0.365,6.4,32.17
6.409,0.163,2652.225,466.002,0.263,0.003,62.549,43.288,16.005,0.582,0.39,0.055,0.137,0.582,0.041,0.124,1.486e-4,0,-0.003,1.071,1.073,9.897e-6,936.073,0.001,337.766,0.364,6.4,32.17
6.427,0.125,2652.06,465.837,0.263,0.003,62.569,43.286,15.803,0.582,0.39,0.055,0.137,0.582,0.031,0.095,-3.959e-4,0,-0.003,1.071,1.073,2.856e-5,935.834,0.001,337.757,0.364,6.4,32.17
6.444,0.079,2651.898,465.675,0.263,0.003,62.581,43.283,15.603,0.581,0.39,0.055,0.137,0.581,0.02,0.06,-9.816e-5,0,-0.003,1.071,1.073,2.865e-5,935.597,0.001,337.749,0.363,6.4,32.17
6.461,0.06,2651.737,465.514,0.263,0.003,62.575,43.281,15.405,0.581,0.39,0.054,0.137,0.581,0.015,0.046,3.656e-4,0,-0.003,1.07,1.073,3.059e-6,935.363,0.001,337.741,0.363,6.4,32.17
6.478,0.072,2651.576,465.352,0.263,0.003,62.574,43.279,15.206,0.581,0.39,0.054,0.137,0.581,0.018,0.054,-4.393e-4,0,-0.003,1.07,1.073,-7.086e-6,935.13,0.001,337.733,0.362,6.4,32.17
6.495,0.1,2651.414,465.191,0.263,0.003,62.572,43.277,15.007,0.581,0.39,0.054,0.137,0.581,0.025,0.076,-2.73e-4,0,-0.003,1.07,1.073,-2.184e-5,934.895,0.001,337.724,0.362,6.4,32.17
6.513,0.131,2651.252,465.029,0.263,0.003,62.564,43.275,14.808,0.581,0.39,0.054,0.137,0.581,0.033,0.099,-2.89e-5,0,-0.003,1.07,1.073,-2.395e-5,934.661,0.001,337.716,0.361,6.4,32.17
6.53,0.154,2651.092,464.869,0.263,0.003,62.549,43.273,14.611,0.581,0.39,0.054,0.137,0.581,0.039,0.117,3.146e-4,0,-0.003,1.07,1.073,-1.151e-5,934.43,0.001,337.708,0.361,6.4,32.17
6.547,0.164,2650.934,464.71,0.263,0.003,62.537,43.271,14.417,0.58,0.39,0.054,0.137,0.581,0.041,0.124,-5.287e-5,0,-0.003,1.07,1.073,-1.177e-6,934.202,0.001,337.7,0.36,6.4,32.17
6.563,0.161,2650.777,464.554,0.263,0.003,62.533,43.269,14.224,0.58,0.39,0.054,0.137,0.58,0.04,0.121,2.806e-4,0,-0.003,1.07,1.073,1.692e-6,933.976,0.001,337.692,0.36,6.4,32.17
6.58,0.145,2650.621,464.398,0.263,0.003,62.537,43.267,14.032,0.58,0.39,0.054,0.137,0.58,0.036,0.109,-3.466e-4,0,-0.003,1.07,1.073,1.179e-5,933.752,0.001,337.684,0.359,6.4,32.17
6.597,0.12,2650.466,464.242,0.263,0.003,62.549,43.265,13.841,0.58,0.39,0.054,0.137,0.58,0.03,0.09,-2.187e-4,0,-0.003,1.07,1.073,2.432e-5,933.529,0.001,337.676,0.359,6.4,32.17
6.613,0.081,2650.311,464.088,0.263,0.003,62.575,43.263,13.651,0.58,0.39,0.053,0.137,0.58,0.02,0.062,3.034e-4,0,-0.003,1.07,1.073,2.053e-5,933.307,0.001,337.668,0.358,6.4,32.17
6.629,0.061,2650.158,463.935,0.263,0.003,62.583,43.261,13.463,0.58,0.39,0.053,0.137,0.58,0.015,0.046,2.078e-5,0,-0.003,1.07,1.073,-6.905e-7,933.089,0.001,337.661,0.358,6.4,32.17
6.645,0.081,2650.007,463.784,0.263,0.003,62.56,43.259,13.277,0.58,0.39,0.053,0.137,0.58,0.02,0.062,-3.255e-4,0,-0.003,1.07,1.073,-2.671e-5,932.873,0.001,337.653,0.357,6.4,32.17
6.661,0.109,2649.857,463.634,0.263,0.003,62.554,43.257,13.093,0.579,0.39,0.053,0.137,0.579,0.027,0.082,3.622e-4,0,-0.003,1.07,1.073,-2.432e-5,932.659,0.001,337.646,0.357,6.4,32.17
6.677,0.128,2649.708,463.485,0.263,0.003,62.553,43.255,12.909,0.579,0.39,0.053,0.137,0.579,0.032,0.096,-6.072e-5,0,-0.003,1.07,1.073,-1.071e-5,932.447,0.001,337.638,0.356,6.4,32.17
6.693,0.134,2649.56,463.337,0.263,0.003,62.555,43.253,12.727,0.579,0.39,0.053,0.136,0.579,0.033,0.101,4.156e-6,0,-0.003,1.07,1.073,-1.251e-6,932.235,0.001,337.631,0.356,6.4,32.17
6.709,0.135,2649.412,463.189,0.263,0.003,62.556,43.251,12.545,0.579,0.39,0.053,0.136,0.579,0.034,0.102,3.132e-4,0,-0.003,1.07,1.073,1.809e-6,932.025,0.001,337.623,0.355,6.4,32.17
6.726,0.127,2649.251,463.028,0.263,0.003,62.551,43.249,12.347,0.579,0.39,0.053,0.136,0.579,0.032,0.096,-2.753e-4,0,-0.003,1.069,1.073,1.493e-5,931.797,0.001,337.615,0.355,6.4,32.17
6.741,0.112,2649.172,462.949,0.263,0.003,62.546,43.248,12.214,0.579,0.39,0.052,0.136,0.579,0.028,0.085,1.877e-5,0,-0.003,1.069,1.073,2.324e-5,931.593,0.001,337.608,0.354,6.4,32.17
6.757,0.09,2649.094,462.871,0.263,0.003,62.556,43.247,12.082,0.578,0.39,0.052,0.136,0.578,0.023,0.068,1.908e-4,0,-0.003,1.069,1.073,1.116e-5,931.391,0.001,337.601,0.354,6.4,32.17
6.772,0.073,2649.016,462.792,0.263,0.003,62.578,43.245,11.95,0.578,0.39,0.052,0.136,0.578,0.018,0.055,6.618e-5,0,-0.003,1.069,1.073,-1.422e-6,931.19,0.001,337.594,0.353,6.4,32.17
6.787,0.086,2648.937,462.714,0.263,0.003,62.566,43.244,11.818,0.578,0.39,0.052,0.136,0.578,0.021,0.065,3.346e-4,0,-0.003,1.069,1.073,-2.288e-5,930.988,0.001,337.587,0.353,6.4,32.17
6.802,0.11,2648.859,462.635,0.263,0.003,62.545,43.243,11.685,0.578,0.39,0.052,0.136,0.578,0.027,0.083,3.501e-4,0,-0.004,1.069,1.073,-2.327e-5,930.787,0.001,337.58,0.352,6.4,32.17
6.817,0.126,2648.78,462.557,0.263,0.003,62.537,43.242,11.553,0.578,0.39,0.052,0.136,0.578,0.032,0.095,2.964e-4,0,-0.004,1.069,1.073,-1.01e-5,930.585,0.001,337.572,0.352,6.4,32.17
6.833,0.13,2648.701,462.478,0.263,0.003,62.541,43.241,11.42,0.578,0.39,0.052,0.136,0.578,0.033,0.098,-4.367e-4,0,-0.004,1.069,1.073,-8.1e-7,930.384,0.001,337.565,0.351,6.4,32.17
6.848,0.119,2648.623,462.399,0.263,0.003,62.552,43.24,11.288,0.578,0.39,0.052,0.136,0.578,0.03,0.09,4.335e-4,0,-0.004,1.069,1.073,2.094e-6,930.183,0.001,337.558,0.351,6.4,32.17
6.863,0.101,2648.544,462.321,0.263,0.003,62.564,43.239,11.156,0.577,0.39,0.052,0.136,0.577,0.025,0.076,4.26e-4,0,-0.004,1.069,1.073,1.143e-5,929.983,0.001,337.551,0.35,6.4,32.17
6.878,0.074,2648.466,462.243,0.263,0.003,62.574,43.238,11.024,0.577,0.39,0.051,0.136,0.577,0.018,0.055,-1.046e-4,0,-0.004,1.069,1.073,2.143e-5,929.784,0.001,337.544,0.35,6.4,32.17
6.893,0.045,2648.388,462.165,0.263,0.003,62.574,43.237,10.893,0.577,0.39,0.051,0.136,0.577,0.011,0.034,-2.675e-4,0,-0.004,1.069,1.072,1.59e-5,929.586,0.001,337.537,0.349,6.4,32.17
6.909,0.037,2648.311,462.087,0.263,0.003,62.571,43.236,10.762,0.577,0.39,0.051,0.136,0.577,0.009,0.027,2.664e-4,0,-0.004,1.069,1.072,-1.535e-7,929.389,0.001,337.53,0.349,6.4,32.17
6.923,0.049,2648.234,462.011,0.263,0.003,62.579,43.235,10.633,0.577,0.39,0.051,0.136,0.577,0.012,0.036,-2.865e-4,0,-0.004,1.069,1.072,-1.228e-5,929.195,0.001,337.523,0.348,6.4,32.17
6.938,0.069,2648.158,461.935,0.263,0.003,62.575,43.234,10.505,0.577,0.39,0.051,0.136,0.577,0.017,0.052,-2.27e-4,0,-0.004,1.069,1.072,-1.82e-5,929.002,0.001,337.517,0.348,6.4,32.17
6.953,0.091,2648.082,461.859,0.263,0.003,62.563,43.233,10.377,0.577,0.39,0.051,0.136,0.577,0.023,0.069,2.149e-4,0,-0.004,1.069,1.072,-1.554e-5,928.811,0.001,337.51,0.347,6.4,32.17
6.967,0.121,2648.007,461.784,0.263,0.003,62.542,43.232,10.25,0.577,0.39,0.051,0.136,0.577,0.03,0.091,-4.407e-4,0,-0.004,1.069,1.072,-6.707e-6,928.621,0.001,337.503,0.347,6.4,32.17
6.982,0.141,2647.931,461.708,0.263,0.003,62.527,43.231,10.123,0.576,0.39,0.051,0.136,0.576,0.035,0.106,1.938e-4,0,-0.004,1.069,1.072,-2.257e-7,928.429,0.001,337.496,0.346,6.4,32.17
6.997,0.148,2647.855,461.632,0.263,0.003,62.523,43.23,9.994,0.576,0.39,0.051,0.136,0.576,0.037,0.112,-4.723e-4,0,-0.004,1.068,1.072,3.408e-6,928.238,0.001,337.49,0.346,6.4,32.17
7.012,0.128,2647.779,461.555,0.263,0.003,62.534,43.229,9.866,0.576,0.39,0.05,0.136,0.576,0.032,0.097,2.963e-5,0,-0.004,1.068,1.072,1.336e-5,928.046,0.001,337.483,0.345,6.4,32.17
7.026,0.099,2647.703,461.48,0.263,0.003,62.549,43.228,9.739,0.576,0.39,0.05,0.135,0.576,0.025,0.075,2.467e-4,0,-0.004,1.068,1.072,2.413e-5,927.857,0.001,337.476,0.345,6.4,32.17
7.041,0.068,2647.629,461.405,0.263,0.003,62.565,43.227,9.613,0.576,0.39,0.05,0.135,0.576,0.017,0.051,1.528e-4,0,-0.004,1.068,1.072,3.109e-5,927.67,0.001,337.47,0.344,6.4,32.17
7.055,0.042,2647.555,461.331,0.263,0.003,62.581,43.226,9.488,0.576,0.39,0.05,0.135,0.576,0.01,0.031,4.243e-4,0,-0.004,1.068,1.072,1.544e-5,927.485,0.001,337.463,0.344,6.4,32.17
7.07,0.064,2647.481,461.258,0.263,0.003,62.554,43.225,9.364,0.576,0.39,0.05,0.135,0.576,0.016,0.048,4.892e-4,0,-0.004,1.068,1.072,-1.077e-5,927.3,0.001,337.457,0.343,6.4,32.17
7.084,0.113,2647.406,461.183,0.263,0.003,62.537,43.224,9.238,0.575,0.39,0.05,0.135,0.575,0.028,0.085,4.491e-4,0,-0.004,1.068,1.072,-2.44e-5,927.114,0.001,337.45,0.343,6.4,32.17
7.099,0.162,2647.331,461.108,0.263,0.003,62.525,43.223,9.112,0.575,0.39,0.05,0.135,0.575,0.041,0.122,2.21e-4,0,-0.004,1.068,1.072,-1.798e-5,926.927,0.001,337.443,0.343,6.4,32.17
7.113,0.186,2647.256,461.033,0.263,0.003,62.521,43.222,8.986,0.575,0.39,0.05,0.135,0.575,0.047,0.141,4.961e-4,0,-0.004,1.068,1.072,-6.189e-6,926.74,0.001,337.437,0.342,6.4,32.17
7.128,0.196,2647.182,460.959,0.263,0.003,62.518,43.221,8.86,0.575,0.39,0.05,0.135,0.575,0.049,0.148,3.643e-4,0,-0.004,1.068,1.072,-7.844e-8,926.555,0.001,337.43,0.342,6.4,32.17
7.142,0.194,2647.108,460.884,0.263,0.003,62.516,43.22,8.735,0.575,0.39,0.05,0.135,0.575,0.049,0.147,-2.993e-4,0,-0.004,1.068,1.072,3.939e-6,926.371,0.001,337.424,0.341,6.4,32.17
7.156,0.181,2647.034,460.811,0.263,0.003,62.515,43.219,8.611,0.575,0.39,0.049,0.135,0.575,0.045,0.137,-3.369e-4,0,-0.004,1.068,1.072,1.55e-5,926.188,0.001,337.417,0.341,6.4,32.17
7.171,0.159,2646.96,460.737,0.263,0.003,62.516,43.218,8.487,0.575,0.39,0.049,0.135,0.575,0.04,0.119,-1.025e-4,0,-0.004,1.068,1.072,2.628e-5,926.007,0.001,337.411,0.34,6.4,32.17
7.185,0.134,2646.887,460.664,0.263,0.003,62.521,43.217,8.364,0.575,0.39,0.049,0.135,0.575,0.034,0.102,2.99e-4,0,-0.004,1.068,1.072,2.421e-5,925.826,0.001,337.405,0.34,6.4,32.17
7.199,0.116,2646.814,460.591,0.263,0.003,62.535,43.216,8.241,0.574,0.39,0.049,0.135,0.574,0.029,0.088,4.266e-4,0,-0.004,1.068,1.072,6.692e-6,925.646,0.001,337.398,0.339,6.4,32.17
7.213,0.117,2646.742,460.518,0.263,0.003,62.545,43.215,8.118,0.574,0.39,0.049,0.135,0.574,0.029,0.088,-8.148e-5,0,-0.004,1.068,1.072,-1.538e-6,925.467,0.001,337.392,0.339,6.4,32.17
7.227,0.134,2646.669,460.446,0.263,0.003,62.537,43.214,7.996,0.574,0.39,0.049,0.135,0.574,0.034,0.101,-4.937e-4,0,-0.004,1.068,1.072,-1.685e-5,925.289,0.001,337.386,0.338,6.4,32.17
7.241,0.16,2646.597,460.374,0.263,0.003,62.518,43.214,7.874,0.574,0.39,0.049,0.135,0.574,0.04,0.121,4.756e-4,0,-0.004,1.068,1.072,-2.488e-5,925.111,0.001,337.379,0.338,6.4,32.17
7.255,0.19,2646.525,460.302,0.263,0.003,62.5,43.213,7.753,0.574,0.39,0.049,0.135,0.574,0.047,0.144,-3.291e-4,0,-0.004,1.067,1.072,-1.884e-5,924.934,0.001,337.373,0.337,6.4,32.17
7.269,0.221,2646.453,460.229,0.263,0.003,62.485,43.212,7.631,0.574,0.39,0.049,0.135,0.574,0.055,0.167,3.913e-4,0,-0.004,1.067,1.072,-7.707e-6,924.758,0.001,337.367,0.337,6.4,32.17
7.283,0.244,2646.38,460.157,0.263,0.003,62.476,43.211,7.509,0.574,0.39,0.049,0.135,0.574,0.061,0.184,-2.233e-4,0,-0.004,1.067,1.072,-5.151e-7,924.581,0.001,337.361,0.336,6.4,32.17
7.297,0.257,2646.308,460.085,0.263,0.003,62.474,43.21,7.387,0.573,0.39,0.048,0.135,0.574,0.064,0.194,-4.702e-4,0,-0.004,1.067,1.072,2.455e-6,924.404,0.001,337.355,0.336,6.4,32.17
7.311,0.236,2646.235,460.012,0.263,0.003,62.489,43.209,7.265,0.573,0.39,0.048,0.135,0.573,0.059,0.179,7.345e-5,0,-0.004,1.067,1.072,1.302e-5,924.227,0.001,337.348,0.335,6.4,32.17
7.325,0.202,2646.164,459.94,0.263,0.003,62.508,43.208,7.144,0.573,0.39,0.048,0.135,0.573,0.051,0.152,4.902e-4,0,-0.004,1.067,1.072,2.199e-5,924.053,0.001,337.342,0.335,6.4,32.17
7.339,0.167,2646.093,459.87,0.263,0.003,62.521,43.207,7.025,0.573,0.39,0.048,0.135,0.573,0.042,0.126,-1.582e-4,0,-0.004,1.067,1.072,1.769e-5,923.881,0.001,337.336,0.334,6.4,32.17
7.353,0.144,2646.022,459.799,0.263,0.003,62.521,43.206,6.906,0.573,0.39,0.048,0.134,0.573,0.036,0.108,-2.842e-4,0,-0.004,1.067,1.072,3.402e-6,923.71,0.001,337.33,0.334,6.4,32.17
7.366,0.142,2645.953,459.729,0.262,0.003,62.513,43.205,6.788,0.573,0.39,0.048,0.134,0.573,0.036,0.107,9.818e-5,0,-0.004,1.067,1.071,-6.236e-7,923.54,0.001,337.324,0.333,6.4,32.17
7.38,0.151,2645.882,459.659,0.262,0.003,62.51,43.204,6.67,0.573,0.39,0.048,0.134,0.573,0.038,0.114,-8.148e-5,0,-0.004,1.067,1.071,-9.406e-6,923.371,0.001,337.318,0.333,6.4,32.17
7.393,0.167,2645.812,459.589,0.262,0.003,62.51,43.203,6.552,0.573,0.39,0.048,0.134,0.573,0.042,0.126,-1.345e-4,0,-0.004,1.067,1.071,-1.792e-5,923.201,0.001,337.312,0.332,6.4,32.17
7.407,0.184,2645.742,459.519,0.262,0.003,62.51,43.202,6.434,0.572,0.39,0.048,0.134,0.572,0.046,0.139,3.21e-4,0,-0.004,1.067,1.071,-1.871e-5,923.032,0.001,337.306,0.332,6.4,32.17
7.421,0.198,2645.672,459.449,0.262,0.003,62.508,43.201,6.316,0.572,0.391,0.048,0.134,0.572,0.05,0.149,-4.898e-4,0,-0.005,1.067,1.071,-1.248e-5,922.863,0.001,337.3,0.331,6.4,32.17
7.434,0.207,2645.602,459.379,0.262,0.003,62.502,43.2,6.198,0.572,0.391,0.047,0.134,0.572,0.052,0.156,2.143e-4,0,-0.005,1.067,1.071,-4.58e-6,922.695,0.001,337.294,0.331,6.4,32.17
7.437,0.208,2645.588,459.365,0.262,0.003,62.501,43.2,6.174,0.572,0.391,0.047,0.134,0.572,0.052,0.157,-3.542e-4,0,-0.005,1.067,1.071,-3.25e-6,922.661,0.001,337.293,0.331,6.4,32.17
7.441,0.208,2645.577,459.354,0.262,0.003,62.5,43.2,6.154,0.572,0.391,0.047,0.134,0.572,0.052,0.158,3.317e-4,0,-0.005,1.067,1.071,-1.637e-6,922.609,0.001,337.291,0.331,6.4,32.17
7.447,0.208,2645.562,459.338,0.262,0.003,62.497,43.2,6.124,0.572,0.391,0.047,0.134,0.572,0.052,0.157,1.033e-4,0,-0.005,1.067,1.071,-2.226e-7,922.531,0.001,337.288,0.33,6.4,32.17
7.457,0.204,2645.538,459.314,0.262,0.003,62.494,43.2,6.08,0.572,0.391,0.047,0.134,0.572,0.051,0.154,-4.597e-4,0,-0.005,1.067,1.071,5.53e-7,922.414,0.001,337.284,0.33,6.4,32.17
7.47,0.194,2645.504,459.281,0.262,0.003,62.493,43.199,6.016,0.572,0.391,0.047,0.134,0.572,0.049,0.147,4.67e-4,0,-0.005,1.067,1.071,5.556e-6,922.248,0.001,337.279,0.33,6.4,32.17
7.484,0.179,2645.47,459.247,0.262,0.003,62.495,43.199,5.953,0.572,0.391,0.047,0.134,0.572,0.045,0.135,3.474e-4,0,-0.005,1.067,1.071,1.36e-5,922.082,0.001,337.273,0.329,6.4,32.17
7.497,0.16,2645.436,459.213,0.262,0.003,62.501,43.198,5.889,0.572,0.391,0.047,0.134,0.572,0.04,0.12,-3.222e-4,0,-0.005,1.067,1.071,2.059e-5,921.916,0.001,337.267,0.329,6.4,32.17
7.511,0.134,2645.402,459.179,0.262,0.003,62.515,43.198,5.826,0.571,0.391,0.047,0.134,0.571,0.033,0.101,-2.757e-4,0,-0.005,1.067,1.071,1.724e-5,921.75,0.001,337.261,0.328,6.4,32.17
7.524,0.113,2645.369,459.145,0.262,0.003,62.533,43.197,5.762,0.571,0.391,0.047,0.134,0.571,0.028,0.085,2.022e-4,0,-0.005,1.066,1.071,3.703e-6,921.586,0.001,337.255,0.328,6.4,32.17
7.538,0.107,2645.335,459.112,0.262,0.003,62.54,43.197,5.699,0.571,0.391,0.047,0.134,0.571,0.027,0.081,-2.538e-4,0,-0.005,1.066,1.071,-2.499e-6,921.422,0.001,337.249,0.327,6.4,32.17
7.551,0.116,2645.302,459.079,0.262,0.003,62.527,43.196,5.637,0.571,0.391,0.047,0.134,0.571,0.029,0.087,2.679e-4,0,-0.005,1.066,1.071,-1.744e-5,921.26,0.001,337.244,0.327,6.4,32.17
7.564,0.12,2645.269,459.045,0.262,0.003,62.519,43.196,5.574,0.571,0.391,0.046,0.134,0.571,0.03,0.091,-4.513e-4,0,-0.005,1.066,1.071,-2.083e-5,921.098,0.001,337.238,0.326,6.4,32.17
7.577,0.126,2645.235,459.012,0.262,0.003,62.513,43.196,5.511,0.571,0.391,0.046,0.134,0.571,0.031,0.095,-3.341e-4,0,-0.005,1.066,1.071,-1.851e-5,920.936,0.001,337.232,0.326,6.4,32.17
7.591,0.131,2645.202,458.978,0.262,0.003,62.509,43.195,5.448,0.571,0.391,0.046,0.134,0.571,0.033,0.099,1e-4,0,-0.005,1.066,1.071,-1.308e-5,920.773,0.001,337.226,0.325,6.4,32.17
7.604,0.135,2645.168,458.945,0.262,0.003,62.508,43.195,5.385,0.571,0.391,0.046,0.134,0.571,0.034,0.102,-3.809e-4,0,-0.005,1.066,1.071,-7.194e-6,920.61,0.001,337.221,0.325,6.4,32.17
7.618,0.14,2645.134,458.911,0.262,0.003,62.506,43.194,5.322,0.57,0.391,0.046,0.134,0.57,0.035,0.106,2.908e-4,0,-0.005,1.066,1.071,-2.572e-6,920.447,0.001,337.215,0.324,6.4,32.17
7.631,0.147,2645.1,458.877,0.262,0.003,62.505,43.194,5.258,0.57,0.391,0.046,0.134,0.57,0.037,0.111,2.167e-4,0,-0.005,1.066,1.071,-1.977e-7,920.283,0.001,337.209,0.324,6.4,32.17
7.645,0.154,2645.067,458.843,0.262,0.003,62.505,43.193,5.194,0.57,0.391,0.046,0.134,0.57,0.038,0.116,-1.609e-4,0,-0.005,1.066,1.071,6.016e-7,920.12,0.001,337.203,0.323,6.4,32.17
7.658,0.146,2645.033,458.809,0.262,0.003,62.513,43.193,5.131,0.57,0.391,0.046,0.134,0.57,0.037,0.11,-8.405e-5,0,-0.005,1.066,1.071,3.622e-6,919.957,0.001,337.198,0.323,6.4,32.17
7.672,0.127,2644.999,458.776,0.262,0.003,62.526,43.192,5.068,0.57,0.391,0.046,0.134,0.57,0.032,0.096,-4.871e-4,0,-0.005,1.066,1.071,6.346e-6,919.795,0.001,337.192,0.322,6.4,32.17
7.685,0.107,2644.966,458.742,0.262,0.003,62.534,43.192,5.005,0.57,0.391,0.046,0.133,0.57,0.027,0.081,-3.905e-4,0,-0.005,1.066,1.071,5.557e-6,919.635,0.001,337.186,0.322,6.4,32.17
7.698,0.092,2644.933,458.709,0.262,0.003,62.531,43.192,4.943,0.57,0.391,0.045,0.133,0.57,0.023,0.069,1.677e-4,0,-0.005,1.066,1.071,1.384e-6,919.477,0.001,337.181,0.321,6.4,32.17
7.711,0.085,2644.9,458.677,0.262,0.003,62.524,43.191,4.881,0.57,0.391,0.045,0.133,0.57,0.021,0.064,-2.405e-4,0,-0.005,1.066,1.071,-9.43e-8,919.32,0.001,337.175,0.321,6.4,32.17
7.724,0.085,2644.867,458.644,0.262,0.003,62.524,43.191,4.82,0.569,0.391,0.045,0.133,0.569,0.021,0.064,1.022e-4,0,-0.005,1.066,1.071,-2.856e-6,919.164,0.001,337.17,0.32,6.4,32.17
7.737,0.089,2644.834,458.611,0.262,0.003,62.53,43.19,4.758,0.569,0.391,0.045,0.133,0.569,0.022,0.067,9.827e-5,0,-0.005,1.066,1.071,-6.4e-6,919.008,0.001,337.164,0.32,6.4,32.17
7.75,0.095,2644.802,458.578,0.262,0.003,62.534,43.19,4.697,0.569,0.391,0.045,0.133,0.569,0.024,0.072,2.286e-4,0,-0.005,1.066,1.071,-7.274e-6,918.852,0.001,337.159,0.319,6.4,32.17
7.763,0.102,2644.769,458.546,0.262,0.003,62.534,43.189,4.635,0.569,0.391,0.045,0.133,0.569,0.025,0.077,3.949e-4,0,-0.005,1.066,1.071,-5.501e-6,918.697,0.001,337.153,0.319,6.4,32.17
7.776,0.106,2644.736,458.513,0.262,0.003,62.531,43.189,4.574,0.569,0.391,0.045,0.133,0.569,0.026,0.08,-4.391e-4,0,-0.005,1.065,1.071,-2.576e-6,918.542,0.001,337.148,0.318,6.4,32.17
7.789,0.106,2644.704,458.481,0.262,0.003,62.525,43.188,4.513,0.569,0.391,0.045,0.133,0.569,0.026,0.08,-2.114e-4,0,-0.005,1.065,1.071,-4.45e-7,918.388,0.001,337.142,0.318,6.4,32.17
7.802,0.103,2644.671,458.448,0.262,0.003,62.52,43.188,4.452,0.569,0.391,0.045,0.133,0.569,0.026,0.077,-4.817e-4,0,-0.005,1.065,1.071,1.053e-7,918.234,0.001,337.137,0.317,6.4,32.17
7.815,0.1,2644.639,458.416,0.262,0.003,62.515,43.188,4.391,0.569,0.391,0.045,0.133,0.569,0.025,0.076,1.887e-4,0,-0.005,1.065,1.071,1.618e-6,918.081,0.001,337.132,0.317,6.4,32.17
7.828,0.094,2644.607,458.383,0.262,0.003,62.517,43.187,4.33,0.568,0.391,0.045,0.133,0.568,0.023,0.071,-4.538e-4,0,-0.005,1.065,1.071,3.842e-6,917.928,0.001,337.126,0.317,6.4,32.17
7.841,0.087,2644.575,458.351,0.262,0.003,62.526,43.187,4.27,0.568,0.391,0.044,0.133,0.568,0.022,0.066,2.403e-4,0,-0.005,1.065,1.071,4.713e-6,917.777,0.001,337.121,0.316,6.4,32.17
7.853,0.077,2644.542,458.319,0.262,0.003,62.539,43.186,4.21,0.568,0.391,0.044,0.133,0.568,0.019,0.058,-4.476e-4,0,-0.005,1.065,1.07,3.285e-6,917.626,0.001,337.116,0.316,6.4,32.17
7.866,0.053,2644.51,458.287,0.262,0.003,62.55,43.186,4.15,0.568,0.391,0.044,0.133,0.568,0.013,0.04,3.569e-4,0,-0.005,1.065,1.07,9.03e-7,917.476,0.001,337.11,0.315,6.4,32.17
7.879,0.035,2644.478,458.255,0.262,0.003,62.548,43.186,4.089,0.568,0.391,0.044,0.133,0.568,0.009,0.027,-3.394e-4,0,-0.005,1.065,1.07,-9.715e-7,917.325,0.001,337.105,0.315,6.4,32.17
7.892,0.03,2644.446,458.223,0.262,0.003,62.54,43.185,4.028,0.568,0.391,0.044,0.133,0.568,0.007,0.022,3.195e-4,0,-0.005,1.065,1.07,-8.942e-6,917.173,0.001,337.1,0.314,6.4,32.17
7.905,0.037,2644.413,458.19,0.262,0.003,62.546,43.185,3.967,0.568,0.391,0.044,0.133,0.568,0.009,0.028,-2.201e-4,0,-0.005,1.065,1.07,-8.285e-6,917.021,0.001,337.094,0.314,6.4,32.17
7.918,0.048,2644.381,458.158,0.262,0.003,62.547,43.184,3.906,0.568,0.391,0.044,0.133,0.568,0.012,0.037,-5.824e-5,0,-0.005,1.065,1.07,-4.487e-6,916.87,0.001,337.089,0.313,6.4,32.17
7.931,0.055,2644.349,458.125,0.262,0.003,62.547,43.184,3.846,0.567,0.391,0.044,0.133,0.567,0.014,0.042,4.913e-4,0,-0.005,1.065,1.07,-1.41e-6,916.719,0.001,337.084,0.313,6.4,32.17
7.944,0.057,2644.316,458.093,0.262,0.003,62.546,43.183,3.785,0.567,0.391,0.044,0.133,0.567,0.014,0.043,3.018e-4,0,-0.005,1.065,1.07,-3.51e-8,916.569,0.001,337.078,0.312,6.4,32.17
7.956,0.051,2644.284,458.061,0.262,0.003,62.545,43.183,3.724,0.567,0.391,0.044,0.133,0.567,0.013,0.038,-2.509e-4,0,-0.005,1.065,1.07,8.904e-7,916.419,0.001,337.073,0.312,6.4,32.17
7.969,0.037,2644.252,458.028,0.262,0.003,62.543,43.183,3.664,0.567,0.391,0.043,0.133,0.567,0.009,0.028,4.01e-5,0,-0.005,1.065,1.07,4.429e-6,916.269,0.001,337.068,0.311,6.4,32.17
7.982,0.022,2644.22,457.996,0.262,0.003,62.54,43.182,3.603,0.567,0.391,0.043,0.133,0.567,0.005,0.017,-9.906e-5,0,-0.005,1.065,1.07,7.866e-6,916.12,0.001,337.062,0.311,6.4,32.17
7.995,0.02,2644.187,457.964,0.262,0.003,62.559,43.182,3.542,0.567,0.391,0.043,0.133,0.567,0.005,0.015,2.244e-4,0,-0.005,1.065,1.07,4.319e-8,915.97,0.001,337.057,0.31,6.4,32.17
8.008,0.042,2644.155,457.932,0.262,0.003,62.542,43.181,3.482,0.567,0.391,0.043,0.132,0.567,0.01,0.032,-4.78e-4,0,-0.005,1.065,1.07,-3.432e-6,915.821,0.001,337.052,0.31,6.4,32.17
8.021,0.071,2644.123,457.899,0.262,0.003,62.523,43.181,3.421,0.567,0.391,0.043,0.132,0.567,0.018,0.053,2.803e-4,0,-0.005,1.065,1.07,-4.666e-6,915.672,0.001,337.047,0.309,6.4,32.17
8.034,0.098,2644.09,457.867,0.262,0.003,62.508,43.18,3.36,0.567,0.391,0.043,0.132,0.567,0.025,0.075,-4.327e-4,0,-0.005,1.065,1.07,-3.291e-6,915.523,0.001,337.041,0.309,6.4,32.17
8.047,0.124,2644.058,457.834,0.262,0.003,62.498,43.18,3.299,0.566,0.391,0.043,0.132,0.566,0.031,0.093,4.888e-4,0,-0.005,1.064,1.07,-1.123e-6,915.374,0.001,337.036,0.308,6.4,32.17
8.059,0.13,2644.025,457.802,0.262,0.003,62.499,43.18,3.238,0.566,0.391,0.043,0.132,0.566,0.032,0.097,3.396e-4,0,-0.006,1.064,1.07,-5.991e-9,915.226,0.001,337.031,0.308,6.4,32.17
8.072,0.126,2643.993,457.77,0.262,0.003,62.505,43.179,3.178,0.566,0.391,0.043,0.132,0.566,0.031,0.095,-4.5e-4,0,-0.006,1.064,1.07,8.201e-7,915.078,0.001,337.026,0.308,6.4,32.17
8.085,0.118,2643.961,457.738,0.262,0.003,62.513,43.179,3.117,0.566,0.391,0.043,0.132,0.566,0.03,0.09,-2.265e-4,0,-0.006,1.064,1.07,3.117e-6,914.932,0.001,337.021,0.307,6.4,32.17
8.098,0.108,2643.929,457.706,0.262,0.003,62.52,43.178,3.057,0.566,0.391,0.043,0.132,0.566,0.027,0.082,-2.867e-4,0,-0.006,1.064,1.07,5.677e-6,914.786,0.001,337.015,0.307,6.4,32.17
8.11,0.097,2643.897,457.674,0.262,0.003,62.525,43.178,2.998,0.566,0.391,0.042,0.132,0.566,0.024,0.073,-4.632e-4,0,-0.006,1.064,1.07,6.875e-6,914.641,0.001,337.01,0.306,6.4,32.17
8.123,0.087,2643.866,457.642,0.262,0.003,62.524,43.177,2.938,0.566,0.391,0.042,0.132,0.566,0.022,0.066,-2.62e-5,0,-0.006,1.064,1.07,5.504e-6,914.496,0.001,337.005,0.306,6.4,32.17
8.136,0.08,2643.834,457.611,0.262,0.003,62.518,43.177,2.878,0.566,0.391,0.042,0.132,0.566,0.02,0.06,4.476e-4,0,-0.006,1.064,1.07,2.102e-6,914.352,0.001,337,0.305,6.4,32.17
8.142,0.077,2643.818,457.595,0.262,0.003,62.515,43.177,2.849,0.565,0.391,0.042,0.132,0.566,0.019,0.059,-1.645e-4,0,-0.006,1.064,1.07,6.398e-7,914.281,0.001,336.998,0.305,6.4,32.17
8.151,0.076,2643.808,457.585,0.262,0.003,62.513,43.177,2.819,0.565,0.391,0.042,0.132,0.565,0.019,0.058,-2.923e-4,0,-0.006,1.064,1.07,-9.788e-8,914.174,0.001,336.994,0.305,6.4,32.17
8.164,0.075,2643.795,457.572,0.262,0.003,62.517,43.176,2.779,0.565,0.391,0.042,0.132,0.565,0.019,0.057,1.405e-4,0,-0.006,1.064,1.07,-3.219e-6,914.032,0.001,336.989,0.304,6.4,32.17
8.176,0.079,2643.782,457.558,0.262,0.003,62.524,43.176,2.739,0.565,0.391,0.042,0.132,0.565,0.02,0.06,4.532e-4,0,-0.006,1.064,1.07,-7.349e-6,913.889,0.001,336.984,0.304,6.4,32.17
8.189,0.086,2643.769,457.545,0.262,0.003,62.526,43.176,2.698,0.565,0.391,0.042,0.132,0.565,0.021,0.065,4.65e-4,0,-0.006,1.064,1.07,-8.595e-6,913.747,0.001,336.979,0.303,6.4,32.17
8.202,0.093,2643.755,457.532,0.262,0.003,62.524,43.176,2.658,0.565,0.391,0.042,0.132,0.565,0.023,0.07,1.205e-4,0,-0.006,1.064,1.07,-6.812e-6,913.606,0.001,336.974,0.303,6.4,32.17
8.214,0.106,2643.742,457.519,0.262,0.003,62.516,43.176,2.618,0.565,0.391,0.042,0.132,0.565,0.026,0.08,-4.19e-4,0,-0.006,1.064,1.07,-3.783e-6,913.465,0.001,336.969,0.302,6.4,32.17
8.227,0.117,2643.729,457.506,0.262,0.003,62.508,43.176,2.578,0.565,0.391,0.042,0.132,0.565,0.029,0.089,1.293e-4,0,-0.006,1.064,1.07,-1.21e-6,913.324,0.001,336.964,0.302,6.4,32.17
8.239,0.125,2643.716,457.492,0.262,0.003,62.5,43.175,2.538,0.565,0.391,0.042,0.132,0.565,0.031,0.095,4.856e-4,0,-0.006,1.064,1.07,-1.761e-8,913.183,0.001,336.959,0.301,6.4,32.17
8.252,0.128,2643.702,457.479,0.262,0.003,62.494,43.175,2.498,0.564,0.391,0.041,0.132,0.564,0.032,0.097,3.822e-4,0,-0.006,1.064,1.07,7.895e-7,913.041,0.001,336.954,0.301,6.4,32.17
8.264,0.118,2643.689,457.466,0.262,0.003,62.494,43.175,2.458,0.564,0.391,0.041,0.132,0.564,0.029,0.089,4.954e-4,0,-0.006,1.064,1.07,3.362e-6,912.9,0.001,336.949,0.3,6.4,32.17
8.277,0.105,2643.676,457.453,0.262,0.003,62.497,43.175,2.418,0.564,0.391,0.041,0.132,0.564,0.026,0.079,8.014e-5,0,-0.006,1.064,1.07,6.482e-6,912.76,0.001,336.944,0.3,6.4,32.17
8.289,0.089,2643.663,457.439,0.262,0.003,62.505,43.175,2.378,0.564,0.391,0.041,0.132,0.564,0.022,0.068,-9.181e-5,0,-0.006,1.064,1.07,8.355e-6,912.62,0.001,336.939,0.299,6.4,32.17
8.302,0.074,2643.649,457.426,0.262,0.003,62.517,43.175,2.338,0.564,0.391,0.041,0.132,0.564,0.018,0.056,3.544e-4,0,-0.006,1.064,1.07,7.292e-6,912.481,0.001,336.934,0.299,6.4,32.17
8.314,0.062,2643.636,457.413,0.262,0.003,62.529,43.174,2.298,0.564,0.391,0.041,0.132,0.564,0.016,0.047,-2.692e-4,0,-0.006,1.063,1.07,3.328e-6,912.341,0.001,336.929,0.298,6.4,32.17
8.327,0.056,2643.623,457.4,0.262,0.003,62.534,43.174,2.258,0.564,0.391,0.041,0.132,0.564,0.014,0.042,2.154e-4,0,-0.006,1.063,1.07,4.486e-8,912.203,0.001,336.924,0.298,6.4,32.17
8.339,0.056,2643.61,457.387,0.262,0.003,62.528,43.174,2.218,0.564,0.391,0.041,0.132,0.564,0.014,0.042,-2.675e-5,0,-0.006,1.063,1.07,-2.5e-6,912.064,0.001,336.919,0.297,6.4,32.17
8.352,0.062,2643.597,457.373,0.262,0.003,62.516,43.174,2.178,0.564,0.391,0.041,0.131,0.564,0.015,0.046,3.176e-4,0,-0.006,1.063,1.07,-7.488e-6,911.926,0.001,336.915,0.297,6.4,32.17
8.364,0.071,2643.584,457.36,0.262,0.003,62.508,43.174,2.138,0.563,0.391,0.041,0.131,0.564,0.018,0.053,9.148e-6,0,-0.006,1.063,1.069,-9.207e-6,911.788,0.001,336.91,0.297,6.4,32.17
8.376,0.08,2643.57,457.347,0.262,0.003,62.504,43.173,2.098,0.563,0.391,0.041,0.131,0.563,0.02,0.06,4.041e-5,0,-0.006,1.063,1.069,-8.325e-6,911.65,0.001,336.905,0.296,6.4,32.17
8.389,0.088,2643.557,457.334,0.262,0.003,62.503,43.173,2.058,0.563,0.391,0.041,0.131,0.563,0.022,0.067,-4.969e-4,0,-0.006,1.063,1.069,-5.966e-6,911.513,0.001,336.9,0.296,6.4,32.17
8.401,0.094,2643.544,457.321,0.262,0.003,62.504,43.173,2.018,0.563,0.391,0.04,0.131,0.563,0.023,0.071,3.865e-4,0,-0.006,1.063,1.069,-3.26e-6,911.375,0.001,336.895,0.295,6.4,32.17
8.414,0.093,2643.531,457.308,0.262,0.003,62.51,43.173,1.978,0.563,0.391,0.04,0.131,0.563,0.023,0.07,4.04e-4,0,-0.006,1.063,1.069,-1.015e-6,911.238,0.001,336.89,0.295,6.4,32.17
8.426,0.089,2643.518,457.294,0.262,0.003,62.516,43.173,1.939,0.563,0.391,0.04,0.131,0.563,0.022,0.067,1.957e-4,0,-0.006,1.063,1.069,-2.114e-8,911.101,0.001,336.886,0.294,6.4,32.17
8.439,0.081,2643.505,457.281,0.262,0.003,62.521,43.173,1.899,0.563,0.391,0.04,0.131,0.563,0.02,0.061,-4.952e-4,0,-0.006,1.063,1.069,4.754e-7,910.965,0.001,336.881,0.294,6.4,32.17
8.451,0.071,2643.492,457.268,0.262,0.003,62.524,43.172,1.859,0.563,0.391,0.04,0.131,0.563,0.018,0.053,1.754e-4,0,-0.006,1.063,1.069,1.966e-6,910.83,0.001,336.876,0.293,6.4,32.17
8.463,0.058,2643.479,457.255,0.262,0.003,62.524,43.172,1.82,0.563,0.391,0.04,0.131,0.563,0.014,0.044,6.884e-5,0,-0.006,1.063,1.069,3.605e-6,910.695,0.001,336.871,0.293,6.4,32.17
8.476,0.044,2643.466,457.242,0.262,0.003,62.521,43.172,1.78,0.563,0.391,0.04,0.131,0.563,0.011,0.033,2.476e-4,0,-0.006,1.063,1.069,4.023e-6,910.56,0.001,336.866,0.292,6.4,32.17
8.488,0.033,2643.453,457.229,0.262,0.003,62.519,43.172,1.741,0.562,0.391,0.04,0.131,0.562,0.008,0.024,2.244e-5,0,-0.006,1.063,1.069,1.737e-6,910.426,0.001,336.862,0.292,6.4,32.17
8.5,0.029,2643.44,457.216,0.262,0.003,62.531,43.172,1.702,0.562,0.391,0.04,0.131,0.562,0.007,0.021,-2.876e-4,0,-0.007,1.063,1.069,-1.748e-7,910.292,0.001,336.857,0.291,6.4,32.17
8.513,0.016,2643.427,457.203,0.262,0.003,62.538,43.172,1.662,0.562,0.392,0.04,0.131,0.562,0.004,0.012,2.141e-4,0,-0.006,1.063,1.069,-3.039e-7,910.158,0.001,336.852,0.291,6.4,32.17
8.525,0.008,2643.413,457.19,0.262,0.003,62.532,43.171,1.623,0.562,0.392,0.04,0.131,0.562,0.002,0.006,-2.722e-4,0,-0.006,1.063,1.069,4.241e-7,910.024,0.001,336.848,0.29,6.4,32.17
8.537,0.012,2643.4,457.177,0.262,0.003,62.526,43.171,1.583,0.562,0.392,0.04,0.131,0.562,0.003,0.009,2.397e-4,0,-0.006,1.063,1.069,4.199e-6,909.89,0.001,336.843,0.29,6.4,32.17
8.55,0.022,2643.387,457.164,0.262,0.003,62.522,43.171,1.543,0.562,0.392,0.04,0.131,0.562,0.005,0.016,-3.945e-4,0,-0.006,1.063,1.069,4.086e-6,909.755,0.001,336.838,0.289,6.4,32.17
8.562,0.025,2643.374,457.151,0.262,0.003,62.521,43.171,1.503,0.562,0.392,0.039,0.131,0.562,0.006,0.019,3.349e-4,0,-0.007,1.063,1.069,2.252e-6,909.62,0.001,336.833,0.289,6.4,32.17
8.575,0.031,2643.361,457.137,0.262,0.003,62.525,43.171,1.463,0.562,0.392,0.039,0.131,0.562,0.008,0.024,4.238e-4,0,-0.007,1.063,1.069,5.321e-7,909.486,0.001,336.829,0.289,6.4,32.17
8.587,0.039,2643.348,457.124,0.262,0.003,62.528,43.171,1.423,0.562,0.392,0.039,0.131,0.562,0.01,0.029,-1.674e-4,0,-0.007,1.063,1.069,0,909.351,0.001,336.824,0.288,6.4,32.17
8.6,0.05,2643.334,457.111,0.262,0.003,62.528,43.17,1.383,0.562,0.392,0.039,0.131,0.562,0.012,0.038,4.567e-4,0,-0.007,1.062,1.069,-4.953e-7,909.217,0.001,336.819,0.288,6.4,32.17
8.612,0.044,2643.321,457.098,0.262,0.003,62.528,43.17,1.343,0.561,0.392,0.039,0.131,0.561,0.011,0.033,-3.114e-4,0,-0.007,1.062,1.069,-2.912e-6,909.083,0.001,336.814,0.287,6.4,32.17
8.625,0.042,2643.308,457.085,0.262,0.003,62.519,43.17,1.303,0.561,0.392,0.039,0.131,0.561,0.01,0.032,-8.127e-5,0,-0.007,1.062,1.069,-5.048e-6,908.95,0.001,336.81,0.287,6.4,32.17
8.637,0.042,2643.295,457.072,0.262,0.003,62.512,43.17,1.264,0.561,0.392,0.039,0.131,0.561,0.01,0.032,-4.282e-4,0,-0.007,1.062,1.069,-4.663e-6,908.818,0.001,336.805,0.286,6.4,32.17
8.649,0.042,2643.282,457.059,0.262,0.003,62.511,43.17,1.224,0.561,0.392,0.039,0.131,0.561,0.011,0.032,-4.725e-4,0,-0.007,1.062,1.069,-2.672e-6,908.687,0.001,336.8,0.286,6.4,32.17
8.662,0.049,2643.269,457.046,0.262,0.003,62.508,43.169,1.185,0.561,0.392,0.039,0.131,0.561,0.012,0.037,2.238e-5,0,-0.007,1.062,1.069,-1.969e-6,908.557,0.001,336.796,0.285,6.4,32.17
8.674,0.06,2643.256,457.033,0.262,0.003,62.503,43.169,1.146,0.561,0.392,0.039,0.131,0.561,0.015,0.045,3.813e-4,0,-0.007,1.062,1.069,-1.109e-6,908.426,0.001,336.791,0.285,6.4,32.17
8.686,0.071,2643.243,457.02,0.262,0.003,62.499,43.169,1.106,0.561,0.392,0.039,0.131,0.561,0.018,0.054,1.752e-4,0,-0.007,1.062,1.069,-3.1e-7,908.295,0.001,336.787,0.284,6.4,32.17
8.699,0.083,2643.23,457.007,0.262,0.003,62.495,43.169,1.067,0.561,0.392,0.039,0.13,0.561,0.021,0.062,-3.46e-4,0,-0.007,1.062,1.069,0,908.164,0.001,336.782,0.284,6.4,32.17
8.711,0.089,2643.217,456.994,0.262,0.003,62.494,43.169,1.027,0.561,0.392,0.038,0.13,0.561,0.022,0.066,-4.494e-4,0,-0.007,1.062,1.069,6.318e-7,908.033,0.001,336.777,0.283,6.4,32.17
8.723,0.092,2643.204,456.981,0.262,0.003,62.496,43.169,0.987,0.561,0.392,0.038,0.13,0.561,0.023,0.069,-3.94e-4,0,-0.007,1.062,1.069,2.39e-6,907.903,0.001,336.773,0.283,6.4,32.17
8.735,0.094,2643.192,456.968,0.262,0.003,62.499,43.168,0.95,0.56,0.392,0.038,0.13,0.56,0.023,0.071,4.107e-4,0,-0.007,1.062,1.069,4.95e-6,907.779,0.001,336.768,0.282,6.4,32.17
8.747,0.092,2643.188,456.965,0.262,0.003,62.504,43.168,0.904,0.56,0.392,0.038,0.13,0.56,0.023,0.069,4.117e-4,0,-0.007,1.062,1.069,8.066e-6,907.649,0.001,336.764,0.282,6.4,32.17
8.76,0.087,2643.185,456.962,0.262,0.003,62.508,43.168,0.859,0.56,0.392,0.038,0.13,0.56,0.022,0.065,1.826e-4,0,-0.007,1.062,1.069,1.047e-5,907.519,0.001,336.759,0.282,6.4,32.17
8.772,0.08,2643.182,456.958,0.262,0.003,62.511,43.168,0.813,0.56,0.392,0.038,0.13,0.56,0.02,0.06,3.032e-4,0,-0.007,1.062,1.069,1.07e-5,907.389,0.001,336.755,0.281,6.4,32.17
8.784,0.074,2643.178,456.955,0.262,0.003,62.509,43.168,0.768,0.56,0.392,0.038,0.13,0.56,0.019,0.056,4.482e-4,0,-0.007,1.062,1.069,7.735e-6,907.26,0.001,336.75,0.281,6.4,32.17
8.797,0.071,2643.175,456.952,0.262,0.003,62.502,43.168,0.723,0.56,0.392,0.038,0.13,0.56,0.018,0.053,-4.693e-4,0,-0.007,1.062,1.069,2.832e-6,907.131,0.001,336.746,0.28,6.4,32.17
8.809,0.069,2643.172,456.949,0.262,0.003,62.496,43.168,0.677,0.56,0.392,0.038,0.13,0.56,0.017,0.052,-1.873e-7,0,-0.007,1.062,1.069,8.105e-9,907.002,0.001,336.741,0.28,6.4,32.17
8.821,0.072,2643.169,456.945,0.262,0.003,62.494,43.168,0.632,0.56,0.392,0.038,0.13,0.56,0.018,0.054,-3.61e-4,0,-0.007,1.062,1.069,-2.338e-6,906.874,0.001,336.736,0.279,6.4,32.17
8.834,0.08,2643.165,456.942,0.262,0.003,62.497,43.168,0.587,0.56,0.392,0.038,0.13,0.56,0.02,0.06,4.627e-4,0,-0.007,1.062,1.069,-7.05e-6,906.746,0.001,336.732,0.279,6.4,32.17
8.846,0.089,2643.162,456.939,0.262,0.003,62.5,43.168,0.542,0.56,0.392,0.038,0.13,0.56,0.022,0.067,-4.394e-4,0,-0.007,1.062,1.069,-9.955e-6,906.619,0.001,336.727,0.278,6.4,32.17
8.858,0.106,2643.159,456.936,0.262,0.003,62.496,43.168,0.497,0.559,0.392,0.038,0.13,0.559,0.026,0.08,-1.614e-5,0,-0.007,1.062,1.069,-9.223e-6,906.492,0.001,336.723,0.278,6.4,32.17
8.87,0.125,2643.156,456.932,0.262,0.003,62.49,43.168,0.451,0.559,0.392,0.037,0.13,0.559,0.031,0.095,2.523e-5,0,-0.007,1.062,1.069,-6.641e-6,906.365,0.001,336.719,0.277,6.4,32.17
8.883,0.143,2643.152,456.929,0.262,0.003,62.483,43.168,0.406,0.559,0.392,0.037,0.13,0.559,0.036,0.107,4.868e-4,0,-0.007,1.062,1.069,-3.581e-6,906.238,0.001,336.714,0.277,6.4,32.17
8.895,0.158,2643.149,456.926,0.262,0.003,62.475,43.168,0.361,0.559,0.392,0.037,0.13,0.559,0.04,0.119,-2.143e-4,0,-0.007,1.061,1.069,-1.046e-6,906.111,0.001,336.71,0.276,6.4,32.17
8.907,0.159,2643.146,456.923,0.262,0.003,62.471,43.168,0.316,0.559,0.392,0.037,0.13,0.559,0.04,0.12,-6.334e-6,0,-0.007,1.061,1.069,0,905.985,0.001,336.705,0.276,6.4,32.17
8.92,0.149,2643.143,456.919,0.262,0.003,62.47,43.168,0.27,0.559,0.392,0.037,0.13,0.559,0.037,0.112,1.599e-4,0,-0.007,1.061,1.069,7.538e-7,905.858,0.001,336.701,0.275,6.4,32.17
8.932,0.136,2643.14,456.916,0.262,0.003,62.47,43.168,0.225,0.559,0.392,0.037,0.13,0.559,0.034,0.102,-4.872e-4,0,-0.007,1.061,1.069,2.667e-6,905.733,0.001,336.696,0.275,6.4,32.17
8.944,0.12,2643.136,456.913,0.262,0.003,62.472,43.168,0.181,0.559,0.392,0.037,0.13,0.559,0.03,0.09,3.899e-4,0,-0.007,1.061,1.069,4.662e-6,905.608,0.001,336.692,0.275,6.4,32.17
8.956,0.114,2643.133,456.91,0.262,0.003,62.473,43.168,0.136,0.559,0.392,0.037,0.13,0.559,0.029,0.086,-6.833e-6,0,-0.007,1.061,1.069,6.139e-6,905.484,0.001,336.687,0.274,6.4,32.17
8.968,0.119,2643.13,456.907,0.262,0.003,62.472,43.168,0.091,0.559,0.392,0.037,0.13,0.559,0.03,0.09,3.167e-4,0,-0.007,1.061,1.069,7.501e-6,905.36,0.001,336.683,0.274,6.4,32.17
8.98,0.124,2643.127,456.903,0.262,0.003,62.473,43.168,0.046,0.558,0.392,0.037,0.13,0.558,0.031,0.093,-1.546e-4,0,-0.007,1.061,1.069,7.928e-6,905.236,0.001,336.679,0.273,6.4,32.17
8.993,0.129,2643.123,456.9,0.262,0.003,62.476,43.168,0,0.558,0.392,0.037,0.13,0.558,0.032,0.097,-1.281e-4,0,-0.007,1.061,1.069,7.016e-6,905.108,0.001,336.674,0.273,6.4,32.17
9.005,0.14,2643.123,456.9,0.262,0.003,62.476,43.168,0,0.558,0.392,0.037,0.13,0.558,0.035,0.105,-4.712e-4,0,-0.007,1.061,1.069,5.419e-6,904.983,0.001,336.67,0.272,6.4,32.17
9.018,0.159,2643.123,456.9,0.262,0.003,62.472,43.168,0,0.558,0.392,0.037,0.13,0.558,0.04,0.12,-1.146e-4,0,-0.007,1.061,1.069,3.923e-6,904.859,0.001,336.665,0.272,6.4,32.17
9.03,0.18,2643.123,456.9,0.262,0.003,62.464,43.168,0,0.558,0.392,0.037,0.13,0.558,0.045,0.135,-2.952e-4,0,-0.007,1.061,1.068,2.398e-6,904.734,0.001,336.661,0.271,6.4,32.17
9.042,0.202,2643.123,456.9,0.262,0.003,62.453,43.168,0,0.558,0.392,0.036,0.13,0.558,0.051,0.153,-2.899e-4,0,-0.007,1.061,1.068,1.199e-6,904.609,0.001,336.657,0.271,6.4,32.17
9.055,0.215,2643.123,456.9,0.262,0.003,62.443,43.168,0,0.558,0.392,0.036,0.13,0.558,0.054,0.162,4.572e-4,0,-0.008,1.061,1.068,2.496e-7,904.483,0.001,336.652,0.27,6.4,32.17
9.067,0.213,2643.123,456.9,0.262,0.003,62.437,43.168,0,0.558,0.392,0.036,0.129,0.558,0.053,0.16,1.619e-4,0,-0.008,1.061,1.068,-1.856e-7,904.358,0.001,336.648,0.27,6.4,32.17
9.079,0.213,2643.123,456.9,0.262,0.003,62.431,43.168,0,0.558,0.392,0.036,0.129,0.558,0.053,0.16,7.834e-5,0,-0.008,1.061,1.068,-1.69e-6,904.234,0.001,336.643,0.269,6.4,32.17
9.092,0.216,2643.123,456.9,0.262,0.003,62.429,43.168,0,0.558,0.392,0.036,0.129,0.558,0.054,0.163,2.775e-4,0,-0.008,1.061,1.069,-3.826e-6,904.111,0.001,336.639,0.269,6.4,32.17
9.104,0.222,2643.123,456.9,0.262,0.003,62.43,43.168,0,0.557,0.392,0.036,0.129,0.558,0.055,0.167,-7.77e-5,0,-0.008,1.061,1.069,-5.16e-6,903.988,0.001,336.635,0.269,6.4,32.17
9.116,0.231,2643.123,456.9,0.262,0.003,62.432,43.168,0,0.557,0.392,0.036,0.129,0.557,0.058,0.174,3.878e-4,0,-0.008,1.061,1.068,-4.839e-6,903.865,0.001,336.63,0.268,6.4,32.17
9.129,0.238,2643.123,456.9,0.262,0.003,62.434,43.168,0,0.557,0.392,0.036,0.129,0.557,0.059,0.179,-1.763e-4,0,-0.008,1.061,1.068,-3.414e-6,903.743,0.001,336.626,0.268,6.4,32.17
9.141,0.243,2643.123,456.9,0.262,0.003,62.435,43.168,0,0.557,0.392,0.036,0.129,0.557,0.061,0.183,7.27e-6,0,-0.008,1.061,1.068,-1.64e-6,903.621,0.001,336.622,0.267,6.4,32.17
9.153,0.247,2643.123,456.9,0.262,0.003,62.435,43.168,0,0.557,0.392,0.036,0.129,0.557,0.062,0.186,-4.165e-4,0,-0.008,1.061,1.068,-3.216e-7,903.499,0.001,336.617,0.267,6.4,32.17
9.165,0.25,2643.123,456.9,0.262,0.003,62.432,43.168,0,0.557,0.392,0.036,0.129,0.557,0.063,0.188,4.105e-5,0,-0.008,1.061,1.068,6.199e-8,903.378,0.001,336.613,0.266,6.4,32.17
9.178,0.251,2643.123,456.9,0.262,0.003,62.428,43.168,0,0.557,0.392,0.036,0.129,0.557,0.063,0.189,2.112e-5,0,-0.008,1.061,1.068,1.121e-6,903.256,0.001,336.609,0.266,6.4,32.17
9.19,0.248,2643.123,456.9,0.262,0.003,62.424,43.168,0,0.557,0.392,0.036,0.129,0.557,0.062,0.187,-1.929e-4,0,-0.008,1.061,1.068,3.173e-6,903.135,0.001,336.605,0.265,6.4,32.17
9.202,0.247,2643.123,456.9,0.262,0.003,62.419,43.168,0,0.557,0.392,0.035,0.129,0.557,0.062,0.186,9.273e-5,0,-0.008,1.06,1.068,5.737e-6,903.013,0.001,336.6,0.265,6.4,32.17
9.214,0.259,2643.123,456.9,0.262,0.003,62.411,43.168,0,0.557,0.392,0.035,0.129,0.557,0.065,0.195,3.758e-4,0,-0.008,1.06,1.068,9.901e-6,902.892,0.001,336.596,0.264,6.4,32.17
9.227,0.271,2643.123,456.9,0.262,0.003,62.404,43.168,0,0.556,0.392,0.035,0.129,0.557,0.068,0.204,-4.239e-4,0,-0.008,1.06,1.068,1.417e-5,902.769,0.001,336.592,0.264,6.4,32.17
9.239,0.282,2643.123,456.9,0.262,0.003,62.399,43.168,0,0.556,0.392,0.035,0.129,0.557,0.071,0.212,-2.751e-4,0,-0.008,1.06,1.068,1.745e-5,902.647,0.001,336.587,0.264,6.4,32.17
9.252,0.288,2643.123,456.9,0.262,0.003,62.399,43.168,0,0.556,0.392,0.035,0.129,0.556,0.072,0.216,-1.779e-4,0,-0.008,1.06,1.068,1.77e-5,902.524,0.001,336.583,0.263,6.4,32.17
9.264,0.267,2643.123,456.9,0.262,0.003,62.413,43.168,0,0.556,0.392,0.035,0.129,0.556,0.067,0.201,2.121e-4,0,-0.008,1.06,1.068,9.045e-6,902.4,0.001,336.579,0.263,6.4,32.17
9.277,0.252,2643.123,456.9,0.262,0.003,62.425,43.168,0,0.556,0.392,0.035,0.129,0.556,0.063,0.19,7.197e-5,0,-0.008,1.06,1.068,1.145e-6,902.278,0.001,336.574,0.262,6.4,32.17
9.289,0.245,2643.123,456.9,0.262,0.003,62.432,43.168,0,0.556,0.392,0.035,0.129,0.556,0.061,0.184,-1.369e-4,0,-0.008,1.06,1.068,-1.503e-6,902.157,0.001,336.57,0.262,6.4,32.17
9.302,0.246,2643.123,456.9,0.262,0.003,62.429,43.168,0,0.556,0.392,0.035,0.129,0.556,0.061,0.185,-1.584e-4,0,-0.008,1.06,1.068,-1.089e-5,902.037,0.001,336.566,0.261,6.4,32.17
9.314,0.255,2643.123,456.9,0.262,0.003,62.42,43.168,0,0.556,0.392,0.035,0.129,0.556,0.064,0.192,-2.359e-5,0,-0.008,1.06,1.068,-2.095e-5,901.917,0.001,336.562,0.261,6.4,32.17
9.326,0.266,2643.123,456.9,0.262,0.003,62.409,43.168,0,0.556,0.392,0.035,0.129,0.556,0.066,0.2,-1.279e-4,0,-0.008,1.06,1.068,-2.61e-5,901.797,0.001,336.557,0.26,6.4,32.17
9.339,0.278,2643.123,456.9,0.262,0.003,62.4,43.168,0,0.556,0.392,0.035,0.129,0.556,0.069,0.209,-4.555e-4,0,-0.008,1.06,1.068,-2.438e-5,901.678,0.001,336.553,0.26,6.4,32.17
9.351,0.287,2643.123,456.9,0.262,0.003,62.394,43.168,0,0.556,0.392,0.035,0.129,0.556,0.072,0.216,1.464e-4,0,-0.008,1.06,1.068,-1.769e-5,901.559,0.001,336.549,0.259,6.4,32.17
9.363,0.293,2643.123,456.9,0.262,0.003,62.393,43.168,0,0.555,0.392,0.035,0.129,0.556,0.073,0.22,-8.613e-6,0,-0.008,1.06,1.068,-9.471e-6,901.44,0.001,336.545,0.259,6.4,32.17
9.376,0.294,2643.123,456.9,0.262,0.003,62.396,43.168,0,0.555,0.392,0.034,0.129,0.555,0.074,0.221,4.728e-4,0,-0.008,1.06,1.068,-2.856e-6,901.321,0.001,336.541,0.258,6.4,32.17
9.388,0.29,2643.123,456.9,0.262,0.003,62.402,43.168,0,0.555,0.392,0.034,0.129,0.555,0.073,0.218,-2.733e-4,0,-0.008,1.06,1.068,-3.719e-8,901.203,0.001,336.537,0.258,6.4,32.17
9.4,0.281,2643.123,456.9,0.262,0.003,62.41,43.168,0,0.555,0.392,0.034,0.129,0.555,0.07,0.211,1.346e-4,0,-0.008,1.06,1.068,1.647e-6,901.085,0.001,336.532,0.258,6.4,32.17
9.413,0.271,2643.123,456.9,0.262,0.003,62.416,43.168,0,0.555,0.392,0.034,0.129,0.555,0.068,0.203,1.594e-5,0,-0.008,1.06,1.068,7.407e-6,900.967,0.001,336.528,0.257,6.4,32.17
9.425,0.258,2643.123,456.9,0.262,0.003,62.423,43.168,0,0.555,0.392,0.034,0.129,0.555,0.064,0.193,1.059e-4,0,-0.008,1.06,1.068,1.598e-5,900.849,0.001,336.524,0.257,6.4,32.17
9.437,0.242,2643.123,456.9,0.262,0.003,62.429,43.168,0,0.555,0.392,0.034,0.129,0.555,0.061,0.182,-3.326e-4,0,-0.008,1.06,1.068,2.533e-5,900.73,0.001,336.52,0.256,6.4,32.17
9.45,0.225,2643.123,456.9,0.262,0.003,62.434,43.168,0,0.555,0.392,0.034,0.129,0.555,0.056,0.169,3.346e-4,0,-0.008,1.06,1.068,3.295e-5,900.612,0.001,336.516,0.256,6.4,32.17
9.462,0.207,2643.123,456.9,0.262,0.003,62.438,43.168,0,0.555,0.392,0.034,0.128,0.555,0.052,0.156,3.531e-5,0,-0.008,1.06,1.068,3.548e-5,900.493,0.001,336.511,0.255,6.4,32.17
9.475,0.19,2643.123,456.9,0.262,0.003,62.44,43.168,0,0.555,0.392,0.034,0.128,0.555,0.047,0.142,-4.092e-4,0,-0.008,1.06,1.068,3.114e-5,900.374,0.001,336.507,0.255,6.4,32.17
9.488,0.175,2643.123,456.9,0.262,0.003,62.44,43.168,0,0.555,0.392,0.034,0.128,0.555,0.044,0.131,-1.606e-4,0,-0.008,1.06,1.068,2.03e-5,900.255,0.001,336.503,0.254,6.4,32.17
9.5,0.164,2643.123,456.9,0.262,0.003,62.439,43.168,0,0.554,0.392,0.034,0.128,0.554,0.041,0.123,3.827e-4,0,-0.008,1.06,1.068,7.37e-6,900.136,0.001,336.499,0.254,6.4,32.17
9.513,0.158,2643.123,456.9,0.262,0.003,62.441,43.168,0,0.554,0.392,0.034,0.128,0.554,0.039,0.118,3.011e-4,0,-0.008,1.06,1.068,0,900.017,0.001,336.495,0.253,6.4,32.17
9.525,0.159,2643.123,456.9,0.262,0.003,62.444,43.168,0,0.554,0.392,0.034,0.128,0.554,0.04,0.12,4.376e-4,0,-0.009,1.059,1.068,-7.225e-6,899.898,0.001,336.491,0.253,6.4,32.17
9.538,0.168,2643.123,456.9,0.262,0.003,62.447,43.168,0,0.554,0.392,0.034,0.128,0.554,0.042,0.126,9.57e-5,0,-0.009,1.059,1.068,-2.343e-5,899.78,0.001,336.486,0.253,6.4,32.17
9.551,0.181,2643.123,456.9,0.262,0.003,62.447,43.168,0,0.554,0.392,0.033,0.128,0.554,0.045,0.136,2.507e-4,0,-0.009,1.059,1.068,-3.798e-5,899.661,0.001,336.482,0.252,6.4,32.17
9.563,0.198,2643.123,456.9,0.262,0.003,62.443,43.168,0,0.554,0.392,0.033,0.128,0.554,0.049,0.149,-3.786e-4,0,-0.009,1.059,1.068,-5.053e-5,899.543,0.001,336.478,0.252,6.4,32.17
9.576,0.216,2643.123,456.9,0.262,0.003,62.433,43.168,0,0.554,0.392,0.033,0.128,0.554,0.054,0.163,1.992e-4,0,-0.009,1.059,1.068,-4.644e-5,899.426,0.001,336.474,0.251,6.4,32.17
9.588,0.232,2643.123,456.9,0.262,0.003,62.422,43.168,0,0.554,0.392,0.033,0.128,0.554,0.058,0.174,8.43e-5,0,-0.009,1.059,1.068,-3.229e-5,899.31,0.001,336.47,0.251,6.4,32.17
9.601,0.243,2643.123,456.9,0.262,0.003,62.413,43.168,0,0.554,0.392,0.033,0.128,0.554,0.061,0.183,-2.765e-4,0,-0.009,1.059,1.068,-1.62e-5,899.194,0.001,336.466,0.25,6.4,32.17
9.613,0.246,2643.123,456.9,0.262,0.003,62.407,43.168,0,0.554,0.392,0.033,0.128,0.554,0.062,0.185,-9.952e-5,0,-0.009,1.059,1.068,-4.537e-6,899.078,0.001,336.462,0.25,6.4,32.17
9.625,0.243,2643.123,456.9,0.262,0.003,62.405,43.168,0,0.554,0.392,0.033,0.128,0.554,0.061,0.182,7.42e-5,0,-0.009,1.059,1.068,-2.054e-8,898.963,0.001,336.458,0.249,6.4,32.17
9.638,0.232,2643.123,456.9,0.262,0.003,62.408,43.168,0,0.553,0.392,0.033,0.128,0.554,0.058,0.175,-8.644e-5,0,-0.009,1.059,1.068,3.26e-6,898.848,0.001,336.454,0.249,6.4,32.17
9.65,0.216,2643.123,456.9,0.262,0.003,62.415,43.168,0,0.553,0.392,0.033,0.128,0.553,0.054,0.162,1.263e-4,0,-0.009,1.059,1.068,1.293e-5,898.734,0.001,336.449,0.248,6.4,32.17
9.663,0.194,2643.123,456.9,0.262,0.003,62.427,43.168,0,0.553,0.392,0.033,0.128,0.553,0.048,0.146,-7.058e-5,0,-0.009,1.059,1.068,2.631e-5,898.625,0.001,336.445,0.248,6.4,32.17
9.675,0.169,2643.123,456.9,0.262,0.003,62.442,43.168,0,0.553,0.392,0.033,0.128,0.553,0.042,0.127,-2.41e-4,0,-0.009,1.059,1.068,3.743e-5,898.517,0.001,336.441,0.247,6.4,32.17
9.687,0.144,2643.123,456.9,0.262,0.003,62.458,43.168,0,0.553,0.392,0.033,0.128,0.553,0.036,0.108,6.701e-5,0,-0.009,1.059,1.068,3.877e-5,898.408,0.001,336.437,0.247,6.4,32.17
9.7,0.121,2643.123,456.9,0.262,0.003,62.47,43.168,0,0.553,0.392,0.033,0.128,0.553,0.03,0.091,3.025e-4,0,-0.009,1.059,1.068,2.421e-5,898.3,0.001,336.433,0.247,6.4,32.17
9.712,0.078,2643.123,456.9,0.262,0.003,62.486,43.168,0,0.553,0.392,0.033,0.128,0.553,0.02,0.059,4.256e-4,0,-0.009,1.059,1.068,2.537e-5,898.193,0.001,336.429,0.246,6.4,32.17
9.725,0.044,2643.123,456.9,0.262,0.003,62.5,43.168,0,0.553,0.392,0.033,0.128,0.553,0.011,0.033,-4.492e-4,0,-0.009,1.059,1.068,4.05e-5,898.084,0.001,336.425,0.246,6.4,32.17
9.737,0.033,2643.123,456.9,0.262,0.003,62.495,43.168,0,0.553,0.392,0.033,0.128,0.553,0.008,0.025,-4.315e-4,0,-0.009,1.059,1.068,7.254e-5,897.974,0.001,336.421,0.245,6.4,32.17
9.75,0.048,2643.123,456.9,0.262,0.003,62.482,43.168,0,0.553,0.392,0.032,0.128,0.553,0.012,0.036,-1.588e-4,0,-0.009,1.059,1.068,6.915e-5,897.864,0.001,336.417,0.245,6.4,32.17
9.763,0.014,2643.123,456.9,0.262,0.003,62.51,43.168,0,0.553,0.392,0.032,0.128,0.553,0.003,0.011,3.231e-4,0,-0.009,1.059,1.068,-2.766e-5,897.753,0.001,336.413,0.244,6.4,32.17
9.775,0.065,2643.123,456.9,0.262,0.003,62.488,43.168,0,0.553,0.392,0.032,0.128,0.553,0.016,0.048,-3.001e-4,0,-0.009,1.059,1.068,-6.246e-5,897.644,0.001,336.409,0.244,6.4,32.17
9.788,0.115,2643.123,456.9,0.262,0.003,62.469,43.168,0,0.552,0.393,0.032,0.128,0.552,0.029,0.087,3.972e-4,0,-0.009,1.059,1.068,-4.825e-5,897.535,0.001,336.405,0.243,6.4,32.17
9.8,0.158,2643.123,456.9,0.262,0.003,62.453,43.168,0,0.552,0.393,0.032,0.128,0.552,0.039,0.118,-4.456e-4,0,-0.009,1.059,1.068,-2.9e-5,897.428,0.001,336.401,0.243,6.4,32.17
9.813,0.137,2643.123,456.9,0.262,0.003,62.461,43.168,0,0.552,0.393,0.032,0.128,0.552,0.034,0.102,3.124e-4,0,-0.009,1.059,1.068,-1.39e-5,897.321,0.001,336.397,0.242,6.4,32.17
9.825,0.11,2643.123,456.9,0.262,0.003,62.471,43.168,0,0.552,0.393,0.032,0.128,0.552,0.027,0.083,1.212e-5,0,-0.009,1.059,1.068,-6.69e-6,897.214,0.001,336.393,0.242,6.4,32.17
9.838,0.082,2643.123,456.9,0.262,0.003,62.482,43.168,0,0.552,0.393,0.032,0.128,0.552,0.021,0.062,1.527e-4,0,-0.009,1.059,1.068,-6.301e-6,897.106,0.001,336.389,0.242,6.4,32.17
9.851,0.066,2643.123,456.9,0.262,0.003,62.487,43.168,0,0.552,0.393,0.032,0.128,0.552,0.016,0.05,2.051e-4,0,-0.009,1.059,1.068,-1.617e-5,896.997,0.001,336.385,0.241,6.4,32.17
9.863,0.071,2643.123,456.9,0.262,0.003,62.482,43.168,0,0.552,0.393,0.032,0.128,0.552,0.018,0.054,-3.692e-4,0,-0.009,1.059,1.068,-1.874e-5,896.888,0.001,336.381,0.241,6.4,32.17
9.876,0.082,2643.123,456.9,0.262,0.003,62.476,43.168,0,0.552,0.393,0.032,0.128,0.552,0.02,0.062,-2.984e-4,0,-0.009,1.058,1.068,-1.9e-5,896.78,0.001,336.377,0.24,6.4,32.17
9.889,0.096,2643.123,456.9,0.262,0.003,62.469,43.168,0,0.552,0.393,0.032,0.127,0.552,0.024,0.072,-3.019e-5,0,-0.009,1.058,1.068,-1.643e-5,896.672,0.001,336.373,0.24,6.4,32.17
9.902,0.11,2643.123,456.9,0.262,0.003,62.464,43.168,0,0.552,0.393,0.032,0.127,0.552,0.027,0.082,4.842e-4,0,-0.009,1.058,1.068,-1.152e-5,896.564,0.001,336.369,0.239,6.4,32.17
9.914,0.107,2643.123,456.9,0.262,0.003,62.467,43.168,0,0.552,0.393,0.032,0.127,0.552,0.027,0.079,1.021e-4,0,-0.01,1.058,1.068,-5.047e-6,896.456,0.001,336.365,0.239,6.4,32.17
9.927,0.1,2643.123,456.9,0.262,0.003,62.471,43.168,0,0.552,0.393,0.032,0.127,0.552,0.025,0.075,4.933e-4,0,-0.01,1.058,1.068,-1.522e-6,896.349,0.001,336.361,0.238,6.4,32.17
9.94,0.09,2643.123,456.9,0.262,0.003,62.475,43.168,0,0.552,0.393,0.032,0.127,0.552,0.022,0.067,-3.16e-4,0,-0.01,1.058,1.068,-1.865e-7,896.243,0.001,336.357,0.238,6.4,32.17
9.952,0.088,2643.123,456.9,0.262,0.003,62.475,43.168,0,0.551,0.393,0.031,0.127,0.551,0.022,0.066,2.386e-4,0,-0.01,1.058,1.068,7.443e-9,896.137,0.001,336.353,0.237,6.4,32.17
9.965,0.129,2643.123,456.9,0.262,0.003,62.46,43.168,0,0.551,0.393,0.031,0.127,0.551,0.032,0.097,4.271e-4,0,-0.01,1.058,1.068,1.18e-6,896.031,0.001,336.349,0.237,6.4,32.17
9.978,0.166,2643.123,456.9,0.262,0.003,62.446,43.168,0,0.551,0.393,0.031,0.127,0.551,0.041,0.124,-2.462e-5,0,-0.01,1.058,1.068,7.058e-6,895.925,0.001,336.345,0.237,6.4,32.17
9.99,0.197,2643.123,456.9,0.262,0.003,62.432,43.168,0,0.551,0.393,0.031,0.127,0.551,0.049,0.148,2.461e-4,0,-0.01,1.058,1.068,2.019e-5,895.818,0.001,336.341,0.236,6.4,32.17
10.003,0.213,2643.123,456.9,0.262,0.003,62.423,43.168,0,0.551,0.393,0.031,0.127,0.551,0.053,0.161,-5.157e-5,0,-0.01,1.058,1.068,4.025e-5,895.71,0.001,336.337,0.236,6.4,32.17
10.016,0.202,2643.123,456.9,0.262,0.003,62.424,43.168,0,0.551,0.393,0.031,0.127,0.551,0.05,0.151,-2.769e-4,0,-0.01,1.058,1.068,6.204e-5,895.603,0.001,336.334,0.235,6.4,32.17
10.029,0.186,2643.123,456.9,0.262,0.003,62.425,43.168,0,0.551,0.393,0.031,0.127,0.551,0.046,0.139,2.017e-4,0,-0.01,1.058,1.068,7.969e-5,895.495,0.001,336.33,0.235,6.4,32.17
10.042,0.168,2643.123,456.9,0.262,0.003,62.427,43.168,0,0.551,0.393,0.031,0.127,0.551,0.042,0.126,3.876e-4,0,-0.01,1.058,1.068,8.431e-5,895.388,0.001,336.326,0.234,6.4,32.17
10.055,0.147,2643.123,456.9,0.262,0.003,62.432,43.168,0,0.551,0.393,0.031,0.127,0.551,0.037,0.111,4.547e-4,0,-0.01,1.058,1.068,6.749e-5,895.282,0.001,336.322,0.234,6.4,32.17
10.068,0.126,2643.123,456.9,0.262,0.003,62.442,43.168,0,0.551,0.393,0.031,0.127,0.551,0.031,0.094,3.141e-4,0,-0.01,1.058,1.068,2.995e-5,895.175,0.001,336.318,0.233,6.4,32.17
10.081,0.116,2643.123,456.9,0.262,0.003,62.454,43.168,0,0.551,0.393,0.031,0.127,0.551,0.029,0.087,-4.552e-4,0,-0.01,1.058,1.068,6.148e-7,895.07,0.001,336.314,0.233,6.4,32.17
10.093,0.121,2643.123,456.9,0.262,0.003,62.459,43.168,0,0.551,0.393,0.031,0.127,0.551,0.03,0.091,-4.647e-4,0,-0.01,1.058,1.068,-1.796e-5,894.964,0.001,336.31,0.233,6.4,32.17
10.106,0.146,2643.123,456.9,0.262,0.003,62.45,43.168,0,0.55,0.393,0.031,0.127,0.551,0.036,0.11,-6.334e-5,0,-0.01,1.058,1.068,-5.317e-5,894.859,0.001,336.306,0.232,6.4,32.17
10.119,0.184,2643.123,456.9,0.262,0.003,62.432,43.168,0,0.55,0.393,0.031,0.127,0.55,0.046,0.139,-2.286e-4,0,-0.01,1.058,1.068,-7.07e-5,894.755,0.001,336.302,0.232,6.4,32.17
10.132,0.224,2643.123,456.9,0.262,0.003,62.412,43.168,0,0.55,0.393,0.031,0.127,0.55,0.056,0.168,-2.023e-4,0,-0.01,1.058,1.068,-7.215e-5,894.65,0.001,336.298,0.231,6.4,32.17
10.145,0.262,2643.123,456.9,0.262,0.003,62.392,43.168,0,0.55,0.393,0.031,0.127,0.55,0.065,0.197,-2.322e-5,0,-0.01,1.058,1.068,-6.146e-5,894.545,0.001,336.294,0.231,6.4,32.17
10.158,0.297,2643.123,456.9,0.262,0.003,62.375,43.168,0,0.55,0.393,0.031,0.127,0.55,0.074,0.223,1.397e-4,0,-0.01,1.058,1.068,-4.376e-5,894.44,0.001,336.29,0.23,6.4,32.17
10.17,0.327,2643.123,456.9,0.262,0.003,62.36,43.168,0,0.55,0.393,0.03,0.127,0.55,0.082,0.246,2.026e-4,0,-0.01,1.058,1.068,-2.448e-5,894.335,0.001,336.287,0.23,6.4,32.17
10.183,0.352,2643.123,456.9,0.262,0.003,62.349,43.168,0,0.55,0.393,0.03,0.127,0.55,0.088,0.264,-4.728e-4,0,-0.01,1.058,1.068,-8.641e-6,894.23,0.001,336.283,0.229,6.4,32.17
10.196,0.371,2643.123,456.9,0.262,0.003,62.341,43.168,0,0.55,0.393,0.03,0.127,0.55,0.093,0.278,2.753e-4,0,-0.01,1.058,1.068,-4.967e-7,894.125,0.001,336.279,0.229,6.4,32.17
10.209,0.401,2643.123,456.9,0.262,0.003,62.33,43.168,0,0.55,0.393,0.03,0.127,0.55,0.1,0.3,-1.475e-4,0,-0.01,1.058,1.068,2.766e-6,894.021,0.001,336.275,0.228,6.4,32.17
10.222,0.432,2643.123,456.9,0.262,0.003,62.32,43.168,0,0.55,0.393,0.03,0.127,0.55,0.108,0.324,-2.075e-4,0,-0.01,1.058,1.068,1.749e-5,893.915,0.001,336.271,0.228,6.4,32.17
10.235,0.456,2643.123,456.9,0.262,0.003,62.314,43.168,0,0.55,0.393,0.03,0.127,0.55,0.114,0.343,-3.239e-4,0,-0.01,1.058,1.068,4.535e-5,893.81,0.001,336.267,0.228,6.4,32.17
10.249,0.473,2643.123,456.9,0.262,0.003,62.311,43.168,0,0.55,0.393,0.03,0.127,0.55,0.119,0.355,-6.541e-5,0,-0.01,1.058,1.068,8.322e-5,893.704,0.001,336.263,0.227,6.4,32.17
10.262,0.425,2643.123,456.9,0.262,0.003,62.334,43.168,0,0.55,0.393,0.03,0.127,0.55,0.107,0.319,-3.652e-4,0,-0.01,1.057,1.068,1.173e-4,893.598,0.001,336.259,0.227,6.4,32.17
10.275,0.368,2643.123,456.9,0.262,0.003,62.359,43.168,0,0.55,0.393,0.03,0.127,0.55,0.092,0.276,-4.071e-4,0,-0.01,1.057,1.068,1.265e-4,893.493,0.001,336.255,0.226,6.4,32.17
10.288,0.313,2643.123,456.9,0.262,0.003,62.38,43.168,0,0.549,0.393,0.03,0.127,0.55,0.078,0.234,4.154e-4,0,-0.01,1.057,1.068,9.869e-5,893.389,0.001,336.252,0.226,6.4,32.17
10.301,0.268,2643.123,456.9,0.262,0.003,62.393,43.168,0,0.549,0.393,0.03,0.127,0.549,0.067,0.201,3.143e-4,0,-0.011,1.057,1.068,4.148e-5,893.286,0.001,336.248,0.225,6.4,32.17
10.314,0.261,2643.123,456.9,0.262,0.003,62.389,43.168,0,0.549,0.393,0.03,0.127,0.549,0.065,0.196,-2.051e-4,0,-0.011,1.057,1.068,3.942e-6,893.184,0.001,336.244,0.225,6.4,32.17
10.327,0.266,2643.123,456.9,0.262,0.003,62.38,43.168,0,0.549,0.393,0.03,0.127,0.549,0.066,0.2,-4.375e-4,0,-0.011,1.057,1.068,-8.198e-6,893.082,0.001,336.24,0.224,6.4,32.17
10.339,0.284,2643.123,456.9,0.262,0.003,62.372,43.168,0,0.549,0.393,0.03,0.127,0.549,0.071,0.213,2.474e-4,0,-0.011,1.057,1.068,-4.843e-5,892.98,0.001,336.236,0.224,6.4,32.17
10.352,0.312,2643.123,456.9,0.262,0.003,62.363,43.168,0,0.549,0.393,0.03,0.126,0.549,0.078,0.234,-2.051e-4,0,-0.011,1.057,1.068,-9.215e-5,892.878,0.001,336.233,0.224,6.4,32.17
10.365,0.347,2643.123,456.9,0.262,0.003,62.354,43.168,0,0.549,0.393,0.03,0.126,0.549,0.087,0.26,-3.828e-4,0,-0.011,1.057,1.068,-1.134e-4,892.776,0.001,336.229,0.223,6.4,32.17
10.378,0.384,2643.123,456.9,0.262,0.003,62.344,43.168,0,0.549,0.393,0.03,0.126,0.549,0.096,0.288,-1.431e-4,0,-0.011,1.057,1.068,-1.118e-4,892.674,0.001,336.225,0.223,6.4,32.17
10.391,0.418,2643.123,456.9,0.262,0.003,62.335,43.168,0,0.549,0.393,0.03,0.126,0.549,0.105,0.313,3.58e-4,0,-0.011,1.057,1.068,-9.223e-5,892.572,0.001,336.221,0.222,6.4,32.17
10.404,0.445,2643.123,456.9,0.262,0.003,62.326,43.168,0,0.549,0.393,0.029,0.126,0.549,0.112,0.334,1.923e-4,0,-0.011,1.057,1.068,-6.369e-5,892.47,0.001,336.217,0.222,6.4,32.17
10.417,0.462,2643.123,456.9,0.262,0.003,62.32,43.168,0,0.549,0.393,0.029,0.126,0.549,0.116,0.347,-1.605e-4,0,-0.011,1.057,1.068,-3.448e-5,892.368,0.001,336.214,0.221,6.4,32.17
10.43,0.471,2643.123,456.9,0.262,0.003,62.315,43.168,0,0.549,0.393,0.029,0.126,0.549,0.118,0.353,3.691e-4,0,-0.011,1.057,1.068,-1.161e-5,892.266,0.001,336.21,0.221,6.4,32.17
10.443,0.472,2643.123,456.9,0.262,0.003,62.312,43.168,0,0.549,0.393,0.029,0.126,0.549,0.118,0.355,2.192e-4,0,-0.011,1.057,1.068,-5.883e-7,892.165,0.001,336.206,0.22,6.4,32.17
10.456,0.467,2643.123,456.9,0.262,0.003,62.311,43.168,0,0.548,0.393,0.029,0.126,0.549,0.117,0.351,4.235e-4,0,-0.011,1.057,1.068,3.558e-6,892.064,0.001,336.202,0.22,6.4,32.17
10.469,0.457,2643.123,456.9,0.262,0.003,62.311,43.168,0,0.548,0.393,0.029,0.126,0.549,0.115,0.342,3.812e-4,0,-0.011,1.057,1.068,1.961e-5,891.963,0.001,336.199,0.219,6.4,32.17
10.482,0.439,2643.123,456.9,0.262,0.003,62.313,43.168,0,0.548,0.393,0.029,0.126,0.549,0.11,0.33,-4.812e-4,0,-0.011,1.057,1.068,4.518e-5,891.863,0.001,336.195,0.219,6.4,32.17
10.495,0.416,2643.123,456.9,0.262,0.003,62.319,43.168,0,0.548,0.393,0.029,0.126,0.549,0.104,0.312,4.416e-4,0,-0.011,1.057,1.068,7.42e-5,891.762,0.001,336.191,0.219,6.4,32.17
10.508,0.387,2643.123,456.9,0.262,0.003,62.328,43.168,0,0.548,0.393,0.029,0.126,0.548,0.097,0.29,4.214e-4,0,-0.011,1.057,1.068,9.828e-5,891.662,0.001,336.188,0.218,6.4,32.17
10.522,0.355,2643.123,456.9,0.262,0.003,62.341,43.168,0,0.548,0.393,0.029,0.126,0.548,0.089,0.265,3.199e-4,0,-0.011,1.057,1.068,1.081e-4,891.561,0.001,336.184,0.218,6.4,32.17
10.535,0.323,2643.123,456.9,0.262,0.003,62.355,43.168,0,0.548,0.393,0.029,0.126,0.548,0.081,0.242,2.931e-4,0,-0.011,1.057,1.068,9.664e-5,891.461,0.001,336.18,0.217,6.4,32.17
10.548,0.294,2643.123,456.9,0.262,0.003,62.372,43.168,0,0.548,0.393,0.029,0.126,0.548,0.073,0.22,-1.23e-4,0,-0.011,1.057,1.068,6.364e-5,891.361,0.001,336.176,0.217,6.4,32.17
10.561,0.278,2643.123,456.9,0.262,0.003,62.383,43.168,0,0.548,0.393,0.029,0.126,0.548,0.069,0.209,2.998e-4,0,-0.011,1.057,1.068,2.806e-5,891.261,0.001,336.173,0.216,6.4,32.17
10.574,0.271,2643.123,456.9,0.262,0.003,62.39,43.168,0,0.548,0.393,0.029,0.126,0.548,0.068,0.204,1.197e-4,0,-0.011,1.057,1.068,3.574e-6,891.162,0.001,336.169,0.216,6.4,32.17
10.587,0.273,2643.123,456.9,0.262,0.003,62.39,43.168,0,0.548,0.393,0.029,0.126,0.548,0.068,0.205,-4.637e-4,0,-0.011,1.057,1.068,-3.309e-6,891.062,0.001,336.165,0.215,6.4,32.17
10.6,0.284,2643.123,456.9,0.262,0.003,62.383,43.168,0,0.548,0.393,0.029,0.126,0.548,0.071,0.214,-2.878e-5,0,-0.011,1.057,1.068,-2.7e-5,890.962,0.001,336.162,0.215,6.4,32.17
10.613,0.298,2643.123,456.9,0.262,0.003,62.371,43.168,0,0.548,0.393,0.029,0.126,0.548,0.075,0.224,-2.317e-4,0,-0.011,1.057,1.068,-7.45e-5,890.862,0.001,336.158,0.215,6.4,32.17
10.626,0.32,2643.123,456.9,0.262,0.003,62.357,43.168,0,0.548,0.393,0.029,0.126,0.548,0.08,0.24,1.085e-4,0,-0.012,1.057,1.068,-1.122e-4,890.762,0.001,336.154,0.214,6.4,32.17
10.64,0.344,2643.123,456.9,0.262,0.003,62.343,43.168,0,0.547,0.393,0.028,0.126,0.548,0.086,0.258,4.897e-4,0,-0.012,1.057,1.068,-1.246e-4,890.663,0.001,336.151,0.214,6.4,32.17
10.653,0.368,2643.123,456.9,0.262,0.003,62.333,43.168,0,0.547,0.393,0.028,0.126,0.548,0.092,0.276,3.661e-4,0,-0.012,1.057,1.068,-1.116e-4,890.564,0.001,336.147,0.213,6.4,32.17
10.666,0.39,2643.123,456.9,0.262,0.003,62.324,43.168,0,0.547,0.393,0.028,0.126,0.548,0.098,0.292,-2.025e-4,0,-0.012,1.057,1.068,-8.307e-5,890.466,0.001,336.143,0.213,6.4,32.17
10.679,0.408,2643.123,456.9,0.262,0.003,62.318,43.168,0,0.547,0.393,0.028,0.126,0.547,0.102,0.306,2.055e-4,0,-0.012,1.056,1.068,-5.308e-5,890.367,0.001,336.14,0.212,6.4,32.17
10.692,0.423,2643.123,456.9,0.262,0.003,62.314,43.168,0,0.547,0.393,0.028,0.126,0.547,0.106,0.318,-4.179e-4,0,-0.012,1.056,1.068,-2.685e-5,890.268,0.001,336.136,0.212,6.4,32.17
10.706,0.43,2643.123,456.9,0.262,0.003,62.315,43.168,0,0.547,0.393,0.028,0.126,0.547,0.108,0.322,-2.477e-4,0,-0.012,1.056,1.068,-8.228e-6,890.169,0.001,336.132,0.211,6.4,32.17
10.719,0.423,2643.123,456.9,0.262,0.003,62.321,43.168,0,0.547,0.393,0.028,0.126,0.547,0.106,0.318,-4.656e-4,0,-0.012,1.056,1.068,-1.859e-7,890.07,0.001,336.129,0.211,6.4,32.17
10.732,0.409,2643.123,456.9,0.262,0.003,62.33,43.168,0,0.547,0.393,0.028,0.126,0.547,0.103,0.307,-1.015e-4,0,-0.012,1.056,1.068,3.861e-6,889.972,0.001,336.125,0.21,6.4,32.17
10.745,0.389,2643.123,456.9,0.262,0.003,62.341,43.168,0,0.547,0.393,0.028,0.126,0.547,0.097,0.291,4.695e-4,0,-0.012,1.056,1.068,1.742e-5,889.875,0.001,336.121,0.21,6.4,32.17
10.758,0.37,2643.123,456.9,0.262,0.003,62.349,43.168,0,0.547,0.393,0.028,0.126,0.547,0.092,0.277,-2.798e-5,0,-0.012,1.056,1.068,3.733e-5,889.777,0.001,336.118,0.21,6.4,32.17
10.772,0.352,2643.123,456.9,0.262,0.003,62.356,43.168,0,0.547,0.393,0.028,0.126,0.547,0.088,0.264,4.665e-4,0,-0.012,1.056,1.068,6.146e-5,889.68,0.001,336.114,0.209,6.4,32.17
10.785,0.333,2643.123,456.9,0.262,0.003,62.362,43.168,0,0.547,0.393,0.028,0.126,0.547,0.083,0.25,4.72e-4,0,-0.012,1.056,1.068,8.671e-5,889.583,0.001,336.111,0.209,6.4,32.17
10.798,0.313,2643.123,456.9,0.262,0.003,62.369,43.168,0,0.547,0.393,0.028,0.126,0.547,0.078,0.235,3.251e-4,0,-0.012,1.056,1.068,1.089e-4,889.485,0.001,336.107,0.208,6.4,32.17
10.811,0.286,2643.123,456.9,0.262,0.003,62.376,43.168,0,0.546,0.393,0.028,0.126,0.547,0.071,0.214,3.713e-4,0,-0.012,1.056,1.068,1.198e-4,889.388,0.001,336.103,0.208,6.4,32.17
10.825,0.259,2643.123,456.9,0.262,0.003,62.382,43.168,0,0.546,0.393,0.028,0.126,0.547,0.065,0.194,-1.621e-4,0,-0.012,1.056,1.068,1.135e-4,889.29,0.001,336.1,0.207,6.4,32.17
10.838,0.235,2643.123,456.9,0.262,0.003,62.386,43.168,0,0.546,0.393,0.028,0.126,0.546,0.059,0.176,4.844e-4,0,-0.012,1.056,1.068,8.746e-5,889.192,0.001,336.096,0.207,6.4,32.17
10.851,0.215,2643.123,456.9,0.262,0.003,62.39,43.168,0,0.546,0.393,0.028,0.126,0.546,0.054,0.16,3.798e-4,0,-0.012,1.056,1.068,4.644e-5,889.095,0.001,336.093,0.206,6.4,32.17
10.865,0.2,2643.123,456.9,0.262,0.003,62.394,43.168,0,0.546,0.393,0.028,0.126,0.546,0.05,0.149,4.026e-4,0,-0.012,1.056,1.068,7.07e-6,888.998,0.001,336.089,0.206,6.4,32.17
10.878,0.197,2643.123,456.9,0.262,0.003,62.399,43.168,0,0.546,0.393,0.027,0.125,0.546,0.049,0.147,3.135e-4,0,-0.012,1.056,1.068,-4.802e-6,888.901,0.001,336.085,0.206,6.4,32.17
10.892,0.205,2643.123,456.9,0.262,0.003,62.402,43.168,0,0.546,0.393,0.027,0.125,0.546,0.051,0.153,4.954e-4,0,-0.012,1.056,1.068,-4.329e-5,888.804,0.001,336.082,0.205,6.4,32.17
10.905,0.221,2643.123,456.9,0.262,0.003,62.401,43.168,0,0.546,0.393,0.027,0.125,0.546,0.055,0.166,-2.885e-4,0,-0.012,1.056,1.068,-9.675e-5,888.708,0.001,336.078,0.205,6.4,32.17
10.918,0.244,2643.123,456.9,0.262,0.003,62.395,43.168,0,0.546,0.393,0.027,0.125,0.546,0.061,0.183,4.775e-4,0,-0.012,1.056,1.068,-1.375e-4,888.612,0.001,336.075,0.204,6.4,32.17
10.932,0.269,2643.123,456.9,0.262,0.003,62.385,43.168,0,0.546,0.393,0.027,0.125,0.546,0.067,0.202,-1.054e-4,0,-0.013,1.056,1.069,-1.483e-4,888.516,0.001,336.071,0.204,6.4,32.17
10.945,0.294,2643.123,456.9,0.262,0.003,62.373,43.168,0,0.546,0.393,0.027,0.125,0.546,0.073,0.22,4.37e-5,0,-0.013,1.056,1.069,-1.347e-4,888.421,0.001,336.068,0.203,6.4,32.17
10.958,0.315,2643.123,456.9,0.262,0.003,62.361,43.168,0,0.546,0.393,0.027,0.125,0.546,0.079,0.236,2.861e-4,0,-0.013,1.056,1.069,-1.067e-4,888.326,0.001,336.064,0.203,6.4,32.17
10.972,0.331,2643.123,456.9,0.262,0.003,62.351,43.168,0,0.546,0.393,0.027,0.125,0.546,0.083,0.248,6.883e-5,0,-0.013,1.056,1.069,-7.333e-5,888.231,0.001,336.061,0.202,6.4,32.17
10.985,0.342,2643.123,456.9,0.262,0.003,62.343,43.168,0,0.546,0.393,0.027,0.125,0.546,0.086,0.256,8.358e-5,0,-0.013,1.056,1.069,-4.193e-5,888.136,0.001,336.057,0.202,6.4,32.17
10.998,0.347,2643.123,456.9,0.262,0.003,62.338,43.168,0,0.546,0.393,0.027,0.125,0.546,0.087,0.259,-1.252e-4,0,-0.013,1.056,1.069,-1.759e-5,888.042,0.001,336.054,0.202,6.4,32.17
11.011,0.35,2643.123,456.9,0.262,0.003,62.335,43.168,0,0.545,0.393,0.027,0.125,0.546,0.087,0.262,2.464e-4,0,-0.013,1.056,1.069,-4.309e-6,887.948,0.001,336.05,0.201,6.4,32.17
11.025,0.351,2643.123,456.9,0.262,0.003,62.334,43.168,0,0.545,0.393,0.027,0.125,0.546,0.088,0.263,6.375e-5,0,-0.013,1.056,1.069,0,887.854,0.001,336.047,0.201,6.4,32.17
11.038,0.351,2643.123,456.9,0.262,0.003,62.333,43.168,0,0.545,0.393,0.027,0.125,0.546,0.088,0.262,2.992e-4,0,-0.013,1.056,1.069,4.594e-6,887.76,0.001,336.043,0.2,6.4,32.17
11.051,0.348,2643.123,456.9,0.262,0.003,62.333,43.168,0,0.545,0.393,0.027,0.125,0.545,0.087,0.26,4.18e-4,0,-0.013,1.056,1.069,1.83e-5,887.665,0.001,336.04,0.2,6.4,32.17
11.065,0.332,2643.123,456.9,0.262,0.003,62.338,43.168,0,0.545,0.393,0.027,0.125,0.545,0.083,0.249,4.531e-4,0,-0.013,1.056,1.069,4.187e-5,887.571,0.001,336.036,0.199,6.4,32.17
11.078,0.312,2643.123,456.9,0.262,0.003,62.346,43.168,0,0.545,0.393,0.027,0.125,0.545,0.078,0.234,3.659e-4,0,-0.013,1.056,1.069,7.176e-5,887.477,0.001,336.033,0.199,6.4,32.17
11.092,0.289,2643.123,456.9,0.262,0.003,62.356,43.168,0,0.545,0.393,0.027,0.125,0.545,0.072,0.216,-4.585e-4,0,-0.013,1.056,1.069,1.044e-4,887.383,0.001,336.029,0.198,6.4,32.17
11.105,0.27,2643.123,456.9,0.262,0.003,62.365,43.168,0,0.545,0.393,0.027,0.125,0.545,0.067,0.202,-4.855e-4,0,-0.013,1.056,1.069,1.356e-4,887.289,0.001,336.026,0.198,6.4,32.17
11.119,0.261,2643.123,456.9,0.262,0.003,62.37,43.168,0,0.545,0.393,0.027,0.125,0.545,0.065,0.196,2.743e-4,0,-0.013,1.056,1.069,1.649e-4,887.195,0.001,336.022,0.198,6.4,32.17
11.132,0.253,2643.123,456.9,0.262,0.003,62.376,43.168,0,0.545,0.393,0.027,0.125,0.545,0.063,0.189,-2.519e-4,0,-0.013,1.056,1.069,1.881e-4,887.101,0.001,336.019,0.197,6.4,32.17
11.146,0.244,2643.123,456.9,0.262,0.003,62.383,43.168,0,0.545,0.393,0.026,0.125,0.545,0.061,0.183,3.068e-4,0,-0.013,1.055,1.069,1.976e-4,887.007,0.001,336.015,0.197,6.4,32.17
11.159,0.22,2643.123,456.9,0.262,0.003,62.396,43.168,0,0.545,0.393,0.026,0.125,0.545,0.055,0.164,3.943e-4,0,-0.013,1.055,1.069,1.758e-4,886.913,0.001,336.012,0.196,6.4,32.17
11.173,0.193,2643.123,456.9,0.262,0.003,62.41,43.168,0,0.545,0.393,0.026,0.125,0.545,0.048,0.144,-3.74e-4,0,-0.013,1.055,1.069,1.132e-4,886.82,0.001,336.008,0.196,6.4,32.17
11.187,0.175,2643.123,456.9,0.262,0.003,62.417,43.168,0,0.545,0.393,0.026,0.125,0.545,0.044,0.131,-4.509e-5,0,-0.013,1.055,1.069,3.44e-5,886.726,0.001,336.005,0.195,6.4,32.17
11.2,0.171,2643.123,456.9,0.262,0.003,62.412,43.168,0,0.545,0.393,0.026,0.125,0.545,0.043,0.128,-2.471e-4,0,-0.014,1.055,1.069,-2.182e-7,886.633,0.001,336.001,0.195,6.4,32.17
11.214,0.194,2643.123,456.9,0.262,0.003,62.397,43.168,0,0.545,0.393,0.026,0.125,0.545,0.048,0.145,-9.548e-5,0,-0.014,1.055,1.069,-2.42e-5,886.541,0.001,335.998,0.194,6.4,32.17
11.227,0.226,2643.123,456.9,0.262,0.003,62.38,43.168,0,0.544,0.393,0.026,0.125,0.545,0.056,0.169,2.615e-4,0,-0.014,1.055,1.069,-6.846e-5,886.448,0.001,335.995,0.194,6.4,32.17
11.241,0.264,2643.123,456.9,0.262,0.003,62.362,43.168,0,0.544,0.393,0.026,0.125,0.545,0.066,0.197,5.497e-5,0,-0.014,1.055,1.069,-1.091e-4,886.355,0.001,335.991,0.194,6.4,32.17
11.255,0.303,2643.123,456.9,0.262,0.003,62.347,43.168,0,0.544,0.393,0.026,0.125,0.544,0.076,0.227,1.139e-4,0,-0.014,1.055,1.069,-1.39e-4,886.262,0.001,335.988,0.193,6.4,32.17
11.268,0.338,2643.123,456.9,0.262,0.003,62.335,43.168,0,0.544,0.393,0.026,0.125,0.544,0.084,0.253,-1.377e-5,0,-0.014,1.055,1.069,-1.546e-4,886.17,0.001,335.984,0.193,6.4,32.17
11.282,0.372,2643.123,456.9,0.262,0.003,62.324,43.168,0,0.544,0.393,0.026,0.125,0.544,0.093,0.278,3.119e-4,0,-0.014,1.055,1.069,-1.465e-4,886.077,0.001,335.981,0.192,6.4,32.17
11.296,0.404,2643.123,456.9,0.262,0.003,62.315,43.168,0,0.544,0.393,0.026,0.125,0.544,0.101,0.302,4.379e-5,0,-0.014,1.055,1.069,-1.218e-4,885.985,0.001,335.977,0.192,6.4,32.17
11.309,0.425,2643.123,456.9,0.262,0.003,62.31,43.168,0,0.544,0.393,0.026,0.125,0.544,0.107,0.318,3.654e-4,0,-0.014,1.055,1.069,-8.935e-5,885.894,0.001,335.974,0.191,6.4,32.17
11.323,0.438,2643.123,456.9,0.262,0.003,62.309,43.168,0,0.544,0.393,0.026,0.125,0.544,0.11,0.328,4.024e-4,0,-0.014,1.055,1.069,-5.496e-5,885.803,0.001,335.971,0.191,6.4,32.17
11.336,0.444,2643.123,456.9,0.262,0.003,62.309,43.168,0,0.544,0.393,0.026,0.125,0.544,0.111,0.333,7.616e-5,0,-0.014,1.055,1.069,-2.556e-5,885.712,0.001,335.967,0.19,6.4,32.17
11.35,0.442,2643.123,456.9,0.262,0.003,62.31,43.168,0,0.544,0.393,0.026,0.125,0.544,0.111,0.332,-3.039e-4,0,-0.014,1.055,1.069,-6.385e-6,885.622,0.001,335.964,0.19,6.4,32.17
11.363,0.432,2643.123,456.9,0.262,0.003,62.314,43.168,0,0.544,0.393,0.026,0.125,0.544,0.108,0.324,1.395e-4,0,-0.014,1.055,1.07,0,885.533,0.001,335.961,0.189,6.4,32.17
11.377,0.416,2643.123,456.9,0.262,0.003,62.318,43.168,0,0.544,0.393,0.026,0.125,0.544,0.104,0.311,-2.848e-4,0,-0.015,1.055,1.07,6.563e-6,885.444,0.001,335.957,0.189,6.4,32.17
11.39,0.392,2643.123,456.9,0.262,0.003,62.325,43.168,0,0.544,0.393,0.026,0.125,0.544,0.098,0.294,6.085e-5,0,-0.015,1.055,1.07,2.389e-5,885.355,0.001,335.954,0.189,6.4,32.17
11.403,0.366,2643.123,456.9,0.262,0.003,62.332,43.168,0,0.544,0.393,0.026,0.125,0.544,0.092,0.275,-3.313e-4,0,-0.015,1.055,1.07,4.797e-5,885.267,0.001,335.951,0.188,6.4,32.17
11.417,0.346,2643.123,456.9,0.262,0.003,62.337,43.168,0,0.544,0.393,0.026,0.125,0.544,0.086,0.258,-1.101e-4,0,-0.015,1.055,1.07,7.498e-5,885.179,0.001,335.948,0.188,6.4,32.17
11.43,0.322,2643.123,456.9,0.262,0.003,62.343,43.168,0,0.544,0.393,0.026,0.125,0.544,0.08,0.241,-4.861e-4,0,-0.015,1.055,1.07,1.017e-4,885.091,0.001,335.944,0.187,6.4,32.17
11.444,0.296,2643.123,456.9,0.262,0.003,62.35,43.168,0,0.544,0.393,0.025,0.125,0.544,0.074,0.221,2.704e-4,0,-0.015,1.055,1.07,1.232e-4,885.002,0.001,335.941,0.187,6.4,32.17
11.457,0.261,2643.123,456.9,0.262,0.003,62.361,43.168,0,0.543,0.393,0.025,0.125,0.544,0.065,0.195,-1.476e-4,0,-0.015,1.055,1.07,1.307e-4,884.914,0.001,335.938,0.186,6.4,32.17
11.47,0.219,2643.123,456.9,0.262,0.003,62.376,43.168,0,0.543,0.393,0.025,0.124,0.543,0.055,0.164,3.068e-4,0,-0.015,1.055,1.07,1.119e-4,884.827,0.001,335.934,0.186,6.4,32.17
11.484,0.182,2643.123,456.9,0.262,0.003,62.392,43.168,0,0.543,0.393,0.025,0.124,0.543,0.045,0.136,-1.081e-4,0,-0.015,1.055,1.07,6.551e-5,884.739,0.001,335.931,0.185,6.4,32.17
11.497,0.154,2643.123,456.9,0.262,0.003,62.41,43.168,0,0.543,0.393,0.025,0.124,0.543,0.038,0.115,-2.529e-4,0,-0.015,1.055,1.07,1.207e-5,884.652,0.001,335.928,0.185,6.4,32.17
11.511,0.142,2643.123,456.9,0.262,0.003,62.422,43.168,0,0.543,0.394,0.025,0.124,0.543,0.035,0.107,-2.483e-5,0,-0.015,1.055,1.07,-5.927e-6,884.566,0.001,335.925,0.185,6.4,32.17
11.524,0.145,2643.123,456.9,0.262,0.003,62.423,43.168,0,0.543,0.394,0.025,0.124,0.543,0.036,0.109,-1.786e-5,0,-0.015,1.055,1.07,-6.19e-5,884.479,0.001,335.922,0.184,6.4,32.17
11.537,0.16,2643.123,456.9,0.262,0.003,62.414,43.168,0,0.543,0.394,0.025,0.124,0.543,0.04,0.12,1.747e-4,0,-0.015,1.055,1.07,-1.279e-4,884.393,0.001,335.918,0.184,6.4,32.17
11.551,0.18,2643.123,456.9,0.262,0.003,62.4,43.168,0,0.543,0.394,0.025,0.124,0.543,0.045,0.135,3.612e-4,0,-0.016,1.055,1.07,-1.615e-4,884.307,0.001,335.915,0.183,6.4,32.17
11.564,0.199,2643.123,456.9,0.262,0.003,62.388,43.168,0,0.543,0.394,0.025,0.124,0.543,0.05,0.15,4.544e-4,0,-0.016,1.055,1.07,-1.596e-4,884.221,0.001,335.912,0.183,6.4,32.17
11.578,0.217,2643.123,456.9,0.262,0.003,62.378,43.168,0,0.543,0.394,0.025,0.124,0.543,0.054,0.163,3.243e-4,0,-0.016,1.055,1.07,-1.43e-4,884.135,0.001,335.909,0.182,6.4,32.17
11.591,0.233,2643.123,456.9,0.262,0.003,62.37,43.168,0,0.543,0.394,0.025,0.124,0.543,0.058,0.175,-1.027e-4,0,-0.016,1.055,1.07,-1.186e-4,884.049,0.001,335.906,0.182,6.4,32.17
11.604,0.247,2643.123,456.9,0.262,0.003,62.363,43.168,0,0.543,0.394,0.025,0.124,0.543,0.062,0.185,-1.494e-4,0,-0.016,1.055,1.07,-9.04e-5,883.963,0.001,335.902,0.181,6.4,32.17
11.618,0.257,2643.123,456.9,0.262,0.003,62.358,43.168,0,0.543,0.394,0.025,0.124,0.543,0.064,0.192,4.995e-4,0,-0.016,1.055,1.07,-6.003e-5,883.877,0.001,335.899,0.181,6.4,32.17
11.631,0.263,2643.123,456.9,0.262,0.003,62.357,43.168,0,0.543,0.394,0.025,0.124,0.543,0.065,0.196,-2.765e-4,0,-0.016,1.055,1.07,-3.355e-5,883.792,0.001,335.896,0.181,6.4,32.17
11.645,0.262,2643.123,456.9,0.262,0.003,62.358,43.168,0,0.543,0.394,0.025,0.124,0.543,0.065,0.196,3.147e-5,0,-0.016,1.055,1.071,-1.403e-5,883.707,0.001,335.893,0.18,6.4,32.17
11.658,0.256,2643.123,456.9,0.262,0.003,62.362,43.168,0,0.543,0.394,0.025,0.124,0.543,0.064,0.191,1.116e-4,0,-0.016,1.054,1.071,-3.004e-6,883.622,0.001,335.89,0.18,6.4,32.17
11.672,0.245,2643.123,456.9,0.262,0.003,62.368,43.168,0,0.543,0.394,0.025,0.124,0.543,0.061,0.183,4.644e-4,0,-0.016,1.054,1.071,3.618e-8,883.538,0.001,335.887,0.179,6.4,32.17
11.685,0.229,2643.123,456.9,0.262,0.003,62.376,43.168,0,0.542,0.394,0.025,0.124,0.543,0.057,0.171,-3.331e-5,0,-0.016,1.054,1.071,3.989e-6,883.453,0.001,335.884,0.179,6.4,32.17
11.699,0.209,2643.123,456.9,0.262,0.003,62.386,43.168,0,0.542,0.394,0.025,0.124,0.542,0.052,0.156,4.639e-4,0,-0.016,1.054,1.071,1.323e-5,883.369,0.001,335.881,0.178,6.4,32.17
11.712,0.195,2643.123,456.9,0.262,0.003,62.391,43.168,0,0.542,0.394,0.025,0.124,0.542,0.049,0.146,-2.62e-4,0,-0.016,1.054,1.071,1.991e-5,883.285,0.001,335.877,0.178,6.4,32.17
11.726,0.187,2643.123,456.9,0.262,0.003,62.393,43.168,0,0.542,0.394,0.025,0.124,0.542,0.047,0.14,4.499e-4,0,-0.016,1.054,1.071,2.59e-5,883.201,0.001,335.874,0.177,6.4,32.17
11.739,0.184,2643.123,456.9,0.262,0.003,62.394,43.168,0,0.542,0.394,0.025,0.124,0.542,0.046,0.137,-9.747e-5,0,-0.016,1.054,1.071,3.239e-5,883.117,0.001,335.871,0.177,6.4,32.17
11.753,0.184,2643.123,456.9,0.262,0.003,62.393,43.168,0,0.542,0.394,0.025,0.124,0.542,0.046,0.138,-2.77e-4,0,-0.016,1.054,1.071,4.078e-5,883.033,0.001,335.868,0.177,6.4,32.17
11.766,0.184,2643.123,456.9,0.262,0.003,62.393,43.168,0,0.542,0.394,0.024,0.124,0.542,0.046,0.137,-1.879e-4,0,-0.017,1.054,1.071,5.254e-5,882.949,0.001,335.865,0.176,6.4,32.17
11.78,0.183,2643.123,456.9,0.262,0.003,62.393,43.168,0,0.542,0.394,0.024,0.124,0.542,0.046,0.137,1.568e-4,0,-0.017,1.054,1.071,6.815e-5,882.865,0.001,335.862,0.176,6.4,32.17
11.794,0.183,2643.123,456.9,0.262,0.003,62.394,43.168,0,0.542,0.394,0.024,0.124,0.542,0.045,0.136,3.566e-4,0,-0.017,1.054,1.071,8.853e-5,882.78,0.001,335.859,0.175,6.4,32.17
11.807,0.188,2643.123,456.9,0.262,0.003,62.394,43.168,0,0.542,0.394,0.024,0.124,0.542,0.047,0.141,-4.278e-5,0,-0.017,1.054,1.071,1.159e-4,882.696,0.001,335.856,0.175,6.4,32.17
11.821,0.198,2643.123,456.9,0.262,0.003,62.392,43.168,0,0.542,0.394,0.024,0.124,0.542,0.049,0.148,-5.61e-5,0,-0.017,1.054,1.071,1.512e-4,882.612,0.001,335.852,0.174,6.4,32.17
11.835,0.204,2643.123,456.9,0.262,0.003,62.392,43.168,0,0.542,0.394,0.024,0.124,0.542,0.051,0.153,-1.219e-5,0,-0.017,1.054,1.071,1.88e-4,882.528,0.001,335.849,0.174,6.4,32.17
11.849,0.207,2643.123,456.9,0.262,0.003,62.393,43.168,0,0.542,0.394,0.024,0.124,0.542,0.052,0.155,2.961e-4,0,-0.017,1.054,1.071,2.16e-4,882.444,0.001,335.846,0.174,6.4,32.17
11.863,0.209,2643.123,456.9,0.262,0.003,62.393,43.168,0,0.542,0.394,0.024,0.124,0.542,0.052,0.156,1.618e-4,0,-0.017,1.054,1.071,2.211e-4,882.359,0.001,335.843,0.173,6.4,32.17
11.877,0.212,2643.123,456.9,0.262,0.003,62.389,43.168,0,0.542,0.394,0.024,0.124,0.542,0.053,0.158,-4.382e-4,0,-0.017,1.054,1.071,1.911e-4,882.275,0.001,335.84,0.173,6.4,32.17
11.891,0.221,2643.123,456.9,0.262,0.003,62.381,43.168,0,0.542,0.394,0.024,0.124,0.542,0.055,0.164,4.003e-4,0,-0.017,1.054,1.071,1.281e-4,882.191,0.001,335.837,0.172,6.4,32.17
11.905,0.234,2643.123,456.9,0.262,0.003,62.369,43.168,0,0.542,0.394,0.024,0.124,0.542,0.058,0.175,2.454e-4,0,-0.017,1.054,1.071,5.668e-5,882.106,0.001,335.834,0.172,6.4,32.17
11.919,0.251,2643.123,456.9,0.262,0.003,62.357,43.168,0,0.542,0.394,0.024,0.124,0.542,0.062,0.187,-3.431e-4,0,-0.017,1.054,1.071,8.919e-6,882.022,0.001,335.831,0.171,6.4,32.17
11.933,0.278,2643.123,456.9,0.262,0.003,62.345,43.168,0,0.541,0.394,0.024,0.124,0.542,0.069,0.208,4.523e-4,0,-0.017,1.054,1.071,-2.265e-6,881.938,0.001,335.827,0.171,6.4,32.17
11.947,0.314,2643.123,456.9,0.262,0.003,62.333,43.168,0,0.541,0.394,0.024,0.124,0.542,0.078,0.235,-4.91e-4,0,-0.017,1.054,1.071,-2.791e-5,881.854,0.001,335.824,0.17,6.4,32.17
11.961,0.345,2643.123,456.9,0.262,0.003,62.325,43.168,0,0.541,0.394,0.024,0.124,0.542,0.086,0.258,-4.935e-5,0,-0.017,1.054,1.071,-6.923e-5,881.77,0.001,335.821,0.17,6.4,32.17
11.975,0.376,2643.123,456.9,0.262,0.003,62.317,43.168,0,0.541,0.394,0.024,0.124,0.542,0.094,0.281,-1.851e-4,0,-0.017,1.054,1.071,-1.076e-4,881.687,0.001,335.818,0.17,6.4,32.17
11.989,0.411,2643.123,456.9,0.262,0.003,62.308,43.168,0,0.541,0.394,0.024,0.124,0.542,0.103,0.307,-4.501e-4,0,-0.018,1.054,1.071,-1.302e-4,881.604,0.001,335.815,0.169,6.4,32.17
12.003,0.447,2643.123,456.9,0.262,0.003,62.296,43.168,0,0.541,0.394,0.024,0.124,0.542,0.112,0.335,-6.177e-5,0,-0.018,1.054,1.072,-1.335e-4,881.522,0.001,335.812,0.169,6.4,32.17
12.017,0.484,2643.123,456.9,0.262,0.003,62.283,43.168,0,0.541,0.394,0.024,0.124,0.542,0.121,0.363,2.95e-4,0,-0.018,1.054,1.072,-1.2e-4,881.44,0.001,335.809,0.168,6.4,32.17
12.031,0.518,2643.123,456.9,0.262,0.003,62.27,43.168,0,0.541,0.394,0.024,0.124,0.542,0.13,0.388,3.79e-5,0,-0.018,1.054,1.072,-9.529e-5,881.358,0.001,335.806,0.168,6.4,32.17
12.044,0.549,2643.123,456.9,0.262,0.003,62.257,43.168,0,0.541,0.394,0.024,0.124,0.542,0.138,0.411,-2.242e-5,0,-0.018,1.054,1.072,-6.561e-5,881.276,0.001,335.803,0.167,6.4,32.17
12.058,0.577,2643.123,456.9,0.262,0.003,62.244,43.168,0,0.541,0.394,0.024,0.124,0.542,0.145,0.432,-7.512e-5,0,-0.018,1.054,1.072,-3.681e-5,881.195,0.001,335.8,0.167,6.4,32.17
12.072,0.601,2643.123,456.9,0.262,0.003,62.232,43.168,0,0.541,0.394,0.024,0.124,0.542,0.151,0.45,4.635e-4,0,-0.018,1.054,1.072,-1.412e-5,881.114,0.001,335.797,0.166,6.4,32.17
12.086,0.619,2643.123,456.9,0.262,0.003,62.221,43.168,0,0.541,0.394,0.024,0.124,0.542,0.156,0.464,-1.458e-5,0,-0.018,1.054,1.072,-1.582e-6,881.033,0.001,335.794,0.166,6.4,32.17
12.1,0.632,2643.123,456.9,0.262,0.003,62.213,43.168,0,0.541,0.394,0.024,0.124,0.541,0.159,0.473,3.365e-4,0,-0.018,1.054,1.072,1.797e-6,880.952,0.001,335.791,0.166,6.4,32.17
12.114,0.626,2643.123,456.9,0.262,0.003,62.212,43.168,0,0.541,0.394,0.023,0.124,0.541,0.157,0.469,-3.295e-4,0,-0.018,1.054,1.072,1.53e-5,880.871,0.001,335.788,0.165,6.4,32.17
12.128,0.615,2643.123,456.9,0.262,0.003,62.214,43.168,0,0.541,0.394,0.023,0.124,0.541,0.154,0.46,3.585e-4,0,-0.019,1.054,1.072,4e-5,880.791,0.001,335.785,0.165,6.4,32.17
12.142,0.598,2643.123,456.9,0.262,0.003,62.219,43.168,0,0.541,0.394,0.023,0.124,0.541,0.15,0.447,5.179e-5,0,-0.019,1.054,1.072,7.194e-5,880.711,0.001,335.782,0.164,6.4,32.17
12.156,0.579,2643.123,456.9,0.262,0.003,62.225,43.168,0,0.541,0.394,0.023,0.123,0.541,0.145,0.433,2.461e-4,0,-0.019,1.054,1.072,1.057e-4,880.632,0.001,335.779,0.164,6.4,32.17
12.17,0.56,2643.123,456.9,0.262,0.003,62.233,43.168,0,0.541,0.394,0.023,0.123,0.541,0.141,0.419,-5.596e-5,0,-0.019,1.054,1.073,1.356e-4,880.552,0.001,335.776,0.163,6.4,32.17
12.184,0.539,2643.123,456.9,0.262,0.003,62.243,43.168,0,0.541,0.394,0.023,0.123,0.541,0.135,0.403,2.641e-4,0,-0.019,1.054,1.073,1.549e-4,880.473,0.001,335.773,0.163,6.4,32.17
12.197,0.516,2643.123,456.9,0.262,0.003,62.255,43.168,0,0.54,0.394,0.023,0.123,0.541,0.129,0.386,9.377e-5,0,-0.019,1.054,1.073,1.579e-4,880.394,0.001,335.77,0.162,6.4,32.17
12.211,0.531,2643.123,456.9,0.262,0.003,62.252,43.168,0,0.54,0.394,0.023,0.123,0.541,0.133,0.397,1.343e-4,0,-0.019,1.054,1.073,1.507e-4,880.316,0.001,335.767,0.162,6.4,32.17
12.225,0.556,2643.123,456.9,0.262,0.003,62.246,43.168,0,0.54,0.394,0.023,0.123,0.541,0.14,0.416,-6.555e-5,0,-0.019,1.054,1.073,1.33e-4,880.237,0.001,335.764,0.162,6.4,32.17
12.239,0.584,2643.123,456.9,0.262,0.003,62.239,43.168,0,0.54,0.394,0.023,0.123,0.541,0.147,0.436,-2.382e-4,0,-0.019,1.054,1.073,1.056e-4,880.157,0.001,335.762,0.161,6.4,32.17
12.254,0.614,2643.123,456.9,0.262,0.003,62.229,43.168,0,0.54,0.394,0.023,0.123,0.541,0.154,0.459,4.081e-4,0,-0.019,1.053,1.073,7.315e-5,880.078,0.001,335.759,0.161,6.4,32.17
12.268,0.646,2643.123,456.9,0.262,0.003,62.217,43.168,0,0.54,0.394,0.023,0.123,0.541,0.162,0.483,2.772e-4,0,-0.019,1.053,1.073,4.142e-5,879.998,0.001,335.756,0.16,6.4,32.17
12.282,0.683,2643.123,456.9,0.262,0.003,62.202,43.168,0,0.54,0.394,0.023,0.123,0.541,0.172,0.511,3.531e-4,0,-0.019,1.053,1.073,1.685e-5,879.918,0.001,335.753,0.16,6.4,32.17
12.297,0.725,2643.123,456.9,0.262,0.003,62.183,43.168,0,0.54,0.394,0.023,0.123,0.541,0.183,0.542,-1.049e-4,0,-0.019,1.053,1.073,3.032e-6,879.838,0.001,335.75,0.159,6.4,32.17
12.311,0.733,2643.123,456.9,0.262,0.003,62.175,43.168,0,0.54,0.394,0.023,0.123,0.541,0.185,0.549,-4.118e-5,0,-0.019,1.053,1.073,-1.412e-6,879.757,0.001,335.747,0.159,6.4,32.17
12.325,0.736,2643.123,456.9,0.262,0.003,62.169,43.168,0,0.54,0.394,0.023,0.123,0.541,0.185,0.55,8.947e-5,0,-0.02,1.053,1.073,-1.768e-5,879.678,0.001,335.744,0.158,6.4,32.17
12.34,0.745,2643.123,456.9,0.262,0.003,62.161,43.168,0,0.54,0.394,0.023,0.123,0.541,0.188,0.557,-2.137e-4,0,-0.02,1.053,1.073,-4.69e-5,879.599,0.001,335.741,0.158,6.4,32.17
12.354,0.76,2643.123,456.9,0.262,0.003,62.153,43.168,0,0.54,0.394,0.023,0.123,0.541,0.192,0.569,-4.152e-4,0,-0.02,1.053,1.073,-7.919e-5,879.521,0.001,335.738,0.158,6.4,32.17
12.368,0.781,2643.123,456.9,0.262,0.003,62.145,43.168,0,0.54,0.394,0.023,0.123,0.541,0.197,0.584,-1.447e-4,0,-0.02,1.053,1.073,-1.039e-4,879.443,0.001,335.735,0.157,6.4,32.17
12.382,0.804,2643.123,456.9,0.262,0.003,62.138,43.168,0,0.54,0.394,0.023,0.123,0.541,0.203,0.601,-3.357e-4,0,-0.02,1.053,1.074,-1.162e-4,879.365,0.001,335.732,0.157,6.4,32.17
12.396,0.826,2643.123,456.9,0.262,0.003,62.132,43.168,0,0.54,0.394,0.023,0.123,0.541,0.209,0.618,2.98e-4,0,-0.02,1.053,1.074,-1.143e-4,879.288,0.001,335.729,0.156,6.4,32.17
12.411,0.846,2643.123,456.9,0.262,0.003,62.128,43.168,0,0.54,0.394,0.023,0.123,0.541,0.214,0.633,2.939e-4,0,-0.021,1.053,1.074,-1.002e-4,879.211,0.001,335.727,0.156,6.4,32.17
12.425,0.863,2643.123,456.9,0.262,0.003,62.125,43.168,0,0.54,0.394,0.023,0.123,0.541,0.218,0.646,7.919e-5,0,-0.021,1.053,1.074,-7.766e-5,879.135,0.001,335.724,0.155,6.4,32.17
12.439,0.876,2643.123,456.9,0.262,0.003,62.123,43.168,0,0.54,0.394,0.023,0.123,0.541,0.221,0.656,-4.367e-4,0,-0.021,1.053,1.074,-5.186e-5,879.059,0.001,335.721,0.155,6.4,32.17
12.453,0.885,2643.123,456.9,0.262,0.003,62.122,43.168,0,0.54,0.394,0.023,0.123,0.541,0.224,0.662,2.823e-4,0,-0.021,1.053,1.074,-2.78e-5,878.983,0.001,335.718,0.154,6.4,32.17
12.467,0.891,2643.123,456.9,0.262,0.003,62.121,43.168,0,0.539,0.394,0.022,0.123,0.541,0.225,0.667,-5.732e-5,0,-0.021,1.053,1.074,-9.674e-6,878.908,0.001,335.715,0.154,6.4,32.17
12.481,0.891,2643.123,456.9,0.262,0.003,62.121,43.168,0,0.539,0.394,0.022,0.123,0.541,0.225,0.667,4.624e-4,0,-0.021,1.053,1.074,-6.961e-7,878.832,0.001,335.712,0.154,6.4,32.17
12.495,0.887,2643.123,456.9,0.262,0.003,62.121,43.168,0,0.539,0.394,0.022,0.123,0.541,0.224,0.664,-1.434e-4,0,-0.021,1.053,1.074,2.129e-6,878.757,0.001,335.71,0.153,6.4,32.17
12.509,0.878,2643.123,456.9,0.262,0.003,62.123,43.168,0,0.539,0.394,0.022,0.123,0.541,0.222,0.658,-4.343e-4,0,-0.021,1.053,1.075,1.356e-5,878.682,0.001,335.707,0.153,6.4,32.17
12.523,0.865,2643.123,456.9,0.262,0.003,62.125,43.168,0,0.539,0.394,0.022,0.123,0.54,0.219,0.648,7.369e-5,0,-0.022,1.053,1.075,3.303e-5,878.608,0.001,335.704,0.152,6.4,32.17
12.537,0.848,2643.123,456.9,0.262,0.003,62.128,43.168,0,0.539,0.394,0.022,0.123,0.54,0.214,0.634,-8.551e-5,0,-0.022,1.053,1.075,5.71e-5,878.533,0.001,335.701,0.152,6.4,32.17
12.551,0.827,2643.123,456.9,0.262,0.003,62.132,43.168,0,0.539,0.394,0.022,0.123,0.54,0.209,0.619,4.13e-4,0,-0.022,1.053,1.075,8.137e-5,878.459,0.001,335.699,0.151,6.4,32.17
12.565,0.801,2643.123,456.9,0.262,0.003,62.139,43.168,0,0.539,0.394,0.022,0.123,0.54,0.202,0.599,-2.4e-4,0,-0.022,1.053,1.075,1.004e-4,878.385,0.001,335.696,0.151,6.4,32.17
12.579,0.774,2643.123,456.9,0.262,0.003,62.146,43.168,0,0.539,0.394,0.022,0.123,0.54,0.195,0.579,2.669e-4,0,-0.022,1.053,1.075,1.102e-4,878.311,0.001,335.693,0.15,6.4,32.17
12.593,0.746,2643.123,456.9,0.262,0.003,62.155,43.168,0,0.539,0.394,0.022,0.123,0.54,0.188,0.558,-9.991e-5,0,-0.022,1.053,1.075,1.077e-4,878.238,0.001,335.69,0.15,6.4,32.17
12.608,0.715,2643.123,456.9,0.262,0.003,62.167,43.168,0,0.539,0.394,0.022,0.123,0.54,0.18,0.535,4.4e-4,0,-0.022,1.053,1.075,9.055e-5,878.164,0.001,335.688,0.15,6.4,32.17
12.622,0.683,2643.123,456.9,0.262,0.003,62.181,43.168,0,0.539,0.394,0.022,0.123,0.54,0.172,0.51,-1.353e-4,0,-0.022,1.053,1.075,6.141e-5,878.091,0.001,335.685,0.149,6.4,32.17
12.636,0.655,2643.123,456.9,0.262,0.003,62.195,43.168,0,0.539,0.394,0.022,0.123,0.54,0.165,0.489,-1.953e-4,0,-0.023,1.053,1.076,2.993e-5,878.018,0.001,335.682,0.149,6.4,32.17
12.65,0.633,2643.123,456.9,0.262,0.003,62.208,43.168,0,0.539,0.394,0.022,0.123,0.54,0.159,0.473,1.666e-4,0,-0.023,1.053,1.076,6.487e-6,877.946,0.001,335.68,0.148,6.4,32.17
12.664,0.655,2643.123,456.9,0.262,0.003,62.202,43.168,0,0.539,0.394,0.022,0.123,0.54,0.165,0.49,2.735e-4,0,-0.023,1.053,1.076,2.019e-6,877.873,0.001,335.677,0.148,6.4,32.17
12.678,0.684,2643.123,456.9,0.262,0.003,62.193,43.168,0,0.539,0.394,0.022,0.123,0.54,0.172,0.511,1.195e-4,0,-0.023,1.053,1.076,1.122e-7,877.801,0.001,335.674,0.147,6.4,32.17
12.692,0.716,2643.123,456.9,0.262,0.003,62.183,43.168,0,0.539,0.394,0.022,0.123,0.54,0.18,0.536,-4.132e-4,0,-0.023,1.053,1.075,-4.901e-7,877.727,0.001,335.672,0.147,6.4,32.17
12.707,0.732,2643.123,456.9,0.262,0.003,62.178,43.168,0,0.539,0.394,0.022,0.123,0.54,0.184,0.548,-2.783e-4,0,-0.023,1.053,1.076,-5.795e-6,877.654,0.001,335.669,0.147,6.4,32.17
12.721,0.729,2643.123,456.9,0.262,0.003,62.179,43.168,0,0.539,0.394,0.022,0.123,0.54,0.184,0.546,4.183e-4,0,-0.023,1.053,1.076,-2.42e-5,877.581,0.001,335.666,0.146,6.4,32.17
12.735,0.731,2643.123,456.9,0.262,0.003,62.177,43.168,0,0.539,0.394,0.022,0.123,0.539,0.184,0.547,1.069e-4,0,-0.023,1.053,1.076,-5.09e-5,877.508,0.001,335.663,0.146,6.4,32.17
12.75,0.736,2643.123,456.9,0.262,0.003,62.172,43.168,0,0.539,0.394,0.022,0.123,0.539,0.185,0.551,2.955e-4,0,-0.023,1.053,1.076,-7.946e-5,877.435,0.001,335.661,0.145,6.4,32.17
12.764,0.757,2643.123,456.9,0.262,0.003,62.16,43.168,0,0.539,0.394,0.022,0.123,0.539,0.191,0.566,6.09e-5,0,-0.023,1.053,1.076,-9.176e-5,877.363,0.001,335.658,0.145,6.4,32.17
12.778,0.78,2643.123,456.9,0.262,0.003,62.148,43.168,0,0.538,0.394,0.022,0.123,0.539,0.197,0.584,-1.62e-4,0,-0.024,1.053,1.076,-9.545e-5,877.291,0.001,335.655,0.144,6.4,32.17
12.793,0.802,2643.123,456.9,0.262,0.003,62.137,43.168,0,0.538,0.394,0.022,0.123,0.539,0.202,0.599,1.048e-4,0,-0.024,1.053,1.076,-9.071e-5,877.219,0.001,335.653,0.144,6.4,32.17
12.807,0.825,2643.123,456.9,0.262,0.003,62.125,43.168,0,0.538,0.394,0.022,0.123,0.539,0.208,0.617,-1.894e-4,0,-0.024,1.053,1.076,-7.833e-5,877.148,0.001,335.65,0.143,6.4,32.17
12.821,0.848,2643.123,456.9,0.262,0.003,62.115,43.168,0,0.538,0.394,0.022,0.123,0.54,0.214,0.633,-3.551e-4,0,-0.024,1.053,1.077,-6.082e-5,877.076,0.001,335.647,0.143,6.4,32.17
12.836,0.869,2643.123,456.9,0.262,0.003,62.106,43.168,0,0.538,0.394,0.022,0.123,0.54,0.219,0.649,4.948e-4,0,-0.024,1.053,1.077,-4.164e-5,877.005,0.001,335.645,0.143,6.4,32.17
12.85,0.887,2643.123,456.9,0.262,0.003,62.098,43.168,0,0.538,0.394,0.022,0.123,0.54,0.224,0.663,-3.112e-4,0,-0.024,1.053,1.077,-2.374e-5,876.933,0.001,335.642,0.142,6.4,32.17
12.865,0.893,2643.123,456.9,0.262,0.003,62.097,43.168,0,0.538,0.394,0.022,0.123,0.54,0.226,0.668,-1.256e-4,0,-0.024,1.053,1.077,-1.075e-5,876.862,0.001,335.64,0.142,6.4,32.17
12.879,0.895,2643.123,456.9,0.262,0.003,62.098,43.168,0,0.538,0.394,0.022,0.123,0.539,0.226,0.669,-3.725e-4,0,-0.024,1.053,1.077,-2.485e-6,876.791,0.001,335.637,0.141,6.4,32.17
12.894,0.894,2643.123,456.9,0.262,0.003,62.1,43.168,0,0.538,0.394,0.022,0.123,0.539,0.226,0.669,1.398e-4,0,-0.025,1.053,1.077,2.848e-8,876.72,0.001,335.634,0.141,6.4,32.17
12.908,0.883,2643.123,456.9,0.262,0.003,62.107,43.168,0,0.538,0.394,0.021,0.123,0.539,0.223,0.66,-4.151e-4,0,-0.025,1.053,1.077,3.243e-6,876.65,0.001,335.632,0.14,6.4,32.17
12.923,0.864,2643.123,456.9,0.262,0.003,62.117,43.168,0,0.538,0.394,0.021,0.123,0.539,0.218,0.646,6.858e-6,0,-0.025,1.053,1.078,1.047e-5,876.58,0.001,335.629,0.14,6.4,32.17
12.937,0.843,2643.123,456.9,0.262,0.003,62.129,43.168,0,0.538,0.394,0.021,0.123,0.539,0.213,0.631,-1.674e-4,0,-0.025,1.052,1.078,2.002e-5,876.51,0.001,335.626,0.139,6.4,32.17
12.951,0.822,2643.123,456.9,0.262,0.003,62.139,43.168,0,0.538,0.394,0.021,0.123,0.539,0.207,0.614,3.531e-4,0,-0.025,1.052,1.078,3.062e-5,876.441,0.001,335.624,0.139,6.4,32.17
12.966,0.833,2643.123,456.9,0.262,0.003,62.136,43.168,0,0.538,0.394,0.021,0.122,0.539,0.21,0.623,-2.279e-4,0,-0.025,1.052,1.078,4.958e-5,876.372,0.001,335.621,0.139,6.4,32.17
12.98,0.845,2643.123,456.9,0.262,0.003,62.132,43.168,0,0.538,0.394,0.021,0.122,0.539,0.213,0.632,-3.296e-4,0,-0.025,1.052,1.078,7.115e-5,876.302,0.001,335.619,0.138,6.4,32.17
12.995,0.857,2643.123,456.9,0.262,0.003,62.128,43.168,0,0.538,0.394,0.021,0.122,0.539,0.216,0.641,-1.753e-5,0,-0.025,1.052,1.078,9.36e-5,876.233,0.001,335.616,0.138,6.4,32.17
13.009,0.869,2643.123,456.9,0.262,0.003,62.122,43.168,0,0.538,0.394,0.021,0.122,0.539,0.22,0.65,-1.665e-4,0,-0.025,1.052,1.078,1.152e-4,876.163,0.001,335.614,0.137,6.4,32.17
13.024,0.883,2643.123,456.9,0.262,0.003,62.116,43.168,0,0.538,0.394,0.021,0.122,0.539,0.223,0.661,-1.65e-4,0,-0.026,1.052,1.078,1.337e-4,876.094,0.001,335.611,0.137,6.4,32.17
13.039,0.897,2643.123,456.9,0.262,0.003,62.108,43.168,0,0.538,0.394,0.021,0.122,0.539,0.227,0.671,-3.146e-4,0,-0.026,1.052,1.078,1.466e-4,876.024,0.001,335.609,0.136,6.4,32.17
13.054,0.909,2643.123,456.9,0.262,0.003,62.101,43.168,0,0.538,0.394,0.021,0.122,0.539,0.23,0.68,1.745e-4,0,-0.026,1.052,1.078,1.503e-4,875.954,0.001,335.606,0.136,6.4,32.17
13.068,0.91,2643.123,456.9,0.262,0.003,62.098,43.168,0,0.538,0.394,0.021,0.122,0.539,0.23,0.681,-6.114e-5,0,-0.026,1.052,1.078,1.39e-4,875.885,0.001,335.603,0.136,6.4,32.17
13.083,0.914,2643.123,456.9,0.262,0.003,62.093,43.168,0,0.538,0.394,0.021,0.122,0.539,0.231,0.683,-4.34e-4,0,-0.026,1.052,1.078,1.18e-4,875.815,0.001,335.601,0.135,6.4,32.17
13.098,0.919,2643.123,456.9,0.262,0.003,62.088,43.168,0,0.538,0.394,0.021,0.122,0.539,0.233,0.687,-1.053e-4,0,-0.026,1.052,1.078,9.048e-5,875.746,0.001,335.598,0.135,6.4,32.17
13.113,0.888,2643.123,456.9,0.262,0.003,62.096,43.168,0,0.538,0.394,0.021,0.122,0.539,0.224,0.663,-3.908e-4,0,-0.026,1.052,1.079,4.393e-5,875.676,0.001,335.596,0.134,6.4,32.17
13.128,0.857,2643.123,456.9,0.262,0.003,62.107,43.168,0,0.538,0.394,0.021,0.122,0.539,0.216,0.64,4.759e-4,0,-0.027,1.052,1.079,8.749e-6,875.608,0.001,335.593,0.134,6.4,32.17
13.143,0.834,2643.123,456.9,0.262,0.003,62.116,43.168,0,0.537,0.394,0.021,0.122,0.539,0.211,0.624,-1.819e-4,0,-0.027,1.052,1.079,-1.212e-6,875.54,0.001,335.591,0.133,6.4,32.17
13.157,0.82,2643.123,456.9,0.262,0.003,62.123,43.168,0,0.537,0.394,0.021,0.122,0.539,0.207,0.612,7.892e-5,0,-0.027,1.052,1.08,-2.721e-5,875.473,0.001,335.588,0.133,6.4,32.17
13.172,0.814,2643.123,456.9,0.262,0.003,62.129,43.168,0,0.537,0.394,0.021,0.122,0.538,0.205,0.608,-4.321e-4,0,-0.028,1.052,1.08,-8.213e-5,875.406,0.001,335.586,0.132,6.4,32.17
13.186,0.814,2643.123,456.9,0.262,0.003,62.133,43.168,0,0.537,0.394,0.021,0.122,0.538,0.205,0.609,-2.595e-4,0,-0.028,1.052,1.08,-1.535e-4,875.34,0.001,335.583,0.132,6.4,32.17
13.201,0.821,2643.123,456.9,0.262,0.003,62.134,43.168,0,0.537,0.394,0.021,0.122,0.538,0.207,0.614,-3.925e-4,0,-0.028,1.052,1.08,-2.225e-4,875.274,0.001,335.581,0.131,6.4,32.17
13.215,0.868,2643.123,456.9,0.262,0.003,62.118,43.168,0,0.537,0.394,0.021,0.122,0.538,0.219,0.65,1.216e-4,0,-0.028,1.052,1.08,-2.236e-4,875.209,0.001,335.578,0.131,6.4,32.17
13.23,0.918,2643.123,456.9,0.262,0.003,62.1,43.168,0,0.537,0.394,0.021,0.122,0.539,0.232,0.687,-3.604e-4,0,-0.028,1.052,1.08,-2.117e-4,875.143,0.001,335.576,0.131,6.4,32.17
13.244,0.97,2643.123,456.9,0.262,0.003,62.082,43.168,0,0.537,0.394,0.021,0.122,0.539,0.245,0.726,-1.925e-4,0,-0.028,1.052,1.08,-1.885e-4,875.078,0.001,335.573,0.13,6.4,32.17
13.259,0.987,2643.123,456.9,0.262,0.003,62.075,43.168,0,0.537,0.394,0.021,0.122,0.539,0.25,0.739,4.659e-4,0,-0.029,1.052,1.081,-1.78e-4,875.012,0.001,335.571,0.13,6.4,32.17
13.274,0.981,2643.123,456.9,0.262,0.003,62.077,43.168,0,0.537,0.394,0.021,0.122,0.539,0.248,0.734,4.24e-4,0,-0.029,1.052,1.081,-1.691e-4,874.946,0.001,335.569,0.129,6.4,32.17
13.288,0.973,2643.123,456.9,0.262,0.003,62.078,43.168,0,0.537,0.394,0.021,0.122,0.539,0.246,0.728,1.994e-4,0,-0.029,1.052,1.081,-1.486e-4,874.881,0.001,335.566,0.129,6.4,32.17
13.303,0.962,2643.123,456.9,0.262,0.003,62.079,43.168,0,0.537,0.394,0.021,0.122,0.539,0.244,0.72,7.083e-5,0,-0.03,1.052,1.082,-1.208e-4,874.817,0.001,335.564,0.128,6.4,32.17
13.317,0.944,2643.123,456.9,0.262,0.003,62.082,43.168,0,0.537,0.394,0.021,0.122,0.538,0.239,0.706,4.317e-5,0,-0.03,1.052,1.082,-9.079e-5,874.753,0.001,335.561,0.128,6.4,32.17
13.331,0.924,2643.123,456.9,0.262,0.003,62.086,43.168,0,0.537,0.394,0.021,0.122,0.538,0.234,0.69,-4.297e-4,0,-0.03,1.052,1.082,-6.113e-5,874.69,0.001,335.559,0.127,6.4,32.17
13.346,0.899,2643.123,456.9,0.262,0.003,62.092,43.168,0,0.537,0.394,0.021,0.122,0.538,0.227,0.673,1.352e-4,0,-0.031,1.052,1.083,-3.53e-5,874.628,0.001,335.557,0.127,6.4,32.17
13.36,0.887,2643.123,456.9,0.262,0.003,62.095,43.168,0,0.537,0.394,0.021,0.122,0.538,0.224,0.663,3.366e-5,0,-0.031,1.052,1.083,-1.428e-5,874.565,0.001,335.554,0.126,6.4,32.17
13.374,0.878,2643.123,456.9,0.262,0.003,62.097,43.168,0,0.537,0.394,0.021,0.122,0.538,0.222,0.655,-4e-5,0,-0.031,1.052,1.083,-2.22e-6,874.503,0.001,335.552,0.126,6.4,32.17
13.388,0.865,2643.123,456.9,0.262,0.003,62.101,43.168,0,0.537,0.394,0.021,0.122,0.538,0.218,0.646,2.426e-4,0,-0.031,1.052,1.083,6.307e-7,874.441,0.001,335.55,0.126,6.4,32.17
13.403,0.853,2643.123,456.9,0.262,0.003,62.105,43.168,0,0.537,0.394,0.021,0.122,0.538,0.215,0.637,-1.74e-4,0,-0.031,1.052,1.083,9.436e-6,874.38,0.001,335.548,0.125,6.4,32.17
13.417,0.859,2643.123,456.9,0.262,0.003,62.103,43.168,0,0.537,0.394,0.02,0.122,0.538,0.217,0.642,3.482e-4,0,-0.031,1.052,1.083,3.025e-5,874.318,0.001,335.545,0.125,6.4,32.17
13.432,0.867,2643.123,456.9,0.262,0.003,62.1,43.168,0,0.537,0.394,0.02,0.122,0.538,0.219,0.647,-8.976e-5,0,-0.031,1.052,1.083,6.267e-5,874.256,0.001,335.543,0.124,6.4,32.17
13.446,0.874,2643.123,456.9,0.262,0.003,62.098,43.168,0,0.537,0.394,0.02,0.122,0.538,0.221,0.653,3.858e-4,0,-0.031,1.052,1.083,1.06e-4,874.193,0.001,335.541,0.124,6.4,32.17
13.461,0.847,2643.123,456.9,0.262,0.003,62.11,43.168,0,0.537,0.394,0.02,0.122,0.538,0.214,0.633,3.687e-4,0,-0.032,1.052,1.084,1.506e-4,874.131,0.001,335.538,0.123,6.4,32.17
13.475,0.806,2643.123,456.9,0.262,0.003,62.127,43.168,0,0.537,0.394,0.02,0.122,0.538,0.203,0.602,1.06e-4,0,-0.032,1.052,1.084,1.894e-4,874.069,0.001,335.536,0.123,6.4,32.17
13.49,0.762,2643.123,456.9,0.262,0.003,62.147,43.168,0,0.537,0.394,0.02,0.122,0.537,0.192,0.57,1.355e-5,0,-0.032,1.052,1.084,2.185e-4,874.007,0.001,335.534,0.123,6.4,32.17
13.504,0.726,2643.123,456.9,0.262,0.003,62.163,43.168,0,0.537,0.394,0.02,0.122,0.537,0.183,0.542,-3.771e-4,0,-0.033,1.052,1.084,2.378e-4,873.946,0.001,335.532,0.122,6.4,32.17
13.519,0.709,2643.123,456.9,0.262,0.003,62.172,43.168,0,0.536,0.394,0.02,0.122,0.537,0.178,0.53,5.629e-5,0,-0.033,1.052,1.084,2.552e-4,873.885,0.001,335.529,0.122,6.4,32.17
13.534,0.692,2643.123,456.9,0.262,0.003,62.18,43.168,0,0.536,0.394,0.02,0.122,0.537,0.174,0.517,3.778e-4,0,-0.033,1.052,1.085,2.608e-4,873.824,0.001,335.527,0.121,6.4,32.17
13.548,0.678,2643.123,456.9,0.262,0.003,62.187,43.168,0,0.536,0.394,0.02,0.122,0.537,0.17,0.506,4.179e-4,0,-0.033,1.052,1.085,2.53e-4,873.763,0.001,335.525,0.121,6.4,32.17
13.563,0.665,2643.123,456.9,0.262,0.003,62.194,43.168,0,0.536,0.394,0.02,0.122,0.537,0.167,0.497,-8.007e-5,0,-0.033,1.052,1.085,2.313e-4,873.702,0.001,335.523,0.12,6.4,32.17
13.578,0.655,2643.123,456.9,0.262,0.003,62.198,43.168,0,0.536,0.394,0.02,0.122,0.537,0.165,0.489,1.049e-4,0,-0.033,1.052,1.085,1.97e-4,873.641,0.001,335.52,0.12,6.4,32.17
13.592,0.648,2643.123,456.9,0.262,0.003,62.201,43.168,0,0.536,0.394,0.02,0.122,0.537,0.163,0.484,3.528e-6,0,-0.033,1.052,1.085,1.536e-4,873.58,0.001,335.518,0.119,6.4,32.17
13.607,0.64,2643.123,456.9,0.262,0.003,62.203,43.168,0,0.536,0.394,0.02,0.122,0.537,0.161,0.478,1.521e-4,0,-0.034,1.052,1.085,1.028e-4,873.52,0.001,335.516,0.119,6.4,32.17
13.622,0.631,2643.123,456.9,0.262,0.003,62.205,43.168,0,0.536,0.394,0.02,0.122,0.537,0.159,0.471,-4.99e-4,0,-0.034,1.052,1.086,5.282e-5,873.459,0.001,335.514,0.119,6.4,32.17
13.637,0.628,2643.123,456.9,0.262,0.003,62.203,43.168,0,0.536,0.394,0.02,0.122,0.537,0.158,0.468,-3.683e-4,0,-0.034,1.052,1.086,1.645e-5,873.399,0.001,335.511,0.118,6.4,32.17
13.652,0.633,2643.123,456.9,0.262,0.003,62.198,43.168,0,0.536,0.394,0.02,0.122,0.537,0.159,0.473,-3.674e-4,0,-0.034,1.052,1.086,6.575e-7,873.339,0.001,335.509,0.118,6.4,32.17
13.666,0.672,2643.123,456.9,0.262,0.003,62.18,43.168,0,0.536,0.394,0.02,0.122,0.537,0.169,0.502,2.285e-4,0,-0.035,1.052,1.086,-1.587e-6,873.279,0.001,335.507,0.117,6.4,32.17
13.681,0.717,2643.123,456.9,0.262,0.003,62.161,43.168,0,0.536,0.394,0.02,0.122,0.537,0.18,0.536,1.314e-5,0,-0.035,1.052,1.086,-1.042e-5,873.22,0.001,335.505,0.117,6.4,32.17
13.696,0.766,2643.123,456.9,0.262,0.003,62.139,43.168,0,0.536,0.394,0.02,0.122,0.537,0.193,0.573,-1.178e-4,0,-0.035,1.052,1.086,-2.52e-5,873.16,0.001,335.502,0.116,6.4,32.17
13.711,0.787,2643.123,456.9,0.262,0.003,62.129,43.168,0,0.536,0.394,0.02,0.122,0.537,0.198,0.589,1.383e-5,0,-0.035,1.052,1.087,-5.708e-5,873.1,0.001,335.5,0.116,6.4,32.17
13.726,0.802,2643.123,456.9,0.262,0.003,62.122,43.168,0,0.536,0.394,0.02,0.122,0.537,0.202,0.599,-4.79e-6,0,-0.035,1.052,1.087,-1.012e-4,873.04,0.001,335.498,0.116,6.4,32.17
13.741,0.82,2643.123,456.9,0.262,0.003,62.115,43.168,0,0.536,0.394,0.02,0.122,0.537,0.207,0.612,-5.821e-5,0,-0.036,1.052,1.087,-1.469e-4,872.981,0.001,335.496,0.115,6.4,32.17
13.756,0.844,2643.123,456.9,0.262,0.003,62.106,43.168,0,0.536,0.394,0.02,0.122,0.537,0.213,0.63,-2.922e-4,0,-0.036,1.052,1.088,-1.849e-4,872.922,0.001,335.494,0.115,6.4,32.17
13.771,0.875,2643.123,456.9,0.262,0.003,62.095,43.168,0,0.536,0.394,0.02,0.122,0.537,0.221,0.654,-4.648e-4,0,-0.036,1.052,1.088,-2.088e-4,872.864,0.001,335.491,0.114,6.4,32.17
13.786,0.908,2643.123,456.9,0.262,0.003,62.084,43.168,0,0.536,0.394,0.02,0.122,0.537,0.229,0.678,-2.611e-4,0,-0.037,1.051,1.088,-2.199e-4,872.805,0.001,335.489,0.114,6.4,32.17
13.801,0.941,2643.123,456.9,0.262,0.003,62.074,43.168,0,0.536,0.394,0.02,0.122,0.537,0.238,0.703,2.754e-4,0,-0.037,1.051,1.088,-2.181e-4,872.747,0.001,335.487,0.113,6.4,32.17
13.816,0.973,2643.123,456.9,0.262,0.003,62.064,43.168,0,0.536,0.394,0.02,0.122,0.537,0.246,0.727,2.936e-4,0,-0.037,1.051,1.089,-2.046e-4,872.69,0.001,335.485,0.113,6.4,32.17
13.831,1.005,2643.123,456.9,0.262,0.003,62.054,43.168,0,0.536,0.394,0.02,0.122,0.537,0.255,0.752,1.446e-5,0,-0.038,1.051,1.089,-1.813e-4,872.632,0.001,335.483,0.112,6.4,32.17
13.846,1.036,2643.123,456.9,0.262,0.003,62.044,43.168,0,0.536,0.394,0.02,0.122,0.537,0.263,0.774,-4.628e-4,0,-0.038,1.051,1.089,-1.51e-4,872.575,0.001,335.481,0.112,6.4,32.17
13.861,1.116,2643.123,456.9,0.262,0.003,62.016,43.168,0,0.536,0.394,0.02,0.122,0.538,0.283,0.835,4.206e-4,0,-0.038,1.051,1.089,-1.067e-4,872.518,0.001,335.479,0.112,6.4,32.17
13.876,1.218,2643.123,456.9,0.262,0.003,61.979,43.168,0,0.536,0.394,0.02,0.122,0.538,0.31,0.911,1.356e-4,0,-0.038,1.051,1.089,-6.259e-5,872.46,0.001,335.477,0.111,6.4,32.17
13.891,1.321,2643.123,456.9,0.262,0.003,61.942,43.168,0,0.536,0.394,0.02,0.122,0.538,0.337,0.989,-2.615e-4,0,-0.038,1.051,1.089,-2.697e-5,872.403,0.001,335.474,0.111,6.4,32.17
13.906,1.38,2643.123,456.9,0.262,0.003,61.921,43.168,0,0.536,0.394,0.02,0.122,0.539,0.353,1.034,3.615e-4,0,-0.038,1.051,1.089,-5.589e-6,872.345,0.001,335.472,0.11,6.4,32.17
13.922,1.374,2643.123,456.9,0.262,0.003,61.924,43.168,0,0.536,0.394,0.02,0.122,0.538,0.351,1.029,3.674e-4,0,-0.038,1.051,1.09,7.469e-8,872.288,0.001,335.47,0.11,6.4,32.17
13.937,1.363,2643.123,456.9,0.262,0.003,61.928,43.168,0,0.535,0.394,0.02,0.122,0.538,0.348,1.02,2.683e-4,0,-0.039,1.051,1.09,8.192e-6,872.231,0.001,335.468,0.109,6.4,32.17
13.952,1.358,2643.123,456.9,0.262,0.003,61.929,43.168,0,0.535,0.394,0.02,0.122,0.538,0.347,1.017,-2.459e-4,0,-0.039,1.051,1.091,2.905e-5,872.174,0.001,335.466,0.109,6.4,32.17
13.967,1.416,2643.123,456.9,0.262,0.003,61.907,43.168,0,0.535,0.394,0.019,0.122,0.539,0.362,1.061,4.29e-4,0,-0.04,1.051,1.091,6.644e-5,872.118,0.001,335.464,0.108,6.4,32.17
13.982,1.472,2643.123,456.9,0.262,0.003,61.885,43.168,0,0.535,0.394,0.019,0.122,0.539,0.377,1.102,1.04e-4,0,-0.04,1.051,1.091,1.198e-4,872.062,0.001,335.462,0.108,6.4,32.17
13.998,1.525,2643.123,456.9,0.262,0.003,61.864,43.168,0,0.535,0.394,0.019,0.122,0.539,0.391,1.142,-2.575e-4,0,-0.04,1.051,1.091,1.881e-4,872.006,0.001,335.46,0.108,6.4,32.17
14.013,1.556,2643.123,456.9,0.262,0.003,61.85,43.168,0,0.535,0.394,0.019,0.121,0.539,0.399,1.166,4.073e-4,0,-0.04,1.051,1.091,2.661e-4,871.949,0.001,335.458,0.107,6.4,32.17
14.029,1.582,2643.123,456.9,0.262,0.003,61.838,43.168,0,0.535,0.394,0.019,0.121,0.539,0.406,1.184,-1.942e-4,0,-0.04,1.051,1.092,3.486e-4,871.893,0.001,335.456,0.107,6.4,32.17
14.044,1.604,2643.123,456.9,0.262,0.003,61.827,43.168,0,0.535,0.394,0.019,0.121,0.539,0.412,1.201,2.82e-4,0,-0.041,1.051,1.092,4.296e-4,871.837,0.001,335.453,0.106,6.4,32.17
14.059,1.644,2643.123,456.9,0.262,0.003,61.81,43.168,0,0.535,0.394,0.019,0.121,0.539,0.423,1.231,3.526e-4,0,-0.041,1.051,1.092,5.065e-4,871.782,0.001,335.451,0.106,6.4,32.17
14.075,1.695,2643.123,456.9,0.262,0.003,61.789,43.168,0,0.535,0.394,0.019,0.121,0.54,0.436,1.269,1.338e-4,0,-0.041,1.051,1.092,5.76e-4,871.726,0.001,335.449,0.105,6.4,32.17
14.09,1.745,2643.123,456.9,0.262,0.003,61.769,43.168,0,0.535,0.394,0.019,0.121,0.54,0.45,1.306,2.589e-4,0,-0.041,1.051,1.092,6.304e-4,871.67,0.001,335.447,0.105,6.4,32.17
14.106,1.777,2643.123,456.9,0.262,0.003,61.756,43.168,0,0.535,0.394,0.019,0.121,0.54,0.458,1.329,1.315e-4,0,-0.041,1.051,1.092,6.595e-4,871.615,0.001,335.445,0.105,6.4,32.17
14.122,1.78,2643.123,456.9,0.262,0.003,61.754,43.168,0,0.535,0.394,0.019,0.121,0.54,0.459,1.332,-3.859e-4,0,-0.042,1.051,1.093,6.494e-4,871.559,0.001,335.443,0.104,6.4,32.17
14.137,1.784,2643.123,456.9,0.262,0.003,61.753,43.168,0,0.535,0.394,0.019,0.121,0.54,0.46,1.335,4.992e-4,0,-0.042,1.051,1.093,6.042e-4,871.504,0.001,335.441,0.104,6.4,32.17
14.153,1.792,2643.123,456.9,0.262,0.003,61.751,43.168,0,0.535,0.394,0.019,0.121,0.54,0.462,1.341,3.593e-4,0,-0.043,1.051,1.094,5.283e-4,871.449,0.001,335.439,0.103,6.4,32.17
14.169,1.809,2643.123,456.9,0.262,0.003,61.747,43.168,0,0.535,0.394,0.019,0.121,0.54,0.467,1.354,-3.744e-4,0,-0.043,1.051,1.094,4.315e-4,871.395,0.001,335.437,0.103,6.4,32.17
14.184,1.829,2643.123,456.9,0.262,0.003,61.741,43.168,0,0.535,0.394,0.019,0.121,0.54,0.472,1.369,-8.6e-6,0,-0.043,1.051,1.094,3.233e-4,871.34,0.001,335.435,0.102,6.4,32.17
14.2,1.854,2643.123,456.9,0.262,0.003,61.735,43.168,0,0.535,0.394,0.019,0.121,0.54,0.479,1.389,4.885e-4,0,-0.044,1.051,1.095,2.159e-4,871.286,0.001,335.433,0.102,6.4,32.17
14.216,1.829,2643.123,456.9,0.262,0.003,61.747,43.168,0,0.535,0.394,0.019,0.121,0.54,0.472,1.37,-1.659e-4,0,-0.044,1.051,1.095,1.07e-4,871.232,0.001,335.431,0.101,6.4,32.17
14.231,1.812,2643.123,456.9,0.262,0.003,61.756,43.168,0,0.535,0.394,0.019,0.121,0.54,0.468,1.357,-1.037e-4,0,-0.045,1.051,1.096,3.041e-5,871.179,0.001,335.429,0.101,6.4,32.17
14.247,1.802,2643.123,456.9,0.262,0.003,61.762,43.168,0,0.535,0.394,0.019,0.121,0.54,0.465,1.35,3.75e-4,0,-0.046,1.051,1.097,1.677e-7,871.126,0.001,335.427,0.1,6.4,32.17
14.262,1.854,2643.123,456.9,0.262,0.003,61.745,43.168,0,0.535,0.394,0.019,0.121,0.54,0.479,1.39,4.64e-5,0,-0.046,1.051,1.097,-1.469e-5,871.074,0.001,335.425,0.1,6.4,32.17
14.278,1.926,2643.123,456.9,0.262,0.003,61.719,43.168,0,0.535,0.394,0.019,0.121,0.54,0.498,1.445,1.692e-4,0,-0.046,1.051,1.097,-5.652e-5,871.022,0.001,335.423,0.1,6.4,32.17
14.293,2.004,2643.123,456.9,0.262,0.003,61.691,43.168,0,0.535,0.394,0.019,0.121,0.541,0.519,1.503,-1.011e-4,0,-0.046,1.051,1.097,-1.156e-4,870.97,0.001,335.421,0.099,6.4,32.17
14.309,2.066,2643.123,456.9,0.262,0.003,61.668,43.168,0,0.535,0.394,0.019,0.121,0.541,0.536,1.551,-1.907e-4,0,-0.047,1.051,1.098,-1.891e-4,870.918,0.001,335.419,0.099,6.4,32.17
14.324,2.117,2643.123,456.9,0.262,0.003,61.648,43.168,0,0.535,0.394,0.019,0.121,0.542,0.55,1.588,-1.324e-4,0,-0.047,1.051,1.098,-2.699e-4,870.866,0.001,335.418,0.098,6.4,32.17
14.34,2.17,2643.123,456.9,0.262,0.003,61.627,43.168,0,0.535,0.394,0.019,0.121,0.542,0.565,1.629,4.618e-4,0,-0.048,1.051,1.099,-3.424e-4,870.815,0.001,335.416,0.098,6.4,32.17
14.356,2.218,2643.123,456.9,0.262,0.003,61.607,43.168,0,0.535,0.394,0.019,0.121,0.542,0.578,1.665,3.271e-4,0,-0.048,1.051,1.099,-4.025e-4,870.763,0.001,335.414,0.097,6.4,32.17
14.371,2.252,2643.123,456.9,0.262,0.003,61.592,43.168,0,0.535,0.394,0.019,0.121,0.542,0.587,1.69,4.7e-4,0,-0.049,1.051,1.1,-4.498e-4,870.713,0.001,335.412,0.097,6.4,32.17
14.387,2.287,2643.123,456.9,0.262,0.003,61.577,43.168,0,0.535,0.394,0.019,0.121,0.542,0.596,1.715,4.364e-4,0,-0.049,1.051,1.1,-4.732e-4,870.662,0.001,335.41,0.096,6.4,32.17
14.402,2.337,2643.123,456.9,0.262,0.003,61.557,43.168,0,0.535,0.394,0.019,0.121,0.543,0.61,1.754,-4.769e-4,0,-0.05,1.051,1.101,-4.635e-4,870.612,0.001,335.408,0.096,6.4,32.17
14.418,2.493,2643.123,456.9,0.262,0.003,61.501,43.168,0,0.535,0.394,0.019,0.121,0.544,0.653,1.871,-2.215e-4,0,-0.05,1.051,1.1,-3.815e-4,870.562,0.001,335.406,0.096,6.4,32.17
14.433,2.65,2643.123,456.9,0.262,0.003,61.444,43.168,0,0.534,0.394,0.019,0.121,0.545,0.697,1.99,-1.082e-4,0,-0.049,1.051,1.1,-2.865e-4,870.512,0.001,335.404,0.095,6.4,32.17
14.449,2.808,2643.123,456.9,0.262,0.003,61.389,43.168,0,0.534,0.394,0.019,0.121,0.546,0.741,2.109,3.17e-4,0,-0.049,1.051,1.1,-1.882e-4,870.461,0.001,335.403,0.095,6.4,32.17
14.465,2.852,2643.123,456.9,0.262,0.003,61.373,43.168,0,0.534,0.394,0.019,0.121,0.546,0.753,2.143,2.305e-4,0,-0.05,1.051,1.101,-1.163e-4,870.411,0.001,335.401,0.094,6.4,32.17
14.481,2.885,2643.123,456.9,0.262,0.003,61.361,43.168,0,0.534,0.394,0.019,0.121,0.547,0.762,2.167,1.69e-4,0,-0.051,1.051,1.101,-5.802e-5,870.36,0.001,335.399,0.094,6.4,32.17
14.497,2.913,2643.123,456.9,0.262,0.003,61.352,43.168,0,0.534,0.395,0.019,0.121,0.547,0.77,2.189,4.457e-4,0,-0.051,1.051,1.102,-1.815e-5,870.311,0.001,335.397,0.093,6.4,32.17
14.513,2.889,2643.123,456.9,0.262,0.003,61.361,43.168,0,0.534,0.395,0.019,0.121,0.547,0.764,2.17,-3.064e-4,0,-0.052,1.051,1.103,-1.228e-6,870.261,0.001,335.395,0.093,6.4,32.17
14.529,2.85,2643.123,456.9,0.262,0.003,61.376,43.168,0,0.534,0.395,0.019,0.121,0.546,0.752,2.141,1.307e-4,0,-0.053,1.051,1.104,3.439e-6,870.212,0.001,335.393,0.092,6.4,32.17
14.544,2.805,2643.123,456.9,0.262,0.003,61.393,43.168,0,0.534,0.395,0.019,0.121,0.546,0.74,2.108,3.982e-4,0,-0.054,1.051,1.105,2.135e-5,870.164,0.001,335.391,0.092,6.4,32.17
14.56,2.798,2643.123,456.9,0.262,0.003,61.398,43.168,0,0.534,0.395,0.019,0.121,0.546,0.738,2.102,6.684e-5,0,-0.055,1.051,1.105,5.532e-5,870.116,0.001,335.39,0.091,6.4,32.17
14.575,2.812,2643.123,456.9,0.262,0.003,61.395,43.168,0,0.534,0.395,0.019,0.121,0.546,0.742,2.113,1.6e-4,0,-0.055,1.051,1.106,1.062e-4,870.069,0.001,335.388,0.091,6.4,32.17
14.591,2.822,2643.123,456.9,0.262,0.003,61.394,43.168,0,0.534,0.395,0.019,0.121,0.546,0.745,2.121,2.915e-4,0,-0.056,1.051,1.106,1.697e-4,870.022,0.001,335.386,0.091,6.4,32.17
14.606,2.808,2643.123,456.9,0.262,0.003,61.4,43.168,0,0.534,0.395,0.019,0.121,0.546,0.741,2.111,2.646e-4,0,-0.056,1.051,1.107,2.37e-4,869.975,0.001,335.384,0.09,6.4,32.17
14.622,2.761,2643.123,456.9,0.262,0.003,61.418,43.168,0,0.534,0.395,0.019,0.121,0.545,0.728,2.075,2.317e-4,0,-0.057,1.051,1.108,2.944e-4,869.928,0.001,335.383,0.09,6.4,32.17
14.637,2.712,2643.123,456.9,0.262,0.003,61.437,43.168,0,0.534,0.395,0.019,0.121,0.545,0.714,2.038,-2.397e-4,0,-0.058,1.051,1.109,3.403e-4,869.882,0.001,335.381,0.089,6.4,32.17
14.653,2.657,2643.123,456.9,0.262,0.003,61.457,43.168,0,0.534,0.395,0.019,0.121,0.545,0.699,1.996,4.049e-4,0,-0.059,1.051,1.109,3.68e-4,869.836,0.001,335.379,0.089,6.4,32.17
14.668,2.581,2643.123,456.9,0.262,0.003,61.484,43.168,0,0.534,0.395,0.019,0.121,0.544,0.678,1.938,-3.699e-4,0,-0.06,1.051,1.11,3.666e-4,869.791,0.001,335.378,0.088,6.4,32.17
14.684,2.506,2643.123,456.9,0.262,0.003,61.51,43.168,0,0.534,0.395,0.019,0.121,0.543,0.657,1.882,1.857e-4,0,-0.06,1.051,1.111,3.407e-4,869.746,0.001,335.376,0.088,6.4,32.17
14.699,2.432,2643.123,456.9,0.262,0.003,61.535,43.168,0,0.534,0.395,0.019,0.121,0.543,0.636,1.826,2.784e-4,0,-0.061,1.051,1.112,2.931e-4,869.701,0.001,335.374,0.087,6.4,32.17
14.714,2.478,2643.123,456.9,0.262,0.003,61.517,43.168,0,0.534,0.395,0.019,0.121,0.543,0.649,1.861,1.395e-4,0,-0.061,1.051,1.112,2.839e-4,869.657,0.001,335.373,0.087,6.4,32.17
14.729,2.537,2643.123,456.9,0.262,0.003,61.495,43.168,0,0.534,0.395,0.018,0.121,0.544,0.665,1.905,-1.643e-4,0,-0.062,1.051,1.112,2.741e-4,869.613,0.001,335.371,0.086,6.4,32.17
14.745,2.599,2643.123,456.9,0.262,0.003,61.472,43.168,0,0.534,0.395,0.018,0.121,0.544,0.683,1.952,4.213e-4,0,-0.062,1.051,1.112,2.599e-4,869.568,0.001,335.369,0.086,6.4,32.17
14.76,2.602,2643.123,456.9,0.262,0.003,61.469,43.168,0,0.534,0.395,0.018,0.121,0.544,0.683,1.954,-2.217e-4,0,-0.062,1.051,1.113,2.173e-4,869.524,0.001,335.368,0.086,6.4,32.17
14.776,2.576,2643.123,456.9,0.262,0.003,61.475,43.168,0,0.534,0.395,0.018,0.121,0.544,0.676,1.934,-2.571e-4,0,-0.063,1.051,1.114,1.585e-4,869.48,0.001,335.366,0.085,6.4,32.17
14.792,2.553,2643.123,456.9,0.262,0.003,61.481,43.168,0,0.534,0.395,0.018,0.121,0.544,0.67,1.916,3.659e-4,0,-0.064,1.051,1.114,1.016e-4,869.436,0.001,335.365,0.085,6.4,32.17
14.807,2.614,2643.123,456.9,0.262,0.003,61.458,43.168,0,0.534,0.395,0.018,0.121,0.544,0.687,1.962,4.046e-4,0,-0.064,1.051,1.114,7.195e-5,869.392,0.001,335.363,0.084,6.4,32.17
14.823,2.778,2643.123,456.9,0.262,0.003,61.399,43.168,0,0.534,0.395,0.018,0.121,0.545,0.732,2.086,3.94e-4,0,-0.063,1.051,1.114,6.989e-5,869.348,0.001,335.361,0.084,6.4,32.17
14.839,2.948,2643.123,456.9,0.262,0.003,61.339,43.168,0,0.534,0.395,0.018,0.121,0.547,0.78,2.215,-1.055e-4,0,-0.063,1.051,1.114,6.992e-5,869.304,0.001,335.36,0.083,6.4,32.17
14.855,3.08,2643.123,456.9,0.262,0.003,61.293,43.168,0,0.534,0.395,0.018,0.121,0.548,0.817,2.315,-2.358e-4,0,-0.063,1.051,1.114,6.429e-5,869.26,0.001,335.358,0.083,6.4,32.17
14.871,3.108,2643.123,456.9,0.262,0.003,61.282,43.168,0,0.534,0.395,0.018,0.121,0.548,0.825,2.335,-4.464e-4,0,-0.064,1.051,1.114,4.183e-5,869.215,0.001,335.356,0.083,6.4,32.17
14.887,3.138,2643.123,456.9,0.262,0.003,61.272,43.168,0,0.534,0.395,0.018,0.121,0.548,0.834,2.358,3.697e-4,0,-0.065,1.051,1.115,2.345e-5,869.171,0.001,335.355,0.082,6.4,32.17
14.904,3.167,2643.123,456.9,0.262,0.003,61.262,43.168,0,0.534,0.395,0.018,0.121,0.548,0.842,2.381,-1.922e-4,0,-0.065,1.051,1.116,9.905e-6,869.127,0.001,335.353,0.082,6.4,32.17
14.92,3.19,2643.123,456.9,0.262,0.003,61.255,43.168,0,0.534,0.395,0.018,0.121,0.549,0.849,2.398,-2.02e-4,0,-0.066,1.051,1.117,1.738e-6,869.083,0.001,335.351,0.081,6.4,32.17
14.936,3.214,2643.123,456.9,0.262,0.003,61.248,43.168,0,0.534,0.395,0.018,0.121,0.549,0.856,2.417,4.655e-4,0,-0.067,1.05,1.118,-2.521e-7,869.04,0.001,335.35,0.081,6.4,32.17
14.952,3.249,2643.123,456.9,0.262,0.003,61.238,43.168,0,0.534,0.395,0.018,0.121,0.549,0.865,2.443,3.497e-4,0,-0.068,1.05,1.118,-4.774e-6,868.997,0.001,335.348,0.08,6.4,32.17
14.969,3.327,2643.123,456.9,0.262,0.003,61.213,43.168,0,0.534,0.395,0.018,0.121,0.55,0.888,2.504,-4.171e-4,0,-0.068,1.05,1.119,-1.043e-5,868.954,0.001,335.347,0.08,6.4,32.17
14.985,3.408,2643.123,456.9,0.262,0.003,61.188,43.168,0,0.534,0.395,0.018,0.121,0.55,0.911,2.565,-1.264e-4,0,-0.069,1.05,1.119,-1.652e-5,868.911,0.001,335.345,0.079,6.4,32.17
15.001,3.484,2643.123,456.9,0.262,0.003,61.164,43.168,0,0.534,0.395,0.018,0.121,0.551,0.933,2.623,3.942e-4,0,-0.07,1.05,1.12,-2.251e-5,868.869,0.001,335.344,0.079,6.4,32.17
15.018,3.485,2643.123,456.9,0.262,0.003,61.166,43.168,0,0.534,0.395,0.018,0.121,0.551,0.933,2.625,-8.147e-5,0,-0.071,1.05,1.121,-3.75e-5,868.827,0.001,335.342,0.079,6.4,32.17
15.034,3.488,2643.123,456.9,0.262,0.003,61.167,43.168,0,0.534,0.395,0.018,0.121,0.551,0.934,2.627,-1.907e-4,0,-0.072,1.05,1.122,-5.516e-5,868.785,0.001,335.34,0.078,6.4,32.17
15.05,3.492,2643.123,456.9,0.262,0.003,61.167,43.168,0,0.534,0.395,0.018,0.121,0.551,0.935,2.63,-2.988e-4,0,-0.073,1.05,1.123,-7.434e-5,868.743,0.001,335.339,0.078,6.4,32.17
15.066,3.543,2643.123,456.9,0.262,0.003,61.151,43.168,0,0.534,0.395,0.018,0.121,0.551,0.95,2.669,-2.221e-5,0,-0.074,1.05,1.124,-8.356e-5,868.702,0.001,335.337,0.077,6.4,32.17
15.083,3.595,2643.123,456.9,0.262,0.003,61.135,43.168,0,0.534,0.395,0.018,0.121,0.552,0.965,2.709,3.909e-4,0,-0.074,1.05,1.125,-8.901e-5,868.662,0.001,335.336,0.077,6.4,32.17
15.099,3.648,2643.123,456.9,0.262,0.003,61.118,43.168,0,0.533,0.395,0.018,0.121,0.552,0.98,2.75,4.184e-4,0,-0.075,1.05,1.126,-9.024e-5,868.621,0.001,335.334,0.076,6.4,32.17
15.115,3.713,2643.123,456.9,0.262,0.003,61.096,43.168,0,0.533,0.395,0.018,0.121,0.553,0.999,2.799,2.1e-4,0,-0.076,1.05,1.126,-8.477e-5,868.581,0.001,335.333,0.076,6.4,32.17
15.131,3.78,2643.123,456.9,0.262,0.003,61.074,43.168,0,0.533,0.395,0.018,0.121,0.554,1.019,2.851,2.164e-4,0,-0.077,1.05,1.127,-7.505e-5,868.541,0.001,335.331,0.075,6.4,32.17
15.148,3.848,2643.123,456.9,0.262,0.003,61.051,43.168,0,0.533,0.395,0.018,0.121,0.554,1.039,2.902,-1.483e-4,0,-0.077,1.05,1.128,-6.214e-5,868.501,0.001,335.33,0.075,6.4,32.17
15.164,3.907,2643.123,456.9,0.262,0.003,61.03,43.168,0,0.533,0.395,0.018,0.121,0.555,1.056,2.947,-2.142e-4,0,-0.078,1.05,1.129,-4.852e-5,868.461,0.001,335.328,0.074,6.4,32.17
15.181,3.965,2643.123,456.9,0.262,0.003,61.01,43.168,0,0.533,0.395,0.018,0.121,0.555,1.073,2.991,-2.867e-4,0,-0.079,1.05,1.13,-3.448e-5,868.421,0.001,335.327,0.074,6.4,32.17
15.197,4.023,2643.123,456.9,0.262,0.003,60.989,43.168,0,0.533,0.395,0.018,0.121,0.556,1.09,3.035,-3.007e-4,0,-0.08,1.05,1.13,-2.122e-5,868.382,0.001,335.326,0.073,6.4,32.17
15.214,4.106,2643.123,456.9,0.262,0.003,60.961,43.168,0,0.533,0.395,0.018,0.121,0.557,1.114,3.098,4.464e-4,0,-0.081,1.05,1.131,-8.775e-6,868.343,0.001,335.324,0.073,6.4,32.17
15.23,4.195,2643.123,456.9,0.262,0.003,60.93,43.168,0,0.533,0.395,0.018,0.121,0.558,1.141,3.166,8.385e-5,0,-0.081,1.05,1.132,-1.174e-6,868.304,0.001,335.323,0.073,6.4,32.17
15.247,4.284,2643.123,456.9,0.262,0.003,60.9,43.168,0,0.533,0.395,0.018,0.121,0.559,1.167,3.233,3.235e-4,0,-0.082,1.05,1.132,9.33e-7,868.265,0.001,335.321,0.072,6.4,32.17
15.263,4.401,2643.123,456.9,0.262,0.003,60.861,43.168,0,0.533,0.395,0.018,0.121,0.56,1.202,3.322,8.281e-5,0,-0.083,1.05,1.133,1.14e-5,868.227,0.001,335.32,0.072,6.4,32.17
15.28,4.525,2643.123,456.9,0.262,0.003,60.819,43.168,0,0.533,0.395,0.018,0.121,0.561,1.239,3.417,-7.936e-5,0,-0.083,1.05,1.133,3.627e-5,868.188,0.001,335.318,0.071,6.4,32.17
15.297,4.65,2643.123,456.9,0.262,0.003,60.778,43.168,0,0.533,0.395,0.018,0.121,0.563,1.277,3.513,-1.154e-4,0,-0.084,1.05,1.134,7.799e-5,868.15,0.001,335.317,0.071,6.4,32.17
15.314,4.687,2643.123,456.9,0.262,0.003,60.765,43.168,0,0.533,0.395,0.018,0.121,0.563,1.288,3.541,-3.83e-4,0,-0.085,1.05,1.135,1.251e-4,868.111,0.001,335.315,0.07,6.4,32.17
15.331,4.703,2643.123,456.9,0.262,0.003,60.759,43.168,0,0.533,0.395,0.018,0.121,0.563,1.293,3.553,-1.824e-4,0,-0.086,1.05,1.136,1.764e-4,868.073,0.001,335.314,0.07,6.4,32.17
15.348,4.717,2643.123,456.9,0.262,0.003,60.753,43.168,0,0.533,0.395,0.018,0.121,0.563,1.297,3.563,4.104e-4,0,-0.087,1.05,1.138,2.311e-4,868.035,0.001,335.313,0.069,6.4,32.17
15.364,4.831,2643.123,456.9,0.262,0.003,60.717,43.168,0,0.533,0.395,0.018,0.121,0.565,1.331,3.65,1.182e-5,0,-0.088,1.05,1.138,3.1e-4,867.998,0.001,335.311,0.069,6.4,32.17
15.381,4.964,2643.123,456.9,0.262,0.003,60.675,43.168,0,0.533,0.395,0.018,0.121,0.566,1.372,3.752,-4.506e-4,0,-0.089,1.05,1.139,4.06e-4,867.961,0.001,335.31,0.069,6.4,32.17
15.398,5.098,2643.123,456.9,0.262,0.003,60.634,43.168,0,0.533,0.395,0.018,0.121,0.568,1.413,3.855,1.264e-4,0,-0.089,1.05,1.139,5.16e-4,867.924,0.001,335.309,0.068,6.4,32.17
15.416,5.168,2643.123,456.9,0.262,0.003,60.612,43.168,0,0.533,0.395,0.018,0.121,0.568,1.434,3.909,4.82e-4,0,-0.09,1.05,1.14,6.193e-4,867.886,0.001,335.307,0.068,6.4,32.17
15.433,5.232,2643.123,456.9,0.262,0.003,60.593,43.168,0,0.533,0.395,0.018,0.121,0.569,1.454,3.959,-3.56e-4,0,-0.091,1.05,1.141,7.197e-4,867.849,0.001,335.306,0.067,6.4,32.17
15.45,5.296,2643.123,456.9,0.262,0.003,60.575,43.168,0,0.533,0.395,0.018,0.121,0.57,1.474,4.007,-3.795e-4,0,-0.092,1.05,1.142,8.147e-4,867.813,0.001,335.304,0.067,6.4,32.17
15.467,5.318,2643.123,456.9,0.262,0.003,60.569,43.168,0,0.533,0.395,0.018,0.121,0.57,1.481,4.025,2.313e-4,0,-0.094,1.05,1.144,8.852e-4,867.776,0.001,335.303,0.066,6.4,32.17
15.485,5.341,2643.123,456.9,0.262,0.003,60.564,43.168,0,0.533,0.395,0.018,0.121,0.57,1.488,4.043,4.226e-4,0,-0.095,1.05,1.145,9.36e-4,867.74,0.001,335.302,0.066,6.4,32.17
15.502,5.379,2643.123,456.9,0.262,0.003,60.554,43.168,0,0.533,0.395,0.018,0.121,0.571,1.5,4.073,-3.336e-4,0,-0.097,1.05,1.147,9.697e-4,867.705,0.001,335.3,0.065,6.4,32.17
15.519,5.539,2643.123,456.9,0.262,0.003,60.506,43.168,0,0.533,0.395,0.018,0.121,0.573,1.549,4.197,2.895e-4,0,-0.097,1.05,1.147,0.001,867.669,0.001,335.299,0.065,6.4,32.17
15.537,5.703,2643.123,456.9,0.262,0.003,60.458,43.168,0,0.533,0.395,0.018,0.121,0.575,1.601,4.323,-1.683e-4,0,-0.097,1.05,1.148,0.001,867.634,0.001,335.298,0.065,6.4,32.17
15.554,5.834,2643.123,456.9,0.262,0.003,60.421,43.168,0,0.533,0.395,0.018,0.121,0.576,1.642,4.425,-2.204e-4,0,-0.098,1.05,1.148,0.001,867.599,0.001,335.297,0.064,6.4,32.17
15.572,5.841,2643.123,456.9,0.262,0.003,60.42,43.168,0,0.533,0.395,0.018,0.121,0.577,1.644,4.432,2.741e-4,0,-0.1,1.05,1.15,0.001,867.563,0.001,335.295,0.064,6.4,32.17
15.589,5.851,2643.123,456.9,0.262,0.003,60.419,43.168,0,0.533,0.395,0.018,0.121,0.577,1.647,4.439,-3.605e-4,0,-0.102,1.05,1.152,0.001,867.528,0.001,335.294,0.063,6.4,32.17
15.607,5.888,2643.123,456.9,0.262,0.003,60.409,43.168,0,0.533,0.395,0.018,0.121,0.577,1.659,4.468,-1.687e-4,0,-0.104,1.05,1.154,9.82e-4,867.494,0.001,335.293,0.063,6.4,32.17
15.624,5.968,2643.123,456.9,0.262,0.003,60.386,43.168,0,0.533,0.395,0.018,0.121,0.578,1.684,4.531,1.508e-4,0,-0.105,1.05,1.155,9.068e-4,867.46,0.001,335.291,0.062,6.4,32.17
15.642,6.052,2643.123,456.9,0.262,0.003,60.361,43.168,0,0.533,0.395,0.018,0.12,0.579,1.711,4.596,-1.759e-4,0,-0.106,1.05,1.156,8.199e-4,867.426,0.001,335.29,0.062,6.4,32.17
15.659,6.212,2643.123,456.9,0.262,0.003,60.314,43.168,0,0.533,0.395,0.018,0.12,0.581,1.762,4.721,2.932e-4,0,-0.107,1.05,1.157,7.47e-4,867.393,0.001,335.289,0.061,6.4,32.17
15.677,6.441,2643.123,456.9,0.262,0.003,60.247,43.168,0,0.533,0.395,0.018,0.12,0.584,1.836,4.898,3.161e-4,0,-0.107,1.05,1.157,6.973e-4,867.359,0.001,335.288,0.061,6.4,32.17
15.695,6.679,2643.123,456.9,0.262,0.003,60.178,43.168,0,0.533,0.395,0.018,0.12,0.587,1.912,5.083,2.248e-4,0,-0.107,1.05,1.157,6.54e-4,867.326,0.001,335.286,0.061,6.4,32.17
15.713,6.75,2643.123,456.9,0.262,0.003,60.157,43.168,0,0.533,0.395,0.018,0.12,0.588,1.936,5.138,-6.172e-5,0,-0.109,1.05,1.159,5.718e-4,867.292,0.001,335.285,0.06,6.4,32.17
15.731,6.758,2643.123,456.9,0.262,0.003,60.153,43.168,0,0.533,0.395,0.018,0.12,0.588,1.938,5.144,-4.224e-4,0,-0.112,1.05,1.162,4.658e-4,867.259,0.001,335.284,0.06,6.4,32.17
15.749,6.771,2643.123,456.9,0.262,0.003,60.148,43.168,0,0.533,0.395,0.018,0.12,0.589,1.942,5.154,-2.183e-4,0,-0.114,1.05,1.164,3.579e-4,867.227,0.001,335.283,0.059,6.4,32.17
15.767,6.976,2643.123,456.9,0.262,0.003,60.089,43.168,0,0.533,0.395,0.018,0.12,0.591,2.009,5.312,7.081e-5,0,-0.115,1.05,1.165,2.926e-4,867.194,0.001,335.282,0.059,6.4,32.17
15.785,7.196,2643.123,456.9,0.262,0.003,60.025,43.168,0,0.533,0.395,0.018,0.12,0.594,2.082,5.483,-1.445e-4,0,-0.115,1.05,1.165,2.397e-4,867.162,0.001,335.28,0.058,6.4,32.17
15.803,7.384,2643.123,456.9,0.262,0.003,59.971,43.168,0,0.533,0.395,0.018,0.12,0.597,2.144,5.63,-6.088e-5,0,-0.116,1.05,1.167,1.92e-4,867.13,0.001,335.279,0.058,6.4,32.17
15.822,7.408,2643.123,456.9,0.262,0.003,59.962,43.168,0,0.533,0.395,0.018,0.12,0.597,2.152,5.648,-3.888e-4,0,-0.119,1.05,1.169,1.295e-4,867.098,0.001,335.278,0.057,6.4,32.17
15.84,7.436,2643.123,456.9,0.262,0.003,59.953,43.168,0,0.533,0.395,0.017,0.12,0.598,2.162,5.669,-3.214e-4,0,-0.122,1.05,1.172,7.606e-5,867.067,0.001,335.277,0.057,6.4,32.17
15.858,7.528,2643.123,456.9,0.262,0.003,59.926,43.168,0,0.533,0.395,0.017,0.12,0.599,2.192,5.741,3.434e-5,0,-0.124,1.05,1.174,3.883e-5,867.036,0.001,335.276,0.056,6.4,32.17
15.876,7.7,2643.123,456.9,0.262,0.003,59.878,43.168,0,0.533,0.395,0.017,0.12,0.601,2.25,5.875,-3.916e-4,0,-0.126,1.05,1.176,1.791e-5,867.006,0.001,335.275,0.056,6.4,32.17
15.895,7.878,2643.123,456.9,0.262,0.003,59.828,43.168,0,0.533,0.395,0.017,0.12,0.604,2.31,6.013,-1.981e-4,0,-0.127,1.05,1.177,5.909e-6,866.975,0.001,335.273,0.055,6.4,32.17
15.913,8.112,2643.123,456.9,0.262,0.003,59.764,43.168,0,0.533,0.395,0.017,0.12,0.607,2.389,6.196,-2.512e-4,0,-0.128,1.05,1.178,1.222e-6,866.945,0.001,335.272,0.055,6.4,32.17
15.931,8.375,2643.123,456.9,0.262,0.003,59.693,43.168,0,0.533,0.395,0.017,0.12,0.611,2.48,6.403,5.846e-6,0,-0.129,1.05,1.179,5.975e-8,866.915,0.001,335.271,0.054,6.4,32.17
15.95,8.646,2643.123,456.9,0.262,0.003,59.621,43.168,0,0.533,0.395,0.017,0.12,0.614,2.573,6.615,-4.841e-4,0,-0.13,1.05,1.18,-4.532e-8,866.885,0.001,335.27,0.054,6.4,32.17
15.969,8.961,2643.123,456.9,0.262,0.003,59.539,43.168,0,0.533,0.395,0.017,0.12,0.619,2.683,6.863,-5.616e-5,0,-0.13,1.05,1.18,-6.879e-9,866.856,0.001,335.269,0.054,6.4,32.17
15.988,9.284,2643.123,456.9,0.262,0.003,59.456,43.168,0,0.532,0.395,0.017,0.12,0.623,2.797,7.119,-2.674e-4,0,-0.131,1.05,1.181,3.093e-7,866.826,0.001,335.268,0.053,6.4,32.17
16.007,9.491,2643.123,456.9,0.262,0.003,59.404,43.168,0,0.532,0.395,0.017,0.12,0.626,2.871,7.282,4.757e-4,0,-0.133,1.05,1.182,1.73e-6,866.796,0.001,335.267,0.053,6.4,32.17
16.026,9.486,2643.123,456.9,0.262,0.003,59.406,43.168,0,0.532,0.395,0.017,0.12,0.626,2.869,7.278,4.561e-4,0,-0.137,1.05,1.187,1.979e-6,866.767,0.001,335.266,0.052,6.4,32.17
16.045,9.481,2643.123,456.9,0.262,0.003,59.408,43.168,0,0.532,0.395,0.017,0.12,0.626,2.867,7.275,4.467e-4,0,-0.141,1.05,1.191,1.757e-6,866.738,0.001,335.265,0.052,6.4,32.17
16.064,9.582,2643.123,456.9,0.262,0.003,59.383,43.168,0,0.532,0.395,0.017,0.12,0.627,2.903,7.355,1.219e-4,0,-0.144,1.05,1.194,2.116e-6,866.71,0.001,335.264,0.051,6.4,32.17
16.083,9.719,2643.123,456.9,0.262,0.003,59.35,43.168,0,0.532,0.395,0.017,0.12,0.629,2.952,7.465,-3.229e-4,0,-0.147,1.05,1.197,3.187e-6,866.682,0.001,335.263,0.051,6.4,32.17
16.102,9.861,2643.123,456.9,0.262,0.003,59.316,43.168,0,0.532,0.395,0.017,0.12,0.631,3.003,7.578,-4.964e-4,0,-0.15,1.05,1.2,5.029e-6,866.655,0.001,335.262,0.05,6.4,32.17
16.121,10.019,2643.123,456.9,0.262,0.003,59.278,43.168,0,0.532,0.395,0.017,0.12,0.633,3.06,7.704,1.768e-5,0,-0.152,1.05,1.202,8.208e-6,866.628,0.001,335.261,0.05,6.4,32.17
16.14,10.181,2643.123,456.9,0.262,0.003,59.24,43.168,0,0.532,0.395,0.017,0.12,0.636,3.119,7.834,-1.025e-5,0,-0.155,1.05,1.205,1.321e-5,866.601,0.001,335.26,0.049,6.4,32.17
16.159,10.392,2643.123,456.9,0.262,0.003,59.19,43.168,0,0.532,0.395,0.017,0.12,0.638,3.196,8.002,-2.718e-5,0,-0.157,1.05,1.207,2.158e-5,866.575,0.001,335.259,0.049,6.4,32.17
16.178,10.66,2643.123,456.9,0.262,0.003,59.127,43.168,0,0.532,0.395,0.017,0.12,0.642,3.295,8.217,-3.229e-4,0,-0.159,1.05,1.209,3.657e-5,866.549,0.001,335.258,0.048,6.4,32.17
16.197,10.936,2643.123,456.9,0.262,0.003,59.063,43.168,0,0.532,0.395,0.017,0.12,0.646,3.397,8.437,3.886e-4,0,-0.161,1.05,1.21,6.033e-5,866.523,0.001,335.257,0.048,6.4,32.17
16.217,11.168,2643.123,456.9,0.262,0.003,59.009,43.168,0,0.532,0.395,0.017,0.12,0.649,3.484,8.624,-2.203e-4,0,-0.163,1.05,1.213,9.414e-5,866.497,0.001,335.256,0.047,6.4,32.17
16.236,11.398,2643.123,456.9,0.262,0.003,58.957,43.168,0,0.532,0.395,0.017,0.12,0.651,3.571,8.809,-2.916e-4,0,-0.165,1.05,1.215,1.4e-4,866.472,0.001,335.255,0.047,6.4,32.17
16.256,11.679,2643.123,456.9,0.262,0.003,58.893,43.168,0,0.532,0.395,0.017,0.12,0.655,3.677,9.036,-1.448e-4,0,-0.167,1.05,1.217,2.016e-4,866.447,0.001,335.254,0.046,6.4,32.17
16.275,12.082,2643.123,456.9,0.262,0.003,58.803,43.168,0,0.532,0.395,0.017,0.12,0.66,3.831,9.36,2.941e-4,0,-0.168,1.05,1.218,2.899e-4,866.422,0.001,335.253,0.046,6.4,32.17
16.295,12.496,2643.123,456.9,0.262,0.003,58.712,43.168,0,0.532,0.395,0.017,0.12,0.664,3.992,9.694,3.465e-4,0,-0.169,1.05,1.218,4.138e-4,866.397,0.001,335.252,0.046,6.4,32.17
16.316,12.722,2643.123,456.9,0.262,0.003,58.663,43.168,0,0.532,0.395,0.017,0.12,0.667,4.08,9.877,3.142e-4,0,-0.172,1.05,1.222,5.759e-4,866.372,0.001,335.251,0.045,6.4,32.17
16.336,12.891,2643.123,456.9,0.262,0.003,58.626,43.168,0,0.532,0.395,0.017,0.12,0.668,4.146,10.014,-5.901e-5,0,-0.176,1.05,1.226,7.637e-4,866.348,0.001,335.25,0.045,6.4,32.17
16.356,13.133,2643.123,456.9,0.262,0.003,58.574,43.168,0,0.532,0.395,0.017,0.12,0.671,4.242,10.21,-3.016e-4,0,-0.179,1.05,1.229,9.722e-4,866.324,0.001,335.249,0.044,6.4,32.17
16.376,13.544,2643.123,456.9,0.262,0.003,58.487,43.168,0,0.532,0.395,0.017,0.12,0.675,4.405,10.543,2.455e-4,0,-0.18,1.05,1.23,0.001,866.3,0.001,335.248,0.044,6.4,32.17
16.397,13.966,2643.123,456.9,0.262,0.003,58.4,43.168,0,0.532,0.395,0.017,0.12,0.678,4.575,10.886,-3.419e-4,0,-0.181,1.05,1.231,0.002,866.276,0.001,335.248,0.043,6.4,32.17
16.418,14.256,2643.123,456.9,0.262,0.003,58.34,43.168,0,0.532,0.395,0.017,0.12,0.681,4.692,11.122,2.774e-4,0,-0.184,1.05,1.234,0.002,866.253,0.001,335.247,0.043,6.4,32.17
16.439,14.529,2643.123,456.9,0.262,0.003,58.284,43.168,0,0.532,0.395,0.017,0.12,0.683,4.804,11.344,2.736e-4,0,-0.188,1.05,1.238,0.002,866.23,0.001,335.246,0.042,6.4,32.17
16.46,14.814,2643.123,456.9,0.262,0.003,58.227,43.168,0,0.532,0.395,0.017,0.12,0.685,4.921,11.577,2.732e-4,0,-0.191,1.05,1.241,0.003,866.207,0.001,335.245,0.042,6.4,32.17
16.481,15.114,2643.123,456.9,0.262,0.003,58.167,43.168,0,0.532,0.395,0.017,0.12,0.686,5.045,11.821,-3.521e-4,0,-0.195,1.05,1.244,0.003,866.185,0.001,335.244,0.042,6.4,32.17
16.502,15.419,2643.123,456.9,0.262,0.003,58.107,43.168,0,0.532,0.395,0.017,0.12,0.688,5.173,12.071,3.121e-4,0,-0.198,1.05,1.248,0.004,866.163,0.001,335.243,0.041,6.4,32.17
16.523,15.698,2643.123,456.9,0.262,0.003,58.053,43.168,0,0.532,0.395,0.017,0.12,0.689,5.29,12.299,1.267e-4,0,-0.202,1.05,1.252,0.004,866.141,0.001,335.243,0.041,6.4,32.17
16.545,15.986,2643.123,456.9,0.262,0.003,57.997,43.168,0,0.532,0.395,0.017,0.12,0.69,5.412,12.535,2.572e-4,0,-0.206,1.05,1.256,0.005,866.12,0.001,335.242,0.04,6.4,32.17
16.566,16.507,2643.123,456.9,0.262,0.003,57.9,43.168,0,0.532,0.395,0.017,0.12,0.691,5.634,12.964,8.428e-5,0,-0.207,1.05,1.257,0.005,866.099,0.001,335.241,0.04,6.4,32.17
16.588,17.116,2643.123,456.9,0.262,0.003,57.789,43.168,0,0.532,0.395,0.017,0.12,0.692,5.897,13.467,-4.876e-4,0,-0.207,1.05,1.256,0.006,866.079,0.001,335.24,0.039,6.4,32.17
16.61,17.665,2643.123,456.9,0.262,0.003,57.691,43.168,0,0.532,0.395,0.017,0.12,0.691,6.138,13.923,-2.228e-4,0,-0.207,1.05,1.257,0.006,866.058,0.001,335.239,0.039,6.4,32.17
16.633,18.142,2643.123,456.9,0.262,0.003,57.609,43.168,0,0.533,0.396,0.017,0.12,0.692,6.349,14.319,9.606e-5,0,-0.21,1.05,1.26,0.007,866.038,0.001,335.239,0.039,6.4,32.17
16.656,18.626,2643.123,456.9,0.262,0.003,57.527,43.168,0,0.534,0.397,0.017,0.12,0.692,6.566,14.723,-2.373e-4,0,-0.212,1.05,1.262,0.008,866.018,0.001,335.238,0.038,6.4,32.17
16.679,19.104,2643.123,456.9,0.262,0.003,57.447,43.168,0,0.535,0.397,0.017,0.12,0.692,6.782,15.123,-4.694e-4,0,-0.215,1.05,1.265,0.009,865.998,0.001,335.237,0.038,6.4,32.17
16.702,19.571,2643.123,456.9,0.262,0.003,57.372,43.168,0,0.536,0.398,0.017,0.12,0.692,6.994,15.513,3.849e-4,0,-0.219,1.05,1.268,0.01,865.979,0.001,335.237,0.037,6.4,32.17
16.726,19.796,2643.123,456.9,0.262,0.003,57.336,43.168,0,0.537,0.4,0.017,0.12,0.692,7.098,15.701,4.934e-5,0,-0.227,1.05,1.276,0.011,865.96,0.001,335.236,0.037,6.4,32.17
16.749,20.032,2643.123,456.9,0.262,0.003,57.298,43.168,0,0.538,0.401,0.017,0.12,0.693,7.2,15.869,-1.735e-4,0,-0.238,1.046,1.285,0.012,865.941,0.001,335.235,0.036,6.4,32.17
16.772,20.551,2643.123,456.9,0.262,0.003,57.218,43.168,0,0.539,0.402,0.017,0.12,0.692,7.331,15.807,-3.813e-4,0,-0.294,0.992,1.286,0.013,865.924,0.001,335.234,0.036,6.4,32.17
16.791,21.002,2643.123,456.9,0.262,0.003,57.151,43.168,0,0.54,0.403,0.017,0.12,0.69,7.447,15.754,2.273e-4,0,-0.34,0.944,1.285,0.013,865.91,0.001,335.234,0.035,6.4,32.17
16.808,21.438,2643.123,456.9,0.262,0.003,57.086,43.168,0,0.541,0.404,0.017,0.12,0.689,7.56,15.705,2.778e-4,0,-0.383,0.899,1.281,0.013,865.898,0.001,335.234,0.035,6.4,32.17
16.823,21.866,2643.123,456.9,0.262,0.003,57.025,43.168,0,0.541,0.404,0.017,0.12,0.687,7.673,15.657,3.691e-4,0,-0.423,0.854,1.276,0.013,865.887,0.001,335.233,0.035,6.4,32.17
16.837,22.266,2643.123,456.9,0.262,0.003,56.968,43.168,0,0.542,0.405,0.017,0.12,0.684,7.78,15.614,2.937e-4,0,-0.459,0.812,1.271,0.013,865.877,0.001,335.233,0.035,6.4,32.17
16.85,22.646,2643.123,456.9,0.262,0.003,56.916,43.168,0,0.542,0.405,0.017,0.12,0.682,7.883,15.574,4.27e-4,0,-0.493,0.772,1.265,0.012,865.868,0.001,335.232,0.034,6.4,32.17
16.863,23.034,2643.123,456.9,0.262,0.003,56.863,43.168,0,0.543,0.405,0.017,0.12,0.68,7.989,15.533,-3.665e-4,0,-0.526,0.731,1.257,0.012,865.86,0.001,335.232,0.034,6.4,32.17
16.874,23.407,2643.123,456.9,0.262,0.003,56.813,43.168,0,0.543,0.406,0.017,0.12,0.677,8.092,15.496,2.868e-4,0,-0.557,0.692,1.249,0.012,865.853,0.001,335.232,0.034,6.4,32.17
16.885,23.766,2643.123,456.9,0.262,0.003,56.766,43.168,0,0.543,0.406,0.017,0.12,0.674,8.193,15.46,2.525e-4,0,-0.587,0.654,1.241,0.011,865.846,0.001,335.232,0.034,6.4,32.17
16.896,24.114,2643.123,456.9,0.262,0.003,56.721,43.168,0,0.544,0.407,0.017,0.12,0.672,8.291,15.425,-7.056e-5,0,-0.615,0.618,1.233,0.011,865.839,0.001,335.231,0.034,6.4,32.17
16.906,24.404,2643.123,456.9,0.262,0.003,56.684,43.168,0,0.544,0.407,0.017,0.12,0.669,8.374,15.397,-3.006e-4,0,-0.637,0.587,1.225,0.011,865.833,0.001,335.231,0.034,6.4,32.17
16.916,24.656,2643.123,456.9,0.262,0.003,56.653,43.168,0,0.545,0.407,0.017,0.12,0.667,8.446,15.373,3.811e-4,0,-0.657,0.561,1.218,0.011,865.827,0.001,335.231,0.033,6.4,32.17
16.925,24.908,2643.123,456.9,0.262,0.003,56.622,43.168,0,0.545,0.408,0.017,0.12,0.666,8.518,15.349,-4.63e-4,0,-0.675,0.535,1.21,0.011,865.821,0.001,335.231,0.033,6.4,32.17
16.935,25.158,2643.123,456.9,0.262,0.003,56.591,43.168,0,0.545,0.408,0.017,0.12,0.663,8.591,15.326,-2.697e-4,0,-0.694,0.508,1.202,0.01,865.815,0.001,335.23,0.033,6.4,32.17
16.944,25.408,2643.123,456.9,0.262,0.003,56.561,43.168,0,0.546,0.409,0.017,0.12,0.661,8.664,15.304,7.997e-5,0,-0.712,0.482,1.194,0.01,865.81,0.001,335.23,0.033,6.4,32.17
16.953,25.66,2643.123,456.9,0.262,0.003,56.531,43.168,0,0.546,0.409,0.017,0.12,0.659,8.738,15.28,-2.888e-4,0,-0.731,0.456,1.186,0.01,865.805,0.001,335.23,0.033,6.4,32.17
16.962,25.917,2643.123,456.9,0.262,0.003,56.5,43.168,0,0.547,0.409,0.017,0.12,0.657,8.815,15.257,-5.101e-5,0,-0.749,0.429,1.178,0.01,865.8,0.001,335.23,0.033,6.4,32.17
16.971,26.174,2643.123,456.9,0.262,0.003,56.471,43.168,0,0.547,0.41,0.017,0.12,0.654,8.891,15.235,3.531e-4,0,-0.767,0.402,1.169,0.01,865.795,0.001,335.23,0.033,6.4,32.17
16.98,26.429,2643.123,456.9,0.262,0.003,56.441,43.168,0,0.547,0.41,0.017,0.12,0.652,8.968,15.213,-5.912e-5,0,-0.785,0.375,1.16,0.009,865.79,0.001,335.23,0.032,6.4,32.17
16.989,26.685,2643.123,456.9,0.262,0.003,56.412,43.168,0,0.548,0.41,0.017,0.12,0.649,9.044,15.191,1.968e-4,0,-0.803,0.348,1.151,0.009,865.786,0.001,335.229,0.032,6.4,32.17
16.997,26.939,2643.123,456.9,0.262,0.003,56.384,43.168,0,0.548,0.411,0.017,0.12,0.647,9.122,15.17,-2.845e-4,0,-0.82,0.321,1.141,0.009,865.781,0.001,335.229,0.032,6.4,32.17
17.006,27.195,2643.123,456.9,0.262,0.003,56.355,43.168,0,0.548,0.411,0.017,0.12,0.644,9.2,15.148,-4.232e-4,0,-0.837,0.294,1.132,0.009,865.777,0.001,335.229,0.032,6.4,32.17
17.014,27.451,2643.123,456.9,0.262,0.003,56.327,43.168,0,0.549,0.411,0.017,0.12,0.641,9.278,15.127,-2.009e-4,0,-0.854,0.268,1.122,0.009,865.773,0.001,335.229,0.032,6.4,32.17
17.022,27.706,2643.123,456.9,0.262,0.003,56.3,43.168,0,0.549,0.412,0.017,0.12,0.639,9.357,15.106,4.705e-4,0,-0.871,0.241,1.112,0.009,865.768,0.001,335.229,0.032,6.4,32.17
17.03,27.961,2643.123,456.9,0.262,0.003,56.272,43.168,0,0.549,0.412,0.017,0.12,0.636,9.436,15.085,4.036e-4,0,-0.888,0.214,1.102,0.008,865.764,0.001,335.229,0.032,6.4,32.17
17.038,28.216,2643.123,456.9,0.262,0.003,56.245,43.168,0,0.55,0.412,0.017,0.12,0.633,9.515,15.066,4.132e-4,0,-0.905,0.187,1.092,0.008,865.761,0.001,335.228,0.032,6.4,32.17
17.046,28.471,2643.123,456.9,0.262,0.003,56.219,43.168,0,0.55,0.413,0.017,0.12,0.63,9.595,15.045,-4.37e-4,0,-0.921,0.161,1.081,0.008,865.757,0.001,335.228,0.031,6.4,32.17
17.054,28.726,2643.123,456.9,0.262,0.003,56.193,43.168,0,0.55,0.413,0.017,0.12,0.627,9.675,15.026,-1.979e-5,0,-0.937,0.134,1.071,0.008,865.753,0.001,335.228,0.031,6.4,32.17
17.062,28.982,2643.123,456.9,0.262,0.003,56.167,43.168,0,0.55,0.413,0.017,0.12,0.624,9.756,15.007,8.54e-5,0,-0.953,0.107,1.06,0.008,865.75,0.001,335.228,0.031,6.4,32.17
17.07,29.238,2643.123,456.9,0.262,0.003,56.141,43.168,0,0.551,0.414,0.017,0.12,0.621,9.837,14.988,3.346e-4,0,-0.969,0.08,1.049,0.008,865.746,0.001,335.228,0.031,6.4,32.17
17.077,29.494,2643.123,456.9,0.262,0.003,56.116,43.168,0,0.551,0.414,0.017,0.12,0.617,9.919,14.969,-1.778e-4,0,-0.985,0.053,1.038,0.008,865.743,0.001,335.228,0.031,6.4,32.17
17.085,29.749,2643.123,456.9,0.262,0.003,56.091,43.168,0,0.551,0.414,0.017,0.12,0.614,10.001,14.95,3.42e-4,0,-1.001,0.026,1.027,0.008,865.74,0.001,335.228,0.031,6.4,32.17
17.092,30.004,2643.123,456.9,0.262,0.003,56.066,43.168,0,0.552,0.414,0.017,0.12,0.611,10.083,14.932,-2.468e-4,0,-1.016,0,1.016,0.008,865.736,0.001,335.228,0.031,6.4,32.17
17.099,30.259,2643.123,456.9,0.262,0.003,56.042,43.168,0,0.552,0.415,0.017,0.12,0.607,10.165,14.914,-2.487e-4,0,-1.004,0,1.004,0.008,865.733,0.001,335.227,0.031,6.4,32.17
17.107,30.482,2643.123,456.9,0.262,0.003,56.021,43.168,0,0.552,0.415,0.017,0.12,0.605,10.237,14.898,3.881e-4,0,-0.994,0,0.994,0.008,865.73,0.001,335.227,0.031,6.4,32.17
17.115,30.708,2643.123,456.9,0.262,0.003,56,43.168,0,0.553,0.415,0.017,0.12,0.602,10.311,14.883,-5.776e-5,0,-0.983,0,0.983,0.008,865.727,0.001,335.227,0.03,6.4,32.17
17.122,30.941,2643.123,456.9,0.262,0.003,55.978,43.168,0,0.553,0.416,0.017,0.12,0.599,10.387,14.867,-1.533e-5,0,-0.973,0,0.973,0.008,865.724,0.001,335.227,0.03,6.4,32.17
17.13,31.181,2643.123,456.9,0.262,0.003,55.956,43.168,0,0.553,0.416,0.017,0.12,0.596,10.466,14.851,-2.61e-4,0,-0.962,0,0.962,0.008,865.721,0.001,335.227,0.03,6.4,32.17
17.139,31.428,2643.123,456.9,0.262,0.003,55.934,43.168,0,0.554,0.417,0.017,0.12,0.592,10.548,14.834,8.324e-5,0,-0.952,0,0.952,0.008,865.718,0.001,335.227,0.03,6.4,32.17
17.147,31.684,2643.123,456.9,0.262,0.003,55.911,43.168,0,0.554,0.417,0.017,0.12,0.589,10.632,14.818,-2.095e-4,0,-0.941,0,0.941,0.008,865.715,0.001,335.227,0.03,6.4,32.17
17.155,31.993,2643.123,456.9,0.262,0.003,55.884,43.168,0,0.554,0.417,0.017,0.12,0.584,10.735,14.798,-1.425e-4,0,-0.929,0,0.929,0.008,865.712,0.001,335.227,0.03,6.4,32.17
17.164,32.34,2643.123,456.9,0.262,0.003,55.854,43.168,0,0.555,0.417,0.017,0.12,0.579,10.851,14.777,1.675e-5,0,-0.917,0,0.917,0.008,865.709,0.001,335.227,0.03,6.4,32.17
17.173,32.695,2643.123,456.9,0.262,0.003,55.824,43.168,0,0.555,0.418,0.017,0.12,0.574,10.97,14.755,-2.182e-4,0,-0.905,0,0.905,0.008,865.706,0.001,335.226,0.03,6.4,32.17
17.182,33.059,2643.123,456.9,0.262,0.003,55.794,43.168,0,0.555,0.418,0.017,0.12,0.568,11.093,14.733,-3.781e-4,0,-0.892,0,0.892,0.008,865.702,0.001,335.226,0.03,6.4,32.17
17.191,33.432,2643.123,456.9,0.262,0.003,55.764,43.168,0,0.555,0.418,0.017,0.12,0.563,11.219,14.712,1.148e-4,0,-0.88,0,0.88,0.008,865.699,0.001,335.226,0.03,6.4,32.17
17.2,33.815,2643.123,456.9,0.262,0.003,55.733,43.168,0,0.556,0.418,0.017,0.12,0.557,11.349,14.69,1.739e-4,0,-0.867,0,0.867,0.008,865.697,0.001,335.226,0.029,6.4,32.17
17.209,34.191,2643.123,456.9,0.262,0.003,55.704,43.168,0,0.556,0.419,0.017,0.12,0.551,11.478,14.669,-3.005e-4,0,-0.854,0,0.854,0.009,865.694,0.001,335.226,0.029,6.4,32.17
17.219,34.577,2643.123,456.9,0.262,0.003,55.674,43.168,0,0.556,0.419,0.017,0.12,0.545,11.611,14.648,2.498e-4,0,-0.842,0,0.842,0.009,865.691,0.001,335.226,0.029,6.4,32.17
17.229,34.973,2643.123,456.9,0.262,0.003,55.644,43.168,0,0.556,0.419,0.017,0.12,0.539,11.747,14.627,-4.2e-4,0,-0.829,0,0.829,0.009,865.688,0.001,335.226,0.029,6.4,32.17
17.239,35.381,2643.123,456.9,0.262,0.003,55.614,43.168,0,0.557,0.419,0.017,0.12,0.532,11.889,14.606,1.481e-4,0,-0.817,0,0.817,0.009,865.685,0.001,335.226,0.029,6.4,32.17
17.249,35.8,2643.123,456.9,0.262,0.003,55.584,43.168,0,0.557,0.42,0.017,0.12,0.525,12.034,14.586,-6.623e-5,0,-0.804,0,0.804,0.009,865.682,0.001,335.226,0.029,6.4,32.17
17.26,36.283,2643.123,456.9,0.262,0.003,55.551,43.168,0,0.557,0.42,0.017,0.12,0.517,12.203,14.563,1.678e-4,0,-0.79,0,0.79,0.009,865.679,0.001,335.225,0.029,6.4,32.17
17.271,36.782,2643.123,456.9,0.262,0.003,55.517,43.168,0,0.557,0.42,0.017,0.12,0.509,12.378,14.54,-1.782e-4,0,-0.776,0,0.776,0.01,865.677,0.001,335.225,0.029,6.4,32.17
17.282,37.291,2643.123,456.9,0.262,0.003,55.483,43.168,0,0.557,0.42,0.017,0.12,0.5,12.558,14.518,-4.723e-5,0,-0.762,0,0.762,0.01,865.674,0.001,335.225,0.029,6.4,32.17
17.293,37.812,2643.123,456.9,0.262,0.003,55.45,43.168,0,0.557,0.42,0.017,0.12,0.491,12.742,14.495,2.535e-4,0,-0.747,0,0.747,0.01,865.672,0.001,335.225,0.029,6.4,32.17
17.304,38.297,2643.123,456.9,0.262,0.003,55.42,43.168,0,0.558,0.421,0.017,0.12,0.483,12.914,14.477,4.033e-4,0,-0.734,0,0.734,0.01,865.669,0.001,335.225,0.029,6.4,32.17
17.316,38.709,2643.123,456.9,0.262,0.003,55.395,43.168,0,0.558,0.421,0.017,0.12,0.476,13.061,14.46,6.94e-5,0,-0.722,0,0.722,0.011,865.667,0.001,335.225,0.029,6.4,32.17
17.328,39.136,2643.123,456.9,0.262,0.003,55.37,43.168,0,0.559,0.421,0.017,0.12,0.469,13.214,14.442,-3.456e-4,0,-0.71,0,0.71,0.012,865.664,0.001,335.225,0.028,6.4,32.17
17.34,39.579,2643.123,456.9,0.262,0.003,55.345,43.168,0,0.559,0.422,0.017,0.12,0.462,13.372,14.426,1.393e-4,0,-0.699,0,0.699,0.013,865.662,0.001,335.225,0.028,6.4,32.17
17.353,40.042,2643.123,456.9,0.262,0.003,55.319,43.168,0,0.559,0.422,0.017,0.12,0.454,13.539,14.409,-3.809e-4,0,-0.686,0,0.686,0.014,865.66,0.001,335.225,0.028,6.4,32.17
17.366,40.534,2643.123,456.9,0.262,0.003,55.292,43.168,0,0.56,0.423,0.017,0.12,0.445,13.715,14.391,3.775e-4,0,-0.674,0,0.674,0.016,865.658,0.001,335.225,0.028,6.4,32.17
17.38,41.044,2643.123,456.9,0.262,0.003,55.266,43.168,0,0.56,0.423,0.017,0.12,0.437,13.899,14.375,-3.998e-4,0,-0.661,0,0.661,0.017,865.656,0.001,335.225,0.028,6.4,32.17
17.393,41.572,2643.123,456.9,0.262,0.003,55.239,43.168,0,0.561,0.424,0.017,0.12,0.428,14.09,14.358,7.366e-5,0,-0.649,0,0.649,0.019,865.654,0.001,335.225,0.028,6.4,32.17
17.408,42.153,2643.123,456.9,0.262,0.003,55.211,43.168,0,0.561,0.424,0.017,0.12,0.418,14.3,14.34,4.663e-4,0,-0.635,0,0.635,0.02,865.653,0.001,335.224,0.028,6.4,32.17
17.422,42.783,2643.123,456.9,0.262,0.003,55.182,43.168,0,0.561,0.424,0.017,0.12,0.407,14.528,14.323,4.11e-5,0,-0.621,0,0.621,0.021,865.651,0.001,335.224,0.028,6.4,32.17
17.437,43.431,2643.123,456.9,0.262,0.003,55.153,43.168,0,0.561,0.424,0.017,0.12,0.395,14.763,14.306,-1.041e-4,0,-0.606,0,0.606,0.023,865.65,0.001,335.224,0.028,6.4,32.17
17.453,44.087,2643.123,456.9,0.262,0.003,55.126,43.168,0,0.562,0.425,0.017,0.12,0.384,15.001,14.289,8.056e-5,0,-0.592,0,0.592,0.025,865.649,0.001,335.224,0.028,6.4,32.17
17.469,44.71,2643.123,456.9,0.262,0.003,55.101,43.168,0,0.562,0.425,0.017,0.12,0.373,15.226,14.275,1.869e-4,0,-0.578,0,0.578,0.027,865.648,0.001,335.224,0.027,6.4,32.17
17.485,45.378,2643.123,456.9,0.262,0.003,59.646,43.168,0,0.562,0.425,0.017,0.12,0.362,8.589,11.442,2.609e-4,0,-0.564,0,0.564,0.029,865.647,0.001,335.224,0.027,6.4,32.17
17.502,46.074,2643.123,456.9,0.262,0.003,59.663,43.168,0,0.563,0.426,0.017,0.12,0.35,8.654,11.351,1.33e-4,0,-0.55,0,0.55,0.031,865.647,0.001,335.224,0.027,6.4,32.17
17.519,46.774,2643.123,456.9,0.262,0.003,59.685,43.168,0,0.563,0.426,0.017,0.12,0.338,8.713,11.26,-4.841e-4,0,-0.536,0,0.536,0.034,865.647,0.001,335.224,0.027,6.4,32.17
17.538,47.504,2643.123,456.9,0.262,0.003,59.708,43.168,0,0.564,0.426,0.017,0.12,0.326,8.776,11.166,4.663e-4,0,-0.522,0,0.522,0.037,865.647,0.001,335.224,0.027,6.4,32.17
17.556,48.285,2643.123,456.9,0.262,0.003,59.725,43.168,0,0.564,0.427,0.017,0.12,0.313,8.851,11.069,5.802e-5,0,-0.508,0,0.508,0.04,865.648,0.001,335.224,0.027,6.4,32.17
17.576,49.137,2643.123,456.9,0.262,0.003,59.731,43.168,0,0.564,0.427,0.017,0.12,0.298,8.946,10.974,3.663e-4,0,-0.492,0,0.492,0.042,865.649,0.001,335.224,0.027,6.4,32.17
17.596,50.015,2643.123,456.9,0.262,0.003,59.737,43.168,0,0.564,0.427,0.017,0.12,0.284,9.046,10.877,1.075e-4,0,-0.476,0,0.476,0.045,865.65,0.001,335.224,0.027,6.4,32.17
17.617,50.995,2643.123,456.9,0.262,0.003,59.719,43.168,0,0.564,0.427,0.017,0.12,0.268,9.186,10.786,-4.644e-4,0,-0.458,0,0.458,0.047,865.652,0.001,335.224,0.027,6.4,32.17
17.638,52.01,2643.123,456.9,0.262,0.003,59.695,43.168,0,0.563,0.426,0.017,0.12,0.252,9.34,10.699,4.393e-4,0,-0.439,0,0.439,0.048,865.655,0.001,335.225,0.027,6.4,32.17
17.661,52.983,2643.123,456.9,0.262,0.003,59.686,43.168,0,0.563,0.426,0.017,0.12,0.237,9.473,10.61,3.415e-4,0,-0.422,0,0.422,0.051,865.658,0.001,335.225,0.027,6.4,32.17
17.683,53.919,2643.123,456.9,0.262,0.003,59.696,43.168,0,0.563,0.426,0.017,0.12,0.222,9.581,10.518,2.45e-4,0,-0.406,0,0.406,0.056,865.661,0.001,335.225,0.027,6.4,32.17
17.707,54.892,2643.123,456.9,0.262,0.003,59.701,43.168,0,0.563,0.426,0.017,0.12,0.208,9.7,10.428,-4.755e-4,0,-0.389,0,0.389,0.061,865.666,0.001,335.225,0.027,6.4,32.17
17.732,55.912,2643.123,456.9,0.262,0.003,59.696,43.168,0,0.563,0.425,0.017,0.12,0.194,9.84,10.344,-1.879e-4,0,-0.372,0,0.372,0.065,865.671,0.001,335.225,0.027,6.4,32.17
17.758,56.996,2643.123,456.9,0.262,0.003,59.668,43.168,0,0.562,0.425,0.017,0.12,0.178,10.019,10.272,-2.711e-5,0,-0.353,0,0.353,0.069,865.677,0.001,335.225,0.027,6.4,32.17
17.785,58.178,2643.123,456.9,0.262,0.003,59.593,43.168,0,0.561,0.423,0.017,0.12,0.163,10.277,10.229,-4.803e-4,0,-0.332,0,0.332,0.07,865.684,0.001,335.226,0.028,6.4,32.17
17.813,59.268,2643.123,456.9,0.262,0.003,59.553,43.168,0,0.56,0.423,0.017,0.12,0.149,10.483,10.175,6.377e-5,0,-0.313,0,0.313,0.074,865.692,0.001,335.226,0.028,6.4,32.17
17.841,60.273,2643.123,456.9,0.262,0.003,59.557,43.168,0,0.559,0.422,0.017,0.12,0.136,10.619,10.102,-3.504e-4,0,-0.297,0,0.297,0.084,865.701,0.001,335.226,0.028,6.4,32.17
17.872,61.323,2643.123,456.9,0.262,0.003,59.54,43.168,0,0.559,0.422,0.017,0.12,0.124,10.795,10.043,7.071e-5,0,-0.28,0,0.28,0.093,865.711,0.001,335.227,0.028,6.4,32.17
17.903,62.402,2643.123,456.9,0.262,0.003,59.501,43.168,0,0.558,0.421,0.017,0.12,0.112,11.008,10.002,-4.848e-4,0,-0.262,0,0.262,0.101,865.723,0.001,335.227,0.029,6.4,32.17
17.936,63.563,2643.123,456.9,0.262,0.003,59.38,43.168,0,0.556,0.419,0.017,0.12,0.1,11.362,10.02,1.375e-4,0,-0.241,0,0.241,0.103,865.736,0.001,335.228,0.029,6.4,32.17
17.971,64.66,2643.123,456.9,0.262,0.003,59.266,43.168,0,0.554,0.417,0.017,0.12,0.089,11.707,10.044,4.055e-4,0,-0.222,0,0.222,0.108,865.751,0.001,335.228,0.03,6.4,32.17
17.993,65.311,2643.123,456.9,0.262,0.003,59.198,43.168,0,0.553,0.416,0.017,0.12,0.083,11.919,10.062,3.187e-4,0,-0.21,0,0.21,0.112,865.762,0.001,335.228,0.03,6.4,32.17
18.026,66.167,2643.123,456.9,0.262,0.003,59.156,43.168,0,0.552,0.415,0.017,0.12,0.075,12.125,10.049,-1.532e-4,0,-0.195,0,0.195,0.127,865.778,0.001,335.229,0.031,6.4,32.17
18.065,67.073,2643.123,456.9,0.262,0.003,59.126,43.168,0,0.552,0.414,0.017,0.12,0.068,12.323,10.023,1.86e-4,0,-0.18,0,0.18,0.148,865.799,0.001,335.23,0.031,6.4,32.17
18.107,67.954,2643.123,456.9,0.262,0.003,59.079,43.168,0,0.551,0.414,0.017,0.12,0.061,12.55,10.012,-3.205e-4,0,-0.164,0,0.164,0.173,865.823,0.001,335.231,0.031,6.4,32.17
18.152,68.83,2643.123,456.9,0.262,0.003,58.932,43.168,0,0.549,0.411,0.017,0.12,0.054,12.957,10.086,-4.983e-4,0,-0.146,0,0.146,0.19,865.85,0.001,335.232,0.032,6.4,32.17
18.2,69.602,2643.123,456.9,0.262,0.003,58.782,43.168,0,0.547,0.41,0.017,0.12,0.049,13.365,10.167,4.522e-4,0,-0.13,0,0.13,0.212,865.882,0.001,335.233,0.033,6.4,32.17
18.25,70.222,2643.123,456.9,0.262,0.003,58.657,43.168,0,0.545,0.408,0.017,0.12,0.045,13.712,10.225,4.581e-4,0,-0.115,0,0.115,0.245,865.917,0.001,335.234,0.033,6.4,32.17
18.3,70.674,2643.123,456.9,0.262,0.003,58.52,43.168,0,0.543,0.406,0.017,0.12,0.042,14.06,10.296,-3.681e-4,0,-0.101,0,0.101,0.282,865.954,0.001,335.236,0.034,6.4,32.17
18.35,70.961,2643.123,456.9,0.262,0.003,58.352,43.168,0,0.542,0.404,0.017,0.12,0.04,14.448,10.395,-1.677e-5,0,-0.089,0,0.089,0.318,865.994,0.001,335.237,0.035,6.4,32.17
18.4,71.085,2643.123,456.9,0.262,0.003,58.129,43.168,0,0.539,0.402,0.017,0.12,0.039,14.929,10.553,1.308e-4,0,-0.078,0,0.078,0.349,866.036,0.001,335.239,0.036,6.4,32.17
18.45,71.008,2643.123,456.9,0.262,0.003,57.96,43.168,0,0.538,0.4,0.017,0.12,0.04,15.272,10.652,-3.863e-4,0,-0.068,0,0.068,0.397,866.081,0.001,335.24,0.036,6.4,32.17
18.5,70.765,2643.123,456.9,0.262,0.003,57.74,43.168,0,0.536,0.398,0.017,0.12,0.041,15.699,10.803,-3.511e-4,0,-0.059,0,0.059,0.439,866.128,0.001,335.242,0.037,6.4,32.17
18.55,70.317,2643.123,456.9,0.262,0.003,57.561,43.168,0,0.534,0.397,0.017,0.12,0.043,16.003,10.904,4.328e-4,0,-0.052,0,0.052,0.497,866.177,0.001,335.244,0.038,6.4,32.17
18.6,69.695,2643.123,456.9,0.262,0.003,57.346,43.168,0,0.532,0.395,0.017,0.12,0.047,16.355,11.044,3.341e-4,0,-0.045,0,0.045,0.553,866.228,0.001,335.246,0.039,6.4,32.17
18.65,68.879,2643.123,456.9,0.262,0.003,57.131,43.168,0,0.532,0.395,0.017,0.12,0.052,16.672,11.181,-4.236e-4,0,-0.039,0,0.039,0.614,866.281,0.001,335.248,0.04,6.4,32.17
18.7,67.877,2643.123,456.9,0.262,0.003,56.902,43.168,0,0.532,0.395,0.017,0.12,0.06,16.987,11.336,2.576e-4,0,-0.033,0,0.033,0.676,866.337,0.001,335.25,0.04,6.4,32.17
18.75,66.686,2643.123,456.9,0.262,0.003,56.662,43.168,0,0.532,0.395,0.017,0.12,0.069,17.285,11.503,-1.961e-4,0,0,0,0,0.739,866.394,0.001,335.252,0.041,6.4,32.17
18.8,65.323,2643.123,456.9,0.262,0.003,56.398,43.168,0,0.532,0.395,0.017,0.12,0.08,17.61,11.709,2.061e-4,0,0,0,0,0.797,866.454,0.001,335.254,0.043,6.4,32.17
18.85,63.677,2643.123,456.9,0.262,0.003,56.211,43.168,0,0.532,0.395,0.017,0.12,0.095,17.662,11.805,-3.637e-4,0,0,0,0,0.89,866.516,0.001,335.256,0.043,6.4,32.17
18.9,61.859,2643.123,456.9,0.262,0.003,55.995,43.168,0,0.532,0.395,0.017,0.12,0.113,17.738,11.95,2.909e-4,0,0,0,0,0.973,866.58,0.001,335.259,0.044,6.4,32.17
18.95,59.854,2643.123,456.9,0.262,0.003,55.773,43.168,0,0.532,0.395,0.017,0.12,0.135,17.773,12.115,-4.391e-4,0,0,0,0,1.052,866.646,0.001,335.261,0.045,6.4,32.17
19,57.501,2643.123,456.9,0.262,0.003,55.642,43.168,0,0.532,0.395,0.017,0.12,0.163,17.467,12.155,-1.273e-4,0,0,0,0,1.177,866.713,0.001,335.264,0.046,6.4,32.17
19.05,55.07,2643.123,456.9,0.262,0.003,55.445,43.168,0,0.532,0.395,0.017,0.12,0.194,17.297,12.319,-1.982e-4,0,0,0,0,1.262,866.783,0.001,335.266,0.047,6.4,32.17
19.098,52.458,2643.123,456.9,0.262,0.003,55.321,43.168,0,0.532,0.395,0.017,0.12,0.231,16.876,12.399,3.029e-4,0,0,0,0,1.373,866.851,0.001,335.269,0.048,6.4,32.17
19.143,49.823,2643.123,456.9,0.262,0.003,55.209,43.168,0,0.532,0.395,0.017,0.12,0.271,16.408,12.5,1.571e-4,0,0,0,0,1.471,866.918,0.001,335.271,0.049,6.4,32.17
19.186,47.064,2643.123,456.9,0.262,0.003,55.157,43.168,0,0.532,0.395,0.017,0.12,0.315,15.76,12.55,-1.804e-5,0,0,0,0,1.588,866.982,0.001,335.274,0.049,6.4,32.17
19.227,44.327,2643.123,456.9,0.262,0.003,55.118,43.168,0,0.532,0.395,0.017,0.12,0.36,15.089,12.629,4.028e-4,0,0,0,0,1.686,867.046,0.001,335.276,0.05,6.4,32.17
19.266,41.563,2643.123,456.9,0.262,0.003,55.243,43.168,0,0.532,0.395,0.017,0.12,0.406,14.088,12.6,2.334e-4,0,0,0,0,1.781,867.107,0.001,335.278,0.051,6.4,32.17
19.304,38.739,2643.123,456.9,0.262,0.003,55.397,43.168,0,0.532,0.395,0.017,0.12,0.454,13.073,12.593,-2.377e-4,0,0,0,0,1.884,867.168,0.001,335.281,0.052,6.4,32.17
19.34,36.015,2643.123,456.9,0.262,0.003,55.574,43.168,0,0.532,0.395,0.017,0.12,0.499,12.11,12.64,4.944e-4,0,0,0,0,1.952,867.227,0.001,335.283,0.052,6.4,32.17
19.375,33.245,2643.123,456.9,0.262,0.003,55.785,43.168,0,0.532,0.395,0.017,0.12,0.542,11.157,12.713,-5.679e-5,0,0,0,0,2.027,867.285,0.001,335.285,0.053,6.4,32.17
19.409,30.462,2643.123,456.9,0.262,0.003,56.03,43.168,0,0.533,0.395,0.017,0.12,0.583,10.232,12.819,3.233e-4,0,0,0,0,2.1,867.341,0.001,335.287,0.054,6.4,32.17
19.441,27.693,2643.123,456.9,0.262,0.003,56.311,43.168,0,0.533,0.395,0.017,0.12,0.62,9.354,12.97,2.399e-4,0,0.209,0.242,0.033,2.163,867.397,0.001,335.289,0.055,6.4,32.17
19.453,26.696,2643.123,456.9,0.262,0.003,56.422,43.168,0,0.533,0.395,0.017,0.12,0.631,9.049,13.032,-2.772e-4,0,0.304,0.347,0.043,2.184,867.417,0.001,335.29,0.055,6.4,32.17
19.46,25.991,2643.123,456.9,0.262,0.003,56.504,43.168,0,0.533,0.395,0.017,0.12,0.639,8.838,13.076,2.03e-4,0,0.369,0.421,0.052,2.203,867.43,0.001,335.29,0.055,6.4,32.17
19.467,25.41,2643.123,456.9,0.262,0.003,56.574,43.168,0,0.533,0.395,0.017,0.12,0.645,8.666,13.114,2.798e-4,0,0.422,0.482,0.06,2.218,867.441,0.001,335.291,0.055,6.4,32.17
19.472,24.9,2643.123,456.9,0.262,0.003,56.636,43.168,0,0.533,0.395,0.017,0.12,0.65,8.518,13.151,3.748e-4,0,0.467,0.535,0.069,2.23,867.451,0.001,335.291,0.055,6.4,32.17
19.477,24.44,2643.123,456.9,0.262,0.003,56.694,43.168,0,0.533,0.395,0.017,0.12,0.655,8.385,13.184,-3.779e-4,0,0.507,0.584,0.077,2.24,867.46,0.001,335.291,0.056,6.4,32.17
19.482,24.016,2643.123,456.9,0.262,0.003,56.748,43.168,0,0.533,0.395,0.017,0.12,0.659,8.265,13.217,-4.087e-4,0,0.543,0.628,0.085,2.25,867.468,0.001,335.292,0.056,6.4,32.17
19.486,23.62,2643.123,456.9,0.262,0.003,56.8,43.168,0,0.533,0.395,0.017,0.12,0.662,8.153,13.249,-3.091e-4,0,0.576,0.67,0.093,2.257,867.476,0.001,335.292,0.056,6.4,32.17
19.49,23.246,2643.123,456.9,0.262,0.003,56.849,43.168,0,0.533,0.395,0.017,0.12,0.665,8.049,13.281,3.508e-4,0,0.608,0.709,0.102,2.264,867.483,0.001,335.292,0.056,6.4,32.17
19.494,22.892,2643.123,456.9,0.262,0.003,56.897,43.168,0,0.533,0.395,0.017,0.12,0.668,7.952,13.311,3.299e-4,0,0.637,0.746,0.11,2.271,867.489,0.001,335.292,0.056,6.4,32.17
19.497,22.554,2643.123,456.9,0.262,0.003,56.944,43.168,0,0.533,0.395,0.017,0.12,0.671,7.86,13.342,-2.515e-4,0,0.664,0.782,0.118,2.276,867.496,0.001,335.293,0.056,6.4,32.17
19.501,22.23,2643.123,456.9,0.262,0.003,56.989,43.168,0,0.533,0.395,0.017,0.12,0.673,7.772,13.372,-3.091e-4,0,0.69,0.816,0.126,2.281,867.502,0.001,335.293,0.056,6.4,32.17
19.504,21.917,2643.123,456.9,0.262,0.003,57.033,43.168,0,0.533,0.395,0.017,0.12,0.675,7.688,13.402,4.781e-4,0,0.715,0.849,0.134,2.285,867.508,0.001,335.293,0.056,6.4,32.17
19.507,21.614,2643.123,456.9,0.262,0.003,57.077,43.168,0,0.533,0.395,0.017,0.12,0.677,7.608,13.431,-4.403e-5,0,0.739,0.88,0.142,2.289,867.513,0.001,335.293,0.056,6.4,32.17
19.51,21.322,2643.123,456.9,0.262,0.003,57.119,43.168,0,0.533,0.395,0.017,0.12,0.679,7.531,13.461,3.991e-4,0,0.762,0.911,0.15,2.292,867.519,0.001,335.294,0.056,6.4,32.17
19.513,21.038,2643.123,456.9,0.262,0.003,57.161,43.168,0,0.533,0.395,0.017,0.12,0.681,7.458,13.49,-1.246e-4,0,0.784,0.941,0.157,2.295,867.524,0.001,335.294,0.056,6.4,32.17
19.516,20.762,2643.123,456.9,0.262,0.003,57.203,43.168,0,0.533,0.395,0.017,0.12,0.682,7.386,13.519,1.71e-4,0,0.805,0.97,0.165,2.297,867.529,0.001,335.294,0.056,6.4,32.17
19.519,20.493,2643.123,456.9,0.262,0.003,57.243,43.168,0,0.533,0.395,0.017,0.12,0.683,7.318,13.549,-3.773e-4,0,0.825,0.998,0.173,2.299,867.534,0.001,335.294,0.056,6.4,32.17
19.522,20.232,2643.123,456.9,0.262,0.003,57.283,43.168,0,0.533,0.395,0.017,0.12,0.685,7.252,13.578,4.54e-4,0,0.845,1.026,0.181,2.301,867.539,0.001,335.294,0.056,6.4,32.17
19.524,19.976,2643.123,456.9,0.262,0.003,57.323,43.168,0,0.533,0.395,0.017,0.12,0.686,7.183,13.585,4.658e-4,0,0.861,1.05,0.189,2.301,867.544,0.001,335.294,0.057,6.4,32.17
19.527,19.726,2643.123,456.9,0.262,0.003,57.362,43.168,0,0.533,0.395,0.017,0.12,0.687,7.067,13.372,1.755e-4,0,0.853,1.05,0.197,2.301,867.549,0.001,335.295,0.057,6.4,32.17
19.529,19.473,2643.123,456.9,0.262,0.003,57.402,43.168,0,0.533,0.395,0.017,0.12,0.688,6.951,13.16,-2.452e-4,0,0.846,1.05,0.204,2.301,867.553,0.001,335.295,0.057,6.4,32.17
19.532,19.219,2643.123,456.9,0.262,0.003,57.443,43.168,0,0.533,0.395,0.017,0.12,0.689,6.835,12.946,3.634e-4,0,0.838,1.05,0.212,2.3,867.558,0.001,335.295,0.057,6.4,32.17
19.535,18.962,2643.123,456.9,0.262,0.003,57.485,43.168,0,0.533,0.395,0.017,0.12,0.69,6.719,12.733,-2.747e-4,0,0.83,1.05,0.22,2.297,867.563,0.001,335.295,0.057,6.4,32.17
19.537,18.704,2643.123,456.9,0.262,0.003,57.527,43.168,0,0.533,0.395,0.017,0.12,0.69,6.602,12.518,4.627e-5,0,0.823,1.05,0.227,2.294,867.568,0.001,335.295,0.057,6.4,32.17
19.54,18.443,2643.123,456.9,0.262,0.003,57.57,43.168,0,0.533,0.395,0.017,0.12,0.691,6.485,12.304,-3.803e-4,0,0.815,1.05,0.235,2.291,867.573,0.001,335.296,0.057,6.4,32.17
19.543,18.181,2643.123,456.9,0.262,0.003,57.614,43.168,0,0.533,0.395,0.017,0.12,0.691,6.368,12.089,-2.811e-4,0,0.808,1.05,0.242,2.286,867.578,0.001,335.296,0.057,6.4,32.17
19.546,17.917,2643.123,456.9,0.262,0.003,57.659,43.168,0,0.533,0.395,0.017,0.12,0.692,6.25,11.874,-3.769e-4,0,0.8,1.05,0.25,2.28,867.582,0.001,335.296,0.057,6.4,32.17
19.548,17.651,2643.123,456.9,0.262,0.003,57.705,43.168,0,0.533,0.395,0.017,0.12,0.692,6.133,11.658,-1.25e-4,0,0.792,1.05,0.258,2.273,867.588,0.001,335.296,0.057,6.4,32.17
19.551,17.387,2643.123,456.9,0.262,0.003,57.751,43.168,0,0.533,0.395,0.018,0.12,0.692,6.017,11.448,1.173e-4,0,0.785,1.05,0.265,2.263,867.593,0.001,335.296,0.057,6.4,32.17
19.554,17.131,2643.123,456.9,0.262,0.003,57.796,43.168,0,0.533,0.395,0.018,0.12,0.692,5.905,11.248,1.062e-4,0,0.778,1.05,0.272,2.249,867.598,0.001,335.296,0.057,6.4,32.17
19.557,16.872,2643.123,456.9,0.262,0.003,57.843,43.168,0,0.533,0.395,0.018,0.12,0.692,5.793,11.049,-2.503e-4,0,0.77,1.05,0.28,2.234,867.603,0.001,335.297,0.057,6.4,32.17
19.559,16.613,2643.123,456.9,0.262,0.003,57.889,43.168,0,0.533,0.395,0.018,0.12,0.692,5.681,10.849,2.673e-4,0,0.763,1.05,0.287,2.217,867.608,0.001,335.297,0.057,6.4,32.17
19.562,16.352,2643.123,456.9,0.262,0.003,57.937,43.168,0,0.533,0.395,0.018,0.12,0.692,5.569,10.652,-1.799e-4,0,0.755,1.05,0.295,2.199,867.613,0.001,335.297,0.057,6.4,32.17
19.565,16.091,2643.123,456.9,0.262,0.003,57.985,43.168,0,0.533,0.395,0.018,0.12,0.691,5.457,10.455,2.08e-4,0,0.748,1.05,0.302,2.179,867.619,0.001,335.297,0.057,6.4,32.17
19.568,15.828,2643.123,456.9,0.262,0.003,58.034,43.168,0,0.533,0.395,0.018,0.12,0.69,5.345,10.261,4.822e-4,0,0.74,1.05,0.31,2.157,867.624,0.001,335.297,0.058,6.4,32.17
19.571,15.565,2643.123,456.9,0.262,0.003,58.084,43.168,0,0.533,0.395,0.018,0.12,0.689,5.234,10.067,-4.293e-4,0,0.733,1.05,0.317,2.133,867.629,0.001,335.298,0.058,6.4,32.17
19.574,15.3,2643.123,456.9,0.262,0.003,58.135,43.168,0,0.533,0.395,0.018,0.12,0.688,5.123,9.875,2.633e-4,0,0.726,1.05,0.324,2.108,867.635,0.001,335.298,0.058,6.4,32.17
19.577,15.035,2643.123,456.9,0.262,0.003,58.186,43.168,0,0.533,0.395,0.018,0.12,0.687,5.013,9.685,1.558e-4,0,0.719,1.05,0.331,2.08,867.64,0.001,335.298,0.058,6.4,32.17
19.58,14.77,2643.123,456.9,0.262,0.003,58.238,43.168,0,0.533,0.395,0.018,0.12,0.685,4.903,9.496,3.99e-4,0,0.711,1.05,0.339,2.05,867.646,0.001,335.298,0.058,6.4,32.17
19.583,14.504,2643.123,456.9,0.262,0.003,58.291,43.168,0,0.533,0.395,0.018,0.12,0.683,4.794,9.312,3.518e-4,0,0.704,1.05,0.346,2.017,867.651,0.001,335.298,0.058,6.4,32.17
19.586,14.238,2643.123,456.9,0.262,0.003,58.345,43.168,0,0.533,0.395,0.018,0.12,0.681,4.685,9.128,4.848e-4,0,0.697,1.05,0.353,1.982,867.657,0.001,335.299,0.058,6.4,32.17
19.589,13.971,2643.123,456.9,0.262,0.003,58.399,43.168,0,0.533,0.395,0.018,0.12,0.679,4.577,8.949,1.331e-4,0,0.69,1.05,0.36,1.944,867.662,0.001,335.299,0.058,6.4,32.17
19.592,13.705,2643.123,456.9,0.262,0.003,58.453,43.168,0,0.533,0.395,0.018,0.12,0.677,4.47,8.772,-5.522e-5,0,0.682,1.05,0.368,1.904,867.668,0.001,335.299,0.058,6.4,32.17
19.595,13.44,2643.123,456.9,0.262,0.003,58.509,43.168,0,0.533,0.395,0.018,0.12,0.674,4.364,8.599,1.239e-4,0,0.675,1.05,0.375,1.861,867.674,0.001,335.299,0.058,6.4,32.17
19.598,13.175,2643.123,456.9,0.262,0.003,58.564,43.168,0,0.533,0.395,0.018,0.12,0.672,4.258,8.43,-1.848e-4,0,0.668,1.05,0.382,1.814,867.68,0.001,335.3,0.058,6.4,32.17
19.601,12.916,2643.123,456.9,0.262,0.003,58.619,43.168,0,0.533,0.395,0.018,0.12,0.669,4.156,8.271,2.278e-4,0,0.661,1.05,0.389,1.763,867.686,0.001,335.3,0.058,6.4,32.17
19.604,12.668,2643.123,456.9,0.262,0.003,58.673,43.168,0,0.533,0.395,0.018,0.12,0.667,4.059,8.129,3.461e-4,0,0.654,1.05,0.396,1.704,867.692,0.001,335.3,0.058,6.4,32.17
19.607,12.423,2643.123,456.9,0.262,0.003,58.726,43.168,0,0.533,0.395,0.018,0.12,0.664,3.963,7.993,3.249e-4,0,0.647,1.05,0.403,1.642,867.698,0.001,335.3,0.059,6.4,32.17
19.611,12.18,2643.123,456.9,0.262,0.003,58.78,43.168,0,0.533,0.395,0.018,0.12,0.661,3.869,7.862,-8.213e-5,0,0.64,1.05,0.41,1.577,867.704,0.001,335.3,0.059,6.4,32.17
19.614,11.941,2643.123,456.9,0.262,0.003,58.833,43.168,0,0.533,0.395,0.018,0.12,0.658,3.777,7.739,-4.655e-4,0,0.633,1.05,0.417,1.507,867.71,0.001,335.301,0.059,6.4,32.17
19.617,11.706,2643.123,456.9,0.262,0.003,58.886,43.168,0,0.533,0.395,0.018,0.12,0.656,3.687,7.622,-2.243e-4,0,0.626,1.05,0.424,1.434,867.716,0.001,335.301,0.059,6.4,32.17
19.62,11.474,2643.123,456.9,0.262,0.003,58.938,43.168,0,0.533,0.395,0.018,0.12,0.653,3.6,7.513,-4.556e-4,0,0.619,1.05,0.431,1.357,867.722,0.001,335.301,0.059,6.4,32.17
19.624,11.248,2643.123,456.9,0.262,0.003,58.99,43.168,0,0.533,0.395,0.018,0.12,0.65,3.514,7.412,7.893e-5,0,0.613,1.05,0.438,1.276,867.729,0.001,335.301,0.059,6.4,32.17
19.627,11.028,2643.123,456.9,0.262,0.003,59.041,43.168,0,0.533,0.395,0.018,0.12,0.647,3.432,7.32,-4.93e-4,0,0.606,1.05,0.444,1.192,867.735,0.001,335.302,0.059,6.4,32.17
19.63,10.813,2643.123,456.9,0.262,0.003,59.091,43.168,0,0.533,0.395,0.018,0.12,0.644,3.352,7.235,-2.319e-4,0,0.599,1.05,0.451,1.105,867.741,0.001,335.302,0.059,6.4,32.17
19.634,10.606,2643.123,456.9,0.262,0.003,59.14,43.168,0,0.533,0.395,0.018,0.12,0.642,3.275,7.159,1.332e-6,0,0.592,1.05,0.458,1.015,867.748,0.001,335.302,0.059,6.4,32.17
19.637,10.407,2643.123,456.9,0.262,0.003,59.187,43.168,0,0.533,0.395,0.018,0.12,0.639,3.202,7.092,-2.526e-4,0,0.585,1.05,0.465,0.922,867.754,0.001,335.302,0.059,6.4,32.17
19.641,10.216,2643.123,456.9,0.262,0.003,59.233,43.168,0,0.533,0.395,0.018,0.12,0.637,3.132,7.035,-4.386e-4,0,0.579,1.05,0.471,0.828,867.761,0.001,335.303,0.06,6.4,32.17
19.644,10.035,2643.123,456.9,0.262,0.003,59.276,43.168,0,0.533,0.395,0.018,0.12,0.634,3.066,6.986,-1.156e-4,0,0.572,1.05,0.478,0.733,867.768,0.001,335.303,0.06,6.4,32.17
19.648,9.864,2643.123,456.9,0.262,0.003,59.318,43.168,0,0.533,0.395,0.018,0.12,0.632,3.005,6.945,2.717e-4,0,0.565,1.05,0.485,0.638,867.774,0.001,335.303,0.06,6.4,32.17
19.651,9.688,2643.123,456.9,0.262,0.003,59.361,43.168,0,0.533,0.395,0.018,0.12,0.629,2.941,6.896,3.253e-4,0,0.559,1.05,0.491,0.547,867.781,0.001,335.303,0.06,6.4,32.17
19.655,9.49,2643.123,456.9,0.262,0.003,59.41,43.168,0,0.533,0.395,0.018,0.12,0.627,2.87,6.822,-7.196e-5,0,0.552,1.05,0.498,0.462,867.788,0.001,335.304,0.06,6.4,32.17
19.658,9.302,2643.123,456.9,0.262,0.003,59.457,43.168,0,0.533,0.395,0.018,0.12,0.624,2.803,6.755,-3.727e-4,0,0.545,1.05,0.505,0.38,867.795,0.001,335.304,0.06,6.4,32.17
19.662,9.126,2643.123,456.9,0.262,0.003,59.501,43.168,0,0.533,0.395,0.018,0.12,0.621,2.741,6.695,2.659e-4,0,0.539,1.05,0.512,0.302,867.802,0.001,335.304,0.06,6.4,32.17
19.666,8.964,2643.123,456.9,0.262,0.003,59.542,43.168,0,0.533,0.395,0.018,0.12,0.619,2.684,6.64,2.073e-4,0,0.532,1.05,0.518,0.228,867.809,0.001,335.304,0.06,6.4,32.17
19.669,8.816,2643.123,456.9,0.262,0.003,59.58,43.168,0,0.533,0.395,0.018,0.12,0.617,2.633,6.59,-2.458e-4,0,0.525,1.05,0.525,0.162,867.816,0.001,335.305,0.06,6.4,32.17
19.673,8.684,2643.123,456.9,0.262,0.003,59.614,43.168,0,0.533,0.395,0.018,0.12,0.615,2.587,6.543,-3.937e-4,0,0.519,1.05,0.531,0.104,867.824,0.001,335.305,0.06,6.4,32.17
19.677,8.57,2643.123,456.9,0.262,0.003,59.643,43.168,0,0.533,0.395,0.018,0.12,0.614,2.547,6.5,4.563e-4,0,0.512,1.05,0.538,0.057,867.831,0.001,335.305,0.06,6.4,32.17
19.681,8.474,2643.123,456.9,0.262,0.003,59.668,43.168,0,0.533,0.395,0.018,0.12,0.612,2.514,6.458,7.128e-5,0,0.505,1.05,0.545,0.023,867.838,0.001,335.305,0.061,6.4,32.17
19.684,8.398,2643.123,456.9,0.262,0.003,59.688,43.168,0,0.533,0.395,0.018,0.12,0.611,2.488,6.417,4.568e-4,0,0.499,1.05,0.551,0.004,867.846,0.001,335.306,0.061,6.4,32.17
19.688,8.343,2643.123,456.9,0.262,0.003,59.702,43.168,0,0.533,0.395,0.018,0.12,0.61,2.469,6.378,-4.748e-5,0,0.492,1.05,0.558,-8.587e-4,867.854,0.001,335.306,0.061,6.4,32.17
19.692,8.31,2643.123,456.9,0.262,0.003,59.711,43.168,0,0.533,0.395,0.018,0.12,0.61,2.457,6.367,3.551e-4,0,0.486,1.05,0.564,-0.015,867.861,0.001,335.306,0.061,6.4,32.17
19.696,8.299,2643.123,456.9,0.262,0.003,59.713,43.168,0,0.533,0.395,0.018,0.12,0.61,2.454,6.39,4.18e-4,0,0.48,1.05,0.571,-0.047,867.869,0.001,335.307,0.061,6.4,32.17
19.7,8.316,2643.123,456.9,0.262,0.003,59.709,43.168,0,0.533,0.395,0.018,0.12,0.61,2.459,6.453,3.249e-4,0,0.473,1.05,0.577,-0.097,867.877,0.001,335.307,0.061,6.4,32.17
19.704,8.409,2643.123,456.9,0.262,0.003,59.684,43.168,0,0.533,0.395,0.018,0.12,0.611,2.491,6.593,-1.614e-5,0,0.467,1.05,0.583,-0.164,867.885,0.001,335.307,0.061,6.4,32.17
19.708,8.527,2643.123,456.9,0.262,0.003,59.654,43.168,0,0.533,0.395,0.018,0.12,0.613,2.532,6.767,2.411e-4,0,0.461,1.05,0.589,-0.245,867.893,0.001,335.307,0.061,6.4,32.17
19.712,8.669,2643.123,456.9,0.262,0.003,59.617,43.168,0,0.533,0.395,0.018,0.12,0.615,2.581,6.972,3.613e-4,0,0.455,1.05,0.596,-0.338,867.901,0.001,335.308,0.061,6.4,32.17
19.717,8.834,2643.123,456.9,0.262,0.003,59.574,43.168,0,0.533,0.395,0.018,0.12,0.617,2.639,7.205,3.72e-4,0,0.448,1.05,0.602,-0.44,867.91,0.001,335.308,0.061,6.4,32.17
19.721,9.023,2643.123,456.9,0.262,0.003,59.526,43.168,0,0.533,0.395,0.018,0.12,0.62,2.705,7.462,1.201e-4,0,0.442,1.05,0.608,-0.549,867.918,0.001,335.308,0.062,6.4,32.17
19.725,9.234,2643.123,456.9,0.262,0.003,59.472,43.168,0,0.533,0.395,0.018,0.12,0.623,2.78,7.742,1.383e-4,0,0.436,1.05,0.614,-0.661,867.927,0.001,335.309,0.062,6.4,32.17
19.729,9.467,2643.123,456.9,0.262,0.003,59.414,43.168,0,0.533,0.395,0.018,0.12,0.626,2.862,8.04,-3.319e-4,0,0.43,1.05,0.62,-0.775,867.935,0.001,335.309,0.062,6.4,32.17
19.734,9.719,2643.123,456.9,0.262,0.003,59.351,43.168,0,0.533,0.395,0.018,0.12,0.63,2.953,8.354,4.388e-4,0,0.424,1.05,0.626,-0.888,867.944,0.001,335.309,0.062,6.4,32.17
19.738,9.992,2643.123,456.9,0.262,0.003,59.285,43.168,0,0.533,0.395,0.018,0.121,0.634,3.051,8.68,4.78e-5,0,0.418,1.05,0.632,-0.998,867.953,0.001,335.31,0.062,6.4,32.17
19.742,10.282,2643.123,456.9,0.262,0.003,59.215,43.168,0,0.533,0.395,0.018,0.121,0.638,3.156,9.018,4.234e-5,0,0.412,1.05,0.638,-1.103,867.962,0.001,335.31,0.062,6.4,32.17
19.747,10.59,2643.123,456.9,0.262,0.003,59.141,43.168,0,0.533,0.395,0.018,0.121,0.642,3.269,9.363,4.847e-5,0,0.407,1.05,0.644,-1.204,867.971,0.001,335.31,0.062,6.4,32.17
19.751,10.906,2643.123,456.9,0.262,0.003,59.067,43.168,0,0.533,0.395,0.018,0.121,0.646,3.386,9.711,-4.542e-4,0,0.401,1.05,0.649,-1.298,867.98,0.001,335.311,0.062,6.4,32.17
19.756,11.22,2643.123,456.9,0.262,0.003,58.994,43.168,0,0.533,0.395,0.018,0.121,0.65,3.504,10.053,1.355e-4,0,0.395,1.05,0.655,-1.388,867.989,0.001,335.311,0.063,6.4,32.17
19.761,11.549,2643.123,456.9,0.262,0.003,58.919,43.168,0,0.533,0.395,0.018,0.121,0.654,3.628,10.399,3.99e-4,0,0.389,1.05,0.661,-1.47,867.999,0.001,335.311,0.063,6.4,32.17
19.765,11.893,2643.123,456.9,0.262,0.003,58.841,43.168,0,0.533,0.395,0.018,0.121,0.658,3.759,10.751,-3.045e-4,0,0.383,1.05,0.667,-1.545,868.008,0.001,335.312,0.063,6.4,32.17
19.77,12.249,2643.123,456.9,0.262,0.003,58.762,43.168,0,0.533,0.395,0.018,0.121,0.662,3.896,11.105,4.956e-4,0,0.377,1.05,0.673,-1.612,868.018,0.001,335.312,0.063,6.4,32.17
19.775,12.618,2643.123,456.9,0.262,0.003,58.682,43.168,0,0.533,0.395,0.018,0.121,0.666,4.039,11.462,9.852e-5,0,0.372,1.05,0.679,-1.671,868.028,0.001,335.312,0.063,6.4,32.17
19.78,12.999,2643.123,456.9,0.262,0.003,58.6,43.168,0,0.533,0.395,0.018,0.121,0.67,4.189,11.823,-1.69e-4,0,0.366,1.05,0.684,-1.722,868.038,0.001,335.313,0.063,6.4,32.17
19.784,13.39,2643.123,456.9,0.262,0.003,58.517,43.168,0,0.533,0.395,0.018,0.121,0.674,4.344,12.184,7.57e-5,0,0.36,1.05,0.69,-1.766,868.048,0.001,335.313,0.063,6.4,32.17
19.789,13.791,2643.123,456.9,0.262,0.003,58.434,43.168,0,0.533,0.395,0.018,0.121,0.678,4.505,12.547,-2.743e-4,0,0.354,1.05,0.696,-1.802,868.058,0.001,335.314,0.063,6.4,32.17
19.794,14.202,2643.123,456.9,0.262,0.003,58.351,43.168,0,0.533,0.395,0.018,0.121,0.681,4.671,12.911,-8.569e-5,0,0.349,1.05,0.701,-1.831,868.068,0.001,335.314,0.064,6.4,32.17
19.799,14.621,2643.123,456.9,0.262,0.003,58.267,43.168,0,0.533,0.395,0.018,0.121,0.684,4.842,13.277,1.161e-4,0,0.343,1.05,0.707,-1.853,868.079,0.001,335.314,0.064,6.4,32.17
19.805,15.051,2643.123,456.9,0.262,0.003,58.182,43.168,0,0.533,0.395,0.018,0.121,0.687,5.02,13.645,-3.14e-5,0,0.338,1.05,0.712,-1.868,868.09,0.001,335.315,0.064,6.4,32.17
19.81,15.488,2643.123,456.9,0.262,0.003,58.098,43.168,0,0.533,0.395,0.018,0.121,0.689,5.202,14.014,4.108e-4,0,0.332,1.05,0.718,-1.877,868.1,0.001,335.315,0.064,6.4,32.17
19.815,15.932,2643.123,456.9,0.262,0.003,58.015,43.168,0,0.533,0.395,0.018,0.121,0.691,5.39,14.384,-1.277e-5,0,0.327,1.05,0.723,-1.88,868.111,0.001,335.315,0.064,6.4,32.17
19.82,16.381,2643.123,456.9,0.262,0.003,57.932,43.168,0,0.533,0.395,0.018,0.121,0.692,5.581,14.753,4.142e-4,0,0.321,1.05,0.729,-1.878,868.123,0.001,335.316,0.064,6.4,32.17
19.826,16.836,2643.123,456.9,0.262,0.003,57.849,43.168,0,0.533,0.395,0.018,0.121,0.693,5.777,15.122,-2.429e-4,0,0.316,1.05,0.734,-1.87,868.134,0.001,335.316,0.064,6.4,32.17
19.831,17.296,2643.123,456.9,0.262,0.003,57.768,43.168,0,0.533,0.395,0.018,0.121,0.693,5.977,15.492,-1.845e-4,0,0.311,1.05,0.739,-1.857,868.145,0.001,335.317,0.064,6.4,32.17
19.837,17.76,2643.123,456.9,0.262,0.003,57.687,43.168,0,0.533,0.395,0.018,0.121,0.692,6.181,15.862,-4.363e-4,0,0.305,1.05,0.745,-1.839,868.157,0.001,335.317,0.065,6.4,32.17
19.842,18.228,2643.123,456.9,0.262,0.003,57.607,43.168,0,0.533,0.395,0.018,0.121,0.692,6.389,16.231,-2.549e-4,0,0.3,1.05,0.75,-1.816,868.169,0.001,335.318,0.065,6.4,32.17
19.848,18.698,2643.123,456.9,0.262,0.003,57.529,43.168,0,0.533,0.395,0.018,0.121,0.691,6.6,16.599,-3.251e-5,0,0.295,1.05,0.755,-1.789,868.181,0.001,335.318,0.065,6.4,32.17
19.854,19.179,2643.123,456.9,0.262,0.003,57.45,43.168,0,0.533,0.395,0.018,0.121,0.689,6.818,16.972,-1.033e-4,0,0.29,1.05,0.76,-1.758,868.193,0.001,335.319,0.065,6.4,32.17
19.859,19.667,2643.123,456.9,0.262,0.003,57.373,43.168,0,0.533,0.395,0.018,0.121,0.688,7.041,17.349,3.972e-4,0,0.285,1.05,0.766,-1.722,868.206,0.001,335.319,0.065,6.4,32.17
19.865,20.156,2643.123,456.9,0.262,0.003,57.296,43.168,0,0.533,0.395,0.018,0.121,0.686,7.233,17.573,-2.839e-4,0,0.263,1.034,0.771,-1.683,868.218,0.001,335.319,0.065,6.4,32.17
19.872,20.675,2643.123,456.9,0.262,0.003,57.217,43.168,0,0.533,0.395,0.018,0.121,0.683,7.365,17.469,5.927e-5,0,0.204,0.979,0.775,-1.64,868.232,0.001,335.32,0.065,6.4,32.17
19.88,21.331,2643.123,456.9,0.262,0.003,57.12,43.168,0,0.533,0.395,0.018,0.121,0.679,7.534,17.335,1.564e-4,0,0.132,0.91,0.778,-1.581,868.25,0.001,335.321,0.066,6.4,32.17
19.892,22.291,2643.123,456.9,0.262,0.003,56.982,43.168,0,0.533,0.395,0.018,0.121,0.673,7.789,17.138,-3.365e-4,0,0.031,0.81,0.778,-1.49,868.276,0.001,335.322,0.066,6.4,32.17
19.91,23.647,2643.123,456.9,0.262,0.003,56.798,43.168,0,0.533,0.395,0.018,0.121,0.663,8.162,16.855,4.994e-4,0,-0.103,0.667,0.77,-1.348,868.316,0.001,335.323,0.066,6.4,32.17
19.926,24.731,2643.123,456.9,0.262,0.003,56.659,43.168,0,0.533,0.395,0.018,0.121,0.653,8.47,16.625,4.654e-4,0,-0.203,0.553,0.756,-1.225,868.35,0.001,335.324,0.067,6.4,32.17
19.934,25.255,2643.123,456.9,0.262,0.003,56.594,43.168,0,0.533,0.395,0.018,0.121,0.647,8.622,16.514,-2.561e-4,0,-0.248,0.498,0.747,-1.164,868.368,0.001,335.325,0.067,6.4,32.17
19.94,25.67,2643.123,456.9,0.262,0.003,56.544,43.168,0,0.533,0.395,0.018,0.121,0.643,8.743,16.426,1.252e-4,0,-0.283,0.455,0.738,-1.115,868.382,0.001,335.326,0.067,6.4,32.17
19.946,26.023,2643.123,456.9,0.262,0.003,56.502,43.168,0,0.533,0.395,0.018,0.121,0.639,8.848,16.351,5.964e-5,0,-0.312,0.418,0.729,-1.072,868.395,0.001,335.326,0.067,6.4,32.17
19.951,26.334,2643.123,456.9,0.262,0.003,56.466,43.168,0,0.533,0.395,0.018,0.121,0.636,8.941,16.285,-1.177e-4,0,-0.336,0.385,0.721,-1.034,868.406,0.001,335.326,0.067,6.4,32.17
19.955,26.598,2643.123,456.9,0.262,0.003,56.435,43.168,0,0.533,0.395,0.018,0.121,0.633,9.02,16.227,-1.915e-4,0,-0.356,0.357,0.713,-0.999,868.416,0.001,335.327,0.067,6.4,32.17
19.96,26.842,2643.123,456.9,0.262,0.003,56.407,43.168,0,0.533,0.395,0.018,0.121,0.63,9.094,16.173,-4.526e-4,0,-0.374,0.332,0.706,-0.966,868.426,0.001,335.327,0.068,6.4,32.17
19.964,27.068,2643.123,456.9,0.262,0.003,56.382,43.168,0,0.533,0.395,0.018,0.121,0.628,9.163,16.123,-3.685e-4,0,-0.39,0.308,0.698,-0.936,868.436,0.001,335.327,0.068,6.4,32.17
19.968,27.281,2643.123,456.9,0.262,0.003,56.358,43.168,0,0.533,0.395,0.018,0.121,0.625,9.228,16.076,-1.902e-4,0,-0.405,0.286,0.69,-0.907,868.445,0.001,335.328,0.068,6.4,32.17
19.972,27.481,2643.123,456.9,0.262,0.003,56.336,43.168,0,0.533,0.395,0.018,0.121,0.623,9.289,16.032,1.022e-4,0,-0.418,0.265,0.683,-0.88,868.453,0.001,335.328,0.068,6.4,32.17
19.975,27.671,2643.123,456.9,0.262,0.003,56.315,43.168,0,0.533,0.395,0.018,0.121,0.621,9.348,15.99,3.623e-4,0,-0.431,0.245,0.675,-0.854,868.462,0.001,335.328,0.068,6.4,32.17
19.979,27.851,2643.123,456.9,0.262,0.003,56.296,43.168,0,0.533,0.395,0.018,0.121,0.618,9.403,15.95,4.472e-4,0,-0.442,0.226,0.668,-0.829,868.47,0.001,335.329,0.068,6.4,32.17
19.982,28.023,2643.123,456.9,0.262,0.003,56.277,43.168,0,0.533,0.395,0.018,0.121,0.616,9.457,15.913,3.414e-4,0,-0.453,0.208,0.66,-0.805,868.478,0.001,335.329,0.068,6.4,32.17
19.986,28.188,2643.123,456.9,0.262,0.003,56.259,43.168,0,0.533,0.395,0.018,0.121,0.614,9.508,15.877,-1.68e-4,0,-0.463,0.19,0.653,-0.783,868.485,0.001,335.329,0.068,6.4,32.17
19.989,28.345,2643.123,456.9,0.262,0.003,56.243,43.168,0,0.533,0.395,0.018,0.121,0.612,9.557,15.842,-4.155e-4,0,-0.472,0.174,0.646,-0.761,868.493,0.001,335.33,0.068,6.4,32.17
19.992,28.497,2643.123,456.9,0.262,0.003,56.227,43.168,0,0.533,0.395,0.018,0.121,0.61,9.605,15.809,-2.858e-4,0,-0.481,0.158,0.639,-0.74,868.5,0.001,335.33,0.068,6.4,32.17
19.996,28.643,2643.123,456.9,0.262,0.003,56.212,43.168,0,0.533,0.395,0.018,0.121,0.608,9.651,15.776,2.038e-4,0,-0.489,0.143,0.631,-0.719,868.507,0.001,335.33,0.068,6.4,32.17
19.999,28.783,2643.123,456.9,0.262,0.003,56.197,43.168,0,0.533,0.395,0.018,0.121,0.607,9.695,15.746,-2.375e-4,0,-0.496,0.128,0.624,-0.699,868.515,0.001,335.33,0.068,6.4,32.17
20.002,28.928,2643.123,456.9,0.262,0.003,56.182,43.168,0,0.533,0.395,0.018,0.121,0.605,9.741,15.716,-2.427e-5,0,-0.504,0.113,0.617,-0.68,868.522,0.001,335.331,0.068,6.4,32.17
20.005,29.076,2643.123,456.9,0.262,0.003,56.167,43.168,0,0.533,0.395,0.018,0.121,0.603,9.787,15.686,-1.576e-4,0,-0.513,0.097,0.61,-0.662,868.528,0.001,335.331,0.069,6.4,32.17
20.008,29.219,2643.123,456.9,0.262,0.003,56.153,43.168,0,0.533,0.395,0.018,0.121,0.601,9.833,15.658,4.762e-5,0,-0.52,0.082,0.602,-0.644,868.535,0.001,335.331,0.069,6.4,32.17
20.011,29.357,2643.123,456.9,0.262,0.003,56.139,43.168,0,0.533,0.395,0.018,0.121,0.599,9.877,15.63,-4.316e-4,0,-0.528,0.068,0.595,-0.627,868.542,0.001,335.331,0.069,6.4,32.17
20.013,29.49,2643.123,456.9,0.262,0.003,56.125,43.168,0,0.533,0.395,0.018,0.121,0.597,9.919,15.603,4.602e-4,0,-0.535,0.054,0.588,-0.611,868.548,0.001,335.332,0.069,6.4,32.17
20.016,29.62,2643.123,456.9,0.262,0.003,56.112,43.168,0,0.533,0.395,0.018,0.121,0.596,9.961,15.578,-7.795e-5,0,-0.541,0.04,0.581,-0.595,868.555,0.001,335.332,0.069,6.4,32.17
20.019,29.746,2643.123,456.9,0.262,0.003,56.1,43.168,0,0.533,0.395,0.018,0.121,0.594,10.001,15.553,-1.299e-5,0,-0.547,0.027,0.574,-0.579,868.561,0.001,335.332,0.069,6.4,32.17
20.022,29.868,2643.123,456.9,0.262,0.003,56.088,43.168,0,0.533,0.395,0.018,0.121,0.592,10.041,15.528,4.372e-4,0,-0.553,0.014,0.567,-0.564,868.568,0.001,335.332,0.069,6.4,32.17
20.024,29.987,2643.123,456.9,0.262,0.003,56.076,43.168,0,0.533,0.395,0.018,0.121,0.591,10.079,15.505,-2.104e-4,0,-0.559,0.001,0.56,-0.549,868.574,0.001,335.333,0.069,6.4,32.17
20.027,30.103,2643.123,456.9,0.262,0.003,56.065,43.168,0,0.533,0.395,0.018,0.121,0.589,10.116,15.482,4.51e-4,0,-0.553,0,0.553,-0.535,868.58,0.001,335.333,0.069,6.4,32.17
20.03,30.217,2643.123,456.9,0.262,0.003,56.054,43.168,0,0.533,0.395,0.018,0.121,0.587,10.153,15.46,3.898e-4,0,-0.546,0,0.546,-0.521,868.586,0.001,335.333,0.069,6.4,32.17
20.033,30.331,2643.123,456.9,0.262,0.003,56.043,43.168,0,0.533,0.395,0.018,0.121,0.586,10.19,15.438,-7.836e-5,0,-0.539,0,0.539,-0.507,868.593,0.001,335.333,0.069,6.4,32.17
20.035,30.445,2643.123,456.9,0.262,0.003,56.032,43.168,0,0.533,0.395,0.018,0.121,0.584,10.227,15.416,4.578e-4,0,-0.532,0,0.532,-0.493,868.599,0.001,335.334,0.069,6.4,32.17
20.038,30.557,2643.123,456.9,0.262,0.003,56.022,43.168,0,0.533,0.395,0.018,0.121,0.583,10.264,15.394,3.124e-4,0,-0.525,0,0.525,-0.479,868.606,0.001,335.334,0.069,6.4,32.17
20.041,30.669,2643.123,456.9,0.262,0.003,56.011,43.168,0,0.533,0.395,0.018,0.121,0.581,10.3,15.372,-8.264e-5,0,-0.518,0,0.518,-0.465,868.612,0.001,335.334,0.069,6.4,32.17
20.044,30.78,2643.123,456.9,0.262,0.003,56.001,43.168,0,0.533,0.395,0.018,0.121,0.58,10.337,15.351,4.218e-5,0,-0.512,0,0.512,-0.451,868.619,0.001,335.334,0.069,6.4,32.17
20.047,30.891,2643.123,456.9,0.262,0.003,55.991,43.168,0,0.533,0.395,0.018,0.121,0.578,10.373,15.33,-1.336e-4,0,-0.505,0,0.505,-0.438,868.626,0.001,335.335,0.069,6.4,32.17
20.05,31,2643.123,456.9,0.262,0.003,55.98,43.168,0,0.533,0.395,0.018,0.121,0.576,10.409,15.309,2.24e-6,0,-0.498,0,0.498,-0.424,868.632,0.001,335.335,0.07,6.4,32.17
20.053,31.119,2643.123,456.9,0.262,0.003,55.969,43.168,0,0.533,0.395,0.018,0.121,0.575,10.447,15.287,-1.849e-4,0,-0.491,0,0.491,-0.411,868.639,0.001,335.335,0.07,6.4,32.17
20.056,31.238,2643.123,456.9,0.262,0.003,55.958,43.168,0,0.533,0.395,0.018,0.121,0.573,10.487,15.266,-3.604e-4,0,-0.484,0,0.484,-0.398,868.646,0.001,335.335,0.07,6.4,32.17
20.059,31.357,2643.123,456.9,0.262,0.003,55.948,43.168,0,0.533,0.395,0.018,0.121,0.571,10.526,15.245,-2.606e-4,0,-0.477,0,0.477,-0.385,868.653,0.001,335.336,0.07,6.4,32.17
20.062,31.475,2643.123,456.9,0.262,0.003,55.937,43.168,0,0.533,0.395,0.018,0.121,0.57,10.565,15.224,1.068e-4,0,-0.47,0,0.47,-0.372,868.661,0.001,335.336,0.07,6.4,32.17
20.065,31.592,2643.123,456.9,0.262,0.003,55.927,43.168,0,0.533,0.395,0.018,0.121,0.568,10.603,15.204,4.519e-4,0,-0.464,0,0.464,-0.359,868.668,0.001,335.336,0.07,6.4,32.17
20.068,31.708,2643.123,456.9,0.262,0.003,55.916,43.168,0,0.533,0.395,0.018,0.121,0.566,10.642,15.184,-2.237e-5,0,-0.457,0,0.457,-0.347,868.675,0.001,335.336,0.07,6.4,32.17
20.071,31.823,2643.123,456.9,0.262,0.003,55.906,43.168,0,0.533,0.395,0.018,0.121,0.565,10.68,15.164,-2.117e-4,0,-0.45,0,0.45,-0.334,868.683,0.001,335.337,0.07,6.4,32.17
20.074,31.937,2643.123,456.9,0.262,0.003,55.896,43.168,0,0.533,0.395,0.018,0.121,0.563,10.718,15.145,3.016e-5,0,-0.443,0,0.443,-0.322,868.69,0.001,335.337,0.07,6.4,32.17
20.078,32.05,2643.123,456.9,0.262,0.003,55.886,43.168,0,0.533,0.395,0.018,0.121,0.561,10.756,15.125,1.107e-4,0,-0.436,0,0.436,-0.31,868.698,0.001,335.337,0.07,6.4,32.17
20.081,32.162,2643.123,456.9,0.262,0.003,55.876,43.168,0,0.533,0.395,0.018,0.121,0.56,10.793,15.106,-4.048e-4,0,-0.429,0,0.429,-0.298,868.706,0.001,335.338,0.07,6.4,32.17
20.084,32.273,2643.123,456.9,0.262,0.003,55.867,43.168,0,0.533,0.395,0.018,0.121,0.558,10.83,15.087,-3.727e-4,0,-0.423,0,0.423,-0.286,868.714,0.001,335.338,0.07,6.4,32.17
20.088,32.382,2643.123,456.9,0.262,0.003,55.857,43.168,0,0.533,0.395,0.018,0.121,0.556,10.867,15.067,-2.801e-5,0,-0.416,0,0.416,-0.274,868.722,0.001,335.338,0.07,6.4,32.17
20.091,32.491,2643.123,456.9,0.262,0.003,55.848,43.168,0,0.533,0.395,0.018,0.121,0.555,10.903,15.049,2.828e-5,0,-0.409,0,0.409,-0.262,868.73,0.001,335.338,0.07,6.4,32.17
20.095,32.598,2643.123,456.9,0.262,0.003,55.839,43.168,0,0.533,0.395,0.018,0.121,0.553,10.939,15.031,4.095e-4,0,-0.402,0,0.402,-0.251,868.738,0.001,335.339,0.071,6.4,32.17
20.098,32.703,2643.123,456.9,0.262,0.003,55.83,43.168,0,0.533,0.395,0.018,0.121,0.551,10.974,15.013,-6.176e-5,0,-0.396,0,0.396,-0.239,868.747,0.001,335.339,0.071,6.4,32.17
20.102,32.782,2643.123,456.9,0.262,0.003,55.823,43.168,0,0.533,0.395,0.018,0.121,0.55,11.001,14.997,1.548e-4,0,-0.389,0,0.389,-0.228,868.755,0.001,335.339,0.071,6.4,32.17
20.105,32.831,2643.123,456.9,0.262,0.003,55.819,43.168,0,0.533,0.395,0.018,0.121,0.55,11.017,14.983,-3.149e-4,0,-0.382,0,0.382,-0.217,868.764,0.001,335.34,0.071,6.4,32.17
20.109,32.877,2643.123,456.9,0.262,0.003,55.815,43.168,0,0.533,0.395,0.018,0.121,0.549,11.033,14.969,6.772e-5,0,-0.376,0,0.376,-0.205,868.773,0.001,335.34,0.071,6.4,32.17
20.113,32.921,2643.123,456.9,0.262,0.003,55.811,43.168,0,0.533,0.395,0.018,0.121,0.548,11.048,14.955,-1.145e-4,0,-0.369,0,0.369,-0.195,868.782,0.001,335.34,0.071,6.4,32.17
20.117,32.962,2643.123,456.9,0.262,0.003,55.808,43.168,0,0.533,0.395,0.018,0.121,0.548,11.061,14.942,3.016e-4,0,-0.362,0,0.362,-0.184,868.791,0.001,335.341,0.071,6.4,32.17
20.121,33,2643.123,456.9,0.262,0.003,55.805,43.168,0,0.533,0.395,0.018,0.121,0.547,11.074,14.929,3.459e-4,0,-0.356,0,0.356,-0.173,868.8,0.001,335.341,0.071,6.4,32.17
20.125,33.034,2643.123,456.9,0.262,0.003,55.802,43.168,0,0.533,0.395,0.018,0.121,0.546,11.086,14.916,-4.495e-4,0,-0.349,0,0.349,-0.163,868.81,0.001,335.341,0.071,6.4,32.17
20.129,33.066,2643.123,456.9,0.262,0.003,55.799,43.168,0,0.533,0.395,0.018,0.121,0.546,11.097,14.904,-2.188e-4,0,-0.343,0,0.343,-0.153,868.82,0.001,335.342,0.071,6.4,32.17
20.133,33.094,2643.123,456.9,0.262,0.003,55.797,43.168,0,0.533,0.395,0.018,0.121,0.546,11.106,14.893,3.634e-4,0,-0.336,0,0.336,-0.143,868.83,0.001,335.342,0.071,6.4,32.17
20.137,33.118,2643.123,456.9,0.262,0.003,55.795,43.168,0,0.533,0.395,0.018,0.121,0.545,11.114,14.882,-1.509e-4,0,-0.329,0,0.329,-0.133,868.84,0.001,335.342,0.071,6.4,32.17
20.141,33.139,2643.123,456.9,0.262,0.003,55.793,43.168,0,0.533,0.395,0.018,0.121,0.545,11.121,14.871,2.383e-5,0,-0.323,0,0.323,-0.124,868.85,0.001,335.343,0.071,6.4,32.17
20.145,33.156,2643.123,456.9,0.262,0.003,55.792,43.168,0,0.533,0.395,0.018,0.121,0.545,11.127,14.861,4.072e-7,0,-0.316,0,0.316,-0.114,868.86,0.001,335.343,0.071,6.4,32.17
20.15,33.169,2643.123,456.9,0.262,0.003,55.791,43.168,0,0.533,0.395,0.018,0.121,0.544,11.132,14.852,4.969e-4,0,-0.31,0,0.31,-0.105,868.871,0.001,335.344,0.072,6.4,32.17
20.154,33.209,2643.123,456.9,0.262,0.003,55.787,43.168,0,0.533,0.395,0.018,0.121,0.544,11.145,14.84,-3.528e-4,0,-0.303,0,0.303,-0.097,868.882,0.001,335.344,0.072,6.4,32.17
20.159,33.247,2643.123,456.9,0.262,0.003,55.784,43.168,0,0.533,0.395,0.018,0.121,0.543,11.158,14.83,-5.82e-5,0,-0.297,0,0.297,-0.088,868.893,0.001,335.344,0.072,6.4,32.17
20.163,33.281,2643.123,456.9,0.262,0.003,55.781,43.168,0,0.533,0.395,0.018,0.121,0.543,11.169,14.819,1.457e-4,0,-0.29,0,0.29,-0.08,868.904,0.001,335.345,0.072,6.4,32.17
20.168,33.31,2643.123,456.9,0.262,0.003,55.779,43.168,0,0.533,0.395,0.018,0.121,0.542,11.179,14.81,2.917e-4,0,-0.284,0,0.284,-0.073,868.916,0.001,335.345,0.072,6.4,32.17
20.173,33.335,2643.123,456.9,0.262,0.003,55.777,43.168,0,0.533,0.395,0.018,0.121,0.542,11.188,14.801,9.687e-5,0,-0.277,0,0.277,-0.065,868.928,0.001,335.346,0.072,6.4,32.17
20.178,33.355,2643.123,456.9,0.262,0.003,55.775,43.168,0,0.533,0.395,0.018,0.121,0.542,11.195,14.793,3.992e-4,0,-0.27,0,0.27,-0.058,868.94,0.001,335.346,0.072,6.4,32.17
20.183,33.37,2643.123,456.9,0.262,0.003,55.774,43.168,0,0.533,0.395,0.018,0.121,0.541,11.2,14.784,4.626e-4,0,-0.264,0,0.264,-0.051,868.952,0.001,335.347,0.072,6.4,32.17
20.188,33.379,2643.123,456.9,0.262,0.003,55.773,43.168,0,0.533,0.395,0.018,0.121,0.541,11.203,14.778,2.483e-4,0,-0.257,0,0.257,-0.045,868.965,0.001,335.347,0.072,6.4,32.17
20.194,33.383,2643.123,456.9,0.262,0.003,55.773,43.168,0,0.533,0.395,0.018,0.121,0.541,11.204,14.772,-1.158e-6,0,-0.251,0,0.251,-0.038,868.978,0.001,335.348,0.072,6.4,32.17
20.199,33.381,2643.123,456.9,0.262,0.003,55.773,43.168,0,0.533,0.395,0.018,0.121,0.541,11.203,14.766,-2.662e-4,0,-0.245,0,0.245,-0.033,868.991,0.001,335.348,0.073,6.4,32.17
20.204,33.369,2643.123,456.9,0.262,0.003,55.774,43.168,0,0.533,0.395,0.018,0.121,0.541,11.199,14.761,-4.954e-4,0,-0.238,0,0.238,-0.027,869.005,0.001,335.349,0.073,6.4,32.17
20.21,33.349,2643.123,456.9,0.262,0.003,55.776,43.168,0,0.533,0.395,0.018,0.121,0.542,11.193,14.757,-4.947e-4,0,-0.232,0,0.232,-0.022,869.019,0.001,335.349,0.073,6.4,32.17
20.216,33.322,2643.123,456.9,0.262,0.003,55.778,43.168,0,0.533,0.395,0.018,0.121,0.542,11.183,14.754,3.879e-4,0,-0.225,0,0.225,-0.018,869.033,0.001,335.35,0.073,6.4,32.17
20.222,33.287,2643.123,456.9,0.262,0.003,55.781,43.168,0,0.533,0.395,0.018,0.121,0.543,11.171,14.752,3.794e-4,0,-0.219,0,0.219,-0.014,869.048,0.001,335.35,0.073,6.4,32.17
20.228,33.243,2643.123,456.9,0.262,0.003,55.784,43.168,0,0.533,0.395,0.018,0.121,0.543,11.156,14.751,4.79e-5,0,-0.212,0,0.212,-0.01,869.063,0.001,335.351,0.073,6.4,32.17
20.234,33.189,2643.123,456.9,0.262,0.003,55.789,43.168,0,0.533,0.395,0.018,0.121,0.544,11.138,14.752,-1.831e-4,0,-0.206,0,0.206,-0.007,869.079,0.001,335.351,0.073,6.4,32.17
20.241,33.126,2643.123,456.9,0.262,0.003,55.794,43.168,0,0.533,0.395,0.018,0.121,0.545,11.117,14.753,-4.269e-4,0,-0.2,0,0.2,-0.004,869.095,0.001,335.352,0.073,6.4,32.17
20.247,33.051,2643.123,456.9,0.262,0.003,55.8,43.168,0,0.533,0.395,0.018,0.121,0.546,11.092,14.755,-3.234e-5,0,-0.193,0,0.193,-0.002,869.112,0.001,335.353,0.073,6.4,32.17
20.254,32.96,2643.123,456.9,0.262,0.003,55.808,43.168,0,0.533,0.395,0.018,0.121,0.548,11.061,14.759,2.568e-4,0,-0.187,0,0.187,-8.227e-4,869.129,0.001,335.353,0.074,6.4,32.17
20.261,32.852,2643.123,456.9,0.262,0.003,55.817,43.168,0,0.533,0.395,0.018,0.121,0.549,11.025,14.765,-2.193e-4,0,-0.181,0,0.181,-9.743e-5,869.146,0.001,335.354,0.074,6.4,32.17
20.268,32.73,2643.123,456.9,0.262,0.003,55.827,43.168,0,0.533,0.395,0.018,0.121,0.551,10.984,14.772,4.277e-4,0,-0.174,0,0.174,8.843e-5,869.165,0.001,335.354,0.074,6.4,32.17
20.276,32.593,2643.123,456.9,0.262,0.003,55.839,43.168,0,0.533,0.395,0.018,0.121,0.553,10.937,14.78,-3.186e-4,0,-0.168,0,0.168,8.511e-4,869.184,0.001,335.355,0.074,6.4,32.17
20.283,32.439,2643.123,456.9,0.262,0.003,55.852,43.168,0,0.533,0.395,0.018,0.121,0.556,10.886,14.787,9.842e-5,0,-0.162,0,0.162,0.002,869.203,0.001,335.356,0.074,6.4,32.17
20.291,32.267,2643.123,456.9,0.262,0.003,55.867,43.168,0,0.533,0.395,0.018,0.121,0.558,10.828,14.796,3.15e-4,0,-0.155,0,0.155,0.005,869.224,0.001,335.357,0.074,6.4,32.17
20.3,32.076,2643.123,456.9,0.262,0.003,55.883,43.168,0,0.533,0.395,0.018,0.121,0.561,10.764,14.805,-7.091e-5,0,-0.149,0,0.149,0.008,869.245,0.001,335.357,0.075,6.4,32.17
20.308,31.842,2643.123,456.9,0.262,0.003,55.904,43.168,0,0.533,0.395,0.018,0.121,0.565,10.686,14.815,-1.435e-4,0,-0.143,0,0.143,0.013,869.267,0.001,335.358,0.075,6.4,32.17
20.317,31.582,2643.123,456.9,0.262,0.003,55.927,43.168,0,0.533,0.395,0.018,0.121,0.568,10.6,14.827,8.103e-6,0,-0.137,0,0.137,0.019,869.29,0.001,335.359,0.075,6.4,32.17
20.326,31.295,2643.123,456.9,0.262,0.003,55.953,43.168,0,0.533,0.395,0.018,0.121,0.573,10.505,14.839,3.866e-4,0,-0.131,0,0.131,0.026,869.313,0.001,335.36,0.075,6.4,32.17
20.336,30.977,2643.123,456.9,0.262,0.003,55.982,43.168,0,0.533,0.395,0.018,0.121,0.577,10.401,14.852,-5.093e-5,0,-0.124,0,0.124,0.034,869.338,0.001,335.361,0.075,6.4,32.17
20.346,30.626,2643.123,456.9,0.262,0.003,56.015,43.168,0,0.533,0.395,0.018,0.121,0.582,10.286,14.866,-1.653e-4,0,-0.118,0,0.118,0.044,869.365,0.001,335.362,0.075,6.4,32.17
20.357,30.278,2643.123,456.9,0.262,0.003,56.048,43.168,0,0.533,0.395,0.018,0.121,0.587,10.173,14.879,-1.959e-4,0,-0.112,0,0.112,0.056,869.392,0.001,335.363,0.076,6.4,32.17
20.368,29.914,2643.123,456.9,0.262,0.003,56.083,43.168,0,0.533,0.395,0.018,0.121,0.592,10.056,14.892,-1.2e-5,0,-0.097,0.009,0.106,0.069,869.421,0.001,335.364,0.076,6.4,32.17
20.381,29.467,2643.123,456.9,0.262,0.003,56.127,43.168,0,0.533,0.395,0.018,0.121,0.598,9.912,14.908,2.937e-4,0,-0.045,0.056,0.101,0.087,869.454,0.001,335.365,0.076,6.4,32.17
20.4,28.737,2643.123,456.9,0.262,0.003,56.201,43.168,0,0.534,0.395,0.018,0.121,0.608,9.68,14.935,6.647e-5,0,0.032,0.133,0.1,0.115,869.504,0.001,335.367,0.077,6.4,32.17
20.418,27.945,2643.123,456.9,0.262,0.003,56.285,43.168,0,0.534,0.395,0.018,0.121,0.618,9.433,14.966,-1.471e-4,0,0.11,0.216,0.106,0.148,869.554,0.001,335.369,0.077,6.4,32.17
20.429,27.452,2643.123,456.9,0.262,0.003,56.339,43.168,0,0.534,0.395,0.018,0.121,0.624,9.281,14.986,3.653e-4,0,0.155,0.268,0.113,0.169,869.583,0.001,335.37,0.077,6.4,32.17
20.437,27.09,2643.123,456.9,0.262,0.003,56.379,43.168,0,0.534,0.395,0.018,0.121,0.628,9.17,15.001,-6.429e-6,0,0.187,0.306,0.119,0.184,869.604,0.001,335.371,0.077,6.4,32.17
20.443,26.783,2643.123,456.9,0.262,0.003,56.413,43.168,0,0.534,0.395,0.018,0.121,0.632,9.077,15.015,4.628e-4,0,0.213,0.338,0.125,0.198,869.621,0.001,335.371,0.078,6.4,32.17
20.449,26.508,2643.123,456.9,0.262,0.003,56.445,43.168,0,0.534,0.395,0.018,0.121,0.635,8.994,15.026,4.839e-4,0,0.236,0.367,0.131,0.21,869.636,0.001,335.372,0.078,6.4,32.17
20.454,26.264,2643.123,456.9,0.262,0.003,56.473,43.168,0,0.534,0.395,0.018,0.121,0.637,8.92,15.036,4.954e-4,0,0.256,0.392,0.137,0.221,869.649,0.001,335.372,0.078,6.4,32.17
20.458,26.037,2643.123,456.9,0.262,0.003,56.5,43.168,0,0.534,0.395,0.018,0.121,0.64,8.853,15.046,-1.566e-4,0,0.274,0.416,0.143,0.231,869.662,0.001,335.373,0.078,6.4,32.17
20.463,25.822,2643.123,456.9,0.262,0.003,56.525,43.168,0,0.534,0.395,0.018,0.121,0.642,8.789,15.056,-1.603e-6,0,0.291,0.439,0.148,0.242,869.673,0.001,335.373,0.078,6.4,32.17
20.467,25.616,2643.123,456.9,0.262,0.003,56.55,43.168,0,0.534,0.395,0.018,0.121,0.644,8.728,15.065,-3.451e-4,0,0.306,0.46,0.154,0.251,869.684,0.001,335.374,0.078,6.4,32.17
20.471,25.419,2643.123,456.9,0.262,0.003,56.574,43.168,0,0.534,0.395,0.018,0.121,0.646,8.67,15.074,-1.862e-4,0,0.321,0.481,0.16,0.261,869.695,0.001,335.374,0.078,6.4,32.17
20.474,25.228,2643.123,456.9,0.262,0.003,56.597,43.168,0,0.534,0.395,0.018,0.121,0.648,8.614,15.083,1.927e-4,0,0.336,0.501,0.165,0.27,869.704,0.001,335.374,0.078,6.4,32.17
20.478,25.043,2643.123,456.9,0.262,0.003,56.62,43.168,0,0.534,0.395,0.018,0.121,0.65,8.56,15.092,-4.361e-4,0,0.35,0.521,0.171,0.279,869.714,0.001,335.375,0.078,6.4,32.17
20.481,24.864,2643.123,456.9,0.262,0.003,56.642,43.168,0,0.534,0.395,0.018,0.121,0.652,8.508,15.1,-1.331e-4,0,0.363,0.54,0.177,0.288,869.723,0.001,335.375,0.078,6.4,32.17
20.484,24.689,2643.123,456.9,0.262,0.003,56.664,43.168,0,0.534,0.395,0.018,0.121,0.654,8.458,15.108,1.92e-4,0,0.375,0.558,0.182,0.296,869.731,0.001,335.375,0.078,6.4,32.17
20.487,24.518,2643.123,456.9,0.262,0.003,56.685,43.168,0,0.534,0.395,0.018,0.121,0.655,8.409,15.116,-1.497e-5,0,0.388,0.576,0.188,0.305,869.74,0.001,335.376,0.079,6.4,32.17
20.49,24.351,2643.123,456.9,0.262,0.003,56.707,43.168,0,0.534,0.395,0.018,0.121,0.657,8.361,15.124,6.863e-5,0,0.4,0.593,0.194,0.313,869.748,0.001,335.376,0.079,6.4,32.17
20.493,24.188,2643.123,456.9,0.262,0.003,56.727,43.168,0,0.534,0.395,0.018,0.121,0.658,8.315,15.132,3.29e-4,0,0.411,0.611,0.199,0.321,869.756,0.001,335.376,0.079,6.4,32.17
20.496,24.028,2643.123,456.9,0.262,0.003,56.748,43.168,0,0.534,0.395,0.018,0.121,0.66,8.269,15.141,1.651e-4,0,0.422,0.627,0.205,0.329,869.763,0.001,335.377,0.079,6.4,32.17
20.499,23.87,2643.123,456.9,0.262,0.003,56.769,43.168,0,0.534,0.395,0.018,0.121,0.661,8.225,15.148,4.891e-5,0,0.433,0.644,0.211,0.337,869.771,0.001,335.377,0.079,6.4,32.17
20.501,23.715,2643.123,456.9,0.262,0.003,56.789,43.168,0,0.534,0.395,0.018,0.121,0.663,8.181,15.156,-2.072e-4,0,0.444,0.66,0.216,0.345,869.778,0.001,335.377,0.079,6.4,32.17
20.504,23.56,2643.123,456.9,0.262,0.003,56.809,43.168,0,0.534,0.395,0.018,0.121,0.664,8.138,15.164,3.736e-4,0,0.455,0.676,0.222,0.353,869.785,0.001,335.377,0.079,6.4,32.17
20.506,23.408,2643.123,456.9,0.262,0.003,56.83,43.168,0,0.534,0.395,0.018,0.121,0.665,8.095,15.172,4.093e-4,0,0.465,0.692,0.227,0.36,869.792,0.001,335.378,0.079,6.4,32.17
20.509,23.255,2643.123,456.9,0.262,0.003,56.85,43.168,0,0.534,0.395,0.018,0.121,0.667,8.053,15.18,-3.628e-4,0,0.475,0.709,0.233,0.368,869.799,0.001,335.378,0.079,6.4,32.17
20.511,23.101,2643.123,456.9,0.262,0.003,56.871,43.168,0,0.534,0.395,0.018,0.121,0.668,8.01,15.188,-9.49e-6,0,0.486,0.725,0.239,0.376,869.806,0.001,335.378,0.079,6.4,32.17
20.514,22.945,2643.123,456.9,0.262,0.003,56.892,43.168,0,0.534,0.395,0.018,0.121,0.669,7.967,15.196,1.218e-4,0,0.496,0.741,0.245,0.384,869.812,0.001,335.378,0.079,6.4,32.17
20.516,22.788,2643.123,456.9,0.262,0.003,56.913,43.168,0,0.534,0.395,0.018,0.121,0.67,7.924,15.205,4.695e-4,0,0.507,0.758,0.251,0.392,869.819,0.001,335.379,0.079,6.4,32.17
20.519,22.63,2643.123,456.9,0.262,0.003,56.935,43.168,0,0.534,0.395,0.018,0.121,0.671,7.881,15.213,2.173e-4,0,0.517,0.774,0.257,0.401,869.826,0.001,335.379,0.079,6.4,32.17
20.521,22.47,2643.123,456.9,0.262,0.003,56.957,43.168,0,0.534,0.395,0.018,0.121,0.673,7.838,15.221,-2.582e-4,0,0.528,0.791,0.263,0.409,869.833,0.001,335.379,0.079,6.4,32.17
20.524,22.308,2643.123,456.9,0.262,0.003,56.98,43.168,0,0.534,0.395,0.018,0.121,0.674,7.794,15.231,3.975e-4,0,0.538,0.808,0.27,0.418,869.84,0.001,335.38,0.079,6.4,32.17
20.526,22.146,2643.123,456.9,0.262,0.003,57.003,43.168,0,0.534,0.395,0.018,0.121,0.675,7.75,15.24,-2.633e-4,0,0.549,0.825,0.276,0.426,869.847,0.001,335.38,0.079,6.4,32.17
20.529,21.981,2643.123,456.9,0.262,0.003,57.026,43.168,0,0.534,0.395,0.018,0.121,0.676,7.707,15.249,-4.885e-4,0,0.559,0.842,0.283,0.435,869.854,0.001,335.38,0.079,6.4,32.17
20.531,21.816,2643.123,456.9,0.262,0.003,57.05,43.168,0,0.534,0.395,0.018,0.121,0.677,7.662,15.258,5.554e-5,0,0.57,0.86,0.29,0.444,869.861,0.001,335.38,0.08,6.4,32.17
20.534,21.648,2643.123,456.9,0.262,0.003,57.074,43.168,0,0.534,0.395,0.018,0.121,0.678,7.618,15.267,-1.066e-4,0,0.58,0.877,0.297,0.453,869.867,0.001,335.381,0.08,6.4,32.17
20.536,21.48,2643.123,456.9,0.262,0.003,57.098,43.168,0,0.534,0.395,0.018,0.121,0.679,7.574,15.277,-3.243e-4,0,0.591,0.895,0.304,0.462,869.874,0.001,335.381,0.08,6.4,32.17
20.539,21.31,2643.123,456.9,0.262,0.003,57.123,43.168,0,0.534,0.395,0.018,0.121,0.68,7.529,15.287,-2.134e-4,0,0.601,0.913,0.311,0.472,869.881,0.001,335.381,0.08,6.4,32.17
20.541,21.138,2643.123,456.9,0.262,0.003,57.148,43.168,0,0.534,0.395,0.018,0.121,0.681,7.485,15.297,2.219e-4,0,0.612,0.931,0.319,0.481,869.888,0.001,335.381,0.08,6.4,32.17
20.544,20.965,2643.123,456.9,0.262,0.003,57.174,43.168,0,0.534,0.395,0.018,0.121,0.682,7.44,15.308,-4.144e-4,0,0.623,0.949,0.326,0.491,869.895,0.001,335.382,0.08,6.4,32.17
20.546,20.79,2643.123,456.9,0.262,0.003,57.2,43.168,0,0.534,0.395,0.018,0.121,0.683,7.395,15.318,3.026e-4,0,0.633,0.967,0.334,0.501,869.902,0.001,335.382,0.08,6.4,32.17
20.549,20.614,2643.123,456.9,0.262,0.003,57.227,43.168,0,0.534,0.395,0.018,0.121,0.684,7.35,15.328,3.941e-4,0,0.644,0.986,0.342,0.511,869.909,0.001,335.382,0.08,6.4,32.17
20.551,20.429,2643.123,456.9,0.262,0.003,57.255,43.168,0,0.534,0.395,0.018,0.121,0.685,7.303,15.34,4.147e-4,0,0.656,1.005,0.35,0.521,869.916,0.001,335.382,0.08,6.4,32.17
20.554,20.237,2643.123,456.9,0.262,0.003,57.285,43.168,0,0.534,0.395,0.018,0.121,0.686,7.254,15.352,3.987e-4,0,0.668,1.026,0.358,0.531,869.923,0.001,335.383,0.08,6.4,32.17
20.556,20.044,2643.123,456.9,0.262,0.003,57.315,43.168,0,0.534,0.395,0.018,0.121,0.687,7.206,15.364,-8.769e-5,0,0.68,1.046,0.366,0.542,869.93,0.001,335.383,0.08,6.4,32.17
20.559,19.849,2643.123,456.9,0.262,0.003,57.345,43.168,0,0.534,0.395,0.018,0.121,0.688,7.125,15.231,-4.397e-4,0,0.676,1.05,0.375,0.552,869.937,0.001,335.383,0.08,6.4,32.17
20.561,19.652,2643.123,456.9,0.262,0.003,57.376,43.168,0,0.534,0.395,0.018,0.121,0.689,7.034,15.054,-4.558e-4,0,0.668,1.05,0.383,0.563,869.944,0.001,335.383,0.08,6.4,32.17
20.564,19.454,2643.123,456.9,0.262,0.003,57.407,43.168,0,0.534,0.395,0.018,0.121,0.689,6.944,14.876,1.206e-4,0,0.66,1.05,0.391,0.573,869.951,0.001,335.384,0.08,6.4,32.17
20.566,19.255,2643.123,456.9,0.262,0.003,57.439,43.168,0,0.534,0.395,0.018,0.121,0.69,6.853,14.698,5.597e-5,0,0.652,1.05,0.399,0.584,869.958,0.001,335.384,0.08,6.4,32.17
20.569,19.054,2643.123,456.9,0.262,0.003,57.472,43.168,0,0.534,0.395,0.018,0.121,0.691,6.762,14.518,4.263e-4,0,0.644,1.05,0.407,0.595,869.965,0.001,335.384,0.08,6.4,32.17
20.571,18.852,2643.123,456.9,0.262,0.003,57.505,43.168,0,0.534,0.395,0.018,0.121,0.691,6.67,14.337,3.595e-4,0,0.636,1.05,0.415,0.605,869.972,0.001,335.384,0.08,6.4,32.17
20.574,18.649,2643.123,456.9,0.262,0.003,57.539,43.168,0,0.534,0.395,0.018,0.121,0.692,6.578,14.155,-4.319e-4,0,0.628,1.05,0.422,0.616,869.979,0.001,335.385,0.081,6.4,32.17
20.576,18.444,2643.123,456.9,0.262,0.003,57.573,43.168,0,0.534,0.395,0.018,0.121,0.692,6.486,13.973,-2.313e-4,0,0.62,1.05,0.43,0.626,869.986,0.001,335.385,0.081,6.4,32.17
20.579,18.238,2643.123,456.9,0.262,0.003,57.607,43.168,0,0.534,0.395,0.018,0.121,0.693,6.394,13.789,3.38e-4,0,0.613,1.05,0.438,0.637,869.993,0.001,335.385,0.081,6.4,32.17
20.581,18.03,2643.123,456.9,0.262,0.003,57.643,43.168,0,0.534,0.395,0.018,0.121,0.693,6.302,13.605,-1.988e-4,0,0.606,1.05,0.445,0.648,870,0.001,335.385,0.081,6.4,32.17
20.584,17.822,2643.123,456.9,0.262,0.003,57.678,43.168,0,0.534,0.395,0.018,0.121,0.693,6.209,13.42,1.396e-6,0,0.598,1.05,0.452,0.658,870.007,0.001,335.386,0.081,6.4,32.17
20.586,17.611,2643.123,456.9,0.262,0.003,57.715,43.168,0,0.534,0.395,0.018,0.121,0.694,6.117,13.234,4.714e-5,0,0.591,1.05,0.46,0.669,870.014,0.001,335.386,0.081,6.4,32.17
20.589,17.4,2643.123,456.9,0.262,0.003,57.751,43.168,0,0.534,0.395,0.018,0.121,0.694,6.024,13.047,3.864e-4,0,0.584,1.05,0.467,0.679,870.021,0.001,335.386,0.081,6.4,32.17
20.591,17.188,2643.123,456.9,0.262,0.003,57.789,43.168,0,0.534,0.395,0.018,0.121,0.694,5.931,12.86,-3.963e-4,0,0.577,1.051,0.474,0.69,870.028,0.001,335.386,0.081,6.4,32.17
20.594,16.974,2643.123,456.9,0.262,0.003,57.827,43.168,0,0.534,0.395,0.018,0.121,0.694,5.838,12.671,-2.106e-4,0,0.57,1.051,0.481,0.7,870.035,0.001,335.387,0.081,6.4,32.17
20.596,16.759,2643.123,456.9,0.262,0.003,57.866,43.168,0,0.534,0.395,0.018,0.121,0.694,5.744,12.482,-4.233e-4,0,0.563,1.051,0.488,0.71,870.042,0.001,335.387,0.081,6.4,32.17
20.599,16.543,2643.123,456.9,0.262,0.003,57.905,43.168,0,0.534,0.395,0.018,0.121,0.694,5.651,12.293,1.97e-4,0,0.556,1.051,0.494,0.72,870.049,0.001,335.387,0.081,6.4,32.17
20.601,16.331,2643.123,456.9,0.262,0.003,57.944,43.168,0,0.534,0.395,0.018,0.121,0.693,5.56,12.106,1.48e-4,0,0.549,1.051,0.501,0.731,870.056,0.001,335.388,0.081,6.4,32.17
20.604,16.122,2643.123,456.9,0.262,0.003,57.982,43.168,0,0.534,0.395,0.018,0.121,0.693,5.471,11.925,3.246e-4,0,0.543,1.051,0.508,0.741,870.063,0.001,335.388,0.081,6.4,32.17
20.606,15.913,2643.123,456.9,0.262,0.003,58.021,43.168,0,0.534,0.395,0.018,0.121,0.692,5.382,11.741,-2.905e-4,0,0.536,1.051,0.514,0.751,870.07,0.001,335.388,0.081,6.4,32.17
20.609,15.702,2643.123,456.9,0.262,0.003,58.061,43.168,0,0.534,0.395,0.018,0.121,0.691,5.293,11.557,-2.932e-5,0,0.53,1.051,0.521,0.761,870.077,0.001,335.388,0.081,6.4,32.17
20.611,15.491,2643.123,456.9,0.262,0.003,58.101,43.168,0,0.534,0.395,0.018,0.121,0.69,5.204,11.373,-4.36e-4,0,0.523,1.051,0.527,0.771,870.085,0.001,335.389,0.081,6.4,32.17
20.614,15.278,2643.123,456.9,0.262,0.003,58.142,43.168,0,0.534,0.395,0.018,0.121,0.689,5.115,11.187,1.884e-4,0,0.517,1.051,0.533,0.781,870.092,0.001,335.389,0.082,6.4,32.17
20.616,15.064,2643.123,456.9,0.262,0.003,58.184,43.168,0,0.534,0.395,0.018,0.121,0.688,5.026,11.002,-3.084e-4,0,0.511,1.051,0.54,0.791,870.099,0.001,335.389,0.082,6.4,32.17
20.619,14.848,2643.123,456.9,0.262,0.003,58.226,43.168,0,0.534,0.395,0.018,0.121,0.687,4.937,10.815,-2.27e-4,0,0.505,1.051,0.546,0.8,870.106,0.001,335.389,0.082,6.4,32.17
20.621,14.632,2643.123,456.9,0.262,0.003,58.269,43.168,0,0.534,0.395,0.018,0.121,0.685,4.847,10.628,8.327e-5,0,0.499,1.051,0.552,0.81,870.113,0.001,335.39,0.082,6.4,32.17
20.624,14.415,2643.123,456.9,0.262,0.003,58.313,43.168,0,0.534,0.395,0.018,0.121,0.684,4.758,10.44,-4.341e-4,0,0.493,1.051,0.558,0.82,870.12,0.001,335.39,0.082,6.4,32.17
20.626,14.196,2643.123,456.9,0.262,0.003,58.357,43.168,0,0.534,0.395,0.018,0.121,0.682,4.669,10.252,1.406e-4,0,0.487,1.051,0.564,0.829,870.127,0.001,335.39,0.082,6.4,32.17
20.629,13.977,2643.123,456.9,0.262,0.003,58.401,43.168,0,0.534,0.395,0.018,0.121,0.681,4.58,10.064,7.478e-5,0,0.481,1.051,0.569,0.838,870.134,0.001,335.39,0.082,6.4,32.17
20.631,13.756,2643.123,456.9,0.262,0.003,58.447,43.168,0,0.534,0.395,0.018,0.121,0.679,4.491,9.875,-3.585e-4,0,0.475,1.051,0.575,0.847,870.141,0.001,335.391,0.082,6.4,32.17
20.634,13.535,2643.123,456.9,0.262,0.003,58.493,43.168,0,0.534,0.395,0.018,0.121,0.677,4.402,9.685,-8.914e-5,0,0.47,1.051,0.581,0.856,870.149,0.001,335.391,0.082,6.4,32.17
20.636,13.312,2643.123,456.9,0.262,0.003,58.54,43.168,0,0.534,0.395,0.018,0.121,0.675,4.314,9.496,-2.267e-4,0,0.464,1.051,0.586,0.865,870.156,0.001,335.391,0.082,6.4,32.17
20.639,13.089,2643.123,456.9,0.262,0.003,58.587,43.168,0,0.534,0.395,0.018,0.121,0.672,4.225,9.306,-4.583e-4,0,0.459,1.051,0.592,0.874,870.163,0.001,335.391,0.082,6.4,32.17
20.641,12.864,2643.123,456.9,0.262,0.003,58.635,43.168,0,0.534,0.395,0.018,0.121,0.67,4.137,9.115,-2.69e-4,0,0.453,1.051,0.597,0.882,870.17,0.001,335.392,0.082,6.4,32.17
20.644,12.639,2643.123,456.9,0.262,0.003,58.684,43.168,0,0.534,0.395,0.018,0.121,0.668,4.048,8.924,-1.389e-4,0,0.448,1.051,0.603,0.891,870.177,0.001,335.392,0.082,6.4,32.17
20.646,12.413,2643.123,456.9,0.262,0.003,58.734,43.168,0,0.534,0.395,0.018,0.121,0.665,3.96,8.733,3.831e-4,0,0.443,1.051,0.608,0.899,870.184,0.001,335.392,0.082,6.4,32.17
20.649,12.186,2643.123,456.9,0.262,0.003,58.784,43.168,0,0.534,0.395,0.018,0.121,0.663,3.872,8.542,7.476e-5,0,0.437,1.051,0.613,0.907,870.192,0.001,335.393,0.082,6.4,32.17
20.651,11.959,2643.123,456.9,0.262,0.003,58.835,43.168,0,0.534,0.395,0.018,0.121,0.66,3.785,8.351,-4.968e-4,0,0.432,1.051,0.618,0.915,870.199,0.001,335.393,0.083,6.4,32.17
20.654,11.732,2643.123,456.9,0.262,0.003,58.886,43.168,0,0.534,0.395,0.018,0.121,0.657,3.698,8.161,4.031e-4,0,0.427,1.051,0.624,0.922,870.206,0.001,335.393,0.083,6.4,32.17
20.656,11.505,2643.123,456.9,0.262,0.003,58.938,43.168,0,0.534,0.395,0.018,0.121,0.655,3.612,7.971,6.778e-5,0,0.422,1.051,0.629,0.93,870.213,0.001,335.393,0.083,6.4,32.17
20.659,11.276,2643.123,456.9,0.262,0.003,58.991,43.168,0,0.534,0.395,0.018,0.121,0.652,3.526,7.78,9.993e-5,0,0.417,1.051,0.634,0.937,870.22,0.001,335.394,0.083,6.4,32.17
20.661,11.047,2643.123,456.9,0.262,0.003,59.044,43.168,0,0.534,0.395,0.018,0.121,0.649,3.44,7.589,1.213e-4,0,0.412,1.051,0.638,0.944,870.228,0.001,335.394,0.083,6.4,32.17
20.664,10.816,2643.123,456.9,0.262,0.003,59.099,43.168,0,0.534,0.395,0.018,0.121,0.646,3.354,7.398,2.875e-4,0,0.407,1.051,0.643,0.951,870.235,0.001,335.394,0.083,6.4,32.17
20.666,10.582,2643.123,456.9,0.262,0.003,59.154,43.168,0,0.534,0.395,0.018,0.121,0.643,3.267,7.204,-2.933e-4,0,0.402,1.051,0.648,0.958,870.242,0.001,335.394,0.083,6.4,32.17
20.669,10.345,2643.123,456.9,0.262,0.003,59.211,43.168,0,0.534,0.395,0.018,0.121,0.64,3.18,7.008,1.085e-4,0,0.398,1.051,0.653,0.964,870.25,0.001,335.395,0.083,6.4,32.17
20.672,10.105,2643.123,456.9,0.262,0.003,59.27,43.168,0,0.534,0.395,0.018,0.121,0.636,3.093,6.811,3.628e-4,0,0.393,1.051,0.658,0.971,870.257,0.001,335.395,0.083,6.4,32.17
20.674,9.861,2643.123,456.9,0.262,0.003,59.33,43.168,0,0.534,0.395,0.018,0.121,0.633,3.005,6.611,-3.063e-4,0,0.388,1.051,0.663,0.977,870.265,0.001,335.395,0.083,6.4,32.17
20.677,9.615,2643.123,456.9,0.262,0.003,59.391,43.168,0,0.534,0.395,0.018,0.121,0.63,2.916,6.409,-3.116e-4,0,0.383,1.051,0.667,0.982,870.272,0.001,335.396,0.083,6.4,32.17
20.679,9.365,2643.123,456.9,0.262,0.003,59.454,43.168,0,0.534,0.395,0.018,0.121,0.626,2.827,6.205,4.469e-4,0,0.378,1.051,0.672,0.988,870.28,0.001,335.396,0.083,6.4,32.17
20.682,9.112,2643.123,456.9,0.262,0.003,59.519,43.168,0,0.534,0.395,0.018,0.121,0.623,2.737,6,4.72e-4,0,0.374,1.051,0.677,0.993,870.288,0.001,335.396,0.083,6.4,32.17
20.685,8.855,2643.123,456.9,0.262,0.003,59.585,43.168,0,0.534,0.395,0.018,0.121,0.619,2.647,5.792,1.453e-4,0,0.369,1.051,0.682,0.998,870.296,0.001,335.396,0.083,6.4,32.17
20.688,8.596,2643.123,456.9,0.262,0.003,59.653,43.168,0,0.534,0.395,0.018,0.121,0.615,2.557,5.583,-1.115e-4,0,0.364,1.051,0.686,1.002,870.304,0.001,335.397,0.083,6.4,32.17
20.69,8.332,2643.123,456.9,0.262,0.003,59.722,43.168,0,0.534,0.395,0.018,0.121,0.612,2.466,5.372,3.569e-4,0,0.359,1.051,0.691,1.006,870.312,0.001,335.397,0.084,6.4,32.17
20.693,8.066,2643.123,456.9,0.262,0.003,59.794,43.168,0,0.534,0.395,0.018,0.121,0.608,2.375,5.159,2.624e-4,0,0.355,1.051,0.696,1.01,870.32,0.001,335.397,0.084,6.4,32.17
20.696,7.796,2643.123,456.9,0.262,0.003,59.867,43.168,0,0.534,0.395,0.018,0.121,0.604,2.283,4.944,-3.254e-4,0,0.35,1.051,0.7,1.013,870.329,0.001,335.398,0.084,6.4,32.17
20.699,7.523,2643.123,456.9,0.262,0.003,59.942,43.168,0,0.534,0.395,0.018,0.121,0.6,2.191,4.728,-1.032e-4,0,0.345,1.051,0.705,1.016,870.337,0.001,335.398,0.084,6.4,32.17
20.702,7.251,2643.123,456.9,0.262,0.003,60.018,43.168,0,0.534,0.395,0.018,0.121,0.596,2.101,4.513,2.655e-4,0,0.341,1.051,0.71,1.018,870.346,0.001,335.398,0.084,6.4,32.17
20.705,6.976,2643.123,456.9,0.262,0.003,60.095,43.168,0,0.534,0.395,0.018,0.121,0.593,2.01,4.297,4.696e-4,0,0.336,1.051,0.714,1.019,870.354,0.001,335.399,0.084,6.4,32.17
20.708,6.698,2643.123,456.9,0.262,0.003,60.174,43.168,0,0.534,0.395,0.018,0.121,0.589,1.919,4.081,2.383e-4,0,0.332,1.051,0.719,1.02,870.363,0.001,335.399,0.084,6.4,32.17
20.711,6.417,2643.123,456.9,0.262,0.003,60.255,43.168,0,0.534,0.395,0.018,0.121,0.585,1.828,3.862,4.951e-4,0,0.327,1.051,0.724,1.02,870.372,0.001,335.399,0.084,6.4,32.17
20.714,6.133,2643.123,456.9,0.262,0.003,60.339,43.168,0,0.534,0.395,0.018,0.121,0.581,1.737,3.643,3.252e-4,0,0.322,1.051,0.728,1.018,870.381,0.001,335.4,0.084,6.4,32.17
20.717,5.846,2643.123,456.9,0.262,0.003,60.424,43.168,0,0.534,0.395,0.018,0.121,0.578,1.646,3.423,3.534e-4,0,0.318,1.051,0.733,1.016,870.39,0.001,335.4,0.084,6.4,32.17
20.72,5.556,2643.123,456.9,0.262,0.003,60.511,43.168,0,0.534,0.395,0.018,0.121,0.574,1.555,3.202,3.821e-4,0,0.313,1.051,0.737,1.012,870.399,0.001,335.4,0.084,6.4,32.17
20.723,5.263,2643.123,456.9,0.262,0.003,60.601,43.168,0,0.534,0.395,0.018,0.121,0.57,1.464,2.982,3.846e-4,0,0.309,1.051,0.742,1.006,870.409,0.001,335.401,0.084,6.4,32.17
20.727,4.967,2643.123,456.9,0.262,0.003,60.692,43.168,0,0.534,0.395,0.018,0.121,0.567,1.373,2.762,2.036e-4,0,0.304,1.051,0.746,0.999,870.418,0.001,335.401,0.085,6.4,32.17
20.73,4.67,2643.123,456.9,0.262,0.003,60.786,43.168,0,0.534,0.395,0.018,0.121,0.564,1.283,2.543,-4.493e-4,0,0.3,1.051,0.751,0.988,870.428,0.001,335.401,0.085,6.4,32.17
20.733,4.37,2643.123,456.9,0.262,0.003,60.882,43.168,0,0.534,0.395,0.018,0.121,0.56,1.193,2.327,1.558e-4,0,0.296,1.051,0.755,0.975,870.437,0.001,335.402,0.085,6.4,32.17
20.737,4.069,2643.123,456.9,0.262,0.003,60.979,43.168,0,0.534,0.395,0.018,0.121,0.557,1.104,2.115,1.634e-4,0,0.291,1.051,0.76,0.957,870.447,0.001,335.402,0.085,6.4,32.17
20.74,3.768,2643.123,456.9,0.262,0.003,61.078,43.168,0,0.534,0.395,0.018,0.121,0.554,1.015,1.908,1.241e-4,0,0.287,1.051,0.764,0.934,870.457,0.001,335.402,0.085,6.4,32.17
20.743,3.467,2643.123,456.9,0.262,0.003,61.178,43.168,0,0.534,0.395,0.018,0.121,0.551,0.928,1.709,1.779e-4,0,0.282,1.051,0.768,0.903,870.467,0.001,335.403,0.085,6.4,32.17
20.747,3.168,2643.123,456.9,0.262,0.003,61.279,43.168,0,0.534,0.395,0.018,0.121,0.549,0.843,1.521,2.785e-4,0,0.278,1.051,0.773,0.864,870.478,0.001,335.403,0.085,6.4,32.17
20.75,2.874,2643.123,456.9,0.262,0.003,61.381,43.168,0,0.534,0.395,0.018,0.121,0.546,0.759,1.35,-4.458e-4,0,0.274,1.051,0.777,0.811,870.488,0.001,335.404,0.085,6.4,32.17
20.754,2.584,2643.123,456.9,0.262,0.003,61.482,43.168,0,0.534,0.395,0.018,0.121,0.544,0.678,1.203,1.551e-4,0,0.269,1.051,0.781,0.738,870.499,0.001,335.404,0.085,6.4,32.17
20.758,2.308,2643.123,456.9,0.262,0.003,61.579,43.168,0,0.534,0.395,0.018,0.121,0.542,0.602,1.092,1.834e-4,0,0.265,1.051,0.786,0.64,870.51,0.001,335.404,0.085,6.4,32.17
20.761,2.054,2643.123,456.9,0.262,0.003,61.67,43.168,0,0.534,0.395,0.018,0.121,0.54,0.533,1.028,-4.465e-4,0,0.261,1.051,0.79,0.512,870.521,0.001,335.405,0.086,6.4,32.17
20.765,1.832,2643.123,456.9,0.262,0.003,61.749,43.168,0,0.534,0.395,0.018,0.121,0.539,0.473,1.021,-1.183e-4,0,0.257,1.051,0.794,0.352,870.532,0.001,335.405,0.086,6.4,32.17
20.769,1.66,2643.123,456.9,0.262,0.003,61.81,43.168,0,0.534,0.395,0.018,0.121,0.538,0.427,1.065,-2.49e-4,0,0.252,1.051,0.798,0.178,870.543,0.001,335.406,0.086,6.4,32.17
20.773,1.557,2643.123,456.9,0.262,0.003,61.844,43.168,0,0.534,0.395,0.018,0.121,0.538,0.399,1.126,-4.994e-5,0,0.248,1.051,0.803,0.04,870.554,0.001,335.406,0.086,6.4,32.17
20.776,1.541,2643.123,456.9,0.262,0.003,61.846,43.168,0,0.534,0.395,0.018,0.121,0.538,0.395,1.156,-4.667e-4,0,0.244,1.051,0.807,-0.003,870.566,0.001,335.406,0.086,6.4,32.17
20.78,1.617,2643.123,456.9,0.262,0.003,61.814,43.168,0,0.534,0.395,0.018,0.121,0.538,0.415,1.299,-1.997e-4,0,0.24,1.051,0.811,-0.089,870.578,0.001,335.407,0.086,6.4,32.17
20.784,1.778,2643.123,456.9,0.262,0.003,61.753,43.168,0,0.534,0.395,0.018,0.121,0.539,0.458,1.577,-4.586e-4,0,0.236,1.051,0.815,-0.246,870.59,0.001,335.407,0.086,6.4,32.17
20.788,2.004,2643.123,456.9,0.262,0.003,61.669,43.168,0,0.534,0.395,0.018,0.121,0.54,0.519,1.912,1.48e-4,0,0.232,1.051,0.819,-0.411,870.602,0.001,335.408,0.086,6.4,32.17
20.792,2.279,2643.123,456.9,0.262,0.003,61.571,43.168,0,0.534,0.395,0.018,0.121,0.542,0.594,2.257,4.348e-4,0,0.228,1.051,0.823,-0.548,870.614,0.001,335.408,0.086,6.4,32.17
20.797,2.59,2643.123,456.9,0.262,0.003,61.461,43.168,0,0.534,0.395,0.018,0.121,0.544,0.68,2.596,2.714e-4,0,0.223,1.051,0.827,-0.652,870.627,0.001,335.409,0.087,6.4,32.17
20.801,2.929,2643.123,456.9,0.262,0.003,61.344,43.168,0,0.534,0.395,0.018,0.121,0.547,0.775,2.927,3.716e-4,0,0.219,1.051,0.831,-0.727,870.64,0.001,335.409,0.087,6.4,32.17
20.805,3.296,2643.123,456.9,0.262,0.003,61.22,43.168,0,0.534,0.395,0.018,0.121,0.55,0.879,3.257,-1.63e-4,0,0.215,1.051,0.835,-0.778,870.653,0.001,335.41,0.087,6.4,32.17
20.81,3.678,2643.123,456.9,0.262,0.003,61.093,43.168,0,0.534,0.395,0.019,0.121,0.553,0.989,3.583,3.042e-4,0,0.211,1.051,0.839,-0.813,870.666,0.001,335.41,0.087,6.4,32.17
20.814,4.072,2643.123,456.9,0.262,0.003,60.964,43.168,0,0.534,0.395,0.019,0.121,0.557,1.104,3.905,-2.088e-4,0,0.208,1.051,0.843,-0.835,870.68,0.001,335.411,0.087,6.4,32.17
20.819,4.475,2643.123,456.9,0.262,0.003,60.834,43.168,0,0.534,0.395,0.019,0.121,0.561,1.224,4.226,-4.075e-4,0,0.204,1.051,0.847,-0.847,870.693,0.001,335.411,0.087,6.4,32.17
20.823,4.885,2643.123,456.9,0.262,0.003,60.705,43.168,0,0.534,0.395,0.019,0.121,0.566,1.348,4.547,-1.81e-4,0,0.2,1.051,0.851,-0.853,870.707,0.001,335.412,0.087,6.4,32.17
20.828,5.303,2643.123,456.9,0.262,0.003,60.576,43.168,0,0.534,0.395,0.019,0.121,0.571,1.476,4.869,4.321e-4,0,0.196,1.051,0.855,-0.853,870.721,0.001,335.412,0.087,6.4,32.17
20.833,5.726,2643.123,456.9,0.262,0.003,60.448,43.168,0,0.534,0.395,0.019,0.121,0.576,1.608,5.191,-1.32e-4,0,0.192,1.051,0.859,-0.849,870.736,0.001,335.413,0.088,6.4,32.17
20.837,6.154,2643.123,456.9,0.262,0.003,60.321,43.168,0,0.534,0.395,0.019,0.121,0.582,1.744,5.514,-3.994e-4,0,0.188,1.051,0.862,-0.841,870.751,0.001,335.413,0.088,6.4,32.17
20.842,6.585,2643.123,456.9,0.262,0.003,60.195,43.168,0,0.534,0.395,0.019,0.121,0.588,1.882,5.838,2.405e-4,0,0.184,1.051,0.866,-0.83,870.766,0.001,335.414,0.088,6.4,32.17
20.847,7.021,2643.123,456.9,0.262,0.003,60.071,43.168,0,0.534,0.395,0.019,0.121,0.593,2.024,6.163,1.854e-5,0,0.181,1.051,0.87,-0.816,870.781,0.001,335.414,0.088,6.4,32.17
20.852,7.462,2643.123,456.9,0.262,0.003,59.947,43.168,0,0.534,0.395,0.019,0.121,0.6,2.171,6.491,-2.5e-4,0,0.177,1.051,0.874,-0.799,870.797,0.001,335.415,0.088,6.4,32.17
20.857,7.911,2643.123,456.9,0.262,0.003,59.824,43.168,0,0.534,0.395,0.019,0.121,0.606,2.322,6.823,-3.718e-4,0,0.173,1.051,0.877,-0.78,870.812,0.001,335.416,0.088,6.4,32.17
20.863,8.36,2643.123,456.9,0.262,0.003,59.704,43.168,0,0.534,0.395,0.019,0.121,0.612,2.475,7.154,4.456e-4,0,0.17,1.051,0.881,-0.759,870.829,0.001,335.416,0.088,6.4,32.17
20.868,8.81,2643.123,456.9,0.262,0.003,59.586,43.168,0,0.534,0.395,0.019,0.121,0.619,2.631,7.485,8.798e-5,0,0.166,1.051,0.885,-0.736,870.845,0.001,335.417,0.088,6.4,32.17
20.874,9.26,2643.123,456.9,0.262,0.003,59.47,43.168,0,0.534,0.395,0.019,0.121,0.625,2.789,7.817,4.023e-4,0,0.162,1.051,0.888,-0.711,870.862,0.001,335.417,0.089,6.4,32.17
20.879,9.709,2643.123,456.9,0.262,0.003,59.357,43.168,0,0.534,0.395,0.019,0.121,0.631,2.95,8.146,-2.166e-4,0,0.159,1.051,0.892,-0.685,870.879,0.001,335.418,0.089,6.4,32.17
20.885,10.157,2643.123,456.9,0.262,0.003,59.246,43.168,0,0.534,0.395,0.019,0.121,0.637,3.111,8.474,7.788e-5,0,0.155,1.051,0.895,-0.657,870.897,0.001,335.419,0.089,6.4,32.17
20.891,10.602,2643.123,456.9,0.262,0.003,59.139,43.168,0,0.534,0.395,0.019,0.121,0.643,3.274,8.799,-3.456e-4,0,0.152,1.051,0.899,-0.628,870.915,0.001,335.419,0.089,6.4,32.17
20.896,11.044,2643.123,456.9,0.262,0.003,59.034,43.168,0,0.534,0.395,0.019,0.121,0.649,3.438,9.123,-2.646e-4,0,0.148,1.051,0.902,-0.598,870.933,0.001,335.42,0.089,6.4,32.17
20.902,11.48,2643.123,456.9,0.262,0.003,58.933,43.168,0,0.534,0.395,0.019,0.121,0.655,3.603,9.441,3.398e-4,0,0.145,1.051,0.906,-0.566,870.952,0.001,335.421,0.089,6.4,32.17
20.909,11.91,2643.123,456.9,0.262,0.003,58.835,43.168,0,0.534,0.395,0.019,0.121,0.66,3.766,9.753,4.335e-4,0,0.142,1.051,0.909,-0.534,870.971,0.001,335.421,0.09,6.4,32.17
20.915,12.333,2643.123,456.9,0.262,0.003,58.741,43.168,0,0.534,0.395,0.019,0.121,0.665,3.929,10.061,1.365e-4,0,0.138,1.051,0.912,-0.501,870.991,0.001,335.422,0.09,6.4,32.17
20.921,12.749,2643.123,456.9,0.262,0.003,58.65,43.168,0,0.534,0.395,0.019,0.121,0.669,4.091,10.363,8.179e-5,0,0.135,1.051,0.916,-0.467,871.011,0.001,335.423,0.09,6.4,32.17
20.928,13.156,2643.123,456.9,0.262,0.003,58.562,43.168,0,0.534,0.395,0.019,0.121,0.674,4.251,10.658,2.77e-4,0,0.132,1.051,0.919,-0.432,871.031,0.001,335.424,0.09,6.4,32.17
20.934,13.552,2643.123,456.9,0.262,0.003,58.479,43.168,0,0.534,0.395,0.019,0.121,0.677,4.409,10.945,6.344e-5,0,0.129,1.051,0.922,-0.397,871.052,0.001,335.424,0.09,6.4,32.17
20.941,13.937,2643.123,456.9,0.262,0.003,58.399,43.168,0,0.534,0.395,0.019,0.121,0.681,4.564,11.224,2.217e-5,0,0.125,1.051,0.925,-0.362,871.073,0.001,335.425,0.09,6.4,32.17
20.948,14.309,2643.123,456.9,0.262,0.003,58.323,43.168,0,0.534,0.395,0.019,0.121,0.684,4.715,11.491,-7.609e-5,0,0.122,1.051,0.928,-0.327,871.095,0.001,335.426,0.091,6.4,32.17
20.955,14.654,2643.123,456.9,0.262,0.003,58.254,43.168,0,0.534,0.395,0.019,0.121,0.686,4.856,11.74,7.054e-5,0,0.119,1.051,0.932,-0.293,871.118,0.001,335.427,0.091,6.4,32.17
20.962,14.98,2643.123,456.9,0.262,0.003,58.19,43.168,0,0.534,0.395,0.019,0.121,0.688,4.991,11.974,-3.739e-4,0,0.116,1.051,0.935,-0.26,871.141,0.001,335.428,0.091,6.4,32.17
20.97,15.288,2643.123,456.9,0.262,0.003,58.13,43.168,0,0.534,0.395,0.019,0.121,0.69,5.119,12.194,-2.157e-4,0,0.113,1.051,0.938,-0.227,871.164,0.001,335.429,0.091,6.4,32.17
20.977,15.576,2643.123,456.9,0.262,0.003,58.075,43.168,0,0.534,0.395,0.019,0.121,0.691,5.24,12.4,-1.283e-4,0,0.11,1.051,0.94,-0.195,871.188,0.001,335.429,0.091,6.4,32.17
20.985,15.843,2643.123,456.9,0.262,0.003,58.024,43.168,0,0.534,0.395,0.019,0.121,0.692,5.352,12.59,-2.683e-4,0,0.107,1.051,0.943,-0.164,871.213,0.001,335.43,0.091,6.4,32.17
20.993,16.086,2643.123,456.9,0.262,0.003,57.979,43.168,0,0.534,0.395,0.019,0.121,0.693,5.456,12.76,-1.031e-5,0,0.105,1.051,0.946,-0.135,871.238,0.001,335.431,0.092,6.4,32.17
21.001,16.306,2643.123,456.9,0.262,0.003,57.938,43.168,0,0.534,0.395,0.019,0.121,0.694,5.549,12.915,4.535e-5,0,0.102,1.051,0.949,-0.108,871.264,0.001,335.432,0.092,6.4,32.17
21.009,16.521,2643.123,456.9,0.262,0.003,57.899,43.168,0,0.534,0.395,0.019,0.121,0.694,5.642,13.066,-1.099e-4,0,0.099,1.051,0.952,-0.081,871.291,0.001,335.433,0.092,6.4,32.17
21.018,16.7,2643.123,456.9,0.262,0.003,57.866,43.168,0,0.534,0.395,0.019,0.121,0.694,5.719,13.191,9.772e-5,0,0.096,1.051,0.955,-0.057,871.318,0.001,335.434,0.092,6.4,32.17
21.026,16.838,2643.123,456.9,0.262,0.003,57.841,43.168,0,0.534,0.395,0.019,0.121,0.695,5.779,13.285,-4.148e-4,0,0.093,1.051,0.957,-0.036,871.346,0.001,335.435,0.092,6.4,32.17
21.035,16.933,2643.123,456.9,0.262,0.003,57.825,43.168,0,0.534,0.395,0.019,0.121,0.695,5.82,13.349,-7.651e-6,0,0.091,1.051,0.96,-0.02,871.375,0.001,335.436,0.093,6.4,32.17
21.044,16.98,2643.123,456.9,0.262,0.003,57.816,43.168,0,0.534,0.395,0.019,0.121,0.695,5.84,13.376,-2.234e-4,0,0.088,1.051,0.963,-0.008,871.405,0.001,335.437,0.093,6.4,32.17
21.054,16.971,2643.123,456.9,0.262,0.003,57.818,43.168,0,0.534,0.395,0.019,0.121,0.695,5.836,13.362,3.718e-4,0,0.086,1.051,0.965,-0.002,871.435,0.001,335.439,0.093,6.4,32.17
21.063,16.902,2643.123,456.9,0.262,0.003,57.831,43.168,0,0.534,0.395,0.019,0.121,0.695,5.806,13.303,8.56e-6,0,0.083,1.051,0.968,7.759e-5,871.466,0.001,335.44,0.093,6.4,32.17
21.073,16.781,2643.123,456.9,0.262,0.003,57.853,43.168,0,0.534,0.394,0.019,0.121,0.695,5.754,13.199,4.217e-5,0,0.081,1.051,0.97,0.004,871.499,0.001,335.441,0.094,6.4,32.17
21.083,16.604,2643.123,456.9,0.262,0.003,57.885,43.168,0,0.534,0.394,0.019,0.121,0.694,5.677,13.044,-1.115e-4,0,0.079,1.051,0.972,0.012,871.532,0.001,335.442,0.094,6.4,32.17
21.093,16.367,2643.123,456.9,0.262,0.003,57.929,43.168,0,0.534,0.394,0.019,0.121,0.694,5.576,12.835,-8.668e-5,0,0.076,1.051,0.974,0.026,871.565,0.001,335.443,0.094,6.4,32.17
21.104,16.07,2643.123,456.9,0.262,0.003,57.984,43.168,0,0.534,0.394,0.019,0.121,0.693,5.449,12.57,-1.268e-4,0,0.074,1.051,0.976,0.045,871.6,0.001,335.445,0.094,6.4,32.17
21.114,15.712,2643.123,456.9,0.262,0.003,58.052,43.168,0,0.534,0.394,0.019,0.121,0.692,5.297,12.25,-2.435e-4,0,0.072,1.051,0.978,0.07,871.636,0.001,335.446,0.095,6.4,32.17
21.125,15.29,2643.123,456.9,0.262,0.003,58.133,43.168,0,0.534,0.394,0.019,0.121,0.69,5.12,11.874,1.212e-4,0,0.071,1.051,0.98,0.098,871.672,0.001,335.447,0.095,6.4,32.17
21.137,14.803,2643.123,456.9,0.262,0.003,58.228,43.168,0,0.534,0.394,0.019,0.121,0.687,4.918,11.442,2.774e-4,0,0.069,1.051,0.982,0.132,871.709,0.001,335.449,0.095,6.4,32.17
21.148,14.251,2643.123,456.9,0.262,0.003,58.339,43.168,0,0.534,0.394,0.019,0.121,0.684,4.692,10.952,-8.735e-5,0,0.067,1.051,0.984,0.169,871.747,0.001,335.45,0.095,6.4,32.17
21.16,13.609,2643.123,456.9,0.262,0.003,58.472,43.168,0,0.535,0.394,0.019,0.121,0.678,4.432,10.387,6.668e-6,0,0.065,1.051,0.985,0.212,871.786,0.001,335.452,0.096,6.4,32.17
21.171,12.886,2643.123,456.9,0.262,0.003,58.625,43.168,0,0.535,0.394,0.019,0.121,0.671,4.145,9.753,1.347e-4,0,0.064,1.051,0.987,0.259,871.826,0.001,335.453,0.096,6.4,32.17
21.183,12.087,2643.123,456.9,0.262,0.003,58.801,43.168,0,0.535,0.394,0.019,0.121,0.662,3.835,9.059,-4.945e-4,0,0.062,1.051,0.989,0.308,871.867,0.001,335.455,0.096,6.4,32.17
21.196,11.214,2643.123,456.9,0.262,0.003,59.001,43.168,0,0.535,0.394,0.019,0.121,0.652,3.503,8.308,3.333e-4,0,0.061,1.051,0.99,0.358,871.909,0.001,335.456,0.097,6.4,32.17
21.208,10.295,2643.123,456.9,0.262,0.003,59.22,43.168,0,0.535,0.394,0.019,0.121,0.64,3.162,7.527,3.891e-4,0,0.059,1.051,0.991,0.404,871.952,0.001,335.458,0.097,6.4,32.17
21.221,9.331,2643.123,456.9,0.262,0.003,59.46,43.168,0,0.535,0.394,0.019,0.121,0.627,2.815,6.721,-1.68e-4,0,0.058,1.051,0.993,0.445,871.995,0.001,335.459,0.097,6.4,32.17
21.234,8.317,2643.123,456.9,0.262,0.003,59.723,43.168,0,0.535,0.394,0.019,0.121,0.612,2.461,5.884,-3.348e-4,0,0.057,1.051,0.994,0.482,872.039,0.001,335.461,0.098,6.4,32.17
21.247,7.261,2643.123,456.9,0.262,0.003,60.012,43.168,0,0.535,0.394,0.019,0.121,0.597,2.104,5.029,4.165e-4,0,0.056,1.051,0.995,0.51,872.084,0.001,335.463,0.098,6.4,32.17
21.26,6.163,2643.123,456.9,0.262,0.003,60.327,43.168,0,0.535,0.394,0.019,0.121,0.583,1.747,4.157,-1.1e-4,0,0.055,1.051,0.996,0.527,872.129,0.001,335.464,0.098,6.4,32.17
21.273,5.044,2643.123,456.9,0.262,0.003,60.664,43.168,0,0.535,0.394,0.019,0.121,0.569,1.397,3.295,8.622e-5,0,0.054,1.051,0.997,0.525,872.175,0.001,335.466,0.099,6.4,32.17
21.287,3.937,2643.123,456.9,0.262,0.003,61.016,43.168,0,0.535,0.394,0.019,0.121,0.557,1.065,2.481,-3.6e-4,0,0.053,1.051,0.998,0.488,872.222,0.001,335.468,0.099,6.4,32.17
21.3,2.899,2643.123,456.9,0.262,0.003,61.362,43.168,0,0.535,0.394,0.019,0.121,0.547,0.767,1.801,3.716e-4,0,0.053,1.051,0.998,0.379,872.269,0.001,335.469,0.099,6.4,32.17
21.314,2.126,2643.123,456.9,0.262,0.003,61.629,43.168,0,0.535,0.394,0.019,0.121,0.542,0.552,1.451,-1.996e-4,0,0.052,1.051,0.999,0.142,872.317,0.001,335.471,0.1,6.4,32.17
21.327,1.912,2643.123,456.9,0.262,0.003,61.708,43.168,0,0.535,0.394,0.019,0.121,0.54,0.494,1.442,-2.817e-4,0,0.051,1.051,1,-0.01,872.365,0.001,335.473,0.1,6.4,32.17
21.341,2.413,2643.123,456.9,0.262,0.003,61.538,43.168,0,0.535,0.394,0.019,0.121,0.544,0.631,2.042,1.698e-4,0,0.051,1.051,1,-0.23,872.414,0.001,335.475,0.101,6.4,32.17
21.355,3.31,2643.123,456.9,0.262,0.003,61.233,43.168,0,0.535,0.394,0.019,0.121,0.551,0.883,2.891,4.379e-4,0,0.05,1.051,1.001,-0.398,872.463,0.001,335.477,0.101,6.4,32.17
21.369,4.357,2643.123,456.9,0.262,0.003,60.89,43.168,0,0.535,0.394,0.019,0.121,0.561,1.189,3.754,-1.185e-4,0,0.049,1.051,1.002,-0.46,872.513,0.001,335.478,0.101,6.4,32.17
21.383,5.446,2643.123,456.9,0.262,0.003,60.551,43.168,0,0.535,0.394,0.019,0.121,0.574,1.521,4.598,-2.756e-4,0,0.049,1.051,1.002,-0.467,872.563,0.001,335.48,0.102,6.4,32.17
21.397,6.528,2643.123,456.9,0.262,0.003,60.23,43.168,0,0.535,0.394,0.019,0.121,0.588,1.864,5.417,1.409e-4,0,0.048,1.051,1.003,-0.447,872.614,0.001,335.482,0.102,6.4,32.17
21.411,7.562,2643.123,456.9,0.262,0.003,59.938,43.168,0,0.535,0.394,0.019,0.121,0.602,2.205,6.187,2.378e-4,0,0.047,1.051,1.004,-0.41,872.665,0.001,335.484,0.102,6.4,32.17
21.425,8.539,2643.123,456.9,0.262,0.003,59.674,43.168,0,0.535,0.394,0.019,0.121,0.616,2.538,6.91,-2.205e-4,0,0.047,1.051,1.004,-0.364,872.716,0.001,335.486,0.103,6.4,32.17
21.44,9.452,2643.123,456.9,0.262,0.003,59.439,43.168,0,0.535,0.394,0.019,0.121,0.629,2.858,7.581,-2.464e-4,0,0.046,1.051,1.005,-0.314,872.768,0.001,335.488,0.103,6.4,32.17
21.454,10.287,2643.123,456.9,0.262,0.003,59.232,43.168,0,0.535,0.394,0.019,0.121,0.64,3.16,8.192,1.255e-4,0,0.045,1.051,1.006,-0.261,872.821,0.001,335.49,0.104,6.4,32.17
21.469,11.03,2643.123,456.9,0.262,0.003,59.054,43.168,0,0.535,0.394,0.019,0.121,0.65,3.434,8.733,3.79e-4,0,0.045,1.051,1.006,-0.209,872.874,0.001,335.492,0.104,6.4,32.17
21.483,11.678,2643.123,456.9,0.262,0.003,58.904,43.168,0,0.535,0.394,0.019,0.121,0.658,3.679,9.204,-3.095e-4,0,0.044,1.051,1.007,-0.159,872.928,0.001,335.494,0.104,6.4,32.17
21.498,12.224,2643.123,456.9,0.262,0.003,58.78,43.168,0,0.535,0.394,0.019,0.121,0.665,3.888,9.599,-1.648e-4,0,0.044,1.051,1.008,-0.113,872.982,0.001,335.496,0.105,6.4,32.17
21.513,12.73,2643.123,456.9,0.262,0.003,58.669,43.168,0,0.535,0.394,0.019,0.121,0.67,4.085,9.967,1.724e-4,0,0.043,1.051,1.008,-0.074,873.037,0.001,335.498,0.105,6.4,32.17
21.528,13.13,2643.123,456.9,0.262,0.003,58.582,43.168,0,0.535,0.394,0.019,0.121,0.675,4.242,10.259,3.069e-4,0,0.042,1.051,1.009,-0.041,873.093,0.001,335.5,0.105,6.4,32.17
21.543,13.407,2643.123,456.9,0.262,0.003,58.523,43.168,0,0.535,0.394,0.019,0.121,0.677,4.352,10.46,2.757e-4,0,0.041,1.051,1.01,-0.017,873.149,0.001,335.502,0.106,6.4,32.17
21.558,13.511,2643.123,456.9,0.262,0.003,58.5,43.168,0,0.535,0.394,0.019,0.121,0.678,4.394,10.53,3.567e-4,0,0.041,1.051,1.011,-0.003,873.206,0.001,335.504,0.106,6.4,32.17
21.574,13.443,2643.123,456.9,0.262,0.003,58.514,43.168,0,0.535,0.394,0.019,0.121,0.678,4.366,10.469,-1.533e-4,0,0.04,1.051,1.011,2.199e-4,873.264,0.001,335.506,0.107,6.4,32.17
21.589,13.238,2643.123,456.9,0.262,0.003,58.556,43.168,0,0.535,0.394,0.019,0.121,0.676,4.285,10.295,4.076e-4,0,0.04,1.051,1.012,0.008,873.323,0.001,335.508,0.107,6.4,32.17
21.605,12.91,2643.123,456.9,0.262,0.003,58.626,43.168,0,0.535,0.394,0.019,0.121,0.672,4.155,10.011,-1.734e-4,0,0.039,1.051,1.012,0.026,873.382,0.001,335.511,0.107,6.4,32.17
21.62,12.474,2643.123,456.9,0.262,0.003,58.72,43.168,0,0.535,0.394,0.019,0.122,0.668,3.985,9.63,2.907e-4,0,0.038,1.051,1.013,0.053,873.441,0.001,335.513,0.108,6.4,32.17
21.636,11.903,2643.123,456.9,0.262,0.003,58.846,43.168,0,0.535,0.394,0.019,0.122,0.661,3.764,9.133,-4.801e-4,0,0.038,1.051,1.013,0.089,873.502,0.001,335.515,0.108,6.4,32.17
21.652,11.202,2643.123,456.9,0.262,0.003,59.006,43.168,0,0.535,0.394,0.02,0.122,0.653,3.499,8.527,3.599e-4,0,0.038,1.051,1.014,0.131,873.562,0.001,335.517,0.109,6.4,32.17
21.668,10.374,2643.123,456.9,0.262,0.003,59.202,43.168,0,0.535,0.394,0.02,0.122,0.642,3.191,7.818,-3.202e-4,0,0.037,1.051,1.014,0.177,873.624,0.001,335.52,0.109,6.4,32.17
21.684,9.436,2643.123,456.9,0.262,0.003,59.433,43.168,0,0.535,0.394,0.02,0.122,0.629,2.853,7.027,-3.27e-4,0,0.037,1.051,1.014,0.224,873.685,0.001,335.522,0.109,6.4,32.17
21.7,8.404,2643.123,456.9,0.262,0.003,59.699,43.168,0,0.536,0.394,0.02,0.122,0.614,2.491,6.167,-9.015e-5,0,0.037,1.051,1.015,0.268,873.747,0.001,335.524,0.11,6.4,32.17
21.716,7.295,2643.123,456.9,0.262,0.003,60.001,43.168,0,0.536,0.394,0.02,0.122,0.599,2.116,5.257,-2.615e-4,0,0.036,1.051,1.015,0.307,873.809,0.001,335.526,0.11,6.4,32.17
21.732,6.126,2643.123,456.9,0.262,0.003,60.336,43.168,0,0.536,0.394,0.02,0.122,0.583,1.735,4.319,-1.18e-4,0,0.036,1.051,1.015,0.336,873.872,0.001,335.529,0.111,6.4,32.17
21.748,4.925,2643.123,456.9,0.262,0.003,60.7,43.168,0,0.536,0.394,0.02,0.122,0.568,1.361,3.38,3.299e-4,0,0.036,1.051,1.015,0.347,873.934,0.001,335.531,0.111,6.4,32.17
21.764,3.732,2643.123,456.9,0.262,0.003,61.085,43.168,0,0.536,0.394,0.02,0.122,0.555,1.005,2.494,-1.29e-4,0,0.036,1.051,1.015,0.319,873.996,0.001,335.533,0.111,6.4,32.17
21.78,2.659,2643.123,456.9,0.262,0.003,61.452,43.168,0,0.536,0.394,0.02,0.122,0.546,0.699,1.781,-1.343e-4,0,0.036,1.051,1.016,0.217,874.059,0.001,335.536,0.112,6.4,32.17
21.795,1.966,2643.123,456.9,0.262,0.003,61.705,43.168,0,0.536,0.394,0.02,0.122,0.542,0.509,1.447,1.053e-4,0,0.036,1.051,1.016,0.028,874.121,0.001,335.538,0.112,6.4,32.17
21.811,2.033,2643.123,456.9,0.262,0.003,61.684,43.168,0,0.536,0.394,0.02,0.122,0.542,0.527,1.604,-1.442e-4,0,0.036,1.051,1.016,-0.078,874.183,0.001,335.54,0.113,6.4,32.17
21.827,2.795,2643.123,456.9,0.262,0.003,61.411,43.168,0,0.536,0.394,0.02,0.122,0.547,0.737,2.363,4.343e-4,0,0.035,1.051,1.016,-0.262,874.246,0.001,335.543,0.113,6.4,32.17
21.842,3.843,2643.123,456.9,0.262,0.003,61.054,43.168,0,0.536,0.394,0.02,0.122,0.557,1.038,3.236,-8.527e-5,0,0.035,1.051,1.016,-0.335,874.308,0.001,335.545,0.114,6.4,32.17
21.858,4.976,2643.123,456.9,0.262,0.003,60.691,43.168,0,0.536,0.394,0.02,0.122,0.569,1.377,4.112,-1.88e-4,0,0.035,1.051,1.017,-0.342,874.371,0.001,335.547,0.114,6.4,32.17
21.873,6.103,2643.123,456.9,0.262,0.003,60.349,43.168,0,0.536,0.394,0.02,0.122,0.583,1.728,4.96,-1.593e-4,0,0.035,1.052,1.017,-0.32,874.434,0.001,335.55,0.114,6.4,32.17
21.889,7.176,2643.123,456.9,0.262,0.003,60.041,43.168,0,0.536,0.394,0.02,0.122,0.598,2.077,5.759,9.716e-5,0,0.034,1.052,1.017,-0.284,874.497,0.001,335.552,0.115,6.4,32.17
21.905,8.173,2643.123,456.9,0.262,0.003,59.769,43.168,0,0.536,0.394,0.02,0.122,0.612,2.412,6.496,2.618e-4,0,0.034,1.052,1.018,-0.24,874.56,0.001,335.554,0.115,6.4,32.17
21.92,9.073,2643.123,456.9,0.262,0.003,59.533,43.168,0,0.536,0.394,0.02,0.122,0.624,2.724,7.159,-3.303e-4,0,0.034,1.052,1.018,-0.192,874.624,0.001,335.557,0.116,6.4,32.17
21.936,9.858,2643.123,456.9,0.262,0.003,59.336,43.168,0,0.536,0.394,0.02,0.122,0.636,3.004,7.735,3.477e-4,0,0.033,1.052,1.018,-0.145,874.688,0.001,335.559,0.116,6.4,32.17
21.952,10.52,2643.123,456.9,0.262,0.003,59.176,43.168,0,0.536,0.394,0.02,0.122,0.645,3.246,8.22,3.637e-4,0,0.033,1.052,1.019,-0.101,874.753,0.001,335.561,0.116,6.4,32.17
21.967,11.061,2643.123,456.9,0.262,0.003,59.048,43.168,0,0.536,0.394,0.02,0.122,0.652,3.447,8.617,8.87e-5,0,0.033,1.052,1.019,-0.064,874.818,0.001,335.564,0.117,6.4,32.17
21.982,11.438,2643.123,456.9,0.262,0.003,58.961,43.168,0,0.536,0.394,0.02,0.122,0.657,3.588,8.891,2.165e-4,0,0.032,1.052,1.019,-0.036,874.877,0.001,335.566,0.117,6.4,32.17
21.995,11.681,2643.123,456.9,0.262,0.003,58.906,43.168,0,0.536,0.394,0.02,0.122,0.66,3.681,9.068,-3.595e-4,0,0.032,1.052,1.02,-0.017,874.934,0.001,335.568,0.118,6.4,32.17
22.008,11.804,2643.123,456.9,0.262,0.003,58.879,43.168,0,0.536,0.394,0.02,0.122,0.661,3.727,9.156,-4.654e-4,0,0.032,1.052,1.02,-0.005,874.987,0.001,335.57,0.118,6.4,32.17
22.021,11.822,2643.123,456.9,0.262,0.003,58.876,43.168,0,0.536,0.394,0.02,0.122,0.661,3.734,9.166,2.357e-4,0,0.031,1.052,1.02,-1.829e-4,875.039,0.001,335.572,0.118,6.4,32.17
22.033,11.748,2643.123,456.9,0.262,0.003,58.893,43.168,0,0.536,0.394,0.02,0.122,0.66,3.706,9.104,-2.243e-4,0,0.031,1.052,1.021,0.002,875.089,0.001,335.574,0.118,6.4,32.17
22.045,11.588,2643.123,456.9,0.262,0.003,58.93,43.168,0,0.536,0.394,0.02,0.122,0.659,3.645,8.968,1.613e-4,0,0.031,1.052,1.021,0.009,875.139,0.001,335.576,0.119,6.4,32.17
22.057,11.367,2643.123,456.9,0.262,0.003,58.981,43.168,0,0.536,0.394,0.02,0.122,0.656,3.562,8.778,-2.527e-4,0,0.03,1.052,1.021,0.022,875.189,0.001,335.578,0.119,6.4,32.17
22.068,11.085,2643.123,456.9,0.262,0.003,59.047,43.168,0,0.536,0.394,0.02,0.122,0.652,3.455,8.533,3.035e-4,0,0.03,1.052,1.022,0.04,875.239,0.001,335.579,0.119,6.4,32.17
22.081,10.719,2643.123,456.9,0.262,0.003,59.134,43.168,0,0.536,0.394,0.02,0.122,0.648,3.319,8.218,-3.787e-4,0,0.03,1.052,1.022,0.063,875.291,0.001,335.581,0.12,6.4,32.17
22.093,10.263,2643.123,456.9,0.262,0.003,59.244,43.168,0,0.536,0.394,0.02,0.122,0.641,3.152,7.827,-2.422e-4,0,0.03,1.052,1.022,0.09,875.343,0.001,335.583,0.12,6.4,32.17
22.106,9.665,2643.123,456.9,0.262,0.003,59.392,43.168,0,0.536,0.394,0.02,0.122,0.633,2.935,7.319,2.658e-4,0,0.029,1.052,1.022,0.122,875.398,0.001,335.585,0.12,6.4,32.17
22.12,8.89,2643.123,456.9,0.262,0.003,59.589,43.168,0,0.536,0.394,0.02,0.122,0.622,2.66,6.668,6.34e-6,0,0.029,1.052,1.022,0.159,875.456,0.001,335.587,0.121,6.4,32.17
22.135,7.948,2643.123,456.9,0.262,0.003,59.839,43.168,0,0.536,0.394,0.02,0.122,0.609,2.336,5.886,3.925e-4,0,0.029,1.052,1.023,0.198,875.52,0.001,335.59,0.121,6.4,32.17
22.151,6.821,2643.123,456.9,0.262,0.003,60.152,43.168,0,0.536,0.394,0.02,0.122,0.593,1.96,4.965,1.612e-4,0,0.029,1.052,1.023,0.238,875.591,0.001,335.592,0.121,6.4,32.17
22.167,5.727,2643.123,456.9,0.262,0.003,60.473,43.168,0,0.536,0.394,0.02,0.122,0.579,1.609,4.083,2.1e-5,0,0.029,1.052,1.023,0.269,875.661,0.001,335.595,0.122,6.4,32.17
22.184,4.577,2643.123,456.9,0.262,0.003,60.828,43.168,0,0.537,0.394,0.02,0.122,0.565,1.256,3.176,-2.258e-4,0,0.029,1.052,1.023,0.289,875.731,0.001,335.598,0.122,6.4,32.17
22.2,3.408,2643.123,456.9,0.262,0.003,61.21,43.168,0,0.537,0.394,0.02,0.122,0.553,0.912,2.286,-2.408e-4,0,0.029,1.052,1.023,0.284,875.802,0.001,335.6,0.123,6.4,32.17
22.216,2.203,2643.123,456.9,0.262,0.003,61.627,43.168,0,0.537,0.394,0.02,0.122,0.544,0.574,1.448,-2.867e-4,0,0.029,1.052,1.023,0.207,875.873,0.001,335.603,0.123,6.4,32.17
22.233,1.444,2643.123,456.9,0.262,0.003,61.894,43.168,0,0.537,0.394,0.02,0.122,0.54,0.37,1.071,4.005e-4,0,0.029,1.052,1.023,0.01,875.943,0.001,335.606,0.124,6.4,32.17
22.249,1.814,2643.123,456.9,0.262,0.003,61.748,43.168,0,0.537,0.394,0.02,0.122,0.542,0.468,1.507,-3.947e-4,0,0.029,1.052,1.023,-0.149,876.013,0.001,335.608,0.124,6.4,32.17
22.264,2.797,2643.123,456.9,0.262,0.003,61.401,43.168,0,0.537,0.394,0.02,0.122,0.548,0.738,2.369,3.369e-4,0,0.029,1.052,1.023,-0.266,876.083,0.001,335.611,0.125,6.4,32.17
22.28,3.911,2643.123,456.9,0.262,0.003,61.028,43.168,0,0.537,0.394,0.02,0.122,0.558,1.058,3.238,3.446e-4,0,0.029,1.052,1.023,-0.287,876.153,0.001,335.613,0.125,6.4,32.17
22.296,5.025,2643.123,456.9,0.262,0.003,60.673,43.168,0,0.537,0.394,0.021,0.122,0.571,1.392,4.079,2.889e-4,0,0.028,1.052,1.024,-0.272,876.223,0.001,335.616,0.125,6.4,32.17
22.312,6.12,2643.123,456.9,0.262,0.003,60.341,43.168,0,0.537,0.394,0.021,0.122,0.584,1.734,4.894,1.689e-4,0,0.028,1.052,1.024,-0.241,876.293,0.001,335.618,0.126,6.4,32.17
22.328,7.142,2643.123,456.9,0.262,0.003,60.047,43.168,0,0.537,0.394,0.021,0.122,0.598,2.066,5.651,-1.484e-4,0,0.028,1.052,1.024,-0.203,876.363,0.001,335.621,0.126,6.4,32.17
22.344,8.061,2643.123,456.9,0.262,0.003,59.794,43.168,0,0.537,0.394,0.021,0.122,0.611,2.374,6.328,-1.988e-4,0,0.028,1.052,1.024,-0.161,876.434,0.001,335.624,0.127,6.4,32.17
22.358,8.793,2643.123,456.9,0.262,0.003,59.6,43.168,0,0.537,0.394,0.021,0.122,0.622,2.627,6.866,3.573e-4,0,0.027,1.052,1.025,-0.122,876.5,0.001,335.626,0.127,6.4,32.17
22.372,9.352,2643.123,456.9,0.262,0.003,59.456,43.168,0,0.537,0.394,0.021,0.122,0.63,2.823,7.276,1.577e-4,0,0.027,1.052,1.025,-0.089,876.56,0.001,335.628,0.127,6.4,32.17
22.384,9.784,2643.123,456.9,0.262,0.003,59.348,43.168,0,0.537,0.394,0.021,0.122,0.636,2.978,7.591,-4.452e-4,0,0.027,1.052,1.025,-0.062,876.615,0.001,335.63,0.128,6.4,32.17
22.396,10.112,2643.123,456.9,0.262,0.003,59.267,43.168,0,0.537,0.394,0.021,0.122,0.64,3.096,7.83,1.229e-4,0,0.027,1.052,1.025,-0.04,876.668,0.001,335.632,0.128,6.4,32.17
22.407,10.361,2643.123,456.9,0.262,0.003,59.207,43.168,0,0.537,0.394,0.021,0.122,0.644,3.187,8.01,-3.958e-4,0,0.026,1.052,1.026,-0.023,876.72,0.001,335.634,0.128,6.4,32.17
22.418,10.531,2643.123,456.9,0.262,0.003,59.166,43.168,0,0.537,0.394,0.021,0.122,0.646,3.25,8.134,-1.096e-4,0,0.026,1.052,1.026,-0.01,876.77,0.001,335.636,0.128,6.4,32.17
22.429,10.621,2643.123,456.9,0.262,0.003,59.144,43.168,0,0.537,0.394,0.021,0.122,0.647,3.283,8.199,-1.11e-4,0,0.026,1.052,1.026,-0.003,876.819,0.001,335.638,0.129,6.4,32.17
22.44,10.632,2643.123,456.9,0.262,0.003,59.142,43.168,0,0.537,0.394,0.021,0.122,0.647,3.287,8.205,3.705e-4,0,0.026,1.052,1.026,-7.757e-6,876.867,0.001,335.64,0.129,6.4,32.17
22.45,10.567,2643.123,456.9,0.262,0.003,59.158,43.168,0,0.537,0.394,0.021,0.122,0.646,3.263,8.151,1.446e-4,0,0.026,1.052,1.026,0.002,876.916,0.001,335.642,0.129,6.4,32.17
22.461,10.404,2643.123,456.9,0.262,0.003,59.198,43.168,0,0.537,0.394,0.021,0.122,0.644,3.203,8.015,1.641e-4,0,0.025,1.052,1.027,0.009,876.966,0.001,335.643,0.13,6.4,32.17
22.472,10.168,2643.123,456.9,0.262,0.003,59.255,43.168,0,0.537,0.394,0.021,0.122,0.641,3.117,7.815,4.023e-4,0,0.025,1.052,1.027,0.019,877.016,0.001,335.645,0.13,6.4,32.17
22.484,9.852,2643.123,456.9,0.262,0.003,59.333,43.168,0,0.537,0.394,0.021,0.122,0.637,3.003,7.55,-3.969e-4,0,0.025,1.052,1.027,0.034,877.069,0.001,335.647,0.13,6.4,32.17
22.496,9.449,2643.123,456.9,0.262,0.003,59.435,43.168,0,0.537,0.394,0.021,0.122,0.631,2.858,7.212,2.508e-4,0,0.025,1.052,1.027,0.054,877.124,0.001,335.649,0.13,6.4,32.17
22.508,8.944,2643.123,456.9,0.262,0.003,59.564,43.168,0,0.537,0.394,0.021,0.122,0.624,2.68,6.787,3.57e-4,0,0.025,1.052,1.028,0.078,877.182,0.001,335.651,0.131,6.4,32.17
22.522,8.303,2643.123,456.9,0.262,0.003,59.733,43.168,0,0.537,0.394,0.021,0.122,0.615,2.457,6.251,-8.665e-5,0,0.024,1.052,1.028,0.108,877.245,0.001,335.654,0.131,6.4,32.17
22.537,7.486,2643.123,456.9,0.262,0.003,59.956,43.168,0,0.537,0.394,0.021,0.122,0.604,2.18,5.576,1.061e-4,0,0.024,1.052,1.028,0.143,877.314,0.001,335.656,0.131,6.4,32.17
22.554,6.466,2643.123,456.9,0.262,0.003,60.245,43.168,0,0.537,0.394,0.021,0.122,0.59,1.845,4.744,-3.581e-4,0,0.024,1.052,1.028,0.18,877.392,0.001,335.659,0.132,6.4,32.17
22.57,5.379,2643.123,456.9,0.262,0.003,60.57,43.168,0,0.537,0.394,0.021,0.122,0.576,1.501,3.873,-2.19e-4,0,0.024,1.052,1.028,0.208,877.47,0.001,335.662,0.132,6.4,32.17
22.587,4.24,2643.123,456.9,0.262,0.003,60.927,43.168,0,0.537,0.394,0.021,0.122,0.563,1.155,2.98,-7.315e-5,0,0.024,1.052,1.028,0.225,877.548,0.001,335.665,0.133,6.4,32.17
22.603,3.094,2643.123,456.9,0.262,0.003,61.307,43.168,0,0.537,0.394,0.021,0.122,0.552,0.822,2.112,-1.315e-4,0,0.024,1.052,1.028,0.218,877.626,0.001,335.668,0.133,6.4,32.17
22.62,2.036,2643.123,456.9,0.262,0.003,61.674,43.168,0,0.537,0.394,0.021,0.122,0.544,0.528,1.375,2.419e-5,0,0.024,1.052,1.028,0.152,877.704,0.001,335.671,0.134,6.4,32.17
22.636,1.408,2643.123,456.9,0.262,0.003,61.902,43.168,0,0.538,0.394,0.021,0.122,0.541,0.36,1.049,2.84e-4,0,0.024,1.052,1.028,0.006,877.781,0.001,335.674,0.134,6.4,32.17
22.653,1.761,2643.123,456.9,0.262,0.003,61.784,43.168,0,0.538,0.394,0.021,0.122,0.542,0.454,1.428,2.982e-4,0,0.024,1.052,1.028,-0.106,877.859,0.001,335.676,0.134,6.4,32.17
22.669,2.702,2643.123,456.9,0.262,0.003,61.454,43.168,0,0.538,0.394,0.021,0.122,0.549,0.712,2.231,3.103e-4,0,0.024,1.052,1.029,-0.198,877.937,0.001,335.679,0.135,6.4,32.17
22.685,3.764,2643.123,456.9,0.262,0.003,61.095,43.168,0,0.538,0.394,0.021,0.122,0.558,1.015,3.055,-1.189e-4,0,0.024,1.052,1.029,-0.212,878.015,0.001,335.682,0.135,6.4,32.17
22.702,4.814,2643.123,456.9,0.262,0.003,60.758,43.168,0,0.538,0.394,0.021,0.122,0.569,1.328,3.846,1.026e-4,0,0.023,1.052,1.029,-0.197,878.093,0.001,335.685,0.136,6.4,32.17
22.718,5.826,2643.123,456.9,0.262,0.003,60.447,43.168,0,0.538,0.394,0.021,0.122,0.582,1.641,4.601,1.488e-4,0,0.023,1.052,1.029,-0.17,878.171,0.001,335.688,0.136,6.4,32.17
22.734,6.746,2643.123,456.9,0.262,0.003,60.178,43.168,0,0.538,0.394,0.021,0.122,0.594,1.936,5.284,2.604e-4,0,0.023,1.052,1.029,-0.138,878.249,0.001,335.691,0.137,6.4,32.17
22.749,7.499,2643.123,456.9,0.262,0.003,59.966,43.168,0,0.538,0.394,0.021,0.122,0.604,2.185,5.841,-4.869e-4,0,0.023,1.052,1.029,-0.105,878.322,0.001,335.694,0.137,6.4,32.17
22.763,8.019,2643.123,456.9,0.262,0.003,59.823,43.168,0,0.538,0.394,0.021,0.122,0.612,2.36,6.22,-3.52e-5,0,0.023,1.052,1.03,-0.077,878.389,0.001,335.696,0.137,6.4,32.17
22.776,8.412,2643.123,456.9,0.262,0.003,59.718,43.168,0,0.538,0.394,0.021,0.122,0.617,2.495,6.504,3.07e-5,0,0.022,1.052,1.03,-0.052,878.453,0.001,335.698,0.138,6.4,32.17
22.789,8.697,2643.123,456.9,0.262,0.003,59.642,43.168,0,0.538,0.394,0.021,0.122,0.621,2.594,6.709,1.837e-4,0,0.022,1.052,1.03,-0.032,878.515,0.001,335.701,0.138,6.4,32.17
22.802,8.895,2643.123,456.9,0.262,0.003,59.59,43.168,0,0.538,0.394,0.021,0.122,0.624,2.663,6.85,3.279e-4,0,0.022,1.052,1.03,-0.017,878.576,0.001,335.703,0.138,6.4,32.17
22.814,9.07,2643.123,456.9,0.262,0.003,59.544,43.168,0,0.538,0.394,0.021,0.122,0.627,2.724,6.978,4.421e-4,0,0.022,1.052,1.031,-0.006,878.637,0.001,335.705,0.139,6.4,32.17
22.827,9.147,2643.123,456.9,0.262,0.003,59.524,43.168,0,0.538,0.394,0.021,0.123,0.628,2.752,7.034,3.422e-4,0,0.022,1.052,1.031,-8.09e-4,878.699,0.001,335.708,0.139,6.4,32.17
22.839,9.124,2643.123,456.9,0.262,0.003,59.529,43.168,0,0.538,0.394,0.021,0.123,0.628,2.743,7.013,-3.408e-4,0,0.022,1.052,1.031,5.951e-4,878.762,0.001,335.71,0.139,6.4,32.17
22.853,8.984,2643.123,456.9,0.262,0.003,59.564,43.168,0,0.538,0.394,0.021,0.123,0.626,2.694,6.896,3.804e-4,0,0.021,1.052,1.031,0.006,878.828,0.001,335.712,0.139,6.4,32.17
22.867,8.694,2643.123,456.9,0.262,0.003,59.639,43.168,0,0.538,0.394,0.021,0.123,0.622,2.593,6.654,-4.476e-4,0,0.021,1.053,1.031,0.018,878.897,0.001,335.715,0.14,6.4,32.17
22.882,8.25,2643.123,456.9,0.262,0.003,59.755,43.168,0,0.538,0.394,0.021,0.123,0.615,2.439,6.285,-7.515e-6,0,0.021,1.053,1.031,0.036,878.973,0.001,335.718,0.14,6.4,32.17
22.898,7.645,2643.123,456.9,0.262,0.003,59.918,43.168,0,0.538,0.394,0.022,0.123,0.607,2.234,5.786,1.069e-4,0,0.021,1.053,1.032,0.061,879.053,0.001,335.721,0.141,6.4,32.17
22.915,6.908,2643.123,456.9,0.262,0.003,60.123,43.168,0,0.538,0.394,0.022,0.123,0.596,1.989,5.181,1.628e-4,0,0.021,1.053,1.032,0.089,879.135,0.001,335.724,0.141,6.4,32.17
22.932,6.032,2643.123,456.9,0.262,0.003,60.377,43.168,0,0.538,0.394,0.022,0.123,0.585,1.706,4.471,-3.876e-4,0,0.021,1.053,1.032,0.117,879.22,0.001,335.727,0.141,6.4,32.17
22.948,5.06,2643.123,456.9,0.262,0.003,60.671,43.168,0,0.538,0.394,0.022,0.123,0.573,1.403,3.695,3.167e-4,0,0.021,1.053,1.032,0.141,879.304,0.001,335.73,0.142,6.4,32.17
22.965,4,2643.123,456.9,0.262,0.003,61.009,43.168,0,0.538,0.394,0.022,0.123,0.561,1.084,2.873,-2.342e-4,0,0.021,1.053,1.032,0.148,879.389,0.001,335.733,0.142,6.4,32.17
22.982,2.981,2643.123,456.9,0.262,0.003,61.351,43.168,0,0.538,0.394,0.022,0.123,0.551,0.79,2.117,-3.555e-4,0,0.021,1.053,1.032,0.129,879.474,0.001,335.736,0.143,6.4,32.17
22.999,2.171,2643.123,456.9,0.262,0.003,61.64,43.168,0,0.538,0.394,0.022,0.123,0.546,0.565,1.571,3.403e-4,0,0.02,1.053,1.032,0.06,879.559,0.001,335.739,0.143,6.4,32.17
23.016,1.906,2643.123,456.9,0.262,0.003,61.741,43.168,0,0.538,0.394,0.022,0.123,0.544,0.493,1.431,2.411e-4,0,0.02,1.053,1.032,-1.479e-4,879.644,0.001,335.743,0.144,6.4,32.17
23.032,2.347,2643.123,456.9,0.262,0.003,61.581,43.168,0,0.538,0.394,0.022,0.123,0.547,0.614,1.819,-7.878e-5,0,0.02,1.053,1.033,-0.054,879.729,0.001,335.746,0.144,6.4,32.17
23.049,3.157,2643.123,456.9,0.262,0.003,61.297,43.168,0,0.538,0.394,0.022,0.123,0.553,0.84,2.478,-4.376e-4,0,0.02,1.053,1.033,-0.099,879.815,0.001,335.749,0.144,6.4,32.17
23.066,4.019,2643.123,456.9,0.262,0.003,61.008,43.168,0,0.539,0.394,0.022,0.123,0.561,1.09,3.149,2.08e-4,0,0.02,1.053,1.033,-0.111,879.901,0.001,335.752,0.145,6.4,32.17
23.083,4.866,2643.123,456.9,0.262,0.003,60.738,43.168,0,0.539,0.394,0.022,0.123,0.571,1.343,3.791,-3.019e-4,0,0.02,1.053,1.033,-0.102,879.987,0.001,335.755,0.145,6.4,32.17
23.099,5.639,2643.123,456.9,0.262,0.003,60.5,43.168,0,0.539,0.394,0.022,0.123,0.58,1.583,4.37,3.825e-4,0,0.02,1.053,1.033,-0.084,880.073,0.001,335.758,0.146,6.4,32.17
23.116,6.308,2643.123,456.9,0.262,0.003,60.302,43.168,0,0.539,0.394,0.022,0.123,0.589,1.795,4.869,-3.936e-5,0,0.02,1.053,1.033,-0.064,880.159,0.001,335.762,0.146,6.4,32.17
23.133,6.864,2643.123,456.9,0.262,0.003,60.142,43.168,0,0.539,0.394,0.022,0.123,0.596,1.975,5.281,4.404e-5,0,0.02,1.053,1.033,-0.043,880.246,0.001,335.765,0.147,6.4,32.17
23.149,7.276,2643.123,456.9,0.262,0.003,60.027,43.168,0,0.539,0.394,0.022,0.123,0.602,2.111,5.587,2.911e-4,0,0.019,1.053,1.033,-0.025,880.33,0.001,335.768,0.147,6.4,32.17
23.163,7.524,2643.123,456.9,0.262,0.003,59.959,43.168,0,0.539,0.394,0.022,0.123,0.606,2.194,5.768,2.104e-4,0,0.019,1.053,1.034,-0.012,880.406,0.001,335.771,0.147,6.4,32.17
23.177,7.646,2643.123,456.9,0.262,0.003,59.926,43.168,0,0.539,0.394,0.022,0.123,0.607,2.235,5.855,-1.916e-5,0,0.019,1.053,1.034,-0.004,880.478,0.001,335.773,0.148,6.4,32.17
23.19,7.662,2643.123,456.9,0.262,0.003,59.923,43.168,0,0.539,0.394,0.022,0.123,0.608,2.24,5.864,-1.142e-4,0,0.019,1.053,1.034,-3.211e-4,880.546,0.001,335.776,0.148,6.4,32.17
23.203,7.584,2643.123,456.9,0.262,0.003,59.945,43.168,0,0.539,0.394,0.022,0.123,0.607,2.214,5.802,2.099e-4,0,0.019,1.053,1.034,6.69e-4,880.613,0.001,335.778,0.148,6.4,32.17
23.215,7.415,2643.123,456.9,0.262,0.003,59.992,43.168,0,0.539,0.394,0.022,0.123,0.604,2.157,5.666,-3.053e-4,0,0.019,1.053,1.034,0.005,880.678,0.001,335.781,0.149,6.4,32.17
23.228,7.162,2643.123,456.9,0.262,0.003,60.063,43.168,0,0.539,0.394,0.022,0.123,0.601,2.073,5.461,-9.794e-5,0,0.019,1.053,1.034,0.012,880.745,0.001,335.783,0.149,6.4,32.17
23.241,6.823,2643.123,456.9,0.262,0.003,60.16,43.168,0,0.539,0.394,0.022,0.123,0.596,1.962,5.188,8.238e-5,0,0.018,1.053,1.035,0.022,880.812,0.001,335.786,0.149,6.4,32.17
23.254,6.401,2643.123,456.9,0.262,0.003,60.282,43.168,0,0.539,0.394,0.022,0.123,0.59,1.825,4.847,3.955e-4,0,0.018,1.053,1.035,0.033,880.882,0.001,335.788,0.15,6.4,32.17
23.268,5.899,2643.123,456.9,0.262,0.003,60.43,43.168,0,0.539,0.394,0.022,0.123,0.584,1.665,4.444,-4.183e-4,0,0.018,1.053,1.035,0.046,880.956,0.001,335.791,0.15,6.4,32.17
23.283,5.29,2643.123,456.9,0.262,0.003,60.615,43.168,0,0.539,0.394,0.022,0.123,0.576,1.474,3.96,4.308e-4,0,0.018,1.053,1.035,0.058,881.036,0.001,335.794,0.15,6.4,32.17
23.299,4.556,2643.123,456.9,0.262,0.003,60.844,43.168,0,0.539,0.394,0.022,0.123,0.568,1.25,3.386,-3.533e-4,0,0.018,1.053,1.035,0.067,881.125,0.001,335.797,0.151,6.4,32.17
23.316,3.743,2643.123,456.9,0.262,0.003,61.107,43.168,0,0.539,0.394,0.022,0.123,0.559,1.009,2.765,-4.505e-5,0,0.018,1.053,1.035,0.063,881.216,0.001,335.801,0.151,6.4,32.17
23.333,3.02,2643.123,456.9,0.262,0.003,61.348,43.168,0,0.539,0.394,0.022,0.123,0.553,0.801,2.235,-4.482e-4,0,0.018,1.053,1.035,0.041,881.307,0.001,335.804,0.152,6.4,32.17
23.35,2.551,2643.123,456.9,0.262,0.003,61.506,43.168,0,0.539,0.394,0.022,0.123,0.549,0.67,1.911,2.413e-4,0,0.018,1.053,1.035,0.008,881.399,0.001,335.808,0.152,6.4,32.17
23.367,2.511,2643.123,456.9,0.262,0.003,61.514,43.168,0,0.539,0.394,0.022,0.123,0.549,0.659,1.892,-1.416e-4,0,0.018,1.053,1.035,-0.004,881.49,0.001,335.811,0.152,6.4,32.17
23.384,2.891,2643.123,456.9,0.262,0.003,61.379,43.168,0,0.539,0.394,0.022,0.123,0.552,0.765,2.209,-1.732e-4,0,0.018,1.053,1.035,-0.033,881.581,0.001,335.814,0.153,6.4,32.17
23.401,3.513,2643.123,456.9,0.262,0.003,61.168,43.168,0,0.539,0.394,0.022,0.123,0.557,0.942,2.705,-5.293e-5,0,0.018,1.053,1.035,-0.055,881.673,0.001,335.818,0.153,6.4,32.17
23.418,4.184,2643.123,456.9,0.262,0.003,60.948,43.168,0,0.539,0.394,0.022,0.123,0.564,1.139,3.223,-2.35e-4,0,0.018,1.053,1.035,-0.06,881.765,0.001,335.821,0.154,6.4,32.17
23.434,4.838,2643.123,456.9,0.262,0.003,60.74,43.168,0,0.539,0.394,0.022,0.123,0.571,1.335,3.719,1.164e-4,0,0.018,1.053,1.036,-0.053,881.856,0.001,335.824,0.154,6.4,32.17
23.451,5.41,2643.123,456.9,0.262,0.003,60.563,43.168,0,0.54,0.394,0.023,0.123,0.578,1.511,4.149,-3.041e-4,0,0.017,1.053,1.036,-0.042,881.946,0.001,335.828,0.155,6.4,32.17
23.466,5.823,2643.123,456.9,0.262,0.003,60.439,43.168,0,0.54,0.394,0.023,0.123,0.584,1.64,4.457,-2.514e-4,0,0.017,1.053,1.036,-0.03,882.027,0.001,335.831,0.155,6.4,32.17
23.479,6.126,2643.123,456.9,0.262,0.003,60.349,43.168,0,0.54,0.394,0.023,0.123,0.588,1.737,4.682,2.314e-4,0,0.017,1.053,1.036,-0.02,882.101,0.001,335.834,0.155,6.4,32.17
23.492,6.338,2643.123,456.9,0.262,0.003,60.287,43.168,0,0.54,0.394,0.023,0.123,0.59,1.804,4.838,4.106e-5,0,0.017,1.053,1.036,-0.011,882.172,0.001,335.836,0.156,6.4,32.17
23.504,6.463,2643.123,456.9,0.262,0.003,60.25,43.168,0,0.54,0.394,0.023,0.123,0.592,1.845,4.93,1.584e-4,0,0.017,1.053,1.036,-0.005,882.24,0.001,335.839,0.156,6.4,32.17
23.516,6.509,2643.123,456.9,0.262,0.003,60.237,43.168,0,0.54,0.394,0.023,0.123,0.593,1.86,4.961,-1.956e-4,0,0.017,1.053,1.036,-0.002,882.307,0.001,335.841,0.156,6.4,32.17
23.528,6.49,2643.123,456.9,0.262,0.003,60.243,43.168,0,0.54,0.394,0.023,0.123,0.593,1.853,4.945,-4.278e-5,0,0.017,1.053,1.036,-5.113e-5,882.373,0.001,335.844,0.157,6.4,32.17
23.54,6.408,2643.123,456.9,0.262,0.003,60.267,43.168,0,0.54,0.394,0.023,0.123,0.591,1.827,4.881,-1.729e-4,0,0.017,1.053,1.037,6.065e-4,882.439,0.001,335.846,0.157,6.4,32.17
23.552,6.264,2643.123,456.9,0.262,0.003,60.309,43.168,0,0.54,0.394,0.023,0.123,0.59,1.781,4.767,1.37e-4,0,0.017,1.053,1.037,0.003,882.506,0.001,335.849,0.157,6.4,32.17
23.564,6.058,2643.123,456.9,0.262,0.003,60.37,43.168,0,0.54,0.394,0.023,0.123,0.587,1.715,4.602,3.065e-4,0,0.017,1.053,1.037,0.007,882.574,0.001,335.851,0.157,6.4,32.17
23.577,5.781,2643.123,456.9,0.262,0.003,60.453,43.168,0,0.54,0.394,0.023,0.123,0.583,1.627,4.381,-1.128e-4,0,0.017,1.053,1.037,0.013,882.645,0.001,335.854,0.158,6.4,32.17
23.59,5.43,2643.123,456.9,0.262,0.003,60.559,43.168,0,0.54,0.394,0.023,0.123,0.579,1.517,4.104,-1.54e-4,0,0.016,1.053,1.037,0.02,882.72,0.001,335.856,0.158,6.4,32.17
23.604,4.998,2643.123,456.9,0.262,0.003,60.692,43.168,0,0.54,0.394,0.023,0.123,0.574,1.384,3.764,-4.543e-4,0,0.016,1.053,1.037,0.027,882.799,0.001,335.859,0.158,6.4,32.17
23.62,4.475,2643.123,456.9,0.262,0.003,60.857,43.168,0,0.54,0.394,0.023,0.123,0.568,1.226,3.355,-4.811e-4,0,0.016,1.053,1.037,0.032,882.886,0.001,335.863,0.159,6.4,32.17
23.637,3.874,2643.123,456.9,0.262,0.003,61.051,43.168,0,0.54,0.394,0.023,0.123,0.561,1.048,2.895,3.836e-4,0,0.016,1.053,1.037,0.032,882.982,0.001,335.866,0.159,6.4,32.17
23.654,3.322,2643.123,456.9,0.262,0.003,61.235,43.168,0,0.54,0.394,0.023,0.123,0.556,0.887,2.482,4.985e-4,0,0.016,1.053,1.037,0.024,883.078,0.001,335.87,0.16,6.4,32.17
23.671,2.929,2643.123,456.9,0.262,0.003,61.369,43.168,0,0.54,0.394,0.023,0.123,0.553,0.776,2.197,2.053e-4,0,0.016,1.053,1.037,0.009,883.175,0.001,335.873,0.16,6.4,32.17
23.688,2.771,2643.123,456.9,0.262,0.003,61.427,43.168,0,0.54,0.394,0.023,0.123,0.552,0.731,2.086,-2.452e-4,0,0.016,1.053,1.037,4.881e-5,883.271,0.001,335.877,0.161,6.4,32.17
23.704,2.881,2643.123,456.9,0.262,0.003,61.393,43.168,0,0.54,0.394,0.023,0.123,0.553,0.762,2.178,2.665e-4,0,0.016,1.053,1.037,-0.007,883.368,0.001,335.88,0.161,6.4,32.17
23.721,3.215,2643.123,456.9,0.262,0.003,61.283,43.168,0,0.54,0.394,0.023,0.123,0.556,0.857,2.447,3.172e-4,0,0.016,1.054,1.038,-0.021,883.464,0.001,335.884,0.161,6.4,32.17
23.738,3.693,2643.123,456.9,0.262,0.003,61.125,43.168,0,0.54,0.394,0.023,0.123,0.56,0.995,2.822,7.68e-6,0,0.016,1.054,1.038,-0.031,883.561,0.001,335.888,0.162,6.4,32.17
23.755,4.224,2643.123,456.9,0.262,0.003,60.953,43.168,0,0.54,0.394,0.023,0.123,0.565,1.151,3.231,-3.957e-4,0,0.016,1.054,1.038,-0.032,883.658,0.001,335.891,0.162,6.4,32.17
23.772,4.747,2643.123,456.9,0.262,0.003,60.787,43.168,0,0.54,0.394,0.023,0.123,0.571,1.308,3.628,1.039e-4,0,0.016,1.054,1.038,-0.027,883.756,0.001,335.895,0.163,6.4,32.17
23.788,5.197,2643.123,456.9,0.262,0.003,60.647,43.168,0,0.541,0.394,0.023,0.123,0.577,1.446,3.968,3.191e-4,0,0.015,1.054,1.038,-0.019,883.852,0.001,335.898,0.163,6.4,32.17
23.803,5.522,2643.123,456.9,0.262,0.003,60.547,43.168,0,0.541,0.394,0.023,0.123,0.581,1.546,4.211,3.317e-4,0,0.015,1.054,1.038,-0.012,883.939,0.001,335.902,0.163,6.4,32.17
23.818,5.722,2643.123,456.9,0.262,0.003,60.487,43.168,0,0.541,0.394,0.023,0.123,0.583,1.609,4.36,4.119e-4,0,0.015,1.054,1.038,-0.006,884.022,0.001,335.905,0.164,6.4,32.17
23.831,5.827,2643.123,456.9,0.262,0.003,60.455,43.168,0,0.541,0.394,0.023,0.124,0.585,1.642,4.438,-2.484e-4,0,0.015,1.054,1.039,-0.002,884.102,0.001,335.908,0.164,6.4,32.17
23.845,5.841,2643.123,456.9,0.262,0.003,60.45,43.168,0,0.541,0.394,0.023,0.124,0.585,1.647,4.446,-3.919e-4,0,0.015,1.054,1.039,-1.362e-5,884.182,0.001,335.911,0.164,6.4,32.17
23.859,5.754,2643.123,456.9,0.262,0.003,60.476,43.168,0,0.541,0.394,0.023,0.124,0.584,1.619,4.378,-2.924e-4,0,0.015,1.054,1.039,0.001,884.264,0.001,335.914,0.165,6.4,32.17
23.873,5.568,2643.123,456.9,0.262,0.003,60.532,43.168,0,0.541,0.394,0.023,0.124,0.582,1.561,4.23,4.015e-6,0,0.015,1.054,1.039,0.004,884.348,0.001,335.917,0.165,6.4,32.17
23.888,5.279,2643.123,456.9,0.262,0.003,60.62,43.168,0,0.541,0.394,0.024,0.124,0.578,1.471,4.001,1.431e-4,0,0.015,1.054,1.039,0.01,884.436,0.001,335.92,0.166,6.4,32.17
23.904,4.879,2643.123,456.9,0.262,0.003,60.744,43.168,0,0.541,0.394,0.024,0.124,0.573,1.348,3.685,2.276e-4,0,0.015,1.054,1.039,0.016,884.53,0.001,335.923,0.166,6.4,32.17
23.922,4.364,2643.123,456.9,0.262,0.003,60.907,43.168,0,0.541,0.394,0.024,0.124,0.568,1.193,3.284,-2.676e-4,0,0.015,1.054,1.039,0.022,884.633,0.001,335.927,0.166,6.4,32.17
23.939,3.815,2643.123,456.9,0.262,0.003,61.087,43.168,0,0.541,0.394,0.024,0.124,0.562,1.031,2.862,-3.334e-4,0,0.015,1.054,1.039,0.023,884.735,0.001,335.931,0.167,6.4,32.17
23.956,3.297,2643.123,456.9,0.262,0.003,61.261,43.168,0,0.541,0.394,0.024,0.124,0.557,0.881,2.471,3.3e-4,0,0.014,1.054,1.039,0.019,884.838,0.001,335.935,0.167,6.4,32.17
23.974,2.87,2643.123,456.9,0.262,0.003,61.409,43.168,0,0.541,0.394,0.024,0.124,0.553,0.759,2.156,2.628e-4,0,0.014,1.054,1.039,0.009,884.94,0.001,335.939,0.168,6.4,32.17
23.991,2.63,2643.123,456.9,0.262,0.003,61.494,43.168,0,0.541,0.394,0.024,0.124,0.552,0.692,1.981,2.348e-4,0,0.014,1.054,1.04,3.049e-4,885.043,0.001,335.942,0.168,6.4,32.17
24.008,2.681,2643.123,456.9,0.262,0.003,61.476,43.168,0,0.541,0.394,0.024,0.124,0.552,0.706,2.025,3.725e-4,0,0.014,1.054,1.04,-0.005,885.146,0.001,335.946,0.169,6.4,32.17
24.025,3.013,2643.123,456.9,0.262,0.003,61.36,43.168,0,0.541,0.394,0.024,0.124,0.555,0.8,2.291,-2.281e-4,0,0.014,1.054,1.04,-0.018,885.25,0.001,335.95,0.169,6.4,32.17
24.042,3.489,2643.123,456.9,0.262,0.003,61.197,43.168,0,0.541,0.394,0.024,0.124,0.559,0.936,2.663,1.937e-4,0,0.014,1.054,1.04,-0.026,885.353,0.001,335.954,0.169,6.4,32.17
24.06,3.964,2643.123,456.9,0.262,0.003,61.039,43.168,0,0.541,0.394,0.024,0.124,0.564,1.074,3.027,-3.099e-4,0,0.014,1.054,1.04,-0.028,885.456,0.001,335.958,0.17,6.4,32.17
24.077,4.417,2643.123,456.9,0.262,0.003,60.892,43.168,0,0.541,0.394,0.024,0.124,0.569,1.209,3.372,2.593e-4,0,0.014,1.054,1.04,-0.025,885.56,0.001,335.962,0.17,6.4,32.17
24.094,4.846,2643.123,456.9,0.262,0.003,60.756,43.168,0,0.541,0.394,0.024,0.124,0.574,1.338,3.697,-1.238e-4,0,0.014,1.054,1.04,-0.018,885.666,0.001,335.966,0.171,6.4,32.17
24.111,5.191,2643.123,456.9,0.262,0.003,60.649,43.168,0,0.542,0.394,0.024,0.124,0.578,1.444,3.955,4.972e-4,0,0.014,1.054,1.04,-0.011,885.767,0.001,335.969,0.171,6.4,32.17
24.126,5.41,2643.123,456.9,0.262,0.003,60.583,43.168,0,0.542,0.394,0.024,0.124,0.58,1.512,4.119,-1.145e-4,0,0.013,1.054,1.041,-0.005,885.861,0.001,335.973,0.171,6.4,32.17
24.141,5.517,2643.123,456.9,0.262,0.003,60.551,43.168,0,0.542,0.394,0.024,0.124,0.582,1.545,4.198,3.565e-4,0,0.013,1.054,1.041,-9.999e-4,885.948,0.001,335.976,0.172,6.4,32.17
24.154,5.528,2643.123,456.9,0.262,0.003,60.548,43.168,0,0.542,0.394,0.024,0.124,0.582,1.549,4.205,-2.113e-4,0,0.013,1.054,1.041,1.389e-5,886.033,0.001,335.979,0.172,6.4,32.17
24.168,5.453,2643.123,456.9,0.262,0.003,60.571,43.168,0,0.542,0.394,0.024,0.124,0.581,1.525,4.147,4.999e-4,0,0.013,1.054,1.041,0.001,886.115,0.001,335.982,0.172,6.4,32.17
24.181,5.296,2643.123,456.9,0.262,0.003,60.62,43.168,0,0.542,0.394,0.024,0.124,0.579,1.477,4.021,-1.649e-4,0,0.013,1.054,1.041,0.005,886.197,0.001,335.985,0.173,6.4,32.17
24.195,5.057,2643.123,456.9,0.262,0.003,60.694,43.168,0,0.542,0.394,0.024,0.124,0.576,1.403,3.831,-4.367e-4,0,0.013,1.054,1.041,0.01,886.279,0.001,335.988,0.173,6.4,32.17
24.209,4.714,2643.123,456.9,0.262,0.003,60.802,43.168,0,0.542,0.394,0.024,0.124,0.572,1.298,3.561,4.328e-4,0,0.013,1.054,1.041,0.017,886.365,0.001,335.991,0.173,6.4,32.17
24.223,4.263,2643.123,456.9,0.262,0.003,60.946,43.168,0,0.542,0.394,0.024,0.124,0.567,1.163,3.207,4.806e-4,0,0.013,1.054,1.041,0.023,886.456,0.001,335.995,0.174,6.4,32.17
24.24,3.707,2643.123,456.9,0.262,0.003,61.127,43.168,0,0.542,0.394,0.024,0.124,0.562,0.999,2.777,-5.542e-5,0,0.013,1.054,1.041,0.028,886.557,0.001,335.999,0.174,6.4,32.17
24.257,3.105,2643.123,456.9,0.262,0.003,61.329,43.168,0,0.542,0.394,0.024,0.124,0.556,0.826,2.317,-1.239e-4,0,0.013,1.054,1.041,0.026,886.667,0.001,336.003,0.175,6.4,32.17
24.275,2.596,2643.123,456.9,0.262,0.003,61.502,43.168,0,0.542,0.394,0.024,0.124,0.552,0.683,1.94,-1.996e-4,0,0.013,1.054,1.041,0.015,886.777,0.001,336.007,0.175,6.4,32.17
24.293,2.278,2643.123,456.9,0.262,0.003,61.609,43.168,0,0.542,0.394,0.024,0.124,0.55,0.595,1.713,2.26e-5,0,0.013,1.054,1.041,0.002,886.887,0.001,336.011,0.175,6.4,32.17
24.31,2.275,2643.123,456.9,0.262,0.003,61.606,43.168,0,0.542,0.394,0.024,0.124,0.55,0.594,1.715,4.267e-4,0,0.013,1.054,1.041,-0.004,886.997,0.001,336.015,0.176,6.4,32.17
24.328,2.585,2643.123,456.9,0.262,0.003,61.495,43.168,0,0.542,0.394,0.025,0.124,0.552,0.68,1.966,-1.34e-4,0,0.013,1.054,1.042,-0.02,887.108,0.001,336.019,0.176,6.4,32.17
24.345,3.08,2643.123,456.9,0.262,0.003,61.325,43.168,0,0.542,0.394,0.025,0.124,0.556,0.819,2.354,4.915e-4,0,0.013,1.054,1.042,-0.03,887.218,0.001,336.023,0.177,6.4,32.17
24.363,3.621,2643.123,456.9,0.262,0.003,61.143,43.168,0,0.542,0.394,0.025,0.124,0.561,0.974,2.768,-3.834e-4,0,0.013,1.054,1.042,-0.031,887.329,0.001,336.027,0.177,6.4,32.17
24.38,4.109,2643.123,456.9,0.262,0.003,60.983,43.168,0,0.542,0.394,0.025,0.124,0.566,1.117,3.136,-3.384e-5,0,0.012,1.054,1.042,-0.026,887.434,0.001,336.031,0.178,6.4,32.17
24.395,4.485,2643.123,456.9,0.262,0.003,60.863,43.168,0,0.542,0.394,0.025,0.124,0.57,1.229,3.418,4.063e-4,0,0.012,1.054,1.042,-0.019,887.528,0.001,336.034,0.178,6.4,32.17
24.408,4.778,2643.123,456.9,0.262,0.003,60.77,43.168,0,0.542,0.394,0.025,0.124,0.574,1.318,3.637,-4.96e-4,0,0.012,1.054,1.042,-0.013,887.613,0.001,336.038,0.178,6.4,32.17
24.421,4.991,2643.123,456.9,0.262,0.003,60.703,43.168,0,0.542,0.394,0.025,0.124,0.576,1.383,3.796,-4.87e-4,0,0.012,1.054,1.042,-0.007,887.693,0.001,336.041,0.179,6.4,32.17
24.433,5.125,2643.123,456.9,0.262,0.003,60.662,43.168,0,0.542,0.394,0.025,0.124,0.578,1.424,3.895,-3.655e-4,0,0.012,1.054,1.042,-0.003,887.769,0.001,336.043,0.179,6.4,32.17
24.444,5.188,2643.123,456.9,0.262,0.003,60.642,43.168,0,0.543,0.394,0.025,0.124,0.579,1.443,3.941,-3.498e-4,0,0.012,1.054,1.042,-6.967e-4,887.843,0.001,336.046,0.179,6.4,32.17
24.455,5.183,2643.123,456.9,0.262,0.003,60.644,43.168,0,0.543,0.394,0.025,0.124,0.579,1.442,3.937,2.745e-4,0,0.012,1.054,1.042,5.967e-6,887.915,0.001,336.049,0.179,6.4,32.17
24.467,5.114,2643.123,456.9,0.262,0.003,60.665,43.168,0,0.543,0.394,0.025,0.124,0.578,1.421,3.882,-1.755e-4,0,0.012,1.054,1.042,9.323e-4,887.987,0.001,336.052,0.18,6.4,32.17
24.478,4.984,2643.123,456.9,0.262,0.003,60.706,43.168,0,0.543,0.394,0.025,0.124,0.576,1.381,3.78,5.542e-5,0,0.012,1.055,1.043,0.003,888.061,0.001,336.054,0.18,6.4,32.17
24.49,4.791,2643.123,456.9,0.262,0.003,60.766,43.168,0,0.543,0.394,0.025,0.124,0.574,1.322,3.627,2.581e-4,0,0.012,1.055,1.043,0.007,888.135,0.001,336.057,0.18,6.4,32.17
24.502,4.532,2643.123,456.9,0.262,0.003,60.848,43.168,0,0.543,0.394,0.025,0.124,0.571,1.243,3.423,-3.253e-5,0,0.012,1.055,1.043,0.012,888.213,0.001,336.06,0.18,6.4,32.17
24.515,4.195,2643.123,456.9,0.262,0.003,60.956,43.168,0,0.543,0.394,0.025,0.124,0.568,1.143,3.159,-1.213e-4,0,0.012,1.055,1.043,0.017,888.296,0.001,336.063,0.181,6.4,32.17
24.529,3.776,2643.123,456.9,0.262,0.003,61.093,43.168,0,0.543,0.394,0.025,0.124,0.563,1.019,2.832,-1.805e-4,0,0.012,1.055,1.043,0.022,888.385,0.001,336.066,0.181,6.4,32.17
24.544,3.271,2643.123,456.9,0.262,0.003,61.262,43.168,0,0.543,0.394,0.025,0.124,0.559,0.873,2.445,-1.247e-4,0,0.012,1.055,1.043,0.024,888.484,0.001,336.07,0.182,6.4,32.17
24.562,2.733,2643.123,456.9,0.262,0.003,61.446,43.168,0,0.543,0.394,0.025,0.124,0.554,0.721,2.04,1.594e-5,0,0.012,1.055,1.043,0.019,888.599,0.001,336.074,0.182,6.4,32.17
24.58,2.335,2643.123,456.9,0.262,0.003,61.588,43.168,0,0.543,0.394,0.025,0.124,0.551,0.611,1.75,-1.794e-4,0,0.012,1.055,1.043,0.007,888.715,0.001,336.078,0.182,6.4,32.17
24.598,2.19,2643.123,456.9,0.262,0.003,61.644,43.168,0,0.543,0.394,0.025,0.124,0.55,0.571,1.648,1.496e-4,0,0.012,1.055,1.043,-1.388e-6,888.832,0.001,336.083,0.183,6.4,32.17
24.616,2.332,2643.123,456.9,0.262,0.003,61.599,43.168,0,0.543,0.394,0.025,0.124,0.551,0.61,1.764,-1.404e-4,0,0.012,1.055,1.043,-0.008,888.949,0.001,336.087,0.183,6.4,32.17
24.633,2.731,2643.123,456.9,0.262,0.003,61.463,43.168,0,0.543,0.394,0.025,0.124,0.554,0.721,2.081,-8.88e-5,0,0.012,1.055,1.043,-0.02,889.065,0.001,336.091,0.184,6.4,32.17
24.651,3.244,2643.123,456.9,0.262,0.003,61.289,43.168,0,0.543,0.394,0.025,0.124,0.559,0.866,2.476,4.65e-4,0,0.012,1.055,1.043,-0.025,889.182,0.001,336.096,0.184,6.4,32.17
24.669,3.752,2643.123,456.9,0.262,0.003,61.119,43.168,0,0.543,0.394,0.025,0.124,0.564,1.013,2.862,-1.846e-4,0,0.011,1.055,1.043,-0.021,889.299,0.001,336.1,0.185,6.4,32.17
24.684,4.136,2643.123,456.9,0.262,0.003,60.994,43.168,0,0.543,0.393,0.025,0.124,0.568,1.126,3.151,2.586e-4,0,0.011,1.055,1.043,-0.016,889.4,0.001,336.104,0.185,6.4,32.17
24.698,4.416,2643.123,456.9,0.262,0.003,60.904,43.168,0,0.543,0.393,0.025,0.124,0.571,1.209,3.36,2.429e-4,0,0.011,1.055,1.044,-0.01,889.491,0.001,336.107,0.185,6.4,32.17
24.711,4.605,2643.123,456.9,0.262,0.003,60.844,43.168,0,0.543,0.393,0.025,0.124,0.573,1.266,3.501,3.993e-4,0,0.011,1.055,1.044,-0.005,889.577,0.001,336.11,0.186,6.4,32.17
24.724,4.715,2643.123,456.9,0.262,0.003,60.809,43.168,0,0.543,0.393,0.025,0.124,0.574,1.299,3.582,2.992e-4,0,0.011,1.055,1.044,-0.002,889.66,0.001,336.113,0.186,6.4,32.17
24.736,4.752,2643.123,456.9,0.262,0.003,60.797,43.168,0,0.543,0.393,0.025,0.125,0.575,1.31,3.609,3.752e-5,0,0.011,1.055,1.044,-2.738e-4,889.742,0.001,336.116,0.186,6.4,32.17
24.749,4.718,2643.123,456.9,0.262,0.003,60.807,43.168,0,0.543,0.393,0.025,0.125,0.574,1.3,3.583,-1.069e-5,0,0.011,1.055,1.044,1.412e-4,889.823,0.001,336.12,0.186,6.4,32.17
24.761,4.631,2643.123,456.9,0.262,0.003,60.835,43.168,0,0.543,0.393,0.025,0.125,0.573,1.274,3.514,3.359e-4,0,0.011,1.055,1.044,0.002,889.907,0.001,336.123,0.187,6.4,32.17
24.774,4.468,2643.123,456.9,0.262,0.003,60.886,43.168,0,0.544,0.393,0.026,0.125,0.571,1.225,3.386,2.1e-4,0,0.011,1.055,1.044,0.005,889.992,0.001,336.126,0.187,6.4,32.17
24.787,4.22,2643.123,456.9,0.262,0.003,60.966,43.168,0,0.544,0.393,0.026,0.125,0.569,1.151,3.191,-4.435e-4,0,0.011,1.055,1.044,0.009,890.082,0.001,336.129,0.187,6.4,32.17
24.802,3.879,2643.123,456.9,0.262,0.003,61.077,43.168,0,0.544,0.393,0.026,0.125,0.565,1.05,2.924,5.688e-5,0,0.011,1.055,1.044,0.014,890.179,0.001,336.133,0.188,6.4,32.17
24.818,3.437,2643.123,456.9,0.262,0.003,61.224,43.168,0,0.544,0.393,0.026,0.125,0.561,0.921,2.581,-2.854e-4,0,0.011,1.055,1.044,0.018,890.284,0.001,336.137,0.188,6.4,32.17
24.835,2.905,2643.123,456.9,0.262,0.003,61.406,43.168,0,0.544,0.393,0.026,0.125,0.556,0.77,2.174,-5.067e-5,0,0.011,1.055,1.044,0.019,890.402,0.001,336.141,0.189,6.4,32.17
24.853,2.403,2643.123,456.9,0.262,0.003,61.583,43.168,0,0.544,0.393,0.026,0.125,0.553,0.63,1.799,2.983e-4,0,0.011,1.055,1.044,0.012,890.524,0.001,336.145,0.189,6.4,32.17
24.871,2.071,2643.123,456.9,0.262,0.003,61.702,43.168,0,0.544,0.393,0.026,0.125,0.551,0.538,1.558,7.078e-5,0,0.011,1.055,1.044,0.002,890.645,0.001,336.15,0.189,6.4,32.17
24.889,2.054,2643.123,456.9,0.262,0.003,61.707,43.168,0,0.544,0.393,0.026,0.125,0.55,0.534,1.55,-4.446e-4,0,0.011,1.055,1.044,-0.003,890.767,0.001,336.154,0.19,6.4,32.17
24.907,2.382,2643.123,456.9,0.262,0.003,61.587,43.168,0,0.544,0.393,0.026,0.125,0.553,0.624,1.81,-3.74e-4,0,0.011,1.055,1.044,-0.016,890.888,0.001,336.159,0.19,6.4,32.17
24.925,2.893,2643.123,456.9,0.262,0.003,61.406,43.168,0,0.544,0.393,0.026,0.125,0.557,0.766,2.205,-1.543e-4,0,0.011,1.055,1.045,-0.021,891.009,0.001,336.163,0.191,6.4,32.17
24.943,3.407,2643.123,456.9,0.262,0.003,61.231,43.168,0,0.544,0.393,0.026,0.125,0.561,0.913,2.595,4.147e-4,0,0.011,1.055,1.045,-0.019,891.131,0.001,336.168,0.191,6.4,32.17
24.961,3.845,2643.123,456.9,0.262,0.003,61.085,43.168,0,0.544,0.393,0.026,0.125,0.565,1.04,2.924,-4.391e-4,0,0.01,1.055,1.045,-0.013,891.254,0.001,336.172,0.192,6.4,32.17
24.979,4.174,2643.123,456.9,0.262,0.003,60.978,43.168,0,0.544,0.393,0.026,0.125,0.569,1.137,3.171,2.211e-4,0,0.01,1.055,1.045,-0.007,891.378,0.001,336.177,0.192,6.4,32.17
24.996,4.358,2643.123,456.9,0.262,0.003,60.92,43.168,0,0.544,0.393,0.026,0.125,0.571,1.192,3.309,1.093e-4,0,0.01,1.055,1.045,-0.002,891.492,0.001,336.181,0.192,6.4,32.17
25.011,4.401,2643.123,456.9,0.262,0.003,60.907,43.168,0,0.544,0.393,0.026,0.125,0.571,1.204,3.339,-4.792e-4,0,0.01,1.055,1.045,-2.374e-4,891.598,0.001,336.185,0.193,6.4,32.17
25.026,4.325,2643.123,456.9,0.262,0.003,60.932,43.168,0,0.544,0.393,0.026,0.125,0.571,1.182,3.28,4.688e-4,0,0.01,1.055,1.045,3.042e-4,891.7,0.001,336.189,0.193,6.4,32.17
25.041,4.151,2643.123,456.9,0.262,0.003,60.989,43.168,0,0.544,0.393,0.026,0.125,0.569,1.13,3.145,2.972e-6,0,0.01,1.055,1.045,0.002,891.801,0.001,336.193,0.193,6.4,32.17
25.056,3.888,2643.123,456.9,0.262,0.003,61.075,43.168,0,0.544,0.393,0.026,0.125,0.566,1.053,2.94,-1.953e-4,0,0.01,1.055,1.045,0.005,891.904,0.001,336.197,0.194,6.4,32.17
25.072,3.542,2643.123,456.9,0.262,0.003,61.19,43.168,0,0.544,0.393,0.026,0.125,0.563,0.952,2.671,4.1e-4,0,0.01,1.055,1.045,0.009,892.013,0.001,336.201,0.194,6.4,32.17
25.089,3.112,2643.123,456.9,0.262,0.003,61.334,43.168,0,0.545,0.393,0.026,0.125,0.559,0.828,2.341,-3.453e-4,0,0.01,1.055,1.045,0.011,892.133,0.001,336.205,0.195,6.4,32.17
25.107,2.672,2643.123,456.9,0.262,0.003,61.484,43.168,0,0.545,0.393,0.026,0.125,0.555,0.704,2.007,1.925e-4,0,0.01,1.055,1.046,0.009,892.262,0.001,336.21,0.195,6.4,32.17
25.126,2.345,2643.123,456.9,0.262,0.003,61.595,43.168,0,0.545,0.393,0.026,0.125,0.553,0.614,1.764,1.803e-4,0,0.01,1.055,1.046,0.003,892.391,0.001,336.215,0.195,6.4,32.17
25.144,2.214,2643.123,456.9,0.262,0.003,61.638,43.168,0,0.545,0.393,0.026,0.125,0.552,0.578,1.667,4.818e-4,0,0.01,1.055,1.046,-2.3e-6,892.519,0.001,336.219,0.196,6.4,32.17
25.163,2.345,2643.123,456.9,0.262,0.003,61.59,43.168,0,0.545,0.393,0.026,0.125,0.553,0.613,1.77,-1.573e-5,0,0.01,1.055,1.046,-0.004,892.648,0.001,336.224,0.196,6.4,32.17
25.181,2.687,2643.123,456.9,0.262,0.003,61.47,43.168,0,0.545,0.393,0.026,0.125,0.556,0.709,2.036,-1.221e-4,0,0.01,1.055,1.046,-0.009,892.776,0.001,336.229,0.197,6.4,32.17
25.199,3.096,2643.123,456.9,0.262,0.003,61.33,43.168,0,0.545,0.393,0.027,0.125,0.559,0.824,2.348,-5.24e-6,0,0.01,1.056,1.046,-0.01,892.903,0.001,336.234,0.197,6.4,32.17
25.215,3.386,2643.123,456.9,0.262,0.003,61.232,43.168,0,0.545,0.393,0.027,0.125,0.562,0.907,2.567,-4.455e-4,0,0.01,1.056,1.046,-0.008,893.014,0.001,336.238,0.198,6.4,32.17
25.229,3.603,2643.123,456.9,0.262,0.003,61.16,43.168,0,0.545,0.393,0.027,0.125,0.564,0.969,2.731,-8.412e-5,0,0.01,1.056,1.046,-0.006,893.115,0.001,336.241,0.198,6.4,32.17
25.243,3.753,2643.123,456.9,0.262,0.003,61.11,43.168,0,0.545,0.393,0.027,0.125,0.565,1.013,2.843,1.8e-4,0,0.01,1.056,1.046,-0.003,893.211,0.001,336.245,0.198,6.4,32.17
25.256,3.849,2643.123,456.9,0.262,0.003,61.079,43.168,0,0.545,0.393,0.027,0.125,0.566,1.041,2.914,-2.555e-4,0,0.009,1.056,1.046,-0.001,893.302,0.001,336.248,0.198,6.4,32.17
25.268,3.888,2643.123,456.9,0.262,0.003,61.066,43.168,0,0.545,0.393,0.027,0.125,0.567,1.052,2.944,1.551e-4,0,0.009,1.056,1.046,-1.452e-4,893.391,0.001,336.252,0.199,6.4,32.17
25.281,3.858,2643.123,456.9,0.262,0.003,61.076,43.168,0,0.545,0.393,0.027,0.125,0.567,1.044,2.92,-1.466e-4,0,0.009,1.056,1.046,1.159e-4,893.479,0.001,336.255,0.199,6.4,32.17
25.293,3.763,2643.123,456.9,0.262,0.003,61.107,43.168,0,0.545,0.393,0.027,0.125,0.566,1.016,2.847,-3.33e-4,0,0.009,1.056,1.046,0.001,893.567,0.001,336.258,0.199,6.4,32.17
25.306,3.606,2643.123,456.9,0.262,0.003,61.159,43.168,0,0.545,0.393,0.027,0.125,0.564,0.97,2.725,1.412e-4,0,0.009,1.056,1.046,0.003,893.657,0.001,336.261,0.2,6.4,32.17
25.319,3.404,2643.123,456.9,0.262,0.003,61.227,43.168,0,0.545,0.393,0.027,0.125,0.562,0.912,2.569,5.934e-5,0,0.009,1.056,1.046,0.004,893.751,0.001,336.265,0.2,6.4,32.17
25.333,3.165,2643.123,456.9,0.262,0.003,61.308,43.168,0,0.545,0.393,0.027,0.125,0.56,0.843,2.386,-2.516e-4,0,0.009,1.056,1.046,0.005,893.851,0.001,336.269,0.2,6.4,32.17
25.348,2.902,2643.123,456.9,0.262,0.003,61.399,43.168,0,0.545,0.393,0.027,0.125,0.558,0.769,2.185,1.961e-5,0,0.009,1.056,1.047,0.005,893.959,0.001,336.273,0.201,6.4,32.17
25.365,2.617,2643.123,456.9,0.262,0.003,61.499,43.168,0,0.545,0.393,0.027,0.125,0.556,0.689,1.97,-1.603e-4,0,0.009,1.056,1.047,0.004,894.078,0.001,336.277,0.201,6.4,32.17
25.383,2.389,2643.123,456.9,0.262,0.003,61.581,43.168,0,0.545,0.393,0.027,0.125,0.554,0.626,1.8,8.18e-5,0,0.009,1.056,1.047,9.205e-4,894.211,0.001,336.282,0.201,6.4,32.17
25.402,2.33,2643.123,456.9,0.262,0.003,61.606,43.168,0,0.546,0.393,0.027,0.125,0.554,0.61,1.757,-4.699e-5,0,0.009,1.056,1.047,-1.713e-4,894.345,0.001,336.287,0.202,6.4,32.17
25.42,2.46,2643.123,456.9,0.262,0.003,61.564,43.168,0,0.546,0.393,0.027,0.125,0.555,0.645,1.858,-5.366e-5,0,0.009,1.056,1.047,-0.002,894.479,0.001,336.292,0.202,6.4,32.17
25.439,2.691,2643.123,456.9,0.262,0.003,61.486,43.168,0,0.546,0.393,0.027,0.125,0.557,0.71,2.037,4.149e-4,0,0.009,1.056,1.047,-0.005,894.613,0.001,336.297,0.203,6.4,32.17
25.457,2.953,2643.123,456.9,0.262,0.003,61.397,43.168,0,0.546,0.393,0.027,0.125,0.559,0.783,2.237,1.159e-4,0,0.009,1.056,1.047,-0.005,894.747,0.001,336.302,0.203,6.4,32.17
25.474,3.173,2643.123,456.9,0.262,0.003,61.322,43.168,0,0.546,0.393,0.027,0.125,0.561,0.846,2.404,3.221e-4,0,0.009,1.056,1.047,-0.004,894.87,0.001,336.306,0.204,6.4,32.17
25.49,3.327,2643.123,456.9,0.262,0.003,61.271,43.168,0,0.546,0.393,0.027,0.125,0.562,0.89,2.52,3.482e-4,0,0.009,1.056,1.047,-0.002,894.982,0.001,336.311,0.204,6.4,32.17
25.504,3.417,2643.123,456.9,0.262,0.003,61.241,43.168,0,0.546,0.393,0.027,0.125,0.563,0.916,2.588,-4.101e-4,0,0.009,1.056,1.047,-9.719e-4,895.088,0.001,336.314,0.204,6.4,32.17
25.518,3.447,2643.123,456.9,0.262,0.003,61.231,43.168,0,0.546,0.393,0.027,0.125,0.563,0.924,2.609,4.241e-4,0,0.009,1.056,1.047,-1.923e-4,895.19,0.001,336.318,0.205,6.4,32.17
25.532,3.419,2643.123,456.9,0.262,0.003,61.241,43.168,0,0.546,0.393,0.027,0.125,0.563,0.917,2.588,-4.337e-4,0,0.009,1.056,1.047,9.923e-6,895.292,0.001,336.322,0.205,6.4,32.17
25.546,3.339,2643.123,456.9,0.262,0.003,61.268,43.168,0,0.546,0.393,0.027,0.125,0.563,0.894,2.527,-2.662e-4,0,0.009,1.056,1.047,3.54e-4,895.393,0.001,336.326,0.205,6.4,32.17
25.56,3.22,2643.123,456.9,0.262,0.003,61.309,43.168,0,0.546,0.393,0.027,0.125,0.562,0.859,2.435,-2.868e-4,0,0.009,1.056,1.047,0.001,895.497,0.001,336.33,0.206,6.4,32.17
25.575,3.059,2643.123,456.9,0.262,0.003,61.364,43.168,0,0.546,0.393,0.028,0.126,0.56,0.814,2.312,1.777e-4,0,0.009,1.056,1.047,0.002,895.604,0.001,336.334,0.206,6.4,32.17
25.59,2.864,2643.123,456.9,0.262,0.003,61.431,43.168,0,0.546,0.393,0.028,0.126,0.559,0.758,2.162,-1.462e-4,0,0.009,1.056,1.048,0.002,895.715,0.001,336.338,0.206,6.4,32.17
25.606,2.655,2643.123,456.9,0.262,0.003,61.505,43.168,0,0.546,0.393,0.028,0.126,0.557,0.7,2.004,-1.154e-4,0,0.009,1.056,1.048,0.002,895.832,0.001,336.342,0.207,6.4,32.17
25.623,2.485,2643.123,456.9,0.262,0.003,61.565,43.168,0,0.546,0.393,0.028,0.126,0.556,0.653,1.875,4.863e-4,0,0.009,1.056,1.048,6.82e-4,895.956,0.001,336.347,0.207,6.4,32.17
25.64,2.409,2643.123,456.9,0.262,0.003,61.591,43.168,0,0.546,0.393,0.028,0.126,0.555,0.632,1.819,2.468e-4,0,0.009,1.056,1.048,-2.216e-7,896.086,0.001,336.351,0.207,6.4,32.17
25.659,2.446,2643.123,456.9,0.262,0.003,61.577,43.168,0,0.547,0.393,0.028,0.126,0.556,0.642,1.847,-3.362e-4,0,0.008,1.056,1.048,-7.548e-4,896.221,0.001,336.356,0.208,6.4,32.17
25.677,2.575,2643.123,456.9,0.262,0.003,61.531,43.168,0,0.547,0.393,0.028,0.126,0.557,0.678,1.947,-2.302e-4,0,0.008,1.056,1.048,-0.002,896.359,0.001,336.362,0.208,6.4,32.17
25.696,2.765,2643.123,456.9,0.262,0.003,61.463,43.168,0,0.547,0.393,0.028,0.126,0.558,0.731,2.091,-5.866e-5,0,0.008,1.056,1.048,-0.003,896.497,0.001,336.367,0.209,6.4,32.17
25.714,2.954,2643.123,456.9,0.262,0.003,61.397,43.168,0,0.547,0.393,0.028,0.126,0.56,0.784,2.236,2.408e-4,0,0.008,1.056,1.048,-0.003,896.632,0.001,336.372,0.209,6.4,32.17
25.731,3.113,2643.123,456.9,0.262,0.003,61.342,43.168,0,0.547,0.393,0.028,0.126,0.561,0.829,2.356,-1.116e-4,0,0.008,1.056,1.048,-0.002,896.764,0.001,336.377,0.21,6.4,32.17
25.749,3.219,2643.123,456.9,0.262,0.003,61.306,43.168,0,0.547,0.393,0.028,0.126,0.562,0.859,2.436,-2.887e-4,0,0.008,1.056,1.048,-6.457e-4,896.894,0.001,336.381,0.21,6.4,32.17
25.766,3.25,2643.123,456.9,0.262,0.003,61.295,43.168,0,0.547,0.393,0.028,0.126,0.563,0.868,2.458,-3.315e-4,0,0.008,1.056,1.048,-3.402e-5,897.022,0.001,336.386,0.21,6.4,32.17
25.783,3.198,2643.123,456.9,0.262,0.003,61.313,43.168,0,0.547,0.393,0.028,0.126,0.562,0.853,2.419,-2.019e-4,0,0.008,1.056,1.048,1.885e-4,897.149,0.001,336.391,0.211,6.4,32.17
25.8,3.068,2643.123,456.9,0.262,0.003,61.357,43.168,0,0.547,0.393,0.028,0.126,0.561,0.816,2.319,1.852e-4,0,0.008,1.056,1.048,9.596e-4,897.279,0.001,336.396,0.211,6.4,32.17
25.818,2.851,2643.123,456.9,0.262,0.003,61.431,43.168,0,0.547,0.393,0.028,0.126,0.559,0.755,2.152,-2.011e-4,0,0.008,1.056,1.048,0.002,897.417,0.001,336.401,0.212,6.4,32.17
25.838,2.59,2643.123,456.9,0.262,0.003,61.52,43.168,0,0.547,0.393,0.028,0.126,0.557,0.682,1.953,2.938e-4,0,0.008,1.056,1.048,0.002,897.562,0.001,336.406,0.212,6.4,32.17
25.857,2.364,2643.123,456.9,0.262,0.003,61.598,43.168,0,0.547,0.393,0.028,0.126,0.556,0.619,1.782,1.26e-4,0,0.008,1.057,1.049,9.368e-4,897.706,0.001,336.411,0.212,6.4,32.17
25.876,2.241,2643.123,456.9,0.262,0.003,61.639,43.168,0,0.547,0.393,0.028,0.126,0.555,0.585,1.688,-4.198e-4,0,0.008,1.057,1.049,1.504e-5,897.851,0.001,336.417,0.213,6.4,32.17
25.895,2.255,2643.123,456.9,0.262,0.003,61.632,43.168,0,0.547,0.393,0.028,0.126,0.555,0.589,1.7,-4.449e-4,0,0.008,1.057,1.049,-7.346e-4,897.997,0.001,336.422,0.213,6.4,32.17
25.914,2.378,2643.123,456.9,0.262,0.003,61.588,43.168,0,0.547,0.393,0.028,0.126,0.556,0.623,1.795,2.061e-4,0,0.008,1.057,1.049,-0.002,898.14,0.001,336.427,0.214,6.4,32.17
25.931,2.536,2643.123,456.9,0.262,0.003,61.532,43.168,0,0.548,0.393,0.029,0.126,0.557,0.667,1.916,-2.088e-4,0,0.008,1.057,1.049,-0.003,898.272,0.001,336.432,0.214,6.4,32.17
25.947,2.693,2643.123,456.9,0.262,0.003,61.478,43.168,0,0.548,0.393,0.029,0.126,0.559,0.71,2.036,3.199e-4,0,0.008,1.057,1.049,-0.003,898.395,0.001,336.437,0.214,6.4,32.17
25.962,2.805,2643.123,456.9,0.262,0.003,61.44,43.168,0,0.548,0.393,0.029,0.126,0.56,0.742,2.121,-1.494e-4,0,0.008,1.057,1.049,-0.002,898.511,0.001,336.441,0.215,6.4,32.17
25.977,2.886,2643.123,456.9,0.262,0.003,61.412,43.168,0,0.548,0.393,0.029,0.126,0.56,0.765,2.181,-4.648e-4,0,0.008,1.057,1.049,-0.002,898.623,0.001,336.445,0.215,6.4,32.17
25.991,2.943,2643.123,456.9,0.262,0.003,61.393,43.168,0,0.548,0.393,0.029,0.126,0.561,0.781,2.224,-2.406e-4,0,0.008,1.057,1.049,-0.001,898.732,0.001,336.449,0.215,6.4,32.17
26.005,2.985,2643.123,456.9,0.262,0.003,61.379,43.168,0,0.548,0.393,0.029,0.126,0.561,0.793,2.257,-2.572e-5,0,0.008,1.057,1.049,-4.397e-4,898.845,0.001,336.453,0.216,6.4,32.17
26.019,3.008,2643.123,456.9,0.262,0.003,61.371,43.168,0,0.548,0.393,0.029,0.126,0.561,0.799,2.273,6.871e-5,0,0.008,1.057,1.049,-4.842e-5,898.957,0.001,336.457,0.216,6.4,32.17
26.033,2.983,2643.123,456.9,0.262,0.003,61.38,43.168,0,0.548,0.393,0.029,0.126,0.561,0.792,2.255,3.793e-4,0,0.007,1.057,1.049,5.12e-5,899.069,0.001,336.461,0.216,6.4,32.17
26.047,2.914,2643.123,456.9,0.262,0.003,61.404,43.168,0,0.548,0.393,0.029,0.126,0.561,0.773,2.201,-3.144e-4,0,0.007,1.057,1.049,4.155e-4,899.181,0.001,336.465,0.217,6.4,32.17
26.061,2.801,2643.123,456.9,0.262,0.003,61.444,43.168,0,0.548,0.393,0.029,0.126,0.56,0.741,2.114,-2.111e-4,0,0.007,1.057,1.049,0.001,899.297,0.001,336.469,0.217,6.4,32.17
26.076,2.647,2643.123,456.9,0.262,0.003,61.497,43.168,0,0.548,0.393,0.029,0.126,0.559,0.698,1.997,-4.79e-4,0,0.007,1.057,1.049,0.002,899.418,0.001,336.474,0.217,6.4,32.17
26.092,2.464,2643.123,456.9,0.262,0.003,61.563,43.168,0,0.548,0.393,0.029,0.126,0.557,0.647,1.858,2.821e-4,0,0.007,1.057,1.049,0.002,899.548,0.001,336.478,0.218,6.4,32.17
26.109,2.285,2643.123,456.9,0.262,0.003,61.628,43.168,0,0.548,0.393,0.029,0.126,0.556,0.597,1.722,4.54e-4,0,0.007,1.057,1.05,0.001,899.691,0.001,336.483,0.218,6.4,32.17
26.129,2.159,2643.123,456.9,0.262,0.003,61.676,43.168,0,0.548,0.393,0.029,0.126,0.556,0.563,1.628,2.877e-4,0,0.007,1.057,1.05,1.906e-4,899.851,0.001,336.489,0.219,6.4,32.17
26.148,2.134,2643.123,456.9,0.262,0.003,61.688,43.168,0,0.548,0.393,0.029,0.126,0.555,0.556,1.61,1.119e-4,0,0.007,1.057,1.05,-1.164e-4,900.012,0.001,336.495,0.219,6.4,32.17
26.168,2.206,2643.123,456.9,0.262,0.003,61.666,43.168,0,0.548,0.393,0.029,0.126,0.556,0.576,1.665,-3.918e-5,0,0.007,1.057,1.05,-0.001,900.173,0.001,336.5,0.219,6.4,32.17
26.187,2.366,2643.123,456.9,0.262,0.003,61.611,43.168,0,0.548,0.393,0.029,0.126,0.557,0.62,1.789,-3.198e-5,0,0.007,1.057,1.05,-0.002,900.334,0.001,336.506,0.22,6.4,32.17
26.205,2.543,2643.123,456.9,0.262,0.003,61.55,43.168,0,0.549,0.393,0.029,0.126,0.558,0.669,1.924,1.255e-4,0,0.007,1.057,1.05,-0.002,900.481,0.001,336.511,0.22,6.4,32.17
26.221,2.695,2643.123,456.9,0.262,0.003,61.498,43.168,0,0.549,0.393,0.029,0.126,0.56,0.711,2.039,2.541e-4,0,0.007,1.057,1.05,-0.002,900.612,0.001,336.516,0.221,6.4,32.17
26.236,2.805,2643.123,456.9,0.262,0.003,61.46,43.168,0,0.549,0.393,0.029,0.126,0.561,0.742,2.123,2.836e-4,0,0.007,1.057,1.05,-9.974e-4,900.734,0.001,336.52,0.221,6.4,32.17
26.25,2.87,2643.123,456.9,0.262,0.003,61.438,43.168,0,0.549,0.393,0.029,0.126,0.561,0.76,2.171,1.906e-4,0,0.007,1.057,1.05,-3.44e-4,900.85,0.001,336.524,0.221,6.4,32.17
26.263,2.889,2643.123,456.9,0.262,0.003,61.432,43.168,0,0.549,0.393,0.029,0.126,0.561,0.766,2.186,1.905e-4,0,0.007,1.057,1.05,-2.029e-5,900.962,0.001,336.528,0.222,6.4,32.17
26.277,2.862,2643.123,456.9,0.262,0.003,61.442,43.168,0,0.549,0.393,0.029,0.126,0.561,0.758,2.165,3.299e-5,0,0.007,1.057,1.05,9.113e-5,901.074,0.001,336.532,0.222,6.4,32.17
26.29,2.79,2643.123,456.9,0.262,0.003,61.467,43.168,0,0.549,0.393,0.03,0.126,0.561,0.738,2.109,4.969e-4,0,0.007,1.057,1.05,5.131e-4,901.186,0.001,336.536,0.222,6.4,32.17
26.304,2.667,2643.123,456.9,0.262,0.003,61.51,43.168,0,0.549,0.393,0.03,0.126,0.56,0.704,2.016,4.339e-4,0,0.007,1.057,1.05,0.001,901.301,0.001,336.54,0.222,6.4,32.17
26.318,2.511,2643.123,456.9,0.262,0.003,61.565,43.168,0,0.549,0.393,0.03,0.126,0.559,0.66,1.896,-4.301e-5,0,0.007,1.057,1.05,0.001,901.42,0.001,336.544,0.223,6.4,32.17
26.333,2.373,2643.123,456.9,0.262,0.003,61.614,43.168,0,0.549,0.393,0.03,0.126,0.558,0.622,1.791,-3.775e-4,0,0.007,1.057,1.05,8.743e-4,901.545,0.001,336.549,0.223,6.4,32.17
26.349,2.281,2643.123,456.9,0.262,0.003,61.646,43.168,0,0.549,0.393,0.03,0.126,0.557,0.597,1.722,-2.968e-4,0,0.007,1.057,1.05,3.732e-4,901.678,0.001,336.553,0.223,6.4,32.17
26.366,2.2,2643.123,456.9,0.262,0.003,61.674,43.168,0,0.549,0.393,0.03,0.127,0.557,0.574,1.661,-1.004e-4,0,0.007,1.057,1.05,8.674e-5,901.816,0.001,336.558,0.224,6.4,32.17
26.383,2.162,2643.123,456.9,0.262,0.003,61.687,43.168,0,0.549,0.393,0.03,0.127,0.556,0.564,1.632,8.748e-5,0,0.007,1.057,1.05,-1.946e-5,901.962,0.001,336.563,0.224,6.4,32.17
26.401,2.183,2643.123,456.9,0.262,0.003,61.678,43.168,0,0.549,0.393,0.03,0.127,0.557,0.57,1.648,-5.041e-5,0,0.007,1.057,1.051,-3.553e-4,902.117,0.001,336.569,0.225,6.4,32.17
26.421,2.247,2643.123,456.9,0.262,0.003,61.653,43.168,0,0.549,0.393,0.03,0.127,0.557,0.587,1.697,-4.115e-4,0,0.007,1.057,1.051,-9.927e-4,902.281,0.001,336.575,0.225,6.4,32.17
26.441,2.369,2643.123,456.9,0.262,0.003,61.608,43.168,0,0.549,0.393,0.03,0.127,0.558,0.621,1.79,4.687e-4,0,0.007,1.057,1.051,-0.001,902.449,0.001,336.58,0.225,6.4,32.17
26.46,2.505,2643.123,456.9,0.262,0.003,61.558,43.168,0,0.549,0.393,0.03,0.127,0.559,0.659,1.894,2.857e-4,0,0.007,1.057,1.051,-0.001,902.617,0.001,336.586,0.226,6.4,32.17
26.48,2.594,2643.123,456.9,0.262,0.003,61.527,43.168,0,0.55,0.393,0.03,0.127,0.56,0.683,1.961,-3.906e-4,0,0.007,1.057,1.051,-4.833e-4,902.782,0.001,336.592,0.226,6.4,32.17
26.498,2.618,2643.123,456.9,0.262,0.003,61.518,43.168,0,0.55,0.393,0.03,0.127,0.56,0.69,1.979,3.997e-4,0,0.007,1.057,1.051,-8.249e-5,902.934,0.001,336.598,0.227,6.4,32.17
26.515,2.609,2643.123,456.9,0.262,0.003,61.521,43.168,0,0.55,0.393,0.03,0.127,0.56,0.687,1.971,-2.583e-4,0,0.007,1.058,1.051,7.784e-6,903.081,0.001,336.603,0.227,6.4,32.17
26.532,2.558,2643.123,456.9,0.262,0.003,61.538,43.168,0,0.55,0.393,0.03,0.127,0.56,0.673,1.932,3.988e-4,0,0.007,1.058,1.051,1.882e-4,903.224,0.001,336.608,0.227,6.4,32.17
26.549,2.467,2643.123,456.9,0.262,0.003,61.569,43.168,0,0.55,0.393,0.03,0.127,0.559,0.648,1.862,3.035e-5,0,0.007,1.058,1.051,5.03e-4,903.367,0.001,336.613,0.228,6.4,32.17
26.565,2.346,2643.123,456.9,0.262,0.003,61.611,43.168,0,0.55,0.393,0.03,0.127,0.558,0.615,1.77,1.724e-4,0,0.007,1.058,1.051,7.423e-4,903.51,0.001,336.618,0.228,6.4,32.17
26.582,2.213,2643.123,456.9,0.262,0.003,61.658,43.168,0,0.55,0.393,0.03,0.127,0.558,0.578,1.669,3.287e-4,0,0.007,1.058,1.051,7.023e-4,903.656,0.001,336.623,0.229,6.4,32.17
26.6,2.091,2643.123,456.9,0.262,0.003,61.7,43.168,0,0.55,0.393,0.03,0.127,0.557,0.544,1.576,-2.298e-4,0,0.006,1.058,1.051,3.578e-4,903.804,0.001,336.628,0.229,6.4,32.17
26.617,2.025,2643.123,456.9,0.262,0.003,61.723,43.168,0,0.55,0.393,0.03,0.127,0.557,0.527,1.527,-1.108e-4,0,0.006,1.058,1.051,5.493e-6,903.956,0.001,336.634,0.229,6.4,32.17
26.635,2.042,2643.123,456.9,0.262,0.003,61.717,43.168,0,0.55,0.393,0.03,0.127,0.557,0.531,1.54,2.083e-4,0,0.006,1.058,1.051,-2.252e-4,904.107,0.001,336.639,0.23,6.4,32.17
26.652,2.125,2643.123,456.9,0.262,0.003,61.688,43.168,0,0.55,0.393,0.031,0.127,0.557,0.554,1.603,3.895e-4,0,0.006,1.058,1.051,-7.32e-4,904.256,0.001,336.644,0.23,6.4,32.17
26.669,2.236,2643.123,456.9,0.262,0.003,61.649,43.168,0,0.55,0.393,0.031,0.127,0.558,0.584,1.688,-1.583e-4,0,0.006,1.058,1.051,-9.932e-4,904.401,0.001,336.649,0.23,6.4,32.17
26.685,2.343,2643.123,456.9,0.262,0.003,61.612,43.168,0,0.55,0.393,0.031,0.127,0.559,0.614,1.77,-2.24e-4,0,0.006,1.058,1.051,-8.631e-4,904.542,0.001,336.654,0.231,6.4,32.17
26.701,2.422,2643.123,456.9,0.262,0.003,61.585,43.168,0,0.55,0.393,0.031,0.127,0.559,0.636,1.829,-1.972e-4,0,0.006,1.058,1.052,-5.246e-4,904.679,0.001,336.659,0.231,6.4,32.17
26.716,2.458,2643.123,456.9,0.262,0.003,61.574,43.168,0,0.55,0.393,0.031,0.127,0.56,0.645,1.857,4.231e-4,0,0.006,1.058,1.052,-2.828e-4,904.814,0.001,336.664,0.232,6.4,32.17
26.732,2.475,2643.123,456.9,0.262,0.003,61.569,43.168,0,0.55,0.393,0.031,0.127,0.56,0.65,1.87,6.639e-6,0,0.006,1.058,1.052,-9.236e-5,904.949,0.001,336.669,0.232,6.4,32.17
26.748,2.472,2643.123,456.9,0.262,0.003,61.571,43.168,0,0.551,0.393,0.031,0.127,0.56,0.649,1.867,1.091e-4,0,0.006,1.058,1.052,-3.239e-6,905.087,0.001,336.673,0.232,6.4,32.17
26.764,2.425,2643.123,456.9,0.262,0.003,61.588,43.168,0,0.551,0.393,0.031,0.127,0.56,0.636,1.832,2.224e-4,0,0.006,1.058,1.052,5.489e-5,905.229,0.001,336.678,0.233,6.4,32.17
26.781,2.338,2643.123,456.9,0.262,0.003,61.62,43.168,0,0.551,0.393,0.031,0.127,0.559,0.612,1.766,3.085e-4,0,0.006,1.058,1.052,2.107e-4,905.377,0.001,336.684,0.233,6.4,32.17
26.799,2.225,2643.123,456.9,0.262,0.003,61.662,43.168,0,0.551,0.393,0.031,0.127,0.558,0.581,1.68,-2.883e-4,0,0.006,1.058,1.052,2.994e-4,905.536,0.001,336.689,0.233,6.4,32.17
26.82,2.093,2643.123,456.9,0.262,0.003,61.712,43.168,0,0.551,0.393,0.031,0.127,0.558,0.545,1.579,3.004e-4,0,0.006,1.058,1.052,1.532e-4,905.714,0.001,336.696,0.234,6.4,32.17
26.84,2.018,2643.123,456.9,0.262,0.003,61.741,43.168,0,0.551,0.393,0.031,0.127,0.557,0.525,1.524,-6.754e-5,0,0.006,1.058,1.052,-1.677e-7,905.894,0.001,336.702,0.234,6.4,32.17
26.86,2.03,2643.123,456.9,0.262,0.003,61.74,43.168,0,0.551,0.393,0.031,0.127,0.557,0.528,1.533,-4.058e-4,0,0.006,1.058,1.052,-1.576e-4,906.071,0.001,336.708,0.235,6.4,32.17
26.878,2.079,2643.123,456.9,0.262,0.003,61.724,43.168,0,0.551,0.393,0.031,0.127,0.558,0.541,1.57,-1.899e-4,0,0.006,1.058,1.052,-3.443e-4,906.232,0.001,336.714,0.235,6.4,32.17
26.895,2.133,2643.123,456.9,0.262,0.003,61.706,43.168,0,0.551,0.393,0.031,0.127,0.558,0.556,1.612,1.703e-4,0,0.006,1.058,1.052,-4.226e-4,906.382,0.001,336.719,0.235,6.4,32.17
26.912,2.21,2643.123,456.9,0.262,0.003,61.679,43.168,0,0.551,0.393,0.031,0.127,0.559,0.577,1.67,7.442e-5,0,0.006,1.058,1.052,-4.098e-4,906.524,0.001,336.724,0.236,6.4,32.17
26.927,2.283,2643.123,456.9,0.262,0.003,61.654,43.168,0,0.551,0.393,0.031,0.127,0.559,0.597,1.726,3.855e-5,0,0.006,1.058,1.052,-2.518e-4,906.659,0.001,336.729,0.236,6.4,32.17
26.941,2.327,2643.123,456.9,0.262,0.003,61.638,43.168,0,0.551,0.393,0.031,0.127,0.56,0.609,1.759,1.636e-4,0,0.006,1.058,1.052,-7.312e-5,906.789,0.001,336.733,0.236,6.4,32.17
26.956,2.327,2643.123,456.9,0.262,0.003,61.638,43.168,0,0.551,0.393,0.031,0.127,0.56,0.61,1.76,-3.876e-4,0,0.006,1.058,1.052,-1.372e-7,906.916,0.001,336.738,0.237,6.4,32.17
26.97,2.286,2643.123,456.9,0.262,0.003,61.653,43.168,0,0.551,0.393,0.031,0.127,0.56,0.598,1.728,1.937e-4,0,0.006,1.058,1.052,4.228e-5,907.042,0.001,336.742,0.237,6.4,32.17
26.984,2.221,2643.123,456.9,0.262,0.003,61.676,43.168,0,0.551,0.393,0.031,0.127,0.559,0.58,1.678,3.996e-4,0,0.006,1.058,1.052,1.329e-4,907.17,0.001,336.747,0.237,6.4,32.17
26.999,2.139,2643.123,456.9,0.262,0.003,61.706,43.168,0,0.551,0.393,0.031,0.127,0.559,0.558,1.616,4.955e-4,0,0.006,1.058,1.052,1.861e-4,907.303,0.001,336.752,0.238,6.4,32.17
27.015,2.043,2643.123,456.9,0.262,0.003,61.74,43.168,0,0.552,0.393,0.032,0.127,0.558,0.532,1.543,-4.908e-4,0,0.006,1.058,1.053,1.844e-4,907.441,0.001,336.756,0.238,6.4,32.17
27.031,1.947,2643.123,456.9,0.262,0.003,61.774,43.168,0,0.552,0.393,0.032,0.127,0.558,0.506,1.469,2.17e-4,0,0.006,1.058,1.053,6.242e-5,907.588,0.001,336.762,0.238,6.4,32.17
27.049,1.882,2643.123,456.9,0.262,0.003,61.795,43.168,0,0.552,0.393,0.032,0.127,0.557,0.488,1.421,4.751e-4,0,0.006,1.058,1.053,-1.864e-5,907.747,0.001,336.767,0.239,6.4,32.17
27.068,1.936,2643.123,456.9,0.262,0.003,61.773,43.168,0,0.552,0.393,0.032,0.127,0.558,0.503,1.461,4.929e-4,0,0.006,1.058,1.053,-3.38e-4,907.92,0.001,336.773,0.239,6.4,32.17
27.089,2.052,2643.123,456.9,0.262,0.003,61.73,43.168,0,0.552,0.393,0.032,0.127,0.558,0.534,1.55,-1.036e-4,0,0.006,1.058,1.053,-5.897e-4,908.106,0.001,336.78,0.239,6.4,32.17
27.11,2.161,2643.123,456.9,0.262,0.003,61.689,43.168,0,0.552,0.393,0.032,0.127,0.559,0.564,1.632,-3.201e-4,0,0.006,1.058,1.053,-4.881e-4,908.294,0.001,336.787,0.24,6.4,32.17
27.13,2.236,2643.123,456.9,0.262,0.003,61.661,43.168,0,0.552,0.393,0.032,0.128,0.56,0.585,1.689,3.929e-4,0,0.006,1.058,1.053,-2.4e-4,908.472,0.001,336.793,0.24,6.4,32.17
27.148,2.268,2643.123,456.9,0.262,0.003,61.649,43.168,0,0.552,0.393,0.032,0.128,0.56,0.593,1.713,1.593e-4,0,0.006,1.059,1.053,-3.969e-5,908.635,0.001,336.799,0.241,6.4,32.17
27.165,2.24,2643.123,456.9,0.262,0.003,61.659,43.168,0,0.552,0.393,0.032,0.128,0.56,0.586,1.692,3.786e-4,0,0.006,1.059,1.053,1.597e-5,908.789,0.001,336.804,0.241,6.4,32.17
27.181,2.165,2643.123,456.9,0.262,0.003,61.685,43.168,0,0.552,0.393,0.032,0.128,0.559,0.565,1.635,2.046e-4,0,0.006,1.059,1.053,1.467e-4,908.94,0.001,336.809,0.241,6.4,32.17
27.198,2.061,2643.123,456.9,0.262,0.003,61.721,43.168,0,0.552,0.393,0.032,0.128,0.559,0.537,1.555,1.504e-4,0,0.006,1.059,1.053,2.566e-4,909.093,0.001,336.815,0.242,6.4,32.17
27.215,1.989,2643.123,456.9,0.262,0.003,61.746,43.168,0,0.552,0.393,0.032,0.128,0.559,0.517,1.501,4.171e-4,0,0.005,1.059,1.053,2.912e-4,909.247,0.001,336.82,0.242,6.4,32.17
27.232,1.911,2643.123,456.9,0.262,0.003,61.774,43.168,0,0.552,0.393,0.032,0.128,0.558,0.496,1.441,-2.062e-4,0,0.005,1.059,1.053,2.388e-4,909.401,0.001,336.826,0.242,6.4,32.17
27.249,1.831,2643.123,456.9,0.262,0.003,61.802,43.168,0,0.552,0.393,0.032,0.128,0.558,0.474,1.381,2.269e-4,0,0.005,1.059,1.053,9.505e-5,909.557,0.001,336.831,0.243,6.4,32.17
27.266,1.788,2643.123,456.9,0.262,0.003,61.817,43.168,0,0.552,0.393,0.032,0.128,0.558,0.463,1.348,4.051e-4,0,0.005,1.059,1.053,-2.587e-5,909.716,0.001,336.837,0.243,6.4,32.17
27.284,1.821,2643.123,456.9,0.262,0.003,61.806,43.168,0,0.552,0.393,0.032,0.128,0.558,0.472,1.374,-3.97e-5,0,0.005,1.059,1.053,-4.058e-4,909.876,0.001,336.842,0.244,6.4,32.17
27.301,1.913,2643.123,456.9,0.262,0.003,61.774,43.168,0,0.553,0.392,0.032,0.128,0.558,0.496,1.444,1.291e-4,0,0.005,1.059,1.053,-8.66e-4,910.034,0.001,336.848,0.244,6.4,32.17
27.318,2.013,2643.123,456.9,0.262,0.003,61.74,43.168,0,0.553,0.392,0.032,0.128,0.559,0.523,1.52,-2.565e-5,0,0.005,1.059,1.053,-0.001,910.189,0.001,336.853,0.244,6.4,32.17
27.335,2.11,2643.123,456.9,0.262,0.003,61.706,43.168,0,0.553,0.392,0.032,0.128,0.56,0.55,1.594,-4.855e-4,0,0.005,1.059,1.054,-8.08e-4,910.341,0.001,336.859,0.245,6.4,32.17
27.351,2.188,2643.123,456.9,0.262,0.003,61.679,43.168,0,0.553,0.392,0.032,0.128,0.56,0.571,1.654,3.569e-4,0,0.005,1.059,1.054,-4.409e-4,910.491,0.001,336.864,0.245,6.4,32.17
27.367,2.237,2643.123,456.9,0.262,0.003,61.662,43.168,0,0.553,0.392,0.033,0.128,0.561,0.585,1.691,-3.152e-4,0,0.005,1.059,1.054,-6.986e-5,910.639,0.001,336.869,0.245,6.4,32.17
27.383,2.222,2643.123,456.9,0.262,0.003,61.668,43.168,0,0.553,0.392,0.033,0.128,0.561,0.581,1.679,-3.064e-4,0,0.005,1.059,1.054,2.607e-5,910.785,0.001,336.874,0.246,6.4,32.17
27.399,2.142,2643.123,456.9,0.262,0.003,61.697,43.168,0,0.553,0.392,0.033,0.128,0.56,0.559,1.618,-1.741e-4,0,0.005,1.059,1.054,2.967e-4,910.934,0.001,336.88,0.246,6.4,32.17
27.416,2.037,2643.123,456.9,0.262,0.003,61.736,43.168,0,0.553,0.392,0.033,0.128,0.56,0.53,1.538,4.013e-4,0,0.005,1.059,1.054,5.29e-4,911.091,0.001,336.885,0.246,6.4,32.17
27.435,1.914,2643.123,456.9,0.262,0.003,61.783,43.168,0,0.553,0.392,0.033,0.128,0.559,0.497,1.444,4.902e-4,0,0.005,1.059,1.054,5.659e-4,911.263,0.001,336.891,0.247,6.4,32.17
27.456,1.764,2643.123,456.9,0.262,0.003,61.84,43.168,0,0.553,0.392,0.033,0.128,0.558,0.456,1.332,1.277e-4,0,0.005,1.059,1.054,2.56e-4,911.46,0.001,336.898,0.247,6.4,32.17
27.477,1.649,2643.123,456.9,0.262,0.003,61.886,43.168,0,0.553,0.392,0.033,0.128,0.558,0.426,1.245,2.169e-4,0,0.005,1.059,1.054,-7.046e-5,911.661,0.001,336.905,0.248,6.4,32.17
27.498,1.723,2643.123,456.9,0.262,0.003,61.862,43.168,0,0.553,0.392,0.033,0.128,0.558,0.445,1.302,-2.827e-4,0,0.005,1.059,1.054,-0.001,911.851,0.001,336.912,0.248,6.4,32.17
27.516,1.886,2643.123,456.9,0.262,0.003,61.804,43.168,0,0.553,0.392,0.033,0.128,0.559,0.489,1.427,-3.142e-5,0,0.005,1.059,1.054,-0.002,912.017,0.001,336.918,0.248,6.4,32.17
27.532,2.04,2643.123,456.9,0.262,0.003,61.749,43.168,0,0.553,0.392,0.033,0.128,0.56,0.531,1.543,2.441e-4,0,0.005,1.059,1.054,-0.001,912.166,0.001,336.923,0.249,6.4,32.17
27.546,2.158,2643.123,456.9,0.262,0.003,61.707,43.168,0,0.553,0.392,0.033,0.128,0.561,0.563,1.632,-1.151e-4,0,0.005,1.059,1.054,-8.236e-4,912.302,0.001,336.928,0.249,6.4,32.17
27.56,2.208,2643.123,456.9,0.262,0.003,61.689,43.168,0,0.554,0.392,0.033,0.128,0.561,0.577,1.671,-3.898e-4,0,0.005,1.059,1.054,-2.874e-4,912.431,0.001,336.932,0.249,6.4,32.17
27.573,2.207,2643.123,456.9,0.262,0.003,61.69,43.168,0,0.554,0.392,0.033,0.128,0.561,0.577,1.669,-1.482e-4,0,0.005,1.059,1.054,-2.518e-5,912.556,0.001,336.937,0.25,6.4,32.17
27.587,2.165,2643.123,456.9,0.262,0.003,61.705,43.168,0,0.554,0.392,0.033,0.128,0.561,0.565,1.637,2.115e-4,0,0.005,1.059,1.054,3.596e-5,912.682,0.001,336.941,0.25,6.4,32.17
27.6,2.088,2643.123,456.9,0.262,0.003,61.733,43.168,0,0.554,0.392,0.033,0.128,0.561,0.544,1.579,3.876e-4,0,0.005,1.059,1.054,2.292e-4,912.81,0.001,336.946,0.25,6.4,32.17
27.615,1.984,2643.123,456.9,0.262,0.003,61.77,43.168,0,0.554,0.392,0.033,0.128,0.56,0.516,1.5,1.693e-4,0,0.005,1.059,1.054,4.482e-4,912.943,0.001,336.95,0.25,6.4,32.17
27.629,1.867,2643.123,456.9,0.262,0.003,61.812,43.168,0,0.554,0.392,0.033,0.128,0.559,0.484,1.41,3.457e-4,0,0.005,1.059,1.054,5.19e-4,913.083,0.001,336.955,0.251,6.4,32.17
27.645,1.758,2643.123,456.9,0.262,0.003,61.851,43.168,0,0.554,0.392,0.033,0.128,0.559,0.455,1.328,-3.718e-4,0,0.005,1.059,1.054,3.475e-4,913.234,0.001,336.961,0.251,6.4,32.17
27.663,1.669,2643.123,456.9,0.262,0.003,61.882,43.168,0,0.554,0.392,0.033,0.128,0.558,0.431,1.26,-6.716e-5,0,0.005,1.059,1.054,9.646e-5,913.399,0.001,336.967,0.251,6.4,32.17
27.682,1.627,2643.123,456.9,0.262,0.003,61.894,43.168,0,0.554,0.392,0.033,0.128,0.558,0.42,1.228,-3.791e-4,0,0.005,1.059,1.055,-1.984e-5,913.582,0.001,336.973,0.252,6.4,32.17
27.704,1.671,2643.123,456.9,0.262,0.003,61.875,43.168,0,0.554,0.392,0.033,0.128,0.559,0.431,1.262,-4.55e-4,0,0.005,1.059,1.055,-3.899e-4,913.789,0.001,336.98,0.252,6.4,32.17
27.726,1.782,2643.123,456.9,0.262,0.003,61.832,43.168,0,0.554,0.392,0.034,0.128,0.559,0.461,1.346,-1.02e-6,0,0.005,1.059,1.055,-7.094e-4,913.997,0.001,336.988,0.253,6.4,32.17
27.746,1.891,2643.123,456.9,0.262,0.003,61.791,43.168,0,0.554,0.392,0.034,0.128,0.56,0.491,1.429,-8.149e-5,0,0.005,1.059,1.055,-5.958e-4,914.184,0.001,336.994,0.253,6.4,32.17
27.763,1.962,2643.123,456.9,0.262,0.003,61.765,43.168,0,0.554,0.392,0.034,0.128,0.56,0.51,1.482,-6.96e-5,0,0.005,1.06,1.055,-3.021e-4,914.351,0.001,337,0.253,6.4,32.17
27.779,1.99,2643.123,456.9,0.262,0.003,61.755,43.168,0,0.554,0.392,0.034,0.128,0.561,0.518,1.503,9.844e-5,0,0.005,1.06,1.055,-7.274e-5,914.506,0.001,337.006,0.254,6.4,32.17
27.795,1.978,2643.123,456.9,0.262,0.003,61.758,43.168,0,0.554,0.392,0.034,0.128,0.561,0.514,1.495,4.631e-4,0,0.005,1.06,1.055,1.567e-7,914.655,0.001,337.011,0.254,6.4,32.17
27.811,1.936,2643.123,456.9,0.262,0.003,61.774,43.168,0,0.555,0.392,0.034,0.128,0.561,0.503,1.462,-2.772e-4,0,0.005,1.06,1.055,6.572e-5,914.803,0.001,337.016,0.254,6.4,32.17
27.826,1.867,2643.123,456.9,0.262,0.003,61.798,43.168,0,0.555,0.392,0.034,0.128,0.56,0.484,1.41,-3.449e-4,0,0.005,1.06,1.055,1.885e-4,914.951,0.001,337.021,0.255,6.4,32.17
27.842,1.781,2643.123,456.9,0.262,0.003,61.829,43.168,0,0.555,0.392,0.034,0.128,0.56,0.461,1.344,1.237e-4,0,0.005,1.06,1.055,2.602e-4,915.103,0.001,337.027,0.255,6.4,32.17
27.858,1.697,2643.123,456.9,0.262,0.003,61.859,43.168,0,0.555,0.392,0.034,0.128,0.559,0.439,1.281,-2.286e-4,0,0.005,1.06,1.055,2.322e-4,915.258,0.001,337.032,0.255,6.4,32.17
27.875,1.62,2643.123,456.9,0.262,0.003,61.887,43.168,0,0.555,0.392,0.034,0.128,0.559,0.418,1.222,-2.557e-4,0,0.005,1.06,1.055,1.223e-4,915.418,0.001,337.038,0.256,6.4,32.17
27.892,1.559,2643.123,456.9,0.262,0.003,61.91,43.168,0,0.555,0.392,0.034,0.129,0.559,0.402,1.176,4.662e-5,0,0.005,1.06,1.055,4.713e-6,915.585,0.001,337.044,0.256,6.4,32.17
27.91,1.558,2643.123,456.9,0.262,0.003,61.912,43.168,0,0.555,0.392,0.034,0.129,0.559,0.401,1.175,3.727e-4,0,0.005,1.06,1.055,-1.313e-4,915.76,0.001,337.05,0.256,6.4,32.17
27.929,1.635,2643.123,456.9,0.262,0.003,61.886,43.168,0,0.555,0.392,0.034,0.129,0.559,0.422,1.234,-4.856e-4,0,0.005,1.06,1.055,-4.894e-4,915.942,0.001,337.056,0.257,6.4,32.17
27.948,1.745,2643.123,456.9,0.262,0.003,61.848,43.168,0,0.555,0.392,0.034,0.129,0.56,0.451,1.318,-3.083e-4,0,0.005,1.06,1.055,-5.99e-4,916.125,0.001,337.063,0.257,6.4,32.17
27.967,1.839,2643.123,456.9,0.262,0.003,61.816,43.168,0,0.555,0.392,0.034,0.129,0.561,0.477,1.389,4.034e-4,0,0.005,1.06,1.055,-3.836e-4,916.308,0.001,337.069,0.258,6.4,32.17
27.986,1.888,2643.123,456.9,0.262,0.003,61.799,43.168,0,0.555,0.392,0.034,0.129,0.561,0.49,1.427,-3.54e-4,0,0.005,1.06,1.055,-1.082e-4,916.492,0.001,337.076,0.258,6.4,32.17
28.005,1.88,2643.123,456.9,0.262,0.003,61.803,43.168,0,0.555,0.392,0.034,0.129,0.561,0.488,1.42,-4.008e-4,0,0.004,1.06,1.055,-3.596e-8,916.678,0.001,337.082,0.258,6.4,32.17
28.025,1.821,2643.123,456.9,0.262,0.003,61.826,43.168,0,0.555,0.392,0.034,0.129,0.561,0.472,1.375,1.242e-4,0,0.004,1.06,1.055,6.468e-5,916.873,0.001,337.089,0.259,6.4,32.17
28.046,1.728,2643.123,456.9,0.262,0.003,61.862,43.168,0,0.555,0.392,0.035,0.129,0.56,0.447,1.305,-3.267e-4,0,0.004,1.06,1.056,1.447e-4,917.073,0.001,337.096,0.259,6.4,32.17
28.066,1.635,2643.123,456.9,0.262,0.003,61.898,43.168,0,0.556,0.392,0.035,0.129,0.56,0.422,1.235,4.587e-4,0,0.004,1.06,1.056,9.966e-5,917.267,0.001,337.103,0.26,6.4,32.17
28.085,1.575,2643.123,456.9,0.262,0.003,61.923,43.168,0,0.556,0.392,0.035,0.129,0.56,0.406,1.19,-2.242e-5,0,0.004,1.06,1.056,7.063e-6,917.456,0.001,337.11,0.26,6.4,32.17
28.104,1.565,2643.123,456.9,0.262,0.003,61.929,43.168,0,0.556,0.392,0.035,0.129,0.56,0.403,1.182,2.412e-4,0,0.004,1.06,1.056,-4.457e-5,917.638,0.001,337.116,0.26,6.4,32.17
28.121,1.604,2643.123,456.9,0.262,0.003,61.915,43.168,0,0.556,0.392,0.035,0.129,0.56,0.414,1.213,3.062e-4,0,0.004,1.06,1.056,-2.147e-4,917.812,0.001,337.122,0.261,6.4,32.17
28.138,1.673,2643.123,456.9,0.262,0.003,61.89,43.168,0,0.556,0.392,0.035,0.129,0.56,0.432,1.265,-4.513e-5,0,0.004,1.06,1.056,-3.092e-4,917.977,0.001,337.128,0.261,6.4,32.17
28.154,1.738,2643.123,456.9,0.262,0.003,61.867,43.168,0,0.556,0.392,0.035,0.129,0.561,0.45,1.314,-3.769e-4,0,0.004,1.06,1.056,-2.424e-4,918.135,0.001,337.133,0.261,6.4,32.17
28.17,1.775,2643.123,456.9,0.262,0.003,61.853,43.168,0,0.556,0.392,0.035,0.129,0.561,0.459,1.342,-7.726e-5,0,0.004,1.06,1.056,-1.096e-4,918.287,0.001,337.139,0.262,6.4,32.17
28.185,1.783,2643.123,456.9,0.262,0.003,61.85,43.168,0,0.556,0.392,0.035,0.129,0.561,0.462,1.348,3.564e-4,0,0.004,1.06,1.056,-1.804e-5,918.437,0.001,337.144,0.262,6.4,32.17
28.2,1.762,2643.123,456.9,0.262,0.003,61.858,43.168,0,0.556,0.392,0.035,0.129,0.561,0.456,1.332,7.277e-5,0,0.004,1.06,1.056,3.513e-6,918.588,0.001,337.149,0.262,6.4,32.17
28.216,1.728,2643.123,456.9,0.262,0.003,61.87,43.168,0,0.556,0.392,0.035,0.129,0.561,0.447,1.306,-2.41e-4,0,0.004,1.06,1.056,9.06e-5,918.742,0.001,337.155,0.262,6.4,32.17
28.232,1.649,2643.123,456.9,0.262,0.003,61.898,43.168,0,0.556,0.392,0.035,0.129,0.561,0.426,1.246,1.914e-5,0,0.004,1.06,1.056,2.306e-4,918.9,0.001,337.16,0.263,6.4,32.17
28.249,1.532,2643.123,456.9,0.262,0.003,61.94,43.168,0,0.556,0.392,0.035,0.129,0.56,0.394,1.156,-1.646e-4,0,0.004,1.06,1.056,2.461e-4,919.07,0.001,337.166,0.263,6.4,32.17
28.268,1.422,2643.123,456.9,0.262,0.003,61.979,43.168,0,0.556,0.392,0.035,0.129,0.56,0.365,1.073,-4.006e-5,0,0.004,1.06,1.056,2.83e-5,919.259,0.001,337.173,0.263,6.4,32.17
28.291,1.396,2643.123,456.9,0.262,0.003,61.984,43.168,0,0.556,0.392,0.035,0.129,0.56,0.358,1.054,3.354e-4,0,0.004,1.06,1.056,-2.458e-4,919.482,0.001,337.181,0.264,6.4,32.17
28.314,1.537,2643.123,456.9,0.262,0.003,61.929,43.168,0,0.557,0.392,0.035,0.129,0.56,0.396,1.161,-1.087e-4,0,0.004,1.06,1.056,-8.449e-4,919.713,0.001,337.189,0.264,6.4,32.17
28.334,1.689,2643.123,456.9,0.262,0.003,61.872,43.168,0,0.557,0.392,0.035,0.129,0.561,0.436,1.276,3.14e-4,0,0.004,1.06,1.056,-6.579e-4,919.907,0.001,337.196,0.265,6.4,32.17
28.351,1.775,2643.123,456.9,0.262,0.003,61.84,43.168,0,0.557,0.392,0.036,0.129,0.562,0.46,1.341,-3.618e-4,0,0.004,1.06,1.056,-2.575e-4,920.076,0.001,337.202,0.265,6.4,32.17
28.366,1.807,2643.123,456.9,0.262,0.003,61.828,43.168,0,0.557,0.392,0.036,0.129,0.562,0.468,1.365,-2.427e-4,0,0.004,1.061,1.056,-3.526e-5,920.234,0.001,337.208,0.265,6.4,32.17
28.382,1.79,2643.123,456.9,0.262,0.003,61.834,43.168,0,0.557,0.392,0.036,0.129,0.562,0.464,1.352,2.008e-4,0,0.004,1.061,1.056,1.887e-5,920.388,0.001,337.213,0.266,6.4,32.17
28.397,1.728,2643.123,456.9,0.262,0.003,61.857,43.168,0,0.557,0.392,0.036,0.129,0.562,0.447,1.305,-2.246e-4,0,0.004,1.061,1.056,1.748e-4,920.54,0.001,337.218,0.266,6.4,32.17
28.413,1.641,2643.123,456.9,0.262,0.003,61.888,43.168,0,0.557,0.392,0.036,0.129,0.561,0.424,1.239,-8.147e-5,0,0.004,1.061,1.057,3.63e-4,920.697,0.001,337.224,0.266,6.4,32.17
28.429,1.535,2643.123,456.9,0.262,0.003,61.927,43.168,0,0.557,0.392,0.036,0.129,0.561,0.395,1.158,-1.385e-4,0,0.004,1.061,1.057,4.282e-4,920.859,0.001,337.23,0.267,6.4,32.17
28.446,1.425,2643.123,456.9,0.262,0.003,61.967,43.168,0,0.557,0.392,0.036,0.129,0.56,0.366,1.075,-5.054e-5,0,0.004,1.061,1.057,2.575e-4,921.029,0.001,337.236,0.267,6.4,32.17
28.464,1.348,2643.123,456.9,0.262,0.003,61.996,43.168,0,0.557,0.392,0.036,0.129,0.56,0.346,1.017,-2.828e-4,0,0.004,1.061,1.057,1.266e-5,921.21,0.001,337.242,0.267,6.4,32.17
28.483,1.345,2643.123,456.9,0.262,0.003,61.999,43.168,0,0.557,0.392,0.036,0.129,0.56,0.345,1.015,-4.335e-4,0,0.004,1.061,1.057,-1.847e-4,921.402,0.001,337.249,0.268,6.4,32.17
28.503,1.435,2643.123,456.9,0.262,0.003,61.969,43.168,0,0.557,0.392,0.036,0.129,0.561,0.369,1.085,1.446e-4,0,0.004,1.061,1.057,-7.243e-4,921.605,0.001,337.256,0.268,6.4,32.17
28.524,1.606,2643.123,456.9,0.262,0.003,61.909,43.168,0,0.557,0.392,0.036,0.129,0.562,0.414,1.214,-2.3e-4,0,0.004,1.061,1.057,-8.196e-4,921.813,0.001,337.263,0.268,6.4,32.17
28.544,1.743,2643.123,456.9,0.262,0.003,61.86,43.168,0,0.557,0.392,0.036,0.129,0.562,0.451,1.318,-4.956e-4,0,0.004,1.061,1.057,-3.53e-4,922.015,0.001,337.27,0.269,6.4,32.17
28.563,1.788,2643.123,456.9,0.262,0.003,61.844,43.168,0,0.558,0.392,0.036,0.129,0.563,0.463,1.352,-2.831e-4,0,0.004,1.061,1.057,-2.342e-5,922.209,0.001,337.277,0.269,6.4,32.17
28.582,1.75,2643.123,456.9,0.262,0.003,61.859,43.168,0,0.558,0.392,0.036,0.129,0.563,0.453,1.322,2.405e-4,0,0.004,1.061,1.057,8.042e-5,922.403,0.001,337.284,0.27,6.4,32.17
28.602,1.636,2643.123,456.9,0.262,0.003,61.902,43.168,0,0.558,0.392,0.036,0.129,0.562,0.422,1.236,4.658e-4,0,0.004,1.061,1.057,3.91e-4,922.607,0.001,337.291,0.27,6.4,32.17
28.623,1.485,2643.123,456.9,0.262,0.003,61.96,43.168,0,0.558,0.392,0.036,0.129,0.561,0.382,1.122,-2.845e-5,0,0.004,1.061,1.057,4.992e-4,922.818,0.001,337.299,0.27,6.4,32.17
28.644,1.354,2643.123,456.9,0.262,0.003,62.011,43.168,0,0.558,0.392,0.036,0.13,0.561,0.347,1.022,-4.61e-4,0,0.004,1.061,1.057,2.022e-4,923.031,0.001,337.306,0.271,6.4,32.17
28.664,1.295,2643.123,456.9,0.262,0.003,62.036,43.168,0,0.558,0.392,0.036,0.13,0.561,0.332,0.978,-3.522e-4,0,0.004,1.061,1.057,-6.982e-6,923.241,0.001,337.314,0.271,6.4,32.17
28.684,1.337,2643.123,456.9,0.262,0.003,62.022,43.168,0,0.558,0.392,0.037,0.13,0.561,0.343,1.01,-1.992e-4,0,0.004,1.061,1.057,-3.604e-4,923.443,0.001,337.321,0.271,6.4,32.17
28.703,1.44,2643.123,456.9,0.262,0.003,61.984,43.168,0,0.558,0.392,0.037,0.13,0.562,0.37,1.089,2.756e-4,0,0.004,1.061,1.057,-7.052e-4,923.632,0.001,337.327,0.272,6.4,32.17
28.72,1.548,2643.123,456.9,0.262,0.003,61.944,43.168,0,0.558,0.392,0.037,0.13,0.562,0.399,1.171,1.516e-4,0,0.004,1.061,1.057,-6.496e-4,923.808,0.001,337.333,0.272,6.4,32.17
28.736,1.628,2643.123,456.9,0.262,0.003,61.914,43.168,0,0.558,0.392,0.037,0.13,0.563,0.42,1.231,-2.926e-4,0,0.004,1.061,1.057,-3.767e-4,923.974,0.001,337.339,0.272,6.4,32.17
28.752,1.673,2643.123,456.9,0.262,0.003,61.898,43.168,0,0.558,0.392,0.037,0.13,0.563,0.432,1.265,-4.604e-4,0,0.004,1.061,1.057,-1.181e-4,924.133,0.001,337.345,0.273,6.4,32.17
28.767,1.697,2643.123,456.9,0.262,0.003,61.889,43.168,0,0.558,0.392,0.037,0.13,0.563,0.439,1.283,-1.626e-6,0,0.004,1.061,1.057,-3.758e-7,924.29,0.001,337.351,0.273,6.4,32.17
28.782,1.67,2643.123,456.9,0.262,0.003,61.898,43.168,0,0.558,0.392,0.037,0.13,0.563,0.432,1.264,-2.122e-4,0,0.004,1.061,1.057,1.026e-4,924.446,0.001,337.356,0.273,6.4,32.17
28.797,1.591,2643.123,456.9,0.262,0.003,61.927,43.168,0,0.558,0.392,0.037,0.13,0.563,0.41,1.202,-1.701e-4,0,0.004,1.061,1.057,3.82e-4,924.606,0.001,337.362,0.274,6.4,32.17
28.814,1.463,2643.123,456.9,0.262,0.003,61.973,43.168,0,0.559,0.392,0.037,0.13,0.562,0.376,1.106,-2.621e-4,0,0.004,1.061,1.058,3.916e-4,924.775,0.001,337.368,0.274,6.4,32.17
28.833,1.37,2643.123,456.9,0.262,0.003,62.005,43.168,0,0.559,0.392,0.037,0.13,0.562,0.352,1.036,4.988e-4,0,0.004,1.061,1.058,1.207e-4,924.968,0.001,337.374,0.274,6.4,32.17
28.855,1.35,2643.123,456.9,0.262,0.003,62.009,43.168,0,0.559,0.392,0.037,0.13,0.562,0.346,1.019,2.105e-4,0,0.004,1.061,1.058,-2.57e-6,925.196,0.001,337.382,0.275,6.4,32.17
28.878,1.34,2643.123,456.9,0.262,0.003,62.009,43.168,0,0.559,0.392,0.037,0.13,0.562,0.344,1.012,-2.66e-5,0,0.004,1.061,1.058,-1.793e-4,925.44,0.001,337.391,0.275,6.4,32.17
28.899,1.402,2643.123,456.9,0.262,0.003,61.984,43.168,0,0.559,0.392,0.037,0.13,0.562,0.36,1.059,2.82e-4,0,0.004,1.061,1.058,-4.601e-4,925.652,0.001,337.399,0.275,6.4,32.17
28.917,1.492,2643.123,456.9,0.262,0.003,61.95,43.168,0,0.559,0.392,0.037,0.13,0.563,0.384,1.128,-4.841e-4,0,0.004,1.061,1.058,-4.487e-4,925.839,0.001,337.405,0.276,6.4,32.17
28.933,1.563,2643.123,456.9,0.262,0.003,61.924,43.168,0,0.559,0.392,0.037,0.13,0.563,0.403,1.181,3.771e-4,0,0.004,1.061,1.058,-2.593e-4,926.009,0.001,337.411,0.276,6.4,32.17
28.949,1.601,2643.123,456.9,0.262,0.003,61.91,43.168,0,0.559,0.392,0.037,0.13,0.563,0.413,1.209,3.709e-4,0,0.004,1.061,1.058,-7.478e-5,926.169,0.001,337.417,0.276,6.4,32.17
28.963,1.585,2643.123,456.9,0.262,0.003,61.916,43.168,0,0.559,0.392,0.037,0.13,0.563,0.409,1.197,-3.211e-4,0,0.004,1.061,1.058,1.561e-8,926.325,0.001,337.422,0.277,6.4,32.17
28.978,1.529,2643.123,456.9,0.262,0.003,61.936,43.168,0,0.559,0.392,0.037,0.13,0.563,0.394,1.155,2.096e-5,0,0.004,1.062,1.058,5.169e-5,926.481,0.001,337.428,0.277,6.4,32.17
28.994,1.447,2643.123,456.9,0.262,0.003,61.966,43.168,0,0.559,0.392,0.037,0.13,0.563,0.372,1.093,3.544e-4,0,0.004,1.062,1.058,1.187e-4,926.643,0.001,337.433,0.277,6.4,32.17
29.01,1.362,2643.123,456.9,0.262,0.003,61.999,43.168,0,0.559,0.392,0.038,0.13,0.562,0.349,1.028,-4.922e-4,0,0.004,1.062,1.058,9.453e-5,926.813,0.001,337.439,0.277,6.4,32.17
29.028,1.301,2643.123,456.9,0.262,0.003,62.023,43.168,0,0.559,0.392,0.038,0.13,0.562,0.333,0.982,9.683e-5,0,0.003,1.062,1.058,9.905e-6,926.996,0.001,337.446,0.278,6.4,32.17
29.047,1.296,2643.123,456.9,0.262,0.003,62.027,43.168,0,0.559,0.392,0.038,0.13,0.562,0.332,0.978,3.204e-4,0,0.003,1.062,1.058,-3.991e-5,927.193,0.001,337.453,0.278,6.4,32.17
29.067,1.321,2643.123,456.9,0.262,0.003,62.021,43.168,0,0.56,0.392,0.038,0.13,0.562,0.339,0.998,4.842e-4,0,0.003,1.062,1.058,-1.267e-4,927.405,0.001,337.46,0.279,6.4,32.17
29.089,1.356,2643.123,456.9,0.262,0.003,62.011,43.168,0,0.56,0.392,0.038,0.13,0.563,0.348,1.025,3.495e-4,0,0.003,1.062,1.058,-1.791e-4,927.632,0.001,337.468,0.279,6.4,32.17
29.112,1.405,2643.123,456.9,0.262,0.003,61.995,43.168,0,0.56,0.392,0.038,0.13,0.563,0.361,1.062,-3.453e-4,0,0.003,1.062,1.058,-1.46e-4,927.88,0.001,337.477,0.279,6.4,32.17
29.133,1.434,2643.123,456.9,0.262,0.003,61.986,43.168,0,0.56,0.392,0.038,0.13,0.563,0.369,1.084,4.081e-4,0,0.003,1.062,1.058,-5.484e-5,928.105,0.001,337.485,0.28,6.4,32.17
29.153,1.432,2643.123,456.9,0.262,0.003,61.989,43.168,0,0.56,0.392,0.038,0.13,0.563,0.368,1.082,-2.021e-4,0,0.003,1.062,1.058,-3.792e-6,928.309,0.001,337.492,0.28,6.4,32.17
29.171,1.391,2643.123,456.9,0.262,0.003,62.005,43.168,0,0.56,0.392,0.038,0.13,0.563,0.357,1.052,-1.811e-4,0,0.003,1.062,1.058,1.147e-5,928.504,0.001,337.499,0.28,6.4,32.17
29.189,1.328,2643.123,456.9,0.262,0.003,62.03,43.168,0,0.56,0.392,0.038,0.13,0.563,0.341,1.004,-3.74e-5,0,0.003,1.062,1.058,2.666e-5,928.696,0.001,337.506,0.281,6.4,32.17
29.208,1.284,2643.123,456.9,0.262,0.003,62.048,43.168,0,0.56,0.392,0.038,0.13,0.563,0.329,0.971,-4.321e-4,0,0.003,1.062,1.059,7.257e-6,928.89,0.001,337.513,0.281,6.4,32.17
29.226,1.278,2643.123,456.9,0.262,0.003,62.052,43.168,0,0.56,0.392,0.038,0.13,0.563,0.327,0.966,-3.186e-4,0,0.003,1.062,1.059,-5.019e-8,929.083,0.001,337.519,0.281,6.4,32.17
29.244,1.279,2643.123,456.9,0.262,0.003,62.051,43.168,0,0.56,0.392,0.038,0.13,0.563,0.328,0.967,-4.759e-4,0,0.003,1.062,1.059,-4.441e-6,929.273,0.001,337.526,0.282,6.4,32.17
29.262,1.285,2643.123,456.9,0.262,0.003,62.049,43.168,0,0.56,0.392,0.038,0.13,0.563,0.329,0.972,-8.862e-5,0,0.003,1.062,1.059,-3.308e-5,929.462,0.001,337.533,0.282,6.4,32.17
29.28,1.32,2643.123,456.9,0.262,0.003,62.035,43.168,0,0.56,0.392,0.038,0.13,0.563,0.338,0.998,2.262e-4,0,0.003,1.062,1.059,-7.247e-5,929.652,0.001,337.54,0.282,6.4,32.17
29.298,1.364,2643.123,456.9,0.262,0.003,62.018,43.168,0,0.56,0.392,0.038,0.13,0.564,0.35,1.031,-2.092e-4,0,0.003,1.062,1.059,-5.413e-5,929.844,0.001,337.546,0.283,6.4,32.17
29.316,1.357,2643.123,456.9,0.262,0.003,62.02,43.168,0,0.561,0.392,0.038,0.13,0.564,0.348,1.025,-2.645e-4,0,0.003,1.062,1.059,-1.323e-5,930.035,0.001,337.553,0.283,6.4,32.17
29.334,1.325,2643.123,456.9,0.262,0.003,62.03,43.168,0,0.561,0.392,0.038,0.13,0.564,0.34,1.002,-2.869e-4,0,0.003,1.062,1.059,-2.663e-6,930.236,0.001,337.56,0.283,6.4,32.17
29.355,1.297,2643.123,456.9,0.262,0.003,62.038,43.168,0,0.561,0.392,0.039,0.13,0.563,0.332,0.98,5.477e-5,0,0.003,1.062,1.059,-2.205e-6,930.453,0.001,337.568,0.284,6.4,32.17
29.378,1.268,2643.123,456.9,0.262,0.003,62.047,43.168,0,0.561,0.392,0.039,0.13,0.563,0.325,0.958,2.166e-4,0,0.003,1.062,1.059,-2.285e-7,930.697,0.001,337.576,0.284,6.4,32.17
29.401,1.234,2643.123,456.9,0.262,0.003,62.057,43.168,0,0.561,0.392,0.039,0.131,0.563,0.316,0.932,-3.86e-4,0,0.003,1.062,1.059,-6.459e-6,930.951,0.001,337.585,0.285,6.4,32.17
29.423,1.234,2643.123,456.9,0.262,0.003,62.055,43.168,0,0.561,0.392,0.039,0.131,0.563,0.316,0.932,1.909e-4,0,0.003,1.062,1.059,-4.082e-5,931.182,0.001,337.593,0.285,6.4,32.17
29.442,1.256,2643.123,456.9,0.262,0.003,62.045,43.168,0,0.561,0.392,0.039,0.131,0.564,0.322,0.949,3.227e-4,0,0.003,1.062,1.059,-7.381e-5,931.394,0.001,337.601,0.285,6.4,32.17
29.461,1.29,2643.123,456.9,0.262,0.003,62.032,43.168,0,0.561,0.392,0.039,0.131,0.564,0.331,0.975,-1.005e-4,0,0.003,1.062,1.059,-5.013e-5,931.591,0.001,337.608,0.286,6.4,32.17
29.478,1.302,2643.123,456.9,0.262,0.003,62.027,43.168,0,0.561,0.392,0.039,0.131,0.564,0.334,0.983,-3.12e-4,0,0.003,1.062,1.059,-8.012e-6,931.778,0.001,337.615,0.286,6.4,32.17
29.495,1.282,2643.123,456.9,0.262,0.003,62.035,43.168,0,0.561,0.392,0.039,0.131,0.564,0.328,0.968,3.19e-4,0,0.003,1.062,1.059,1.756e-6,931.962,0.001,337.621,0.286,6.4,32.17
29.512,1.25,2643.123,456.9,0.262,0.003,62.047,43.168,0,0.561,0.392,0.039,0.131,0.564,0.32,0.944,4.995e-4,0,0.003,1.062,1.059,8.424e-6,932.147,0.001,337.628,0.287,6.4,32.17
29.53,1.219,2643.123,456.9,0.262,0.003,62.059,43.168,0,0.561,0.392,0.039,0.131,0.564,0.312,0.921,2.949e-4,0,0.003,1.062,1.059,6.592e-6,932.338,0.001,337.634,0.287,6.4,32.17
29.548,1.191,2643.123,456.9,0.262,0.003,62.071,43.168,0,0.561,0.392,0.039,0.131,0.564,0.305,0.9,-4.19e-4,0,0.003,1.062,1.059,2.739e-7,932.535,0.001,337.641,0.287,6.4,32.17
29.567,1.177,2643.123,456.9,0.262,0.003,62.078,43.168,0,0.562,0.392,0.039,0.131,0.564,0.301,0.889,1.288e-5,0,0.003,1.062,1.059,-7.139e-6,932.742,0.001,337.648,0.288,6.4,32.17
29.588,1.179,2643.123,456.9,0.262,0.003,62.08,43.168,0,0.562,0.392,0.039,0.131,0.564,0.302,0.891,1.074e-4,0,0.003,1.062,1.059,-3.782e-5,932.964,0.001,337.656,0.288,6.4,32.17
29.61,1.205,2643.123,456.9,0.262,0.003,62.074,43.168,0,0.562,0.392,0.039,0.131,0.564,0.308,0.91,2.881e-4,0,0.003,1.063,1.059,-8.214e-5,933.205,0.001,337.665,0.288,6.4,32.17
29.635,1.255,2643.123,456.9,0.262,0.003,62.058,43.168,0,0.562,0.392,0.039,0.131,0.564,0.322,0.949,-1.055e-5,0,0.003,1.063,1.06,-6.82e-5,933.472,0.001,337.674,0.289,6.4,32.17
29.657,1.277,2643.123,456.9,0.262,0.003,62.053,43.168,0,0.562,0.392,0.039,0.131,0.565,0.327,0.965,1.69e-4,0,0.003,1.063,1.06,-1.431e-5,933.712,0.001,337.683,0.289,6.4,32.17
29.677,1.262,2643.123,456.9,0.262,0.003,62.06,43.168,0,0.562,0.392,0.039,0.131,0.565,0.323,0.955,-1.762e-4,0,0.003,1.063,1.06,2.498e-8,933.931,0.001,337.69,0.289,6.4,32.17
29.696,1.233,2643.123,456.9,0.262,0.003,62.072,43.168,0,0.562,0.392,0.04,0.131,0.565,0.316,0.933,3.595e-4,0,0.003,1.063,1.06,7.584e-6,934.14,0.001,337.698,0.29,6.4,32.17
29.715,1.192,2643.123,456.9,0.262,0.003,62.089,43.168,0,0.562,0.392,0.04,0.131,0.564,0.305,0.901,-8.994e-5,0,0.003,1.063,1.06,1.882e-5,934.343,0.001,337.705,0.29,6.4,32.17
29.733,1.144,2643.123,456.9,0.262,0.003,62.108,43.168,0,0.562,0.392,0.04,0.131,0.564,0.292,0.865,-4.46e-5,0,0.003,1.063,1.06,9.9e-6,934.547,0.001,337.712,0.29,6.4,32.17
29.752,1.115,2643.123,456.9,0.262,0.003,62.12,43.168,0,0.562,0.392,0.04,0.131,0.564,0.285,0.843,-1.66e-4,0,0.003,1.063,1.06,-1.161e-6,934.753,0.001,337.719,0.291,6.4,32.17
29.771,1.134,2643.123,456.9,0.262,0.003,62.113,43.168,0,0.562,0.392,0.04,0.131,0.564,0.29,0.857,-5.547e-7,0,0.003,1.063,1.06,-1.379e-5,934.962,0.001,337.727,0.291,6.4,32.17
29.79,1.146,2643.123,456.9,0.262,0.003,62.108,43.168,0,0.562,0.391,0.04,0.131,0.565,0.293,0.867,1.173e-4,0,0.003,1.063,1.06,-1.555e-5,935.169,0.001,337.734,0.291,6.4,32.17
29.809,1.146,2643.123,456.9,0.262,0.003,62.107,43.168,0,0.562,0.391,0.04,0.131,0.565,0.293,0.867,3.511e-4,0,0.003,1.063,1.06,-2.61e-5,935.378,0.001,337.741,0.292,6.4,32.17
29.829,1.164,2643.123,456.9,0.262,0.003,62.098,43.168,0,0.563,0.391,0.04,0.131,0.565,0.298,0.881,4.337e-4,0,0.003,1.063,1.06,-5.027e-5,935.596,0.001,337.749,0.292,6.4,32.17
29.85,1.193,2643.123,456.9,0.262,0.003,62.085,43.168,0,0.563,0.391,0.04,0.131,0.565,0.305,0.902,3.734e-4,0,0.003,1.063,1.06,-4.29e-5,935.826,0.001,337.757,0.292,6.4,32.17
29.872,1.203,2643.123,456.9,0.262,0.003,62.079,43.168,0,0.563,0.391,0.04,0.131,0.565,0.308,0.909,-1.088e-4,0,0.003,1.063,1.06,-1.476e-5,936.069,0.001,337.766,0.293,6.4,32.17
29.896,1.194,2643.123,456.9,0.262,0.003,62.081,43.168,0,0.563,0.391,0.04,0.131,0.565,0.305,0.902,-6.346e-5,0,0.003,1.063,1.06,-8.092e-8,936.335,0.001,337.775,0.293,6.4,32.17
29.918,1.153,2643.123,456.9,0.262,0.003,62.095,43.168,0,0.563,0.391,0.04,0.131,0.565,0.295,0.871,-1.187e-4,0,0.003,1.063,1.06,1.903e-5,936.584,0.001,337.784,0.294,6.4,32.17
29.94,1.076,2643.123,456.9,0.262,0.003,62.122,43.168,0,0.563,0.391,0.04,0.131,0.565,0.275,0.813,2.369e-4,0,0.003,1.063,1.06,1.868e-5,936.824,0.001,337.792,0.294,6.4,32.17
29.961,1.034,2643.123,456.9,0.262,0.003,62.135,43.168,0,0.563,0.391,0.04,0.131,0.565,0.264,0.781,-5.652e-6,0,0.003,1.063,1.06,-7.783e-6,937.061,0.001,337.801,0.294,6.4,32.17
29.982,1.057,2643.123,456.9,0.262,0.003,62.126,43.168,0,0.563,0.391,0.04,0.131,0.565,0.27,0.799,-6.638e-5,0,0.003,1.063,1.06,-9.761e-5,937.291,0.001,337.809,0.295,6.4,32.17
30.002,1.108,2643.123,456.9,0.262,0.003,62.107,43.168,0,0.563,0.391,0.04,0.131,0.565,0.283,0.837,-4.991e-4,0,0.003,1.063,1.06,-1.59e-4,937.508,0.001,337.817,0.295,6.4,32.17
30.02,1.161,2643.123,456.9,0.262,0.003,62.088,43.168,0,0.563,0.391,0.04,0.131,0.565,0.297,0.877,1.006e-4,0,0.003,1.063,1.06,-1.312e-4,937.716,0.001,337.824,0.295,6.4,32.17
30.038,1.196,2643.123,456.9,0.262,0.003,62.076,43.168,0,0.563,0.391,0.041,0.131,0.566,0.306,0.904,-9.984e-5,0,0.003,1.063,1.06,-5.134e-5,937.916,0.001,337.831,0.296,6.4,32.17
30.056,1.198,2643.123,456.9,0.262,0.003,62.076,43.168,0,0.563,0.391,0.041,0.131,0.566,0.306,0.905,4.955e-4,0,0.003,1.063,1.06,-1.815e-6,938.114,0.001,337.838,0.296,6.4,32.17
30.074,1.157,2643.123,456.9,0.262,0.003,62.093,43.168,0,0.563,0.391,0.041,0.131,0.566,0.296,0.875,3.438e-5,0,0.003,1.063,1.061,1.15e-5,938.316,0.001,337.845,0.296,6.4,32.17
30.093,1.1,2643.123,456.9,0.262,0.003,62.116,43.168,0,0.564,0.391,0.041,0.131,0.566,0.281,0.831,-3.548e-4,0,0.003,1.063,1.061,2.342e-5,938.531,0.001,337.853,0.297,6.4,32.17
30.115,1.051,2643.123,456.9,0.262,0.003,62.138,43.168,0,0.564,0.391,0.041,0.131,0.565,0.268,0.794,2.698e-4,0,0.003,1.063,1.061,4.631e-6,938.77,0.001,337.861,0.297,6.4,32.17
30.14,1.041,2643.123,456.9,0.262,0.003,62.146,43.168,0,0.564,0.391,0.041,0.131,0.566,0.266,0.787,2.469e-4,0,0.003,1.063,1.061,-1.057e-5,939.049,0.001,337.871,0.297,6.4,32.17
30.165,1.071,2643.123,456.9,0.262,0.003,62.138,43.168,0,0.564,0.391,0.041,0.132,0.566,0.273,0.81,2.442e-4,0,0.003,1.063,1.061,-3.438e-5,939.33,0.001,337.881,0.298,6.4,32.17
30.186,1.096,2643.123,456.9,0.262,0.003,62.131,43.168,0,0.564,0.391,0.041,0.132,0.566,0.28,0.828,3.868e-4,0,0.003,1.063,1.061,-1.989e-5,939.571,0.001,337.889,0.298,6.4,32.17
30.206,1.098,2643.123,456.9,0.262,0.003,62.131,43.168,0,0.564,0.391,0.041,0.132,0.566,0.28,0.831,-3.198e-4,0,0.003,1.063,1.061,-1.14e-6,939.793,0.001,337.897,0.298,6.4,32.17
30.225,1.068,2643.123,456.9,0.262,0.003,62.144,43.168,0,0.564,0.391,0.041,0.132,0.566,0.272,0.807,7.4e-5,0,0.003,1.064,1.061,8.259e-6,940.007,0.001,337.905,0.299,6.4,32.17
30.244,1.007,2643.123,456.9,0.262,0.003,62.167,43.168,0,0.564,0.391,0.041,0.132,0.566,0.257,0.762,-2.342e-4,0,0.003,1.064,1.061,9.787e-6,940.223,0.001,337.912,0.299,6.4,32.17
30.264,0.965,2643.123,456.9,0.262,0.003,62.183,43.168,0,0.564,0.391,0.041,0.132,0.566,0.246,0.73,-4.083e-4,0,0.003,1.064,1.061,-8.303e-6,940.447,0.001,337.92,0.299,6.4,32.17
30.285,0.981,2643.123,456.9,0.262,0.003,62.176,43.168,0,0.564,0.391,0.041,0.132,0.566,0.25,0.743,-3.99e-4,0,0.003,1.064,1.061,-1.169e-4,940.681,0.001,337.928,0.3,6.4,32.17
30.306,1.052,2643.123,456.9,0.262,0.003,62.148,43.168,0,0.564,0.391,0.041,0.132,0.566,0.268,0.796,1.643e-4,0,0.003,1.064,1.061,-1.78e-4,940.921,0.001,337.937,0.3,6.4,32.17
30.327,1.109,2643.123,456.9,0.262,0.003,62.125,43.168,0,0.564,0.391,0.041,0.132,0.566,0.283,0.839,2.104e-4,0,0.003,1.064,1.061,-5.272e-5,941.159,0.001,337.945,0.3,6.4,32.17
30.348,1.101,2643.123,456.9,0.262,0.003,62.127,43.168,0,0.564,0.391,0.041,0.132,0.567,0.281,0.834,4.414e-4,0,0.003,1.064,1.061,4.14e-7,941.395,0.001,337.954,0.301,6.4,32.17
30.369,1.064,2643.123,456.9,0.262,0.003,62.14,43.168,0,0.565,0.391,0.041,0.132,0.566,0.271,0.805,-3.771e-4,0,0.003,1.064,1.061,3.041e-5,941.642,0.001,337.962,0.301,6.4,32.17
30.394,0.996,2643.123,456.9,0.262,0.003,62.163,43.168,0,0.565,0.391,0.042,0.132,0.566,0.254,0.753,2.972e-4,0,0.003,1.064,1.061,5.03e-5,941.917,0.001,337.972,0.301,6.4,32.17
30.42,0.926,2643.123,456.9,0.262,0.003,62.186,43.168,0,0.565,0.391,0.042,0.132,0.566,0.235,0.699,-4.828e-4,0,0.003,1.064,1.061,-2.532e-6,942.217,0.001,337.983,0.302,6.4,32.17
30.444,0.966,2643.123,456.9,0.262,0.003,62.168,43.168,0,0.565,0.391,0.042,0.132,0.566,0.246,0.73,4.478e-4,0,0.003,1.064,1.061,-1.407e-4,942.489,0.001,337.992,0.302,6.4,32.17
30.465,1.014,2643.123,456.9,0.262,0.003,62.149,43.168,0,0.565,0.391,0.042,0.132,0.567,0.258,0.766,-6.573e-5,0,0.003,1.064,1.061,-1.504e-4,942.725,0.001,338,0.303,6.4,32.17
30.484,1.037,2643.123,456.9,0.262,0.003,62.14,43.168,0,0.565,0.391,0.042,0.132,0.567,0.264,0.784,3.834e-4,0,0.003,1.064,1.061,-1.061e-4,942.945,0.001,338.008,0.303,6.4,32.17
30.503,1.056,2643.123,456.9,0.262,0.003,62.134,43.168,0,0.565,0.391,0.042,0.132,0.567,0.269,0.798,-4.441e-4,0,0.002,1.064,1.061,-5.581e-5,943.159,0.001,338.016,0.303,6.4,32.17
30.521,1.07,2643.123,456.9,0.262,0.003,62.129,43.168,0,0.565,0.391,0.042,0.132,0.567,0.273,0.809,1.181e-4,0,0.002,1.064,1.061,-1.661e-6,943.371,0.001,338.023,0.304,6.4,32.17
30.539,1.041,2643.123,456.9,0.262,0.003,62.141,43.168,0,0.565,0.391,0.042,0.132,0.567,0.266,0.787,4.956e-5,0,0.002,1.064,1.062,2.265e-5,943.581,0.001,338.031,0.304,6.4,32.17
30.559,0.981,2643.123,456.9,0.262,0.003,62.165,43.168,0,0.565,0.391,0.042,0.132,0.567,0.25,0.742,2.553e-4,0,0.002,1.064,1.062,6.302e-5,943.801,0.001,338.038,0.304,6.4,32.17
30.579,0.915,2643.123,456.9,0.262,0.003,62.192,43.168,0,0.565,0.391,0.042,0.132,0.567,0.233,0.692,-2.018e-5,0,0.002,1.064,1.062,3.725e-5,944.04,0.001,338.047,0.304,6.4,32.17
30.603,0.872,2643.123,456.9,0.262,0.003,62.213,43.168,0,0.565,0.391,0.042,0.132,0.567,0.221,0.659,-1.3e-4,0,0.002,1.064,1.062,-3.82e-6,944.314,0.001,338.056,0.305,6.4,32.17
30.632,0.925,2643.123,456.9,0.262,0.003,62.199,43.168,0,0.566,0.391,0.042,0.132,0.567,0.235,0.7,-2.137e-4,0,0.002,1.064,1.062,-2.483e-4,944.644,0.001,338.068,0.305,6.4,32.17
30.656,1.042,2643.123,456.9,0.262,0.003,62.157,43.168,0,0.566,0.391,0.042,0.132,0.568,0.266,0.789,-2.928e-4,0,0.002,1.064,1.062,-1.955e-4,944.917,0.001,338.078,0.306,6.4,32.17
30.675,1.07,2643.123,456.9,0.262,0.003,62.148,43.168,0,0.566,0.391,0.042,0.132,0.568,0.273,0.81,3.277e-4,0,0.002,1.064,1.062,-2.957e-5,945.143,0.001,338.086,0.306,6.4,32.17
30.694,1.044,2643.123,456.9,0.262,0.003,62.158,43.168,0,0.566,0.391,0.043,0.132,0.568,0.266,0.79,1.967e-4,0,0.002,1.064,1.062,5.146e-6,945.359,0.001,338.093,0.306,6.4,32.17
30.713,0.997,2643.123,456.9,0.262,0.003,62.177,43.168,0,0.566,0.391,0.043,0.132,0.568,0.254,0.754,4.927e-4,0,0.002,1.064,1.062,7.891e-5,945.577,0.001,338.101,0.307,6.4,32.17
30.732,0.912,2643.123,456.9,0.262,0.003,62.21,43.168,0,0.566,0.391,0.043,0.132,0.567,0.232,0.69,-2.153e-4,0,0.002,1.064,1.062,1.658e-4,945.801,0.001,338.109,0.307,6.4,32.17
30.753,0.812,2643.123,456.9,0.262,0.003,62.249,43.168,0,0.566,0.391,0.043,0.132,0.567,0.206,0.614,3.767e-4,0,0.002,1.064,1.062,6.763e-5,946.043,0.001,338.117,0.307,6.4,32.17
30.776,0.832,2643.123,456.9,0.262,0.003,62.239,43.168,0,0.566,0.391,0.043,0.132,0.567,0.211,0.63,8.16e-5,0,0.002,1.064,1.062,-4.214e-5,946.311,0.001,338.127,0.308,6.4,32.17
30.8,0.928,2643.123,456.9,0.262,0.003,62.2,43.168,0,0.566,0.391,0.043,0.132,0.568,0.236,0.702,-4.746e-4,0,0.002,1.064,1.062,-9.451e-5,946.59,0.001,338.137,0.308,6.4,32.17
30.824,0.978,2643.123,456.9,0.262,0.003,62.18,43.168,0,0.566,0.391,0.043,0.132,0.568,0.249,0.74,3.256e-4,0,0.002,1.064,1.062,-1.204e-5,946.863,0.001,338.146,0.308,6.4,32.17
30.847,0.94,2643.123,456.9,0.262,0.003,62.193,43.168,0,0.566,0.391,0.043,0.132,0.568,0.239,0.711,-2.553e-4,0,0.002,1.064,1.062,1.34e-5,947.137,0.001,338.156,0.309,6.4,32.17
30.873,0.857,2643.123,456.9,0.262,0.003,62.221,43.168,0,0.567,0.391,0.043,0.132,0.568,0.218,0.648,-3.361e-4,0,0.002,1.065,1.062,5.616e-6,947.44,0.001,338.167,0.309,6.4,32.17
30.901,0.835,2643.123,456.9,0.262,0.003,62.225,43.168,0,0.567,0.391,0.043,0.132,0.568,0.212,0.631,-2.319e-5,0,0.002,1.065,1.062,-6.343e-5,947.766,0.001,338.178,0.31,6.4,32.17
30.925,0.904,2643.123,456.9,0.262,0.003,62.197,43.168,0,0.567,0.391,0.043,0.132,0.568,0.23,0.683,-2.508e-4,0,0.002,1.065,1.062,-1.872e-4,948.047,0.001,338.188,0.31,6.4,32.17
30.946,0.986,2643.123,456.9,0.262,0.003,62.166,43.168,0,0.567,0.391,0.043,0.133,0.568,0.251,0.746,-2.569e-4,0,0.002,1.065,1.062,-1.159e-4,948.289,0.001,338.197,0.31,6.4,32.17
30.964,1.015,2643.123,456.9,0.262,0.003,62.155,43.168,0,0.567,0.391,0.043,0.133,0.569,0.259,0.768,1.532e-4,0,0.002,1.065,1.062,-7.323e-6,948.508,0.001,338.204,0.31,6.4,32.17
30.982,0.984,2643.123,456.9,0.262,0.003,62.167,43.168,0,0.567,0.391,0.043,0.133,0.569,0.251,0.744,-3.472e-4,0,0.002,1.065,1.062,2.84e-5,948.72,0.001,338.212,0.311,6.4,32.17
31.001,0.908,2643.123,456.9,0.262,0.003,62.196,43.168,0,0.567,0.391,0.043,0.133,0.568,0.231,0.686,9.659e-5,0,0.002,1.065,1.062,1.066e-4,948.939,0.001,338.22,0.311,6.4,32.17
31.021,0.814,2643.123,456.9,0.262,0.003,62.233,43.168,0,0.567,0.391,0.044,0.133,0.568,0.206,0.615,4.79e-4,0,0.002,1.065,1.063,8.36e-5,949.177,0.001,338.228,0.311,6.4,32.17
31.044,0.755,2643.123,456.9,0.262,0.003,62.26,43.168,0,0.567,0.391,0.044,0.133,0.568,0.191,0.571,-5.172e-6,0,0.002,1.065,1.063,-2.646e-6,949.449,0.001,338.237,0.312,6.4,32.17
31.072,0.819,2643.123,456.9,0.262,0.003,62.242,43.168,0,0.567,0.391,0.044,0.133,0.568,0.208,0.619,3.001e-4,0,0.002,1.065,1.063,-2.02e-4,949.775,0.001,338.249,0.312,6.4,32.17
31.102,0.944,2643.123,456.9,0.262,0.003,62.198,43.168,0,0.567,0.391,0.044,0.133,0.569,0.24,0.715,3.21e-4,0,0.002,1.065,1.063,-1.272e-4,950.128,0.001,338.261,0.313,6.4,32.17
31.125,0.978,2643.123,456.9,0.262,0.003,62.186,43.168,0,0.568,0.391,0.044,0.133,0.569,0.249,0.74,2.082e-4,0,0.002,1.065,1.063,-1.071e-5,950.397,0.001,338.271,0.313,6.4,32.17
31.146,0.957,2643.123,456.9,0.262,0.003,62.195,43.168,0,0.568,0.391,0.044,0.133,0.569,0.244,0.725,2.846e-4,0,0.002,1.065,1.063,2.307e-5,950.645,0.001,338.28,0.313,6.4,32.17
31.167,0.864,2643.123,456.9,0.262,0.003,62.232,43.168,0,0.568,0.391,0.044,0.133,0.569,0.22,0.653,8.389e-5,0,0.002,1.065,1.063,1.349e-4,950.89,0.001,338.288,0.314,6.4,32.17
31.189,0.731,2643.123,456.9,0.262,0.003,62.285,43.168,0,0.568,0.391,0.044,0.133,0.569,0.185,0.554,-1.727e-4,0,0.002,1.065,1.063,6.359e-5,951.154,0.001,338.298,0.314,6.4,32.17
31.214,0.697,2643.123,456.9,0.262,0.003,62.298,43.168,0,0.568,0.391,0.044,0.133,0.569,0.176,0.528,-6.274e-5,0,0.002,1.065,1.063,-1.168e-4,951.449,0.001,338.308,0.314,6.4,32.17
31.24,0.836,2643.123,456.9,0.262,0.003,62.242,43.168,0,0.568,0.391,0.044,0.133,0.569,0.212,0.633,4.342e-4,0,0.002,1.065,1.063,-4.188e-4,951.759,0.001,338.319,0.315,6.4,32.17
31.264,0.97,2643.123,456.9,0.262,0.003,62.19,43.168,0,0.568,0.391,0.044,0.133,0.57,0.247,0.735,3.154e-4,0,0.002,1.065,1.063,-1.531e-4,952.045,0.001,338.329,0.315,6.4,32.17
31.285,1.002,2643.123,456.9,0.262,0.003,62.178,43.168,0,0.568,0.391,0.044,0.133,0.57,0.256,0.759,2.625e-4,0,0.002,1.065,1.063,6.451e-7,952.301,0.001,338.338,0.315,6.4,32.17
31.306,0.933,2643.123,456.9,0.262,0.003,62.204,43.168,0,0.568,0.391,0.044,0.133,0.57,0.237,0.706,2.763e-4,0,0.002,1.065,1.063,1.615e-4,952.55,0.001,338.347,0.316,6.4,32.17
31.329,0.784,2643.123,456.9,0.262,0.003,62.259,43.168,0,0.568,0.391,0.044,0.133,0.569,0.199,0.593,8.586e-5,0,0.002,1.065,1.063,2.839e-4,952.819,0.001,338.356,0.316,6.4,32.17
31.358,0.647,2643.123,456.9,0.262,0.003,62.305,43.168,0,0.568,0.391,0.045,0.133,0.569,0.164,0.489,4.294e-4,0,0.002,1.065,1.063,7.858e-6,953.165,0.001,338.369,0.316,6.4,32.17
31.389,0.694,2643.123,456.9,0.262,0.003,62.283,43.168,0,0.569,0.391,0.045,0.133,0.569,0.176,0.525,-4.445e-4,0,0.002,1.065,1.063,-4.048e-4,953.537,0.001,338.382,0.317,6.4,32.17
31.414,0.858,2643.123,456.9,0.262,0.003,62.221,43.168,0,0.569,0.391,0.045,0.133,0.57,0.218,0.649,-4.583e-4,0,0.002,1.065,1.063,-4.093e-4,953.84,0.001,338.392,0.317,6.4,32.17
31.435,0.947,2643.123,456.9,0.262,0.003,62.187,43.168,0,0.569,0.391,0.045,0.133,0.57,0.241,0.717,2.776e-4,0,0.002,1.065,1.063,-9.892e-5,954.086,0.001,338.401,0.318,6.4,32.17
31.453,0.95,2643.123,456.9,0.262,0.003,62.187,43.168,0,0.569,0.391,0.045,0.133,0.57,0.242,0.719,2.116e-4,0,0.002,1.065,1.063,3.082e-6,954.309,0.001,338.409,0.318,6.4,32.17
31.472,0.861,2643.123,456.9,0.262,0.003,62.221,43.168,0,0.569,0.391,0.045,0.133,0.57,0.219,0.651,2.072e-4,0,0.002,1.065,1.063,1.388e-4,954.531,0.001,338.417,0.318,6.4,32.17
31.492,0.716,2643.123,456.9,0.262,0.003,62.277,43.168,0,0.569,0.391,0.045,0.133,0.57,0.181,0.541,1.08e-4,0,0.002,1.065,1.063,1.929e-4,954.784,0.001,338.425,0.318,6.4,32.17
31.517,0.619,2643.123,456.9,0.262,0.003,62.32,43.168,0,0.569,0.391,0.045,0.133,0.57,0.156,0.468,-1.417e-4,0,0.002,1.066,1.064,-1.17e-6,955.1,0.001,338.436,0.319,6.4,32.17
31.549,0.738,2643.123,456.9,0.262,0.003,62.282,43.168,0,0.569,0.391,0.045,0.133,0.57,0.187,0.558,2.765e-4,0,0.002,1.066,1.064,-2.68e-4,955.503,0.001,338.449,0.319,6.4,32.17
31.577,0.879,2643.123,456.9,0.262,0.003,62.23,43.168,0,0.569,0.391,0.045,0.133,0.571,0.224,0.666,-1.694e-4,0,0.002,1.066,1.064,-7.135e-5,955.852,0.001,338.461,0.32,6.4,32.17
31.598,0.894,2643.123,456.9,0.262,0.003,62.225,43.168,0,0.569,0.391,0.045,0.133,0.571,0.227,0.677,1.143e-5,0,0.002,1.066,1.064,1.792e-5,956.129,0.001,338.47,0.32,6.4,32.17
31.62,0.798,2643.123,456.9,0.262,0.003,62.262,43.168,0,0.569,0.391,0.045,0.133,0.57,0.203,0.604,1.526e-4,0,0.002,1.066,1.064,1.489e-4,956.402,0.001,338.48,0.32,6.4,32.17
31.643,0.675,2643.123,456.9,0.262,0.003,62.312,43.168,0,0.569,0.391,0.045,0.133,0.57,0.171,0.511,-2.052e-4,0,0.002,1.066,1.064,1.072e-4,956.7,0.001,338.49,0.321,6.4,32.17
31.669,0.599,2643.123,456.9,0.262,0.003,62.342,43.168,0,0.57,0.391,0.045,0.133,0.57,0.151,0.454,-5.909e-5,0,0.002,1.066,1.064,-1.861e-5,957.03,0.001,338.501,0.321,6.4,32.17
31.698,0.697,2643.123,456.9,0.262,0.003,62.3,43.168,0,0.57,0.391,0.045,0.133,0.571,0.176,0.528,-1.986e-4,0,0.002,1.066,1.064,-3.879e-4,957.394,0.001,338.513,0.321,6.4,32.17
31.726,0.875,2643.123,456.9,0.262,0.003,62.23,43.168,0,0.57,0.391,0.046,0.133,0.571,0.222,0.663,-1.239e-4,0,0.002,1.066,1.064,-2.151e-4,957.754,0.001,338.525,0.322,6.4,32.17
31.751,0.951,2643.123,456.9,0.262,0.003,62.202,43.168,0,0.57,0.391,0.046,0.133,0.571,0.242,0.72,4.706e-4,0,0.002,1.066,1.064,8.312e-7,958.069,0.001,338.536,0.322,6.4,32.17
31.773,0.831,2643.123,456.9,0.262,0.003,62.248,43.168,0,0.57,0.391,0.046,0.134,0.571,0.211,0.629,-4.723e-6,0,0.002,1.066,1.064,2.577e-4,958.354,0.001,338.545,0.322,6.4,32.17
31.798,0.612,2643.123,456.9,0.262,0.003,62.33,43.168,0,0.57,0.391,0.046,0.134,0.571,0.155,0.464,-3.561e-4,0,0.002,1.066,1.064,3.35e-4,958.672,0.001,338.556,0.323,6.4,32.17
31.831,0.515,2643.123,456.9,0.262,0.003,62.358,43.168,0,0.57,0.391,0.046,0.134,0.571,0.13,0.389,3.003e-4,0,0.002,1.066,1.064,-1.092e-4,959.091,0.001,338.57,0.323,6.4,32.17
31.863,0.737,2643.123,456.9,0.262,0.003,62.273,43.168,0,0.57,0.391,0.046,0.134,0.571,0.187,0.559,-2.304e-4,0,0.002,1.066,1.064,-4.786e-4,959.512,0.001,338.584,0.324,6.4,32.17
31.886,0.878,2643.123,456.9,0.262,0.003,62.219,43.168,0,0.57,0.391,0.046,0.134,0.572,0.223,0.665,-3.168e-4,0,0.002,1.066,1.064,-8.633e-5,959.806,0.001,338.594,0.324,6.4,32.17
31.905,0.886,2643.123,456.9,0.262,0.003,62.217,43.168,0,0.57,0.391,0.046,0.134,0.572,0.225,0.671,-3.265e-4,0,0.002,1.066,1.064,2.202e-5,960.053,0.001,338.602,0.324,6.4,32.17
31.924,0.799,2643.123,456.9,0.262,0.003,62.25,43.168,0,0.571,0.391,0.046,0.134,0.572,0.203,0.604,-3.325e-4,0,0.002,1.066,1.064,2.488e-4,960.295,0.001,338.61,0.325,6.4,32.17
31.945,0.639,2643.123,456.9,0.262,0.003,62.312,43.168,0,0.571,0.391,0.046,0.134,0.571,0.162,0.483,3.96e-4,0,0.002,1.066,1.064,4.167e-4,960.564,0.001,338.619,0.325,6.4,32.17
31.972,0.488,2643.123,456.9,0.262,0.003,62.376,43.168,0,0.571,0.391,0.046,0.134,0.571,0.123,0.369,4.662e-4,0,0.002,1.066,1.064,4.441e-6,960.904,0.001,338.631,0.325,6.4,32.17
32.005,0.634,2643.123,456.9,0.262,0.003,62.33,43.168,0,0.571,0.391,0.046,0.134,0.572,0.16,0.481,-4.041e-4,0,0.002,1.066,1.064,-5.256e-4,961.334,0.001,338.645,0.326,6.4,32.17
32.033,0.801,2643.123,456.9,0.262,0.003,62.267,43.168,0,0.571,0.391,0.046,0.134,0.572,0.203,0.607,-1.439e-4,0,0.002,1.066,1.064,-2.006e-4,961.698,0.001,338.658,0.326,6.4,32.17
32.055,0.839,2643.123,456.9,0.262,0.003,62.253,43.168,0,0.571,0.391,0.046,0.134,0.572,0.213,0.636,2.04e-5,0,0.002,1.066,1.065,-3.418e-6,961.978,0.001,338.667,0.326,6.4,32.17
32.075,0.805,2643.123,456.9,0.262,0.003,62.266,43.168,0,0.571,0.391,0.047,0.134,0.572,0.204,0.61,3.684e-4,0,0.002,1.066,1.065,1.1e-4,962.246,0.001,338.676,0.327,6.4,32.17
32.097,0.678,2643.123,456.9,0.262,0.003,62.315,43.168,0,0.571,0.391,0.047,0.134,0.572,0.172,0.513,-4.589e-4,0,0.002,1.066,1.065,3.784e-4,962.527,0.001,338.685,0.327,6.4,32.17
32.122,0.519,2643.123,456.9,0.262,0.003,62.379,43.168,0,0.571,0.391,0.047,0.134,0.572,0.131,0.393,2.957e-4,0,0.002,1.066,1.065,6.87e-5,962.858,0.001,338.696,0.327,6.4,32.17
32.154,0.594,2643.123,456.9,0.262,0.003,62.345,43.168,0,0.571,0.391,0.047,0.134,0.572,0.15,0.451,2.573e-4,0,0.002,1.066,1.065,-2.068e-4,963.265,0.001,338.71,0.328,6.4,32.17
32.186,0.738,2643.123,456.9,0.262,0.003,62.287,43.168,0,0.571,0.391,0.047,0.134,0.572,0.187,0.559,1.583e-5,0,0.002,1.067,1.065,-1.503e-4,963.678,0.001,338.724,0.328,6.4,32.17
32.215,0.781,2643.123,456.9,0.262,0.003,62.27,43.168,0,0.572,0.391,0.047,0.134,0.573,0.198,0.592,1.65e-4,0,0.002,1.067,1.065,-2.997e-8,964.061,0.001,338.737,0.328,6.4,32.17
32.244,0.708,2643.123,456.9,0.262,0.003,62.297,43.168,0,0.572,0.391,0.047,0.134,0.573,0.179,0.536,1.316e-4,0,0.002,1.067,1.065,1.067e-4,964.436,0.001,338.749,0.329,6.4,32.17
32.274,0.569,2643.123,456.9,0.262,0.003,62.347,43.168,0,0.572,0.391,0.047,0.134,0.572,0.144,0.43,-1.075e-4,0,0.002,1.067,1.065,8.374e-5,964.838,0.001,338.763,0.329,6.4,32.17
32.307,0.54,2643.123,456.9,0.262,0.003,62.354,43.168,0,0.572,0.391,0.047,0.134,0.572,0.136,0.409,-7.287e-5,0,0.002,1.067,1.065,-5.82e-5,965.26,0.001,338.777,0.33,6.4,32.17
32.336,0.621,2643.123,456.9,0.262,0.003,62.324,43.168,0,0.572,0.391,0.047,0.134,0.573,0.157,0.47,2.661e-6,0,0.002,1.067,1.065,-2.005e-4,965.649,0.001,338.79,0.33,6.4,32.17
32.363,0.711,2643.123,456.9,0.262,0.003,62.291,43.168,0,0.572,0.391,0.047,0.134,0.573,0.18,0.538,-3.595e-4,0,0.002,1.067,1.065,-8.797e-5,965.996,0.001,338.802,0.33,6.4,32.17
32.387,0.729,2643.123,456.9,0.262,0.003,62.285,43.168,0,0.572,0.391,0.047,0.134,0.573,0.185,0.551,3.609e-4,0,0.002,1.067,1.065,2.999e-7,966.31,0.001,338.812,0.331,6.4,32.17
32.41,0.657,2643.123,456.9,0.262,0.003,62.314,43.168,0,0.572,0.391,0.047,0.134,0.573,0.166,0.497,5.321e-5,0,0.002,1.067,1.065,7.695e-5,966.62,0.001,338.823,0.331,6.4,32.17
32.437,0.524,2643.123,456.9,0.262,0.003,62.369,43.168,0,0.572,0.391,0.048,0.134,0.573,0.132,0.397,7.052e-5,0,0.002,1.067,1.065,3.934e-5,966.971,0.001,338.835,0.331,6.4,32.17
32.472,0.549,2643.123,456.9,0.262,0.003,62.369,43.168,0,0.572,0.39,0.048,0.134,0.573,0.139,0.416,-1.048e-4,0,0.002,1.067,1.065,-1.095e-4,967.438,0.001,338.85,0.332,6.4,32.17
32.504,0.646,2643.123,456.9,0.262,0.003,62.334,43.168,0,0.573,0.39,0.048,0.134,0.573,0.164,0.49,4.736e-4,0,0.002,1.067,1.065,-6.921e-5,967.849,0.001,338.864,0.332,6.4,32.17
32.528,0.69,2643.123,456.9,0.262,0.003,62.318,43.168,0,0.573,0.39,0.048,0.134,0.573,0.175,0.523,-4.326e-4,0,0.002,1.067,1.065,-6.734e-7,968.177,0.001,338.875,0.333,6.4,32.17
32.551,0.653,2643.123,456.9,0.262,0.003,62.332,43.168,0,0.573,0.39,0.048,0.134,0.573,0.165,0.496,-2.81e-4,0,0.002,1.067,1.065,5.058e-5,968.48,0.001,338.885,0.333,6.4,32.17
32.575,0.557,2643.123,456.9,0.262,0.003,62.37,43.168,0,0.573,0.39,0.048,0.134,0.573,0.141,0.422,-3.204e-4,0,0.002,1.067,1.065,2.701e-5,968.797,0.001,338.896,0.333,6.4,32.17
32.603,0.552,2643.123,456.9,0.262,0.003,62.368,43.168,0,0.573,0.39,0.048,0.134,0.573,0.139,0.418,3.96e-4,0,0.002,1.067,1.065,-2.012e-5,969.169,0.001,338.908,0.334,6.4,32.17
32.635,0.593,2643.123,456.9,0.262,0.003,62.348,43.168,0,0.573,0.39,0.048,0.135,0.574,0.15,0.449,-9.449e-5,0,0.002,1.067,1.066,-5.687e-5,969.586,0.001,338.922,0.334,6.4,32.17
32.67,0.644,2643.123,456.9,0.262,0.003,62.326,43.168,0,0.573,0.39,0.048,0.135,0.574,0.163,0.487,-2.649e-4,0,0.002,1.067,1.066,-6.828e-6,970.053,0.001,338.938,0.334,6.4,32.17
32.701,0.623,2643.123,456.9,0.262,0.003,62.332,43.168,0,0.573,0.39,0.048,0.135,0.574,0.158,0.471,-3.462e-4,0,0.002,1.067,1.066,2.058e-5,970.458,0.001,338.952,0.335,6.4,32.17
32.73,0.531,2643.123,456.9,0.262,0.003,62.365,43.168,0,0.573,0.39,0.048,0.135,0.574,0.134,0.402,-1.252e-4,0,0.002,1.067,1.066,3.224e-5,970.846,0.001,338.965,0.335,6.4,32.17
32.761,0.497,2643.123,456.9,0.262,0.003,62.376,43.168,0,0.573,0.39,0.048,0.135,0.574,0.125,0.376,5.582e-5,0,0.002,1.067,1.066,-2.347e-5,971.258,0.001,338.979,0.336,6.4,32.17
32.792,0.572,2643.123,456.9,0.262,0.003,62.349,43.168,0,0.574,0.39,0.048,0.135,0.574,0.144,0.433,-3.051e-4,0,0.002,1.067,1.066,-9.191e-5,971.671,0.001,338.992,0.336,6.4,32.17
32.82,0.645,2643.123,456.9,0.262,0.003,62.323,43.168,0,0.574,0.39,0.049,0.135,0.574,0.163,0.489,-2.307e-4,0,0.002,1.067,1.066,-9.207e-6,972.047,0.001,339.005,0.336,6.4,32.17
32.846,0.623,2643.123,456.9,0.262,0.003,62.332,43.168,0,0.574,0.39,0.049,0.135,0.574,0.158,0.472,-2.84e-4,0,0.002,1.067,1.066,4.84e-5,972.394,0.001,339.017,0.337,6.4,32.17
32.873,0.524,2643.123,456.9,0.262,0.003,62.374,43.168,0,0.574,0.39,0.049,0.135,0.574,0.132,0.397,9.917e-5,0,0.002,1.067,1.066,7.027e-5,972.756,0.001,339.029,0.337,6.4,32.17
32.908,0.483,2643.123,456.9,0.262,0.003,62.398,43.168,0,0.574,0.39,0.049,0.135,0.574,0.122,0.365,-4.341e-4,0,0.001,1.068,1.066,-1.266e-5,973.234,0.001,339.045,0.337,6.4,32.17
32.944,0.56,2643.123,456.9,0.262,0.003,62.372,43.168,0,0.574,0.39,0.049,0.135,0.575,0.142,0.425,-6.614e-5,0,0.001,1.068,1.066,-7.844e-5,973.713,0.001,339.061,0.338,6.4,32.17
32.971,0.617,2643.123,456.9,0.262,0.003,62.351,43.168,0,0.574,0.39,0.049,0.135,0.575,0.156,0.468,-4.881e-4,0,0.001,1.068,1.066,-1.788e-5,974.079,0.001,339.073,0.338,6.4,32.17
32.996,0.617,2643.123,456.9,0.262,0.003,62.352,43.168,0,0.574,0.39,0.049,0.135,0.575,0.156,0.469,-1.064e-6,0,0.001,1.068,1.066,8.706e-6,974.406,0.001,339.084,0.339,6.4,32.17
33.02,0.531,2643.123,456.9,0.262,0.003,62.385,43.168,0,0.574,0.39,0.049,0.135,0.575,0.134,0.402,-4.401e-4,0,0.001,1.068,1.066,2.053e-5,974.733,0.001,339.095,0.339,6.4,32.17
33.049,0.515,2643.123,456.9,0.262,0.003,62.386,43.168,0,0.574,0.39,0.049,0.135,0.575,0.13,0.39,-7.353e-5,0,0.001,1.068,1.066,-1.747e-5,975.12,0.001,339.108,0.339,6.4,32.17
33.083,0.582,2643.123,456.9,0.262,0.003,62.356,43.168,0,0.575,0.39,0.049,0.135,0.575,0.147,0.442,-3.806e-4,0,0.001,1.068,1.066,-4.97e-6,975.584,0.001,339.124,0.34,6.4,32.17
33.119,0.534,2643.123,456.9,0.262,0.003,62.372,43.168,0,0.575,0.39,0.049,0.135,0.575,0.135,0.405,-3.589e-4,0,0.001,1.068,1.066,7.847e-6,976.071,0.001,339.14,0.34,6.4,32.17
33.153,0.518,2643.123,456.9,0.262,0.003,62.374,43.168,0,0.575,0.39,0.049,0.135,0.575,0.131,0.392,2.355e-4,0,0.001,1.068,1.066,-5.414e-6,976.531,0.001,339.156,0.34,6.4,32.17
33.183,0.503,2643.123,456.9,0.262,0.003,62.379,43.168,0,0.575,0.39,0.049,0.135,0.575,0.127,0.381,-4.374e-4,0,0.001,1.068,1.066,-1.852e-5,976.932,0.001,339.169,0.341,6.4,32.17
33.212,0.538,2643.123,456.9,0.262,0.003,62.366,43.168,0,0.575,0.39,0.05,0.135,0.575,0.136,0.407,3.868e-4,0,0.001,1.068,1.067,-1.76e-5,977.329,0.001,339.182,0.341,6.4,32.17
33.24,0.528,2643.123,456.9,0.262,0.003,62.371,43.168,0,0.575,0.39,0.05,0.135,0.576,0.133,0.4,1.244e-4,0,0.001,1.068,1.067,2.996e-6,977.71,0.001,339.195,0.341,6.4,32.17
33.269,0.475,2643.123,456.9,0.262,0.003,62.395,43.168,0,0.575,0.39,0.05,0.135,0.576,0.12,0.36,-1.498e-4,0,0.001,1.068,1.067,4.119e-6,978.105,0.001,339.209,0.342,6.4,32.17
33.304,0.464,2643.123,456.9,0.262,0.003,62.406,43.168,0,0.575,0.39,0.05,0.135,0.576,0.117,0.352,1.092e-4,0,0.001,1.068,1.067,-1.496e-5,978.583,0.001,339.225,0.342,6.4,32.17
33.341,0.5,2643.123,456.9,0.262,0.003,62.397,43.168,0,0.575,0.39,0.05,0.135,0.576,0.126,0.38,-3.683e-4,0,0.001,1.068,1.067,-2.226e-5,979.08,0.001,339.241,0.343,6.4,32.17
33.373,0.523,2643.123,456.9,0.262,0.003,62.391,43.168,0,0.575,0.39,0.05,0.135,0.576,0.132,0.397,3.002e-4,0,0.001,1.068,1.067,-1.433e-6,979.517,0.001,339.256,0.343,6.4,32.17
33.402,0.501,2643.123,456.9,0.262,0.003,62.401,43.168,0,0.576,0.39,0.05,0.135,0.576,0.126,0.38,-3.635e-5,0,0.001,1.068,1.067,6.973e-6,979.91,0.001,339.269,0.343,6.4,32.17
33.431,0.511,2643.123,456.9,0.262,0.003,62.397,43.168,0,0.576,0.39,0.05,0.135,0.576,0.129,0.387,-5.052e-5,0,0.001,1.068,1.067,0,980.308,0.001,339.283,0.344,6.4,32.17
33.46,0.516,2643.123,456.9,0.262,0.003,62.394,43.168,0,0.576,0.39,0.05,0.135,0.576,0.13,0.391,3.686e-4,0,0.001,1.068,1.067,1.719e-5,980.701,0.001,339.296,0.344,6.4,32.17
33.489,0.445,2643.123,456.9,0.262,0.003,62.419,43.168,0,0.576,0.39,0.05,0.135,0.576,0.112,0.337,-4.376e-4,0,0.001,1.068,1.067,1.176e-5,981.101,0.001,339.309,0.344,6.4,32.17
33.525,0.454,2643.123,456.9,0.262,0.003,62.408,43.168,0,0.576,0.39,0.05,0.135,0.576,0.114,0.344,2.894e-4,0,0.001,1.068,1.067,-4.247e-5,981.598,0.001,339.326,0.345,6.4,32.17
33.561,0.533,2643.123,456.9,0.262,0.003,62.374,43.168,0,0.576,0.39,0.05,0.135,0.577,0.135,0.404,4.984e-4,0,0.001,1.068,1.067,-1.188e-5,982.095,0.001,339.343,0.345,6.4,32.17
33.59,0.518,2643.123,456.9,0.262,0.003,62.379,43.168,0,0.576,0.39,0.05,0.136,0.577,0.131,0.392,-2.139e-4,0,0.001,1.068,1.067,1.39e-5,982.492,0.001,339.356,0.346,6.4,32.17
33.619,0.449,2643.123,456.9,0.262,0.003,62.405,43.168,0,0.576,0.39,0.051,0.136,0.577,0.113,0.341,-1.12e-4,0,0.001,1.068,1.067,2.489e-5,982.89,0.001,339.369,0.346,6.4,32.17
33.651,0.419,2643.123,456.9,0.262,0.003,62.418,43.168,0,0.576,0.39,0.051,0.136,0.577,0.105,0.318,-2.018e-4,0,0.001,1.069,1.067,-4.242e-6,983.329,0.001,339.384,0.346,6.4,32.17
33.686,0.463,2643.123,456.9,0.262,0.003,62.406,43.168,0,0.576,0.39,0.051,0.136,0.577,0.117,0.351,3.672e-4,0,0.001,1.069,1.067,-3.905e-5,983.812,0.001,339.4,0.347,6.4,32.17
33.722,0.491,2643.123,456.9,0.262,0.003,62.399,43.168,0,0.577,0.39,0.051,0.136,0.577,0.124,0.372,4.748e-4,0,0.001,1.069,1.067,-8.525e-6,984.309,0.001,339.417,0.347,6.4,32.17
33.758,0.478,2643.123,456.9,0.262,0.003,62.408,43.168,0,0.577,0.39,0.051,0.136,0.577,0.121,0.363,1.266e-4,0,0.001,1.069,1.067,1.545e-6,984.806,0.001,339.434,0.347,6.4,32.17
33.794,0.396,2643.123,456.9,0.262,0.003,62.443,43.168,0,0.577,0.39,0.051,0.136,0.577,0.1,0.3,6.996e-5,0,0.001,1.069,1.067,1.365e-5,985.3,0.001,339.45,0.348,6.4,32.17
33.83,0.4,2643.123,456.9,0.262,0.003,62.445,43.168,0,0.577,0.39,0.051,0.136,0.577,0.101,0.304,-2.211e-4,0,0.001,1.069,1.067,-5.792e-5,985.797,0.001,339.467,0.348,6.4,32.17
33.865,0.482,2643.123,456.9,0.262,0.003,62.412,43.168,0,0.577,0.39,0.051,0.136,0.577,0.122,0.367,-9.517e-5,0,0.001,1.069,1.068,-3.041e-5,986.284,0.001,339.483,0.349,6.4,32.17
33.895,0.473,2643.123,456.9,0.262,0.003,62.415,43.168,0,0.577,0.39,0.051,0.136,0.577,0.119,0.359,-4.592e-4,0,0.001,1.069,1.068,2.164e-6,986.703,0.001,339.497,0.349,6.4,32.17
33.927,0.415,2643.123,456.9,0.262,0.003,62.434,43.168,0,0.577,0.39,0.051,0.136,0.577,0.105,0.315,-1.035e-4,0,0.001,1.069,1.068,1.248e-5,987.143,0.001,339.512,0.349,6.4,32.17
33.962,0.38,2643.123,456.9,0.262,0.003,62.442,43.168,0,0.577,0.39,0.051,0.136,0.578,0.096,0.289,2.33e-4,0,0.001,1.069,1.068,-1.599e-6,987.64,0.001,339.529,0.35,6.4,32.17
33.998,0.394,2643.123,456.9,0.262,0.003,62.431,43.168,0,0.577,0.39,0.051,0.136,0.578,0.099,0.298,1.53e-4,0,0.001,1.069,1.068,-4.821e-5,988.137,0.001,339.545,0.35,6.4,32.17
34.034,0.45,2643.123,456.9,0.262,0.003,62.409,43.168,0,0.577,0.39,0.052,0.136,0.578,0.113,0.341,-4.042e-4,0,0.001,1.069,1.068,-5.766e-7,988.635,0.001,339.562,0.35,6.4,32.17
34.065,0.394,2643.123,456.9,0.262,0.003,62.431,43.168,0,0.578,0.39,0.052,0.136,0.578,0.099,0.298,1.343e-4,0,0.001,1.069,1.068,1.093e-5,989.067,0.001,339.577,0.351,6.4,32.17
34.1,0.359,2643.123,456.9,0.262,0.003,62.448,43.168,0,0.578,0.39,0.052,0.136,0.578,0.09,0.272,4.208e-4,0,0.001,1.069,1.068,-1.674e-5,989.556,0.001,339.593,0.351,6.4,32.17
34.135,0.417,2643.123,456.9,0.262,0.003,62.43,43.168,0,0.578,0.39,0.052,0.136,0.578,0.105,0.317,-1.194e-4,0,0.001,1.069,1.068,-1.543e-5,990.053,0.001,339.61,0.351,6.4,32.17
34.171,0.399,2643.123,456.9,0.262,0.003,62.441,43.168,0,0.578,0.39,0.052,0.136,0.578,0.1,0.303,-3.791e-8,0,0.001,1.069,1.068,6.153e-7,990.551,0.001,339.627,0.352,6.4,32.17
34.206,0.364,2643.123,456.9,0.262,0.003,62.461,43.168,0,0.578,0.39,0.052,0.136,0.578,0.092,0.276,-1.935e-4,0,0.001,1.069,1.068,-8.132e-6,991.048,0.001,339.643,0.352,6.4,32.17
34.242,0.432,2643.123,456.9,0.262,0.003,62.437,43.168,0,0.578,0.39,0.052,0.136,0.578,0.109,0.328,3.901e-4,0,0.001,1.069,1.068,-1.473e-5,991.546,0.001,339.66,0.353,6.4,32.17
34.273,0.411,2643.123,456.9,0.262,0.003,62.445,43.168,0,0.578,0.39,0.052,0.136,0.579,0.104,0.312,-4.387e-4,0,0.001,1.069,1.068,6.44e-6,991.988,0.001,339.675,0.353,6.4,32.17
34.306,0.356,2643.123,456.9,0.262,0.003,62.466,43.168,0,0.578,0.39,0.052,0.136,0.579,0.089,0.269,-5.392e-6,0,0.001,1.069,1.068,3.034e-6,992.45,0.001,339.69,0.353,6.4,32.17
34.342,0.332,2643.123,456.9,0.262,0.003,62.47,43.168,0,0.578,0.39,0.052,0.136,0.579,0.084,0.252,4.562e-4,0,0.001,1.069,1.068,-6.421e-6,992.948,0.001,339.707,0.354,6.4,32.17
34.377,0.37,2643.123,456.9,0.262,0.003,62.448,43.168,0,0.579,0.39,0.052,0.136,0.579,0.093,0.281,-3.931e-5,0,0.001,1.069,1.068,-3.602e-5,993.446,0.001,339.724,0.354,6.4,32.17
34.412,0.396,2643.123,456.9,0.262,0.003,62.437,43.168,0,0.579,0.39,0.052,0.136,0.579,0.1,0.3,-4.218e-5,0,0.001,1.069,1.068,-6.239e-8,993.944,0.001,339.74,0.354,6.4,32.17
34.447,0.309,2643.123,456.9,0.262,0.003,62.468,43.168,0,0.579,0.39,0.053,0.136,0.579,0.078,0.234,-1.06e-4,0,0.001,1.069,1.068,0,994.442,0.001,339.757,0.355,6.4,32.17
34.483,0.345,2643.123,456.9,0.262,0.003,62.455,43.168,0,0.579,0.39,0.053,0.136,0.579,0.087,0.261,-2.519e-4,0,0.001,1.07,1.068,-2.941e-5,994.939,0.001,339.774,0.355,6.4,32.17
34.518,0.374,2643.123,456.9,0.262,0.003,62.446,43.168,0,0.579,0.39,0.053,0.136,0.579,0.094,0.283,3.888e-4,0,0.001,1.07,1.069,-1.087e-8,995.438,0.001,339.791,0.355,6.4,32.17
34.553,0.316,2643.123,456.9,0.262,0.003,62.472,43.168,0,0.579,0.39,0.053,0.136,0.579,0.079,0.239,-1.496e-4,0,0.001,1.07,1.069,2.618e-6,995.936,0.001,339.807,0.356,6.4,32.17
34.588,0.35,2643.123,456.9,0.262,0.003,62.468,43.168,0,0.579,0.39,0.053,0.136,0.579,0.088,0.266,-1.246e-4,0,0.001,1.07,1.069,-2.038e-5,996.434,0.001,339.824,0.356,6.4,32.17
34.623,0.368,2643.123,456.9,0.262,0.003,62.463,43.168,0,0.579,0.39,0.053,0.137,0.58,0.093,0.279,3.22e-4,0,0.001,1.07,1.069,2.539e-6,996.932,0.001,339.841,0.356,6.4,32.17
34.658,0.309,2643.123,456.9,0.262,0.003,62.489,43.168,0,0.579,0.39,0.053,0.137,0.58,0.078,0.234,2.828e-4,0,0.001,1.07,1.069,1.072e-5,997.43,0.001,339.858,0.357,6.4,32.17
34.693,0.283,2643.123,456.9,0.262,0.003,62.499,43.168,0,0.58,0.39,0.053,0.137,0.58,0.071,0.214,1.359e-5,0,0.001,1.07,1.069,-4.184e-6,997.928,0.001,339.874,0.357,6.4,32.17
34.728,0.32,2643.123,456.9,0.262,0.003,62.478,43.168,0,0.58,0.39,0.053,0.137,0.58,0.08,0.243,1.92e-5,0,0.001,1.07,1.069,-5.309e-5,998.427,0.001,339.891,0.358,6.4,32.17
34.763,0.388,2643.123,456.9,0.262,0.003,62.45,43.168,0,0.58,0.39,0.053,0.137,0.58,0.098,0.295,-1.055e-4,0,0.001,1.07,1.069,-2.651e-6,998.925,0.001,339.908,0.358,6.4,32.17
34.798,0.338,2643.123,456.9,0.262,0.003,62.47,43.168,0,0.58,0.39,0.053,0.137,0.58,0.085,0.256,-2.323e-4,0,0.001,1.07,1.069,5.601e-5,999.423,0.001,339.925,0.358,6.4,32.17
34.833,0.25,2643.123,456.9,0.262,0.003,62.496,43.168,0,0.58,0.39,0.053,0.137,0.58,0.063,0.19,4.444e-4,0,9.841e-4,1.07,1.069,-8.169e-6,999.922,0.001,339.941,0.359,6.4,32.17
34.868,0.317,2643.123,456.9,0.262,0.003,62.469,43.168,0,0.58,0.39,0.054,0.137,0.58,0.08,0.241,-4.011e-4,0,9.84e-4,1.07,1.069,-2.775e-5,1000.42,0.001,339.958,0.359,6.4,32.17
34.903,0.328,2643.123,456.9,0.262,0.003,62.467,43.168,0,0.58,0.39,0.054,0.137,0.58,0.082,0.248,-3.881e-4,0,9.851e-4,1.07,1.069,-7.791e-6,1000.919,0.001,339.975,0.359,6.4,32.17
34.938,0.333,2643.123,456.9,0.262,0.003,62.468,43.168,0,0.58,0.39,0.054,0.137,0.58,0.084,0.253,-9.962e-5,0,9.79e-4,1.07,1.069,2.409e-6,1001.417,0.001,339.991,0.36,6.4,32.17
34.972,0.249,2643.123,456.9,0.262,0.003,62.505,43.168,0,0.58,0.39,0.054,0.137,0.58,0.063,0.189,-1.607e-4,0,9.602e-4,1.07,1.069,7.054e-6,1001.916,0.001,340.008,0.36,6.4,32.17
35.007,0.287,2643.123,456.9,0.262,0.003,62.5,43.168,0,0.58,0.39,0.054,0.137,0.581,0.072,0.219,-3.787e-4,0,9.466e-4,1.07,1.069,-5.608e-5,1002.415,0.001,340.025,0.36,6.4,32.17
35.042,0.374,2643.123,456.9,0.262,0.003,62.467,43.168,0,0.581,0.39,0.054,0.137,0.581,0.094,0.284,-3.469e-4,0,9.384e-4,1.07,1.069,3.421e-7,1002.913,0.001,340.042,0.36,6.4,32.17
35.077,0.29,2643.123,456.9,0.262,0.003,62.499,43.168,0,0.581,0.39,0.054,0.137,0.581,0.073,0.22,3.348e-4,0,9.323e-4,1.07,1.069,1.385e-4,1003.412,0.001,340.058,0.361,6.4,32.17
35.111,0.151,2643.123,456.9,0.262,0.003,62.552,43.168,0,0.581,0.39,0.054,0.137,0.581,0.038,0.115,3.221e-4,0,9.295e-4,1.07,1.069,-9.276e-6,1003.911,0.001,340.075,0.361,6.4,32.17
35.146,0.316,2643.123,456.9,0.262,0.003,62.477,43.168,0,0.581,0.39,0.054,0.137,0.581,0.079,0.24,-3.839e-4,0,9.278e-4,1.07,1.069,-1.547e-4,1004.41,0.001,340.092,0.361,6.4,32.17
35.181,0.387,2643.123,456.9,0.262,0.003,62.453,43.168,0,0.581,0.39,0.054,0.137,0.581,0.098,0.294,8.122e-5,0,9.246e-4,1.07,1.069,2.12e-6,1004.908,0.001,340.109,0.362,6.4,32.17
35.215,0.228,2643.123,456.9,0.262,0.003,62.519,43.168,0,0.581,0.39,0.054,0.137,0.581,0.057,0.172,2.369e-4,0,9.247e-4,1.07,1.069,1.604e-4,1005.407,0.001,340.126,0.362,6.4,32.17
35.25,0.194,2643.123,456.9,0.262,0.003,62.526,43.168,0,0.581,0.39,0.054,0.137,0.581,0.049,0.148,4.215e-4,0,9.266e-4,1.07,1.069,-3.251e-4,1005.906,0.001,340.142,0.362,6.4,32.17
35.284,0.339,2643.123,456.9,0.262,0.003,62.467,43.168,0,0.581,0.39,0.054,0.137,0.581,0.085,0.257,-3.235e-4,0,9.01e-4,1.07,1.07,-6.724e-5,1006.405,0.001,340.159,0.363,6.4,32.17
35.319,0.321,2643.123,456.9,0.262,0.003,62.473,43.168,0,0.581,0.39,0.055,0.137,0.581,0.081,0.243,-5.286e-5,0,8.892e-4,1.07,1.07,1.208e-5,1006.904,0.001,340.176,0.363,6.4,32.17
35.353,0.211,2643.123,456.9,0.262,0.003,62.518,43.168,0,0.581,0.39,0.055,0.137,0.581,0.053,0.16,4.493e-4,0,8.829e-4,1.07,1.07,5.243e-5,1007.404,0.001,340.193,0.363,6.4,32.17
35.388,0.169,2643.123,456.9,0.262,0.003,62.548,43.168,0,0.581,0.39,0.055,0.137,0.582,0.042,0.129,2.984e-4,0,8.817e-4,1.071,1.07,-2.689e-5,1007.903,0.001,340.209,0.364,6.4,32.17
35.422,0.265,2643.123,456.9,0.262,0.003,62.514,43.168,0,0.582,0.39,0.055,0.137,0.582,0.066,0.201,-2.512e-4,0,8.769e-4,1.071,1.07,-5.07e-5,1008.402,0.001,340.226,0.364,6.4,32.17
35.456,0.296,2643.123,456.9,0.262,0.003,62.501,43.168,0,0.582,0.39,0.055,0.137,0.582,0.074,0.225,-3.586e-4,0,8.707e-4,1.071,1.07,1.202e-6,1008.901,0.001,340.243,0.364,6.4,32.17
35.491,0.226,2643.123,456.9,0.262,0.003,62.529,43.168,0,0.582,0.39,0.055,0.137,0.582,0.057,0.172,-9.282e-5,0,8.651e-4,1.071,1.07,5.151e-5,1009.4,0.001,340.26,0.365,6.4,32.17
35.525,0.175,2643.123,456.9,0.262,0.003,62.544,43.168,0,0.582,0.39,0.055,0.137,0.582,0.044,0.133,2.237e-4,0,8.534e-4,1.071,1.07,-1.924e-5,1009.9,0.001,340.276,0.365,6.4,32.17
35.559,0.278,2643.123,456.9,0.262,0.003,62.498,43.168,0,0.582,0.39,0.055,0.137,0.582,0.07,0.211,1.727e-4,0,8.457e-4,1.071,1.07,-1.66e-5,1010.399,0.001,340.293,0.365,6.4,32.17
35.594,0.265,2643.123,456.9,0.262,0.003,62.505,43.168,0,0.582,0.39,0.055,0.137,0.582,0.067,0.201,4.969e-4,0,8.416e-4,1.071,1.07,1.821e-5,1010.898,0.001,340.31,0.365,6.4,32.17
35.628,0.156,2643.123,456.9,0.262,0.003,62.545,43.168,0,0.582,0.39,0.055,0.137,0.582,0.039,0.118,3.023e-4,0,8.335e-4,1.071,1.07,3.116e-5,1011.398,0.001,340.327,0.366,6.4,32.17
35.662,0.191,2643.123,456.9,0.262,0.003,62.529,43.168,0,0.582,0.39,0.055,0.137,0.582,0.048,0.145,3.054e-4,0,8.295e-4,1.071,1.07,-1.109e-4,1011.897,0.001,340.343,0.366,6.4,32.17
35.696,0.293,2643.123,456.9,0.262,0.003,62.488,43.168,0,0.582,0.39,0.055,0.137,0.582,0.074,0.223,4.713e-4,0,8.268e-4,1.071,1.07,-1.204e-5,1012.397,0.001,340.36,0.366,6.4,32.17
35.73,0.259,2643.123,456.9,0.262,0.003,62.5,43.168,0,0.582,0.39,0.055,0.137,0.582,0.065,0.196,-3.585e-4,0,8.207e-4,1.071,1.07,4.123e-5,1012.897,0.001,340.377,0.367,6.4,32.17
35.765,0.141,2643.123,456.9,0.262,0.003,62.55,43.168,0,0.582,0.39,0.055,0.137,0.582,0.035,0.107,-1.054e-6,0,8.12e-4,1.071,1.07,4.125e-5,1013.25,0.001,340.389,0.367,6.4,32.17
