# Time (s),Angle of attack (°),Mass (g),Motor mass (g),Longitudinal moment of inertia (kg·m²),Rotational moment of inertia (kg·m²),CP location (cm),CG location (cm),Thrust (N),Drag coefficient (​),Friction drag coefficient (​),Pressure drag coefficient (​),Base drag coefficient (​),Axial drag coefficient (​),Normal force coefficient (​),Pitch moment coefficient (​),Yaw moment coefficient (​),Side force coefficient (​),Roll moment coefficient (​),Roll forcing coefficient (​),Roll damping coefficient (​),Pitch damping coefficient (​),Air pressure (mbar),Air density (g/cm³),Speed of sound (m/s),Mach number (​),Reference length (cm),Reference area (cm²)
0,90,2993.158,807,0.302,0.003,NaN,47.264,0,0.705,0.568,0.017,0.12,0,NaN,NaN,NaN,NaN,NaN,NaN,NaN,NaN,1013.25,0.001,340.389,0.007,6.4,32.17
0.01,89.371,2992.409,806.251,0.302,0.003,NaN,47.256,64.111,0.705,0.568,0.017,0.12,2.333e-6,NaN,NaN,NaN,NaN,NaN,NaN,NaN,NaN,1013.25,0.001,340.389,0.007,6.4,32.17
0.02,83.856,2991.66,805.502,0.302,0.003,NaN,47.249,128.222,0.705,0.568,0.017,0.12,0.002,NaN,NaN,NaN,NaN,NaN,NaN,NaN,NaN,1013.25,0.001,340.389,0.007,6.4,32.17
0.03,73.393,2990.911,804.753,0.302,0.003,NaN,47.241,192.334,0.7,0.564,0.017,0.12,0.036,NaN,NaN,NaN,NaN,NaN,NaN,NaN,NaN,1013.249,0.001,340.389,0.007,6.4,32.17
0.042,56.868,2990.012,803.854,0.301,0.003,NaN,47.232,269.267,0.683,0.546,0.017,0.12,0.219,NaN,NaN,NaN,NaN,NaN,NaN,NaN,NaN,1013.248,0.001,340.389,0.008,6.4,32.17
0.045,52.776,2989.612,803.454,0.301,0.003,NaN,47.228,326.466,0.677,0.54,0.017,0.12,0.288,NaN,NaN,NaN,NaN,NaN,NaN,NaN,NaN,1013.247,0.001,340.389,0.008,6.4,32.17
0.048,47.388,2989.03,802.872,0.301,0.003,NaN,47.221,311.56,0.667,0.53,0.017,0.12,0.388,NaN,NaN,NaN,NaN,NaN,NaN,NaN,NaN,1013.247,0.001,340.389,0.009,6.4,32.17
0.054,41.163,2988.158,802,0.301,0.003,NaN,47.212,289.2,0.653,0.516,0.017,0.12,0.507,NaN,NaN,NaN,NaN,NaN,NaN,NaN,NaN,1013.245,0.001,340.389,0.01,6.4,32.17
0.062,34.71,2986.849,800.691,0.301,0.003,NaN,47.199,255.66,0.636,0.499,0.017,0.12,0.62,NaN,NaN,NaN,NaN,NaN,NaN,NaN,NaN,1013.242,0.001,340.389,0.012,6.4,32.17
0.07,30.754,2985.657,799.499,0.301,0.003,NaN,47.186,225.102,0.624,0.487,0.017,0.12,0.678,NaN,NaN,NaN,NaN,NaN,NaN,NaN,NaN,1013.239,0.001,340.389,0.013,6.4,32.17
0.08,27.051,2984.468,798.31,0.301,0.003,NaN,47.174,214.247,0.611,0.474,0.017,0.12,0.719,NaN,NaN,NaN,NaN,NaN,NaN,NaN,NaN,1013.234,0.001,340.388,0.015,6.4,32.17
0.091,24.009,2983.16,797.002,0.301,0.003,NaN,47.161,202.307,0.599,0.462,0.017,0.12,0.741,NaN,NaN,NaN,NaN,NaN,NaN,NaN,NaN,1013.228,0.001,340.388,0.017,6.4,32.17
0.101,21.779,2981.946,795.788,0.301,0.003,NaN,47.148,208.8,0.59,0.453,0.017,0.12,0.749,NaN,NaN,NaN,NaN,NaN,NaN,NaN,NaN,1013.221,0.001,340.388,0.018,6.4,32.17
0.111,19.767,2980.731,794.573,0.3,0.003,NaN,47.135,215.294,0.581,0.444,0.017,0.12,0.749,NaN,NaN,NaN,NaN,NaN,NaN,NaN,NaN,1013.214,0.001,340.388,0.02,6.4,32.17
0.121,18.018,2979.517,793.359,0.3,0.003,NaN,47.123,221.787,0.573,0.436,0.017,0.12,0.744,NaN,NaN,NaN,NaN,NaN,NaN,NaN,NaN,1013.206,0.001,340.387,0.022,6.4,32.17
0.131,16.488,2978.303,792.145,0.3,0.003,NaN,47.11,228.281,0.566,0.429,0.017,0.12,0.735,NaN,NaN,NaN,NaN,NaN,NaN,NaN,NaN,1013.198,0.001,340.387,0.023,6.4,32.17
0.14,15.269,2977.21,791.053,0.3,0.003,NaN,47.099,234.125,0.559,0.422,0.017,0.12,0.722,NaN,NaN,NaN,NaN,NaN,NaN,NaN,NaN,1013.189,0.001,340.387,0.025,6.4,32.17
0.15,14.078,2975.876,789.718,0.3,0.003,NaN,47.085,235.963,0.553,0.415,0.017,0.12,0.705,NaN,NaN,NaN,NaN,NaN,NaN,NaN,NaN,1013.179,0.001,340.387,0.027,6.4,32.17
0.16,13.1,2974.542,788.384,0.3,0.003,NaN,47.071,237.801,0.546,0.409,0.017,0.12,0.688,NaN,NaN,NaN,NaN,NaN,NaN,NaN,NaN,1013.169,0.001,340.386,0.029,6.4,32.17
0.17,12.24,2973.207,787.049,0.3,0.003,NaN,47.057,239.64,0.541,0.404,0.017,0.12,0.672,NaN,NaN,NaN,NaN,NaN,NaN,NaN,NaN,1013.157,0.001,340.386,0.031,6.4,32.17
0.18,11.502,2971.917,785.759,0.3,0.003,NaN,47.043,241.417,0.536,0.398,0.017,0.12,0.657,NaN,NaN,NaN,NaN,NaN,NaN,NaN,NaN,1013.145,0.001,340.385,0.033,6.4,32.17
0.189,10.881,2970.707,784.549,0.299,0.003,59.063,47.03,243.084,0.532,0.395,0.017,0.12,0.644,3.377,6.348,-2.823e-5,0,0.35,0.35,0,0,1013.133,0.001,340.385,0.035,6.4,32.17
0.202,10.046,2968.938,782.78,0.299,0.003,59.264,47.012,245.522,0.532,0.395,0.017,0.12,0.633,3.07,5.877,1.134e-4,0,0.35,0.35,0,4.92e-5,1013.114,0.001,340.384,0.038,6.4,32.17
0.215,9.293,2967.275,781.117,0.299,0.003,59.452,46.994,243.369,0.532,0.395,0.017,0.12,0.623,2.8,5.449,1.254e-4,0,0.35,0.35,0,1.776e-4,1013.094,0.001,340.384,0.04,6.4,32.17
0.226,8.713,2965.826,779.668,0.299,0.003,59.602,46.979,241.493,0.532,0.395,0.017,0.12,0.615,2.596,5.121,2.043e-4,0,0.318,0.35,0.032,3.427e-4,1013.076,0.001,340.383,0.043,6.4,32.17
0.237,8.202,2964.402,778.244,0.299,0.003,59.737,46.964,239.649,0.532,0.395,0.017,0.12,0.608,2.42,4.829,-7.983e-5,0,0.309,0.35,0.04,5.459e-4,1013.057,0.001,340.382,0.045,6.4,32.17
0.247,7.771,2963.082,776.924,0.299,0.003,59.854,46.95,237.94,0.532,0.395,0.017,0.12,0.602,2.274,4.583,3.393e-4,0,0.302,0.35,0.048,7.657e-4,1013.038,0.001,340.382,0.047,6.4,32.17
0.257,7.42,2961.845,775.687,0.299,0.003,59.95,46.937,236.338,0.532,0.395,0.017,0.12,0.597,2.156,4.383,-4.936e-4,0,0.294,0.35,0.056,9.962e-4,1013.02,0.001,340.381,0.049,6.4,32.17
0.266,7.12,2960.676,774.518,0.298,0.003,60.034,46.925,234.825,0.532,0.395,0.017,0.12,0.593,2.056,4.212,-2.422e-4,0,0.287,0.35,0.062,0.001,1013.002,0.001,340.381,0.051,6.4,32.17
0.274,6.852,2959.564,773.406,0.298,0.003,60.11,46.913,233.385,0.532,0.395,0.017,0.12,0.589,1.969,4.058,-4.119e-4,0,0.281,0.35,0.069,0.001,1012.985,0.001,340.38,0.053,6.4,32.17
0.282,6.611,2958.5,772.342,0.298,0.003,60.18,46.902,232.007,0.533,0.395,0.017,0.12,0.586,1.89,3.92,4.31e-5,0,0.275,0.35,0.075,0.002,1012.967,0.001,340.379,0.054,6.4,32.17
0.29,6.391,2957.477,771.319,0.298,0.003,60.244,46.891,230.682,0.533,0.395,0.017,0.12,0.583,1.819,3.793,-1.373e-4,0,0.269,0.35,0.081,0.002,1012.95,0.001,340.379,0.056,6.4,32.17
0.298,6.188,2956.489,770.331,0.298,0.003,60.303,46.881,229.403,0.533,0.395,0.018,0.12,0.581,1.754,3.676,-1.555e-4,0,0.263,0.35,0.087,0.002,1012.933,0.001,340.378,0.057,6.4,32.17
0.305,6.025,2955.533,769.375,0.298,0.003,60.351,46.87,228.165,0.533,0.395,0.018,0.12,0.579,1.702,3.583,1.524e-4,0,0.258,0.35,0.092,0.002,1012.916,0.001,340.378,0.059,6.4,32.17
0.312,5.883,2954.604,768.446,0.298,0.003,60.394,46.861,226.962,0.533,0.395,0.018,0.12,0.577,1.657,3.501,-4.578e-4,0,0.252,0.35,0.098,0.003,1012.899,0.001,340.377,0.06,6.4,32.17
0.319,5.748,2953.699,767.542,0.298,0.003,60.434,46.851,225.791,0.533,0.395,0.018,0.12,0.575,1.615,3.425,-2.734e-4,0,0.247,0.35,0.103,0.003,1012.882,0.001,340.377,0.062,6.4,32.17
0.326,5.621,2952.817,766.659,0.298,0.003,60.473,46.842,224.649,0.533,0.395,0.018,0.121,0.574,1.575,3.351,3.53e-4,0,0.242,0.35,0.108,0.003,1012.866,0.001,340.376,0.063,6.4,32.17
0.333,5.5,2951.954,765.796,0.298,0.003,60.509,46.832,223.531,0.533,0.395,0.018,0.121,0.572,1.537,3.281,3.158e-4,0,0.237,0.35,0.112,0.004,1012.849,0.001,340.375,0.064,6.4,32.17
0.339,5.385,2951.109,764.951,0.297,0.003,60.545,46.823,222.437,0.533,0.395,0.018,0.121,0.571,1.501,3.215,3.77e-4,0,0.233,0.35,0.117,0.004,1012.832,0.001,340.375,0.065,6.4,32.17
0.346,5.274,2950.279,764.121,0.297,0.003,60.579,46.815,221.363,0.533,0.395,0.018,0.121,0.57,1.467,3.151,3.167e-4,0,0.228,0.35,0.122,0.004,1012.815,0.001,340.374,0.067,6.4,32.17
0.349,5.22,2949.866,763.708,0.297,0.003,60.596,46.81,220.828,0.533,0.395,0.018,0.121,0.569,1.45,3.12,8.679e-5,0,0.226,0.35,0.124,0.004,1012.807,0.001,340.374,0.067,6.4,32.17
0.354,5.115,2949.304,763.146,0.297,0.003,60.628,46.804,220.32,0.533,0.395,0.018,0.121,0.568,1.418,3.059,-3.102e-4,0,0.223,0.35,0.127,0.004,1012.794,0.001,340.374,0.068,6.4,32.17
0.36,4.975,2948.579,762.422,0.297,0.003,60.672,46.797,219.664,0.533,0.395,0.018,0.121,0.566,1.375,2.976,-2.43e-4,0,0.218,0.35,0.131,0.005,1012.777,0.001,340.373,0.069,6.4,32.17
0.366,4.839,2947.865,761.707,0.297,0.003,60.714,46.789,219.018,0.533,0.395,0.018,0.121,0.565,1.334,2.897,4.653e-5,0,0.214,0.35,0.136,0.005,1012.76,0.001,340.372,0.07,6.4,32.17
0.372,4.708,2947.16,761.002,0.297,0.003,60.756,46.781,218.381,0.533,0.395,0.018,0.121,0.563,1.294,2.82,3.357e-4,0,0.21,0.35,0.14,0.005,1012.743,0.001,340.372,0.072,6.4,32.17
0.378,4.58,2946.464,760.306,0.297,0.003,60.796,46.774,217.752,0.533,0.395,0.018,0.121,0.562,1.256,2.746,4.295e-4,0,0.206,0.35,0.144,0.006,1012.727,0.001,340.371,0.073,6.4,32.17
0.384,4.457,2945.776,759.618,0.297,0.003,60.836,46.767,217.13,0.533,0.395,0.018,0.121,0.561,1.218,2.673,2.575e-4,0,0.202,0.35,0.148,0.006,1012.71,0.001,340.371,0.074,6.4,32.17
0.39,4.336,2945.096,758.938,0.297,0.003,60.875,46.759,216.514,0.533,0.395,0.018,0.121,0.559,1.183,2.602,2.832e-4,0,0.198,0.35,0.151,0.006,1012.692,0.001,340.37,0.075,6.4,32.17
0.395,4.219,2944.422,758.264,0.297,0.003,60.913,46.752,215.905,0.533,0.395,0.018,0.121,0.558,1.148,2.533,-3.029e-4,0,0.195,0.35,0.155,0.006,1012.675,0.001,340.37,0.076,6.4,32.17
0.401,4.104,2943.754,757.596,0.297,0.003,60.95,46.745,215.301,0.534,0.395,0.018,0.121,0.557,1.114,2.466,1.166e-4,0,0.191,0.35,0.159,0.007,1012.658,0.001,340.369,0.077,6.4,32.17
0.407,3.992,2943.092,756.934,0.297,0.003,60.986,46.738,214.703,0.534,0.395,0.018,0.121,0.556,1.081,2.399,-2.344e-4,0,0.188,0.35,0.162,0.007,1012.641,0.001,340.368,0.078,6.4,32.17
0.412,3.883,2942.436,756.278,0.297,0.003,61.023,46.731,214.109,0.534,0.395,0.018,0.121,0.555,1.049,2.335,3.565e-4,0,0.184,0.35,0.166,0.007,1012.623,0.001,340.368,0.079,6.4,32.17
0.418,3.775,2941.784,755.626,0.297,0.003,61.058,46.724,213.519,0.534,0.395,0.018,0.121,0.554,1.017,2.271,1.469e-4,0,0.181,0.35,0.169,0.007,1012.606,0.001,340.367,0.08,6.4,32.17
0.423,3.67,2941.136,754.978,0.296,0.003,61.093,46.717,212.934,0.534,0.395,0.018,0.121,0.553,0.987,2.208,-1.065e-4,0,0.177,0.35,0.173,0.008,1012.588,0.001,340.367,0.081,6.4,32.17
0.429,3.566,2940.493,754.335,0.296,0.003,61.128,46.71,212.352,0.534,0.395,0.018,0.121,0.552,0.956,2.147,-3.234e-4,0,0.174,0.35,0.176,0.008,1012.57,0.001,340.366,0.082,6.4,32.17
0.434,3.464,2939.853,753.695,0.296,0.003,61.162,46.703,211.773,0.534,0.395,0.018,0.121,0.551,0.927,2.086,-1.824e-4,0,0.171,0.35,0.179,0.008,1012.553,0.001,340.365,0.083,6.4,32.17
0.439,3.363,2939.216,753.058,0.296,0.003,61.196,46.696,211.198,0.534,0.395,0.018,0.121,0.55,0.898,2.027,3.613e-4,0,0.167,0.35,0.183,0.008,1012.535,0.001,340.365,0.084,6.4,32.17
0.445,3.264,2938.583,752.425,0.296,0.003,61.23,46.69,210.625,0.534,0.395,0.018,0.121,0.549,0.87,1.968,-1.529e-4,0,0.164,0.35,0.186,0.008,1012.517,0.001,340.364,0.085,6.4,32.17
0.45,3.166,2937.952,751.794,0.296,0.003,61.263,46.683,210.055,0.534,0.395,0.018,0.121,0.549,0.842,1.91,3.403e-4,0,0.161,0.35,0.189,0.009,1012.498,0.001,340.364,0.086,6.4,32.17
0.456,3.095,2937.324,751.166,0.296,0.003,61.287,46.676,209.486,0.534,0.395,0.019,0.121,0.548,0.822,1.867,-5.247e-5,0,0.158,0.35,0.192,0.009,1012.48,0.001,340.363,0.087,6.4,32.17
0.461,3.024,2936.697,750.539,0.296,0.003,61.312,46.669,208.92,0.534,0.395,0.019,0.121,0.547,0.802,1.825,2.878e-4,0,0.155,0.35,0.195,0.009,1012.462,0.001,340.362,0.088,6.4,32.17
0.466,2.953,2936.073,749.915,0.296,0.003,61.336,46.663,208.355,0.534,0.395,0.019,0.121,0.547,0.782,1.783,-3.574e-4,0,0.152,0.35,0.198,0.009,1012.443,0.001,340.362,0.089,6.4,32.17
0.471,2.883,2935.45,749.292,0.296,0.003,61.361,46.656,207.792,0.534,0.395,0.019,0.121,0.546,0.762,1.741,-2.427e-4,0,0.15,0.35,0.201,0.009,1012.424,0.001,340.361,0.09,6.4,32.17
0.477,2.813,2934.829,748.671,0.296,0.003,61.385,46.649,207.231,0.534,0.395,0.019,0.121,0.546,0.742,1.7,-4.835e-4,0,0.147,0.35,0.203,0.01,1012.405,0.001,340.361,0.091,6.4,32.17
0.482,2.743,2934.209,748.051,0.296,0.003,61.41,46.643,206.67,0.534,0.395,0.019,0.121,0.545,0.723,1.657,-3.344e-5,0,0.144,0.35,0.206,0.01,1012.386,0.001,340.36,0.092,6.4,32.17
0.487,2.673,2933.59,747.432,0.296,0.003,61.434,46.636,206.11,0.534,0.395,0.019,0.121,0.545,0.703,1.616,4.072e-4,0,0.141,0.35,0.209,0.01,1012.367,0.001,340.359,0.093,6.4,32.17
0.493,2.604,2932.972,746.814,0.296,0.003,61.458,46.629,205.551,0.534,0.395,0.019,0.121,0.545,0.684,1.574,-4.75e-4,0,0.139,0.35,0.212,0.01,1012.347,0.001,340.359,0.093,6.4,32.17
0.498,2.534,2932.354,746.196,0.296,0.003,61.483,46.623,204.992,0.534,0.394,0.019,0.121,0.544,0.664,1.532,-2.079e-4,0,0.136,0.35,0.214,0.01,1012.328,0.001,340.358,0.094,6.4,32.17
0.503,2.437,2931.737,745.579,0.295,0.003,61.517,46.616,204.434,0.534,0.394,0.019,0.121,0.543,0.638,1.474,-3.983e-4,0,0.133,0.35,0.217,0.01,1012.308,0.001,340.357,0.095,6.4,32.17
0.508,2.321,2931.119,744.961,0.295,0.003,61.558,46.609,203.876,0.535,0.394,0.019,0.121,0.543,0.606,1.405,-1.361e-4,0,0.131,0.35,0.219,0.01,1012.288,0.001,340.357,0.096,6.4,32.17
0.514,2.205,2930.502,744.344,0.295,0.003,61.6,46.603,203.318,0.535,0.394,0.019,0.121,0.542,0.574,1.334,3.461e-5,0,0.128,0.35,0.222,0.011,1012.268,0.001,340.356,0.097,6.4,32.17
0.519,2.091,2929.884,743.726,0.295,0.003,61.641,46.596,202.759,0.535,0.394,0.019,0.121,0.541,0.543,1.265,-2.012e-4,0,0.126,0.35,0.224,0.011,1012.247,0.001,340.355,0.098,6.4,32.17
0.523,1.999,2929.384,743.226,0.295,0.003,61.674,46.591,202.307,0.535,0.394,0.019,0.121,0.541,0.518,1.21,-1.176e-4,0,0.124,0.35,0.226,0.011,1012.231,0.001,340.355,0.099,6.4,32.17
0.528,1.887,2928.82,742.662,0.295,0.003,61.714,46.585,201.989,0.535,0.394,0.019,0.121,0.54,0.488,1.142,-2.846e-4,0,0.121,0.35,0.229,0.011,1012.21,0.001,340.354,0.1,6.4,32.17
0.534,1.775,2928.256,742.098,0.295,0.003,61.755,46.579,201.671,0.535,0.394,0.019,0.121,0.54,0.458,1.074,-8.35e-5,0,0.119,0.35,0.231,0.011,1012.189,0.001,340.353,0.101,6.4,32.17
0.539,1.665,2927.691,741.533,0.295,0.003,61.796,46.572,201.352,0.535,0.394,0.019,0.121,0.539,0.428,1.008,-1.742e-4,0,0.117,0.35,0.233,0.011,1012.168,0.001,340.353,0.101,6.4,32.17
0.544,1.555,2927.124,740.966,0.295,0.003,61.836,46.566,201.033,0.535,0.394,0.019,0.121,0.539,0.399,0.942,-4.452e-4,0,0.115,0.35,0.236,0.011,1012.146,0.001,340.352,0.102,6.4,32.17
0.549,1.447,2926.557,740.399,0.295,0.003,61.876,46.56,200.713,0.535,0.394,0.019,0.121,0.538,0.37,0.875,2.776e-4,0,0.112,0.35,0.238,0.011,1012.125,0.001,340.351,0.103,6.4,32.17
0.555,1.378,2925.989,739.831,0.295,0.003,61.902,46.554,200.392,0.535,0.394,0.019,0.121,0.538,0.352,0.834,-2.628e-4,0,0.11,0.35,0.24,0.01,1012.103,0.001,340.35,0.104,6.4,32.17
0.56,1.316,2925.419,739.261,0.295,0.003,61.925,46.548,200.071,0.535,0.394,0.019,0.121,0.538,0.336,0.796,1.87e-4,0,0.108,0.35,0.242,0.01,1012.081,0.001,340.35,0.105,6.4,32.17
0.565,1.253,2924.848,738.69,0.295,0.003,61.949,46.542,199.749,0.535,0.394,0.019,0.121,0.538,0.319,0.759,2.423e-4,0,0.106,0.35,0.244,0.01,1012.058,0.001,340.349,0.106,6.4,32.17
0.571,1.192,2924.276,738.118,0.295,0.003,61.972,46.536,199.426,0.535,0.394,0.019,0.121,0.538,0.303,0.721,3.639e-4,0,0.104,0.35,0.246,0.01,1012.036,0.001,340.348,0.107,6.4,32.17
0.576,1.13,2923.702,737.544,0.295,0.003,61.995,46.529,199.103,0.535,0.394,0.019,0.122,0.537,0.287,0.684,-5.463e-5,0,0.102,0.35,0.249,0.01,1012.013,0.001,340.347,0.108,6.4,32.17
0.581,1.07,2923.127,736.969,0.295,0.003,62.018,46.523,198.778,0.535,0.394,0.02,0.122,0.537,0.271,0.648,2.285e-4,0,0.1,0.35,0.251,0.009,1011.99,0.001,340.347,0.109,6.4,32.17
0.587,1.011,2922.55,736.392,0.294,0.003,62.041,46.517,198.453,0.535,0.394,0.02,0.122,0.537,0.256,0.612,-4.822e-4,0,0.098,0.35,0.252,0.009,1011.966,0.001,340.346,0.11,6.4,32.17
0.592,0.953,2921.971,735.813,0.294,0.003,62.063,46.511,198.127,0.536,0.394,0.02,0.122,0.537,0.241,0.577,4.184e-4,0,0.096,0.35,0.254,0.009,1011.943,0.001,340.345,0.111,6.4,32.17
0.598,0.896,2921.391,735.233,0.294,0.003,62.085,46.504,197.799,0.536,0.394,0.02,0.122,0.537,0.226,0.543,6.82e-5,0,0.094,0.35,0.256,0.008,1011.919,0.001,340.344,0.111,6.4,32.17
0.603,0.825,2920.808,734.65,0.294,0.003,62.112,46.498,197.471,0.536,0.394,0.02,0.122,0.537,0.208,0.5,-4.116e-4,0,0.092,0.35,0.258,0.007,1011.894,0.001,340.343,0.112,6.4,32.17
0.608,0.743,2920.223,734.065,0.294,0.003,62.143,46.492,197.141,0.536,0.394,0.02,0.122,0.537,0.187,0.451,2.245e-4,0,0.09,0.35,0.26,0.006,1011.87,0.001,340.343,0.113,6.4,32.17
0.614,0.666,2919.636,733.478,0.294,0.003,62.173,46.485,196.81,0.536,0.394,0.02,0.122,0.537,0.167,0.405,-9.976e-5,0,0.088,0.35,0.262,0.005,1011.845,0.001,340.342,0.114,6.4,32.17
0.619,0.597,2919.047,732.889,0.294,0.003,62.2,46.479,196.478,0.536,0.394,0.02,0.122,0.537,0.15,0.364,1.577e-4,0,0.087,0.35,0.264,0.004,1011.82,0.001,340.341,0.115,6.4,32.17
0.625,0.537,2918.455,732.297,0.294,0.003,62.223,46.472,196.144,0.536,0.394,0.02,0.122,0.536,0.134,0.328,-2.948e-4,0,0.085,0.35,0.265,0.003,1011.795,0.001,340.34,0.116,6.4,32.17
0.63,0.489,2917.861,731.703,0.294,0.003,62.242,46.466,195.809,0.536,0.394,0.02,0.122,0.536,0.122,0.301,4.708e-5,0,0.083,0.35,0.267,0.001,1011.769,0.001,340.339,0.117,6.4,32.17
0.636,0.457,2917.264,731.106,0.294,0.003,62.255,46.459,195.472,0.536,0.394,0.02,0.122,0.537,0.114,0.283,-8.312e-5,0,0.082,0.35,0.269,1.939e-4,1011.743,0.001,340.338,0.118,6.4,32.17
0.642,0.445,2916.665,730.507,0.294,0.003,62.26,46.453,195.134,0.536,0.394,0.02,0.122,0.537,0.111,0.275,4.868e-4,0,0.08,0.35,0.27,-7.171e-5,1011.717,0.001,340.337,0.119,6.4,32.17
0.647,0.452,2916.062,729.904,0.294,0.003,62.257,46.446,194.794,0.536,0.394,0.02,0.122,0.537,0.113,0.28,-4.236e-4,0,0.078,0.35,0.272,-9.117e-4,1011.69,0.001,340.337,0.12,6.4,32.17
0.653,0.476,2915.457,729.299,0.294,0.003,62.248,46.44,194.453,0.536,0.394,0.02,0.122,0.537,0.119,0.297,3.335e-4,0,0.077,0.35,0.274,-0.002,1011.663,0.001,340.336,0.121,6.4,32.17
0.658,0.511,2914.849,728.691,0.294,0.003,62.235,46.433,194.11,0.536,0.394,0.02,0.122,0.537,0.128,0.319,1.083e-4,0,0.075,0.35,0.275,-0.003,1011.636,0.001,340.335,0.122,6.4,32.17
0.664,0.552,2914.238,728.08,0.294,0.003,62.219,46.426,193.766,0.537,0.394,0.02,0.122,0.537,0.138,0.346,4.959e-4,0,0.074,0.35,0.277,-0.004,1011.608,0.001,340.334,0.123,6.4,32.17
0.67,0.599,2913.624,727.466,0.294,0.003,62.202,46.42,193.419,0.537,0.394,0.02,0.122,0.537,0.15,0.376,-2.322e-4,0,0.072,0.35,0.278,-0.005,1011.58,0.001,340.333,0.123,6.4,32.17
0.676,0.65,2913.007,726.849,0.293,0.003,62.182,46.413,193.071,0.537,0.394,0.02,0.122,0.537,0.163,0.408,1.657e-4,0,0.071,0.35,0.28,-0.006,1011.551,0.001,340.332,0.124,6.4,32.17
0.681,0.704,2912.386,726.228,0.293,0.003,62.162,46.406,192.721,0.537,0.394,0.021,0.122,0.538,0.177,0.443,-2.195e-4,0,0.069,0.35,0.281,-0.006,1011.523,0.001,340.331,0.125,6.4,32.17
0.687,0.76,2911.763,725.605,0.293,0.003,62.141,46.399,192.37,0.537,0.394,0.021,0.122,0.538,0.192,0.478,-1.08e-5,0,0.068,0.35,0.283,-0.007,1011.493,0.001,340.33,0.126,6.4,32.17
0.693,0.817,2911.136,724.978,0.293,0.003,62.119,46.393,192.016,0.537,0.394,0.021,0.122,0.538,0.206,0.513,-3.282e-4,0,0.067,0.351,0.284,-0.007,1011.464,0.001,340.329,0.127,6.4,32.17
0.699,0.875,2910.505,724.347,0.293,0.003,62.098,46.386,191.661,0.537,0.394,0.021,0.122,0.538,0.221,0.549,-3.186e-4,0,0.065,0.351,0.285,-0.007,1011.434,0.001,340.328,0.128,6.4,32.17
0.705,0.936,2909.871,723.713,0.293,0.003,62.075,46.379,191.303,0.537,0.394,0.021,0.122,0.539,0.237,0.588,2.895e-4,0,0.064,0.351,0.287,-0.007,1011.404,0.001,340.327,0.129,6.4,32.17
0.711,0.998,2909.234,723.076,0.293,0.003,62.052,46.372,190.944,0.537,0.394,0.021,0.122,0.539,0.253,0.626,-4.195e-4,0,0.063,0.351,0.288,-0.007,1011.373,0.001,340.326,0.13,6.4,32.17
0.717,1.059,2908.593,722.435,0.293,0.003,62.029,46.365,190.582,0.537,0.394,0.021,0.122,0.539,0.269,0.664,1.637e-5,0,0.061,0.351,0.289,-0.007,1011.342,0.001,340.325,0.131,6.4,32.17
0.723,1.12,2907.948,721.79,0.293,0.003,62.007,46.358,190.218,0.537,0.394,0.021,0.122,0.539,0.285,0.703,-3.551e-4,0,0.06,0.351,0.291,-0.007,1011.31,0.001,340.324,0.132,6.4,32.17
0.729,1.18,2907.299,721.141,0.293,0.003,61.985,46.351,189.853,0.537,0.394,0.021,0.122,0.54,0.3,0.74,-3.25e-4,0,0.059,0.351,0.292,-0.006,1011.278,0.001,340.323,0.133,6.4,32.17
0.735,1.238,2906.647,720.489,0.293,0.003,61.963,46.343,189.485,0.538,0.394,0.021,0.122,0.54,0.316,0.777,3.902e-4,0,0.058,0.351,0.293,-0.006,1011.246,0.001,340.322,0.134,6.4,32.17
0.741,1.296,2905.991,719.833,0.293,0.003,61.942,46.336,189.115,0.538,0.394,0.021,0.122,0.54,0.331,0.812,-3.762e-4,0,0.056,0.351,0.294,-0.006,1011.213,0.001,340.32,0.135,6.4,32.17
0.747,1.352,2905.33,719.172,0.293,0.003,61.922,46.329,188.742,0.538,0.394,0.021,0.122,0.541,0.345,0.847,2.689e-4,0,0.055,0.351,0.295,-0.006,1011.18,0.001,340.319,0.136,6.4,32.17
0.753,1.4,2904.666,718.508,0.293,0.003,61.904,46.322,188.368,0.538,0.394,0.021,0.122,0.541,0.358,0.877,-4.557e-4,0,0.054,0.351,0.297,-0.005,1011.146,0.001,340.318,0.137,6.4,32.17
0.76,1.442,2903.998,717.84,0.293,0.003,61.889,46.314,187.991,0.538,0.394,0.021,0.122,0.541,0.369,0.903,-9.106e-6,0,0.053,0.351,0.298,-0.005,1011.112,0.001,340.317,0.138,6.4,32.17
0.766,1.482,2903.325,717.167,0.292,0.003,61.875,46.307,187.612,0.538,0.394,0.021,0.123,0.541,0.38,0.928,4.198e-4,0,0.052,0.351,0.299,-0.005,1011.078,0.001,340.316,0.139,6.4,32.17
0.772,1.519,2902.649,716.491,0.292,0.003,61.861,46.3,187.23,0.538,0.394,0.021,0.123,0.542,0.39,0.952,2.853e-4,0,0.051,0.351,0.3,-0.004,1011.043,0.001,340.315,0.14,6.4,32.17
0.779,1.555,2901.968,715.81,0.292,0.003,61.849,46.292,186.846,0.538,0.394,0.022,0.123,0.542,0.399,0.974,2.058e-4,0,0.05,0.351,0.301,-0.004,1011.007,0.001,340.314,0.141,6.4,32.17
0.785,1.588,2901.283,715.125,0.292,0.003,61.837,46.285,186.46,0.538,0.394,0.022,0.123,0.542,0.408,0.995,-3.958e-4,0,0.049,0.351,0.302,-0.004,1010.971,0.001,340.312,0.142,6.4,32.17
0.791,1.619,2900.594,714.436,0.292,0.003,61.826,46.277,186.071,0.538,0.394,0.022,0.123,0.542,0.416,1.015,-3.084e-4,0,0.048,0.351,0.303,-0.003,1010.935,0.001,340.311,0.143,6.4,32.17
0.798,1.648,2899.9,713.742,0.292,0.003,61.816,46.269,185.68,0.538,0.394,0.022,0.123,0.543,0.424,1.032,2.669e-4,0,0.047,0.351,0.304,-0.003,1010.898,0.001,340.31,0.144,6.4,32.17
0.804,1.682,2899.202,713.044,0.292,0.003,61.804,46.262,185.287,0.539,0.394,0.022,0.123,0.543,0.433,1.055,5.32e-5,0,0.046,0.351,0.305,-0.003,1010.86,0.001,340.309,0.145,6.4,32.17
0.811,1.718,2898.5,712.342,0.292,0.003,61.791,46.254,184.89,0.539,0.394,0.022,0.123,0.543,0.443,1.077,-4.533e-4,0,0.045,0.351,0.306,-0.002,1010.822,0.001,340.307,0.146,6.4,32.17
0.817,1.75,2897.793,711.635,0.292,0.003,61.78,46.246,184.492,0.539,0.394,0.022,0.123,0.544,0.451,1.098,-4.024e-4,0,0.044,0.351,0.307,-0.002,1010.784,0.001,340.306,0.147,6.4,32.17
0.824,1.78,2897.081,710.923,0.292,0.003,61.769,46.238,184.09,0.539,0.394,0.022,0.123,0.544,0.459,1.116,1.982e-4,0,0.043,0.351,0.308,-0.002,1010.745,0.001,340.305,0.148,6.4,32.17
0.831,1.806,2896.365,710.207,0.292,0.003,61.76,46.23,183.687,0.539,0.394,0.022,0.123,0.544,0.466,1.133,1.989e-4,0,0.042,0.351,0.309,-0.002,1010.705,0.001,340.303,0.149,6.4,32.17
0.837,1.827,2895.699,709.541,0.292,0.003,61.753,46.223,183.311,0.539,0.394,0.022,0.123,0.544,0.472,1.147,-7.358e-5,0,0.042,0.351,0.309,-0.001,1010.668,0.001,340.302,0.15,6.4,32.17
0.844,1.846,2895.045,708.888,0.292,0.003,61.747,46.216,182.943,0.539,0.394,0.022,0.123,0.544,0.477,1.159,-7.461e-5,0,0.041,0.351,0.31,-0.001,1010.628,0.001,340.301,0.151,6.4,32.17
0.851,1.859,2894.387,708.229,0.292,0.003,61.742,46.209,182.573,0.539,0.394,0.022,0.123,0.545,0.481,1.167,2.972e-4,0,0.04,0.351,0.311,-8.853e-4,1010.587,0.001,340.299,0.152,6.4,32.17
0.857,1.835,2893.725,707.567,0.291,0.003,61.752,46.201,182.2,0.539,0.394,0.022,0.123,0.545,0.474,1.153,3.581e-4,0,0.039,0.351,0.312,-6.997e-4,1010.545,0.001,340.298,0.153,6.4,32.17
0.864,1.808,2893.059,706.901,0.291,0.003,61.762,46.194,181.825,0.54,0.394,0.023,0.123,0.545,0.467,1.136,-4.109e-4,0,0.038,0.351,0.313,-5.372e-4,1010.503,0.001,340.297,0.154,6.4,32.17
0.871,1.779,2892.388,706.23,0.291,0.003,61.773,46.186,181.447,0.54,0.394,0.023,0.123,0.545,0.459,1.118,1.01e-4,0,0.038,0.351,0.313,-3.973e-4,1010.46,0.001,340.295,0.155,6.4,32.17
0.878,1.747,2891.714,705.556,0.291,0.003,61.785,46.179,181.068,0.54,0.394,0.023,0.123,0.545,0.451,1.099,8.651e-5,0,0.037,0.351,0.314,-2.798e-4,1010.417,0.001,340.294,0.156,6.4,32.17
0.885,1.713,2891.036,704.878,0.291,0.003,61.798,46.171,180.686,0.54,0.394,0.023,0.123,0.544,0.441,1.078,-1.761e-5,0,0.036,0.351,0.315,-1.84e-4,1010.373,0.001,340.292,0.158,6.4,32.17
0.892,1.676,2890.353,704.195,0.291,0.003,61.811,46.164,180.302,0.54,0.394,0.023,0.123,0.544,0.432,1.056,3.144e-4,0,0.035,0.351,0.316,-1.092e-4,1010.329,0.001,340.291,0.159,6.4,32.17
0.899,1.637,2889.667,703.509,0.291,0.003,61.826,46.156,179.916,0.54,0.394,0.023,0.123,0.544,0.421,1.031,4.476e-4,0,0.035,0.351,0.316,-5.46e-5,1010.284,0.001,340.289,0.16,6.4,32.17
0.907,1.628,2888.977,702.819,0.291,0.003,61.83,46.149,179.527,0.54,0.394,0.023,0.123,0.544,0.419,1.025,-2.856e-4,0,0.034,0.351,0.317,-1.76e-5,1010.238,0.001,340.288,0.161,6.4,32.17
0.914,1.617,2888.282,702.124,0.291,0.003,61.834,46.141,179.136,0.54,0.394,0.023,0.123,0.545,0.416,1.02,-3.564e-4,0,0.033,0.351,0.318,-9.561e-7,1010.192,0.001,340.286,0.162,6.4,32.17
0.921,1.603,2887.582,701.424,0.291,0.003,61.84,46.133,178.742,0.541,0.394,0.023,0.123,0.545,0.412,1.011,2.623e-4,0,0.033,0.351,0.318,5.021e-6,1010.145,0.001,340.285,0.163,6.4,32.17
0.928,1.584,2886.878,700.72,0.291,0.003,61.848,46.125,178.346,0.541,0.394,0.023,0.123,0.545,0.407,1,-3.058e-4,0,0.032,0.351,0.319,2.968e-5,1010.098,0.001,340.283,0.164,6.4,32.17
0.936,1.561,2886.169,700.011,0.291,0.003,61.857,46.117,177.947,0.541,0.394,0.023,0.124,0.545,0.401,0.985,-4.735e-4,0,0.031,0.351,0.32,7.455e-5,1010.05,0.001,340.281,0.165,6.4,32.17
0.943,1.534,2885.455,699.297,0.291,0.003,61.867,46.11,177.545,0.541,0.394,0.024,0.124,0.545,0.394,0.969,-3.324e-4,0,0.031,0.351,0.32,1.389e-4,1010.001,0.001,340.28,0.166,6.4,32.17
0.95,1.502,2884.737,698.579,0.29,0.003,61.879,46.102,177.141,0.541,0.394,0.024,0.124,0.545,0.385,0.949,-3.309e-4,0,0.03,0.351,0.321,2.218e-4,1009.952,0.001,340.278,0.167,6.4,32.17
0.958,1.46,2884.015,697.857,0.29,0.003,61.895,46.093,176.734,0.541,0.394,0.024,0.124,0.545,0.374,0.924,-2.655e-4,0,0.03,0.351,0.322,3.208e-4,1009.902,0.001,340.276,0.168,6.4,32.17
0.965,1.414,2883.287,697.129,0.29,0.003,61.913,46.085,176.325,0.541,0.394,0.024,0.124,0.545,0.362,0.895,-1.133e-4,0,0.029,0.351,0.322,4.348e-4,1009.851,0.001,340.275,0.17,6.4,32.17
0.973,1.364,2882.556,696.398,0.29,0.003,61.932,46.077,175.913,0.541,0.394,0.024,0.124,0.544,0.349,0.864,1.808e-5,0,0.029,0.351,0.323,5.617e-4,1009.8,0.001,340.273,0.171,6.4,32.17
0.981,1.311,2881.819,695.661,0.29,0.003,61.952,46.069,175.499,0.542,0.394,0.024,0.124,0.544,0.335,0.831,-2.058e-4,0,0.028,0.351,0.323,6.992e-4,1009.748,0.001,340.271,0.172,6.4,32.17
0.988,1.253,2881.079,694.921,0.29,0.003,61.974,46.061,175.082,0.542,0.394,0.024,0.124,0.544,0.32,0.794,-3.645e-4,0,0.027,0.351,0.324,8.447e-4,1009.696,0.001,340.27,0.173,6.4,32.17
0.996,1.192,2880.334,694.176,0.29,0.003,61.997,46.052,174.663,0.542,0.394,0.024,0.124,0.544,0.304,0.755,2.487e-4,0,0.027,0.351,0.324,9.955e-4,1009.643,0.001,340.268,0.174,6.4,32.17
1.004,1.123,2879.584,693.426,0.29,0.003,62.024,46.044,174.241,0.542,0.394,0.024,0.124,0.544,0.286,0.712,4.304e-4,0,0.026,0.351,0.325,0.001,1009.589,0.001,340.266,0.175,6.4,32.17
1.011,1.047,2878.83,692.672,0.29,0.003,62.053,46.036,173.816,0.542,0.394,0.024,0.124,0.544,0.266,0.664,1.16e-4,0,0.026,0.351,0.325,0.001,1009.534,0.001,340.264,0.176,6.4,32.17
1.019,0.969,2878.071,691.913,0.29,0.003,62.083,46.027,173.389,0.542,0.394,0.025,0.124,0.544,0.245,0.615,-1.032e-4,0,0.025,0.351,0.326,0.001,1009.479,0.001,340.262,0.177,6.4,32.17
1.027,0.887,2877.309,691.151,0.29,0.003,62.114,46.019,172.96,0.542,0.394,0.025,0.124,0.544,0.224,0.563,4.772e-4,0,0.025,0.351,0.326,0.002,1009.423,0.001,340.26,0.179,6.4,32.17
1.035,0.803,2876.541,690.383,0.29,0.003,62.147,46.01,172.528,0.543,0.394,0.025,0.124,0.544,0.203,0.51,-2.048e-4,0,0.025,0.351,0.327,0.002,1009.367,0.001,340.258,0.18,6.4,32.17
1.043,0.717,2875.77,689.612,0.289,0.003,62.18,46.001,172.094,0.543,0.394,0.025,0.124,0.544,0.181,0.455,-2.217e-4,0,0.024,0.351,0.327,0.002,1009.31,0.001,340.257,0.181,6.4,32.17
1.051,0.632,2874.994,688.836,0.289,0.003,62.213,45.993,171.658,0.543,0.394,0.025,0.124,0.544,0.159,0.401,-4.122e-5,0,0.024,0.351,0.328,0.002,1009.252,0.001,340.255,0.182,6.4,32.17
1.059,0.56,2874.214,688.056,0.289,0.003,62.242,45.984,171.218,0.543,0.394,0.025,0.124,0.544,0.141,0.356,4.193e-4,0,0.023,0.351,0.328,0.002,1009.193,0.001,340.253,0.183,6.4,32.17
1.067,0.489,2873.429,687.271,0.289,0.003,62.27,45.975,170.776,0.543,0.394,0.025,0.124,0.544,0.123,0.31,-2.076e-4,0,0.023,0.351,0.329,0.002,1009.134,0.001,340.251,0.184,6.4,32.17
1.075,0.42,2872.639,686.481,0.289,0.003,62.297,45.966,170.332,0.543,0.393,0.025,0.124,0.544,0.105,0.267,2.866e-4,0,0.022,0.351,0.329,0.002,1009.074,0.001,340.249,0.185,6.4,32.17
1.084,0.358,2871.844,685.686,0.289,0.003,62.322,45.957,169.885,0.543,0.393,0.025,0.125,0.544,0.089,0.227,-3.83e-5,0,0.022,0.351,0.33,0.001,1009.013,0.001,340.247,0.187,6.4,32.17
1.092,0.306,2871.044,684.886,0.289,0.003,62.343,45.948,169.434,0.544,0.393,0.026,0.125,0.544,0.076,0.194,-2.746e-4,0,0.022,0.351,0.33,9.466e-4,1008.951,0.001,340.245,0.188,6.4,32.17
1.1,0.272,2870.24,684.082,0.289,0.003,62.357,45.939,168.982,0.544,0.393,0.026,0.125,0.544,0.068,0.173,-2.252e-4,0,0.021,0.352,0.33,3.507e-4,1008.889,0.001,340.242,0.189,6.4,32.17
1.109,0.245,2869.431,683.273,0.289,0.003,62.368,45.93,168.526,0.544,0.393,0.026,0.125,0.544,0.061,0.156,4.544e-4,0,0.021,0.352,0.331,3.941e-6,1008.826,0.001,340.24,0.19,6.4,32.17
1.117,0.251,2868.617,682.459,0.289,0.003,62.366,45.921,168.068,0.544,0.393,0.026,0.125,0.544,0.062,0.161,-2.455e-4,0,0.02,0.352,0.331,-2.581e-4,1008.762,0.001,340.238,0.191,6.4,32.17
1.126,0.287,2867.799,681.641,0.289,0.003,62.353,45.912,167.608,0.544,0.393,0.026,0.125,0.544,0.072,0.185,-7.88e-5,0,0.02,0.352,0.332,-8.488e-4,1008.698,0.001,340.236,0.192,6.4,32.17
1.134,0.342,2866.976,680.818,0.289,0.003,62.331,45.903,167.145,0.544,0.393,0.026,0.125,0.545,0.086,0.221,-9.781e-5,0,0.02,0.352,0.332,-0.001,1008.632,0.001,340.234,0.194,6.4,32.17
1.143,0.408,2866.149,679.991,0.288,0.003,62.307,45.893,166.679,0.545,0.393,0.026,0.125,0.545,0.102,0.263,-4.004e-4,0,0.019,0.352,0.332,-0.002,1008.566,0.001,340.232,0.195,6.4,32.17
1.151,0.477,2865.317,679.159,0.288,0.003,62.28,45.884,166.211,0.545,0.393,0.026,0.125,0.545,0.12,0.308,1.535e-4,0,0.019,0.352,0.333,-0.002,1008.499,0.001,340.229,0.196,6.4,32.17
1.16,0.544,2864.48,678.323,0.288,0.003,62.255,45.875,165.74,0.545,0.393,0.027,0.125,0.545,0.137,0.351,-2.718e-4,0,0.019,0.352,0.333,-0.002,1008.432,0.001,340.227,0.197,6.4,32.17
1.169,0.612,2863.64,677.482,0.288,0.003,62.23,45.865,165.267,0.545,0.393,0.027,0.125,0.546,0.154,0.395,-4.753e-4,0,0.018,0.352,0.333,-0.002,1008.363,0.001,340.225,0.198,6.4,32.17
1.177,0.679,2862.795,676.637,0.288,0.003,62.205,45.855,164.791,0.545,0.393,0.027,0.125,0.546,0.171,0.438,-9.61e-6,0,0.018,0.352,0.334,-0.001,1008.294,0.001,340.222,0.2,6.4,32.17
1.186,0.743,2861.948,675.79,0.288,0.003,62.181,45.846,164.315,0.545,0.393,0.027,0.125,0.546,0.187,0.479,4.511e-4,0,0.018,0.352,0.334,-0.001,1008.225,0.001,340.22,0.201,6.4,32.17
1.195,0.802,2861.202,675.044,0.288,0.003,62.159,45.837,163.875,0.546,0.393,0.027,0.125,0.547,0.203,0.518,-3.644e-4,0,0.017,0.352,0.334,-0.001,1008.154,0.001,340.218,0.202,6.4,32.17
1.204,0.856,2860.452,674.294,0.288,0.003,62.139,45.829,163.432,0.546,0.393,0.027,0.125,0.547,0.217,0.553,-1.832e-4,0,0.017,0.352,0.335,-8.957e-4,1008.082,0.001,340.215,0.203,6.4,32.17
1.213,0.904,2859.697,673.539,0.288,0.003,62.121,45.82,162.987,0.546,0.393,0.027,0.125,0.547,0.229,0.584,-4.58e-4,0,0.017,0.352,0.335,-7.258e-4,1008.01,0.001,340.213,0.204,6.4,32.17
1.222,0.945,2858.938,672.78,0.288,0.003,62.106,45.812,162.539,0.546,0.393,0.027,0.125,0.548,0.24,0.61,1.75e-4,0,0.017,0.352,0.335,-5.657e-4,1007.937,0.001,340.21,0.205,6.4,32.17
1.231,0.98,2858.174,672.016,0.288,0.003,62.094,45.803,162.088,0.546,0.393,0.028,0.126,0.548,0.249,0.634,-2.788e-4,0,0.016,0.352,0.336,-4.195e-4,1007.863,0.001,340.208,0.207,6.4,32.17
1.24,1.008,2857.406,671.248,0.287,0.003,62.084,45.794,161.635,0.547,0.393,0.028,0.126,0.548,0.256,0.651,-3.388e-4,0,0.016,0.352,0.336,-2.906e-4,1007.788,0.001,340.205,0.208,6.4,32.17
1.249,1.028,2856.633,670.475,0.287,0.003,62.077,45.786,161.179,0.547,0.393,0.028,0.126,0.548,0.261,0.665,-2.371e-4,0,0.016,0.352,0.336,-1.824e-4,1007.712,0.001,340.203,0.209,6.4,32.17
1.258,1.039,2855.855,669.697,0.287,0.003,62.074,45.777,160.72,0.547,0.393,0.028,0.126,0.549,0.264,0.672,9.633e-5,0,0.015,0.352,0.337,-9.524e-5,1007.636,0.001,340.2,0.21,6.4,32.17
1.267,1.042,2855.073,668.915,0.287,0.003,62.073,45.768,160.258,0.547,0.393,0.028,0.126,0.549,0.265,0.675,-2.771e-4,0,0.015,0.352,0.337,-3.533e-5,1007.558,0.001,340.198,0.212,6.4,32.17
1.277,1.037,2854.287,668.129,0.287,0.003,62.076,45.759,159.794,0.547,0.393,0.028,0.126,0.549,0.263,0.671,-2.175e-4,0,0.015,0.352,0.337,-4.429e-6,1007.48,0.001,340.195,0.213,6.4,32.17
1.286,1.022,2853.496,667.338,0.287,0.003,62.082,45.75,159.328,0.547,0.393,0.028,0.126,0.549,0.26,0.663,-4.927e-5,0,0.015,0.352,0.337,2.971e-6,1007.4,0.001,340.192,0.214,6.4,32.17
1.295,1,2852.701,666.543,0.287,0.003,62.091,45.741,158.859,0.548,0.393,0.029,0.126,0.549,0.254,0.648,4.89e-4,0,0.014,0.352,0.338,3.035e-5,1007.32,0.001,340.19,0.215,6.4,32.17
1.305,0.971,2851.902,665.744,0.287,0.003,62.103,45.732,158.387,0.548,0.393,0.029,0.126,0.549,0.246,0.63,3.599e-4,0,0.014,0.352,0.338,8.137e-5,1007.239,0.001,340.187,0.216,6.4,32.17
1.314,0.94,2851.098,664.94,0.287,0.003,62.115,45.723,157.913,0.548,0.393,0.029,0.126,0.55,0.238,0.61,1.31e-4,0,0.014,0.352,0.338,1.501e-4,1007.157,0.001,340.184,0.218,6.4,32.17
1.324,0.903,2850.288,664.13,0.287,0.003,62.13,45.714,157.435,0.548,0.393,0.029,0.126,0.55,0.229,0.586,-3.61e-4,0,0.014,0.352,0.338,2.366e-4,1007.074,0.001,340.181,0.219,6.4,32.17
1.334,0.86,2849.472,663.314,0.287,0.003,62.147,45.704,156.954,0.548,0.393,0.029,0.126,0.55,0.218,0.559,-3.617e-4,0,0.013,0.352,0.339,3.378e-4,1006.99,0.001,340.179,0.22,6.4,32.17
1.343,0.812,2848.651,662.493,0.287,0.003,62.166,45.695,156.469,0.549,0.393,0.029,0.126,0.55,0.205,0.528,-9.581e-5,0,0.013,0.352,0.339,4.503e-4,1006.904,0.001,340.176,0.221,6.4,32.17
1.353,0.754,2847.825,661.667,0.286,0.003,62.189,45.685,155.982,0.549,0.393,0.03,0.126,0.55,0.19,0.49,-4.835e-4,0,0.013,0.352,0.339,5.758e-4,1006.818,0.001,340.173,0.222,6.4,32.17
1.363,0.679,2846.994,660.836,0.286,0.003,62.219,45.676,155.491,0.549,0.393,0.03,0.127,0.55,0.171,0.441,2.933e-4,0,0.013,0.352,0.34,7.175e-4,1006.731,0.001,340.17,0.224,6.4,32.17
1.373,0.598,2846.158,660,0.286,0.003,62.251,45.666,154.998,0.549,0.393,0.03,0.127,0.55,0.15,0.389,-4.006e-4,0,0.013,0.352,0.34,8.573e-4,1006.643,0.001,340.167,0.225,6.4,32.17
1.383,0.511,2845.318,659.16,0.286,0.003,62.285,45.657,154.502,0.549,0.393,0.03,0.127,0.55,0.128,0.332,1.379e-6,0,0.012,0.352,0.34,9.887e-4,1006.554,0.001,340.164,0.226,6.4,32.17
1.393,0.419,2844.473,658.315,0.286,0.003,62.321,45.647,154.004,0.55,0.393,0.03,0.127,0.55,0.105,0.272,4.922e-4,0,0.012,0.352,0.34,0.001,1006.464,0.001,340.161,0.227,6.4,32.17
1.403,0.323,2843.624,657.466,0.286,0.003,62.359,45.637,153.503,0.55,0.393,0.03,0.127,0.55,0.081,0.21,2.574e-4,0,0.012,0.352,0.34,0.001,1006.373,0.001,340.158,0.229,6.4,32.17
1.413,0.22,2842.77,656.612,0.286,0.003,62.4,45.628,152.999,0.55,0.393,0.03,0.127,0.55,0.055,0.143,2.067e-4,0,0.012,0.352,0.341,0.001,1006.281,0.001,340.155,0.23,6.4,32.17
1.423,0.119,2841.912,655.754,0.286,0.003,62.441,45.618,152.493,0.55,0.393,0.031,0.127,0.55,0.03,0.076,-2.576e-4,0,0.012,0.352,0.341,0.001,1006.187,0.001,340.152,0.231,6.4,32.17
1.433,0.049,2841.049,654.891,0.286,0.003,62.469,45.608,151.984,0.551,0.393,0.031,0.127,0.551,0.012,0.032,4.881e-4,0,0.011,0.352,0.341,2.597e-5,1006.093,0.001,340.149,0.232,6.4,32.17
1.443,0.116,2840.181,654.023,0.286,0.003,62.444,45.598,151.472,0.551,0.393,0.031,0.127,0.551,0.029,0.077,-5.038e-5,0,0.011,0.353,0.341,-9.666e-4,1005.998,0.001,340.145,0.234,6.4,32.17
1.454,0.213,2839.309,653.151,0.285,0.003,62.406,45.588,150.957,0.551,0.393,0.031,0.127,0.551,0.053,0.141,3.322e-4,0,0.011,0.353,0.342,-0.001,1005.902,0.001,340.142,0.235,6.4,32.17
1.464,0.306,2838.431,652.273,0.285,0.003,62.371,45.578,150.439,0.551,0.393,0.031,0.127,0.551,0.076,0.202,-1.519e-5,0,0.011,0.353,0.342,-0.001,1005.805,0.001,340.139,0.236,6.4,32.17
1.475,0.395,2837.548,651.39,0.285,0.003,62.337,45.568,149.918,0.551,0.393,0.031,0.127,0.552,0.099,0.261,1.953e-4,0,0.011,0.353,0.342,-0.001,1005.707,0.001,340.136,0.237,6.4,32.17
1.485,0.48,2836.659,650.501,0.285,0.003,62.305,45.557,149.394,0.552,0.393,0.032,0.127,0.552,0.12,0.316,3.093e-4,0,0.01,0.353,0.342,-8.993e-4,1005.607,0.001,340.132,0.239,6.4,32.17
1.496,0.558,2835.765,649.607,0.285,0.003,62.275,45.547,148.866,0.552,0.393,0.032,0.127,0.552,0.14,0.368,3.945e-4,0,0.01,0.353,0.342,-7.599e-4,1005.507,0.001,340.129,0.24,6.4,32.17
1.506,0.633,2834.865,648.707,0.285,0.003,62.247,45.537,148.335,0.552,0.393,0.032,0.128,0.553,0.16,0.417,-7.632e-5,0,0.01,0.353,0.343,-6.122e-4,1005.405,0.001,340.125,0.241,6.4,32.17
1.517,0.703,2833.96,647.802,0.285,0.003,62.221,45.526,147.801,0.552,0.393,0.032,0.128,0.553,0.177,0.464,1.996e-4,0,0.01,0.353,0.343,-4.642e-4,1005.302,0.001,340.122,0.242,6.4,32.17
1.528,0.763,2833.049,646.891,0.285,0.003,62.199,45.516,147.263,0.553,0.393,0.032,0.128,0.553,0.193,0.503,4.929e-4,0,0.01,0.353,0.343,-3.242e-4,1005.198,0.001,340.118,0.244,6.4,32.17
1.539,0.812,2832.132,645.974,0.285,0.003,62.181,45.505,146.723,0.553,0.392,0.032,0.128,0.554,0.205,0.535,1.172e-4,0,0.01,0.353,0.343,-2.008e-4,1005.093,0.001,340.115,0.245,6.4,32.17
1.55,0.849,2831.21,645.052,0.285,0.003,62.168,45.495,146.178,0.553,0.392,0.033,0.128,0.554,0.215,0.56,-8.669e-5,0,0.009,0.353,0.343,-1.018e-4,1004.986,0.001,340.111,0.246,6.4,32.17
1.561,0.874,2830.282,644.124,0.284,0.003,62.16,45.484,145.631,0.553,0.392,0.033,0.128,0.554,0.221,0.577,-1.349e-4,0,0.009,0.353,0.344,-3.393e-5,1004.878,0.001,340.108,0.247,6.4,32.17
1.572,0.885,2829.348,643.19,0.284,0.003,62.156,45.473,145.079,0.553,0.392,0.033,0.128,0.555,0.224,0.585,-1.797e-4,0,0.009,0.353,0.344,-2.041e-6,1004.769,0.001,340.104,0.249,6.4,32.17
1.583,0.883,2828.407,642.249,0.284,0.003,62.158,45.462,144.525,0.554,0.392,0.033,0.128,0.555,0.224,0.584,-4.615e-4,0,0.009,0.353,0.344,9.172e-6,1004.659,0.001,340.1,0.25,6.4,32.17
1.594,0.867,2827.461,641.303,0.284,0.003,62.165,45.451,143.966,0.554,0.392,0.033,0.128,0.555,0.22,0.573,-4.617e-4,0,0.009,0.353,0.344,5.581e-5,1004.548,0.001,340.097,0.251,6.4,32.17
1.605,0.823,2826.508,640.35,0.284,0.003,62.182,45.44,143.404,0.554,0.392,0.034,0.128,0.555,0.208,0.545,4.681e-4,0,0.009,0.353,0.344,1.403e-4,1004.435,0.001,340.093,0.253,6.4,32.17
1.617,0.75,2825.548,639.39,0.284,0.003,62.211,45.429,142.837,0.554,0.392,0.034,0.128,0.555,0.19,0.496,-2.882e-5,0,0.009,0.353,0.344,2.543e-4,1004.32,0.001,340.089,0.254,6.4,32.17
1.628,0.664,2824.579,638.421,0.284,0.003,62.245,45.418,142.266,0.555,0.392,0.034,0.128,0.555,0.168,0.44,2.69e-4,0,0.008,0.353,0.345,3.856e-4,1004.205,0.001,340.085,0.255,6.4,32.17
1.64,0.568,2823.603,637.445,0.284,0.003,62.283,45.407,141.69,0.555,0.392,0.034,0.129,0.555,0.143,0.376,-6.509e-5,0,0.008,0.353,0.345,5.205e-4,1004.087,0.001,340.081,0.256,6.4,32.17
1.651,0.464,2822.619,636.461,0.284,0.003,62.324,45.395,141.109,0.555,0.392,0.034,0.129,0.556,0.117,0.308,-4.189e-4,0,0.008,0.353,0.345,6.437e-4,1003.968,0.001,340.077,0.258,6.4,32.17
1.663,0.372,2821.627,635.469,0.284,0.003,62.361,45.384,140.524,0.555,0.392,0.035,0.129,0.556,0.093,0.247,4.311e-4,0,0.008,0.353,0.345,7.427e-4,1003.848,0.001,340.073,0.259,6.4,32.17
1.675,0.276,2820.629,634.471,0.283,0.003,62.399,45.372,139.935,0.556,0.392,0.035,0.129,0.556,0.069,0.183,1.214e-6,0,0.008,0.353,0.345,7.973e-4,1003.726,0.001,340.069,0.26,6.4,32.17
1.681,0.224,2820.095,633.937,0.283,0.003,62.42,45.366,139.62,0.556,0.392,0.035,0.129,0.556,0.056,0.148,3.623e-4,0,0.008,0.353,0.345,7.912e-4,1003.661,0.001,340.067,0.261,6.4,32.17
1.69,0.148,2819.435,633.277,0.283,0.003,62.45,45.358,139.215,0.556,0.392,0.035,0.129,0.556,0.037,0.099,-2.937e-4,0,0.008,0.353,0.346,6.703e-4,1003.562,0.001,340.064,0.262,6.4,32.17
1.702,0.081,2818.6,632.442,0.283,0.003,62.478,45.348,138.701,0.556,0.392,0.035,0.129,0.556,0.02,0.054,1.882e-4,0,0.008,0.353,0.346,3.8e-5,1003.437,0.001,340.059,0.263,6.4,32.17
1.715,0.126,2817.758,631.6,0.283,0.003,62.461,45.339,138.184,0.557,0.392,0.035,0.129,0.557,0.031,0.084,2.681e-4,0,0.007,0.353,0.346,-5.94e-4,1003.31,0.001,340.055,0.265,6.4,32.17
1.727,0.225,2816.91,630.752,0.283,0.003,62.423,45.329,137.663,0.557,0.392,0.036,0.129,0.557,0.056,0.151,2.39e-5,0,0.007,0.353,0.346,-7.819e-4,1003.182,0.001,340.051,0.266,6.4,32.17
1.739,0.326,2816.055,629.897,0.283,0.003,62.384,45.319,137.137,0.557,0.392,0.036,0.129,0.557,0.082,0.218,1.595e-4,0,0.007,0.353,0.346,-7.367e-4,1003.052,0.001,340.046,0.267,6.4,32.17
1.751,0.42,2815.194,629.036,0.283,0.003,62.349,45.309,136.608,0.557,0.392,0.036,0.129,0.558,0.105,0.281,-3.21e-4,0,0.007,0.353,0.346,-6.265e-4,1002.92,0.001,340.042,0.268,6.4,32.17
1.764,0.494,2814.327,628.169,0.283,0.003,62.321,45.298,136.075,0.558,0.392,0.036,0.129,0.558,0.124,0.33,4.518e-4,0,0.007,0.353,0.347,-4.922e-4,1002.787,0.001,340.037,0.27,6.4,32.17
1.776,0.555,2813.453,627.295,0.283,0.003,62.299,45.288,135.538,0.558,0.392,0.036,0.13,0.558,0.14,0.372,1.386e-4,0,0.007,0.354,0.347,-3.544e-4,1002.652,0.001,340.033,0.271,6.4,32.17
1.789,0.602,2812.574,626.416,0.282,0.003,62.281,45.278,134.998,0.558,0.392,0.037,0.13,0.559,0.152,0.403,2.039e-4,0,0.007,0.354,0.347,-2.265e-4,1002.516,0.001,340.028,0.272,6.4,32.17
1.802,0.637,2811.688,625.53,0.282,0.003,62.269,45.268,134.453,0.559,0.392,0.037,0.13,0.559,0.161,0.427,-1.493e-5,0,0.007,0.354,0.347,-1.202e-4,1002.378,0.001,340.024,0.274,6.4,32.17
1.815,0.674,2810.796,624.638,0.282,0.003,62.256,45.257,133.905,0.559,0.392,0.037,0.13,0.56,0.17,0.452,4.247e-5,0,0.006,0.354,0.347,-4.247e-5,1002.238,0.001,340.019,0.275,6.4,32.17
1.827,0.692,2809.895,623.737,0.282,0.003,62.25,45.247,133.351,0.559,0.392,0.037,0.13,0.56,0.175,0.465,2.62e-4,0,0.006,0.354,0.347,-3.365e-6,1002.096,0.001,340.014,0.276,6.4,32.17
1.841,0.691,2808.987,622.829,0.282,0.003,62.251,45.236,132.793,0.559,0.392,0.038,0.13,0.56,0.175,0.464,4.339e-4,0,0.006,0.354,0.347,8.757e-6,1001.953,0.001,340.009,0.278,6.4,32.17
1.854,0.662,2808.071,621.913,0.282,0.003,62.263,45.225,132.23,0.56,0.392,0.038,0.13,0.56,0.167,0.446,2.791e-4,0,0.006,0.354,0.348,5.89e-5,1001.807,0.001,340.005,0.279,6.4,32.17
1.867,0.595,2807.147,620.989,0.282,0.003,62.29,45.214,131.663,0.56,0.392,0.038,0.13,0.561,0.15,0.4,1.472e-4,0,0.006,0.354,0.348,1.437e-4,1001.66,0.001,340,0.28,6.4,32.17
1.88,0.512,2806.218,620.06,0.282,0.003,62.323,45.203,131.092,0.56,0.392,0.038,0.13,0.561,0.129,0.344,-1.419e-4,0,0.006,0.354,0.348,2.492e-4,1001.511,0.001,339.995,0.281,6.4,32.17
1.894,0.415,2805.282,619.125,0.282,0.003,62.362,45.192,130.517,0.56,0.392,0.038,0.13,0.561,0.104,0.279,4.089e-4,0,0.006,0.354,0.348,3.597e-4,1001.36,0.001,339.99,0.283,6.4,32.17
1.907,0.311,2804.34,618.182,0.282,0.003,62.404,45.181,129.937,0.561,0.392,0.039,0.13,0.561,0.078,0.209,-4.788e-4,0,0.006,0.354,0.348,4.599e-4,1001.208,0.001,339.984,0.284,6.4,32.17
1.921,0.201,2803.391,617.233,0.281,0.003,62.448,45.17,129.354,0.561,0.392,0.039,0.131,0.561,0.05,0.135,2.487e-4,0,0.006,0.354,0.348,5.368e-4,1001.054,0.001,339.979,0.285,6.4,32.17
1.935,0.086,2802.433,616.275,0.281,0.003,62.494,45.159,128.766,0.561,0.392,0.039,0.131,0.561,0.021,0.058,1.198e-4,0,0.006,0.354,0.348,5.781e-4,1000.897,0.001,339.974,0.287,6.4,32.17
1.949,0.03,2801.468,615.31,0.281,0.003,62.517,45.147,128.172,0.562,0.392,0.039,0.131,0.562,0.008,0.021,-4.63e-4,0,0.005,0.354,0.349,-5.824e-4,1000.739,0.001,339.969,0.288,6.4,32.17
1.963,0.14,2800.495,614.337,0.281,0.003,62.475,45.136,127.574,0.562,0.392,0.039,0.131,0.562,0.035,0.095,4.054e-4,0,0.005,0.354,0.349,-5.446e-4,1000.579,0.001,339.963,0.289,6.4,32.17
1.977,0.242,2799.513,613.355,0.281,0.003,62.436,45.124,126.971,0.562,0.392,0.04,0.131,0.562,0.061,0.165,2.139e-4,0,0.005,0.354,0.349,-4.712e-4,1000.416,0.001,339.958,0.291,6.4,32.17
1.991,0.335,2798.522,612.364,0.281,0.003,62.4,45.113,126.362,0.563,0.391,0.04,0.131,0.563,0.084,0.227,4.114e-5,0,0.005,0.354,0.349,-3.717e-4,1000.251,0.001,339.952,0.292,6.4,32.17
2.005,0.416,2797.522,611.364,0.281,0.003,62.37,45.101,125.747,0.563,0.391,0.04,0.131,0.563,0.105,0.283,2.089e-4,0,0.005,0.354,0.349,-2.583e-4,1000.084,0.001,339.947,0.293,6.4,32.17
2.02,0.484,2796.513,610.355,0.281,0.003,62.345,45.089,125.127,0.563,0.391,0.04,0.131,0.564,0.122,0.329,-4.443e-4,0,0.005,0.354,0.349,-1.464e-4,999.915,0.001,339.941,0.295,6.4,32.17
2.034,0.53,2795.496,609.338,0.281,0.003,62.328,45.077,124.502,0.563,0.391,0.041,0.131,0.564,0.134,0.361,-4.469e-4,0,0.005,0.354,0.349,-5.794e-5,999.744,0.001,339.935,0.296,6.4,32.17
2.049,0.553,2794.47,608.312,0.28,0.003,62.32,45.065,123.871,0.564,0.391,0.041,0.131,0.564,0.139,0.376,-2.622e-4,0,0.005,0.354,0.35,-7.79e-6,999.57,0.001,339.929,0.297,6.4,32.17
2.064,0.544,2793.435,607.277,0.28,0.003,62.325,45.052,123.235,0.564,0.391,0.041,0.132,0.565,0.137,0.371,1.816e-4,0,0.005,0.354,0.35,3.573e-6,999.394,0.001,339.924,0.299,6.4,32.17
2.079,0.512,2792.389,606.231,0.28,0.003,62.338,45.04,122.592,0.564,0.391,0.041,0.132,0.565,0.129,0.348,-2.758e-5,0,0.005,0.354,0.35,4.134e-5,999.215,0.001,339.918,0.3,6.4,32.17
2.094,0.458,2791.331,605.173,0.28,0.003,62.36,45.027,121.942,0.565,0.391,0.042,0.132,0.565,0.115,0.312,-7.155e-5,0,0.005,0.354,0.35,1.13e-4,999.034,0.001,339.911,0.301,6.4,32.17
2.109,0.384,2790.262,604.104,0.28,0.003,62.39,45.015,121.285,0.565,0.391,0.042,0.132,0.565,0.096,0.261,1.87e-5,0,0.004,0.354,0.35,2.027e-4,998.85,0.001,339.905,0.303,6.4,32.17
2.125,0.294,2789.182,603.024,0.28,0.003,62.426,45.002,120.621,0.565,0.391,0.042,0.132,0.565,0.074,0.2,2.122e-4,0,0.004,0.355,0.35,2.896e-4,998.663,0.001,339.899,0.304,6.4,32.17
2.141,0.194,2788.089,601.931,0.28,0.003,62.467,44.989,119.95,0.566,0.391,0.042,0.132,0.566,0.048,0.132,-2.714e-4,0,0.004,0.355,0.35,3.454e-4,998.473,0.001,339.893,0.305,6.4,32.17
2.157,0.097,2786.984,600.826,0.28,0.003,62.506,44.976,119.271,0.566,0.391,0.043,0.132,0.566,0.024,0.066,-8.696e-5,0,0.004,0.355,0.35,2.583e-4,998.28,0.001,339.886,0.307,6.4,32.17
2.173,0.078,2785.867,599.709,0.279,0.003,62.515,44.962,118.584,0.566,0.391,0.043,0.132,0.566,0.019,0.053,2.075e-4,0,0.004,0.355,0.351,-8.058e-5,998.084,0.001,339.88,0.308,6.4,32.17
2.189,0.162,2784.737,598.579,0.279,0.003,62.483,44.949,117.89,0.567,0.391,0.043,0.132,0.567,0.041,0.111,-5.827e-5,0,0.004,0.355,0.351,-2.731e-4,997.885,0.001,339.873,0.309,6.4,32.17
2.205,0.252,2783.594,597.436,0.279,0.003,62.449,44.935,117.187,0.567,0.391,0.043,0.133,0.567,0.063,0.173,-8.388e-5,0,0.004,0.355,0.351,-2.523e-4,997.682,0.001,339.866,0.311,6.4,32.17
2.222,0.331,2782.438,596.28,0.279,0.003,62.419,44.921,116.477,0.567,0.391,0.044,0.133,0.568,0.083,0.227,-6.192e-7,0,0.004,0.355,0.351,-1.833e-4,997.477,0.001,339.859,0.312,6.4,32.17
2.239,0.391,2781.269,595.111,0.279,0.003,62.397,44.907,115.758,0.568,0.391,0.044,0.133,0.568,0.098,0.269,2.136e-4,0,0.004,0.355,0.351,-1.023e-4,997.268,0.001,339.852,0.314,6.4,32.17
2.256,0.433,2780.087,593.929,0.279,0.003,62.382,44.893,115.032,0.568,0.391,0.044,0.133,0.568,0.109,0.297,2.901e-5,0,0.004,0.355,0.351,-3.903e-5,997.057,0.001,339.845,0.315,6.4,32.17
2.273,0.466,2778.894,592.736,0.279,0.003,62.37,44.879,114.298,0.568,0.391,0.044,0.133,0.569,0.117,0.32,-1.579e-4,0,0.004,0.355,0.351,-4.973e-6,996.842,0.001,339.838,0.316,6.4,32.17
2.29,0.477,2777.69,591.532,0.278,0.003,62.367,44.864,113.558,0.569,0.391,0.045,0.133,0.569,0.12,0.329,-1.416e-4,0,0.004,0.355,0.351,4.876e-6,996.624,0.001,339.831,0.318,6.4,32.17
2.308,0.461,2776.474,590.316,0.278,0.003,62.375,44.85,112.811,0.569,0.391,0.045,0.133,0.569,0.116,0.318,-1.467e-4,0,0.004,0.355,0.352,4.629e-5,996.403,0.001,339.823,0.319,6.4,32.17
2.325,0.415,2775.245,589.087,0.278,0.003,62.394,44.835,112.056,0.569,0.391,0.045,0.133,0.57,0.104,0.287,-4.658e-4,0,0.003,0.355,0.352,1.246e-4,996.179,0.001,339.816,0.32,6.4,32.17
2.343,0.346,2774.001,587.843,0.278,0.003,62.422,44.82,111.291,0.57,0.391,0.046,0.133,0.57,0.087,0.239,4.752e-4,0,0.003,0.355,0.352,2.201e-4,995.951,0.001,339.808,0.322,6.4,32.17
2.358,0.278,2772.959,586.801,0.278,0.003,62.449,44.808,110.651,0.57,0.391,0.046,0.134,0.57,0.07,0.192,-1.52e-4,0,0.003,0.355,0.352,2.883e-4,995.76,0.001,339.801,0.323,6.4,32.17
2.376,0.19,2772.007,585.849,0.278,0.003,62.485,44.796,110.002,0.57,0.391,0.046,0.134,0.571,0.047,0.131,4.216e-4,0,0.003,0.355,0.352,3.098e-4,995.525,0.001,339.794,0.324,6.4,32.17
2.395,0.112,2771.043,584.885,0.278,0.003,62.517,44.785,109.344,0.571,0.391,0.046,0.134,0.571,0.028,0.077,-4.47e-4,0,0.003,0.355,0.352,1.243e-4,995.286,0.001,339.786,0.326,6.4,32.17
2.414,0.121,2770.068,583.91,0.278,0.003,62.515,44.773,108.679,0.571,0.391,0.047,0.134,0.571,0.03,0.084,1.419e-4,0,0.003,0.355,0.352,-1.7e-4,995.043,0.001,339.777,0.327,6.4,32.17
2.433,0.23,2769.076,582.918,0.277,0.003,62.473,44.761,108.002,0.572,0.391,0.047,0.134,0.572,0.058,0.16,-2.276e-4,0,0.003,0.355,0.352,-3.075e-4,994.795,0.001,339.769,0.328,6.4,32.17
2.452,0.338,2768.069,581.911,0.277,0.003,62.432,44.749,107.316,0.572,0.391,0.047,0.134,0.572,0.085,0.234,-4.869e-4,0,0.003,0.355,0.352,-2.296e-4,994.543,0.001,339.761,0.33,6.4,32.17
2.472,0.421,2767.047,580.889,0.277,0.003,62.401,44.736,106.618,0.572,0.391,0.047,0.134,0.573,0.106,0.292,9.978e-5,0,0.003,0.355,0.353,-1.145e-4,994.285,0.001,339.752,0.331,6.4,32.17
2.492,0.466,2766.009,579.851,0.277,0.003,62.385,44.724,105.91,0.573,0.39,0.048,0.134,0.573,0.117,0.324,4.726e-4,0,0.003,0.356,0.353,-2.626e-5,994.022,0.001,339.743,0.333,6.4,32.17
2.512,0.463,2764.956,578.798,0.277,0.003,62.388,44.711,105.192,0.573,0.39,0.048,0.134,0.573,0.117,0.322,-1.1e-4,0,0.003,0.356,0.353,7.108e-7,993.755,0.001,339.734,0.334,6.4,32.17
2.532,0.413,2763.887,577.73,0.277,0.003,62.408,44.698,104.463,0.573,0.39,0.048,0.135,0.574,0.104,0.288,9.315e-5,0,0.003,0.356,0.353,4.092e-5,993.482,0.001,339.725,0.335,6.4,32.17
2.553,0.326,2762.804,576.646,0.277,0.003,62.444,44.685,103.724,0.574,0.39,0.049,0.135,0.574,0.082,0.227,2.421e-4,0,0.003,0.356,0.353,1.158e-4,993.205,0.001,339.716,0.337,6.4,32.17
2.574,0.218,2761.705,575.547,0.277,0.003,62.487,44.672,102.974,0.574,0.39,0.049,0.135,0.574,0.055,0.151,-4.018e-4,0,0.003,0.356,0.353,1.642e-4,992.922,0.001,339.706,0.338,6.4,32.17
2.596,0.12,2760.588,574.43,0.276,0.003,62.527,44.658,102.213,0.574,0.39,0.049,0.135,0.575,0.03,0.085,1.732e-4,0,0.003,0.356,0.353,4.408e-5,992.633,0.001,339.696,0.34,6.4,32.17
2.617,0.147,2759.454,573.296,0.276,0.003,62.518,44.644,101.439,0.575,0.39,0.05,0.135,0.575,0.037,0.103,-1.803e-4,0,0.002,0.356,0.353,-1.128e-4,992.339,0.001,339.687,0.341,6.4,32.17
2.64,0.252,2758.302,572.144,0.276,0.003,62.478,44.63,100.653,0.575,0.39,0.05,0.135,0.575,0.063,0.177,4.842e-4,0,0.002,0.356,0.353,-1.479e-4,992.039,0.001,339.677,0.342,6.4,32.17
2.662,0.349,2757.131,570.973,0.276,0.003,62.441,44.616,99.855,0.576,0.39,0.05,0.135,0.576,0.088,0.245,-4.037e-4,0,0.002,0.356,0.354,-7.097e-5,991.733,0.001,339.666,0.344,6.4,32.17
2.685,0.403,2755.943,569.785,0.276,0.003,62.422,44.601,99.044,0.576,0.39,0.05,0.135,0.576,0.102,0.282,-1.836e-4,0,0.002,0.356,0.354,-6.85e-6,991.421,0.001,339.656,0.345,6.4,32.17
2.708,0.4,2754.738,568.58,0.276,0.003,62.424,44.587,98.222,0.576,0.39,0.051,0.136,0.577,0.101,0.281,-3.86e-4,0,0.002,0.356,0.354,1.541e-5,991.103,0.001,339.645,0.347,6.4,32.17
2.732,0.336,2753.513,567.355,0.276,0.003,62.451,44.572,97.387,0.577,0.39,0.051,0.136,0.577,0.084,0.236,4.004e-4,0,0.002,0.356,0.354,1.046e-4,990.779,0.001,339.634,0.348,6.4,32.17
2.755,0.214,2752.269,566.111,0.276,0.003,62.5,44.557,96.538,0.577,0.39,0.051,0.136,0.577,0.054,0.151,1.873e-4,0,0.002,0.356,0.354,2.065e-4,990.449,0.001,339.623,0.349,6.4,32.17
2.78,0.105,2751,564.842,0.275,0.003,62.544,44.541,95.672,0.578,0.39,0.052,0.136,0.578,0.026,0.074,-4.851e-6,0,0.002,0.356,0.354,1.935e-5,990.11,0.001,339.612,0.351,6.4,32.17
2.805,0.175,2749.694,563.536,0.275,0.003,62.518,44.525,94.782,0.578,0.39,0.052,0.136,0.578,0.044,0.123,4.823e-4,0,0.002,0.356,0.354,-1.551e-4,989.76,0.001,339.6,0.352,6.4,32.17
2.831,0.283,2748.359,562.201,0.275,0.003,62.477,44.509,93.871,0.578,0.39,0.052,0.136,0.579,0.071,0.199,-4.804e-4,0,0.002,0.356,0.354,-1.538e-4,989.401,0.001,339.588,0.354,6.4,32.17
2.857,0.372,2747.005,560.847,0.275,0.003,62.443,44.492,92.948,0.579,0.39,0.053,0.136,0.579,0.094,0.263,-3.19e-4,0,0.002,0.356,0.354,-5.331e-5,989.036,0.001,339.576,0.355,6.4,32.17
2.883,0.397,2745.625,559.467,0.275,0.003,62.435,44.475,92.006,0.579,0.39,0.053,0.137,0.58,0.1,0.28,-1.251e-4,0,0.002,0.356,0.355,-2.712e-8,988.662,0.001,339.563,0.357,6.4,32.17
2.91,0.348,2744.208,558.05,0.275,0.003,62.456,44.458,91.039,0.58,0.39,0.053,0.137,0.58,0.088,0.246,-4.131e-4,0,0.002,0.356,0.355,4.633e-5,988.276,0.001,339.55,0.358,6.4,32.17
2.938,0.239,2742.757,556.599,0.274,0.003,62.5,44.44,90.049,0.58,0.39,0.054,0.137,0.58,0.06,0.169,4.585e-4,0,0.002,0.357,0.355,1.394e-4,987.88,0.001,339.537,0.359,6.4,32.17
2.967,0.095,2741.271,555.113,0.274,0.003,62.558,44.422,89.036,0.581,0.39,0.054,0.137,0.581,0.024,0.067,1.726e-4,0,0.002,0.357,0.355,8.798e-5,987.472,0.001,339.523,0.361,6.4,32.17
2.996,0.148,2739.742,553.584,0.274,0.003,62.539,44.403,87.993,0.581,0.39,0.054,0.137,0.581,0.037,0.105,-1.303e-4,0,0.002,0.357,0.355,-1.672e-4,987.051,0.001,339.509,0.362,6.4,32.17
3.026,0.258,2738.167,552.009,0.274,0.003,62.497,44.383,86.919,0.581,0.39,0.055,0.137,0.582,0.065,0.183,-4.324e-4,0,0.002,0.357,0.355,-8.449e-5,986.616,0.001,339.494,0.364,6.4,32.17
3.057,0.298,2736.561,550.403,0.274,0.003,62.483,44.363,85.824,0.582,0.39,0.055,0.137,0.582,0.075,0.212,3.059e-4,0,0.002,0.357,0.355,-1.039e-5,986.17,0.001,339.479,0.365,6.4,32.17
3.089,0.293,2734.911,548.753,0.273,0.003,62.486,44.343,84.698,0.582,0.39,0.055,0.137,0.583,0.074,0.209,-1.089e-5,0,0.001,0.357,0.355,8.606e-6,985.71,0.001,339.464,0.367,6.4,32.17
3.122,0.188,2733.195,547.037,0.273,0.003,62.529,44.322,83.527,0.583,0.39,0.056,0.138,0.583,0.047,0.135,1.512e-4,0,0.001,0.357,0.355,5.169e-5,985.231,0.001,339.448,0.368,6.4,32.17
3.156,0.105,2731.427,545.269,0.273,0.003,62.563,44.3,82.321,0.583,0.389,0.056,0.138,0.583,0.026,0.075,1.128e-4,0,0.001,0.357,0.356,-5.511e-6,984.734,0.001,339.431,0.369,6.4,32.17
3.191,0.184,2729.599,543.441,0.273,0.003,62.533,44.277,81.075,0.584,0.389,0.056,0.138,0.584,0.046,0.131,2.558e-4,0,0.001,0.357,0.356,-5.068e-5,984.219,0.001,339.414,0.371,6.4,32.17
3.228,0.276,2727.691,541.533,0.273,0.003,62.499,44.253,79.773,0.584,0.389,0.057,0.138,0.584,0.069,0.198,3.858e-4,0,0.001,0.357,0.356,-5.231e-6,983.68,0.001,339.396,0.372,6.4,32.17
3.266,0.261,2725.718,539.56,0.272,0.003,62.506,44.229,78.427,0.585,0.389,0.057,0.138,0.585,0.066,0.187,4.07e-4,0,0.001,0.357,0.356,2.633e-5,983.119,0.001,339.377,0.374,6.4,32.17
3.305,0.13,2723.658,537.5,0.272,0.003,62.559,44.203,77.022,0.585,0.389,0.057,0.138,0.585,0.033,0.094,-2.191e-4,0,0.001,0.357,0.356,6.907e-5,982.532,0.001,339.357,0.375,6.4,32.17
3.321,0.088,2722.832,536.674,0.272,0.003,62.577,44.193,76.459,0.585,0.389,0.058,0.138,0.585,0.022,0.063,4.918e-4,0,0.001,0.357,0.356,6.144e-6,982.297,0.001,339.349,0.376,6.4,32.17
3.345,0.13,2721.959,535.801,0.272,0.003,62.561,44.182,75.817,0.585,0.389,0.058,0.138,0.585,0.033,0.093,4.921e-4,0,0.001,0.357,0.356,-6.588e-5,981.942,0.001,339.337,0.376,6.4,32.17
3.38,0.228,2720.648,534.49,0.272,0.003,62.524,44.166,74.853,0.586,0.389,0.058,0.139,0.586,0.057,0.164,-1.499e-4,0,9.824e-4,0.357,0.356,-3.848e-5,981.409,0.001,339.32,0.378,6.4,32.17
3.426,0.247,2718.982,532.824,0.272,0.003,62.518,44.145,73.629,0.586,0.389,0.058,0.139,0.586,0.062,0.179,7.172e-5,0,9.379e-4,0.357,0.356,6.008e-7,980.729,0.001,339.297,0.379,6.4,32.17
3.473,0.166,2717.25,531.092,0.271,0.003,62.551,44.123,72.355,0.587,0.389,0.059,0.139,0.587,0.042,0.12,3.207e-4,0,8.868e-4,0.357,0.357,2.88e-5,980.019,0.001,339.273,0.381,6.4,32.17
3.523,0.11,2715.431,529.273,0.271,0.003,62.575,44.1,71.018,0.587,0.389,0.059,0.139,0.587,0.028,0.08,-4.916e-4,0,8.257e-4,0.357,0.357,-5.977e-6,979.272,0.001,339.248,0.382,6.4,32.17
3.573,0.187,2713.594,527.436,0.271,0.003,62.546,44.077,69.668,0.588,0.389,0.059,0.139,0.588,0.047,0.135,4.771e-4,0,7.785e-4,0.358,0.357,-7.286e-6,978.514,0.001,339.222,0.383,6.4,32.17
3.623,0.157,2711.758,525.6,0.271,0.003,62.559,44.054,68.318,0.588,0.389,0.06,0.139,0.588,0.039,0.114,-2.525e-4,0,7.257e-4,0.358,0.357,3.466e-6,977.753,0.001,339.197,0.385,6.4,32.17
3.673,0.117,2709.921,523.763,0.27,0.003,62.576,44.031,66.969,0.588,0.389,0.06,0.139,0.588,0.029,0.084,-4.439e-4,0,6.69e-4,0.358,0.357,-2.586e-7,976.991,0.001,339.171,0.386,6.4,32.17
3.723,0.143,2708.085,521.927,0.27,0.003,62.567,44.008,65.619,0.589,0.389,0.06,0.139,0.589,0.036,0.104,1.519e-4,0,6.163e-4,0.358,0.357,-3.957e-6,976.226,0.001,339.145,0.387,6.4,32.17
3.773,0.16,2706.249,520.091,0.27,0.003,62.562,43.984,64.269,0.589,0.389,0.061,0.14,0.589,0.04,0.117,-4.229e-4,0,5.754e-4,0.358,0.357,1.773e-8,975.459,0.001,339.12,0.388,6.4,32.17
3.823,0.125,2704.412,518.254,0.27,0.003,62.576,43.961,62.919,0.589,0.389,0.061,0.14,0.59,0.031,0.091,4.046e-4,0,5.263e-4,0.358,0.357,4.281e-6,974.689,0.001,339.094,0.389,6.4,32.17
3.873,0.12,2702.576,516.418,0.27,0.003,62.579,43.938,61.569,0.59,0.389,0.061,0.14,0.59,0.03,0.088,1.527e-4,0,4.801e-4,0.358,0.357,-3.731e-6,973.919,0.001,339.068,0.39,6.4,32.17
3.923,0.128,2700.739,514.582,0.269,0.003,62.578,43.915,60.219,0.59,0.389,0.061,0.14,0.59,0.032,0.093,3.529e-4,0,4.452e-4,0.358,0.357,-1.508e-6,973.146,0.001,339.042,0.391,6.4,32.17
3.973,0.125,2698.903,512.745,0.269,0.003,62.579,43.891,58.869,0.59,0.389,0.062,0.14,0.59,0.031,0.092,4.909e-4,0,4.032e-4,0.358,0.357,-7.168e-7,972.372,0.001,339.016,0.392,6.4,32.17
4.023,0.12,2697.067,510.909,0.269,0.003,62.582,43.868,57.519,0.591,0.389,0.062,0.14,0.591,0.03,0.088,2.941e-4,0,3.579e-4,0.358,0.358,1.325e-6,971.597,0.001,338.99,0.392,6.4,32.17
4.073,0.116,2695.23,509.072,0.269,0.003,62.585,43.845,56.17,0.591,0.389,0.062,0.14,0.591,0.029,0.084,8.924e-5,0,3.266e-4,0.358,0.358,5.829e-6,970.82,0.001,338.964,0.393,6.4,32.17
4.095,0.108,2694.405,508.247,0.269,0.003,62.588,43.834,55.563,0.591,0.389,0.062,0.14,0.591,0.027,0.079,2.016e-4,0,3.135e-4,0.358,0.358,1.319e-5,970.471,0.001,338.952,0.393,6.4,32.17
4.129,0.072,2693.537,507.379,0.268,0.003,62.603,43.823,54.805,0.591,0.389,0.062,0.14,0.591,0.018,0.053,-3.808e-4,0,2.775e-4,0.358,0.358,-2.65e-8,969.946,0.001,338.935,0.394,6.4,32.17
4.179,0.132,2692.249,506.091,0.268,0.003,62.579,43.807,53.682,0.591,0.389,0.062,0.14,0.591,0.033,0.098,3.94e-4,0,2.341e-4,0.358,0.358,-1.318e-5,969.168,0.001,338.908,0.394,6.4,32.17
4.229,0.137,2690.961,504.803,0.268,0.003,62.578,43.79,52.558,0.591,0.389,0.062,0.14,0.591,0.034,0.101,-4.968e-4,0,2.115e-4,0.358,0.358,-9.684e-8,968.388,0.001,338.882,0.394,6.4,32.17
4.279,0.102,2689.673,503.515,0.268,0.003,62.592,43.774,51.434,0.591,0.389,0.062,0.14,0.591,0.026,0.075,1.438e-4,0,1.659e-4,0.358,0.358,6.086e-6,967.608,0.001,338.856,0.395,6.4,32.17
4.329,0.056,2688.384,502.226,0.268,0.003,62.611,43.757,50.31,0.591,0.389,0.062,0.14,0.591,0.014,0.041,-3.181e-4,0,1.222e-4,0.358,0.358,-1.105e-5,966.828,0.001,338.83,0.395,6.4,32.17
4.379,0.134,2687.096,500.938,0.268,0.003,62.58,43.741,49.186,0.591,0.389,0.062,0.14,0.591,0.034,0.099,-2.704e-4,0,8.693e-5,0.358,0.358,-3.187e-6,966.047,0.001,338.804,0.395,6.4,32.17
4.429,0.098,2685.808,499.65,0.267,0.003,62.594,43.724,48.062,0.592,0.389,0.063,0.14,0.592,0.025,0.072,7.395e-5,0,6.641e-5,0.358,0.358,1.318e-5,965.265,0.001,338.777,0.395,6.4,32.17
4.479,0.022,2684.52,498.362,0.267,0.003,62.625,43.708,46.939,0.592,0.389,0.063,0.14,0.592,0.005,0.016,4.276e-4,0,2.898e-5,0.358,0.358,-1.164e-5,964.484,0.001,338.751,0.395,6.4,32.17
4.529,0.121,2683.232,497.074,0.267,0.003,62.585,43.691,45.815,0.592,0.389,0.063,0.14,0.592,0.03,0.089,2.264e-4,0,6.905e-6,0.358,0.358,-7.691e-6,963.702,0.001,338.725,0.396,6.4,32.17
4.579,0.145,2681.944,495.786,0.267,0.003,62.576,43.674,44.691,0.592,0.389,0.063,0.14,0.592,0.036,0.108,-5.432e-5,0,-2.136e-5,0.358,0.358,9.849e-6,962.921,0.001,338.699,0.395,6.4,32.17
4.629,0.05,2680.656,494.498,0.267,0.003,62.613,43.658,43.567,0.592,0.389,0.063,0.14,0.592,0.012,0.037,-3.431e-4,0,-5.139e-5,0.358,0.358,5.326e-5,962.14,0.001,338.672,0.395,6.4,32.17
4.679,0.097,2679.368,493.21,0.267,0.003,62.595,43.641,42.443,0.591,0.389,0.062,0.14,0.591,0.024,0.072,-2.008e-4,0,-8.905e-5,0.358,0.358,-4.224e-5,961.359,0.001,338.646,0.395,6.4,32.17
4.729,0.183,2678.08,491.922,0.267,0.003,62.561,43.625,41.319,0.591,0.389,0.062,0.14,0.591,0.046,0.136,3.869e-4,0,-1.348e-4,0.358,0.358,-1.41e-7,960.578,0.001,338.62,0.395,6.4,32.17
4.779,0.088,2676.791,490.633,0.266,0.003,62.598,43.608,40.195,0.591,0.389,0.062,0.14,0.591,0.022,0.066,1.269e-4,0,-1.5e-4,0.358,0.358,3.388e-5,959.798,0.001,338.594,0.395,6.4,32.17
4.829,0.084,2675.503,489.345,0.266,0.003,62.599,43.591,39.072,0.591,0.389,0.062,0.14,0.591,0.021,0.063,1.671e-4,0,-1.783e-4,0.358,0.358,-1.929e-5,959.019,0.001,338.568,0.394,6.4,32.17
4.879,0.147,2674.215,488.057,0.266,0.003,62.573,43.575,37.948,0.591,0.389,0.062,0.14,0.591,0.037,0.11,4.498e-4,0,-2.108e-4,0.358,0.358,1.109e-7,958.241,0.001,338.541,0.394,6.4,32.17
4.919,0.1,2673.177,487.019,0.266,0.003,62.592,43.561,37.042,0.591,0.389,0.062,0.14,0.591,0.025,0.074,-1.071e-4,0,-2.351e-4,0.358,0.358,2.256e-5,957.614,0.001,338.52,0.394,6.4,32.17
4.969,0.048,2672.365,486.207,0.266,0.003,62.612,43.551,36.278,0.591,0.389,0.062,0.14,0.591,0.012,0.035,-1.301e-4,0,-2.684e-4,0.358,0.358,-3.911e-5,956.837,0.001,338.494,0.393,6.4,32.17
5.019,0.145,2671.552,485.394,0.266,0.003,62.573,43.54,35.513,0.591,0.389,0.062,0.14,0.591,0.036,0.109,-2.87e-4,0,-2.932e-4,0.358,0.358,-7.18e-6,956.061,0.001,338.468,0.393,6.4,32.17
5.069,0.141,2670.74,484.582,0.266,0.003,62.574,43.53,34.749,0.59,0.389,0.062,0.14,0.591,0.035,0.105,2.115e-4,0,-3.092e-4,0.358,0.358,8.334e-6,955.287,0.001,338.442,0.392,6.4,32.17
5.119,0.043,2669.927,483.769,0.266,0.003,62.612,43.519,33.984,0.59,0.389,0.062,0.14,0.59,0.011,0.032,3.279e-4,0,-3.369e-4,0.358,0.358,2.799e-5,954.518,0.001,338.416,0.392,6.4,32.17
5.169,0.114,2669.115,482.957,0.265,0.003,62.583,43.508,33.22,0.59,0.389,0.061,0.14,0.59,0.029,0.086,-3.962e-4,0,-3.67e-4,0.358,0.358,-2.328e-5,953.782,0.001,338.39,0.391,6.4,32.17
5.219,0.135,2668.302,482.144,0.265,0.003,62.574,43.498,32.455,0.59,0.389,0.061,0.14,0.59,0.034,0.101,-1.951e-5,0,-3.799e-4,0.358,0.358,1.049e-6,953.048,0.001,338.364,0.39,6.4,32.17
5.269,0.023,2667.49,481.332,0.265,0.003,62.617,43.487,31.691,0.59,0.389,0.061,0.14,0.59,0.006,0.017,3.82e-6,0,-3.883e-4,0.358,0.358,-2.809e-6,952.315,0.001,338.339,0.39,6.4,32.17
5.319,0.135,2666.677,480.519,0.265,0.003,62.572,43.477,30.926,0.589,0.389,0.061,0.14,0.589,0.034,0.101,-3.617e-4,0,-4.101e-4,0.358,0.358,-1.609e-6,951.584,0.001,338.313,0.389,6.4,32.17
5.369,0.158,2665.865,479.707,0.265,0.003,62.563,43.466,30.162,0.589,0.389,0.061,0.14,0.589,0.04,0.118,1.622e-4,0,-4.25e-4,0.358,0.358,2.212e-5,950.854,0.001,338.287,0.388,6.4,32.17
5.419,0.079,2665.052,478.894,0.265,0.003,62.593,43.456,29.397,0.589,0.389,0.061,0.14,0.589,0.02,0.059,-1.336e-4,0,-4.472e-4,0.358,0.358,6.515e-5,950.125,0.001,338.261,0.387,6.4,32.17
5.469,0.136,2664.24,478.082,0.265,0.003,62.57,43.445,28.633,0.589,0.389,0.06,0.139,0.589,0.034,0.102,-4.704e-4,0,-4.871e-4,0.358,0.358,-6.747e-5,949.399,0.001,338.236,0.387,6.4,32.17
5.519,0.22,2663.427,477.269,0.265,0.003,62.535,43.434,27.868,0.588,0.389,0.06,0.139,0.588,0.055,0.166,-1.075e-4,0,-5.139e-4,0.358,0.358,-1.651e-6,948.674,0.001,338.21,0.386,6.4,32.17
5.569,0.124,2662.615,476.457,0.265,0.003,62.572,43.424,27.104,0.588,0.389,0.06,0.139,0.588,0.031,0.093,-3.958e-4,0,-5.306e-4,0.358,0.358,3.219e-5,947.951,0.001,338.185,0.385,6.4,32.17
5.619,0.049,2661.802,475.644,0.264,0.003,62.601,43.413,26.339,0.588,0.389,0.06,0.139,0.588,0.012,0.037,3.626e-4,0,-5.501e-4,0.358,0.358,-2.584e-5,947.229,0.001,338.159,0.384,6.4,32.17
5.669,0.143,2660.99,474.832,0.264,0.003,62.563,43.403,25.575,0.587,0.389,0.059,0.139,0.588,0.036,0.107,2.216e-4,0,-5.769e-4,0.357,0.358,-1.611e-6,946.51,0.001,338.134,0.383,6.4,32.17
5.719,0.111,2660.177,474.019,0.264,0.003,62.574,43.392,24.81,0.587,0.389,0.059,0.139,0.587,0.028,0.083,2.89e-4,0,-6.158e-4,0.357,0.358,9.107e-6,945.792,0.001,338.109,0.382,6.4,32.17
5.769,0.08,2659.365,473.207,0.264,0.003,62.585,43.381,24.046,0.587,0.389,0.059,0.139,0.587,0.02,0.06,2.854e-4,0,-6.526e-4,0.357,0.358,-4.748e-7,945.077,0.001,338.083,0.381,6.4,32.17
5.819,0.119,2658.552,472.394,0.264,0.003,62.569,43.371,23.281,0.586,0.389,0.059,0.139,0.586,0.03,0.09,-3.108e-4,0,-6.739e-4,0.357,0.358,-6.167e-6,944.364,0.001,338.058,0.38,6.4,32.17
5.869,0.158,2657.74,471.582,0.264,0.003,62.552,43.36,22.517,0.586,0.389,0.058,0.139,0.586,0.04,0.119,4.39e-4,0,-6.886e-4,0.357,0.358,3.596e-7,943.653,0.001,338.033,0.379,6.4,32.17
5.919,0.105,2656.927,470.769,0.264,0.003,62.572,43.349,21.752,0.586,0.389,0.058,0.139,0.586,0.026,0.079,4.16e-4,0,-7.235e-4,0.357,0.358,2.14e-5,942.944,0.001,338.008,0.377,6.4,32.17
5.944,0.062,2656.521,470.363,0.264,0.003,62.588,43.344,21.37,0.586,0.389,0.058,0.138,0.586,0.015,0.047,1.796e-4,0,-7.466e-4,0.357,0.358,-6.194e-8,942.59,0.001,337.996,0.377,6.4,32.17
5.982,0.103,2656.169,470.011,0.264,0.003,62.571,43.339,20.937,0.585,0.389,0.058,0.138,0.585,0.026,0.077,-3.208e-4,0,-7.568e-4,0.357,0.358,-1.718e-5,942.061,0.001,337.977,0.376,6.4,32.17
6.032,0.131,2655.7,469.542,0.264,0.003,62.558,43.333,20.36,0.585,0.389,0.057,0.138,0.585,0.033,0.099,-8.692e-5,0,-7.75e-4,0.357,0.358,-1.33e-6,941.357,0.001,337.952,0.375,6.4,32.17
6.082,0.106,2655.231,469.073,0.264,0.003,62.567,43.327,19.783,0.584,0.389,0.057,0.138,0.584,0.027,0.079,-2.407e-4,0,-8.055e-4,0.357,0.358,4.912e-6,940.656,0.001,337.927,0.373,6.4,32.17
6.132,0.064,2654.762,468.604,0.264,0.003,62.582,43.321,19.207,0.584,0.389,0.057,0.138,0.584,0.016,0.048,4.5e-4,0,-8.264e-4,0.357,0.358,-7.133e-7,939.957,0.001,337.903,0.372,6.4,32.17
6.182,0.106,2654.293,468.135,0.264,0.003,62.564,43.315,18.63,0.584,0.389,0.056,0.138,0.584,0.027,0.08,4.116e-4,0,-8.525e-4,0.357,0.358,-4.987e-6,939.261,0.001,337.878,0.371,6.4,32.17
6.232,0.117,2653.824,467.666,0.263,0.003,62.558,43.309,18.053,0.583,0.389,0.056,0.138,0.583,0.029,0.088,4.44e-4,0,-8.727e-4,0.357,0.358,1.425e-6,938.568,0.001,337.854,0.369,6.4,32.17
6.282,0.05,2653.355,467.197,0.263,0.003,62.583,43.302,17.476,0.583,0.389,0.056,0.138,0.583,0.012,0.037,4.621e-4,0,-8.857e-4,0.357,0.358,1.629e-5,937.877,0.001,337.83,0.368,6.4,32.17
6.332,0.069,2652.886,466.728,0.263,0.003,62.574,43.296,16.899,0.582,0.39,0.055,0.137,0.582,0.017,0.052,2.703e-4,0,-9.08e-4,0.357,0.358,-2.724e-5,937.188,0.001,337.805,0.367,6.4,32.17
6.382,0.148,2652.417,466.259,0.263,0.003,62.542,43.29,16.322,0.582,0.39,0.055,0.137,0.582,0.037,0.112,9.53e-5,0,-9.234e-4,0.357,0.358,-1.646e-6,936.503,0.001,337.781,0.365,6.4,32.17
6.432,0.119,2651.948,465.79,0.263,0.003,62.551,43.284,15.745,0.582,0.39,0.055,0.137,0.582,0.03,0.09,-1.53e-4,0,-9.616e-4,0.357,0.358,1.615e-5,935.82,0.001,337.757,0.364,6.4,32.17
6.482,0.048,2651.479,465.321,0.263,0.003,62.578,43.278,15.168,0.581,0.39,0.054,0.137,0.581,0.012,0.036,3.328e-4,0,-9.67e-4,0.357,0.358,4.446e-5,935.14,0.001,337.733,0.362,6.4,32.17
6.532,0.05,2651.01,464.852,0.263,0.003,62.576,43.272,14.591,0.581,0.39,0.054,0.137,0.581,0.013,0.038,-1.038e-4,0,-0.001,0.357,0.358,-4.763e-5,934.462,0.001,337.709,0.361,6.4,32.17
6.582,0.112,2650.541,464.383,0.263,0.003,62.55,43.265,14.014,0.58,0.39,0.054,0.137,0.58,0.028,0.084,2.032e-4,0,-0.001,0.357,0.358,-1.237e-5,933.788,0.001,337.685,0.359,6.4,32.17
6.631,0.119,2650.074,463.916,0.263,0.003,62.546,43.259,13.439,0.58,0.39,0.053,0.137,0.58,0.03,0.09,1.484e-4,0,-0.001,0.356,0.358,5.928e-7,933.119,0.001,337.662,0.358,6.4,32.17
6.68,0.055,2649.621,463.463,0.263,0.003,62.569,43.253,12.882,0.579,0.39,0.053,0.137,0.579,0.014,0.042,1.044e-4,0,-0.001,0.356,0.358,1.566e-5,932.473,0.001,337.639,0.356,6.4,32.17
6.726,0.022,2649.186,463.028,0.263,0.003,62.581,43.247,12.347,0.579,0.39,0.053,0.136,0.579,0.006,0.017,-1.347e-5,0,-0.001,0.356,0.357,-1.948e-5,931.856,0.001,337.617,0.355,6.4,32.17
6.772,0.093,2648.949,462.792,0.263,0.003,62.551,43.244,11.949,0.578,0.39,0.052,0.136,0.578,0.023,0.07,-1.442e-4,0,-0.001,0.356,0.357,-9.559e-6,931.247,0.001,337.596,0.353,6.4,32.17
6.818,0.125,2648.714,462.556,0.263,0.003,62.537,43.241,11.552,0.578,0.39,0.052,0.136,0.578,0.031,0.094,3.245e-5,0,-0.001,0.356,0.357,3.832e-7,930.644,0.001,337.575,0.352,6.4,32.17
6.863,0.095,2648.478,462.32,0.263,0.003,62.548,43.238,11.154,0.577,0.39,0.052,0.136,0.578,0.024,0.071,-5.675e-5,0,-0.001,0.356,0.357,1.633e-5,930.042,0.001,337.553,0.35,6.4,32.17
6.909,0.044,2648.243,462.085,0.263,0.003,62.566,43.235,10.759,0.577,0.39,0.051,0.136,0.577,0.011,0.033,1.746e-4,0,-0.001,0.356,0.357,-8.894e-7,929.445,0.001,337.532,0.349,6.4,32.17
6.954,0.096,2648.013,461.855,0.263,0.003,62.544,43.232,10.37,0.577,0.39,0.051,0.136,0.577,0.024,0.072,4.547e-4,0,-0.001,0.356,0.357,-1.58e-5,928.862,0.001,337.512,0.347,6.4,32.17
6.997,0.145,2647.787,461.629,0.263,0.003,62.524,43.229,9.99,0.576,0.39,0.051,0.136,0.576,0.036,0.109,-4.63e-4,0,-0.001,0.356,0.357,-1.352e-7,928.294,0.001,337.492,0.346,6.4,32.17
7.042,0.094,2647.558,461.4,0.263,0.003,62.542,43.226,9.604,0.576,0.39,0.05,0.135,0.576,0.024,0.071,2.076e-4,0,-0.001,0.356,0.357,8.594e-6,927.719,0.001,337.471,0.345,6.4,32.17
7.085,0.043,2647.336,461.178,0.263,0.003,62.561,43.223,9.23,0.575,0.39,0.05,0.135,0.575,0.011,0.033,-1.104e-4,0,-0.001,0.356,0.357,2.452e-5,927.166,0.001,337.452,0.343,6.4,32.17
7.129,0.019,2647.111,460.953,0.263,0.003,62.569,43.22,8.851,0.575,0.39,0.05,0.135,0.575,0.005,0.014,-4.33e-4,0,-0.001,0.356,0.357,-1.379e-5,926.607,0.001,337.432,0.342,6.4,32.17
7.172,0.072,2646.889,460.731,0.263,0.003,62.546,43.217,8.476,0.575,0.39,0.049,0.135,0.575,0.018,0.054,2.356e-7,0,-0.001,0.356,0.357,-1.382e-5,926.056,0.001,337.413,0.34,6.4,32.17
7.215,0.087,2646.669,460.511,0.263,0.003,62.539,43.214,8.105,0.574,0.39,0.049,0.135,0.574,0.022,0.066,4.565e-4,0,-0.001,0.356,0.357,-1.862e-6,925.514,0.001,337.394,0.339,6.4,32.17
7.257,0.053,2646.451,460.293,0.263,0.003,62.551,43.211,7.739,0.574,0.39,0.049,0.135,0.574,0.013,0.04,4.277e-4,0,-0.001,0.356,0.357,0,924.98,0.001,337.375,0.337,6.4,32.17
7.299,0.085,2646.234,460.076,0.263,0.003,62.537,43.209,7.373,0.573,0.39,0.048,0.135,0.574,0.021,0.064,5.861e-5,0,-0.001,0.356,0.357,-1.938e-6,924.451,0.001,337.356,0.336,6.4,32.17
7.341,0.066,2646.016,459.858,0.262,0.003,62.543,43.206,7.005,0.573,0.39,0.048,0.135,0.573,0.017,0.05,2.567e-4,0,-0.001,0.356,0.357,1.026e-6,923.92,0.001,337.337,0.334,6.4,32.17
7.382,0.068,2645.805,459.647,0.262,0.003,62.541,43.203,6.65,0.573,0.39,0.048,0.134,0.573,0.017,0.052,-2.914e-4,0,-0.001,0.356,0.357,7.401e-6,923.409,0.001,337.319,0.333,6.4,32.17
7.423,0.049,2645.594,459.436,0.262,0.003,62.547,43.2,6.294,0.572,0.391,0.048,0.134,0.572,0.012,0.037,2.735e-4,0,-0.001,0.355,0.357,2.003e-5,922.901,0.001,337.302,0.331,6.4,32.17
7.437,0.035,2645.523,459.365,0.262,0.003,62.552,43.199,6.174,0.572,0.391,0.047,0.134,0.572,0.009,0.026,4.781e-4,0,-0.002,0.355,0.357,2.311e-5,922.73,0.001,337.295,0.331,6.4,32.17
7.458,0.02,2645.47,459.312,0.262,0.003,62.558,43.198,6.076,0.572,0.391,0.047,0.134,0.572,0.005,0.015,8.38e-5,0,-0.002,0.355,0.357,1.654e-5,922.474,0.001,337.286,0.33,6.4,32.17
7.489,0.031,2645.392,459.234,0.262,0.003,62.552,43.197,5.929,0.572,0.391,0.047,0.134,0.572,0.008,0.024,-4.898e-5,0,-0.002,0.355,0.357,-1.638e-7,922.09,0.001,337.273,0.329,6.4,32.17
7.53,0.071,2645.29,459.132,0.262,0.003,62.535,43.196,5.738,0.571,0.391,0.047,0.134,0.571,0.018,0.053,-3.288e-4,0,-0.002,0.355,0.357,-1.67e-5,921.592,0.001,337.255,0.328,6.4,32.17
7.57,0.096,2645.19,459.032,0.262,0.003,62.524,43.195,5.549,0.571,0.391,0.046,0.134,0.571,0.024,0.073,-3.094e-4,0,-0.002,0.355,0.357,-4.559e-6,921.103,0.001,337.238,0.326,6.4,32.17
7.61,0.109,2645.089,458.931,0.262,0.003,62.518,43.193,5.359,0.571,0.391,0.046,0.134,0.571,0.027,0.082,-1.021e-4,0,-0.002,0.355,0.357,7.373e-7,920.615,0.001,337.221,0.325,6.4,32.17
7.65,0.129,2644.987,458.829,0.262,0.003,62.508,43.192,5.168,0.57,0.391,0.046,0.134,0.57,0.032,0.098,-1.02e-4,0,-0.002,0.355,0.357,1.687e-5,920.123,0.001,337.204,0.323,6.4,32.17
7.691,0.05,2644.884,458.726,0.262,0.003,62.538,43.191,4.975,0.57,0.391,0.046,0.133,0.57,0.013,0.038,4.459e-4,0,-0.002,0.355,0.357,3.977e-6,919.632,0.001,337.186,0.322,6.4,32.17
7.731,0.073,2644.786,458.628,0.262,0.003,62.527,43.189,4.789,0.569,0.391,0.045,0.133,0.569,0.018,0.055,-2.382e-4,0,-0.002,0.355,0.357,-2.337e-5,919.16,0.001,337.17,0.32,6.4,32.17
7.77,0.115,2644.687,458.529,0.262,0.003,62.51,43.188,4.605,0.569,0.391,0.045,0.133,0.569,0.029,0.087,-2.993e-4,0,-0.002,0.355,0.357,-1.109e-5,918.693,0.001,337.153,0.319,6.4,32.17
7.809,0.133,2644.59,458.432,0.262,0.003,62.501,43.187,4.421,0.569,0.391,0.045,0.133,0.569,0.033,0.1,-2.628e-7,0,-0.002,0.355,0.357,-8.512e-8,918.231,0.001,337.137,0.317,6.4,32.17
7.847,0.131,2644.493,458.335,0.262,0.003,62.501,43.185,4.239,0.568,0.391,0.044,0.133,0.568,0.033,0.098,7.506e-5,0,-0.002,0.355,0.357,8.865e-6,917.774,0.001,337.121,0.316,6.4,32.17
7.886,0.025,2644.397,458.239,0.262,0.003,62.541,43.184,4.059,0.568,0.391,0.044,0.133,0.568,0.006,0.02,9.116e-5,0,-0.002,0.355,0.357,1.626e-5,917.325,0.001,337.105,0.315,6.4,32.17
7.924,0.072,2644.299,458.141,0.262,0.003,62.521,43.183,3.876,0.568,0.391,0.044,0.133,0.568,0.018,0.055,2.755e-4,0,-0.002,0.355,0.357,-1.668e-5,916.871,0.001,337.089,0.313,6.4,32.17
7.963,0.133,2644.202,458.044,0.262,0.003,62.496,43.182,3.693,0.567,0.391,0.044,0.133,0.567,0.033,0.1,-2.988e-4,0,-0.002,0.355,0.357,-1.732e-6,916.42,0.001,337.073,0.312,6.4,32.17
8.002,0.16,2644.105,457.947,0.262,0.003,62.484,43.18,3.511,0.567,0.391,0.043,0.133,0.567,0.04,0.121,9.468e-6,0,-0.002,0.355,0.357,7.387e-6,915.972,0.001,337.057,0.31,6.4,32.17
8.04,0.148,2644.008,457.85,0.262,0.003,62.488,43.179,3.329,0.567,0.391,0.043,0.132,0.567,0.037,0.111,-2.038e-4,0,-0.002,0.355,0.357,4.238e-5,915.525,0.001,337.041,0.309,6.4,32.17
8.079,0.068,2643.911,457.753,0.262,0.003,62.518,43.178,3.145,0.566,0.391,0.043,0.132,0.566,0.017,0.052,-3.663e-4,0,-0.002,0.355,0.357,3.467e-5,915.078,0.001,337.026,0.307,6.4,32.17
8.117,0.09,2643.814,457.656,0.262,0.003,62.508,43.176,2.965,0.566,0.391,0.042,0.132,0.566,0.022,0.068,-4.913e-5,0,-0.002,0.355,0.356,-5.291e-5,914.64,0.001,337.01,0.306,6.4,32.17
8.142,0.144,2643.753,457.595,0.262,0.003,62.486,43.176,2.849,0.566,0.391,0.042,0.132,0.566,0.036,0.109,2.448e-4,0,-0.002,0.355,0.356,-4.672e-5,914.361,0.001,337,0.305,6.4,32.17
8.179,0.2,2643.714,457.556,0.262,0.003,62.463,43.175,2.731,0.565,0.391,0.042,0.132,0.565,0.05,0.15,3.462e-4,0,-0.002,0.355,0.356,-1.14e-5,913.943,0.001,336.986,0.304,6.4,32.17
8.216,0.199,2643.674,457.516,0.262,0.003,62.462,43.175,2.611,0.565,0.391,0.042,0.132,0.565,0.05,0.149,-2.894e-4,0,-0.002,0.354,0.356,1.416e-6,913.519,0.001,336.971,0.302,6.4,32.17
8.254,0.144,2643.635,457.477,0.262,0.003,62.483,43.174,2.491,0.564,0.391,0.041,0.132,0.565,0.036,0.108,-4.038e-5,0,-0.002,0.354,0.356,2.533e-5,913.097,0.001,336.956,0.301,6.4,32.17
8.292,0.057,2643.595,457.437,0.262,0.003,62.516,43.174,2.37,0.564,0.391,0.041,0.132,0.564,0.014,0.042,1.43e-4,0,-0.002,0.354,0.356,4.504e-5,912.675,0.001,336.941,0.299,6.4,32.17
8.329,0.049,2643.555,457.397,0.262,0.003,62.518,43.173,2.25,0.564,0.391,0.041,0.132,0.564,0.012,0.036,4.458e-4,0,-0.002,0.354,0.356,-5.074e-5,912.258,0.001,336.926,0.298,6.4,32.17
8.366,0.121,2643.516,457.358,0.262,0.003,62.488,43.173,2.13,0.564,0.391,0.041,0.131,0.564,0.03,0.091,3.123e-4,0,-0.002,0.354,0.356,-2.802e-5,911.844,0.001,336.912,0.297,6.4,32.17
8.404,0.154,2643.476,457.318,0.262,0.003,62.474,43.172,2.011,0.563,0.391,0.04,0.131,0.563,0.039,0.116,2.094e-4,0,-0.002,0.354,0.356,-3.172e-6,911.432,0.001,336.897,0.295,6.4,32.17
8.441,0.159,2643.437,457.279,0.262,0.003,62.471,43.171,1.891,0.563,0.391,0.04,0.131,0.563,0.04,0.119,-4.97e-4,0,-0.002,0.354,0.356,3.27e-6,911.022,0.001,336.883,0.294,6.4,32.17
8.478,0.123,2643.397,457.24,0.262,0.003,62.484,43.171,1.772,0.563,0.391,0.04,0.131,0.563,0.031,0.092,1.689e-4,0,-0.002,0.354,0.356,2.494e-5,910.617,0.001,336.868,0.292,6.4,32.17
8.515,0.031,2643.358,457.201,0.262,0.003,62.519,43.17,1.654,0.562,0.392,0.04,0.131,0.562,0.008,0.023,3.113e-4,0,-0.002,0.354,0.356,5.179e-5,910.216,0.001,336.854,0.291,6.4,32.17
8.552,0.112,2643.319,457.161,0.262,0.003,62.486,43.17,1.535,0.562,0.392,0.04,0.131,0.562,0.028,0.084,-2.879e-4,0,-0.002,0.354,0.356,-3.959e-5,909.815,0.001,336.84,0.29,6.4,32.17
8.59,0.207,2643.28,457.122,0.262,0.003,62.448,43.169,1.415,0.562,0.392,0.039,0.131,0.562,0.052,0.156,-1.171e-4,0,-0.002,0.354,0.356,-9.499e-6,909.411,0.001,336.826,0.288,6.4,32.17
8.627,0.202,2643.24,457.082,0.262,0.003,62.448,43.169,1.295,0.561,0.392,0.039,0.131,0.561,0.051,0.152,3.426e-4,0,-0.002,0.354,0.356,2.028e-6,909.009,0.001,336.812,0.287,6.4,32.17
8.664,0.161,2643.201,457.043,0.262,0.003,62.463,43.168,1.176,0.561,0.392,0.039,0.131,0.561,0.04,0.121,9.349e-5,0,-0.002,0.354,0.356,2.468e-5,908.615,0.001,336.798,0.285,6.4,32.17
8.701,0.127,2643.162,457.004,0.262,0.003,62.476,43.168,1.058,0.561,0.392,0.039,0.13,0.561,0.032,0.095,-4.818e-4,0,-0.002,0.354,0.356,5.392e-5,908.223,0.001,336.784,0.284,6.4,32.17
8.735,0.077,2643.126,456.968,0.262,0.003,62.494,43.167,0.95,0.56,0.392,0.038,0.13,0.56,0.019,0.058,1.702e-4,0,-0.002,0.354,0.356,3.175e-5,907.868,0.001,336.772,0.283,6.4,32.17
8.772,0.082,2643.116,456.958,0.262,0.003,62.491,43.167,0.813,0.56,0.392,0.038,0.13,0.56,0.02,0.062,1.806e-4,0,-0.002,0.354,0.356,-3.009e-5,907.478,0.001,336.758,0.281,6.4,32.17
8.809,0.145,2643.107,456.949,0.262,0.003,62.465,43.167,0.677,0.56,0.392,0.038,0.13,0.56,0.036,0.11,2.54e-4,0,-0.002,0.354,0.356,-4.953e-5,907.09,0.001,336.744,0.28,6.4,32.17
8.846,0.195,2643.097,456.939,0.262,0.003,62.445,43.167,0.541,0.56,0.392,0.038,0.13,0.56,0.049,0.147,4.759e-4,0,-0.002,0.354,0.356,-1.948e-5,906.707,0.001,336.731,0.278,6.4,32.17
8.883,0.188,2643.087,456.929,0.262,0.003,62.446,43.167,0.405,0.559,0.392,0.037,0.13,0.559,0.047,0.141,4.041e-4,0,-0.002,0.354,0.356,-5.326e-7,906.327,0.001,336.717,0.277,6.4,32.17
8.92,0.159,2643.077,456.919,0.262,0.003,62.457,43.167,0.269,0.559,0.392,0.037,0.13,0.559,0.04,0.119,1.675e-4,0,-0.002,0.354,0.356,5.809e-6,905.946,0.001,336.704,0.276,6.4,32.17
8.957,0.109,2643.068,456.91,0.262,0.003,62.475,43.167,0.134,0.559,0.392,0.037,0.13,0.559,0.027,0.082,-4.564e-4,0,-0.002,0.354,0.356,1.835e-5,905.571,0.001,336.691,0.274,6.4,32.17
8.993,0.021,2643.058,456.9,0.262,0.003,62.509,43.166,0,0.558,0.392,0.037,0.13,0.558,0.005,0.016,2.395e-4,0,-0.002,0.354,0.356,3.722e-5,905.201,0.001,336.677,0.273,6.4,32.17
9.03,0.096,2643.058,456.9,0.262,0.003,62.478,43.166,0,0.558,0.392,0.037,0.13,0.558,0.024,0.072,-1.537e-4,0,-0.002,0.354,0.356,3.547e-8,904.828,0.001,336.664,0.272,6.4,32.17
9.067,0.133,2643.058,456.9,0.262,0.003,62.462,43.166,0,0.558,0.392,0.036,0.129,0.558,0.033,0.1,1.921e-4,0,-0.003,0.353,0.356,6.942e-6,904.451,0.001,336.651,0.27,6.4,32.17
9.104,0.108,2643.058,456.9,0.262,0.003,62.471,43.166,0,0.557,0.392,0.036,0.129,0.557,0.027,0.081,6.504e-5,0,-0.003,0.353,0.356,1.091e-5,904.079,0.001,336.638,0.269,6.4,32.17
9.141,0.074,2643.058,456.9,0.262,0.003,62.484,43.166,0,0.557,0.392,0.036,0.129,0.557,0.018,0.055,-4.717e-4,0,-0.003,0.353,0.356,7.574e-6,903.711,0.001,336.625,0.267,6.4,32.17
9.178,0.041,2643.058,456.9,0.262,0.003,62.496,43.166,0,0.557,0.392,0.036,0.129,0.557,0.01,0.031,3.019e-4,0,-0.003,0.353,0.356,-1.543e-5,903.347,0.001,336.612,0.266,6.4,32.17
9.215,0.075,2643.058,456.9,0.262,0.003,62.481,43.166,0,0.557,0.392,0.035,0.129,0.557,0.019,0.057,-6.835e-5,0,-0.003,0.353,0.356,-5.644e-5,902.982,0.001,336.599,0.265,6.4,32.17
9.252,0.182,2643.058,456.9,0.262,0.003,62.438,43.166,0,0.556,0.392,0.035,0.129,0.556,0.045,0.137,-2.808e-4,0,-0.003,0.353,0.356,-1.589e-5,902.615,0.001,336.586,0.263,6.4,32.17
9.29,0.207,2643.058,456.9,0.262,0.003,62.427,43.166,0,0.556,0.392,0.035,0.129,0.556,0.052,0.155,-3.643e-4,0,-0.003,0.353,0.356,-4.302e-6,902.244,0.001,336.573,0.262,6.4,32.17
9.328,0.209,2643.058,456.9,0.262,0.003,62.426,43.166,0,0.556,0.392,0.035,0.129,0.556,0.052,0.156,-3.083e-4,0,-0.003,0.353,0.356,6.029e-7,901.883,0.001,336.561,0.26,6.4,32.17
9.365,0.181,2643.058,456.9,0.262,0.003,62.436,43.166,0,0.555,0.392,0.035,0.129,0.556,0.045,0.135,4.852e-4,0,-0.003,0.353,0.356,1.074e-5,901.526,0.001,336.548,0.259,6.4,32.17
9.402,0.133,2643.058,456.9,0.262,0.003,62.454,43.166,0,0.555,0.392,0.034,0.129,0.555,0.033,0.1,-9.852e-5,0,-0.003,0.353,0.356,1.674e-5,901.171,0.001,336.535,0.258,6.4,32.17
9.439,0.087,2643.058,456.9,0.262,0.003,62.47,43.166,0,0.555,0.392,0.034,0.129,0.555,0.022,0.065,1.876e-4,0,-0.003,0.353,0.356,3.196e-5,900.818,0.001,336.523,0.256,6.4,32.17
9.476,0.043,2643.058,456.9,0.262,0.003,62.487,43.166,0,0.555,0.392,0.034,0.128,0.555,0.011,0.032,-1.274e-4,0,-0.003,0.353,0.356,3.387e-5,900.462,0.001,336.51,0.255,6.4,32.17
9.514,0.017,2643.058,456.9,0.262,0.003,62.496,43.166,0,0.554,0.392,0.034,0.128,0.554,0.004,0.013,2.575e-4,0,-0.003,0.353,0.356,-2.685e-5,900.104,0.001,336.498,0.254,6.4,32.17
9.552,0.052,2643.058,456.9,0.262,0.003,62.481,43.166,0,0.554,0.392,0.033,0.128,0.554,0.013,0.039,4.482e-4,0,-0.003,0.353,0.356,-7.725e-5,899.748,0.001,336.485,0.252,6.4,32.17
9.59,0.143,2643.058,456.9,0.262,0.003,62.445,43.166,0,0.554,0.392,0.033,0.128,0.554,0.036,0.108,1.513e-4,0,-0.003,0.353,0.356,-4.627e-5,899.394,0.001,336.473,0.251,6.4,32.17
9.627,0.189,2643.058,456.9,0.262,0.003,62.426,43.166,0,0.554,0.392,0.033,0.128,0.554,0.047,0.142,-2.91e-4,0,-0.003,0.353,0.356,-1.197e-5,899.047,0.001,336.461,0.249,6.4,32.17
9.665,0.199,2643.058,456.9,0.262,0.003,62.421,43.166,0,0.553,0.392,0.033,0.128,0.553,0.05,0.15,9.331e-5,0,-0.003,0.353,0.356,1.257e-7,898.706,0.001,336.448,0.248,6.4,32.17
9.702,0.175,2643.058,456.9,0.262,0.003,62.429,43.166,0,0.553,0.392,0.033,0.128,0.553,0.044,0.131,-1.674e-4,0,-0.003,0.353,0.356,1.721e-5,898.382,0.001,336.436,0.247,6.4,32.17
9.739,0.079,2643.058,456.9,0.262,0.003,62.466,43.166,0,0.553,0.392,0.033,0.128,0.553,0.02,0.059,9.431e-5,0,-0.003,0.353,0.356,-2.723e-6,898.06,0.001,336.425,0.245,6.4,32.17
9.777,0.092,2643.058,456.9,0.262,0.003,62.46,43.166,0,0.553,0.392,0.032,0.128,0.553,0.023,0.069,3.947e-4,0,-0.003,0.353,0.356,-4.708e-6,897.728,0.001,336.412,0.244,6.4,32.17
9.815,0.116,2643.058,456.9,0.262,0.003,62.45,43.166,0,0.552,0.393,0.032,0.128,0.552,0.029,0.087,-3.397e-4,0,-0.003,0.353,0.356,-3.796e-6,897.405,0.001,336.4,0.243,6.4,32.17
9.852,0.22,2643.058,456.9,0.262,0.003,62.408,43.166,0,0.552,0.393,0.032,0.128,0.552,0.055,0.165,-3.885e-4,0,-0.003,0.353,0.356,3.078e-6,897.083,0.001,336.388,0.241,6.4,32.17
9.891,0.216,2643.058,456.9,0.262,0.003,62.409,43.166,0,0.552,0.393,0.032,0.127,0.552,0.054,0.161,-3.067e-4,0,-0.003,0.353,0.356,3.76e-5,896.756,0.001,336.376,0.24,6.4,32.17
9.929,0.13,2643.058,456.9,0.262,0.003,62.442,43.166,0,0.552,0.393,0.032,0.127,0.552,0.032,0.097,2.36e-5,0,-0.003,0.353,0.356,8.327e-5,896.433,0.001,336.364,0.239,6.4,32.17
9.967,0.064,2643.058,456.9,0.262,0.003,62.466,43.166,0,0.551,0.393,0.031,0.127,0.551,0.016,0.048,8.351e-5,0,-0.003,0.353,0.356,1.278e-4,896.115,0.001,336.352,0.237,6.4,32.17
10.005,0.094,2643.058,456.9,0.262,0.003,62.454,43.166,0,0.551,0.393,0.031,0.127,0.551,0.023,0.07,1.212e-4,0,-0.003,0.353,0.356,1.812e-5,895.796,0.001,336.341,0.236,6.4,32.17
10.044,0.135,2643.058,456.9,0.262,0.003,62.437,43.166,0,0.551,0.393,0.031,0.127,0.551,0.034,0.102,4.926e-4,0,-0.003,0.353,0.356,-3.74e-5,895.472,0.001,336.329,0.235,6.4,32.17
10.083,0.206,2643.058,456.9,0.262,0.003,62.408,43.166,0,0.551,0.393,0.031,0.127,0.551,0.051,0.155,4.11e-4,0,-0.003,0.352,0.356,-6.782e-5,895.152,0.001,336.317,0.233,6.4,32.17
10.122,0.264,2643.058,456.9,0.262,0.003,62.384,43.166,0,0.55,0.393,0.031,0.127,0.551,0.066,0.198,-1.711e-4,0,-0.003,0.352,0.356,-2.989e-5,894.837,0.001,336.305,0.232,6.4,32.17
10.16,0.292,2643.058,456.9,0.262,0.003,62.373,43.166,0,0.55,0.393,0.031,0.127,0.55,0.073,0.219,4.241e-4,0,-0.003,0.352,0.356,-1.492e-6,894.522,0.001,336.293,0.23,6.4,32.17
10.199,0.283,2643.058,456.9,0.262,0.003,62.375,43.166,0,0.55,0.393,0.03,0.127,0.55,0.071,0.212,-8.673e-5,0,-0.003,0.352,0.356,1.019e-5,894.207,0.001,336.282,0.229,6.4,32.17
10.238,0.283,2643.058,456.9,0.262,0.003,62.374,43.166,0,0.55,0.393,0.03,0.127,0.55,0.071,0.213,1.653e-4,0,-0.003,0.352,0.356,7.093e-5,893.893,0.001,336.27,0.228,6.4,32.17
10.278,0.181,2643.058,456.9,0.262,0.003,62.413,43.166,0,0.55,0.393,0.03,0.127,0.55,0.045,0.136,-1.628e-4,0,-0.003,0.352,0.356,1.167e-4,893.574,0.001,336.258,0.226,6.4,32.17
10.317,0.096,2643.058,456.9,0.262,0.003,62.446,43.166,0,0.549,0.393,0.03,0.127,0.549,0.024,0.072,-4.954e-4,0,-0.004,0.352,0.356,1.854e-7,893.264,0.001,336.247,0.225,6.4,32.17
10.356,0.109,2643.058,456.9,0.262,0.003,62.44,43.166,0,0.549,0.393,0.03,0.127,0.549,0.027,0.082,-4.884e-4,0,-0.004,0.352,0.356,-1.189e-4,892.958,0.001,336.236,0.224,6.4,32.17
10.395,0.143,2643.058,456.9,0.262,0.003,62.426,43.166,0,0.549,0.393,0.03,0.126,0.549,0.035,0.107,8.938e-6,0,-0.004,0.352,0.356,-1.312e-4,892.652,0.001,336.224,0.222,6.4,32.17
10.434,0.197,2643.058,456.9,0.262,0.003,62.404,43.166,0,0.549,0.393,0.029,0.126,0.549,0.049,0.147,-9.249e-5,0,-0.004,0.352,0.356,-7.901e-5,892.346,0.001,336.213,0.221,6.4,32.17
10.473,0.21,2643.058,456.9,0.262,0.003,62.398,43.166,0,0.548,0.393,0.029,0.126,0.548,0.052,0.158,-2.84e-4,0,-0.004,0.352,0.356,-2.776e-5,892.043,0.001,336.202,0.22,6.4,32.17
10.512,0.182,2643.058,456.9,0.262,0.003,62.408,43.166,0,0.548,0.393,0.029,0.126,0.548,0.045,0.137,4.88e-4,0,-0.004,0.352,0.356,-3.476e-6,891.741,0.001,336.191,0.218,6.4,32.17
10.552,0.131,2643.058,456.9,0.262,0.003,62.428,43.166,0,0.548,0.393,0.029,0.126,0.548,0.033,0.098,3.497e-4,0,-0.004,0.352,0.356,4.244e-7,891.441,0.001,336.179,0.217,6.4,32.17
10.591,0.069,2643.058,456.9,0.262,0.003,62.451,43.166,0,0.548,0.393,0.029,0.126,0.548,0.017,0.052,3.315e-4,0,-0.004,0.352,0.356,-2.675e-7,891.142,0.001,336.168,0.216,6.4,32.17
10.631,0.095,2643.058,456.9,0.262,0.003,62.44,43.166,0,0.548,0.393,0.029,0.126,0.548,0.024,0.071,4.762e-4,0,-0.004,0.352,0.356,-8.819e-7,890.842,0.001,336.157,0.214,6.4,32.17
10.67,0.161,2643.058,456.9,0.262,0.003,62.413,43.166,0,0.547,0.393,0.028,0.126,0.547,0.04,0.12,4.462e-4,0,-0.004,0.352,0.356,2.091e-7,890.545,0.001,336.146,0.213,6.4,32.17
10.71,0.22,2643.058,456.9,0.262,0.003,62.389,43.166,0,0.547,0.393,0.028,0.126,0.547,0.055,0.165,1.022e-4,0,-0.004,0.352,0.356,1.424e-5,890.248,0.001,336.135,0.212,6.4,32.17
10.75,0.176,2643.058,456.9,0.262,0.003,62.406,43.166,0,0.547,0.393,0.028,0.126,0.547,0.044,0.131,-2.233e-4,0,-0.004,0.352,0.356,5.121e-5,889.953,0.001,336.124,0.21,6.4,32.17
10.79,0.205,2643.058,456.9,0.262,0.003,62.394,43.166,0,0.547,0.393,0.028,0.126,0.547,0.051,0.153,2.141e-4,0,-0.004,0.352,0.356,1.067e-4,889.662,0.001,336.114,0.209,6.4,32.17
10.83,0.187,2643.058,456.9,0.262,0.003,62.4,43.166,0,0.546,0.393,0.028,0.126,0.547,0.047,0.14,4.012e-4,0,-0.004,0.352,0.356,1.6e-4,889.369,0.001,336.103,0.208,6.4,32.17
10.87,0.145,2643.058,456.9,0.262,0.003,62.416,43.166,0,0.546,0.393,0.028,0.126,0.546,0.036,0.109,-2.41e-4,0,-0.004,0.352,0.356,1.135e-4,889.076,0.001,336.092,0.206,6.4,32.17
10.91,0.134,2643.058,456.9,0.262,0.003,62.419,43.166,0,0.546,0.393,0.027,0.125,0.546,0.033,0.101,4.206e-4,0,-0.004,0.352,0.356,-1.71e-6,888.786,0.001,336.081,0.205,6.4,32.17
10.951,0.193,2643.058,456.9,0.262,0.003,62.395,43.166,0,0.546,0.393,0.027,0.125,0.546,0.048,0.145,-4.337e-4,0,-0.004,0.352,0.356,-1.113e-4,888.498,0.001,336.07,0.204,6.4,32.17
10.991,0.272,2643.058,456.9,0.262,0.003,62.363,43.166,0,0.546,0.393,0.027,0.125,0.546,0.068,0.204,3.886e-5,0,-0.004,0.352,0.356,-1.199e-4,888.213,0.001,336.06,0.202,6.4,32.17
11.03,0.321,2643.058,456.9,0.262,0.003,62.344,43.166,0,0.545,0.393,0.027,0.125,0.546,0.08,0.241,-2.88e-4,0,-0.004,0.352,0.356,-5.095e-5,887.932,0.001,336.049,0.201,6.4,32.17
11.071,0.343,2643.058,456.9,0.262,0.003,62.334,43.166,0,0.545,0.393,0.027,0.125,0.545,0.086,0.256,3.345e-4,0,-0.004,0.352,0.356,-7.571e-6,887.649,0.001,336.039,0.2,6.4,32.17
11.111,0.334,2643.058,456.9,0.262,0.003,62.337,43.166,0,0.545,0.393,0.027,0.125,0.545,0.083,0.249,-1.771e-4,0,-0.004,0.352,0.356,3.082e-6,887.366,0.001,336.029,0.198,6.4,32.17
11.152,0.31,2643.058,456.9,0.262,0.003,62.346,43.166,0,0.545,0.393,0.026,0.125,0.545,0.077,0.232,2.243e-4,0,-0.004,0.352,0.356,4.697e-5,887.085,0.001,336.018,0.197,6.4,32.17
11.193,0.241,2643.058,456.9,0.262,0.003,62.372,43.166,0,0.545,0.393,0.026,0.125,0.545,0.06,0.18,-1.764e-4,0,-0.004,0.352,0.356,9.86e-5,886.802,0.001,336.008,0.196,6.4,32.17
11.234,0.182,2643.058,456.9,0.262,0.003,62.395,43.166,0,0.544,0.393,0.026,0.125,0.545,0.045,0.136,1.171e-4,0,-0.004,0.352,0.356,1.72e-4,886.524,0.001,335.997,0.194,6.4,32.17
11.275,0.105,2643.058,456.9,0.262,0.003,62.424,43.166,0,0.544,0.393,0.026,0.125,0.544,0.026,0.078,-3.76e-4,0,-0.005,0.352,0.356,2.011e-4,886.245,0.001,335.987,0.193,6.4,32.17
11.316,0.049,2643.058,456.9,0.262,0.003,62.445,43.166,0,0.544,0.393,0.026,0.125,0.544,0.012,0.036,-2.394e-4,0,-0.005,0.352,0.356,-1.179e-4,885.968,0.001,335.977,0.191,6.4,32.17
11.357,0.168,2643.058,456.9,0.262,0.003,62.398,43.166,0,0.544,0.393,0.026,0.125,0.544,0.042,0.126,2.483e-4,0,-0.005,0.352,0.356,-2.643e-4,885.696,0.001,335.967,0.19,6.4,32.17
11.398,0.281,2643.058,456.9,0.262,0.003,62.353,43.166,0,0.544,0.393,0.026,0.125,0.544,0.07,0.21,-2.218e-4,0,-0.005,0.352,0.356,-1.649e-4,885.429,0.001,335.957,0.189,6.4,32.17
11.438,0.301,2643.058,456.9,0.262,0.003,62.344,43.166,0,0.544,0.393,0.026,0.125,0.544,0.075,0.225,-9.406e-5,0,-0.005,0.351,0.356,-6.954e-5,885.166,0.001,335.947,0.187,6.4,32.17
11.478,0.316,2643.058,456.9,0.262,0.003,62.338,43.166,0,0.543,0.393,0.025,0.125,0.544,0.079,0.236,3.98e-4,0,-0.005,0.351,0.356,-1.285e-5,884.903,0.001,335.937,0.186,6.4,32.17
11.518,0.299,2643.058,456.9,0.262,0.003,62.344,43.166,0,0.543,0.393,0.025,0.124,0.543,0.075,0.223,-4.966e-4,0,-0.005,0.351,0.357,1.564e-6,884.642,0.001,335.928,0.185,6.4,32.17
11.558,0.232,2643.058,456.9,0.262,0.003,62.369,43.166,0,0.543,0.394,0.025,0.124,0.543,0.058,0.173,-1.271e-4,0,-0.005,0.351,0.357,2.726e-5,884.385,0.001,335.918,0.183,6.4,32.17
11.598,0.126,2643.058,456.9,0.262,0.003,62.41,43.166,0,0.543,0.394,0.025,0.124,0.543,0.031,0.094,9.771e-5,0,-0.005,0.351,0.357,4.265e-5,884.128,0.001,335.909,0.182,6.4,32.17
11.639,0.061,2643.058,456.9,0.262,0.003,62.435,43.166,0,0.543,0.394,0.025,0.124,0.543,0.015,0.046,9.222e-5,0,-0.005,0.351,0.357,6.898e-6,883.872,0.001,335.899,0.181,6.4,32.17
11.679,0.093,2643.058,456.9,0.262,0.003,62.422,43.166,0,0.543,0.394,0.025,0.124,0.543,0.023,0.069,-2.09e-4,0,-0.005,0.351,0.357,-5.045e-5,883.619,0.001,335.89,0.179,6.4,32.17
11.719,0.202,2643.058,456.9,0.262,0.003,62.378,43.166,0,0.542,0.394,0.025,0.124,0.542,0.05,0.151,-1.151e-4,0,-0.005,0.351,0.357,-3.865e-5,883.368,0.001,335.88,0.178,6.4,32.17
11.76,0.32,2643.058,456.9,0.262,0.003,62.331,43.166,0,0.542,0.394,0.025,0.124,0.542,0.08,0.239,-4.329e-4,0,-0.005,0.351,0.357,-4.233e-6,883.117,0.001,335.871,0.177,6.4,32.17
11.801,0.391,2643.058,456.9,0.262,0.003,62.303,43.166,0,0.542,0.394,0.024,0.124,0.542,0.098,0.292,-4.864e-4,0,-0.006,0.351,0.357,1.307e-5,882.865,0.001,335.862,0.175,6.4,32.17
11.842,0.453,2643.058,456.9,0.262,0.003,62.279,43.166,0,0.542,0.394,0.024,0.124,0.542,0.113,0.339,-4.312e-4,0,-0.006,0.351,0.357,1.114e-4,882.613,0.001,335.853,0.174,6.4,32.17
11.884,0.463,2643.058,456.9,0.262,0.003,62.274,43.166,0,0.542,0.394,0.024,0.124,0.542,0.116,0.346,-1.393e-4,0,-0.006,0.351,0.357,3.093e-4,882.36,0.001,335.843,0.173,6.4,32.17
11.926,0.414,2643.058,456.9,0.262,0.003,62.293,43.166,0,0.542,0.394,0.024,0.124,0.542,0.103,0.309,3.17e-4,0,-0.006,0.351,0.357,5.263e-4,882.107,0.001,335.834,0.172,6.4,32.17
11.969,0.314,2643.058,456.9,0.262,0.003,62.331,43.166,0,0.541,0.394,0.024,0.124,0.542,0.078,0.234,-1.944e-4,0,-0.006,0.351,0.357,5.235e-4,881.855,0.001,335.824,0.17,6.4,32.17
12.011,0.24,2643.058,456.9,0.262,0.003,62.359,43.166,0,0.541,0.394,0.024,0.124,0.541,0.06,0.179,3.714e-4,0,-0.006,0.351,0.357,4.688e-5,881.605,0.001,335.815,0.169,6.4,32.17
12.053,0.308,2643.058,456.9,0.262,0.003,62.332,43.166,0,0.541,0.394,0.024,0.124,0.541,0.077,0.23,2.931e-4,0,-0.006,0.351,0.357,-2.017e-4,881.359,0.001,335.806,0.167,6.4,32.17
12.095,0.443,2643.058,456.9,0.262,0.003,62.279,43.166,0,0.541,0.394,0.024,0.124,0.541,0.111,0.332,-6.82e-5,0,-0.006,0.351,0.357,-3.871e-4,881.116,0.001,335.797,0.166,6.4,32.17
12.137,0.57,2643.058,456.9,0.262,0.003,62.229,43.166,0,0.541,0.394,0.023,0.124,0.541,0.143,0.426,-4.061e-4,0,-0.006,0.351,0.357,-3.431e-4,880.874,0.001,335.788,0.165,6.4,32.17
12.179,0.661,2643.058,456.9,0.262,0.003,62.194,43.166,0,0.541,0.394,0.023,0.123,0.541,0.166,0.495,-1.181e-4,0,-0.006,0.351,0.357,-1.761e-4,880.636,0.001,335.779,0.163,6.4,32.17
12.221,0.704,2643.058,456.9,0.262,0.003,62.177,43.166,0,0.54,0.394,0.023,0.123,0.541,0.177,0.526,2.553e-4,0,-0.006,0.351,0.357,-2.923e-5,880.4,0.001,335.771,0.162,6.4,32.17
12.263,0.717,2643.058,456.9,0.262,0.003,62.171,43.166,0,0.54,0.394,0.023,0.123,0.541,0.181,0.536,-2.265e-4,0,-0.006,0.351,0.357,1.472e-5,880.162,0.001,335.762,0.161,6.4,32.17
12.306,0.691,2643.058,456.9,0.262,0.003,62.18,43.166,0,0.54,0.394,0.023,0.123,0.541,0.174,0.517,2.449e-4,0,-0.006,0.351,0.357,1.649e-4,879.921,0.001,335.753,0.16,6.4,32.17
12.35,0.559,2643.058,456.9,0.262,0.003,62.23,43.166,0,0.54,0.394,0.023,0.123,0.54,0.14,0.418,2.53e-4,0,-0.007,0.351,0.357,3.432e-4,879.68,0.001,335.744,0.158,6.4,32.17
12.393,0.407,2643.058,456.9,0.262,0.003,62.289,43.166,0,0.54,0.394,0.023,0.123,0.54,0.102,0.304,-2.158e-4,0,-0.007,0.351,0.358,4.126e-4,879.446,0.001,335.735,0.157,6.4,32.17
12.436,0.261,2643.058,456.9,0.262,0.003,62.345,43.166,0,0.54,0.394,0.023,0.123,0.54,0.065,0.195,4.283e-4,0,-0.007,0.351,0.358,1.633e-4,879.215,0.001,335.727,0.156,6.4,32.17
12.478,0.201,2643.058,456.9,0.262,0.003,62.368,43.166,0,0.539,0.394,0.023,0.123,0.54,0.05,0.151,3.747e-4,0,-0.007,0.351,0.358,-1.352e-4,878.988,0.001,335.718,0.154,6.4,32.17
12.52,0.266,2643.058,456.9,0.262,0.003,62.342,43.166,0,0.539,0.394,0.022,0.123,0.539,0.066,0.199,-3.218e-4,0,-0.007,0.351,0.358,-6.747e-4,878.764,0.001,335.71,0.153,6.4,32.17
12.563,0.362,2643.058,456.9,0.262,0.003,62.304,43.166,0,0.539,0.394,0.022,0.123,0.539,0.09,0.271,-4.853e-4,0,-0.007,0.351,0.358,-6.591e-4,878.541,0.001,335.702,0.152,6.4,32.17
12.605,0.445,2643.058,456.9,0.262,0.003,62.271,43.166,0,0.539,0.394,0.022,0.123,0.539,0.111,0.333,4.024e-4,0,-0.007,0.351,0.358,-4.459e-4,878.32,0.001,335.694,0.15,6.4,32.17
12.647,0.513,2643.058,456.9,0.262,0.003,62.244,43.166,0,0.539,0.394,0.022,0.123,0.539,0.129,0.384,-3.921e-4,0,-0.008,0.351,0.358,-2.231e-4,878.101,0.001,335.685,0.149,6.4,32.17
12.69,0.345,2643.058,456.9,0.262,0.003,62.309,43.166,0,0.539,0.394,0.022,0.123,0.539,0.086,0.257,2.132e-4,0,-0.007,0.351,0.358,-8.715e-5,877.885,0.001,335.677,0.148,6.4,32.17
12.733,0.276,2643.058,456.9,0.262,0.003,62.335,43.166,0,0.539,0.394,0.022,0.123,0.539,0.069,0.206,-4.368e-4,0,-0.008,0.351,0.358,-3.136e-5,877.664,0.001,335.669,0.146,6.4,32.17
12.776,0.185,2643.058,456.9,0.262,0.003,62.371,43.166,0,0.539,0.394,0.022,0.123,0.539,0.046,0.138,6.875e-5,0,-0.008,0.351,0.358,-1.313e-5,877.447,0.001,335.661,0.145,6.4,32.17
12.82,0.111,2643.058,456.9,0.262,0.003,62.399,43.166,0,0.538,0.394,0.022,0.123,0.538,0.028,0.083,-4.138e-4,0,-0.008,0.351,0.359,-4.259e-5,877.231,0.001,335.653,0.144,6.4,32.17
12.863,0.21,2643.058,456.9,0.262,0.003,62.36,43.166,0,0.538,0.394,0.022,0.123,0.538,0.052,0.157,-1.527e-4,0,-0.008,0.351,0.359,-2.097e-5,877.016,0.001,335.645,0.142,6.4,32.17
12.907,0.312,2643.058,456.9,0.262,0.003,62.319,43.166,0,0.538,0.394,0.022,0.123,0.538,0.078,0.232,-3.385e-4,0,-0.008,0.351,0.359,-2.105e-6,876.803,0.001,335.637,0.141,6.4,32.17
12.951,0.362,2643.058,456.9,0.262,0.003,62.299,43.166,0,0.538,0.394,0.021,0.123,0.538,0.09,0.27,-1.368e-4,0,-0.008,0.351,0.359,4.61e-6,876.593,0.001,335.63,0.14,6.4,32.17
12.994,0.554,2643.058,456.9,0.262,0.003,62.224,43.166,0,0.538,0.394,0.021,0.122,0.538,0.139,0.413,2.273e-4,0,-0.008,0.351,0.359,5.191e-5,876.386,0.001,335.622,0.138,6.4,32.17
13.038,0.723,2643.058,456.9,0.262,0.003,62.159,43.166,0,0.538,0.394,0.021,0.122,0.539,0.182,0.54,-1.756e-4,0,-0.008,0.351,0.359,1.994e-4,876.177,0.001,335.614,0.137,6.4,32.17
13.083,0.808,2643.058,456.9,0.262,0.003,62.126,43.166,0,0.538,0.394,0.021,0.122,0.539,0.204,0.604,-4.595e-4,0,-0.008,0.351,0.359,4.936e-4,875.966,0.001,335.606,0.136,6.4,32.17
13.129,0.717,2643.058,456.9,0.262,0.003,62.16,43.166,0,0.538,0.394,0.021,0.122,0.538,0.181,0.535,-2.692e-4,0,-0.009,0.351,0.359,8.642e-4,875.757,0.001,335.599,0.134,6.4,32.17
13.173,0.536,2643.058,456.9,0.262,0.003,62.229,43.166,0,0.537,0.394,0.021,0.122,0.538,0.134,0.399,2.337e-4,0,-0.009,0.351,0.36,0.001,875.553,0.001,335.591,0.133,6.4,32.17
13.217,0.448,2643.058,456.9,0.262,0.003,62.263,43.166,0,0.537,0.394,0.021,0.122,0.538,0.112,0.334,2.146e-4,0,-0.009,0.351,0.36,7.086e-4,875.355,0.001,335.584,0.132,6.4,32.17
13.261,0.454,2643.058,456.9,0.262,0.003,62.26,43.166,0,0.537,0.394,0.021,0.122,0.538,0.114,0.338,-4.36e-4,0,-0.009,0.351,0.36,2.809e-4,875.158,0.001,335.576,0.13,6.4,32.17
13.305,0.41,2643.058,456.9,0.262,0.003,62.277,43.166,0,0.537,0.394,0.021,0.122,0.537,0.102,0.306,-1.781e-4,0,-0.01,0.351,0.36,-2.618e-4,874.962,0.001,335.569,0.129,6.4,32.17
13.348,0.547,2643.058,456.9,0.262,0.003,62.223,43.166,0,0.537,0.394,0.021,0.122,0.537,0.137,0.41,-1.483e-4,0,-0.01,0.351,0.361,-0.001,874.772,0.001,335.562,0.128,6.4,32.17
13.391,0.681,2643.058,456.9,0.262,0.003,62.171,43.166,0,0.537,0.394,0.021,0.122,0.538,0.171,0.51,-2.647e-4,0,-0.01,0.35,0.361,-0.001,874.587,0.001,335.555,0.126,6.4,32.17
13.434,0.757,2643.058,456.9,0.262,0.003,62.142,43.166,0,0.537,0.394,0.02,0.122,0.538,0.191,0.565,-3.874e-4,0,-0.01,0.35,0.361,-7.764e-4,874.403,0.001,335.548,0.125,6.4,32.17
13.478,0.829,2643.058,456.9,0.262,0.003,62.114,43.166,0,0.537,0.394,0.02,0.122,0.538,0.209,0.62,4.386e-4,0,-0.011,0.35,0.361,-4.807e-4,874.217,0.001,335.542,0.124,6.4,32.17
13.522,0.867,2643.058,456.9,0.262,0.003,62.099,43.166,0,0.537,0.394,0.02,0.122,0.538,0.219,0.648,-1.204e-4,0,-0.011,0.35,0.361,-2.269e-4,874.033,0.001,335.535,0.122,6.4,32.17
13.566,0.862,2643.058,456.9,0.262,0.003,62.1,43.166,0,0.536,0.394,0.02,0.122,0.538,0.218,0.644,-1.777e-4,0,-0.011,0.35,0.361,-4.859e-5,873.85,0.001,335.528,0.121,6.4,32.17
13.61,0.831,2643.058,456.9,0.262,0.003,62.112,43.166,0,0.536,0.394,0.02,0.122,0.537,0.21,0.621,2.174e-4,0,-0.011,0.35,0.361,1.177e-6,873.668,0.001,335.521,0.12,6.4,32.17
13.655,0.774,2643.058,456.9,0.262,0.003,62.133,43.166,0,0.536,0.394,0.02,0.122,0.537,0.195,0.578,2.311e-4,0,-0.011,0.35,0.362,7.55e-5,873.488,0.001,335.515,0.118,6.4,32.17
13.7,0.741,2643.058,456.9,0.262,0.003,62.145,43.166,0,0.536,0.394,0.02,0.122,0.537,0.186,0.553,-7.285e-5,0,-0.011,0.35,0.362,3.127e-4,873.309,0.001,335.508,0.117,6.4,32.17
13.745,0.635,2643.058,456.9,0.262,0.003,62.185,43.166,0,0.536,0.394,0.02,0.122,0.537,0.159,0.474,-4.825e-5,0,-0.012,0.35,0.362,5.776e-4,873.129,0.001,335.501,0.116,6.4,32.17
13.79,0.532,2643.058,456.9,0.262,0.003,62.224,43.166,0,0.536,0.394,0.02,0.122,0.536,0.133,0.396,-5.62e-5,0,-0.012,0.35,0.362,8.925e-4,872.952,0.001,335.495,0.114,6.4,32.17
13.835,0.428,2643.058,456.9,0.262,0.003,62.264,43.166,0,0.536,0.394,0.02,0.122,0.536,0.107,0.318,-3.561e-4,0,-0.012,0.35,0.363,0.001,872.779,0.001,335.488,0.113,6.4,32.17
13.881,0.48,2643.058,456.9,0.262,0.003,62.244,43.166,0,0.536,0.394,0.02,0.122,0.536,0.12,0.356,-7.609e-5,0,-0.012,0.35,0.363,0.002,872.607,0.001,335.482,0.112,6.4,32.17
13.927,0.442,2643.058,456.9,0.262,0.003,62.258,43.166,0,0.536,0.394,0.02,0.122,0.536,0.111,0.327,2.107e-4,0,-0.013,0.35,0.363,0.002,872.434,0.001,335.476,0.11,6.4,32.17
13.973,0.379,2643.058,456.9,0.262,0.003,62.282,43.166,0,0.535,0.394,0.02,0.122,0.536,0.095,0.28,2.534e-5,0,-0.013,0.35,0.363,0.003,872.263,0.001,335.469,0.109,6.4,32.17
14.019,0.404,2643.058,456.9,0.262,0.003,62.272,43.166,0,0.535,0.394,0.019,0.122,0.536,0.101,0.298,-3.879e-4,0,-0.013,0.35,0.363,0.003,872.094,0.001,335.463,0.108,6.4,32.17
14.066,0.419,2643.058,456.9,0.262,0.003,62.266,43.166,0,0.535,0.394,0.019,0.121,0.536,0.105,0.31,-1.218e-4,0,-0.013,0.35,0.363,0.003,871.925,0.001,335.457,0.107,6.4,32.17
14.114,0.465,2643.058,456.9,0.262,0.003,62.248,43.166,0,0.535,0.394,0.019,0.121,0.536,0.116,0.344,1.187e-4,0,-0.013,0.35,0.364,0.003,871.757,0.001,335.45,0.105,6.4,32.17
14.162,0.45,2643.058,456.9,0.262,0.003,62.253,43.166,0,0.535,0.394,0.019,0.121,0.535,0.112,0.333,2.474e-4,0,-0.014,0.35,0.364,0.002,871.589,0.001,335.444,0.104,6.4,32.17
14.21,0.481,2643.058,456.9,0.262,0.003,62.241,43.166,0,0.535,0.394,0.019,0.121,0.535,0.12,0.358,-4.923e-4,0,-0.014,0.35,0.364,2.226e-4,871.424,0.001,335.438,0.103,6.4,32.17
14.257,0.535,2643.058,456.9,0.262,0.003,62.22,43.166,0,0.535,0.394,0.019,0.121,0.535,0.134,0.399,-1.14e-4,0,-0.015,0.35,0.365,-3.542e-4,871.263,0.001,335.432,0.101,6.4,32.17
14.304,0.72,2643.058,456.9,0.262,0.003,62.148,43.166,0,0.535,0.394,0.019,0.121,0.536,0.181,0.537,-3.007e-4,0,-0.015,0.35,0.365,-5.315e-4,871.106,0.001,335.426,0.1,6.4,32.17
14.352,0.882,2643.058,456.9,0.262,0.003,62.086,43.166,0,0.535,0.394,0.019,0.121,0.536,0.223,0.659,8.095e-5,0,-0.015,0.35,0.366,-9.391e-4,870.949,0.001,335.421,0.099,6.4,32.17
14.399,1.029,2643.058,456.9,0.262,0.003,62.03,43.166,0,0.535,0.394,0.019,0.121,0.536,0.261,0.77,3.359e-4,0,-0.016,0.35,0.366,-0.001,870.796,0.001,335.415,0.097,6.4,32.17
14.446,1.297,2643.058,456.9,0.262,0.003,61.93,43.166,0,0.535,0.394,0.019,0.121,0.537,0.331,0.97,3.894e-4,0,-0.016,0.35,0.366,-3.903e-4,870.646,0.001,335.409,0.096,6.4,32.17
14.495,1.439,2643.058,456.9,0.262,0.003,61.877,43.166,0,0.534,0.394,0.019,0.121,0.538,0.368,1.076,-1.99e-4,0,-0.016,0.35,0.366,-2.593e-4,870.493,0.001,335.404,0.095,6.4,32.17
14.544,1.476,2643.058,456.9,0.262,0.003,61.863,43.166,0,0.534,0.395,0.019,0.121,0.538,0.378,1.104,6.659e-5,0,-0.017,0.35,0.367,-3.004e-4,870.343,0.001,335.398,0.093,6.4,32.17
14.591,1.551,2643.058,456.9,0.262,0.003,61.835,43.166,0,0.534,0.395,0.019,0.121,0.538,0.398,1.16,1.813e-4,0,-0.018,0.35,0.368,-1.3e-4,870.199,0.001,335.393,0.092,6.4,32.17
14.638,1.561,2643.058,456.9,0.262,0.003,61.83,43.166,0,0.534,0.395,0.019,0.121,0.538,0.4,1.168,-3.143e-4,0,-0.019,0.35,0.369,-6.068e-5,870.059,0.001,335.388,0.09,6.4,32.17
14.685,1.522,2643.058,456.9,0.262,0.003,61.844,43.166,0,0.534,0.395,0.019,0.121,0.538,0.39,1.139,-3.314e-4,0,-0.02,0.35,0.37,-4.685e-5,869.922,0.001,335.383,0.089,6.4,32.17
14.731,1.532,2643.058,456.9,0.262,0.003,61.84,43.166,0,0.534,0.395,0.019,0.121,0.538,0.393,1.146,4.481e-4,0,-0.02,0.35,0.37,6.753e-6,869.789,0.001,335.378,0.088,6.4,32.17
14.778,1.516,2643.058,456.9,0.262,0.003,61.846,43.166,0,0.534,0.395,0.018,0.121,0.538,0.388,1.134,-9.573e-5,0,-0.02,0.35,0.37,1.331e-4,869.657,0.001,335.373,0.086,6.4,32.17
14.825,1.574,2643.058,456.9,0.262,0.003,61.825,43.166,0,0.534,0.395,0.018,0.121,0.538,0.404,1.176,-3.14e-4,0,-0.02,0.35,0.37,6.717e-4,869.526,0.001,335.368,0.085,6.4,32.17
14.874,1.692,2643.058,456.9,0.262,0.003,61.781,43.166,0,0.534,0.395,0.018,0.121,0.538,0.435,1.264,-2.354e-4,0,-0.02,0.35,0.37,0.002,869.393,0.001,335.363,0.084,6.4,32.17
14.924,1.634,2643.058,456.9,0.262,0.003,61.802,43.166,0,0.534,0.395,0.018,0.121,0.538,0.42,1.219,5.617e-5,0,-0.021,0.35,0.371,0.003,869.259,0.001,335.358,0.082,6.4,32.17
14.973,1.599,2643.058,456.9,0.262,0.003,61.814,43.166,0,0.534,0.395,0.018,0.121,0.538,0.41,1.193,8.736e-5,0,-0.022,0.35,0.372,0.004,869.128,0.001,335.353,0.081,6.4,32.17
15.023,1.525,2643.058,456.9,0.262,0.003,61.841,43.166,0,0.534,0.395,0.018,0.121,0.537,0.391,1.136,-7.559e-5,0,-0.022,0.35,0.372,0.005,869,0.001,335.348,0.08,6.4,32.17
15.073,1.389,2643.058,456.9,0.262,0.003,61.891,43.166,0,0.534,0.395,0.018,0.121,0.537,0.355,1.032,-1.595e-4,0,-0.023,0.35,0.373,0.005,868.874,0.001,335.344,0.078,6.4,32.17
15.123,1.333,2643.058,456.9,0.262,0.003,61.912,43.166,0,0.534,0.395,0.018,0.121,0.536,0.34,0.99,4.426e-4,0,-0.024,0.35,0.374,0.006,868.752,0.001,335.339,0.077,6.4,32.17
15.173,1.294,2643.058,456.9,0.262,0.003,61.926,43.166,0,0.533,0.395,0.018,0.121,0.536,0.33,0.96,2.313e-4,0,-0.025,0.35,0.375,0.006,868.631,0.001,335.335,0.076,6.4,32.17
15.223,1.293,2643.058,456.9,0.262,0.003,61.926,43.166,0,0.533,0.395,0.018,0.121,0.536,0.33,0.96,-1.839e-4,0,-0.025,0.35,0.375,0.006,868.513,0.001,335.33,0.074,6.4,32.17
15.273,1.395,2643.058,456.9,0.262,0.003,61.888,43.166,0,0.533,0.395,0.018,0.121,0.536,0.356,1.036,2.58e-4,0,-0.026,0.35,0.376,0.006,868.398,0.001,335.326,0.073,6.4,32.17
15.323,1.454,2643.058,456.9,0.262,0.003,61.866,43.166,0,0.533,0.395,0.018,0.121,0.537,0.372,1.081,2.635e-4,0,-0.026,0.35,0.376,0.006,868.285,0.001,335.322,0.072,6.4,32.17
15.373,1.526,2643.058,456.9,0.262,0.003,61.839,43.166,0,0.533,0.395,0.018,0.121,0.537,0.391,1.136,2.016e-4,0,-0.027,0.35,0.377,0.005,868.175,0.001,335.318,0.071,6.4,32.17
15.423,1.705,2643.058,456.9,0.262,0.003,61.774,43.166,0,0.533,0.395,0.018,0.121,0.538,0.439,1.271,1.667e-4,0,-0.028,0.35,0.378,0.004,868.068,0.001,335.314,0.069,6.4,32.17
15.473,1.789,2643.058,456.9,0.262,0.003,61.743,43.166,0,0.533,0.395,0.018,0.121,0.538,0.461,1.335,-4.397e-4,0,-0.029,0.35,0.379,0.003,867.963,0.001,335.31,0.068,6.4,32.17
15.523,1.983,2643.058,456.9,0.262,0.003,61.672,43.166,0,0.533,0.395,0.018,0.121,0.539,0.514,1.482,-8.645e-5,0,-0.029,0.35,0.379,0.002,867.861,0.001,335.306,0.067,6.4,32.17
15.573,2.209,2643.058,456.9,0.262,0.003,61.591,43.166,0,0.533,0.395,0.018,0.121,0.54,0.575,1.653,-7.555e-5,0,-0.03,0.35,0.38,0.002,867.761,0.001,335.303,0.066,6.4,32.17
15.623,2.346,2643.058,456.9,0.262,0.003,61.543,43.166,0,0.533,0.395,0.018,0.121,0.541,0.612,1.757,-6.91e-5,0,-0.032,0.35,0.382,9.481e-4,867.664,0.001,335.299,0.064,6.4,32.17
15.673,2.688,2643.058,456.9,0.262,0.003,61.423,43.166,0,0.533,0.395,0.018,0.121,0.544,0.707,2.016,2.934e-4,0,-0.032,0.35,0.382,0.001,867.57,0.001,335.295,0.063,6.4,32.17
15.723,2.992,2643.058,456.9,0.262,0.003,61.318,43.166,0,0.533,0.395,0.018,0.12,0.546,0.792,2.246,4.097e-4,0,-0.033,0.35,0.383,0.001,867.478,0.001,335.292,0.062,6.4,32.17
15.773,3.236,2643.058,456.9,0.262,0.003,61.234,43.166,0,0.533,0.395,0.018,0.12,0.548,0.862,2.431,3.335e-4,0,-0.034,0.35,0.384,0.001,867.389,0.001,335.289,0.061,6.4,32.17
15.823,3.521,2643.058,456.9,0.262,0.003,61.139,43.166,0,0.533,0.395,0.018,0.12,0.55,0.943,2.647,2.212e-4,0,-0.035,0.35,0.385,0.001,867.303,0.001,335.286,0.06,6.4,32.17
15.873,3.721,2643.058,456.9,0.262,0.003,61.072,43.166,0,0.533,0.395,0.018,0.12,0.552,1.001,2.8,7.755e-5,0,-0.037,0.35,0.387,0.001,867.219,0.001,335.282,0.058,6.4,32.17
15.923,4.121,2643.058,456.9,0.262,0.003,60.941,43.166,0,0.533,0.395,0.018,0.12,0.556,1.118,3.104,-4.753e-4,0,-0.037,0.35,0.387,0.002,867.138,0.001,335.279,0.057,6.4,32.17
15.973,4.635,2643.058,456.9,0.262,0.003,60.776,43.166,0,0.533,0.395,0.017,0.12,0.562,1.272,3.497,-4.342e-4,0,-0.037,0.35,0.387,0.003,867.059,0.001,335.277,0.056,6.4,32.17
16.023,4.926,2643.058,456.9,0.262,0.003,60.685,43.166,0,0.533,0.395,0.017,0.12,0.565,1.36,3.719,-4.333e-4,0,-0.039,0.35,0.389,0.005,866.983,0.001,335.274,0.055,6.4,32.17
16.073,5.003,2643.058,456.9,0.262,0.003,60.661,43.166,0,0.533,0.395,0.017,0.12,0.566,1.384,3.778,-7.182e-5,0,-0.042,0.35,0.392,0.005,866.91,0.001,335.271,0.054,6.4,32.17
16.123,5.224,2643.058,456.9,0.262,0.003,60.592,43.166,0,0.532,0.395,0.017,0.12,0.568,1.451,3.946,1.712e-4,0,-0.044,0.35,0.394,0.006,866.839,0.001,335.268,0.052,6.4,32.17
16.173,5.54,2643.058,456.9,0.262,0.003,60.495,43.166,0,0.532,0.395,0.017,0.12,0.572,1.55,4.188,4.081e-4,0,-0.045,0.35,0.395,0.007,866.771,0.001,335.266,0.051,6.4,32.17
16.223,5.914,2643.058,456.9,0.262,0.003,60.383,43.166,0,0.532,0.395,0.017,0.12,0.577,1.667,4.474,4.22e-4,0,-0.046,0.35,0.396,0.01,866.706,0.001,335.263,0.05,6.4,32.17
16.273,6.369,2643.058,456.9,0.262,0.003,60.249,43.166,0,0.532,0.395,0.017,0.12,0.583,1.812,4.822,-1.725e-4,0,-0.047,0.35,0.396,0.014,866.643,0.001,335.261,0.049,6.4,32.17
16.323,6.791,2643.058,456.9,0.262,0.003,60.127,43.166,0,0.532,0.395,0.017,0.12,0.588,1.948,5.145,3.543e-5,0,-0.047,0.35,0.397,0.018,866.582,0.001,335.259,0.048,6.4,32.17
16.373,7.161,2643.058,456.9,0.262,0.003,60.022,43.166,0,0.532,0.395,0.017,0.12,0.593,2.07,5.428,-6.638e-6,0,-0.049,0.35,0.399,0.023,866.524,0.001,335.257,0.047,6.4,32.17
16.423,7.629,2643.058,456.9,0.262,0.003,59.892,43.166,0,0.532,0.395,0.017,0.12,0.6,2.226,5.787,-7.423e-5,0,-0.05,0.35,0.399,0.029,866.469,0.001,335.255,0.046,6.4,32.17
16.473,7.971,2643.058,456.9,0.262,0.003,59.799,43.166,0,0.532,0.395,0.017,0.12,0.605,2.341,6.049,-4.543e-4,0,-0.051,0.35,0.401,0.036,866.417,0.001,335.253,0.045,6.4,32.17
16.523,8.312,2643.058,456.9,0.262,0.003,59.708,43.166,0,0.532,0.395,0.017,0.12,0.609,2.458,6.308,4.608e-4,0,-0.053,0.35,0.403,0.043,866.367,0.001,335.251,0.044,6.4,32.17
16.573,8.84,2643.058,456.9,0.262,0.003,59.569,43.166,0,0.532,0.395,0.017,0.12,0.617,2.641,6.715,-2.532e-4,0,-0.054,0.35,0.403,0.052,866.319,0.001,335.249,0.043,6.4,32.17
16.623,9.512,2643.058,456.9,0.262,0.003,59.397,43.166,0,0.532,0.395,0.017,0.12,0.626,2.878,7.234,-9.015e-5,0,-0.053,0.35,0.402,0.064,866.274,0.001,335.247,0.043,6.4,32.17
16.673,10.042,2643.058,456.9,0.262,0.003,59.266,43.166,0,0.532,0.395,0.017,0.12,0.633,3.068,7.642,-2.878e-4,0,-0.053,0.35,0.403,0.077,866.232,0.001,335.246,0.042,6.4,32.17
16.723,10.384,2643.058,456.9,0.262,0.003,59.182,43.166,0,0.532,0.395,0.017,0.12,0.638,3.193,7.901,-4.178e-4,0,-0.056,0.35,0.405,0.09,866.192,0.001,335.244,0.041,6.4,32.17
16.773,10.712,2643.058,456.9,0.262,0.003,59.103,43.166,0,0.532,0.395,0.017,0.12,0.642,3.314,8.148,-4.176e-4,0,-0.058,0.35,0.408,0.103,866.155,0.001,335.243,0.04,6.4,32.17
16.823,11.322,2643.058,456.9,0.262,0.003,58.96,43.166,0,0.532,0.395,0.017,0.12,0.65,3.541,8.62,1.578e-4,0,-0.058,0.35,0.408,0.119,866.12,0.001,335.242,0.039,6.4,32.17
16.873,12.035,2643.058,456.9,0.262,0.003,58.798,43.166,0,0.532,0.395,0.017,0.12,0.659,3.813,9.176,1.369e-4,0,-0.056,0.35,0.406,0.136,866.088,0.001,335.241,0.039,6.4,32.17
16.923,12.677,2643.058,456.9,0.262,0.003,58.656,43.166,0,0.534,0.396,0.017,0.12,0.668,4.061,9.675,-2.91e-4,0,-0.056,0.35,0.405,0.154,866.059,0.001,335.239,0.038,6.4,32.17
16.973,13.211,2643.058,456.9,0.262,0.003,58.541,43.166,0,0.535,0.398,0.017,0.12,0.675,4.272,10.087,3.489e-4,0,-0.056,0.35,0.406,0.175,866.032,0.001,335.238,0.038,6.4,32.17
17.023,13.782,2643.058,456.9,0.262,0.003,58.422,43.166,0,0.536,0.399,0.017,0.12,0.682,4.499,10.529,-8.64e-5,0,-0.057,0.35,0.406,0.196,866.007,0.001,335.238,0.037,6.4,32.17
17.073,14.374,2643.058,456.9,0.262,0.003,58.301,43.166,0,0.538,0.4,0.017,0.12,0.689,4.739,10.99,3.817e-4,0,-0.056,0.35,0.406,0.219,865.986,0.001,335.237,0.036,6.4,32.17
17.123,14.913,2643.058,456.9,0.262,0.003,58.194,43.166,0,0.539,0.402,0.017,0.12,0.694,4.961,11.405,-4.042e-5,0,-0.057,0.35,0.406,0.243,865.966,0.001,335.236,0.036,6.4,32.17
17.173,15.495,2643.058,456.9,0.262,0.003,58.081,43.166,0,0.54,0.403,0.017,0.12,0.699,5.204,11.86,-4.735e-4,0,-0.056,0.35,0.406,0.268,865.949,0.001,335.235,0.035,6.4,32.17
17.223,16.183,2643.058,456.9,0.262,0.003,57.952,43.166,0,0.541,0.404,0.017,0.12,0.702,5.495,12.404,-3.591e-4,0,-0.054,0.35,0.403,0.29,865.935,0.001,335.235,0.035,6.4,32.17
17.273,16.894,2643.058,456.9,0.262,0.003,57.822,43.166,0,0.541,0.404,0.017,0.12,0.704,5.801,12.974,-4.185e-4,0,-0.05,0.35,0.4,0.31,865.923,0.001,335.234,0.035,6.4,32.17
17.323,17.517,2643.058,456.9,0.262,0.003,57.712,43.166,0,0.542,0.405,0.017,0.12,0.704,6.072,13.468,1.448e-4,0,-0.047,0.35,0.397,0.333,865.914,0.001,335.234,0.035,6.4,32.17
17.373,17.997,2643.058,456.9,0.262,0.003,57.629,43.166,0,0.543,0.406,0.017,0.12,0.705,6.285,13.837,1.727e-4,0,-0.048,0.35,0.397,0.365,865.907,0.001,335.234,0.034,6.4,32.17
17.423,18.534,2643.058,456.9,0.262,0.003,57.539,43.166,0,0.544,0.407,0.017,0.12,0.705,6.524,14.26,3.117e-5,0,-0.046,0.35,0.396,0.391,865.903,0.001,335.234,0.034,6.4,32.17
17.473,19.056,2643.058,456.9,0.262,0.003,57.453,43.166,0,0.544,0.407,0.017,0.12,0.704,6.759,14.674,-4.844e-4,0,-0.043,0.35,0.393,0.415,865.901,0.001,335.234,0.034,6.4,32.17
17.523,19.499,2643.058,456.9,0.262,0.003,57.382,43.166,0,0.545,0.408,0.017,0.12,0.704,6.961,15.016,-9.811e-5,0,-0.043,0.35,0.392,0.446,865.902,0.001,335.234,0.033,6.4,32.17
17.573,19.938,2643.058,456.9,0.262,0.003,57.312,43.166,0,0.546,0.408,0.017,0.12,0.703,7.163,15.361,1.189e-4,0,-0.041,0.35,0.391,0.472,865.905,0.001,335.234,0.033,6.4,32.17
17.623,20.405,2643.058,456.9,0.262,0.003,57.24,43.166,0,0.545,0.408,0.017,0.12,0.7,7.294,15.361,2.631e-4,0,-0.049,0.336,0.384,0.476,865.911,0.001,335.234,0.033,6.4,32.17
17.673,20.807,2643.058,456.9,0.262,0.003,57.18,43.166,0,0.545,0.408,0.017,0.12,0.697,7.396,15.315,-7.092e-5,0,-0.055,0.322,0.376,0.475,865.919,0.001,335.234,0.033,6.4,32.17
17.723,21.125,2643.058,456.9,0.262,0.003,57.132,43.166,0,0.545,0.407,0.017,0.12,0.695,7.478,15.273,7.794e-5,0,-0.059,0.31,0.37,0.482,865.93,0.001,335.235,0.033,6.4,32.17
17.773,21.419,2643.058,456.9,0.262,0.003,57.089,43.166,0,0.543,0.406,0.017,0.12,0.692,7.555,15.268,4.167e-4,0,-0.058,0.3,0.358,0.453,865.943,0.001,335.235,0.034,6.4,32.17
17.823,21.626,2643.058,456.9,0.262,0.003,57.059,43.166,0,0.542,0.405,0.017,0.12,0.689,7.61,15.273,-4.89e-4,0,-0.054,0.293,0.347,0.425,865.959,0.001,335.236,0.034,6.4,32.17
17.873,21.745,2643.058,456.9,0.262,0.003,57.042,43.166,0,0.542,0.404,0.017,0.12,0.688,7.641,15.266,1.04e-4,0,-0.051,0.289,0.339,0.418,865.977,0.001,335.236,0.035,6.4,32.17
17.923,21.81,2643.058,456.9,0.262,0.003,57.033,43.166,0,0.54,0.403,0.017,0.12,0.685,7.658,15.305,3.641e-4,0,-0.041,0.286,0.328,0.373,865.998,0.001,335.237,0.035,6.4,32.17
17.973,21.808,2643.058,456.9,0.262,0.003,57.033,43.166,0,0.538,0.4,0.017,0.12,0.682,7.658,15.372,3.392e-5,0,-0.028,0.287,0.315,0.307,866.021,0.001,335.238,0.036,6.4,32.17
17.993,21.786,2643.058,456.9,0.262,0.003,57.036,43.166,0,0.537,0.4,0.017,0.12,0.682,7.652,15.396,-2.964e-4,0,-0.023,0.287,0.311,0.284,866.031,0.001,335.238,0.037,6.4,32.17
18.023,21.72,2643.058,456.9,0.262,0.003,57.046,43.166,0,0.536,0.399,0.017,0.12,0.681,7.634,15.417,-3.194e-4,0,-0.018,0.29,0.307,0.271,866.047,0.001,335.239,0.037,6.4,32.17
18.069,21.565,2643.058,456.9,0.262,0.003,57.068,43.166,0,0.536,0.399,0.017,0.12,0.682,7.594,15.445,1.791e-4,0,-0.009,0.295,0.304,0.261,866.073,0.001,335.24,0.037,6.4,32.17
18.119,21.346,2643.058,456.9,0.262,0.003,57.1,43.166,0,0.535,0.398,0.017,0.12,0.682,7.536,15.496,-1.989e-4,0,0.003,0.303,0.3,0.233,866.103,0.001,335.241,0.038,6.4,32.17
18.169,21.105,2643.058,456.9,0.262,0.003,57.136,43.166,0,0.533,0.396,0.017,0.12,0.681,7.473,15.578,-4.669e-4,0,0.016,0.311,0.295,0.18,866.136,0.001,335.242,0.038,6.4,32.17
18.219,20.813,2643.058,456.9,0.262,0.003,57.179,43.166,0,0.532,0.395,0.017,0.12,0.681,7.398,15.653,-2.712e-4,0,0.029,0.321,0.292,0.138,866.171,0.001,335.244,0.039,6.4,32.17
18.269,20.465,2643.058,456.9,0.262,0.003,57.232,43.166,0,0.532,0.395,0.017,0.12,0.683,7.309,15.727,-1.969e-4,0,0.041,0.333,0.292,0.104,866.209,0.001,335.245,0.04,6.4,32.17
18.319,20.103,2643.058,456.9,0.262,0.003,57.287,43.166,0,0.532,0.395,0.017,0.12,0.685,7.218,15.803,-3.921e-4,0,0.053,0.346,0.293,0.071,866.249,0.001,335.247,0.04,6.4,32.17
18.368,19.795,2643.058,456.9,0.262,0.003,57.336,43.166,0,0.532,0.395,0.017,0.12,0.686,7.098,15.677,-2.862e-4,0,0.056,0.35,0.294,0.036,866.291,0.001,335.248,0.041,6.4,32.17
18.416,19.543,2643.058,456.9,0.262,0.003,57.375,43.166,0,0.532,0.395,0.017,0.12,0.687,6.982,15.489,6.944e-5,0,0.055,0.35,0.295,0.011,866.335,0.001,335.25,0.042,6.4,32.17
18.464,19.267,2643.058,456.9,0.262,0.003,57.42,43.166,0,0.532,0.395,0.017,0.12,0.688,6.856,15.267,-2.383e-4,0,0.053,0.35,0.296,9.677e-4,866.381,0.001,335.251,0.043,6.4,32.17
18.512,19.101,2643.058,456.9,0.262,0.003,57.447,43.166,0,0.532,0.395,0.017,0.12,0.689,6.78,15.132,-1.51e-4,0,0.053,0.35,0.297,-0.003,866.429,0.001,335.253,0.044,6.4,32.17
18.561,18.892,2643.058,456.9,0.262,0.003,57.481,43.166,0,0.532,0.395,0.017,0.12,0.689,6.686,14.969,4.907e-4,0,0.051,0.35,0.299,-0.016,866.48,0.001,335.255,0.045,6.4,32.17
18.609,18.852,2643.058,456.9,0.262,0.003,57.487,43.166,0,0.532,0.395,0.017,0.12,0.689,6.668,14.962,-1.547e-4,0,0.05,0.35,0.3,-0.042,866.533,0.001,335.257,0.045,6.4,32.17
18.658,18.894,2643.058,456.9,0.262,0.003,57.481,43.166,0,0.532,0.395,0.017,0.12,0.689,6.687,15.031,4.593e-4,0,0.049,0.35,0.301,-0.076,866.589,0.001,335.259,0.046,6.4,32.17
18.707,19.105,2643.058,456.9,0.262,0.003,57.446,43.166,0,0.532,0.395,0.017,0.12,0.689,6.782,15.249,1.207e-4,0,0.048,0.35,0.301,-0.116,866.649,0.001,335.261,0.047,6.4,32.17
18.757,19.505,2643.058,456.9,0.262,0.003,57.382,43.166,0,0.532,0.395,0.017,0.12,0.687,6.965,15.624,3.987e-4,0,0.048,0.35,0.302,-0.154,866.711,0.001,335.264,0.048,6.4,32.17
18.804,20.095,2643.058,456.9,0.262,0.003,57.29,43.166,0,0.532,0.395,0.017,0.12,0.685,7.216,16.057,3.427e-4,0,0.045,0.346,0.301,-0.18,866.773,0.001,335.266,0.05,6.4,32.17
18.845,20.163,2643.058,456.9,0.262,0.003,57.279,43.166,0,0.532,0.395,0.017,0.12,0.685,7.233,16.054,6.315e-5,0,0.041,0.344,0.303,-0.185,866.828,0.001,335.268,0.05,6.4,32.17
18.883,20.437,2643.058,456.9,0.262,0.003,57.237,43.166,0,0.532,0.395,0.017,0.12,0.683,7.302,16.023,1.671e-4,0,0.032,0.335,0.302,-0.186,866.88,0.001,335.27,0.051,6.4,32.17
18.919,20.788,2643.058,456.9,0.262,0.003,57.184,43.166,0,0.532,0.395,0.017,0.12,0.682,7.392,15.977,2.71e-4,0,0.022,0.322,0.301,-0.181,866.932,0.001,335.272,0.052,6.4,32.17
18.953,21.119,2643.058,456.9,0.262,0.003,57.135,43.166,0,0.532,0.395,0.017,0.12,0.68,7.477,15.928,6.27e-5,0,0.013,0.311,0.298,-0.17,866.982,0.001,335.274,0.053,6.4,32.17
18.986,20.92,2643.058,456.9,0.262,0.003,57.165,43.166,0,0.532,0.395,0.017,0.12,0.681,7.426,15.936,-3.627e-4,0,0.021,0.318,0.297,-0.155,867.031,0.001,335.275,0.053,6.4,32.17
19.018,21.027,2643.058,456.9,0.262,0.003,57.149,43.166,0,0.533,0.395,0.017,0.12,0.681,7.454,15.908,7.668e-5,0,0.018,0.314,0.296,-0.138,867.081,0.001,335.277,0.054,6.4,32.17
19.05,21.349,2643.058,456.9,0.262,0.003,57.102,43.166,0,0.533,0.395,0.017,0.12,0.679,7.537,15.853,4.981e-4,0,0.01,0.303,0.293,-0.12,867.131,0.001,335.279,0.055,6.4,32.17
19.081,21.304,2643.058,456.9,0.262,0.003,57.108,43.166,0,0.533,0.395,0.017,0.12,0.679,7.526,15.84,4.241e-5,0,0.014,0.304,0.291,-0.101,867.181,0.001,335.281,0.055,6.4,32.17
19.112,21.272,2643.058,456.9,0.262,0.003,57.113,43.166,0,0.533,0.395,0.017,0.12,0.679,7.517,15.824,-4.741e-4,0,0.016,0.305,0.289,-0.083,867.232,0.001,335.283,0.056,6.4,32.17
19.144,21.279,2643.058,456.9,0.262,0.003,57.112,43.166,0,0.533,0.395,0.017,0.12,0.679,7.519,15.805,-2.721e-4,0,0.018,0.305,0.287,-0.064,867.284,0.001,335.285,0.057,6.4,32.17
19.175,20.983,2643.058,456.9,0.262,0.003,57.156,43.166,0,0.533,0.395,0.018,0.12,0.681,7.442,15.822,-4.634e-4,0,0.029,0.315,0.287,-0.047,867.337,0.001,335.287,0.057,6.4,32.17
19.206,20.638,2643.058,456.9,0.262,0.003,57.208,43.166,0,0.533,0.395,0.018,0.12,0.683,7.354,15.848,4.262e-4,0,0.04,0.328,0.288,-0.032,867.392,0.001,335.289,0.058,6.4,32.17
19.239,20.536,2643.058,456.9,0.262,0.003,57.223,43.166,0,0.533,0.395,0.018,0.12,0.683,7.328,15.846,-1.233e-5,0,0.043,0.331,0.288,-0.019,867.449,0.001,335.291,0.059,6.4,32.17
19.272,20.129,2643.058,456.9,0.262,0.003,57.286,43.166,0,0.533,0.395,0.018,0.12,0.685,7.225,15.885,4.863e-4,0,0.055,0.345,0.291,-0.009,867.509,0.001,335.293,0.06,6.4,32.17
19.306,19.584,2643.058,456.9,0.262,0.003,57.371,43.166,0,0.533,0.395,0.018,0.12,0.688,7.001,15.542,-3.32e-4,0,0.055,0.35,0.295,-0.003,867.572,0.001,335.296,0.06,6.4,32.17
19.342,19.288,2643.058,456.9,0.262,0.003,57.419,43.166,0,0.533,0.395,0.018,0.12,0.689,6.866,15.29,2.87e-4,0,0.053,0.35,0.297,-5.577e-5,867.638,0.001,335.298,0.061,6.4,32.17
19.374,18.785,2643.058,456.9,0.262,0.003,57.501,43.166,0,0.533,0.395,0.018,0.121,0.69,6.638,14.866,7.894e-5,0,0.05,0.35,0.3,0.001,867.701,0.001,335.3,0.062,6.4,32.17
19.405,18.203,2643.058,456.9,0.262,0.003,57.598,43.166,0,0.533,0.395,0.018,0.121,0.692,6.377,14.374,1.502e-4,0,0.048,0.35,0.302,0.004,867.761,0.001,335.303,0.063,6.4,32.17
19.435,17.612,2643.058,456.9,0.262,0.003,57.699,43.166,0,0.533,0.395,0.018,0.121,0.692,6.115,13.877,7.108e-6,0,0.046,0.35,0.304,0.009,867.819,0.001,335.305,0.064,6.4,32.17
19.463,16.884,2643.058,456.9,0.262,0.003,57.828,43.166,0,0.533,0.395,0.018,0.121,0.693,5.797,13.265,-3.024e-4,0,0.044,0.35,0.306,0.014,867.876,0.001,335.307,0.064,6.4,32.17
19.492,16.013,2643.058,456.9,0.262,0.003,57.987,43.166,0,0.533,0.395,0.018,0.121,0.691,5.424,12.541,-2.12e-4,0,0.042,0.35,0.308,0.019,867.934,0.001,335.309,0.065,6.4,32.17
19.52,15.103,2643.058,456.9,0.262,0.003,58.161,43.166,0,0.533,0.395,0.018,0.121,0.687,5.041,11.789,1.472e-4,0,0.04,0.35,0.31,0.021,867.993,0.001,335.311,0.065,6.4,32.17
19.549,14.172,2643.058,456.9,0.262,0.003,58.346,43.166,0,0.533,0.395,0.018,0.121,0.681,4.658,11.026,-2.385e-4,0,0.038,0.35,0.312,0.022,868.054,0.001,335.313,0.066,6.4,32.17
19.58,13.462,2643.058,456.9,0.262,0.003,58.493,43.166,0,0.533,0.395,0.018,0.121,0.675,4.372,10.449,5.214e-5,0,0.037,0.35,0.313,0.021,868.119,0.001,335.316,0.067,6.4,32.17
19.611,12.819,2643.058,456.9,0.262,0.003,58.629,43.166,0,0.533,0.395,0.018,0.121,0.669,4.118,9.931,4.187e-4,0,0.036,0.35,0.314,0.018,868.187,0.001,335.318,0.068,6.4,32.17
19.644,12.289,2643.058,456.9,0.262,0.003,58.745,43.166,0,0.533,0.395,0.018,0.121,0.663,3.911,9.507,-1.945e-5,0,0.035,0.35,0.315,0.014,868.26,0.001,335.321,0.069,6.4,32.17
19.68,11.505,2643.058,456.9,0.262,0.003,58.922,43.166,0,0.533,0.395,0.018,0.121,0.654,3.611,8.883,-2.602e-4,0,0.034,0.35,0.316,0.007,868.339,0.001,335.324,0.069,6.4,32.17
19.72,10.883,2643.058,456.9,0.262,0.003,59.067,43.166,0,0.533,0.395,0.018,0.121,0.646,3.378,8.392,-3.63e-4,0,0.033,0.35,0.317,7.163e-4,868.43,0.001,335.327,0.07,6.4,32.17
19.764,10.534,2643.058,456.9,0.262,0.003,59.15,43.166,0,0.533,0.395,0.018,0.121,0.641,3.249,8.116,2.241e-4,0,0.032,0.35,0.318,-0.001,868.532,0.001,335.331,0.072,6.4,32.17
19.805,10.404,2643.058,456.9,0.262,0.003,59.182,43.166,0,0.533,0.395,0.018,0.121,0.64,3.201,8.019,-7.471e-5,0,0.03,0.35,0.319,-0.008,868.628,0.001,335.335,0.073,6.4,32.17
19.84,10.491,2643.058,456.9,0.262,0.003,59.161,43.166,0,0.533,0.395,0.018,0.121,0.641,3.233,8.098,1.106e-4,0,0.03,0.35,0.32,-0.018,868.714,0.001,335.338,0.074,6.4,32.17
19.874,10.703,2643.058,456.9,0.262,0.003,59.111,43.166,0,0.533,0.395,0.018,0.121,0.644,3.311,8.275,4.525e-4,0,0.029,0.35,0.321,-0.026,868.795,0.001,335.341,0.075,6.4,32.17
19.906,10.985,2643.058,456.9,0.262,0.003,59.044,43.166,0,0.533,0.395,0.018,0.121,0.648,3.416,8.505,2.905e-4,0,0.028,0.35,0.322,-0.031,868.874,0.001,335.344,0.075,6.4,32.17
19.937,11.33,2643.058,456.9,0.262,0.003,58.964,43.166,0,0.533,0.395,0.018,0.121,0.652,3.545,8.784,-2.536e-5,0,0.027,0.35,0.322,-0.033,868.953,0.001,335.347,0.076,6.4,32.17
19.969,11.742,2643.058,456.9,0.262,0.003,58.87,43.166,0,0.534,0.395,0.018,0.121,0.657,3.701,9.114,4.112e-4,0,0.027,0.35,0.323,-0.032,869.033,0.001,335.35,0.077,6.4,32.17
20.002,12.202,2643.058,456.9,0.262,0.003,58.766,43.166,0,0.534,0.395,0.018,0.121,0.663,3.878,9.48,2.838e-4,0,0.026,0.35,0.324,-0.027,869.118,0.001,335.353,0.078,6.4,32.17
20.038,12.56,2643.058,456.9,0.262,0.003,58.688,43.166,0,0.534,0.395,0.018,0.121,0.667,4.017,9.761,-3.288e-4,0,0.025,0.35,0.325,-0.019,869.211,0.001,335.356,0.079,6.4,32.17
20.068,12.75,2643.058,456.9,0.262,0.003,58.647,43.166,0,0.534,0.395,0.018,0.121,0.669,4.091,9.906,3.624e-5,0,0.025,0.35,0.325,-0.011,869.29,0.001,335.359,0.08,6.4,32.17
20.095,12.826,2643.058,456.9,0.262,0.003,58.63,43.166,0,0.534,0.395,0.018,0.121,0.67,4.121,9.962,-1.932e-4,0,0.024,0.35,0.326,-0.006,869.361,0.001,335.362,0.08,6.4,32.17
20.12,13.029,2643.058,456.9,0.262,0.003,58.587,43.166,0,0.534,0.395,0.018,0.121,0.672,4.201,10.124,2.251e-5,0,0.024,0.35,0.326,-0.002,869.428,0.001,335.364,0.081,6.4,32.17
20.143,13.221,2643.058,456.9,0.262,0.003,58.546,43.166,0,0.534,0.395,0.018,0.121,0.674,4.277,10.278,-2.3e-4,0,0.023,0.35,0.327,-5e-4,869.49,0.001,335.367,0.081,6.4,32.17
20.165,13.28,2643.058,456.9,0.262,0.003,58.534,43.166,0,0.534,0.395,0.018,0.121,0.674,4.3,10.325,3.784e-4,0,0.022,0.35,0.328,2.263e-5,869.55,0.001,335.369,0.082,6.4,32.17
20.186,13.255,2643.058,456.9,0.262,0.003,58.539,43.166,0,0.534,0.395,0.018,0.121,0.674,4.29,10.304,-4.015e-4,0,0.022,0.35,0.328,0.001,869.608,0.001,335.371,0.082,6.4,32.17
20.207,13.186,2643.058,456.9,0.262,0.003,58.554,43.166,0,0.534,0.395,0.018,0.121,0.673,4.263,10.246,2.379e-4,0,0.021,0.35,0.329,0.003,869.666,0.001,335.373,0.083,6.4,32.17
20.228,13.08,2643.058,456.9,0.262,0.003,58.576,43.166,0,0.534,0.395,0.018,0.121,0.672,4.221,10.156,-2.452e-5,0,0.021,0.35,0.329,0.007,869.723,0.001,335.375,0.083,6.4,32.17
20.249,12.928,2643.058,456.9,0.262,0.003,58.609,43.166,0,0.534,0.395,0.018,0.121,0.671,4.161,10.029,3.266e-4,0,0.021,0.35,0.329,0.012,869.782,0.001,335.377,0.084,6.4,32.17
20.27,12.752,2643.058,456.9,0.262,0.003,58.647,43.166,0,0.534,0.395,0.018,0.121,0.669,4.092,9.881,-1.718e-5,0,0.02,0.35,0.33,0.017,869.842,0.001,335.38,0.084,6.4,32.17
20.292,12.531,2643.058,456.9,0.262,0.003,58.695,43.166,0,0.534,0.395,0.018,0.121,0.667,4.006,9.696,-2.018e-6,0,0.02,0.35,0.33,0.023,869.903,0.001,335.382,0.085,6.4,32.17
20.315,12.29,2643.058,456.9,0.262,0.003,58.748,43.166,0,0.534,0.395,0.018,0.121,0.664,3.912,9.495,-4.558e-4,0,0.02,0.35,0.33,0.029,869.968,0.001,335.384,0.085,6.4,32.17
20.339,12.016,2643.058,456.9,0.262,0.003,58.81,43.166,0,0.534,0.395,0.018,0.121,0.661,3.806,9.269,2.095e-4,0,0.019,0.35,0.331,0.035,870.038,0.001,335.387,0.086,6.4,32.17
20.365,11.608,2643.058,456.9,0.262,0.003,58.902,43.166,0,0.534,0.395,0.018,0.121,0.656,3.651,8.936,6.023e-5,0,0.019,0.35,0.331,0.04,870.114,0.001,335.39,0.087,6.4,32.17
20.395,11.059,2643.058,456.9,0.262,0.003,59.029,43.166,0,0.534,0.395,0.019,0.121,0.649,3.444,8.493,-5.886e-5,0,0.019,0.35,0.331,0.043,870.202,0.001,335.393,0.087,6.4,32.17
20.424,10.541,2643.058,456.9,0.262,0.003,59.152,43.166,0,0.534,0.395,0.019,0.121,0.643,3.252,8.081,-2.65e-4,0,0.018,0.35,0.332,0.041,870.286,0.001,335.396,0.088,6.4,32.17
20.45,10.087,2643.058,456.9,0.262,0.003,59.262,43.166,0,0.534,0.395,0.019,0.121,0.636,3.086,7.725,-4.448e-4,0,0.018,0.35,0.332,0.036,870.365,0.001,335.399,0.089,6.4,32.17
20.476,9.658,2643.058,456.9,0.262,0.003,59.369,43.166,0,0.534,0.395,0.019,0.121,0.631,2.931,7.393,9.38e-5,0,0.018,0.35,0.332,0.027,870.442,0.001,335.402,0.089,6.4,32.17
20.501,9.309,2643.058,456.9,0.262,0.003,59.456,43.166,0,0.534,0.395,0.019,0.121,0.626,2.807,7.127,-4.029e-4,0,0.018,0.35,0.332,0.017,870.518,0.001,335.405,0.09,6.4,32.17
20.526,9.071,2643.058,456.9,0.262,0.003,59.517,43.166,0,0.534,0.395,0.019,0.121,0.622,2.723,6.948,1.925e-4,0,0.018,0.35,0.332,0.008,870.594,0.001,335.407,0.091,6.4,32.17
20.552,8.949,2643.058,456.9,0.262,0.003,59.549,43.166,0,0.534,0.395,0.019,0.121,0.621,2.68,6.858,-4.62e-4,0,0.018,0.35,0.332,0.002,870.674,0.001,335.41,0.091,6.4,32.17
20.579,9.039,2643.058,456.9,0.262,0.003,59.526,43.166,0,0.534,0.395,0.019,0.121,0.622,2.711,6.93,1.819e-5,0,0.017,0.35,0.333,-1.6e-5,870.758,0.001,335.413,0.092,6.4,32.17
20.608,9.236,2643.058,456.9,0.262,0.003,59.476,43.166,0,0.534,0.395,0.019,0.121,0.625,2.781,7.089,-4.147e-5,0,0.017,0.35,0.333,-0.003,870.849,0.001,335.417,0.093,6.4,32.17
20.641,9.539,2643.058,456.9,0.262,0.003,59.399,43.166,0,0.534,0.394,0.019,0.121,0.629,2.889,7.336,-4.189e-4,0,0.017,0.35,0.333,-0.009,870.953,0.001,335.421,0.094,6.4,32.17
20.668,9.867,2643.058,456.9,0.262,0.003,59.318,43.166,0,0.534,0.394,0.019,0.121,0.634,3.007,7.602,-3.258e-4,0,0.017,0.35,0.334,-0.015,871.039,0.001,335.424,0.094,6.4,32.17
20.692,10.191,2643.058,456.9,0.262,0.003,59.238,43.166,0,0.534,0.394,0.019,0.121,0.638,3.124,7.864,1.983e-4,0,0.016,0.35,0.334,-0.019,871.114,0.001,335.427,0.095,6.4,32.17
20.713,10.493,2643.058,456.9,0.262,0.003,59.165,43.166,0,0.535,0.394,0.019,0.121,0.642,3.234,8.106,3.019e-4,0,0.016,0.35,0.334,-0.021,871.182,0.001,335.429,0.096,6.4,32.17
20.733,10.775,2643.058,456.9,0.262,0.003,59.098,43.166,0,0.535,0.394,0.019,0.121,0.646,3.339,8.332,4.685e-4,0,0.016,0.35,0.334,-0.022,871.247,0.001,335.432,0.096,6.4,32.17
20.752,11.041,2643.058,456.9,0.262,0.003,59.036,43.166,0,0.535,0.394,0.019,0.121,0.65,3.438,8.544,-2.316e-4,0,0.016,0.35,0.334,-0.021,871.308,0.001,335.434,0.097,6.4,32.17
20.77,11.291,2643.058,456.9,0.262,0.003,58.977,43.166,0,0.535,0.394,0.019,0.121,0.653,3.531,8.743,4.382e-4,0,0.016,0.35,0.334,-0.019,871.369,0.001,335.436,0.097,6.4,32.17
20.788,11.513,2643.058,456.9,0.262,0.003,58.926,43.166,0,0.535,0.394,0.019,0.121,0.656,3.615,8.918,2.593e-4,0,0.016,0.35,0.334,-0.016,871.428,0.001,335.438,0.097,6.4,32.17
20.806,11.708,2643.058,456.9,0.262,0.003,58.882,43.166,0,0.535,0.394,0.019,0.121,0.658,3.689,9.072,4.597e-4,0,0.015,0.35,0.335,-0.012,871.487,0.001,335.441,0.098,6.4,32.17
20.824,11.872,2643.058,456.9,0.262,0.003,58.845,43.166,0,0.535,0.394,0.019,0.121,0.66,3.752,9.2,1.103e-4,0,0.015,0.35,0.335,-0.009,871.547,0.001,335.443,0.098,6.4,32.17
20.842,11.997,2643.058,456.9,0.262,0.003,58.817,43.166,0,0.535,0.394,0.019,0.121,0.662,3.8,9.298,2.398e-4,0,0.015,0.35,0.335,-0.006,871.608,0.001,335.445,0.099,6.4,32.17
20.861,12.081,2643.058,456.9,0.262,0.003,58.798,43.166,0,0.535,0.394,0.019,0.121,0.663,3.832,9.362,1.393e-4,0,0.015,0.35,0.335,-0.003,871.671,0.001,335.447,0.099,6.4,32.17
20.881,12.114,2643.058,456.9,0.262,0.003,58.791,43.166,0,0.535,0.394,0.019,0.121,0.663,3.845,9.387,-4.193e-4,0,0.014,0.35,0.336,-9.564e-4,871.736,0.001,335.45,0.1,6.4,32.17
20.901,12.088,2643.058,456.9,0.262,0.003,58.797,43.166,0,0.535,0.394,0.019,0.121,0.663,3.835,9.366,-7.962e-5,0,0.014,0.35,0.336,-3.364e-5,871.806,0.001,335.452,0.1,6.4,32.17
20.923,11.994,2643.058,456.9,0.262,0.003,58.818,43.166,0,0.535,0.394,0.019,0.121,0.662,3.799,9.29,3.117e-4,0,0.014,0.35,0.336,4.178e-4,871.88,0.001,335.455,0.101,6.4,32.17
20.943,11.848,2643.058,456.9,0.262,0.003,58.851,43.166,0,0.535,0.394,0.019,0.121,0.66,3.743,9.171,4.985e-4,0,0.014,0.35,0.336,0.002,871.948,0.001,335.458,0.101,6.4,32.17
20.961,11.668,2643.058,456.9,0.262,0.003,58.892,43.166,0,0.535,0.394,0.019,0.121,0.658,3.674,9.024,-8.758e-5,0,0.014,0.35,0.337,0.004,872.013,0.001,335.46,0.102,6.4,32.17
20.979,11.461,2643.058,456.9,0.262,0.003,58.939,43.166,0,0.535,0.394,0.019,0.121,0.655,3.596,8.855,4.645e-5,0,0.014,0.35,0.337,0.007,872.075,0.001,335.462,0.102,6.4,32.17
20.997,11.229,2643.058,456.9,0.262,0.003,58.993,43.166,0,0.535,0.394,0.019,0.121,0.653,3.508,8.667,3.278e-4,0,0.013,0.35,0.337,0.009,872.135,0.001,335.464,0.103,6.4,32.17
21.014,10.933,2643.058,456.9,0.262,0.003,59.062,43.166,0,0.535,0.394,0.019,0.121,0.649,3.398,8.426,-3.745e-5,0,0.013,0.35,0.337,0.012,872.194,0.001,335.467,0.103,6.4,32.17
21.03,10.595,2643.058,456.9,0.262,0.003,59.143,43.166,0,0.535,0.394,0.019,0.121,0.644,3.272,8.153,4.742e-4,0,0.013,0.35,0.337,0.016,872.253,0.001,335.469,0.103,6.4,32.17
21.047,10.223,2643.058,456.9,0.262,0.003,59.233,43.166,0,0.535,0.394,0.019,0.121,0.639,3.136,7.854,-8.997e-5,0,0.013,0.35,0.338,0.019,872.313,0.001,335.471,0.104,6.4,32.17
21.065,9.869,2643.058,456.9,0.262,0.003,59.32,43.166,0,0.535,0.394,0.019,0.121,0.635,3.007,7.57,-6.342e-5,0,0.013,0.35,0.338,0.02,872.375,0.001,335.473,0.104,6.4,32.17
21.083,9.506,2643.058,456.9,0.262,0.003,59.41,43.166,0,0.535,0.394,0.019,0.121,0.63,2.877,7.283,2.978e-4,0,0.013,0.35,0.338,0.02,872.438,0.001,335.476,0.104,6.4,32.17
21.101,9.132,2643.058,456.9,0.262,0.003,59.505,43.166,0,0.535,0.394,0.019,0.121,0.624,2.745,6.988,3.579e-4,0,0.012,0.35,0.338,0.019,872.504,0.001,335.478,0.105,6.4,32.17
21.12,8.78,2643.058,456.9,0.262,0.003,59.596,43.166,0,0.535,0.394,0.019,0.121,0.619,2.621,6.714,-2.975e-4,0,0.013,0.35,0.338,0.015,872.574,0.001,335.481,0.105,6.4,32.17
21.141,8.438,2643.058,456.9,0.262,0.003,59.686,43.166,0,0.535,0.394,0.019,0.121,0.615,2.503,6.449,1.923e-5,0,0.013,0.35,0.338,0.011,872.649,0.001,335.484,0.106,6.4,32.17
21.164,8.051,2643.058,456.9,0.262,0.003,59.79,43.166,0,0.535,0.394,0.019,0.121,0.609,2.37,6.15,-2.678e-4,0,0.012,0.35,0.338,0.006,872.732,0.001,335.487,0.107,6.4,32.17
21.191,7.635,2643.058,456.9,0.262,0.003,59.903,43.166,0,0.535,0.394,0.019,0.121,0.603,2.229,5.828,1.115e-4,0,0.012,0.35,0.338,0.002,872.83,0.001,335.49,0.107,6.4,32.17
21.219,7.415,2643.058,456.9,0.262,0.003,59.964,43.166,0,0.535,0.394,0.019,0.122,0.6,2.156,5.658,-1.686e-4,0,0.012,0.35,0.338,-1.322e-4,872.934,0.001,335.494,0.108,6.4,32.17
21.243,7.396,2643.058,456.9,0.262,0.003,59.969,43.166,0,0.535,0.394,0.02,0.122,0.6,2.149,5.645,1.989e-4,0,0.012,0.35,0.338,-0.003,873.025,0.001,335.497,0.109,6.4,32.17
21.266,7.463,2643.058,456.9,0.262,0.003,59.951,43.166,0,0.535,0.394,0.02,0.122,0.601,2.172,5.704,-4.73e-4,0,0.012,0.35,0.338,-0.009,873.109,0.001,335.501,0.109,6.4,32.17
21.287,7.601,2643.058,456.9,0.262,0.003,59.913,43.166,0,0.536,0.394,0.02,0.122,0.603,2.218,5.819,3.731e-4,0,0.012,0.35,0.338,-0.015,873.189,0.001,335.504,0.11,6.4,32.17
21.308,7.816,2643.058,456.9,0.262,0.003,59.854,43.166,0,0.536,0.394,0.02,0.122,0.606,2.29,5.992,-3.832e-4,0,0.012,0.35,0.339,-0.021,873.269,0.001,335.506,0.11,6.4,32.17
21.329,8.1,2643.058,456.9,0.262,0.003,59.778,43.166,0,0.536,0.394,0.02,0.122,0.61,2.387,6.219,-4.006e-4,0,0.012,0.35,0.339,-0.025,873.348,0.001,335.509,0.111,6.4,32.17
21.35,8.406,2643.058,456.9,0.262,0.003,59.696,43.166,0,0.536,0.394,0.02,0.122,0.615,2.492,6.462,-2.023e-4,0,0.012,0.35,0.339,-0.026,873.43,0.001,335.512,0.111,6.4,32.17
21.373,8.686,2643.058,456.9,0.262,0.003,59.623,43.166,0,0.536,0.394,0.02,0.122,0.619,2.589,6.68,-2.457e-4,0,0.012,0.35,0.339,-0.025,873.515,0.001,335.516,0.112,6.4,32.17
21.396,8.964,2643.058,456.9,0.262,0.003,59.551,43.166,0,0.536,0.394,0.02,0.122,0.623,2.686,6.897,2.374e-4,0,0.011,0.35,0.339,-0.021,873.607,0.001,335.519,0.112,6.4,32.17
21.418,9.201,2643.058,456.9,0.262,0.003,59.49,43.166,0,0.536,0.394,0.02,0.122,0.626,2.769,7.08,-1.461e-4,0,0.011,0.35,0.339,-0.017,873.69,0.001,335.522,0.113,6.4,32.17
21.436,9.375,2643.058,456.9,0.262,0.003,59.446,43.166,0,0.536,0.394,0.02,0.122,0.629,2.831,7.213,-4.145e-4,0,0.011,0.35,0.339,-0.013,873.763,0.001,335.525,0.114,6.4,32.17
21.454,9.497,2643.058,456.9,0.262,0.003,59.415,43.166,0,0.536,0.394,0.02,0.122,0.63,2.874,7.306,-2.561e-5,0,0.011,0.35,0.339,-0.009,873.831,0.001,335.527,0.114,6.4,32.17
21.47,9.579,2643.058,456.9,0.262,0.003,59.395,43.166,0,0.536,0.394,0.02,0.122,0.631,2.904,7.369,-7.27e-5,0,0.011,0.35,0.339,-0.006,873.896,0.001,335.53,0.114,6.4,32.17
21.486,9.62,2643.058,456.9,0.262,0.003,59.385,43.166,0,0.536,0.394,0.02,0.122,0.632,2.918,7.399,3.636e-4,0,0.011,0.35,0.339,-0.003,873.957,0.001,335.532,0.115,6.4,32.17
21.501,9.619,2643.058,456.9,0.262,0.003,59.385,43.166,0,0.536,0.394,0.02,0.122,0.632,2.918,7.396,1.785e-4,0,0.011,0.35,0.339,-0.001,874.018,0.001,335.534,0.115,6.4,32.17
21.516,9.53,2643.058,456.9,0.262,0.003,59.408,43.166,0,0.536,0.394,0.02,0.122,0.631,2.886,7.325,2.441e-4,0,0.011,0.35,0.34,-2.967e-4,874.077,0.001,335.536,0.116,6.4,32.17
21.53,9.408,2643.058,456.9,0.262,0.003,59.438,43.166,0,0.536,0.394,0.02,0.122,0.629,2.843,7.228,4.216e-4,0,0.011,0.35,0.34,8.597e-7,874.137,0.001,335.539,0.116,6.4,32.17
21.545,9.254,2643.058,456.9,0.262,0.003,59.477,43.166,0,0.536,0.394,0.02,0.122,0.627,2.788,7.106,-1.929e-4,0,0.011,0.35,0.34,3.489e-4,874.197,0.001,335.541,0.116,6.4,32.17
21.561,9.1,2643.058,456.9,0.262,0.003,59.517,43.166,0,0.536,0.394,0.02,0.122,0.625,2.734,6.983,-3.169e-4,0,0.01,0.35,0.34,0.001,874.259,0.001,335.543,0.117,6.4,32.17
21.576,8.923,2643.058,456.9,0.262,0.003,59.563,43.166,0,0.536,0.394,0.02,0.122,0.623,2.672,6.842,-1.01e-4,0,0.01,0.35,0.34,0.003,874.322,0.001,335.545,0.117,6.4,32.17
21.593,8.704,2643.058,456.9,0.262,0.003,59.62,43.166,0,0.536,0.394,0.02,0.122,0.619,2.595,6.666,-3.469e-4,0,0.01,0.35,0.34,0.005,874.388,0.001,335.548,0.117,6.4,32.17
21.61,8.422,2643.058,456.9,0.262,0.003,59.694,43.166,0,0.536,0.394,0.02,0.122,0.615,2.498,6.443,-1.017e-4,0,0.01,0.35,0.34,0.007,874.458,0.001,335.551,0.118,6.4,32.17
21.628,8.076,2643.058,456.9,0.262,0.003,59.786,43.166,0,0.536,0.394,0.02,0.122,0.611,2.379,6.168,-1.548e-4,0,0.01,0.35,0.34,0.01,874.534,0.001,335.553,0.118,6.4,32.17
21.649,7.666,2643.058,456.9,0.262,0.003,59.898,43.166,0,0.536,0.394,0.02,0.122,0.605,2.24,5.845,2.839e-4,0,0.01,0.35,0.34,0.012,874.618,0.001,335.556,0.119,6.4,32.17
21.672,7.18,2643.058,456.9,0.262,0.003,60.033,43.166,0,0.536,0.394,0.02,0.122,0.598,2.078,5.463,-3.014e-4,0,0.01,0.35,0.34,0.013,874.717,0.001,335.56,0.12,6.4,32.17
21.696,6.713,2643.058,456.9,0.262,0.003,60.165,43.166,0,0.536,0.394,0.02,0.122,0.592,1.925,5.1,3.959e-4,0,0.01,0.35,0.34,0.012,874.815,0.001,335.564,0.12,6.4,32.17
21.718,6.31,2643.058,456.9,0.262,0.003,60.282,43.166,0,0.536,0.394,0.02,0.122,0.586,1.794,4.79,1.214e-4,0,0.01,0.35,0.341,0.009,874.908,0.001,335.567,0.121,6.4,32.17
21.74,5.982,2643.058,456.9,0.262,0.003,60.379,43.166,0,0.536,0.394,0.02,0.122,0.582,1.69,4.539,-1.138e-4,0,0.01,0.35,0.341,0.005,874.999,0.001,335.571,0.121,6.4,32.17
21.762,5.742,2643.058,456.9,0.262,0.003,60.451,43.166,0,0.536,0.394,0.02,0.122,0.579,1.614,4.357,-2.483e-5,0,0.01,0.35,0.341,0.002,875.091,0.001,335.574,0.122,6.4,32.17
21.784,5.6,2643.058,456.9,0.262,0.003,60.494,43.166,0,0.537,0.394,0.02,0.122,0.577,1.569,4.249,3.619e-4,0,0.01,0.35,0.341,1.246e-5,875.188,0.001,335.578,0.122,6.4,32.17
21.809,5.593,2643.058,456.9,0.262,0.003,60.496,43.166,0,0.537,0.394,0.02,0.122,0.577,1.567,4.245,7.749e-7,0,0.01,0.35,0.341,-0.001,875.292,0.001,335.581,0.123,6.4,32.17
21.836,5.794,2643.058,456.9,0.262,0.003,60.436,43.166,0,0.537,0.394,0.02,0.122,0.58,1.63,4.406,-2.804e-4,0,0.009,0.35,0.341,-0.006,875.412,0.001,335.586,0.124,6.4,32.17
21.863,6.117,2643.058,456.9,0.262,0.003,60.34,43.166,0,0.537,0.394,0.02,0.122,0.584,1.733,4.661,-3.138e-4,0,0.009,0.35,0.341,-0.011,875.529,0.001,335.59,0.124,6.4,32.17
21.885,6.417,2643.058,456.9,0.262,0.003,60.252,43.166,0,0.537,0.394,0.02,0.122,0.588,1.829,4.896,-3.294e-4,0,0.009,0.35,0.341,-0.013,875.623,0.001,335.594,0.125,6.4,32.17
21.905,6.691,2643.058,456.9,0.262,0.003,60.174,43.166,0,0.537,0.394,0.021,0.122,0.592,1.918,5.109,-4.246e-4,0,0.009,0.35,0.341,-0.013,875.708,0.001,335.597,0.126,6.4,32.17
21.923,6.917,2643.058,456.9,0.262,0.003,60.109,43.166,0,0.537,0.394,0.021,0.122,0.595,1.991,5.284,-4.165e-5,0,0.009,0.35,0.341,-0.012,875.787,0.001,335.6,0.126,6.4,32.17
21.94,7.117,2643.058,456.9,0.262,0.003,60.053,43.166,0,0.537,0.394,0.021,0.122,0.598,2.057,5.437,-4.819e-4,0,0.009,0.35,0.341,-0.01,875.863,0.001,335.603,0.126,6.4,32.17
21.957,7.304,2643.058,456.9,0.262,0.003,60.001,43.166,0,0.537,0.394,0.021,0.122,0.601,2.119,5.582,-2.331e-4,0,0.009,0.35,0.341,-0.008,875.938,0.001,335.605,0.127,6.4,32.17
21.974,7.483,2643.058,456.9,0.262,0.003,59.951,43.166,0,0.537,0.394,0.021,0.122,0.603,2.179,5.72,3.622e-4,0,0.009,0.351,0.342,-0.005,876.013,0.001,335.608,0.127,6.4,32.17
21.991,7.628,2643.058,456.9,0.262,0.003,59.911,43.166,0,0.537,0.394,0.021,0.122,0.605,2.227,5.831,-1.794e-4,0,0.009,0.351,0.342,-0.003,876.09,0.001,335.611,0.128,6.4,32.17
22.009,7.719,2643.058,456.9,0.262,0.003,59.886,43.166,0,0.537,0.394,0.021,0.122,0.607,2.258,5.9,-4.138e-4,0,0.009,0.351,0.342,-0.001,876.168,0.001,335.614,0.128,6.4,32.17
22.027,7.748,2643.058,456.9,0.262,0.003,59.879,43.166,0,0.537,0.394,0.021,0.122,0.607,2.268,5.923,-3.243e-4,0,0.009,0.351,0.342,-3.161e-4,876.251,0.001,335.617,0.129,6.4,32.17
22.047,7.717,2643.058,456.9,0.262,0.003,59.887,43.166,0,0.537,0.394,0.021,0.122,0.607,2.257,5.898,3.741e-4,0,0.009,0.351,0.342,2.723e-5,876.341,0.001,335.62,0.129,6.4,32.17
22.067,7.698,2643.058,456.9,0.262,0.003,59.892,43.166,0,0.537,0.394,0.021,0.122,0.606,2.251,5.883,-2.975e-4,0,0.008,0.351,0.342,7.405e-4,876.429,0.001,335.623,0.13,6.4,32.17
22.084,7.64,2643.058,456.9,0.262,0.003,59.909,43.166,0,0.537,0.394,0.021,0.122,0.606,2.232,5.836,-3.688e-4,0,0.008,0.351,0.342,0.002,876.509,0.001,335.626,0.13,6.4,32.17
22.101,7.536,2643.058,456.9,0.262,0.003,59.937,43.166,0,0.537,0.394,0.021,0.122,0.604,2.197,5.752,2.602e-4,0,0.008,0.351,0.342,0.004,876.584,0.001,335.629,0.13,6.4,32.17
22.117,7.292,2643.058,456.9,0.262,0.003,60.005,43.166,0,0.537,0.394,0.021,0.122,0.601,2.116,5.56,4.412e-4,0,0.008,0.351,0.342,0.006,876.657,0.001,335.632,0.131,6.4,32.17
22.133,7.021,2643.058,456.9,0.262,0.003,60.081,43.166,0,0.537,0.394,0.021,0.122,0.597,2.026,5.346,-4.383e-4,0,0.008,0.351,0.342,0.008,876.73,0.001,335.635,0.131,6.4,32.17
22.149,6.725,2643.058,456.9,0.262,0.003,60.166,43.166,0,0.537,0.394,0.021,0.122,0.593,1.929,5.114,4.654e-4,0,0.008,0.351,0.342,0.01,876.803,0.001,335.637,0.132,6.4,32.17
22.165,6.497,2643.058,456.9,0.262,0.003,60.231,43.166,0,0.537,0.394,0.021,0.122,0.59,1.855,4.934,-2.689e-4,0,0.008,0.351,0.342,0.012,876.878,0.001,335.64,0.132,6.4,32.17
22.182,6.26,2643.058,456.9,0.262,0.003,60.301,43.166,0,0.537,0.394,0.021,0.122,0.587,1.779,4.749,-2.177e-4,0,0.008,0.351,0.343,0.012,876.956,0.001,335.643,0.133,6.4,32.17
22.199,6.007,2643.058,456.9,0.262,0.003,60.375,43.166,0,0.537,0.394,0.021,0.122,0.584,1.698,4.554,-4.486e-4,0,0.008,0.351,0.343,0.012,877.037,0.001,335.646,0.133,6.4,32.17
22.218,5.637,2643.058,456.9,0.262,0.003,60.486,43.166,0,0.537,0.394,0.021,0.122,0.579,1.581,4.269,-3.306e-4,0,0.008,0.351,0.343,0.01,877.125,0.001,335.649,0.134,6.4,32.17
22.24,5.266,2643.058,456.9,0.262,0.003,60.599,43.166,0,0.538,0.394,0.021,0.122,0.574,1.466,3.986,4.05e-4,0,0.008,0.351,0.343,0.006,877.226,0.001,335.653,0.134,6.4,32.17
22.267,4.994,2643.058,456.9,0.262,0.003,60.684,43.166,0,0.538,0.394,0.021,0.122,0.571,1.382,3.781,-1.741e-4,0,0.008,0.351,0.343,0.002,877.351,0.001,335.658,0.135,6.4,32.17
22.292,4.913,2643.058,456.9,0.262,0.003,60.709,43.166,0,0.538,0.394,0.021,0.122,0.57,1.358,3.721,-9.598e-5,0,0.008,0.351,0.343,5.494e-6,877.469,0.001,335.662,0.135,6.4,32.17
22.314,4.95,2643.058,456.9,0.262,0.003,60.698,43.166,0,0.538,0.394,0.021,0.122,0.571,1.369,3.75,-4.624e-4,0,0.008,0.351,0.343,-0.001,877.574,0.001,335.666,0.136,6.4,32.17
22.335,5.082,2643.058,456.9,0.262,0.003,60.657,43.166,0,0.538,0.394,0.021,0.122,0.572,1.409,3.855,-2.865e-4,0,0.008,0.351,0.343,-0.004,877.673,0.001,335.67,0.137,6.4,32.17
22.355,5.294,2643.058,456.9,0.262,0.003,60.592,43.166,0,0.538,0.394,0.021,0.122,0.575,1.474,4.022,2.817e-4,0,0.008,0.351,0.343,-0.008,877.77,0.001,335.673,0.137,6.4,32.17
22.376,5.56,2643.058,456.9,0.262,0.003,60.511,43.166,0,0.538,0.394,0.021,0.122,0.578,1.557,4.23,6.488e-5,0,0.008,0.351,0.343,-0.01,877.87,0.001,335.677,0.138,6.4,32.17
22.398,5.858,2643.058,456.9,0.262,0.003,60.422,43.166,0,0.538,0.394,0.021,0.122,0.582,1.651,4.462,2.751e-4,0,0.008,0.351,0.343,-0.011,877.974,0.001,335.681,0.138,6.4,32.17
22.421,6.187,2643.058,456.9,0.262,0.003,60.324,43.166,0,0.538,0.394,0.021,0.123,0.587,1.756,4.717,4.617e-4,0,0.007,0.351,0.343,-0.01,878.089,0.001,335.685,0.139,6.4,32.17
22.441,6.432,2643.058,456.9,0.262,0.003,60.253,43.166,0,0.538,0.394,0.021,0.123,0.59,1.834,4.905,4.618e-4,0,0.007,0.351,0.343,-0.008,878.183,0.001,335.688,0.139,6.4,32.17
22.458,6.603,2643.058,456.9,0.262,0.003,60.204,43.166,0,0.538,0.394,0.021,0.123,0.592,1.889,5.036,7.623e-5,0,0.007,0.351,0.343,-0.006,878.265,0.001,335.691,0.14,6.4,32.17
22.473,6.707,2643.058,456.9,0.262,0.003,60.174,43.166,0,0.538,0.394,0.021,0.123,0.594,1.923,5.115,4.439e-4,0,0.007,0.351,0.343,-0.004,878.341,0.001,335.694,0.14,6.4,32.17
22.488,6.768,2643.058,456.9,0.262,0.003,60.157,43.166,0,0.538,0.394,0.021,0.123,0.595,1.943,5.161,3.374e-4,0,0.007,0.351,0.344,-0.002,878.413,0.001,335.697,0.14,6.4,32.17
22.502,6.796,2643.058,456.9,0.262,0.003,60.149,43.166,0,0.538,0.394,0.022,0.123,0.595,1.952,5.182,-1.479e-4,0,0.007,0.351,0.344,-0.001,878.483,0.001,335.7,0.141,6.4,32.17
22.516,6.819,2643.058,456.9,0.262,0.003,60.142,43.166,0,0.538,0.394,0.022,0.123,0.595,1.96,5.198,2.109e-4,0,0.007,0.351,0.344,-3.48e-4,878.553,0.001,335.702,0.141,6.4,32.17
22.53,6.809,2643.058,456.9,0.262,0.003,60.145,43.166,0,0.538,0.394,0.022,0.123,0.595,1.957,5.191,-3.41e-4,0,0.007,0.351,0.344,-1.699e-5,878.622,0.001,335.705,0.142,6.4,32.17
22.544,6.767,2643.058,456.9,0.262,0.003,60.157,43.166,0,0.538,0.394,0.022,0.123,0.595,1.943,5.158,-3.305e-4,0,0.007,0.351,0.344,1.089e-4,878.691,0.001,335.707,0.142,6.4,32.17
22.558,6.674,2643.058,456.9,0.262,0.003,60.184,43.166,0,0.538,0.394,0.022,0.123,0.593,1.913,5.085,-6.677e-5,0,0.007,0.351,0.344,6.423e-4,878.761,0.001,335.71,0.142,6.4,32.17
22.573,6.529,2643.058,456.9,0.262,0.003,60.226,43.166,0,0.538,0.394,0.022,0.123,0.591,1.866,4.972,-1.44e-4,0,0.007,0.351,0.344,0.002,878.834,0.001,335.713,0.143,6.4,32.17
22.589,6.341,2643.058,456.9,0.262,0.003,60.281,43.166,0,0.538,0.394,0.022,0.123,0.589,1.805,4.824,-4.652e-4,0,0.007,0.351,0.344,0.003,878.911,0.001,335.715,0.143,6.4,32.17
22.605,6.103,2643.058,456.9,0.262,0.003,60.351,43.166,0,0.538,0.394,0.022,0.123,0.586,1.729,4.637,4.368e-4,0,0.007,0.351,0.344,0.005,878.994,0.001,335.719,0.143,6.4,32.17
22.624,5.809,2643.058,456.9,0.262,0.003,60.438,43.166,0,0.538,0.394,0.022,0.123,0.582,1.636,4.408,2.524e-4,0,0.007,0.351,0.344,0.006,879.087,0.001,335.722,0.144,6.4,32.17
22.645,5.434,2643.058,456.9,0.262,0.003,60.552,43.166,0,0.538,0.394,0.022,0.123,0.577,1.518,4.117,-3.53e-4,0,0.007,0.351,0.344,0.007,879.194,0.001,335.726,0.144,6.4,32.17
22.666,5.038,2643.058,456.9,0.262,0.003,60.674,43.166,0,0.539,0.394,0.022,0.123,0.573,1.396,3.811,-1.185e-4,0,0.007,0.351,0.344,0.008,879.303,0.001,335.73,0.145,6.4,32.17
22.687,4.673,2643.058,456.9,0.262,0.003,60.788,43.166,0,0.539,0.394,0.022,0.123,0.568,1.285,3.531,-4.729e-4,0,0.006,0.351,0.344,0.006,879.407,0.001,335.734,0.145,6.4,32.17
22.707,4.366,2643.058,456.9,0.262,0.003,60.886,43.166,0,0.539,0.394,0.022,0.123,0.565,1.193,3.299,-2.557e-4,0,0.006,0.351,0.344,0.004,879.51,0.001,335.738,0.146,6.4,32.17
22.728,4.157,2643.058,456.9,0.262,0.003,60.954,43.166,0,0.539,0.394,0.022,0.123,0.563,1.13,3.14,-1.489e-4,0,0.006,0.351,0.344,0.001,879.615,0.001,335.741,0.147,6.4,32.17
22.749,4.04,2643.058,456.9,0.262,0.003,60.992,43.166,0,0.539,0.394,0.022,0.123,0.562,1.096,3.053,1.511e-4,0,0.006,0.351,0.344,5.136e-6,879.727,0.001,335.746,0.147,6.4,32.17
22.773,3.939,2643.058,456.9,0.262,0.003,61.025,43.166,0,0.539,0.394,0.022,0.123,0.561,1.066,2.977,2.458e-4,0,0.006,0.351,0.344,-0.001,879.85,0.001,335.75,0.148,6.4,32.17
22.803,4.036,2643.058,456.9,0.262,0.003,60.994,43.166,0,0.539,0.394,0.022,0.123,0.562,1.095,3.055,3.025e-4,0,0.006,0.351,0.345,-0.006,880.004,0.001,335.756,0.148,6.4,32.17
22.827,4.348,2643.058,456.9,0.262,0.003,60.893,43.166,0,0.539,0.394,0.022,0.123,0.565,1.188,3.298,1.466e-6,0,0.006,0.351,0.345,-0.009,880.13,0.001,335.761,0.149,6.4,32.17
22.847,4.637,2643.058,456.9,0.262,0.003,60.801,43.166,0,0.539,0.394,0.022,0.123,0.569,1.274,3.521,1.339e-4,0,0.006,0.351,0.345,-0.01,880.236,0.001,335.764,0.15,6.4,32.17
22.866,4.873,2643.058,456.9,0.262,0.003,60.727,43.166,0,0.539,0.394,0.022,0.123,0.571,1.346,3.701,7.452e-5,0,0.006,0.351,0.345,-0.009,880.332,0.001,335.768,0.15,6.4,32.17
22.883,5.077,2643.058,456.9,0.262,0.003,60.664,43.166,0,0.539,0.394,0.022,0.123,0.574,1.408,3.858,-3.994e-4,0,0.006,0.351,0.345,-0.008,880.424,0.001,335.771,0.15,6.4,32.17
22.9,5.251,2643.058,456.9,0.262,0.003,60.61,43.166,0,0.539,0.394,0.022,0.123,0.576,1.462,3.99,-2.193e-4,0,0.006,0.351,0.345,-0.006,880.515,0.001,335.775,0.151,6.4,32.17
22.918,5.4,2643.058,456.9,0.262,0.003,60.565,43.166,0,0.539,0.394,0.022,0.123,0.578,1.508,4.104,-9.514e-5,0,0.006,0.351,0.345,-0.004,880.606,0.001,335.778,0.151,6.4,32.17
22.935,5.505,2643.058,456.9,0.262,0.003,60.533,43.166,0,0.539,0.394,0.022,0.123,0.579,1.541,4.183,-3.197e-4,0,0.006,0.351,0.345,-0.002,880.701,0.001,335.782,0.152,6.4,32.17
22.954,5.546,2643.058,456.9,0.262,0.003,60.521,43.166,0,0.539,0.394,0.022,0.123,0.58,1.554,4.214,1.639e-4,0,0.006,0.351,0.345,-7.812e-4,880.802,0.001,335.785,0.152,6.4,32.17
22.975,5.484,2643.058,456.9,0.262,0.003,60.54,43.166,0,0.539,0.394,0.022,0.123,0.579,1.534,4.164,1.547e-4,0,0.006,0.351,0.345,-5.725e-5,880.913,0.001,335.79,0.153,6.4,32.17
22.993,5.376,2643.058,456.9,0.262,0.003,60.573,43.166,0,0.539,0.394,0.022,0.123,0.578,1.501,4.081,1.967e-5,0,0.006,0.351,0.345,1.031e-4,881.012,0.001,335.793,0.153,6.4,32.17
23.011,5.234,2643.058,456.9,0.262,0.003,60.617,43.166,0,0.539,0.394,0.022,0.123,0.576,1.457,3.971,1.74e-4,0,0.006,0.351,0.345,6.542e-4,881.104,0.001,335.797,0.154,6.4,32.17
23.027,5.064,2643.058,456.9,0.262,0.003,60.669,43.166,0,0.539,0.394,0.022,0.123,0.574,1.404,3.838,-3.099e-4,0,0.006,0.351,0.345,0.002,881.193,0.001,335.8,0.154,6.4,32.17
23.043,4.87,2643.058,456.9,0.262,0.003,60.73,43.166,0,0.54,0.394,0.023,0.123,0.572,1.345,3.689,-2.434e-4,0,0.006,0.351,0.345,0.002,881.281,0.001,335.803,0.154,6.4,32.17
23.06,4.656,2643.058,456.9,0.262,0.003,60.797,43.166,0,0.54,0.394,0.023,0.123,0.569,1.28,3.523,-3.88e-5,0,0.005,0.351,0.345,0.004,881.37,0.001,335.806,0.155,6.4,32.17
23.077,4.417,2643.058,456.9,0.262,0.003,60.873,43.166,0,0.54,0.394,0.023,0.123,0.567,1.208,3.339,-3.807e-4,0,0.005,0.351,0.345,0.004,881.464,0.001,335.81,0.155,6.4,32.17
23.095,4.153,2643.058,456.9,0.262,0.003,60.958,43.166,0,0.54,0.394,0.023,0.123,0.564,1.13,3.136,-3.788e-4,0,0.005,0.351,0.345,0.005,881.564,0.001,335.814,0.156,6.4,32.17
23.115,3.856,2643.058,456.9,0.262,0.003,61.056,43.166,0,0.54,0.394,0.023,0.123,0.561,1.042,2.908,-4.797e-4,0,0.005,0.351,0.345,0.005,881.675,0.001,335.818,0.156,6.4,32.17
23.14,3.529,2643.058,456.9,0.262,0.003,61.164,43.166,0,0.54,0.394,0.023,0.123,0.558,0.947,2.66,-1.643e-4,0,0.006,0.351,0.345,0.003,881.809,0.001,335.823,0.157,6.4,32.17
23.169,3.26,2643.058,456.9,0.262,0.003,61.255,43.166,0,0.54,0.394,0.023,0.123,0.555,0.87,2.457,-2.085e-4,0,0.005,0.351,0.345,6.419e-4,881.973,0.001,335.829,0.157,6.4,32.17
23.195,3.202,2643.058,456.9,0.262,0.003,61.275,43.166,0,0.54,0.394,0.023,0.123,0.555,0.853,2.414,-3.559e-5,0,0.005,0.351,0.345,-8.027e-5,882.113,0.001,335.834,0.158,6.4,32.17
23.218,3.302,2643.058,456.9,0.262,0.003,61.241,43.166,0,0.54,0.394,0.023,0.123,0.556,0.882,2.492,-4.356e-4,0,0.005,0.351,0.346,-0.002,882.246,0.001,335.839,0.159,6.4,32.17
23.243,3.523,2643.058,456.9,0.262,0.003,61.167,43.166,0,0.54,0.394,0.023,0.123,0.558,0.945,2.662,3.192e-4,0,0.005,0.351,0.346,-0.004,882.381,0.001,335.844,0.159,6.4,32.17
23.269,3.802,2643.058,456.9,0.262,0.003,61.075,43.166,0,0.54,0.394,0.023,0.123,0.561,1.026,2.876,1.86e-4,0,0.005,0.351,0.346,-0.005,882.528,0.001,335.849,0.16,6.4,32.17
23.294,4.067,2643.058,456.9,0.262,0.003,60.989,43.166,0,0.54,0.394,0.023,0.123,0.564,1.104,3.079,3.635e-4,0,0.005,0.351,0.346,-0.004,882.668,0.001,335.855,0.161,6.4,32.17
23.313,4.306,2643.058,456.9,0.262,0.003,60.912,43.166,0,0.54,0.394,0.023,0.123,0.566,1.175,3.262,3.262e-4,0,0.005,0.351,0.346,-0.003,882.781,0.001,335.859,0.161,6.4,32.17
23.331,4.504,2643.058,456.9,0.262,0.003,60.848,43.166,0,0.54,0.394,0.023,0.123,0.568,1.234,3.412,-1.464e-4,0,0.005,0.351,0.346,-0.002,882.881,0.001,335.862,0.162,6.4,32.17
23.347,4.651,2643.058,456.9,0.262,0.003,60.802,43.166,0,0.54,0.394,0.023,0.123,0.57,1.279,3.525,2.775e-4,0,0.005,0.351,0.346,-0.001,882.973,0.001,335.866,0.162,6.4,32.17
23.363,4.744,2643.058,456.9,0.262,0.003,60.773,43.166,0,0.54,0.394,0.023,0.123,0.571,1.307,3.595,4.203e-4,0,0.005,0.351,0.346,-4.753e-4,883.062,0.001,335.869,0.162,6.4,32.17
23.378,4.794,2643.058,456.9,0.262,0.003,60.757,43.166,0,0.54,0.394,0.023,0.123,0.572,1.322,3.634,-5.491e-5,0,0.005,0.351,0.346,-6.199e-5,883.15,0.001,335.872,0.163,6.4,32.17
23.393,4.805,2643.058,456.9,0.262,0.003,60.754,43.166,0,0.541,0.394,0.023,0.123,0.572,1.325,3.642,9.317e-5,0,0.005,0.351,0.346,4.201e-5,883.238,0.001,335.876,0.163,6.4,32.17
23.409,4.758,2643.058,456.9,0.262,0.003,60.769,43.166,0,0.541,0.394,0.023,0.123,0.572,1.311,3.606,2.877e-5,0,0.005,0.351,0.346,4.394e-4,883.329,0.001,335.879,0.163,6.4,32.17
23.426,4.654,2643.058,456.9,0.262,0.003,60.802,43.166,0,0.541,0.394,0.023,0.123,0.57,1.28,3.525,2.655e-4,0,0.005,0.351,0.346,0.001,883.425,0.001,335.883,0.164,6.4,32.17
23.444,4.494,2643.058,456.9,0.262,0.003,60.853,43.166,0,0.541,0.394,0.023,0.124,0.569,1.231,3.401,-1.035e-4,0,0.005,0.351,0.346,0.002,883.53,0.001,335.886,0.164,6.4,32.17
23.465,4.244,2643.058,456.9,0.262,0.003,60.933,43.166,0,0.541,0.394,0.023,0.124,0.566,1.157,3.207,-3.992e-4,0,0.005,0.351,0.346,0.004,883.651,0.001,335.891,0.165,6.4,32.17
23.486,3.951,2643.058,456.9,0.262,0.003,61.028,43.166,0,0.541,0.394,0.023,0.124,0.563,1.07,2.982,-3.51e-4,0,0.005,0.351,0.346,0.005,883.774,0.001,335.895,0.165,6.4,32.17
23.506,3.658,2643.058,456.9,0.262,0.003,61.125,43.166,0,0.541,0.394,0.024,0.124,0.56,0.985,2.758,3.806e-4,0,0.005,0.351,0.346,0.005,883.89,0.001,335.9,0.166,6.4,32.17
23.526,3.375,2643.058,456.9,0.262,0.003,61.22,43.166,0,0.541,0.394,0.024,0.124,0.558,0.903,2.543,-1.242e-4,0,0.005,0.351,0.346,0.004,884.005,0.001,335.904,0.166,6.4,32.17
23.546,3.139,2643.058,456.9,0.262,0.003,61.3,43.166,0,0.541,0.394,0.024,0.124,0.556,0.835,2.365,-2.059e-4,0,0.005,0.351,0.346,0.002,884.125,0.001,335.908,0.167,6.4,32.17
23.568,2.996,2643.058,456.9,0.262,0.003,61.349,43.166,0,0.541,0.394,0.024,0.124,0.554,0.795,2.257,-3.97e-4,0,0.005,0.351,0.346,1.938e-4,884.256,0.001,335.913,0.167,6.4,32.17
23.595,2.988,2643.058,456.9,0.262,0.003,61.352,43.166,0,0.541,0.394,0.024,0.124,0.554,0.793,2.253,-3.314e-4,0,0.005,0.351,0.346,-4.74e-4,884.412,0.001,335.919,0.168,6.4,32.17
23.623,3.148,2643.058,456.9,0.262,0.003,61.298,43.166,0,0.541,0.394,0.024,0.124,0.556,0.838,2.376,-6.806e-5,0,0.005,0.351,0.346,-0.003,884.581,0.001,335.925,0.169,6.4,32.17
23.645,3.346,2643.058,456.9,0.262,0.003,61.231,43.166,0,0.541,0.394,0.024,0.124,0.558,0.894,2.528,1.42e-4,0,0.005,0.351,0.346,-0.004,884.712,0.001,335.93,0.169,6.4,32.17
23.665,3.559,2643.058,456.9,0.262,0.003,61.16,43.166,0,0.541,0.394,0.024,0.124,0.56,0.956,2.692,-1.301e-4,0,0.005,0.351,0.346,-0.004,884.83,0.001,335.935,0.17,6.4,32.17
23.684,3.766,2643.058,456.9,0.262,0.003,61.092,43.166,0,0.541,0.394,0.024,0.124,0.562,1.016,2.85,-2.242e-4,0,0.005,0.351,0.346,-0.004,884.943,0.001,335.939,0.17,6.4,32.17
23.703,3.946,2643.058,456.9,0.262,0.003,61.032,43.166,0,0.541,0.394,0.024,0.124,0.564,1.069,2.987,-1.486e-4,0,0.005,0.351,0.346,-0.003,885.055,0.001,335.943,0.171,6.4,32.17
23.722,4.069,2643.058,456.9,0.262,0.003,60.993,43.166,0,0.542,0.394,0.024,0.124,0.565,1.105,3.081,-3.893e-4,0,0.005,0.351,0.347,-0.002,885.172,0.001,335.947,0.171,6.4,32.17
23.743,4.144,2643.058,456.9,0.262,0.003,60.969,43.166,0,0.542,0.394,0.024,0.124,0.566,1.127,3.137,4.518e-4,0,0.005,0.351,0.347,-8.356e-4,885.3,0.001,335.952,0.172,6.4,32.17
23.763,4.138,2643.058,456.9,0.262,0.003,60.971,43.166,0,0.542,0.394,0.024,0.124,0.566,1.126,3.132,-3.375e-4,0,0.004,0.351,0.347,-1.588e-4,885.421,0.001,335.956,0.172,6.4,32.17
23.781,4.072,2643.058,456.9,0.262,0.003,60.992,43.166,0,0.542,0.394,0.024,0.124,0.565,1.106,3.081,-2.083e-4,0,0.004,0.351,0.347,4.667e-6,885.531,0.001,335.961,0.173,6.4,32.17
23.798,3.962,2643.058,456.9,0.262,0.003,61.028,43.166,0,0.542,0.394,0.024,0.124,0.564,1.074,2.996,3.602e-4,0,0.004,0.351,0.347,2.398e-4,885.634,0.001,335.964,0.173,6.4,32.17
23.815,3.839,2643.058,456.9,0.262,0.003,61.069,43.166,0,0.542,0.394,0.024,0.124,0.563,1.037,2.901,1.328e-4,0,0.004,0.351,0.347,7.386e-4,885.736,0.001,335.968,0.174,6.4,32.17
23.831,3.684,2643.058,456.9,0.262,0.003,61.12,43.166,0,0.542,0.394,0.024,0.124,0.561,0.992,2.782,4.249e-4,0,0.004,0.351,0.347,0.001,885.837,0.001,335.972,0.174,6.4,32.17
23.848,3.495,2643.058,456.9,0.262,0.003,61.183,43.166,0,0.542,0.394,0.024,0.124,0.56,0.938,2.637,1.656e-4,0,0.004,0.351,0.347,0.002,885.942,0.001,335.976,0.174,6.4,32.17
23.866,3.285,2643.058,456.9,0.262,0.003,61.254,43.166,0,0.542,0.394,0.024,0.124,0.558,0.877,2.477,-3.094e-4,0,0.004,0.351,0.347,0.003,886.053,0.001,335.98,0.175,6.4,32.17
23.886,3.046,2643.058,456.9,0.262,0.003,61.335,43.166,0,0.542,0.394,0.024,0.124,0.556,0.809,2.294,4.877e-4,0,0.004,0.351,0.347,0.003,886.176,0.001,335.984,0.175,6.4,32.17
23.91,2.785,2643.058,456.9,0.262,0.003,61.425,43.166,0,0.542,0.394,0.024,0.124,0.554,0.736,2.097,3.661e-4,0,0.004,0.351,0.347,0.002,886.321,0.001,335.99,0.176,6.4,32.17
23.941,2.545,2643.058,456.9,0.262,0.003,61.509,43.166,0,0.542,0.394,0.025,0.124,0.552,0.669,1.916,-2.256e-4,0,0.004,0.351,0.347,3.464e-4,886.513,0.001,335.997,0.177,6.4,32.17
23.966,2.445,2643.058,456.9,0.262,0.003,61.545,43.166,0,0.542,0.394,0.025,0.124,0.551,0.641,1.841,2.383e-4,0,0.004,0.351,0.347,-1.027e-4,886.673,0.001,336.003,0.177,6.4,32.17
23.991,2.475,2643.058,456.9,0.262,0.003,61.534,43.166,0,0.542,0.394,0.025,0.124,0.552,0.649,1.864,1.404e-4,0,0.004,0.351,0.347,-0.001,886.828,0.001,336.009,0.178,6.4,32.17
24.017,2.661,2643.058,456.9,0.262,0.003,61.47,43.166,0,0.542,0.394,0.025,0.124,0.553,0.701,2.007,3.172e-4,0,0.004,0.351,0.347,-0.003,886.995,0.001,336.015,0.179,6.4,32.17
24.049,2.949,2643.058,456.9,0.262,0.003,61.37,43.166,0,0.543,0.394,0.025,0.124,0.556,0.782,2.227,1.923e-4,0,0.004,0.351,0.347,-0.003,887.192,0.001,336.022,0.179,6.4,32.17
24.071,3.124,2643.058,456.9,0.262,0.003,61.311,43.166,0,0.543,0.394,0.025,0.124,0.557,0.831,2.36,4.22e-4,0,0.004,0.351,0.347,-0.003,887.333,0.001,336.027,0.18,6.4,32.17
24.09,3.262,2643.058,456.9,0.262,0.003,61.264,43.166,0,0.543,0.394,0.025,0.124,0.558,0.871,2.464,2.734e-4,0,0.004,0.351,0.347,-0.002,887.454,0.001,336.032,0.18,6.4,32.17
24.108,3.363,2643.058,456.9,0.262,0.003,61.231,43.166,0,0.543,0.394,0.025,0.124,0.559,0.9,2.54,2.089e-4,0,0.004,0.351,0.347,-0.001,887.568,0.001,336.036,0.181,6.4,32.17
24.125,3.417,2643.058,456.9,0.262,0.003,61.213,43.166,0,0.543,0.394,0.025,0.124,0.56,0.915,2.581,3.996e-4,0,0.004,0.351,0.347,-3.937e-4,887.68,0.001,336.04,0.181,6.4,32.17
24.143,3.423,2643.058,456.9,0.262,0.003,61.211,43.166,0,0.543,0.394,0.025,0.124,0.56,0.917,2.585,1.398e-4,0,0.004,0.351,0.348,-2.937e-5,887.795,0.001,336.044,0.181,6.4,32.17
24.162,3.378,2643.058,456.9,0.262,0.003,61.226,43.166,0,0.543,0.394,0.025,0.124,0.56,0.904,2.551,3.861e-4,0,0.004,0.351,0.348,9.563e-5,887.916,0.001,336.049,0.182,6.4,32.17
24.183,3.267,2643.058,456.9,0.262,0.003,61.264,43.166,0,0.543,0.394,0.025,0.124,0.559,0.872,2.466,-1.071e-4,0,0.004,0.351,0.348,6.535e-4,888.05,0.001,336.054,0.182,6.4,32.17
24.207,3.059,2643.058,456.9,0.262,0.003,61.335,43.166,0,0.543,0.394,0.025,0.124,0.557,0.813,2.306,-3.332e-4,0,0.004,0.351,0.348,0.002,888.207,0.001,336.06,0.183,6.4,32.17
24.229,2.805,2643.058,456.9,0.262,0.003,61.422,43.166,0,0.543,0.394,0.025,0.124,0.555,0.741,2.111,-2.855e-4,0,0.004,0.351,0.348,0.003,888.349,0.001,336.065,0.184,6.4,32.17
24.25,2.527,2643.058,456.9,0.262,0.003,61.519,43.166,0,0.543,0.394,0.025,0.124,0.553,0.664,1.9,3.037e-4,0,0.004,0.351,0.348,0.003,888.488,0.001,336.07,0.184,6.4,32.17
24.273,2.283,2643.058,456.9,0.262,0.003,61.605,43.166,0,0.543,0.394,0.025,0.124,0.551,0.596,1.716,2.125e-4,0,0.004,0.351,0.348,0.002,888.634,0.001,336.075,0.185,6.4,32.17
24.298,2.088,2643.058,456.9,0.262,0.003,61.675,43.166,0,0.543,0.393,0.025,0.124,0.55,0.543,1.57,-3.114e-4,0,0.004,0.351,0.348,9.415e-4,888.796,0.001,336.081,0.185,6.4,32.17
24.328,2.031,2643.058,456.9,0.262,0.003,61.696,43.166,0,0.543,0.393,0.025,0.124,0.55,0.528,1.527,9.065e-5,0,0.004,0.351,0.348,-2.449e-5,888.999,0.001,336.089,0.186,6.4,32.17
24.36,2.211,2643.058,456.9,0.262,0.003,61.632,43.166,0,0.543,0.393,0.025,0.125,0.551,0.576,1.665,4.359e-4,0,0.004,0.351,0.348,-0.001,889.204,0.001,336.097,0.187,6.4,32.17
24.384,2.463,2643.058,456.9,0.262,0.003,61.543,43.166,0,0.544,0.393,0.026,0.125,0.553,0.646,1.857,3.248e-4,0,0.004,0.351,0.348,-0.002,889.367,0.001,336.103,0.187,6.4,32.17
24.407,2.705,2643.058,456.9,0.262,0.003,61.459,43.166,0,0.544,0.393,0.026,0.125,0.555,0.713,2.041,-3.296e-5,0,0.004,0.351,0.348,-0.002,889.52,0.001,336.108,0.188,6.4,32.17
24.431,2.904,2643.058,456.9,0.262,0.003,61.39,43.166,0,0.544,0.393,0.026,0.125,0.556,0.769,2.192,2.804e-4,0,0.004,0.352,0.348,-0.002,889.676,0.001,336.114,0.188,6.4,32.17
24.456,3.066,2643.058,456.9,0.262,0.003,61.335,43.166,0,0.544,0.393,0.026,0.125,0.558,0.815,2.315,2.859e-4,0,0.004,0.352,0.348,-6.848e-4,889.846,0.001,336.12,0.189,6.4,32.17
24.476,3.142,2643.058,456.9,0.262,0.003,61.31,43.166,0,0.544,0.393,0.026,0.125,0.559,0.837,2.372,2.713e-4,0,0.004,0.352,0.348,-1.709e-4,889.981,0.001,336.125,0.189,6.4,32.17
24.494,3.159,2643.058,456.9,0.262,0.003,61.304,43.166,0,0.544,0.393,0.026,0.125,0.559,0.842,2.385,4.461e-4,0,0.003,0.352,0.348,-2.445e-7,890.101,0.001,336.13,0.19,6.4,32.17
24.511,3.122,2643.058,456.9,0.262,0.003,61.317,43.166,0,0.544,0.393,0.026,0.125,0.558,0.831,2.356,6.008e-5,0,0.003,0.352,0.348,1.256e-4,890.216,0.001,336.134,0.19,6.4,32.17
24.528,3.041,2643.058,456.9,0.262,0.003,61.345,43.166,0,0.544,0.393,0.026,0.125,0.558,0.808,2.294,2.091e-4,0,0.003,0.352,0.348,4.801e-4,890.329,0.001,336.138,0.191,6.4,32.17
24.545,2.922,2643.058,456.9,0.262,0.003,61.386,43.166,0,0.544,0.393,0.026,0.125,0.557,0.774,2.203,-2.004e-4,0,0.003,0.352,0.348,9.863e-4,890.445,0.001,336.143,0.191,6.4,32.17
24.563,2.776,2643.058,456.9,0.262,0.003,61.436,43.166,0,0.544,0.393,0.026,0.125,0.556,0.733,2.091,3.948e-4,0,0.003,0.352,0.348,0.002,890.568,0.001,336.147,0.191,6.4,32.17
24.583,2.586,2643.058,456.9,0.262,0.003,61.503,43.166,0,0.544,0.393,0.026,0.125,0.554,0.68,1.947,-8.379e-5,0,0.003,0.352,0.348,0.002,890.705,0.001,336.152,0.192,6.4,32.17
24.607,2.333,2643.058,456.9,0.262,0.003,61.592,43.166,0,0.544,0.393,0.026,0.125,0.553,0.61,1.755,4.219e-4,0,0.003,0.352,0.348,0.002,890.867,0.001,336.158,0.193,6.4,32.17
24.636,2.059,2643.058,456.9,0.262,0.003,61.69,43.166,0,0.544,0.393,0.026,0.125,0.551,0.535,1.548,4.343e-4,0,0.003,0.352,0.348,9.035e-4,891.066,0.001,336.166,0.193,6.4,32.17
24.662,1.935,2643.058,456.9,0.262,0.003,61.735,43.166,0,0.544,0.393,0.026,0.125,0.55,0.502,1.455,-4.587e-4,0,0.003,0.352,0.348,1.559e-5,891.243,0.001,336.172,0.194,6.4,32.17
24.689,1.96,2643.058,456.9,0.262,0.003,61.726,43.166,0,0.545,0.393,0.026,0.125,0.551,0.508,1.475,2.42e-4,0,0.003,0.352,0.348,-5.924e-4,891.424,0.001,336.179,0.194,6.4,32.17
24.719,2.142,2643.058,456.9,0.262,0.003,61.661,43.166,0,0.545,0.393,0.026,0.125,0.552,0.558,1.614,2.602e-4,0,0.003,0.352,0.348,-0.002,891.631,0.001,336.186,0.195,6.4,32.17
24.746,2.368,2643.058,456.9,0.262,0.003,61.581,43.166,0,0.545,0.393,0.026,0.125,0.553,0.62,1.786,-2.013e-4,0,0.003,0.352,0.348,-0.002,891.821,0.001,336.193,0.196,6.4,32.17
24.767,2.565,2643.058,456.9,0.262,0.003,61.512,43.166,0,0.545,0.393,0.026,0.125,0.555,0.675,1.935,4.569e-4,0,0.003,0.352,0.348,-0.002,891.969,0.001,336.199,0.196,6.4,32.17
24.786,2.718,2643.058,456.9,0.262,0.003,61.459,43.166,0,0.545,0.393,0.026,0.125,0.556,0.717,2.051,-2.164e-4,0,0.003,0.352,0.348,-0.001,892.102,0.001,336.204,0.197,6.4,32.17
24.805,2.82,2643.058,456.9,0.262,0.003,61.424,43.166,0,0.545,0.393,0.027,0.125,0.557,0.746,2.128,-3.113e-4,0,0.003,0.352,0.348,-6.162e-4,892.229,0.001,336.209,0.197,6.4,32.17
24.823,2.867,2643.058,456.9,0.262,0.003,61.408,43.166,0,0.545,0.393,0.027,0.125,0.557,0.759,2.163,1.859e-4,0,0.003,0.352,0.348,-1.503e-4,892.358,0.001,336.213,0.198,6.4,32.17
24.842,2.86,2643.058,456.9,0.262,0.003,61.411,43.166,0,0.545,0.393,0.027,0.125,0.557,0.757,2.157,1.894e-4,0,0.003,0.352,0.348,2.684e-6,892.494,0.001,336.218,0.198,6.4,32.17
24.864,2.791,2643.058,456.9,0.262,0.003,61.435,43.166,0,0.545,0.393,0.027,0.125,0.557,0.738,2.106,3.363e-4,0,0.003,0.352,0.348,2.807e-4,892.647,0.001,336.224,0.199,6.4,32.17
24.887,2.654,2643.058,456.9,0.262,0.003,61.483,43.166,0,0.545,0.393,0.027,0.125,0.556,0.699,2.001,5.938e-5,0,0.003,0.352,0.349,9.33e-4,892.805,0.001,336.23,0.199,6.4,32.17
24.907,2.452,2643.058,456.9,0.262,0.003,61.554,43.166,0,0.545,0.393,0.027,0.125,0.554,0.643,1.847,3.8e-4,0,0.003,0.352,0.349,0.002,892.949,0.001,336.235,0.2,6.4,32.17
24.927,2.178,2643.058,456.9,0.262,0.003,61.651,43.166,0,0.545,0.393,0.027,0.125,0.553,0.568,1.638,1.469e-4,0,0.003,0.352,0.349,0.002,893.092,0.001,336.241,0.2,6.4,32.17
24.949,1.891,2643.058,456.9,0.262,0.003,61.754,43.166,0,0.545,0.393,0.027,0.125,0.551,0.49,1.421,-3.091e-4,0,0.003,0.352,0.349,0.002,893.247,0.001,336.246,0.201,6.4,32.17
24.974,1.664,2643.058,456.9,0.262,0.003,61.837,43.166,0,0.545,0.393,0.027,0.125,0.55,0.429,1.25,1.203e-4,0,0.003,0.352,0.349,4.419e-4,893.429,0.001,336.253,0.201,6.4,32.17
25.009,1.587,2643.058,456.9,0.262,0.003,61.865,43.166,0,0.546,0.393,0.027,0.125,0.55,0.408,1.193,-2.724e-4,0,0.003,0.352,0.349,-3.661e-4,893.678,0.001,336.262,0.202,6.4,32.17
25.04,1.771,2643.058,456.9,0.262,0.003,61.799,43.166,0,0.546,0.393,0.027,0.125,0.551,0.457,1.334,2.321e-4,0,0.003,0.352,0.349,-0.002,893.896,0.001,336.27,0.203,6.4,32.17
25.066,2.037,2643.058,456.9,0.262,0.003,61.703,43.166,0,0.546,0.393,0.027,0.125,0.552,0.529,1.536,-1.7e-4,0,0.003,0.352,0.349,-0.002,894.09,0.001,336.277,0.203,6.4,32.17
25.095,2.299,2643.058,456.9,0.262,0.003,61.61,43.166,0,0.546,0.393,0.027,0.125,0.554,0.601,1.733,2.744e-4,0,0.003,0.352,0.349,-0.002,894.294,0.001,336.285,0.204,6.4,32.17
25.119,2.439,2643.058,456.9,0.262,0.003,61.561,43.166,0,0.546,0.393,0.027,0.125,0.555,0.64,1.839,4.587e-4,0,0.003,0.352,0.349,-6.357e-4,894.467,0.001,336.291,0.205,6.4,32.17
25.138,2.486,2643.058,456.9,0.262,0.003,61.545,43.166,0,0.546,0.393,0.027,0.125,0.556,0.653,1.874,2.256e-4,0,0.003,0.352,0.349,-1.236e-4,894.611,0.001,336.297,0.205,6.4,32.17
25.157,2.482,2643.058,456.9,0.262,0.003,61.546,43.166,0,0.546,0.393,0.027,0.125,0.556,0.652,1.872,3.742e-4,0,0.003,0.352,0.349,5.47e-6,894.745,0.001,336.302,0.205,6.4,32.17
25.175,2.447,2643.058,456.9,0.262,0.003,61.559,43.166,0,0.546,0.393,0.028,0.126,0.555,0.642,1.844,8.845e-5,0,0.003,0.352,0.349,2.264e-4,894.877,0.001,336.307,0.206,6.4,32.17
25.193,2.362,2643.058,456.9,0.262,0.003,61.589,43.166,0,0.546,0.393,0.028,0.126,0.555,0.618,1.779,2.587e-4,0,0.003,0.352,0.349,7.262e-4,895.01,0.001,336.312,0.206,6.4,32.17
25.213,2.193,2643.058,456.9,0.262,0.003,61.649,43.166,0,0.546,0.393,0.028,0.126,0.554,0.572,1.651,4.198e-4,0,0.003,0.352,0.349,0.001,895.153,0.001,336.317,0.207,6.4,32.17
25.235,1.934,2643.058,456.9,0.262,0.003,61.742,43.166,0,0.546,0.393,0.028,0.126,0.552,0.501,1.453,2.785e-4,0,0.003,0.352,0.349,0.002,895.319,0.001,336.323,0.207,6.4,32.17
25.265,1.612,2643.058,456.9,0.262,0.003,61.86,43.166,0,0.547,0.393,0.028,0.126,0.551,0.415,1.21,5.157e-5,0,0.003,0.352,0.349,0.002,895.538,0.001,336.331,0.208,6.4,32.17
25.295,1.428,2643.058,456.9,0.262,0.003,61.928,43.166,0,0.547,0.393,0.028,0.126,0.55,0.366,1.073,8.881e-5,0,0.003,0.352,0.349,3.627e-4,895.762,0.001,336.339,0.209,6.4,32.17
25.325,1.381,2643.058,456.9,0.262,0.003,61.945,43.166,0,0.547,0.393,0.028,0.126,0.55,0.354,1.038,-4.971e-4,0,0.003,0.352,0.349,-3.253e-4,895.988,0.001,336.348,0.209,6.4,32.17
25.366,1.674,2643.058,456.9,0.262,0.003,61.838,43.166,0,0.547,0.393,0.028,0.126,0.551,0.432,1.262,-2.214e-4,0,0.003,0.352,0.349,-0.002,896.291,0.001,336.359,0.21,6.4,32.17
25.392,1.932,2643.058,456.9,0.262,0.003,61.745,43.166,0,0.547,0.393,0.028,0.126,0.553,0.501,1.456,-4.158e-4,0,0.003,0.352,0.349,-0.002,896.484,0.001,336.366,0.211,6.4,32.17
25.414,2.111,2643.058,456.9,0.262,0.003,61.681,43.166,0,0.547,0.393,0.028,0.126,0.554,0.55,1.592,2.581e-4,0,0.003,0.352,0.349,-0.001,896.65,0.001,336.372,0.211,6.4,32.17
25.436,2.228,2643.058,456.9,0.262,0.003,61.64,43.166,0,0.547,0.393,0.028,0.126,0.555,0.582,1.679,-3.077e-4,0,0.003,0.352,0.349,-4.916e-4,896.811,0.001,336.378,0.212,6.4,32.17
25.458,2.277,2643.058,456.9,0.262,0.003,61.622,43.166,0,0.547,0.393,0.028,0.126,0.555,0.595,1.717,-4.13e-4,0,0.003,0.352,0.349,-4.915e-5,896.982,0.001,336.385,0.213,6.4,32.17
25.484,2.235,2643.058,456.9,0.262,0.003,61.638,43.166,0,0.547,0.393,0.028,0.126,0.555,0.584,1.684,2.969e-4,0,0.003,0.352,0.349,1.145e-4,897.175,0.001,336.392,0.213,6.4,32.17
25.506,2.117,2643.058,456.9,0.262,0.003,61.68,43.166,0,0.547,0.393,0.028,0.126,0.554,0.551,1.594,-2.557e-4,0,0.003,0.352,0.349,6.013e-4,897.34,0.001,336.398,0.214,6.4,32.17
25.526,1.946,2643.058,456.9,0.262,0.003,61.742,43.166,0,0.548,0.393,0.029,0.126,0.553,0.505,1.464,1.188e-4,0,0.003,0.352,0.349,0.001,897.498,0.001,336.404,0.214,6.4,32.17
25.548,1.729,2643.058,456.9,0.262,0.003,61.821,43.166,0,0.548,0.393,0.029,0.126,0.552,0.446,1.299,3.395e-4,0,0.003,0.352,0.349,0.002,897.66,0.001,336.41,0.215,6.4,32.17
25.571,1.467,2643.058,456.9,0.262,0.003,61.917,43.166,0,0.548,0.393,0.029,0.126,0.551,0.376,1.101,4.991e-4,0,0.003,0.352,0.349,0.002,897.841,0.001,336.416,0.215,6.4,32.17
25.601,1.195,2643.058,456.9,0.262,0.003,62.018,43.166,0,0.548,0.393,0.029,0.126,0.55,0.305,0.897,-2.347e-4,0,0.003,0.352,0.35,4.779e-4,898.07,0.001,336.425,0.216,6.4,32.17
25.644,1.24,2643.058,456.9,0.262,0.003,62.002,43.166,0,0.548,0.393,0.029,0.126,0.55,0.317,0.933,4.601e-4,0,0.003,0.352,0.35,-8.49e-4,898.401,0.001,336.437,0.217,6.4,32.17
25.678,1.503,2643.058,456.9,0.262,0.003,61.905,43.166,0,0.548,0.393,0.029,0.126,0.552,0.386,1.132,2.914e-4,0,0.003,0.352,0.35,-0.002,898.659,0.001,336.447,0.218,6.4,32.17
25.714,1.784,2643.058,456.9,0.262,0.003,61.803,43.166,0,0.548,0.393,0.029,0.126,0.553,0.461,1.344,-4.23e-5,0,0.002,0.352,0.35,-0.001,898.949,0.001,336.457,0.218,6.4,32.17
25.737,1.891,2643.058,456.9,0.262,0.003,61.765,43.166,0,0.548,0.393,0.029,0.126,0.554,0.49,1.425,-3.997e-4,0,0.002,0.352,0.35,-5.818e-4,899.139,0.001,336.464,0.219,6.4,32.17
25.758,1.933,2643.058,456.9,0.262,0.003,61.75,43.166,0,0.548,0.393,0.029,0.126,0.554,0.502,1.456,-1.753e-4,0,0.002,0.352,0.35,-1.361e-4,899.309,0.001,336.47,0.219,6.4,32.17
25.778,1.925,2643.058,456.9,0.262,0.003,61.753,43.166,0,0.548,0.393,0.029,0.126,0.554,0.499,1.45,2.639e-4,0,0.002,0.352,0.35,1.493e-6,899.475,0.001,336.476,0.22,6.4,32.17
25.799,1.851,2643.058,456.9,0.262,0.003,61.78,43.166,0,0.549,0.393,0.029,0.126,0.554,0.479,1.393,-9.377e-5,0,0.002,0.352,0.35,1.976e-4,899.646,0.001,336.482,0.22,6.4,32.17
25.822,1.708,2643.058,456.9,0.262,0.003,61.832,43.166,0,0.549,0.393,0.029,0.126,0.553,0.441,1.285,-3.385e-4,0,0.002,0.352,0.35,7.007e-4,899.835,0.001,336.488,0.221,6.4,32.17
25.85,1.458,2643.058,456.9,0.262,0.003,61.924,43.166,0,0.549,0.393,0.029,0.126,0.552,0.374,1.095,-1.142e-4,0,0.002,0.352,0.35,0.001,900.066,0.001,336.496,0.221,6.4,32.17
25.883,1.117,2643.058,456.9,0.262,0.003,62.052,43.166,0,0.549,0.393,0.03,0.126,0.551,0.284,0.838,-1.6e-4,0,0.002,0.352,0.35,0.001,900.339,0.001,336.506,0.222,6.4,32.17
25.918,0.915,2643.058,456.9,0.262,0.003,62.128,43.166,0,0.549,0.393,0.03,0.126,0.55,0.232,0.686,3.033e-4,0,0.002,0.352,0.35,-3.753e-7,900.626,0.001,336.516,0.223,6.4,32.17
25.968,1.28,2643.058,456.9,0.262,0.003,61.992,43.166,0,0.549,0.393,0.03,0.127,0.552,0.327,0.964,-1.853e-4,0,0.002,0.352,0.35,-0.002,901.044,0.001,336.531,0.224,6.4,32.17
25.997,1.628,2643.058,456.9,0.262,0.003,61.864,43.166,0,0.549,0.393,0.03,0.127,0.553,0.419,1.226,2.647e-4,0,0.002,0.352,0.35,-0.001,901.29,0.001,336.54,0.225,6.4,32.17
26.023,1.793,2643.058,456.9,0.262,0.003,61.804,43.166,0,0.549,0.393,0.03,0.127,0.554,0.464,1.351,-1.886e-4,0,0.002,0.352,0.35,-3.778e-4,901.51,0.001,336.547,0.225,6.4,32.17
26.052,1.843,2643.058,456.9,0.262,0.003,61.786,43.166,0,0.549,0.393,0.03,0.127,0.555,0.477,1.388,3.418e-4,0,0.002,0.352,0.35,-7.879e-7,901.749,0.001,336.556,0.226,6.4,32.17
26.075,1.78,2643.058,456.9,0.262,0.003,61.809,43.166,0,0.55,0.393,0.03,0.127,0.555,0.46,1.341,-4.888e-5,0,0.002,0.352,0.35,2.106e-4,901.948,0.001,336.563,0.226,6.4,32.17
26.097,1.645,2643.058,456.9,0.262,0.003,61.859,43.166,0,0.55,0.393,0.03,0.127,0.554,0.424,1.238,1.651e-4,0,0.002,0.352,0.35,7.381e-4,902.134,0.001,336.569,0.227,6.4,32.17
26.119,1.468,2643.058,456.9,0.262,0.003,61.924,43.166,0,0.55,0.393,0.03,0.127,0.553,0.377,1.104,-1.256e-4,0,0.002,0.352,0.35,0.001,902.324,0.001,336.576,0.227,6.4,32.17
26.144,1.237,2643.058,456.9,0.262,0.003,62.01,43.166,0,0.55,0.393,0.03,0.127,0.552,0.316,0.928,2.07e-4,0,0.002,0.352,0.35,0.002,902.534,0.001,336.583,0.228,6.4,32.17
26.175,0.949,2643.058,456.9,0.262,0.003,62.119,43.166,0,0.55,0.393,0.03,0.127,0.551,0.241,0.712,-1.913e-4,0,0.002,0.352,0.35,6.712e-4,902.802,0.001,336.593,0.229,6.4,32.17
26.222,0.963,2643.058,456.9,0.262,0.003,62.114,43.166,0,0.55,0.393,0.03,0.127,0.552,0.244,0.725,2.565e-4,0,0.002,0.352,0.35,-8.68e-4,903.2,0.001,336.607,0.23,6.4,32.17
26.264,1.353,2643.058,456.9,0.262,0.003,61.969,43.166,0,0.55,0.393,0.031,0.127,0.553,0.346,1.02,-4.239e-4,0,0.002,0.352,0.35,-0.002,903.564,0.001,336.62,0.231,6.4,32.17
26.292,1.577,2643.058,456.9,0.262,0.003,61.887,43.166,0,0.55,0.393,0.031,0.127,0.554,0.406,1.188,8.603e-5,0,0.002,0.352,0.35,-8.232e-4,903.803,0.001,336.628,0.231,6.4,32.17
26.314,1.661,2643.058,456.9,0.262,0.003,61.856,43.166,0,0.55,0.393,0.031,0.127,0.555,0.428,1.251,4.297e-5,0,0.002,0.352,0.35,-2.5e-4,903.995,0.001,336.635,0.232,6.4,32.17
26.335,1.655,2643.058,456.9,0.262,0.003,61.859,43.166,0,0.551,0.393,0.031,0.127,0.555,0.427,1.246,-1.916e-4,0,0.002,0.352,0.35,-5.837e-6,904.177,0.001,336.641,0.232,6.4,32.17
26.357,1.584,2643.058,456.9,0.262,0.003,61.885,43.166,0,0.551,0.393,0.031,0.127,0.555,0.408,1.193,-4.891e-4,0,0.002,0.352,0.35,1.148e-4,904.364,0.001,336.648,0.233,6.4,32.17
26.38,1.455,2643.058,456.9,0.262,0.003,61.933,43.166,0,0.551,0.393,0.031,0.127,0.554,0.374,1.095,4.264e-4,0,0.002,0.352,0.35,5.229e-4,904.569,0.001,336.655,0.233,6.4,32.17
26.409,1.222,2643.058,456.9,0.262,0.003,62.019,43.166,0,0.551,0.393,0.031,0.127,0.553,0.312,0.918,-4.512e-4,0,0.002,0.353,0.35,0.001,904.82,0.001,336.664,0.234,6.4,32.17
26.444,0.932,2643.058,456.9,0.262,0.003,62.129,43.166,0,0.551,0.393,0.031,0.127,0.552,0.236,0.7,7.341e-5,0,0.002,0.353,0.35,7.549e-4,905.128,0.001,336.675,0.234,6.4,32.17
26.481,0.764,2643.058,456.9,0.262,0.003,62.193,43.166,0,0.551,0.393,0.031,0.127,0.552,0.193,0.575,-2.332e-4,0,0.002,0.353,0.351,-2.77e-5,905.449,0.001,336.686,0.235,6.4,32.17
26.531,1.053,2643.058,456.9,0.262,0.003,62.084,43.166,0,0.551,0.393,0.031,0.127,0.553,0.268,0.793,4.448e-4,0,0.002,0.353,0.351,-0.001,905.89,0.001,336.702,0.236,6.4,32.17
26.563,1.299,2643.058,456.9,0.262,0.003,61.993,43.166,0,0.551,0.393,0.031,0.127,0.554,0.332,0.979,3.139e-5,0,0.002,0.353,0.351,-7.338e-4,906.177,0.001,336.712,0.237,6.4,32.17
26.594,1.432,2643.058,456.9,0.262,0.003,61.944,43.166,0,0.551,0.393,0.032,0.127,0.555,0.368,1.078,-7.823e-5,0,0.002,0.353,0.351,-1.621e-4,906.45,0.001,336.722,0.238,6.4,32.17
26.624,1.419,2643.058,456.9,0.262,0.003,61.949,43.166,0,0.552,0.393,0.032,0.127,0.555,0.364,1.068,-3.783e-4,0,0.002,0.353,0.351,8.697e-6,906.714,0.001,336.731,0.238,6.4,32.17
26.649,1.312,2643.058,456.9,0.262,0.003,61.989,43.166,0,0.552,0.393,0.032,0.127,0.554,0.336,0.987,-1.142e-4,0,0.002,0.353,0.351,2.307e-4,906.938,0.001,336.739,0.239,6.4,32.17
26.674,1.137,2643.058,456.9,0.262,0.003,62.055,43.166,0,0.552,0.393,0.032,0.127,0.554,0.29,0.855,-1.723e-4,0,0.002,0.353,0.351,5.86e-4,907.164,0.001,336.747,0.239,6.4,32.17
26.703,0.899,2643.058,456.9,0.262,0.003,62.145,43.166,0,0.552,0.393,0.032,0.127,0.553,0.228,0.676,-2.753e-4,0,0.002,0.353,0.351,7.127e-4,907.422,0.001,336.756,0.24,6.4,32.17
26.744,0.632,2643.058,456.9,0.262,0.003,62.248,43.166,0,0.552,0.393,0.032,0.128,0.553,0.159,0.475,4.894e-4,0,0.002,0.353,0.351,4.641e-5,907.797,0.001,336.769,0.241,6.4,32.17
26.794,0.822,2643.058,456.9,0.262,0.003,62.176,43.166,0,0.552,0.393,0.032,0.128,0.553,0.208,0.619,3.06e-5,0,0.002,0.353,0.351,-8.468e-4,908.249,0.001,336.785,0.242,6.4,32.17
26.84,1.181,2643.058,456.9,0.262,0.003,62.041,43.166,0,0.552,0.393,0.032,0.128,0.555,0.301,0.888,-2.24e-5,0,0.002,0.353,0.351,-4.2e-4,908.666,0.001,336.8,0.243,6.4,32.17
26.867,1.265,2643.058,456.9,0.262,0.003,62.01,43.166,0,0.552,0.393,0.032,0.128,0.555,0.323,0.952,4.884e-4,0,0.002,0.353,0.351,-6.667e-5,908.909,0.001,336.808,0.244,6.4,32.17
26.893,1.239,2643.058,456.9,0.262,0.003,62.02,43.166,0,0.553,0.392,0.032,0.128,0.555,0.317,0.933,1.162e-4,0,0.002,0.353,0.351,2.097e-5,909.143,0.001,336.816,0.244,6.4,32.17
26.921,1.164,2643.058,456.9,0.262,0.003,62.048,43.166,0,0.553,0.392,0.032,0.128,0.555,0.297,0.876,-4.377e-5,0,0.002,0.353,0.351,3.151e-4,909.404,0.001,336.826,0.245,6.4,32.17
26.958,0.951,2643.058,456.9,0.262,0.003,62.129,43.166,0,0.553,0.392,0.033,0.128,0.554,0.242,0.715,-4.546e-4,0,0.002,0.353,0.351,8.48e-4,909.74,0.001,336.838,0.245,6.4,32.17
26.993,0.674,2643.058,456.9,0.262,0.003,62.235,43.166,0,0.553,0.392,0.033,0.128,0.554,0.17,0.506,2.375e-4,0,0.002,0.353,0.351,5.295e-4,910.066,0.001,336.849,0.246,6.4,32.17
27.04,0.633,2643.058,456.9,0.262,0.003,62.252,43.166,0,0.553,0.392,0.033,0.128,0.554,0.159,0.476,2.711e-5,0,0.002,0.353,0.351,-2.746e-4,910.494,0.001,336.864,0.247,6.4,32.17
27.089,0.983,2643.058,456.9,0.262,0.003,62.119,43.166,0,0.553,0.392,0.033,0.128,0.555,0.25,0.74,4.384e-5,0,0.002,0.353,0.351,-7.938e-4,910.95,0.001,336.88,0.248,6.4,32.17
27.128,1.18,2643.058,456.9,0.262,0.003,62.045,43.166,0,0.553,0.392,0.033,0.128,0.556,0.301,0.889,1.909e-4,0,0.002,0.353,0.351,-1.867e-4,911.316,0.001,336.893,0.249,6.4,32.17
27.157,1.196,2643.058,456.9,0.262,0.003,62.04,43.166,0,0.554,0.392,0.033,0.128,0.556,0.305,0.9,-3.505e-4,0,0.002,0.353,0.351,4.26e-8,911.583,0.001,336.903,0.25,6.4,32.17
27.182,1.135,2643.058,456.9,0.262,0.003,62.063,43.166,0,0.554,0.392,0.033,0.128,0.556,0.289,0.854,2.221e-4,0,0.002,0.353,0.351,1.494e-4,911.822,0.001,336.911,0.25,6.4,32.17
27.208,0.969,2643.058,456.9,0.262,0.003,62.126,43.166,0,0.554,0.392,0.033,0.128,0.555,0.246,0.729,-2.623e-4,0,0.002,0.353,0.351,4.954e-4,912.067,0.001,336.92,0.251,6.4,32.17
27.24,0.645,2643.058,456.9,0.262,0.003,62.25,43.166,0,0.554,0.392,0.033,0.128,0.555,0.162,0.483,-9.138e-6,0,0.002,0.353,0.351,7.144e-4,912.361,0.001,336.93,0.251,6.4,32.17
27.287,0.415,2643.058,456.9,0.262,0.003,62.339,43.166,0,0.554,0.392,0.033,0.128,0.554,0.104,0.312,-6.215e-5,0,0.002,0.353,0.351,-1.151e-4,912.804,0.001,336.946,0.252,6.4,32.17
27.337,0.72,2643.058,456.9,0.262,0.003,62.222,43.166,0,0.554,0.392,0.034,0.128,0.555,0.182,0.542,1.225e-4,0,0.002,0.353,0.351,-8.099e-4,913.277,0.001,336.962,0.253,6.4,32.17
27.377,0.936,2643.058,456.9,0.262,0.003,62.141,43.166,0,0.554,0.392,0.034,0.128,0.556,0.238,0.705,-4.458e-4,0,0.002,0.353,0.351,-2.157e-4,913.659,0.001,336.976,0.254,6.4,32.17
27.409,0.971,2643.058,456.9,0.262,0.003,62.128,43.166,0,0.555,0.392,0.034,0.128,0.556,0.247,0.731,-4.899e-4,0,0.002,0.353,0.351,-1.534e-8,913.963,0.001,336.986,0.255,6.4,32.17
27.443,0.867,2643.058,456.9,0.262,0.003,62.168,43.166,0,0.555,0.392,0.034,0.128,0.556,0.22,0.652,-1.387e-5,0,0.002,0.353,0.352,2.116e-4,914.289,0.001,336.998,0.255,6.4,32.17
27.485,0.558,2643.058,456.9,0.262,0.003,62.287,43.166,0,0.555,0.392,0.034,0.129,0.555,0.14,0.418,-2.329e-4,0,0.002,0.353,0.352,7.46e-4,914.698,0.001,337.012,0.256,6.4,32.17
27.535,0.207,2643.058,456.9,0.262,0.003,62.424,43.166,0,0.555,0.392,0.034,0.129,0.555,0.052,0.155,3.4e-4,0,0.002,0.353,0.352,-9.395e-6,915.179,0.001,337.029,0.257,6.4,32.17
27.585,0.592,2643.058,456.9,0.262,0.003,62.275,43.166,0,0.555,0.392,0.034,0.129,0.556,0.149,0.446,1.229e-4,0,0.002,0.353,0.352,-7.266e-4,915.663,0.001,337.046,0.258,6.4,32.17
27.635,0.913,2643.058,456.9,0.262,0.003,62.153,43.166,0,0.556,0.392,0.035,0.129,0.557,0.232,0.687,-2.682e-4,0,0.001,0.353,0.352,-8.482e-5,916.148,0.001,337.063,0.259,6.4,32.17
27.668,0.931,2643.058,456.9,0.262,0.003,62.147,43.166,0,0.556,0.392,0.035,0.129,0.557,0.236,0.702,2.585e-4,0,0.001,0.353,0.352,3.665e-5,916.465,0.001,337.075,0.26,6.4,32.17
27.698,0.81,2643.058,456.9,0.262,0.003,62.193,43.166,0,0.556,0.392,0.035,0.129,0.557,0.205,0.609,-2.183e-4,0,0.001,0.353,0.352,3.505e-4,916.755,0.001,337.085,0.261,6.4,32.17
27.731,0.57,2643.058,456.9,0.262,0.003,62.286,43.166,0,0.556,0.392,0.035,0.129,0.556,0.143,0.428,-4.157e-4,0,0.001,0.353,0.352,7.729e-4,917.083,0.001,337.096,0.261,6.4,32.17
27.781,0.268,2643.058,456.9,0.262,0.003,62.404,43.166,0,0.556,0.392,0.035,0.129,0.556,0.067,0.201,-2.002e-4,0,0.001,0.353,0.352,-5.939e-6,917.573,0.001,337.114,0.262,6.4,32.17
27.831,0.58,2643.058,456.9,0.262,0.003,62.283,43.166,0,0.556,0.392,0.035,0.129,0.557,0.146,0.437,4.594e-4,0,0.001,0.353,0.352,-7.386e-4,918.066,0.001,337.131,0.263,6.4,32.17
27.877,0.867,2643.058,456.9,0.262,0.003,62.174,43.166,0,0.557,0.392,0.035,0.129,0.558,0.22,0.654,1.638e-4,0,0.001,0.353,0.352,-1.571e-4,918.517,0.001,337.147,0.264,6.4,32.17
27.91,0.914,2643.058,456.9,0.262,0.003,62.157,43.166,0,0.557,0.392,0.035,0.129,0.558,0.232,0.688,-1.485e-4,0,0.001,0.353,0.352,7.133e-6,918.844,0.001,337.158,0.265,6.4,32.17
27.946,0.751,2643.058,456.9,0.262,0.003,62.219,43.166,0,0.557,0.392,0.036,0.129,0.558,0.19,0.565,3.868e-4,0,0.001,0.353,0.352,3.165e-4,919.2,0.001,337.171,0.265,6.4,32.17
27.99,0.39,2643.058,456.9,0.262,0.003,62.359,43.166,0,0.557,0.392,0.036,0.129,0.557,0.098,0.292,-6.082e-5,0,0.001,0.353,0.352,6.941e-4,919.64,0.001,337.187,0.266,6.4,32.17
28.04,0.269,2643.058,456.9,0.262,0.003,62.407,43.166,0,0.557,0.392,0.036,0.129,0.557,0.067,0.203,3.781e-4,0,0.001,0.353,0.352,-5.436e-4,920.141,0.001,337.204,0.267,6.4,32.17
28.09,0.623,2643.058,456.9,0.262,0.003,62.27,43.166,0,0.557,0.392,0.036,0.129,0.558,0.157,0.469,1.549e-4,0,0.001,0.353,0.352,-4.396e-4,920.643,0.001,337.222,0.268,6.4,32.17
28.136,0.78,2643.058,456.9,0.262,0.003,62.211,43.166,0,0.558,0.392,0.036,0.129,0.559,0.197,0.587,3.943e-4,0,0.001,0.353,0.352,-9.266e-6,921.113,0.001,337.238,0.269,6.4,32.17
28.169,0.724,2643.058,456.9,0.262,0.003,62.233,43.166,0,0.558,0.392,0.036,0.129,0.559,0.183,0.545,1.697e-4,0,0.001,0.353,0.352,1.135e-4,921.443,0.001,337.25,0.27,6.4,32.17
28.204,0.531,2643.058,456.9,0.262,0.003,62.308,43.166,0,0.558,0.392,0.036,0.13,0.558,0.134,0.399,1.822e-4,0,0.001,0.353,0.352,4.926e-4,921.797,0.001,337.263,0.27,6.4,32.17
28.254,0.273,2643.058,456.9,0.262,0.003,62.409,43.166,0,0.558,0.392,0.037,0.13,0.558,0.068,0.205,3.194e-4,0,0.001,0.354,0.352,1.049e-4,922.305,0.001,337.281,0.271,6.4,32.17
28.304,0.489,2643.058,456.9,0.262,0.003,62.325,43.166,0,0.558,0.392,0.037,0.13,0.559,0.123,0.368,-1.869e-4,0,0.001,0.354,0.352,-4.34e-4,922.815,0.001,337.298,0.272,6.4,32.17
28.354,0.725,2643.058,456.9,0.262,0.003,62.235,43.166,0,0.558,0.392,0.037,0.13,0.559,0.183,0.547,-2.817e-5,0,0.001,0.354,0.352,-1.228e-4,923.327,0.001,337.317,0.273,6.4,32.17
28.398,0.747,2643.058,456.9,0.262,0.003,62.227,43.166,0,0.559,0.392,0.037,0.13,0.56,0.189,0.563,-2.917e-4,0,0.001,0.354,0.352,2.76e-5,923.775,0.001,337.332,0.274,6.4,32.17
28.435,0.604,2643.058,456.9,0.262,0.003,62.283,43.166,0,0.559,0.392,0.037,0.13,0.559,0.152,0.455,3.359e-4,0,0.001,0.354,0.352,3.102e-4,924.16,0.001,337.346,0.275,6.4,32.17
28.476,0.334,2643.058,456.9,0.262,0.003,62.388,43.166,0,0.559,0.392,0.037,0.13,0.559,0.084,0.251,3.565e-4,0,0.001,0.354,0.352,4.607e-4,924.584,0.001,337.361,0.276,6.4,32.17
28.526,0.306,2643.058,456.9,0.262,0.003,62.399,43.166,0,0.559,0.392,0.037,0.13,0.559,0.077,0.23,2.119e-4,0,0.001,0.354,0.352,-4.404e-4,925.102,0.001,337.379,0.276,6.4,32.17
28.576,0.609,2643.058,456.9,0.262,0.003,62.283,43.166,0,0.559,0.392,0.038,0.13,0.56,0.153,0.459,2.22e-4,0,0.001,0.354,0.353,-2.674e-4,925.622,0.001,337.397,0.277,6.4,32.17
28.616,0.675,2643.058,456.9,0.262,0.003,62.258,43.166,0,0.559,0.392,0.038,0.13,0.56,0.171,0.509,1.827e-4,0,0.001,0.354,0.353,-7.376e-6,926.037,0.001,337.412,0.278,6.4,32.17
28.651,0.582,2643.058,456.9,0.262,0.003,62.294,43.166,0,0.56,0.392,0.038,0.13,0.56,0.147,0.438,3.446e-4,0,0.001,0.354,0.353,8.618e-5,926.403,0.001,337.425,0.279,6.4,32.17
28.695,0.338,2643.058,456.9,0.262,0.003,62.389,43.166,0,0.56,0.392,0.038,0.13,0.56,0.085,0.255,-2.524e-4,0,0.001,0.354,0.353,3.295e-4,926.864,0.001,337.441,0.28,6.4,32.17
28.745,0.191,2643.058,456.9,0.262,0.003,62.448,43.166,0,0.56,0.392,0.038,0.13,0.56,0.048,0.144,1.312e-4,0,0.001,0.354,0.353,-1.929e-4,927.39,0.001,337.46,0.281,6.4,32.17
28.795,0.406,2643.058,456.9,0.262,0.003,62.364,43.166,0,0.56,0.392,0.038,0.13,0.56,0.102,0.307,-1.038e-4,0,0.001,0.354,0.353,-2.216e-4,927.918,0.001,337.478,0.281,6.4,32.17
28.845,0.637,2643.058,456.9,0.262,0.003,62.276,43.166,0,0.56,0.392,0.038,0.13,0.561,0.161,0.48,-1.622e-4,0,0.001,0.354,0.353,-1.176e-7,928.448,0.001,337.497,0.282,6.4,32.17
28.885,0.508,2643.058,456.9,0.262,0.003,62.326,43.166,0,0.561,0.392,0.038,0.13,0.561,0.128,0.383,-3.754e-4,0,0.001,0.354,0.353,1.668e-4,928.872,0.001,337.512,0.283,6.4,32.17
28.93,0.222,2643.058,456.9,0.262,0.003,62.438,43.166,0,0.561,0.392,0.039,0.13,0.561,0.056,0.167,2.446e-4,0,0.001,0.354,0.353,3.524e-4,929.353,0.001,337.529,0.284,6.4,32.17
28.98,0.224,2643.058,456.9,0.262,0.003,62.438,43.166,0,0.561,0.392,0.039,0.131,0.561,0.056,0.169,-1.073e-4,0,0.001,0.354,0.353,-2.874e-4,929.887,0.001,337.548,0.285,6.4,32.17
29.03,0.457,2643.058,456.9,0.262,0.003,62.348,43.166,0,0.561,0.392,0.039,0.131,0.561,0.115,0.345,2.063e-5,0,0.001,0.354,0.353,-1.479e-4,930.423,0.001,337.567,0.286,6.4,32.17
29.078,0.535,2643.058,456.9,0.262,0.003,62.318,43.166,0,0.561,0.392,0.039,0.131,0.562,0.135,0.403,-4.772e-4,0,0.001,0.354,0.353,4.451e-7,930.945,0.001,337.585,0.287,6.4,32.17
29.123,0.433,2643.058,456.9,0.262,0.003,62.358,43.166,0,0.561,0.392,0.039,0.131,0.562,0.109,0.327,2.811e-4,0,0.001,0.354,0.353,1.446e-4,931.427,0.001,337.602,0.287,6.4,32.17
29.173,0.184,2643.058,456.9,0.262,0.003,62.456,43.166,0,0.562,0.392,0.039,0.131,0.562,0.046,0.139,-4.602e-4,0,0.001,0.354,0.353,1.281e-4,931.968,0.001,337.621,0.288,6.4,32.17
29.223,0.269,2643.058,456.9,0.262,0.003,62.424,43.166,0,0.562,0.392,0.039,0.131,0.562,0.067,0.203,-1.645e-4,0,0.001,0.354,0.353,-2.571e-4,932.511,0.001,337.64,0.289,6.4,32.17
29.273,0.449,2643.058,456.9,0.262,0.003,62.354,43.166,0,0.562,0.392,0.04,0.131,0.562,0.113,0.339,4.525e-4,0,0.001,0.354,0.353,-6.162e-5,933.055,0.001,337.66,0.29,6.4,32.17
29.323,0.436,2643.058,456.9,0.262,0.003,62.36,43.166,0,0.562,0.392,0.04,0.131,0.563,0.109,0.329,-3.723e-4,0,0.001,0.354,0.353,2.418e-5,933.601,0.001,337.679,0.291,6.4,32.17
29.372,0.251,2643.058,456.9,0.262,0.003,62.433,43.166,0,0.562,0.391,0.04,0.131,0.563,0.063,0.188,-2.297e-5,0,9.882e-4,0.354,0.353,1.881e-4,934.139,0.001,337.698,0.292,6.4,32.17
29.422,0.158,2643.058,456.9,0.262,0.003,62.47,43.166,0,0.563,0.391,0.04,0.131,0.563,0.04,0.12,-1.334e-4,0,9.706e-4,0.354,0.353,-1.062e-4,934.689,0.001,337.717,0.293,6.4,32.17
29.472,0.343,2643.058,456.9,0.262,0.003,62.399,43.166,0,0.563,0.391,0.04,0.131,0.563,0.086,0.258,-2.993e-4,0,9.692e-4,0.354,0.353,-9.326e-5,935.24,0.001,337.737,0.293,6.4,32.17
29.522,0.396,2643.058,456.9,0.262,0.003,62.379,43.166,0,0.563,0.391,0.04,0.131,0.563,0.099,0.298,3.491e-4,0,9.579e-4,0.354,0.353,8.547e-7,935.792,0.001,337.756,0.294,6.4,32.17
29.572,0.306,2643.058,456.9,0.262,0.003,62.414,43.166,0,0.563,0.391,0.04,0.131,0.563,0.077,0.23,1.879e-4,0,9.389e-4,0.354,0.353,1.211e-4,936.346,0.001,337.776,0.295,6.4,32.17
29.622,0.121,2643.058,456.9,0.262,0.003,62.487,43.166,0,0.563,0.391,0.041,0.131,0.563,0.03,0.092,4.737e-4,0,9.311e-4,0.354,0.353,3.595e-5,936.902,0.001,337.795,0.296,6.4,32.17
29.672,0.243,2643.058,456.9,0.262,0.003,62.44,43.166,0,0.564,0.391,0.041,0.131,0.564,0.061,0.184,2.733e-5,0,9.193e-4,0.354,0.353,-1.552e-4,937.46,0.001,337.815,0.297,6.4,32.17
29.722,0.368,2643.058,456.9,0.262,0.003,62.392,43.166,0,0.564,0.391,0.041,0.132,0.564,0.092,0.277,4.461e-4,0,9.098e-4,0.354,0.353,-2.275e-5,938.019,0.001,337.835,0.298,6.4,32.17
29.772,0.308,2643.058,456.9,0.262,0.003,62.416,43.166,0,0.564,0.391,0.041,0.132,0.564,0.077,0.232,3.206e-4,0,8.886e-4,0.354,0.353,3.238e-5,938.58,0.001,337.854,0.298,6.4,32.17
29.822,0.112,2643.058,456.9,0.262,0.003,62.494,43.166,0,0.564,0.391,0.041,0.132,0.564,0.028,0.084,1.758e-4,0,8.798e-4,0.354,0.353,1.021e-4,939.142,0.001,337.874,0.299,6.4,32.17
29.872,0.119,2643.058,456.9,0.262,0.003,62.492,43.166,0,0.564,0.391,0.041,0.132,0.564,0.03,0.089,1.119e-4,0,8.765e-4,0.354,0.354,-1.163e-4,939.706,0.001,337.894,0.3,6.4,32.17
29.922,0.246,2643.058,456.9,0.262,0.003,62.443,43.166,0,0.565,0.391,0.041,0.132,0.565,0.062,0.185,3.644e-4,0,8.786e-4,0.354,0.354,-3.103e-5,940.272,0.001,337.914,0.301,6.4,32.17
29.972,0.252,2643.058,456.9,0.262,0.003,62.441,43.166,0,0.565,0.391,0.042,0.132,0.565,0.063,0.19,2.596e-4,0,8.694e-4,0.354,0.354,5.857e-6,940.839,0.001,337.934,0.302,6.4,32.17
30.022,0.136,2643.058,456.9,0.262,0.003,62.487,43.166,0,0.565,0.391,0.042,0.132,0.565,0.034,0.102,2.85e-4,0,8.552e-4,0.354,0.354,6.857e-5,941.408,0.001,337.954,0.303,6.4,32.17
30.072,0.083,2643.058,456.9,0.262,0.003,62.509,43.166,0,0.565,0.391,0.042,0.132,0.565,0.021,0.063,2.492e-4,0,8.389e-4,0.355,0.354,-4.871e-5,941.978,0.001,337.974,0.303,6.4,32.17
30.122,0.235,2643.058,456.9,0.262,0.003,62.45,43.166,0,0.565,0.391,0.042,0.132,0.565,0.059,0.177,-2.466e-4,0,8.239e-4,0.355,0.354,-2.434e-5,942.55,0.001,337.994,0.304,6.4,32.17
30.172,0.277,2643.058,456.9,0.262,0.003,62.434,43.166,0,0.566,0.391,0.042,0.132,0.566,0.07,0.209,4.471e-4,0,8.133e-4,0.355,0.354,7.432e-6,943.124,0.001,338.015,0.305,6.4,32.17
30.222,0.211,2643.058,456.9,0.262,0.003,62.46,43.166,0,0.566,0.391,0.042,0.132,0.566,0.053,0.159,-2.097e-4,0,7.96e-4,0.355,0.354,8.654e-5,943.699,0.001,338.035,0.306,6.4,32.17
30.272,0.096,2643.058,456.9,0.262,0.003,62.507,43.166,0,0.566,0.391,0.043,0.132,0.566,0.024,0.073,2.963e-4,0,7.864e-4,0.355,0.354,2.274e-5,944.276,0.001,338.055,0.307,6.4,32.17
30.322,0.214,2643.058,456.9,0.262,0.003,62.461,43.166,0,0.566,0.391,0.043,0.132,0.566,0.054,0.162,4.752e-4,0,7.94e-4,0.355,0.354,-1.154e-4,944.854,0.001,338.075,0.307,6.4,32.17
30.372,0.328,2643.058,456.9,0.262,0.003,62.417,43.166,0,0.566,0.391,0.043,0.132,0.567,0.082,0.247,-4.637e-5,0,7.867e-4,0.355,0.354,-6.552e-6,945.433,0.001,338.096,0.308,6.4,32.17
30.422,0.274,2643.058,456.9,0.262,0.003,62.439,43.166,0,0.567,0.391,0.043,0.132,0.567,0.069,0.207,4.914e-4,0,7.826e-4,0.355,0.354,4.26e-5,946.015,0.001,338.116,0.309,6.4,32.17
30.472,0.088,2643.058,456.9,0.262,0.003,62.512,43.166,0,0.567,0.391,0.043,0.132,0.567,0.022,0.067,-1.32e-4,0,7.64e-4,0.355,0.354,7.543e-5,946.597,0.001,338.137,0.31,6.4,32.17
30.522,0.179,2643.058,456.9,0.262,0.003,62.477,43.166,0,0.567,0.391,0.043,0.133,0.567,0.045,0.134,-1.371e-4,0,7.541e-4,0.355,0.354,-1.009e-4,947.182,0.001,338.158,0.31,6.4,32.17
30.572,0.276,2643.058,456.9,0.262,0.003,62.44,43.166,0,0.567,0.391,0.043,0.133,0.567,0.069,0.208,-1.998e-4,0,7.496e-4,0.355,0.354,-4.38e-6,947.767,0.001,338.178,0.311,6.4,32.17
30.622,0.208,2643.058,456.9,0.262,0.003,62.467,43.166,0,0.567,0.391,0.044,0.133,0.567,0.052,0.157,3.823e-4,0,7.533e-4,0.355,0.354,4.079e-5,948.355,0.001,338.199,0.312,6.4,32.17
30.672,0.039,2643.058,456.9,0.262,0.003,62.534,43.166,0,0.568,0.391,0.044,0.133,0.568,0.01,0.03,-2.16e-4,0,7.406e-4,0.355,0.354,9.991e-5,948.943,0.001,338.22,0.313,6.4,32.17
30.722,0.142,2643.058,456.9,0.262,0.003,62.494,43.166,0,0.568,0.391,0.044,0.133,0.568,0.036,0.107,2.301e-4,0,7.337e-4,0.355,0.354,-7.272e-5,949.534,0.001,338.24,0.314,6.4,32.17
30.772,0.244,2643.058,456.9,0.262,0.003,62.455,43.166,0,0.568,0.391,0.044,0.133,0.568,0.061,0.184,-4.71e-4,0,7.133e-4,0.355,0.354,-4.536e-6,950.125,0.001,338.261,0.314,6.4,32.17
30.822,0.269,2643.058,456.9,0.262,0.003,62.446,43.166,0,0.568,0.391,0.044,0.133,0.568,0.067,0.203,2.855e-4,0,6.894e-4,0.355,0.354,3.649e-5,950.719,0.001,338.282,0.315,6.4,32.17
30.872,0.155,2643.058,456.9,0.262,0.003,62.491,43.166,0,0.568,0.391,0.044,0.133,0.568,0.039,0.116,-2.355e-4,0,6.833e-4,0.355,0.354,1.781e-4,951.313,0.001,338.303,0.316,6.4,32.17
30.922,0.051,2643.058,456.9,0.262,0.003,62.533,43.166,0,0.568,0.391,0.045,0.133,0.568,0.013,0.039,-3.71e-4,0,6.797e-4,0.355,0.354,-2.255e-4,951.909,0.001,338.324,0.317,6.4,32.17
30.972,0.241,2643.058,456.9,0.262,0.003,62.459,43.166,0,0.569,0.391,0.045,0.133,0.569,0.06,0.182,2.493e-5,0,6.811e-4,0.355,0.354,-1.02e-4,952.507,0.001,338.345,0.317,6.4,32.17
31.022,0.315,2643.058,456.9,0.262,0.003,62.431,43.166,0,0.569,0.391,0.045,0.133,0.569,0.079,0.238,-2.646e-4,0,6.793e-4,0.355,0.354,-7.165e-9,953.106,0.001,338.366,0.318,6.4,32.17
31.072,0.209,2643.058,456.9,0.262,0.003,62.473,43.166,0,0.569,0.391,0.045,0.133,0.569,0.052,0.158,3.768e-4,0,6.74e-4,0.355,0.354,8.398e-5,953.706,0.001,338.388,0.319,6.4,32.17
31.122,0.03,2643.058,456.9,0.262,0.003,62.544,43.166,0,0.569,0.391,0.045,0.133,0.569,0.007,0.023,-1.404e-4,0,6.634e-4,0.355,0.354,-3.425e-5,954.308,0.001,338.409,0.319,6.4,32.17
31.172,0.199,2643.058,456.9,0.262,0.003,62.478,43.166,0,0.569,0.391,0.045,0.133,0.569,0.05,0.15,-4.132e-4,0,6.639e-4,0.355,0.354,-6.559e-5,954.926,0.001,338.43,0.32,6.4,32.17
31.222,0.246,2643.058,456.9,0.262,0.003,62.46,43.166,0,0.57,0.391,0.045,0.133,0.57,0.062,0.186,1.123e-4,0,6.652e-4,0.355,0.354,-9.348e-7,955.561,0.001,338.451,0.321,6.4,32.17
31.272,0.179,2643.058,456.9,0.262,0.003,62.487,43.166,0,0.57,0.391,0.046,0.133,0.57,0.045,0.135,2.316e-4,0,6.56e-4,0.355,0.354,3.711e-5,956.197,0.001,338.473,0.322,6.4,32.17
31.322,0.023,2643.058,456.9,0.262,0.003,62.549,43.166,0,0.57,0.391,0.046,0.134,0.57,0.006,0.017,-2.717e-4,0,6.397e-4,0.355,0.355,1.298e-5,956.835,0.001,338.494,0.322,6.4,32.17
31.372,0.154,2643.058,456.9,0.262,0.003,62.498,43.166,0,0.57,0.391,0.046,0.134,0.57,0.039,0.116,2.487e-4,0,6.375e-4,0.355,0.355,-4.562e-5,957.474,0.001,338.516,0.323,6.4,32.17
31.422,0.202,2643.058,456.9,0.262,0.003,62.48,43.166,0,0.57,0.391,0.046,0.134,0.57,0.051,0.153,2.592e-5,0,6.31e-4,0.355,0.355,0,958.115,0.001,338.537,0.324,6.4,32.17
31.472,0.172,2643.058,456.9,0.262,0.003,62.492,43.166,0,0.571,0.391,0.046,0.134,0.571,0.043,0.13,4.291e-4,0,6.112e-4,0.355,0.355,3.289e-5,958.757,0.001,338.559,0.324,6.4,32.17
31.522,0.089,2643.058,456.9,0.262,0.003,62.526,43.166,0,0.571,0.391,0.046,0.134,0.571,0.022,0.067,-4.43e-4,0,5.994e-4,0.355,0.355,6.978e-5,959.4,0.001,338.58,0.325,6.4,32.17
31.572,0.074,2643.058,456.9,0.262,0.003,62.532,43.166,0,0.571,0.391,0.046,0.134,0.571,0.018,0.056,3.511e-4,0,5.913e-4,0.355,0.355,-6.446e-5,960.045,0.001,338.602,0.326,6.4,32.17
31.622,0.187,2643.058,456.9,0.262,0.003,62.488,43.166,0,0.571,0.391,0.047,0.134,0.571,0.047,0.142,-5.035e-5,0,5.935e-4,0.355,0.355,-3.9e-5,960.691,0.001,338.624,0.327,6.4,32.17
31.672,0.208,2643.058,456.9,0.262,0.003,62.481,43.166,0,0.571,0.391,0.047,0.134,0.571,0.052,0.157,2.556e-4,0,5.848e-4,0.355,0.355,9.291e-7,961.339,0.001,338.645,0.327,6.4,32.17
31.722,0.12,2643.058,456.9,0.262,0.003,62.516,43.166,0,0.571,0.391,0.047,0.134,0.571,0.03,0.091,-5.866e-5,0,5.681e-4,0.355,0.355,6.426e-6,961.988,0.001,338.667,0.328,6.4,32.17
31.772,0.113,2643.058,456.9,0.262,0.003,62.519,43.166,0,0.572,0.391,0.047,0.134,0.572,0.028,0.086,3.626e-4,0,5.739e-4,0.355,0.355,5.031e-7,962.639,0.001,338.689,0.329,6.4,32.17
31.822,0.108,2643.058,456.9,0.262,0.003,62.522,43.166,0,0.572,0.391,0.047,0.134,0.572,0.027,0.082,1.039e-4,0,5.719e-4,0.355,0.355,-3.42e-6,963.291,0.001,338.711,0.329,6.4,32.17
31.872,0.129,2643.058,456.9,0.262,0.003,62.514,43.166,0,0.572,0.391,0.047,0.134,0.572,0.032,0.098,1.295e-4,0,5.717e-4,0.355,0.355,-2.195e-6,963.944,0.001,338.733,0.33,6.4,32.17
31.922,0.149,2643.058,456.9,0.262,0.003,62.507,43.166,0,0.572,0.391,0.047,0.134,0.572,0.037,0.113,-2.401e-4,0,5.671e-4,0.355,0.355,1.081e-6,964.599,0.001,338.755,0.331,6.4,32.17
31.972,0.1,2643.058,456.9,0.262,0.003,62.527,43.166,0,0.572,0.391,0.047,0.134,0.572,0.025,0.075,-4.952e-5,0,5.574e-4,0.355,0.355,5.224e-6,965.255,0.001,338.777,0.331,6.4,32.17
32.022,0.108,2643.058,456.9,0.262,0.003,62.525,43.166,0,0.572,0.39,0.048,0.134,0.572,0.027,0.082,-4.098e-4,0,5.463e-4,0.355,0.355,-7.222e-6,965.912,0.001,338.799,0.332,6.4,32.17
32.072,0.14,2643.058,456.9,0.262,0.003,62.512,43.166,0,0.573,0.39,0.048,0.134,0.573,0.035,0.106,-2.024e-4,0,5.448e-4,0.356,0.355,-2.211e-8,966.571,0.001,338.821,0.333,6.4,32.17
32.122,0.122,2643.058,456.9,0.262,0.003,62.52,43.166,0,0.573,0.39,0.048,0.134,0.573,0.031,0.093,4.331e-4,0,5.326e-4,0.356,0.355,7.063e-6,967.231,0.001,338.843,0.333,6.4,32.17
32.172,0.063,2643.058,456.9,0.262,0.003,62.544,43.166,0,0.573,0.39,0.048,0.134,0.573,0.016,0.048,3.027e-4,0,5.263e-4,0.356,0.355,1.271e-5,967.892,0.001,338.866,0.334,6.4,32.17
32.222,0.116,2643.058,456.9,0.262,0.003,62.524,43.166,0,0.573,0.39,0.048,0.135,0.573,0.029,0.088,-2.252e-4,0,5.27e-4,0.356,0.355,-2.792e-5,968.555,0.001,338.888,0.334,6.4,32.17
32.272,0.177,2643.058,456.9,0.262,0.003,62.5,43.166,0,0.573,0.39,0.048,0.135,0.573,0.044,0.134,-2.183e-4,0,5.233e-4,0.356,0.355,-1.712e-7,969.219,0.001,338.91,0.335,6.4,32.17
32.322,0.136,2643.058,456.9,0.262,0.003,62.517,43.166,0,0.573,0.39,0.048,0.135,0.574,0.034,0.103,4.314e-4,0,5.227e-4,0.356,0.355,3.063e-5,969.885,0.001,338.932,0.336,6.4,32.17
32.372,0.023,2643.058,456.9,0.262,0.003,62.562,43.166,0,0.574,0.39,0.049,0.135,0.574,0.006,0.017,-3.011e-4,0,5.139e-4,0.356,0.355,-1.234e-6,970.551,0.001,338.955,0.336,6.4,32.17
32.422,0.153,2643.058,456.9,0.262,0.003,62.512,43.166,0,0.574,0.39,0.049,0.135,0.574,0.038,0.115,-7.769e-5,0,4.989e-4,0.356,0.355,-2.257e-5,971.219,0.001,338.977,0.337,6.4,32.17
32.472,0.174,2643.058,456.9,0.262,0.003,62.504,43.166,0,0.574,0.39,0.049,0.135,0.574,0.044,0.132,7.449e-5,0,4.974e-4,0.356,0.355,2.412e-6,971.889,0.001,339,0.338,6.4,32.17
32.522,0.089,2643.058,456.9,0.262,0.003,62.538,43.166,0,0.574,0.39,0.049,0.135,0.574,0.022,0.068,3.476e-5,0,4.909e-4,0.356,0.355,2.369e-5,972.559,0.001,339.022,0.338,6.4,32.17
32.572,0.091,2643.058,456.9,0.262,0.003,62.538,43.166,0,0.574,0.39,0.049,0.135,0.574,0.023,0.069,3.316e-4,0,4.926e-4,0.356,0.355,-2.174e-5,973.231,0.001,339.045,0.339,6.4,32.17
32.622,0.156,2643.058,456.9,0.262,0.003,62.513,43.166,0,0.574,0.39,0.049,0.135,0.575,0.039,0.118,8.004e-5,0,4.85e-4,0.356,0.355,-1.823e-6,973.904,0.001,339.067,0.339,6.4,32.17
32.672,0.16,2643.058,456.9,0.262,0.003,62.512,43.166,0,0.575,0.39,0.049,0.135,0.575,0.04,0.121,8.615e-5,0,4.731e-4,0.356,0.355,6.011e-6,974.579,0.001,339.09,0.34,6.4,32.17
32.722,0.095,2643.058,456.9,0.262,0.003,62.538,43.166,0,0.575,0.39,0.049,0.135,0.575,0.024,0.072,3.411e-4,0,4.7e-4,0.356,0.355,1.854e-5,975.254,0.001,339.113,0.341,6.4,32.17
32.772,0.095,2643.058,456.9,0.262,0.003,62.539,43.166,0,0.575,0.39,0.05,0.135,0.575,0.024,0.071,3.775e-4,0,4.668e-4,0.356,0.355,-2.291e-5,975.931,0.001,339.136,0.341,6.4,32.17
32.822,0.176,2643.058,456.9,0.262,0.003,62.507,43.166,0,0.575,0.39,0.05,0.135,0.575,0.044,0.133,2.112e-4,0,4.667e-4,0.356,0.355,-5.848e-6,976.609,0.001,339.158,0.342,6.4,32.17
32.872,0.153,2643.058,456.9,0.262,0.003,62.517,43.166,0,0.575,0.39,0.05,0.135,0.575,0.038,0.116,-1.596e-4,0,4.572e-4,0.356,0.355,1.259e-5,977.289,0.001,339.181,0.342,6.4,32.17
32.922,0.072,2643.058,456.9,0.262,0.003,62.549,43.166,0,0.575,0.39,0.05,0.135,0.575,0.018,0.055,-4.751e-4,0,4.497e-4,0.356,0.355,-2.409e-8,977.969,0.001,339.204,0.343,6.4,32.17
32.972,0.12,2643.058,456.9,0.262,0.003,62.531,43.166,0,0.576,0.39,0.05,0.135,0.576,0.03,0.091,3.189e-4,0,4.49e-4,0.356,0.355,-9.153e-6,978.651,0.001,339.227,0.344,6.4,32.17
33.022,0.168,2643.058,456.9,0.262,0.003,62.513,43.166,0,0.576,0.39,0.05,0.135,0.576,0.042,0.128,-4.209e-4,0,4.342e-4,0.356,0.356,1.73e-6,979.334,0.001,339.25,0.344,6.4,32.17
33.072,0.122,2643.058,456.9,0.262,0.003,62.531,43.166,0,0.576,0.39,0.05,0.135,0.576,0.031,0.092,4.21e-4,0,4.248e-4,0.356,0.356,6.889e-5,980.018,0.001,339.273,0.345,6.4,32.17
33.122,0.079,2643.058,456.9,0.262,0.003,62.549,43.166,0,0.576,0.39,0.05,0.136,0.576,0.02,0.059,3.466e-4,0,4.34e-4,0.356,0.356,-9.273e-5,980.704,0.001,339.296,0.345,6.4,32.17
33.172,0.213,2643.058,456.9,0.262,0.003,62.497,43.166,0,0.576,0.39,0.051,0.136,0.576,0.053,0.162,-4.849e-4,0,4.272e-4,0.356,0.356,-1.262e-5,981.39,0.001,339.319,0.346,6.4,32.17
33.222,0.193,2643.058,456.9,0.262,0.003,62.505,43.166,0,0.576,0.39,0.051,0.136,0.576,0.048,0.147,3.806e-4,0,4.252e-4,0.356,0.356,1.633e-5,982.078,0.001,339.342,0.346,6.4,32.17
33.272,0.054,2643.058,456.9,0.262,0.003,62.561,43.166,0,0.577,0.39,0.051,0.136,0.577,0.013,0.04,-3.321e-4,0,4.227e-4,0.356,0.356,8.441e-5,982.767,0.001,339.365,0.347,6.4,32.17
33.322,0.12,2643.058,456.9,0.262,0.003,62.535,43.166,0,0.577,0.39,0.051,0.136,0.577,0.03,0.09,-8.931e-5,0,4.145e-4,0.356,0.356,-5.669e-5,983.457,0.001,339.388,0.348,6.4,32.17
33.372,0.192,2643.058,456.9,0.262,0.003,62.507,43.166,0,0.577,0.39,0.051,0.136,0.577,0.048,0.145,2.338e-5,0,4.107e-4,0.356,0.356,-1.308e-6,984.149,0.001,339.412,0.348,6.4,32.17
33.422,0.108,2643.058,456.9,0.262,0.003,62.541,43.166,0,0.577,0.39,0.051,0.136,0.577,0.027,0.081,-3.698e-4,0,3.958e-4,0.356,0.356,3.709e-5,984.841,0.001,339.435,0.349,6.4,32.17
33.472,0.077,2643.058,456.9,0.262,0.003,62.553,43.166,0,0.577,0.39,0.051,0.136,0.577,0.019,0.058,1.235e-4,0,3.931e-4,0.356,0.356,-3.501e-5,985.535,0.001,339.458,0.349,6.4,32.17
33.522,0.171,2643.058,456.9,0.262,0.003,62.517,43.166,0,0.577,0.39,0.051,0.136,0.577,0.043,0.13,-3.251e-4,0,3.973e-4,0.356,0.356,-6.842e-6,986.229,0.001,339.481,0.35,6.4,32.17
33.572,0.15,2643.058,456.9,0.262,0.003,62.526,43.166,0,0.577,0.39,0.051,0.136,0.577,0.038,0.113,-3.296e-4,0,3.961e-4,0.356,0.356,1.217e-5,986.925,0.001,339.505,0.35,6.4,32.17
33.622,0.052,2643.058,456.9,0.262,0.003,62.565,43.166,0,0.578,0.39,0.052,0.136,0.578,0.013,0.04,2.935e-4,0,3.897e-4,0.356,0.356,2.087e-5,987.622,0.001,339.528,0.351,6.4,32.17
33.672,0.084,2643.058,456.9,0.262,0.003,62.553,43.166,0,0.578,0.39,0.052,0.136,0.578,0.021,0.064,2.292e-4,0,3.831e-4,0.356,0.356,-3.32e-5,988.32,0.001,339.552,0.351,6.4,32.17
33.722,0.121,2643.058,456.9,0.262,0.003,62.539,43.166,0,0.578,0.39,0.052,0.136,0.578,0.03,0.091,-2.91e-4,0,3.768e-4,0.356,0.356,-3.064e-6,989.02,0.001,339.575,0.352,6.4,32.17
33.772,0.107,2643.058,456.9,0.262,0.003,62.545,43.166,0,0.578,0.39,0.052,0.136,0.578,0.027,0.081,3.735e-4,0,3.803e-4,0.356,0.356,5.603e-6,989.72,0.001,339.599,0.352,6.4,32.17
33.822,0.044,2643.058,456.9,0.262,0.003,62.57,43.166,0,0.578,0.39,0.052,0.136,0.578,0.011,0.033,-3.285e-4,0,3.778e-4,0.356,0.356,3.058e-5,990.421,0.001,339.622,0.353,6.4,32.17
33.872,0.085,2643.058,456.9,0.262,0.003,62.555,43.166,0,0.578,0.39,0.052,0.136,0.578,0.021,0.064,-2.288e-4,0,3.69e-4,0.356,0.356,-2.37e-5,991.124,0.001,339.646,0.353,6.4,32.17
33.922,0.144,2643.058,456.9,0.262,0.003,62.532,43.166,0,0.579,0.39,0.052,0.136,0.579,0.036,0.108,2.033e-4,0,3.642e-4,0.356,0.356,7.29e-8,991.828,0.001,339.669,0.354,6.4,32.17
33.972,0.068,2643.058,456.9,0.262,0.003,62.562,43.166,0,0.579,0.39,0.052,0.136,0.579,0.017,0.052,-2.879e-4,0,3.655e-4,0.356,0.356,2.375e-5,992.532,0.001,339.693,0.355,6.4,32.17
34.022,0.039,2643.058,456.9,0.262,0.003,62.574,43.166,0,0.579,0.39,0.053,0.136,0.579,0.01,0.03,3.39e-5,0,3.565e-4,0.356,0.356,-2.738e-5,993.238,0.001,339.717,0.355,6.4,32.17
34.072,0.111,2643.058,456.9,0.262,0.003,62.546,43.166,0,0.579,0.39,0.053,0.136,0.579,0.028,0.084,-4.227e-4,0,3.492e-4,0.356,0.356,-5.771e-6,993.945,0.001,339.741,0.356,6.4,32.17
34.122,0.114,2643.058,456.9,0.262,0.003,62.545,43.166,0,0.579,0.39,0.053,0.136,0.579,0.029,0.087,2.278e-4,0,3.499e-4,0.356,0.356,3.533e-6,994.653,0.001,339.764,0.356,6.4,32.17
34.172,0.062,2643.058,456.9,0.262,0.003,62.567,43.166,0,0.579,0.39,0.053,0.137,0.579,0.016,0.047,-2.51e-4,0,3.515e-4,0.356,0.356,4.275e-6,995.362,0.001,339.788,0.357,6.4,32.17
34.222,0.117,2643.058,456.9,0.262,0.003,62.545,43.166,0,0.579,0.39,0.053,0.137,0.579,0.029,0.089,-4.97e-4,0,3.524e-4,0.356,0.356,-4.441e-6,996.071,0.001,339.812,0.357,6.4,32.17
34.272,0.128,2643.058,456.9,0.262,0.003,62.541,43.166,0,0.58,0.39,0.053,0.137,0.58,0.032,0.097,4.63e-4,0,3.412e-4,0.356,0.356,4.048e-7,996.782,0.001,339.836,0.358,6.4,32.17
34.322,0.091,2643.058,456.9,0.262,0.003,62.557,43.166,0,0.58,0.39,0.053,0.137,0.58,0.023,0.068,-2.592e-4,0,3.364e-4,0.356,0.356,1.357e-7,997.494,0.001,339.86,0.358,6.4,32.17
34.372,0.079,2643.058,456.9,0.262,0.003,62.562,43.166,0,0.58,0.39,0.053,0.137,0.58,0.02,0.06,1.014e-4,0,3.363e-4,0.356,0.356,-5.885e-7,998.208,0.001,339.884,0.359,6.4,32.17
34.422,0.121,2643.058,456.9,0.262,0.003,62.546,43.166,0,0.58,0.39,0.054,0.137,0.58,0.03,0.092,1.876e-4,0,3.245e-4,0.357,0.356,-8.838e-7,998.922,0.001,339.908,0.359,6.4,32.17
34.472,0.15,2643.058,456.9,0.262,0.003,62.535,43.166,0,0.58,0.39,0.054,0.137,0.58,0.038,0.114,4.276e-4,0,3.19e-4,0.357,0.356,8.409e-6,999.637,0.001,339.932,0.359,6.4,32.17
34.522,0.093,2643.058,456.9,0.262,0.003,62.558,43.166,0,0.58,0.39,0.054,0.137,0.58,0.023,0.07,-1.525e-4,0,3.217e-4,0.357,0.356,2.704e-7,1000.353,0.001,339.956,0.36,6.4,32.17
34.572,0.168,2643.058,456.9,0.262,0.003,62.529,43.166,0,0.58,0.39,0.054,0.137,0.581,0.042,0.127,2.623e-4,0,3.274e-4,0.357,0.356,-1.312e-5,1001.07,0.001,339.98,0.36,6.4,32.17
34.622,0.189,2643.058,456.9,0.262,0.003,62.521,43.166,0,0.581,0.39,0.054,0.137,0.581,0.047,0.143,-4.332e-4,0,3.197e-4,0.357,0.356,8.839e-6,1001.788,0.001,340.004,0.361,6.4,32.17
34.672,0.071,2643.058,456.9,0.262,0.003,62.568,43.166,0,0.581,0.39,0.054,0.137,0.581,0.018,0.054,1.008e-4,0,3.125e-4,0.357,0.356,1.434e-5,1002.507,0.001,340.028,0.361,6.4,32.17
34.722,0.124,2643.058,456.9,0.262,0.003,62.548,43.166,0,0.581,0.39,0.054,0.137,0.581,0.031,0.094,3.093e-4,0,3.143e-4,0.357,0.356,-2.429e-5,1003.227,0.001,340.052,0.362,6.4,32.17
34.772,0.172,2643.058,456.9,0.262,0.003,62.529,43.166,0,0.581,0.39,0.054,0.137,0.581,0.043,0.131,1.72e-4,0,3.113e-4,0.357,0.356,-8.479e-8,1003.948,0.001,340.076,0.362,6.4,32.17
34.822,0.13,2643.058,456.9,0.262,0.003,62.546,43.166,0,0.581,0.39,0.054,0.137,0.581,0.033,0.099,1.237e-4,0,2.974e-4,0.357,0.356,6.564e-6,1004.67,0.001,340.101,0.363,6.4,32.17
34.872,0.112,2643.058,456.9,0.262,0.003,62.554,43.166,0,0.581,0.39,0.055,0.137,0.581,0.028,0.085,4.388e-4,0,3.001e-4,0.357,0.356,-6.923e-7,1005.393,0.001,340.125,0.363,6.4,32.17
34.922,0.12,2643.058,456.9,0.262,0.003,62.551,43.166,0,0.581,0.39,0.055,0.137,0.581,0.03,0.091,3.021e-4,0,3.035e-4,0.357,0.356,-7.956e-6,1006.116,0.001,340.149,0.364,6.4,32.17
34.972,0.138,2643.058,456.9,0.262,0.003,62.544,43.166,0,0.582,0.39,0.055,0.137,0.582,0.035,0.105,3.931e-5,0,2.9e-4,0.357,0.356,2.193e-6,1006.841,0.001,340.174,0.364,6.4,32.17
35.022,0.094,2643.058,456.9,0.262,0.003,62.562,43.166,0,0.582,0.39,0.055,0.137,0.582,0.024,0.071,2.293e-4,0,2.803e-4,0.357,0.356,3.541e-5,1007.567,0.001,340.198,0.364,6.4,32.17
35.072,0.024,2643.058,456.9,0.262,0.003,62.59,43.166,0,0.582,0.39,0.055,0.137,0.582,0.006,0.018,-3.295e-4,0,2.78e-4,0.357,0.356,-2.576e-5,1008.293,0.001,340.222,0.365,6.4,32.17
35.122,0.125,2643.058,456.9,0.262,0.003,62.551,43.166,0,0.582,0.39,0.055,0.137,0.582,0.031,0.095,4.251e-4,0,2.802e-4,0.357,0.356,-2.501e-5,1009.021,0.001,340.247,0.365,6.4,32.17
35.172,0.169,2643.058,456.9,0.262,0.003,62.534,43.166,0,0.582,0.39,0.055,0.137,0.582,0.042,0.128,4.125e-4,0,2.83e-4,0.357,0.356,1.633e-6,1009.749,0.001,340.271,0.366,6.4,32.17
35.222,0.128,2643.058,456.9,0.262,0.003,62.551,43.166,0,0.582,0.39,0.055,0.137,0.582,0.032,0.097,2.761e-4,0,2.892e-4,0.357,0.357,4.955e-5,1010.479,0.001,340.296,0.366,6.4,32.17
35.272,0.066,2643.058,456.9,0.262,0.003,62.575,43.166,0,0.582,0.39,0.055,0.137,0.582,0.017,0.05,4.942e-4,0,2.769e-4,0.357,0.357,-5.766e-5,1011.209,0.001,340.32,0.367,6.4,32.17
35.322,0.232,2643.058,456.9,0.262,0.003,62.511,43.166,0,0.583,0.39,0.055,0.138,0.583,0.058,0.176,-3.989e-5,0,2.667e-4,0.357,0.357,-9.612e-6,1011.94,0.001,340.345,0.367,6.4,32.17
35.372,0.19,2643.058,456.9,0.262,0.003,62.528,43.166,0,0.583,0.39,0.056,0.138,0.583,0.048,0.144,-4.989e-4,0,2.666e-4,0.357,0.357,4.427e-5,1012.672,0.001,340.369,0.367,6.4,32.17
35.422,0.025,2643.058,456.9,0.262,0.003,62.593,43.166,0,0.583,0.39,0.056,0.138,0.583,0.006,0.019,6.19e-5,0,2.658e-4,0.357,0.357,-3.379e-5,1013.25,0.001,340.389,0.368,6.4,32.17
