# Time (s),Angle of attack (°),Mass (g),Motor mass (g),Longitudinal moment of inertia (kg·m²),Rotational moment of inertia (kg·m²),CP location (cm),CG location (cm),Thrust (N),Drag coefficient (​),Friction drag coefficient (​),Pressure drag coefficient (​),Base drag coefficient (​),Axial drag coefficient (​),Normal force coefficient (​),Pitch moment coefficient (​),Yaw moment coefficient (​),Side force coefficient (​),Roll moment coefficient (​),Roll forcing coefficient (​),Roll damping coefficient (​),Pitch damping coefficient (​),Air pressure (mbar),Air density (g/cm³),Speed of sound (m/s),Mach number (​),Reference length (cm),Reference area (cm²)
0,90,2993.232,807,0.302,0.003,NaN,47.265,0,0.705,0.568,0.017,0.12,0,NaN,NaN,NaN,NaN,NaN,NaN,NaN,NaN,1013.25,0.001,340.389,0.007,6.4,32.17
0.01,89.371,2992.482,806.251,0.302,0.003,NaN,47.257,64.111,0.705,0.568,0.017,0.12,2.333e-6,NaN,NaN,NaN,NaN,NaN,NaN,NaN,NaN,1013.25,0.001,340.389,0.007,6.4,32.17
0.02,83.856,2991.733,805.502,0.302,0.003,NaN,47.25,128.222,0.705,0.568,0.017,0.12,0.002,NaN,NaN,NaN,NaN,NaN,NaN,NaN,NaN,1013.25,0.001,340.389,0.007,6.4,32.17
0.03,73.394,2990.984,804.753,0.302,0.003,NaN,47.242,192.334,0.7,0.564,0.017,0.12,0.036,NaN,NaN,NaN,NaN,NaN,NaN,NaN,NaN,1013.249,0.001,340.389,0.007,6.4,32.17
0.042,56.869,2990.085,803.854,0.301,0.003,NaN,47.233,269.267,0.683,0.546,0.017,0.12,0.219,NaN,NaN,NaN,NaN,NaN,NaN,NaN,NaN,1013.248,0.001,340.389,0.008,6.4,32.17
0.045,52.777,2989.685,803.454,0.301,0.003,NaN,47.229,326.466,0.677,0.54,0.017,0.12,0.288,NaN,NaN,NaN,NaN,NaN,NaN,NaN,NaN,1013.247,0.001,340.389,0.008,6.4,32.17
0.048,47.389,2989.104,802.872,0.301,0.003,NaN,47.222,311.56,0.667,0.53,0.017,0.12,0.388,NaN,NaN,NaN,NaN,NaN,NaN,NaN,NaN,1013.247,0.001,340.389,0.009,6.4,32.17
0.054,41.164,2988.231,802,0.301,0.003,NaN,47.213,289.2,0.653,0.516,0.017,0.12,0.507,NaN,NaN,NaN,NaN,NaN,NaN,NaN,NaN,1013.245,0.001,340.389,0.01,6.4,32.17
0.062,34.711,2986.923,800.691,0.301,0.003,NaN,47.2,255.66,0.636,0.499,0.017,0.12,0.62,NaN,NaN,NaN,NaN,NaN,NaN,NaN,NaN,1013.242,0.001,340.389,0.012,6.4,32.17
0.07,30.755,2985.73,799.499,0.301,0.003,NaN,47.187,225.102,0.624,0.487,0.017,0.12,0.678,NaN,NaN,NaN,NaN,NaN,NaN,NaN,NaN,1013.239,0.001,340.389,0.013,6.4,32.17
0.08,27.052,2984.541,798.31,0.301,0.003,NaN,47.175,214.247,0.611,0.474,0.017,0.12,0.719,NaN,NaN,NaN,NaN,NaN,NaN,NaN,NaN,1013.234,0.001,340.388,0.015,6.4,32.17
0.091,24.009,2983.233,797.002,0.301,0.003,NaN,47.162,202.307,0.599,0.462,0.017,0.12,0.741,NaN,NaN,NaN,NaN,NaN,NaN,NaN,NaN,1013.228,0.001,340.388,0.017,6.4,32.17
0.101,21.779,2982.019,795.788,0.301,0.003,NaN,47.149,208.8,0.59,0.453,0.017,0.12,0.749,NaN,NaN,NaN,NaN,NaN,NaN,NaN,NaN,1013.221,0.001,340.388,0.018,6.4,32.17
0.111,19.768,2980.805,794.573,0.301,0.003,NaN,47.136,215.294,0.581,0.444,0.017,0.12,0.749,NaN,NaN,NaN,NaN,NaN,NaN,NaN,NaN,1013.214,0.001,340.388,0.02,6.4,32.17
0.121,18.018,2979.591,793.359,0.3,0.003,NaN,47.124,221.787,0.573,0.436,0.017,0.12,0.744,NaN,NaN,NaN,NaN,NaN,NaN,NaN,NaN,1013.206,0.001,340.387,0.022,6.4,32.17
0.131,16.488,2978.377,792.145,0.3,0.003,NaN,47.111,228.281,0.566,0.429,0.017,0.12,0.735,NaN,NaN,NaN,NaN,NaN,NaN,NaN,NaN,1013.198,0.001,340.387,0.023,6.4,32.17
0.14,15.27,2977.284,791.053,0.3,0.003,NaN,47.1,234.125,0.559,0.422,0.017,0.12,0.722,NaN,NaN,NaN,NaN,NaN,NaN,NaN,NaN,1013.189,0.001,340.387,0.025,6.4,32.17
0.15,14.078,2975.95,789.718,0.3,0.003,NaN,47.086,235.963,0.553,0.415,0.017,0.12,0.705,NaN,NaN,NaN,NaN,NaN,NaN,NaN,NaN,1013.179,0.001,340.387,0.027,6.4,32.17
0.16,13.1,2974.615,788.384,0.3,0.003,NaN,47.072,237.801,0.546,0.409,0.017,0.12,0.688,NaN,NaN,NaN,NaN,NaN,NaN,NaN,NaN,1013.169,0.001,340.386,0.029,6.4,32.17
0.17,12.24,2973.281,787.049,0.3,0.003,NaN,47.058,239.64,0.541,0.404,0.017,0.12,0.672,NaN,NaN,NaN,NaN,NaN,NaN,NaN,NaN,1013.157,0.001,340.386,0.031,6.4,32.17
0.18,11.503,2971.991,785.759,0.3,0.003,NaN,47.044,241.417,0.536,0.398,0.017,0.12,0.657,NaN,NaN,NaN,NaN,NaN,NaN,NaN,NaN,1013.145,0.001,340.385,0.033,6.4,32.17
0.189,10.882,2970.781,784.549,0.299,0.003,59.079,47.031,243.084,0.532,0.395,0.017,0.12,0.645,3.377,6.357,3.926e-4,0,1.225,1.225,0,0,1013.133,0.001,340.385,0.035,6.4,32.17
0.193,10.604,2970.212,783.98,0.299,0.003,59.145,47.025,243.868,0.532,0.395,0.017,0.12,0.641,3.274,6.2,-4.976e-4,0,1.225,1.225,0,5.367e-6,1013.127,0.001,340.385,0.036,6.4,32.17
0.197,10.351,2969.67,783.439,0.299,0.003,59.206,47.02,244.614,0.532,0.395,0.017,0.12,0.638,3.181,6.058,4.381e-4,0,1.225,1.225,0,1.997e-5,1013.121,0.001,340.385,0.037,6.4,32.17
0.202,10.047,2969.011,782.78,0.299,0.003,59.28,47.013,245.522,0.532,0.395,0.017,0.12,0.633,3.071,5.886,-1.49e-4,0,1.185,1.225,0.039,4.937e-5,1013.114,0.001,340.384,0.038,6.4,32.17
0.206,9.813,2968.52,782.289,0.299,0.003,59.338,47.008,244.887,0.532,0.395,0.017,0.12,0.63,2.986,5.753,4.57e-4,0,1.175,1.225,0.05,7.987e-5,1013.108,0.001,340.384,0.039,6.4,32.17
0.209,9.596,2968.046,781.814,0.299,0.003,59.392,47.003,244.272,0.532,0.395,0.017,0.12,0.627,2.908,5.63,-4.987e-4,0,1.164,1.225,0.06,1.156e-4,1013.102,0.001,340.384,0.039,6.4,32.17
0.213,9.394,2967.585,781.353,0.299,0.003,59.443,46.998,243.675,0.532,0.395,0.017,0.12,0.625,2.836,5.515,1.046e-5,0,1.154,1.225,0.07,1.556e-4,1013.097,0.001,340.384,0.04,6.4,32.17
0.216,9.204,2967.137,780.906,0.299,0.003,59.492,46.993,243.096,0.532,0.395,0.017,0.12,0.622,2.769,5.407,3.821e-4,0,1.144,1.225,0.08,1.995e-4,1013.091,0.001,340.384,0.041,6.4,32.17
0.22,9.026,2966.702,780.47,0.299,0.003,59.537,46.989,242.532,0.532,0.395,0.017,0.12,0.619,2.706,5.306,1.143e-4,0,1.135,1.225,0.09,2.465e-4,1013.086,0.001,340.383,0.041,6.4,32.17
0.223,8.859,2966.278,780.046,0.299,0.003,59.581,46.984,241.983,0.532,0.395,0.017,0.12,0.617,2.648,5.211,-2.759e-4,0,1.126,1.225,0.099,2.963e-4,1013.081,0.001,340.383,0.042,6.4,32.17
0.226,8.7,2965.863,779.632,0.299,0.003,59.622,46.98,241.446,0.532,0.395,0.017,0.12,0.615,2.592,5.12,1.574e-4,0,1.117,1.225,0.108,3.485e-4,1013.075,0.001,340.383,0.043,6.4,32.17
0.229,8.55,2965.459,779.227,0.299,0.003,59.662,46.975,240.922,0.532,0.395,0.017,0.12,0.613,2.54,5.035,2.39e-4,0,1.108,1.225,0.116,4.028e-4,1013.07,0.001,340.383,0.043,6.4,32.17
0.232,8.407,2965.063,778.832,0.299,0.003,59.699,46.971,240.41,0.532,0.395,0.017,0.12,0.611,2.491,4.953,-3.419e-5,0,1.1,1.225,0.125,4.59e-4,1013.065,0.001,340.383,0.044,6.4,32.17
0.235,8.271,2964.676,778.444,0.299,0.003,59.736,46.967,239.909,0.532,0.395,0.017,0.12,0.609,2.444,4.875,-3.077e-4,0,1.092,1.225,0.133,5.167e-4,1013.059,0.001,340.382,0.045,6.4,32.17
0.238,8.141,2964.296,778.065,0.299,0.003,59.77,46.963,239.417,0.532,0.395,0.017,0.12,0.607,2.4,4.801,-4.902e-4,0,1.084,1.225,0.141,5.758e-4,1013.054,0.001,340.382,0.045,6.4,32.17
0.241,8.017,2963.924,777.692,0.299,0.003,59.804,46.959,238.935,0.532,0.395,0.017,0.12,0.605,2.357,4.73,3.708e-4,0,1.076,1.225,0.149,6.362e-4,1013.049,0.001,340.382,0.046,6.4,32.17
0.244,7.898,2963.559,777.327,0.299,0.003,59.836,46.955,238.462,0.532,0.395,0.017,0.12,0.604,2.317,4.663,-2.43e-4,0,1.068,1.225,0.157,6.977e-4,1013.044,0.001,340.382,0.046,6.4,32.17
0.247,7.785,2963.2,776.968,0.299,0.003,59.867,46.952,237.997,0.532,0.395,0.017,0.12,0.602,2.279,4.598,-5.465e-5,0,1.061,1.225,0.164,7.602e-4,1013.039,0.001,340.382,0.047,6.4,32.17
0.25,7.675,2962.847,776.615,0.299,0.003,59.897,46.948,237.54,0.532,0.395,0.017,0.12,0.601,2.242,4.535,1.69e-4,0,1.053,1.225,0.172,8.236e-4,1013.034,0.001,340.382,0.048,6.4,32.17
0.252,7.577,2962.5,776.268,0.299,0.003,59.924,46.944,237.091,0.532,0.395,0.017,0.12,0.599,2.209,4.478,2.272e-4,0,1.046,1.225,0.179,8.877e-4,1013.029,0.001,340.381,0.048,6.4,32.17
0.255,7.484,2962.158,775.927,0.299,0.003,59.95,46.941,236.648,0.532,0.395,0.017,0.12,0.598,2.178,4.426,3.43e-4,0,1.039,1.225,0.186,9.526e-4,1013.024,0.001,340.381,0.049,6.4,32.17
0.257,7.394,2961.822,775.59,0.299,0.003,59.975,46.937,236.213,0.532,0.395,0.017,0.12,0.597,2.148,4.375,3.195e-4,0,1.032,1.225,0.193,0.001,1013.019,0.001,340.381,0.049,6.4,32.17
0.26,7.308,2961.49,775.259,0.299,0.003,59.999,46.934,235.784,0.532,0.395,0.017,0.12,0.596,2.119,4.325,2.977e-4,0,1.025,1.225,0.2,0.001,1013.014,0.001,340.381,0.05,6.4,32.17
0.262,7.224,2961.164,774.932,0.299,0.003,60.022,46.93,235.361,0.532,0.395,0.017,0.12,0.594,2.091,4.277,-3.372e-4,0,1.018,1.225,0.207,0.001,1013.009,0.001,340.381,0.05,6.4,32.17
0.265,7.142,2960.839,774.608,0.298,0.003,60.045,46.927,234.941,0.532,0.395,0.017,0.12,0.593,2.064,4.23,-9.585e-5,0,1.011,1.225,0.214,0.001,1013.004,0.001,340.381,0.051,6.4,32.17
0.267,7.062,2960.515,774.283,0.298,0.003,60.068,46.923,234.521,0.532,0.395,0.017,0.12,0.592,2.038,4.184,4.757e-4,0,1.004,1.225,0.22,0.001,1012.999,0.001,340.38,0.051,6.4,32.17
0.27,6.983,2960.191,773.959,0.298,0.003,60.09,46.92,234.101,0.532,0.395,0.017,0.12,0.591,2.012,4.139,-3.931e-5,0,0.998,1.225,0.227,0.001,1012.994,0.001,340.38,0.052,6.4,32.17
0.272,6.906,2959.866,773.635,0.298,0.003,60.112,46.916,233.681,0.532,0.395,0.017,0.12,0.59,1.987,4.094,8.953e-5,0,0.991,1.225,0.234,0.001,1012.988,0.001,340.38,0.052,6.4,32.17
0.275,6.83,2959.542,773.31,0.298,0.003,60.134,46.913,233.261,0.532,0.395,0.017,0.12,0.589,1.962,4.051,4.125e-4,0,0.984,1.225,0.24,0.002,1012.983,0.001,340.38,0.053,6.4,32.17
0.277,6.756,2959.218,772.986,0.298,0.003,60.155,46.91,232.841,0.532,0.395,0.017,0.12,0.588,1.937,4.008,-3.221e-4,0,0.978,1.225,0.247,0.002,1012.978,0.001,340.38,0.053,6.4,32.17
0.28,6.682,2958.893,772.662,0.298,0.003,60.176,46.906,232.421,0.533,0.395,0.017,0.12,0.587,1.914,3.966,2.16e-4,0,0.971,1.225,0.254,0.002,1012.973,0.001,340.38,0.054,6.4,32.17
0.282,6.61,2958.569,772.337,0.298,0.003,60.197,46.903,232.001,0.533,0.395,0.017,0.12,0.586,1.89,3.924,-1.196e-4,0,0.964,1.225,0.261,0.002,1012.967,0.001,340.379,0.054,6.4,32.17
0.285,6.539,2958.245,772.013,0.298,0.003,60.218,46.899,231.581,0.533,0.395,0.017,0.12,0.585,1.867,3.883,3.472e-4,0,0.958,1.225,0.267,0.002,1012.962,0.001,340.379,0.055,6.4,32.17
0.287,6.469,2957.92,771.689,0.298,0.003,60.238,46.896,231.161,0.533,0.395,0.017,0.12,0.584,1.845,3.844,-1.785e-4,0,0.951,1.225,0.274,0.002,1012.956,0.001,340.379,0.055,6.4,32.17
0.29,6.4,2957.596,771.364,0.298,0.003,60.258,46.892,230.741,0.533,0.395,0.017,0.12,0.583,1.822,3.804,4.552e-4,0,0.945,1.225,0.28,0.002,1012.951,0.001,340.379,0.056,6.4,32.17
0.292,6.333,2957.272,771.04,0.298,0.003,60.278,46.889,230.321,0.533,0.395,0.017,0.12,0.583,1.801,3.765,2.296e-5,0,0.938,1.225,0.287,0.002,1012.945,0.001,340.379,0.056,6.4,32.17
0.295,6.266,2956.947,770.716,0.298,0.003,60.298,46.886,229.901,0.533,0.395,0.017,0.12,0.582,1.779,3.727,-3.399e-4,0,0.931,1.225,0.294,0.002,1012.94,0.001,340.378,0.057,6.4,32.17
0.297,6.2,2956.623,770.391,0.298,0.003,60.317,46.882,229.481,0.533,0.395,0.018,0.12,0.581,1.758,3.688,-2.882e-4,0,0.925,1.225,0.3,0.002,1012.934,0.001,340.378,0.057,6.4,32.17
0.3,6.135,2956.299,770.067,0.298,0.003,60.336,46.879,229.061,0.533,0.395,0.018,0.12,0.58,1.738,3.651,-5.235e-6,0,0.918,1.225,0.307,0.002,1012.928,0.001,340.378,0.058,6.4,32.17
0.302,6.083,2955.974,769.743,0.298,0.003,60.352,46.875,228.641,0.533,0.395,0.018,0.12,0.579,1.721,3.621,2.213e-5,0,0.912,1.225,0.313,0.002,1012.923,0.001,340.378,0.058,6.4,32.17
0.305,6.032,2955.65,769.418,0.298,0.003,60.367,46.872,228.221,0.533,0.395,0.018,0.12,0.579,1.705,3.592,-7.836e-6,0,0.905,1.225,0.32,0.002,1012.917,0.001,340.378,0.059,6.4,32.17
0.307,5.982,2955.326,769.094,0.298,0.003,60.382,46.868,227.801,0.533,0.395,0.018,0.12,0.578,1.689,3.563,-4.081e-4,0,0.899,1.225,0.326,0.003,1012.911,0.001,340.378,0.059,6.4,32.17
0.31,5.932,2955.001,768.77,0.298,0.003,60.397,46.865,227.382,0.533,0.395,0.018,0.12,0.578,1.673,3.534,-8.357e-5,0,0.892,1.225,0.333,0.003,1012.905,0.001,340.377,0.06,6.4,32.17
0.312,5.883,2954.677,768.445,0.298,0.003,60.411,46.862,226.962,0.533,0.395,0.018,0.12,0.577,1.657,3.506,5.4e-5,0,0.886,1.225,0.339,0.003,1012.899,0.001,340.377,0.06,6.4,32.17
0.315,5.834,2954.353,768.121,0.298,0.003,60.426,46.858,226.542,0.533,0.395,0.018,0.12,0.576,1.642,3.479,1.389e-4,0,0.879,1.225,0.346,0.003,1012.893,0.001,340.377,0.061,6.4,32.17
0.317,5.786,2954.028,767.797,0.298,0.003,60.44,46.855,226.122,0.533,0.395,0.018,0.12,0.576,1.627,3.451,-7.837e-5,0,0.873,1.225,0.352,0.003,1012.887,0.001,340.377,0.061,6.4,32.17
0.32,5.738,2953.704,767.472,0.298,0.003,60.455,46.851,225.702,0.533,0.395,0.018,0.12,0.575,1.612,3.423,1.583e-4,0,0.866,1.225,0.359,0.003,1012.881,0.001,340.377,0.062,6.4,32.17
0.322,5.691,2953.38,767.148,0.298,0.003,60.469,46.848,225.282,0.533,0.395,0.018,0.121,0.575,1.597,3.396,3.689e-4,0,0.86,1.225,0.365,0.003,1012.875,0.001,340.376,0.062,6.4,32.17
0.325,5.645,2953.055,766.824,0.298,0.003,60.483,46.844,224.862,0.533,0.395,0.018,0.121,0.574,1.583,3.369,-2.339e-4,0,0.854,1.225,0.371,0.003,1012.869,0.001,340.376,0.063,6.4,32.17
0.327,5.599,2952.731,766.499,0.298,0.003,60.497,46.841,224.442,0.533,0.395,0.018,0.121,0.573,1.568,3.343,4.052e-4,0,0.847,1.225,0.378,0.003,1012.863,0.001,340.376,0.063,6.4,32.17
0.33,5.553,2952.407,766.175,0.298,0.003,60.511,46.837,224.022,0.533,0.395,0.018,0.121,0.573,1.554,3.317,-1.444e-4,0,0.841,1.225,0.384,0.003,1012.856,0.001,340.376,0.064,6.4,32.17
0.332,5.508,2952.082,765.851,0.298,0.003,60.525,46.834,223.602,0.533,0.395,0.018,0.121,0.572,1.54,3.291,-5.524e-5,0,0.835,1.225,0.391,0.004,1012.85,0.001,340.375,0.064,6.4,32.17
0.335,5.463,2951.758,765.526,0.298,0.003,60.538,46.831,223.182,0.533,0.395,0.018,0.121,0.572,1.526,3.265,3.761e-4,0,0.828,1.225,0.397,0.004,1012.844,0.001,340.375,0.065,6.4,32.17
0.337,5.419,2951.433,765.202,0.298,0.003,60.552,46.827,222.762,0.533,0.395,0.018,0.121,0.571,1.512,3.239,2.701e-4,0,0.822,1.225,0.403,0.004,1012.837,0.001,340.375,0.065,6.4,32.17
0.34,5.375,2951.109,764.878,0.297,0.003,60.565,46.824,222.342,0.533,0.395,0.018,0.121,0.571,1.499,3.214,-6.863e-5,0,0.816,1.225,0.409,0.004,1012.831,0.001,340.375,0.065,6.4,32.17
0.342,5.332,2950.785,764.553,0.297,0.003,60.579,46.82,221.922,0.533,0.395,0.018,0.121,0.57,1.485,3.189,3.905e-4,0,0.809,1.225,0.416,0.004,1012.824,0.001,340.375,0.066,6.4,32.17
0.345,5.289,2950.46,764.229,0.297,0.003,60.592,46.817,221.502,0.533,0.395,0.018,0.121,0.57,1.472,3.164,-4.77e-4,0,0.803,1.225,0.422,0.004,1012.818,0.001,340.374,0.066,6.4,32.17
0.349,5.22,2949.94,763.708,0.297,0.003,60.613,46.811,220.828,0.533,0.395,0.018,0.121,0.569,1.451,3.125,-2.05e-4,0,0.793,1.225,0.432,0.004,1012.807,0.001,340.374,0.067,6.4,32.17
0.352,5.169,2949.646,763.414,0.297,0.003,60.629,46.808,220.562,0.533,0.395,0.018,0.121,0.568,1.435,3.094,-6.248e-5,0,0.787,1.225,0.438,0.004,1012.8,0.001,340.374,0.068,6.4,32.17
0.354,5.111,2949.351,763.12,0.297,0.003,60.647,46.805,220.296,0.533,0.395,0.018,0.121,0.568,1.417,3.06,9.93e-5,0,0.781,1.225,0.444,0.004,1012.793,0.001,340.374,0.068,6.4,32.17
0.357,5.053,2949.057,762.826,0.297,0.003,60.665,46.802,220.03,0.533,0.395,0.018,0.121,0.567,1.399,3.027,2.79e-4,0,0.775,1.225,0.45,0.005,1012.787,0.001,340.373,0.069,6.4,32.17
0.359,4.997,2948.763,762.531,0.297,0.003,60.682,46.799,219.764,0.533,0.395,0.018,0.121,0.566,1.382,2.993,8.825e-5,0,0.769,1.225,0.457,0.005,1012.78,0.001,340.373,0.069,6.4,32.17
0.362,4.94,2948.469,762.237,0.297,0.003,60.7,46.796,219.497,0.533,0.395,0.018,0.121,0.566,1.365,2.96,1.455e-4,0,0.763,1.225,0.463,0.005,1012.773,0.001,340.373,0.07,6.4,32.17
0.364,4.884,2948.174,761.943,0.297,0.003,60.718,46.792,219.231,0.533,0.395,0.018,0.121,0.565,1.348,2.928,-3.482e-4,0,0.756,1.225,0.469,0.005,1012.766,0.001,340.373,0.07,6.4,32.17
0.367,4.829,2947.88,761.648,0.297,0.003,60.735,46.789,218.965,0.533,0.395,0.018,0.121,0.565,1.331,2.896,-4.994e-5,0,0.75,1.225,0.475,0.005,1012.759,0.001,340.372,0.07,6.4,32.17
0.369,4.774,2947.586,761.354,0.297,0.003,60.752,46.786,218.699,0.533,0.395,0.018,0.121,0.564,1.314,2.863,1.163e-4,0,0.744,1.225,0.481,0.005,1012.752,0.001,340.372,0.071,6.4,32.17
0.372,4.72,2947.291,761.06,0.297,0.003,60.769,46.783,218.433,0.533,0.395,0.018,0.121,0.563,1.298,2.831,-1.13e-4,0,0.738,1.225,0.487,0.005,1012.745,0.001,340.372,0.071,6.4,32.17
0.374,4.666,2946.997,760.766,0.297,0.003,60.786,46.78,218.167,0.533,0.395,0.018,0.121,0.563,1.282,2.799,4.698e-4,0,0.733,1.225,0.493,0.005,1012.738,0.001,340.372,0.072,6.4,32.17
0.377,4.612,2946.703,760.471,0.297,0.003,60.803,46.777,217.901,0.533,0.395,0.018,0.121,0.562,1.265,2.768,4.154e-5,0,0.727,1.225,0.499,0.005,1012.731,0.001,340.371,0.072,6.4,32.17
0.379,4.559,2946.409,760.177,0.297,0.003,60.82,46.774,217.635,0.533,0.395,0.018,0.121,0.562,1.249,2.737,-1.805e-5,0,0.721,1.225,0.505,0.005,1012.723,0.001,340.371,0.073,6.4,32.17
0.382,4.506,2946.114,759.883,0.297,0.003,60.837,46.77,217.369,0.533,0.395,0.018,0.121,0.561,1.233,2.706,1.451e-4,0,0.715,1.225,0.51,0.006,1012.716,0.001,340.371,0.073,6.4,32.17
0.384,4.453,2945.82,759.588,0.297,0.003,60.854,46.767,217.103,0.533,0.395,0.018,0.121,0.561,1.218,2.674,-2.81e-4,0,0.709,1.225,0.516,0.006,1012.709,0.001,340.371,0.074,6.4,32.17
0.387,4.401,2945.526,759.294,0.297,0.003,60.871,46.764,216.836,0.533,0.395,0.018,0.121,0.56,1.202,2.644,4.742e-4,0,0.703,1.225,0.522,0.006,1012.701,0.001,340.37,0.074,6.4,32.17
0.389,4.35,2945.231,759,0.297,0.003,60.887,46.761,216.57,0.533,0.395,0.018,0.121,0.559,1.187,2.614,4.524e-4,0,0.697,1.225,0.528,0.006,1012.694,0.001,340.37,0.075,6.4,32.17
0.392,4.298,2944.937,758.706,0.297,0.003,60.904,46.758,216.304,0.533,0.395,0.018,0.121,0.559,1.171,2.583,3.948e-4,0,0.692,1.225,0.534,0.006,1012.687,0.001,340.37,0.075,6.4,32.17
0.394,4.247,2944.643,758.411,0.297,0.003,60.92,46.755,216.038,0.533,0.395,0.018,0.121,0.558,1.156,2.553,4.628e-4,0,0.686,1.225,0.539,0.006,1012.679,0.001,340.37,0.076,6.4,32.17
0.397,4.197,2944.349,758.117,0.297,0.003,60.937,46.752,215.772,0.533,0.395,0.018,0.121,0.558,1.141,2.523,5.013e-5,0,0.68,1.225,0.545,0.006,1012.672,0.001,340.369,0.076,6.4,32.17
0.399,4.146,2944.054,757.823,0.297,0.003,60.953,46.748,215.506,0.534,0.395,0.018,0.121,0.557,1.126,2.494,-2.62e-4,0,0.675,1.225,0.551,0.006,1012.664,0.001,340.369,0.077,6.4,32.17
0.402,4.097,2943.76,757.528,0.297,0.003,60.969,46.745,215.24,0.534,0.395,0.018,0.121,0.557,1.112,2.465,-3.06e-4,0,0.669,1.225,0.556,0.006,1012.656,0.001,340.369,0.077,6.4,32.17
0.404,4.047,2943.466,757.234,0.297,0.003,60.985,46.742,214.974,0.534,0.395,0.018,0.121,0.556,1.097,2.435,6.556e-5,0,0.663,1.225,0.562,0.006,1012.649,0.001,340.369,0.077,6.4,32.17
0.407,3.998,2943.171,756.94,0.297,0.003,61.001,46.739,214.708,0.534,0.395,0.018,0.121,0.556,1.083,2.406,1.682e-4,0,0.658,1.225,0.568,0.006,1012.641,0.001,340.368,0.078,6.4,32.17
0.409,3.949,2942.877,756.646,0.297,0.003,61.017,46.736,214.441,0.534,0.395,0.018,0.121,0.556,1.068,2.377,-4.797e-4,0,0.652,1.225,0.573,0.007,1012.633,0.001,340.368,0.078,6.4,32.17
0.412,3.901,2942.583,756.351,0.297,0.003,61.033,46.733,214.175,0.534,0.395,0.018,0.121,0.555,1.054,2.349,2.425e-5,0,0.647,1.225,0.579,0.007,1012.625,0.001,340.368,0.079,6.4,32.17
0.414,3.853,2942.289,756.057,0.297,0.003,61.049,46.73,213.909,0.534,0.395,0.018,0.121,0.555,1.04,2.32,-1.544e-4,0,0.641,1.225,0.584,0.007,1012.617,0.001,340.368,0.079,6.4,32.17
0.417,3.805,2941.994,755.763,0.297,0.003,61.064,46.726,213.643,0.534,0.395,0.018,0.121,0.554,1.026,2.292,-2.098e-4,0,0.636,1.225,0.59,0.007,1012.61,0.001,340.367,0.08,6.4,32.17
0.419,3.757,2941.7,755.468,0.296,0.003,61.08,46.723,213.377,0.534,0.395,0.018,0.121,0.554,1.012,2.263,2.304e-4,0,0.63,1.226,0.595,0.007,1012.602,0.001,340.367,0.08,6.4,32.17
0.422,3.71,2941.406,755.174,0.296,0.003,61.096,46.72,213.111,0.534,0.395,0.018,0.121,0.553,0.998,2.235,-1.185e-4,0,0.625,1.226,0.601,0.007,1012.594,0.001,340.367,0.081,6.4,32.17
0.424,3.663,2941.111,754.88,0.296,0.003,61.111,46.717,212.845,0.534,0.395,0.018,0.121,0.553,0.985,2.207,-2.098e-5,0,0.62,1.226,0.606,0.007,1012.586,0.001,340.367,0.081,6.4,32.17
0.427,3.616,2940.817,754.586,0.296,0.003,61.127,46.714,212.579,0.534,0.395,0.018,0.121,0.552,0.971,2.18,-3.434e-4,0,0.614,1.226,0.611,0.007,1012.577,0.001,340.366,0.082,6.4,32.17
0.429,3.569,2940.523,754.291,0.296,0.003,61.142,46.711,212.313,0.534,0.395,0.018,0.121,0.552,0.958,2.152,-4.226e-4,0,0.609,1.226,0.617,0.007,1012.569,0.001,340.366,0.082,6.4,32.17
0.432,3.523,2940.229,753.997,0.296,0.003,61.158,46.708,212.046,0.534,0.395,0.018,0.121,0.552,0.944,2.125,1.172e-4,0,0.604,1.226,0.622,0.007,1012.561,0.001,340.366,0.082,6.4,32.17
0.434,3.477,2939.934,753.703,0.296,0.003,61.173,46.704,211.78,0.534,0.395,0.018,0.121,0.551,0.931,2.098,-3.476e-4,0,0.599,1.226,0.627,0.007,1012.553,0.001,340.365,0.083,6.4,32.17
0.437,3.431,2939.64,753.408,0.296,0.003,61.188,46.701,211.514,0.534,0.395,0.018,0.121,0.551,0.918,2.071,-2.476e-4,0,0.593,1.226,0.632,0.007,1012.545,0.001,340.365,0.083,6.4,32.17
0.439,3.386,2939.346,753.114,0.296,0.003,61.203,46.698,211.248,0.534,0.395,0.018,0.121,0.55,0.905,2.044,3.266e-4,0,0.588,1.226,0.637,0.007,1012.536,0.001,340.365,0.084,6.4,32.17
0.442,3.341,2939.051,752.82,0.296,0.003,61.219,46.695,210.982,0.534,0.395,0.018,0.121,0.55,0.892,2.017,2.862e-5,0,0.583,1.226,0.643,0.007,1012.528,0.001,340.365,0.084,6.4,32.17
0.444,3.296,2938.757,752.526,0.296,0.003,61.234,46.692,210.716,0.534,0.395,0.018,0.121,0.55,0.879,1.99,4.668e-4,0,0.578,1.226,0.648,0.007,1012.519,0.001,340.364,0.085,6.4,32.17
0.447,3.251,2938.463,752.231,0.296,0.003,61.249,46.689,210.45,0.534,0.395,0.018,0.121,0.549,0.866,1.963,2.268e-5,0,0.573,1.226,0.653,0.007,1012.511,0.001,340.364,0.085,6.4,32.17
0.449,3.207,2938.169,751.937,0.296,0.003,61.264,46.685,210.184,0.534,0.395,0.018,0.121,0.549,0.854,1.937,3.279e-4,0,0.568,1.226,0.658,0.007,1012.503,0.001,340.364,0.086,6.4,32.17
0.452,3.17,2937.874,751.643,0.296,0.003,61.276,46.682,209.918,0.534,0.395,0.018,0.121,0.549,0.843,1.915,-2.997e-4,0,0.563,1.226,0.663,0.007,1012.494,0.001,340.364,0.086,6.4,32.17
0.454,3.138,2937.58,751.348,0.296,0.003,61.287,46.679,209.652,0.534,0.395,0.018,0.121,0.548,0.834,1.896,9.05e-5,0,0.558,1.226,0.668,0.007,1012.485,0.001,340.363,0.087,6.4,32.17
0.457,3.106,2937.286,751.054,0.296,0.003,61.297,46.676,209.385,0.534,0.395,0.019,0.121,0.548,0.825,1.877,3.388e-4,0,0.553,1.226,0.673,0.007,1012.477,0.001,340.363,0.087,6.4,32.17
0.459,3.074,2936.991,750.76,0.296,0.003,61.308,46.673,209.119,0.534,0.395,0.019,0.121,0.548,0.816,1.858,-2.061e-4,0,0.548,1.226,0.678,0.008,1012.468,0.001,340.363,0.087,6.4,32.17
0.462,3.043,2936.697,750.466,0.296,0.003,61.319,46.67,208.853,0.534,0.395,0.019,0.121,0.548,0.807,1.84,-4.057e-4,0,0.543,1.226,0.682,0.008,1012.459,0.001,340.362,0.088,6.4,32.17
0.464,3.011,2936.403,750.171,0.296,0.003,61.329,46.667,208.587,0.534,0.395,0.019,0.121,0.547,0.798,1.821,1.627e-4,0,0.538,1.226,0.687,0.008,1012.451,0.001,340.362,0.088,6.4,32.17
0.467,2.98,2936.109,749.877,0.296,0.003,61.34,46.663,208.321,0.534,0.395,0.019,0.121,0.547,0.789,1.803,-2.861e-4,0,0.534,1.226,0.692,0.008,1012.442,0.001,340.362,0.089,6.4,32.17
0.469,2.949,2935.814,749.583,0.296,0.003,61.351,46.66,208.055,0.534,0.395,0.019,0.121,0.547,0.78,1.784,-1.714e-4,0,0.529,1.226,0.697,0.007,1012.433,0.001,340.361,0.089,6.4,32.17
0.472,2.918,2935.52,749.288,0.296,0.003,61.361,46.657,207.789,0.534,0.395,0.019,0.121,0.547,0.772,1.766,3.915e-4,0,0.524,1.226,0.702,0.007,1012.424,0.001,340.361,0.09,6.4,32.17
0.474,2.887,2935.226,748.994,0.296,0.003,61.372,46.654,207.523,0.534,0.395,0.019,0.121,0.547,0.763,1.747,4.466e-4,0,0.519,1.226,0.706,0.007,1012.415,0.001,340.361,0.09,6.4,32.17
0.477,2.856,2934.931,748.7,0.296,0.003,61.382,46.651,207.257,0.534,0.395,0.019,0.121,0.546,0.754,1.729,-2.31e-4,0,0.515,1.226,0.711,0.007,1012.406,0.001,340.361,0.091,6.4,32.17
0.479,2.826,2934.637,748.406,0.296,0.003,61.392,46.648,206.99,0.534,0.395,0.019,0.121,0.546,0.746,1.711,2.054e-4,0,0.51,1.226,0.716,0.007,1012.397,0.001,340.36,0.091,6.4,32.17
0.482,2.796,2934.343,748.111,0.296,0.003,61.403,46.644,206.724,0.534,0.395,0.019,0.121,0.546,0.737,1.693,8.19e-5,0,0.506,1.226,0.72,0.007,1012.388,0.001,340.36,0.091,6.4,32.17
0.484,2.766,2934.049,747.817,0.296,0.003,61.413,46.641,206.458,0.534,0.395,0.019,0.121,0.546,0.729,1.675,2.329e-4,0,0.501,1.226,0.725,0.007,1012.379,0.001,340.36,0.092,6.4,32.17
0.487,2.736,2933.754,747.523,0.296,0.003,61.423,46.638,206.192,0.534,0.395,0.019,0.121,0.545,0.721,1.658,4.487e-4,0,0.497,1.226,0.729,0.007,1012.37,0.001,340.359,0.092,6.4,32.17
0.489,2.706,2933.46,747.228,0.296,0.003,61.433,46.635,205.926,0.534,0.395,0.019,0.121,0.545,0.712,1.639,3.955e-4,0,0.492,1.226,0.734,0.007,1012.36,0.001,340.359,0.093,6.4,32.17
0.492,2.676,2933.166,746.934,0.296,0.003,61.443,46.632,205.66,0.534,0.395,0.019,0.121,0.545,0.704,1.622,3.06e-4,0,0.488,1.226,0.738,0.007,1012.351,0.001,340.359,0.093,6.4,32.17
0.494,2.647,2932.871,746.64,0.296,0.003,61.453,46.629,205.394,0.534,0.395,0.019,0.121,0.545,0.696,1.605,-7.02e-6,0,0.483,1.226,0.743,0.007,1012.342,0.001,340.358,0.094,6.4,32.17
0.497,2.618,2932.577,746.346,0.296,0.003,61.463,46.625,205.128,0.534,0.394,0.019,0.121,0.545,0.688,1.588,-1.311e-5,0,0.479,1.226,0.747,0.007,1012.332,0.001,340.358,0.094,6.4,32.17
0.499,2.589,2932.283,746.051,0.296,0.003,61.473,46.622,204.862,0.534,0.394,0.019,0.121,0.544,0.68,1.57,-1.535e-4,0,0.474,1.226,0.752,0.007,1012.323,0.001,340.358,0.095,6.4,32.17
0.502,2.546,2931.989,745.757,0.295,0.003,61.488,46.619,204.596,0.534,0.394,0.019,0.121,0.544,0.668,1.545,-5.489e-5,0,0.47,1.226,0.756,0.007,1012.314,0.001,340.357,0.095,6.4,32.17
0.504,2.495,2931.694,745.463,0.295,0.003,61.505,46.616,204.329,0.535,0.394,0.019,0.121,0.544,0.654,1.514,2.824e-4,0,0.466,1.226,0.76,0.007,1012.304,0.001,340.357,0.095,6.4,32.17
0.507,2.445,2931.4,745.168,0.295,0.003,61.523,46.613,204.063,0.535,0.394,0.019,0.121,0.544,0.64,1.485,1.227e-4,0,0.461,1.226,0.765,0.007,1012.295,0.001,340.357,0.096,6.4,32.17
0.509,2.395,2931.106,744.874,0.295,0.003,61.54,46.61,203.797,0.535,0.394,0.019,0.121,0.543,0.626,1.455,-4.899e-4,0,0.457,1.226,0.769,0.006,1012.285,0.001,340.356,0.096,6.4,32.17
0.511,2.346,2930.811,744.58,0.295,0.003,61.557,46.606,203.531,0.535,0.394,0.019,0.121,0.543,0.613,1.424,-3.738e-5,0,0.453,1.226,0.773,0.006,1012.275,0.001,340.356,0.097,6.4,32.17
0.514,2.297,2930.517,744.286,0.295,0.003,61.574,46.603,203.265,0.535,0.394,0.019,0.121,0.543,0.599,1.395,-1.059e-4,0,0.449,1.226,0.777,0.006,1012.266,0.001,340.356,0.097,6.4,32.17
0.516,2.249,2930.223,743.991,0.295,0.003,61.591,46.6,202.999,0.535,0.394,0.019,0.121,0.542,0.586,1.367,-4.338e-4,0,0.445,1.226,0.781,0.006,1012.256,0.001,340.356,0.098,6.4,32.17
0.519,2.201,2929.929,743.697,0.295,0.003,61.608,46.597,202.733,0.535,0.394,0.019,0.121,0.542,0.573,1.338,-3.789e-4,0,0.441,1.226,0.785,0.006,1012.246,0.001,340.355,0.098,6.4,32.17
0.521,2.154,2929.634,743.403,0.295,0.003,61.624,46.594,202.467,0.535,0.394,0.019,0.121,0.542,0.56,1.31,4.945e-4,0,0.437,1.226,0.79,0.006,1012.237,0.001,340.355,0.098,6.4,32.17
0.524,2.108,2929.35,743.119,0.295,0.003,61.641,46.591,202.247,0.535,0.394,0.019,0.121,0.541,0.548,1.282,2.615e-4,0,0.433,1.226,0.794,0.005,1012.227,0.001,340.355,0.099,6.4,32.17
0.526,2.062,2929.082,742.851,0.295,0.003,61.657,46.588,202.095,0.535,0.394,0.019,0.121,0.541,0.535,1.255,-2.855e-4,0,0.429,1.226,0.798,0.005,1012.217,0.001,340.354,0.099,6.4,32.17
0.529,2.017,2928.814,742.583,0.295,0.003,61.673,46.585,201.944,0.535,0.394,0.019,0.121,0.541,0.523,1.228,-2.748e-4,0,0.425,1.226,0.802,0.005,1012.207,0.001,340.354,0.1,6.4,32.17
0.531,1.973,2928.546,742.314,0.295,0.003,61.688,46.582,201.793,0.535,0.394,0.019,0.121,0.541,0.511,1.202,1.902e-4,0,0.421,1.226,0.806,0.005,1012.197,0.001,340.354,0.1,6.4,32.17
0.534,1.93,2928.278,742.046,0.295,0.003,61.704,46.579,201.642,0.535,0.394,0.019,0.121,0.541,0.499,1.176,1.123e-4,0,0.417,1.226,0.809,0.005,1012.187,0.001,340.353,0.101,6.4,32.17
0.536,1.887,2928.01,741.778,0.295,0.003,61.719,46.576,201.49,0.535,0.394,0.019,0.121,0.54,0.488,1.15,-3.827e-4,0,0.413,1.226,0.813,0.004,1012.177,0.001,340.353,0.101,6.4,32.17
0.539,1.846,2927.741,741.51,0.295,0.003,61.734,46.573,201.339,0.535,0.394,0.019,0.121,0.54,0.477,1.125,-4.228e-5,0,0.409,1.226,0.817,0.004,1012.167,0.001,340.353,0.101,6.4,32.17
0.541,1.805,2927.473,741.242,0.295,0.003,61.748,46.57,201.188,0.535,0.394,0.019,0.121,0.54,0.466,1.101,-1.965e-4,0,0.405,1.226,0.821,0.004,1012.157,0.001,340.352,0.102,6.4,32.17
0.544,1.765,2927.205,740.973,0.295,0.003,61.763,46.567,201.037,0.535,0.394,0.019,0.121,0.54,0.455,1.076,3.714e-4,0,0.401,1.226,0.825,0.003,1012.147,0.001,340.352,0.102,6.4,32.17
0.546,1.726,2926.937,740.705,0.295,0.003,61.777,46.565,200.885,0.535,0.394,0.019,0.121,0.54,0.444,1.053,1.927e-4,0,0.398,1.226,0.828,0.003,1012.136,0.001,340.352,0.103,6.4,32.17
0.549,1.688,2926.669,740.437,0.295,0.003,61.791,46.562,200.734,0.535,0.394,0.019,0.121,0.539,0.434,1.03,-4.284e-4,0,0.394,1.226,0.832,0.003,1012.126,0.001,340.351,0.103,6.4,32.17
0.551,1.663,2926.4,740.169,0.295,0.003,61.8,46.559,200.583,0.535,0.394,0.019,0.121,0.539,0.428,1.015,3.349e-5,0,0.39,1.226,0.836,0.003,1012.116,0.001,340.351,0.104,6.4,32.17
0.554,1.646,2926.132,739.901,0.295,0.003,61.806,46.556,200.432,0.535,0.394,0.019,0.121,0.539,0.423,1.006,3.144e-4,0,0.387,1.226,0.839,0.002,1012.106,0.001,340.35,0.104,6.4,32.17
0.556,1.63,2925.864,739.632,0.295,0.003,61.812,46.553,200.28,0.535,0.394,0.019,0.121,0.539,0.419,0.996,-3.069e-4,0,0.383,1.226,0.843,0.002,1012.095,0.001,340.35,0.104,6.4,32.17
0.559,1.615,2925.596,739.364,0.295,0.003,61.817,46.55,200.129,0.535,0.394,0.019,0.121,0.539,0.415,0.988,-2.84e-4,0,0.38,1.226,0.847,0.002,1012.085,0.001,340.35,0.105,6.4,32.17
0.561,1.601,2925.328,739.096,0.295,0.003,61.823,46.547,199.978,0.535,0.394,0.019,0.121,0.539,0.411,0.979,-3.85e-4,0,0.376,1.226,0.85,0.002,1012.074,0.001,340.349,0.105,6.4,32.17
0.564,1.587,2925.059,738.828,0.295,0.003,61.828,46.544,199.827,0.535,0.394,0.019,0.121,0.539,0.407,0.971,-2.904e-5,0,0.373,1.226,0.854,0.002,1012.064,0.001,340.349,0.106,6.4,32.17
0.566,1.574,2924.791,738.56,0.295,0.003,61.833,46.541,199.675,0.535,0.394,0.019,0.121,0.539,0.404,0.964,4.213e-4,0,0.369,1.226,0.857,0.001,1012.053,0.001,340.349,0.106,6.4,32.17
0.569,1.562,2924.523,738.291,0.295,0.003,61.837,46.538,199.524,0.535,0.394,0.019,0.121,0.539,0.401,0.957,4.643e-4,0,0.366,1.226,0.86,0.001,1012.043,0.001,340.348,0.107,6.4,32.17
0.571,1.55,2924.255,738.023,0.295,0.003,61.842,46.536,199.373,0.535,0.394,0.019,0.121,0.539,0.398,0.95,-3.402e-4,0,0.363,1.226,0.864,9.663e-4,1012.032,0.001,340.348,0.107,6.4,32.17
0.574,1.54,2923.987,737.755,0.295,0.003,61.846,46.533,199.222,0.535,0.394,0.019,0.122,0.539,0.395,0.943,-2.22e-4,0,0.359,1.226,0.867,7.971e-4,1012.021,0.001,340.348,0.107,6.4,32.17
0.576,1.53,2923.718,737.487,0.295,0.003,61.85,46.53,199.07,0.535,0.394,0.019,0.122,0.539,0.392,0.938,-3.043e-4,0,0.356,1.226,0.871,6.417e-4,1012.011,0.001,340.347,0.108,6.4,32.17
0.579,1.521,2923.45,737.219,0.295,0.003,61.853,46.527,198.919,0.535,0.394,0.019,0.122,0.539,0.39,0.934,9.264e-5,0,0.353,1.226,0.874,5.013e-4,1012,0.001,340.347,0.108,6.4,32.17
0.581,1.513,2923.182,736.951,0.295,0.003,61.857,46.524,198.768,0.535,0.394,0.02,0.122,0.539,0.388,0.928,2.472e-4,0,0.349,1.226,0.877,3.768e-4,1011.989,0.001,340.347,0.109,6.4,32.17
0.584,1.506,2922.914,736.682,0.295,0.003,61.86,46.521,198.617,0.535,0.394,0.02,0.122,0.539,0.386,0.924,4.83e-4,0,0.346,1.226,0.88,2.691e-4,1011.978,0.001,340.346,0.109,6.4,32.17
0.586,1.5,2922.646,736.414,0.295,0.003,61.863,46.518,198.465,0.535,0.394,0.02,0.122,0.539,0.384,0.921,6.662e-5,0,0.343,1.227,0.884,1.788e-4,1011.967,0.001,340.346,0.11,6.4,32.17
0.589,1.494,2922.378,736.146,0.294,0.003,61.865,46.515,198.314,0.536,0.394,0.02,0.122,0.539,0.383,0.918,-3.917e-4,0,0.34,1.227,0.887,1.066e-4,1011.956,0.001,340.345,0.11,6.4,32.17
0.591,1.49,2922.109,735.878,0.294,0.003,61.867,46.512,198.163,0.536,0.394,0.02,0.122,0.539,0.382,0.915,2.65e-4,0,0.337,1.227,0.89,5.286e-5,1011.945,0.001,340.345,0.11,6.4,32.17
0.594,1.486,2921.841,735.61,0.294,0.003,61.869,46.509,198.012,0.536,0.394,0.02,0.122,0.539,0.381,0.914,2.974e-4,0,0.334,1.227,0.893,1.776e-5,1011.934,0.001,340.345,0.111,6.4,32.17
0.596,1.483,2921.573,735.341,0.294,0.003,61.871,46.506,197.86,0.536,0.394,0.02,0.122,0.539,0.38,0.912,-2.18e-4,0,0.331,1.227,0.896,1.355e-6,1011.923,0.001,340.344,0.111,6.4,32.17
0.599,1.482,2921.305,735.073,0.294,0.003,61.872,46.504,197.709,0.536,0.394,0.02,0.122,0.539,0.379,0.911,-4.721e-4,0,0.328,1.227,0.899,-3.505e-6,1011.912,0.001,340.344,0.112,6.4,32.17
0.601,1.474,2921.037,734.805,0.294,0.003,61.876,46.501,197.558,0.536,0.394,0.02,0.122,0.539,0.377,0.907,-4.998e-4,0,0.325,1.227,0.902,-2.77e-5,1011.901,0.001,340.344,0.112,6.4,32.17
0.604,1.462,2920.768,734.537,0.294,0.003,61.881,46.498,197.407,0.536,0.394,0.02,0.122,0.539,0.374,0.9,3.001e-4,0,0.322,1.227,0.905,-7.919e-5,1011.89,0.001,340.343,0.113,6.4,32.17
0.606,1.452,2920.5,734.269,0.294,0.003,61.885,46.495,197.256,0.536,0.394,0.02,0.122,0.539,0.372,0.894,-4.968e-4,0,0.319,1.227,0.908,-1.568e-4,1011.879,0.001,340.343,0.113,6.4,32.17
0.609,1.444,2920.232,734,0.294,0.003,61.889,46.492,197.104,0.536,0.394,0.02,0.122,0.539,0.369,0.889,-9.436e-5,0,0.316,1.227,0.911,-2.596e-4,1011.867,0.001,340.342,0.113,6.4,32.17
0.611,1.436,2919.964,733.732,0.294,0.003,61.893,46.489,196.953,0.536,0.394,0.02,0.122,0.539,0.368,0.885,-2.021e-5,0,0.313,1.227,0.914,-3.867e-4,1011.856,0.001,340.342,0.114,6.4,32.17
0.614,1.431,2919.696,733.464,0.294,0.003,61.896,46.486,196.802,0.536,0.394,0.02,0.122,0.539,0.366,0.882,9.033e-5,0,0.31,1.227,0.917,-5.365e-4,1011.845,0.001,340.342,0.114,6.4,32.17
0.616,1.426,2919.427,733.196,0.294,0.003,61.899,46.483,196.651,0.536,0.394,0.02,0.122,0.539,0.365,0.879,2.708e-4,0,0.307,1.227,0.92,-7.07e-4,1011.833,0.001,340.341,0.115,6.4,32.17
0.619,1.423,2919.159,732.928,0.294,0.003,61.901,46.48,196.499,0.536,0.394,0.02,0.122,0.539,0.364,0.878,-3.882e-4,0,0.304,1.227,0.922,-8.962e-4,1011.822,0.001,340.341,0.115,6.4,32.17
0.621,1.421,2918.891,732.659,0.294,0.003,61.902,46.477,196.348,0.536,0.394,0.02,0.122,0.539,0.363,0.877,-4.381e-4,0,0.301,1.227,0.925,-0.001,1011.81,0.001,340.341,0.115,6.4,32.17
0.624,1.42,2918.623,732.391,0.294,0.003,61.903,46.474,196.197,0.536,0.394,0.02,0.122,0.539,0.363,0.877,-3.087e-4,0,0.299,1.227,0.928,-0.001,1011.799,0.001,340.34,0.116,6.4,32.17
0.626,1.421,2918.355,732.123,0.294,0.003,61.904,46.472,196.046,0.536,0.394,0.02,0.122,0.539,0.363,0.878,-2.798e-4,0,0.296,1.227,0.931,-0.002,1011.787,0.001,340.34,0.116,6.4,32.17
0.629,1.422,2918.086,731.855,0.294,0.003,61.904,46.469,195.894,0.536,0.394,0.02,0.122,0.539,0.364,0.88,-1.391e-4,0,0.293,1.227,0.934,-0.002,1011.776,0.001,340.339,0.117,6.4,32.17
0.631,1.425,2917.818,731.587,0.294,0.003,61.904,46.466,195.743,0.536,0.394,0.02,0.122,0.539,0.365,0.881,-2.24e-4,0,0.291,1.227,0.936,-0.002,1011.764,0.001,340.339,0.117,6.4,32.17
0.634,1.429,2917.55,731.319,0.294,0.003,61.903,46.463,195.592,0.536,0.394,0.02,0.122,0.539,0.366,0.884,-2.964e-4,0,0.288,1.227,0.939,-0.002,1011.752,0.001,340.339,0.118,6.4,32.17
0.636,1.434,2917.282,731.05,0.294,0.003,61.902,46.46,195.441,0.536,0.394,0.02,0.122,0.539,0.367,0.888,-4.519e-4,0,0.285,1.227,0.942,-0.003,1011.741,0.001,340.338,0.118,6.4,32.17
0.639,1.44,2917.014,730.782,0.294,0.003,61.9,46.457,195.289,0.536,0.394,0.02,0.122,0.539,0.369,0.892,-9.86e-6,0,0.283,1.227,0.944,-0.003,1011.729,0.001,340.338,0.118,6.4,32.17
0.641,1.447,2916.745,730.514,0.294,0.003,61.898,46.454,195.138,0.536,0.394,0.02,0.122,0.54,0.37,0.897,-8.543e-5,0,0.28,1.227,0.947,-0.003,1011.717,0.001,340.337,0.119,6.4,32.17
0.644,1.455,2916.477,730.246,0.294,0.003,61.896,46.451,194.987,0.536,0.394,0.02,0.122,0.54,0.372,0.901,-2.918e-4,0,0.278,1.227,0.949,-0.003,1011.705,0.001,340.337,0.119,6.4,32.17
0.646,1.463,2916.209,729.978,0.294,0.003,61.893,46.448,194.836,0.536,0.394,0.02,0.122,0.54,0.375,0.907,2.276e-4,0,0.275,1.227,0.952,-0.003,1011.693,0.001,340.337,0.12,6.4,32.17
0.649,1.473,2915.941,729.709,0.294,0.003,61.89,46.445,194.684,0.536,0.394,0.02,0.122,0.54,0.377,0.914,4.878e-4,0,0.273,1.227,0.954,-0.004,1011.681,0.001,340.336,0.12,6.4,32.17
0.651,1.485,2915.673,729.441,0.294,0.003,61.886,46.442,194.533,0.536,0.394,0.02,0.122,0.54,0.38,0.922,3.73e-4,0,0.27,1.227,0.957,-0.004,1011.669,0.001,340.336,0.12,6.4,32.17
0.654,1.499,2915.405,729.173,0.294,0.003,61.881,46.439,194.382,0.536,0.394,0.02,0.122,0.54,0.384,0.931,-8.002e-5,0,0.268,1.227,0.959,-0.004,1011.657,0.001,340.335,0.121,6.4,32.17
0.656,1.514,2915.136,728.905,0.294,0.003,61.876,46.436,194.231,0.536,0.394,0.02,0.122,0.54,0.388,0.941,-2.571e-5,0,0.265,1.227,0.962,-0.004,1011.645,0.001,340.335,0.121,6.4,32.17
0.659,1.529,2914.868,728.637,0.294,0.003,61.87,46.434,194.079,0.536,0.394,0.02,0.122,0.54,0.392,0.951,2.712e-4,0,0.263,1.227,0.964,-0.004,1011.633,0.001,340.335,0.122,6.4,32.17
0.661,1.544,2914.6,728.368,0.294,0.003,61.865,46.431,193.928,0.537,0.394,0.02,0.122,0.54,0.396,0.96,2.411e-4,0,0.261,1.227,0.966,-0.004,1011.621,0.001,340.334,0.122,6.4,32.17
0.664,1.56,2914.332,728.1,0.294,0.003,61.859,46.428,193.777,0.537,0.394,0.02,0.122,0.54,0.4,0.97,9.102e-5,0,0.258,1.227,0.969,-0.004,1011.609,0.001,340.334,0.123,6.4,32.17
0.666,1.576,2914.064,727.832,0.294,0.003,61.854,46.425,193.626,0.537,0.394,0.02,0.122,0.54,0.405,0.98,-3.774e-5,0,0.256,1.227,0.971,-0.004,1011.597,0.001,340.333,0.123,6.4,32.17
0.669,1.591,2913.795,727.564,0.294,0.003,61.848,46.422,193.474,0.537,0.394,0.02,0.122,0.541,0.409,0.99,2.154e-4,0,0.254,1.227,0.973,-0.004,1011.584,0.001,340.333,0.123,6.4,32.17
0.671,1.608,2913.527,727.296,0.294,0.003,61.842,46.419,193.323,0.537,0.394,0.02,0.122,0.541,0.413,1,1.435e-4,0,0.252,1.227,0.976,-0.005,1011.572,0.001,340.333,0.124,6.4,32.17
0.674,1.624,2913.259,727.027,0.294,0.003,61.836,46.416,193.172,0.537,0.394,0.02,0.122,0.541,0.417,1.01,-3.361e-4,0,0.249,1.227,0.978,-0.005,1011.56,0.001,340.332,0.124,6.4,32.17
0.676,1.64,2912.991,726.759,0.293,0.003,61.83,46.413,193.021,0.537,0.394,0.02,0.122,0.541,0.422,1.02,-2.104e-4,0,0.247,1.227,0.98,-0.005,1011.547,0.001,340.332,0.125,6.4,32.17
0.679,1.656,2912.723,726.491,0.293,0.003,61.824,46.41,192.869,0.537,0.394,0.02,0.122,0.541,0.426,1.03,-6.851e-5,0,0.245,1.227,0.982,-0.005,1011.535,0.001,340.331,0.125,6.4,32.17
0.681,1.672,2912.454,726.223,0.293,0.003,61.818,46.407,192.718,0.537,0.394,0.021,0.122,0.541,0.43,1.04,3.309e-4,0,0.243,1.227,0.984,-0.005,1011.522,0.001,340.331,0.125,6.4,32.17
0.684,1.688,2912.186,725.955,0.293,0.003,61.812,46.404,192.567,0.537,0.394,0.021,0.122,0.541,0.435,1.051,1.751e-4,0,0.241,1.227,0.987,-0.005,1011.51,0.001,340.33,0.126,6.4,32.17
0.686,1.704,2911.918,725.686,0.293,0.003,61.806,46.401,192.416,0.537,0.394,0.021,0.122,0.541,0.439,1.061,1.946e-4,0,0.238,1.227,0.989,-0.005,1011.497,0.001,340.33,0.126,6.4,32.17
0.689,1.72,2911.65,725.418,0.293,0.003,61.8,46.398,192.265,0.537,0.394,0.021,0.122,0.542,0.443,1.071,-2.054e-4,0,0.236,1.227,0.991,-0.005,1011.485,0.001,340.33,0.127,6.4,32.17
0.691,1.736,2911.382,725.15,0.293,0.003,61.794,46.396,192.113,0.537,0.394,0.021,0.122,0.542,0.447,1.081,2.039e-5,0,0.234,1.227,0.993,-0.004,1011.472,0.001,340.329,0.127,6.4,32.17
0.694,1.752,2911.113,724.882,0.293,0.003,61.788,46.393,191.962,0.537,0.394,0.021,0.122,0.542,0.452,1.091,-9.187e-5,0,0.232,1.227,0.995,-0.004,1011.459,0.001,340.329,0.127,6.4,32.17
0.696,1.768,2910.845,724.614,0.293,0.003,61.782,46.39,191.811,0.537,0.394,0.021,0.122,0.542,0.456,1.101,2.098e-5,0,0.23,1.227,0.997,-0.004,1011.447,0.001,340.328,0.128,6.4,32.17
0.699,1.783,2910.577,724.346,0.293,0.003,61.777,46.387,191.66,0.537,0.394,0.021,0.122,0.542,0.46,1.111,2.224e-4,0,0.228,1.227,0.999,-0.004,1011.434,0.001,340.328,0.128,6.4,32.17
0.701,1.798,2910.309,724.077,0.293,0.003,61.771,46.384,191.508,0.537,0.394,0.021,0.122,0.542,0.464,1.12,-1.341e-5,0,0.226,1.227,1.001,-0.004,1011.421,0.001,340.327,0.129,6.4,32.17
0.704,1.812,2910.041,723.809,0.293,0.003,61.765,46.381,191.357,0.537,0.394,0.021,0.122,0.542,0.468,1.129,-2.029e-4,0,0.224,1.227,1.003,-0.004,1011.408,0.001,340.327,0.129,6.4,32.17
0.706,1.827,2909.772,723.541,0.293,0.003,61.76,46.378,191.206,0.537,0.394,0.021,0.122,0.542,0.472,1.138,4.344e-4,0,0.222,1.227,1.005,-0.004,1011.395,0.001,340.327,0.129,6.4,32.17
0.709,1.84,2909.504,723.273,0.293,0.003,61.755,46.375,191.055,0.537,0.394,0.021,0.122,0.542,0.475,1.146,2.037e-4,0,0.22,1.227,1.007,-0.004,1011.383,0.001,340.326,0.13,6.4,32.17
0.711,1.854,2909.236,723.005,0.293,0.003,61.75,46.372,190.903,0.537,0.394,0.021,0.122,0.543,0.479,1.154,4.024e-4,0,0.219,1.227,1.009,-0.004,1011.37,0.001,340.326,0.13,6.4,32.17
0.714,1.867,2908.968,722.736,0.293,0.003,61.744,46.369,190.752,0.537,0.394,0.021,0.122,0.543,0.483,1.164,-4.203e-4,0,0.217,1.227,1.011,-0.004,1011.357,0.001,340.325,0.131,6.4,32.17
0.716,1.88,2908.7,722.468,0.293,0.003,61.74,46.366,190.601,0.537,0.394,0.021,0.122,0.543,0.486,1.171,3.878e-4,0,0.215,1.227,1.013,-0.004,1011.344,0.001,340.325,0.131,6.4,32.17
0.719,1.893,2908.432,722.2,0.293,0.003,61.735,46.363,190.45,0.537,0.394,0.021,0.122,0.543,0.49,1.179,7.627e-5,0,0.213,1.227,1.015,-0.003,1011.33,0.001,340.324,0.131,6.4,32.17
0.721,1.905,2908.163,721.932,0.293,0.003,61.73,46.36,190.298,0.537,0.394,0.021,0.122,0.543,0.493,1.187,-7.012e-5,0,0.211,1.227,1.016,-0.003,1011.317,0.001,340.324,0.132,6.4,32.17
0.724,1.917,2907.895,721.664,0.293,0.003,61.725,46.357,190.147,0.537,0.394,0.021,0.122,0.543,0.496,1.194,2.011e-4,0,0.209,1.227,1.018,-0.003,1011.304,0.001,340.324,0.132,6.4,32.17
0.726,1.928,2907.627,721.395,0.293,0.003,61.721,46.354,189.996,0.537,0.394,0.021,0.122,0.543,0.499,1.202,3.374e-4,0,0.208,1.228,1.02,-0.003,1011.291,0.001,340.323,0.133,6.4,32.17
0.729,1.939,2907.359,721.127,0.293,0.003,61.717,46.352,189.845,0.537,0.394,0.021,0.122,0.543,0.502,1.209,-4.445e-4,0,0.206,1.228,1.022,-0.003,1011.278,0.001,340.323,0.133,6.4,32.17
0.731,1.95,2907.091,720.859,0.293,0.003,61.713,46.349,189.693,0.537,0.394,0.021,0.122,0.543,0.505,1.215,6.087e-5,0,0.204,1.228,1.024,-0.003,1011.264,0.001,340.322,0.133,6.4,32.17
0.734,1.96,2906.822,720.591,0.293,0.003,61.709,46.346,189.542,0.538,0.394,0.021,0.122,0.543,0.508,1.221,4.665e-4,0,0.202,1.228,1.025,-0.003,1011.251,0.001,340.322,0.134,6.4,32.17
0.736,1.97,2906.554,720.323,0.293,0.003,61.705,46.343,189.391,0.538,0.394,0.021,0.122,0.544,0.51,1.227,2.086e-4,0,0.201,1.228,1.027,-0.003,1011.238,0.001,340.321,0.134,6.4,32.17
0.739,1.979,2906.286,720.054,0.293,0.003,61.701,46.34,189.24,0.538,0.394,0.021,0.122,0.544,0.513,1.233,1.257e-5,0,0.199,1.228,1.029,-0.002,1011.224,0.001,340.321,0.135,6.4,32.17
0.741,1.988,2906.018,719.786,0.293,0.003,61.698,46.337,189.088,0.538,0.394,0.021,0.122,0.544,0.515,1.239,-2.919e-4,0,0.197,1.228,1.03,-0.002,1011.211,0.001,340.32,0.135,6.4,32.17
0.744,1.996,2905.75,719.518,0.293,0.003,61.695,46.334,188.937,0.538,0.394,0.021,0.122,0.544,0.517,1.244,-5.497e-5,0,0.196,1.228,1.032,-0.002,1011.198,0.001,340.32,0.135,6.4,32.17
0.746,2.003,2905.481,719.25,0.293,0.003,61.692,46.331,188.786,0.538,0.394,0.021,0.122,0.544,0.519,1.249,-3.886e-4,0,0.194,1.228,1.034,-0.002,1011.184,0.001,340.32,0.136,6.4,32.17
0.749,2.011,2905.213,718.982,0.293,0.003,61.689,46.328,188.635,0.538,0.394,0.021,0.122,0.544,0.521,1.253,2.894e-6,0,0.192,1.228,1.035,-0.002,1011.17,0.001,340.319,0.136,6.4,32.17
0.751,2.018,2904.945,718.714,0.293,0.003,61.686,46.325,188.483,0.538,0.394,0.021,0.122,0.544,0.523,1.258,4.561e-5,0,0.191,1.228,1.037,-0.002,1011.157,0.001,340.319,0.137,6.4,32.17
0.754,2.026,2904.677,718.445,0.293,0.003,61.683,46.322,188.332,0.538,0.394,0.021,0.122,0.544,0.526,1.263,1.23e-4,0,0.189,1.228,1.039,-0.002,1011.143,0.001,340.318,0.137,6.4,32.17
0.756,2.033,2904.409,718.177,0.293,0.003,61.68,46.319,188.181,0.538,0.394,0.021,0.122,0.544,0.528,1.267,3.069e-4,0,0.188,1.228,1.04,-0.001,1011.13,0.001,340.318,0.137,6.4,32.17
0.759,2.04,2904.14,717.909,0.293,0.003,61.678,46.316,188.03,0.538,0.394,0.021,0.122,0.544,0.529,1.272,4.431e-5,0,0.186,1.228,1.042,-0.001,1011.116,0.001,340.317,0.138,6.4,32.17
0.761,2.046,2903.872,717.641,0.293,0.003,61.675,46.313,187.879,0.538,0.394,0.021,0.122,0.544,0.531,1.276,-3.999e-4,0,0.185,1.228,1.043,-0.001,1011.102,0.001,340.317,0.138,6.4,32.17
0.764,2.051,2903.604,717.373,0.292,0.003,61.673,46.31,187.727,0.538,0.394,0.021,0.122,0.544,0.532,1.279,-1.931e-4,0,0.183,1.228,1.045,-0.001,1011.088,0.001,340.316,0.139,6.4,32.17
0.766,2.056,2903.336,717.104,0.292,0.003,61.671,46.307,187.576,0.538,0.394,0.021,0.123,0.545,0.534,1.282,-7.757e-5,0,0.182,1.228,1.046,-0.001,1011.074,0.001,340.316,0.139,6.4,32.17
0.769,2.061,2903.068,716.836,0.292,0.003,61.67,46.304,187.425,0.538,0.394,0.021,0.123,0.545,0.535,1.285,-3.545e-4,0,0.18,1.228,1.048,-9.247e-4,1011.061,0.001,340.315,0.139,6.4,32.17
0.771,2.064,2902.8,716.568,0.292,0.003,61.668,46.301,187.274,0.538,0.394,0.021,0.123,0.545,0.536,1.288,-4.086e-4,0,0.179,1.228,1.049,-8.274e-4,1011.047,0.001,340.315,0.14,6.4,32.17
0.774,2.068,2902.531,716.3,0.292,0.003,61.667,46.299,187.122,0.538,0.394,0.021,0.123,0.545,0.537,1.29,-2.228e-4,0,0.177,1.228,1.051,-7.347e-4,1011.033,0.001,340.314,0.14,6.4,32.17
0.776,2.07,2902.263,716.032,0.292,0.003,61.666,46.296,186.971,0.538,0.394,0.022,0.123,0.545,0.538,1.292,-8.217e-5,0,0.176,1.228,1.052,-6.469e-4,1011.019,0.001,340.314,0.141,6.4,32.17
0.779,2.072,2901.995,715.763,0.292,0.003,61.665,46.293,186.82,0.538,0.394,0.022,0.123,0.545,0.538,1.293,-4.158e-4,0,0.174,1.228,1.054,-5.64e-4,1011.005,0.001,340.313,0.141,6.4,32.17
0.781,2.073,2901.727,715.495,0.292,0.003,61.665,46.29,186.669,0.538,0.394,0.022,0.123,0.545,0.539,1.295,-4.768e-4,0,0.173,1.228,1.055,-4.864e-4,1010.991,0.001,340.313,0.141,6.4,32.17
0.784,2.074,2901.459,715.227,0.292,0.003,61.664,46.287,186.517,0.538,0.394,0.022,0.123,0.545,0.539,1.294,-3.09e-4,0,0.172,1.228,1.056,-4.141e-4,1010.977,0.001,340.313,0.142,6.4,32.17
0.786,2.074,2901.19,714.959,0.292,0.003,61.664,46.284,186.366,0.538,0.394,0.022,0.123,0.545,0.539,1.295,-1.989e-4,0,0.17,1.228,1.058,-3.473e-4,1010.962,0.001,340.312,0.142,6.4,32.17
0.789,2.074,2900.922,714.691,0.292,0.003,61.664,46.281,186.215,0.538,0.394,0.022,0.123,0.545,0.539,1.295,4.357e-4,0,0.169,1.228,1.059,-2.861e-4,1010.948,0.001,340.312,0.143,6.4,32.17
0.791,2.073,2900.654,714.422,0.292,0.003,61.665,46.278,186.064,0.538,0.394,0.022,0.123,0.545,0.538,1.295,2.406e-5,0,0.167,1.228,1.061,-2.306e-4,1010.934,0.001,340.311,0.143,6.4,32.17
0.794,2.071,2900.386,714.154,0.292,0.003,61.665,46.275,185.912,0.538,0.394,0.022,0.123,0.545,0.538,1.294,2.362e-4,0,0.166,1.228,1.062,-1.81e-4,1010.92,0.001,340.311,0.143,6.4,32.17
0.796,2.069,2900.118,713.886,0.292,0.003,61.666,46.272,185.761,0.538,0.394,0.022,0.123,0.545,0.537,1.292,-4.059e-4,0,0.165,1.228,1.063,-1.372e-4,1010.905,0.001,340.31,0.144,6.4,32.17
0.799,2.066,2899.849,713.618,0.292,0.003,61.667,46.269,185.61,0.538,0.394,0.022,0.123,0.545,0.536,1.291,3.509e-4,0,0.164,1.228,1.065,-9.947e-5,1010.891,0.001,340.31,0.144,6.4,32.17
0.801,2.06,2899.581,713.35,0.292,0.003,61.669,46.266,185.459,0.539,0.394,0.022,0.123,0.545,0.535,1.288,-6.162e-5,0,0.162,1.228,1.066,-6.709e-5,1010.877,0.001,340.309,0.145,6.4,32.17
0.804,2.053,2899.313,713.081,0.292,0.003,61.672,46.263,185.307,0.539,0.394,0.022,0.123,0.545,0.533,1.283,-4.659e-4,0,0.161,1.228,1.067,-4.073e-5,1010.862,0.001,340.309,0.145,6.4,32.17
0.806,2.046,2899.045,712.813,0.292,0.003,61.675,46.26,185.156,0.539,0.394,0.022,0.123,0.545,0.531,1.279,-4.512e-4,0,0.16,1.228,1.068,-2.093e-5,1010.848,0.001,340.308,0.145,6.4,32.17
0.809,2.038,2898.777,712.545,0.292,0.003,61.678,46.257,185.005,0.539,0.394,0.022,0.123,0.545,0.529,1.274,8.503e-5,0,0.158,1.228,1.07,-7.682e-6,1010.833,0.001,340.308,0.146,6.4,32.17
0.811,2.029,2898.508,712.277,0.292,0.003,61.681,46.254,184.854,0.539,0.394,0.022,0.123,0.545,0.526,1.268,-3.331e-4,0,0.157,1.228,1.071,-9.448e-7,1010.819,0.001,340.307,0.146,6.4,32.17
0.814,2.019,2898.24,712.009,0.292,0.003,61.685,46.251,184.702,0.539,0.394,0.022,0.123,0.545,0.524,1.263,-2.07e-4,0,0.156,1.228,1.072,6.758e-7,1010.804,0.001,340.307,0.147,6.4,32.17
0.816,2.009,2897.972,711.741,0.292,0.003,61.689,46.248,184.551,0.539,0.394,0.022,0.123,0.545,0.521,1.257,1.125e-4,0,0.155,1.228,1.073,6.808e-6,1010.79,0.001,340.306,0.147,6.4,32.17
0.819,1.998,2897.704,711.472,0.292,0.003,61.693,46.245,184.4,0.539,0.394,0.022,0.123,0.545,0.518,1.25,2.754e-4,0,0.154,1.228,1.075,1.925e-5,1010.775,0.001,340.306,0.147,6.4,32.17
0.821,1.986,2897.436,711.204,0.292,0.003,61.697,46.242,184.249,0.539,0.394,0.022,0.123,0.545,0.515,1.243,-2.424e-4,0,0.152,1.228,1.076,3.79e-5,1010.76,0.001,340.305,0.148,6.4,32.17
0.824,1.973,2897.167,710.936,0.292,0.003,61.702,46.239,184.097,0.539,0.394,0.022,0.123,0.545,0.511,1.235,2.116e-4,0,0.151,1.228,1.077,6.262e-5,1010.745,0.001,340.305,0.148,6.4,32.17
0.826,1.96,2896.899,710.668,0.292,0.003,61.707,46.237,183.946,0.539,0.394,0.022,0.123,0.545,0.508,1.228,1.441e-4,0,0.15,1.228,1.078,9.327e-5,1010.731,0.001,340.304,0.148,6.4,32.17
0.829,1.947,2896.631,710.4,0.292,0.003,61.712,46.234,183.795,0.539,0.394,0.022,0.123,0.545,0.504,1.219,-2.967e-5,0,0.149,1.228,1.079,1.297e-4,1010.716,0.001,340.304,0.149,6.4,32.17
0.831,1.932,2896.363,710.131,0.292,0.003,61.718,46.231,183.644,0.539,0.394,0.022,0.123,0.545,0.5,1.211,-2.533e-4,0,0.148,1.228,1.081,1.716e-4,1010.701,0.001,340.303,0.149,6.4,32.17
0.834,1.917,2896.095,709.863,0.292,0.003,61.724,46.228,183.492,0.539,0.394,0.022,0.123,0.545,0.496,1.202,1.323e-4,0,0.147,1.228,1.082,2.19e-4,1010.686,0.001,340.303,0.15,6.4,32.17
0.837,1.898,2895.773,709.541,0.292,0.003,61.731,46.224,183.311,0.539,0.394,0.022,0.123,0.545,0.491,1.19,3.798e-4,0,0.145,1.228,1.083,2.825e-4,1010.668,0.001,340.302,0.15,6.4,32.17
0.839,1.882,2895.531,709.3,0.292,0.003,61.737,46.221,183.175,0.539,0.394,0.022,0.123,0.545,0.487,1.179,4.07e-4,0,0.144,1.228,1.084,3.407e-4,1010.653,0.001,340.302,0.15,6.4,32.17
0.842,1.865,2895.289,709.058,0.292,0.003,61.744,46.219,183.039,0.539,0.394,0.022,0.123,0.545,0.482,1.169,2.493e-4,0,0.143,1.228,1.085,4.035e-4,1010.638,0.001,340.301,0.151,6.4,32.17
0.844,1.847,2895.048,708.816,0.292,0.003,61.751,46.216,182.903,0.539,0.394,0.022,0.123,0.544,0.477,1.158,4.443e-4,0,0.142,1.228,1.086,4.706e-4,1010.623,0.001,340.301,0.151,6.4,32.17
0.847,1.828,2894.806,708.574,0.292,0.003,61.758,46.213,182.767,0.539,0.394,0.022,0.123,0.544,0.472,1.147,1.488e-4,0,0.141,1.228,1.087,5.415e-4,1010.608,0.001,340.3,0.152,6.4,32.17
0.849,1.809,2894.564,708.333,0.292,0.003,61.765,46.211,182.631,0.539,0.394,0.022,0.123,0.544,0.467,1.135,4.007e-5,0,0.14,1.229,1.089,6.161e-4,1010.593,0.001,340.3,0.152,6.4,32.17
0.852,1.797,2894.322,708.091,0.291,0.003,61.77,46.208,182.495,0.539,0.394,0.022,0.123,0.544,0.464,1.128,3.003e-4,0,0.139,1.229,1.09,6.878e-4,1010.578,0.001,340.299,0.152,6.4,32.17
0.854,1.786,2894.081,707.849,0.291,0.003,61.775,46.205,182.358,0.539,0.394,0.022,0.123,0.544,0.461,1.12,2.371e-4,0,0.138,1.229,1.091,7.609e-4,1010.563,0.001,340.299,0.153,6.4,32.17
0.857,1.774,2893.839,707.607,0.291,0.003,61.779,46.203,182.222,0.539,0.394,0.022,0.123,0.544,0.458,1.114,3.394e-4,0,0.137,1.229,1.092,8.368e-4,1010.547,0.001,340.298,0.153,6.4,32.17
0.859,1.762,2893.597,707.365,0.291,0.003,61.784,46.2,182.086,0.539,0.394,0.022,0.123,0.544,0.455,1.106,-1.802e-4,0,0.136,1.229,1.093,9.153e-4,1010.532,0.001,340.298,0.154,6.4,32.17
0.862,1.75,2893.355,707.124,0.291,0.003,61.789,46.197,181.95,0.539,0.394,0.022,0.123,0.544,0.451,1.099,-5.493e-5,0,0.135,1.229,1.094,9.962e-4,1010.517,0.001,340.297,0.154,6.4,32.17
0.864,1.738,2893.113,706.882,0.291,0.003,61.794,46.195,181.814,0.54,0.394,0.023,0.123,0.544,0.448,1.09,-2.961e-4,0,0.134,1.229,1.095,0.001,1010.501,0.001,340.297,0.154,6.4,32.17
0.867,1.724,2892.872,706.64,0.291,0.003,61.799,46.192,181.678,0.54,0.394,0.023,0.123,0.544,0.444,1.083,-3.857e-4,0,0.133,1.229,1.096,0.001,1010.486,0.001,340.296,0.155,6.4,32.17
0.869,1.711,2892.63,706.398,0.291,0.003,61.805,46.189,181.542,0.54,0.394,0.023,0.123,0.544,0.441,1.075,-2.795e-4,0,0.132,1.229,1.097,0.001,1010.471,0.001,340.296,0.155,6.4,32.17
0.872,1.697,2892.388,706.157,0.291,0.003,61.81,46.187,181.406,0.54,0.394,0.023,0.123,0.544,0.437,1.066,8.051e-5,0,0.131,1.229,1.098,0.001,1010.455,0.001,340.295,0.155,6.4,32.17
0.874,1.683,2892.146,705.915,0.291,0.003,61.816,46.184,181.27,0.54,0.394,0.023,0.123,0.544,0.433,1.057,2.947e-4,0,0.13,1.229,1.098,0.001,1010.44,0.001,340.295,0.156,6.4,32.17
0.877,1.669,2891.905,705.673,0.291,0.003,61.822,46.181,181.134,0.54,0.394,0.023,0.123,0.544,0.43,1.048,-1.228e-4,0,0.129,1.229,1.099,0.002,1010.424,0.001,340.294,0.156,6.4,32.17
0.879,1.654,2891.663,705.431,0.291,0.003,61.828,46.179,180.998,0.54,0.394,0.023,0.123,0.544,0.426,1.039,-4.811e-4,0,0.128,1.229,1.1,0.002,1010.409,0.001,340.293,0.157,6.4,32.17
0.882,1.639,2891.421,705.19,0.291,0.003,61.834,46.176,180.862,0.54,0.394,0.023,0.123,0.544,0.422,1.029,-4.544e-4,0,0.128,1.229,1.101,0.002,1010.393,0.001,340.293,0.157,6.4,32.17
0.884,1.623,2891.179,704.948,0.291,0.003,61.84,46.173,180.726,0.54,0.394,0.023,0.123,0.544,0.417,1.02,1.199e-4,0,0.127,1.229,1.102,0.002,1010.377,0.001,340.292,0.157,6.4,32.17
0.887,1.607,2890.938,704.706,0.291,0.003,61.846,46.171,180.59,0.54,0.394,0.023,0.123,0.544,0.413,1.01,-1.225e-5,0,0.126,1.229,1.103,0.002,1010.362,0.001,340.292,0.158,6.4,32.17
0.889,1.591,2890.696,704.464,0.291,0.003,61.853,46.168,180.453,0.54,0.394,0.023,0.123,0.544,0.409,1,-1.779e-4,0,0.125,1.229,1.104,0.002,1010.346,0.001,340.291,0.158,6.4,32.17
0.892,1.574,2890.454,704.222,0.291,0.003,61.86,46.165,180.317,0.54,0.394,0.023,0.123,0.544,0.404,0.99,4.626e-4,0,0.124,1.229,1.105,0.002,1010.33,0.001,340.291,0.159,6.4,32.17
0.894,1.557,2890.212,703.981,0.291,0.003,61.866,46.163,180.181,0.54,0.394,0.023,0.123,0.544,0.4,0.98,-3.967e-4,0,0.123,1.229,1.106,0.002,1010.314,0.001,340.29,0.159,6.4,32.17
0.897,1.54,2889.97,703.739,0.291,0.003,61.873,46.16,180.045,0.54,0.394,0.023,0.123,0.544,0.395,0.968,-2.718e-4,0,0.122,1.229,1.107,0.002,1010.298,0.001,340.29,0.159,6.4,32.17
0.899,1.523,2889.729,703.497,0.291,0.003,61.88,46.157,179.909,0.54,0.394,0.023,0.123,0.544,0.391,0.957,3.464e-4,0,0.121,1.229,1.107,0.002,1010.283,0.001,340.289,0.16,6.4,32.17
0.902,1.494,2889.487,703.255,0.291,0.003,61.892,46.155,179.773,0.54,0.394,0.023,0.123,0.544,0.383,0.94,-1.727e-4,0,0.121,1.229,1.108,0.002,1010.267,0.001,340.289,0.16,6.4,32.17
0.904,1.463,2889.245,703.014,0.291,0.003,61.904,46.152,179.637,0.54,0.394,0.023,0.123,0.544,0.375,0.92,3.855e-4,0,0.12,1.229,1.109,0.002,1010.251,0.001,340.288,0.16,6.4,32.17
0.907,1.431,2889.003,702.772,0.291,0.003,61.916,46.149,179.501,0.54,0.394,0.023,0.123,0.544,0.367,0.9,1.842e-5,0,0.119,1.229,1.11,0.003,1010.235,0.001,340.288,0.161,6.4,32.17
0.909,1.4,2888.762,702.53,0.291,0.003,61.929,46.146,179.365,0.54,0.394,0.023,0.123,0.543,0.358,0.881,4.455e-4,0,0.118,1.229,1.111,0.003,1010.219,0.001,340.287,0.161,6.4,32.17
0.912,1.368,2888.52,702.288,0.291,0.003,61.941,46.144,179.229,0.54,0.394,0.023,0.123,0.543,0.35,0.861,3.504e-4,0,0.117,1.229,1.112,0.003,1010.203,0.001,340.287,0.162,6.4,32.17
0.914,1.336,2888.278,702.047,0.291,0.003,61.954,46.141,179.093,0.54,0.394,0.023,0.123,0.543,0.341,0.841,4.776e-4,0,0.117,1.229,1.113,0.003,1010.186,0.001,340.286,0.162,6.4,32.17
0.917,1.304,2888.036,701.805,0.291,0.003,61.967,46.138,178.957,0.54,0.394,0.023,0.123,0.543,0.333,0.82,3.825e-4,0,0.116,1.229,1.113,0.003,1010.17,0.001,340.285,0.162,6.4,32.17
0.919,1.272,2887.795,701.563,0.291,0.003,61.979,46.136,178.821,0.54,0.394,0.023,0.123,0.543,0.324,0.8,-1.117e-4,0,0.115,1.229,1.114,0.003,1010.154,0.001,340.285,0.163,6.4,32.17
0.922,1.24,2887.553,701.321,0.291,0.003,61.992,46.133,178.684,0.541,0.394,0.023,0.123,0.543,0.316,0.78,-4.519e-4,0,0.114,1.229,1.115,0.003,1010.138,0.001,340.284,0.163,6.4,32.17
0.924,1.208,2887.311,701.079,0.291,0.003,62.004,46.13,178.548,0.541,0.394,0.023,0.123,0.543,0.308,0.761,-3.361e-4,0,0.113,1.229,1.116,0.003,1010.122,0.001,340.284,0.163,6.4,32.17
0.927,1.177,2887.069,700.838,0.291,0.003,62.017,46.128,178.412,0.541,0.394,0.023,0.123,0.543,0.3,0.741,-3.361e-4,0,0.113,1.229,1.117,0.003,1010.105,0.001,340.283,0.164,6.4,32.17
0.929,1.145,2886.827,700.596,0.291,0.003,62.029,46.125,178.276,0.541,0.394,0.023,0.124,0.543,0.291,0.722,-1.119e-4,0,0.112,1.229,1.117,0.003,1010.089,0.001,340.283,0.164,6.4,32.17
0.932,1.115,2886.586,700.354,0.291,0.003,62.041,46.122,178.14,0.541,0.394,0.023,0.124,0.543,0.283,0.703,8.275e-5,0,0.111,1.229,1.118,0.003,1010.073,0.001,340.282,0.165,6.4,32.17
0.934,1.084,2886.344,700.112,0.291,0.003,62.053,46.12,178.004,0.541,0.394,0.023,0.124,0.543,0.276,0.683,1.557e-4,0,0.11,1.229,1.119,0.002,1010.056,0.001,340.282,0.165,6.4,32.17
0.937,1.055,2886.102,699.871,0.291,0.003,62.064,46.117,177.868,0.541,0.394,0.023,0.124,0.543,0.268,0.665,-8.312e-6,0,0.11,1.229,1.12,0.002,1010.04,0.001,340.281,0.165,6.4,32.17
0.939,1.026,2885.86,699.629,0.291,0.003,62.075,46.114,177.732,0.541,0.394,0.024,0.124,0.543,0.26,0.647,3.8e-4,0,0.109,1.229,1.12,0.002,1010.023,0.001,340.281,0.166,6.4,32.17
0.942,0.997,2885.619,699.387,0.291,0.003,62.086,46.112,177.596,0.541,0.394,0.024,0.124,0.543,0.253,0.629,3.54e-4,0,0.108,1.229,1.121,0.002,1010.007,0.001,340.28,0.166,6.4,32.17
0.944,0.97,2885.377,699.145,0.291,0.003,62.096,46.109,177.46,0.541,0.394,0.024,0.124,0.542,0.246,0.612,4.945e-4,0,0.107,1.229,1.122,0.002,1009.99,0.001,340.279,0.166,6.4,32.17
0.947,0.943,2885.135,698.904,0.291,0.003,62.106,46.106,177.324,0.541,0.394,0.024,0.124,0.542,0.239,0.596,-3.748e-6,0,0.107,1.229,1.123,0.002,1009.974,0.001,340.279,0.167,6.4,32.17
0.949,0.918,2884.893,698.662,0.29,0.003,62.116,46.103,177.188,0.541,0.394,0.024,0.124,0.542,0.232,0.579,-4.5e-4,0,0.106,1.229,1.123,0.002,1009.957,0.001,340.278,0.167,6.4,32.17
0.952,0.895,2884.652,698.42,0.29,0.003,62.124,46.101,177.052,0.541,0.394,0.024,0.124,0.542,0.226,0.566,3.394e-4,0,0.105,1.229,1.124,0.001,1009.94,0.001,340.278,0.168,6.4,32.17
0.954,0.874,2884.41,698.178,0.29,0.003,62.132,46.098,176.915,0.541,0.394,0.024,0.124,0.542,0.221,0.552,-2.948e-4,0,0.105,1.229,1.125,0.001,1009.924,0.001,340.277,0.168,6.4,32.17
0.957,0.853,2884.168,697.936,0.29,0.003,62.139,46.095,176.779,0.541,0.394,0.024,0.124,0.542,0.216,0.54,2.75e-4,0,0.104,1.229,1.125,0.001,1009.907,0.001,340.277,0.168,6.4,32.17
0.959,0.835,2883.926,697.695,0.29,0.003,62.145,46.093,176.643,0.541,0.394,0.024,0.124,0.542,0.211,0.528,-3.872e-4,0,0.103,1.229,1.126,8.519e-4,1009.89,0.001,340.276,0.169,6.4,32.17
0.962,0.818,2883.684,697.453,0.29,0.003,62.151,46.09,176.507,0.541,0.394,0.024,0.124,0.542,0.206,0.518,-3.146e-4,0,0.103,1.23,1.127,6.728e-4,1009.873,0.001,340.275,0.169,6.4,32.17
0.964,0.802,2883.443,697.211,0.29,0.003,62.156,46.087,176.371,0.541,0.394,0.024,0.124,0.542,0.202,0.507,-3.005e-4,0,0.102,1.23,1.127,5.049e-4,1009.856,0.001,340.275,0.169,6.4,32.17
0.967,0.788,2883.201,696.969,0.29,0.003,62.16,46.085,176.235,0.541,0.394,0.024,0.124,0.542,0.199,0.499,1.085e-4,0,0.101,1.23,1.128,3.533e-4,1009.84,0.001,340.274,0.17,6.4,32.17
0.969,0.776,2882.959,696.728,0.29,0.003,62.163,46.082,176.099,0.541,0.394,0.024,0.124,0.542,0.196,0.492,-1.595e-4,0,0.101,1.23,1.129,2.233e-4,1009.823,0.001,340.274,0.17,6.4,32.17
0.972,0.766,2882.717,696.486,0.29,0.003,62.166,46.079,175.963,0.541,0.394,0.024,0.124,0.542,0.193,0.486,4.774e-5,0,0.1,1.23,1.129,1.196e-4,1009.806,0.001,340.273,0.17,6.4,32.17
0.974,0.759,2882.476,696.244,0.29,0.003,62.168,46.077,175.827,0.541,0.394,0.024,0.124,0.542,0.191,0.481,-7.085e-5,0,0.099,1.23,1.13,4.649e-5,1009.789,0.001,340.273,0.171,6.4,32.17
0.977,0.753,2882.234,696.002,0.29,0.003,62.169,46.074,175.691,0.542,0.394,0.024,0.124,0.542,0.19,0.477,4.257e-4,0,0.099,1.23,1.131,6.888e-6,1009.772,0.001,340.272,0.171,6.4,32.17
0.979,0.749,2881.992,695.761,0.29,0.003,62.17,46.071,175.555,0.542,0.394,0.024,0.124,0.542,0.189,0.474,-1.595e-4,0,0.098,1.23,1.131,-2.561e-6,1009.755,0.001,340.272,0.172,6.4,32.17
0.982,0.747,2881.75,695.519,0.29,0.003,62.169,46.068,175.419,0.542,0.394,0.024,0.124,0.543,0.188,0.474,-3.171e-4,0,0.098,1.23,1.132,-3.374e-5,1009.738,0.001,340.271,0.172,6.4,32.17
0.984,0.747,2881.509,695.277,0.29,0.003,62.169,46.066,175.283,0.542,0.394,0.024,0.124,0.543,0.188,0.474,2.895e-4,0,0.097,1.23,1.133,-9.909e-5,1009.72,0.001,340.27,0.172,6.4,32.17
0.987,0.75,2881.267,695.035,0.29,0.003,62.167,46.063,175.147,0.542,0.394,0.024,0.124,0.543,0.189,0.476,2.058e-5,0,0.096,1.23,1.133,-1.958e-4,1009.703,0.001,340.27,0.173,6.4,32.17
0.989,0.754,2881.025,694.793,0.29,0.003,62.165,46.06,175.01,0.542,0.394,0.024,0.124,0.543,0.19,0.478,8.42e-5,0,0.096,1.23,1.134,-3.198e-4,1009.686,0.001,340.269,0.173,6.4,32.17
0.992,0.76,2880.783,694.552,0.29,0.003,62.163,46.058,174.874,0.542,0.394,0.024,0.124,0.543,0.192,0.483,2.885e-4,0,0.095,1.23,1.135,-4.661e-4,1009.669,0.001,340.269,0.173,6.4,32.17
0.994,0.768,2880.541,694.31,0.29,0.003,62.16,46.055,174.738,0.542,0.394,0.024,0.124,0.543,0.194,0.488,2.726e-4,0,0.095,1.23,1.135,-6.291e-4,1009.651,0.001,340.268,0.174,6.4,32.17
0.997,0.778,2880.3,694.068,0.29,0.003,62.156,46.052,174.602,0.542,0.394,0.024,0.124,0.543,0.196,0.494,1.716e-5,0,0.094,1.23,1.136,-8.03e-4,1009.634,0.001,340.267,0.174,6.4,32.17
0.999,0.789,2880.058,693.826,0.29,0.003,62.152,46.05,174.466,0.542,0.394,0.024,0.124,0.543,0.199,0.501,-3.149e-4,0,0.093,1.23,1.136,-9.82e-4,1009.617,0.001,340.267,0.174,6.4,32.17
1.002,0.801,2879.816,693.585,0.29,0.003,62.148,46.047,174.33,0.542,0.394,0.024,0.124,0.543,0.202,0.51,9.421e-5,0,0.093,1.23,1.137,-0.001,1009.599,0.001,340.266,0.175,6.4,32.17
1.004,0.813,2879.574,693.343,0.29,0.003,62.144,46.044,174.194,0.542,0.394,0.024,0.124,0.543,0.205,0.518,3.706e-4,0,0.092,1.23,1.138,-0.001,1009.582,0.001,340.266,0.175,6.4,32.17
1.007,0.827,2879.333,693.101,0.29,0.003,62.14,46.042,174.058,0.542,0.394,0.024,0.124,0.543,0.209,0.527,-4.141e-4,0,0.092,1.23,1.138,-0.001,1009.565,0.001,340.265,0.176,6.4,32.17
1.009,0.842,2879.091,692.859,0.29,0.003,62.135,46.039,173.922,0.542,0.394,0.024,0.124,0.543,0.213,0.536,4.273e-4,0,0.091,1.23,1.139,-0.002,1009.547,0.001,340.265,0.176,6.4,32.17
1.012,0.857,2878.849,692.618,0.29,0.003,62.13,46.036,173.786,0.542,0.394,0.025,0.124,0.543,0.217,0.547,2.025e-4,0,0.091,1.23,1.139,-0.002,1009.529,0.001,340.264,0.176,6.4,32.17
1.014,0.873,2878.607,692.376,0.29,0.003,62.125,46.033,173.65,0.542,0.394,0.025,0.124,0.543,0.221,0.557,-2.711e-4,0,0.09,1.23,1.14,-0.002,1009.512,0.001,340.263,0.177,6.4,32.17
1.017,0.89,2878.366,692.134,0.29,0.003,62.12,46.031,173.514,0.542,0.394,0.025,0.124,0.544,0.225,0.567,-9.088e-5,0,0.09,1.23,1.14,-0.002,1009.494,0.001,340.263,0.177,6.4,32.17
1.019,0.907,2878.124,691.892,0.29,0.003,62.114,46.028,173.378,0.542,0.394,0.025,0.124,0.544,0.229,0.579,4.363e-5,0,0.089,1.23,1.141,-0.002,1009.477,0.001,340.262,0.177,6.4,32.17
1.022,0.924,2877.882,691.65,0.29,0.003,62.109,46.025,173.241,0.542,0.394,0.025,0.124,0.544,0.234,0.59,1.798e-4,0,0.089,1.23,1.141,-0.002,1009.459,0.001,340.262,0.178,6.4,32.17
1.024,0.942,2877.64,691.409,0.29,0.003,62.103,46.023,173.105,0.542,0.394,0.025,0.124,0.544,0.239,0.601,4.973e-5,0,0.088,1.23,1.142,-0.002,1009.441,0.001,340.261,0.178,6.4,32.17
1.027,0.959,2877.398,691.167,0.29,0.003,62.097,46.02,172.969,0.542,0.394,0.025,0.124,0.544,0.243,0.613,3.972e-4,0,0.088,1.23,1.143,-0.002,1009.423,0.001,340.26,0.178,6.4,32.17
1.029,0.977,2877.157,690.925,0.29,0.003,62.091,46.017,172.833,0.542,0.394,0.025,0.124,0.544,0.248,0.625,-2.56e-4,0,0.087,1.23,1.143,-0.002,1009.406,0.001,340.26,0.179,6.4,32.17
1.032,0.995,2876.915,690.683,0.29,0.003,62.085,46.014,172.697,0.543,0.394,0.025,0.124,0.544,0.252,0.636,-1.033e-4,0,0.087,1.23,1.144,-0.002,1009.388,0.001,340.259,0.179,6.4,32.17
1.034,1.014,2876.673,690.442,0.29,0.003,62.08,46.012,172.561,0.543,0.394,0.025,0.124,0.544,0.257,0.648,-2.546e-4,0,0.086,1.23,1.144,-0.002,1009.37,0.001,340.259,0.18,6.4,32.17
1.037,1.031,2876.431,690.2,0.29,0.003,62.074,46.009,172.425,0.543,0.394,0.025,0.124,0.544,0.262,0.659,1.541e-4,0,0.086,1.23,1.145,-0.002,1009.352,0.001,340.258,0.18,6.4,32.17
1.039,1.049,2876.19,689.958,0.29,0.003,62.068,46.006,172.289,0.543,0.394,0.025,0.124,0.544,0.266,0.67,-6.259e-6,0,0.085,1.23,1.145,-0.002,1009.334,0.001,340.257,0.18,6.4,32.17
1.042,1.067,2875.948,689.716,0.29,0.003,62.062,46.004,172.153,0.543,0.394,0.025,0.124,0.545,0.271,0.682,-3.806e-4,0,0.085,1.23,1.146,-0.002,1009.316,0.001,340.257,0.181,6.4,32.17
1.044,1.084,2875.706,689.475,0.289,0.003,62.056,46.001,172.017,0.543,0.394,0.025,0.124,0.545,0.276,0.694,3.416e-4,0,0.084,1.23,1.146,-0.002,1009.298,0.001,340.256,0.181,6.4,32.17
1.047,1.101,2875.464,689.233,0.289,0.003,62.051,45.998,171.881,0.543,0.394,0.025,0.124,0.545,0.28,0.705,-3.067e-4,0,0.084,1.23,1.147,-0.002,1009.28,0.001,340.256,0.181,6.4,32.17
1.049,1.118,2875.223,688.991,0.289,0.003,62.045,45.996,171.745,0.543,0.394,0.025,0.124,0.545,0.284,0.715,-4.578e-4,0,0.083,1.23,1.147,-0.002,1009.262,0.001,340.255,0.182,6.4,32.17
1.052,1.137,2874.981,688.749,0.289,0.003,62.039,45.993,171.609,0.543,0.394,0.025,0.124,0.545,0.289,0.728,3.501e-4,0,0.083,1.23,1.148,-0.002,1009.244,0.001,340.254,0.182,6.4,32.17
1.054,1.157,2874.739,688.507,0.289,0.003,62.032,45.99,171.473,0.543,0.394,0.025,0.124,0.545,0.295,0.74,1.306e-4,0,0.082,1.23,1.148,-0.002,1009.226,0.001,340.254,0.182,6.4,32.17
1.057,1.176,2874.497,688.266,0.289,0.003,62.025,45.987,171.336,0.543,0.394,0.025,0.124,0.545,0.3,0.753,-9.638e-5,0,0.082,1.23,1.149,-0.002,1009.208,0.001,340.253,0.183,6.4,32.17
1.059,1.194,2874.255,688.024,0.289,0.003,62.019,45.985,171.2,0.543,0.394,0.025,0.124,0.545,0.304,0.765,-2.995e-4,0,0.081,1.23,1.149,-0.002,1009.189,0.001,340.253,0.183,6.4,32.17
1.062,1.212,2874.014,687.782,0.289,0.003,62.013,45.982,171.064,0.543,0.394,0.025,0.124,0.545,0.309,0.776,4.183e-4,0,0.081,1.23,1.15,-0.002,1009.171,0.001,340.252,0.183,6.4,32.17
1.064,1.23,2873.772,687.54,0.289,0.003,62.007,45.979,170.928,0.543,0.394,0.025,0.124,0.546,0.314,0.787,7.471e-5,0,0.08,1.23,1.15,-0.001,1009.153,0.001,340.251,0.184,6.4,32.17
1.067,1.246,2873.53,687.299,0.289,0.003,62.001,45.977,170.792,0.543,0.394,0.025,0.124,0.546,0.318,0.798,2.65e-4,0,0.08,1.23,1.151,-0.001,1009.135,0.001,340.251,0.184,6.4,32.17
1.069,1.262,2873.288,687.057,0.289,0.003,61.995,45.974,170.656,0.543,0.394,0.025,0.124,0.546,0.322,0.808,-1.295e-4,0,0.079,1.231,1.151,-0.001,1009.116,0.001,340.25,0.185,6.4,32.17
1.072,1.277,2873.047,686.815,0.289,0.003,61.99,45.971,170.52,0.543,0.393,0.025,0.124,0.546,0.326,0.818,3.209e-4,0,0.079,1.231,1.152,-0.001,1009.098,0.001,340.249,0.185,6.4,32.17
1.074,1.292,2872.805,686.573,0.289,0.003,61.985,45.968,170.384,0.543,0.393,0.025,0.124,0.546,0.33,0.827,-4.044e-5,0,0.078,1.231,1.152,-0.001,1009.079,0.001,340.249,0.185,6.4,32.17
1.077,1.305,2872.563,686.332,0.289,0.003,61.98,45.966,170.248,0.543,0.393,0.025,0.124,0.546,0.334,0.836,3.142e-4,0,0.078,1.231,1.153,-9.779e-4,1009.061,0.001,340.248,0.186,6.4,32.17
1.079,1.318,2872.321,686.09,0.289,0.003,61.975,45.963,170.112,0.543,0.393,0.025,0.124,0.546,0.337,0.843,3.225e-4,0,0.078,1.231,1.153,-8.792e-4,1009.042,0.001,340.248,0.186,6.4,32.17
1.082,1.33,2872.08,685.848,0.289,0.003,61.971,45.96,169.976,0.543,0.393,0.025,0.125,0.546,0.34,0.851,-1.864e-4,0,0.077,1.231,1.153,-7.83e-4,1009.024,0.001,340.247,0.186,6.4,32.17
1.084,1.34,2871.838,685.606,0.289,0.003,61.967,45.958,169.84,0.543,0.393,0.025,0.125,0.546,0.343,0.858,-2.025e-4,0,0.077,1.231,1.154,-6.901e-4,1009.005,0.001,340.246,0.187,6.4,32.17
1.087,1.35,2871.596,685.364,0.289,0.003,61.963,45.955,169.704,0.544,0.393,0.026,0.125,0.546,0.345,0.865,3.612e-4,0,0.076,1.231,1.154,-6.011e-4,1008.987,0.001,340.246,0.187,6.4,32.17
1.089,1.359,2871.354,685.123,0.289,0.003,61.96,45.952,169.567,0.544,0.393,0.026,0.125,0.547,0.348,0.87,2.24e-4,0,0.076,1.231,1.155,-5.166e-4,1008.968,0.001,340.245,0.187,6.4,32.17
1.092,1.367,2871.112,684.881,0.289,0.003,61.957,45.949,169.431,0.544,0.393,0.026,0.125,0.547,0.35,0.875,2.516e-4,0,0.075,1.231,1.155,-4.371e-4,1008.949,0.001,340.244,0.188,6.4,32.17
1.094,1.374,2870.871,684.639,0.289,0.003,61.954,45.947,169.295,0.544,0.393,0.026,0.125,0.547,0.352,0.88,4.806e-4,0,0.075,1.231,1.156,-3.63e-4,1008.931,0.001,340.244,0.188,6.4,32.17
1.097,1.38,2870.629,684.397,0.289,0.003,61.952,45.944,169.159,0.544,0.393,0.026,0.125,0.547,0.353,0.884,4.541e-4,0,0.075,1.231,1.156,-2.95e-4,1008.912,0.001,340.243,0.188,6.4,32.17
1.099,1.385,2870.387,684.156,0.289,0.003,61.95,45.941,169.023,0.544,0.393,0.026,0.125,0.547,0.355,0.887,-8.219e-5,0,0.074,1.231,1.157,-2.333e-4,1008.893,0.001,340.243,0.189,6.4,32.17
1.102,1.387,2870.145,683.914,0.289,0.003,61.949,45.939,168.887,0.544,0.393,0.026,0.125,0.547,0.355,0.888,1.802e-4,0,0.074,1.231,1.157,-1.803e-4,1008.874,0.001,340.242,0.189,6.4,32.17
1.104,1.387,2869.904,683.672,0.289,0.003,61.948,45.936,168.751,0.544,0.393,0.026,0.125,0.547,0.355,0.889,-3.154e-4,0,0.073,1.231,1.157,-1.341e-4,1008.856,0.001,340.241,0.189,6.4,32.17
1.107,1.387,2869.662,683.43,0.289,0.003,61.948,45.933,168.615,0.544,0.393,0.026,0.125,0.547,0.355,0.889,-4.044e-4,0,0.073,1.231,1.158,-9.465e-5,1008.837,0.001,340.241,0.19,6.4,32.17
1.109,1.385,2869.42,683.189,0.289,0.003,61.948,45.93,168.479,0.544,0.393,0.026,0.125,0.547,0.355,0.888,4.505e-4,0,0.073,1.231,1.158,-6.193e-5,1008.818,0.001,340.24,0.19,6.4,32.17
1.112,1.383,2869.178,682.947,0.289,0.003,61.949,45.928,168.343,0.544,0.393,0.026,0.125,0.547,0.354,0.887,1.761e-4,0,0.072,1.231,1.159,-3.607e-5,1008.799,0.001,340.239,0.19,6.4,32.17
1.114,1.379,2868.937,682.705,0.289,0.003,61.95,45.925,168.207,0.544,0.393,0.026,0.125,0.547,0.353,0.885,2.155e-5,0,0.072,1.231,1.159,-1.714e-5,1008.78,0.001,340.239,0.191,6.4,32.17
1.117,1.375,2868.695,682.463,0.289,0.003,61.951,45.922,168.071,0.544,0.393,0.026,0.125,0.547,0.352,0.881,2.088e-4,0,0.071,1.231,1.159,-5.182e-6,1008.761,0.001,340.238,0.191,6.4,32.17
1.119,1.37,2868.453,682.221,0.289,0.003,61.953,45.92,167.935,0.544,0.393,0.026,0.125,0.547,0.351,0.879,3.507e-4,0,0.071,1.231,1.16,-1.732e-7,1008.742,0.001,340.237,0.192,6.4,32.17
1.122,1.363,2868.211,681.98,0.289,0.003,61.955,45.917,167.799,0.544,0.393,0.026,0.125,0.547,0.349,0.874,-6.242e-5,0,0.071,1.231,1.16,2.07e-6,1008.723,0.001,340.237,0.192,6.4,32.17
1.124,1.356,2867.969,681.738,0.289,0.003,61.957,45.914,167.662,0.544,0.393,0.026,0.125,0.547,0.347,0.87,4.435e-4,0,0.07,1.231,1.161,1.079e-5,1008.704,0.001,340.236,0.192,6.4,32.17
1.127,1.348,2867.728,681.496,0.289,0.003,61.96,45.911,167.526,0.544,0.393,0.026,0.125,0.547,0.345,0.864,-1.473e-4,0,0.07,1.231,1.161,2.622e-5,1008.684,0.001,340.236,0.193,6.4,32.17
1.129,1.338,2867.486,681.254,0.289,0.003,61.963,45.909,167.39,0.544,0.393,0.026,0.125,0.547,0.342,0.859,-3.428e-4,0,0.07,1.231,1.161,4.82e-5,1008.665,0.001,340.235,0.193,6.4,32.17
1.132,1.328,2867.244,681.013,0.289,0.003,61.966,45.906,167.254,0.544,0.393,0.026,0.125,0.547,0.34,0.852,-3.742e-4,0,0.069,1.231,1.162,7.656e-5,1008.646,0.001,340.234,0.193,6.4,32.17
1.134,1.317,2867.002,680.771,0.289,0.003,61.97,45.903,167.118,0.544,0.393,0.026,0.125,0.547,0.337,0.846,-1.043e-4,0,0.069,1.231,1.162,1.111e-4,1008.627,0.001,340.234,0.194,6.4,32.17
1.137,1.305,2866.761,680.529,0.289,0.003,61.974,45.9,166.982,0.544,0.393,0.026,0.125,0.547,0.334,0.838,1.883e-4,0,0.069,1.231,1.163,1.515e-4,1008.607,0.001,340.233,0.194,6.4,32.17
1.139,1.292,2866.519,680.287,0.288,0.003,61.979,45.898,166.846,0.544,0.393,0.026,0.125,0.547,0.33,0.83,1.976e-4,0,0.068,1.231,1.163,1.974e-4,1008.588,0.001,340.232,0.194,6.4,32.17
1.142,1.278,2866.277,680.046,0.288,0.003,61.983,45.895,166.71,0.545,0.393,0.026,0.125,0.547,0.326,0.821,4.554e-4,0,0.068,1.231,1.163,2.487e-4,1008.569,0.001,340.232,0.195,6.4,32.17
1.144,1.264,2866.035,679.804,0.288,0.003,61.988,45.892,166.574,0.545,0.393,0.026,0.125,0.547,0.323,0.811,2.201e-4,0,0.067,1.231,1.164,3.049e-4,1008.549,0.001,340.231,0.195,6.4,32.17
1.147,1.248,2865.794,679.562,0.288,0.003,61.994,45.89,166.438,0.545,0.393,0.026,0.125,0.547,0.318,0.801,1.94e-4,0,0.067,1.231,1.164,3.657e-4,1008.53,0.001,340.23,0.195,6.4,32.17
1.149,1.231,2865.552,679.32,0.288,0.003,62,45.887,166.302,0.545,0.393,0.026,0.125,0.547,0.314,0.791,1.164e-4,0,0.067,1.231,1.164,4.306e-4,1008.51,0.001,340.23,0.196,6.4,32.17
1.152,1.213,2865.31,679.078,0.288,0.003,62.006,45.884,166.166,0.545,0.393,0.026,0.125,0.547,0.309,0.779,-4.646e-4,0,0.066,1.231,1.165,4.957e-4,1008.491,0.001,340.229,0.196,6.4,32.17
1.154,1.194,2865.068,678.837,0.288,0.003,62.013,45.881,166.03,0.545,0.393,0.026,0.125,0.547,0.304,0.767,3.084e-4,0,0.066,1.231,1.165,5.628e-4,1008.471,0.001,340.228,0.196,6.4,32.17
1.157,1.173,2864.826,678.595,0.288,0.003,62.021,45.879,165.893,0.545,0.393,0.026,0.125,0.547,0.299,0.753,-3.678e-4,0,0.066,1.231,1.166,6.324e-4,1008.452,0.001,340.228,0.197,6.4,32.17
1.159,1.153,2864.585,678.353,0.288,0.003,62.028,45.876,165.757,0.545,0.393,0.027,0.125,0.547,0.294,0.74,-3.466e-4,0,0.065,1.231,1.166,7.04e-4,1008.432,0.001,340.227,0.197,6.4,32.17
1.162,1.132,2864.343,678.111,0.288,0.003,62.036,45.873,165.621,0.545,0.393,0.027,0.125,0.547,0.288,0.727,-3.985e-5,0,0.065,1.231,1.166,7.772e-4,1008.413,0.001,340.226,0.197,6.4,32.17
1.164,1.11,2864.101,677.87,0.288,0.003,62.044,45.87,165.485,0.545,0.393,0.027,0.125,0.547,0.282,0.712,-4.944e-4,0,0.065,1.231,1.167,8.515e-4,1008.393,0.001,340.226,0.198,6.4,32.17
1.167,1.087,2863.859,677.628,0.288,0.003,62.052,45.868,165.349,0.545,0.393,0.027,0.125,0.547,0.276,0.698,-2.357e-4,0,0.064,1.231,1.167,9.266e-4,1008.373,0.001,340.225,0.198,6.4,32.17
1.169,1.064,2863.618,677.386,0.288,0.003,62.061,45.865,165.213,0.545,0.393,0.027,0.125,0.547,0.271,0.683,1.72e-4,0,0.064,1.231,1.167,0.001,1008.354,0.001,340.224,0.198,6.4,32.17
1.172,1.041,2863.376,677.144,0.288,0.003,62.07,45.862,165.077,0.545,0.393,0.027,0.125,0.547,0.264,0.669,1.498e-4,0,0.064,1.231,1.168,0.001,1008.334,0.001,340.224,0.199,6.4,32.17
1.175,1.017,2863.134,676.902,0.288,0.003,62.079,45.86,164.941,0.545,0.393,0.027,0.125,0.547,0.258,0.653,2.631e-4,0,0.064,1.232,1.168,0.001,1008.314,0.001,340.223,0.199,6.4,32.17
1.177,0.993,2862.891,676.66,0.288,0.003,62.088,45.857,164.804,0.545,0.393,0.027,0.125,0.547,0.252,0.637,3.17e-4,0,0.063,1.232,1.168,0.001,1008.294,0.001,340.222,0.199,6.4,32.17
1.18,0.968,2862.649,676.417,0.288,0.003,62.097,45.854,164.668,0.545,0.393,0.027,0.125,0.547,0.245,0.621,4.377e-4,0,0.063,1.232,1.169,0.001,1008.274,0.001,340.222,0.2,6.4,32.17
1.182,0.942,2862.406,676.174,0.288,0.003,62.107,45.851,164.531,0.545,0.393,0.027,0.125,0.547,0.239,0.606,4.415e-4,0,0.063,1.232,1.169,0.001,1008.254,0.001,340.221,0.2,6.4,32.17
1.186,0.901,2862.022,675.79,0.288,0.003,62.123,45.847,164.315,0.545,0.393,0.027,0.125,0.547,0.228,0.579,4.234e-5,0,0.062,1.232,1.17,0.001,1008.223,0.001,340.22,0.201,6.4,32.17
1.189,0.875,2861.809,675.577,0.288,0.003,62.133,45.845,164.189,0.545,0.393,0.027,0.125,0.547,0.221,0.562,-3.02e-4,0,0.062,1.232,1.17,0.002,1008.202,0.001,340.219,0.201,6.4,32.17
1.191,0.848,2861.595,675.363,0.288,0.003,62.143,45.842,164.063,0.545,0.393,0.027,0.125,0.547,0.215,0.545,1.459e-4,0,0.062,1.232,1.17,0.002,1008.182,0.001,340.219,0.201,6.4,32.17
1.194,0.821,2861.381,675.149,0.288,0.003,62.154,45.84,163.937,0.546,0.393,0.027,0.125,0.547,0.208,0.528,-7.018e-5,0,0.061,1.232,1.171,0.002,1008.162,0.001,340.218,0.202,6.4,32.17
1.196,0.794,2861.167,674.935,0.288,0.003,62.164,45.837,163.81,0.546,0.393,0.027,0.125,0.547,0.201,0.51,4.677e-4,0,0.061,1.232,1.171,0.002,1008.141,0.001,340.217,0.202,6.4,32.17
1.199,0.767,2860.952,674.72,0.288,0.003,62.175,45.835,163.684,0.546,0.393,0.027,0.125,0.547,0.194,0.492,4.617e-4,0,0.061,1.232,1.171,0.002,1008.121,0.001,340.217,0.202,6.4,32.17
1.201,0.739,2860.737,674.505,0.288,0.003,62.186,45.832,163.557,0.546,0.393,0.027,0.125,0.547,0.186,0.474,-2.991e-4,0,0.06,1.232,1.171,0.002,1008.1,0.001,340.216,0.203,6.4,32.17
1.204,0.711,2860.522,674.29,0.288,0.003,62.198,45.83,163.43,0.546,0.393,0.027,0.125,0.547,0.179,0.456,-4.419e-4,0,0.06,1.232,1.172,0.002,1008.08,0.001,340.215,0.203,6.4,32.17
1.206,0.683,2860.306,674.074,0.288,0.003,62.209,45.828,163.302,0.546,0.393,0.027,0.125,0.547,0.172,0.439,-2.698e-4,0,0.06,1.232,1.172,0.002,1008.059,0.001,340.215,0.203,6.4,32.17
1.209,0.656,2860.09,673.858,0.288,0.003,62.22,45.825,163.175,0.546,0.393,0.027,0.125,0.547,0.165,0.421,2.527e-5,0,0.059,1.232,1.172,0.002,1008.039,0.001,340.214,0.204,6.4,32.17
1.211,0.628,2859.873,673.642,0.288,0.003,62.232,45.823,163.047,0.546,0.393,0.027,0.125,0.547,0.158,0.403,2.439e-4,0,0.059,1.232,1.173,0.002,1008.018,0.001,340.213,0.204,6.4,32.17
1.214,0.601,2859.656,673.425,0.288,0.003,62.244,45.82,162.919,0.546,0.393,0.027,0.125,0.547,0.151,0.386,4.587e-4,0,0.059,1.232,1.173,0.002,1007.997,0.001,340.212,0.204,6.4,32.17
1.217,0.574,2859.439,673.208,0.288,0.003,62.255,45.818,162.791,0.546,0.393,0.027,0.125,0.547,0.144,0.369,2.407e-4,0,0.059,1.232,1.173,0.002,1007.976,0.001,340.212,0.205,6.4,32.17
1.219,0.548,2859.222,672.99,0.288,0.003,62.267,45.815,162.663,0.546,0.393,0.027,0.125,0.547,0.138,0.353,-3.658e-4,0,0.058,1.232,1.174,0.002,1007.955,0.001,340.211,0.205,6.4,32.17
1.222,0.523,2859.004,672.772,0.288,0.003,62.278,45.813,162.534,0.546,0.393,0.027,0.125,0.547,0.131,0.336,-6.894e-5,0,0.058,1.232,1.174,0.001,1007.934,0.001,340.21,0.205,6.4,32.17
1.224,0.499,2858.785,672.554,0.288,0.003,62.289,45.81,162.405,0.546,0.393,0.027,0.126,0.547,0.125,0.321,-4.557e-4,0,0.058,1.232,1.174,0.001,1007.913,0.001,340.21,0.206,6.4,32.17
1.227,0.476,2858.567,672.335,0.288,0.003,62.299,45.808,162.276,0.546,0.393,0.028,0.126,0.547,0.119,0.306,-4.67e-4,0,0.057,1.232,1.175,0.001,1007.892,0.001,340.209,0.206,6.4,32.17
1.229,0.455,2858.348,672.116,0.288,0.003,62.309,45.805,162.147,0.546,0.393,0.028,0.126,0.547,0.114,0.294,-4.216e-4,0,0.057,1.232,1.175,8.862e-4,1007.87,0.001,340.208,0.206,6.4,32.17
1.232,0.437,2858.128,671.897,0.288,0.003,62.318,45.803,162.018,0.546,0.393,0.028,0.126,0.547,0.109,0.282,4.623e-4,0,0.057,1.232,1.175,6.906e-4,1007.849,0.001,340.208,0.207,6.4,32.17
1.235,0.42,2857.909,671.677,0.288,0.003,62.326,45.8,161.888,0.546,0.393,0.028,0.126,0.547,0.105,0.272,3.483e-4,0,0.056,1.232,1.176,4.947e-4,1007.828,0.001,340.207,0.207,6.4,32.17
1.237,0.407,2857.688,671.457,0.288,0.003,62.333,45.798,161.758,0.546,0.393,0.028,0.126,0.547,0.102,0.262,4.175e-4,0,0.056,1.232,1.176,3.122e-4,1007.806,0.001,340.206,0.208,6.4,32.17
1.24,0.396,2857.468,671.236,0.288,0.003,62.338,45.795,161.628,0.547,0.393,0.028,0.126,0.547,0.099,0.256,-3.423e-4,0,0.056,1.232,1.176,1.594e-4,1007.785,0.001,340.205,0.208,6.4,32.17
1.242,0.389,2857.247,671.015,0.287,0.003,62.341,45.793,161.498,0.547,0.393,0.028,0.126,0.547,0.097,0.252,-1.408e-4,0,0.056,1.232,1.177,5.191e-5,1007.763,0.001,340.205,0.208,6.4,32.17
1.245,0.386,2857.026,670.794,0.287,0.003,62.342,45.79,161.367,0.547,0.393,0.028,0.126,0.547,0.096,0.249,1.161e-4,0,0.055,1.232,1.177,2.437e-6,1007.741,0.001,340.204,0.209,6.4,32.17
1.248,0.386,2856.804,670.573,0.287,0.003,62.341,45.788,161.236,0.547,0.393,0.028,0.126,0.547,0.096,0.25,3.843e-4,0,0.055,1.232,1.177,-1.705e-5,1007.719,0.001,340.203,0.209,6.4,32.17
1.25,0.389,2856.582,670.351,0.287,0.003,62.339,45.785,161.105,0.547,0.393,0.028,0.126,0.547,0.097,0.252,-1.021e-4,0,0.055,1.232,1.177,-9.275e-5,1007.698,0.001,340.202,0.209,6.4,32.17
1.253,0.392,2856.36,670.128,0.287,0.003,62.336,45.783,160.974,0.547,0.393,0.028,0.126,0.547,0.098,0.254,4.939e-4,0,0.055,1.232,1.178,-2.117e-4,1007.676,0.001,340.202,0.21,6.4,32.17
1.256,0.398,2856.137,669.906,0.287,0.003,62.332,45.78,160.843,0.547,0.393,0.028,0.126,0.547,0.1,0.259,1.455e-4,0,0.054,1.232,1.178,-3.659e-4,1007.654,0.001,340.201,0.21,6.4,32.17
1.258,0.407,2855.914,669.683,0.287,0.003,62.327,45.778,160.711,0.547,0.393,0.028,0.126,0.547,0.102,0.264,2.567e-4,0,0.054,1.232,1.178,-5.417e-4,1007.632,0.001,340.2,0.21,6.4,32.17
1.261,0.419,2855.691,669.459,0.287,0.003,62.321,45.775,160.579,0.547,0.393,0.028,0.126,0.547,0.105,0.272,-4.833e-4,0,0.054,1.232,1.179,-7.256e-4,1007.609,0.001,340.199,0.211,6.4,32.17
1.264,0.432,2855.467,669.235,0.287,0.003,62.314,45.773,160.447,0.547,0.393,0.028,0.126,0.547,0.108,0.281,3.665e-4,0,0.054,1.232,1.179,-9.055e-4,1007.587,0.001,340.199,0.211,6.4,32.17
1.266,0.447,2855.243,669.011,0.287,0.003,62.307,45.77,160.315,0.547,0.393,0.028,0.126,0.547,0.112,0.291,3.776e-4,0,0.053,1.232,1.179,-0.001,1007.565,0.001,340.198,0.211,6.4,32.17
1.269,0.464,2855.018,668.787,0.287,0.003,62.3,45.768,160.183,0.547,0.393,0.028,0.126,0.547,0.116,0.302,9.419e-5,0,0.053,1.232,1.179,-0.001,1007.543,0.001,340.197,0.212,6.4,32.17
1.271,0.482,2854.794,668.562,0.287,0.003,62.292,45.765,160.05,0.547,0.393,0.028,0.126,0.548,0.121,0.314,1.39e-4,0,0.053,1.232,1.18,-0.001,1007.52,0.001,340.196,0.212,6.4,32.17
1.274,0.501,2854.569,668.337,0.287,0.003,62.284,45.763,159.917,0.547,0.393,0.028,0.126,0.548,0.126,0.326,-3.657e-4,0,0.052,1.233,1.18,-0.001,1007.498,0.001,340.196,0.212,6.4,32.17
1.277,0.521,2854.343,668.112,0.287,0.003,62.276,45.76,159.784,0.547,0.393,0.028,0.126,0.548,0.131,0.338,2.38e-4,0,0.052,1.233,1.18,-0.002,1007.475,0.001,340.195,0.213,6.4,32.17
1.279,0.541,2854.117,667.886,0.287,0.003,62.268,45.757,159.651,0.547,0.393,0.028,0.126,0.548,0.136,0.352,3.462e-4,0,0.052,1.233,1.181,-0.002,1007.453,0.001,340.194,0.213,6.4,32.17
1.282,0.561,2853.891,667.66,0.287,0.003,62.26,45.755,159.518,0.547,0.393,0.028,0.126,0.548,0.141,0.366,2.635e-4,0,0.052,1.233,1.181,-0.002,1007.43,0.001,340.193,0.213,6.4,32.17
1.285,0.582,2853.665,667.433,0.287,0.003,62.252,45.752,159.384,0.547,0.393,0.028,0.126,0.548,0.146,0.379,3.897e-4,0,0.051,1.233,1.181,-0.002,1007.407,0.001,340.193,0.214,6.4,32.17
1.288,0.603,2853.438,667.206,0.287,0.003,62.245,45.75,159.25,0.548,0.393,0.029,0.126,0.548,0.152,0.392,-2.73e-4,0,0.051,1.233,1.181,-0.002,1007.384,0.001,340.192,0.214,6.4,32.17
1.29,0.623,2853.21,666.979,0.287,0.003,62.237,45.747,159.116,0.548,0.393,0.029,0.126,0.548,0.157,0.406,2.552e-4,0,0.051,1.233,1.182,-0.002,1007.361,0.001,340.191,0.214,6.4,32.17
1.293,0.644,2852.983,666.751,0.287,0.003,62.23,45.744,158.982,0.548,0.393,0.029,0.126,0.548,0.162,0.419,-2.235e-5,0,0.051,1.233,1.182,-0.002,1007.338,0.001,340.19,0.215,6.4,32.17
1.296,0.664,2852.755,666.523,0.287,0.003,62.223,45.742,158.847,0.548,0.393,0.029,0.126,0.548,0.167,0.432,-3.115e-4,0,0.05,1.233,1.182,-0.002,1007.315,0.001,340.19,0.215,6.4,32.17
1.298,0.683,2852.526,666.295,0.287,0.003,62.216,45.739,158.712,0.548,0.393,0.029,0.126,0.549,0.172,0.445,-2.389e-4,0,0.05,1.233,1.183,-0.001,1007.292,0.001,340.189,0.215,6.4,32.17
1.301,0.707,2852.298,666.066,0.287,0.003,62.208,45.737,158.577,0.548,0.393,0.029,0.126,0.549,0.178,0.46,-4.901e-4,0,0.05,1.233,1.183,-0.001,1007.269,0.001,340.188,0.216,6.4,32.17
1.304,0.737,2852.069,665.837,0.287,0.003,62.197,45.734,158.442,0.548,0.393,0.029,0.126,0.549,0.186,0.479,-7.575e-5,0,0.05,1.233,1.183,-0.001,1007.246,0.001,340.187,0.216,6.4,32.17
1.306,0.767,2851.839,665.608,0.287,0.003,62.186,45.731,158.307,0.548,0.393,0.029,0.126,0.549,0.194,0.499,-1.719e-4,0,0.049,1.233,1.183,-0.001,1007.222,0.001,340.186,0.217,6.4,32.17
1.309,0.796,2851.609,665.378,0.287,0.003,62.176,45.729,158.171,0.548,0.393,0.029,0.126,0.549,0.201,0.518,-2.368e-4,0,0.049,1.233,1.184,-0.001,1007.199,0.001,340.186,0.217,6.4,32.17
1.312,0.824,2851.379,665.147,0.287,0.003,62.166,45.726,158.035,0.548,0.393,0.029,0.126,0.549,0.208,0.536,1.487e-4,0,0.049,1.233,1.184,-0.001,1007.175,0.001,340.185,0.217,6.4,32.17
1.315,0.851,2851.148,664.916,0.287,0.003,62.157,45.724,157.899,0.548,0.393,0.029,0.126,0.549,0.215,0.554,-4.832e-4,0,0.049,1.233,1.184,-9.749e-4,1007.152,0.001,340.184,0.218,6.4,32.17
1.317,0.877,2850.917,664.685,0.287,0.003,62.148,45.721,157.763,0.548,0.393,0.029,0.126,0.549,0.222,0.571,-1.236e-4,0,0.048,1.233,1.184,-8.829e-4,1007.128,0.001,340.183,0.218,6.4,32.17
1.32,0.902,2850.685,664.453,0.287,0.003,62.14,45.718,157.626,0.548,0.393,0.029,0.126,0.55,0.228,0.587,-4.962e-4,0,0.048,1.233,1.185,-7.908e-4,1007.104,0.001,340.182,0.218,6.4,32.17
1.323,0.925,2850.453,664.221,0.287,0.003,62.132,45.716,157.489,0.548,0.393,0.029,0.126,0.55,0.235,0.603,-2.869e-4,0,0.048,1.233,1.185,-6.995e-4,1007.08,0.001,340.182,0.219,6.4,32.17
1.326,0.948,2850.22,663.989,0.287,0.003,62.124,45.713,157.352,0.548,0.393,0.029,0.126,0.55,0.24,0.617,4.054e-4,0,0.048,1.233,1.185,-6.103e-4,1007.056,0.001,340.181,0.219,6.4,32.17
1.328,0.969,2849.987,663.756,0.287,0.003,62.117,45.71,157.214,0.548,0.393,0.029,0.126,0.55,0.246,0.631,4.493e-4,0,0.048,1.233,1.186,-5.24e-4,1007.032,0.001,340.18,0.219,6.4,32.17
1.331,0.989,2849.754,663.522,0.287,0.003,62.111,45.708,157.076,0.548,0.393,0.029,0.126,0.55,0.251,0.644,1.917e-4,0,0.047,1.233,1.186,-4.416e-4,1007.008,0.001,340.179,0.22,6.4,32.17
1.334,1.008,2849.52,663.288,0.287,0.003,62.104,45.705,156.938,0.548,0.393,0.029,0.126,0.55,0.256,0.656,-3.491e-4,0,0.047,1.233,1.186,-3.64e-4,1006.984,0.001,340.178,0.22,6.4,32.17
1.337,1.025,2849.286,663.054,0.287,0.003,62.099,45.702,156.8,0.549,0.393,0.029,0.126,0.55,0.26,0.667,1.928e-4,0,0.047,1.233,1.186,-2.921e-4,1006.96,0.001,340.178,0.22,6.4,32.17
1.339,1.041,2849.051,662.819,0.287,0.003,62.094,45.7,156.662,0.549,0.393,0.029,0.126,0.55,0.265,0.678,-2.602e-4,0,0.047,1.233,1.187,-2.266e-4,1006.935,0.001,340.177,0.221,6.4,32.17
1.342,1.055,2848.816,662.584,0.287,0.003,62.089,45.697,156.523,0.549,0.393,0.029,0.126,0.55,0.268,0.688,-1.852e-4,0,0.046,1.233,1.187,-1.682e-4,1006.911,0.001,340.176,0.221,6.4,32.17
1.345,1.068,2848.58,662.348,0.287,0.003,62.086,45.694,156.384,0.549,0.393,0.029,0.126,0.551,0.272,0.696,-3.04e-5,0,0.046,1.233,1.187,-1.176e-4,1006.886,0.001,340.175,0.221,6.4,32.17
1.348,1.079,2848.344,662.112,0.286,0.003,62.082,45.692,156.245,0.549,0.393,0.029,0.126,0.551,0.274,0.703,3.998e-4,0,0.046,1.233,1.187,-7.547e-5,1006.862,0.001,340.174,0.222,6.4,32.17
1.351,1.086,2848.107,661.876,0.286,0.003,62.08,45.689,156.105,0.549,0.393,0.03,0.126,0.551,0.276,0.708,-2.043e-4,0,0.046,1.233,1.188,-4.243e-5,1006.837,0.001,340.174,0.222,6.4,32.17
1.353,1.084,2847.871,661.639,0.286,0.003,62.081,45.686,155.965,0.549,0.393,0.03,0.126,0.551,0.276,0.707,-2.691e-4,0,0.045,1.233,1.188,-1.923e-5,1006.812,0.001,340.173,0.222,6.4,32.17
1.356,1.081,2847.633,661.402,0.286,0.003,62.083,45.684,155.825,0.549,0.393,0.03,0.126,0.551,0.275,0.705,1.396e-4,0,0.045,1.233,1.188,-5.078e-6,1006.787,0.001,340.172,0.223,6.4,32.17
1.359,1.076,2847.396,661.164,0.286,0.003,62.086,45.681,155.685,0.549,0.393,0.03,0.126,0.551,0.274,0.701,-3.185e-4,0,0.045,1.233,1.188,-1.501e-8,1006.762,0.001,340.171,0.223,6.4,32.17
1.362,1.07,2847.158,660.926,0.286,0.003,62.089,45.678,155.545,0.549,0.393,0.03,0.126,0.551,0.272,0.698,4.825e-5,0,0.045,1.233,1.189,4.012e-6,1006.737,0.001,340.17,0.224,6.4,32.17
1.365,1.062,2846.919,660.688,0.286,0.003,62.092,45.675,155.404,0.549,0.393,0.03,0.127,0.551,0.27,0.693,-4.911e-4,0,0.045,1.233,1.189,1.696e-5,1006.712,0.001,340.169,0.224,6.4,32.17
1.367,1.052,2846.681,660.449,0.286,0.003,62.096,45.673,155.263,0.549,0.393,0.03,0.127,0.551,0.268,0.687,2.476e-4,0,0.044,1.233,1.189,3.868e-5,1006.687,0.001,340.168,0.224,6.4,32.17
1.37,1.041,2846.441,660.21,0.286,0.003,62.101,45.67,155.122,0.549,0.393,0.03,0.127,0.551,0.265,0.68,2.929e-4,0,0.044,1.234,1.189,6.891e-5,1006.662,0.001,340.168,0.225,6.4,32.17
1.373,1.029,2846.202,659.97,0.286,0.003,62.105,45.667,154.981,0.549,0.393,0.03,0.127,0.551,0.262,0.672,9.049e-5,0,0.044,1.234,1.19,1.073e-4,1006.636,0.001,340.167,0.225,6.4,32.17
1.376,1.015,2845.962,659.731,0.286,0.003,62.111,45.664,154.839,0.549,0.393,0.03,0.127,0.551,0.258,0.663,1.882e-5,0,0.044,1.234,1.19,1.535e-4,1006.611,0.001,340.166,0.225,6.4,32.17
1.379,1,2845.722,659.49,0.286,0.003,62.117,45.662,154.697,0.549,0.393,0.03,0.127,0.551,0.254,0.653,3.998e-4,0,0.044,1.234,1.19,2.069e-4,1006.586,0.001,340.165,0.226,6.4,32.17
1.382,0.984,2845.481,659.25,0.286,0.003,62.123,45.659,154.555,0.549,0.393,0.03,0.127,0.551,0.25,0.642,-1.953e-4,0,0.043,1.234,1.19,2.671e-4,1006.56,0.001,340.164,0.226,6.4,32.17
1.384,0.966,2845.24,659.009,0.286,0.003,62.13,45.656,154.413,0.55,0.393,0.03,0.127,0.551,0.245,0.631,-2.946e-4,0,0.043,1.234,1.191,3.334e-4,1006.534,0.001,340.163,0.226,6.4,32.17
1.387,0.946,2844.999,658.767,0.286,0.003,62.137,45.653,154.271,0.55,0.393,0.03,0.127,0.551,0.24,0.618,-2.266e-4,0,0.043,1.234,1.191,4.051e-4,1006.509,0.001,340.162,0.227,6.4,32.17
1.39,0.926,2844.757,658.526,0.286,0.003,62.145,45.651,154.128,0.55,0.393,0.03,0.127,0.551,0.235,0.605,3.757e-4,0,0.043,1.234,1.191,4.815e-4,1006.483,0.001,340.162,0.227,6.4,32.17
1.393,0.904,2844.515,658.283,0.286,0.003,62.153,45.648,153.985,0.55,0.393,0.03,0.127,0.551,0.229,0.59,6.919e-5,0,0.043,1.234,1.191,5.616e-4,1006.457,0.001,340.161,0.227,6.4,32.17
1.396,0.881,2844.272,658.041,0.286,0.003,62.162,45.645,153.842,0.55,0.393,0.03,0.127,0.551,0.223,0.575,1.443e-4,0,0.042,1.234,1.191,6.447e-4,1006.431,0.001,340.16,0.228,6.4,32.17
1.399,0.856,2844.03,657.798,0.286,0.003,62.171,45.642,153.699,0.55,0.393,0.03,0.127,0.551,0.217,0.559,-4.814e-4,0,0.042,1.234,1.192,7.296e-4,1006.405,0.001,340.159,0.228,6.4,32.17
1.402,0.829,2843.786,657.555,0.286,0.003,62.181,45.64,153.555,0.55,0.393,0.03,0.127,0.551,0.21,0.542,-4.694e-4,0,0.042,1.234,1.192,8.146e-4,1006.379,0.001,340.158,0.228,6.4,32.17
1.405,0.801,2843.543,657.311,0.286,0.003,62.191,45.637,153.412,0.55,0.393,0.03,0.127,0.551,0.202,0.523,4.361e-4,0,0.042,1.234,1.192,8.986e-4,1006.352,0.001,340.157,0.229,6.4,32.17
1.407,0.771,2843.298,657.067,0.286,0.003,62.202,45.634,153.268,0.55,0.393,0.03,0.127,0.551,0.195,0.504,-3.448e-4,0,0.042,1.234,1.192,9.81e-4,1006.326,0.001,340.156,0.229,6.4,32.17
1.41,0.74,2843.054,656.822,0.286,0.003,62.213,45.631,153.123,0.55,0.393,0.03,0.127,0.551,0.187,0.483,7.425e-5,0,0.041,1.234,1.193,0.001,1006.3,0.001,340.155,0.23,6.4,32.17
1.413,0.709,2842.809,656.578,0.286,0.003,62.225,45.628,152.979,0.55,0.393,0.03,0.127,0.551,0.179,0.463,-5.026e-5,0,0.041,1.234,1.193,0.001,1006.273,0.001,340.155,0.23,6.4,32.17
1.416,0.677,2842.564,656.332,0.286,0.003,62.236,45.626,152.834,0.55,0.393,0.031,0.127,0.551,0.171,0.442,2.183e-4,0,0.041,1.234,1.193,0.001,1006.247,0.001,340.154,0.23,6.4,32.17
1.419,0.644,2842.318,656.087,0.286,0.003,62.248,45.623,152.689,0.55,0.393,0.031,0.127,0.551,0.162,0.42,2.612e-4,0,0.041,1.234,1.193,0.001,1006.22,0.001,340.153,0.231,6.4,32.17
1.422,0.611,2842.072,655.841,0.286,0.003,62.26,45.62,152.544,0.55,0.393,0.031,0.127,0.551,0.154,0.398,4.253e-4,0,0.041,1.234,1.193,0.001,1006.193,0.001,340.152,0.231,6.4,32.17
1.425,0.577,2841.826,655.594,0.286,0.003,62.273,45.617,152.399,0.55,0.393,0.031,0.127,0.551,0.145,0.376,-1.49e-4,0,0.04,1.234,1.194,0.001,1006.167,0.001,340.151,0.231,6.4,32.17
1.428,0.543,2841.579,655.348,0.286,0.003,62.285,45.614,152.253,0.55,0.393,0.031,0.127,0.551,0.136,0.354,4.078e-4,0,0.04,1.234,1.194,0.001,1006.14,0.001,340.15,0.232,6.4,32.17
1.431,0.508,2841.332,655.1,0.286,0.003,62.298,45.611,152.107,0.55,0.393,0.031,0.127,0.551,0.128,0.331,-2.116e-4,0,0.04,1.234,1.194,0.001,1006.113,0.001,340.149,0.232,6.4,32.17
1.434,0.474,2841.084,654.853,0.286,0.003,62.31,45.609,151.961,0.551,0.393,0.031,0.127,0.551,0.119,0.308,6.213e-5,0,0.04,1.234,1.194,0.001,1006.086,0.001,340.148,0.232,6.4,32.17
1.437,0.439,2840.837,654.605,0.286,0.003,62.322,45.606,151.815,0.551,0.393,0.031,0.127,0.551,0.11,0.286,2.385e-4,0,0.04,1.234,1.195,0.001,1006.058,0.001,340.147,0.233,6.4,32.17
1.439,0.405,2840.588,654.357,0.286,0.003,62.335,45.603,151.668,0.551,0.393,0.031,0.127,0.551,0.102,0.264,-3.587e-4,0,0.039,1.234,1.195,0.001,1006.031,0.001,340.146,0.233,6.4,32.17
1.442,0.372,2840.339,654.108,0.286,0.003,62.347,45.6,151.522,0.551,0.393,0.031,0.127,0.551,0.093,0.243,1.448e-4,0,0.039,1.234,1.195,0.001,1006.004,0.001,340.146,0.233,6.4,32.17
1.445,0.34,2840.09,653.859,0.286,0.003,62.359,45.597,151.375,0.551,0.393,0.031,0.127,0.551,0.085,0.222,-4.281e-4,0,0.039,1.234,1.195,0.001,1005.977,0.001,340.145,0.234,6.4,32.17
1.448,0.309,2839.841,653.609,0.286,0.003,62.371,45.594,151.227,0.551,0.393,0.031,0.127,0.551,0.077,0.202,-1.94e-4,0,0.039,1.234,1.195,0.001,1005.949,0.001,340.144,0.234,6.4,32.17
1.451,0.282,2839.591,653.359,0.286,0.003,62.382,45.591,151.08,0.551,0.393,0.031,0.127,0.551,0.07,0.184,4.164e-4,0,0.039,1.234,1.196,8.063e-4,1005.921,0.001,340.143,0.235,6.4,32.17
1.454,0.259,2839.34,653.109,0.285,0.003,62.392,45.589,150.932,0.551,0.393,0.031,0.127,0.551,0.065,0.169,-1.518e-4,0,0.039,1.234,1.196,5.693e-4,1005.894,0.001,340.142,0.235,6.4,32.17
1.457,0.24,2839.089,652.858,0.285,0.003,62.401,45.586,150.784,0.551,0.393,0.031,0.127,0.551,0.06,0.157,4.79e-4,0,0.038,1.234,1.196,3.235e-4,1005.866,0.001,340.141,0.235,6.4,32.17
1.46,0.226,2838.838,652.607,0.285,0.003,62.409,45.583,150.636,0.551,0.393,0.031,0.127,0.551,0.056,0.149,9.021e-5,0,0.038,1.234,1.196,1.16e-4,1005.838,0.001,340.14,0.236,6.4,32.17
1.463,0.219,2838.586,652.355,0.285,0.003,62.416,45.58,150.487,0.551,0.393,0.031,0.127,0.551,0.055,0.144,-4.431e-4,0,0.038,1.234,1.197,6.473e-6,1005.81,0.001,340.139,0.236,6.4,32.17
1.466,0.218,2838.334,652.103,0.285,0.003,62.42,45.577,150.339,0.551,0.393,0.031,0.127,0.551,0.055,0.143,-1.952e-4,0,0.038,1.235,1.197,-3.606e-5,1005.782,0.001,340.138,0.236,6.4,32.17
1.469,0.225,2838.082,651.85,0.285,0.003,62.421,45.574,150.189,0.551,0.393,0.031,0.127,0.551,0.056,0.148,3.358e-4,0,0.038,1.235,1.197,-1.97e-4,1005.754,0.001,340.137,0.237,6.4,32.17
1.472,0.237,2837.829,651.597,0.285,0.003,62.418,45.571,150.04,0.551,0.393,0.031,0.127,0.551,0.059,0.156,-1.263e-4,0,0.037,1.235,1.197,-4.368e-4,1005.726,0.001,340.136,0.237,6.4,32.17
1.475,0.254,2837.575,651.344,0.285,0.003,62.411,45.568,149.891,0.551,0.393,0.031,0.127,0.552,0.064,0.168,-7.065e-5,0,0.037,1.235,1.197,-6.928e-4,1005.698,0.001,340.135,0.237,6.4,32.17
1.478,0.276,2837.321,651.09,0.285,0.003,62.403,45.565,149.741,0.551,0.393,0.032,0.127,0.552,0.069,0.182,3.373e-4,0,0.037,1.235,1.198,-9.214e-4,1005.669,0.001,340.134,0.238,6.4,32.17
1.481,0.3,2837.067,650.835,0.285,0.003,62.392,45.562,149.591,0.552,0.393,0.032,0.127,0.552,0.075,0.199,6.4e-5,0,0.037,1.235,1.198,-0.001,1005.641,0.001,340.133,0.238,6.4,32.17
1.484,0.326,2836.812,650.58,0.285,0.003,62.381,45.559,149.44,0.552,0.393,0.032,0.127,0.552,0.082,0.215,-1.612e-4,0,0.037,1.235,1.198,-0.001,1005.612,0.001,340.132,0.238,6.4,32.17
1.487,0.353,2836.556,650.325,0.285,0.003,62.369,45.557,149.29,0.552,0.393,0.032,0.127,0.552,0.088,0.233,4.08e-4,0,0.037,1.235,1.198,-0.001,1005.584,0.001,340.131,0.239,6.4,32.17
1.49,0.381,2836.301,650.069,0.285,0.003,62.357,45.554,149.139,0.552,0.393,0.032,0.127,0.552,0.096,0.253,4.632e-4,0,0.036,1.235,1.198,-0.001,1005.555,0.001,340.13,0.239,6.4,32.17
1.493,0.41,2836.044,649.813,0.285,0.003,62.344,45.551,148.987,0.552,0.393,0.032,0.127,0.552,0.103,0.271,-4.552e-4,0,0.036,1.235,1.199,-0.001,1005.526,0.001,340.129,0.24,6.4,32.17
1.496,0.438,2835.788,649.556,0.285,0.003,62.332,45.548,148.836,0.552,0.393,0.032,0.127,0.552,0.11,0.29,4.705e-4,0,0.036,1.235,1.199,-0.001,1005.497,0.001,340.129,0.24,6.4,32.17
1.499,0.466,2835.531,649.299,0.285,0.003,62.32,45.545,148.684,0.552,0.393,0.032,0.128,0.552,0.117,0.309,9.124e-5,0,0.036,1.235,1.199,-0.001,1005.468,0.001,340.128,0.24,6.4,32.17
1.502,0.493,2835.273,649.041,0.285,0.003,62.309,45.542,148.532,0.552,0.393,0.032,0.128,0.552,0.124,0.326,4.235e-4,0,0.036,1.235,1.199,-0.001,1005.439,0.001,340.127,0.241,6.4,32.17
1.505,0.518,2835.015,648.783,0.285,0.003,62.299,45.539,148.38,0.552,0.393,0.032,0.128,0.552,0.13,0.342,4.601e-4,0,0.036,1.235,1.199,-0.001,1005.409,0.001,340.126,0.241,6.4,32.17
1.508,0.542,2834.756,648.525,0.285,0.003,62.288,45.536,148.227,0.552,0.393,0.032,0.128,0.553,0.136,0.358,2.101e-4,0,0.035,1.235,1.2,-0.001,1005.38,0.001,340.125,0.241,6.4,32.17
1.512,0.566,2834.497,648.266,0.285,0.003,62.279,45.533,148.075,0.552,0.393,0.032,0.128,0.553,0.142,0.374,-2.327e-4,0,0.035,1.235,1.2,-0.001,1005.351,0.001,340.124,0.242,6.4,32.17
1.515,0.588,2834.238,648.006,0.285,0.003,62.27,45.53,147.921,0.552,0.393,0.032,0.128,0.553,0.148,0.388,4.604e-4,0,0.035,1.235,1.2,-9.787e-4,1005.321,0.001,340.123,0.242,6.4,32.17
1.518,0.609,2833.978,647.746,0.285,0.003,62.261,45.527,147.768,0.552,0.393,0.032,0.128,0.553,0.153,0.402,3.833e-4,0,0.035,1.235,1.2,-8.887e-4,1005.292,0.001,340.122,0.242,6.4,32.17
1.521,0.628,2833.718,647.486,0.285,0.003,62.254,45.524,147.615,0.552,0.393,0.032,0.128,0.553,0.158,0.415,-1.419e-4,0,0.035,1.235,1.2,-7.973e-4,1005.262,0.001,340.121,0.243,6.4,32.17
1.524,0.647,2833.457,647.225,0.285,0.003,62.246,45.521,147.461,0.552,0.393,0.032,0.128,0.553,0.163,0.427,-3.701e-4,0,0.035,1.235,1.201,-7.061e-4,1005.232,0.001,340.12,0.243,6.4,32.17
1.527,0.663,2833.196,646.964,0.285,0.003,62.24,45.518,147.306,0.552,0.393,0.032,0.128,0.553,0.167,0.438,-1.538e-4,0,0.034,1.235,1.201,-6.164e-4,1005.202,0.001,340.119,0.244,6.4,32.17
1.53,0.678,2832.934,646.702,0.285,0.003,62.234,45.515,147.152,0.553,0.393,0.032,0.128,0.553,0.171,0.448,1.201e-4,0,0.034,1.235,1.201,-5.296e-4,1005.172,0.001,340.118,0.244,6.4,32.17
1.533,0.692,2832.672,646.44,0.285,0.003,62.229,45.512,146.997,0.553,0.392,0.032,0.128,0.553,0.175,0.456,2.28e-4,0,0.034,1.235,1.201,-4.467e-4,1005.142,0.001,340.117,0.244,6.4,32.17
1.536,0.704,2832.409,646.177,0.285,0.003,62.225,45.509,146.842,0.553,0.392,0.032,0.128,0.554,0.178,0.465,2.442e-4,0,0.034,1.235,1.201,-3.687e-4,1005.112,0.001,340.116,0.245,6.4,32.17
1.539,0.714,2832.146,645.914,0.285,0.003,62.222,45.506,146.687,0.553,0.392,0.032,0.128,0.554,0.18,0.471,1.614e-4,0,0.034,1.235,1.202,-2.967e-4,1005.081,0.001,340.115,0.245,6.4,32.17
1.542,0.722,2831.882,645.651,0.285,0.003,62.219,45.503,146.532,0.553,0.392,0.033,0.128,0.554,0.182,0.477,2.99e-4,0,0.034,1.235,1.202,-2.312e-4,1005.051,0.001,340.114,0.245,6.4,32.17
1.546,0.728,2831.618,645.387,0.285,0.003,62.217,45.5,146.376,0.553,0.392,0.033,0.128,0.554,0.184,0.481,4.926e-5,0,0.033,1.235,1.202,-1.73e-4,1005.02,0.001,340.113,0.246,6.4,32.17
1.549,0.733,2831.353,645.122,0.285,0.003,62.216,45.497,146.22,0.553,0.392,0.033,0.128,0.554,0.185,0.484,-2.374e-4,0,0.033,1.235,1.202,-1.227e-4,1004.99,0.001,340.111,0.246,6.4,32.17
1.552,0.736,2831.088,644.857,0.285,0.003,62.215,45.493,146.063,0.553,0.392,0.033,0.128,0.554,0.186,0.486,-1.771e-4,0,0.033,1.235,1.202,-8.059e-5,1004.959,0.001,340.11,0.246,6.4,32.17
1.555,0.736,2830.823,644.591,0.285,0.003,62.216,45.49,145.907,0.553,0.392,0.033,0.128,0.554,0.186,0.486,2.128e-4,0,0.033,1.235,1.203,-4.711e-5,1004.928,0.001,340.109,0.247,6.4,32.17
1.558,0.735,2830.557,644.325,0.285,0.003,62.217,45.487,145.75,0.553,0.392,0.033,0.128,0.554,0.186,0.485,1.209e-4,0,0.033,1.235,1.203,-2.251e-5,1004.897,0.001,340.108,0.247,6.4,32.17
1.561,0.732,2830.29,644.059,0.284,0.003,62.219,45.484,145.592,0.553,0.392,0.033,0.128,0.554,0.185,0.484,3.907e-4,0,0.033,1.236,1.203,-6.886e-6,1004.866,0.001,340.107,0.248,6.4,32.17
1.564,0.727,2830.023,643.792,0.284,0.003,62.222,45.481,145.435,0.553,0.392,0.033,0.128,0.554,0.184,0.48,-1.376e-4,0,0.032,1.236,1.203,-2.601e-7,1004.835,0.001,340.106,0.248,6.4,32.17
1.568,0.72,2829.756,643.524,0.284,0.003,62.225,45.478,145.277,0.553,0.392,0.033,0.128,0.554,0.182,0.476,-9.136e-5,0,0.032,1.236,1.203,2.535e-6,1004.804,0.001,340.105,0.248,6.4,32.17
1.571,0.711,2829.488,643.256,0.284,0.003,62.23,45.475,145.119,0.553,0.392,0.033,0.128,0.554,0.18,0.47,-2.855e-4,0,0.032,1.236,1.203,1.352e-5,1004.773,0.001,340.104,0.249,6.4,32.17
1.574,0.7,2829.219,642.988,0.284,0.003,62.235,45.472,144.96,0.553,0.392,0.033,0.128,0.554,0.177,0.463,1.027e-4,0,0.032,1.236,1.204,3.291e-5,1004.741,0.001,340.103,0.249,6.4,32.17
1.577,0.688,2828.95,642.718,0.284,0.003,62.241,45.469,144.801,0.554,0.392,0.033,0.128,0.554,0.174,0.455,-4.519e-5,0,0.032,1.236,1.204,6.032e-5,1004.71,0.001,340.102,0.249,6.4,32.17
1.58,0.673,2828.68,642.449,0.284,0.003,62.247,45.466,144.642,0.554,0.392,0.033,0.128,0.554,0.17,0.445,-4.705e-4,0,0.032,1.236,1.204,9.526e-5,1004.678,0.001,340.101,0.25,6.4,32.17
1.584,0.657,2828.41,642.179,0.284,0.003,62.255,45.463,144.483,0.554,0.392,0.033,0.128,0.554,0.166,0.434,2.279e-4,0,0.032,1.236,1.204,1.372e-4,1004.646,0.001,340.1,0.25,6.4,32.17
1.587,0.639,2828.14,641.908,0.284,0.003,62.263,45.459,144.323,0.554,0.392,0.033,0.128,0.554,0.161,0.423,-3.923e-4,0,0.031,1.236,1.204,1.853e-4,1004.615,0.001,340.099,0.25,6.4,32.17
1.59,0.619,2827.869,641.637,0.284,0.003,62.271,45.456,144.163,0.554,0.392,0.033,0.128,0.554,0.156,0.41,-3.034e-4,0,0.031,1.236,1.205,2.391e-4,1004.583,0.001,340.098,0.251,6.4,32.17
1.593,0.598,2827.597,641.366,0.284,0.003,62.28,45.453,144.003,0.554,0.392,0.033,0.128,0.554,0.151,0.396,-9.553e-5,0,0.031,1.236,1.205,2.976e-4,1004.551,0.001,340.097,0.251,6.4,32.17
1.596,0.575,2827.325,641.093,0.284,0.003,62.29,45.45,143.843,0.554,0.392,0.033,0.128,0.555,0.145,0.38,8.802e-5,0,0.031,1.236,1.205,3.601e-4,1004.518,0.001,340.096,0.252,6.4,32.17
1.6,0.55,2827.052,640.821,0.284,0.003,62.301,45.447,143.682,0.554,0.392,0.033,0.128,0.555,0.138,0.364,-4.346e-4,0,0.031,1.236,1.205,4.256e-4,1004.486,0.001,340.095,0.252,6.4,32.17
1.603,0.532,2826.779,640.548,0.284,0.003,62.309,45.444,143.521,0.554,0.392,0.033,0.128,0.555,0.134,0.352,1.338e-4,0,0.031,1.236,1.205,4.904e-4,1004.454,0.001,340.093,0.252,6.4,32.17
1.606,0.513,2826.505,640.274,0.284,0.003,62.317,45.44,143.359,0.554,0.392,0.034,0.128,0.555,0.129,0.339,3.9e-4,0,0.03,1.236,1.206,5.569e-4,1004.421,0.001,340.092,0.253,6.4,32.17
1.609,0.493,2826.231,639.999,0.284,0.003,62.326,45.437,143.197,0.554,0.392,0.034,0.128,0.555,0.124,0.326,-9.52e-5,0,0.03,1.236,1.206,6.25e-4,1004.388,0.001,340.091,0.253,6.4,32.17
1.613,0.472,2825.956,639.724,0.284,0.003,62.335,45.434,143.035,0.554,0.392,0.034,0.128,0.555,0.119,0.313,5.152e-5,0,0.03,1.236,1.206,6.938e-4,1004.356,0.001,340.09,0.253,6.4,32.17
1.616,0.45,2825.68,639.448,0.284,0.003,62.344,45.431,142.872,0.554,0.392,0.034,0.128,0.555,0.113,0.297,-4.593e-4,0,0.03,1.236,1.206,7.624e-4,1004.323,0.001,340.089,0.254,6.4,32.17
1.619,0.426,2825.404,639.172,0.284,0.003,62.354,45.428,142.709,0.554,0.392,0.034,0.128,0.555,0.107,0.282,-3.944e-5,0,0.03,1.236,1.206,8.297e-4,1004.29,0.001,340.088,0.254,6.4,32.17
1.622,0.402,2825.127,638.895,0.284,0.003,62.364,45.424,142.546,0.555,0.392,0.034,0.128,0.555,0.101,0.266,-1.26e-4,0,0.03,1.236,1.206,8.948e-4,1004.257,0.001,340.087,0.254,6.4,32.17
1.626,0.376,2824.849,638.617,0.284,0.003,62.375,45.421,142.382,0.555,0.392,0.034,0.128,0.555,0.094,0.248,2.742e-4,0,0.03,1.236,1.207,9.561e-4,1004.223,0.001,340.086,0.255,6.4,32.17
1.629,0.35,2824.571,638.339,0.284,0.003,62.386,45.418,142.218,0.555,0.392,0.034,0.128,0.555,0.088,0.231,4.481e-4,0,0.029,1.236,1.207,0.001,1004.19,0.001,340.085,0.255,6.4,32.17
1.632,0.322,2824.292,638.06,0.284,0.003,62.397,45.415,142.053,0.555,0.392,0.034,0.128,0.555,0.081,0.213,-4.507e-4,0,0.029,1.236,1.207,0.001,1004.157,0.001,340.083,0.256,6.4,32.17
1.636,0.295,2824.012,637.781,0.284,0.003,62.408,45.412,141.888,0.555,0.392,0.034,0.129,0.555,0.074,0.195,4.308e-4,0,0.029,1.236,1.207,0.001,1004.123,0.001,340.082,0.256,6.4,32.17
1.639,0.266,2823.732,637.501,0.284,0.003,62.419,45.408,141.723,0.555,0.392,0.034,0.129,0.555,0.067,0.175,-4.604e-4,0,0.029,1.236,1.207,0.001,1004.089,0.001,340.081,0.256,6.4,32.17
1.642,0.238,2823.451,637.22,0.284,0.003,62.43,45.405,141.557,0.555,0.392,0.034,0.129,0.555,0.059,0.157,-7.859e-5,0,0.029,1.236,1.208,0.001,1004.055,0.001,340.08,0.257,6.4,32.17
1.646,0.21,2823.17,636.938,0.284,0.003,62.441,45.402,141.391,0.555,0.392,0.034,0.129,0.555,0.052,0.139,-3.61e-4,0,0.029,1.236,1.208,0.001,1004.021,0.001,340.079,0.257,6.4,32.17
1.649,0.182,2822.888,636.656,0.284,0.003,62.451,45.398,141.225,0.555,0.392,0.034,0.129,0.555,0.045,0.12,1.53e-4,0,0.028,1.236,1.208,0.001,1003.987,0.001,340.078,0.257,6.4,32.17
1.652,0.152,2822.605,636.374,0.284,0.003,62.46,45.395,141.058,0.555,0.392,0.034,0.129,0.555,0.038,0.1,4.674e-4,0,0.028,1.236,1.208,8.885e-4,1003.953,0.001,340.077,0.258,6.4,32.17
1.656,0.123,2822.322,636.09,0.284,0.003,62.468,45.392,140.891,0.555,0.392,0.034,0.129,0.555,0.031,0.081,8.906e-5,0,0.028,1.236,1.208,6.299e-4,1003.919,0.001,340.076,0.258,6.4,32.17
1.659,0.101,2822.038,635.806,0.284,0.003,62.472,45.389,140.723,0.555,0.392,0.034,0.129,0.555,0.025,0.067,1.03e-4,0,0.028,1.237,1.208,2.573e-4,1003.884,0.001,340.074,0.258,6.4,32.17
1.662,0.091,2821.754,635.522,0.284,0.003,62.473,45.385,140.555,0.555,0.392,0.035,0.129,0.555,0.023,0.061,-8.56e-5,0,0.028,1.237,1.209,2.505e-6,1003.85,0.001,340.073,0.259,6.4,32.17
1.666,0.097,2821.469,635.237,0.283,0.003,62.475,45.382,140.387,0.556,0.392,0.035,0.129,0.556,0.024,0.065,4.572e-4,0,0.028,1.237,1.209,-1.865e-4,1003.815,0.001,340.072,0.259,6.4,32.17
1.669,0.116,2821.183,634.952,0.283,0.003,62.473,45.379,140.219,0.556,0.392,0.035,0.129,0.556,0.029,0.078,-7.9e-5,0,0.028,1.237,1.209,-5.682e-4,1003.78,0.001,340.071,0.26,6.4,32.17
1.672,0.143,2820.897,634.666,0.283,0.003,62.467,45.375,140.05,0.556,0.392,0.035,0.129,0.556,0.036,0.097,2.96e-4,0,0.028,1.237,1.209,-8.488e-4,1003.745,0.001,340.07,0.26,6.4,32.17
1.676,0.174,2820.61,634.379,0.283,0.003,62.457,45.372,139.881,0.556,0.392,0.035,0.129,0.556,0.043,0.116,2.881e-4,0,0.027,1.237,1.209,-0.001,1003.71,0.001,340.068,0.26,6.4,32.17
1.681,0.224,2820.168,633.937,0.283,0.003,62.439,45.367,139.62,0.556,0.392,0.035,0.129,0.556,0.056,0.15,4.039e-4,0,0.027,1.237,1.21,-0.001,1003.656,0.001,340.067,0.261,6.4,32.17
1.684,0.257,2819.931,633.699,0.283,0.003,62.427,45.364,139.474,0.556,0.392,0.035,0.129,0.556,0.064,0.172,2.568e-4,0,0.027,1.237,1.21,-0.001,1003.62,0.001,340.065,0.261,6.4,32.17
1.688,0.29,2819.693,633.462,0.283,0.003,62.414,45.361,139.328,0.556,0.392,0.035,0.129,0.556,0.073,0.194,3.945e-4,0,0.027,1.237,1.21,-0.001,1003.585,0.001,340.064,0.262,6.4,32.17
1.691,0.322,2819.455,633.224,0.283,0.003,62.401,45.359,139.182,0.556,0.392,0.035,0.129,0.556,0.081,0.216,1.997e-4,0,0.027,1.237,1.21,-0.001,1003.549,0.001,340.063,0.262,6.4,32.17
1.695,0.354,2819.216,632.985,0.283,0.003,62.388,45.356,139.035,0.556,0.392,0.035,0.129,0.556,0.089,0.237,-3.363e-4,0,0.027,1.237,1.21,-9.62e-4,1003.514,0.001,340.062,0.262,6.4,32.17
1.698,0.384,2818.977,632.746,0.283,0.003,62.376,45.353,138.888,0.556,0.392,0.035,0.129,0.556,0.096,0.257,8.419e-5,0,0.027,1.237,1.21,-8.972e-4,1003.478,0.001,340.061,0.263,6.4,32.17
1.702,0.413,2818.738,632.506,0.283,0.003,62.365,45.35,138.741,0.556,0.392,0.035,0.129,0.557,0.104,0.276,-1.166e-5,0,0.026,1.237,1.211,-8.274e-4,1003.442,0.001,340.059,0.263,6.4,32.17
1.705,0.44,2818.497,632.266,0.283,0.003,62.354,45.347,138.593,0.556,0.392,0.035,0.129,0.557,0.11,0.294,-1.69e-4,0,0.026,1.237,1.211,-7.558e-4,1003.406,0.001,340.058,0.263,6.4,32.17
1.708,0.465,2818.257,632.025,0.283,0.003,62.344,45.345,138.445,0.556,0.392,0.035,0.129,0.557,0.117,0.311,2.697e-4,0,0.026,1.237,1.211,-6.818e-4,1003.369,0.001,340.057,0.264,6.4,32.17
1.712,0.489,2818.015,631.784,0.283,0.003,62.334,45.342,138.297,0.557,0.392,0.035,0.129,0.557,0.123,0.327,6.706e-5,0,0.026,1.237,1.211,-6.066e-4,1003.333,0.001,340.056,0.264,6.4,32.17
1.715,0.512,2817.774,631.542,0.283,0.003,62.325,45.339,138.148,0.557,0.392,0.035,0.129,0.557,0.129,0.342,-7.925e-5,0,0.026,1.237,1.211,-5.317e-4,1003.296,0.001,340.055,0.265,6.4,32.17
1.719,0.532,2817.531,631.3,0.283,0.003,62.316,45.336,137.999,0.557,0.392,0.035,0.129,0.557,0.134,0.356,-2.272e-4,0,0.026,1.237,1.211,-4.581e-4,1003.26,0.001,340.053,0.265,6.4,32.17
1.722,0.551,2817.288,631.057,0.283,0.003,62.308,45.333,137.85,0.557,0.392,0.036,0.129,0.557,0.139,0.369,3.983e-4,0,0.026,1.237,1.212,-3.869e-4,1003.223,0.001,340.052,0.265,6.4,32.17
1.726,0.569,2817.045,630.814,0.283,0.003,62.301,45.33,137.701,0.557,0.392,0.036,0.129,0.557,0.143,0.38,3.241e-4,0,0.026,1.237,1.212,-3.192e-4,1003.186,0.001,340.051,0.266,6.4,32.17
1.729,0.584,2816.801,630.57,0.283,0.003,62.294,45.328,137.551,0.557,0.392,0.036,0.129,0.557,0.147,0.39,3.797e-4,0,0.025,1.237,1.212,-2.56e-4,1003.149,0.001,340.05,0.266,6.4,32.17
1.733,0.597,2816.557,630.325,0.283,0.003,62.289,45.325,137.4,0.557,0.392,0.036,0.129,0.558,0.151,0.399,4.287e-4,0,0.025,1.237,1.212,-1.981e-4,1003.112,0.001,340.048,0.266,6.4,32.17
1.736,0.609,2816.312,630.08,0.283,0.003,62.284,45.322,137.25,0.557,0.392,0.036,0.129,0.558,0.153,0.406,8.417e-5,0,0.025,1.237,1.212,-1.464e-4,1003.075,0.001,340.047,0.267,6.4,32.17
1.74,0.618,2816.066,629.835,0.283,0.003,62.279,45.319,137.099,0.557,0.392,0.036,0.129,0.558,0.156,0.413,4.57e-4,0,0.025,1.237,1.212,-1.016e-4,1003.037,0.001,340.046,0.267,6.4,32.17
1.743,0.625,2815.82,629.589,0.283,0.003,62.276,45.316,136.948,0.557,0.392,0.036,0.129,0.558,0.158,0.418,2.384e-4,0,0.025,1.237,1.213,-6.444e-5,1003,0.001,340.045,0.267,6.4,32.17
1.747,0.63,2815.574,629.342,0.283,0.003,62.274,45.313,136.796,0.557,0.392,0.036,0.129,0.558,0.159,0.421,-3.321e-4,0,0.025,1.237,1.213,-3.533e-5,1002.962,0.001,340.043,0.268,6.4,32.17
1.751,0.633,2815.327,629.095,0.283,0.003,62.272,45.31,136.644,0.557,0.392,0.036,0.129,0.558,0.16,0.424,1.869e-4,0,0.025,1.237,1.213,-1.46e-5,1002.924,0.001,340.042,0.268,6.4,32.17
1.754,0.633,2815.079,628.847,0.283,0.003,62.272,45.307,136.492,0.557,0.392,0.036,0.129,0.558,0.16,0.424,-1.713e-4,0,0.025,1.238,1.213,-2.488e-6,1002.886,0.001,340.041,0.269,6.4,32.17
1.758,0.631,2814.831,628.599,0.283,0.003,62.272,45.305,136.34,0.558,0.392,0.036,0.129,0.558,0.159,0.422,-3.535e-4,0,0.024,1.238,1.213,4.466e-7,1002.848,0.001,340.04,0.269,6.4,32.17
1.761,0.626,2814.582,628.351,0.283,0.003,62.274,45.302,136.187,0.558,0.392,0.036,0.129,0.558,0.158,0.419,-2.708e-4,0,0.024,1.238,1.213,8.453e-6,1002.81,0.001,340.038,0.269,6.4,32.17
1.765,0.619,2814.333,628.102,0.283,0.003,62.276,45.299,136.034,0.558,0.392,0.036,0.129,0.558,0.156,0.414,-3.939e-4,0,0.024,1.238,1.213,2.633e-5,1002.771,0.001,340.037,0.27,6.4,32.17
1.768,0.609,2814.084,627.852,0.283,0.003,62.28,45.296,135.88,0.558,0.392,0.036,0.129,0.558,0.154,0.408,9.168e-5,0,0.024,1.238,1.214,5.373e-5,1002.733,0.001,340.036,0.27,6.4,32.17
1.772,0.597,2813.834,627.602,0.283,0.003,62.285,45.293,135.727,0.558,0.392,0.036,0.13,0.558,0.15,0.399,-1.296e-4,0,0.024,1.238,1.214,9.014e-5,1002.694,0.001,340.034,0.27,6.4,32.17
1.776,0.582,2813.583,627.351,0.283,0.003,62.29,45.29,135.573,0.558,0.392,0.036,0.13,0.559,0.147,0.39,3.737e-4,0,0.024,1.238,1.214,1.349e-4,1002.656,0.001,340.033,0.271,6.4,32.17
1.779,0.565,2813.332,627.1,0.283,0.003,62.297,45.287,135.418,0.558,0.392,0.036,0.13,0.559,0.142,0.378,-2.52e-4,0,0.024,1.238,1.214,1.871e-4,1002.617,0.001,340.032,0.271,6.4,32.17
1.783,0.546,2813.08,626.849,0.283,0.003,62.305,45.284,135.264,0.558,0.392,0.037,0.13,0.559,0.138,0.366,-3.338e-5,0,0.024,1.238,1.214,2.459e-4,1002.578,0.001,340.03,0.272,6.4,32.17
1.786,0.525,2812.828,626.597,0.283,0.003,62.314,45.281,135.109,0.558,0.392,0.037,0.13,0.559,0.132,0.351,3.846e-4,0,0.023,1.238,1.214,3.101e-4,1002.539,0.001,340.029,0.272,6.4,32.17
1.79,0.501,2812.576,626.344,0.282,0.003,62.323,45.278,134.954,0.558,0.392,0.037,0.13,0.559,0.126,0.336,2.883e-4,0,0.023,1.238,1.215,3.785e-4,1002.499,0.001,340.028,0.272,6.4,32.17
1.794,0.476,2812.322,626.091,0.282,0.003,62.334,45.275,134.798,0.558,0.392,0.037,0.13,0.559,0.12,0.318,2.404e-4,0,0.023,1.238,1.215,4.497e-4,1002.46,0.001,340.027,0.273,6.4,32.17
1.797,0.448,2812.069,625.837,0.282,0.003,62.345,45.272,134.642,0.558,0.392,0.037,0.13,0.559,0.113,0.3,2.703e-4,0,0.023,1.238,1.215,5.224e-4,1002.42,0.001,340.025,0.273,6.4,32.17
1.801,0.42,2811.815,625.583,0.282,0.003,62.357,45.269,134.486,0.558,0.392,0.037,0.13,0.559,0.105,0.281,2.12e-4,0,0.023,1.238,1.215,5.927e-4,1002.381,0.001,340.024,0.273,6.4,32.17
1.805,0.393,2811.56,625.328,0.282,0.003,62.369,45.266,134.329,0.559,0.392,0.037,0.13,0.559,0.099,0.263,-2.607e-4,0,0.023,1.238,1.215,6.557e-4,1002.341,0.001,340.023,0.274,6.4,32.17
1.808,0.364,2811.304,625.073,0.282,0.003,62.381,45.263,134.172,0.559,0.392,0.037,0.13,0.559,0.091,0.244,-1.009e-4,0,0.023,1.238,1.215,7.165e-4,1002.301,0.001,340.021,0.274,6.4,32.17
1.812,0.335,2811.048,624.817,0.282,0.003,62.393,45.26,134.015,0.559,0.392,0.037,0.13,0.559,0.084,0.224,1.941e-4,0,0.023,1.238,1.215,7.736e-4,1002.261,0.001,340.02,0.275,6.4,32.17
1.816,0.305,2810.792,624.56,0.282,0.003,62.406,45.257,133.857,0.559,0.392,0.037,0.13,0.559,0.076,0.203,-4.847e-4,0,0.023,1.238,1.216,8.259e-4,1002.22,0.001,340.018,0.275,6.4,32.17
1.819,0.273,2810.535,624.303,0.282,0.003,62.42,45.254,133.699,0.559,0.392,0.037,0.13,0.559,0.068,0.182,4.754e-4,0,0.022,1.238,1.216,8.717e-4,1002.18,0.001,340.017,0.275,6.4,32.17
1.823,0.241,2810.277,624.045,0.282,0.003,62.434,45.251,133.541,0.559,0.392,0.037,0.13,0.559,0.06,0.161,-5.636e-5,0,0.022,1.238,1.216,9.089e-4,1002.139,0.001,340.016,0.276,6.4,32.17
1.827,0.209,2810.018,623.787,0.282,0.003,62.448,45.248,133.382,0.559,0.392,0.037,0.13,0.559,0.052,0.139,-1.677e-4,0,0.022,1.238,1.216,9.345e-4,1002.099,0.001,340.014,0.276,6.4,32.17
1.831,0.176,2809.759,623.527,0.282,0.003,62.462,45.245,133.223,0.559,0.392,0.037,0.13,0.559,0.044,0.117,4.371e-4,0,0.022,1.238,1.216,9.433e-4,1002.058,0.001,340.013,0.276,6.4,32.17
1.834,0.144,2809.499,623.268,0.282,0.003,62.477,45.242,133.063,0.559,0.392,0.037,0.13,0.559,0.036,0.096,-1.189e-4,0,0.022,1.238,1.216,9.251e-4,1002.017,0.001,340.012,0.277,6.4,32.17
1.838,0.112,2809.239,623.007,0.282,0.003,62.493,45.239,132.903,0.559,0.392,0.037,0.13,0.559,0.028,0.074,4.629e-4,0,0.022,1.238,1.217,8.562e-4,1001.976,0.001,340.01,0.277,6.4,32.17
1.842,0.082,2808.978,622.746,0.282,0.003,62.507,45.236,132.742,0.559,0.392,0.038,0.13,0.559,0.02,0.055,-3.95e-5,0,0.022,1.238,1.217,6.772e-4,1001.934,0.001,340.009,0.278,6.4,32.17
1.845,0.058,2808.716,622.485,0.282,0.003,62.517,45.233,132.582,0.559,0.392,0.038,0.13,0.559,0.015,0.039,1.916e-4,0,0.022,1.238,1.217,2.824e-4,1001.893,0.001,340.007,0.278,6.4,32.17
1.849,0.05,2808.454,622.222,0.282,0.003,62.511,45.23,132.42,0.56,0.392,0.038,0.13,0.56,0.012,0.033,3.8e-4,0,0.022,1.239,1.217,-1.33e-5,1001.851,0.001,340.006,0.278,6.4,32.17
1.853,0.069,2808.191,621.959,0.282,0.003,62.497,45.227,132.259,0.56,0.392,0.038,0.13,0.56,0.017,0.047,1.31e-4,0,0.021,1.239,1.217,-5.103e-4,1001.809,0.001,340.005,0.279,6.4,32.17
1.857,0.104,2807.927,621.696,0.282,0.003,62.486,45.224,132.097,0.56,0.392,0.038,0.13,0.56,0.026,0.071,6.381e-5,0,0.021,1.239,1.217,-8.141e-4,1001.767,0.001,340.003,0.279,6.4,32.17
1.861,0.142,2807.664,621.432,0.282,0.003,62.473,45.221,131.935,0.56,0.392,0.038,0.13,0.56,0.036,0.096,4.045e-4,0,0.021,1.239,1.217,-9.1e-4,1001.725,0.001,340.002,0.279,6.4,32.17
1.864,0.182,2807.399,621.168,0.282,0.003,62.46,45.218,131.772,0.56,0.392,0.038,0.13,0.56,0.045,0.123,8.834e-5,0,0.021,1.239,1.218,-9.273e-4,1001.683,0.001,340,0.28,6.4,32.17
1.868,0.222,2807.134,620.903,0.282,0.003,62.447,45.214,131.609,0.56,0.392,0.038,0.13,0.56,0.055,0.15,1.734e-4,0,0.021,1.239,1.218,-9.081e-4,1001.641,0.001,339.999,0.28,6.4,32.17
1.872,0.261,2806.869,620.637,0.282,0.003,62.433,45.211,131.446,0.56,0.392,0.038,0.13,0.56,0.065,0.176,-3.848e-4,0,0.021,1.239,1.218,-8.678e-4,1001.598,0.001,339.998,0.281,6.4,32.17
1.876,0.298,2806.603,620.371,0.282,0.003,62.42,45.208,131.283,0.56,0.392,0.038,0.13,0.56,0.075,0.202,-2.955e-4,0,0.021,1.239,1.218,-8.138e-4,1001.555,0.001,339.996,0.281,6.4,32.17
1.88,0.335,2806.336,620.105,0.282,0.003,62.407,45.205,131.119,0.56,0.392,0.038,0.13,0.56,0.084,0.226,-2.821e-4,0,0.021,1.239,1.218,-7.497e-4,1001.513,0.001,339.995,0.281,6.4,32.17
1.883,0.37,2806.069,619.838,0.282,0.003,62.395,45.202,130.955,0.56,0.392,0.038,0.13,0.56,0.093,0.25,-4.179e-4,0,0.021,1.239,1.218,-6.787e-4,1001.47,0.001,339.993,0.282,6.4,32.17
1.887,0.403,2805.802,619.57,0.282,0.003,62.383,45.199,130.791,0.56,0.392,0.038,0.13,0.561,0.101,0.272,-3.962e-4,0,0.021,1.239,1.218,-6.029e-4,1001.427,0.001,339.992,0.282,6.4,32.17
1.891,0.434,2805.534,619.302,0.282,0.003,62.372,45.196,130.626,0.56,0.392,0.038,0.13,0.561,0.109,0.292,-4.36e-4,0,0.02,1.239,1.218,-5.247e-4,1001.383,0.001,339.99,0.282,6.4,32.17
1.895,0.462,2805.265,619.034,0.282,0.003,62.362,45.192,130.461,0.56,0.392,0.038,0.13,0.561,0.116,0.312,-2.702e-4,0,0.02,1.239,1.219,-4.459e-4,1001.34,0.001,339.989,0.283,6.4,32.17
1.899,0.489,2804.996,618.764,0.282,0.003,62.353,45.189,130.295,0.561,0.392,0.038,0.13,0.561,0.123,0.33,-4.177e-4,0,0.02,1.239,1.219,-3.685e-4,1001.296,0.001,339.987,0.283,6.4,32.17
1.903,0.511,2804.726,618.494,0.282,0.003,62.344,45.186,130.129,0.561,0.392,0.039,0.13,0.561,0.129,0.345,3.133e-4,0,0.02,1.239,1.219,-2.954e-4,1001.253,0.001,339.986,0.284,6.4,32.17
1.907,0.531,2804.455,618.224,0.282,0.003,62.337,45.183,129.963,0.561,0.392,0.039,0.13,0.561,0.134,0.359,3.895e-4,0,0.02,1.239,1.219,-2.276e-4,1001.209,0.001,339.984,0.284,6.4,32.17
1.911,0.547,2804.184,617.953,0.282,0.003,62.331,45.18,129.796,0.561,0.392,0.039,0.131,0.561,0.138,0.37,-2.627e-4,0,0.02,1.239,1.219,-1.665e-4,1001.165,0.001,339.983,0.284,6.4,32.17
1.914,0.561,2803.913,617.681,0.282,0.003,62.326,45.177,129.629,0.561,0.392,0.039,0.131,0.561,0.141,0.379,3.475e-4,0,0.02,1.239,1.219,-1.133e-4,1001.121,0.001,339.982,0.285,6.4,32.17
1.918,0.572,2803.64,617.409,0.281,0.003,62.322,45.173,129.462,0.561,0.392,0.039,0.131,0.562,0.144,0.387,3.502e-4,0,0.02,1.239,1.219,-6.928e-5,1001.076,0.001,339.98,0.285,6.4,32.17
1.922,0.58,2803.367,617.136,0.281,0.003,62.319,45.17,129.294,0.561,0.392,0.039,0.131,0.562,0.146,0.392,-1.371e-4,0,0.02,1.239,1.22,-3.545e-5,1001.032,0.001,339.979,0.286,6.4,32.17
1.926,0.585,2803.094,616.862,0.281,0.003,62.317,45.167,129.126,0.561,0.392,0.039,0.131,0.562,0.147,0.395,1.598e-4,0,0.02,1.239,1.22,-1.259e-5,1000.987,0.001,339.977,0.286,6.4,32.17
1.93,0.586,2802.819,616.588,0.281,0.003,62.316,45.164,128.957,0.561,0.392,0.039,0.131,0.562,0.148,0.396,-3.446e-5,0,0.019,1.239,1.22,-1.251e-6,1000.942,0.001,339.976,0.286,6.4,32.17
1.934,0.585,2802.544,616.313,0.281,0.003,62.316,45.16,128.788,0.561,0.392,0.039,0.131,0.562,0.147,0.395,-7.772e-5,0,0.019,1.239,1.22,1.746e-6,1000.897,0.001,339.974,0.287,6.4,32.17
1.938,0.58,2802.269,616.037,0.281,0.003,62.318,45.157,128.619,0.561,0.392,0.039,0.131,0.562,0.146,0.393,-4.678e-4,0,0.019,1.239,1.22,1.413e-5,1000.852,0.001,339.973,0.287,6.4,32.17
1.942,0.573,2801.992,615.761,0.281,0.003,62.32,45.154,128.449,0.561,0.392,0.039,0.131,0.562,0.144,0.387,1.254e-4,0,0.019,1.239,1.22,3.816e-5,1000.807,0.001,339.971,0.287,6.4,32.17
1.946,0.562,2801.715,615.484,0.281,0.003,62.324,45.151,128.279,0.562,0.392,0.039,0.131,0.562,0.142,0.379,-3.454e-4,0,0.019,1.24,1.22,7.335e-5,1000.761,0.001,339.969,0.288,6.4,32.17
1.95,0.548,2801.438,615.206,0.281,0.003,62.328,45.147,128.108,0.562,0.392,0.039,0.131,0.562,0.138,0.371,3.666e-4,0,0.019,1.24,1.221,1.19e-4,1000.716,0.001,339.968,0.288,6.4,32.17
1.954,0.53,2801.159,614.928,0.281,0.003,62.335,45.144,127.937,0.562,0.392,0.039,0.131,0.562,0.133,0.358,-3.479e-4,0,0.019,1.24,1.221,1.726e-4,1000.67,0.001,339.966,0.289,6.4,32.17
1.958,0.509,2800.88,614.649,0.281,0.003,62.342,45.141,127.766,0.562,0.392,0.039,0.131,0.562,0.128,0.344,-3.752e-4,0,0.019,1.24,1.221,2.337e-4,1000.624,0.001,339.965,0.289,6.4,32.17
1.962,0.486,2800.6,614.369,0.281,0.003,62.35,45.137,127.594,0.562,0.392,0.039,0.131,0.562,0.122,0.329,2.289e-4,0,0.019,1.24,1.221,3.011e-4,1000.578,0.001,339.963,0.289,6.4,32.17
1.966,0.46,2800.32,614.088,0.281,0.003,62.36,45.134,127.421,0.562,0.392,0.04,0.131,0.562,0.116,0.311,-7.198e-5,0,0.019,1.24,1.221,3.729e-4,1000.531,0.001,339.962,0.29,6.4,32.17
1.97,0.431,2800.039,613.807,0.281,0.003,62.37,45.131,127.248,0.562,0.392,0.04,0.131,0.562,0.108,0.291,2.752e-4,0,0.019,1.24,1.221,4.474e-4,1000.485,0.001,339.96,0.29,6.4,32.17
1.974,0.4,2799.757,613.525,0.281,0.003,62.381,45.127,127.075,0.562,0.392,0.04,0.131,0.562,0.101,0.27,-8.573e-5,0,0.018,1.24,1.221,5.227e-4,1000.438,0.001,339.959,0.29,6.4,32.17
1.978,0.367,2799.474,613.242,0.281,0.003,62.393,45.124,126.901,0.562,0.392,0.04,0.131,0.562,0.092,0.248,-1.857e-4,0,0.018,1.24,1.222,5.967e-4,1000.391,0.001,339.957,0.291,6.4,32.17
1.982,0.333,2799.19,612.959,0.281,0.003,62.406,45.121,126.727,0.562,0.392,0.04,0.131,0.563,0.083,0.225,-2.123e-4,0,0.018,1.24,1.222,6.672e-4,1000.344,0.001,339.955,0.291,6.4,32.17
1.986,0.296,2798.906,612.675,0.281,0.003,62.42,45.117,126.553,0.562,0.391,0.04,0.131,0.563,0.074,0.199,-4.076e-4,0,0.018,1.24,1.222,7.315e-4,1000.297,0.001,339.954,0.292,6.4,32.17
1.99,0.258,2798.621,612.39,0.281,0.003,62.434,45.114,126.377,0.562,0.391,0.04,0.131,0.563,0.065,0.174,1.692e-4,0,0.018,1.24,1.222,7.868e-4,1000.249,0.001,339.952,0.292,6.4,32.17
1.995,0.219,2798.336,612.104,0.281,0.003,62.449,45.111,126.202,0.563,0.391,0.04,0.131,0.563,0.055,0.147,-1.854e-4,0,0.018,1.24,1.222,8.284e-4,1000.202,0.001,339.951,0.292,6.4,32.17
1.999,0.179,2798.049,611.818,0.281,0.003,62.465,45.107,126.026,0.563,0.391,0.04,0.131,0.563,0.045,0.12,3.411e-4,0,0.018,1.24,1.222,8.488e-4,1000.154,0.001,339.949,0.293,6.4,32.17
2.003,0.14,2797.762,611.531,0.281,0.003,62.48,45.104,125.849,0.563,0.391,0.04,0.131,0.563,0.035,0.094,-4.759e-4,0,0.018,1.24,1.222,8.232e-4,1000.106,0.001,339.947,0.293,6.4,32.17
2.007,0.104,2797.474,611.243,0.281,0.003,62.497,45.101,125.673,0.563,0.391,0.04,0.131,0.563,0.026,0.07,3.873e-4,0,0.018,1.24,1.222,6.807e-4,1000.058,0.001,339.946,0.293,6.4,32.17
2.011,0.075,2797.186,610.954,0.281,0.003,62.516,45.097,125.495,0.563,0.391,0.04,0.131,0.563,0.019,0.05,1.27e-4,0,0.018,1.24,1.223,2.976e-4,1000.009,0.001,339.944,0.294,6.4,32.17
2.015,0.068,2796.897,610.665,0.281,0.003,62.527,45.094,125.318,0.563,0.391,0.04,0.131,0.563,0.017,0.046,-2.735e-4,0,0.017,1.24,1.223,-5.613e-6,999.961,0.001,339.943,0.294,6.4,32.17
2.019,0.088,2796.607,610.375,0.281,0.003,62.514,45.09,125.139,0.563,0.391,0.04,0.131,0.563,0.022,0.06,-4.393e-4,0,0.017,1.24,1.223,-3.443e-4,999.912,0.001,339.941,0.295,6.4,32.17
2.024,0.123,2796.316,610.085,0.281,0.003,62.495,45.087,124.961,0.563,0.391,0.04,0.131,0.563,0.031,0.084,-4.581e-4,0,0.017,1.24,1.223,-6.316e-4,999.863,0.001,339.939,0.295,6.4,32.17
2.028,0.163,2796.025,609.794,0.281,0.003,62.476,45.083,124.782,0.563,0.391,0.041,0.131,0.563,0.041,0.111,-3.921e-4,0,0.017,1.24,1.223,-7.569e-4,999.814,0.001,339.938,0.295,6.4,32.17
2.032,0.204,2795.733,609.502,0.281,0.003,62.458,45.08,124.602,0.563,0.391,0.041,0.131,0.563,0.051,0.14,-3.968e-4,0,0.017,1.24,1.223,-7.97e-4,999.765,0.001,339.936,0.296,6.4,32.17
2.036,0.246,2795.44,609.209,0.281,0.003,62.441,45.076,124.422,0.563,0.391,0.041,0.131,0.564,0.062,0.168,-1.463e-4,0,0.017,1.24,1.223,-7.919e-4,999.715,0.001,339.934,0.296,6.4,32.17
2.04,0.287,2795.147,608.915,0.281,0.003,62.425,45.073,124.242,0.564,0.391,0.041,0.131,0.564,0.072,0.196,-1.466e-5,0,0.017,1.24,1.224,-7.592e-4,999.665,0.001,339.933,0.297,6.4,32.17
2.045,0.327,2794.853,608.621,0.28,0.003,62.41,45.069,124.061,0.564,0.391,0.041,0.131,0.564,0.082,0.223,-2.111e-4,0,0.017,1.241,1.224,-7.081e-4,999.616,0.001,339.931,0.297,6.4,32.17
2.049,0.366,2794.558,608.326,0.28,0.003,62.396,45.066,123.88,0.564,0.391,0.041,0.131,0.564,0.092,0.249,1.799e-4,0,0.017,1.241,1.224,-6.443e-4,999.566,0.001,339.929,0.297,6.4,32.17
2.053,0.399,2794.262,608.031,0.28,0.003,62.384,45.062,123.698,0.564,0.391,0.041,0.132,0.564,0.1,0.271,-4.437e-4,0,0.017,1.241,1.224,-5.698e-4,999.515,0.001,339.928,0.298,6.4,32.17
2.057,0.428,2793.966,607.734,0.28,0.003,62.373,45.059,123.516,0.564,0.391,0.041,0.132,0.564,0.108,0.292,1.024e-4,0,0.017,1.241,1.224,-4.898e-4,999.465,0.001,339.926,0.298,6.4,32.17
2.062,0.455,2793.668,607.437,0.28,0.003,62.364,45.055,123.333,0.564,0.391,0.041,0.132,0.564,0.114,0.309,-1.575e-4,0,0.017,1.241,1.224,-4.083e-4,999.414,0.001,339.924,0.298,6.4,32.17
2.066,0.479,2793.37,607.138,0.28,0.003,62.356,45.052,123.15,0.564,0.391,0.041,0.132,0.564,0.12,0.326,4.931e-4,0,0.016,1.241,1.224,-3.286e-4,999.363,0.001,339.923,0.299,6.4,32.17
2.07,0.499,2793.07,606.839,0.28,0.003,62.35,45.048,122.966,0.564,0.391,0.041,0.132,0.565,0.126,0.34,4.142e-4,0,0.016,1.241,1.224,-2.533e-4,999.312,0.001,339.921,0.299,6.4,32.17
2.075,0.516,2792.77,606.539,0.28,0.003,62.345,45.045,122.781,0.564,0.391,0.041,0.132,0.565,0.13,0.352,2.132e-4,0,0.016,1.241,1.225,-1.846e-4,999.261,0.001,339.919,0.3,6.4,32.17
2.079,0.53,2792.469,606.237,0.28,0.003,62.341,45.041,122.596,0.564,0.391,0.041,0.132,0.565,0.134,0.362,-2.018e-4,0,0.016,1.241,1.225,-1.246e-4,999.209,0.001,339.917,0.3,6.4,32.17
2.083,0.54,2792.167,605.935,0.28,0.003,62.338,45.038,122.411,0.564,0.391,0.041,0.132,0.565,0.136,0.368,-6.487e-5,0,0.016,1.241,1.225,-7.516e-5,999.158,0.001,339.916,0.3,6.4,32.17
2.088,0.547,2791.864,605.632,0.28,0.003,62.338,45.034,122.224,0.564,0.391,0.041,0.132,0.565,0.138,0.372,-3.931e-4,0,0.016,1.241,1.225,-3.746e-5,999.105,0.001,339.914,0.301,6.4,32.17
2.092,0.55,2791.56,605.329,0.28,0.003,62.338,45.03,122.038,0.565,0.391,0.042,0.132,0.565,0.139,0.375,-2.729e-4,0,0.016,1.241,1.225,-1.252e-5,999.053,0.001,339.912,0.301,6.4,32.17
2.096,0.548,2791.255,605.024,0.28,0.003,62.34,45.027,121.85,0.565,0.391,0.042,0.132,0.565,0.138,0.374,7.827e-6,0,0.016,1.241,1.225,-8.819e-7,999.001,0.001,339.91,0.302,6.4,32.17
2.101,0.543,2790.95,604.718,0.28,0.003,62.343,45.023,121.662,0.565,0.391,0.042,0.132,0.565,0.137,0.371,3.294e-5,0,0.016,1.241,1.225,2.74e-6,998.948,0.001,339.909,0.302,6.4,32.17
2.105,0.533,2790.643,604.411,0.28,0.003,62.348,45.019,121.474,0.565,0.391,0.042,0.132,0.565,0.134,0.364,-1.622e-4,0,0.016,1.241,1.226,1.783e-5,998.895,0.001,339.907,0.302,6.4,32.17
2.109,0.52,2790.335,604.104,0.28,0.003,62.355,45.016,121.285,0.565,0.391,0.042,0.132,0.565,0.131,0.354,-4.544e-4,0,0.016,1.241,1.226,4.54e-5,998.842,0.001,339.905,0.303,6.4,32.17
2.114,0.502,2790.027,603.795,0.28,0.003,62.363,45.012,121.095,0.565,0.391,0.042,0.132,0.565,0.126,0.343,-1.383e-4,0,0.015,1.241,1.226,8.432e-5,998.789,0.001,339.903,0.303,6.4,32.17
2.118,0.481,2789.717,603.485,0.28,0.003,62.372,45.008,120.905,0.565,0.391,0.042,0.132,0.566,0.121,0.329,4.76e-4,0,0.015,1.241,1.226,1.331e-4,998.735,0.001,339.901,0.303,6.4,32.17
2.123,0.457,2789.407,603.175,0.28,0.003,62.382,45.005,120.714,0.565,0.391,0.042,0.132,0.566,0.115,0.312,-3.245e-4,0,0.015,1.241,1.226,1.9e-4,998.681,0.001,339.9,0.304,6.4,32.17
2.127,0.429,2789.095,602.863,0.28,0.003,62.393,45.001,120.523,0.565,0.391,0.042,0.132,0.566,0.108,0.293,-2.842e-4,0,0.015,1.241,1.226,2.528e-4,998.627,0.001,339.898,0.304,6.4,32.17
2.132,0.398,2788.783,602.551,0.28,0.003,62.406,44.997,120.331,0.565,0.391,0.042,0.132,0.566,0.1,0.272,-2.457e-4,0,0.015,1.241,1.226,3.194e-4,998.573,0.001,339.896,0.305,6.4,32.17
2.136,0.365,2788.469,602.238,0.28,0.003,62.419,44.994,120.138,0.566,0.391,0.042,0.132,0.566,0.092,0.249,3.948e-4,0,0.015,1.241,1.226,3.874e-4,998.518,0.001,339.894,0.305,6.4,32.17
2.141,0.329,2788.155,601.923,0.28,0.003,62.433,44.99,119.945,0.566,0.391,0.042,0.132,0.566,0.083,0.225,1.444e-4,0,0.015,1.241,1.227,4.544e-4,998.464,0.001,339.892,0.305,6.4,32.17
2.145,0.291,2787.839,601.608,0.28,0.003,62.448,44.986,119.751,0.566,0.391,0.042,0.132,0.566,0.073,0.198,3.336e-4,0,0.015,1.242,1.227,5.178e-4,998.408,0.001,339.89,0.306,6.4,32.17
2.15,0.251,2787.523,601.291,0.28,0.003,62.463,44.982,119.556,0.566,0.391,0.042,0.132,0.566,0.063,0.172,3.003e-4,0,0.015,1.242,1.227,5.752e-4,998.353,0.001,339.889,0.306,6.4,32.17
2.154,0.208,2787.206,600.974,0.28,0.003,62.479,44.979,119.361,0.566,0.391,0.043,0.132,0.566,0.052,0.141,-1.107e-4,0,0.015,1.242,1.227,6.23e-4,998.298,0.001,339.887,0.307,6.4,32.17
2.159,0.164,2786.887,600.656,0.28,0.003,62.496,44.975,119.166,0.566,0.391,0.043,0.132,0.566,0.041,0.111,-4.342e-4,0,0.015,1.242,1.227,6.595e-4,998.242,0.001,339.885,0.307,6.4,32.17
2.164,0.119,2786.568,600.336,0.28,0.003,62.513,44.971,118.969,0.566,0.391,0.043,0.132,0.566,0.03,0.081,-3.027e-4,0,0.015,1.242,1.227,6.814e-4,998.186,0.001,339.883,0.307,6.4,32.17
2.168,0.074,2786.247,600.016,0.279,0.003,62.529,44.967,118.772,0.566,0.391,0.043,0.132,0.566,0.018,0.049,-1.998e-4,0,0.014,1.242,1.227,6.791e-4,998.13,0.001,339.881,0.308,6.4,32.17
2.173,0.03,2785.926,599.694,0.279,0.003,62.541,44.963,118.575,0.566,0.391,0.043,0.132,0.566,0.007,0.02,-1.933e-4,0,0.014,1.242,1.227,5.643e-4,998.073,0.001,339.879,0.308,6.4,32.17
2.177,0.021,2785.603,599.371,0.279,0.003,62.557,44.959,118.376,0.566,0.391,0.043,0.132,0.566,0.005,0.015,-3.516e-4,0,0.014,1.242,1.228,-5.484e-4,998.016,0.001,339.877,0.308,6.4,32.17
2.182,0.063,2785.279,599.048,0.279,0.003,62.536,44.956,118.178,0.567,0.391,0.043,0.132,0.567,0.016,0.044,-2.894e-4,0,0.014,1.242,1.228,-6.886e-4,997.959,0.001,339.875,0.309,6.4,32.17
2.187,0.105,2784.955,598.723,0.279,0.003,62.517,44.952,117.978,0.567,0.391,0.043,0.132,0.567,0.026,0.072,-4.383e-5,0,0.014,1.242,1.228,-6.615e-4,997.902,0.001,339.873,0.309,6.4,32.17
2.191,0.147,2784.629,598.397,0.279,0.003,62.5,44.948,117.778,0.567,0.391,0.043,0.132,0.567,0.037,0.101,-2.293e-4,0,0.014,1.242,1.228,-6.175e-4,997.844,0.001,339.871,0.31,6.4,32.17
2.196,0.186,2784.302,598.07,0.279,0.003,62.483,44.944,117.577,0.567,0.391,0.043,0.132,0.567,0.046,0.128,-1.707e-4,0,0.014,1.242,1.228,-5.638e-4,997.787,0.001,339.87,0.31,6.4,32.17
2.201,0.223,2783.974,597.743,0.279,0.003,62.468,44.94,117.375,0.567,0.391,0.043,0.133,0.567,0.056,0.154,-4.637e-4,0,0.014,1.242,1.228,-5.04e-4,997.728,0.001,339.868,0.31,6.4,32.17
2.206,0.257,2783.645,597.414,0.279,0.003,62.454,44.936,117.173,0.567,0.391,0.043,0.133,0.567,0.064,0.177,-1.622e-4,0,0.014,1.242,1.228,-4.442e-4,997.67,0.001,339.866,0.311,6.4,32.17
2.21,0.288,2783.315,597.084,0.279,0.003,62.441,44.932,116.97,0.567,0.391,0.043,0.133,0.567,0.072,0.198,4.588e-4,0,0.014,1.242,1.228,-3.811e-4,997.612,0.001,339.864,0.311,6.4,32.17
2.215,0.316,2782.984,596.753,0.279,0.003,62.429,44.928,116.767,0.567,0.391,0.044,0.133,0.567,0.079,0.218,-1.354e-4,0,0.014,1.242,1.229,-3.17e-4,997.553,0.001,339.862,0.312,6.4,32.17
2.22,0.342,2782.652,596.42,0.279,0.003,62.419,44.924,116.563,0.567,0.391,0.044,0.133,0.567,0.086,0.235,4.991e-4,0,0.014,1.242,1.229,-2.539e-4,997.494,0.001,339.86,0.312,6.4,32.17
2.225,0.364,2782.319,596.087,0.279,0.003,62.41,44.92,116.358,0.567,0.391,0.044,0.133,0.568,0.091,0.25,9.824e-5,0,0.013,1.242,1.229,-1.941e-4,997.434,0.001,339.858,0.312,6.4,32.17
2.229,0.382,2781.985,595.753,0.279,0.003,62.403,44.916,116.153,0.567,0.391,0.044,0.133,0.568,0.096,0.263,1.313e-4,0,0.013,1.242,1.229,-1.396e-4,997.375,0.001,339.856,0.313,6.4,32.17
2.234,0.397,2781.649,595.418,0.279,0.003,62.397,44.912,115.947,0.568,0.391,0.044,0.133,0.568,0.1,0.272,-3.293e-4,0,0.013,1.242,1.229,-9.225e-5,997.315,0.001,339.854,0.313,6.4,32.17
2.239,0.407,2781.313,595.082,0.279,0.003,62.393,44.908,115.74,0.568,0.391,0.044,0.133,0.568,0.102,0.28,2.395e-4,0,0.013,1.242,1.229,-5.36e-5,997.254,0.001,339.852,0.314,6.4,32.17
2.244,0.414,2780.976,594.744,0.279,0.003,62.391,44.904,115.533,0.568,0.391,0.044,0.133,0.568,0.104,0.284,4.395e-4,0,0.013,1.242,1.229,-2.486e-5,997.194,0.001,339.85,0.314,6.4,32.17
2.249,0.416,2780.637,594.406,0.279,0.003,62.39,44.9,115.324,0.568,0.391,0.044,0.133,0.568,0.105,0.287,4.096e-4,0,0.013,1.243,1.229,-6.87e-6,997.133,0.001,339.848,0.314,6.4,32.17
2.254,0.419,2780.297,594.066,0.279,0.003,62.39,44.896,115.116,0.568,0.391,0.044,0.133,0.568,0.105,0.288,4.145e-4,0,0.013,1.243,1.23,-3.066e-7,997.072,0.001,339.846,0.315,6.4,32.17
2.259,0.42,2779.957,593.725,0.279,0.003,62.39,44.892,114.906,0.568,0.391,0.044,0.133,0.568,0.106,0.289,1.165e-4,0,0.013,1.243,1.23,2.101e-6,997.011,0.001,339.844,0.315,6.4,32.17
2.263,0.419,2779.615,593.384,0.279,0.003,62.391,44.888,114.697,0.568,0.391,0.044,0.133,0.568,0.105,0.288,3.289e-4,0,0.013,1.243,1.23,1.216e-5,996.95,0.001,339.841,0.315,6.4,32.17
2.268,0.415,2779.273,593.042,0.279,0.003,62.393,44.884,114.486,0.568,0.391,0.044,0.133,0.569,0.104,0.285,3.041e-4,0,0.013,1.243,1.23,3.07e-5,996.888,0.001,339.839,0.316,6.4,32.17
2.273,0.408,2778.93,592.698,0.279,0.003,62.397,44.88,114.275,0.568,0.391,0.044,0.133,0.569,0.102,0.28,-1.452e-4,0,0.013,1.243,1.23,5.775e-5,996.826,0.001,339.837,0.316,6.4,32.17
2.278,0.397,2778.586,592.354,0.279,0.003,62.402,44.875,114.064,0.568,0.391,0.045,0.133,0.569,0.1,0.273,-1.386e-4,0,0.013,1.243,1.23,9.309e-5,996.764,0.001,339.835,0.317,6.4,32.17
2.283,0.384,2778.241,592.009,0.279,0.003,62.408,44.871,113.852,0.569,0.391,0.045,0.133,0.569,0.097,0.265,-3.584e-5,0,0.013,1.243,1.23,1.362e-4,996.701,0.001,339.833,0.317,6.4,32.17
2.288,0.368,2777.895,591.663,0.279,0.003,62.415,44.867,113.639,0.569,0.391,0.045,0.133,0.569,0.092,0.253,4.927e-4,0,0.013,1.243,1.23,1.862e-4,996.639,0.001,339.831,0.317,6.4,32.17
2.293,0.348,2777.547,591.316,0.278,0.003,62.424,44.863,113.426,0.569,0.391,0.045,0.133,0.569,0.087,0.24,-6.726e-5,0,0.012,1.243,1.23,2.421e-4,996.576,0.001,339.829,0.318,6.4,32.17
2.298,0.326,2777.199,590.968,0.278,0.003,62.434,44.859,113.212,0.569,0.391,0.045,0.133,0.569,0.082,0.224,4.812e-4,0,0.012,1.243,1.231,3.026e-4,996.512,0.001,339.827,0.318,6.4,32.17
2.303,0.299,2776.85,590.618,0.278,0.003,62.446,44.855,112.997,0.569,0.391,0.045,0.133,0.569,0.075,0.205,4.9e-4,0,0.012,1.243,1.231,3.661e-4,996.449,0.001,339.825,0.319,6.4,32.17
2.308,0.268,2776.5,590.268,0.278,0.003,62.459,44.85,112.782,0.569,0.391,0.045,0.133,0.569,0.067,0.185,-1.507e-4,0,0.012,1.243,1.231,4.301e-4,996.385,0.001,339.822,0.319,6.4,32.17
2.313,0.235,2776.148,589.916,0.278,0.003,62.474,44.846,112.565,0.569,0.391,0.045,0.133,0.569,0.059,0.162,-3.874e-4,0,0.012,1.243,1.231,4.923e-4,996.321,0.001,339.82,0.319,6.4,32.17
2.318,0.199,2775.795,589.563,0.278,0.003,62.489,44.842,112.348,0.569,0.391,0.045,0.133,0.569,0.05,0.137,4.114e-4,0,0.012,1.243,1.231,5.504e-4,996.257,0.001,339.818,0.32,6.4,32.17
2.323,0.161,2775.441,589.209,0.278,0.003,62.506,44.838,112.131,0.569,0.391,0.045,0.133,0.569,0.04,0.111,4.632e-4,0,0.012,1.243,1.231,6.024e-4,996.192,0.001,339.816,0.32,6.4,32.17
2.329,0.121,2775.085,588.854,0.278,0.003,62.523,44.833,111.912,0.57,0.391,0.045,0.133,0.57,0.03,0.083,2.222e-4,0,0.012,1.243,1.231,6.464e-4,996.127,0.001,339.814,0.321,6.4,32.17
2.334,0.08,2774.728,588.497,0.278,0.003,62.541,44.829,111.693,0.57,0.391,0.045,0.133,0.57,0.02,0.054,-2.698e-5,0,0.012,1.243,1.231,6.802e-4,996.062,0.001,339.812,0.321,6.4,32.17
2.339,0.038,2774.37,588.139,0.278,0.003,62.56,44.825,111.473,0.57,0.391,0.046,0.133,0.57,0.009,0.025,-8.034e-5,0,0.012,1.243,1.232,6.954e-4,995.996,0.001,339.809,0.321,6.4,32.17
2.344,0.009,2774.011,587.78,0.278,0.003,62.558,44.821,111.252,0.57,0.391,0.046,0.133,0.57,0.002,0.007,-4.308e-4,0,0.012,1.243,1.232,-2.678e-4,995.93,0.001,339.807,0.322,6.4,32.17
2.349,0.05,2773.65,587.419,0.278,0.003,62.554,44.816,111.031,0.57,0.391,0.046,0.133,0.57,0.012,0.035,4.619e-4,0,0.012,1.243,1.232,-6.791e-4,995.864,0.001,339.805,0.322,6.4,32.17
2.354,0.092,2773.288,587.057,0.278,0.003,62.539,44.812,110.808,0.57,0.391,0.046,0.134,0.57,0.023,0.064,-4.527e-4,0,0.012,1.244,1.232,-6.779e-4,995.797,0.001,339.803,0.323,6.4,32.17
2.358,0.122,2773.033,586.801,0.278,0.003,62.528,44.809,110.651,0.57,0.391,0.046,0.134,0.57,0.03,0.085,-2.409e-4,0,0.012,1.244,1.232,-6.64e-4,995.75,0.001,339.801,0.323,6.4,32.17
2.363,0.163,2772.761,586.529,0.278,0.003,62.513,44.805,110.465,0.57,0.391,0.046,0.134,0.57,0.041,0.113,-4.127e-4,0,0.012,1.244,1.232,-6.322e-4,995.683,0.001,339.799,0.323,6.4,32.17
2.368,0.204,2772.487,586.256,0.278,0.003,62.498,44.802,110.279,0.57,0.391,0.046,0.134,0.57,0.051,0.142,-3.002e-4,0,0.011,1.244,1.232,-5.887e-4,995.615,0.001,339.797,0.324,6.4,32.17
2.374,0.243,2772.213,585.981,0.278,0.003,62.483,44.799,110.092,0.57,0.391,0.046,0.134,0.57,0.061,0.169,-8.53e-5,0,0.011,1.244,1.232,-5.353e-4,995.548,0.001,339.794,0.324,6.4,32.17
2.379,0.281,2771.938,585.706,0.278,0.003,62.469,44.796,109.904,0.57,0.391,0.046,0.134,0.571,0.071,0.195,7.168e-5,0,0.011,1.244,1.232,-4.741e-4,995.479,0.001,339.792,0.324,6.4,32.17
2.384,0.317,2771.661,585.43,0.278,0.003,62.455,44.792,109.716,0.571,0.391,0.046,0.134,0.571,0.079,0.219,-3.935e-4,0,0.011,1.244,1.233,-4.074e-4,995.411,0.001,339.79,0.325,6.4,32.17
2.39,0.349,2771.384,585.153,0.278,0.003,62.443,44.789,109.526,0.571,0.391,0.046,0.134,0.571,0.088,0.242,-1.233e-4,0,0.011,1.244,1.233,-3.378e-4,995.342,0.001,339.787,0.325,6.4,32.17
2.395,0.379,2771.106,584.874,0.278,0.003,62.431,44.786,109.337,0.571,0.391,0.046,0.134,0.571,0.095,0.263,-4.592e-4,0,0.011,1.244,1.233,-2.68e-4,995.273,0.001,339.785,0.326,6.4,32.17
2.4,0.406,2770.827,584.595,0.278,0.003,62.421,44.782,109.146,0.571,0.391,0.046,0.134,0.571,0.102,0.282,-4.587e-4,0,0.011,1.244,1.233,-2.004e-4,995.204,0.001,339.783,0.326,6.4,32.17
2.406,0.427,2770.546,584.315,0.278,0.003,62.412,44.779,108.955,0.571,0.391,0.047,0.134,0.571,0.108,0.297,4.919e-4,0,0.011,1.244,1.233,-1.321e-4,995.134,0.001,339.78,0.326,6.4,32.17
2.411,0.443,2770.265,584.033,0.278,0.003,62.405,44.775,108.763,0.571,0.391,0.047,0.134,0.571,0.112,0.308,-4.794e-4,0,0.011,1.244,1.233,-7.543e-5,995.064,0.001,339.778,0.327,6.4,32.17
2.417,0.454,2769.982,583.75,0.278,0.003,62.4,44.772,108.57,0.571,0.391,0.047,0.134,0.572,0.114,0.315,-1.312e-4,0,0.011,1.244,1.233,-3.334e-5,994.993,0.001,339.776,0.327,6.4,32.17
2.422,0.458,2769.697,583.466,0.278,0.003,62.397,44.769,108.376,0.571,0.391,0.047,0.134,0.572,0.115,0.318,-2.027e-4,0,0.011,1.244,1.233,-7.823e-6,994.922,0.001,339.773,0.328,6.4,32.17
2.428,0.456,2769.412,583.18,0.278,0.003,62.397,44.765,108.181,0.571,0.391,0.047,0.134,0.572,0.115,0.317,-4.002e-4,0,0.011,1.244,1.234,4.122e-8,994.851,0.001,339.771,0.328,6.4,32.17
2.433,0.449,2769.125,582.893,0.278,0.003,62.399,44.762,107.985,0.572,0.391,0.047,0.134,0.572,0.113,0.312,-2.246e-4,0,0.011,1.244,1.234,1.016e-5,994.779,0.001,339.769,0.328,6.4,32.17
2.439,0.435,2768.837,582.605,0.277,0.003,62.403,44.758,107.789,0.572,0.391,0.047,0.134,0.572,0.11,0.302,-3.401e-4,0,0.011,1.244,1.234,3.74e-5,994.706,0.001,339.766,0.329,6.4,32.17
2.444,0.416,2768.548,582.316,0.277,0.003,62.409,44.755,107.592,0.572,0.391,0.047,0.134,0.572,0.105,0.289,6.778e-5,0,0.01,1.244,1.234,7.999e-5,994.634,0.001,339.764,0.329,6.4,32.17
2.45,0.391,2768.257,582.026,0.277,0.003,62.418,44.751,107.393,0.572,0.391,0.047,0.134,0.572,0.098,0.272,-2.559e-4,0,0.01,1.244,1.234,1.353e-4,994.561,0.001,339.761,0.33,6.4,32.17
2.455,0.36,2767.965,581.734,0.277,0.003,62.429,44.748,107.194,0.572,0.391,0.047,0.134,0.572,0.091,0.25,-3.209e-4,0,0.01,1.244,1.234,2.004e-4,994.487,0.001,339.759,0.33,6.4,32.17
2.461,0.325,2767.673,581.441,0.277,0.003,62.442,44.744,106.995,0.572,0.391,0.047,0.134,0.572,0.082,0.225,-4.156e-4,0,0.01,1.244,1.234,2.71e-4,994.414,0.001,339.756,0.33,6.4,32.17
2.467,0.285,2767.378,581.147,0.277,0.003,62.457,44.741,106.794,0.572,0.391,0.047,0.134,0.572,0.071,0.197,8.281e-5,0,0.01,1.245,1.234,3.426e-4,994.339,0.001,339.754,0.331,6.4,32.17
2.472,0.241,2767.083,580.851,0.277,0.003,62.474,44.737,106.592,0.572,0.391,0.047,0.134,0.572,0.06,0.167,4.118e-4,0,0.01,1.245,1.234,4.107e-4,994.265,0.001,339.751,0.331,6.4,32.17
2.478,0.194,2766.786,580.555,0.277,0.003,62.493,44.733,106.39,0.572,0.391,0.048,0.134,0.572,0.049,0.134,-3.076e-4,0,0.01,1.245,1.235,4.708e-4,994.19,0.001,339.749,0.332,6.4,32.17
2.484,0.144,2766.488,580.257,0.277,0.003,62.513,44.73,106.187,0.572,0.39,0.048,0.134,0.573,0.036,0.1,6.25e-5,0,0.01,1.245,1.235,5.181e-4,994.114,0.001,339.746,0.332,6.4,32.17
2.489,0.093,2766.189,579.957,0.277,0.003,62.534,44.726,105.983,0.573,0.39,0.048,0.134,0.573,0.023,0.064,2.278e-4,0,0.01,1.245,1.235,5.455e-4,994.038,0.001,339.744,0.332,6.4,32.17
2.495,0.042,2765.889,579.657,0.277,0.003,62.558,44.723,105.778,0.573,0.39,0.048,0.134,0.573,0.01,0.029,2.289e-4,0,0.01,1.245,1.235,5.13e-4,993.962,0.001,339.741,0.333,6.4,32.17
2.501,0.018,2765.587,579.355,0.277,0.003,62.568,44.719,105.572,0.573,0.39,0.048,0.134,0.573,0.005,0.013,4.763e-4,0,0.01,1.245,1.235,-2.867e-4,993.885,0.001,339.739,0.333,6.4,32.17
2.507,0.064,2765.284,579.053,0.277,0.003,62.546,44.715,105.365,0.573,0.39,0.048,0.134,0.573,0.016,0.045,3.549e-4,0,0.01,1.245,1.235,-5.446e-4,993.808,0.001,339.736,0.334,6.4,32.17
2.513,0.112,2764.98,578.748,0.277,0.003,62.529,44.712,105.158,0.573,0.39,0.048,0.134,0.573,0.028,0.079,-5.301e-5,0,0.01,1.245,1.235,-5.268e-4,993.731,0.001,339.733,0.334,6.4,32.17
2.519,0.158,2764.675,578.443,0.277,0.003,62.513,44.708,104.95,0.573,0.39,0.048,0.135,0.573,0.04,0.11,-3.24e-4,0,0.01,1.245,1.235,-4.833e-4,993.653,0.001,339.731,0.334,6.4,32.17
2.524,0.202,2764.368,578.137,0.277,0.003,62.497,44.704,104.741,0.573,0.39,0.048,0.135,0.573,0.051,0.141,-7.879e-5,0,0.01,1.245,1.236,-4.263e-4,993.575,0.001,339.728,0.335,6.4,32.17
2.53,0.242,2764.061,577.829,0.277,0.003,62.484,44.7,104.531,0.573,0.39,0.048,0.135,0.573,0.061,0.168,-9.616e-5,0,0.009,1.245,1.236,-3.607e-4,993.496,0.001,339.725,0.335,6.4,32.17
2.536,0.278,2763.752,577.52,0.277,0.003,62.472,44.697,104.32,0.573,0.39,0.048,0.135,0.574,0.07,0.194,3.964e-4,0,0.009,1.245,1.236,-2.908e-4,993.417,0.001,339.723,0.336,6.4,32.17
2.542,0.309,2763.441,577.21,0.277,0.003,62.461,44.693,104.109,0.574,0.39,0.048,0.135,0.574,0.078,0.216,5.478e-5,0,0.009,1.245,1.236,-2.209e-4,993.338,0.001,339.72,0.336,6.4,32.17
2.548,0.335,2763.13,576.898,0.277,0.003,62.453,44.689,103.896,0.574,0.39,0.049,0.135,0.574,0.084,0.234,4.249e-4,0,0.009,1.245,1.236,-1.552e-4,993.258,0.001,339.717,0.336,6.4,32.17
2.554,0.356,2762.817,576.586,0.277,0.003,62.447,44.685,103.683,0.574,0.39,0.049,0.135,0.574,0.09,0.249,-7.607e-5,0,0.009,1.245,1.236,-9.673e-5,993.177,0.001,339.715,0.337,6.4,32.17
2.56,0.372,2762.503,576.271,0.277,0.003,62.442,44.681,103.468,0.574,0.39,0.049,0.135,0.574,0.093,0.26,3.474e-4,0,0.009,1.245,1.236,-4.968e-5,993.097,0.001,339.712,0.337,6.4,32.17
2.566,0.38,2762.187,575.956,0.277,0.003,62.44,44.678,103.253,0.574,0.39,0.049,0.135,0.574,0.096,0.266,-2.97e-4,0,0.009,1.245,1.236,-1.731e-5,993.015,0.001,339.709,0.338,6.4,32.17
2.572,0.382,2761.87,575.639,0.277,0.003,62.441,44.674,103.037,0.574,0.39,0.049,0.135,0.574,0.096,0.267,4.208e-4,0,0.009,1.245,1.236,-1.499e-6,992.934,0.001,339.707,0.338,6.4,32.17
2.579,0.377,2761.552,575.32,0.277,0.003,62.444,44.67,102.82,0.574,0.39,0.049,0.135,0.574,0.095,0.264,2.428e-4,0,0.009,1.246,1.237,2.915e-6,992.851,0.001,339.704,0.338,6.4,32.17
2.585,0.366,2761.232,575,0.277,0.003,62.449,44.666,102.601,0.574,0.39,0.049,0.135,0.575,0.092,0.256,3.402e-4,0,0.009,1.246,1.237,2.101e-5,992.769,0.001,339.701,0.339,6.4,32.17
2.591,0.347,2760.91,574.679,0.277,0.003,62.457,44.662,102.382,0.574,0.39,0.049,0.135,0.575,0.087,0.242,4.608e-4,0,0.009,1.246,1.237,5.402e-5,992.686,0.001,339.698,0.339,6.4,32.17
2.597,0.323,2760.587,574.356,0.277,0.003,62.467,44.658,102.162,0.575,0.39,0.049,0.135,0.575,0.081,0.225,1.564e-4,0,0.009,1.246,1.237,9.906e-5,992.602,0.001,339.695,0.34,6.4,32.17
2.603,0.292,2760.263,574.031,0.276,0.003,62.478,44.654,101.941,0.575,0.39,0.049,0.135,0.575,0.073,0.205,3.922e-4,0,0.009,1.246,1.237,1.513e-4,992.518,0.001,339.693,0.34,6.4,32.17
2.61,0.257,2759.937,573.706,0.276,0.003,62.492,44.65,101.718,0.575,0.39,0.049,0.135,0.575,0.065,0.18,8.68e-5,0,0.009,1.246,1.237,2.058e-4,992.433,0.001,339.69,0.34,6.4,32.17
2.616,0.218,2759.61,573.378,0.276,0.003,62.507,44.646,101.495,0.575,0.39,0.049,0.135,0.575,0.055,0.152,3.865e-4,0,0.009,1.246,1.237,2.58e-4,992.348,0.001,339.687,0.341,6.4,32.17
2.622,0.175,2759.281,573.05,0.276,0.003,62.524,44.642,101.271,0.575,0.39,0.05,0.135,0.575,0.044,0.122,-2.784e-4,0,0.009,1.246,1.237,3.021e-4,992.263,0.001,339.684,0.341,6.4,32.17
2.629,0.13,2758.951,572.72,0.276,0.003,62.542,44.638,101.046,0.575,0.39,0.05,0.135,0.575,0.033,0.091,-5.174e-5,0,0.009,1.246,1.237,3.293e-4,992.177,0.001,339.681,0.342,6.4,32.17
2.635,0.085,2758.619,572.388,0.276,0.003,62.561,44.634,100.819,0.575,0.39,0.05,0.135,0.575,0.021,0.06,1.244e-4,0,0.008,1.246,1.238,3.164e-4,992.09,0.001,339.678,0.342,6.4,32.17
2.641,0.047,2758.286,572.055,0.276,0.003,62.578,44.63,100.592,0.575,0.39,0.05,0.135,0.575,0.012,0.033,-2.778e-4,0,0.008,1.246,1.238,1.516e-4,992.003,0.001,339.675,0.342,6.4,32.17
2.648,0.043,2757.951,571.72,0.276,0.003,62.566,44.626,100.364,0.575,0.39,0.05,0.135,0.575,0.011,0.03,3.27e-4,0,0.008,1.246,1.238,-8.366e-5,991.916,0.001,339.672,0.343,6.4,32.17
2.654,0.078,2757.615,571.383,0.276,0.003,62.55,44.622,100.134,0.575,0.39,0.05,0.135,0.576,0.019,0.054,1.231e-4,0,0.008,1.246,1.238,-2.571e-4,991.828,0.001,339.669,0.343,6.4,32.17
2.661,0.116,2757.277,571.046,0.276,0.003,62.535,44.618,99.904,0.576,0.39,0.05,0.135,0.576,0.029,0.082,-2.811e-4,0,0.008,1.246,1.238,-2.738e-4,991.739,0.001,339.666,0.344,6.4,32.17
2.667,0.153,2756.938,570.707,0.276,0.003,62.521,44.614,99.673,0.576,0.39,0.05,0.135,0.576,0.038,0.107,1.1e-4,0,0.008,1.246,1.238,-2.502e-4,991.65,0.001,339.663,0.344,6.4,32.17
2.674,0.185,2756.598,570.366,0.276,0.003,62.509,44.61,99.44,0.576,0.39,0.05,0.135,0.576,0.046,0.13,-1.68e-4,0,0.008,1.246,1.238,-2.115e-4,991.561,0.001,339.66,0.344,6.4,32.17
2.68,0.213,2756.255,570.024,0.276,0.003,62.498,44.606,99.207,0.576,0.39,0.05,0.135,0.576,0.053,0.149,-3.95e-4,0,0.008,1.246,1.238,-1.672e-4,991.471,0.001,339.657,0.345,6.4,32.17
2.687,0.236,2755.912,569.68,0.276,0.003,62.49,44.601,98.973,0.576,0.39,0.05,0.135,0.576,0.059,0.166,1.824e-5,0,0.008,1.246,1.238,-1.229e-4,991.38,0.001,339.654,0.345,6.4,32.17
2.694,0.253,2755.567,569.335,0.276,0.003,62.484,44.597,98.737,0.576,0.39,0.05,0.136,0.576,0.063,0.178,5.714e-5,0,0.008,1.246,1.239,-8.267e-5,991.289,0.001,339.651,0.346,6.4,32.17
2.7,0.264,2755.22,568.988,0.276,0.003,62.48,44.593,98.501,0.576,0.39,0.051,0.136,0.576,0.066,0.185,-4.764e-4,0,0.008,1.247,1.239,-4.911e-5,991.198,0.001,339.648,0.346,6.4,32.17
2.707,0.267,2754.872,568.64,0.276,0.003,62.48,44.589,98.263,0.576,0.39,0.051,0.136,0.577,0.067,0.187,-3.504e-4,0,0.008,1.247,1.239,-2.429e-5,991.106,0.001,339.645,0.346,6.4,32.17
2.714,0.264,2754.522,568.29,0.276,0.003,62.482,44.584,98.024,0.576,0.39,0.051,0.136,0.577,0.066,0.185,4.553e-4,0,0.008,1.247,1.239,-8.855e-6,991.013,0.001,339.642,0.347,6.4,32.17
2.72,0.257,2754.17,567.939,0.276,0.003,62.486,44.58,97.785,0.577,0.39,0.051,0.136,0.577,0.064,0.18,-3.474e-4,0,0.008,1.247,1.239,-1.487e-6,990.92,0.001,339.639,0.347,6.4,32.17
2.727,0.246,2753.817,567.585,0.276,0.003,62.491,44.576,97.544,0.577,0.39,0.051,0.136,0.577,0.062,0.172,1.443e-4,0,0.008,1.247,1.239,7.079e-8,990.827,0.001,339.636,0.348,6.4,32.17
2.734,0.232,2753.462,567.231,0.276,0.003,62.497,44.571,97.302,0.577,0.39,0.051,0.136,0.577,0.058,0.163,4.204e-4,0,0.008,1.247,1.239,1.994e-6,990.733,0.001,339.633,0.348,6.4,32.17
2.741,0.218,2753.106,566.874,0.276,0.003,62.502,44.567,97.058,0.577,0.39,0.051,0.136,0.577,0.055,0.154,4.018e-4,0,0.008,1.247,1.239,4.641e-6,990.638,0.001,339.629,0.348,6.4,32.17
2.748,0.205,2752.747,566.516,0.276,0.003,62.508,44.563,96.814,0.577,0.39,0.051,0.136,0.577,0.051,0.143,-4.675e-4,0,0.008,1.247,1.239,6.018e-6,990.543,0.001,339.626,0.349,6.4,32.17
2.755,0.194,2752.387,566.156,0.276,0.003,62.512,44.558,96.568,0.577,0.39,0.051,0.136,0.577,0.049,0.137,1.707e-4,0,0.007,1.247,1.239,1.106e-5,990.447,0.001,339.623,0.349,6.4,32.17
2.762,0.179,2752.025,565.793,0.275,0.003,62.518,44.554,96.321,0.577,0.39,0.051,0.136,0.577,0.045,0.126,-4.201e-4,0,0.007,1.247,1.24,1.944e-5,990.35,0.001,339.62,0.35,6.4,32.17
2.769,0.161,2751.659,565.427,0.275,0.003,62.526,44.549,96.072,0.577,0.39,0.051,0.136,0.577,0.04,0.114,7.116e-5,0,0.007,1.247,1.24,2.546e-5,990.252,0.001,339.617,0.35,6.4,32.17
2.776,0.141,2751.291,565.059,0.275,0.003,62.534,44.545,95.82,0.578,0.39,0.052,0.136,0.578,0.035,0.099,9.579e-5,0,0.007,1.247,1.24,2.448e-5,990.154,0.001,339.613,0.351,6.4,32.17
2.783,0.121,2750.919,564.688,0.275,0.003,62.541,44.54,95.567,0.578,0.39,0.052,0.136,0.578,0.03,0.085,3.414e-4,0,0.007,1.247,1.24,1.34e-5,990.055,0.001,339.61,0.351,6.4,32.17
2.79,0.107,2750.545,564.314,0.275,0.003,62.546,44.536,95.312,0.578,0.39,0.052,0.136,0.578,0.027,0.075,1.303e-4,0,0.007,1.247,1.24,4.787e-7,989.955,0.001,339.607,0.351,6.4,32.17
2.797,0.103,2750.169,563.937,0.275,0.003,62.549,44.531,95.055,0.578,0.39,0.052,0.136,0.578,0.026,0.073,-3.279e-4,0,0.007,1.247,1.24,-1.313e-5,989.854,0.001,339.603,0.352,6.4,32.17
2.805,0.121,2749.79,563.558,0.275,0.003,62.545,44.527,94.797,0.578,0.39,0.052,0.136,0.578,0.03,0.085,-2.955e-5,0,0.007,1.247,1.24,-4.004e-5,989.752,0.001,339.6,0.352,6.4,32.17
2.812,0.145,2749.409,563.177,0.275,0.003,62.536,44.522,94.537,0.578,0.39,0.052,0.136,0.578,0.036,0.102,4.359e-4,0,0.007,1.247,1.24,-4.389e-5,989.649,0.001,339.596,0.353,6.4,32.17
2.819,0.166,2749.026,562.795,0.275,0.003,62.528,44.517,94.276,0.578,0.39,0.052,0.136,0.578,0.042,0.117,-4.958e-4,0,0.007,1.247,1.241,-3.474e-5,989.547,0.001,339.593,0.353,6.4,32.17
2.827,0.182,2748.642,562.41,0.275,0.003,62.522,44.512,94.014,0.578,0.39,0.052,0.136,0.578,0.046,0.128,-1.883e-4,0,0.007,1.247,1.241,-2.123e-5,989.443,0.001,339.589,0.353,6.4,32.17
2.834,0.191,2748.256,562.025,0.275,0.003,62.518,44.508,93.751,0.578,0.39,0.052,0.136,0.579,0.048,0.135,-2.71e-4,0,0.007,1.248,1.241,-9.179e-6,989.339,0.001,339.586,0.354,6.4,32.17
2.841,0.194,2747.868,561.637,0.275,0.003,62.517,44.503,93.486,0.579,0.39,0.052,0.136,0.579,0.049,0.136,3.026e-4,0,0.007,1.248,1.241,-1.835e-6,989.234,0.001,339.582,0.354,6.4,32.17
2.849,0.189,2747.478,561.247,0.275,0.003,62.519,44.498,93.22,0.579,0.39,0.052,0.136,0.579,0.047,0.133,-9.451e-5,0,0.007,1.248,1.241,6.245e-8,989.129,0.001,339.579,0.355,6.4,32.17
2.856,0.184,2747.086,560.855,0.275,0.003,62.521,44.493,92.953,0.579,0.39,0.053,0.136,0.579,0.046,0.13,1.491e-4,0,0.007,1.248,1.241,1.332e-6,989.023,0.001,339.575,0.355,6.4,32.17
2.864,0.178,2746.692,560.46,0.275,0.003,62.525,44.489,92.683,0.579,0.39,0.053,0.136,0.579,0.044,0.125,-1.454e-4,0,0.007,1.248,1.241,3.3e-6,988.916,0.001,339.572,0.355,6.4,32.17
2.872,0.169,2746.294,560.063,0.275,0.003,62.529,44.484,92.412,0.579,0.39,0.053,0.136,0.579,0.042,0.119,1.369e-4,0,0.007,1.248,1.241,4.945e-6,988.808,0.001,339.568,0.356,6.4,32.17
2.879,0.159,2745.894,559.662,0.275,0.003,62.534,44.479,92.139,0.579,0.39,0.053,0.136,0.579,0.04,0.112,-9.963e-5,0,0.006,1.248,1.241,5.148e-6,988.699,0.001,339.564,0.356,6.4,32.17
2.887,0.149,2745.49,559.259,0.275,0.003,62.539,44.474,91.864,0.579,0.39,0.053,0.137,0.579,0.037,0.105,2.985e-4,0,0.006,1.248,1.242,3.419e-6,988.59,0.001,339.561,0.357,6.4,32.17
2.895,0.141,2745.084,558.852,0.275,0.003,62.544,44.469,91.587,0.579,0.39,0.053,0.137,0.58,0.035,0.1,-4.348e-5,0,0.006,1.248,1.242,8.531e-7,988.479,0.001,339.557,0.357,6.4,32.17
2.903,0.136,2744.675,558.443,0.275,0.003,62.549,44.464,91.308,0.58,0.39,0.053,0.137,0.58,0.034,0.097,1.001e-5,0,0.006,1.248,1.242,-3.085e-7,988.368,0.001,339.553,0.357,6.4,32.17
2.911,0.138,2744.263,558.031,0.275,0.003,62.551,44.459,91.027,0.58,0.39,0.053,0.137,0.58,0.034,0.097,2.579e-4,0,0.006,1.248,1.242,-5.97e-6,988.255,0.001,339.549,0.358,6.4,32.17
2.919,0.146,2743.848,557.616,0.275,0.003,62.55,44.454,90.744,0.58,0.39,0.053,0.137,0.58,0.037,0.103,-1.757e-5,0,0.006,1.248,1.242,-1.546e-5,988.142,0.001,339.546,0.358,6.4,32.17
2.927,0.16,2743.43,557.199,0.274,0.003,62.547,44.448,90.459,0.58,0.39,0.053,0.137,0.58,0.04,0.114,2.363e-4,0,0.006,1.248,1.242,-2.15e-5,988.028,0.001,339.542,0.359,6.4,32.17
2.935,0.177,2743.01,556.779,0.274,0.003,62.541,44.443,90.172,0.58,0.39,0.054,0.137,0.58,0.044,0.125,-3.53e-4,0,0.006,1.248,1.242,-2.058e-5,987.913,0.001,339.538,0.359,6.4,32.17
2.943,0.192,2742.587,556.355,0.274,0.003,62.536,44.438,89.884,0.58,0.39,0.054,0.137,0.58,0.048,0.136,4.085e-5,0,0.006,1.248,1.242,-1.421e-5,987.797,0.001,339.534,0.36,6.4,32.17
2.951,0.204,2742.161,555.929,0.274,0.003,62.531,44.433,89.593,0.58,0.39,0.054,0.137,0.58,0.051,0.145,4.355e-4,0,0.006,1.248,1.242,-6.318e-6,987.68,0.001,339.53,0.36,6.4,32.17
2.959,0.206,2741.731,555.5,0.274,0.003,62.531,44.428,89.3,0.58,0.39,0.054,0.137,0.581,0.052,0.146,2.032e-4,0,0.006,1.248,1.243,-1.253e-6,987.562,0.001,339.526,0.36,6.4,32.17
2.968,0.203,2741.298,555.067,0.274,0.003,62.532,44.422,89.005,0.581,0.39,0.054,0.137,0.581,0.051,0.144,4.551e-4,0,0.006,1.249,1.243,5.321e-8,987.443,0.001,339.522,0.361,6.4,32.17
2.976,0.196,2740.861,554.63,0.274,0.003,62.535,44.417,88.707,0.581,0.39,0.054,0.137,0.581,0.049,0.14,-5.326e-5,0,0.006,1.249,1.243,2.113e-6,987.323,0.001,339.518,0.361,6.4,32.17
2.985,0.187,2740.421,554.189,0.274,0.003,62.539,44.411,88.406,0.581,0.39,0.054,0.137,0.581,0.047,0.132,5.724e-5,0,0.006,1.249,1.243,6.041e-6,987.202,0.001,339.514,0.362,6.4,32.17
2.993,0.176,2739.976,553.745,0.274,0.003,62.545,44.406,88.103,0.581,0.39,0.054,0.137,0.581,0.044,0.124,-3.594e-4,0,0.006,1.249,1.243,9.955e-6,987.079,0.001,339.51,0.362,6.4,32.17
3.002,0.163,2739.528,553.296,0.274,0.003,62.55,44.4,87.797,0.581,0.39,0.054,0.137,0.581,0.041,0.116,-1.98e-4,0,0.006,1.249,1.243,1.385e-5,986.955,0.001,339.506,0.362,6.4,32.17
3.01,0.142,2739.076,552.845,0.274,0.003,62.559,44.395,87.489,0.581,0.39,0.054,0.137,0.581,0.036,0.101,-1.016e-4,0,0.006,1.249,1.243,2.36e-5,986.83,0.001,339.502,0.363,6.4,32.17
3.019,0.116,2738.622,552.391,0.274,0.003,62.57,44.389,87.179,0.581,0.39,0.055,0.137,0.581,0.029,0.082,3.157e-4,0,0.005,1.249,1.243,2.399e-5,986.705,0.001,339.497,0.363,6.4,32.17
3.028,0.091,2738.165,551.934,0.274,0.003,62.582,44.384,86.868,0.581,0.39,0.055,0.137,0.581,0.023,0.064,-1.788e-4,0,0.005,1.249,1.243,6.588e-6,986.578,0.001,339.493,0.364,6.4,32.17
3.037,0.078,2737.706,551.474,0.274,0.003,62.586,44.378,86.554,0.582,0.39,0.055,0.137,0.582,0.02,0.055,-4.557e-4,0,0.005,1.249,1.244,-1.287e-5,986.451,0.001,339.489,0.364,6.4,32.17
3.046,0.093,2737.243,551.012,0.274,0.003,62.575,44.372,86.239,0.582,0.39,0.055,0.137,0.582,0.023,0.066,-1.15e-4,0,0.005,1.249,1.244,-9.005e-5,986.322,0.001,339.485,0.364,6.4,32.17
3.055,0.127,2736.777,550.546,0.274,0.003,62.559,44.366,85.921,0.582,0.39,0.055,0.137,0.582,0.032,0.09,-9.939e-5,0,0.005,1.249,1.244,-1.131e-4,986.193,0.001,339.48,0.365,6.4,32.17
3.064,0.161,2736.307,550.075,0.274,0.003,62.547,44.361,85.6,0.582,0.39,0.055,0.137,0.582,0.04,0.114,-2.691e-5,0,0.005,1.249,1.244,-8.942e-5,986.062,0.001,339.476,0.365,6.4,32.17
3.073,0.188,2735.831,549.599,0.274,0.003,62.537,44.355,85.275,0.582,0.39,0.055,0.137,0.582,0.047,0.134,-1.941e-4,0,0.005,1.249,1.244,-5.798e-5,985.929,0.001,339.471,0.366,6.4,32.17
3.082,0.207,2735.35,549.118,0.274,0.003,62.532,44.349,84.947,0.582,0.39,0.055,0.137,0.582,0.052,0.148,5.262e-5,0,0.005,1.249,1.244,-2.887e-5,985.795,0.001,339.467,0.366,6.4,32.17
3.091,0.217,2734.864,548.632,0.273,0.003,62.53,44.343,84.615,0.582,0.39,0.055,0.137,0.582,0.055,0.155,1.269e-4,0,0.005,1.249,1.244,-8.476e-6,985.659,0.001,339.462,0.367,6.4,32.17
3.101,0.218,2734.372,548.141,0.273,0.003,62.531,44.337,84.28,0.582,0.39,0.055,0.138,0.583,0.055,0.156,-4.264e-6,0,0.005,1.249,1.244,-1.693e-7,985.522,0.001,339.458,0.367,6.4,32.17
3.11,0.22,2733.876,547.644,0.273,0.003,62.532,44.331,83.942,0.583,0.39,0.056,0.138,0.583,0.055,0.157,6.067e-6,0,0.005,1.249,1.245,3.994e-6,985.383,0.001,339.453,0.367,6.4,32.17
3.12,0.212,2733.376,547.144,0.273,0.003,62.537,44.324,83.6,0.583,0.39,0.056,0.138,0.583,0.053,0.152,4.538e-5,0,0.005,1.249,1.245,2.021e-5,985.243,0.001,339.448,0.368,6.4,32.17
3.13,0.194,2732.871,546.64,0.273,0.003,62.545,44.318,83.256,0.583,0.389,0.056,0.138,0.583,0.049,0.138,-4.122e-4,0,0.005,1.25,1.245,4.791e-5,985.101,0.001,339.444,0.368,6.4,32.17
3.139,0.166,2732.363,546.131,0.273,0.003,62.557,44.312,82.909,0.583,0.389,0.056,0.138,0.583,0.042,0.119,4.255e-4,0,0.005,1.25,1.245,8.247e-5,984.958,0.001,339.439,0.369,6.4,32.17
3.149,0.13,2731.849,545.618,0.273,0.003,62.572,44.305,82.559,0.583,0.389,0.056,0.138,0.583,0.033,0.093,1.378e-4,0,0.005,1.25,1.245,1.148e-4,984.814,0.001,339.434,0.369,6.4,32.17
3.159,0.085,2731.331,545.099,0.273,0.003,62.589,44.299,82.206,0.583,0.389,0.056,0.138,0.583,0.021,0.061,-4.04e-4,0,0.005,1.25,1.245,9.924e-5,984.668,0.001,339.429,0.369,6.4,32.17
3.169,0.057,2730.806,544.575,0.273,0.003,62.592,44.292,81.848,0.583,0.389,0.056,0.138,0.583,0.014,0.04,5.823e-5,0,0.005,1.25,1.245,5.101e-6,984.52,0.001,339.424,0.37,6.4,32.17
3.179,0.074,2730.275,544.044,0.273,0.003,62.579,44.286,81.486,0.584,0.389,0.056,0.138,0.584,0.019,0.053,-3.482e-4,0,0.004,1.25,1.245,-6.423e-5,984.371,0.001,339.419,0.37,6.4,32.17
3.19,0.114,2729.738,543.506,0.273,0.003,62.564,44.279,81.119,0.584,0.389,0.056,0.138,0.584,0.029,0.082,2.964e-4,0,0.004,1.25,1.245,-1.006e-4,984.219,0.001,339.414,0.371,6.4,32.17
3.2,0.154,2729.194,542.962,0.273,0.003,62.548,44.272,80.748,0.584,0.389,0.056,0.138,0.584,0.039,0.111,3.669e-4,0,0.004,1.25,1.246,-8.301e-5,984.065,0.001,339.409,0.371,6.4,32.17
3.211,0.185,2728.643,542.412,0.273,0.003,62.537,44.266,80.372,0.584,0.389,0.057,0.138,0.584,0.047,0.133,-3.517e-4,0,0.004,1.25,1.246,-6.078e-5,983.909,0.001,339.403,0.372,6.4,32.17
3.221,0.212,2728.088,541.856,0.273,0.003,62.526,44.259,79.993,0.584,0.389,0.057,0.138,0.584,0.053,0.152,3.825e-4,0,0.004,1.25,1.246,-3.273e-5,983.752,0.001,339.398,0.372,6.4,32.17
3.232,0.231,2727.527,541.295,0.273,0.003,62.519,44.252,79.611,0.584,0.389,0.057,0.138,0.584,0.058,0.165,4.574e-4,0,0.004,1.25,1.246,-9.674e-6,983.593,0.001,339.393,0.372,6.4,32.17
3.243,0.239,2726.96,540.729,0.273,0.003,62.516,44.245,79.224,0.584,0.389,0.057,0.138,0.584,0.06,0.172,4.047e-5,0,0.004,1.25,1.246,-1.919e-8,983.432,0.001,339.387,0.373,6.4,32.17
3.254,0.233,2726.387,540.156,0.272,0.003,62.52,44.237,78.834,0.584,0.389,0.057,0.138,0.585,0.058,0.167,2.064e-4,0,0.004,1.25,1.246,9.52e-6,983.269,0.001,339.382,0.373,6.4,32.17
3.265,0.208,2725.807,539.576,0.272,0.003,62.531,44.23,78.438,0.585,0.389,0.057,0.138,0.585,0.052,0.149,3.601e-4,0,0.004,1.25,1.246,3.875e-5,983.104,0.001,339.376,0.374,6.4,32.17
3.277,0.17,2725.219,538.987,0.272,0.003,62.547,44.223,78.036,0.585,0.389,0.057,0.138,0.585,0.043,0.123,-4.946e-4,0,0.004,1.25,1.246,7.695e-5,982.936,0.001,339.371,0.374,6.4,32.17
3.288,0.123,2724.622,538.39,0.272,0.003,62.566,44.215,77.629,0.585,0.389,0.057,0.138,0.585,0.031,0.088,-3.393e-4,0,0.004,1.25,1.247,1.046e-4,982.766,0.001,339.365,0.374,6.4,32.17
3.3,0.075,2724.016,537.785,0.272,0.003,62.584,44.208,77.216,0.585,0.389,0.057,0.138,0.585,0.019,0.054,-2.736e-5,0,0.004,1.251,1.247,7.757e-5,982.593,0.001,339.359,0.375,6.4,32.17
3.311,0.058,2723.402,537.17,0.272,0.003,62.597,44.2,76.797,0.585,0.389,0.057,0.138,0.585,0.014,0.041,3.275e-4,0,0.004,1.251,1.247,-9.952e-6,982.418,0.001,339.353,0.375,6.4,32.17
3.321,0.087,2722.906,536.674,0.272,0.003,62.593,44.194,76.459,0.585,0.389,0.058,0.138,0.585,0.022,0.063,-4.882e-4,0,0.004,1.251,1.247,-8.382e-5,982.276,0.001,339.349,0.376,6.4,32.17
3.333,0.137,2722.46,536.228,0.272,0.003,62.575,44.188,76.131,0.585,0.389,0.058,0.138,0.585,0.034,0.099,2.232e-4,0,0.004,1.251,1.247,-8.707e-5,982.095,0.001,339.343,0.376,6.4,32.17
3.345,0.179,2722.007,535.776,0.272,0.003,62.558,44.183,75.798,0.585,0.389,0.058,0.138,0.585,0.045,0.129,4.82e-4,0,0.004,1.251,1.247,-5.112e-5,981.911,0.001,339.336,0.376,6.4,32.17
3.358,0.204,2721.547,535.316,0.272,0.003,62.547,44.177,75.46,0.586,0.389,0.058,0.138,0.586,0.051,0.147,2.435e-4,0,0.004,1.251,1.247,-1.797e-5,981.724,0.001,339.33,0.377,6.4,32.17
3.371,0.211,2721.082,534.85,0.272,0.003,62.543,44.171,75.118,0.586,0.389,0.058,0.139,0.586,0.053,0.152,2.636e-4,0,0.003,1.251,1.247,-1.251e-6,981.534,0.001,339.324,0.377,6.4,32.17
3.383,0.203,2720.611,534.379,0.272,0.003,62.545,44.165,74.772,0.586,0.389,0.058,0.139,0.586,0.051,0.146,-4.833e-4,0,0.003,1.251,1.247,3.807e-6,981.342,0.001,339.317,0.378,6.4,32.17
3.396,0.181,2720.133,533.902,0.272,0.003,62.553,44.159,74.421,0.586,0.389,0.058,0.139,0.586,0.045,0.13,-2.821e-4,0,0.003,1.251,1.248,2.103e-5,981.148,0.001,339.311,0.378,6.4,32.17
3.41,0.154,2719.65,533.418,0.272,0.003,62.565,44.153,74.066,0.586,0.389,0.058,0.139,0.586,0.038,0.111,-2.509e-4,0,0.003,1.251,1.248,3.669e-5,980.95,0.001,339.304,0.379,6.4,32.17
3.423,0.127,2719.161,532.93,0.272,0.003,62.577,44.147,73.706,0.586,0.389,0.058,0.139,0.586,0.032,0.092,4.148e-5,0,0.003,1.251,1.248,3.998e-5,980.75,0.001,339.297,0.379,6.4,32.17
3.436,0.104,2718.667,532.435,0.272,0.003,62.59,44.141,73.343,0.586,0.389,0.058,0.139,0.586,0.026,0.075,2.134e-4,0,0.003,1.251,1.248,2.488e-5,980.548,0.001,339.291,0.379,6.4,32.17
3.45,0.09,2718.166,531.935,0.271,0.003,62.599,44.135,72.975,0.587,0.389,0.059,0.139,0.587,0.022,0.065,-4.846e-4,0,0.003,1.251,1.248,2.384e-6,980.343,0.001,339.284,0.38,6.4,32.17
3.464,0.093,2717.659,531.428,0.271,0.003,62.598,44.128,72.602,0.587,0.389,0.059,0.139,0.587,0.023,0.067,-1.17e-4,0,0.003,1.251,1.248,-1.24e-5,980.135,0.001,339.277,0.38,6.4,32.17
3.478,0.115,2717.144,530.913,0.271,0.003,62.588,44.122,72.224,0.587,0.389,0.059,0.139,0.587,0.029,0.083,-3.518e-4,0,0.003,1.251,1.248,-3.791e-5,979.923,0.001,339.27,0.381,6.4,32.17
3.492,0.142,2716.621,530.39,0.271,0.003,62.576,44.115,71.839,0.587,0.389,0.059,0.139,0.587,0.036,0.103,2.098e-4,0,0.003,1.251,1.248,-3.944e-5,979.708,0.001,339.262,0.381,6.4,32.17
3.507,0.169,2716.09,529.858,0.271,0.003,62.566,44.109,71.448,0.587,0.389,0.059,0.139,0.587,0.042,0.122,2.144e-4,0,0.003,1.251,1.249,-2.135e-5,979.489,0.001,339.255,0.382,6.4,32.17
3.521,0.183,2715.548,529.316,0.271,0.003,62.562,44.102,71.05,0.587,0.389,0.059,0.139,0.587,0.046,0.133,4.745e-5,0,0.003,1.252,1.249,-2.798e-6,979.266,0.001,339.248,0.382,6.4,32.17
3.536,0.177,2714.995,528.763,0.271,0.003,62.565,44.095,70.644,0.587,0.389,0.059,0.139,0.587,0.044,0.128,-3.132e-4,0,0.003,1.252,1.249,1.985e-6,979.038,0.001,339.24,0.382,6.4,32.17
3.552,0.154,2714.43,528.199,0.271,0.003,62.576,44.088,70.229,0.587,0.389,0.059,0.139,0.587,0.039,0.112,2.18e-4,0,0.003,1.252,1.249,1.327e-5,978.805,0.001,339.232,0.383,6.4,32.17
3.567,0.138,2713.855,527.624,0.271,0.003,62.581,44.081,69.806,0.588,0.389,0.059,0.139,0.588,0.035,0.1,-4.367e-4,0,0.003,1.252,1.249,1.641e-5,978.567,0.001,339.224,0.383,6.4,32.17
3.583,0.123,2713.273,527.041,0.271,0.003,62.586,44.073,69.378,0.588,0.389,0.06,0.139,0.588,0.031,0.089,2.243e-4,0,0.003,1.252,1.249,1.555e-5,978.326,0.001,339.216,0.384,6.4,32.17
3.599,0.106,2712.682,526.45,0.271,0.003,62.59,44.066,68.943,0.588,0.389,0.06,0.139,0.588,0.027,0.077,8.906e-5,0,0.003,1.252,1.249,9.094e-6,978.081,0.001,339.208,0.384,6.4,32.17
3.616,0.1,2712.08,525.849,0.271,0.003,62.587,44.058,68.501,0.588,0.389,0.06,0.139,0.588,0.025,0.072,-3.941e-4,0,0.003,1.252,1.249,-2.396e-6,977.832,0.001,339.199,0.384,6.4,32.17
3.633,0.12,2711.464,525.233,0.271,0.003,62.577,44.051,68.048,0.588,0.389,0.06,0.139,0.588,0.03,0.087,-1.28e-4,0,0.003,1.252,1.249,-2.012e-5,977.576,0.001,339.191,0.385,6.4,32.17
3.65,0.148,2710.833,524.601,0.271,0.003,62.566,44.043,67.584,0.588,0.389,0.06,0.139,0.588,0.037,0.107,4.404e-4,0,0.002,1.252,1.25,-1.726e-5,977.314,0.001,339.182,0.385,6.4,32.17
3.667,0.166,2710.185,523.954,0.27,0.003,62.559,44.034,67.109,0.588,0.389,0.06,0.139,0.588,0.042,0.12,-1.061e-4,0,0.002,1.252,1.25,-2.848e-6,977.045,0.001,339.173,0.386,6.4,32.17
3.685,0.16,2709.52,523.289,0.27,0.003,62.562,44.026,66.62,0.589,0.389,0.06,0.139,0.589,0.04,0.116,4.884e-4,0,0.002,1.252,1.25,1.288e-6,976.768,0.001,339.164,0.386,6.4,32.17
3.704,0.134,2708.837,522.605,0.27,0.003,62.573,44.017,66.117,0.589,0.389,0.06,0.139,0.589,0.034,0.098,4.152e-4,0,0.002,1.252,1.25,7.23e-6,976.483,0.001,339.154,0.387,6.4,32.17
3.723,0.106,2708.134,521.903,0.27,0.003,62.585,44.009,65.601,0.589,0.389,0.06,0.139,0.589,0.027,0.078,4.838e-4,0,0.002,1.252,1.25,4.57e-7,976.189,0.001,339.144,0.387,6.4,32.17
3.743,0.116,2707.411,521.179,0.27,0.003,62.586,43.999,65.069,0.589,0.389,0.06,0.14,0.589,0.029,0.085,2.753e-4,0,0.002,1.252,1.25,-1.206e-5,975.887,0.001,339.134,0.387,6.4,32.17
3.763,0.143,2706.665,520.433,0.27,0.003,62.578,43.99,64.521,0.589,0.389,0.061,0.14,0.589,0.036,0.104,6.815e-5,0,0.002,1.252,1.25,-7.398e-6,975.575,0.001,339.124,0.388,6.4,32.17
3.784,0.144,2705.901,519.669,0.27,0.003,62.578,43.98,63.959,0.589,0.389,0.061,0.14,0.589,0.036,0.105,8.609e-5,0,0.002,1.252,1.251,-1.049e-7,975.255,0.001,339.113,0.388,6.4,32.17
3.805,0.129,2705.118,518.886,0.27,0.003,62.585,43.97,63.383,0.589,0.389,0.061,0.14,0.589,0.032,0.095,-1.305e-4,0,0.002,1.253,1.251,7.402e-7,974.927,0.001,339.102,0.389,6.4,32.17
3.827,0.113,2704.308,518.076,0.27,0.003,62.594,43.96,62.788,0.589,0.389,0.061,0.14,0.59,0.028,0.083,-1.788e-4,0,0.002,1.253,1.251,1.647e-6,974.587,0.001,339.09,0.389,6.4,32.17
3.85,0.1,2703.462,517.23,0.27,0.003,62.605,43.949,62.166,0.59,0.389,0.061,0.14,0.59,0.025,0.072,2.264e-4,0,0.002,1.253,1.251,-2.18e-6,974.232,0.001,339.078,0.39,6.4,32.17
3.874,0.127,2702.578,516.347,0.27,0.003,62.596,43.938,61.517,0.59,0.389,0.061,0.14,0.59,0.032,0.093,2.992e-4,0,0.002,1.253,1.251,-1.252e-5,973.86,0.001,339.066,0.39,6.4,32.17
3.899,0.153,2701.66,515.428,0.269,0.003,62.586,43.927,60.842,0.59,0.389,0.061,0.14,0.59,0.039,0.112,5.519e-5,0,0.002,1.253,1.251,-1.247e-6,973.474,0.001,339.053,0.39,6.4,32.17
3.926,0.124,2700.7,514.468,0.269,0.003,62.598,43.914,60.136,0.59,0.389,0.061,0.14,0.59,0.031,0.091,6.13e-5,0,0.002,1.253,1.251,1.169e-5,973.069,0.001,339.039,0.391,6.4,32.17
3.953,0.072,2699.708,513.476,0.269,0.003,62.617,43.902,59.407,0.59,0.389,0.061,0.14,0.59,0.018,0.053,3.636e-4,0,0.001,1.253,1.251,-2.532e-6,972.651,0.001,339.025,0.391,6.4,32.17
3.98,0.127,2698.688,512.456,0.269,0.003,62.587,43.889,58.657,0.59,0.389,0.062,0.14,0.59,0.032,0.093,1.44e-4,0,0.001,1.253,1.252,-3.318e-5,972.22,0.001,339.011,0.392,6.4,32.17
4.008,0.172,2697.669,511.438,0.269,0.003,62.572,43.876,57.908,0.59,0.389,0.062,0.14,0.59,0.043,0.126,-9.308e-5,0,0.001,1.253,1.252,-1.222e-6,971.79,0.001,338.996,0.392,6.4,32.17
4.036,0.15,2696.651,510.42,0.269,0.003,62.586,43.863,57.16,0.591,0.389,0.062,0.14,0.591,0.038,0.11,2.457e-4,0,0.001,1.253,1.252,2.223e-5,971.359,0.001,338.982,0.392,6.4,32.17
4.064,0.069,2695.634,509.403,0.269,0.003,62.62,43.85,56.413,0.591,0.389,0.062,0.14,0.591,0.017,0.051,4.905e-4,0,0.001,1.253,1.252,7.665e-5,970.929,0.001,338.968,0.393,6.4,32.17
4.091,0.07,2694.618,508.387,0.269,0.003,62.617,43.837,55.666,0.591,0.389,0.062,0.14,0.591,0.017,0.052,-2.117e-4,0,0.001,1.253,1.252,-1.423e-4,970.498,0.001,338.953,0.393,6.4,32.17
4.095,0.09,2694.479,508.247,0.269,0.003,62.609,43.835,55.563,0.591,0.389,0.062,0.14,0.591,0.023,0.066,4.152e-4,0,0.001,1.253,1.252,-1.357e-4,970.439,0.001,338.951,0.393,6.4,32.17
4.101,0.119,2694.332,508.1,0.269,0.003,62.596,43.833,55.435,0.591,0.389,0.062,0.14,0.591,0.03,0.088,3.73e-4,0,0.001,1.253,1.252,-1.211e-4,970.35,0.001,338.948,0.393,6.4,32.17
4.109,0.156,2694.112,507.88,0.269,0.003,62.579,43.831,55.243,0.591,0.389,0.062,0.14,0.591,0.039,0.115,-4.311e-4,0,0.001,1.253,1.252,-8.775e-5,970.217,0.001,338.944,0.393,6.4,32.17
4.122,0.196,2693.781,507.55,0.268,0.003,62.559,43.826,54.954,0.591,0.389,0.062,0.14,0.591,0.049,0.145,1.312e-4,0,9.879e-4,1.253,1.252,-3.756e-5,970.018,0.001,338.937,0.393,6.4,32.17
4.141,0.219,2693.285,507.054,0.268,0.003,62.547,43.82,54.522,0.591,0.389,0.062,0.14,0.591,0.055,0.161,-3.392e-4,0,9.263e-4,1.253,1.252,-9.393e-8,969.718,0.001,338.927,0.394,6.4,32.17
4.169,0.165,2692.574,506.342,0.268,0.003,62.572,43.811,53.901,0.591,0.389,0.062,0.14,0.591,0.041,0.121,4.689e-4,0,8.452e-4,1.253,1.253,5.688e-5,969.287,0.001,338.912,0.394,6.4,32.17
4.197,0.039,2691.863,505.631,0.268,0.003,62.631,43.802,53.281,0.591,0.389,0.062,0.14,0.591,0.01,0.029,1.023e-4,0,7.721e-4,1.253,1.253,1.326e-4,968.857,0.001,338.898,0.394,6.4,32.17
4.224,0.084,2691.152,504.921,0.268,0.003,62.614,43.793,52.661,0.591,0.389,0.062,0.14,0.591,0.021,0.062,-2.931e-4,0,7.38e-4,1.253,1.253,-1.222e-4,968.426,0.001,338.883,0.394,6.4,32.17
4.252,0.186,2690.442,504.21,0.268,0.003,62.578,43.784,52.041,0.591,0.389,0.062,0.14,0.591,0.047,0.138,3.039e-5,0,6.866e-4,1.253,1.253,-4.674e-5,967.996,0.001,338.869,0.395,6.4,32.17
4.279,0.204,2689.732,503.501,0.268,0.003,62.565,43.775,51.422,0.591,0.389,0.062,0.14,0.591,0.051,0.15,1.143e-4,0,5.821e-4,1.253,1.253,2.213e-6,967.565,0.001,338.855,0.395,6.4,32.17
4.307,0.12,2689.022,502.791,0.268,0.003,62.588,43.766,50.803,0.591,0.389,0.062,0.14,0.591,0.03,0.088,-2.298e-5,0,4.982e-4,1.253,1.253,7.122e-5,967.135,0.001,338.84,0.395,6.4,32.17
4.334,0.027,2688.313,502.081,0.268,0.003,62.626,43.756,50.184,0.591,0.389,0.062,0.14,0.591,0.007,0.02,-1.624e-4,0,4.211e-4,1.254,1.253,-8.464e-5,966.704,0.001,338.826,0.395,6.4,32.17
4.362,0.149,2687.604,501.372,0.268,0.003,62.584,43.747,49.565,0.591,0.389,0.062,0.14,0.591,0.037,0.11,-3.176e-4,0,3.534e-4,1.254,1.253,-4.462e-5,966.274,0.001,338.811,0.395,6.4,32.17
4.389,0.192,2686.895,500.663,0.268,0.003,62.576,43.738,48.946,0.591,0.389,0.062,0.14,0.592,0.048,0.142,2.236e-4,0,2.893e-4,1.254,1.253,8.788e-7,965.844,0.001,338.797,0.395,6.4,32.17
4.417,0.125,2686.186,499.954,0.268,0.003,62.601,43.729,48.328,0.591,0.389,0.062,0.14,0.591,0.031,0.092,-4.473e-4,0,2.498e-4,1.254,1.253,5.859e-5,965.413,0.001,338.782,0.395,6.4,32.17
4.444,0.009,2685.477,499.246,0.267,0.003,62.646,43.72,47.709,0.591,0.389,0.062,0.14,0.591,0.002,0.006,3.707e-5,0,2.073e-4,1.254,1.253,8.347e-6,964.983,0.001,338.768,0.395,6.4,32.17
4.472,0.113,2684.769,498.537,0.267,0.003,62.592,43.711,47.091,0.592,0.389,0.063,0.14,0.592,0.028,0.084,2.628e-4,0,1.281e-4,1.254,1.253,-5.94e-5,964.552,0.001,338.753,0.395,6.4,32.17
4.499,0.182,2684.06,497.828,0.267,0.003,62.565,43.702,46.473,0.592,0.389,0.063,0.14,0.592,0.046,0.134,7.312e-5,0,5.386e-5,1.254,1.254,-3.192e-6,964.122,0.001,338.739,0.395,6.4,32.17
4.527,0.133,2683.351,497.12,0.267,0.003,62.592,43.693,45.855,0.592,0.389,0.063,0.14,0.592,0.033,0.098,3.272e-6,0,2.321e-5,1.254,1.254,2.884e-5,963.692,0.001,338.724,0.395,6.4,32.17
4.554,0.021,2682.643,496.411,0.267,0.003,62.637,43.684,45.237,0.592,0.389,0.063,0.14,0.592,0.005,0.015,-3.362e-4,0,-2.491e-5,1.254,1.254,5.038e-5,963.262,0.001,338.71,0.395,6.4,32.17
4.582,0.1,2681.934,495.703,0.267,0.003,62.608,43.675,44.618,0.592,0.389,0.063,0.14,0.592,0.025,0.074,-1.286e-4,0,-8.534e-5,1.254,1.254,-4.713e-5,962.831,0.001,338.696,0.395,6.4,32.17
4.609,0.16,2681.226,494.994,0.267,0.003,62.576,43.665,44,0.591,0.389,0.063,0.14,0.592,0.04,0.119,-4.206e-4,0,-1.448e-4,1.254,1.254,-1.008e-6,962.401,0.001,338.681,0.395,6.4,32.17
4.637,0.134,2680.517,494.286,0.267,0.003,62.583,43.656,43.382,0.591,0.389,0.062,0.14,0.592,0.034,0.1,-9.211e-5,0,-2.033e-4,1.254,1.254,3.529e-5,961.971,0.001,338.667,0.395,6.4,32.17
4.664,0.034,2679.809,493.577,0.267,0.003,62.631,43.647,42.764,0.591,0.389,0.062,0.14,0.591,0.009,0.026,-1.755e-4,0,-2.75e-4,1.254,1.254,9.271e-5,961.541,0.001,338.652,0.395,6.4,32.17
4.692,0.083,2679.1,492.868,0.267,0.003,62.614,43.638,42.145,0.591,0.389,0.062,0.14,0.591,0.021,0.061,2.769e-4,0,-3.471e-4,1.254,1.254,-7.945e-5,961.111,0.001,338.638,0.395,6.4,32.17
4.719,0.142,2678.391,492.159,0.267,0.003,62.596,43.629,41.527,0.591,0.389,0.062,0.14,0.591,0.036,0.106,-1.723e-4,0,-4.351e-4,1.254,1.254,-1.594e-5,960.681,0.001,338.623,0.395,6.4,32.17
4.747,0.126,2677.682,491.45,0.266,0.003,62.599,43.62,40.908,0.591,0.389,0.062,0.14,0.591,0.032,0.094,9.155e-5,0,-5.142e-4,1.254,1.254,1.758e-6,960.251,0.001,338.609,0.395,6.4,32.17
4.775,0.098,2676.972,490.741,0.266,0.003,62.603,43.611,40.289,0.591,0.389,0.062,0.14,0.591,0.025,0.073,-4.728e-4,0,-5.275e-4,1.253,1.254,4.225e-5,959.821,0.001,338.594,0.395,6.4,32.17
4.802,0.024,2676.263,490.031,0.266,0.003,62.636,43.601,39.67,0.591,0.389,0.062,0.14,0.591,0.006,0.017,3.832e-4,0,-5.639e-4,1.253,1.254,2.322e-5,959.391,0.001,338.58,0.395,6.4,32.17
4.83,0.104,2675.553,489.322,0.266,0.003,62.593,43.592,39.051,0.591,0.389,0.062,0.14,0.591,0.026,0.077,-1.502e-4,0,-6.313e-4,1.253,1.254,-6.503e-5,958.961,0.001,338.566,0.394,6.4,32.17
4.857,0.176,2674.843,488.612,0.266,0.003,62.572,43.583,38.431,0.591,0.389,0.062,0.14,0.591,0.044,0.131,-2.84e-4,0,-6.953e-4,1.253,1.254,-1.008e-5,958.532,0.001,338.551,0.394,6.4,32.17
4.885,0.178,2674.133,487.901,0.266,0.003,62.58,43.574,37.812,0.591,0.389,0.062,0.14,0.591,0.045,0.133,8.485e-5,0,-7.577e-4,1.253,1.254,1.244e-5,958.102,0.001,338.537,0.394,6.4,32.17
4.912,0.111,2673.422,487.19,0.266,0.003,62.603,43.565,37.191,0.591,0.389,0.062,0.14,0.591,0.028,0.083,-5.479e-5,0,-8.168e-4,1.253,1.254,7.052e-5,957.672,0.001,338.522,0.394,6.4,32.17
4.919,0.09,2673.251,487.019,0.266,0.003,62.607,43.562,37.042,0.591,0.389,0.062,0.14,0.591,0.023,0.067,-3.471e-4,0,-8.305e-4,1.253,1.254,7.429e-5,957.569,0.001,338.519,0.394,6.4,32.17
4.929,0.061,2673.089,486.857,0.266,0.003,62.61,43.56,36.889,0.591,0.389,0.062,0.14,0.591,0.015,0.045,-3.794e-4,0,-8.504e-4,1.253,1.254,4.135e-5,957.414,0.001,338.514,0.394,6.4,32.17
4.944,0.062,2672.845,486.614,0.266,0.003,62.623,43.557,36.661,0.591,0.389,0.062,0.14,0.591,0.015,0.046,-2.316e-4,0,-8.781e-4,1.253,1.254,-2.954e-5,957.181,0.001,338.506,0.393,6.4,32.17
4.966,0.134,2672.481,486.249,0.266,0.003,62.589,43.552,36.318,0.591,0.389,0.062,0.14,0.591,0.034,0.1,-4.656e-4,0,-9.362e-4,1.253,1.254,-6.217e-5,956.832,0.001,338.494,0.393,6.4,32.17
4.994,0.184,2672.032,485.8,0.266,0.003,62.56,43.547,35.895,0.591,0.389,0.062,0.14,0.591,0.046,0.137,4.976e-4,0,-9.987e-4,1.253,1.254,-3.097e-6,956.403,0.001,338.48,0.393,6.4,32.17
5.022,0.157,2671.582,485.351,0.266,0.003,62.575,43.541,35.472,0.591,0.389,0.062,0.14,0.591,0.039,0.117,-8.687e-5,0,-0.001,1.253,1.254,2.31e-5,955.973,0.001,338.465,0.393,6.4,32.17
5.049,0.071,2671.133,484.901,0.266,0.003,62.619,43.535,35.049,0.591,0.389,0.062,0.14,0.591,0.018,0.053,-2.897e-4,0,-0.001,1.253,1.254,7.348e-5,955.544,0.001,338.451,0.392,6.4,32.17
5.077,0.038,2670.683,484.451,0.266,0.003,62.626,43.529,34.626,0.59,0.389,0.062,0.14,0.59,0.01,0.029,-2.451e-4,0,-0.001,1.253,1.254,-6.855e-5,955.115,0.001,338.436,0.392,6.4,32.17
5.105,0.118,2670.233,484.001,0.266,0.003,62.602,43.523,34.202,0.59,0.389,0.062,0.14,0.59,0.029,0.088,4.264e-4,0,-0.001,1.253,1.254,-4.242e-5,954.686,0.001,338.422,0.392,6.4,32.17
5.132,0.156,2669.782,483.551,0.266,0.003,62.578,43.517,33.779,0.59,0.389,0.061,0.14,0.59,0.039,0.117,-1.896e-4,0,-0.001,1.253,1.254,-1.062e-7,954.274,0.001,338.408,0.391,6.4,32.17
5.16,0.113,2669.331,483.1,0.265,0.003,62.587,43.512,33.354,0.59,0.389,0.061,0.14,0.59,0.028,0.084,5.75e-5,0,-0.001,1.253,1.254,3.35e-5,953.865,0.001,338.393,0.391,6.4,32.17
5.188,0.014,2668.88,482.649,0.265,0.003,62.637,43.506,32.93,0.59,0.389,0.061,0.14,0.59,0.004,0.01,-2.908e-4,0,-0.001,1.253,1.254,4.361e-5,953.456,0.001,338.379,0.391,6.4,32.17
5.216,0.081,2668.429,482.197,0.265,0.003,62.608,43.5,32.505,0.59,0.389,0.061,0.14,0.59,0.02,0.061,4.191e-5,0,-0.001,1.253,1.254,-4.298e-5,953.048,0.001,338.364,0.39,6.4,32.17
5.244,0.105,2667.977,481.745,0.265,0.003,62.605,43.494,32.08,0.59,0.389,0.061,0.14,0.59,0.026,0.078,-2.705e-4,0,-0.001,1.253,1.254,-3.276e-6,952.64,0.001,338.35,0.39,6.4,32.17
5.271,0.067,2667.524,481.293,0.265,0.003,62.619,43.488,31.654,0.59,0.389,0.061,0.14,0.59,0.017,0.05,3.753e-4,0,-0.001,1.253,1.254,3.93e-7,952.231,0.001,338.336,0.39,6.4,32.17
5.299,0.075,2667.071,480.84,0.265,0.003,62.607,43.482,31.228,0.589,0.389,0.061,0.14,0.589,0.019,0.056,-2.861e-4,0,-0.001,1.253,1.254,-7.972e-6,951.823,0.001,338.321,0.389,6.4,32.17
5.327,0.11,2666.618,480.387,0.265,0.003,62.596,43.476,30.801,0.589,0.389,0.061,0.14,0.589,0.028,0.083,-4.649e-4,0,-0.001,1.253,1.254,0,951.415,0.001,338.307,0.389,6.4,32.17
5.355,0.106,2666.165,479.933,0.265,0.003,62.602,43.47,30.375,0.589,0.389,0.061,0.14,0.589,0.027,0.08,-3.718e-4,0,-0.002,1.252,1.254,2.22e-5,951.007,0.001,338.292,0.388,6.4,32.17
5.383,0.074,2665.711,479.479,0.265,0.003,62.602,43.464,29.948,0.589,0.389,0.061,0.14,0.589,0.018,0.055,3.001e-4,0,-0.002,1.252,1.254,5.027e-5,950.599,0.001,338.278,0.388,6.4,32.17
5.411,0.106,2665.256,479.025,0.265,0.003,62.601,43.459,29.52,0.589,0.389,0.061,0.14,0.589,0.027,0.08,2.658e-4,0,-0.002,1.252,1.254,-3.223e-5,950.191,0.001,338.264,0.387,6.4,32.17
5.439,0.193,2664.805,478.574,0.265,0.003,62.555,43.453,29.096,0.589,0.389,0.06,0.139,0.589,0.049,0.144,-3.613e-5,0,-0.002,1.252,1.254,-2.806e-5,949.787,0.001,338.249,0.387,6.4,32.17
5.465,0.218,2664.371,478.14,0.265,0.003,62.54,43.447,28.687,0.589,0.389,0.06,0.139,0.589,0.055,0.164,-4.039e-4,0,-0.002,1.252,1.254,3.28e-7,949.399,0.001,338.236,0.387,6.4,32.17
5.491,0.168,2663.955,477.724,0.265,0.003,62.571,43.442,28.296,0.589,0.389,0.06,0.139,0.589,0.042,0.127,4.432e-4,0,-0.002,1.252,1.254,3.222e-5,949.027,0.001,338.223,0.386,6.4,32.17
5.516,0.107,2663.554,477.323,0.265,0.003,62.595,43.436,27.918,0.588,0.389,0.06,0.139,0.588,0.027,0.081,2.574e-4,0,-0.002,1.252,1.254,2.305e-5,948.669,0.001,338.21,0.386,6.4,32.17
5.54,0.11,2663.159,476.927,0.265,0.003,62.583,43.431,27.547,0.588,0.389,0.06,0.139,0.588,0.027,0.082,-2.189e-4,0,-0.002,1.252,1.254,-1.974e-5,948.316,0.001,338.198,0.385,6.4,32.17
5.564,0.166,2662.769,476.537,0.265,0.003,62.574,43.426,27.179,0.588,0.389,0.06,0.139,0.588,0.042,0.125,-3.05e-4,0,-0.002,1.252,1.254,-3.375e-5,947.969,0.001,338.185,0.385,6.4,32.17
5.588,0.204,2662.384,476.152,0.265,0.003,62.556,43.421,26.817,0.588,0.389,0.06,0.139,0.588,0.051,0.153,-4.562e-4,0,-0.002,1.252,1.254,-4.539e-6,947.626,0.001,338.173,0.384,6.4,32.17
5.611,0.202,2662.005,475.773,0.265,0.003,62.547,43.416,26.461,0.588,0.389,0.06,0.139,0.588,0.051,0.152,4.428e-4,0,-0.002,1.252,1.254,6.813e-6,947.289,0.001,338.161,0.384,6.4,32.17
5.634,0.163,2661.631,475.4,0.264,0.003,62.558,43.411,26.109,0.588,0.389,0.06,0.139,0.588,0.041,0.122,-3.868e-4,0,-0.002,1.252,1.254,3.565e-5,946.958,0.001,338.15,0.383,6.4,32.17
5.657,0.113,2661.264,475.032,0.264,0.003,62.59,43.406,25.763,0.588,0.389,0.059,0.139,0.588,0.028,0.084,5.027e-5,0,-0.002,1.252,1.254,1.909e-5,946.632,0.001,338.138,0.383,6.4,32.17
5.679,0.109,2660.903,474.671,0.264,0.003,62.585,43.402,25.424,0.587,0.389,0.059,0.139,0.587,0.027,0.082,-1.275e-4,0,-0.002,1.252,1.254,-1.909e-5,946.312,0.001,338.127,0.383,6.4,32.17
5.701,0.154,2660.549,474.318,0.264,0.003,62.561,43.397,25.091,0.587,0.389,0.059,0.139,0.587,0.039,0.116,1.536e-4,0,-0.002,1.252,1.254,-3.843e-5,946,0.001,338.116,0.382,6.4,32.17
5.722,0.191,2660.203,473.971,0.264,0.003,62.557,43.393,24.765,0.587,0.389,0.059,0.139,0.587,0.048,0.144,2.881e-4,0,-0.002,1.252,1.254,-7.728e-6,945.693,0.001,338.105,0.382,6.4,32.17
5.743,0.187,2659.866,473.635,0.264,0.003,62.563,43.388,24.448,0.587,0.389,0.059,0.139,0.587,0.047,0.14,1.914e-4,0,-0.002,1.251,1.254,4.014e-6,945.397,0.001,338.095,0.381,6.4,32.17
5.763,0.145,2659.537,473.305,0.264,0.003,62.571,43.384,24.139,0.587,0.389,0.059,0.139,0.587,0.036,0.109,-1.156e-4,0,-0.002,1.251,1.254,3.139e-5,945.107,0.001,338.084,0.381,6.4,32.17
5.783,0.091,2659.214,472.982,0.264,0.003,62.583,43.38,23.834,0.587,0.389,0.059,0.139,0.587,0.023,0.069,2.649e-4,0,-0.002,1.251,1.254,2.047e-5,944.822,0.001,338.074,0.38,6.4,32.17
5.802,0.089,2658.895,472.664,0.264,0.003,62.6,43.375,23.535,0.587,0.389,0.059,0.139,0.587,0.022,0.066,1.142e-4,0,-0.002,1.251,1.254,-1.73e-5,944.542,0.001,338.065,0.38,6.4,32.17
5.822,0.124,2658.581,472.349,0.264,0.003,62.574,43.371,23.239,0.586,0.389,0.059,0.139,0.586,0.031,0.093,-3.573e-4,0,-0.002,1.251,1.254,-3.483e-5,944.266,0.001,338.055,0.379,6.4,32.17
5.841,0.151,2658.268,472.036,0.264,0.003,62.558,43.367,22.944,0.586,0.389,0.058,0.139,0.586,0.038,0.113,1.228e-4,0,-0.002,1.251,1.254,-1.065e-5,943.992,0.001,338.045,0.379,6.4,32.17
5.86,0.145,2657.957,471.726,0.264,0.003,62.565,43.363,22.652,0.586,0.389,0.058,0.139,0.586,0.036,0.109,4.105e-4,0,-0.002,1.251,1.253,1.513e-7,943.719,0.001,338.036,0.379,6.4,32.17
5.879,0.108,2657.649,471.417,0.264,0.003,62.586,43.359,22.362,0.586,0.389,0.058,0.139,0.586,0.027,0.082,4.078e-4,0,-0.002,1.251,1.253,1.229e-5,943.449,0.001,338.026,0.378,6.4,32.17
5.898,0.054,2657.342,471.11,0.264,0.003,62.612,43.355,22.073,0.586,0.389,0.058,0.139,0.586,0.013,0.04,-2.356e-4,0,-0.002,1.251,1.253,2.756e-5,943.182,0.001,338.017,0.378,6.4,32.17
5.917,0.027,2657.038,470.807,0.264,0.003,62.605,43.351,21.787,0.586,0.389,0.058,0.139,0.586,0.007,0.02,3.721e-4,0,-0.003,1.251,1.253,5.158e-7,942.916,0.001,338.007,0.377,6.4,32.17
5.935,0.062,2656.742,470.51,0.264,0.003,62.606,43.347,21.508,0.586,0.389,0.058,0.138,0.586,0.016,0.047,4.496e-4,0,-0.003,1.251,1.253,-2.431e-5,942.658,0.001,337.998,0.377,6.4,32.17
5.944,0.085,2656.595,470.363,0.264,0.003,62.598,43.345,21.37,0.586,0.389,0.058,0.138,0.586,0.021,0.064,2.722e-4,0,-0.003,1.251,1.253,-2.321e-5,942.53,0.001,337.994,0.377,6.4,32.17
5.958,0.111,2656.467,470.236,0.264,0.003,62.584,43.344,21.213,0.585,0.389,0.058,0.138,0.585,0.028,0.083,-1.567e-4,0,-0.003,1.251,1.253,-1.277e-5,942.338,0.001,337.987,0.376,6.4,32.17
5.975,0.124,2656.302,470.07,0.264,0.003,62.57,43.341,21.01,0.585,0.389,0.058,0.138,0.585,0.031,0.093,6.128e-5,0,-0.003,1.251,1.253,-7.417e-7,942.089,0.001,337.978,0.376,6.4,32.17
5.993,0.114,2656.137,469.905,0.264,0.003,62.568,43.339,20.807,0.585,0.389,0.058,0.138,0.585,0.029,0.087,1.819e-4,0,-0.003,1.251,1.253,4.176e-6,941.841,0.001,337.969,0.375,6.4,32.17
6.01,0.086,2655.973,469.741,0.264,0.003,62.583,43.337,20.605,0.585,0.389,0.057,0.138,0.585,0.022,0.064,-3.742e-4,0,-0.003,1.251,1.253,1.778e-5,941.594,0.001,337.961,0.375,6.4,32.17
6.028,0.051,2655.81,469.578,0.264,0.003,62.609,43.335,20.404,0.585,0.389,0.057,0.138,0.585,0.013,0.038,4.334e-4,0,-0.003,1.25,1.253,1.567e-5,941.349,0.001,337.952,0.375,6.4,32.17
6.045,0.046,2655.648,469.416,0.264,0.003,62.595,43.333,20.205,0.585,0.389,0.057,0.138,0.585,0.011,0.035,-8.251e-5,0,-0.003,1.25,1.253,-6.916e-6,941.106,0.001,337.943,0.374,6.4,32.17
6.062,0.075,2655.487,469.255,0.264,0.003,62.588,43.331,20.007,0.585,0.389,0.057,0.138,0.585,0.019,0.056,3.136e-4,0,-0.003,1.25,1.253,-1.975e-5,940.866,0.001,337.935,0.374,6.4,32.17
6.079,0.101,2655.328,469.096,0.264,0.003,62.585,43.329,19.812,0.584,0.389,0.057,0.138,0.584,0.025,0.076,4.799e-4,0,-0.003,1.25,1.253,-1.142e-5,940.628,0.001,337.926,0.373,6.4,32.17
6.096,0.116,2655.17,468.939,0.264,0.003,62.582,43.327,19.618,0.584,0.389,0.057,0.138,0.584,0.029,0.087,-5.279e-5,0,-0.003,1.25,1.253,-2.017e-6,940.393,0.001,337.918,0.373,6.4,32.17
6.112,0.118,2655.014,468.783,0.264,0.003,62.578,43.324,19.426,0.584,0.389,0.057,0.138,0.584,0.03,0.089,-1.311e-4,0,-0.003,1.25,1.253,8.491e-7,940.16,0.001,337.91,0.372,6.4,32.17
6.129,0.106,2654.859,468.628,0.264,0.003,62.575,43.322,19.236,0.584,0.389,0.057,0.138,0.584,0.026,0.079,-3.265e-4,0,-0.003,1.25,1.253,9.427e-6,939.929,0.001,337.902,0.372,6.4,32.17
6.145,0.081,2654.705,468.473,0.264,0.003,62.577,43.32,19.046,0.584,0.389,0.057,0.138,0.584,0.02,0.062,4.68e-4,0,-0.003,1.25,1.253,1.803e-5,939.699,0.001,337.894,0.372,6.4,32.17
6.162,0.056,2654.552,468.32,0.264,0.003,62.593,43.318,18.857,0.584,0.389,0.056,0.138,0.584,0.014,0.042,4.962e-4,0,-0.003,1.25,1.253,9.315e-6,939.471,0.001,337.886,0.371,6.4,32.17
6.178,0.049,2654.399,468.168,0.264,0.003,62.606,43.316,18.67,0.584,0.389,0.056,0.138,0.584,0.012,0.037,1.985e-4,0,-0.003,1.25,1.253,-3.077e-6,939.245,0.001,337.878,0.371,6.4,32.17
6.194,0.067,2654.248,468.017,0.264,0.003,62.586,43.314,18.484,0.584,0.389,0.056,0.138,0.584,0.017,0.05,-3.216e-4,0,-0.003,1.25,1.253,-1.826e-5,939.021,0.001,337.87,0.37,6.4,32.17
6.21,0.094,2654.098,467.867,0.264,0.003,62.57,43.312,18.299,0.583,0.389,0.056,0.138,0.583,0.023,0.071,-3.767e-4,0,-0.003,1.25,1.253,-1.435e-5,938.799,0.001,337.862,0.37,6.4,32.17
6.226,0.114,2653.949,467.717,0.264,0.003,62.565,43.31,18.116,0.583,0.389,0.056,0.138,0.583,0.029,0.085,-1.839e-5,0,-0.003,1.25,1.253,-4.399e-6,938.578,0.001,337.854,0.369,6.4,32.17
6.242,0.121,2653.8,467.569,0.263,0.003,62.569,43.309,17.933,0.583,0.389,0.056,0.138,0.583,0.03,0.091,-5.323e-5,0,-0.003,1.25,1.253,0,938.358,0.001,337.846,0.369,6.4,32.17
6.258,0.118,2653.652,467.421,0.263,0.003,62.575,43.307,17.751,0.583,0.389,0.056,0.138,0.583,0.03,0.089,4.936e-5,0,-0.003,1.25,1.253,5.169e-6,938.14,0.001,337.839,0.369,6.4,32.17
6.273,0.106,2653.505,467.273,0.263,0.003,62.579,43.305,17.569,0.583,0.389,0.056,0.138,0.583,0.027,0.08,4.073e-4,0,-0.003,1.25,1.253,1.604e-5,937.923,0.001,337.831,0.368,6.4,32.17
6.289,0.088,2653.358,467.126,0.263,0.003,62.577,43.303,17.388,0.583,0.39,0.056,0.138,0.583,0.022,0.066,4.355e-4,0,-0.003,1.249,1.253,1.732e-5,937.706,0.001,337.823,0.368,6.4,32.17
6.305,0.078,2653.211,466.979,0.263,0.003,62.575,43.301,17.208,0.583,0.39,0.056,0.138,0.583,0.019,0.059,-4.342e-4,0,-0.003,1.249,1.253,1.679e-6,937.49,0.001,337.816,0.367,6.4,32.17
6.32,0.088,2653.065,466.833,0.263,0.003,62.583,43.299,17.028,0.582,0.39,0.055,0.137,0.582,0.022,0.067,-2.228e-4,0,-0.003,1.249,1.253,-7.152e-6,937.275,0.001,337.808,0.367,6.4,32.17
6.336,0.115,2652.92,466.688,0.263,0.003,62.575,43.297,16.85,0.582,0.39,0.055,0.137,0.582,0.029,0.087,-1.185e-5,0,-0.003,1.249,1.252,-1.641e-5,937.062,0.001,337.801,0.366,6.4,32.17
6.351,0.142,2652.775,466.544,0.263,0.003,62.556,43.295,16.672,0.582,0.39,0.055,0.137,0.582,0.036,0.107,-3.885e-4,0,-0.003,1.249,1.252,-1.089e-5,936.851,0.001,337.793,0.366,6.4,32.17
6.366,0.169,2652.632,466.4,0.263,0.003,62.538,43.293,16.496,0.582,0.39,0.055,0.137,0.582,0.042,0.127,-1.779e-4,0,-0.003,1.249,1.252,-2.104e-6,936.641,0.001,337.786,0.366,6.4,32.17
6.382,0.183,2652.489,466.257,0.263,0.003,62.531,43.291,16.319,0.582,0.39,0.055,0.137,0.582,0.046,0.137,3.383e-4,0,-0.003,1.249,1.252,7.825e-7,936.431,0.001,337.779,0.365,6.4,32.17
6.397,0.182,2652.346,466.114,0.263,0.003,62.534,43.289,16.143,0.582,0.39,0.055,0.137,0.582,0.046,0.137,-2.31e-4,0,-0.003,1.249,1.252,9.789e-6,936.223,0.001,337.771,0.365,6.4,32.17
6.412,0.155,2652.203,465.972,0.263,0.003,62.553,43.288,15.968,0.582,0.39,0.055,0.137,0.582,0.039,0.117,-1.745e-4,0,-0.003,1.249,1.252,1.995e-5,936.015,0.001,337.764,0.364,6.4,32.17
6.427,0.123,2652.062,465.831,0.263,0.003,62.569,43.286,15.795,0.582,0.39,0.055,0.137,0.582,0.031,0.093,-5.014e-5,0,-0.003,1.249,1.252,1.394e-5,935.81,0.001,337.757,0.364,6.4,32.17
6.442,0.104,2651.923,465.692,0.263,0.003,62.566,43.284,15.624,0.581,0.39,0.055,0.137,0.581,0.026,0.079,1.607e-4,0,-0.003,1.249,1.252,3.456e-8,935.607,0.001,337.749,0.363,6.4,32.17
6.457,0.117,2651.785,465.554,0.263,0.003,62.554,43.282,15.454,0.581,0.39,0.054,0.137,0.581,0.029,0.088,1.661e-4,0,-0.003,1.249,1.252,-1.016e-5,935.407,0.001,337.742,0.363,6.4,32.17
6.471,0.151,2651.647,465.416,0.263,0.003,62.545,43.28,15.284,0.581,0.39,0.054,0.137,0.581,0.038,0.114,4.634e-5,0,-0.003,1.249,1.252,-1.631e-5,935.207,0.001,337.735,0.363,6.4,32.17
6.486,0.185,2651.509,465.277,0.263,0.003,62.539,43.278,15.114,0.581,0.39,0.054,0.137,0.581,0.046,0.139,5.468e-5,0,-0.003,1.249,1.252,-1.171e-5,935.006,0.001,337.728,0.362,6.4,32.17
6.501,0.211,2651.37,465.138,0.263,0.003,62.532,43.277,14.943,0.581,0.39,0.054,0.137,0.581,0.053,0.16,3.397e-4,0,-0.003,1.249,1.252,-3.302e-6,934.805,0.001,337.721,0.362,6.4,32.17
6.516,0.213,2651.232,465,0.263,0.003,62.529,43.275,14.773,0.581,0.39,0.054,0.137,0.581,0.053,0.16,-3.624e-4,0,-0.003,1.249,1.252,5.696e-8,934.605,0.001,337.714,0.361,6.4,32.17
6.53,0.202,2651.095,464.863,0.263,0.003,62.526,43.273,14.605,0.581,0.39,0.054,0.137,0.581,0.051,0.153,2.372e-4,0,-0.004,1.249,1.252,4.713e-6,934.407,0.001,337.707,0.361,6.4,32.17
6.545,0.183,2650.959,464.728,0.263,0.003,62.527,43.271,14.438,0.58,0.39,0.054,0.137,0.581,0.046,0.138,-2.335e-4,0,-0.004,1.248,1.252,1.157e-5,934.212,0.001,337.7,0.36,6.4,32.17
6.559,0.163,2650.825,464.594,0.263,0.003,62.534,43.269,14.273,0.58,0.39,0.054,0.137,0.58,0.041,0.123,-3.963e-4,0,-0.004,1.248,1.252,1.205e-5,934.019,0.001,337.693,0.36,6.4,32.17
6.573,0.149,2650.691,464.46,0.263,0.003,62.547,43.268,14.108,0.58,0.39,0.054,0.137,0.58,0.037,0.113,-3.875e-5,0,-0.004,1.248,1.252,4.612e-6,933.826,0.001,337.687,0.36,6.4,32.17
6.588,0.145,2650.558,464.327,0.263,0.003,62.556,43.266,13.945,0.58,0.39,0.054,0.137,0.58,0.036,0.11,-5.419e-5,0,-0.004,1.248,1.252,-7.482e-8,933.635,0.001,337.68,0.359,6.4,32.17
6.602,0.152,2650.425,464.194,0.263,0.003,62.548,43.264,13.781,0.58,0.39,0.053,0.137,0.58,0.038,0.115,1.432e-4,0,-0.004,1.248,1.252,-6.726e-6,933.444,0.001,337.673,0.359,6.4,32.17
6.616,0.165,2650.293,464.062,0.263,0.003,62.533,43.262,13.619,0.58,0.39,0.053,0.137,0.58,0.041,0.124,-4.699e-4,0,-0.004,1.248,1.252,-1.555e-5,933.255,0.001,337.667,0.358,6.4,32.17
6.63,0.18,2650.163,463.931,0.263,0.003,62.524,43.261,13.458,0.58,0.39,0.053,0.137,0.58,0.045,0.136,-2.369e-4,0,-0.004,1.248,1.252,-1.21e-5,933.068,0.001,337.66,0.358,6.4,32.17
6.644,0.189,2650.033,463.801,0.263,0.003,62.526,43.259,13.299,0.58,0.39,0.053,0.137,0.58,0.047,0.143,1.456e-4,0,-0.004,1.248,1.252,-3.561e-6,932.882,0.001,337.653,0.357,6.4,32.17
6.657,0.188,2649.905,463.673,0.263,0.003,62.534,43.257,13.141,0.579,0.39,0.053,0.137,0.579,0.047,0.142,-1.764e-4,0,-0.004,1.248,1.252,1.873e-8,932.699,0.001,337.647,0.357,6.4,32.17
6.671,0.175,2649.777,463.545,0.263,0.003,62.541,43.256,12.983,0.579,0.39,0.053,0.137,0.579,0.044,0.132,1.111e-5,0,-0.004,1.248,1.252,4.255e-6,932.517,0.001,337.641,0.357,6.4,32.17
6.684,0.154,2649.649,463.418,0.263,0.003,62.547,43.254,12.827,0.579,0.39,0.053,0.136,0.579,0.039,0.116,2.959e-4,0,-0.004,1.248,1.252,1.191e-5,932.335,0.001,337.634,0.356,6.4,32.17
6.698,0.129,2649.522,463.291,0.263,0.003,62.549,43.252,12.67,0.579,0.39,0.053,0.136,0.579,0.032,0.097,3.265e-4,0,-0.004,1.248,1.252,1.442e-5,932.154,0.001,337.628,0.356,6.4,32.17
6.711,0.111,2649.396,463.164,0.263,0.003,62.549,43.251,12.515,0.579,0.39,0.053,0.136,0.579,0.028,0.084,4.312e-4,0,-0.004,1.248,1.252,2.668e-6,931.975,0.001,337.621,0.355,6.4,32.17
6.726,0.121,2649.259,463.028,0.263,0.003,62.556,43.249,12.347,0.579,0.39,0.053,0.136,0.579,0.03,0.091,-3.055e-5,0,-0.004,1.248,1.252,-4.758e-6,931.781,0.001,337.615,0.355,6.4,32.17
6.739,0.15,2649.192,462.96,0.263,0.003,62.549,43.248,12.233,0.579,0.39,0.052,0.136,0.579,0.038,0.114,4.67e-4,0,-0.004,1.248,1.252,-1.345e-5,931.606,0.001,337.608,0.354,6.4,32.17
6.752,0.179,2649.124,462.893,0.263,0.003,62.531,43.247,12.119,0.579,0.39,0.052,0.136,0.579,0.045,0.135,-1.644e-4,0,-0.004,1.248,1.252,-9.925e-6,931.432,0.001,337.602,0.354,6.4,32.17
6.765,0.182,2649.057,462.826,0.263,0.003,62.522,43.246,12.006,0.578,0.39,0.052,0.136,0.578,0.046,0.138,2.272e-4,0,-0.004,1.248,1.252,-2.747e-6,931.26,0.001,337.596,0.353,6.4,32.17
6.778,0.176,2648.99,462.759,0.263,0.003,62.521,43.245,11.893,0.578,0.39,0.052,0.136,0.578,0.044,0.133,3.243e-4,0,-0.004,1.247,1.252,1.677e-8,931.087,0.001,337.59,0.353,6.4,32.17
6.791,0.162,2648.923,462.691,0.263,0.003,62.528,43.244,11.78,0.578,0.39,0.052,0.136,0.578,0.04,0.121,1.172e-4,0,-0.004,1.247,1.251,3.267e-6,930.914,0.001,337.584,0.353,6.4,32.17
6.804,0.138,2648.855,462.624,0.263,0.003,62.544,43.243,11.666,0.578,0.39,0.052,0.136,0.578,0.035,0.104,4.681e-4,0,-0.004,1.247,1.251,8.903e-6,930.741,0.001,337.578,0.352,6.4,32.17
6.818,0.109,2648.788,462.556,0.263,0.003,62.562,43.243,11.553,0.578,0.39,0.052,0.136,0.578,0.027,0.082,1.374e-5,0,-0.004,1.247,1.251,1.031e-5,930.569,0.001,337.572,0.352,6.4,32.17
6.831,0.083,2648.721,462.489,0.263,0.003,62.57,43.242,11.439,0.578,0.39,0.052,0.136,0.578,0.021,0.062,2.071e-4,0,-0.004,1.247,1.251,3.481e-6,930.396,0.001,337.566,0.351,6.4,32.17
6.844,0.07,2648.653,462.422,0.263,0.003,62.563,43.241,11.325,0.578,0.39,0.052,0.136,0.578,0.017,0.052,-4.514e-4,0,-0.004,1.247,1.251,-1.402e-6,930.224,0.001,337.56,0.351,6.4,32.17
6.857,0.077,2648.586,462.354,0.263,0.003,62.56,43.24,11.212,0.578,0.39,0.052,0.136,0.578,0.019,0.058,3.08e-4,0,-0.004,1.247,1.251,-1.211e-5,930.052,0.001,337.554,0.351,6.4,32.17
6.87,0.094,2648.519,462.287,0.263,0.003,62.562,43.239,11.099,0.577,0.39,0.051,0.136,0.577,0.023,0.071,2.876e-4,0,-0.004,1.247,1.251,-1.334e-5,929.881,0.001,337.548,0.35,6.4,32.17
6.883,0.109,2648.452,462.22,0.263,0.003,62.56,43.238,10.986,0.577,0.39,0.051,0.136,0.577,0.027,0.082,4.273e-4,0,-0.004,1.247,1.251,-7.039e-6,929.711,0.001,337.542,0.35,6.4,32.17
6.896,0.117,2648.385,462.154,0.263,0.003,62.556,43.237,10.874,0.577,0.39,0.051,0.136,0.577,0.029,0.088,3.033e-4,0,-0.004,1.247,1.251,-1.243e-6,929.541,0.001,337.536,0.349,6.4,32.17
6.909,0.123,2648.319,462.087,0.263,0.003,62.549,43.236,10.762,0.577,0.39,0.051,0.136,0.577,0.031,0.093,-1.807e-4,0,-0.004,1.247,1.251,2.482e-7,929.373,0.001,337.53,0.349,6.4,32.17
6.921,0.127,2648.253,462.022,0.263,0.003,62.543,43.235,10.651,0.577,0.39,0.051,0.136,0.577,0.032,0.095,-3.568e-4,0,-0.004,1.247,1.251,4.375e-6,929.206,0.001,337.524,0.348,6.4,32.17
6.934,0.123,2648.188,461.956,0.263,0.003,62.539,43.235,10.541,0.577,0.39,0.051,0.136,0.577,0.031,0.092,1.884e-4,0,-0.004,1.247,1.251,1.222e-5,929.04,0.001,337.518,0.348,6.4,32.17
6.947,0.113,2648.123,461.891,0.263,0.003,62.54,43.234,10.432,0.577,0.39,0.051,0.136,0.577,0.028,0.085,1.914e-4,0,-0.004,1.247,1.251,1.931e-5,928.876,0.001,337.512,0.348,6.4,32.17
6.959,0.085,2648.058,461.827,0.263,0.003,62.556,43.233,10.323,0.577,0.39,0.051,0.136,0.577,0.021,0.065,1.862e-4,0,-0.004,1.247,1.251,1.448e-5,928.713,0.001,337.506,0.347,6.4,32.17
6.972,0.068,2647.993,461.762,0.263,0.003,62.574,43.232,10.214,0.576,0.39,0.051,0.136,0.576,0.017,0.051,4.259e-4,0,-0.004,1.247,1.251,-3.687e-8,928.549,0.001,337.501,0.347,6.4,32.17
6.984,0.082,2647.928,461.697,0.263,0.003,62.557,43.231,10.104,0.576,0.39,0.051,0.136,0.576,0.02,0.062,5.32e-5,0,-0.004,1.247,1.251,-1.691e-5,928.385,0.001,337.495,0.346,6.4,32.17
6.997,0.112,2647.863,461.632,0.263,0.003,62.539,43.23,9.994,0.576,0.39,0.051,0.136,0.576,0.028,0.085,-4.305e-4,0,-0.004,1.246,1.251,-2.026e-5,928.221,0.001,337.489,0.346,6.4,32.17
7.01,0.13,2647.798,461.566,0.263,0.003,62.533,43.229,9.884,0.576,0.39,0.05,0.136,0.576,0.032,0.098,-9.553e-5,0,-0.004,1.246,1.251,-1.124e-5,928.056,0.001,337.483,0.345,6.4,32.17
7.022,0.139,2647.733,461.502,0.263,0.003,62.533,43.229,9.775,0.576,0.39,0.05,0.135,0.576,0.035,0.104,-3.643e-4,0,-0.004,1.246,1.251,-3.569e-6,927.894,0.001,337.478,0.345,6.4,32.17
7.035,0.142,2647.669,461.437,0.263,0.003,62.535,43.228,9.667,0.576,0.39,0.05,0.135,0.576,0.036,0.107,1.605e-4,0,-0.005,1.246,1.251,-8.418e-8,927.733,0.001,337.472,0.345,6.4,32.17
7.047,0.14,2647.605,461.374,0.263,0.003,62.539,43.227,9.56,0.576,0.39,0.05,0.135,0.576,0.035,0.106,-1.309e-4,0,-0.005,1.246,1.251,1.746e-6,927.573,0.001,337.466,0.344,6.4,32.17
7.059,0.131,2647.542,461.31,0.263,0.003,62.546,43.226,9.453,0.576,0.39,0.05,0.135,0.576,0.033,0.099,-3.78e-4,0,-0.005,1.246,1.251,9.225e-6,927.415,0.001,337.461,0.344,6.4,32.17
7.072,0.117,2647.478,461.247,0.263,0.003,62.547,43.225,9.346,0.576,0.39,0.05,0.135,0.576,0.029,0.088,8.012e-5,0,-0.005,1.246,1.251,1.555e-5,927.256,0.001,337.455,0.343,6.4,32.17
7.084,0.108,2647.414,461.183,0.263,0.003,62.54,43.224,9.238,0.575,0.39,0.05,0.135,0.575,0.027,0.081,-3.1e-4,0,-0.005,1.246,1.251,9.683e-6,927.097,0.001,337.449,0.343,6.4,32.17
7.097,0.113,2647.35,461.119,0.263,0.003,62.537,43.224,9.13,0.575,0.39,0.05,0.135,0.575,0.028,0.085,3.746e-4,0,-0.005,1.246,1.251,3.059e-7,926.937,0.001,337.444,0.343,6.4,32.17
7.109,0.124,2647.286,461.055,0.263,0.003,62.543,43.223,9.022,0.575,0.39,0.05,0.135,0.575,0.031,0.093,2.297e-4,0,-0.005,1.246,1.251,-2.926e-6,926.777,0.001,337.438,0.342,6.4,32.17
7.121,0.139,2647.222,460.991,0.263,0.003,62.541,43.222,8.914,0.575,0.39,0.05,0.135,0.575,0.035,0.105,-2.223e-4,0,-0.005,1.246,1.251,-8.601e-6,926.618,0.001,337.433,0.342,6.4,32.17
7.134,0.157,2647.158,460.927,0.263,0.003,62.531,43.221,8.807,0.575,0.39,0.05,0.135,0.575,0.039,0.119,-4.21e-4,0,-0.005,1.246,1.251,-9.344e-6,926.459,0.001,337.427,0.341,6.4,32.17
7.146,0.173,2647.095,460.864,0.263,0.003,62.517,43.22,8.7,0.575,0.39,0.049,0.135,0.575,0.043,0.131,2.521e-4,0,-0.005,1.246,1.251,-5.492e-6,926.302,0.001,337.421,0.341,6.4,32.17
7.158,0.183,2647.032,460.8,0.263,0.003,62.507,43.219,8.593,0.575,0.39,0.049,0.135,0.575,0.046,0.138,2.023e-4,0,-0.005,1.246,1.25,-1.248e-6,926.146,0.001,337.416,0.34,6.4,32.17
7.171,0.188,2646.969,460.737,0.263,0.003,62.503,43.218,8.487,0.575,0.39,0.049,0.135,0.575,0.047,0.142,-3.887e-4,0,-0.005,1.246,1.25,1.12e-7,925.99,0.001,337.41,0.34,6.4,32.17
7.183,0.185,2646.906,460.675,0.263,0.003,62.507,43.218,8.382,0.575,0.39,0.049,0.135,0.575,0.046,0.14,4.875e-4,0,-0.005,1.246,1.25,3.025e-6,925.835,0.001,337.405,0.34,6.4,32.17
7.195,0.177,2646.844,460.612,0.263,0.003,62.516,43.217,8.277,0.574,0.39,0.049,0.135,0.574,0.044,0.134,-1.729e-4,0,-0.005,1.246,1.25,7.989e-6,925.681,0.001,337.4,0.339,6.4,32.17
7.207,0.167,2646.782,460.55,0.263,0.003,62.526,43.216,8.171,0.574,0.39,0.049,0.135,0.574,0.042,0.126,1.89e-4,0,-0.005,1.246,1.25,1.101e-5,925.527,0.001,337.394,0.339,6.4,32.17
7.219,0.157,2646.719,460.488,0.263,0.003,62.53,43.215,8.067,0.574,0.39,0.049,0.135,0.574,0.039,0.119,2.316e-4,0,-0.005,1.246,1.25,8.788e-6,925.374,0.001,337.389,0.338,6.4,32.17
7.231,0.151,2646.657,460.426,0.263,0.003,62.526,43.214,7.962,0.574,0.39,0.049,0.135,0.574,0.038,0.114,1.426e-5,0,-0.005,1.245,1.25,2.859e-6,925.222,0.001,337.383,0.338,6.4,32.17
7.243,0.152,2646.595,460.364,0.263,0.003,62.517,43.214,7.858,0.574,0.39,0.049,0.135,0.574,0.038,0.114,1.136e-4,0,-0.005,1.245,1.25,-2.33e-8,925.069,0.001,337.378,0.338,6.4,32.17
7.255,0.167,2646.534,460.302,0.263,0.003,62.509,43.213,7.754,0.574,0.39,0.049,0.135,0.574,0.042,0.126,-1.451e-4,0,-0.005,1.245,1.25,-3.174e-6,924.918,0.001,337.373,0.337,6.4,32.17
7.267,0.195,2646.472,460.24,0.263,0.003,62.502,43.212,7.65,0.574,0.39,0.049,0.135,0.574,0.049,0.147,2.101e-4,0,-0.005,1.245,1.25,-6.503e-6,924.767,0.001,337.367,0.337,6.4,32.17
7.279,0.224,2646.41,460.178,0.263,0.003,62.497,43.211,7.545,0.574,0.39,0.049,0.135,0.574,0.056,0.169,1.628e-4,0,-0.005,1.245,1.25,-6.207e-6,924.615,0.001,337.362,0.336,6.4,32.17
7.291,0.25,2646.348,460.116,0.263,0.003,62.491,43.21,7.441,0.574,0.39,0.048,0.135,0.574,0.063,0.189,-4.084e-4,0,-0.005,1.245,1.25,-3.076e-6,924.463,0.001,337.357,0.336,6.4,32.17
7.303,0.265,2646.286,460.054,0.263,0.003,62.485,43.209,7.336,0.573,0.39,0.048,0.135,0.574,0.066,0.2,-2.916e-5,0,-0.005,1.245,1.25,-3.421e-7,924.312,0.001,337.351,0.335,6.4,32.17
7.315,0.253,2646.224,459.992,0.263,0.003,62.485,43.209,7.232,0.573,0.39,0.048,0.135,0.573,0.064,0.192,4.425e-4,0,-0.005,1.245,1.25,3.462e-7,924.161,0.001,337.346,0.335,6.4,32.17
7.327,0.237,2646.163,459.931,0.263,0.003,62.484,43.208,7.129,0.573,0.39,0.048,0.135,0.573,0.06,0.179,5.714e-5,0,-0.005,1.245,1.25,2.332e-6,924.012,0.001,337.341,0.335,6.4,32.17
7.339,0.219,2646.102,459.87,0.263,0.003,62.486,43.207,7.026,0.573,0.39,0.048,0.135,0.573,0.055,0.165,2.359e-4,0,-0.005,1.245,1.25,4.038e-6,923.865,0.001,337.336,0.334,6.4,32.17
7.351,0.2,2646.042,459.81,0.263,0.003,62.494,43.206,6.925,0.573,0.39,0.048,0.134,0.573,0.05,0.151,-2.449e-4,0,-0.005,1.245,1.25,3.564e-6,923.718,0.001,337.33,0.334,6.4,32.17
7.362,0.198,2645.982,459.75,0.262,0.003,62.5,43.205,6.824,0.573,0.39,0.048,0.134,0.573,0.05,0.15,-1.975e-4,0,-0.005,1.245,1.25,2.229e-6,923.573,0.001,337.325,0.333,6.4,32.17
7.374,0.198,2645.922,459.69,0.262,0.003,62.506,43.205,6.723,0.573,0.39,0.048,0.134,0.573,0.05,0.15,-9.266e-5,0,-0.005,1.245,1.25,6.027e-7,923.427,0.001,337.32,0.333,6.4,32.17
7.385,0.201,2645.862,459.63,0.262,0.003,62.508,43.204,6.621,0.573,0.39,0.048,0.134,0.573,0.05,0.152,-2.054e-4,0,-0.005,1.245,1.25,-8.364e-9,923.282,0.001,337.315,0.333,6.4,32.17
7.397,0.207,2645.801,459.57,0.262,0.003,62.503,43.203,6.52,0.573,0.39,0.048,0.134,0.573,0.052,0.156,4.639e-4,0,-0.005,1.245,1.25,-7.945e-7,923.137,0.001,337.31,0.332,6.4,32.17
7.409,0.212,2645.741,459.51,0.262,0.003,62.494,43.202,6.419,0.572,0.391,0.048,0.134,0.572,0.053,0.16,4.437e-5,0,-0.005,1.245,1.25,-2.335e-6,922.992,0.001,337.305,0.332,6.4,32.17
7.42,0.218,2645.681,459.45,0.262,0.003,62.485,43.201,6.318,0.572,0.391,0.048,0.134,0.572,0.055,0.165,2.257e-4,0,-0.005,1.245,1.25,-3.299e-6,922.847,0.001,337.3,0.331,6.4,32.17
7.432,0.224,2645.622,459.39,0.262,0.003,62.481,43.201,6.217,0.572,0.391,0.047,0.134,0.572,0.056,0.169,3.168e-4,0,-0.005,1.245,1.25,-2.894e-6,922.704,0.001,337.295,0.331,6.4,32.17
7.437,0.226,2645.596,459.365,0.262,0.003,62.48,43.2,6.174,0.572,0.391,0.047,0.134,0.572,0.057,0.171,2.32e-4,0,-0.005,1.245,1.25,-2.357e-6,922.642,0.001,337.292,0.331,6.4,32.17
7.444,0.228,2645.577,459.346,0.262,0.003,62.482,43.2,6.139,0.572,0.391,0.047,0.134,0.572,0.057,0.172,-4.322e-5,0,-0.005,1.244,1.25,-1.419e-6,922.55,0.001,337.289,0.33,6.4,32.17
7.456,0.231,2645.549,459.318,0.262,0.003,62.485,43.2,6.086,0.572,0.391,0.047,0.134,0.572,0.058,0.175,2.924e-4,0,-0.005,1.244,1.25,-2.342e-7,922.412,0.001,337.284,0.33,6.4,32.17
7.467,0.234,2645.521,459.289,0.262,0.003,62.489,43.199,6.032,0.572,0.391,0.047,0.134,0.572,0.059,0.177,-6.861e-5,0,-0.005,1.244,1.25,1.522e-7,922.27,0.001,337.279,0.33,6.4,32.17
7.479,0.234,2645.492,459.26,0.262,0.003,62.492,43.199,5.978,0.572,0.391,0.047,0.134,0.572,0.059,0.177,1.638e-4,0,-0.005,1.244,1.25,1.484e-6,922.128,0.001,337.274,0.329,6.4,32.17
7.49,0.23,2645.463,459.231,0.262,0.003,62.492,43.199,5.923,0.572,0.391,0.047,0.134,0.572,0.058,0.173,-2.34e-4,0,-0.005,1.244,1.25,3.504e-6,921.985,0.001,337.269,0.329,6.4,32.17
7.502,0.223,2645.434,459.202,0.262,0.003,62.49,43.198,5.869,0.572,0.391,0.047,0.134,0.572,0.056,0.169,-1.286e-4,0,-0.005,1.244,1.25,4.769e-6,921.843,0.001,337.264,0.328,6.4,32.17
7.513,0.209,2645.405,459.173,0.262,0.003,62.488,43.198,5.814,0.571,0.391,0.047,0.134,0.571,0.052,0.158,-1.247e-4,0,-0.005,1.244,1.25,3.11e-6,921.702,0.001,337.259,0.328,6.4,32.17
7.525,0.198,2645.376,459.144,0.262,0.003,62.487,43.197,5.76,0.571,0.391,0.047,0.134,0.571,0.05,0.149,-3.258e-4,0,-0.005,1.244,1.25,6.436e-7,921.561,0.001,337.254,0.328,6.4,32.17
7.536,0.192,2645.347,459.116,0.262,0.003,62.492,43.197,5.706,0.571,0.391,0.047,0.134,0.571,0.048,0.145,-2.109e-4,0,-0.006,1.244,1.25,-2.147e-7,921.421,0.001,337.249,0.327,6.4,32.17
7.548,0.191,2645.319,459.087,0.262,0.003,62.499,43.197,5.652,0.571,0.391,0.047,0.134,0.571,0.048,0.145,1.759e-4,0,-0.006,1.244,1.25,-2.728e-6,921.281,0.001,337.244,0.327,6.4,32.17
7.559,0.195,2645.29,459.058,0.262,0.003,62.502,43.196,5.599,0.571,0.391,0.046,0.134,0.571,0.049,0.147,-2.281e-4,0,-0.006,1.244,1.25,-4.099e-6,921.143,0.001,337.24,0.326,6.4,32.17
7.57,0.2,2645.261,459.03,0.262,0.003,62.502,43.196,5.545,0.571,0.391,0.046,0.134,0.571,0.05,0.152,7.918e-5,0,-0.006,1.244,1.249,-3.835e-6,921.004,0.001,337.235,0.326,6.4,32.17
7.582,0.205,2645.233,459.001,0.262,0.003,62.498,43.196,5.491,0.571,0.391,0.046,0.134,0.571,0.051,0.155,3.376e-4,0,-0.006,1.244,1.249,-2.612e-6,920.864,0.001,337.23,0.325,6.4,32.17
7.593,0.21,2645.204,458.972,0.262,0.003,62.493,43.195,5.437,0.571,0.391,0.046,0.134,0.571,0.052,0.159,8.499e-5,0,-0.006,1.244,1.249,-1.134e-6,920.725,0.001,337.225,0.325,6.4,32.17
7.605,0.213,2645.175,458.944,0.262,0.003,62.486,43.195,5.383,0.571,0.391,0.046,0.134,0.571,0.053,0.16,1.588e-4,0,-0.006,1.244,1.249,-1.28e-7,920.585,0.001,337.22,0.325,6.4,32.17
7.616,0.215,2645.146,458.915,0.262,0.003,62.481,43.194,5.329,0.57,0.391,0.046,0.134,0.571,0.054,0.162,4.367e-4,0,-0.006,1.244,1.249,1.81e-7,920.445,0.001,337.215,0.324,6.4,32.17
7.628,0.216,2645.117,458.886,0.262,0.003,62.478,43.194,5.274,0.57,0.391,0.046,0.134,0.57,0.054,0.163,-1.298e-4,0,-0.006,1.244,1.249,1.385e-6,920.305,0.001,337.21,0.324,6.4,32.17
7.639,0.215,2645.088,458.857,0.262,0.003,62.477,43.194,5.22,0.57,0.391,0.046,0.134,0.57,0.054,0.162,-3.915e-4,0,-0.006,1.244,1.249,3.273e-6,920.166,0.001,337.205,0.323,6.4,32.17
7.651,0.213,2645.059,458.828,0.262,0.003,62.48,43.193,5.165,0.57,0.391,0.046,0.134,0.57,0.053,0.161,2.668e-4,0,-0.006,1.244,1.249,4.813e-6,920.026,0.001,337.2,0.323,6.4,32.17
7.662,0.197,2645.03,458.799,0.262,0.003,62.494,43.193,5.111,0.57,0.391,0.046,0.134,0.57,0.049,0.149,-3.622e-4,0,-0.006,1.244,1.249,2.458e-6,919.886,0.001,337.195,0.323,6.4,32.17
7.674,0.185,2645.002,458.77,0.262,0.003,62.504,43.192,5.057,0.57,0.391,0.046,0.133,0.57,0.046,0.139,3.968e-4,0,-0.006,1.243,1.249,1.406e-7,919.748,0.001,337.19,0.322,6.4,32.17
7.685,0.18,2644.973,458.742,0.262,0.003,62.505,43.192,5.004,0.57,0.391,0.046,0.133,0.57,0.045,0.136,-3.966e-4,0,-0.006,1.243,1.249,-1.065e-6,919.612,0.001,337.186,0.322,6.4,32.17
7.696,0.181,2644.945,458.713,0.262,0.003,62.497,43.192,4.95,0.57,0.391,0.045,0.133,0.57,0.045,0.137,4.819e-5,0,-0.006,1.243,1.249,-4.736e-6,919.476,0.001,337.181,0.321,6.4,32.17
7.708,0.186,2644.917,458.685,0.262,0.003,62.488,43.191,4.898,0.57,0.391,0.045,0.133,0.57,0.046,0.14,-2.531e-4,0,-0.006,1.243,1.249,-6.825e-6,919.342,0.001,337.176,0.321,6.4,32.17
7.719,0.19,2644.889,458.657,0.262,0.003,62.484,43.191,4.845,0.569,0.391,0.045,0.133,0.57,0.048,0.143,1.313e-4,0,-0.006,1.243,1.249,-6.088e-6,919.207,0.001,337.171,0.321,6.4,32.17
7.73,0.193,2644.861,458.629,0.262,0.003,62.485,43.191,4.792,0.569,0.391,0.045,0.133,0.569,0.048,0.146,-2.605e-4,0,-0.006,1.243,1.249,-3.636e-6,919.073,0.001,337.167,0.32,6.4,32.17
7.741,0.193,2644.833,458.601,0.262,0.003,62.49,43.19,4.739,0.569,0.391,0.045,0.133,0.569,0.048,0.145,4.544e-4,0,-0.006,1.243,1.249,-1.155e-6,918.94,0.001,337.162,0.32,6.4,32.17
7.752,0.189,2644.805,458.573,0.262,0.003,62.497,43.19,4.687,0.569,0.391,0.045,0.133,0.569,0.047,0.142,-4.07e-4,0,-0.006,1.243,1.249,-1.573e-8,918.806,0.001,337.157,0.319,6.4,32.17
7.763,0.182,2644.777,458.545,0.262,0.003,62.502,43.189,4.634,0.569,0.391,0.045,0.133,0.569,0.046,0.137,3.951e-4,0,-0.006,1.243,1.249,6.215e-7,918.673,0.001,337.152,0.319,6.4,32.17
7.775,0.172,2644.749,458.517,0.262,0.003,62.506,43.189,4.582,0.569,0.391,0.045,0.133,0.569,0.043,0.13,-2.847e-4,0,-0.006,1.243,1.249,2.356e-6,918.541,0.001,337.148,0.318,6.4,32.17
7.786,0.16,2644.721,458.489,0.262,0.003,62.506,43.189,4.529,0.569,0.391,0.045,0.133,0.569,0.04,0.12,-3.482e-5,0,-0.006,1.243,1.249,3.881e-6,918.408,0.001,337.143,0.318,6.4,32.17
7.797,0.147,2644.693,458.461,0.262,0.003,62.504,43.188,4.477,0.569,0.391,0.045,0.133,0.569,0.037,0.11,-3.895e-4,0,-0.006,1.243,1.249,3.88e-6,918.276,0.001,337.138,0.318,6.4,32.17
7.808,0.138,2644.665,458.433,0.262,0.003,62.502,43.188,4.425,0.569,0.391,0.045,0.133,0.569,0.035,0.104,-2.294e-4,0,-0.006,1.243,1.249,1.718e-6,918.145,0.001,337.134,0.317,6.4,32.17
7.819,0.136,2644.637,458.406,0.262,0.003,62.505,43.188,4.372,0.569,0.391,0.045,0.133,0.569,0.034,0.102,-2.764e-4,0,-0.006,1.243,1.249,3.031e-8,918.014,0.001,337.129,0.317,6.4,32.17
7.83,0.14,2644.61,458.378,0.262,0.003,62.51,43.187,4.321,0.568,0.391,0.045,0.133,0.568,0.035,0.105,3.662e-4,0,-0.006,1.243,1.249,-9.719e-7,917.883,0.001,337.125,0.316,6.4,32.17
7.841,0.149,2644.582,458.351,0.262,0.003,62.512,43.187,4.269,0.568,0.391,0.044,0.133,0.568,0.037,0.113,-7.018e-5,0,-0.006,1.243,1.249,-3.154e-6,917.754,0.001,337.12,0.316,6.4,32.17
7.852,0.158,2644.555,458.323,0.262,0.003,62.508,43.187,4.217,0.568,0.391,0.044,0.133,0.568,0.039,0.12,-4.958e-4,0,-0.006,1.243,1.249,-4.015e-6,917.624,0.001,337.115,0.316,6.4,32.17
7.863,0.15,2644.527,458.296,0.262,0.003,62.507,43.186,4.165,0.568,0.391,0.044,0.133,0.568,0.037,0.113,1.678e-4,0,-0.006,1.243,1.249,-3.12e-6,917.495,0.001,337.111,0.315,6.4,32.17
7.874,0.14,2644.5,458.268,0.262,0.003,62.505,43.186,4.114,0.568,0.391,0.044,0.133,0.568,0.035,0.106,-2.222e-4,0,-0.006,1.243,1.249,-1.807e-6,917.366,0.001,337.106,0.315,6.4,32.17
7.885,0.128,2644.472,458.24,0.262,0.003,62.504,43.185,4.062,0.568,0.391,0.044,0.133,0.568,0.032,0.097,-2.816e-4,0,-0.006,1.243,1.249,-6.64e-7,917.236,0.001,337.102,0.314,6.4,32.17
7.896,0.115,2644.444,458.213,0.262,0.003,62.508,43.185,4.009,0.568,0.391,0.044,0.133,0.568,0.029,0.087,1.596e-4,0,-0.006,1.242,1.249,-7.242e-8,917.106,0.001,337.097,0.314,6.4,32.17
7.907,0.105,2644.416,458.185,0.262,0.003,62.514,43.185,3.957,0.568,0.391,0.044,0.133,0.568,0.026,0.079,-3.729e-4,0,-0.006,1.242,1.249,4.586e-8,916.976,0.001,337.093,0.314,6.4,32.17
7.918,0.098,2644.388,458.157,0.262,0.003,62.523,43.184,3.905,0.568,0.391,0.044,0.133,0.568,0.025,0.074,-6.663e-5,0,-0.006,1.242,1.249,3.684e-7,916.846,0.001,337.088,0.313,6.4,32.17
7.929,0.09,2644.361,458.129,0.262,0.003,62.531,43.184,3.853,0.567,0.391,0.044,0.133,0.567,0.022,0.068,-2.286e-4,0,-0.006,1.242,1.249,7.14e-7,916.717,0.001,337.083,0.313,6.4,32.17
7.94,0.082,2644.333,458.101,0.262,0.003,62.537,43.184,3.801,0.567,0.391,0.044,0.133,0.567,0.02,0.062,-4.784e-4,0,-0.006,1.242,1.249,7.372e-7,916.588,0.001,337.079,0.312,6.4,32.17
7.951,0.073,2644.305,458.074,0.262,0.003,62.536,43.183,3.749,0.567,0.391,0.044,0.133,0.567,0.018,0.056,7.272e-5,0,-0.006,1.242,1.249,3.699e-7,916.459,0.001,337.074,0.312,6.4,32.17
7.962,0.061,2644.278,458.046,0.262,0.003,62.532,43.183,3.697,0.567,0.391,0.044,0.133,0.567,0.015,0.046,-2.928e-4,0,-0.006,1.242,1.248,0,916.331,0.001,337.07,0.312,6.4,32.17
7.973,0.053,2644.25,458.019,0.262,0.003,62.53,43.183,3.645,0.567,0.391,0.043,0.133,0.567,0.013,0.04,3.526e-4,0,-0.006,1.242,1.248,-6.275e-7,916.203,0.001,337.065,0.311,6.4,32.17
7.984,0.05,2644.222,457.991,0.262,0.003,62.538,43.182,3.593,0.567,0.391,0.043,0.133,0.567,0.013,0.038,-2.51e-4,0,-0.006,1.242,1.248,-1.959e-6,916.075,0.001,337.061,0.311,6.4,32.17
7.995,0.053,2644.195,457.963,0.262,0.003,62.545,43.182,3.541,0.567,0.391,0.043,0.133,0.567,0.013,0.04,3.337e-4,0,-0.006,1.242,1.248,-2.091e-6,915.947,0.001,337.056,0.31,6.4,32.17
8.006,0.057,2644.167,457.936,0.262,0.003,62.543,43.181,3.489,0.567,0.391,0.043,0.132,0.567,0.014,0.043,-1.068e-4,0,-0.006,1.242,1.248,-9.519e-7,915.819,0.001,337.052,0.31,6.4,32.17
8.017,0.062,2644.139,457.908,0.262,0.003,62.532,43.181,3.437,0.567,0.391,0.043,0.132,0.567,0.016,0.047,2.851e-4,0,-0.006,1.242,1.248,-3.527e-8,915.691,0.001,337.047,0.309,6.4,32.17
8.028,0.068,2644.112,457.88,0.262,0.003,62.523,43.181,3.385,0.567,0.391,0.043,0.132,0.567,0.017,0.051,-2.221e-4,0,-0.006,1.242,1.248,4.364e-7,915.563,0.001,337.043,0.309,6.4,32.17
8.039,0.073,2644.084,457.852,0.262,0.003,62.521,43.18,3.333,0.566,0.391,0.043,0.132,0.566,0.018,0.055,-1.875e-4,0,-0.006,1.242,1.248,1.893e-6,915.436,0.001,337.038,0.309,6.4,32.17
8.05,0.077,2644.056,457.825,0.262,0.003,62.526,43.18,3.281,0.566,0.391,0.043,0.132,0.566,0.019,0.058,2.332e-4,0,-0.006,1.242,1.248,3.261e-6,915.308,0.001,337.034,0.308,6.4,32.17
8.062,0.071,2644.028,457.797,0.262,0.003,62.533,43.18,3.229,0.566,0.391,0.043,0.132,0.566,0.018,0.054,2.923e-4,0,-0.006,1.242,1.248,4.087e-6,915.181,0.001,337.029,0.308,6.4,32.17
8.073,0.065,2644.001,457.769,0.262,0.003,62.539,43.179,3.177,0.566,0.391,0.043,0.132,0.566,0.016,0.049,-2.471e-5,0,-0.007,1.242,1.248,3.684e-6,915.055,0.001,337.025,0.307,6.4,32.17
8.083,0.06,2643.973,457.742,0.262,0.003,62.539,43.179,3.125,0.566,0.391,0.043,0.132,0.566,0.015,0.045,4.51e-4,0,-0.007,1.242,1.248,2.033e-6,914.929,0.001,337.02,0.307,6.4,32.17
8.094,0.057,2643.946,457.714,0.262,0.003,62.534,43.178,3.074,0.566,0.391,0.043,0.132,0.566,0.014,0.043,-3.048e-4,0,-0.007,1.242,1.248,3.132e-7,914.804,0.001,337.016,0.307,6.4,32.17
8.105,0.058,2643.919,457.687,0.262,0.003,62.526,43.178,3.022,0.566,0.391,0.042,0.132,0.566,0.015,0.044,-4.114e-4,0,-0.007,1.242,1.248,-2.402e-7,914.68,0.001,337.012,0.306,6.4,32.17
8.116,0.064,2643.892,457.66,0.262,0.003,62.521,43.178,2.971,0.566,0.391,0.042,0.132,0.566,0.016,0.048,4.211e-5,0,-0.007,1.242,1.248,-1.884e-6,914.556,0.001,337.007,0.306,6.4,32.17
8.127,0.072,2643.864,457.633,0.262,0.003,62.521,43.177,2.92,0.566,0.391,0.042,0.132,0.566,0.018,0.053,-5.343e-5,0,-0.007,1.241,1.248,-3.452e-6,914.432,0.001,337.003,0.305,6.4,32.17
8.138,0.08,2643.837,457.606,0.262,0.003,62.522,43.177,2.869,0.566,0.391,0.042,0.132,0.566,0.02,0.06,1.41e-6,0,-0.007,1.241,1.248,-3.821e-6,914.308,0.001,336.999,0.305,6.4,32.17
8.142,0.083,2643.826,457.595,0.262,0.003,62.523,43.177,2.849,0.565,0.391,0.042,0.132,0.565,0.021,0.062,-2.796e-4,0,-0.007,1.241,1.248,-3.617e-6,914.26,0.001,336.997,0.305,6.4,32.17
8.148,0.088,2643.82,457.588,0.262,0.003,62.524,43.177,2.828,0.565,0.391,0.042,0.132,0.565,0.022,0.066,1.668e-4,0,-0.007,1.241,1.248,-3.043e-6,914.187,0.001,336.994,0.305,6.4,32.17
8.158,0.091,2643.81,457.578,0.262,0.003,62.525,43.177,2.798,0.565,0.391,0.042,0.132,0.565,0.023,0.069,2.172e-4,0,-0.007,1.241,1.248,-1.889e-6,914.077,0.001,336.99,0.304,6.4,32.17
8.169,0.092,2643.798,457.567,0.262,0.003,62.525,43.177,2.763,0.565,0.391,0.042,0.132,0.565,0.023,0.069,4.072e-4,0,-0.007,1.241,1.248,-7.115e-7,913.955,0.001,336.986,0.304,6.4,32.17
8.18,0.091,2643.787,457.555,0.262,0.003,62.524,43.176,2.729,0.565,0.391,0.042,0.132,0.565,0.023,0.069,-3.433e-4,0,-0.007,1.241,1.248,-6.49e-8,913.833,0.001,336.982,0.303,6.4,32.17
8.19,0.088,2643.775,457.544,0.262,0.003,62.521,43.176,2.694,0.565,0.391,0.042,0.132,0.565,0.022,0.067,4.283e-4,0,-0.007,1.241,1.248,1.134e-7,913.712,0.001,336.978,0.303,6.4,32.17
8.201,0.084,2643.764,457.533,0.262,0.003,62.518,43.176,2.66,0.565,0.391,0.042,0.132,0.565,0.021,0.064,1.179e-4,0,-0.007,1.241,1.248,7.843e-7,913.59,0.001,336.973,0.303,6.4,32.17
8.212,0.089,2643.753,457.521,0.262,0.003,62.511,43.176,2.626,0.565,0.391,0.042,0.132,0.565,0.022,0.067,-2.713e-4,0,-0.007,1.241,1.248,1.839e-6,913.469,0.001,336.969,0.302,6.4,32.17
8.222,0.092,2643.741,457.51,0.262,0.003,62.507,43.176,2.591,0.565,0.391,0.042,0.132,0.565,0.023,0.069,1.299e-4,0,-0.007,1.241,1.248,2.884e-6,913.348,0.001,336.965,0.302,6.4,32.17
8.233,0.094,2643.73,457.499,0.262,0.003,62.506,43.176,2.557,0.565,0.391,0.042,0.132,0.565,0.023,0.07,4.5e-4,0,-0.007,1.241,1.248,3.394e-6,913.227,0.001,336.96,0.301,6.4,32.17
8.244,0.096,2643.719,457.487,0.262,0.003,62.51,43.175,2.523,0.565,0.391,0.041,0.132,0.565,0.024,0.072,4.065e-4,0,-0.007,1.241,1.248,2.993e-6,913.106,0.001,336.956,0.301,6.4,32.17
8.255,0.094,2643.707,457.476,0.262,0.003,62.517,43.175,2.488,0.564,0.391,0.041,0.132,0.564,0.023,0.071,-3.781e-4,0,-0.007,1.241,1.248,1.904e-6,912.985,0.001,336.952,0.301,6.4,32.17
8.265,0.088,2643.696,457.464,0.262,0.003,62.523,43.175,2.454,0.564,0.391,0.041,0.132,0.564,0.022,0.067,2.268e-4,0,-0.007,1.241,1.248,6.018e-7,912.864,0.001,336.948,0.3,6.4,32.17
8.276,0.085,2643.685,457.453,0.262,0.003,62.524,43.175,2.419,0.564,0.391,0.041,0.132,0.564,0.021,0.064,3.02e-4,0,-0.007,1.241,1.248,0,912.744,0.001,336.943,0.3,6.4,32.17
8.287,0.084,2643.673,457.442,0.262,0.003,62.519,43.175,2.385,0.564,0.391,0.041,0.132,0.564,0.021,0.064,-4.1e-5,0,-0.007,1.241,1.248,-7.317e-7,912.624,0.001,336.939,0.299,6.4,32.17
8.298,0.085,2643.662,457.43,0.262,0.003,62.512,43.175,2.351,0.564,0.391,0.041,0.132,0.564,0.021,0.064,1.1e-4,0,-0.007,1.241,1.248,-2.282e-6,912.504,0.001,336.935,0.299,6.4,32.17
8.308,0.09,2643.651,457.419,0.262,0.003,62.505,43.175,2.316,0.564,0.391,0.041,0.132,0.564,0.023,0.068,2.295e-4,0,-0.007,1.241,1.248,-3.471e-6,912.385,0.001,336.931,0.299,6.4,32.17
8.319,0.096,2643.639,457.408,0.262,0.003,62.502,43.174,2.282,0.564,0.391,0.041,0.132,0.564,0.024,0.073,-3.442e-4,0,-0.007,1.241,1.248,-3.612e-6,912.266,0.001,336.927,0.298,6.4,32.17
8.33,0.102,2643.628,457.397,0.262,0.003,62.502,43.174,2.248,0.564,0.391,0.041,0.132,0.564,0.025,0.077,2.36e-4,0,-0.007,1.241,1.248,-2.812e-6,912.147,0.001,336.922,0.298,6.4,32.17
8.34,0.106,2643.617,457.385,0.262,0.003,62.504,43.174,2.214,0.564,0.391,0.041,0.131,0.564,0.026,0.08,3.628e-4,0,-0.007,1.241,1.248,-1.588e-6,912.028,0.001,336.918,0.297,6.4,32.17
8.351,0.109,2643.606,457.374,0.262,0.003,62.507,43.174,2.18,0.564,0.391,0.041,0.131,0.564,0.027,0.082,-2.942e-4,0,-0.007,1.241,1.248,-5.149e-7,911.91,0.001,336.914,0.297,6.4,32.17
8.362,0.113,2643.594,457.363,0.262,0.003,62.509,43.174,2.145,0.564,0.391,0.041,0.131,0.564,0.028,0.086,1.862e-4,0,-0.007,1.24,1.248,-9.187e-9,911.791,0.001,336.91,0.297,6.4,32.17
8.372,0.115,2643.583,457.351,0.262,0.003,62.509,43.174,2.111,0.563,0.391,0.041,0.131,0.563,0.029,0.087,-2.001e-6,0,-0.007,1.24,1.248,3.059e-7,911.673,0.001,336.906,0.296,6.4,32.17
8.383,0.115,2643.572,457.34,0.262,0.003,62.508,43.174,2.077,0.563,0.391,0.041,0.131,0.563,0.029,0.087,-2.757e-4,0,-0.007,1.24,1.248,1.355e-6,911.555,0.001,336.902,0.296,6.4,32.17
8.394,0.114,2643.56,457.329,0.262,0.003,62.506,43.173,2.043,0.563,0.391,0.04,0.131,0.563,0.028,0.086,-1.495e-4,0,-0.007,1.24,1.248,2.825e-6,911.437,0.001,336.897,0.295,6.4,32.17
8.404,0.106,2643.549,457.318,0.262,0.003,62.504,43.173,2.009,0.563,0.391,0.04,0.131,0.563,0.027,0.08,2.258e-4,0,-0.007,1.24,1.248,4.076e-6,911.319,0.001,336.893,0.295,6.4,32.17
8.415,0.093,2643.538,457.306,0.262,0.003,62.503,43.173,1.974,0.563,0.391,0.04,0.131,0.563,0.023,0.069,2.716e-4,0,-0.007,1.24,1.248,4.179e-6,911.202,0.001,336.889,0.295,6.4,32.17
8.426,0.08,2643.527,457.295,0.262,0.003,62.505,43.173,1.94,0.563,0.391,0.04,0.131,0.563,0.02,0.061,-9.025e-6,0,-0.007,1.24,1.248,2.779e-6,911.085,0.001,336.885,0.294,6.4,32.17
8.436,0.069,2643.515,457.284,0.262,0.003,62.51,43.173,1.906,0.563,0.391,0.04,0.131,0.563,0.017,0.053,7.601e-5,0,-0.007,1.24,1.248,7.192e-7,910.968,0.001,336.881,0.294,6.4,32.17
8.447,0.062,2643.504,457.273,0.262,0.003,62.52,43.173,1.872,0.563,0.391,0.04,0.131,0.563,0.015,0.047,-3.325e-4,0,-0.007,1.24,1.248,-1.1e-7,910.852,0.001,336.877,0.293,6.4,32.17
8.458,0.058,2643.493,457.261,0.262,0.003,62.528,43.172,1.838,0.563,0.391,0.04,0.131,0.563,0.015,0.044,-4.348e-4,0,-0.007,1.24,1.248,-2.413e-6,910.736,0.001,336.873,0.293,6.4,32.17
8.468,0.059,2643.482,457.25,0.262,0.003,62.529,43.172,1.804,0.563,0.391,0.04,0.131,0.563,0.015,0.044,-5.929e-5,0,-0.007,1.24,1.248,-5.768e-6,910.62,0.001,336.869,0.292,6.4,32.17
8.479,0.061,2643.471,457.239,0.262,0.003,62.523,43.172,1.771,0.563,0.391,0.04,0.131,0.563,0.015,0.046,-1.47e-4,0,-0.008,1.24,1.248,-7.247e-6,910.504,0.001,336.864,0.292,6.4,32.17
8.489,0.064,2643.459,457.228,0.262,0.003,62.515,43.172,1.737,0.562,0.391,0.04,0.131,0.562,0.016,0.048,1.184e-4,0,-0.008,1.24,1.247,-6.342e-6,910.389,0.001,336.86,0.292,6.4,32.17
8.5,0.065,2643.448,457.217,0.262,0.003,62.51,43.172,1.703,0.562,0.391,0.04,0.131,0.562,0.016,0.049,3.347e-4,0,-0.008,1.24,1.247,-4.167e-6,910.274,0.001,336.856,0.291,6.4,32.17
8.51,0.077,2643.437,457.206,0.262,0.003,62.505,43.172,1.669,0.562,0.392,0.04,0.131,0.562,0.019,0.057,1.105e-4,0,-0.008,1.24,1.247,-2.562e-6,910.16,0.001,336.852,0.291,6.4,32.17
8.521,0.09,2643.426,457.194,0.262,0.003,62.499,43.172,1.635,0.562,0.392,0.04,0.131,0.562,0.022,0.068,-1.985e-4,0,-0.008,1.24,1.247,-1.079e-6,910.045,0.001,336.848,0.29,6.4,32.17
8.532,0.103,2643.415,457.183,0.262,0.003,62.492,43.171,1.601,0.562,0.392,0.04,0.131,0.562,0.026,0.077,3.028e-4,0,-0.008,1.24,1.247,-1.206e-7,909.93,0.001,336.844,0.29,6.4,32.17
8.542,0.115,2643.403,457.172,0.262,0.003,62.487,43.171,1.567,0.562,0.392,0.04,0.131,0.562,0.029,0.087,-3.007e-4,0,-0.008,1.24,1.247,2.12e-7,909.814,0.001,336.84,0.29,6.4,32.17
8.553,0.123,2643.392,457.161,0.262,0.003,62.485,43.171,1.533,0.562,0.392,0.039,0.131,0.562,0.031,0.093,-1.747e-4,0,-0.008,1.24,1.247,1.806e-6,909.699,0.001,336.836,0.289,6.4,32.17
8.564,0.125,2643.381,457.149,0.262,0.003,62.487,43.171,1.499,0.562,0.392,0.039,0.131,0.562,0.031,0.094,3.17e-5,0,-0.008,1.24,1.247,4.916e-6,909.583,0.001,336.832,0.289,6.4,32.17
8.574,0.124,2643.369,457.138,0.262,0.003,62.491,43.171,1.464,0.562,0.392,0.039,0.131,0.562,0.031,0.093,-2.846e-4,0,-0.008,1.24,1.247,8.845e-6,909.468,0.001,336.828,0.289,6.4,32.17
8.585,0.121,2643.358,457.127,0.262,0.003,62.496,43.171,1.43,0.562,0.392,0.039,0.131,0.562,0.03,0.091,4.077e-4,0,-0.008,1.24,1.247,1.238e-5,909.352,0.001,336.824,0.288,6.4,32.17
8.596,0.117,2643.347,457.115,0.262,0.003,62.501,43.171,1.396,0.562,0.392,0.039,0.131,0.562,0.029,0.088,4.756e-4,0,-0.008,1.24,1.247,1.392e-5,909.237,0.001,336.82,0.288,6.4,32.17
8.606,0.101,2643.336,457.104,0.262,0.003,62.508,43.17,1.362,0.561,0.392,0.039,0.131,0.561,0.025,0.076,-2.655e-4,0,-0.008,1.239,1.247,1.155e-5,909.123,0.001,336.816,0.287,6.4,32.17
8.617,0.081,2643.324,457.093,0.262,0.003,62.511,43.17,1.328,0.561,0.392,0.039,0.131,0.561,0.02,0.06,-4.749e-4,0,-0.008,1.239,1.247,4.601e-6,909.008,0.001,336.812,0.287,6.4,32.17
8.628,0.067,2643.313,457.082,0.262,0.003,62.508,43.17,1.294,0.561,0.392,0.039,0.131,0.561,0.017,0.051,5.35e-5,0,-0.008,1.239,1.247,-2.173e-8,908.895,0.001,336.808,0.286,6.4,32.17
8.638,0.062,2643.302,457.07,0.262,0.003,62.505,43.17,1.26,0.561,0.392,0.039,0.131,0.561,0.015,0.047,4.661e-5,0,-0.008,1.239,1.247,-7.666e-6,908.782,0.001,336.804,0.286,6.4,32.17
8.649,0.066,2643.291,457.059,0.262,0.003,62.51,43.17,1.226,0.561,0.392,0.039,0.131,0.561,0.016,0.05,2.252e-5,0,-0.008,1.239,1.247,-1.871e-5,908.669,0.001,336.8,0.286,6.4,32.17
8.659,0.08,2643.28,457.048,0.262,0.003,62.508,43.17,1.192,0.561,0.392,0.039,0.131,0.561,0.02,0.06,-2.723e-4,0,-0.008,1.239,1.247,-1.886e-5,908.557,0.001,336.796,0.285,6.4,32.17
8.67,0.095,2643.269,457.037,0.262,0.003,62.505,43.17,1.159,0.561,0.392,0.039,0.131,0.561,0.024,0.071,-4.589e-4,0,-0.008,1.239,1.247,-1.613e-5,908.445,0.001,336.792,0.285,6.4,32.17
8.68,0.109,2643.257,457.026,0.262,0.003,62.501,43.169,1.125,0.561,0.392,0.039,0.131,0.561,0.027,0.082,-1.039e-4,0,-0.008,1.239,1.247,-1.204e-5,908.333,0.001,336.788,0.284,6.4,32.17
8.691,0.123,2643.246,457.015,0.262,0.003,62.496,43.169,1.091,0.561,0.392,0.039,0.13,0.561,0.031,0.092,2.111e-5,0,-0.008,1.239,1.247,-7.468e-6,908.221,0.001,336.784,0.284,6.4,32.17
8.702,0.134,2643.235,457.003,0.262,0.003,62.492,43.169,1.057,0.561,0.392,0.039,0.13,0.561,0.033,0.101,-4.501e-4,0,-0.008,1.239,1.247,-3.373e-6,908.108,0.001,336.78,0.284,6.4,32.17
8.712,0.141,2643.224,456.992,0.262,0.003,62.488,43.169,1.023,0.561,0.392,0.038,0.13,0.561,0.035,0.107,-1.983e-4,0,-0.008,1.239,1.247,-6.48e-7,907.996,0.001,336.776,0.283,6.4,32.17
8.723,0.145,2643.213,456.981,0.262,0.003,62.484,43.169,0.989,0.56,0.392,0.038,0.13,0.561,0.036,0.109,-2.174e-4,0,-0.008,1.239,1.247,8.349e-8,907.884,0.001,336.772,0.283,6.4,32.17
8.735,0.145,2643.2,456.968,0.262,0.003,62.48,43.169,0.95,0.56,0.392,0.038,0.13,0.56,0.036,0.109,2.088e-4,0,-0.008,1.239,1.247,2.409e-6,907.755,0.001,336.768,0.282,6.4,32.17
8.746,0.143,2643.197,456.965,0.262,0.003,62.478,43.169,0.911,0.56,0.392,0.038,0.13,0.56,0.036,0.108,1.02e-4,0,-0.008,1.239,1.247,6.697e-6,907.644,0.001,336.764,0.282,6.4,32.17
8.756,0.136,2643.194,456.963,0.262,0.003,62.476,43.169,0.872,0.56,0.392,0.038,0.13,0.56,0.034,0.102,-2.41e-4,0,-0.008,1.239,1.247,1.214e-5,907.532,0.001,336.76,0.282,6.4,32.17
8.767,0.126,2643.191,456.96,0.262,0.003,62.477,43.168,0.833,0.56,0.392,0.038,0.13,0.56,0.031,0.094,1.442e-4,0,-0.008,1.239,1.247,1.706e-5,907.421,0.001,336.756,0.281,6.4,32.17
8.777,0.114,2643.189,456.957,0.262,0.003,62.481,43.168,0.794,0.56,0.392,0.038,0.13,0.56,0.028,0.086,8.308e-6,0,-0.008,1.239,1.247,1.94e-5,907.31,0.001,336.752,0.281,6.4,32.17
8.788,0.103,2643.186,456.954,0.262,0.003,62.487,43.168,0.755,0.56,0.392,0.038,0.13,0.56,0.026,0.078,2.817e-4,0,-0.008,1.239,1.247,1.723e-5,907.199,0.001,336.748,0.28,6.4,32.17
8.798,0.093,2643.183,456.951,0.262,0.003,62.496,43.168,0.716,0.56,0.392,0.038,0.13,0.56,0.023,0.069,-4.55e-4,0,-0.008,1.239,1.247,1.027e-5,907.089,0.001,336.744,0.28,6.4,32.17
8.809,0.085,2643.18,456.949,0.262,0.003,62.505,43.168,0.677,0.56,0.392,0.038,0.13,0.56,0.021,0.064,-3.736e-4,0,-0.008,1.239,1.247,2.001e-6,906.979,0.001,336.74,0.28,6.4,32.17
8.82,0.082,2643.177,456.946,0.262,0.003,62.509,43.168,0.639,0.56,0.392,0.038,0.13,0.56,0.021,0.062,-3.726e-4,0,-0.008,1.239,1.247,-7.594e-7,906.869,0.001,336.736,0.279,6.4,32.17
8.83,0.086,2643.175,456.943,0.262,0.003,62.503,43.168,0.6,0.56,0.392,0.038,0.13,0.56,0.022,0.065,-7.299e-5,0,-0.008,1.239,1.247,-8.427e-6,906.759,0.001,336.732,0.279,6.4,32.17
8.841,0.095,2643.172,456.94,0.262,0.003,62.493,43.168,0.561,0.56,0.392,0.038,0.13,0.56,0.024,0.072,-3.41e-5,0,-0.008,1.239,1.247,-1.721e-5,906.65,0.001,336.729,0.278,6.4,32.17
8.851,0.107,2643.169,456.937,0.262,0.003,62.484,43.168,0.522,0.559,0.392,0.038,0.13,0.559,0.027,0.081,-1.393e-4,0,-0.008,1.238,1.247,-2.088e-5,906.541,0.001,336.725,0.278,6.4,32.17
8.862,0.123,2643.166,456.935,0.262,0.003,62.475,43.168,0.484,0.559,0.392,0.038,0.13,0.559,0.031,0.093,1.497e-4,0,-0.008,1.238,1.247,-1.859e-5,906.432,0.001,336.721,0.278,6.4,32.17
8.872,0.139,2643.163,456.932,0.262,0.003,62.468,43.168,0.445,0.559,0.392,0.037,0.13,0.559,0.035,0.104,2.199e-4,0,-0.008,1.238,1.247,-1.424e-5,906.323,0.001,336.717,0.277,6.4,32.17
8.883,0.154,2643.161,456.929,0.262,0.003,62.463,43.168,0.406,0.559,0.392,0.037,0.13,0.559,0.038,0.116,2.178e-4,0,-0.008,1.238,1.247,-9.042e-6,906.214,0.001,336.713,0.277,6.4,32.17
8.893,0.167,2643.158,456.926,0.262,0.003,62.459,43.168,0.368,0.559,0.392,0.037,0.13,0.559,0.042,0.126,4.928e-4,0,-0.008,1.238,1.247,-4.208e-6,906.106,0.001,336.709,0.276,6.4,32.17
8.904,0.173,2643.155,456.924,0.262,0.003,62.46,43.168,0.329,0.559,0.392,0.037,0.13,0.559,0.043,0.13,-1.248e-4,0,-0.008,1.238,1.247,-8.815e-7,905.997,0.001,336.706,0.276,6.4,32.17
8.914,0.166,2643.152,456.921,0.262,0.003,62.466,43.168,0.29,0.559,0.392,0.037,0.13,0.559,0.041,0.125,3.394e-4,0,-0.009,1.238,1.247,6.007e-8,905.889,0.001,336.702,0.276,6.4,32.17
8.925,0.155,2643.15,456.918,0.262,0.003,62.474,43.168,0.251,0.559,0.392,0.037,0.13,0.559,0.039,0.116,-1.473e-4,0,-0.009,1.238,1.247,1.845e-6,905.781,0.001,336.698,0.275,6.4,32.17
8.935,0.141,2643.147,456.915,0.262,0.003,62.482,43.168,0.213,0.559,0.392,0.037,0.13,0.559,0.035,0.106,4.61e-4,0,-0.009,1.238,1.247,5.352e-6,905.674,0.001,336.694,0.275,6.4,32.17
8.946,0.124,2643.144,456.913,0.262,0.003,62.489,43.168,0.174,0.559,0.392,0.037,0.13,0.559,0.031,0.093,-8.828e-5,0,-0.009,1.238,1.247,9.132e-6,905.567,0.001,336.69,0.274,6.4,32.17
8.956,0.116,2643.141,456.91,0.262,0.003,62.49,43.168,0.136,0.559,0.392,0.037,0.13,0.559,0.029,0.087,3.651e-4,0,-0.009,1.238,1.247,1.213e-5,905.46,0.001,336.687,0.274,6.4,32.17
8.966,0.115,2643.139,456.907,0.262,0.003,62.487,43.168,0.098,0.559,0.392,0.037,0.13,0.559,0.029,0.086,-5.986e-6,0,-0.009,1.238,1.247,1.45e-5,905.354,0.001,336.683,0.274,6.4,32.17
8.977,0.114,2643.136,456.904,0.262,0.003,62.484,43.168,0.059,0.558,0.392,0.037,0.13,0.558,0.028,0.086,-4.756e-4,0,-0.009,1.238,1.247,1.522e-5,905.247,0.001,336.679,0.273,6.4,32.17
8.987,0.113,2643.133,456.901,0.262,0.003,62.48,43.168,0.021,0.558,0.392,0.037,0.13,0.558,0.028,0.085,1.51e-5,0,-0.009,1.238,1.247,1.36e-5,905.141,0.001,336.675,0.273,6.4,32.17
8.993,0.114,2643.132,456.9,0.262,0.003,62.477,43.168,0,0.558,0.392,0.037,0.13,0.558,0.028,0.085,4.303e-4,0,-0.009,1.238,1.247,1.169e-5,905.083,0.001,336.673,0.273,6.4,32.17
9.002,0.116,2643.132,456.9,0.262,0.003,62.474,43.168,0,0.558,0.392,0.037,0.13,0.558,0.029,0.087,-1.972e-4,0,-0.009,1.238,1.247,8.127e-6,904.997,0.001,336.67,0.272,6.4,32.17
9.012,0.13,2643.132,456.9,0.262,0.003,62.468,43.168,0,0.558,0.392,0.037,0.13,0.558,0.032,0.098,4.132e-5,0,-0.009,1.238,1.247,4.496e-6,904.89,0.001,336.667,0.272,6.4,32.17
9.023,0.146,2643.132,456.9,0.262,0.003,62.463,43.168,0,0.558,0.392,0.037,0.13,0.558,0.037,0.11,-3.196e-4,0,-0.009,1.238,1.247,1.531e-6,904.783,0.001,336.663,0.272,6.4,32.17
9.033,0.165,2643.132,456.9,0.262,0.003,62.459,43.168,0,0.558,0.392,0.036,0.13,0.558,0.041,0.125,1.255e-4,0,-0.009,1.238,1.247,1.013e-7,904.676,0.001,336.659,0.271,6.4,32.17
9.044,0.187,2643.132,456.9,0.262,0.003,62.455,43.168,0,0.558,0.392,0.036,0.13,0.558,0.047,0.141,1.934e-4,0,-0.009,1.238,1.246,-2.628e-7,904.569,0.001,336.655,0.271,6.4,32.17
9.054,0.201,2643.132,456.9,0.262,0.003,62.453,43.168,0,0.558,0.392,0.036,0.13,0.558,0.05,0.152,-2.243e-6,0,-0.009,1.238,1.246,-1.825e-6,904.461,0.001,336.651,0.27,6.4,32.17
9.065,0.204,2643.132,456.9,0.262,0.003,62.454,43.168,0,0.558,0.392,0.036,0.129,0.558,0.051,0.154,4.824e-4,0,-0.009,1.238,1.247,-4.972e-6,904.354,0.001,336.648,0.27,6.4,32.17
9.076,0.21,2643.132,456.9,0.262,0.003,62.45,43.168,0,0.558,0.392,0.036,0.129,0.558,0.052,0.158,1.516e-4,0,-0.009,1.238,1.247,-7.686e-6,904.248,0.001,336.644,0.27,6.4,32.17
9.086,0.215,2643.132,456.9,0.262,0.003,62.443,43.168,0,0.558,0.392,0.036,0.129,0.558,0.054,0.162,-2.01e-4,0,-0.009,1.238,1.247,-8.658e-6,904.142,0.001,336.64,0.269,6.4,32.17
9.097,0.221,2643.132,456.9,0.262,0.003,62.436,43.168,0,0.557,0.392,0.036,0.129,0.558,0.055,0.166,2.854e-4,0,-0.009,1.238,1.247,-7.65e-6,904.036,0.001,336.636,0.269,6.4,32.17
9.107,0.228,2643.132,456.9,0.262,0.003,62.429,43.168,0,0.557,0.392,0.036,0.129,0.557,0.057,0.171,-3.331e-4,0,-0.009,1.238,1.247,-5.159e-6,903.931,0.001,336.633,0.268,6.4,32.17
9.118,0.234,2643.132,456.9,0.262,0.003,62.424,43.168,0,0.557,0.392,0.036,0.129,0.557,0.058,0.175,2.232e-4,0,-0.009,1.237,1.247,-2.413e-6,903.826,0.001,336.629,0.268,6.4,32.17
9.128,0.237,2643.132,456.9,0.262,0.003,62.422,43.168,0,0.557,0.392,0.036,0.129,0.557,0.059,0.178,1.877e-4,0,-0.009,1.237,1.247,-4.926e-7,903.721,0.001,336.625,0.268,6.4,32.17
9.139,0.238,2643.132,456.9,0.262,0.003,62.424,43.168,0,0.557,0.392,0.036,0.129,0.557,0.059,0.179,2.301e-4,0,-0.009,1.237,1.247,4.338e-8,903.617,0.001,336.622,0.267,6.4,32.17
9.149,0.236,2643.132,456.9,0.262,0.003,62.428,43.168,0,0.557,0.392,0.036,0.129,0.557,0.059,0.177,-8.982e-6,0,-0.009,1.237,1.246,1.214e-6,903.512,0.001,336.618,0.267,6.4,32.17
9.16,0.234,2643.132,456.9,0.262,0.003,62.432,43.168,0,0.557,0.392,0.036,0.129,0.557,0.059,0.177,2.22e-4,0,-0.009,1.237,1.246,3.724e-6,903.408,0.001,336.614,0.266,6.4,32.17
9.17,0.231,2643.132,456.9,0.262,0.003,62.437,43.168,0,0.557,0.392,0.036,0.129,0.557,0.058,0.174,3.287e-4,0,-0.009,1.237,1.246,6.857e-6,903.304,0.001,336.611,0.266,6.4,32.17
9.181,0.226,2643.132,456.9,0.262,0.003,62.442,43.168,0,0.557,0.392,0.036,0.129,0.557,0.056,0.17,3.702e-4,0,-0.009,1.237,1.246,9.598e-6,903.2,0.001,336.607,0.266,6.4,32.17
9.191,0.22,2643.132,456.9,0.262,0.003,62.444,43.168,0,0.557,0.392,0.036,0.129,0.557,0.055,0.166,-1.856e-4,0,-0.009,1.237,1.246,1.087e-5,903.095,0.001,336.603,0.265,6.4,32.17
9.202,0.216,2643.132,456.9,0.262,0.003,62.443,43.168,0,0.557,0.392,0.035,0.129,0.557,0.054,0.163,-3.999e-4,0,-0.009,1.237,1.246,1.04e-5,902.991,0.001,336.6,0.265,6.4,32.17
9.212,0.228,2643.132,456.9,0.262,0.003,62.435,43.168,0,0.557,0.392,0.035,0.129,0.557,0.057,0.171,3.072e-4,0,-0.009,1.237,1.246,1.023e-5,902.887,0.001,336.596,0.264,6.4,32.17
9.223,0.241,2643.132,456.9,0.262,0.003,62.426,43.168,0,0.557,0.392,0.035,0.129,0.557,0.06,0.181,4.849e-4,0,-0.009,1.237,1.246,8.864e-6,902.783,0.001,336.592,0.264,6.4,32.17
9.234,0.256,2643.132,456.9,0.262,0.003,62.416,43.168,0,0.556,0.392,0.035,0.129,0.557,0.064,0.192,4.398e-4,0,-0.009,1.237,1.246,6.584e-6,902.678,0.001,336.589,0.264,6.4,32.17
9.244,0.272,2643.132,456.9,0.262,0.003,62.406,43.168,0,0.556,0.392,0.035,0.129,0.556,0.068,0.205,3.339e-5,0,-0.009,1.237,1.246,3.975e-6,902.573,0.001,336.585,0.263,6.4,32.17
9.255,0.276,2643.132,456.9,0.262,0.003,62.403,43.168,0,0.556,0.392,0.035,0.129,0.556,0.069,0.208,2.911e-4,0,-0.009,1.237,1.246,9.843e-7,902.467,0.001,336.581,0.263,6.4,32.17
9.266,0.268,2643.132,456.9,0.262,0.003,62.409,43.168,0,0.556,0.392,0.035,0.129,0.556,0.067,0.202,-1.275e-4,0,-0.009,1.237,1.246,-3.164e-7,902.362,0.001,336.577,0.262,6.4,32.17
9.276,0.266,2643.132,456.9,0.262,0.003,62.415,43.168,0,0.556,0.392,0.035,0.129,0.556,0.066,0.2,-2.96e-4,0,-0.009,1.237,1.246,-4.324e-6,902.257,0.001,336.574,0.262,6.4,32.17
9.287,0.267,2643.132,456.9,0.262,0.003,62.42,43.168,0,0.556,0.392,0.035,0.129,0.556,0.067,0.201,3.246e-4,0,-0.009,1.237,1.246,-1.084e-5,902.153,0.001,336.57,0.262,6.4,32.17
9.298,0.271,2643.132,456.9,0.262,0.003,62.421,43.168,0,0.556,0.392,0.035,0.129,0.556,0.068,0.204,-2.535e-4,0,-0.009,1.237,1.246,-1.625e-5,902.05,0.001,336.566,0.261,6.4,32.17
9.308,0.279,2643.132,456.9,0.262,0.003,62.417,43.168,0,0.556,0.392,0.035,0.129,0.556,0.07,0.21,-1.212e-4,0,-0.01,1.237,1.246,-1.742e-5,901.947,0.001,336.563,0.261,6.4,32.17
9.319,0.286,2643.132,456.9,0.262,0.003,62.411,43.168,0,0.556,0.392,0.035,0.129,0.556,0.072,0.216,-1.814e-4,0,-0.01,1.237,1.246,-1.471e-5,901.845,0.001,336.559,0.26,6.4,32.17
9.329,0.292,2643.132,456.9,0.262,0.003,62.404,43.168,0,0.556,0.392,0.035,0.129,0.556,0.073,0.22,-4.429e-4,0,-0.01,1.237,1.246,-9.777e-6,901.742,0.001,336.556,0.26,6.4,32.17
9.34,0.295,2643.132,456.9,0.262,0.003,62.398,43.168,0,0.556,0.392,0.035,0.129,0.556,0.074,0.222,-9.685e-5,0,-0.01,1.237,1.246,-4.615e-6,901.64,0.001,336.552,0.26,6.4,32.17
9.351,0.295,2643.132,456.9,0.262,0.003,62.395,43.168,0,0.556,0.392,0.035,0.129,0.556,0.074,0.222,-3.248e-4,0,-0.01,1.237,1.246,-1.022e-6,901.538,0.001,336.548,0.259,6.4,32.17
9.361,0.291,2643.132,456.9,0.262,0.003,62.395,43.168,0,0.555,0.392,0.035,0.129,0.556,0.073,0.218,4.61e-4,0,-0.01,1.237,1.246,3.233e-8,901.436,0.001,336.545,0.259,6.4,32.17
9.372,0.283,2643.132,456.9,0.262,0.003,62.398,43.168,0,0.555,0.392,0.034,0.129,0.556,0.071,0.212,4.976e-4,0,-0.01,1.237,1.246,1.75e-6,901.334,0.001,336.541,0.259,6.4,32.17
9.382,0.271,2643.132,456.9,0.262,0.003,62.405,43.168,0,0.555,0.392,0.034,0.129,0.555,0.068,0.204,4.71e-4,0,-0.01,1.236,1.246,5.371e-6,901.233,0.001,336.538,0.258,6.4,32.17
9.393,0.258,2643.132,456.9,0.262,0.003,62.415,43.168,0,0.555,0.392,0.034,0.129,0.555,0.064,0.194,2.873e-4,0,-0.01,1.236,1.246,9.434e-6,901.131,0.001,336.534,0.258,6.4,32.17
9.403,0.245,2643.132,456.9,0.262,0.003,62.424,43.168,0,0.555,0.392,0.034,0.129,0.555,0.061,0.184,1.148e-4,0,-0.01,1.236,1.246,1.271e-5,901.03,0.001,336.53,0.257,6.4,32.17
9.414,0.236,2643.132,456.9,0.262,0.003,62.43,43.168,0,0.555,0.392,0.034,0.129,0.555,0.059,0.178,2.5e-4,0,-0.01,1.236,1.246,1.549e-5,900.929,0.001,336.527,0.257,6.4,32.17
9.424,0.228,2643.132,456.9,0.262,0.003,62.435,43.168,0,0.555,0.392,0.034,0.129,0.555,0.057,0.171,-3.945e-4,0,-0.01,1.236,1.246,1.607e-5,900.828,0.001,336.523,0.257,6.4,32.17
9.435,0.22,2643.132,456.9,0.262,0.003,62.437,43.168,0,0.555,0.392,0.034,0.129,0.555,0.055,0.165,-1.27e-4,0,-0.01,1.236,1.246,1.402e-5,900.726,0.001,336.52,0.256,6.4,32.17
9.446,0.214,2643.132,456.9,0.262,0.003,62.437,43.168,0,0.555,0.392,0.034,0.129,0.555,0.053,0.161,-3.388e-4,0,-0.01,1.236,1.246,9.747e-6,900.624,0.001,336.516,0.256,6.4,32.17
9.456,0.209,2643.132,456.9,0.262,0.003,62.435,43.168,0,0.555,0.392,0.034,0.128,0.555,0.052,0.157,1.585e-4,0,-0.01,1.236,1.246,4.538e-6,900.522,0.001,336.513,0.255,6.4,32.17
9.467,0.208,2643.132,456.9,0.262,0.003,62.43,43.168,0,0.555,0.392,0.034,0.128,0.555,0.052,0.156,1.234e-4,0,-0.01,1.236,1.246,7.357e-7,900.42,0.001,336.509,0.255,6.4,32.17
9.478,0.21,2643.132,456.9,0.262,0.003,62.425,43.168,0,0.555,0.392,0.034,0.128,0.555,0.052,0.157,2.512e-4,0,-0.01,1.236,1.246,-2.657e-7,900.318,0.001,336.505,0.255,6.4,32.17
9.489,0.215,2643.132,456.9,0.262,0.003,62.421,43.168,0,0.554,0.392,0.034,0.128,0.555,0.054,0.161,2.193e-4,0,-0.01,1.236,1.246,-3.273e-6,900.216,0.001,336.502,0.254,6.4,32.17
9.499,0.223,2643.132,456.9,0.262,0.003,62.419,43.168,0,0.554,0.392,0.034,0.128,0.555,0.056,0.168,-3.901e-5,0,-0.01,1.236,1.246,-8.169e-6,900.115,0.001,336.498,0.254,6.4,32.17
9.51,0.232,2643.132,456.9,0.262,0.003,62.418,43.168,0,0.554,0.392,0.034,0.128,0.554,0.058,0.174,-3.097e-5,0,-0.01,1.236,1.246,-1.369e-5,900.013,0.001,336.495,0.253,6.4,32.17
9.521,0.242,2643.132,456.9,0.262,0.003,62.418,43.168,0,0.554,0.392,0.034,0.128,0.554,0.061,0.182,-3.204e-4,0,-0.01,1.236,1.246,-1.698e-5,899.911,0.001,336.491,0.253,6.4,32.17
9.532,0.253,2643.132,456.9,0.262,0.003,62.418,43.168,0,0.554,0.392,0.034,0.128,0.554,0.063,0.19,2.373e-4,0,-0.01,1.236,1.246,-1.7e-5,899.809,0.001,336.487,0.253,6.4,32.17
9.543,0.263,2643.132,456.9,0.262,0.003,62.417,43.168,0,0.554,0.392,0.033,0.128,0.554,0.066,0.198,1.922e-4,0,-0.01,1.236,1.246,-1.413e-5,899.708,0.001,336.484,0.252,6.4,32.17
9.553,0.27,2643.132,456.9,0.262,0.003,62.415,43.168,0,0.554,0.392,0.033,0.128,0.554,0.067,0.203,-7.044e-5,0,-0.01,1.236,1.246,-9.96e-6,899.607,0.001,336.48,0.252,6.4,32.17
9.564,0.269,2643.132,456.9,0.262,0.003,62.414,43.168,0,0.554,0.392,0.033,0.128,0.554,0.067,0.202,-1.168e-4,0,-0.01,1.236,1.246,-5.786e-6,899.506,0.001,336.477,0.251,6.4,32.17
9.575,0.266,2643.132,456.9,0.262,0.003,62.411,43.168,0,0.554,0.392,0.033,0.128,0.554,0.067,0.2,-1.671e-4,0,-0.01,1.236,1.246,-2.112e-6,899.405,0.001,336.473,0.251,6.4,32.17
9.586,0.261,2643.132,456.9,0.262,0.003,62.408,43.168,0,0.554,0.392,0.033,0.128,0.554,0.065,0.196,-1.629e-4,0,-0.01,1.236,1.246,-1.648e-7,899.306,0.001,336.47,0.251,6.4,32.17
9.596,0.252,2643.132,456.9,0.262,0.003,62.407,43.168,0,0.554,0.392,0.033,0.128,0.554,0.063,0.189,-3.988e-4,0,-0.01,1.236,1.246,3.986e-7,899.206,0.001,336.466,0.25,6.4,32.17
9.607,0.241,2643.132,456.9,0.262,0.003,62.408,43.168,0,0.554,0.392,0.033,0.128,0.554,0.06,0.181,3.33e-4,0,-0.01,1.236,1.246,2.496e-6,899.107,0.001,336.463,0.25,6.4,32.17
9.618,0.228,2643.132,456.9,0.262,0.003,62.413,43.168,0,0.554,0.392,0.033,0.128,0.554,0.057,0.172,3.848e-4,0,-0.01,1.236,1.246,5.538e-6,899.008,0.001,336.459,0.25,6.4,32.17
9.628,0.213,2643.132,456.9,0.262,0.003,62.421,43.168,0,0.553,0.392,0.033,0.128,0.554,0.053,0.16,2.344e-4,0,-0.01,1.236,1.246,8.172e-6,898.909,0.001,336.456,0.249,6.4,32.17
9.639,0.198,2643.132,456.9,0.262,0.003,62.431,43.168,0,0.553,0.392,0.033,0.128,0.553,0.049,0.148,-3.951e-4,0,-0.01,1.236,1.246,9.075e-6,898.811,0.001,336.452,0.249,6.4,32.17
9.649,0.182,2643.132,456.9,0.262,0.003,62.442,43.168,0,0.553,0.392,0.033,0.128,0.553,0.046,0.137,-2.264e-4,0,-0.01,1.236,1.246,7.542e-6,898.714,0.001,336.449,0.248,6.4,32.17
9.66,0.169,2643.132,456.9,0.262,0.003,62.451,43.168,0,0.553,0.392,0.033,0.128,0.553,0.042,0.127,3.726e-4,0,-0.011,1.236,1.246,3.374e-6,898.621,0.001,336.445,0.248,6.4,32.17
9.671,0.16,2643.132,456.9,0.262,0.003,62.454,43.168,0,0.553,0.392,0.033,0.128,0.553,0.04,0.121,2.297e-4,0,-0.011,1.236,1.246,2.197e-7,898.527,0.001,336.442,0.248,6.4,32.17
9.681,0.157,2643.132,456.9,0.262,0.003,62.45,43.168,0,0.553,0.392,0.033,0.128,0.553,0.039,0.118,5.207e-5,0,-0.011,1.235,1.246,-1.153e-6,898.434,0.001,336.438,0.247,6.4,32.17
9.692,0.16,2643.132,456.9,0.262,0.003,62.443,43.168,0,0.553,0.392,0.033,0.128,0.553,0.04,0.12,2.29e-6,0,-0.011,1.235,1.246,-5.847e-6,898.342,0.001,336.435,0.247,6.4,32.17
9.703,0.16,2643.132,456.9,0.262,0.003,62.438,43.168,0,0.553,0.392,0.033,0.128,0.553,0.04,0.12,4.685e-4,0,-0.011,1.235,1.246,-9.441e-6,898.249,0.001,336.432,0.246,6.4,32.17
9.713,0.143,2643.132,456.9,0.262,0.003,62.444,43.168,0,0.553,0.392,0.033,0.128,0.553,0.036,0.108,-4.212e-4,0,-0.011,1.235,1.246,-7.68e-6,898.157,0.001,336.428,0.246,6.4,32.17
9.724,0.13,2643.132,456.9,0.262,0.003,62.449,43.168,0,0.553,0.392,0.033,0.128,0.553,0.032,0.097,2.606e-4,0,-0.011,1.235,1.246,-5.513e-6,898.063,0.001,336.425,0.246,6.4,32.17
9.735,0.122,2643.132,456.9,0.262,0.003,62.451,43.168,0,0.553,0.392,0.033,0.128,0.553,0.03,0.092,-1.032e-4,0,-0.011,1.235,1.246,-3.289e-6,897.969,0.001,336.421,0.245,6.4,32.17
9.746,0.123,2643.132,456.9,0.262,0.003,62.451,43.168,0,0.553,0.392,0.032,0.128,0.553,0.031,0.092,-1.224e-4,0,-0.01,1.235,1.246,-1.469e-6,897.875,0.001,336.418,0.245,6.4,32.17
9.756,0.121,2643.132,456.9,0.262,0.003,62.453,43.168,0,0.553,0.392,0.032,0.128,0.553,0.03,0.09,-3.991e-4,0,-0.011,1.235,1.246,-2.446e-6,897.78,0.001,336.414,0.244,6.4,32.17
9.767,0.12,2643.132,456.9,0.262,0.003,62.46,43.168,0,0.553,0.392,0.032,0.128,0.553,0.03,0.09,-2.794e-4,0,-0.011,1.235,1.246,-5.112e-6,897.686,0.001,336.411,0.244,6.4,32.17
9.778,0.126,2643.132,456.9,0.262,0.003,62.464,43.168,0,0.553,0.393,0.032,0.128,0.553,0.031,0.095,-3.061e-4,0,-0.011,1.235,1.246,-5.59e-6,897.592,0.001,336.407,0.244,6.4,32.17
9.789,0.136,2643.132,456.9,0.262,0.003,62.461,43.168,0,0.552,0.393,0.032,0.128,0.552,0.034,0.102,-7.113e-5,0,-0.011,1.235,1.246,-3.672e-6,897.499,0.001,336.404,0.243,6.4,32.17
9.8,0.147,2643.132,456.9,0.262,0.003,62.453,43.168,0,0.552,0.393,0.032,0.128,0.552,0.037,0.111,8.246e-5,0,-0.011,1.235,1.246,-1.197e-6,897.407,0.001,336.4,0.243,6.4,32.17
9.81,0.128,2643.132,456.9,0.262,0.003,62.459,43.168,0,0.552,0.393,0.032,0.128,0.552,0.032,0.096,3.101e-4,0,-0.011,1.235,1.246,-1.332e-7,897.316,0.001,336.397,0.242,6.4,32.17
9.821,0.111,2643.132,456.9,0.262,0.003,62.465,43.168,0,0.552,0.393,0.032,0.128,0.552,0.028,0.083,-4.824e-4,0,-0.011,1.235,1.246,5.518e-8,897.224,0.001,336.394,0.242,6.4,32.17
9.832,0.1,2643.132,456.9,0.262,0.003,62.47,43.168,0,0.552,0.393,0.032,0.128,0.552,0.025,0.075,-8.408e-5,0,-0.011,1.235,1.246,5.199e-7,897.131,0.001,336.39,0.242,6.4,32.17
9.843,0.096,2643.132,456.9,0.262,0.003,62.473,43.168,0,0.552,0.393,0.032,0.128,0.552,0.024,0.072,4.297e-4,0,-0.011,1.235,1.246,1.297e-6,897.039,0.001,336.387,0.241,6.4,32.17
9.854,0.097,2643.132,456.9,0.262,0.003,62.472,43.168,0,0.552,0.393,0.032,0.128,0.552,0.024,0.073,-2.389e-4,0,-0.011,1.235,1.246,2.601e-6,896.945,0.001,336.383,0.241,6.4,32.17
9.865,0.093,2643.132,456.9,0.262,0.003,62.472,43.168,0,0.552,0.393,0.032,0.128,0.552,0.023,0.069,1.576e-4,0,-0.011,1.235,1.246,4.703e-6,896.852,0.001,336.38,0.241,6.4,32.17
9.875,0.088,2643.132,456.9,0.262,0.003,62.472,43.168,0,0.552,0.393,0.032,0.127,0.552,0.022,0.066,1.879e-4,0,-0.011,1.235,1.246,7.143e-6,896.759,0.001,336.376,0.24,6.4,32.17
9.886,0.083,2643.132,456.9,0.262,0.003,62.471,43.168,0,0.552,0.393,0.032,0.127,0.552,0.021,0.063,7.275e-5,0,-0.011,1.235,1.246,9.695e-6,896.666,0.001,336.373,0.24,6.4,32.17
9.897,0.078,2643.132,456.9,0.262,0.003,62.47,43.168,0,0.552,0.393,0.032,0.127,0.552,0.02,0.059,3.75e-4,0,-0.011,1.235,1.246,1.206e-5,896.574,0.001,336.369,0.239,6.4,32.17
9.908,0.061,2643.132,456.9,0.262,0.003,62.474,43.168,0,0.552,0.393,0.032,0.127,0.552,0.015,0.046,9.749e-5,0,-0.011,1.235,1.246,1.284e-5,896.481,0.001,336.366,0.239,6.4,32.17
9.919,0.04,2643.132,456.9,0.262,0.003,62.48,43.168,0,0.552,0.393,0.032,0.127,0.552,0.01,0.03,4.903e-4,0,-0.011,1.235,1.246,9.465e-6,896.389,0.001,336.363,0.239,6.4,32.17
9.93,0.022,2643.132,456.9,0.262,0.003,62.493,43.168,0,0.552,0.393,0.032,0.127,0.552,0.006,0.016,1.183e-4,0,-0.011,1.235,1.246,7.36e-7,896.298,0.001,336.359,0.238,6.4,32.17
9.941,0.02,2643.132,456.9,0.262,0.003,62.502,43.168,0,0.551,0.393,0.032,0.127,0.551,0.005,0.015,-1.098e-5,0,-0.011,1.235,1.246,-1.226e-5,896.207,0.001,336.356,0.238,6.4,32.17
9.951,0.029,2643.132,456.9,0.262,0.003,62.489,43.168,0,0.551,0.393,0.031,0.127,0.551,0.007,0.021,-2.07e-4,0,-0.011,1.235,1.246,-1.622e-5,896.116,0.001,336.353,0.237,6.4,32.17
9.962,0.025,2643.132,456.9,0.262,0.003,62.501,43.168,0,0.551,0.393,0.031,0.127,0.551,0.006,0.019,-4.443e-4,0,-0.011,1.235,1.246,-5.95e-6,896.026,0.001,336.349,0.237,6.4,32.17
9.973,0.05,2643.132,456.9,0.262,0.003,62.49,43.168,0,0.551,0.393,0.031,0.127,0.551,0.012,0.038,2.532e-4,0,-0.011,1.235,1.246,-1.065e-6,895.935,0.001,336.346,0.237,6.4,32.17
9.984,0.082,2643.132,456.9,0.262,0.003,62.477,43.168,0,0.551,0.393,0.031,0.127,0.551,0.02,0.062,1.915e-4,0,-0.011,1.235,1.246,-8.849e-7,895.843,0.001,336.342,0.236,6.4,32.17
9.995,0.118,2643.132,456.9,0.262,0.003,62.464,43.168,0,0.551,0.393,0.031,0.127,0.551,0.029,0.088,2.006e-4,0,-0.011,1.234,1.246,-1.085e-6,895.751,0.001,336.339,0.236,6.4,32.17
10.006,0.14,2643.132,456.9,0.262,0.003,62.455,43.168,0,0.551,0.393,0.031,0.127,0.551,0.035,0.105,-5.525e-5,0,-0.011,1.234,1.246,-1.362e-6,895.659,0.001,336.336,0.236,6.4,32.17
10.017,0.15,2643.132,456.9,0.262,0.003,62.449,43.168,0,0.551,0.393,0.031,0.127,0.551,0.037,0.113,-1.019e-4,0,-0.011,1.234,1.246,-1.541e-6,895.567,0.001,336.332,0.235,6.4,32.17
10.028,0.161,2643.132,456.9,0.262,0.003,62.441,43.168,0,0.551,0.393,0.031,0.127,0.551,0.04,0.121,-2.122e-4,0,-0.011,1.234,1.246,-1.369e-6,895.475,0.001,336.329,0.235,6.4,32.17
10.039,0.171,2643.132,456.9,0.262,0.003,62.432,43.168,0,0.551,0.393,0.031,0.127,0.551,0.043,0.128,-4.445e-4,0,-0.011,1.234,1.246,-9.403e-7,895.383,0.001,336.325,0.234,6.4,32.17
10.05,0.18,2643.132,456.9,0.262,0.003,62.425,43.168,0,0.551,0.393,0.031,0.127,0.551,0.045,0.135,1.367e-4,0,-0.011,1.234,1.246,-4.384e-7,895.292,0.001,336.322,0.234,6.4,32.17
10.061,0.18,2643.132,456.9,0.262,0.003,62.422,43.168,0,0.551,0.393,0.031,0.127,0.551,0.045,0.135,-3.9e-4,0,-0.011,1.234,1.246,-1.066e-7,895.2,0.001,336.319,0.234,6.4,32.17
10.072,0.179,2643.132,456.9,0.262,0.003,62.421,43.168,0,0.551,0.393,0.031,0.127,0.551,0.045,0.134,-4.835e-4,0,-0.012,1.234,1.246,0,895.11,0.001,336.315,0.233,6.4,32.17
10.083,0.177,2643.132,456.9,0.262,0.003,62.423,43.168,0,0.551,0.393,0.031,0.127,0.551,0.044,0.133,4.003e-4,0,-0.012,1.234,1.246,1.389e-7,895.019,0.001,336.312,0.233,6.4,32.17
10.094,0.174,2643.132,456.9,0.262,0.003,62.426,43.168,0,0.551,0.393,0.031,0.127,0.551,0.043,0.13,-1.295e-4,0,-0.012,1.234,1.246,4.604e-7,894.929,0.001,336.309,0.232,6.4,32.17
10.105,0.177,2643.132,456.9,0.262,0.003,62.428,43.168,0,0.55,0.393,0.031,0.127,0.551,0.044,0.133,-2.637e-4,0,-0.012,1.234,1.246,9.143e-7,894.839,0.001,336.305,0.232,6.4,32.17
10.116,0.188,2643.132,456.9,0.262,0.003,62.428,43.168,0,0.55,0.393,0.031,0.127,0.55,0.047,0.141,1.466e-5,0,-0.012,1.234,1.246,1.559e-6,894.749,0.001,336.302,0.232,6.4,32.17
10.127,0.198,2643.132,456.9,0.262,0.003,62.427,43.168,0,0.55,0.393,0.031,0.127,0.55,0.049,0.148,-1.371e-4,0,-0.012,1.234,1.246,2.289e-6,894.659,0.001,336.299,0.231,6.4,32.17
10.138,0.208,2643.132,456.9,0.262,0.003,62.425,43.168,0,0.55,0.393,0.031,0.127,0.55,0.052,0.155,-2.644e-4,0,-0.012,1.234,1.246,2.961e-6,894.569,0.001,336.295,0.231,6.4,32.17
10.149,0.217,2643.132,456.9,0.262,0.003,62.421,43.168,0,0.55,0.393,0.031,0.127,0.55,0.054,0.162,3.178e-4,0,-0.012,1.234,1.246,3.436e-6,894.479,0.001,336.292,0.23,6.4,32.17
10.16,0.225,2643.132,456.9,0.262,0.003,62.416,43.168,0,0.55,0.393,0.031,0.127,0.55,0.056,0.168,3.413e-5,0,-0.012,1.234,1.246,3.56e-6,894.389,0.001,336.289,0.23,6.4,32.17
10.171,0.232,2643.132,456.9,0.262,0.003,62.41,43.168,0,0.55,0.393,0.03,0.127,0.55,0.058,0.174,1.852e-4,0,-0.012,1.234,1.246,3.295e-6,894.299,0.001,336.285,0.23,6.4,32.17
10.182,0.24,2643.132,456.9,0.262,0.003,62.402,43.168,0,0.55,0.393,0.03,0.127,0.55,0.06,0.18,1.257e-5,0,-0.012,1.234,1.246,2.681e-6,894.21,0.001,336.282,0.229,6.4,32.17
10.193,0.248,2643.132,456.9,0.262,0.003,62.395,43.168,0,0.55,0.393,0.03,0.127,0.55,0.062,0.186,2.421e-4,0,-0.012,1.234,1.246,1.868e-6,894.12,0.001,336.279,0.229,6.4,32.17
10.205,0.266,2643.132,456.9,0.262,0.003,62.385,43.168,0,0.55,0.393,0.03,0.127,0.55,0.067,0.2,-9.295e-5,0,-0.012,1.234,1.246,1.232e-6,894.03,0.001,336.275,0.229,6.4,32.17
10.216,0.299,2643.132,456.9,0.262,0.003,62.371,43.168,0,0.55,0.393,0.03,0.127,0.55,0.075,0.224,-4.987e-4,0,-0.012,1.234,1.246,1.015e-6,893.94,0.001,336.272,0.228,6.4,32.17
10.227,0.332,2643.132,456.9,0.262,0.003,62.359,43.168,0,0.55,0.393,0.03,0.127,0.55,0.083,0.249,-2.359e-4,0,-0.012,1.234,1.246,9.632e-7,893.85,0.001,336.269,0.228,6.4,32.17
10.238,0.365,2643.132,456.9,0.262,0.003,62.349,43.168,0,0.55,0.393,0.03,0.127,0.55,0.091,0.274,-3.532e-4,0,-0.012,1.234,1.246,1.081e-6,893.76,0.001,336.265,0.227,6.4,32.17
10.249,0.397,2643.132,456.9,0.262,0.003,62.34,43.168,0,0.55,0.393,0.03,0.127,0.55,0.1,0.298,2.618e-4,0,-0.012,1.234,1.246,1.397e-6,893.669,0.001,336.262,0.227,6.4,32.17
10.261,0.379,2643.132,456.9,0.262,0.003,62.352,43.168,0,0.55,0.393,0.03,0.127,0.55,0.095,0.284,-1.344e-4,0,-0.012,1.234,1.246,9.127e-7,893.578,0.001,336.259,0.227,6.4,32.17
10.272,0.358,2643.132,456.9,0.262,0.003,62.363,43.168,0,0.55,0.393,0.03,0.127,0.55,0.09,0.269,1.757e-4,0,-0.012,1.234,1.246,2.287e-7,893.488,0.001,336.255,0.226,6.4,32.17
10.283,0.34,2643.132,456.9,0.262,0.003,62.37,43.168,0,0.549,0.393,0.03,0.127,0.55,0.085,0.255,-4.272e-4,0,-0.012,1.234,1.246,-3.515e-8,893.399,0.001,336.252,0.226,6.4,32.17
10.294,0.324,2643.132,456.9,0.262,0.003,62.374,43.168,0,0.549,0.393,0.03,0.127,0.55,0.081,0.243,-1.115e-5,0,-0.012,1.234,1.246,-9.249e-7,893.311,0.001,336.249,0.225,6.4,32.17
10.305,0.32,2643.132,456.9,0.262,0.003,62.371,43.168,0,0.549,0.393,0.03,0.127,0.549,0.08,0.24,-4.684e-4,0,-0.012,1.234,1.246,-2.497e-6,893.223,0.001,336.245,0.225,6.4,32.17
10.316,0.329,2643.132,456.9,0.262,0.003,62.363,43.168,0,0.549,0.393,0.03,0.127,0.549,0.082,0.247,1.467e-4,0,-0.012,1.234,1.246,-3.472e-6,893.135,0.001,336.242,0.225,6.4,32.17
10.327,0.337,2643.132,456.9,0.262,0.003,62.356,43.168,0,0.549,0.393,0.03,0.127,0.549,0.084,0.253,-1.32e-4,0,-0.012,1.233,1.246,-3.831e-6,893.048,0.001,336.239,0.224,6.4,32.17
10.338,0.346,2643.132,456.9,0.262,0.003,62.35,43.168,0,0.549,0.393,0.03,0.127,0.549,0.086,0.259,4.565e-4,0,-0.012,1.233,1.246,-3.467e-6,892.96,0.001,336.236,0.224,6.4,32.17
10.349,0.354,2643.132,456.9,0.262,0.003,62.347,43.168,0,0.549,0.393,0.03,0.126,0.549,0.088,0.265,4.797e-4,0,-0.012,1.233,1.246,-2.543e-6,892.873,0.001,336.232,0.224,6.4,32.17
10.36,0.365,2643.132,456.9,0.262,0.003,62.344,43.168,0,0.549,0.393,0.03,0.126,0.549,0.091,0.273,1.309e-4,0,-0.013,1.233,1.246,-1.27e-6,892.785,0.001,336.229,0.223,6.4,32.17
10.372,0.375,2643.132,456.9,0.262,0.003,62.343,43.168,0,0.549,0.393,0.03,0.126,0.549,0.094,0.281,3.4e-4,0,-0.013,1.233,1.246,-2.939e-7,892.698,0.001,336.226,0.223,6.4,32.17
10.383,0.384,2643.132,456.9,0.262,0.003,62.343,43.168,0,0.549,0.393,0.03,0.126,0.549,0.096,0.288,-2.337e-5,0,-0.013,1.233,1.246,1.426e-8,892.61,0.001,336.223,0.222,6.4,32.17
10.394,0.39,2643.132,456.9,0.262,0.003,62.344,43.168,0,0.549,0.393,0.029,0.126,0.549,0.098,0.293,1.958e-4,0,-0.013,1.233,1.246,6.523e-7,892.523,0.001,336.219,0.222,6.4,32.17
10.405,0.391,2643.132,456.9,0.262,0.003,62.346,43.168,0,0.549,0.393,0.029,0.126,0.549,0.098,0.293,2.273e-4,0,-0.013,1.233,1.246,2.032e-6,892.435,0.001,336.216,0.222,6.4,32.17
10.416,0.384,2643.132,456.9,0.262,0.003,62.35,43.168,0,0.549,0.393,0.029,0.126,0.549,0.096,0.288,1.601e-4,0,-0.013,1.233,1.246,3.49e-6,892.348,0.001,336.213,0.221,6.4,32.17
10.427,0.377,2643.132,456.9,0.262,0.003,62.352,43.168,0,0.549,0.393,0.029,0.126,0.549,0.094,0.282,-4.792e-4,0,-0.013,1.233,1.246,4.559e-6,892.261,0.001,336.21,0.221,6.4,32.17
10.438,0.368,2643.132,456.9,0.262,0.003,62.353,43.168,0,0.549,0.393,0.029,0.126,0.549,0.092,0.276,-3.004e-4,0,-0.013,1.233,1.246,4.827e-6,892.174,0.001,336.207,0.22,6.4,32.17
10.45,0.36,2643.132,456.9,0.262,0.003,62.352,43.168,0,0.548,0.393,0.029,0.126,0.549,0.09,0.27,-4.786e-4,0,-0.013,1.233,1.246,4.152e-6,892.087,0.001,336.203,0.22,6.4,32.17
10.461,0.357,2643.132,456.9,0.262,0.003,62.349,43.168,0,0.548,0.393,0.029,0.126,0.549,0.089,0.268,-4.84e-4,0,-0.013,1.233,1.246,3.114e-6,892.001,0.001,336.2,0.22,6.4,32.17
10.472,0.355,2643.132,456.9,0.262,0.003,62.346,43.168,0,0.548,0.393,0.029,0.126,0.549,0.089,0.265,-3.141e-4,0,-0.013,1.233,1.246,1.791e-6,891.915,0.001,336.197,0.219,6.4,32.17
10.483,0.353,2643.132,456.9,0.262,0.003,62.344,43.168,0,0.548,0.393,0.029,0.126,0.549,0.088,0.265,-1.772e-4,0,-0.013,1.233,1.246,6.252e-7,891.828,0.001,336.194,0.219,6.4,32.17
10.494,0.353,2643.132,456.9,0.262,0.003,62.344,43.168,0,0.548,0.393,0.029,0.126,0.548,0.088,0.264,-3.247e-4,0,-0.013,1.233,1.246,2.982e-8,891.742,0.001,336.191,0.219,6.4,32.17
10.505,0.354,2643.132,456.9,0.262,0.003,62.346,43.168,0,0.548,0.393,0.029,0.126,0.548,0.088,0.266,-4.843e-4,0,-0.013,1.233,1.246,-2.277e-7,891.656,0.001,336.187,0.218,6.4,32.17
10.517,0.355,2643.132,456.9,0.262,0.003,62.35,43.168,0,0.548,0.393,0.029,0.126,0.548,0.089,0.266,-9.024e-5,0,-0.013,1.233,1.246,-1.219e-6,891.57,0.001,336.184,0.218,6.4,32.17
10.528,0.358,2643.132,456.9,0.262,0.003,62.353,43.168,0,0.548,0.393,0.029,0.126,0.548,0.089,0.268,-2.622e-4,0,-0.013,1.233,1.246,-2.658e-6,891.484,0.001,336.181,0.217,6.4,32.17
10.539,0.361,2643.132,456.9,0.262,0.003,62.355,43.168,0,0.548,0.393,0.029,0.126,0.548,0.09,0.27,-2.309e-4,0,-0.013,1.233,1.246,-4.044e-6,891.398,0.001,336.178,0.217,6.4,32.17
10.55,0.365,2643.132,456.9,0.262,0.003,62.355,43.168,0,0.548,0.393,0.029,0.126,0.548,0.091,0.274,3.401e-4,0,-0.013,1.233,1.246,-4.911e-6,891.313,0.001,336.175,0.217,6.4,32.17
10.561,0.375,2643.132,456.9,0.262,0.003,62.351,43.168,0,0.548,0.393,0.029,0.126,0.548,0.094,0.281,-6.266e-5,0,-0.013,1.233,1.246,-4.23e-6,891.227,0.001,336.171,0.216,6.4,32.17
10.572,0.386,2643.132,456.9,0.262,0.003,62.345,43.168,0,0.548,0.393,0.029,0.126,0.548,0.097,0.29,-2.646e-4,0,-0.013,1.233,1.246,-3.01e-6,891.141,0.001,336.168,0.216,6.4,32.17
10.584,0.395,2643.132,456.9,0.262,0.003,62.338,43.168,0,0.548,0.393,0.029,0.126,0.548,0.099,0.297,3.917e-4,0,-0.013,1.233,1.246,-1.62e-6,891.056,0.001,336.165,0.215,6.4,32.17
10.595,0.404,2643.132,456.9,0.262,0.003,62.331,43.168,0,0.548,0.393,0.029,0.126,0.548,0.101,0.303,-3.527e-4,0,-0.013,1.233,1.246,-4.987e-7,890.97,0.001,336.162,0.215,6.4,32.17
10.606,0.405,2643.132,456.9,0.262,0.003,62.327,43.168,0,0.548,0.393,0.029,0.126,0.548,0.101,0.304,-4.636e-4,0,-0.013,1.233,1.246,-3.385e-8,890.885,0.001,336.159,0.215,6.4,32.17
10.618,0.399,2643.132,456.9,0.262,0.003,62.325,43.168,0,0.548,0.393,0.029,0.126,0.548,0.1,0.3,2.536e-4,0,-0.013,1.233,1.246,5.854e-8,890.799,0.001,336.156,0.214,6.4,32.17
10.629,0.393,2643.132,456.9,0.262,0.003,62.326,43.168,0,0.547,0.393,0.028,0.126,0.548,0.098,0.294,-1.901e-5,0,-0.013,1.233,1.246,3.793e-7,890.714,0.001,336.152,0.214,6.4,32.17
10.64,0.385,2643.132,456.9,0.262,0.003,62.329,43.168,0,0.547,0.393,0.028,0.126,0.548,0.096,0.289,2.247e-4,0,-0.014,1.233,1.246,8.286e-7,890.629,0.001,336.149,0.214,6.4,32.17
10.651,0.378,2643.132,456.9,0.262,0.003,62.334,43.168,0,0.547,0.393,0.028,0.126,0.548,0.095,0.284,4.631e-4,0,-0.014,1.233,1.246,1.282e-6,890.544,0.001,336.146,0.213,6.4,32.17
10.663,0.381,2643.132,456.9,0.262,0.003,62.335,43.168,0,0.547,0.393,0.028,0.126,0.548,0.095,0.285,1.558e-4,0,-0.014,1.233,1.246,2.336e-6,890.46,0.001,336.143,0.213,6.4,32.17
10.674,0.384,2643.132,456.9,0.262,0.003,62.337,43.168,0,0.547,0.393,0.028,0.126,0.547,0.096,0.287,4.156e-4,0,-0.014,1.233,1.246,3.429e-6,890.375,0.001,336.14,0.212,6.4,32.17
10.685,0.387,2643.132,456.9,0.262,0.003,62.339,43.168,0,0.547,0.393,0.028,0.126,0.547,0.097,0.29,-1.064e-4,0,-0.014,1.232,1.246,4.342e-6,890.29,0.001,336.137,0.212,6.4,32.17
10.697,0.389,2643.132,456.9,0.262,0.003,62.341,43.168,0,0.547,0.393,0.028,0.126,0.547,0.097,0.292,-3.217e-4,0,-0.014,1.232,1.246,4.86e-6,890.206,0.001,336.134,0.212,6.4,32.17
10.708,0.38,2643.132,456.9,0.262,0.003,62.346,43.168,0,0.547,0.393,0.028,0.126,0.547,0.095,0.284,2.589e-4,0,-0.014,1.232,1.246,3.431e-6,890.121,0.001,336.131,0.211,6.4,32.17
10.719,0.366,2643.132,456.9,0.262,0.003,62.35,43.168,0,0.547,0.393,0.028,0.126,0.547,0.092,0.275,-1.451e-4,0,-0.014,1.232,1.246,1.231e-6,890.036,0.001,336.127,0.211,6.4,32.17
10.731,0.355,2643.132,456.9,0.262,0.003,62.351,43.168,0,0.547,0.393,0.028,0.126,0.547,0.089,0.266,-3.384e-4,0,-0.014,1.232,1.246,3.111e-8,889.952,0.001,336.124,0.21,6.4,32.17
10.742,0.346,2643.132,456.9,0.262,0.003,62.35,43.168,0,0.547,0.393,0.028,0.126,0.547,0.087,0.259,-1.87e-4,0,-0.014,1.232,1.246,-7.194e-7,889.869,0.001,336.121,0.21,6.4,32.17
10.753,0.343,2643.132,456.9,0.262,0.003,62.347,43.168,0,0.547,0.393,0.028,0.126,0.547,0.086,0.257,1.121e-4,0,-0.014,1.232,1.246,-2.734e-6,889.785,0.001,336.118,0.21,6.4,32.17
10.764,0.351,2643.132,456.9,0.262,0.003,62.341,43.168,0,0.547,0.393,0.028,0.126,0.547,0.088,0.263,-1.697e-4,0,-0.014,1.232,1.246,-3.445e-6,889.702,0.001,336.115,0.209,6.4,32.17
10.776,0.36,2643.132,456.9,0.262,0.003,62.336,43.168,0,0.547,0.393,0.028,0.126,0.547,0.09,0.27,1.262e-4,0,-0.014,1.232,1.246,-3.721e-6,889.619,0.001,336.112,0.209,6.4,32.17
10.787,0.37,2643.132,456.9,0.262,0.003,62.332,43.168,0,0.547,0.393,0.028,0.126,0.547,0.092,0.276,-1.158e-4,0,-0.014,1.232,1.246,-3.491e-6,889.535,0.001,336.109,0.209,6.4,32.17
10.798,0.38,2643.132,456.9,0.262,0.003,62.329,43.168,0,0.547,0.393,0.028,0.126,0.547,0.095,0.285,2.478e-5,0,-0.014,1.232,1.246,-2.823e-6,889.452,0.001,336.106,0.208,6.4,32.17
10.81,0.386,2643.132,456.9,0.262,0.003,62.329,43.168,0,0.546,0.393,0.028,0.126,0.547,0.096,0.289,-4.139e-4,0,-0.014,1.232,1.246,-2.221e-6,889.368,0.001,336.103,0.208,6.4,32.17
10.821,0.391,2643.132,456.9,0.262,0.003,62.33,43.168,0,0.546,0.393,0.028,0.126,0.547,0.098,0.293,1.282e-4,0,-0.014,1.232,1.246,-1.473e-6,889.284,0.001,336.1,0.207,6.4,32.17
10.833,0.395,2643.132,456.9,0.262,0.003,62.332,43.168,0,0.546,0.393,0.028,0.126,0.547,0.099,0.296,2.608e-4,0,-0.014,1.232,1.246,-7.252e-7,889.201,0.001,336.096,0.207,6.4,32.17
10.844,0.399,2643.132,456.9,0.262,0.003,62.333,43.168,0,0.546,0.393,0.028,0.126,0.547,0.1,0.299,3.45e-4,0,-0.014,1.232,1.246,-1.83e-7,889.117,0.001,336.093,0.207,6.4,32.17
10.856,0.4,2643.132,456.9,0.262,0.003,62.335,43.168,0,0.546,0.393,0.028,0.126,0.547,0.1,0.3,-3.302e-4,0,-0.014,1.232,1.246,0,889.034,0.001,336.09,0.206,6.4,32.17
10.867,0.398,2643.132,456.9,0.262,0.003,62.336,43.168,0,0.546,0.393,0.028,0.126,0.546,0.1,0.298,-3.45e-4,0,-0.014,1.232,1.246,1.285e-7,888.951,0.001,336.087,0.206,6.4,32.17
10.879,0.395,2643.132,456.9,0.262,0.003,62.336,43.168,0,0.546,0.393,0.027,0.125,0.546,0.099,0.296,-1.205e-4,0,-0.014,1.232,1.246,4.812e-7,888.868,0.001,336.084,0.205,6.4,32.17
10.89,0.392,2643.132,456.9,0.262,0.003,62.334,43.168,0,0.546,0.393,0.027,0.125,0.546,0.098,0.294,-1.232e-5,0,-0.014,1.232,1.246,9.452e-7,888.785,0.001,336.081,0.205,6.4,32.17
10.901,0.387,2643.132,456.9,0.262,0.003,62.332,43.168,0,0.546,0.393,0.027,0.125,0.546,0.097,0.29,-2.264e-4,0,-0.014,1.232,1.246,1.348e-6,888.702,0.001,336.078,0.205,6.4,32.17
10.913,0.379,2643.132,456.9,0.262,0.003,62.331,43.168,0,0.546,0.393,0.027,0.125,0.546,0.095,0.283,-6.096e-6,0,-0.015,1.232,1.246,1.315e-6,888.62,0.001,336.075,0.204,6.4,32.17
10.924,0.371,2643.132,456.9,0.262,0.003,62.331,43.168,0,0.546,0.393,0.027,0.125,0.546,0.093,0.277,-2.896e-4,0,-0.015,1.232,1.247,1.016e-6,888.538,0.001,336.072,0.204,6.4,32.17
10.936,0.363,2643.132,456.9,0.262,0.003,62.332,43.168,0,0.546,0.393,0.027,0.125,0.546,0.091,0.272,2.133e-4,0,-0.015,1.232,1.247,5.654e-7,888.456,0.001,336.069,0.204,6.4,32.17
10.947,0.355,2643.132,456.9,0.262,0.003,62.334,43.168,0,0.546,0.393,0.027,0.125,0.546,0.089,0.266,-1.754e-4,0,-0.015,1.232,1.247,1.587e-7,888.374,0.001,336.066,0.203,6.4,32.17
10.958,0.348,2643.132,456.9,0.262,0.003,62.339,43.168,0,0.546,0.393,0.027,0.125,0.546,0.087,0.261,1.353e-4,0,-0.015,1.232,1.247,0,888.293,0.001,336.063,0.203,6.4,32.17
10.97,0.342,2643.132,456.9,0.262,0.003,62.344,43.168,0,0.546,0.393,0.027,0.125,0.546,0.086,0.257,4.732e-4,0,-0.015,1.232,1.247,-2.796e-7,888.212,0.001,336.06,0.202,6.4,32.17
10.981,0.337,2643.132,456.9,0.262,0.003,62.35,43.168,0,0.546,0.393,0.027,0.125,0.546,0.084,0.252,-3.444e-4,0,-0.015,1.232,1.247,-1.012e-6,888.131,0.001,336.057,0.202,6.4,32.17
10.993,0.333,2643.132,456.9,0.262,0.003,62.356,43.168,0,0.546,0.393,0.027,0.125,0.546,0.083,0.25,3.262e-4,0,-0.015,1.232,1.247,-2.064e-6,888.05,0.001,336.054,0.202,6.4,32.17
11.004,0.332,2643.132,456.9,0.262,0.003,62.358,43.168,0,0.545,0.393,0.027,0.125,0.546,0.083,0.249,4.262e-4,0,-0.015,1.232,1.247,-2.69e-6,887.969,0.001,336.051,0.201,6.4,32.17
11.015,0.336,2643.132,456.9,0.262,0.003,62.357,43.168,0,0.545,0.393,0.027,0.125,0.546,0.084,0.252,-3.977e-4,0,-0.015,1.232,1.247,-2.172e-6,887.888,0.001,336.048,0.201,6.4,32.17
11.027,0.341,2643.132,456.9,0.262,0.003,62.355,43.168,0,0.545,0.393,0.027,0.125,0.546,0.085,0.256,-3.994e-4,0,-0.015,1.232,1.247,-1.514e-6,887.808,0.001,336.045,0.2,6.4,32.17
11.038,0.347,2643.132,456.9,0.262,0.003,62.351,43.168,0,0.545,0.393,0.027,0.125,0.545,0.087,0.26,-5.165e-5,0,-0.015,1.232,1.247,-8.411e-7,887.727,0.001,336.042,0.2,6.4,32.17
11.05,0.352,2643.132,456.9,0.262,0.003,62.346,43.168,0,0.545,0.393,0.027,0.125,0.545,0.088,0.264,4.735e-4,0,-0.015,1.232,1.247,-3.027e-7,887.646,0.001,336.039,0.2,6.4,32.17
11.061,0.351,2643.132,456.9,0.262,0.003,62.343,43.168,0,0.545,0.393,0.027,0.125,0.545,0.088,0.263,4.636e-4,0,-0.015,1.232,1.247,-1.381e-7,887.565,0.001,336.036,0.199,6.4,32.17
11.073,0.348,2643.132,456.9,0.262,0.003,62.34,43.168,0,0.545,0.393,0.027,0.125,0.545,0.087,0.261,-4.856e-4,0,-0.015,1.232,1.247,-3.571e-8,887.484,0.001,336.033,0.199,6.4,32.17
11.084,0.346,2643.132,456.9,0.262,0.003,62.338,43.168,0,0.545,0.393,0.027,0.125,0.545,0.086,0.259,3.688e-4,0,-0.015,1.231,1.247,0,887.404,0.001,336.03,0.199,6.4,32.17
11.096,0.343,2643.132,456.9,0.262,0.003,62.337,43.168,0,0.545,0.393,0.027,0.125,0.545,0.086,0.256,2.971e-4,0,-0.015,1.231,1.247,2.493e-8,887.323,0.001,336.027,0.198,6.4,32.17
11.107,0.346,2643.132,456.9,0.262,0.003,62.335,43.168,0,0.545,0.393,0.027,0.125,0.545,0.086,0.259,-1.805e-4,0,-0.015,1.231,1.247,2.523e-7,887.243,0.001,336.024,0.198,6.4,32.17
11.119,0.354,2643.132,456.9,0.262,0.003,62.332,43.168,0,0.545,0.393,0.027,0.125,0.545,0.088,0.265,-1.783e-4,0,-0.015,1.231,1.247,9.196e-7,887.163,0.001,336.021,0.197,6.4,32.17
11.13,0.362,2643.132,456.9,0.262,0.003,62.33,43.168,0,0.545,0.393,0.027,0.125,0.545,0.09,0.271,3.638e-4,0,-0.015,1.231,1.247,1.955e-6,887.082,0.001,336.018,0.197,6.4,32.17
11.142,0.37,2643.132,456.9,0.262,0.003,62.328,43.168,0,0.545,0.393,0.026,0.125,0.545,0.093,0.277,-2.665e-4,0,-0.015,1.231,1.247,3.253e-6,887.002,0.001,336.015,0.197,6.4,32.17
11.154,0.375,2643.132,456.9,0.262,0.003,62.33,43.168,0,0.545,0.393,0.026,0.125,0.545,0.094,0.28,-4.549e-4,0,-0.015,1.231,1.247,4.237e-6,886.921,0.001,336.012,0.196,6.4,32.17
11.165,0.369,2643.132,456.9,0.262,0.003,62.335,43.168,0,0.545,0.393,0.026,0.125,0.545,0.092,0.277,-6.586e-5,0,-0.016,1.231,1.247,3.875e-6,886.841,0.001,336.009,0.196,6.4,32.17
11.177,0.364,2643.132,456.9,0.262,0.003,62.341,43.168,0,0.545,0.393,0.026,0.125,0.545,0.091,0.272,1.488e-4,0,-0.016,1.231,1.247,2.987e-6,886.761,0.001,336.006,0.196,6.4,32.17
11.189,0.359,2643.132,456.9,0.262,0.003,62.345,43.168,0,0.545,0.393,0.026,0.125,0.545,0.09,0.269,8.905e-5,0,-0.016,1.231,1.247,1.817e-6,886.681,0.001,336.003,0.195,6.4,32.17
11.2,0.355,2643.132,456.9,0.262,0.003,62.347,43.168,0,0.545,0.393,0.026,0.125,0.545,0.089,0.266,-4.06e-4,0,-0.016,1.231,1.247,7.44e-7,886.601,0.001,336,0.195,6.4,32.17
11.212,0.364,2643.132,456.9,0.262,0.003,62.342,43.168,0,0.545,0.393,0.026,0.125,0.545,0.091,0.272,-4.716e-4,0,-0.016,1.231,1.247,4.562e-7,886.522,0.001,335.997,0.194,6.4,32.17
11.223,0.374,2643.132,456.9,0.262,0.003,62.336,43.168,0,0.544,0.393,0.026,0.125,0.545,0.094,0.281,-3.061e-5,0,-0.016,1.231,1.247,2.305e-7,886.442,0.001,335.994,0.194,6.4,32.17
11.235,0.385,2643.132,456.9,0.262,0.003,62.328,43.168,0,0.544,0.393,0.026,0.125,0.545,0.096,0.289,4.314e-5,0,-0.016,1.231,1.247,8.501e-8,886.363,0.001,335.991,0.194,6.4,32.17
11.247,0.398,2643.132,456.9,0.262,0.003,62.32,43.168,0,0.544,0.393,0.026,0.125,0.545,0.099,0.298,2.14e-4,0,-0.016,1.231,1.247,1.549e-8,886.284,0.001,335.988,0.193,6.4,32.17
11.258,0.402,2643.132,456.9,0.262,0.003,62.315,43.168,0,0.544,0.393,0.026,0.125,0.545,0.101,0.301,7.499e-5,0,-0.016,1.231,1.247,-5.074e-8,886.204,0.001,335.985,0.193,6.4,32.17
11.27,0.404,2643.132,456.9,0.262,0.003,62.311,43.168,0,0.544,0.393,0.026,0.125,0.545,0.101,0.302,-5.792e-5,0,-0.016,1.231,1.247,-4.02e-7,886.125,0.001,335.983,0.192,6.4,32.17
11.282,0.407,2643.132,456.9,0.262,0.003,62.308,43.168,0,0.544,0.393,0.026,0.125,0.544,0.102,0.304,-1.984e-4,0,-0.016,1.231,1.247,-9.885e-7,886.046,0.001,335.98,0.192,6.4,32.17
11.293,0.41,2643.132,456.9,0.262,0.003,62.307,43.168,0,0.544,0.393,0.026,0.125,0.544,0.103,0.306,4.13e-4,0,-0.016,1.231,1.247,-1.637e-6,885.967,0.001,335.977,0.192,6.4,32.17
11.305,0.409,2643.132,456.9,0.262,0.003,62.309,43.168,0,0.544,0.393,0.026,0.125,0.544,0.102,0.306,-3.84e-4,0,-0.016,1.231,1.247,-2.538e-6,885.889,0.001,335.974,0.191,6.4,32.17
11.317,0.402,2643.132,456.9,0.262,0.003,62.315,43.168,0,0.544,0.393,0.026,0.125,0.544,0.101,0.301,1.452e-4,0,-0.016,1.231,1.247,-3.892e-6,885.81,0.001,335.971,0.191,6.4,32.17
11.328,0.396,2643.132,456.9,0.262,0.003,62.322,43.168,0,0.544,0.393,0.026,0.125,0.544,0.099,0.296,-4.998e-4,0,-0.017,1.231,1.248,-5.043e-6,885.733,0.001,335.968,0.191,6.4,32.17
11.34,0.39,2643.132,456.9,0.262,0.003,62.327,43.168,0,0.544,0.393,0.026,0.125,0.544,0.098,0.293,-3.251e-4,0,-0.017,1.231,1.248,-5.73e-6,885.655,0.001,335.965,0.19,6.4,32.17
11.351,0.385,2643.132,456.9,0.262,0.003,62.332,43.168,0,0.544,0.393,0.026,0.125,0.544,0.096,0.289,-2.061e-4,0,-0.017,1.231,1.248,-5.825e-6,885.578,0.001,335.962,0.19,6.4,32.17
11.363,0.378,2643.132,456.9,0.262,0.003,62.335,43.168,0,0.544,0.393,0.026,0.125,0.544,0.095,0.283,-4.054e-5,0,-0.017,1.231,1.248,-5.428e-6,885.502,0.001,335.959,0.189,6.4,32.17
11.374,0.371,2643.132,456.9,0.262,0.003,62.336,43.168,0,0.544,0.393,0.026,0.125,0.544,0.093,0.277,-1.425e-4,0,-0.017,1.231,1.248,-4.543e-6,885.425,0.001,335.957,0.189,6.4,32.17
11.386,0.363,2643.132,456.9,0.262,0.003,62.336,43.168,0,0.544,0.393,0.026,0.125,0.544,0.091,0.272,-7.485e-5,0,-0.017,1.231,1.248,-3.375e-6,885.349,0.001,335.954,0.189,6.4,32.17
11.397,0.354,2643.132,456.9,0.262,0.003,62.335,43.168,0,0.544,0.393,0.026,0.125,0.544,0.089,0.265,1.295e-4,0,-0.017,1.231,1.248,-2.16e-6,885.273,0.001,335.951,0.188,6.4,32.17
11.409,0.35,2643.132,456.9,0.262,0.003,62.333,43.168,0,0.544,0.393,0.026,0.125,0.544,0.087,0.261,-3.408e-4,0,-0.017,1.231,1.248,-8.315e-7,885.198,0.001,335.948,0.188,6.4,32.17
11.42,0.346,2643.132,456.9,0.262,0.003,62.332,43.168,0,0.544,0.393,0.026,0.125,0.544,0.086,0.258,7.872e-5,0,-0.017,1.231,1.248,-8.278e-8,885.122,0.001,335.945,0.187,6.4,32.17
11.432,0.341,2643.132,456.9,0.262,0.003,62.332,43.168,0,0.544,0.393,0.026,0.125,0.544,0.085,0.255,-2.53e-4,0,-0.017,1.231,1.248,1.105e-7,885.046,0.001,335.943,0.187,6.4,32.17
11.443,0.335,2643.132,456.9,0.262,0.003,62.333,43.168,0,0.543,0.393,0.025,0.125,0.544,0.084,0.251,-4.494e-4,0,-0.017,1.231,1.248,8.453e-7,884.971,0.001,335.94,0.187,6.4,32.17
11.455,0.324,2643.132,456.9,0.262,0.003,62.338,43.168,0,0.543,0.393,0.025,0.125,0.544,0.081,0.243,2.529e-4,0,-0.017,1.231,1.248,1.845e-6,884.895,0.001,335.937,0.186,6.4,32.17
11.466,0.308,2643.132,456.9,0.262,0.003,62.346,43.168,0,0.543,0.393,0.025,0.124,0.544,0.077,0.23,8.686e-6,0,-0.018,1.231,1.248,2.371e-6,884.82,0.001,335.934,0.186,6.4,32.17
11.478,0.292,2643.132,456.9,0.262,0.003,62.355,43.168,0,0.543,0.393,0.025,0.124,0.543,0.073,0.219,-1.532e-4,0,-0.018,1.231,1.248,2.373e-6,884.745,0.001,335.931,0.186,6.4,32.17
11.489,0.276,2643.132,456.9,0.262,0.003,62.366,43.168,0,0.543,0.393,0.025,0.124,0.543,0.069,0.206,1.7e-4,0,-0.018,1.231,1.248,1.817e-6,884.67,0.001,335.929,0.185,6.4,32.17
11.501,0.261,2643.132,456.9,0.262,0.003,62.375,43.168,0,0.543,0.394,0.025,0.124,0.543,0.065,0.196,-4.261e-4,0,-0.018,1.231,1.248,9.519e-7,884.596,0.001,335.926,0.185,6.4,32.17
11.512,0.249,2643.132,456.9,0.262,0.003,62.382,43.168,0,0.543,0.394,0.025,0.124,0.543,0.062,0.186,-4.647e-4,0,-0.018,1.23,1.248,2.934e-7,884.521,0.001,335.923,0.184,6.4,32.17
11.524,0.237,2643.132,456.9,0.262,0.003,62.387,43.168,0,0.543,0.394,0.025,0.124,0.543,0.059,0.178,-2.297e-4,0,-0.018,1.23,1.248,0,884.447,0.001,335.92,0.184,6.4,32.17
11.535,0.227,2643.132,456.9,0.262,0.003,62.39,43.168,0,0.543,0.394,0.025,0.124,0.543,0.056,0.17,3.14e-4,0,-0.018,1.23,1.248,-3.88e-7,884.373,0.001,335.918,0.184,6.4,32.17
11.547,0.218,2643.132,456.9,0.262,0.003,62.39,43.168,0,0.543,0.394,0.025,0.124,0.543,0.054,0.163,-3.783e-4,0,-0.018,1.23,1.249,-1.579e-6,884.299,0.001,335.915,0.183,6.4,32.17
11.558,0.211,2643.132,456.9,0.262,0.003,62.388,43.168,0,0.543,0.394,0.025,0.124,0.543,0.052,0.158,2.429e-4,0,-0.018,1.23,1.249,-2.837e-6,884.225,0.001,335.912,0.183,6.4,32.17
11.57,0.205,2643.132,456.9,0.262,0.003,62.387,43.168,0,0.543,0.394,0.025,0.124,0.543,0.051,0.154,-1.319e-4,0,-0.018,1.23,1.249,-3.902e-6,884.152,0.001,335.909,0.182,6.4,32.17
11.581,0.2,2643.132,456.9,0.262,0.003,62.386,43.168,0,0.543,0.394,0.025,0.124,0.543,0.05,0.149,-1.994e-4,0,-0.018,1.23,1.249,-4.78e-6,884.078,0.001,335.907,0.182,6.4,32.17
11.593,0.195,2643.132,456.9,0.262,0.003,62.386,43.168,0,0.543,0.394,0.025,0.124,0.543,0.048,0.146,1.522e-4,0,-0.018,1.23,1.249,-5.327e-6,884.004,0.001,335.904,0.182,6.4,32.17
11.604,0.189,2643.132,456.9,0.262,0.003,62.387,43.168,0,0.543,0.394,0.025,0.124,0.543,0.047,0.141,3.154e-4,0,-0.018,1.23,1.249,-5.942e-6,883.93,0.001,335.901,0.181,6.4,32.17
11.616,0.183,2643.132,456.9,0.262,0.003,62.391,43.168,0,0.543,0.394,0.025,0.124,0.543,0.046,0.137,-4.881e-4,0,-0.018,1.23,1.249,-6.825e-6,883.857,0.001,335.899,0.181,6.4,32.17
11.627,0.178,2643.132,456.9,0.262,0.003,62.396,43.168,0,0.543,0.394,0.025,0.124,0.543,0.044,0.133,4.681e-4,0,-0.019,1.23,1.249,-6.93e-6,883.784,0.001,335.896,0.181,6.4,32.17
11.639,0.172,2643.132,456.9,0.262,0.003,62.402,43.168,0,0.543,0.394,0.025,0.124,0.543,0.043,0.128,-4.812e-4,0,-0.019,1.23,1.249,-6.26e-6,883.711,0.001,335.893,0.18,6.4,32.17
11.65,0.166,2643.132,456.9,0.262,0.003,62.408,43.168,0,0.543,0.394,0.025,0.124,0.543,0.041,0.124,-3.103e-4,0,-0.019,1.23,1.249,-5e-6,883.638,0.001,335.89,0.18,6.4,32.17
11.662,0.159,2643.132,456.9,0.262,0.003,62.414,43.168,0,0.543,0.394,0.025,0.124,0.543,0.04,0.119,-4.403e-4,0,-0.019,1.23,1.249,-3.432e-6,883.565,0.001,335.888,0.179,6.4,32.17
11.673,0.151,2643.132,456.9,0.262,0.003,62.418,43.168,0,0.543,0.394,0.025,0.124,0.543,0.038,0.113,-4.691e-5,0,-0.019,1.23,1.249,-1.967e-6,883.493,0.001,335.885,0.179,6.4,32.17
11.685,0.143,2643.132,456.9,0.262,0.003,62.421,43.168,0,0.542,0.394,0.025,0.124,0.542,0.035,0.107,-2.365e-4,0,-0.019,1.23,1.249,-8.357e-7,883.42,0.001,335.882,0.179,6.4,32.17
11.696,0.133,2643.132,456.9,0.262,0.003,62.423,43.168,0,0.542,0.394,0.025,0.124,0.542,0.033,0.099,4.593e-4,0,-0.019,1.23,1.249,-1.747e-7,883.348,0.001,335.88,0.178,6.4,32.17
11.708,0.12,2643.132,456.9,0.262,0.003,62.427,43.168,0,0.542,0.394,0.025,0.124,0.542,0.03,0.09,7.222e-5,0,-0.019,1.23,1.249,0,883.276,0.001,335.877,0.178,6.4,32.17
11.72,0.108,2643.132,456.9,0.262,0.003,62.431,43.168,0,0.542,0.394,0.025,0.124,0.542,0.027,0.081,-2.811e-4,0,-0.019,1.23,1.249,2.446e-7,883.204,0.001,335.874,0.178,6.4,32.17
11.731,0.1,2643.132,456.9,0.262,0.003,62.435,43.168,0,0.542,0.394,0.025,0.124,0.542,0.025,0.075,-4.294e-5,0,-0.019,1.23,1.249,7.997e-7,883.132,0.001,335.872,0.177,6.4,32.17
11.743,0.096,2643.132,456.9,0.262,0.003,62.437,43.168,0,0.542,0.394,0.025,0.124,0.542,0.024,0.072,-4.73e-4,0,-0.019,1.23,1.249,1.622e-6,883.06,0.001,335.869,0.177,6.4,32.17
11.754,0.097,2643.132,456.9,0.262,0.003,62.437,43.168,0,0.542,0.394,0.025,0.124,0.542,0.024,0.072,2.784e-4,0,-0.019,1.23,1.249,2.704e-6,882.987,0.001,335.866,0.176,6.4,32.17
11.766,0.099,2643.132,456.9,0.262,0.003,62.435,43.168,0,0.542,0.394,0.024,0.124,0.542,0.025,0.074,3.338e-4,0,-0.019,1.23,1.249,4.086e-6,882.915,0.001,335.864,0.176,6.4,32.17
11.778,0.105,2643.132,456.9,0.262,0.003,62.433,43.168,0,0.542,0.394,0.024,0.124,0.542,0.026,0.079,-2.095e-4,0,-0.019,1.23,1.249,5.843e-6,882.843,0.001,335.861,0.176,6.4,32.17
11.789,0.112,2643.132,456.9,0.262,0.003,62.429,43.168,0,0.542,0.394,0.024,0.124,0.542,0.028,0.084,-4.912e-4,0,-0.019,1.23,1.249,8.045e-6,882.771,0.001,335.858,0.175,6.4,32.17
11.801,0.122,2643.132,456.9,0.262,0.003,62.424,43.168,0,0.542,0.394,0.024,0.124,0.542,0.03,0.092,-2.088e-4,0,-0.019,1.23,1.249,1.07e-5,882.699,0.001,335.856,0.175,6.4,32.17
11.813,0.146,2643.132,456.9,0.262,0.003,62.413,43.168,0,0.542,0.394,0.024,0.124,0.542,0.036,0.109,-1.829e-7,0,-0.019,1.23,1.249,1.394e-5,882.627,0.001,335.853,0.175,6.4,32.17
11.825,0.169,2643.132,456.9,0.262,0.003,62.401,43.168,0,0.542,0.394,0.024,0.124,0.542,0.042,0.126,4.154e-4,0,-0.019,1.23,1.249,1.766e-5,882.554,0.001,335.85,0.174,6.4,32.17
11.837,0.192,2643.132,456.9,0.262,0.003,62.389,43.168,0,0.542,0.394,0.024,0.124,0.542,0.048,0.143,-1.131e-4,0,-0.02,1.23,1.249,2.143e-5,882.482,0.001,335.848,0.174,6.4,32.17
11.848,0.214,2643.132,456.9,0.262,0.003,62.378,43.168,0,0.542,0.394,0.024,0.124,0.542,0.053,0.16,7.366e-5,0,-0.02,1.23,1.249,2.468e-5,882.41,0.001,335.845,0.173,6.4,32.17
11.86,0.236,2643.132,456.9,0.262,0.003,62.367,43.168,0,0.542,0.394,0.024,0.124,0.542,0.059,0.176,3.303e-4,0,-0.02,1.23,1.249,2.68e-5,882.338,0.001,335.842,0.173,6.4,32.17
11.872,0.258,2643.132,456.9,0.262,0.003,62.357,43.168,0,0.542,0.394,0.024,0.124,0.542,0.064,0.192,-4.65e-4,0,-0.02,1.23,1.249,2.728e-5,882.265,0.001,335.84,0.173,6.4,32.17
11.884,0.279,2643.132,456.9,0.262,0.003,62.348,43.168,0,0.542,0.394,0.024,0.124,0.542,0.07,0.209,4.131e-4,0,-0.02,1.23,1.249,2.59e-5,882.193,0.001,335.837,0.172,6.4,32.17
11.896,0.302,2643.132,456.9,0.262,0.003,62.341,43.168,0,0.542,0.394,0.024,0.124,0.542,0.075,0.226,1.545e-4,0,-0.02,1.23,1.249,2.274e-5,882.121,0.001,335.834,0.172,6.4,32.17
11.908,0.32,2643.132,456.9,0.262,0.003,62.337,43.168,0,0.542,0.394,0.024,0.124,0.542,0.08,0.24,3.787e-4,0,-0.02,1.23,1.249,1.824e-5,882.049,0.001,335.832,0.172,6.4,32.17
11.92,0.337,2643.132,456.9,0.262,0.003,62.334,43.168,0,0.542,0.394,0.024,0.124,0.542,0.084,0.252,-2.549e-4,0,-0.02,1.23,1.25,1.297e-5,881.977,0.001,335.829,0.171,6.4,32.17
11.932,0.355,2643.132,456.9,0.262,0.003,62.33,43.168,0,0.541,0.394,0.024,0.124,0.542,0.089,0.266,-2.378e-4,0,-0.02,1.23,1.25,7.817e-6,881.905,0.001,335.826,0.171,6.4,32.17
11.944,0.375,2643.132,456.9,0.262,0.003,62.325,43.168,0,0.541,0.394,0.024,0.124,0.542,0.094,0.281,-4.059e-4,0,-0.02,1.23,1.25,3.663e-6,881.833,0.001,335.824,0.17,6.4,32.17
11.956,0.389,2643.132,456.9,0.262,0.003,62.321,43.168,0,0.541,0.394,0.024,0.124,0.542,0.097,0.291,-8.305e-5,0,-0.02,1.23,1.25,9.958e-7,881.761,0.001,335.821,0.17,6.4,32.17
11.968,0.397,2643.132,456.9,0.262,0.003,62.318,43.168,0,0.541,0.394,0.024,0.124,0.542,0.099,0.297,1.245e-4,0,-0.02,1.23,1.25,0,881.69,0.001,335.818,0.17,6.4,32.17
11.98,0.406,2643.132,456.9,0.262,0.003,62.312,43.168,0,0.541,0.394,0.024,0.124,0.542,0.102,0.304,4.352e-4,0,-0.02,1.23,1.25,-7.331e-7,881.619,0.001,335.816,0.169,6.4,32.17
11.992,0.418,2643.132,456.9,0.262,0.003,62.305,43.168,0,0.541,0.394,0.024,0.124,0.542,0.104,0.313,-2.999e-4,0,-0.021,1.229,1.25,-2.762e-6,881.548,0.001,335.813,0.169,6.4,32.17
12.004,0.431,2643.132,456.9,0.262,0.003,62.296,43.168,0,0.541,0.394,0.024,0.124,0.542,0.108,0.322,-3.646e-5,0,-0.021,1.229,1.25,-5.341e-6,881.477,0.001,335.81,0.168,6.4,32.17
12.016,0.447,2643.132,456.9,0.262,0.003,62.286,43.168,0,0.541,0.394,0.024,0.124,0.541,0.112,0.334,7.617e-5,0,-0.021,1.229,1.25,-7.625e-6,881.407,0.001,335.808,0.168,6.4,32.17
12.028,0.463,2643.132,456.9,0.262,0.003,62.276,43.168,0,0.541,0.394,0.024,0.124,0.541,0.116,0.347,-8.731e-5,0,-0.021,1.229,1.25,-8.996e-6,881.337,0.001,335.805,0.168,6.4,32.17
12.04,0.479,2643.132,456.9,0.262,0.003,62.268,43.168,0,0.541,0.394,0.024,0.124,0.541,0.12,0.358,-6.512e-6,0,-0.021,1.229,1.25,-9.137e-6,881.267,0.001,335.803,0.167,6.4,32.17
12.052,0.496,2643.132,456.9,0.262,0.003,62.261,43.168,0,0.541,0.394,0.024,0.124,0.541,0.124,0.371,-4.38e-4,0,-0.021,1.229,1.25,-8.09e-6,881.197,0.001,335.8,0.167,6.4,32.17
12.064,0.514,2643.132,456.9,0.262,0.003,62.255,43.168,0,0.541,0.394,0.024,0.124,0.541,0.129,0.385,4.18e-4,0,-0.021,1.229,1.251,-6.081e-6,881.127,0.001,335.797,0.167,6.4,32.17
12.076,0.531,2643.132,456.9,0.262,0.003,62.25,43.168,0,0.541,0.394,0.024,0.124,0.541,0.133,0.396,5.815e-5,0,-0.021,1.229,1.251,-3.688e-6,881.058,0.001,335.795,0.166,6.4,32.17
12.088,0.546,2643.132,456.9,0.262,0.003,62.247,43.168,0,0.541,0.394,0.024,0.124,0.541,0.137,0.408,-7.588e-5,0,-0.021,1.229,1.251,-1.536e-6,880.989,0.001,335.792,0.166,6.4,32.17
12.1,0.56,2643.132,456.9,0.262,0.003,62.244,43.168,0,0.541,0.394,0.023,0.124,0.541,0.141,0.419,-1.91e-4,0,-0.021,1.229,1.251,-2.089e-7,880.919,0.001,335.79,0.165,6.4,32.17
12.112,0.562,2643.132,456.9,0.262,0.003,62.246,43.168,0,0.541,0.394,0.023,0.124,0.541,0.141,0.42,-2.766e-4,0,-0.022,1.229,1.251,1.192e-7,880.85,0.001,335.787,0.165,6.4,32.17
12.123,0.562,2643.132,456.9,0.262,0.003,62.249,43.168,0,0.541,0.394,0.023,0.124,0.541,0.141,0.42,-2.287e-4,0,-0.022,1.229,1.251,1.281e-6,880.782,0.001,335.785,0.165,6.4,32.17
12.135,0.56,2643.132,456.9,0.262,0.003,62.251,43.168,0,0.541,0.394,0.023,0.124,0.541,0.141,0.419,-1.631e-4,0,-0.022,1.229,1.251,3.481e-6,880.713,0.001,335.782,0.164,6.4,32.17
12.147,0.557,2643.132,456.9,0.262,0.003,62.253,43.168,0,0.541,0.394,0.023,0.123,0.541,0.14,0.417,1.331e-4,0,-0.022,1.229,1.251,6.295e-6,880.645,0.001,335.78,0.164,6.4,32.17
12.159,0.556,2643.132,456.9,0.262,0.003,62.253,43.168,0,0.541,0.394,0.023,0.123,0.541,0.139,0.416,-8.747e-5,0,-0.022,1.229,1.251,9.301e-6,880.577,0.001,335.777,0.163,6.4,32.17
12.171,0.555,2643.132,456.9,0.262,0.003,62.251,43.168,0,0.541,0.394,0.023,0.123,0.541,0.139,0.416,-1.087e-4,0,-0.022,1.229,1.251,1.198e-5,880.509,0.001,335.775,0.163,6.4,32.17
12.183,0.554,2643.132,456.9,0.262,0.003,62.249,43.168,0,0.541,0.394,0.023,0.123,0.541,0.139,0.414,1.872e-4,0,-0.022,1.229,1.251,1.38e-5,880.441,0.001,335.772,0.163,6.4,32.17
12.195,0.552,2643.132,456.9,0.262,0.003,62.246,43.168,0,0.54,0.394,0.023,0.123,0.541,0.139,0.413,-1.774e-4,0,-0.022,1.229,1.251,1.439e-5,880.373,0.001,335.77,0.162,6.4,32.17
12.207,0.573,2643.132,456.9,0.262,0.003,62.235,43.168,0,0.54,0.394,0.023,0.123,0.541,0.144,0.428,9.273e-5,0,-0.022,1.229,1.251,1.455e-5,880.306,0.001,335.767,0.162,6.4,32.17
12.219,0.611,2643.132,456.9,0.262,0.003,62.218,43.168,0,0.54,0.394,0.023,0.123,0.541,0.154,0.457,3.502e-4,0,-0.022,1.229,1.251,1.503e-5,880.238,0.001,335.765,0.162,6.4,32.17
12.231,0.649,2643.132,456.9,0.262,0.003,62.201,43.168,0,0.54,0.394,0.023,0.123,0.541,0.163,0.485,7.079e-6,0,-0.022,1.229,1.251,1.529e-5,880.17,0.001,335.762,0.161,6.4,32.17
12.243,0.688,2643.132,456.9,0.262,0.003,62.185,43.168,0,0.54,0.394,0.023,0.123,0.541,0.173,0.514,-1.959e-4,0,-0.022,1.229,1.251,1.527e-5,880.102,0.001,335.76,0.161,6.4,32.17
12.255,0.725,2643.132,456.9,0.262,0.003,62.17,43.168,0,0.54,0.394,0.023,0.123,0.541,0.183,0.543,-3.504e-4,0,-0.022,1.229,1.251,1.496e-5,880.034,0.001,335.757,0.161,6.4,32.17
12.267,0.762,2643.132,456.9,0.262,0.003,62.158,43.168,0,0.54,0.394,0.023,0.123,0.541,0.192,0.57,-4.236e-4,0,-0.022,1.229,1.251,1.429e-5,879.965,0.001,335.754,0.16,6.4,32.17
12.279,0.798,2643.132,456.9,0.262,0.003,62.146,43.168,0,0.54,0.394,0.023,0.123,0.541,0.201,0.598,-3.792e-4,0,-0.022,1.229,1.251,1.337e-5,879.897,0.001,335.752,0.16,6.4,32.17
12.292,0.835,2643.132,456.9,0.262,0.003,62.135,43.168,0,0.54,0.394,0.023,0.123,0.541,0.211,0.625,-3.291e-4,0,-0.022,1.229,1.251,1.226e-5,879.828,0.001,335.749,0.159,6.4,32.17
12.304,0.857,2643.132,456.9,0.262,0.003,62.13,43.168,0,0.54,0.394,0.023,0.123,0.541,0.217,0.642,-4.125e-4,0,-0.023,1.229,1.251,1.043e-5,879.76,0.001,335.747,0.159,6.4,32.17
12.316,0.848,2643.132,456.9,0.262,0.003,62.136,43.168,0,0.54,0.394,0.023,0.123,0.541,0.214,0.635,1.476e-4,0,-0.023,1.229,1.252,6.835e-6,879.691,0.001,335.744,0.159,6.4,32.17
12.329,0.84,2643.132,456.9,0.262,0.003,62.141,43.168,0,0.54,0.394,0.023,0.123,0.541,0.212,0.63,-3.891e-4,0,-0.023,1.229,1.252,3.292e-6,879.624,0.001,335.742,0.158,6.4,32.17
12.341,0.834,2643.132,456.9,0.262,0.003,62.144,43.168,0,0.54,0.394,0.023,0.123,0.541,0.211,0.625,-3.895e-5,0,-0.023,1.229,1.252,7.761e-7,879.556,0.001,335.739,0.158,6.4,32.17
12.353,0.831,2643.132,456.9,0.262,0.003,62.145,43.168,0,0.54,0.394,0.023,0.123,0.541,0.21,0.622,1.209e-4,0,-0.023,1.229,1.252,-1.462e-8,879.489,0.001,335.737,0.157,6.4,32.17
12.365,0.832,2643.132,456.9,0.262,0.003,62.142,43.168,0,0.54,0.394,0.023,0.123,0.541,0.21,0.623,-3.058e-4,0,-0.023,1.229,1.252,-1.199e-6,879.422,0.001,335.734,0.157,6.4,32.17
12.377,0.835,2643.132,456.9,0.262,0.003,62.138,43.168,0,0.54,0.394,0.023,0.123,0.541,0.211,0.625,3.368e-5,0,-0.024,1.229,1.252,-4.027e-6,879.356,0.001,335.732,0.157,6.4,32.17
12.389,0.84,2643.132,456.9,0.262,0.003,62.132,43.168,0,0.54,0.394,0.023,0.123,0.541,0.212,0.628,-3.141e-4,0,-0.024,1.229,1.253,-7.855e-6,879.29,0.001,335.729,0.156,6.4,32.17
12.401,0.845,2643.132,456.9,0.262,0.003,62.127,43.168,0,0.54,0.394,0.023,0.123,0.541,0.213,0.632,-4.854e-4,0,-0.024,1.229,1.253,-1.186e-5,879.224,0.001,335.727,0.156,6.4,32.17
12.413,0.85,2643.132,456.9,0.262,0.003,62.122,43.168,0,0.54,0.394,0.023,0.123,0.541,0.215,0.636,5.311e-5,0,-0.024,1.229,1.253,-1.529e-5,879.158,0.001,335.725,0.156,6.4,32.17
12.426,0.855,2643.132,456.9,0.262,0.003,62.118,43.168,0,0.54,0.394,0.023,0.123,0.541,0.216,0.64,-1.147e-4,0,-0.024,1.229,1.253,-1.744e-5,879.093,0.001,335.722,0.155,6.4,32.17
12.438,0.861,2643.132,456.9,0.262,0.003,62.116,43.168,0,0.54,0.394,0.023,0.123,0.541,0.217,0.644,1.083e-4,0,-0.024,1.229,1.253,-1.792e-5,879.027,0.001,335.72,0.155,6.4,32.17
12.45,0.866,2643.132,456.9,0.262,0.003,62.115,43.168,0,0.54,0.394,0.023,0.123,0.541,0.219,0.648,1.751e-4,0,-0.024,1.229,1.253,-1.67e-5,878.962,0.001,335.717,0.154,6.4,32.17
12.462,0.872,2643.132,456.9,0.262,0.003,62.114,43.168,0,0.539,0.394,0.022,0.123,0.541,0.22,0.653,-3.296e-4,0,-0.025,1.229,1.253,-1.388e-5,878.898,0.001,335.715,0.154,6.4,32.17
12.474,0.878,2643.132,456.9,0.262,0.003,62.115,43.168,0,0.539,0.394,0.022,0.123,0.541,0.222,0.656,-1.824e-4,0,-0.025,1.229,1.253,-1.019e-5,878.833,0.001,335.713,0.154,6.4,32.17
12.486,0.882,2643.132,456.9,0.262,0.003,62.116,43.168,0,0.539,0.394,0.022,0.123,0.541,0.223,0.66,-2.29e-4,0,-0.025,1.229,1.253,-6.337e-6,878.769,0.001,335.71,0.153,6.4,32.17
12.498,0.884,2643.132,456.9,0.262,0.003,62.118,43.168,0,0.539,0.394,0.022,0.123,0.541,0.224,0.661,-9.015e-6,0,-0.025,1.229,1.254,-3.014e-6,878.704,0.001,335.708,0.153,6.4,32.17
12.51,0.886,2643.132,456.9,0.262,0.003,62.12,43.168,0,0.539,0.394,0.022,0.123,0.541,0.224,0.663,2.549e-4,0,-0.025,1.229,1.254,-7.652e-7,878.64,0.001,335.705,0.152,6.4,32.17
12.522,0.886,2643.132,456.9,0.262,0.003,62.121,43.168,0,0.539,0.394,0.022,0.123,0.541,0.224,0.663,1.037e-4,0,-0.025,1.229,1.254,0,878.576,0.001,335.703,0.152,6.4,32.17
12.534,0.885,2643.132,456.9,0.262,0.003,62.122,43.168,0,0.539,0.394,0.022,0.123,0.54,0.224,0.662,-2.25e-4,0,-0.025,1.228,1.254,8.386e-7,878.512,0.001,335.701,0.152,6.4,32.17
12.546,0.882,2643.132,456.9,0.262,0.003,62.123,43.168,0,0.539,0.394,0.022,0.123,0.54,0.223,0.66,-7.61e-5,0,-0.025,1.228,1.254,3.106e-6,878.449,0.001,335.698,0.151,6.4,32.17
12.558,0.875,2643.132,456.9,0.262,0.003,62.124,43.168,0,0.539,0.394,0.022,0.123,0.54,0.221,0.655,-3.182e-4,0,-0.026,1.228,1.254,6.307e-6,878.385,0.001,335.696,0.151,6.4,32.17
12.57,0.867,2643.132,456.9,0.262,0.003,62.125,43.168,0,0.539,0.394,0.022,0.123,0.54,0.219,0.649,-1.46e-4,0,-0.026,1.228,1.254,9.778e-6,878.322,0.001,335.694,0.151,6.4,32.17
12.582,0.858,2643.132,456.9,0.262,0.003,62.125,43.168,0,0.539,0.394,0.022,0.123,0.54,0.217,0.642,3.077e-4,0,-0.026,1.228,1.254,1.285e-5,878.258,0.001,335.691,0.15,6.4,32.17
12.594,0.847,2643.132,456.9,0.262,0.003,62.126,43.168,0,0.539,0.394,0.022,0.123,0.54,0.214,0.634,-1.505e-4,0,-0.026,1.228,1.254,1.49e-5,878.195,0.001,335.689,0.15,6.4,32.17
12.606,0.833,2643.132,456.9,0.262,0.003,62.128,43.168,0,0.539,0.394,0.022,0.123,0.54,0.21,0.623,1.454e-4,0,-0.026,1.228,1.254,1.51e-5,878.132,0.001,335.687,0.149,6.4,32.17
12.618,0.815,2643.132,456.9,0.262,0.003,62.133,43.168,0,0.539,0.394,0.022,0.123,0.54,0.206,0.609,4.821e-4,0,-0.026,1.228,1.255,1.313e-5,878.07,0.001,335.684,0.149,6.4,32.17
12.63,0.798,2643.132,456.9,0.262,0.003,62.138,43.168,0,0.539,0.394,0.022,0.123,0.54,0.201,0.596,4.213e-4,0,-0.026,1.228,1.255,9.74e-6,878.007,0.001,335.682,0.149,6.4,32.17
12.642,0.781,2643.132,456.9,0.262,0.003,62.144,43.168,0,0.539,0.394,0.022,0.123,0.54,0.197,0.584,-3.52e-4,0,-0.027,1.228,1.255,5.75e-6,877.945,0.001,335.68,0.148,6.4,32.17
12.654,0.782,2643.132,456.9,0.262,0.003,62.144,43.168,0,0.539,0.394,0.022,0.123,0.54,0.197,0.585,-4.37e-4,0,-0.027,1.228,1.255,3.319e-6,877.883,0.001,335.677,0.148,6.4,32.17
12.666,0.813,2643.132,456.9,0.262,0.003,62.134,43.168,0,0.539,0.394,0.022,0.123,0.54,0.205,0.608,4.203e-4,0,-0.027,1.228,1.255,3.162e-6,877.82,0.001,335.675,0.148,6.4,32.17
12.679,0.846,2643.132,456.9,0.262,0.003,62.123,43.168,0,0.539,0.394,0.022,0.123,0.54,0.214,0.633,6.135e-5,0,-0.027,1.228,1.255,3.068e-6,877.758,0.001,335.673,0.147,6.4,32.17
12.691,0.879,2643.132,456.9,0.262,0.003,62.113,43.168,0,0.539,0.394,0.022,0.123,0.54,0.222,0.658,-4.546e-4,0,-0.027,1.228,1.255,3.057e-6,877.695,0.001,335.67,0.147,6.4,32.17
12.703,0.902,2643.132,456.9,0.262,0.003,62.107,43.168,0,0.539,0.394,0.022,0.123,0.54,0.228,0.676,2.277e-4,0,-0.027,1.228,1.255,2.521e-6,877.633,0.001,335.668,0.146,6.4,32.17
12.716,0.891,2643.132,456.9,0.262,0.003,62.114,43.168,0,0.539,0.394,0.022,0.123,0.54,0.225,0.667,8.557e-5,0,-0.027,1.228,1.255,6.686e-7,877.57,0.001,335.666,0.146,6.4,32.17
12.728,0.882,2643.132,456.9,0.262,0.003,62.12,43.168,0,0.539,0.394,0.022,0.123,0.54,0.223,0.66,3.446e-4,0,-0.027,1.228,1.255,0,877.507,0.001,335.663,0.146,6.4,32.17
12.74,0.873,2643.132,456.9,0.262,0.003,62.124,43.168,0,0.539,0.394,0.022,0.123,0.54,0.221,0.653,-2.961e-4,0,-0.027,1.228,1.255,-8.812e-7,877.445,0.001,335.661,0.145,6.4,32.17
12.752,0.87,2643.132,456.9,0.262,0.003,62.125,43.168,0,0.539,0.394,0.022,0.123,0.54,0.22,0.65,-2.878e-4,0,-0.027,1.228,1.256,-3.127e-6,877.383,0.001,335.659,0.145,6.4,32.17
12.765,0.881,2643.132,456.9,0.262,0.003,62.12,43.168,0,0.539,0.394,0.022,0.123,0.54,0.223,0.66,9.562e-5,0,-0.027,1.228,1.256,-5.031e-6,877.321,0.001,335.657,0.145,6.4,32.17
12.777,0.893,2643.132,456.9,0.262,0.003,62.113,43.168,0,0.538,0.394,0.022,0.123,0.54,0.226,0.669,8.785e-5,0,-0.028,1.228,1.256,-6.745e-6,877.26,0.001,335.654,0.144,6.4,32.17
12.789,0.906,2643.132,456.9,0.262,0.003,62.105,43.168,0,0.538,0.394,0.022,0.123,0.54,0.229,0.678,6.283e-5,0,-0.028,1.228,1.256,-7.952e-6,877.198,0.001,335.652,0.144,6.4,32.17
12.801,0.919,2643.132,456.9,0.262,0.003,62.097,43.168,0,0.538,0.394,0.022,0.123,0.54,0.233,0.687,2.173e-5,0,-0.028,1.228,1.256,-8.403e-6,877.137,0.001,335.65,0.143,6.4,32.17
12.814,0.935,2643.132,456.9,0.262,0.003,62.088,43.168,0,0.538,0.394,0.022,0.123,0.54,0.237,0.699,-2.657e-4,0,-0.028,1.228,1.256,-7.808e-6,877.075,0.001,335.647,0.143,6.4,32.17
12.826,0.951,2643.132,456.9,0.262,0.003,62.08,43.168,0,0.538,0.394,0.022,0.123,0.54,0.241,0.711,-4.142e-4,0,-0.028,1.228,1.256,-6.505e-6,877.014,0.001,335.645,0.143,6.4,32.17
12.838,0.966,2643.132,456.9,0.262,0.003,62.072,43.168,0,0.538,0.394,0.022,0.123,0.54,0.244,0.722,4.296e-4,0,-0.028,1.228,1.256,-4.75e-6,876.953,0.001,335.643,0.142,6.4,32.17
12.851,0.979,2643.132,456.9,0.262,0.003,62.066,43.168,0,0.538,0.394,0.022,0.123,0.54,0.248,0.733,-2.302e-6,0,-0.028,1.228,1.256,-2.911e-6,876.892,0.001,335.641,0.142,6.4,32.17
12.863,0.982,2643.132,456.9,0.262,0.003,62.065,43.168,0,0.538,0.394,0.022,0.123,0.54,0.249,0.735,-3.322e-4,0,-0.028,1.228,1.256,-1.673e-6,876.83,0.001,335.638,0.142,6.4,32.17
12.876,0.985,2643.132,456.9,0.262,0.003,62.064,43.168,0,0.538,0.394,0.022,0.123,0.54,0.249,0.736,-3.604e-4,0,-0.029,1.228,1.257,-6.922e-7,876.77,0.001,335.636,0.141,6.4,32.17
12.888,0.986,2643.132,456.9,0.262,0.003,62.066,43.168,0,0.538,0.394,0.022,0.123,0.54,0.25,0.737,-1.795e-4,0,-0.029,1.228,1.257,-1.178e-7,876.709,0.001,335.634,0.141,6.4,32.17
12.9,0.986,2643.132,456.9,0.262,0.003,62.068,43.168,0,0.538,0.394,0.021,0.123,0.54,0.25,0.737,-2.928e-5,0,-0.029,1.228,1.257,2.281e-8,876.649,0.001,335.632,0.14,6.4,32.17
12.913,0.974,2643.132,456.9,0.262,0.003,62.075,43.168,0,0.538,0.394,0.021,0.123,0.54,0.247,0.729,-9.002e-5,0,-0.029,1.228,1.257,2.125e-7,876.588,0.001,335.629,0.14,6.4,32.17
12.925,0.961,2643.132,456.9,0.262,0.003,62.083,43.168,0,0.538,0.394,0.021,0.123,0.54,0.243,0.719,-1.648e-4,0,-0.029,1.228,1.257,4.936e-7,876.528,0.001,335.627,0.14,6.4,32.17
12.937,0.948,2643.132,456.9,0.262,0.003,62.09,43.168,0,0.538,0.394,0.021,0.123,0.539,0.24,0.709,5.126e-5,0,-0.03,1.228,1.257,7.531e-7,876.469,0.001,335.625,0.139,6.4,32.17
12.95,0.934,2643.132,456.9,0.262,0.003,62.097,43.168,0,0.538,0.394,0.021,0.123,0.539,0.236,0.699,-3.359e-4,0,-0.03,1.228,1.258,8.921e-7,876.409,0.001,335.623,0.139,6.4,32.17
12.962,0.955,2643.132,456.9,0.262,0.003,62.09,43.168,0,0.538,0.394,0.021,0.122,0.539,0.242,0.715,3.887e-5,0,-0.03,1.228,1.258,2.451e-6,876.35,0.001,335.621,0.138,6.4,32.17
12.974,0.978,2643.132,456.9,0.262,0.003,62.082,43.168,0,0.538,0.394,0.021,0.122,0.539,0.248,0.732,7.178e-5,0,-0.03,1.228,1.258,4.917e-6,876.291,0.001,335.618,0.138,6.4,32.17
12.987,1,2643.132,456.9,0.262,0.003,62.073,43.168,0,0.538,0.394,0.021,0.122,0.539,0.254,0.749,-4.217e-4,0,-0.03,1.228,1.258,8.221e-6,876.232,0.001,335.616,0.138,6.4,32.17
12.999,1.023,2643.132,456.9,0.262,0.003,62.063,43.168,0,0.538,0.394,0.021,0.122,0.54,0.259,0.766,3.472e-4,0,-0.03,1.228,1.258,1.221e-5,876.172,0.001,335.614,0.137,6.4,32.17
13.012,1.047,2643.132,456.9,0.262,0.003,62.052,43.168,0,0.538,0.394,0.021,0.122,0.54,0.266,0.784,-3.381e-4,0,-0.03,1.228,1.258,1.683e-5,876.113,0.001,335.612,0.137,6.4,32.17
13.024,1.071,2643.132,456.9,0.262,0.003,62.041,43.168,0,0.538,0.394,0.021,0.122,0.54,0.272,0.802,3.396e-4,0,-0.03,1.228,1.258,2.168e-5,876.053,0.001,335.61,0.137,6.4,32.17
13.037,1.096,2643.132,456.9,0.262,0.003,62.029,43.168,0,0.538,0.394,0.021,0.122,0.54,0.278,0.82,-4.108e-4,0,-0.03,1.228,1.258,2.64e-5,875.993,0.001,335.607,0.136,6.4,32.17
13.049,1.12,2643.132,456.9,0.262,0.003,62.017,43.168,0,0.538,0.394,0.021,0.122,0.54,0.285,0.838,2.386e-4,0,-0.03,1.228,1.258,3.061e-5,875.934,0.001,335.605,0.136,6.4,32.17
13.062,1.132,2643.132,456.9,0.262,0.003,62.01,43.168,0,0.538,0.394,0.021,0.122,0.54,0.288,0.847,1.32e-4,0,-0.03,1.228,1.258,3.179e-5,875.874,0.001,335.603,0.136,6.4,32.17
13.075,1.143,2643.132,456.9,0.262,0.003,62.003,43.168,0,0.538,0.394,0.021,0.122,0.54,0.291,0.856,-2.512e-4,0,-0.03,1.228,1.258,3.109e-5,875.814,0.001,335.601,0.135,6.4,32.17
13.087,1.155,2643.132,456.9,0.262,0.003,61.997,43.168,0,0.538,0.394,0.021,0.122,0.54,0.294,0.865,3.437e-4,0,-0.031,1.228,1.258,2.867e-5,875.755,0.001,335.599,0.135,6.4,32.17
13.1,1.168,2643.132,456.9,0.262,0.003,61.992,43.168,0,0.538,0.394,0.021,0.122,0.54,0.297,0.873,1.594e-4,0,-0.031,1.228,1.258,2.477e-5,875.696,0.001,335.596,0.134,6.4,32.17
13.113,1.14,2643.132,456.9,0.262,0.003,62.003,43.168,0,0.538,0.394,0.021,0.122,0.54,0.29,0.853,-4.867e-4,0,-0.031,1.228,1.259,1.402e-5,875.637,0.001,335.594,0.134,6.4,32.17
13.125,1.114,2643.132,456.9,0.262,0.003,62.015,43.168,0,0.538,0.394,0.021,0.122,0.539,0.283,0.833,-1.924e-4,0,-0.031,1.228,1.259,4.938e-6,875.578,0.001,335.592,0.134,6.4,32.17
13.138,1.091,2643.132,456.9,0.262,0.003,62.026,43.168,0,0.537,0.394,0.021,0.122,0.539,0.277,0.816,-2.357e-4,0,-0.032,1.228,1.259,2.363e-7,875.52,0.001,335.59,0.133,6.4,32.17
13.151,1.071,2643.132,456.9,0.262,0.003,62.036,43.168,0,0.537,0.394,0.021,0.122,0.539,0.272,0.801,4.369e-4,0,-0.032,1.228,1.26,-1.888e-6,875.462,0.001,335.588,0.133,6.4,32.17
13.163,1.055,2643.132,456.9,0.262,0.003,62.045,43.168,0,0.537,0.394,0.021,0.122,0.539,0.268,0.789,-2.028e-4,0,-0.032,1.228,1.26,-1.049e-5,875.405,0.001,335.586,0.132,6.4,32.17
13.175,1.042,2643.132,456.9,0.262,0.003,62.053,43.168,0,0.537,0.394,0.021,0.122,0.539,0.264,0.78,-4.967e-5,0,-0.033,1.227,1.26,-2.533e-5,875.348,0.001,335.583,0.132,6.4,32.17
13.188,1.031,2643.132,456.9,0.262,0.003,62.058,43.168,0,0.537,0.394,0.021,0.122,0.539,0.262,0.772,2.775e-4,0,-0.033,1.227,1.26,-4.449e-5,875.291,0.001,335.581,0.132,6.4,32.17
13.2,1.024,2643.132,456.9,0.262,0.003,62.062,43.168,0,0.537,0.394,0.021,0.122,0.539,0.26,0.767,5.744e-5,0,-0.033,1.227,1.261,-6.49e-5,875.235,0.001,335.579,0.131,6.4,32.17
13.213,1.061,2643.132,456.9,0.262,0.003,62.048,43.168,0,0.537,0.394,0.021,0.122,0.539,0.269,0.794,3.677e-4,0,-0.033,1.227,1.261,-6.531e-5,875.179,0.001,335.577,0.131,6.4,32.17
13.225,1.099,2643.132,456.9,0.262,0.003,62.032,43.168,0,0.537,0.394,0.021,0.122,0.539,0.279,0.822,3.163e-4,0,-0.033,1.227,1.261,-6.129e-5,875.123,0.001,335.575,0.13,6.4,32.17
13.237,1.138,2643.132,456.9,0.262,0.003,62.016,43.168,0,0.537,0.394,0.021,0.122,0.539,0.289,0.852,-9.584e-5,0,-0.033,1.227,1.261,-5.339e-5,875.067,0.001,335.573,0.13,6.4,32.17
13.25,1.177,2643.132,456.9,0.262,0.003,62,43.168,0,0.537,0.394,0.021,0.122,0.539,0.299,0.881,7.004e-5,0,-0.033,1.227,1.261,-4.258e-5,875.01,0.001,335.571,0.13,6.4,32.17
13.263,1.156,2643.132,456.9,0.262,0.003,62.004,43.168,0,0.537,0.394,0.021,0.122,0.539,0.294,0.865,-2.821e-4,0,-0.034,1.227,1.261,-4.167e-5,874.954,0.001,335.569,0.129,6.4,32.17
13.275,1.135,2643.132,456.9,0.262,0.003,62.009,43.168,0,0.537,0.394,0.021,0.122,0.539,0.289,0.85,-2.223e-4,0,-0.034,1.227,1.261,-3.887e-5,874.898,0.001,335.567,0.129,6.4,32.17
13.288,1.114,2643.132,456.9,0.262,0.003,62.014,43.168,0,0.537,0.394,0.021,0.122,0.539,0.283,0.833,-3.994e-4,0,-0.034,1.227,1.262,-3.451e-5,874.842,0.001,335.565,0.129,6.4,32.17
13.3,1.091,2643.132,456.9,0.262,0.003,62.02,43.168,0,0.537,0.394,0.021,0.122,0.539,0.277,0.817,2.396e-4,0,-0.035,1.227,1.262,-2.911e-5,874.787,0.001,335.563,0.128,6.4,32.17
13.312,1.063,2643.132,456.9,0.262,0.003,62.03,43.168,0,0.537,0.394,0.021,0.122,0.539,0.27,0.794,4.15e-4,0,-0.035,1.227,1.262,-2.406e-5,874.732,0.001,335.561,0.128,6.4,32.17
13.325,1.034,2643.132,456.9,0.262,0.003,62.04,43.168,0,0.537,0.394,0.021,0.122,0.539,0.262,0.773,2.178e-4,0,-0.035,1.227,1.263,-1.894e-5,874.678,0.001,335.559,0.127,6.4,32.17
13.337,1.003,2643.132,456.9,0.262,0.003,62.052,43.168,0,0.537,0.394,0.021,0.122,0.539,0.254,0.75,-1.506e-4,0,-0.036,1.227,1.263,-1.414e-5,874.624,0.001,335.557,0.127,6.4,32.17
13.349,0.972,2643.132,456.9,0.262,0.003,62.065,43.168,0,0.537,0.394,0.021,0.122,0.538,0.246,0.727,-4.978e-5,0,-0.036,1.227,1.263,-9.946e-6,874.57,0.001,335.555,0.127,6.4,32.17
13.361,0.963,2643.132,456.9,0.262,0.003,62.071,43.168,0,0.537,0.394,0.021,0.122,0.538,0.244,0.72,3.17e-4,0,-0.036,1.227,1.264,-4.55e-6,874.517,0.001,335.553,0.126,6.4,32.17
13.374,0.954,2643.132,456.9,0.262,0.003,62.076,43.168,0,0.537,0.394,0.021,0.122,0.538,0.241,0.713,5.988e-5,0,-0.036,1.227,1.264,-1.114e-6,874.464,0.001,335.551,0.126,6.4,32.17
13.386,0.944,2643.132,456.9,0.262,0.003,62.082,43.168,0,0.537,0.394,0.021,0.122,0.538,0.239,0.705,-5e-4,0,-0.037,1.227,1.264,0,874.411,0.001,335.549,0.125,6.4,32.17
13.398,0.931,2643.132,456.9,0.262,0.003,62.089,43.168,0,0.537,0.394,0.02,0.122,0.538,0.236,0.696,3.586e-4,0,-0.037,1.227,1.264,1.134e-6,874.358,0.001,335.547,0.125,6.4,32.17
13.41,0.938,2643.132,456.9,0.262,0.003,62.088,43.168,0,0.537,0.394,0.02,0.122,0.538,0.237,0.701,3.779e-5,0,-0.037,1.227,1.264,5.706e-6,874.305,0.001,335.545,0.125,6.4,32.17
13.423,0.948,2643.132,456.9,0.262,0.003,62.086,43.168,0,0.537,0.394,0.02,0.122,0.538,0.24,0.709,4.492e-5,0,-0.037,1.227,1.264,1.412e-5,874.251,0.001,335.543,0.124,6.4,32.17
13.435,0.959,2643.132,456.9,0.262,0.003,62.083,43.168,0,0.537,0.394,0.02,0.122,0.538,0.243,0.718,-1.401e-4,0,-0.037,1.227,1.264,2.596e-5,874.198,0.001,335.541,0.124,6.4,32.17
13.448,0.97,2643.132,456.9,0.262,0.003,62.079,43.168,0,0.537,0.394,0.02,0.122,0.538,0.246,0.725,-2.028e-4,0,-0.037,1.227,1.264,4.065e-5,874.145,0.001,335.539,0.124,6.4,32.17
13.46,0.949,2643.132,456.9,0.262,0.003,62.087,43.168,0,0.537,0.394,0.02,0.122,0.538,0.24,0.71,-3.366e-4,0,-0.037,1.227,1.264,5.048e-5,874.091,0.001,335.537,0.123,6.4,32.17
13.473,0.919,2643.132,456.9,0.262,0.003,62.098,43.168,0,0.537,0.394,0.02,0.122,0.538,0.232,0.688,2.602e-4,0,-0.037,1.227,1.264,5.549e-5,874.038,0.001,335.535,0.123,6.4,32.17
13.485,0.889,2643.132,456.9,0.262,0.003,62.109,43.168,0,0.537,0.394,0.02,0.122,0.538,0.225,0.665,3.498e-5,0,-0.038,1.227,1.265,5.598e-5,873.985,0.001,335.533,0.122,6.4,32.17
13.498,0.859,2643.132,456.9,0.262,0.003,62.118,43.168,0,0.537,0.394,0.02,0.122,0.538,0.217,0.642,4.277e-4,0,-0.038,1.227,1.265,5.176e-5,873.932,0.001,335.531,0.122,6.4,32.17
13.51,0.848,2643.132,456.9,0.262,0.003,62.12,43.168,0,0.536,0.394,0.02,0.122,0.538,0.214,0.634,-2.825e-4,0,-0.038,1.227,1.265,4.903e-5,873.88,0.001,335.529,0.122,6.4,32.17
13.523,0.842,2643.132,456.9,0.262,0.003,62.12,43.168,0,0.536,0.394,0.02,0.122,0.538,0.213,0.629,4.178e-4,0,-0.038,1.227,1.265,4.504e-5,873.828,0.001,335.527,0.121,6.4,32.17
13.535,0.838,2643.132,456.9,0.262,0.003,62.119,43.168,0,0.536,0.394,0.02,0.122,0.538,0.211,0.626,-4.791e-4,0,-0.038,1.227,1.265,3.893e-5,873.775,0.001,335.525,0.121,6.4,32.17
13.548,0.835,2643.132,456.9,0.262,0.003,62.118,43.168,0,0.536,0.394,0.02,0.122,0.538,0.211,0.623,1.444e-4,0,-0.039,1.227,1.266,3.131e-5,873.723,0.001,335.523,0.121,6.4,32.17
13.56,0.833,2643.132,456.9,0.262,0.003,62.116,43.168,0,0.536,0.394,0.02,0.122,0.537,0.21,0.622,3.778e-4,0,-0.039,1.227,1.266,2.299e-5,873.671,0.001,335.521,0.12,6.4,32.17
13.573,0.834,2643.132,456.9,0.262,0.003,62.115,43.168,0,0.536,0.394,0.02,0.122,0.537,0.21,0.623,3.823e-4,0,-0.039,1.227,1.266,1.49e-5,873.619,0.001,335.519,0.12,6.4,32.17
13.585,0.837,2643.132,456.9,0.262,0.003,62.112,43.168,0,0.536,0.394,0.02,0.122,0.537,0.211,0.625,4.348e-5,0,-0.039,1.227,1.266,7.951e-6,873.566,0.001,335.517,0.119,6.4,32.17
13.598,0.842,2643.132,456.9,0.262,0.003,62.11,43.168,0,0.536,0.394,0.02,0.122,0.537,0.212,0.629,-2.728e-4,0,-0.039,1.227,1.266,2.907e-6,873.515,0.001,335.516,0.119,6.4,32.17
13.611,0.841,2643.132,456.9,0.262,0.003,62.11,43.168,0,0.536,0.394,0.02,0.122,0.537,0.212,0.628,-5.904e-5,0,-0.04,1.227,1.267,1.392e-7,873.463,0.001,335.514,0.119,6.4,32.17
13.623,0.842,2643.132,456.9,0.262,0.003,62.111,43.168,0,0.536,0.394,0.02,0.122,0.537,0.213,0.629,-5.007e-5,0,-0.04,1.227,1.267,-1.016e-6,873.411,0.001,335.512,0.118,6.4,32.17
13.636,0.845,2643.132,456.9,0.262,0.003,62.111,43.168,0,0.536,0.394,0.02,0.122,0.537,0.213,0.631,-3.503e-4,0,-0.04,1.227,1.267,-5.572e-6,873.359,0.001,335.51,0.118,6.4,32.17
13.649,0.85,2643.132,456.9,0.262,0.003,62.111,43.168,0,0.536,0.394,0.02,0.122,0.537,0.215,0.636,2.454e-4,0,-0.04,1.227,1.267,-1.324e-5,873.308,0.001,335.508,0.118,6.4,32.17
13.661,0.882,2643.132,456.9,0.262,0.003,62.101,43.168,0,0.536,0.394,0.02,0.122,0.537,0.223,0.659,-4.606e-4,0,-0.04,1.227,1.267,-1.79e-5,873.257,0.001,335.506,0.117,6.4,32.17
13.674,0.919,2643.132,456.9,0.262,0.003,62.089,43.168,0,0.536,0.394,0.02,0.122,0.537,0.232,0.687,-1.238e-4,0,-0.041,1.227,1.267,-2.134e-5,873.206,0.001,335.504,0.117,6.4,32.17
13.687,0.958,2643.132,456.9,0.262,0.003,62.076,43.168,0,0.536,0.394,0.02,0.122,0.538,0.242,0.716,4.835e-5,0,-0.041,1.227,1.267,-2.361e-5,873.154,0.001,335.502,0.116,6.4,32.17
13.7,0.999,2643.132,456.9,0.262,0.003,62.062,43.168,0,0.536,0.394,0.02,0.122,0.538,0.253,0.747,-2.894e-4,0,-0.041,1.227,1.268,-2.437e-5,873.103,0.001,335.5,0.116,6.4,32.17
13.712,1.004,2643.132,456.9,0.262,0.003,62.062,43.168,0,0.536,0.394,0.02,0.122,0.538,0.254,0.751,1.062e-4,0,-0.041,1.227,1.268,-2.949e-5,873.052,0.001,335.498,0.116,6.4,32.17
13.725,1.008,2643.132,456.9,0.262,0.003,62.062,43.168,0,0.536,0.394,0.02,0.122,0.538,0.255,0.753,1.547e-4,0,-0.042,1.227,1.268,-3.355e-5,873.001,0.001,335.497,0.115,6.4,32.17
13.738,1.012,2643.132,456.9,0.262,0.003,62.061,43.168,0,0.536,0.394,0.02,0.122,0.538,0.256,0.757,2.012e-4,0,-0.042,1.227,1.269,-3.6e-5,872.95,0.001,335.495,0.115,6.4,32.17
13.751,1.017,2643.132,456.9,0.262,0.003,62.059,43.168,0,0.536,0.394,0.02,0.122,0.538,0.258,0.761,-1.989e-5,0,-0.042,1.227,1.269,-3.654e-5,872.9,0.001,335.493,0.115,6.4,32.17
13.764,1.03,2643.132,456.9,0.262,0.003,62.053,43.168,0,0.536,0.394,0.02,0.122,0.538,0.261,0.771,-4.081e-4,0,-0.042,1.227,1.269,-3.404e-5,872.85,0.001,335.491,0.114,6.4,32.17
13.776,1.043,2643.132,456.9,0.262,0.003,62.047,43.168,0,0.536,0.394,0.02,0.122,0.538,0.265,0.781,-4.55e-4,0,-0.043,1.227,1.269,-2.994e-5,872.799,0.001,335.489,0.114,6.4,32.17
13.789,1.056,2643.132,456.9,0.262,0.003,62.04,43.168,0,0.536,0.394,0.02,0.122,0.538,0.268,0.79,1.635e-4,0,-0.043,1.227,1.27,-2.469e-5,872.75,0.001,335.487,0.113,6.4,32.17
13.802,1.068,2643.132,456.9,0.262,0.003,62.034,43.168,0,0.536,0.394,0.02,0.122,0.538,0.271,0.798,-8.945e-5,0,-0.043,1.227,1.27,-1.884e-5,872.7,0.001,335.485,0.113,6.4,32.17
13.815,1.079,2643.132,456.9,0.262,0.003,62.027,43.168,0,0.536,0.394,0.02,0.122,0.538,0.274,0.808,4.292e-4,0,-0.044,1.227,1.27,-1.303e-5,872.65,0.001,335.484,0.113,6.4,32.17
13.827,1.09,2643.132,456.9,0.262,0.003,62.021,43.168,0,0.536,0.394,0.02,0.122,0.538,0.277,0.815,3.514e-4,0,-0.044,1.227,1.271,-7.766e-6,872.601,0.001,335.482,0.112,6.4,32.17
13.84,1.1,2643.132,456.9,0.262,0.003,62.015,43.168,0,0.536,0.394,0.02,0.122,0.538,0.279,0.822,1.749e-4,0,-0.044,1.227,1.271,-3.584e-6,872.552,0.001,335.48,0.112,6.4,32.17
13.853,1.124,2643.132,456.9,0.262,0.003,62.004,43.168,0,0.536,0.394,0.02,0.122,0.538,0.285,0.84,-2.392e-4,0,-0.044,1.227,1.271,-6.866e-7,872.503,0.001,335.478,0.111,6.4,32.17
13.866,1.198,2643.132,456.9,0.262,0.003,61.975,43.168,0,0.536,0.394,0.02,0.122,0.538,0.305,0.896,2.498e-4,0,-0.044,1.227,1.271,4.786e-7,872.454,0.001,335.476,0.111,6.4,32.17
13.879,1.273,2643.132,456.9,0.262,0.003,61.946,43.168,0,0.536,0.394,0.02,0.122,0.538,0.324,0.952,4.508e-4,0,-0.044,1.227,1.271,5.446e-6,872.405,0.001,335.474,0.111,6.4,32.17
13.892,1.348,2643.132,456.9,0.262,0.003,61.917,43.168,0,0.536,0.394,0.02,0.122,0.538,0.344,1.009,3.595e-7,0,-0.044,1.227,1.271,1.669e-5,872.356,0.001,335.473,0.11,6.4,32.17
13.905,1.389,2643.132,456.9,0.262,0.003,61.902,43.168,0,0.536,0.394,0.02,0.122,0.539,0.355,1.039,-1.544e-4,0,-0.045,1.227,1.271,3.332e-5,872.306,0.001,335.471,0.11,6.4,32.17
13.918,1.369,2643.132,456.9,0.262,0.003,61.909,43.168,0,0.536,0.394,0.02,0.122,0.538,0.35,1.024,-1.504e-4,0,-0.045,1.227,1.272,5.011e-5,872.257,0.001,335.469,0.11,6.4,32.17
13.931,1.348,2643.132,456.9,0.262,0.003,61.918,43.168,0,0.535,0.394,0.02,0.122,0.538,0.344,1.008,-4.286e-4,0,-0.046,1.226,1.272,6.67e-5,872.208,0.001,335.467,0.109,6.4,32.17
13.944,1.325,2643.132,456.9,0.262,0.003,61.927,43.168,0,0.535,0.394,0.02,0.122,0.538,0.338,0.991,-4.793e-4,0,-0.046,1.226,1.273,8.115e-5,872.16,0.001,335.465,0.109,6.4,32.17
13.957,1.337,2643.132,456.9,0.262,0.003,61.924,43.168,0,0.535,0.394,0.019,0.122,0.538,0.341,1,4.387e-4,0,-0.046,1.226,1.273,9.589e-5,872.111,0.001,335.464,0.108,6.4,32.17
13.97,1.38,2643.132,456.9,0.262,0.003,61.91,43.168,0,0.535,0.394,0.019,0.122,0.538,0.353,1.033,4.048e-4,0,-0.047,1.226,1.273,1.131e-4,872.063,0.001,335.462,0.108,6.4,32.17
13.983,1.424,2643.132,456.9,0.262,0.003,61.896,43.168,0,0.535,0.394,0.019,0.122,0.539,0.364,1.066,-1.791e-4,0,-0.047,1.226,1.273,1.292e-4,872.015,0.001,335.46,0.108,6.4,32.17
13.996,1.467,2643.132,456.9,0.262,0.003,61.882,43.168,0,0.535,0.394,0.019,0.121,0.539,0.376,1.099,-4.262e-4,0,-0.047,1.226,1.273,1.432e-4,871.967,0.001,335.458,0.107,6.4,32.17
14.009,1.498,2643.132,456.9,0.262,0.003,61.873,43.168,0,0.535,0.394,0.019,0.121,0.539,0.384,1.122,-7.38e-5,0,-0.047,1.226,1.273,1.523e-4,871.919,0.001,335.456,0.107,6.4,32.17
14.022,1.523,2643.132,456.9,0.262,0.003,61.865,43.168,0,0.535,0.394,0.019,0.121,0.539,0.39,1.14,-6.253e-5,0,-0.047,1.226,1.274,1.556e-4,871.871,0.001,335.455,0.107,6.4,32.17
14.035,1.549,2643.132,456.9,0.262,0.003,61.857,43.168,0,0.535,0.394,0.019,0.121,0.539,0.397,1.16,4.647e-4,0,-0.048,1.226,1.274,1.533e-4,871.823,0.001,335.453,0.106,6.4,32.17
14.049,1.575,2643.132,456.9,0.262,0.003,61.848,43.168,0,0.535,0.394,0.019,0.121,0.539,0.404,1.18,4.511e-5,0,-0.048,1.226,1.274,1.455e-4,871.776,0.001,335.451,0.106,6.4,32.17
14.062,1.627,2643.132,456.9,0.262,0.003,61.83,43.168,0,0.535,0.394,0.019,0.121,0.539,0.418,1.219,2.099e-4,0,-0.048,1.226,1.274,1.365e-4,871.728,0.001,335.449,0.106,6.4,32.17
14.075,1.683,2643.132,456.9,0.262,0.003,61.809,43.168,0,0.535,0.394,0.019,0.121,0.54,0.433,1.262,3.169e-5,0,-0.048,1.226,1.275,1.25e-4,871.68,0.001,335.448,0.105,6.4,32.17
14.088,1.741,2643.132,456.9,0.262,0.003,61.787,43.168,0,0.535,0.394,0.019,0.121,0.54,0.449,1.305,-4.553e-5,0,-0.048,1.226,1.275,1.114e-4,871.633,0.001,335.446,0.105,6.4,32.17
14.102,1.796,2643.132,456.9,0.262,0.003,61.765,43.168,0,0.535,0.394,0.019,0.121,0.54,0.463,1.346,2.087e-4,0,-0.049,1.226,1.275,9.575e-5,871.585,0.001,335.444,0.104,6.4,32.17
14.115,1.818,2643.132,456.9,0.262,0.003,61.755,43.168,0,0.535,0.394,0.019,0.121,0.54,0.469,1.363,3.608e-4,0,-0.049,1.226,1.275,7.502e-5,871.538,0.001,335.442,0.104,6.4,32.17
14.128,1.841,2643.132,456.9,0.262,0.003,61.744,43.168,0,0.535,0.394,0.019,0.121,0.54,0.475,1.38,-2.009e-4,0,-0.049,1.226,1.276,5.425e-5,871.491,0.001,335.441,0.104,6.4,32.17
14.142,1.867,2643.132,456.9,0.262,0.003,61.733,43.168,0,0.535,0.394,0.019,0.121,0.54,0.482,1.399,2.061e-4,0,-0.05,1.226,1.276,3.523e-5,871.444,0.001,335.439,0.103,6.4,32.17
14.155,1.896,2643.132,456.9,0.262,0.003,61.719,43.168,0,0.535,0.394,0.019,0.121,0.541,0.49,1.421,3.178e-4,0,-0.05,1.226,1.276,1.961e-5,871.397,0.001,335.437,0.103,6.4,32.17
14.168,1.932,2643.132,456.9,0.262,0.003,61.705,43.168,0,0.535,0.394,0.019,0.121,0.541,0.5,1.447,-4.78e-4,0,-0.051,1.226,1.277,8.478e-6,871.35,0.001,335.435,0.102,6.4,32.17
14.182,1.969,2643.132,456.9,0.262,0.003,61.689,43.168,0,0.535,0.394,0.019,0.121,0.541,0.51,1.475,9.498e-5,0,-0.051,1.226,1.277,1.984e-6,871.304,0.001,335.434,0.102,6.4,32.17
14.195,2.008,2643.132,456.9,0.262,0.003,61.674,43.168,0,0.535,0.394,0.019,0.121,0.541,0.52,1.505,1.284e-4,0,-0.051,1.226,1.278,0,871.258,0.001,335.432,0.102,6.4,32.17
14.208,2.02,2643.132,456.9,0.262,0.003,61.669,43.168,0,0.535,0.394,0.019,0.121,0.541,0.524,1.513,4.459e-4,0,-0.052,1.226,1.278,-2.656e-6,871.211,0.001,335.43,0.101,6.4,32.17
14.222,2.015,2643.132,456.9,0.262,0.003,61.671,43.168,0,0.535,0.394,0.019,0.121,0.541,0.522,1.511,6.233e-5,0,-0.052,1.226,1.279,-1.106e-5,871.166,0.001,335.429,0.101,6.4,32.17
14.235,2.013,2643.132,456.9,0.262,0.003,61.673,43.168,0,0.535,0.394,0.019,0.121,0.541,0.522,1.508,-1.629e-5,0,-0.053,1.226,1.279,-2.462e-5,871.12,0.001,335.427,0.101,6.4,32.17
14.248,2.013,2643.132,456.9,0.262,0.003,61.674,43.168,0,0.535,0.394,0.019,0.121,0.541,0.522,1.509,4.011e-4,0,-0.054,1.226,1.28,-4.217e-5,871.075,0.001,335.425,0.1,6.4,32.17
14.261,2.067,2643.132,456.9,0.262,0.003,61.657,43.168,0,0.535,0.394,0.019,0.121,0.541,0.536,1.549,-4.225e-4,0,-0.054,1.226,1.28,-5.481e-5,871.031,0.001,335.424,0.1,6.4,32.17
14.275,2.131,2643.132,456.9,0.262,0.003,61.636,43.168,0,0.535,0.394,0.019,0.121,0.542,0.554,1.598,-2.024e-5,0,-0.054,1.226,1.28,-6.331e-5,870.986,0.001,335.422,0.099,6.4,32.17
14.288,2.195,2643.132,456.9,0.262,0.003,61.615,43.168,0,0.535,0.394,0.019,0.121,0.542,0.571,1.647,4.549e-4,0,-0.054,1.226,1.281,-6.736e-5,870.941,0.001,335.42,0.099,6.4,32.17
14.301,2.258,2643.132,456.9,0.262,0.003,61.594,43.168,0,0.535,0.394,0.019,0.121,0.542,0.589,1.694,-4.965e-4,0,-0.055,1.226,1.281,-6.676e-5,870.897,0.001,335.419,0.099,6.4,32.17
14.314,2.292,2643.132,456.9,0.262,0.003,61.584,43.168,0,0.535,0.394,0.019,0.121,0.543,0.598,1.72,-5.112e-5,0,-0.055,1.226,1.281,-6.495e-5,870.853,0.001,335.417,0.098,6.4,32.17
14.328,2.325,2643.132,456.9,0.262,0.003,61.574,43.168,0,0.535,0.394,0.019,0.121,0.543,0.607,1.746,-4.456e-4,0,-0.056,1.226,1.282,-5.952e-5,870.808,0.001,335.415,0.098,6.4,32.17
14.341,2.357,2643.132,456.9,0.262,0.003,61.564,43.168,0,0.535,0.394,0.019,0.121,0.543,0.616,1.77,3.892e-4,0,-0.056,1.226,1.282,-5.115e-5,870.764,0.001,335.414,0.097,6.4,32.17
14.354,2.382,2643.132,456.9,0.262,0.003,61.556,43.168,0,0.535,0.394,0.019,0.121,0.543,0.623,1.789,-7.389e-6,0,-0.057,1.226,1.283,-4.133e-5,870.721,0.001,335.412,0.097,6.4,32.17
14.368,2.391,2643.132,456.9,0.262,0.003,61.552,43.168,0,0.535,0.394,0.019,0.121,0.543,0.625,1.796,-3.612e-4,0,-0.057,1.226,1.283,-3.182e-5,870.677,0.001,335.411,0.097,6.4,32.17
14.381,2.399,2643.132,456.9,0.262,0.003,61.549,43.168,0,0.535,0.394,0.019,0.121,0.543,0.627,1.802,2.521e-4,0,-0.058,1.226,1.284,-2.247e-5,870.634,0.001,335.409,0.096,6.4,32.17
14.394,2.406,2643.132,456.9,0.262,0.003,61.546,43.168,0,0.535,0.394,0.019,0.121,0.543,0.629,1.807,-2.261e-4,0,-0.058,1.226,1.284,-1.406e-5,870.591,0.001,335.407,0.096,6.4,32.17
14.407,2.475,2643.132,456.9,0.262,0.003,61.52,43.168,0,0.535,0.394,0.019,0.121,0.544,0.648,1.859,3.131e-5,0,-0.059,1.226,1.285,-5.412e-6,870.548,0.001,335.406,0.096,6.4,32.17
14.421,2.594,2643.132,456.9,0.262,0.003,61.477,43.168,0,0.534,0.394,0.019,0.121,0.545,0.681,1.949,4.095e-4,0,-0.058,1.226,1.284,-1.473e-7,870.505,0.001,335.404,0.095,6.4,32.17
14.434,2.713,2643.132,456.9,0.262,0.003,61.434,43.168,0,0.534,0.394,0.019,0.121,0.545,0.714,2.039,-1.224e-4,0,-0.058,1.226,1.284,3.266e-6,870.462,0.001,335.403,0.095,6.4,32.17
14.448,2.832,2643.132,456.9,0.262,0.003,61.391,43.168,0,0.534,0.394,0.019,0.121,0.546,0.748,2.129,1.689e-4,0,-0.058,1.226,1.284,1.781e-5,870.419,0.001,335.401,0.094,6.4,32.17
14.461,2.861,2643.132,456.9,0.262,0.003,61.379,43.168,0,0.534,0.394,0.019,0.121,0.547,0.756,2.15,1.67e-4,0,-0.059,1.226,1.285,4.104e-5,870.376,0.001,335.399,0.094,6.4,32.17
14.475,2.869,2643.132,456.9,0.262,0.003,61.374,43.168,0,0.534,0.395,0.019,0.121,0.547,0.758,2.156,-2.024e-4,0,-0.06,1.226,1.285,7.073e-5,870.333,0.001,335.398,0.094,6.4,32.17
14.488,2.874,2643.132,456.9,0.262,0.003,61.371,43.168,0,0.534,0.395,0.019,0.121,0.547,0.759,2.159,-2.214e-5,0,-0.06,1.226,1.286,1.051e-4,870.29,0.001,335.396,0.093,6.4,32.17
14.502,2.869,2643.132,456.9,0.262,0.003,61.37,43.168,0,0.534,0.395,0.019,0.121,0.547,0.758,2.156,4.225e-4,0,-0.061,1.226,1.287,1.408e-4,870.248,0.001,335.395,0.093,6.4,32.17
14.515,2.818,2643.132,456.9,0.262,0.003,61.387,43.168,0,0.534,0.395,0.019,0.121,0.546,0.744,2.117,3.596e-4,0,-0.062,1.226,1.288,1.682e-4,870.205,0.001,335.393,0.092,6.4,32.17
14.529,2.766,2643.132,456.9,0.262,0.003,61.404,43.168,0,0.534,0.395,0.019,0.121,0.546,0.729,2.078,4.547e-4,0,-0.063,1.226,1.289,1.865e-4,870.164,0.001,335.391,0.092,6.4,32.17
14.542,2.713,2643.132,456.9,0.262,0.003,61.422,43.168,0,0.534,0.395,0.019,0.121,0.545,0.714,2.037,4.955e-4,0,-0.064,1.226,1.289,1.938e-4,870.122,0.001,335.39,0.092,6.4,32.17
14.555,2.685,2643.132,456.9,0.262,0.003,61.432,43.168,0,0.534,0.395,0.019,0.121,0.545,0.707,2.016,-3.626e-4,0,-0.064,1.226,1.29,1.933e-4,870.081,0.001,335.388,0.091,6.4,32.17
14.569,2.693,2643.132,456.9,0.262,0.003,61.43,43.168,0,0.534,0.395,0.019,0.121,0.545,0.709,2.022,2.602e-4,0,-0.065,1.226,1.291,1.905e-4,870.041,0.001,335.387,0.091,6.4,32.17
14.582,2.701,2643.132,456.9,0.262,0.003,61.429,43.168,0,0.534,0.395,0.019,0.121,0.545,0.711,2.028,-2.618e-4,0,-0.065,1.226,1.291,1.809e-4,870,0.001,335.385,0.09,6.4,32.17
14.595,2.71,2643.132,456.9,0.262,0.003,61.427,43.168,0,0.534,0.395,0.019,0.121,0.545,0.713,2.035,-3.28e-4,0,-0.066,1.226,1.292,1.652e-4,869.96,0.001,335.384,0.09,6.4,32.17
14.609,2.69,2643.132,456.9,0.262,0.003,61.436,43.168,0,0.534,0.395,0.019,0.121,0.545,0.708,2.02,3.86e-4,0,-0.066,1.226,1.292,1.392e-4,869.92,0.001,335.382,0.09,6.4,32.17
14.622,2.655,2643.132,456.9,0.262,0.003,61.45,43.168,0,0.534,0.395,0.019,0.121,0.545,0.698,1.994,-2.608e-4,0,-0.067,1.226,1.293,1.06e-4,869.88,0.001,335.381,0.089,6.4,32.17
14.635,2.623,2643.132,456.9,0.262,0.003,61.463,43.168,0,0.534,0.395,0.019,0.121,0.544,0.689,1.969,-4.477e-4,0,-0.068,1.226,1.294,7.185e-5,869.84,0.001,335.38,0.089,6.4,32.17
14.648,2.592,2643.132,456.9,0.262,0.003,61.476,43.168,0,0.534,0.395,0.019,0.121,0.544,0.681,1.946,2.012e-4,0,-0.069,1.226,1.295,4.068e-5,869.801,0.001,335.378,0.088,6.4,32.17
14.662,2.545,2643.132,456.9,0.262,0.003,61.494,43.168,0,0.534,0.395,0.019,0.121,0.544,0.667,1.911,1.77e-4,0,-0.07,1.226,1.295,1.49e-5,869.762,0.001,335.377,0.088,6.4,32.17
14.675,2.498,2643.132,456.9,0.262,0.003,61.512,43.168,0,0.534,0.395,0.019,0.121,0.543,0.654,1.876,-3.356e-4,0,-0.071,1.226,1.296,1.164e-6,869.723,0.001,335.375,0.088,6.4,32.17
14.688,2.454,2643.132,456.9,0.262,0.003,61.528,43.168,0,0.534,0.395,0.019,0.121,0.543,0.642,1.842,4.388e-4,0,-0.071,1.226,1.297,-3.533e-6,869.685,0.001,335.374,0.087,6.4,32.17
14.701,2.42,2643.132,456.9,0.262,0.003,61.54,43.168,0,0.534,0.395,0.019,0.121,0.543,0.633,1.817,-3.677e-4,0,-0.072,1.226,1.298,-2.363e-5,869.647,0.001,335.372,0.087,6.4,32.17
14.714,2.498,2643.132,456.9,0.262,0.003,61.512,43.168,0,0.534,0.395,0.018,0.121,0.543,0.655,1.876,1.704e-4,0,-0.072,1.226,1.298,-4.31e-5,869.609,0.001,335.371,0.087,6.4,32.17
14.727,2.58,2643.132,456.9,0.262,0.003,61.483,43.168,0,0.534,0.395,0.018,0.121,0.544,0.677,1.938,-7.01e-5,0,-0.072,1.226,1.298,-6.47e-5,869.571,0.001,335.37,0.086,6.4,32.17
14.74,2.664,2643.132,456.9,0.262,0.003,61.452,43.168,0,0.534,0.395,0.018,0.121,0.545,0.701,2.002,-8.224e-5,0,-0.073,1.226,1.298,-8.587e-5,869.533,0.001,335.368,0.086,6.4,32.17
14.754,2.73,2643.132,456.9,0.262,0.003,61.428,43.168,0,0.534,0.395,0.018,0.121,0.545,0.719,2.052,2.344e-5,0,-0.073,1.226,1.299,-1.084e-4,869.495,0.001,335.367,0.085,6.4,32.17
14.767,2.736,2643.132,456.9,0.262,0.003,61.425,43.168,0,0.534,0.395,0.018,0.121,0.545,0.721,2.056,1.44e-4,0,-0.074,1.226,1.299,-1.413e-4,869.456,0.001,335.365,0.085,6.4,32.17
14.78,2.743,2643.132,456.9,0.262,0.003,61.42,43.168,0,0.534,0.395,0.018,0.121,0.545,0.723,2.061,-2.662e-4,0,-0.074,1.226,1.3,-1.735e-4,869.419,0.001,335.364,0.085,6.4,32.17
14.794,2.751,2643.132,456.9,0.262,0.003,61.415,43.168,0,0.534,0.395,0.018,0.121,0.545,0.725,2.067,7.839e-5,0,-0.075,1.226,1.301,-2.027e-4,869.381,0.001,335.363,0.084,6.4,32.17
14.807,2.843,2643.132,456.9,0.262,0.003,61.382,43.168,0,0.534,0.395,0.018,0.121,0.546,0.751,2.137,-1.55e-4,0,-0.075,1.226,1.301,-2.068e-4,869.344,0.001,335.361,0.084,6.4,32.17
14.82,3.017,2643.132,456.9,0.262,0.003,61.321,43.168,0,0.534,0.395,0.018,0.121,0.547,0.8,2.268,-2.912e-4,0,-0.075,1.226,1.301,-1.819e-4,869.306,0.001,335.36,0.084,6.4,32.17
14.834,3.194,2643.132,456.9,0.262,0.003,61.259,43.168,0,0.534,0.395,0.018,0.121,0.549,0.85,2.402,1.069e-4,0,-0.075,1.226,1.3,-1.485e-4,869.268,0.001,335.358,0.083,6.4,32.17
14.848,3.374,2643.132,456.9,0.262,0.003,61.197,43.168,0,0.534,0.395,0.018,0.121,0.55,0.901,2.539,4.2e-4,0,-0.075,1.226,1.3,-1.095e-4,869.231,0.001,335.357,0.083,6.4,32.17
14.861,3.443,2643.132,456.9,0.262,0.003,61.173,43.168,0,0.534,0.395,0.018,0.121,0.551,0.921,2.591,1.328e-4,0,-0.075,1.226,1.301,-8.01e-5,869.192,0.001,335.356,0.083,6.4,32.17
14.875,3.485,2643.132,456.9,0.262,0.003,61.157,43.168,0,0.534,0.395,0.018,0.121,0.551,0.933,2.623,-2.25e-4,0,-0.076,1.226,1.301,-5.412e-5,869.154,0.001,335.354,0.082,6.4,32.17
14.889,3.527,2643.132,456.9,0.262,0.003,61.143,43.168,0,0.534,0.395,0.018,0.121,0.552,0.945,2.655,-3.09e-4,0,-0.077,1.226,1.302,-3.131e-5,869.117,0.001,335.353,0.082,6.4,32.17
14.903,3.564,2643.132,456.9,0.262,0.003,61.131,43.168,0,0.534,0.395,0.018,0.121,0.552,0.956,2.683,-5.749e-5,0,-0.077,1.226,1.303,-1.375e-5,869.079,0.001,335.351,0.081,6.4,32.17
14.917,3.59,2643.132,456.9,0.262,0.003,61.122,43.168,0,0.534,0.395,0.018,0.121,0.552,0.964,2.703,-1.084e-4,0,-0.078,1.226,1.304,-3.118e-6,869.042,0.001,335.35,0.081,6.4,32.17
14.931,3.615,2643.132,456.9,0.262,0.003,61.115,43.168,0,0.534,0.395,0.018,0.121,0.552,0.971,2.722,2.676e-4,0,-0.079,1.226,1.305,5.242e-8,869.005,0.001,335.349,0.081,6.4,32.17
14.945,3.638,2643.132,456.9,0.262,0.003,61.108,43.168,0,0.534,0.395,0.018,0.121,0.553,0.977,2.739,-2.329e-4,0,-0.08,1.226,1.305,5.047e-6,868.968,0.001,335.347,0.08,6.4,32.17
14.958,3.686,2643.132,456.9,0.262,0.003,61.093,43.168,0,0.534,0.395,0.018,0.121,0.553,0.991,2.776,4.877e-4,0,-0.081,1.225,1.306,1.916e-5,868.931,0.001,335.346,0.08,6.4,32.17
14.972,3.75,2643.132,456.9,0.262,0.003,61.073,43.168,0,0.534,0.395,0.018,0.121,0.554,1.01,2.826,-2.518e-4,0,-0.081,1.225,1.307,4.386e-5,868.895,0.001,335.344,0.079,6.4,32.17
14.986,3.814,2643.132,456.9,0.262,0.003,61.054,43.168,0,0.534,0.395,0.018,0.121,0.554,1.028,2.874,9.273e-5,0,-0.082,1.225,1.307,7.91e-5,868.858,0.001,335.343,0.079,6.4,32.17
15,3.875,2643.132,456.9,0.262,0.003,61.035,43.168,0,0.534,0.395,0.018,0.121,0.555,1.046,2.921,-4.664e-4,0,-0.082,1.225,1.308,1.244e-4,868.822,0.001,335.342,0.079,6.4,32.17
15.014,3.858,2643.132,456.9,0.262,0.003,61.043,43.168,0,0.534,0.395,0.018,0.121,0.555,1.042,2.909,3.298e-4,0,-0.083,1.225,1.309,1.698e-4,868.786,0.001,335.34,0.078,6.4,32.17
15.028,3.839,2643.132,456.9,0.262,0.003,61.05,43.168,0,0.534,0.395,0.018,0.121,0.554,1.036,2.895,-1.452e-4,0,-0.085,1.225,1.31,2.149e-4,868.75,0.001,335.339,0.078,6.4,32.17
15.042,3.82,2643.132,456.9,0.262,0.003,61.058,43.168,0,0.534,0.395,0.018,0.121,0.554,1.03,2.88,3.528e-4,0,-0.086,1.225,1.311,2.567e-4,868.714,0.001,335.338,0.077,6.4,32.17
15.056,3.817,2643.132,456.9,0.262,0.003,61.06,43.168,0,0.534,0.395,0.018,0.121,0.554,1.029,2.877,-3.65e-4,0,-0.087,1.225,1.312,2.948e-4,868.679,0.001,335.337,0.077,6.4,32.17
15.07,3.838,2643.132,456.9,0.262,0.003,61.054,43.168,0,0.534,0.395,0.018,0.121,0.554,1.036,2.894,1.609e-5,0,-0.087,1.225,1.313,3.309e-4,868.644,0.001,335.335,0.077,6.4,32.17
15.083,3.86,2643.132,456.9,0.262,0.003,61.047,43.168,0,0.533,0.395,0.018,0.121,0.554,1.042,2.912,4.263e-5,0,-0.088,1.225,1.314,3.608e-4,868.609,0.001,335.334,0.076,6.4,32.17
15.097,3.882,2643.132,456.9,0.262,0.003,61.04,43.168,0,0.533,0.395,0.018,0.121,0.555,1.049,2.928,-1.871e-4,0,-0.089,1.225,1.314,3.83e-4,868.575,0.001,335.333,0.076,6.4,32.17
15.111,3.914,2643.132,456.9,0.262,0.003,61.03,43.168,0,0.533,0.395,0.018,0.121,0.555,1.058,2.952,-6.016e-5,0,-0.09,1.225,1.315,3.979e-4,868.54,0.001,335.331,0.075,6.4,32.17
15.125,3.949,2643.132,456.9,0.262,0.003,61.018,43.168,0,0.533,0.395,0.018,0.121,0.555,1.068,2.979,4.581e-4,0,-0.091,1.225,1.316,4.046e-4,868.506,0.001,335.33,0.075,6.4,32.17
15.139,3.985,2643.132,456.9,0.262,0.003,61.005,43.168,0,0.533,0.395,0.018,0.121,0.556,1.079,3.006,2.249e-4,0,-0.091,1.225,1.317,4.022e-4,868.472,0.001,335.329,0.075,6.4,32.17
15.153,4.02,2643.132,456.9,0.262,0.003,60.993,43.168,0,0.533,0.395,0.018,0.121,0.556,1.089,3.032,-3.839e-4,0,-0.092,1.225,1.318,3.906e-4,868.438,0.001,335.328,0.074,6.4,32.17
15.167,4.049,2643.132,456.9,0.262,0.003,60.982,43.168,0,0.533,0.395,0.018,0.121,0.556,1.098,3.055,-4.307e-4,0,-0.093,1.225,1.318,3.69e-4,868.404,0.001,335.326,0.074,6.4,32.17
15.181,4.08,2643.132,456.9,0.262,0.003,60.97,43.168,0,0.533,0.395,0.018,0.121,0.557,1.107,3.079,2.723e-4,0,-0.094,1.225,1.319,3.394e-4,868.37,0.001,335.325,0.073,6.4,32.17
15.195,4.113,2643.132,456.9,0.262,0.003,60.958,43.168,0,0.533,0.395,0.018,0.121,0.557,1.116,3.103,5.01e-5,0,-0.095,1.225,1.32,3.033e-4,868.336,0.001,335.324,0.073,6.4,32.17
15.209,4.166,2643.132,456.9,0.262,0.003,60.939,43.168,0,0.533,0.395,0.018,0.121,0.557,1.132,3.143,2.499e-4,0,-0.096,1.225,1.321,2.655e-4,868.303,0.001,335.323,0.073,6.4,32.17
15.223,4.232,2643.132,456.9,0.262,0.003,60.916,43.168,0,0.533,0.395,0.018,0.121,0.558,1.152,3.193,1.754e-4,0,-0.096,1.225,1.322,2.276e-4,868.27,0.001,335.321,0.072,6.4,32.17
15.237,4.301,2643.132,456.9,0.262,0.003,60.892,43.168,0,0.533,0.395,0.018,0.121,0.559,1.172,3.246,3.708e-4,0,-0.097,1.225,1.322,1.896e-4,868.236,0.001,335.32,0.072,6.4,32.17
15.251,4.375,2643.132,456.9,0.262,0.003,60.867,43.168,0,0.533,0.395,0.018,0.121,0.56,1.194,3.302,-1.942e-4,0,-0.098,1.225,1.323,1.532e-4,868.203,0.001,335.319,0.072,6.4,32.17
15.265,4.482,2643.132,456.9,0.262,0.003,60.832,43.168,0,0.533,0.395,0.018,0.121,0.561,1.226,3.384,-2.386e-4,0,-0.098,1.225,1.323,1.227e-4,868.17,0.001,335.318,0.071,6.4,32.17
15.28,4.591,2643.132,456.9,0.262,0.003,60.796,43.168,0,0.533,0.395,0.018,0.121,0.562,1.259,3.468,4.692e-4,0,-0.099,1.225,1.324,9.598e-5,868.137,0.001,335.316,0.071,6.4,32.17
15.294,4.704,2643.132,456.9,0.262,0.003,60.759,43.168,0,0.533,0.395,0.018,0.121,0.563,1.293,3.554,-1.976e-4,0,-0.099,1.225,1.325,7.319e-5,868.104,0.001,335.315,0.07,6.4,32.17
15.308,4.764,2643.132,456.9,0.262,0.003,60.74,43.168,0,0.533,0.395,0.018,0.121,0.564,1.311,3.599,-4.287e-4,0,-0.1,1.225,1.326,5.071e-5,868.072,0.001,335.314,0.07,6.4,32.17
15.323,4.785,2643.132,456.9,0.262,0.003,60.734,43.168,0,0.533,0.395,0.018,0.121,0.564,1.317,3.616,2.236e-4,0,-0.102,1.225,1.327,2.955e-5,868.039,0.001,335.313,0.07,6.4,32.17
15.337,4.808,2643.132,456.9,0.262,0.003,60.726,43.168,0,0.533,0.395,0.018,0.121,0.564,1.324,3.634,-5.832e-7,0,-0.103,1.225,1.328,1.352e-5,868.007,0.001,335.312,0.069,6.4,32.17
15.352,4.846,2643.132,456.9,0.262,0.003,60.715,43.168,0,0.533,0.395,0.018,0.121,0.565,1.336,3.663,-1.569e-4,0,-0.104,1.225,1.33,3.709e-6,867.974,0.001,335.31,0.069,6.4,32.17
15.366,4.98,2643.132,456.9,0.262,0.003,60.674,43.168,0,0.533,0.395,0.018,0.121,0.566,1.377,3.766,-3.784e-4,0,-0.105,1.225,1.33,4.345e-7,867.943,0.001,335.309,0.069,6.4,32.17
15.38,5.118,2643.132,456.9,0.262,0.003,60.632,43.168,0,0.533,0.395,0.018,0.121,0.568,1.419,3.873,4.509e-4,0,-0.105,1.225,1.331,-1.729e-7,867.911,0.001,335.308,0.068,6.4,32.17
15.395,5.26,2643.132,456.9,0.262,0.003,60.59,43.168,0,0.533,0.395,0.018,0.121,0.57,1.463,3.982,1.804e-4,0,-0.106,1.225,1.331,-1.64e-6,867.879,0.001,335.307,0.068,6.4,32.17
15.41,5.363,2643.132,456.9,0.262,0.003,60.56,43.168,0,0.533,0.395,0.018,0.121,0.571,1.495,4.062,3.372e-4,0,-0.107,1.225,1.332,-4.353e-6,867.847,0.001,335.306,0.067,6.4,32.17
15.424,5.447,2643.132,456.9,0.262,0.003,60.536,43.168,0,0.533,0.395,0.018,0.121,0.572,1.521,4.127,8.024e-5,0,-0.108,1.225,1.333,-8.027e-6,867.816,0.001,335.305,0.067,6.4,32.17
15.439,5.533,2643.132,456.9,0.262,0.003,60.511,43.168,0,0.533,0.395,0.018,0.121,0.573,1.548,4.194,-3.49e-5,0,-0.109,1.225,1.334,-1.18e-5,867.784,0.001,335.303,0.067,6.4,32.17
15.454,5.612,2643.132,456.9,0.262,0.003,60.489,43.168,0,0.533,0.395,0.018,0.121,0.574,1.572,4.255,-4.294e-4,0,-0.111,1.225,1.336,-1.535e-5,867.753,0.001,335.302,0.066,6.4,32.17
15.468,5.663,2643.132,456.9,0.262,0.003,60.475,43.168,0,0.533,0.395,0.018,0.121,0.574,1.588,4.295,2.88e-4,0,-0.112,1.225,1.337,-1.921e-5,867.722,0.001,335.301,0.066,6.4,32.17
15.483,5.716,2643.132,456.9,0.262,0.003,60.46,43.168,0,0.533,0.395,0.018,0.121,0.575,1.605,4.336,-1.772e-4,0,-0.114,1.225,1.339,-2.258e-5,867.691,0.001,335.3,0.065,6.4,32.17
15.498,5.77,2643.132,456.9,0.262,0.003,60.444,43.168,0,0.533,0.395,0.018,0.121,0.576,1.622,4.378,2.112e-4,0,-0.115,1.225,1.34,-2.52e-5,867.661,0.001,335.299,0.065,6.4,32.17
15.512,5.925,2643.132,456.9,0.262,0.003,60.399,43.168,0,0.533,0.395,0.018,0.121,0.578,1.671,4.498,4.012e-4,0,-0.116,1.225,1.341,-2.31e-5,867.631,0.001,335.298,0.065,6.4,32.17
15.527,6.102,2643.132,456.9,0.262,0.003,60.347,43.168,0,0.533,0.395,0.018,0.121,0.58,1.727,4.636,-3.014e-4,0,-0.116,1.225,1.341,-1.79e-5,867.6,0.001,335.297,0.064,6.4,32.17
15.542,6.283,2643.132,456.9,0.262,0.003,60.294,43.168,0,0.533,0.395,0.018,0.121,0.582,1.785,4.775,-3.699e-4,0,-0.117,1.225,1.342,-1.12e-5,867.57,0.001,335.295,0.064,6.4,32.17
15.557,6.4,2643.132,456.9,0.262,0.003,60.259,43.168,0,0.533,0.395,0.018,0.121,0.584,1.823,4.867,2.324e-5,0,-0.118,1.225,1.343,-5.44e-6,867.54,0.001,335.294,0.064,6.4,32.17
15.572,6.439,2643.132,456.9,0.262,0.003,60.248,43.168,0,0.533,0.395,0.018,0.121,0.584,1.835,4.897,3.539e-4,0,-0.12,1.225,1.345,-2.079e-6,867.51,0.001,335.293,0.063,6.4,32.17
15.587,6.477,2643.132,456.9,0.262,0.003,60.236,43.168,0,0.533,0.395,0.018,0.121,0.585,1.847,4.926,-3.371e-4,0,-0.122,1.225,1.347,-2.776e-7,867.48,0.001,335.292,0.063,6.4,32.17
15.601,6.522,2643.132,456.9,0.262,0.003,60.222,43.168,0,0.533,0.395,0.018,0.121,0.585,1.862,4.961,-4.08e-4,0,-0.124,1.225,1.349,1.732e-7,867.451,0.001,335.291,0.062,6.4,32.17
15.616,6.618,2643.132,456.9,0.262,0.003,60.193,43.168,0,0.533,0.395,0.018,0.12,0.587,1.893,5.035,3.4e-4,0,-0.125,1.225,1.35,2.354e-6,867.422,0.001,335.29,0.062,6.4,32.17
15.631,6.714,2643.132,456.9,0.262,0.003,60.164,43.168,0,0.533,0.395,0.018,0.12,0.588,1.924,5.11,-4.106e-4,0,-0.126,1.225,1.351,7.555e-6,867.393,0.001,335.289,0.061,6.4,32.17
15.646,6.812,2643.132,456.9,0.262,0.003,60.135,43.168,0,0.533,0.395,0.018,0.12,0.589,1.956,5.185,-2.94e-4,0,-0.128,1.225,1.353,1.638e-5,867.364,0.001,335.288,0.061,6.4,32.17
15.661,7,2643.132,456.9,0.262,0.003,60.08,43.168,0,0.533,0.395,0.018,0.12,0.592,2.017,5.331,-2.4e-4,0,-0.128,1.225,1.353,3.176e-5,867.336,0.001,335.287,0.061,6.4,32.17
15.676,7.22,2643.132,456.9,0.262,0.003,60.017,43.168,0,0.533,0.395,0.018,0.12,0.595,2.09,5.503,1.708e-4,0,-0.129,1.225,1.354,5.679e-5,867.307,0.001,335.286,0.06,6.4,32.17
15.691,7.444,2643.132,456.9,0.262,0.003,59.953,43.168,0,0.533,0.395,0.018,0.12,0.598,2.164,5.676,2.607e-5,0,-0.129,1.225,1.354,9.396e-5,867.279,0.001,335.285,0.06,6.4,32.17
15.707,7.578,2643.132,456.9,0.262,0.003,59.915,43.168,0,0.533,0.395,0.018,0.12,0.6,2.209,5.781,3.756e-4,0,-0.13,1.225,1.355,1.428e-4,867.25,0.001,335.284,0.06,6.4,32.17
15.722,7.592,2643.132,456.9,0.262,0.003,59.91,43.168,0,0.533,0.395,0.018,0.12,0.6,2.214,5.791,5.108e-5,0,-0.133,1.225,1.358,1.945e-4,867.222,0.001,335.283,0.059,6.4,32.17
15.737,7.606,2643.132,456.9,0.262,0.003,59.905,43.168,0,0.533,0.395,0.018,0.12,0.6,2.218,5.802,-1.883e-4,0,-0.135,1.225,1.36,2.48e-4,867.194,0.001,335.282,0.059,6.4,32.17
15.753,7.65,2643.132,456.9,0.262,0.003,59.892,43.168,0,0.533,0.395,0.018,0.12,0.601,2.233,5.835,-1.322e-4,0,-0.137,1.225,1.362,3.023e-4,867.166,0.001,335.28,0.058,6.4,32.17
15.768,7.839,2643.132,456.9,0.262,0.003,59.84,43.168,0,0.533,0.395,0.018,0.12,0.603,2.297,5.982,8.24e-5,0,-0.138,1.225,1.363,3.669e-4,867.139,0.001,335.279,0.058,6.4,32.17
15.783,8.03,2643.132,456.9,0.262,0.003,59.787,43.168,0,0.533,0.395,0.018,0.12,0.606,2.362,6.132,4.008e-4,0,-0.139,1.225,1.364,4.413e-4,867.112,0.001,335.278,0.058,6.4,32.17
15.799,8.224,2643.132,456.9,0.262,0.003,59.735,43.168,0,0.533,0.395,0.018,0.12,0.609,2.428,6.285,3.108e-4,0,-0.14,1.225,1.365,5.256e-4,867.084,0.001,335.277,0.057,6.4,32.17
15.814,8.25,2643.132,456.9,0.262,0.003,59.728,43.168,0,0.533,0.395,0.017,0.12,0.609,2.437,6.305,3.827e-4,0,-0.142,1.225,1.367,6.075e-4,867.057,0.001,335.276,0.057,6.4,32.17
15.83,8.26,2643.132,456.9,0.262,0.003,59.726,43.168,0,0.533,0.395,0.017,0.12,0.609,2.44,6.312,1.909e-4,0,-0.145,1.225,1.37,6.791e-4,867.03,0.001,335.275,0.056,6.4,32.17
15.845,8.27,2643.132,456.9,0.262,0.003,59.723,43.168,0,0.533,0.395,0.017,0.12,0.609,2.444,6.32,1.666e-4,0,-0.148,1.225,1.373,7.378e-4,867.004,0.001,335.274,0.056,6.4,32.17
15.861,8.363,2643.132,456.9,0.262,0.003,59.699,43.168,0,0.533,0.395,0.017,0.12,0.611,2.475,6.393,1.843e-4,0,-0.15,1.225,1.375,7.859e-4,866.978,0.001,335.274,0.056,6.4,32.17
15.876,8.496,2643.132,456.9,0.262,0.003,59.665,43.168,0,0.533,0.395,0.017,0.12,0.612,2.521,6.498,-6.888e-5,0,-0.151,1.225,1.376,8.293e-4,866.952,0.001,335.273,0.055,6.4,32.17
15.891,8.632,2643.132,456.9,0.262,0.003,59.63,43.168,0,0.533,0.395,0.017,0.12,0.614,2.568,6.605,3.606e-4,0,-0.153,1.225,1.378,8.671e-4,866.926,0.001,335.272,0.055,6.4,32.17
15.907,8.799,2643.132,456.9,0.262,0.003,59.587,43.168,0,0.533,0.395,0.017,0.12,0.617,2.627,6.738,-2.186e-4,0,-0.154,1.225,1.379,8.992e-4,866.9,0.001,335.271,0.054,6.4,32.17
15.923,9.006,2643.132,456.9,0.262,0.003,59.535,43.168,0,0.533,0.395,0.017,0.12,0.62,2.699,6.901,3.825e-4,0,-0.155,1.225,1.38,9.306e-4,866.874,0.001,335.27,0.054,6.4,32.17
15.938,9.218,2643.132,456.9,0.262,0.003,59.482,43.168,0,0.533,0.395,0.017,0.12,0.622,2.774,7.069,2.441e-4,0,-0.156,1.225,1.381,9.616e-4,866.849,0.001,335.269,0.054,6.4,32.17
15.954,9.442,2643.132,456.9,0.262,0.003,59.426,43.168,0,0.532,0.395,0.017,0.12,0.626,2.853,7.248,1.363e-4,0,-0.157,1.225,1.382,9.923e-4,866.824,0.001,335.268,0.053,6.4,32.17
15.97,9.695,2643.132,456.9,0.262,0.003,59.364,43.168,0,0.532,0.395,0.017,0.12,0.629,2.944,7.449,-3.434e-4,0,-0.158,1.225,1.383,0.001,866.798,0.001,335.267,0.053,6.4,32.17
15.986,9.955,2643.132,456.9,0.262,0.003,59.301,43.168,0,0.532,0.395,0.017,0.12,0.633,3.037,7.656,-4.947e-4,0,-0.159,1.225,1.384,0.001,866.773,0.001,335.266,0.053,6.4,32.17
16.002,10.175,2643.132,456.9,0.262,0.003,59.248,43.168,0,0.532,0.395,0.017,0.12,0.636,3.117,7.832,-4.839e-5,0,-0.16,1.225,1.385,0.001,866.748,0.001,335.265,0.052,6.4,32.17
16.019,10.142,2643.132,456.9,0.262,0.003,59.257,43.168,0,0.532,0.395,0.017,0.12,0.635,3.105,7.805,-2.105e-4,0,-0.164,1.225,1.389,0.001,866.723,0.001,335.264,0.052,6.4,32.17
16.035,10.11,2643.132,456.9,0.262,0.003,59.265,43.168,0,0.532,0.395,0.017,0.12,0.635,3.094,7.781,3.354e-4,0,-0.169,1.225,1.394,0.001,866.698,0.001,335.263,0.051,6.4,32.17
16.051,10.088,2643.132,456.9,0.262,0.003,59.271,43.168,0,0.532,0.395,0.017,0.12,0.634,3.086,7.763,2.682e-4,0,-0.173,1.225,1.398,0.001,866.674,0.001,335.262,0.051,6.4,32.17
16.067,10.182,2643.132,456.9,0.262,0.003,59.248,43.168,0,0.532,0.395,0.017,0.12,0.636,3.12,7.838,3.612e-4,0,-0.176,1.225,1.4,0.001,866.65,0.001,335.261,0.05,6.4,32.17
16.083,10.281,2643.132,456.9,0.262,0.003,59.225,43.168,0,0.532,0.395,0.017,0.12,0.637,3.156,7.917,4.087e-4,0,-0.179,1.225,1.403,9.574e-4,866.626,0.001,335.261,0.05,6.4,32.17
16.099,10.383,2643.132,456.9,0.262,0.003,59.2,43.168,0,0.532,0.395,0.017,0.12,0.638,3.194,7.999,-1.035e-4,0,-0.181,1.225,1.406,8.728e-4,866.603,0.001,335.26,0.049,6.4,32.17
16.115,10.502,2643.132,456.9,0.262,0.003,59.171,43.168,0,0.532,0.395,0.017,0.12,0.64,3.237,8.093,2.18e-4,0,-0.184,1.225,1.409,7.805e-4,866.58,0.001,335.259,0.049,6.4,32.17
16.131,10.626,2643.132,456.9,0.262,0.003,59.141,43.168,0,0.532,0.395,0.017,0.12,0.642,3.283,8.191,4.858e-4,0,-0.187,1.225,1.412,6.845e-4,866.557,0.001,335.258,0.049,6.4,32.17
16.147,10.755,2643.132,456.9,0.262,0.003,59.109,43.168,0,0.532,0.395,0.017,0.12,0.643,3.33,8.295,2.405e-4,0,-0.19,1.225,1.415,5.876e-4,866.535,0.001,335.257,0.048,6.4,32.17
16.163,10.96,2643.132,456.9,0.262,0.003,59.06,43.168,0,0.532,0.395,0.017,0.12,0.646,3.407,8.459,-3.931e-4,0,-0.192,1.225,1.417,4.907e-4,866.512,0.001,335.256,0.048,6.4,32.17
16.18,11.188,2643.132,456.9,0.262,0.003,59.006,43.168,0,0.532,0.395,0.017,0.12,0.649,3.492,8.64,-3.012e-4,0,-0.194,1.225,1.418,4.027e-4,866.49,0.001,335.255,0.047,6.4,32.17
16.196,11.423,2643.132,456.9,0.262,0.003,58.95,43.168,0,0.532,0.395,0.017,0.12,0.652,3.58,8.828,3.225e-4,0,-0.196,1.225,1.42,3.253e-4,866.468,0.001,335.255,0.047,6.4,32.17
16.212,11.627,2643.132,456.9,0.262,0.003,58.902,43.168,0,0.532,0.395,0.017,0.12,0.654,3.657,8.992,2.804e-4,0,-0.198,1.225,1.423,2.597e-4,866.446,0.001,335.254,0.047,6.4,32.17
16.229,11.825,2643.132,456.9,0.262,0.003,58.856,43.168,0,0.532,0.395,0.017,0.12,0.657,3.733,9.149,-1.744e-4,0,-0.201,1.225,1.426,2.027e-4,866.424,0.001,335.253,0.046,6.4,32.17
16.245,12.03,2643.132,456.9,0.262,0.003,58.809,43.168,0,0.532,0.395,0.017,0.12,0.659,3.811,9.314,6.769e-5,0,-0.204,1.225,1.428,1.538e-4,866.403,0.001,335.252,0.046,6.4,32.17
16.262,12.343,2643.132,456.9,0.262,0.003,58.738,43.168,0,0.532,0.395,0.017,0.12,0.663,3.932,9.565,3.805e-4,0,-0.205,1.225,1.43,1.104e-4,866.381,0.001,335.251,0.046,6.4,32.17
16.279,12.707,2643.132,456.9,0.262,0.003,58.657,43.168,0,0.532,0.395,0.017,0.12,0.667,4.073,9.858,1.135e-4,0,-0.206,1.225,1.431,7.813e-5,866.36,0.001,335.251,0.045,6.4,32.17
16.296,13.081,2643.132,456.9,0.262,0.003,58.576,43.168,0,0.532,0.395,0.017,0.12,0.67,4.22,10.16,1.569e-4,0,-0.207,1.225,1.432,5.644e-5,866.339,0.001,335.25,0.045,6.4,32.17
16.313,13.294,2643.132,456.9,0.262,0.003,58.529,43.168,0,0.532,0.395,0.017,0.12,0.672,4.305,10.332,1.606e-4,0,-0.21,1.225,1.435,4.609e-5,866.318,0.001,335.249,0.044,6.4,32.17
16.33,13.454,2643.132,456.9,0.262,0.003,58.495,43.168,0,0.532,0.395,0.017,0.12,0.674,4.369,10.462,4.598e-4,0,-0.215,1.225,1.439,3.858e-5,866.297,0.001,335.248,0.044,6.4,32.17
16.347,13.621,2643.132,456.9,0.262,0.003,58.459,43.168,0,0.532,0.395,0.017,0.12,0.675,4.435,10.596,5.575e-6,0,-0.219,1.225,1.444,3.2e-5,866.276,0.001,335.248,0.044,6.4,32.17
16.364,13.962,2643.132,456.9,0.262,0.003,58.388,43.168,0,0.532,0.395,0.017,0.12,0.678,4.572,10.874,-1.467e-4,0,-0.221,1.225,1.446,2.342e-5,866.256,0.001,335.247,0.043,6.4,32.17
16.381,14.348,2643.132,456.9,0.262,0.003,58.309,43.168,0,0.532,0.395,0.017,0.12,0.681,4.729,11.189,8.045e-6,0,-0.222,1.225,1.447,1.846e-5,866.236,0.001,335.246,0.043,6.4,32.17
16.399,14.745,2643.132,456.9,0.262,0.003,58.23,43.168,0,0.532,0.395,0.017,0.12,0.684,4.892,11.514,-3.209e-4,0,-0.224,1.225,1.449,1.718e-5,866.216,0.001,335.245,0.042,6.4,32.17
16.417,15.013,2643.132,456.9,0.262,0.003,58.177,43.168,0,0.532,0.395,0.017,0.12,0.686,5.003,11.733,2.435e-4,0,-0.228,1.225,1.452,2.176e-5,866.196,0.001,335.245,0.042,6.4,32.17
16.434,15.279,2643.132,456.9,0.262,0.003,58.125,43.168,0,0.532,0.395,0.017,0.12,0.687,5.114,11.951,4.695e-4,0,-0.231,1.225,1.456,2.894e-5,866.177,0.001,335.244,0.042,6.4,32.17
16.452,15.554,2643.132,456.9,0.262,0.003,58.073,43.168,0,0.532,0.395,0.017,0.12,0.689,5.229,12.178,-1.988e-4,0,-0.235,1.225,1.46,3.918e-5,866.157,0.001,335.243,0.041,6.4,32.17
16.47,15.846,2643.132,456.9,0.262,0.003,58.018,43.168,0,0.532,0.395,0.017,0.12,0.69,5.352,12.419,-2.454e-4,0,-0.239,1.225,1.464,5.317e-5,866.138,0.001,335.242,0.041,6.4,32.17
16.488,16.146,2643.132,456.9,0.262,0.003,57.962,43.168,0,0.532,0.395,0.017,0.12,0.691,5.479,12.667,-2.736e-4,0,-0.243,1.225,1.468,7.246e-5,866.119,0.001,335.242,0.04,6.4,32.17
16.506,16.443,2643.132,456.9,0.262,0.003,57.908,43.168,0,0.532,0.395,0.017,0.12,0.691,5.607,12.913,-2.349e-4,0,-0.247,1.225,1.472,9.916e-5,866.101,0.001,335.241,0.04,6.4,32.17
16.524,16.725,2643.132,456.9,0.262,0.003,57.858,43.168,0,0.532,0.395,0.017,0.12,0.692,5.728,13.147,1.073e-4,0,-0.251,1.225,1.476,1.354e-4,866.082,0.001,335.24,0.04,6.4,32.17
16.542,17.015,2643.132,456.9,0.262,0.003,57.806,43.168,0,0.532,0.395,0.017,0.12,0.692,5.854,13.388,-4.72e-4,0,-0.256,1.225,1.481,1.807e-4,866.064,0.001,335.24,0.039,6.4,32.17
16.56,17.457,2643.132,456.9,0.262,0.003,57.729,43.168,0,0.532,0.395,0.017,0.12,0.692,6.047,13.757,-1.937e-4,0,-0.258,1.225,1.483,2.198e-4,866.046,0.001,335.239,0.039,6.4,32.17
16.578,18.029,2643.132,456.9,0.262,0.003,57.631,43.168,0,0.533,0.396,0.017,0.12,0.692,6.299,14.236,-1.417e-4,0,-0.258,1.225,1.483,2.644e-4,866.029,0.001,335.238,0.038,6.4,32.17
16.597,18.617,2643.132,456.9,0.262,0.003,57.533,43.168,0,0.534,0.396,0.017,0.12,0.692,6.562,14.729,3.359e-4,0,-0.259,1.225,1.483,3.344e-4,866.011,0.001,335.238,0.038,6.4,32.17
16.616,19.093,2643.132,456.9,0.262,0.003,57.456,43.168,0,0.534,0.397,0.017,0.12,0.692,6.777,15.131,-2.554e-4,0,-0.261,1.225,1.486,4.579e-4,865.994,0.001,335.237,0.038,6.4,32.17
16.635,19.557,2643.132,456.9,0.262,0.003,57.383,43.168,0,0.535,0.398,0.017,0.12,0.691,6.989,15.522,3.791e-4,0,-0.264,1.225,1.489,6.232e-4,865.976,0.001,335.236,0.037,6.4,32.17
16.654,20.028,2643.132,456.9,0.262,0.003,57.309,43.168,0,0.536,0.399,0.017,0.12,0.69,7.2,15.895,-3.709e-4,0,-0.271,1.221,1.492,8.339e-4,865.959,0.001,335.236,0.037,6.4,32.17
16.673,20.485,2643.132,456.9,0.262,0.003,57.24,43.168,0,0.537,0.4,0.017,0.12,0.689,7.315,15.84,4.545e-4,0,-0.329,1.165,1.494,0.001,865.943,0.001,335.235,0.037,6.4,32.17
16.69,20.877,2643.132,456.9,0.262,0.003,57.181,43.168,0,0.538,0.4,0.017,0.12,0.688,7.415,15.796,8.235e-5,0,-0.377,1.117,1.494,0.001,865.929,0.001,335.235,0.036,6.4,32.17
16.704,21.181,2643.132,456.9,0.262,0.003,57.137,43.168,0,0.538,0.401,0.017,0.12,0.687,7.494,15.762,2.253e-4,0,-0.413,1.08,1.493,0.001,865.917,0.001,335.234,0.036,6.4,32.17
16.717,21.343,2643.132,456.9,0.262,0.003,57.113,43.168,0,0.539,0.402,0.017,0.12,0.687,7.536,15.743,3.726e-4,0,-0.435,1.06,1.495,0.002,865.907,0.001,335.234,0.036,6.4,32.17
16.73,21.505,2643.132,456.9,0.262,0.003,57.09,43.168,0,0.54,0.403,0.017,0.12,0.687,7.579,15.725,-4.586e-5,0,-0.455,1.04,1.495,0.002,865.896,0.001,335.233,0.035,6.4,32.17
16.742,21.667,2643.132,456.9,0.262,0.003,57.067,43.168,0,0.541,0.403,0.017,0.12,0.687,7.621,15.707,4.294e-4,0,-0.475,1.02,1.496,0.002,865.886,0.001,335.233,0.035,6.4,32.17
16.755,21.889,2643.132,456.9,0.262,0.003,57.035,43.168,0,0.541,0.404,0.017,0.12,0.686,7.68,15.683,-3.992e-4,0,-0.501,0.993,1.495,0.002,865.877,0.001,335.233,0.035,6.4,32.17
16.766,22.201,2643.132,456.9,0.262,0.003,56.991,43.168,0,0.542,0.405,0.017,0.12,0.685,7.763,15.649,-2.977e-4,0,-0.536,0.955,1.491,0.002,865.868,0.001,335.232,0.035,6.4,32.17
16.777,22.501,2643.132,456.9,0.262,0.003,56.949,43.168,0,0.542,0.405,0.017,0.12,0.683,7.845,15.616,6.569e-5,0,-0.568,0.918,1.487,0.002,865.859,0.001,335.232,0.034,6.4,32.17
16.788,22.792,2643.132,456.9,0.262,0.003,56.909,43.168,0,0.543,0.406,0.017,0.12,0.682,7.924,15.586,4.13e-4,0,-0.599,0.883,1.482,0.002,865.852,0.001,335.232,0.034,6.4,32.17
16.798,23.075,2643.132,456.9,0.262,0.003,56.87,43.168,0,0.543,0.406,0.017,0.12,0.68,8.001,15.556,7.754e-5,0,-0.629,0.848,1.477,0.002,865.844,0.001,335.232,0.034,6.4,32.17
16.808,23.381,2643.132,456.9,0.262,0.003,56.829,43.168,0,0.544,0.406,0.017,0.12,0.678,8.086,15.524,-2.965e-4,0,-0.66,0.811,1.47,0.002,865.837,0.001,335.231,0.034,6.4,32.17
16.818,23.685,2643.132,456.9,0.262,0.003,56.789,43.168,0,0.544,0.407,0.017,0.12,0.676,8.171,15.493,2.253e-4,0,-0.69,0.773,1.463,0.002,865.83,0.001,335.231,0.034,6.4,32.17
16.827,23.981,2643.132,456.9,0.262,0.003,56.75,43.168,0,0.544,0.407,0.017,0.12,0.674,8.254,15.463,1.774e-4,0,-0.719,0.737,1.456,0.002,865.824,0.001,335.231,0.034,6.4,32.17
16.835,24.271,2643.132,456.9,0.262,0.003,56.713,43.168,0,0.545,0.408,0.017,0.12,0.671,8.336,15.434,-3.651e-4,0,-0.747,0.702,1.449,0.002,865.818,0.001,335.231,0.033,6.4,32.17
16.844,24.555,2643.132,456.9,0.262,0.003,56.677,43.168,0,0.545,0.408,0.017,0.12,0.669,8.418,15.406,3.366e-4,0,-0.774,0.667,1.441,0.002,865.812,0.001,335.23,0.033,6.4,32.17
16.852,24.839,2643.132,456.9,0.262,0.003,56.641,43.168,0,0.545,0.408,0.017,0.12,0.667,8.5,15.379,-2.097e-4,0,-0.801,0.632,1.433,0.002,865.806,0.001,335.23,0.033,6.4,32.17
16.86,25.132,2643.132,456.9,0.262,0.003,56.605,43.168,0,0.546,0.409,0.017,0.12,0.664,8.584,15.351,4.122e-4,0,-0.828,0.596,1.424,0.002,865.801,0.001,335.23,0.033,6.4,32.17
16.868,25.419,2643.132,456.9,0.262,0.003,56.57,43.168,0,0.546,0.409,0.017,0.12,0.662,8.668,15.324,-2.406e-7,0,-0.855,0.561,1.416,0.002,865.796,0.001,335.23,0.033,6.4,32.17
16.876,25.702,2643.132,456.9,0.262,0.003,56.536,43.168,0,0.546,0.409,0.017,0.12,0.659,8.752,15.297,9.028e-5,0,-0.88,0.526,1.406,0.002,865.791,0.001,335.23,0.033,6.4,32.17
16.884,25.981,2643.132,456.9,0.262,0.003,56.502,43.168,0,0.547,0.409,0.017,0.12,0.656,8.834,15.272,5.281e-6,0,-0.905,0.492,1.397,0.002,865.786,0.001,335.229,0.033,6.4,32.17
16.891,26.255,2643.132,456.9,0.262,0.003,56.47,43.168,0,0.547,0.41,0.017,0.12,0.653,8.916,15.247,-3.687e-4,0,-0.929,0.459,1.388,0.002,865.781,0.001,335.229,0.033,6.4,32.17
16.898,26.527,2643.132,456.9,0.262,0.003,56.439,43.168,0,0.547,0.41,0.017,0.12,0.651,8.997,15.223,2.38e-4,0,-0.953,0.425,1.378,0.002,865.777,0.001,335.229,0.032,6.4,32.17
16.905,26.749,2643.132,456.9,0.262,0.003,56.413,43.168,0,0.547,0.41,0.017,0.12,0.648,9.065,15.204,-1.149e-4,0,-0.971,0.398,1.369,0.002,865.772,0.001,335.229,0.032,6.4,32.17
16.912,26.955,2643.132,456.9,0.262,0.003,56.39,43.168,0,0.548,0.411,0.017,0.12,0.646,9.127,15.186,2.174e-4,0,-0.988,0.373,1.361,0.002,865.768,0.001,335.229,0.032,6.4,32.17
16.919,27.161,2643.132,456.9,0.262,0.003,56.366,43.168,0,0.548,0.411,0.017,0.12,0.644,9.19,15.168,-2.998e-4,0,-1.004,0.348,1.352,0.002,865.764,0.001,335.229,0.032,6.4,32.17
16.926,27.367,2643.132,456.9,0.262,0.003,56.343,43.168,0,0.548,0.411,0.017,0.12,0.642,9.253,15.15,-4.05e-4,0,-1.021,0.322,1.343,0.002,865.759,0.001,335.228,0.032,6.4,32.17
16.933,27.573,2643.132,456.9,0.262,0.003,56.321,43.168,0,0.549,0.412,0.017,0.12,0.64,9.316,15.133,2.267e-4,0,-1.037,0.297,1.334,0.002,865.755,0.001,335.228,0.032,6.4,32.17
16.94,27.78,2643.132,456.9,0.262,0.003,56.298,43.168,0,0.549,0.412,0.017,0.12,0.638,9.38,15.115,3.427e-4,0,-1.053,0.272,1.325,0.002,865.751,0.001,335.228,0.032,6.4,32.17
16.946,27.987,2643.132,456.9,0.262,0.003,56.275,43.168,0,0.549,0.412,0.017,0.12,0.635,9.444,15.098,-3.849e-4,0,-1.069,0.247,1.316,0.002,865.748,0.001,335.228,0.032,6.4,32.17
16.953,28.197,2643.132,456.9,0.262,0.003,56.253,43.168,0,0.55,0.413,0.017,0.12,0.633,9.509,15.081,-4.138e-4,0,-1.085,0.221,1.306,0.002,865.744,0.001,335.228,0.032,6.4,32.17
16.96,28.411,2643.132,456.9,0.262,0.003,56.23,43.168,0,0.55,0.413,0.017,0.12,0.631,9.576,15.063,-3.912e-4,0,-1.102,0.195,1.296,0.002,865.74,0.001,335.228,0.031,6.4,32.17
16.966,28.626,2643.132,456.9,0.262,0.003,56.208,43.168,0,0.55,0.413,0.017,0.12,0.628,9.644,15.046,-4.183e-4,0,-1.118,0.168,1.287,0.002,865.736,0.001,335.228,0.031,6.4,32.17
16.973,28.84,2643.132,456.9,0.262,0.003,56.185,43.168,0,0.551,0.413,0.017,0.12,0.626,9.711,15.029,-4.69e-4,0,-1.135,0.142,1.277,0.002,865.733,0.001,335.227,0.031,6.4,32.17
16.979,29.055,2643.132,456.9,0.262,0.003,56.163,43.168,0,0.551,0.414,0.017,0.12,0.623,9.779,15.013,3.385e-4,0,-1.151,0.116,1.266,0.002,865.729,0.001,335.227,0.031,6.4,32.17
16.986,29.27,2643.132,456.9,0.262,0.003,56.141,43.168,0,0.551,0.414,0.017,0.12,0.621,9.847,14.996,1.67e-4,0,-1.167,0.089,1.256,0.002,865.726,0.001,335.227,0.031,6.4,32.17
16.992,29.485,2643.132,456.9,0.262,0.003,56.12,43.168,0,0.551,0.414,0.017,0.12,0.618,9.916,14.98,3.851e-4,0,-1.183,0.063,1.246,0.002,865.722,0.001,335.227,0.031,6.4,32.17
16.998,29.7,2643.132,456.9,0.262,0.003,56.098,43.168,0,0.552,0.415,0.017,0.12,0.615,9.985,14.964,3.999e-5,0,-1.199,0.037,1.235,0.002,865.719,0.001,335.227,0.031,6.4,32.17
17.005,29.916,2643.132,456.9,0.262,0.003,56.077,43.168,0,0.552,0.415,0.017,0.12,0.612,10.055,14.947,1.807e-4,0,-1.214,0.01,1.225,0.002,865.716,0.001,335.227,0.031,6.4,32.17
17.011,30.134,2643.132,456.9,0.262,0.003,56.056,43.168,0,0.552,0.415,0.017,0.12,0.61,10.125,14.931,-4.18e-4,0,-1.214,0,1.214,0.002,865.713,0.001,335.227,0.031,6.4,32.17
17.017,30.354,2643.132,456.9,0.262,0.003,56.034,43.168,0,0.553,0.415,0.017,0.12,0.607,10.196,14.915,-3.3e-4,0,-1.203,0,1.203,0.002,865.709,0.001,335.227,0.03,6.4,32.17
17.023,30.579,2643.132,456.9,0.262,0.003,56.013,43.168,0,0.553,0.416,0.017,0.12,0.604,10.269,14.899,-3.006e-4,0,-1.193,0,1.193,0.003,865.706,0.001,335.226,0.03,6.4,32.17
17.03,30.81,2643.132,456.9,0.262,0.003,55.991,43.168,0,0.553,0.416,0.017,0.12,0.601,10.345,14.883,4.843e-4,0,-1.182,0,1.182,0.003,865.703,0.001,335.226,0.03,6.4,32.17
17.036,31.046,2643.132,456.9,0.262,0.003,55.969,43.168,0,0.553,0.416,0.017,0.12,0.598,10.422,14.866,2.326e-4,0,-1.171,0,1.171,0.003,865.7,0.001,335.226,0.03,6.4,32.17
17.043,31.288,2643.132,456.9,0.262,0.003,55.947,43.168,0,0.554,0.417,0.017,0.12,0.594,10.501,14.85,2.853e-4,0,-1.16,0,1.16,0.003,865.697,0.001,335.226,0.03,6.4,32.17
17.05,31.535,2643.132,456.9,0.262,0.003,55.925,43.168,0,0.554,0.417,0.017,0.12,0.591,10.583,14.833,-1.895e-4,0,-1.149,0,1.149,0.003,865.693,0.001,335.226,0.03,6.4,32.17
17.057,31.79,2643.132,456.9,0.262,0.003,55.902,43.168,0,0.554,0.417,0.017,0.12,0.587,10.668,14.816,-2.454e-4,0,-1.138,0,1.138,0.003,865.69,0.001,335.226,0.03,6.4,32.17
17.064,32.052,2643.132,456.9,0.262,0.003,55.879,43.168,0,0.555,0.417,0.017,0.12,0.584,10.755,14.799,-4.006e-4,0,-1.127,0,1.127,0.003,865.687,0.001,335.226,0.03,6.4,32.17
17.071,32.32,2643.132,456.9,0.262,0.003,55.855,43.168,0,0.555,0.418,0.017,0.12,0.58,10.844,14.782,-2.724e-4,0,-1.116,0,1.116,0.003,865.684,0.001,335.226,0.03,6.4,32.17
17.078,32.595,2643.132,456.9,0.262,0.003,55.832,43.168,0,0.555,0.418,0.017,0.12,0.576,10.936,14.764,4.465e-4,0,-1.105,0,1.105,0.003,865.68,0.001,335.225,0.03,6.4,32.17
17.086,32.876,2643.132,456.9,0.262,0.003,55.808,43.168,0,0.555,0.418,0.017,0.12,0.572,11.031,14.747,-2.873e-5,0,-1.094,0,1.094,0.003,865.677,0.001,335.225,0.029,6.4,32.17
17.093,33.165,2643.132,456.9,0.262,0.003,55.784,43.168,0,0.556,0.419,0.017,0.12,0.568,11.128,14.729,-8.212e-5,0,-1.083,0,1.083,0.003,865.674,0.001,335.225,0.029,6.4,32.17
17.101,33.456,2643.132,456.9,0.262,0.003,55.76,43.168,0,0.556,0.419,0.017,0.12,0.563,11.227,14.711,1.073e-4,0,-1.071,0,1.071,0.003,865.671,0.001,335.225,0.029,6.4,32.17
17.108,33.714,2643.132,456.9,0.262,0.003,55.739,43.168,0,0.557,0.419,0.017,0.12,0.559,11.315,14.697,-2.69e-4,0,-1.061,0,1.061,0.004,865.667,0.001,335.225,0.029,6.4,32.17
17.116,33.979,2643.132,456.9,0.262,0.003,55.718,43.168,0,0.557,0.42,0.017,0.12,0.555,11.405,14.681,1.792e-4,0,-1.051,0,1.051,0.004,865.664,0.001,335.225,0.029,6.4,32.17
17.124,34.252,2643.132,456.9,0.262,0.003,55.696,43.168,0,0.557,0.42,0.017,0.12,0.551,11.499,14.666,8.182e-5,0,-1.04,0,1.04,0.004,865.661,0.001,335.225,0.029,6.4,32.17
17.133,34.534,2643.132,456.9,0.262,0.003,55.674,43.168,0,0.558,0.421,0.017,0.12,0.547,11.596,14.65,3.641e-4,0,-1.03,0,1.03,0.004,865.658,0.001,335.225,0.029,6.4,32.17
17.141,34.825,2643.132,456.9,0.262,0.003,55.652,43.168,0,0.558,0.421,0.017,0.12,0.543,11.696,14.634,3.663e-4,0,-1.019,0,1.019,0.005,865.655,0.001,335.225,0.029,6.4,32.17
17.15,35.124,2643.132,456.9,0.262,0.003,55.63,43.168,0,0.559,0.421,0.017,0.12,0.538,11.799,14.618,3.293e-4,0,-1.008,0,1.008,0.005,865.651,0.001,335.224,0.028,6.4,32.17
17.158,35.51,2643.132,456.9,0.262,0.003,55.601,43.168,0,0.559,0.422,0.017,0.12,0.532,11.933,14.598,-2.034e-4,0,-0.996,0,0.996,0.005,865.648,0.001,335.224,0.028,6.4,32.17
17.167,35.91,2643.132,456.9,0.262,0.003,55.572,43.168,0,0.559,0.422,0.017,0.12,0.525,12.072,14.578,-2.67e-4,0,-0.984,0,0.984,0.005,865.645,0.001,335.224,0.028,6.4,32.17
17.176,36.32,2643.132,456.9,0.262,0.003,55.544,43.168,0,0.559,0.422,0.017,0.12,0.519,12.216,14.559,4.117e-4,0,-0.971,0,0.971,0.005,865.642,0.001,335.224,0.028,6.4,32.17
17.185,36.741,2643.132,456.9,0.262,0.003,55.515,43.168,0,0.56,0.423,0.017,0.12,0.512,12.363,14.538,3.697e-4,0,-0.958,0,0.958,0.006,865.639,0.001,335.224,0.028,6.4,32.17
17.195,37.172,2643.132,456.9,0.262,0.003,55.486,43.168,0,0.56,0.423,0.017,0.12,0.505,12.515,14.519,-1.74e-5,0,-0.946,0,0.946,0.006,865.636,0.001,335.224,0.028,6.4,32.17
17.204,37.606,2643.132,456.9,0.262,0.003,55.458,43.168,0,0.56,0.423,0.017,0.12,0.497,12.669,14.5,4.601e-4,0,-0.933,0,0.933,0.006,865.632,0.001,335.224,0.028,6.4,32.17
17.214,38.042,2643.132,456.9,0.262,0.003,55.43,43.168,0,0.561,0.424,0.017,0.12,0.49,12.823,14.481,3.119e-4,0,-0.92,0,0.92,0.006,865.629,0.001,335.224,0.028,6.4,32.17
17.224,38.491,2643.132,456.9,0.262,0.003,55.402,43.168,0,0.561,0.424,0.017,0.12,0.482,12.983,14.462,-4.141e-4,0,-0.908,0,0.908,0.007,865.626,0.001,335.223,0.028,6.4,32.17
17.234,38.951,2643.132,456.9,0.262,0.003,55.375,43.168,0,0.561,0.424,0.017,0.12,0.475,13.147,14.445,4.283e-4,0,-0.895,0,0.895,0.007,865.623,0.001,335.223,0.028,6.4,32.17
17.245,39.425,2643.132,456.9,0.262,0.003,55.347,43.168,0,0.562,0.424,0.017,0.12,0.466,13.317,14.427,-2.317e-4,0,-0.882,0,0.882,0.007,865.621,0.001,335.223,0.028,6.4,32.17
17.256,39.943,2643.132,456.9,0.262,0.003,55.318,43.168,0,0.562,0.425,0.017,0.12,0.458,13.503,14.408,1.752e-4,0,-0.868,0,0.868,0.008,865.618,0.001,335.223,0.027,6.4,32.17
17.266,40.505,2643.132,456.9,0.262,0.003,55.287,43.168,0,0.562,0.425,0.017,0.12,0.448,13.704,14.389,1.92e-4,0,-0.854,0,0.854,0.008,865.615,0.001,335.223,0.027,6.4,32.17
17.278,41.079,2643.132,456.9,0.262,0.003,55.257,43.168,0,0.562,0.425,0.017,0.12,0.438,13.911,14.371,-3.061e-4,0,-0.839,0,0.839,0.008,865.612,0.001,335.223,0.027,6.4,32.17
17.289,41.667,2643.132,456.9,0.262,0.003,55.227,43.168,0,0.562,0.425,0.017,0.12,0.427,14.124,14.353,7.32e-5,0,-0.825,0,0.825,0.009,865.609,0.001,335.223,0.027,6.4,32.17
17.3,42.263,2643.132,456.9,0.262,0.003,55.198,43.168,0,0.562,0.425,0.017,0.12,0.417,14.339,14.336,3.018e-4,0,-0.81,0,0.81,0.009,865.607,0.001,335.223,0.027,6.4,32.17
17.312,42.735,2643.132,456.9,0.262,0.003,55.176,43.168,0,0.563,0.426,0.017,0.12,0.409,14.51,14.322,1.718e-4,0,-0.798,0,0.798,0.01,865.604,0.001,335.223,0.027,6.4,32.17
17.324,43.225,2643.132,456.9,0.262,0.003,55.154,43.168,0,0.563,0.426,0.017,0.12,0.4,14.687,14.31,2.644e-4,0,-0.786,0,0.786,0.011,865.602,0.001,335.223,0.027,6.4,32.17
17.337,43.733,2643.132,456.9,0.262,0.003,55.132,43.168,0,0.564,0.427,0.017,0.12,0.392,14.872,14.297,4.49e-4,0,-0.774,0,0.774,0.012,865.6,0.001,335.222,0.027,6.4,32.17
17.35,44.261,2643.132,456.9,0.262,0.003,55.11,43.168,0,0.565,0.427,0.017,0.12,0.383,15.063,14.284,-3.761e-5,0,-0.762,0,0.762,0.014,865.597,0.001,335.222,0.027,6.4,32.17
17.363,44.825,2643.132,456.9,0.262,0.003,55.088,43.168,0,0.565,0.428,0.017,0.12,0.373,15.267,14.271,3.689e-4,0,-0.75,0,0.75,0.015,865.595,0.001,335.222,0.027,6.4,32.17
17.376,45.429,2643.132,456.9,0.262,0.003,59.823,43.168,0,0.565,0.428,0.017,0.12,0.363,8.406,11.358,-4.7e-5,0,-0.736,0,0.736,0.016,865.593,0.001,335.222,0.026,6.4,32.17
17.39,46.06,2643.132,456.9,0.262,0.003,59.846,43.168,0,0.566,0.429,0.017,0.12,0.352,8.454,11.273,3.443e-4,0,-0.723,0,0.723,0.017,865.591,0.001,335.222,0.026,6.4,32.17
17.405,46.737,2643.132,456.9,0.262,0.003,59.866,43.168,0,0.566,0.429,0.017,0.12,0.34,8.511,11.185,4.261e-4,0,-0.709,0,0.709,0.018,865.589,0.001,335.222,0.026,6.4,32.17
17.419,47.482,2643.132,456.9,0.262,0.003,59.878,43.168,0,0.566,0.429,0.017,0.12,0.328,8.584,11.094,-1.72e-4,0,-0.694,0,0.694,0.019,865.588,0.001,335.222,0.026,6.4,32.17
17.434,48.251,2643.132,456.9,0.262,0.003,59.89,43.168,0,0.567,0.43,0.017,0.12,0.315,8.659,11.003,-4.456e-4,0,-0.679,0,0.679,0.019,865.587,0.001,335.222,0.026,6.4,32.17
17.45,49.043,2643.132,456.9,0.262,0.003,59.902,43.168,0,0.567,0.43,0.017,0.12,0.302,8.738,10.91,-4.523e-4,0,-0.663,0,0.663,0.02,865.585,0.001,335.222,0.026,6.4,32.17
17.466,49.793,2643.132,456.9,0.262,0.003,59.928,43.168,0,0.567,0.43,0.017,0.12,0.289,8.797,10.818,2.39e-4,0,-0.649,0,0.649,0.021,865.584,0.001,335.222,0.026,6.4,32.17
17.482,50.572,2643.132,456.9,0.262,0.003,59.954,43.168,0,0.568,0.43,0.017,0.12,0.277,8.86,10.724,3.858e-4,0,-0.634,0,0.634,0.023,865.584,0.001,335.222,0.026,6.4,32.17
17.499,51.38,2643.132,456.9,0.262,0.003,59.981,43.168,0,0.568,0.431,0.017,0.12,0.264,8.925,10.629,-2.517e-4,0,-0.619,0,0.619,0.024,865.583,0.001,335.222,0.026,6.4,32.17
17.517,52.195,2643.132,456.9,0.262,0.003,60.014,43.168,0,0.568,0.431,0.017,0.12,0.251,8.985,10.532,4.039e-4,0,-0.605,0,0.605,0.026,865.583,0.001,335.222,0.026,6.4,32.17
17.535,53.042,2643.132,456.9,0.262,0.003,60.047,43.168,0,0.569,0.432,0.017,0.12,0.238,9.047,10.434,-2.475e-4,0,-0.59,0,0.59,0.029,865.583,0.001,335.222,0.025,6.4,32.17
17.553,53.934,2643.132,456.9,0.262,0.003,60.079,43.168,0,0.569,0.432,0.017,0.12,0.225,9.117,10.335,-4.885e-4,0,-0.575,0,0.575,0.031,865.584,0.001,335.222,0.025,6.4,32.17
17.572,54.911,2643.132,456.9,0.262,0.003,60.099,43.168,0,0.569,0.432,0.017,0.12,0.21,9.21,10.237,2.523e-4,0,-0.558,0,0.558,0.033,865.585,0.001,335.222,0.025,6.4,32.17
17.592,55.919,2643.132,456.9,0.262,0.003,60.119,43.168,0,0.569,0.432,0.017,0.12,0.196,9.308,10.14,2.794e-4,0,-0.541,0,0.541,0.035,865.586,0.001,335.222,0.025,6.4,32.17
17.613,57.013,2643.132,456.9,0.262,0.003,60.123,43.168,0,0.569,0.432,0.017,0.12,0.18,9.436,10.048,-9.834e-5,0,-0.523,0,0.523,0.036,865.588,0.001,335.222,0.025,6.4,32.17
17.634,58.16,2643.132,456.9,0.262,0.003,60.117,43.168,0,0.568,0.431,0.017,0.12,0.165,9.585,9.964,3.977e-4,0,-0.503,0,0.503,0.037,865.59,0.001,335.222,0.026,6.4,32.17
17.656,59.294,2643.132,456.9,0.262,0.003,60.119,43.168,0,0.568,0.431,0.017,0.12,0.15,9.725,9.88,2.258e-4,0,-0.483,0,0.483,0.039,865.593,0.001,335.222,0.026,6.4,32.17
17.678,60.369,2643.132,456.9,0.262,0.003,60.145,43.168,0,0.568,0.431,0.017,0.12,0.137,9.828,9.791,2.783e-4,0,-0.466,0,0.466,0.042,865.596,0.001,335.222,0.026,6.4,32.17
17.702,61.478,2643.132,456.9,0.262,0.003,60.169,43.168,0,0.568,0.431,0.017,0.12,0.125,9.938,9.706,2.332e-4,0,-0.449,0,0.449,0.046,865.6,0.001,335.223,0.026,6.4,32.17
17.726,62.643,2643.132,456.9,0.262,0.003,60.183,43.168,0,0.568,0.431,0.017,0.12,0.112,10.071,9.628,3.015e-4,0,-0.43,0,0.43,0.049,865.605,0.001,335.223,0.026,6.4,32.17
17.751,63.834,2643.132,456.9,0.262,0.003,60.192,43.168,0,0.567,0.43,0.017,0.12,0.099,10.214,9.556,-7.731e-5,0,-0.411,0,0.411,0.053,865.611,0.001,335.223,0.026,6.4,32.17
17.777,65.159,2643.132,456.9,0.262,0.003,60.145,43.168,0,0.566,0.429,0.017,0.12,0.086,10.456,9.521,2.082e-4,0,-0.388,0,0.388,0.052,865.617,0.001,335.223,0.026,6.4,32.17
17.803,66.449,2643.132,456.9,0.262,0.003,60.102,43.168,0,0.565,0.428,0.017,0.12,0.075,10.693,9.492,1.843e-4,0,-0.366,0,0.366,0.053,865.625,0.001,335.223,0.027,6.4,32.17
17.831,67.611,2643.132,456.9,0.262,0.003,60.126,43.168,0,0.564,0.427,0.017,0.12,0.065,10.82,9.431,1.35e-4,0,-0.349,0,0.349,0.06,865.633,0.001,335.224,0.027,6.4,32.17
17.859,68.806,2643.132,456.9,0.262,0.003,60.139,43.168,0,0.564,0.427,0.017,0.12,0.056,10.968,9.38,-4.047e-4,0,-0.33,0,0.33,0.067,865.643,0.001,335.224,0.027,6.4,32.17
17.889,70.035,2643.132,456.9,0.262,0.003,60.134,43.168,0,0.563,0.426,0.017,0.12,0.048,11.152,9.347,-2.042e-4,0,-0.311,0,0.311,0.073,865.653,0.001,335.224,0.027,6.4,32.17
17.92,71.318,2643.132,456.9,0.262,0.003,60.075,43.168,0,0.561,0.424,0.017,0.12,0.04,11.43,9.358,-3.895e-4,0,-0.29,0,0.29,0.076,865.666,0.001,335.225,0.028,6.4,32.17
17.953,72.595,2643.132,456.9,0.262,0.003,59.983,43.168,0,0.559,0.422,0.017,0.12,0.032,11.766,9.401,3.062e-4,0,-0.268,0,0.268,0.077,865.679,0.001,335.225,0.028,6.4,32.17
17.986,73.81,2643.132,456.9,0.262,0.003,59.907,43.168,0,0.558,0.421,0.017,0.12,0.026,12.078,9.441,-3.529e-4,0,-0.248,0,0.248,0.082,865.694,0.001,335.226,0.029,6.4,32.17
17.993,74.058,2643.132,456.9,0.262,0.003,59.89,43.168,0,0.557,0.42,0.017,0.12,0.025,12.145,9.452,1.532e-4,0,-0.243,0,0.243,0.083,865.698,0.001,335.226,0.029,6.4,32.17
18.004,74.417,2643.132,456.9,0.262,0.003,59.873,43.168,0,0.557,0.42,0.017,0.12,0.024,12.23,9.461,-4.358e-4,0,-0.238,0,0.238,0.085,865.703,0.001,335.226,0.029,6.4,32.17
18.02,74.927,2643.132,456.9,0.262,0.003,59.87,43.168,0,0.556,0.419,0.017,0.12,0.022,12.316,9.458,-1.902e-4,0,-0.23,0,0.23,0.091,865.711,0.001,335.227,0.029,6.4,32.17
18.043,75.667,2643.132,456.9,0.262,0.003,59.863,43.168,0,0.556,0.419,0.017,0.12,0.019,12.446,9.458,3.657e-5,0,-0.219,0,0.219,0.1,865.723,0.001,335.227,0.029,6.4,32.17
18.079,76.713,2643.132,456.9,0.262,0.003,59.86,43.168,0,0.555,0.418,0.017,0.12,0.015,12.622,9.455,4.931e-4,0,-0.203,0,0.203,0.116,865.743,0.001,335.228,0.03,6.4,32.17
18.119,77.808,2643.132,456.9,0.262,0.003,59.804,43.168,0,0.554,0.417,0.017,0.12,0.012,12.9,9.497,3.232e-4,0,-0.185,0,0.185,0.131,865.766,0.001,335.229,0.03,6.4,32.17
18.162,78.864,2643.132,456.9,0.262,0.003,59.691,43.168,0,0.552,0.414,0.017,0.12,0.009,13.285,9.592,-4.318e-4,0,-0.167,0,0.167,0.144,865.793,0.001,335.23,0.031,6.4,32.17
18.207,79.845,2643.132,456.9,0.262,0.003,59.577,43.168,0,0.55,0.412,0.017,0.12,0.007,13.669,9.689,-6.981e-5,0,-0.149,0,0.149,0.161,865.823,0.001,335.231,0.032,6.4,32.17
18.255,80.74,2643.132,456.9,0.262,0.003,59.476,43.168,0,0.548,0.411,0.017,0.12,0.005,14.025,9.774,9.52e-5,0,-0.133,0,0.133,0.186,865.857,0.001,335.232,0.032,6.4,32.17
18.305,81.508,2643.132,456.9,0.262,0.003,59.355,43.168,0,0.546,0.409,0.017,0.12,0.004,14.408,9.875,-3.315e-4,0,-0.117,0,0.117,0.215,865.895,0.001,335.233,0.033,6.4,32.17
18.355,82.106,2643.132,456.9,0.262,0.003,59.197,43.168,0,0.544,0.407,0.017,0.12,0.003,14.846,10.005,2.215e-5,0,-0.103,0,0.103,0.243,865.935,0.001,335.235,0.034,6.4,32.17
18.405,82.528,2643.132,456.9,0.262,0.003,58.993,43.168,0,0.542,0.404,0.017,0.12,0.003,15.363,10.178,-3.942e-4,0,-0.09,0,0.09,0.27,865.978,0.001,335.236,0.035,6.4,32.17
18.455,82.78,2643.132,456.9,0.262,0.003,58.825,43.168,0,0.54,0.403,0.017,0.12,0.003,15.783,10.304,-4.785e-4,0,-0.079,0,0.079,0.308,866.023,0.001,335.238,0.035,6.4,32.17
18.505,82.854,2643.132,456.9,0.262,0.003,58.613,43.168,0,0.538,0.4,0.017,0.12,0.002,16.281,10.469,4.132e-4,0,-0.069,0,0.069,0.345,866.07,0.001,335.24,0.036,6.4,32.17
18.555,82.752,2643.132,456.9,0.262,0.003,58.426,43.168,0,0.536,0.399,0.017,0.12,0.003,16.697,10.595,-2.84e-5,0,-0.06,0,0.06,0.393,866.12,0.001,335.242,0.037,6.4,32.17
18.605,82.469,2643.132,456.9,0.262,0.003,58.202,43.168,0,0.534,0.397,0.017,0.12,0.003,17.174,10.751,-3.939e-4,0,-0.052,0,0.052,0.44,866.172,0.001,335.244,0.038,6.4,32.17
18.655,82.002,2643.132,456.9,0.262,0.003,57.971,43.168,0,0.532,0.395,0.017,0.12,0.003,17.644,10.907,8.253e-5,0,-0.045,0,0.045,0.493,866.226,0.001,335.246,0.039,6.4,32.17
18.705,81.35,2643.132,456.9,0.262,0.003,57.718,43.168,0,0.532,0.395,0.017,0.12,0.004,18.139,11.077,1.802e-4,0,-0.039,0,0.039,0.547,866.282,0.001,335.248,0.04,6.4,32.17
18.755,80.512,2643.132,456.9,0.262,0.003,57.448,43.168,0,0.532,0.395,0.017,0.12,0.005,18.653,11.263,-3.335e-4,0,-0.034,0,0.034,0.604,866.34,0.001,335.25,0.041,6.4,32.17
18.805,79.487,2643.132,456.9,0.262,0.003,57.156,43.168,0,0.532,0.395,0.017,0.12,0.007,19.198,11.47,1.416e-4,0,0,0,0,0.662,866.4,0.001,335.252,0.042,6.4,32.17
18.855,78.236,2643.132,456.9,0.262,0.003,56.919,43.168,0,0.532,0.395,0.017,0.12,0.01,19.542,11.587,-4.47e-4,0,0,0,0,0.744,866.463,0.001,335.254,0.042,6.4,32.17
18.905,76.793,2643.132,456.9,0.262,0.003,56.647,43.168,0,0.532,0.395,0.017,0.12,0.014,19.942,11.747,4.312e-4,0,0,0,0,0.821,866.527,0.001,335.257,0.043,6.4,32.17
18.955,75.145,2643.132,456.9,0.262,0.003,56.37,43.168,0,0.532,0.395,0.017,0.12,0.02,20.312,11.912,1.478e-4,0,0,0,0,0.902,866.593,0.001,335.259,0.044,6.4,32.17
19.005,73.226,2643.132,456.9,0.262,0.003,56.152,43.168,0,0.532,0.395,0.017,0.12,0.028,20.431,11.975,-2.555e-4,0,0,0,0,1.012,866.661,0.001,335.262,0.045,6.4,32.17
19.055,71.146,2643.132,456.9,0.262,0.003,55.874,43.168,0,0.532,0.395,0.017,0.12,0.038,20.681,12.138,1.375e-4,0,0,0,0,1.101,866.731,0.001,335.264,0.046,6.4,32.17
19.105,68.795,2643.132,456.9,0.262,0.003,55.642,43.168,0,0.532,0.395,0.017,0.12,0.053,20.706,12.226,-2.554e-4,0,0,0,0,1.214,866.803,0.001,335.267,0.047,6.4,32.17
19.155,66.224,2643.132,456.9,0.262,0.003,55.409,43.168,0,0.532,0.395,0.017,0.12,0.072,20.655,12.324,-1.622e-4,0,0,0,0,1.327,866.877,0.001,335.27,0.047,6.4,32.17
19.203,63.504,2643.132,456.9,0.262,0.003,55.231,43.168,0,0.532,0.395,0.017,0.12,0.096,20.373,12.353,1.714e-4,0,0,0,0,1.456,866.948,0.001,335.272,0.048,6.4,32.17
19.248,60.788,2643.132,456.9,0.262,0.003,55.043,43.168,0,0.532,0.395,0.017,0.12,0.124,20.107,12.437,-3.134e-4,0,0,0,0,1.562,867.018,0.001,335.275,0.049,6.4,32.17
19.29,57.964,2643.132,456.9,0.262,0.003,54.913,43.168,0,0.532,0.395,0.017,0.12,0.157,19.616,12.453,3.437e-4,0,0,0,0,1.685,867.085,0.001,335.277,0.05,6.4,32.17
19.331,55.154,2643.132,456.9,0.262,0.003,54.852,43.168,0,0.532,0.395,0.017,0.12,0.193,18.915,12.428,3.816e-4,0,0,0,0,1.789,867.15,0.001,335.28,0.05,6.4,32.17
19.37,52.317,2643.132,456.9,0.262,0.003,54.886,43.168,0,0.532,0.395,0.017,0.12,0.233,17.943,12.325,-4.43e-4,0,0,0,0,1.89,867.214,0.001,335.282,0.051,6.4,32.17
19.408,49.443,2643.132,456.9,0.262,0.003,54.944,43.168,0,0.532,0.395,0.017,0.12,0.277,16.931,12.235,1.625e-4,0,0,0,0,1.993,867.275,0.001,335.285,0.052,6.4,32.17
19.444,46.561,2643.132,456.9,0.262,0.003,55.027,43.168,0,0.532,0.395,0.017,0.12,0.323,15.896,12.17,-1.246e-4,0,0,0,0,2.089,867.336,0.001,335.287,0.053,6.4,32.17
19.478,43.619,2643.132,456.9,0.262,0.003,55.138,43.168,0,0.532,0.395,0.017,0.12,0.372,14.831,12.117,-2.625e-4,0,0,0,0,2.197,867.395,0.001,335.289,0.053,6.4,32.17
19.512,40.657,2643.132,456.9,0.262,0.003,55.279,43.168,0,0.533,0.395,0.017,0.12,0.422,13.76,12.089,-1.825e-4,0,0,0,0,2.305,867.453,0.001,335.291,0.054,6.4,32.17
19.544,37.686,2643.132,456.9,0.262,0.003,55.452,43.168,0,0.533,0.395,0.017,0.12,0.471,12.698,12.091,3.548e-4,0,0,0,0,2.411,867.509,0.001,335.293,0.054,6.4,32.17
19.575,34.768,2643.132,456.9,0.262,0.003,55.654,43.168,0,0.533,0.395,0.017,0.12,0.519,11.676,12.141,4.382e-4,0,0,0,0,2.499,867.565,0.001,335.295,0.055,6.4,32.17
19.606,31.875,2643.132,456.9,0.262,0.003,55.89,43.168,0,0.533,0.395,0.017,0.12,0.563,10.696,12.232,-4.82e-4,0,0,0,0,2.577,867.62,0.001,335.297,0.056,6.4,32.17
19.635,29.034,2643.132,456.9,0.262,0.003,56.159,43.168,0,0.533,0.395,0.017,0.12,0.603,9.773,12.371,3.036e-4,0,0.095,0.118,0.024,2.637,867.674,0.001,335.299,0.057,6.4,32.17
19.659,26.672,2643.132,456.9,0.262,0.003,56.414,43.168,0,0.533,0.395,0.018,0.12,0.632,9.041,12.51,-1.535e-4,0,0.365,0.408,0.043,2.692,867.718,0.001,335.301,0.057,6.4,32.17
19.665,26.048,2643.132,456.9,0.262,0.003,56.486,43.168,0,0.533,0.395,0.018,0.12,0.639,8.854,12.548,-1.39e-4,0,0.433,0.484,0.051,2.71,867.729,0.001,335.301,0.057,6.4,32.17
19.67,25.522,2643.132,456.9,0.262,0.003,56.549,43.168,0,0.533,0.395,0.018,0.12,0.644,8.698,12.581,-4.196e-4,0,0.489,0.549,0.06,2.725,867.738,0.001,335.302,0.057,6.4,32.17
19.674,25.056,2643.132,456.9,0.262,0.003,56.605,43.168,0,0.533,0.395,0.018,0.12,0.649,8.562,12.612,-2.962e-4,0,0.538,0.606,0.068,2.738,867.746,0.001,335.302,0.057,6.4,32.17
19.678,24.632,2643.132,456.9,0.262,0.003,56.658,43.168,0,0.533,0.395,0.018,0.12,0.653,8.44,12.641,2.297e-4,0,0.582,0.658,0.076,2.749,867.754,0.001,335.302,0.058,6.4,32.17
19.682,24.24,2643.132,456.9,0.262,0.003,56.708,43.168,0,0.533,0.395,0.018,0.12,0.657,8.328,12.67,2.306e-4,0,0.622,0.706,0.084,2.759,867.761,0.001,335.303,0.058,6.4,32.17
19.685,23.874,2643.132,456.9,0.262,0.003,56.755,43.168,0,0.533,0.395,0.018,0.12,0.66,8.224,12.697,-1.32e-4,0,0.659,0.75,0.091,2.768,867.767,0.001,335.303,0.058,6.4,32.17
19.688,23.528,2643.132,456.9,0.262,0.003,56.801,43.168,0,0.533,0.395,0.018,0.12,0.663,8.127,12.724,1.983e-4,0,0.694,0.793,0.099,2.777,867.774,0.001,335.303,0.058,6.4,32.17
19.692,23.199,2643.132,456.9,0.262,0.003,56.844,43.168,0,0.533,0.395,0.018,0.12,0.666,8.035,12.749,-4.288e-4,0,0.726,0.833,0.107,2.784,867.779,0.001,335.303,0.058,6.4,32.17
19.694,22.884,2643.132,456.9,0.262,0.003,56.887,43.168,0,0.533,0.395,0.018,0.12,0.668,7.949,12.776,-3.292e-4,0,0.757,0.872,0.115,2.791,867.785,0.001,335.303,0.058,6.4,32.17
19.697,22.583,2643.132,456.9,0.262,0.003,56.928,43.168,0,0.533,0.395,0.018,0.12,0.671,7.867,12.801,-4.996e-4,0,0.786,0.909,0.123,2.798,867.79,0.001,335.304,0.058,6.4,32.17
19.7,22.293,2643.132,456.9,0.262,0.003,56.969,43.168,0,0.533,0.395,0.018,0.12,0.673,7.788,12.826,-1.385e-4,0,0.814,0.944,0.13,2.804,867.795,0.001,335.304,0.058,6.4,32.17
19.703,22.022,2643.132,456.9,0.262,0.003,57.007,43.168,0,0.533,0.395,0.018,0.12,0.675,7.716,12.853,1.289e-4,0,0.839,0.977,0.138,2.806,867.8,0.001,335.304,0.058,6.4,32.17
19.705,21.76,2643.132,456.9,0.262,0.003,57.044,43.168,0,0.533,0.395,0.018,0.12,0.676,7.646,12.881,3.705e-4,0,0.864,1.009,0.146,2.808,867.805,0.001,335.304,0.058,6.4,32.17
19.708,21.499,2643.132,456.9,0.262,0.003,57.082,43.168,0,0.533,0.395,0.018,0.12,0.678,7.577,12.909,1.148e-4,0,0.888,1.041,0.154,2.809,867.81,0.001,335.304,0.058,6.4,32.17
19.71,21.237,2643.132,456.9,0.262,0.003,57.12,43.168,0,0.533,0.395,0.018,0.12,0.68,7.509,12.937,3.161e-4,0,0.912,1.073,0.162,2.81,867.815,0.001,335.305,0.058,6.4,32.17
19.713,20.976,2643.132,456.9,0.262,0.003,57.159,43.168,0,0.533,0.395,0.018,0.12,0.681,7.441,12.968,3.171e-4,0,0.936,1.105,0.17,2.81,867.819,0.001,335.305,0.058,6.4,32.17
19.715,20.714,2643.132,456.9,0.262,0.003,57.198,43.168,0,0.533,0.395,0.018,0.12,0.682,7.373,12.997,-1.384e-4,0,0.959,1.138,0.178,2.81,867.824,0.001,335.305,0.058,6.4,32.17
19.718,20.451,2643.132,456.9,0.262,0.003,57.238,43.168,0,0.533,0.395,0.018,0.12,0.684,7.306,13.029,4.567e-4,0,0.983,1.17,0.187,2.809,867.829,0.001,335.305,0.058,6.4,32.17
19.72,20.189,2643.132,456.9,0.262,0.003,57.278,43.168,0,0.533,0.395,0.018,0.12,0.685,7.24,13.061,-3.643e-4,0,1.006,1.202,0.196,2.808,867.834,0.001,335.305,0.059,6.4,32.17
19.723,19.926,2643.132,456.9,0.262,0.003,57.319,43.168,0,0.533,0.395,0.018,0.12,0.686,7.159,13.022,-7.761e-5,0,1.02,1.225,0.205,2.806,867.839,0.001,335.305,0.059,6.4,32.17
19.725,19.663,2643.132,456.9,0.262,0.003,57.36,43.168,0,0.533,0.395,0.018,0.12,0.687,7.038,12.802,-4.52e-4,0,1.011,1.225,0.214,2.804,867.843,0.001,335.306,0.059,6.4,32.17
19.728,19.4,2643.132,456.9,0.262,0.003,57.402,43.168,0,0.533,0.395,0.018,0.12,0.688,6.917,12.584,2.205e-4,0,1.002,1.225,0.223,2.801,867.848,0.001,335.306,0.059,6.4,32.17
19.73,19.137,2643.132,456.9,0.262,0.003,57.445,43.168,0,0.533,0.395,0.018,0.12,0.689,6.797,12.367,4.987e-4,0,0.993,1.225,0.232,2.796,867.853,0.001,335.306,0.059,6.4,32.17
19.733,18.874,2643.132,456.9,0.262,0.003,57.488,43.168,0,0.533,0.395,0.018,0.12,0.69,6.678,12.152,-4.302e-4,0,0.984,1.225,0.241,2.791,867.858,0.001,335.306,0.059,6.4,32.17
19.735,18.611,2643.132,456.9,0.262,0.003,57.531,43.168,0,0.533,0.395,0.018,0.12,0.691,6.56,11.937,4.833e-4,0,0.975,1.225,0.25,2.784,867.863,0.001,335.306,0.059,6.4,32.17
19.738,18.349,2643.132,456.9,0.262,0.003,57.575,43.168,0,0.533,0.395,0.018,0.12,0.691,6.442,11.724,1.406e-4,0,0.966,1.225,0.259,2.777,867.868,0.001,335.306,0.059,6.4,32.17
19.74,18.086,2643.132,456.9,0.262,0.003,57.619,43.168,0,0.533,0.395,0.018,0.12,0.692,6.325,11.513,-4.086e-4,0,0.958,1.225,0.267,2.768,867.872,0.001,335.307,0.059,6.4,32.17
19.743,17.824,2643.132,456.9,0.262,0.003,57.664,43.168,0,0.533,0.395,0.018,0.12,0.692,6.209,11.304,4.383e-4,0,0.949,1.225,0.276,2.758,867.877,0.001,335.307,0.059,6.4,32.17
19.745,17.562,2643.132,456.9,0.262,0.003,57.709,43.168,0,0.533,0.395,0.018,0.12,0.692,6.093,11.097,3.998e-4,0,0.941,1.225,0.284,2.747,867.882,0.001,335.307,0.059,6.4,32.17
19.748,17.3,2643.132,456.9,0.262,0.003,57.755,43.168,0,0.533,0.395,0.018,0.12,0.692,5.978,10.892,3.319e-4,0,0.932,1.225,0.293,2.735,867.887,0.001,335.307,0.059,6.4,32.17
19.75,17.039,2643.132,456.9,0.262,0.003,57.802,43.168,0,0.533,0.395,0.018,0.12,0.693,5.864,10.688,2.611e-4,0,0.924,1.225,0.301,2.721,867.892,0.001,335.307,0.059,6.4,32.17
19.753,16.773,2643.132,456.9,0.262,0.003,57.849,43.168,0,0.533,0.395,0.018,0.12,0.692,5.749,10.48,2.266e-4,0,0.916,1.225,0.309,2.708,867.897,0.001,335.308,0.059,6.4,32.17
19.755,16.507,2643.132,456.9,0.262,0.003,57.898,43.168,0,0.533,0.395,0.018,0.12,0.692,5.634,10.273,-1.41e-5,0,0.907,1.225,0.318,2.694,867.902,0.001,335.308,0.059,6.4,32.17
19.758,16.241,2643.132,456.9,0.262,0.003,57.947,43.168,0,0.533,0.395,0.018,0.12,0.692,5.521,10.069,-1.189e-4,0,0.899,1.225,0.326,2.679,867.907,0.001,335.308,0.06,6.4,32.17
19.76,15.976,2643.132,456.9,0.262,0.003,57.996,43.168,0,0.533,0.395,0.018,0.12,0.691,5.408,9.867,4.199e-4,0,0.891,1.225,0.334,2.662,867.911,0.001,335.308,0.06,6.4,32.17
19.763,15.712,2643.132,456.9,0.262,0.003,58.046,43.168,0,0.533,0.395,0.018,0.12,0.69,5.296,9.667,3.694e-4,0,0.883,1.225,0.342,2.644,867.916,0.001,335.308,0.06,6.4,32.17
19.765,15.448,2643.132,456.9,0.262,0.003,58.096,43.168,0,0.533,0.395,0.018,0.12,0.689,5.185,9.47,4.154e-4,0,0.875,1.225,0.35,2.624,867.921,0.001,335.308,0.06,6.4,32.17
19.768,15.185,2643.132,456.9,0.262,0.003,58.147,43.168,0,0.533,0.395,0.018,0.12,0.688,5.075,9.275,-3.13e-4,0,0.868,1.225,0.357,2.602,867.926,0.001,335.309,0.06,6.4,32.17
19.77,14.923,2643.132,456.9,0.262,0.003,58.198,43.168,0,0.533,0.395,0.018,0.12,0.686,4.966,9.084,-3.024e-4,0,0.86,1.225,0.365,2.579,867.931,0.001,335.309,0.06,6.4,32.17
19.773,14.662,2643.132,456.9,0.262,0.003,58.25,43.168,0,0.533,0.395,0.018,0.12,0.684,4.859,8.896,-4.976e-4,0,0.852,1.225,0.373,2.554,867.936,0.001,335.309,0.06,6.4,32.17
19.775,14.402,2643.132,456.9,0.262,0.003,58.302,43.168,0,0.533,0.395,0.018,0.12,0.683,4.752,8.71,1.251e-4,0,0.845,1.225,0.38,2.527,867.941,0.001,335.309,0.06,6.4,32.17
19.778,14.144,2643.132,456.9,0.262,0.003,58.354,43.168,0,0.533,0.395,0.018,0.12,0.681,4.646,8.528,-4.483e-4,0,0.837,1.225,0.388,2.498,867.946,0.001,335.309,0.06,6.4,32.17
19.78,13.886,2643.132,456.9,0.262,0.003,58.407,43.168,0,0.533,0.395,0.018,0.12,0.678,4.542,8.349,-1.548e-4,0,0.83,1.225,0.395,2.467,867.951,0.001,335.31,0.06,6.4,32.17
19.783,13.63,2643.132,456.9,0.262,0.003,58.46,43.168,0,0.533,0.395,0.018,0.12,0.676,4.439,8.174,1.791e-4,0,0.822,1.225,0.403,2.434,867.956,0.001,335.31,0.06,6.4,32.17
19.785,13.375,2643.132,456.9,0.262,0.003,58.513,43.168,0,0.533,0.395,0.018,0.12,0.674,4.337,8.002,-1.565e-4,0,0.815,1.225,0.41,2.398,867.961,0.001,335.31,0.06,6.4,32.17
19.788,13.122,2643.132,456.9,0.262,0.003,58.567,43.168,0,0.533,0.395,0.018,0.12,0.671,4.237,7.835,-4.788e-4,0,0.808,1.225,0.417,2.36,867.966,0.001,335.31,0.06,6.4,32.17
19.79,12.871,2643.132,456.9,0.262,0.003,58.621,43.168,0,0.533,0.395,0.018,0.12,0.669,4.138,7.672,3.882e-4,0,0.8,1.225,0.425,2.32,867.971,0.001,335.31,0.06,6.4,32.17
19.793,12.621,2643.132,456.9,0.262,0.003,58.675,43.168,0,0.533,0.395,0.018,0.12,0.666,4.04,7.514,-1.641e-4,0,0.793,1.225,0.432,2.277,867.976,0.001,335.31,0.06,6.4,32.17
19.795,12.374,2643.132,456.9,0.262,0.003,58.73,43.168,0,0.533,0.395,0.018,0.12,0.664,3.944,7.359,-1.311e-4,0,0.786,1.225,0.439,2.231,867.981,0.001,335.311,0.061,6.4,32.17
19.798,12.129,2643.132,456.9,0.262,0.003,58.784,43.168,0,0.533,0.395,0.018,0.12,0.661,3.849,7.21,4.763e-4,0,0.779,1.225,0.446,2.183,867.986,0.001,335.311,0.061,6.4,32.17
19.8,11.887,2643.132,456.9,0.262,0.003,58.839,43.168,0,0.533,0.395,0.018,0.12,0.658,3.756,7.066,-4.701e-4,0,0.772,1.225,0.453,2.131,867.991,0.001,335.311,0.061,6.4,32.17
19.803,11.647,2643.132,456.9,0.262,0.003,58.893,43.168,0,0.533,0.395,0.018,0.12,0.655,3.665,6.929,8.203e-6,0,0.766,1.225,0.459,2.076,867.996,0.001,335.311,0.061,6.4,32.17
19.805,11.409,2643.132,456.9,0.262,0.003,58.948,43.168,0,0.533,0.395,0.018,0.12,0.652,3.575,6.796,-4.021e-4,0,0.759,1.225,0.466,2.018,868.001,0.001,335.311,0.061,6.4,32.17
19.808,11.172,2643.132,456.9,0.262,0.003,59.003,43.168,0,0.533,0.395,0.018,0.12,0.649,3.486,6.669,-2.663e-5,0,0.752,1.225,0.473,1.956,868.006,0.001,335.312,0.061,6.4,32.17
19.81,10.938,2643.132,456.9,0.262,0.003,59.059,43.168,0,0.533,0.395,0.018,0.12,0.646,3.398,6.547,3.047e-4,0,0.745,1.225,0.48,1.89,868.011,0.001,335.312,0.061,6.4,32.17
19.813,10.705,2643.132,456.9,0.262,0.003,59.114,43.168,0,0.533,0.395,0.018,0.12,0.643,3.312,6.432,-2.039e-4,0,0.738,1.225,0.487,1.82,868.016,0.001,335.312,0.061,6.4,32.17
19.815,10.475,2643.132,456.9,0.262,0.003,59.169,43.168,0,0.533,0.395,0.018,0.12,0.64,3.227,6.322,3.038e-4,0,0.732,1.225,0.493,1.746,868.021,0.001,335.312,0.061,6.4,32.17
19.818,10.248,2643.132,456.9,0.262,0.003,59.225,43.168,0,0.533,0.395,0.018,0.12,0.637,3.144,6.22,3.354e-4,0,0.725,1.225,0.5,1.668,868.026,0.001,335.312,0.061,6.4,32.17
19.821,10.024,2643.132,456.9,0.262,0.003,59.28,43.168,0,0.533,0.395,0.018,0.12,0.634,3.063,6.124,-1.831e-5,0,0.718,1.225,0.507,1.586,868.032,0.001,335.313,0.061,6.4,32.17
19.823,9.804,2643.132,456.9,0.262,0.003,59.334,43.168,0,0.533,0.395,0.018,0.12,0.631,2.983,6.036,-4.195e-4,0,0.711,1.225,0.514,1.499,868.037,0.001,335.313,0.061,6.4,32.17
19.826,9.589,2643.132,456.9,0.262,0.003,59.388,43.168,0,0.533,0.395,0.018,0.12,0.628,2.906,5.956,1.644e-4,0,0.705,1.225,0.52,1.409,868.043,0.001,335.313,0.061,6.4,32.17
19.829,9.378,2643.132,456.9,0.262,0.003,59.442,43.168,0,0.533,0.395,0.018,0.12,0.625,2.831,5.884,-7.577e-6,0,0.698,1.225,0.527,1.314,868.048,0.001,335.313,0.061,6.4,32.17
19.831,9.173,2643.132,456.9,0.262,0.003,59.495,43.168,0,0.533,0.395,0.018,0.12,0.622,2.758,5.821,-2.826e-4,0,0.691,1.225,0.534,1.216,868.053,0.001,335.313,0.061,6.4,32.17
19.834,8.975,2643.132,456.9,0.262,0.003,59.546,43.168,0,0.533,0.395,0.018,0.12,0.619,2.688,5.766,-1.147e-5,0,0.685,1.225,0.54,1.114,868.059,0.001,335.314,0.062,6.4,32.17
19.837,8.783,2643.132,456.9,0.262,0.003,59.596,43.168,0,0.533,0.395,0.018,0.12,0.617,2.621,5.719,-4.59e-4,0,0.678,1.225,0.547,1.01,868.065,0.001,335.314,0.062,6.4,32.17
19.839,8.598,2643.132,456.9,0.262,0.003,59.645,43.168,0,0.533,0.395,0.018,0.12,0.614,2.557,5.681,7.271e-5,0,0.672,1.225,0.553,0.903,868.07,0.001,335.314,0.062,6.4,32.17
19.842,8.423,2643.132,456.9,0.262,0.003,59.692,43.168,0,0.533,0.395,0.018,0.12,0.612,2.496,5.65,4.596e-4,0,0.665,1.225,0.56,0.796,868.076,0.001,335.314,0.062,6.4,32.17
19.845,8.256,2643.132,456.9,0.262,0.003,59.737,43.168,0,0.533,0.395,0.018,0.12,0.609,2.439,5.627,1.096e-4,0,0.659,1.225,0.566,0.688,868.082,0.001,335.314,0.062,6.4,32.17
19.848,8.101,2643.132,456.9,0.262,0.003,59.779,43.168,0,0.533,0.395,0.018,0.12,0.607,2.386,5.611,-4.938e-4,0,0.652,1.225,0.573,0.582,868.087,0.001,335.315,0.062,6.4,32.17
19.851,7.958,2643.132,456.9,0.262,0.003,59.818,43.168,0,0.533,0.395,0.018,0.12,0.605,2.337,5.603,2.433e-4,0,0.646,1.225,0.579,0.478,868.093,0.001,335.315,0.062,6.4,32.17
19.854,7.834,2643.132,456.9,0.262,0.003,59.852,43.168,0,0.533,0.395,0.018,0.121,0.603,2.295,5.607,1.006e-4,0,0.639,1.225,0.586,0.378,868.099,0.001,335.315,0.062,6.4,32.17
19.857,7.723,2643.132,456.9,0.262,0.003,59.883,43.168,0,0.533,0.395,0.018,0.121,0.602,2.258,5.613,-3.884e-5,0,0.633,1.225,0.592,0.285,868.105,0.001,335.315,0.062,6.4,32.17
19.859,7.628,2643.132,456.9,0.262,0.003,59.91,43.168,0,0.533,0.395,0.018,0.121,0.601,2.226,5.621,-3.774e-4,0,0.626,1.225,0.599,0.202,868.111,0.001,335.315,0.062,6.4,32.17
19.862,7.548,2643.132,456.9,0.262,0.003,59.932,43.168,0,0.533,0.395,0.018,0.121,0.599,2.199,5.63,-1.989e-4,0,0.62,1.225,0.605,0.131,868.117,0.001,335.316,0.062,6.4,32.17
19.865,7.485,2643.132,456.9,0.262,0.003,59.95,43.168,0,0.533,0.395,0.018,0.121,0.599,2.178,5.639,-1.198e-4,0,0.614,1.225,0.612,0.073,868.123,0.001,335.316,0.062,6.4,32.17
19.868,7.439,2643.132,456.9,0.262,0.003,59.963,43.168,0,0.533,0.395,0.018,0.121,0.598,2.163,5.646,2.047e-4,0,0.607,1.225,0.618,0.031,868.129,0.001,335.316,0.062,6.4,32.17
19.871,7.412,2643.132,456.9,0.262,0.003,59.971,43.168,0,0.533,0.395,0.018,0.121,0.598,2.154,5.649,-2.909e-5,0,0.601,1.225,0.624,0.006,868.135,0.001,335.316,0.063,6.4,32.17
19.874,7.404,2643.132,456.9,0.262,0.003,59.974,43.168,0,0.533,0.395,0.018,0.121,0.597,2.151,5.65,1.346e-5,0,0.595,1.225,0.63,-3.027e-4,868.142,0.001,335.317,0.063,6.4,32.17
19.877,7.415,2643.132,456.9,0.262,0.003,59.971,43.168,0,0.533,0.395,0.018,0.121,0.598,2.155,5.671,3.94e-5,0,0.588,1.225,0.637,-0.013,868.148,0.001,335.317,0.063,6.4,32.17
19.88,7.446,2643.132,456.9,0.262,0.003,59.962,43.168,0,0.533,0.395,0.018,0.121,0.598,2.165,5.727,1.111e-4,0,0.582,1.225,0.643,-0.045,868.154,0.001,335.317,0.063,6.4,32.17
19.884,7.498,2643.132,456.9,0.262,0.003,59.948,43.168,0,0.533,0.395,0.018,0.121,0.599,2.182,5.818,4.282e-4,0,0.576,1.225,0.649,-0.096,868.161,0.001,335.317,0.063,6.4,32.17
19.887,7.569,2643.132,456.9,0.262,0.003,59.928,43.168,0,0.533,0.395,0.018,0.121,0.6,2.206,5.942,-2.91e-4,0,0.57,1.225,0.655,-0.163,868.167,0.001,335.318,0.063,6.4,32.17
19.89,7.66,2643.132,456.9,0.262,0.003,59.903,43.168,0,0.533,0.395,0.018,0.121,0.601,2.237,6.095,-2.764e-4,0,0.564,1.225,0.662,-0.246,868.174,0.001,335.318,0.063,6.4,32.17
19.893,7.772,2643.132,456.9,0.262,0.003,59.872,43.168,0,0.533,0.395,0.018,0.121,0.603,2.275,6.279,-2.229e-4,0,0.557,1.225,0.668,-0.342,868.181,0.001,335.318,0.063,6.4,32.17
19.896,7.902,2643.132,456.9,0.262,0.003,59.836,43.168,0,0.533,0.395,0.018,0.121,0.604,2.319,6.487,1.963e-4,0,0.551,1.225,0.674,-0.448,868.187,0.001,335.318,0.063,6.4,32.17
19.899,8.052,2643.132,456.9,0.262,0.003,59.795,43.168,0,0.533,0.395,0.018,0.121,0.607,2.37,6.719,1.188e-4,0,0.545,1.225,0.68,-0.563,868.194,0.001,335.319,0.063,6.4,32.17
19.903,8.21,2643.132,456.9,0.262,0.003,59.752,43.168,0,0.533,0.395,0.018,0.121,0.609,2.424,6.964,1.359e-4,0,0.539,1.225,0.686,-0.683,868.201,0.001,335.319,0.063,6.4,32.17
19.906,8.384,2643.132,456.9,0.262,0.003,59.706,43.168,0,0.533,0.395,0.018,0.121,0.611,2.483,7.224,-4.094e-4,0,0.533,1.225,0.692,-0.807,868.208,0.001,335.319,0.063,6.4,32.17
19.909,8.575,2643.132,456.9,0.262,0.003,59.655,43.168,0,0.533,0.395,0.018,0.121,0.614,2.549,7.499,-4.196e-4,0,0.527,1.225,0.698,-0.932,868.215,0.001,335.319,0.064,6.4,32.17
19.913,8.782,2643.132,456.9,0.262,0.003,59.6,43.168,0,0.533,0.395,0.018,0.121,0.617,2.621,7.786,-3.342e-5,0,0.521,1.225,0.704,-1.057,868.222,0.001,335.32,0.064,6.4,32.17
19.916,9.004,2643.132,456.9,0.262,0.003,59.542,43.168,0,0.533,0.395,0.018,0.121,0.62,2.699,8.083,-5.969e-5,0,0.515,1.225,0.71,-1.178,868.229,0.001,335.32,0.064,6.4,32.17
19.919,9.242,2643.132,456.9,0.262,0.003,59.48,43.168,0,0.533,0.395,0.018,0.121,0.623,2.783,8.388,-5.333e-5,0,0.509,1.225,0.716,-1.296,868.236,0.001,335.32,0.064,6.4,32.17
19.923,9.493,2643.132,456.9,0.262,0.003,59.416,43.168,0,0.533,0.395,0.018,0.121,0.627,2.872,8.699,1.689e-5,0,0.503,1.225,0.722,-1.408,868.243,0.001,335.32,0.064,6.4,32.17
19.926,9.758,2643.132,456.9,0.262,0.003,59.349,43.168,0,0.533,0.395,0.018,0.121,0.63,2.967,9.015,-1.898e-4,0,0.497,1.225,0.728,-1.514,868.251,0.001,335.321,0.064,6.4,32.17
19.93,10.036,2643.132,456.9,0.262,0.003,59.28,43.168,0,0.533,0.395,0.018,0.121,0.634,3.067,9.334,-8.473e-5,0,0.491,1.225,0.734,-1.613,868.258,0.001,335.321,0.064,6.4,32.17
19.933,10.325,2643.132,456.9,0.262,0.003,59.209,43.168,0,0.533,0.395,0.018,0.121,0.638,3.172,9.656,2.133e-4,0,0.485,1.225,0.74,-1.705,868.266,0.001,335.321,0.064,6.4,32.17
19.937,10.625,2643.132,456.9,0.262,0.003,59.136,43.168,0,0.533,0.395,0.018,0.121,0.642,3.282,9.98,3.52e-4,0,0.479,1.225,0.746,-1.79,868.273,0.001,335.321,0.064,6.4,32.17
19.94,10.935,2643.132,456.9,0.262,0.003,59.062,43.168,0,0.533,0.395,0.018,0.121,0.646,3.397,10.305,-3.681e-4,0,0.474,1.225,0.751,-1.867,868.281,0.001,335.322,0.064,6.4,32.17
19.944,11.256,2643.132,456.9,0.262,0.003,58.987,43.168,0,0.533,0.395,0.018,0.121,0.65,3.517,10.631,-1.431e-4,0,0.468,1.225,0.757,-1.937,868.289,0.001,335.322,0.065,6.4,32.17
19.948,11.585,2643.132,456.9,0.262,0.003,58.91,43.168,0,0.533,0.395,0.018,0.121,0.655,3.642,10.957,-5.249e-5,0,0.462,1.225,0.763,-1.999,868.296,0.001,335.322,0.065,6.4,32.17
19.951,11.917,2643.132,456.9,0.262,0.003,58.834,43.168,0,0.533,0.395,0.018,0.121,0.659,3.768,11.279,3.699e-4,0,0.456,1.225,0.769,-2.055,868.304,0.001,335.323,0.065,6.4,32.17
19.955,12.246,2643.132,456.9,0.262,0.003,58.761,43.168,0,0.533,0.395,0.018,0.121,0.662,3.895,11.595,-3.204e-4,0,0.45,1.225,0.775,-2.106,868.312,0.001,335.323,0.065,6.4,32.17
19.959,12.582,2643.132,456.9,0.262,0.003,58.686,43.168,0,0.533,0.395,0.018,0.121,0.666,4.025,11.909,-2.679e-4,0,0.445,1.225,0.78,-2.15,868.321,0.001,335.323,0.065,6.4,32.17
19.963,12.926,2643.132,456.9,0.262,0.003,58.611,43.168,0,0.533,0.395,0.018,0.121,0.67,4.16,12.224,3.607e-4,0,0.439,1.225,0.786,-2.187,868.329,0.001,335.324,0.065,6.4,32.17
19.966,13.277,2643.132,456.9,0.262,0.003,58.536,43.168,0,0.533,0.395,0.018,0.121,0.673,4.298,12.539,-4.287e-4,0,0.433,1.225,0.792,-2.218,868.337,0.001,335.324,0.065,6.4,32.17
19.97,13.634,2643.132,456.9,0.262,0.003,58.461,43.168,0,0.533,0.395,0.018,0.121,0.677,4.441,12.854,-4.427e-4,0,0.428,1.225,0.798,-2.242,868.345,0.001,335.324,0.065,6.4,32.17
19.974,13.998,2643.132,456.9,0.262,0.003,58.386,43.168,0,0.533,0.395,0.018,0.121,0.68,4.588,13.169,8.237e-5,0,0.422,1.225,0.803,-2.261,868.354,0.001,335.324,0.065,6.4,32.17
19.978,14.367,2643.132,456.9,0.262,0.003,58.31,43.168,0,0.533,0.395,0.018,0.121,0.683,4.738,13.483,3.472e-5,0,0.416,1.225,0.809,-2.274,868.363,0.001,335.325,0.065,6.4,32.17
19.982,14.741,2643.132,456.9,0.262,0.003,58.235,43.168,0,0.533,0.395,0.018,0.121,0.685,4.891,13.797,2.017e-4,0,0.411,1.225,0.814,-2.282,868.371,0.001,335.325,0.065,6.4,32.17
19.986,15.121,2643.132,456.9,0.262,0.003,58.161,43.168,0,0.533,0.395,0.018,0.121,0.687,5.048,14.111,-4.337e-4,0,0.405,1.225,0.82,-2.284,868.38,0.001,335.325,0.066,6.4,32.17
19.99,15.505,2643.132,456.9,0.262,0.003,58.087,43.168,0,0.533,0.395,0.018,0.121,0.689,5.209,14.424,-3.234e-4,0,0.4,1.225,0.826,-2.282,868.389,0.001,335.326,0.066,6.4,32.17
19.994,15.892,2643.132,456.9,0.262,0.003,58.013,43.168,0,0.533,0.395,0.018,0.121,0.691,5.372,14.737,-1.121e-4,0,0.394,1.225,0.831,-2.275,868.398,0.001,335.326,0.066,6.4,32.17
19.999,16.284,2643.132,456.9,0.262,0.003,57.94,43.168,0,0.533,0.395,0.018,0.121,0.692,5.539,15.049,-4.707e-4,0,0.389,1.225,0.837,-2.264,868.407,0.001,335.326,0.066,6.4,32.17
20.003,16.695,2643.132,456.9,0.262,0.003,57.865,43.168,0,0.533,0.395,0.018,0.121,0.693,5.716,15.374,2.958e-4,0,0.383,1.225,0.842,-2.248,868.417,0.001,335.327,0.066,6.4,32.17
20.007,17.117,2643.132,456.9,0.262,0.003,57.789,43.168,0,0.533,0.395,0.018,0.121,0.693,5.899,15.703,4.148e-4,0,0.378,1.225,0.847,-2.227,868.426,0.001,335.327,0.066,6.4,32.17
20.011,17.541,2643.132,456.9,0.262,0.003,57.714,43.168,0,0.533,0.395,0.018,0.121,0.693,6.084,16.031,3.904e-4,0,0.372,1.225,0.853,-2.203,868.436,0.001,335.327,0.066,6.4,32.17
20.016,17.967,2643.132,456.9,0.262,0.003,57.641,43.168,0,0.533,0.395,0.018,0.121,0.692,6.272,16.359,3.74e-4,0,0.367,1.225,0.858,-2.175,868.445,0.001,335.328,0.066,6.4,32.17
20.02,18.395,2643.132,456.9,0.262,0.003,57.568,43.168,0,0.533,0.395,0.018,0.121,0.691,6.463,16.688,4.635e-4,0,0.362,1.225,0.863,-2.145,868.455,0.001,335.328,0.066,6.4,32.17
20.025,18.825,2643.132,456.9,0.262,0.003,57.497,43.168,0,0.533,0.395,0.018,0.121,0.69,6.656,17.014,4.81e-4,0,0.357,1.225,0.868,-2.111,868.465,0.001,335.329,0.067,6.4,32.17
20.029,19.255,2643.132,456.9,0.262,0.003,57.427,43.168,0,0.533,0.395,0.018,0.121,0.689,6.852,17.339,3.047e-5,0,0.352,1.225,0.874,-2.074,868.475,0.001,335.329,0.067,6.4,32.17
20.034,19.687,2643.132,456.9,0.262,0.003,57.358,43.168,0,0.533,0.395,0.018,0.121,0.688,7.049,17.663,-1.149e-4,0,0.346,1.225,0.879,-2.035,868.485,0.001,335.329,0.067,6.4,32.17
20.038,20.118,2643.132,456.9,0.262,0.003,57.29,43.168,0,0.533,0.395,0.018,0.121,0.686,7.223,17.873,6.93e-6,0,0.327,1.211,0.884,-1.993,868.496,0.001,335.33,0.067,6.4,32.17
20.043,20.569,2643.132,456.9,0.262,0.003,57.221,43.168,0,0.533,0.395,0.018,0.121,0.684,7.337,17.773,-2.529e-4,0,0.267,1.155,0.888,-1.947,868.506,0.001,335.33,0.067,6.4,32.17
20.049,21.111,2643.132,456.9,0.262,0.003,57.14,43.168,0,0.533,0.395,0.018,0.121,0.681,7.476,17.654,2.998e-5,0,0.197,1.089,0.892,-1.89,868.52,0.001,335.331,0.067,6.4,32.17
20.057,21.857,2643.132,456.9,0.262,0.003,57.032,43.168,0,0.533,0.395,0.018,0.121,0.676,7.672,17.491,-4.298e-4,0,0.103,0.998,0.895,-1.811,868.538,0.001,335.331,0.067,6.4,32.17
20.069,22.951,2643.132,456.9,0.262,0.003,56.879,43.168,0,0.533,0.395,0.018,0.121,0.668,7.968,17.252,4.239e-4,0,-0.029,0.864,0.892,-1.689,868.565,0.001,335.332,0.068,6.4,32.17
20.087,24.52,2643.132,456.9,0.262,0.003,56.674,43.168,0,0.533,0.395,0.018,0.121,0.655,8.408,16.91,4.256e-4,0,-0.206,0.671,0.877,-1.506,868.606,0.001,335.334,0.068,6.4,32.17
20.095,25.142,2643.132,456.9,0.262,0.003,56.597,43.168,0,0.533,0.395,0.018,0.121,0.649,8.588,16.776,3.104e-4,0,-0.272,0.595,0.867,-1.431,868.623,0.001,335.334,0.068,6.4,32.17
20.1,25.596,2643.132,456.9,0.262,0.003,56.542,43.168,0,0.533,0.395,0.018,0.121,0.644,8.721,16.678,-4.272e-4,0,-0.319,0.54,0.858,-1.375,868.636,0.001,335.335,0.068,6.4,32.17
20.105,25.911,2643.132,456.9,0.262,0.003,56.504,43.168,0,0.533,0.395,0.018,0.121,0.641,8.814,16.601,3.634e-4,0,-0.349,0.501,0.85,-1.328,868.647,0.001,335.335,0.069,6.4,32.17
20.109,26.192,2643.132,456.9,0.262,0.003,56.471,43.168,0,0.533,0.395,0.018,0.121,0.638,8.898,16.534,-2.652e-5,0,-0.376,0.467,0.842,-1.285,868.657,0.001,335.336,0.069,6.4,32.17
20.113,26.448,2643.132,456.9,0.262,0.003,56.442,43.168,0,0.533,0.395,0.018,0.121,0.635,8.974,16.472,-2.915e-4,0,-0.399,0.435,0.835,-1.245,868.667,0.001,335.336,0.069,6.4,32.17
20.117,26.683,2643.132,456.9,0.262,0.003,56.415,43.168,0,0.533,0.395,0.018,0.121,0.632,9.045,16.414,2.013e-4,0,-0.42,0.406,0.827,-1.209,868.675,0.001,335.336,0.069,6.4,32.17
20.121,26.902,2643.132,456.9,0.262,0.003,56.39,43.168,0,0.533,0.395,0.018,0.121,0.63,9.111,16.362,4.665e-4,0,-0.44,0.38,0.819,-1.174,868.684,0.001,335.337,0.069,6.4,32.17
20.124,27.106,2643.132,456.9,0.262,0.003,56.367,43.168,0,0.533,0.395,0.018,0.121,0.627,9.174,16.311,2.451e-4,0,-0.457,0.355,0.812,-1.142,868.692,0.001,335.337,0.069,6.4,32.17
20.127,27.299,2643.132,456.9,0.262,0.003,56.346,43.168,0,0.533,0.395,0.018,0.121,0.625,9.233,16.265,4.422e-4,0,-0.474,0.331,0.805,-1.111,868.699,0.001,335.337,0.069,6.4,32.17
20.131,27.482,2643.132,456.9,0.262,0.003,56.326,43.168,0,0.533,0.395,0.018,0.121,0.623,9.289,16.22,-2.929e-4,0,-0.489,0.308,0.797,-1.082,868.707,0.001,335.338,0.069,6.4,32.17
20.134,27.656,2643.132,456.9,0.262,0.003,56.307,43.168,0,0.533,0.395,0.018,0.121,0.621,9.342,16.177,4.571e-4,0,-0.503,0.287,0.79,-1.054,868.714,0.001,335.338,0.069,6.4,32.17
20.137,27.822,2643.132,456.9,0.262,0.003,56.289,43.168,0,0.533,0.395,0.018,0.121,0.619,9.394,16.137,-1.043e-4,0,-0.516,0.267,0.783,-1.027,868.721,0.001,335.338,0.069,6.4,32.17
20.139,27.981,2643.132,456.9,0.262,0.003,56.272,43.168,0,0.533,0.395,0.018,0.121,0.617,9.443,16.099,-1.734e-4,0,-0.528,0.247,0.776,-1.002,868.727,0.001,335.338,0.069,6.4,32.17
20.142,28.133,2643.132,456.9,0.262,0.003,56.256,43.168,0,0.533,0.395,0.018,0.121,0.615,9.49,16.062,3.127e-4,0,-0.54,0.229,0.768,-0.977,868.734,0.001,335.339,0.069,6.4,32.17
20.145,28.279,2643.132,456.9,0.262,0.003,56.24,43.168,0,0.533,0.395,0.018,0.121,0.613,9.536,16.026,4.827e-4,0,-0.55,0.211,0.761,-0.953,868.74,0.001,335.339,0.069,6.4,32.17
20.148,28.42,2643.132,456.9,0.262,0.003,56.226,43.168,0,0.533,0.395,0.018,0.121,0.611,9.58,15.992,3.484e-5,0,-0.561,0.194,0.754,-0.93,868.747,0.001,335.339,0.069,6.4,32.17
20.15,28.558,2643.132,456.9,0.262,0.003,56.211,43.168,0,0.533,0.395,0.018,0.121,0.61,9.623,15.959,2.395e-4,0,-0.57,0.177,0.747,-0.908,868.753,0.001,335.339,0.069,6.4,32.17
20.153,28.707,2643.132,456.9,0.262,0.003,56.196,43.168,0,0.533,0.395,0.018,0.121,0.608,9.67,15.926,4.903e-4,0,-0.581,0.158,0.74,-0.887,868.759,0.001,335.339,0.069,6.4,32.17
20.155,28.851,2643.132,456.9,0.262,0.003,56.181,43.168,0,0.533,0.395,0.018,0.121,0.606,9.716,15.895,-2.947e-4,0,-0.592,0.141,0.733,-0.866,868.765,0.001,335.34,0.07,6.4,32.17
20.158,28.991,2643.132,456.9,0.262,0.003,56.167,43.168,0,0.533,0.395,0.018,0.121,0.604,9.76,15.864,1.294e-4,0,-0.602,0.124,0.726,-0.846,868.771,0.001,335.34,0.07,6.4,32.17
20.16,29.13,2643.132,456.9,0.262,0.003,56.153,43.168,0,0.533,0.395,0.018,0.121,0.602,9.804,15.834,3.374e-4,0,-0.612,0.107,0.718,-0.827,868.777,0.001,335.34,0.07,6.4,32.17
20.163,29.266,2643.132,456.9,0.262,0.003,56.139,43.168,0,0.533,0.395,0.018,0.121,0.6,9.847,15.804,4.899e-4,0,-0.621,0.09,0.711,-0.807,868.783,0.001,335.34,0.07,6.4,32.17
20.165,29.401,2643.132,456.9,0.262,0.003,56.126,43.168,0,0.533,0.395,0.018,0.121,0.599,9.89,15.775,1.424e-4,0,-0.63,0.073,0.704,-0.788,868.788,0.001,335.341,0.07,6.4,32.17
20.168,29.533,2643.132,456.9,0.262,0.003,56.113,43.168,0,0.533,0.395,0.018,0.121,0.597,9.933,15.747,1.571e-4,0,-0.639,0.057,0.696,-0.769,868.794,0.001,335.341,0.07,6.4,32.17
20.17,29.664,2643.132,456.9,0.262,0.003,56.1,43.168,0,0.533,0.395,0.018,0.121,0.595,9.974,15.718,-4.789e-4,0,-0.647,0.041,0.689,-0.751,868.8,0.001,335.341,0.07,6.4,32.17
20.173,29.793,2643.132,456.9,0.262,0.003,56.087,43.168,0,0.533,0.395,0.018,0.121,0.593,10.016,15.691,1.18e-4,0,-0.656,0.025,0.681,-0.733,868.806,0.001,335.341,0.07,6.4,32.17
20.175,29.92,2643.132,456.9,0.262,0.003,56.075,43.168,0,0.533,0.395,0.018,0.121,0.592,10.057,15.665,-2.427e-4,0,-0.663,0.01,0.673,-0.715,868.812,0.001,335.341,0.07,6.4,32.17
20.178,30.045,2643.132,456.9,0.262,0.003,56.063,43.168,0,0.533,0.395,0.018,0.121,0.59,10.097,15.637,1.004e-5,0,-0.665,0,0.665,-0.697,868.818,0.001,335.342,0.07,6.4,32.17
20.18,30.168,2643.132,456.9,0.262,0.003,56.051,43.168,0,0.533,0.395,0.018,0.121,0.588,10.137,15.611,-3.481e-4,0,-0.657,0,0.657,-0.68,868.824,0.001,335.342,0.07,6.4,32.17
20.183,30.289,2643.132,456.9,0.262,0.003,56.04,43.168,0,0.533,0.395,0.018,0.121,0.587,10.176,15.586,-2.348e-4,0,-0.65,0,0.65,-0.663,868.83,0.001,335.342,0.07,6.4,32.17
20.185,30.408,2643.132,456.9,0.262,0.003,56.028,43.168,0,0.533,0.395,0.018,0.121,0.585,10.215,15.561,-1.995e-4,0,-0.642,0,0.642,-0.646,868.836,0.001,335.342,0.07,6.4,32.17
20.188,30.525,2643.132,456.9,0.262,0.003,56.017,43.168,0,0.533,0.395,0.018,0.121,0.583,10.253,15.537,1.475e-4,0,-0.635,0,0.635,-0.63,868.842,0.001,335.343,0.07,6.4,32.17
20.19,30.641,2643.132,456.9,0.262,0.003,56.007,43.168,0,0.533,0.395,0.018,0.121,0.582,10.29,15.513,1.703e-5,0,-0.627,0,0.627,-0.614,868.848,0.001,335.343,0.07,6.4,32.17
20.193,30.754,2643.132,456.9,0.262,0.003,55.996,43.168,0,0.533,0.395,0.018,0.121,0.58,10.327,15.489,-3.146e-4,0,-0.62,0,0.62,-0.598,868.854,0.001,335.343,0.07,6.4,32.17
20.195,30.866,2643.132,456.9,0.262,0.003,55.986,43.168,0,0.533,0.395,0.018,0.121,0.578,10.364,15.466,4.002e-4,0,-0.612,0,0.612,-0.583,868.86,0.001,335.343,0.07,6.4,32.17
20.198,30.976,2643.132,456.9,0.262,0.003,55.976,43.168,0,0.533,0.395,0.018,0.121,0.577,10.4,15.443,4.995e-4,0,-0.605,0,0.605,-0.567,868.866,0.001,335.343,0.07,6.4,32.17
20.2,31.084,2643.132,456.9,0.262,0.003,55.966,43.168,0,0.533,0.395,0.018,0.121,0.575,10.435,15.42,-4.542e-4,0,-0.598,0,0.598,-0.552,868.872,0.001,335.344,0.071,6.4,32.17
20.203,31.189,2643.132,456.9,0.262,0.003,55.956,43.168,0,0.533,0.395,0.018,0.121,0.574,10.47,15.399,-4.765e-4,0,-0.591,0,0.591,-0.538,868.878,0.001,335.344,0.071,6.4,32.17
20.205,31.291,2643.132,456.9,0.262,0.003,55.947,43.168,0,0.533,0.395,0.018,0.121,0.572,10.504,15.378,4.031e-4,0,-0.584,0,0.584,-0.523,868.884,0.001,335.344,0.071,6.4,32.17
20.208,31.392,2643.132,456.9,0.262,0.003,55.938,43.168,0,0.533,0.395,0.018,0.121,0.571,10.537,15.357,-3.794e-4,0,-0.577,0,0.577,-0.509,868.89,0.001,335.344,0.071,6.4,32.17
20.21,31.492,2643.132,456.9,0.262,0.003,55.929,43.168,0,0.533,0.395,0.018,0.121,0.569,10.57,15.337,2.753e-4,0,-0.57,0,0.57,-0.495,868.896,0.001,335.345,0.071,6.4,32.17
20.213,31.589,2643.132,456.9,0.262,0.003,55.92,43.168,0,0.533,0.395,0.018,0.121,0.568,10.602,15.317,9.4e-5,0,-0.564,0,0.564,-0.482,868.902,0.001,335.345,0.071,6.4,32.17
20.215,31.685,2643.132,456.9,0.262,0.003,55.912,43.168,0,0.533,0.395,0.018,0.121,0.567,10.634,15.297,4.653e-4,0,-0.557,0,0.557,-0.468,868.908,0.001,335.345,0.071,6.4,32.17
20.218,31.781,2643.132,456.9,0.262,0.003,55.903,43.168,0,0.533,0.395,0.018,0.121,0.565,10.666,15.278,9.23e-5,0,-0.55,0,0.55,-0.455,868.914,0.001,335.345,0.071,6.4,32.17
20.221,31.876,2643.132,456.9,0.262,0.003,55.895,43.168,0,0.533,0.395,0.018,0.121,0.564,10.697,15.259,6.585e-5,0,-0.544,0,0.544,-0.442,868.92,0.001,335.345,0.071,6.4,32.17
20.223,31.969,2643.132,456.9,0.262,0.003,55.887,43.168,0,0.533,0.395,0.018,0.121,0.562,10.728,15.239,4.091e-4,0,-0.537,0,0.537,-0.429,868.927,0.001,335.346,0.071,6.4,32.17
20.226,32.062,2643.132,456.9,0.262,0.003,55.879,43.168,0,0.533,0.395,0.018,0.121,0.561,10.759,15.221,3.934e-4,0,-0.53,0,0.53,-0.416,868.933,0.001,335.346,0.071,6.4,32.17
20.228,32.154,2643.132,456.9,0.262,0.003,55.871,43.168,0,0.533,0.395,0.018,0.121,0.56,10.79,15.203,1.771e-4,0,-0.524,0,0.524,-0.403,868.939,0.001,335.346,0.071,6.4,32.17
20.231,32.245,2643.132,456.9,0.262,0.003,55.863,43.168,0,0.533,0.395,0.018,0.121,0.558,10.82,15.184,-4.324e-4,0,-0.517,0,0.517,-0.39,868.946,0.001,335.346,0.071,6.4,32.17
20.234,32.335,2643.132,456.9,0.262,0.003,55.855,43.168,0,0.533,0.395,0.018,0.121,0.557,10.85,15.166,-4.281e-5,0,-0.51,0,0.51,-0.378,868.953,0.001,335.347,0.071,6.4,32.17
20.237,32.424,2643.132,456.9,0.262,0.003,55.848,43.168,0,0.533,0.395,0.018,0.121,0.556,10.88,15.148,-2.654e-4,0,-0.504,0,0.504,-0.365,868.959,0.001,335.347,0.071,6.4,32.17
20.239,32.511,2643.132,456.9,0.262,0.003,55.84,43.168,0,0.533,0.395,0.018,0.121,0.554,10.909,15.13,-2.785e-4,0,-0.497,0,0.497,-0.353,868.966,0.001,335.347,0.071,6.4,32.17
20.242,32.598,2643.132,456.9,0.262,0.003,55.833,43.168,0,0.533,0.395,0.018,0.121,0.553,10.939,15.113,4.355e-4,0,-0.49,0,0.49,-0.341,868.973,0.001,335.347,0.071,6.4,32.17
20.245,32.684,2643.132,456.9,0.262,0.003,55.826,43.168,0,0.533,0.395,0.018,0.121,0.552,10.967,15.095,2.313e-4,0,-0.484,0,0.484,-0.329,868.98,0.001,335.348,0.071,6.4,32.17
20.248,32.768,2643.132,456.9,0.262,0.003,55.819,43.168,0,0.533,0.395,0.018,0.121,0.551,10.996,15.079,-3.816e-4,0,-0.477,0,0.477,-0.317,868.987,0.001,335.348,0.071,6.4,32.17
20.251,32.85,2643.132,456.9,0.262,0.003,55.812,43.168,0,0.533,0.395,0.018,0.121,0.549,11.023,15.063,3.094e-4,0,-0.47,0,0.47,-0.306,868.994,0.001,335.348,0.072,6.4,32.17
20.254,32.928,2643.132,456.9,0.262,0.003,55.805,43.168,0,0.533,0.395,0.018,0.121,0.548,11.05,15.046,-2.041e-4,0,-0.464,0,0.464,-0.294,869.001,0.001,335.348,0.072,6.4,32.17
20.257,33.005,2643.132,456.9,0.262,0.003,55.799,43.168,0,0.533,0.395,0.018,0.121,0.547,11.076,15.03,-4.93e-4,0,-0.457,0,0.457,-0.283,869.008,0.001,335.349,0.072,6.4,32.17
20.26,33.08,2643.132,456.9,0.262,0.003,55.793,43.168,0,0.533,0.395,0.018,0.121,0.546,11.101,15.015,-1.533e-4,0,-0.451,0,0.451,-0.272,869.016,0.001,335.349,0.072,6.4,32.17
20.263,33.154,2643.132,456.9,0.262,0.003,55.787,43.168,0,0.533,0.395,0.018,0.121,0.545,11.126,14.999,-3.347e-4,0,-0.444,0,0.444,-0.261,869.023,0.001,335.349,0.072,6.4,32.17
20.266,33.226,2643.132,456.9,0.262,0.003,55.781,43.168,0,0.533,0.395,0.018,0.121,0.544,11.15,14.985,-3.819e-5,0,-0.438,0,0.438,-0.25,869.031,0.001,335.35,0.072,6.4,32.17
20.269,33.297,2643.132,456.9,0.262,0.003,55.775,43.168,0,0.533,0.395,0.018,0.121,0.543,11.174,14.97,-1.288e-4,0,-0.431,0,0.431,-0.239,869.039,0.001,335.35,0.072,6.4,32.17
20.272,33.366,2643.132,456.9,0.262,0.003,55.77,43.168,0,0.533,0.395,0.018,0.121,0.541,11.198,14.955,2.351e-4,0,-0.424,0,0.424,-0.228,869.047,0.001,335.35,0.072,6.4,32.17
20.275,33.433,2643.132,456.9,0.262,0.003,55.764,43.168,0,0.533,0.395,0.018,0.121,0.54,11.221,14.941,3.079e-4,0,-0.418,0,0.418,-0.218,869.054,0.001,335.35,0.072,6.4,32.17
20.279,33.499,2643.132,456.9,0.262,0.003,55.759,43.168,0,0.533,0.395,0.018,0.121,0.539,11.243,14.927,3.988e-4,0,-0.411,0,0.411,-0.208,869.063,0.001,335.351,0.072,6.4,32.17
20.282,33.562,2643.132,456.9,0.262,0.003,55.754,43.168,0,0.533,0.395,0.018,0.121,0.538,11.265,14.914,-4.999e-4,0,-0.405,0,0.405,-0.198,869.071,0.001,335.351,0.072,6.4,32.17
20.285,33.624,2643.132,456.9,0.262,0.003,55.749,43.168,0,0.533,0.395,0.018,0.121,0.537,11.286,14.9,2.033e-4,0,-0.398,0,0.398,-0.188,869.079,0.001,335.351,0.072,6.4,32.17
20.289,33.684,2643.132,456.9,0.262,0.003,55.744,43.168,0,0.533,0.395,0.018,0.121,0.537,11.306,14.887,4.532e-4,0,-0.392,0,0.392,-0.178,869.088,0.001,335.352,0.072,6.4,32.17
20.292,33.742,2643.132,456.9,0.262,0.003,55.74,43.168,0,0.533,0.395,0.018,0.121,0.536,11.326,14.874,-5.883e-5,0,-0.385,0,0.385,-0.169,869.096,0.001,335.352,0.072,6.4,32.17
20.296,33.797,2643.132,456.9,0.262,0.003,55.735,43.168,0,0.533,0.395,0.018,0.121,0.535,11.345,14.862,1.878e-4,0,-0.379,0,0.379,-0.16,869.105,0.001,335.352,0.072,6.4,32.17
20.299,33.85,2643.132,456.9,0.262,0.003,55.731,43.168,0,0.533,0.395,0.018,0.121,0.534,11.363,14.85,-3.837e-4,0,-0.372,0,0.372,-0.151,869.114,0.001,335.353,0.073,6.4,32.17
20.303,33.894,2643.132,456.9,0.262,0.003,55.728,43.168,0,0.533,0.395,0.018,0.121,0.533,11.378,14.839,1.678e-4,0,-0.366,0,0.366,-0.142,869.123,0.001,335.353,0.073,6.4,32.17
20.307,33.933,2643.132,456.9,0.262,0.003,55.725,43.168,0,0.533,0.395,0.018,0.121,0.533,11.391,14.828,2.573e-4,0,-0.359,0,0.359,-0.133,869.132,0.001,335.353,0.073,6.4,32.17
20.31,33.97,2643.132,456.9,0.262,0.003,55.722,43.168,0,0.533,0.395,0.018,0.121,0.532,11.403,14.818,1.242e-4,0,-0.353,0,0.353,-0.124,869.141,0.001,335.354,0.073,6.4,32.17
20.314,34.003,2643.132,456.9,0.262,0.003,55.719,43.168,0,0.533,0.395,0.018,0.121,0.532,11.415,14.808,-1.248e-4,0,-0.346,0,0.346,-0.116,869.151,0.001,335.354,0.073,6.4,32.17
20.318,34.034,2643.132,456.9,0.262,0.003,55.717,43.168,0,0.533,0.395,0.018,0.121,0.531,11.426,14.798,-2.277e-4,0,-0.34,0,0.34,-0.108,869.16,0.001,335.354,0.073,6.4,32.17
20.322,34.062,2643.132,456.9,0.262,0.003,55.715,43.168,0,0.533,0.395,0.018,0.121,0.531,11.435,14.788,-4.341e-4,0,-0.334,0,0.334,-0.1,869.17,0.001,335.355,0.073,6.4,32.17
20.326,34.086,2643.132,456.9,0.262,0.003,55.713,43.168,0,0.533,0.395,0.018,0.121,0.53,11.443,14.78,-7.602e-5,0,-0.327,0,0.327,-0.093,869.18,0.001,335.355,0.073,6.4,32.17
20.33,34.107,2643.132,456.9,0.262,0.003,55.711,43.168,0,0.533,0.395,0.018,0.121,0.53,11.451,14.771,2.576e-4,0,-0.321,0,0.321,-0.085,869.191,0.001,335.355,0.073,6.4,32.17
20.334,34.125,2643.132,456.9,0.262,0.003,55.71,43.168,0,0.533,0.395,0.018,0.121,0.53,11.457,14.763,4.946e-4,0,-0.314,0,0.314,-0.078,869.201,0.001,335.356,0.073,6.4,32.17
20.339,34.138,2643.132,456.9,0.262,0.003,55.709,43.168,0,0.533,0.395,0.018,0.121,0.53,11.461,14.756,-3.985e-4,0,-0.308,0,0.308,-0.071,869.212,0.001,335.356,0.073,6.4,32.17
20.343,34.148,2643.132,456.9,0.262,0.003,55.708,43.168,0,0.533,0.395,0.018,0.121,0.529,11.465,14.748,-9.577e-5,0,-0.302,0,0.302,-0.064,869.223,0.001,335.357,0.073,6.4,32.17
20.347,34.154,2643.132,456.9,0.262,0.003,55.708,43.168,0,0.533,0.395,0.018,0.121,0.529,11.467,14.741,-4.912e-4,0,-0.295,0,0.295,-0.058,869.234,0.001,335.357,0.073,6.4,32.17
20.352,34.165,2643.132,456.9,0.262,0.003,55.707,43.168,0,0.533,0.395,0.018,0.121,0.529,11.471,14.735,3.733e-4,0,-0.289,0,0.289,-0.052,869.245,0.001,335.357,0.073,6.4,32.17
20.356,34.19,2643.132,456.9,0.262,0.003,55.705,43.168,0,0.533,0.395,0.018,0.121,0.529,11.479,14.728,-1.695e-4,0,-0.282,0,0.282,-0.046,869.256,0.001,335.358,0.074,6.4,32.17
20.361,34.211,2643.132,456.9,0.262,0.003,55.703,43.168,0,0.533,0.395,0.018,0.121,0.528,11.486,14.721,-3.868e-4,0,-0.276,0,0.276,-0.041,869.268,0.001,335.358,0.074,6.4,32.17
20.366,34.228,2643.132,456.9,0.262,0.003,55.702,43.168,0,0.533,0.395,0.018,0.121,0.528,11.492,14.715,-3.173e-4,0,-0.27,0,0.27,-0.036,869.28,0.001,335.359,0.074,6.4,32.17
20.37,34.239,2643.132,456.9,0.262,0.003,55.701,43.168,0,0.533,0.395,0.018,0.121,0.528,11.496,14.71,4.109e-4,0,-0.263,0,0.263,-0.031,869.293,0.001,335.359,0.074,6.4,32.17
20.375,34.246,2643.132,456.9,0.262,0.003,55.701,43.168,0,0.533,0.395,0.018,0.121,0.528,11.498,14.705,-8.332e-5,0,-0.257,0,0.257,-0.026,869.305,0.001,335.36,0.074,6.4,32.17
20.38,34.248,2643.132,456.9,0.262,0.003,55.7,43.168,0,0.533,0.395,0.018,0.121,0.528,11.499,14.701,-3.915e-4,0,-0.251,0,0.251,-0.022,869.318,0.001,335.36,0.074,6.4,32.17
20.386,34.244,2643.132,456.9,0.262,0.003,55.701,43.168,0,0.533,0.395,0.018,0.121,0.528,11.497,14.696,2.323e-4,0,-0.244,0,0.244,-0.018,869.331,0.001,335.361,0.074,6.4,32.17
20.391,34.234,2643.132,456.9,0.262,0.003,55.702,43.168,0,0.533,0.395,0.018,0.121,0.528,11.494,14.693,-2.289e-5,0,-0.238,0,0.238,-0.014,869.345,0.001,335.361,0.074,6.4,32.17
20.396,34.218,2643.132,456.9,0.262,0.003,55.703,43.168,0,0.533,0.395,0.018,0.121,0.528,11.489,14.691,4.375e-4,0,-0.232,0,0.232,-0.011,869.359,0.001,335.362,0.074,6.4,32.17
20.402,34.195,2643.132,456.9,0.262,0.003,55.705,43.168,0,0.533,0.395,0.018,0.121,0.529,11.481,14.69,4.854e-4,0,-0.226,0,0.226,-0.008,869.373,0.001,335.362,0.074,6.4,32.17
20.407,34.164,2643.132,456.9,0.262,0.003,55.707,43.168,0,0.533,0.395,0.018,0.121,0.529,11.47,14.689,3.507e-4,0,-0.219,0,0.219,-0.006,869.387,0.001,335.363,0.075,6.4,32.17
20.413,34.125,2643.132,456.9,0.262,0.003,55.71,43.168,0,0.533,0.395,0.018,0.121,0.53,11.457,14.689,4.623e-4,0,-0.213,0,0.213,-0.004,869.402,0.001,335.363,0.075,6.4,32.17
20.419,34.079,2643.132,456.9,0.262,0.003,55.714,43.168,0,0.533,0.395,0.018,0.121,0.531,11.441,14.69,-1.506e-4,0,-0.207,0,0.207,-0.002,869.418,0.001,335.364,0.075,6.4,32.17
20.425,34.024,2643.132,456.9,0.262,0.003,55.718,43.168,0,0.533,0.395,0.018,0.121,0.531,11.422,14.692,1.551e-4,0,-0.201,0,0.201,-8.062e-4,869.434,0.001,335.364,0.075,6.4,32.17
20.432,33.959,2643.132,456.9,0.262,0.003,55.723,43.168,0,0.533,0.395,0.018,0.121,0.532,11.4,14.695,-4.381e-4,0,-0.194,0,0.194,-1.52e-4,869.45,0.001,335.365,0.075,6.4,32.17
20.438,33.884,2643.132,456.9,0.262,0.003,55.729,43.168,0,0.533,0.395,0.018,0.121,0.534,11.374,14.699,1.808e-4,0,-0.188,0,0.188,1.644e-5,869.467,0.001,335.366,0.075,6.4,32.17
20.445,33.798,2643.132,456.9,0.262,0.003,55.736,43.168,0,0.533,0.395,0.018,0.121,0.535,11.345,14.704,-2.958e-4,0,-0.182,0,0.182,4.315e-4,869.484,0.001,335.366,0.075,6.4,32.17
20.452,33.704,2643.132,456.9,0.262,0.003,55.743,43.168,0,0.533,0.395,0.018,0.121,0.536,11.313,14.708,3.733e-4,0,-0.176,0,0.176,0.001,869.502,0.001,335.367,0.075,6.4,32.17
20.459,33.61,2643.132,456.9,0.262,0.003,55.751,43.168,0,0.533,0.395,0.018,0.121,0.538,11.281,14.711,-4.385e-4,0,-0.17,0,0.17,0.003,869.521,0.001,335.368,0.076,6.4,32.17
20.466,33.502,2643.132,456.9,0.262,0.003,55.76,43.168,0,0.533,0.395,0.018,0.121,0.54,11.244,14.715,-4.76e-4,0,-0.163,0,0.163,0.005,869.54,0.001,335.368,0.076,6.4,32.17
20.474,33.379,2643.132,456.9,0.262,0.003,55.769,43.168,0,0.533,0.395,0.018,0.121,0.541,11.203,14.72,1.142e-4,0,-0.157,0,0.157,0.008,869.56,0.001,335.369,0.076,6.4,32.17
20.482,33.241,2643.132,456.9,0.262,0.003,55.781,43.168,0,0.533,0.395,0.018,0.121,0.544,11.156,14.724,-4.819e-4,0,-0.151,0,0.151,0.012,869.58,0.001,335.37,0.076,6.4,32.17
20.49,33.085,2643.132,456.9,0.262,0.003,55.794,43.168,0,0.533,0.395,0.018,0.121,0.546,11.103,14.728,3.078e-4,0,-0.145,0,0.145,0.017,869.602,0.001,335.371,0.076,6.4,32.17
20.498,32.91,2643.132,456.9,0.262,0.003,55.808,43.168,0,0.534,0.395,0.018,0.121,0.549,11.044,14.733,3.64e-4,0,-0.139,0,0.139,0.022,869.624,0.001,335.372,0.076,6.4,32.17
20.507,32.708,2643.132,456.9,0.262,0.003,55.825,43.168,0,0.534,0.395,0.018,0.121,0.552,10.976,14.739,4.686e-4,0,-0.133,0,0.133,0.029,869.647,0.001,335.372,0.077,6.4,32.17
20.516,32.481,2643.132,456.9,0.262,0.003,55.844,43.168,0,0.534,0.395,0.018,0.121,0.555,10.9,14.745,-3.812e-4,0,-0.127,0,0.127,0.036,869.672,0.001,335.373,0.077,6.4,32.17
20.525,32.228,2643.132,456.9,0.262,0.003,55.866,43.168,0,0.534,0.395,0.018,0.121,0.559,10.815,14.753,3.625e-4,0,-0.121,0,0.121,0.045,869.697,0.001,335.374,0.077,6.4,32.17
20.535,31.946,2643.132,456.9,0.262,0.003,55.89,43.168,0,0.534,0.395,0.018,0.121,0.563,10.721,14.761,-2.933e-4,0,-0.115,0,0.115,0.054,869.723,0.001,335.375,0.077,6.4,32.17
20.546,31.632,2643.132,456.9,0.262,0.003,55.918,43.168,0,0.534,0.395,0.018,0.121,0.568,10.617,14.769,3.992e-4,0,-0.109,0,0.109,0.066,869.751,0.001,335.376,0.077,6.4,32.17
20.557,31.247,2643.132,456.9,0.262,0.003,55.953,43.168,0,0.534,0.395,0.018,0.121,0.573,10.49,14.782,-3.663e-4,0,-0.103,0,0.103,0.078,869.78,0.001,335.377,0.078,6.4,32.17
20.568,30.797,2643.132,456.9,0.262,0.003,55.994,43.168,0,0.534,0.395,0.018,0.121,0.58,10.342,14.798,4.811e-4,0,-0.097,0,0.097,0.093,869.811,0.001,335.378,0.078,6.4,32.17
20.58,30.297,2643.132,456.9,0.262,0.003,56.041,43.168,0,0.534,0.395,0.018,0.121,0.587,10.179,14.817,-4.048e-4,0,-0.091,0,0.091,0.108,869.844,0.001,335.38,0.078,6.4,32.17
20.593,29.743,2643.132,456.9,0.262,0.003,56.094,43.168,0,0.534,0.395,0.018,0.121,0.594,10,14.839,-4.048e-6,0,-0.054,0.031,0.086,0.126,869.879,0.001,335.381,0.078,6.4,32.17
20.611,28.956,2643.132,456.9,0.262,0.003,56.173,43.168,0,0.534,0.395,0.018,0.121,0.605,9.749,14.871,-2.089e-5,0,0.043,0.128,0.085,0.153,869.928,0.001,335.383,0.079,6.4,32.17
20.629,28.167,2643.132,456.9,0.262,0.003,56.255,43.168,0,0.534,0.395,0.018,0.121,0.615,9.501,14.905,4.546e-4,0,0.132,0.225,0.092,0.182,869.977,0.001,335.385,0.079,6.4,32.17
20.637,27.767,2643.132,456.9,0.262,0.003,56.298,43.168,0,0.534,0.395,0.018,0.121,0.62,9.377,14.923,2.631e-4,0,0.175,0.274,0.099,0.196,870.001,0.001,335.385,0.079,6.4,32.17
20.644,27.459,2643.132,456.9,0.262,0.003,56.331,43.168,0,0.534,0.395,0.018,0.121,0.624,9.282,14.938,2.73e-4,0,0.207,0.311,0.105,0.207,870.019,0.001,335.386,0.079,6.4,32.17
20.649,27.193,2643.132,456.9,0.262,0.003,56.361,43.168,0,0.534,0.395,0.018,0.121,0.627,9.201,14.95,3.068e-4,0,0.233,0.344,0.111,0.217,870.034,0.001,335.387,0.08,6.4,32.17
20.654,26.958,2643.132,456.9,0.262,0.003,56.387,43.168,0,0.534,0.395,0.018,0.121,0.63,9.129,14.96,1.994e-4,0,0.257,0.373,0.116,0.226,870.047,0.001,335.387,0.08,6.4,32.17
20.658,26.742,2643.132,456.9,0.262,0.003,56.411,43.168,0,0.534,0.395,0.018,0.121,0.632,9.064,14.971,-4.621e-4,0,0.277,0.399,0.122,0.234,870.059,0.001,335.388,0.08,6.4,32.17
20.662,26.54,2643.132,456.9,0.262,0.003,56.434,43.168,0,0.534,0.395,0.018,0.121,0.634,9.003,14.982,-1.154e-4,0,0.296,0.424,0.128,0.242,870.07,0.001,335.388,0.08,6.4,32.17
20.666,26.348,2643.132,456.9,0.262,0.003,56.456,43.168,0,0.534,0.395,0.018,0.121,0.637,8.945,14.991,-4.669e-4,0,0.314,0.447,0.133,0.249,870.081,0.001,335.388,0.08,6.4,32.17
20.67,26.166,2643.132,456.9,0.262,0.003,56.477,43.168,0,0.534,0.395,0.018,0.121,0.639,8.891,15,9.869e-5,0,0.331,0.47,0.139,0.256,870.091,0.001,335.389,0.08,6.4,32.17
20.673,25.992,2643.132,456.9,0.262,0.003,56.498,43.168,0,0.534,0.395,0.018,0.121,0.641,8.839,15.009,4.94e-4,0,0.347,0.491,0.145,0.263,870.1,0.001,335.389,0.08,6.4,32.17
20.676,25.824,2643.132,456.9,0.262,0.003,56.518,43.168,0,0.534,0.395,0.018,0.121,0.642,8.789,15.018,9.061e-5,0,0.362,0.512,0.15,0.27,870.109,0.001,335.389,0.08,6.4,32.17
20.679,25.661,2643.132,456.9,0.262,0.003,56.537,43.168,0,0.534,0.395,0.018,0.121,0.644,8.741,15.026,1.168e-4,0,0.376,0.532,0.156,0.276,870.117,0.001,335.39,0.08,6.4,32.17
20.682,25.503,2643.132,456.9,0.262,0.003,56.556,43.168,0,0.534,0.395,0.018,0.121,0.646,8.694,15.034,-4.068e-4,0,0.39,0.551,0.161,0.282,870.126,0.001,335.39,0.08,6.4,32.17
20.685,25.35,2643.132,456.9,0.262,0.003,56.575,43.168,0,0.534,0.395,0.018,0.121,0.647,8.649,15.043,3.567e-4,0,0.403,0.57,0.167,0.289,870.134,0.001,335.39,0.08,6.4,32.17
20.688,25.201,2643.132,456.9,0.262,0.003,56.593,43.168,0,0.534,0.395,0.018,0.121,0.649,8.606,15.051,-2.741e-5,0,0.416,0.588,0.172,0.295,870.141,0.001,335.391,0.08,6.4,32.17
20.69,25.055,2643.132,456.9,0.262,0.003,56.611,43.168,0,0.534,0.395,0.018,0.121,0.65,8.563,15.058,-4.126e-4,0,0.428,0.606,0.178,0.3,870.149,0.001,335.391,0.08,6.4,32.17
20.693,24.913,2643.132,456.9,0.262,0.003,56.628,43.168,0,0.534,0.395,0.018,0.121,0.652,8.522,15.066,2.184e-5,0,0.44,0.623,0.183,0.306,870.156,0.001,335.391,0.081,6.4,32.17
20.695,24.773,2643.132,456.9,0.262,0.003,56.646,43.168,0,0.534,0.395,0.018,0.121,0.653,8.481,15.073,-3.453e-4,0,0.452,0.641,0.189,0.312,870.163,0.001,335.391,0.081,6.4,32.17
20.698,24.631,2643.132,456.9,0.262,0.003,56.663,43.168,0,0.534,0.395,0.018,0.121,0.654,8.441,15.081,-1.005e-4,0,0.463,0.658,0.195,0.318,870.17,0.001,335.392,0.081,6.4,32.17
20.7,24.489,2643.132,456.9,0.262,0.003,56.681,43.168,0,0.534,0.395,0.018,0.121,0.656,8.4,15.089,3.24e-4,0,0.475,0.675,0.2,0.324,870.177,0.001,335.392,0.081,6.4,32.17
20.703,24.351,2643.132,456.9,0.262,0.003,56.699,43.168,0,0.534,0.395,0.018,0.121,0.657,8.36,15.097,-2.874e-4,0,0.486,0.692,0.206,0.33,870.184,0.001,335.392,0.081,6.4,32.17
20.705,24.211,2643.132,456.9,0.262,0.003,56.717,43.168,0,0.534,0.395,0.018,0.121,0.658,8.321,15.105,-3.761e-4,0,0.497,0.709,0.213,0.336,870.191,0.001,335.392,0.081,6.4,32.17
20.708,24.07,2643.132,456.9,0.262,0.003,56.735,43.168,0,0.534,0.395,0.018,0.121,0.66,8.281,15.112,2.437e-4,0,0.508,0.727,0.219,0.342,870.198,0.001,335.393,0.081,6.4,32.17
20.71,23.928,2643.132,456.9,0.262,0.003,56.753,43.168,0,0.534,0.395,0.018,0.121,0.661,8.241,15.119,-4.171e-4,0,0.519,0.744,0.225,0.349,870.205,0.001,335.393,0.081,6.4,32.17
20.713,23.785,2643.132,456.9,0.262,0.003,56.772,43.168,0,0.534,0.395,0.018,0.121,0.662,8.2,15.128,3.234e-4,0,0.53,0.762,0.232,0.355,870.212,0.001,335.393,0.081,6.4,32.17
20.715,23.641,2643.132,456.9,0.262,0.003,56.791,43.168,0,0.534,0.395,0.018,0.121,0.663,8.16,15.136,-1.391e-4,0,0.541,0.779,0.238,0.362,870.219,0.001,335.394,0.081,6.4,32.17
20.718,23.495,2643.132,456.9,0.262,0.003,56.81,43.168,0,0.534,0.395,0.018,0.121,0.665,8.119,15.144,3.464e-4,0,0.552,0.797,0.245,0.369,870.226,0.001,335.394,0.081,6.4,32.17
20.72,23.348,2643.132,456.9,0.262,0.003,56.829,43.168,0,0.534,0.395,0.018,0.121,0.666,8.078,15.152,-2.238e-4,0,0.563,0.815,0.252,0.375,870.233,0.001,335.394,0.081,6.4,32.17
20.723,23.2,2643.132,456.9,0.262,0.003,56.849,43.168,0,0.534,0.395,0.018,0.121,0.667,8.037,15.161,4.329e-4,0,0.574,0.833,0.259,0.382,870.24,0.001,335.394,0.081,6.4,32.17
20.725,23.051,2643.132,456.9,0.262,0.003,56.869,43.168,0,0.534,0.395,0.018,0.121,0.668,7.996,15.169,2.257e-4,0,0.585,0.852,0.267,0.389,870.248,0.001,335.395,0.081,6.4,32.17
20.728,22.9,2643.132,456.9,0.262,0.003,56.89,43.168,0,0.534,0.395,0.018,0.121,0.67,7.954,15.178,-2.662e-4,0,0.596,0.87,0.274,0.396,870.255,0.001,335.395,0.081,6.4,32.17
20.73,22.748,2643.132,456.9,0.262,0.003,56.911,43.168,0,0.534,0.395,0.018,0.121,0.671,7.913,15.186,4.743e-7,0,0.607,0.889,0.281,0.404,870.262,0.001,335.395,0.081,6.4,32.17
20.733,22.594,2643.132,456.9,0.262,0.003,56.932,43.168,0,0.534,0.395,0.018,0.121,0.672,7.871,15.195,3.813e-4,0,0.618,0.908,0.289,0.411,870.269,0.001,335.395,0.081,6.4,32.17
20.735,22.44,2643.132,456.9,0.262,0.003,56.953,43.168,0,0.534,0.395,0.018,0.121,0.673,7.829,15.204,-4.429e-6,0,0.63,0.927,0.297,0.419,870.276,0.001,335.396,0.082,6.4,32.17
20.738,22.284,2643.132,456.9,0.262,0.003,56.975,43.168,0,0.534,0.395,0.018,0.121,0.674,7.787,15.213,-4.171e-4,0,0.641,0.946,0.305,0.426,870.283,0.001,335.396,0.082,6.4,32.17
20.74,22.127,2643.132,456.9,0.262,0.003,56.997,43.168,0,0.534,0.395,0.018,0.121,0.675,7.745,15.223,-1.855e-4,0,0.652,0.965,0.313,0.434,870.29,0.001,335.396,0.082,6.4,32.17
20.743,21.968,2643.132,456.9,0.262,0.003,57.019,43.168,0,0.534,0.395,0.018,0.121,0.676,7.702,15.232,3.612e-4,0,0.663,0.984,0.321,0.442,870.297,0.001,335.396,0.082,6.4,32.17
20.745,21.808,2643.132,456.9,0.262,0.003,57.042,43.168,0,0.534,0.395,0.018,0.121,0.677,7.66,15.242,2.681e-4,0,0.674,1.004,0.33,0.45,870.304,0.001,335.397,0.082,6.4,32.17
20.748,21.646,2643.132,456.9,0.262,0.003,57.066,43.168,0,0.534,0.395,0.018,0.121,0.678,7.617,15.251,4.371e-4,0,0.686,1.024,0.338,0.458,870.312,0.001,335.397,0.082,6.4,32.17
20.75,21.483,2643.132,456.9,0.262,0.003,57.089,43.168,0,0.534,0.395,0.018,0.121,0.679,7.574,15.262,2.68e-4,0,0.697,1.044,0.347,0.467,870.319,0.001,335.397,0.082,6.4,32.17
20.753,21.314,2643.132,456.9,0.262,0.003,57.114,43.168,0,0.534,0.395,0.018,0.121,0.68,7.53,15.272,-2.416e-4,0,0.709,1.064,0.356,0.475,870.326,0.001,335.397,0.082,6.4,32.17
20.755,21.144,2643.132,456.9,0.262,0.003,57.139,43.168,0,0.534,0.395,0.018,0.121,0.681,7.486,15.282,-3.854e-4,0,0.721,1.085,0.365,0.484,870.333,0.001,335.398,0.082,6.4,32.17
20.758,20.973,2643.132,456.9,0.262,0.003,57.164,43.168,0,0.534,0.395,0.018,0.121,0.682,7.441,15.293,1.723e-4,0,0.732,1.106,0.374,0.493,870.34,0.001,335.398,0.082,6.4,32.17
20.76,20.8,2643.132,456.9,0.262,0.003,57.19,43.168,0,0.534,0.395,0.018,0.121,0.683,7.397,15.304,1.797e-4,0,0.744,1.128,0.383,0.502,870.347,0.001,335.398,0.082,6.4,32.17
20.763,20.625,2643.132,456.9,0.262,0.003,57.216,43.168,0,0.534,0.395,0.018,0.121,0.684,7.352,15.315,-2.573e-4,0,0.756,1.149,0.393,0.511,870.354,0.001,335.399,0.082,6.4,32.17
20.765,20.45,2643.132,456.9,0.262,0.003,57.243,43.168,0,0.534,0.395,0.018,0.121,0.685,7.307,15.327,-1.658e-5,0,0.768,1.17,0.402,0.52,870.362,0.001,335.399,0.082,6.4,32.17
20.768,20.272,2643.132,456.9,0.262,0.003,57.27,43.168,0,0.534,0.395,0.018,0.121,0.686,7.262,15.339,2.124e-4,0,0.78,1.192,0.412,0.529,870.369,0.001,335.399,0.082,6.4,32.17
20.77,20.094,2643.132,456.9,0.262,0.003,57.298,43.168,0,0.534,0.395,0.018,0.121,0.687,7.218,15.35,-3.341e-4,0,0.792,1.214,0.422,0.539,870.376,0.001,335.399,0.082,6.4,32.17
20.773,19.913,2643.132,456.9,0.262,0.003,57.326,43.168,0,0.534,0.395,0.018,0.121,0.688,7.154,15.278,1.088e-4,0,0.794,1.226,0.432,0.549,870.383,0.001,335.4,0.082,6.4,32.17
20.775,19.732,2643.132,456.9,0.262,0.003,57.354,43.168,0,0.534,0.395,0.018,0.121,0.688,7.07,15.114,-1.467e-4,0,0.784,1.226,0.442,0.558,870.39,0.001,335.4,0.082,6.4,32.17
20.778,19.549,2643.132,456.9,0.262,0.003,57.383,43.168,0,0.534,0.395,0.018,0.121,0.689,6.986,14.95,-4.617e-6,0,0.774,1.226,0.452,0.568,870.398,0.001,335.4,0.083,6.4,32.17
20.78,19.364,2643.132,456.9,0.262,0.003,57.413,43.168,0,0.534,0.395,0.018,0.121,0.69,6.902,14.784,-8.141e-5,0,0.764,1.226,0.461,0.578,870.405,0.001,335.4,0.083,6.4,32.17
20.783,19.179,2643.132,456.9,0.262,0.003,57.443,43.168,0,0.534,0.395,0.018,0.121,0.69,6.817,14.618,3.669e-4,0,0.755,1.226,0.471,0.588,870.412,0.001,335.401,0.083,6.4,32.17
20.785,18.991,2643.132,456.9,0.262,0.003,57.473,43.168,0,0.534,0.395,0.018,0.121,0.691,6.732,14.45,-3.634e-4,0,0.745,1.226,0.48,0.598,870.419,0.001,335.401,0.083,6.4,32.17
20.788,18.803,2643.132,456.9,0.262,0.003,57.504,43.168,0,0.534,0.395,0.018,0.121,0.692,6.647,14.282,-3.109e-4,0,0.736,1.226,0.49,0.608,870.426,0.001,335.401,0.083,6.4,32.17
20.79,18.613,2643.132,456.9,0.262,0.003,57.535,43.168,0,0.534,0.395,0.018,0.121,0.692,6.562,14.112,2.339e-4,0,0.727,1.226,0.499,0.618,870.434,0.001,335.401,0.083,6.4,32.17
20.793,18.422,2643.132,456.9,0.262,0.003,57.567,43.168,0,0.534,0.395,0.018,0.121,0.692,6.476,13.942,8.376e-5,0,0.718,1.226,0.508,0.628,870.441,0.001,335.402,0.083,6.4,32.17
20.795,18.229,2643.132,456.9,0.262,0.003,57.6,43.168,0,0.534,0.395,0.018,0.121,0.693,6.39,13.77,3.327e-4,0,0.709,1.226,0.517,0.638,870.448,0.001,335.402,0.083,6.4,32.17
20.798,18.035,2643.132,456.9,0.262,0.003,57.633,43.168,0,0.534,0.395,0.018,0.121,0.693,6.303,13.598,1.57e-4,0,0.7,1.226,0.526,0.648,870.455,0.001,335.402,0.083,6.4,32.17
20.8,17.839,2643.132,456.9,0.262,0.003,57.666,43.168,0,0.534,0.395,0.018,0.121,0.693,6.216,13.424,2.902e-4,0,0.691,1.226,0.535,0.658,870.463,0.001,335.403,0.083,6.4,32.17
20.803,17.637,2643.132,456.9,0.262,0.003,57.701,43.168,0,0.534,0.395,0.018,0.121,0.694,6.127,13.246,4.735e-4,0,0.682,1.226,0.543,0.668,870.47,0.001,335.403,0.083,6.4,32.17
20.805,17.434,2643.132,456.9,0.262,0.003,57.737,43.168,0,0.534,0.395,0.018,0.121,0.694,6.038,13.067,4.314e-4,0,0.674,1.226,0.552,0.678,870.477,0.001,335.403,0.083,6.4,32.17
20.808,17.229,2643.132,456.9,0.262,0.003,57.772,43.168,0,0.534,0.395,0.018,0.121,0.694,5.948,12.887,1.74e-4,0,0.665,1.226,0.56,0.687,870.484,0.001,335.403,0.083,6.4,32.17
20.81,17.023,2643.132,456.9,0.262,0.003,57.809,43.168,0,0.534,0.395,0.018,0.121,0.694,5.859,12.706,-3.231e-4,0,0.657,1.226,0.568,0.697,870.492,0.001,335.404,0.083,6.4,32.17
20.813,16.817,2643.132,456.9,0.262,0.003,57.846,43.168,0,0.534,0.395,0.018,0.121,0.694,5.769,12.525,2.383e-4,0,0.649,1.226,0.577,0.706,870.499,0.001,335.404,0.083,6.4,32.17
20.815,16.609,2643.132,456.9,0.262,0.003,57.884,43.168,0,0.534,0.395,0.018,0.121,0.694,5.679,12.343,6.583e-5,0,0.641,1.226,0.585,0.716,870.506,0.001,335.404,0.083,6.4,32.17
20.818,16.4,2643.132,456.9,0.262,0.003,57.922,43.168,0,0.534,0.395,0.018,0.121,0.693,5.589,12.16,-1.077e-4,0,0.633,1.226,0.593,0.725,870.514,0.001,335.404,0.084,6.4,32.17
20.82,16.189,2643.132,456.9,0.262,0.003,57.961,43.168,0,0.534,0.395,0.018,0.121,0.693,5.499,11.977,-3.279e-4,0,0.625,1.226,0.6,0.734,870.521,0.001,335.405,0.084,6.4,32.17
20.823,15.978,2643.132,456.9,0.262,0.003,58,43.168,0,0.534,0.395,0.018,0.121,0.692,5.41,11.794,-3.407e-4,0,0.617,1.226,0.608,0.743,870.528,0.001,335.405,0.084,6.4,32.17
20.825,15.766,2643.132,456.9,0.262,0.003,58.04,43.168,0,0.534,0.395,0.018,0.121,0.692,5.32,11.609,4.164e-4,0,0.61,1.226,0.616,0.752,870.535,0.001,335.405,0.084,6.4,32.17
20.828,15.553,2643.132,456.9,0.262,0.003,58.08,43.168,0,0.534,0.395,0.018,0.121,0.691,5.23,11.424,-4.43e-4,0,0.602,1.226,0.623,0.761,870.543,0.001,335.406,0.084,6.4,32.17
20.83,15.338,2643.132,456.9,0.262,0.003,58.121,43.168,0,0.534,0.395,0.018,0.121,0.69,5.14,11.239,2.716e-4,0,0.595,1.226,0.631,0.77,870.55,0.001,335.406,0.084,6.4,32.17
20.833,15.123,2643.132,456.9,0.262,0.003,58.163,43.168,0,0.534,0.395,0.018,0.121,0.689,5.05,11.054,-6.263e-5,0,0.587,1.226,0.638,0.778,870.557,0.001,335.406,0.084,6.4,32.17
20.835,14.907,2643.132,456.9,0.262,0.003,58.205,43.168,0,0.534,0.395,0.018,0.121,0.687,4.96,10.868,3.636e-4,0,0.58,1.226,0.645,0.787,870.565,0.001,335.406,0.084,6.4,32.17
20.838,14.69,2643.132,456.9,0.262,0.003,58.248,43.168,0,0.534,0.395,0.018,0.121,0.686,4.871,10.682,4.725e-4,0,0.573,1.226,0.653,0.795,870.572,0.001,335.407,0.084,6.4,32.17
20.84,14.472,2643.132,456.9,0.262,0.003,58.292,43.168,0,0.534,0.395,0.018,0.121,0.684,4.781,10.495,4.665e-4,0,0.566,1.226,0.66,0.803,870.579,0.001,335.407,0.084,6.4,32.17
20.843,14.253,2643.132,456.9,0.262,0.003,58.336,43.168,0,0.534,0.395,0.018,0.121,0.683,4.692,10.308,-2.161e-4,0,0.559,1.226,0.667,0.811,870.587,0.001,335.407,0.084,6.4,32.17
20.845,14.033,2643.132,456.9,0.262,0.003,58.381,43.168,0,0.534,0.395,0.018,0.121,0.681,4.602,10.122,3.917e-4,0,0.552,1.226,0.674,0.819,870.594,0.001,335.407,0.084,6.4,32.17
20.848,13.812,2643.132,456.9,0.262,0.003,58.426,43.168,0,0.534,0.395,0.018,0.121,0.679,4.513,9.934,2.175e-4,0,0.545,1.226,0.68,0.826,870.601,0.001,335.408,0.084,6.4,32.17
20.85,13.591,2643.132,456.9,0.262,0.003,58.472,43.168,0,0.534,0.395,0.018,0.121,0.677,4.424,9.747,-2.277e-4,0,0.539,1.226,0.687,0.833,870.609,0.001,335.408,0.084,6.4,32.17
20.853,13.365,2643.132,456.9,0.262,0.003,58.519,43.168,0,0.534,0.395,0.018,0.121,0.675,4.334,9.557,2.619e-4,0,0.532,1.226,0.694,0.84,870.616,0.001,335.408,0.084,6.4,32.17
20.855,13.139,2643.132,456.9,0.262,0.003,58.567,43.168,0,0.534,0.395,0.018,0.121,0.673,4.245,9.367,-2.584e-4,0,0.525,1.226,0.7,0.846,870.624,0.001,335.409,0.084,6.4,32.17
20.858,12.913,2643.132,456.9,0.262,0.003,58.615,43.168,0,0.534,0.395,0.018,0.121,0.671,4.155,9.178,1.118e-4,0,0.519,1.226,0.707,0.852,870.631,0.001,335.409,0.085,6.4,32.17
20.86,12.686,2643.132,456.9,0.262,0.003,58.665,43.168,0,0.534,0.395,0.018,0.121,0.668,4.066,8.989,6.499e-6,0,0.513,1.226,0.713,0.857,870.638,0.001,335.409,0.085,6.4,32.17
20.863,12.459,2643.132,456.9,0.262,0.003,58.714,43.168,0,0.534,0.395,0.018,0.121,0.666,3.978,8.8,-1.237e-4,0,0.506,1.226,0.719,0.862,870.646,0.001,335.409,0.085,6.4,32.17
20.865,12.231,2643.132,456.9,0.262,0.003,58.764,43.168,0,0.534,0.395,0.018,0.121,0.663,3.889,8.611,-1.852e-4,0,0.5,1.226,0.725,0.867,870.653,0.001,335.41,0.085,6.4,32.17
20.868,12.003,2643.132,456.9,0.262,0.003,58.815,43.168,0,0.534,0.395,0.018,0.121,0.661,3.802,8.423,-6.901e-5,0,0.494,1.226,0.732,0.871,870.661,0.001,335.41,0.085,6.4,32.17
20.87,11.774,2643.132,456.9,0.262,0.003,58.867,43.168,0,0.534,0.395,0.018,0.121,0.658,3.714,8.236,3.175e-4,0,0.488,1.226,0.738,0.875,870.668,0.001,335.41,0.085,6.4,32.17
20.873,11.546,2643.132,456.9,0.262,0.003,58.919,43.168,0,0.534,0.395,0.018,0.121,0.655,3.627,8.048,-8.479e-5,0,0.482,1.226,0.744,0.879,870.675,0.001,335.41,0.085,6.4,32.17
20.875,11.317,2643.132,456.9,0.262,0.003,58.972,43.168,0,0.534,0.395,0.018,0.121,0.652,3.541,7.862,-1.741e-4,0,0.476,1.226,0.749,0.882,870.683,0.001,335.411,0.085,6.4,32.17
20.878,11.088,2643.132,456.9,0.262,0.003,59.025,43.168,0,0.534,0.395,0.018,0.121,0.649,3.455,7.677,-1.267e-4,0,0.47,1.226,0.755,0.884,870.69,0.001,335.411,0.085,6.4,32.17
20.88,10.86,2643.132,456.9,0.262,0.003,59.079,43.168,0,0.534,0.395,0.018,0.121,0.647,3.37,7.491,4.625e-4,0,0.465,1.226,0.761,0.886,870.698,0.001,335.411,0.085,6.4,32.17
20.883,10.631,2643.132,456.9,0.262,0.003,59.133,43.168,0,0.534,0.395,0.018,0.121,0.644,3.285,7.308,4.07e-5,0,0.459,1.226,0.767,0.887,870.705,0.001,335.412,0.085,6.4,32.17
20.885,10.402,2643.132,456.9,0.262,0.003,59.188,43.168,0,0.534,0.395,0.018,0.121,0.64,3.201,7.124,-2.931e-4,0,0.454,1.226,0.772,0.888,870.713,0.001,335.412,0.085,6.4,32.17
20.888,10.174,2643.132,456.9,0.262,0.003,59.243,43.168,0,0.534,0.395,0.018,0.121,0.637,3.118,6.942,-2.253e-4,0,0.448,1.226,0.778,0.888,870.72,0.001,335.412,0.085,6.4,32.17
20.89,9.946,2643.132,456.9,0.262,0.003,59.299,43.168,0,0.534,0.395,0.018,0.121,0.634,3.035,6.762,3.362e-4,0,0.443,1.226,0.783,0.887,870.727,0.001,335.412,0.085,6.4,32.17
20.893,9.718,2643.132,456.9,0.262,0.003,59.355,43.168,0,0.534,0.395,0.018,0.121,0.631,2.953,6.583,1.294e-4,0,0.437,1.226,0.788,0.886,870.735,0.001,335.413,0.085,6.4,32.17
20.895,9.491,2643.132,456.9,0.262,0.003,59.412,43.168,0,0.534,0.395,0.018,0.121,0.628,2.871,6.405,2.596e-4,0,0.432,1.226,0.794,0.884,870.742,0.001,335.413,0.086,6.4,32.17
20.898,9.265,2643.132,456.9,0.262,0.003,59.47,43.168,0,0.534,0.395,0.018,0.121,0.625,2.791,6.229,-4.248e-4,0,0.427,1.226,0.799,0.88,870.75,0.001,335.413,0.086,6.4,32.17
20.9,9.039,2643.132,456.9,0.262,0.003,59.527,43.168,0,0.534,0.395,0.018,0.121,0.622,2.711,6.054,-2.515e-4,0,0.422,1.226,0.804,0.876,870.757,0.001,335.413,0.086,6.4,32.17
20.903,8.815,2643.132,456.9,0.262,0.003,59.585,43.168,0,0.534,0.395,0.018,0.121,0.619,2.633,5.882,3.634e-4,0,0.417,1.226,0.809,0.872,870.765,0.001,335.414,0.086,6.4,32.17
20.905,8.592,2643.132,456.9,0.262,0.003,59.643,43.168,0,0.534,0.395,0.018,0.121,0.615,2.555,5.713,-4.404e-4,0,0.412,1.226,0.814,0.866,870.772,0.001,335.414,0.086,6.4,32.17
20.908,8.369,2643.132,456.9,0.262,0.003,59.702,43.168,0,0.534,0.395,0.018,0.121,0.612,2.478,5.544,3.44e-5,0,0.407,1.226,0.819,0.859,870.78,0.001,335.414,0.086,6.4,32.17
20.91,8.149,2643.132,456.9,0.262,0.003,59.761,43.168,0,0.534,0.395,0.018,0.121,0.609,2.403,5.379,4.537e-4,0,0.402,1.226,0.824,0.85,870.787,0.001,335.415,0.086,6.4,32.17
20.913,7.929,2643.132,456.9,0.262,0.003,59.82,43.168,0,0.534,0.395,0.018,0.121,0.606,2.328,5.216,-4.288e-4,0,0.397,1.226,0.828,0.841,870.795,0.001,335.415,0.086,6.4,32.17
20.915,7.711,2643.132,456.9,0.262,0.003,59.879,43.168,0,0.534,0.395,0.018,0.121,0.603,2.254,5.056,-3.911e-4,0,0.392,1.226,0.833,0.83,870.802,0.001,335.415,0.086,6.4,32.17
20.918,7.495,2643.132,456.9,0.262,0.003,59.939,43.168,0,0.534,0.395,0.018,0.121,0.6,2.182,4.9,-3.027e-4,0,0.388,1.226,0.838,0.818,870.81,0.001,335.415,0.086,6.4,32.17
20.92,7.281,2643.132,456.9,0.262,0.003,59.998,43.168,0,0.534,0.395,0.018,0.121,0.597,2.11,4.746,4.28e-4,0,0.383,1.226,0.842,0.804,870.817,0.001,335.416,0.086,6.4,32.17
20.923,7.069,2643.132,456.9,0.262,0.003,60.057,43.168,0,0.534,0.395,0.018,0.121,0.594,2.04,4.596,-1.815e-4,0,0.379,1.226,0.847,0.788,870.825,0.001,335.416,0.086,6.4,32.17
20.925,6.858,2643.132,456.9,0.262,0.003,60.117,43.168,0,0.534,0.395,0.018,0.121,0.591,1.971,4.451,2.402e-4,0,0.374,1.226,0.852,0.77,870.832,0.001,335.416,0.086,6.4,32.17
20.928,6.649,2643.132,456.9,0.262,0.003,60.177,43.168,0,0.534,0.395,0.018,0.121,0.588,1.903,4.307,1.103e-4,0,0.37,1.226,0.856,0.75,870.84,0.001,335.417,0.086,6.4,32.17
20.93,6.44,2643.132,456.9,0.262,0.003,60.237,43.168,0,0.534,0.395,0.018,0.121,0.586,1.835,4.167,3.984e-4,0,0.365,1.226,0.86,0.728,870.848,0.001,335.417,0.086,6.4,32.17
20.933,6.233,2643.132,456.9,0.262,0.003,60.298,43.168,0,0.534,0.395,0.018,0.121,0.583,1.769,4.032,2.488e-4,0,0.361,1.226,0.865,0.703,870.856,0.001,335.417,0.087,6.4,32.17
20.936,6.028,2643.132,456.9,0.262,0.003,60.358,43.168,0,0.534,0.395,0.018,0.121,0.58,1.703,3.901,2.694e-4,0,0.356,1.226,0.869,0.675,870.864,0.001,335.417,0.087,6.4,32.17
20.938,5.825,2643.132,456.9,0.262,0.003,60.418,43.168,0,0.534,0.395,0.018,0.121,0.578,1.639,3.775,2.869e-4,0,0.352,1.226,0.874,0.644,870.872,0.001,335.418,0.087,6.4,32.17
20.941,5.627,2643.132,456.9,0.262,0.003,60.478,43.168,0,0.534,0.395,0.018,0.121,0.575,1.577,3.656,-3.795e-4,0,0.348,1.226,0.878,0.609,870.88,0.001,335.418,0.087,6.4,32.17
20.944,5.432,2643.132,456.9,0.262,0.003,60.537,43.168,0,0.534,0.395,0.019,0.121,0.573,1.516,3.545,1.745e-4,0,0.343,1.226,0.883,0.571,870.888,0.001,335.418,0.087,6.4,32.17
20.946,5.243,2643.132,456.9,0.262,0.003,60.595,43.168,0,0.534,0.395,0.019,0.121,0.57,1.458,3.44,-1.008e-4,0,0.339,1.226,0.887,0.529,870.896,0.001,335.419,0.087,6.4,32.17
20.949,5.06,2643.132,456.9,0.262,0.003,60.652,43.168,0,0.534,0.395,0.019,0.121,0.568,1.401,3.344,4.235e-4,0,0.334,1.226,0.891,0.484,870.905,0.001,335.419,0.087,6.4,32.17
20.952,4.882,2643.132,456.9,0.262,0.003,60.707,43.168,0,0.534,0.395,0.019,0.121,0.566,1.347,3.255,-9.243e-5,0,0.33,1.226,0.896,0.437,870.913,0.001,335.419,0.087,6.4,32.17
20.955,4.71,2643.132,456.9,0.262,0.003,60.761,43.168,0,0.534,0.395,0.019,0.121,0.564,1.295,3.171,4.174e-4,0,0.326,1.226,0.9,0.388,870.922,0.001,335.42,0.087,6.4,32.17
20.958,4.548,2643.132,456.9,0.262,0.003,60.813,43.168,0,0.534,0.395,0.019,0.121,0.562,1.246,3.099,3.723e-4,0,0.321,1.226,0.904,0.336,870.931,0.001,335.42,0.087,6.4,32.17
20.961,4.396,2643.132,456.9,0.262,0.003,60.861,43.168,0,0.534,0.395,0.019,0.121,0.561,1.201,3.037,-1.347e-4,0,0.317,1.226,0.909,0.283,870.94,0.001,335.42,0.087,6.4,32.17
20.964,4.257,2643.132,456.9,0.262,0.003,60.907,43.168,0,0.534,0.395,0.019,0.121,0.559,1.159,2.985,-9.204e-5,0,0.313,1.226,0.913,0.228,870.949,0.001,335.421,0.087,6.4,32.17
20.967,4.132,2643.132,456.9,0.262,0.003,60.948,43.168,0,0.534,0.395,0.019,0.121,0.558,1.122,2.943,-9.987e-5,0,0.309,1.226,0.917,0.174,870.958,0.001,335.421,0.087,6.4,32.17
20.97,4.023,2643.132,456.9,0.262,0.003,60.984,43.168,0,0.534,0.395,0.019,0.121,0.557,1.09,2.911,-1.248e-4,0,0.304,1.226,0.921,0.123,870.967,0.001,335.421,0.088,6.4,32.17
20.973,3.933,2643.132,456.9,0.262,0.003,61.014,43.168,0,0.534,0.395,0.019,0.121,0.556,1.063,2.887,3.221e-4,0,0.3,1.226,0.925,0.078,870.976,0.001,335.422,0.088,6.4,32.17
20.976,3.863,2643.132,456.9,0.262,0.003,61.038,43.168,0,0.534,0.395,0.019,0.121,0.555,1.043,2.872,-3.659e-4,0,0.296,1.226,0.93,0.04,870.986,0.001,335.422,0.088,6.4,32.17
20.979,3.816,2643.132,456.9,0.262,0.003,61.054,43.168,0,0.534,0.395,0.019,0.121,0.555,1.029,2.862,4.861e-4,0,0.292,1.226,0.934,0.014,870.995,0.001,335.422,0.088,6.4,32.17
20.982,3.793,2643.132,456.9,0.262,0.003,61.063,43.168,0,0.534,0.395,0.019,0.121,0.554,1.023,2.858,-3.091e-4,0,0.288,1.226,0.938,0.001,871.005,0.001,335.423,0.088,6.4,32.17
20.985,3.795,2643.132,456.9,0.262,0.003,61.064,43.168,0,0.534,0.395,0.019,0.121,0.554,1.023,2.863,3.341e-4,0,0.284,1.226,0.942,-0.003,871.015,0.001,335.423,0.088,6.4,32.17
20.988,3.823,2643.132,456.9,0.262,0.003,61.056,43.168,0,0.534,0.395,0.019,0.121,0.555,1.032,2.902,2.405e-4,0,0.28,1.226,0.946,-0.019,871.025,0.001,335.423,0.088,6.4,32.17
20.992,3.878,2643.132,456.9,0.262,0.003,61.039,43.168,0,0.534,0.395,0.019,0.121,0.555,1.048,2.974,7.118e-5,0,0.275,1.226,0.95,-0.049,871.035,0.001,335.424,0.088,6.4,32.17
20.995,3.959,2643.132,456.9,0.262,0.003,61.013,43.168,0,0.534,0.395,0.019,0.121,0.556,1.071,3.078,-3.976e-4,0,0.271,1.226,0.954,-0.091,871.045,0.001,335.424,0.088,6.4,32.17
20.998,4.066,2643.132,456.9,0.262,0.003,60.98,43.168,0,0.534,0.395,0.019,0.121,0.557,1.103,3.21,-1.242e-5,0,0.267,1.226,0.958,-0.141,871.055,0.001,335.425,0.088,6.4,32.17
21.002,4.216,2643.132,456.9,0.262,0.003,60.932,43.168,0,0.534,0.395,0.019,0.121,0.559,1.147,3.382,5.219e-5,0,0.263,1.226,0.962,-0.197,871.066,0.001,335.425,0.088,6.4,32.17
21.005,4.41,2643.132,456.9,0.262,0.003,60.87,43.168,0,0.534,0.395,0.019,0.121,0.561,1.205,3.587,-7.621e-5,0,0.259,1.226,0.967,-0.254,871.076,0.001,335.425,0.089,6.4,32.17
21.009,4.625,2643.132,456.9,0.262,0.003,60.802,43.168,0,0.534,0.395,0.019,0.121,0.563,1.269,3.806,-4.536e-4,0,0.255,1.226,0.971,-0.309,871.087,0.001,335.426,0.089,6.4,32.17
21.012,4.857,2643.132,456.9,0.262,0.003,60.729,43.168,0,0.534,0.395,0.019,0.121,0.566,1.34,4.037,-1.189e-4,0,0.251,1.226,0.975,-0.36,871.098,0.001,335.426,0.089,6.4,32.17
21.016,5.106,2643.132,456.9,0.262,0.003,60.652,43.168,0,0.534,0.395,0.019,0.121,0.569,1.416,4.275,-1.569e-4,0,0.247,1.226,0.979,-0.407,871.109,0.001,335.427,0.089,6.4,32.17
21.019,5.369,2643.132,456.9,0.262,0.003,60.572,43.168,0,0.534,0.395,0.019,0.121,0.572,1.497,4.519,2.763e-4,0,0.243,1.226,0.982,-0.448,871.121,0.001,335.427,0.089,6.4,32.17
21.023,5.643,2643.132,456.9,0.262,0.003,60.489,43.168,0,0.534,0.395,0.019,0.121,0.575,1.583,4.766,-4.84e-4,0,0.239,1.226,0.986,-0.483,871.132,0.001,335.427,0.089,6.4,32.17
21.027,5.929,2643.132,456.9,0.262,0.003,60.403,43.168,0,0.534,0.395,0.019,0.121,0.579,1.673,5.017,3.409e-4,0,0.235,1.226,0.99,-0.513,871.144,0.001,335.428,0.089,6.4,32.17
21.031,6.224,2643.132,456.9,0.262,0.003,60.316,43.168,0,0.534,0.395,0.019,0.121,0.583,1.766,5.27,3.641e-4,0,0.232,1.226,0.994,-0.537,871.155,0.001,335.428,0.089,6.4,32.17
21.034,6.528,2643.132,456.9,0.262,0.003,60.228,43.168,0,0.534,0.395,0.019,0.121,0.587,1.864,5.525,1.654e-4,0,0.228,1.226,0.998,-0.556,871.168,0.001,335.429,0.089,6.4,32.17
21.038,6.838,2643.132,456.9,0.262,0.003,60.138,43.168,0,0.534,0.395,0.019,0.121,0.591,1.965,5.782,-2.854e-4,0,0.224,1.226,1.002,-0.571,871.18,0.001,335.429,0.089,6.4,32.17
21.042,7.154,2643.132,456.9,0.262,0.003,60.049,43.168,0,0.534,0.395,0.019,0.121,0.595,2.069,6.039,-1.13e-4,0,0.22,1.226,1.006,-0.581,871.192,0.001,335.43,0.089,6.4,32.17
21.046,7.476,2643.132,456.9,0.262,0.003,59.959,43.168,0,0.534,0.395,0.019,0.121,0.6,2.176,6.296,1.217e-4,0,0.216,1.226,1.01,-0.588,871.205,0.001,335.43,0.09,6.4,32.17
21.05,7.799,2643.132,456.9,0.262,0.003,59.871,43.168,0,0.534,0.395,0.019,0.121,0.604,2.284,6.553,-4.767e-4,0,0.213,1.226,1.013,-0.591,871.218,0.001,335.431,0.09,6.4,32.17
21.055,8.1,2643.132,456.9,0.262,0.003,59.789,43.168,0,0.534,0.395,0.019,0.121,0.609,2.387,6.793,-4.121e-5,0,0.209,1.226,1.017,-0.595,871.231,0.001,335.431,0.09,6.4,32.17
21.059,8.406,2643.132,456.9,0.262,0.003,59.708,43.168,0,0.534,0.395,0.019,0.121,0.613,2.491,7.034,-5.105e-5,0,0.205,1.226,1.021,-0.596,871.244,0.001,335.431,0.09,6.4,32.17
21.063,8.715,2643.132,456.9,0.262,0.003,59.626,43.168,0,0.534,0.395,0.019,0.121,0.617,2.599,7.277,4.06e-4,0,0.202,1.226,1.024,-0.594,871.257,0.001,335.432,0.09,6.4,32.17
21.067,9.028,2643.132,456.9,0.262,0.003,59.545,43.168,0,0.534,0.395,0.019,0.121,0.622,2.708,7.519,-4.817e-4,0,0.198,1.226,1.028,-0.589,871.271,0.001,335.432,0.09,6.4,32.17
21.072,9.344,2643.132,456.9,0.262,0.003,59.464,43.168,0,0.534,0.395,0.019,0.121,0.626,2.82,7.762,3.319e-4,0,0.194,1.226,1.032,-0.582,871.285,0.001,335.433,0.09,6.4,32.17
21.076,9.662,2643.132,456.9,0.262,0.003,59.384,43.168,0,0.534,0.395,0.019,0.121,0.631,2.933,8.005,-1.685e-4,0,0.191,1.226,1.035,-0.573,871.299,0.001,335.434,0.09,6.4,32.17
21.081,9.981,2643.132,456.9,0.262,0.003,59.305,43.168,0,0.534,0.395,0.019,0.121,0.635,3.048,8.246,-4.305e-4,0,0.187,1.226,1.039,-0.561,871.313,0.001,335.434,0.091,6.4,32.17
21.085,10.301,2643.132,456.9,0.262,0.003,59.227,43.168,0,0.534,0.395,0.019,0.121,0.639,3.164,8.488,1.457e-4,0,0.184,1.226,1.042,-0.548,871.328,0.001,335.435,0.091,6.4,32.17
21.09,10.621,2643.132,456.9,0.262,0.003,59.15,43.168,0,0.534,0.395,0.019,0.121,0.644,3.282,8.728,8.727e-5,0,0.18,1.226,1.046,-0.532,871.343,0.001,335.435,0.091,6.4,32.17
21.095,10.94,2643.132,456.9,0.262,0.003,59.074,43.168,0,0.534,0.395,0.019,0.121,0.648,3.4,8.967,-6.945e-5,0,0.177,1.226,1.049,-0.515,871.358,0.001,335.436,0.091,6.4,32.17
21.1,11.259,2643.132,456.9,0.262,0.003,59,43.168,0,0.534,0.395,0.019,0.121,0.652,3.52,9.203,-4.454e-4,0,0.173,1.226,1.053,-0.497,871.374,0.001,335.436,0.091,6.4,32.17
21.105,11.57,2643.132,456.9,0.262,0.003,58.928,43.168,0,0.534,0.395,0.019,0.121,0.656,3.637,9.434,6.85e-5,0,0.17,1.226,1.056,-0.478,871.389,0.001,335.437,0.091,6.4,32.17
21.11,11.879,2643.132,456.9,0.262,0.003,58.858,43.168,0,0.534,0.395,0.019,0.121,0.66,3.755,9.664,-1.984e-4,0,0.167,1.226,1.059,-0.458,871.405,0.001,335.437,0.091,6.4,32.17
21.115,12.186,2643.132,456.9,0.262,0.003,58.789,43.168,0,0.534,0.395,0.019,0.121,0.663,3.873,9.889,1.991e-4,0,0.163,1.226,1.063,-0.437,871.422,0.001,335.438,0.091,6.4,32.17
21.12,12.489,2643.132,456.9,0.262,0.003,58.722,43.168,0,0.534,0.395,0.019,0.121,0.667,3.99,10.113,-3.27e-4,0,0.16,1.226,1.066,-0.415,871.438,0.001,335.439,0.092,6.4,32.17
21.125,12.788,2643.132,456.9,0.262,0.003,58.657,43.168,0,0.534,0.395,0.019,0.121,0.67,4.107,10.332,-2.915e-4,0,0.157,1.226,1.069,-0.392,871.455,0.001,335.439,0.092,6.4,32.17
21.131,13.083,2643.132,456.9,0.262,0.003,58.593,43.168,0,0.534,0.395,0.019,0.121,0.673,4.223,10.547,-2.219e-4,0,0.154,1.226,1.072,-0.368,871.473,0.001,335.44,0.092,6.4,32.17
21.136,13.372,2643.132,456.9,0.262,0.003,58.532,43.168,0,0.534,0.395,0.019,0.121,0.676,4.338,10.757,-1.371e-4,0,0.15,1.226,1.076,-0.343,871.49,0.001,335.441,0.092,6.4,32.17
21.142,13.654,2643.132,456.9,0.262,0.003,58.473,43.168,0,0.534,0.395,0.019,0.121,0.678,4.451,10.962,-3.669e-4,0,0.147,1.226,1.079,-0.318,871.508,0.001,335.441,0.092,6.4,32.17
21.147,13.928,2643.132,456.9,0.262,0.003,58.416,43.168,0,0.534,0.395,0.019,0.121,0.681,4.561,11.159,-4.131e-4,0,0.144,1.226,1.082,-0.292,871.527,0.001,335.442,0.092,6.4,32.17
21.153,14.195,2643.132,456.9,0.262,0.003,58.362,43.168,0,0.534,0.395,0.019,0.121,0.683,4.669,11.35,-2.999e-4,0,0.141,1.226,1.085,-0.265,871.545,0.001,335.443,0.092,6.4,32.17
21.159,14.451,2643.132,456.9,0.262,0.003,58.31,43.168,0,0.534,0.395,0.019,0.121,0.685,4.774,11.532,3.862e-4,0,0.138,1.226,1.088,-0.237,871.565,0.001,335.443,0.093,6.4,32.17
21.165,14.693,2643.132,456.9,0.262,0.003,58.262,43.168,0,0.534,0.395,0.019,0.121,0.687,4.873,11.702,-1.812e-4,0,0.135,1.226,1.091,-0.209,871.584,0.001,335.444,0.093,6.4,32.17
21.171,14.919,2643.132,456.9,0.262,0.003,58.217,43.168,0,0.534,0.395,0.019,0.121,0.688,4.967,11.861,-8.493e-5,0,0.132,1.226,1.094,-0.182,871.604,0.001,335.445,0.093,6.4,32.17
21.177,15.128,2643.132,456.9,0.262,0.003,58.176,43.168,0,0.534,0.395,0.019,0.121,0.689,5.053,12.007,-4.659e-4,0,0.129,1.226,1.097,-0.156,871.624,0.001,335.446,0.093,6.4,32.17
21.184,15.319,2643.132,456.9,0.262,0.003,58.139,43.168,0,0.534,0.395,0.019,0.121,0.69,5.133,12.138,-3.122e-4,0,0.126,1.226,1.1,-0.131,871.645,0.001,335.446,0.093,6.4,32.17
21.19,15.49,2643.132,456.9,0.262,0.003,58.106,43.168,0,0.534,0.395,0.019,0.121,0.691,5.204,12.255,-1.825e-4,0,0.123,1.226,1.103,-0.107,871.666,0.001,335.447,0.093,6.4,32.17
21.197,15.638,2643.132,456.9,0.262,0.003,58.078,43.168,0,0.534,0.395,0.019,0.121,0.692,5.267,12.356,4.355e-4,0,0.12,1.226,1.106,-0.085,871.688,0.001,335.448,0.093,6.4,32.17
21.204,15.769,2643.132,456.9,0.262,0.003,58.053,43.168,0,0.534,0.395,0.019,0.121,0.692,5.322,12.445,-3.167e-4,0,0.117,1.226,1.109,-0.066,871.71,0.001,335.449,0.094,6.4,32.17
21.21,15.881,2643.132,456.9,0.262,0.003,58.032,43.168,0,0.534,0.395,0.019,0.121,0.693,5.369,12.52,-3.933e-4,0,0.115,1.226,1.111,-0.049,871.733,0.001,335.45,0.094,6.4,32.17
21.217,15.969,2643.132,456.9,0.262,0.003,58.015,43.168,0,0.534,0.395,0.019,0.121,0.693,5.407,12.579,1.99e-4,0,0.112,1.226,1.114,-0.034,871.756,0.001,335.45,0.094,6.4,32.17
21.225,16.032,2643.132,456.9,0.262,0.003,58.004,43.168,0,0.534,0.394,0.019,0.121,0.693,5.434,12.618,-4.873e-4,0,0.109,1.226,1.117,-0.022,871.78,0.001,335.451,0.094,6.4,32.17
21.232,16.068,2643.132,456.9,0.262,0.003,57.997,43.168,0,0.534,0.394,0.019,0.121,0.693,5.449,12.638,3.907e-4,0,0.107,1.226,1.119,-0.012,871.804,0.001,335.452,0.094,6.4,32.17
21.239,16.074,2643.132,456.9,0.262,0.003,57.995,43.168,0,0.534,0.394,0.019,0.121,0.693,5.452,12.636,-3.822e-4,0,0.104,1.226,1.122,-0.005,871.829,0.001,335.453,0.095,6.4,32.17
21.247,16.05,2643.132,456.9,0.262,0.003,58,43.168,0,0.534,0.394,0.019,0.121,0.693,5.441,12.611,-4.57e-4,0,0.102,1.226,1.124,-9.19e-4,871.854,0.001,335.454,0.095,6.4,32.17
21.255,15.989,2643.132,456.9,0.262,0.003,58.011,43.168,0,0.534,0.394,0.019,0.121,0.693,5.415,12.56,4.737e-4,0,0.099,1.226,1.127,1.192e-4,871.88,0.001,335.455,0.095,6.4,32.17
21.263,15.89,2643.132,456.9,0.262,0.003,58.03,43.168,0,0.534,0.394,0.019,0.121,0.693,5.373,12.475,3.927e-4,0,0.097,1.226,1.129,0.003,871.907,0.001,335.456,0.095,6.4,32.17
21.271,15.753,2643.132,456.9,0.262,0.003,58.055,43.168,0,0.534,0.394,0.019,0.121,0.692,5.315,12.356,-2.018e-4,0,0.094,1.226,1.132,0.009,871.934,0.001,335.457,0.095,6.4,32.17
21.279,15.576,2643.132,456.9,0.262,0.003,58.089,43.168,0,0.535,0.394,0.019,0.121,0.692,5.241,12.199,-2.819e-4,0,0.092,1.226,1.134,0.019,871.962,0.001,335.458,0.095,6.4,32.17
21.288,15.359,2643.132,456.9,0.262,0.003,58.13,43.168,0,0.535,0.394,0.019,0.121,0.691,5.15,12.006,1.993e-4,0,0.09,1.226,1.136,0.033,871.99,0.001,335.459,0.096,6.4,32.17
21.296,15.098,2643.132,456.9,0.262,0.003,58.18,43.168,0,0.535,0.394,0.019,0.121,0.689,5.041,11.774,-1.779e-4,0,0.088,1.226,1.138,0.05,872.019,0.001,335.46,0.096,6.4,32.17
21.305,14.804,2643.132,456.9,0.262,0.003,58.238,43.168,0,0.535,0.394,0.019,0.121,0.688,4.919,11.512,4.254e-5,0,0.086,1.226,1.14,0.071,872.049,0.001,335.461,0.096,6.4,32.17
21.314,14.475,2643.132,456.9,0.262,0.003,58.303,43.168,0,0.535,0.394,0.019,0.121,0.685,4.783,11.218,4.1e-4,0,0.084,1.226,1.142,0.095,872.079,0.001,335.462,0.096,6.4,32.17
21.323,14.101,2643.132,456.9,0.262,0.003,58.379,43.168,0,0.535,0.394,0.019,0.121,0.683,4.631,10.885,-3.557e-5,0,0.082,1.226,1.144,0.122,872.11,0.001,335.464,0.097,6.4,32.17
21.332,13.683,2643.132,456.9,0.262,0.003,58.465,43.168,0,0.535,0.394,0.019,0.121,0.679,4.462,10.515,3.618e-4,0,0.08,1.226,1.146,0.151,872.141,0.001,335.465,0.097,6.4,32.17
21.342,13.221,2643.132,456.9,0.262,0.003,58.561,43.168,0,0.535,0.394,0.019,0.121,0.675,4.278,10.108,-4.711e-4,0,0.078,1.226,1.148,0.182,872.174,0.001,335.466,0.097,6.4,32.17
21.351,12.712,2643.132,456.9,0.262,0.003,58.671,43.168,0,0.535,0.394,0.019,0.121,0.67,4.077,9.663,-1.007e-4,0,0.077,1.226,1.149,0.215,872.207,0.001,335.467,0.097,6.4,32.17
21.361,12.144,2643.132,456.9,0.262,0.003,58.795,43.168,0,0.535,0.394,0.019,0.121,0.663,3.857,9.168,-4.705e-4,0,0.075,1.226,1.151,0.248,872.24,0.001,335.468,0.098,6.4,32.17
21.371,11.532,2643.132,456.9,0.262,0.003,58.934,43.168,0,0.535,0.394,0.019,0.121,0.656,3.623,8.644,-3.524e-4,0,0.073,1.226,1.153,0.281,872.274,0.001,335.47,0.098,6.4,32.17
21.381,10.88,2643.132,456.9,0.262,0.003,59.085,43.168,0,0.535,0.394,0.019,0.121,0.648,3.378,8.089,4.35e-4,0,0.072,1.226,1.154,0.313,872.309,0.001,335.471,0.098,6.4,32.17
21.391,10.192,2643.132,456.9,0.262,0.003,59.25,43.168,0,0.535,0.394,0.019,0.121,0.639,3.125,7.512,9.062e-5,0,0.071,1.226,1.156,0.341,872.344,0.001,335.472,0.098,6.4,32.17
21.402,9.475,2643.132,456.9,0.262,0.003,59.428,43.168,0,0.535,0.394,0.019,0.121,0.629,2.867,6.919,4.806e-4,0,0.069,1.226,1.157,0.364,872.381,0.001,335.474,0.099,6.4,32.17
21.412,8.751,2643.132,456.9,0.262,0.003,59.614,43.168,0,0.535,0.394,0.019,0.121,0.618,2.611,6.33,-7.792e-5,0,0.068,1.226,1.158,0.38,872.417,0.001,335.475,0.099,6.4,32.17
21.423,8.009,2643.132,456.9,0.262,0.003,59.811,43.168,0,0.535,0.394,0.019,0.121,0.608,2.356,5.739,-9.674e-5,0,0.067,1.226,1.159,0.387,872.454,0.001,335.476,0.099,6.4,32.17
21.433,7.262,2643.132,456.9,0.262,0.003,60.017,43.168,0,0.535,0.394,0.019,0.121,0.598,2.105,5.161,-2.098e-4,0,0.066,1.226,1.16,0.381,872.492,0.001,335.478,0.099,6.4,32.17
21.444,6.525,2643.132,456.9,0.262,0.003,60.227,43.168,0,0.535,0.394,0.019,0.121,0.588,1.863,4.61,-1.79e-4,0,0.065,1.226,1.162,0.357,872.53,0.001,335.479,0.1,6.4,32.17
21.455,5.821,2643.132,456.9,0.262,0.003,60.435,43.168,0,0.535,0.394,0.019,0.121,0.578,1.639,4.109,-6.242e-5,0,0.064,1.226,1.163,0.313,872.569,0.001,335.481,0.1,6.4,32.17
21.466,5.18,2643.132,456.9,0.262,0.003,60.631,43.168,0,0.535,0.394,0.019,0.121,0.57,1.439,3.682,2.576e-4,0,0.063,1.226,1.163,0.244,872.608,0.001,335.482,0.1,6.4,32.17
21.478,4.638,2643.132,456.9,0.262,0.003,60.801,43.168,0,0.535,0.394,0.019,0.121,0.564,1.274,3.355,2.348e-4,0,0.062,1.226,1.164,0.154,872.648,0.001,335.483,0.101,6.4,32.17
21.489,4.245,2643.132,456.9,0.262,0.003,60.928,43.168,0,0.535,0.394,0.019,0.121,0.56,1.156,3.147,-1.887e-4,0,0.061,1.226,1.165,0.061,872.688,0.001,335.485,0.101,6.4,32.17
21.5,4.055,2643.132,456.9,0.262,0.003,60.99,43.168,0,0.535,0.394,0.019,0.121,0.558,1.1,3.059,1.096e-4,0,0.06,1.226,1.166,0.004,872.729,0.001,335.486,0.101,6.4,32.17
21.512,4.12,2643.132,456.9,0.262,0.003,60.967,43.168,0,0.535,0.394,0.019,0.121,0.559,1.119,3.131,4.683e-4,0,0.059,1.226,1.167,-0.019,872.77,0.001,335.488,0.102,6.4,32.17
21.523,4.446,2643.132,456.9,0.262,0.003,60.86,43.168,0,0.535,0.394,0.019,0.121,0.562,1.216,3.459,-1.304e-4,0,0.058,1.226,1.168,-0.098,872.812,0.001,335.49,0.102,6.4,32.17
21.535,4.975,2643.132,456.9,0.262,0.003,60.692,43.168,0,0.535,0.394,0.019,0.121,0.568,1.376,3.957,6.069e-5,0,0.058,1.226,1.169,-0.189,872.854,0.001,335.491,0.102,6.4,32.17
21.547,5.637,2643.132,456.9,0.262,0.003,60.487,43.168,0,0.535,0.394,0.019,0.121,0.576,1.581,4.537,-7.987e-5,0,0.057,1.226,1.169,-0.259,872.896,0.001,335.493,0.103,6.4,32.17
21.559,6.332,2643.132,456.9,0.262,0.003,60.28,43.168,0,0.535,0.394,0.019,0.121,0.585,1.801,5.113,-1.313e-4,0,0.056,1.226,1.17,-0.297,872.939,0.001,335.494,0.103,6.4,32.17
21.57,7.042,2643.132,456.9,0.262,0.003,60.076,43.168,0,0.535,0.394,0.019,0.121,0.595,2.032,5.681,3.766e-4,0,0.055,1.226,1.171,-0.312,872.982,0.001,335.496,0.103,6.4,32.17
21.582,7.758,2643.132,456.9,0.262,0.003,59.877,43.168,0,0.535,0.394,0.019,0.121,0.605,2.271,6.236,-1.323e-4,0,0.055,1.226,1.172,-0.308,873.026,0.001,335.497,0.104,6.4,32.17
21.595,8.46,2643.132,456.9,0.262,0.003,59.688,43.168,0,0.535,0.394,0.019,0.121,0.615,2.51,6.771,-4.29e-4,0,0.054,1.226,1.172,-0.292,873.07,0.001,335.499,0.104,6.4,32.17
21.607,9.154,2643.132,456.9,0.262,0.003,59.508,43.168,0,0.535,0.394,0.019,0.121,0.625,2.753,7.293,1.202e-4,0,0.053,1.226,1.173,-0.266,873.115,0.001,335.501,0.104,6.4,32.17
21.619,9.824,2643.132,456.9,0.262,0.003,59.339,43.168,0,0.535,0.394,0.019,0.121,0.634,2.992,7.792,-4.677e-5,0,0.053,1.226,1.174,-0.233,873.16,0.001,335.502,0.104,6.4,32.17
21.631,10.443,2643.132,456.9,0.262,0.003,59.188,43.168,0,0.535,0.394,0.019,0.121,0.642,3.217,8.249,-1.89e-4,0,0.052,1.226,1.174,-0.196,873.205,0.001,335.504,0.105,6.4,32.17
21.644,11.001,2643.132,456.9,0.262,0.003,59.056,43.168,0,0.535,0.394,0.019,0.121,0.65,3.423,8.658,-1.129e-4,0,0.051,1.226,1.175,-0.159,873.251,0.001,335.506,0.105,6.4,32.17
21.656,11.488,2643.132,456.9,0.262,0.003,58.943,43.168,0,0.535,0.394,0.019,0.121,0.656,3.606,9.011,4.287e-4,0,0.051,1.226,1.176,-0.122,873.298,0.001,335.508,0.105,6.4,32.17
21.669,11.895,2643.132,456.9,0.262,0.003,58.851,43.168,0,0.535,0.394,0.019,0.121,0.661,3.761,9.305,-1.597e-4,0,0.05,1.226,1.177,-0.087,873.344,0.001,335.509,0.106,6.4,32.17
21.681,12.222,2643.132,456.9,0.262,0.003,58.778,43.168,0,0.535,0.394,0.019,0.121,0.665,3.887,9.538,-4.1e-4,0,0.049,1.226,1.177,-0.057,873.392,0.001,335.511,0.106,6.4,32.17
21.694,12.461,2643.132,456.9,0.262,0.003,58.726,43.168,0,0.535,0.394,0.019,0.121,0.668,3.98,9.708,4.698e-4,0,0.048,1.226,1.178,-0.033,873.44,0.001,335.513,0.106,6.4,32.17
21.707,12.611,2643.132,456.9,0.262,0.003,58.694,43.168,0,0.535,0.394,0.019,0.121,0.669,4.038,9.811,1.011e-5,0,0.048,1.226,1.179,-0.015,873.488,0.001,335.515,0.107,6.4,32.17
21.72,12.666,2643.132,456.9,0.262,0.003,58.682,43.168,0,0.535,0.394,0.019,0.121,0.67,4.06,9.845,1.006e-4,0,0.047,1.226,1.179,-0.004,873.538,0.001,335.516,0.107,6.4,32.17
21.733,12.623,2643.132,456.9,0.262,0.003,58.692,43.168,0,0.535,0.394,0.019,0.121,0.669,4.043,9.808,1.161e-4,0,0.047,1.226,1.18,8.132e-6,873.587,0.001,335.518,0.107,6.4,32.17
21.746,12.482,2643.132,456.9,0.262,0.003,58.724,43.168,0,0.535,0.394,0.019,0.122,0.668,3.988,9.69,1.002e-4,0,0.046,1.226,1.18,0.004,873.637,0.001,335.52,0.108,6.4,32.17
21.759,12.237,2643.132,456.9,0.262,0.003,58.778,43.168,0,0.535,0.394,0.019,0.122,0.665,3.893,9.481,-1.937e-4,0,0.045,1.226,1.181,0.015,873.688,0.001,335.522,0.108,6.4,32.17
21.773,11.899,2643.132,456.9,0.262,0.003,58.854,43.168,0,0.535,0.394,0.019,0.122,0.661,3.763,9.191,-3.531e-4,0,0.045,1.226,1.182,0.032,873.739,0.001,335.524,0.108,6.4,32.17
21.786,11.474,2643.132,456.9,0.262,0.003,58.951,43.168,0,0.535,0.394,0.02,0.122,0.656,3.601,8.828,-1.469e-4,0,0.045,1.226,1.182,0.054,873.79,0.001,335.526,0.109,6.4,32.17
21.8,10.969,2643.132,456.9,0.262,0.003,59.069,43.168,0,0.535,0.394,0.02,0.122,0.65,3.412,8.397,3.927e-4,0,0.044,1.226,1.182,0.08,873.842,0.001,335.528,0.109,6.4,32.17
21.813,10.376,2643.132,456.9,0.262,0.003,59.211,43.168,0,0.535,0.394,0.02,0.122,0.642,3.193,7.894,4.508e-4,0,0.044,1.227,1.183,0.109,873.894,0.001,335.53,0.109,6.4,32.17
21.827,9.706,2643.132,456.9,0.262,0.003,59.376,43.168,0,0.536,0.394,0.02,0.122,0.633,2.949,7.331,-4.792e-4,0,0.043,1.227,1.183,0.139,873.946,0.001,335.532,0.11,6.4,32.17
21.84,8.97,2643.132,456.9,0.262,0.003,59.563,43.168,0,0.536,0.394,0.02,0.122,0.623,2.688,6.721,4.082e-4,0,0.043,1.227,1.184,0.165,873.999,0.001,335.534,0.11,6.4,32.17
21.854,8.189,2643.132,456.9,0.262,0.003,59.769,43.168,0,0.536,0.394,0.02,0.122,0.611,2.417,6.085,-3.022e-4,0,0.043,1.227,1.184,0.185,874.052,0.001,335.535,0.11,6.4,32.17
21.867,7.398,2643.132,456.9,0.262,0.003,59.984,43.168,0,0.536,0.394,0.02,0.122,0.6,2.15,5.458,4.848e-4,0,0.042,1.227,1.184,0.192,874.105,0.001,335.537,0.111,6.4,32.17
21.881,6.612,2643.132,456.9,0.262,0.003,60.206,43.168,0,0.536,0.394,0.02,0.122,0.59,1.892,4.852,4.203e-4,0,0.042,1.227,1.184,0.185,874.159,0.001,335.539,0.111,6.4,32.17
21.894,5.866,2643.132,456.9,0.262,0.003,60.425,43.168,0,0.536,0.394,0.02,0.122,0.58,1.653,4.299,3.728e-4,0,0.042,1.227,1.185,0.158,874.212,0.001,335.541,0.112,6.4,32.17
21.908,5.224,2643.132,456.9,0.262,0.003,60.618,43.168,0,0.536,0.394,0.02,0.122,0.572,1.453,3.849,2.559e-4,0,0.042,1.227,1.185,0.112,874.266,0.001,335.543,0.112,6.4,32.17
21.921,4.741,2643.132,456.9,0.262,0.003,60.766,43.168,0,0.536,0.394,0.02,0.122,0.566,1.305,3.533,-1.773e-4,0,0.042,1.227,1.185,0.055,874.319,0.001,335.545,0.112,6.4,32.17
21.935,4.464,2643.132,456.9,0.262,0.003,60.851,43.168,0,0.536,0.394,0.02,0.122,0.563,1.221,3.365,4.788e-4,0,0.041,1.227,1.185,0.01,874.373,0.001,335.547,0.113,6.4,32.17
21.948,4.432,2643.132,456.9,0.262,0.003,60.859,43.168,0,0.536,0.394,0.02,0.122,0.563,1.212,3.352,4.135e-4,0,0.041,1.227,1.185,-0.002,874.426,0.001,335.549,0.113,6.4,32.17
21.962,4.624,2643.132,456.9,0.262,0.003,60.796,43.168,0,0.536,0.394,0.02,0.122,0.565,1.269,3.532,-3.996e-4,0,0.041,1.227,1.186,-0.035,874.48,0.001,335.551,0.113,6.4,32.17
21.975,5.028,2643.132,456.9,0.262,0.003,60.669,43.168,0,0.536,0.394,0.02,0.122,0.57,1.392,3.894,4.682e-4,0,0.041,1.227,1.186,-0.087,874.534,0.001,335.553,0.114,6.4,32.17
21.988,5.583,2643.132,456.9,0.262,0.003,60.498,43.168,0,0.536,0.394,0.02,0.122,0.576,1.564,4.367,2.932e-4,0,0.041,1.227,1.186,-0.132,874.588,0.001,335.555,0.114,6.4,32.17
22.002,6.225,2643.132,456.9,0.262,0.003,60.307,43.168,0,0.536,0.394,0.02,0.122,0.585,1.767,4.891,-3.873e-4,0,0.04,1.227,1.186,-0.159,874.642,0.001,335.557,0.114,6.4,32.17
22.015,6.894,2643.132,456.9,0.262,0.003,60.114,43.168,0,0.536,0.394,0.02,0.122,0.594,1.984,5.418,2.111e-4,0,0.04,1.227,1.187,-0.166,874.696,0.001,335.559,0.115,6.4,32.17
22.028,7.557,2643.132,456.9,0.262,0.003,59.929,43.168,0,0.536,0.394,0.02,0.122,0.603,2.203,5.929,4.8e-4,0,0.04,1.227,1.187,-0.159,874.751,0.001,335.561,0.115,6.4,32.17
22.042,8.189,2643.132,456.9,0.262,0.003,59.758,43.168,0,0.536,0.394,0.02,0.122,0.612,2.417,6.408,2.021e-4,0,0.04,1.227,1.187,-0.142,874.805,0.001,335.563,0.116,6.4,32.17
22.055,8.791,2643.132,456.9,0.262,0.003,59.599,43.168,0,0.536,0.394,0.02,0.122,0.621,2.626,6.862,5.917e-5,0,0.039,1.227,1.188,-0.121,874.86,0.001,335.565,0.116,6.4,32.17
22.068,9.37,2643.132,456.9,0.262,0.003,59.45,43.168,0,0.536,0.394,0.02,0.122,0.629,2.829,7.295,4.174e-4,0,0.039,1.227,1.188,-0.097,874.915,0.001,335.567,0.116,6.4,32.17
22.082,9.88,2643.132,456.9,0.262,0.003,59.323,43.168,0,0.536,0.394,0.02,0.122,0.636,3.012,7.676,1.877e-4,0,0.038,1.227,1.188,-0.072,874.971,0.001,335.569,0.117,6.4,32.17
22.095,10.31,2643.132,456.9,0.262,0.003,59.218,43.168,0,0.536,0.394,0.02,0.122,0.642,3.168,7.993,-1.86e-4,0,0.038,1.227,1.189,-0.048,875.027,0.001,335.572,0.117,6.4,32.17
22.109,10.573,2643.132,456.9,0.262,0.003,59.154,43.168,0,0.536,0.394,0.02,0.122,0.645,3.265,8.183,-3.104e-4,0,0.038,1.227,1.189,-0.028,875.082,0.001,335.574,0.117,6.4,32.17
22.122,10.7,2643.132,456.9,0.262,0.003,59.124,43.168,0,0.536,0.394,0.02,0.122,0.647,3.312,8.269,-4.481e-4,0,0.037,1.227,1.189,-0.013,875.135,0.001,335.576,0.118,6.4,32.17
22.134,10.734,2643.132,456.9,0.262,0.003,59.116,43.168,0,0.536,0.394,0.02,0.122,0.648,3.324,8.287,-3.426e-4,0,0.037,1.227,1.19,-0.003,875.188,0.001,335.578,0.118,6.4,32.17
22.147,10.678,2643.132,456.9,0.262,0.003,59.129,43.168,0,0.536,0.394,0.02,0.122,0.647,3.304,8.24,-2.138e-4,0,0.037,1.227,1.19,-4.055e-5,875.241,0.001,335.58,0.118,6.4,32.17
22.16,10.603,2643.132,456.9,0.262,0.003,59.148,43.168,0,0.536,0.394,0.02,0.122,0.646,3.276,8.177,3.787e-4,0,0.036,1.227,1.19,0.002,875.294,0.001,335.581,0.118,6.4,32.17
22.172,10.457,2643.132,456.9,0.262,0.003,59.183,43.168,0,0.536,0.394,0.02,0.122,0.644,3.222,8.053,3.534e-4,0,0.036,1.227,1.191,0.01,875.348,0.001,335.583,0.119,6.4,32.17
22.185,10.217,2643.132,456.9,0.262,0.003,59.241,43.168,0,0.536,0.394,0.02,0.122,0.641,3.135,7.85,4.077e-4,0,0.036,1.227,1.191,0.023,875.402,0.001,335.585,0.119,6.4,32.17
22.198,9.878,2643.132,456.9,0.262,0.003,59.325,43.168,0,0.536,0.394,0.02,0.122,0.636,3.012,7.562,-1.475e-4,0,0.035,1.227,1.191,0.04,875.458,0.001,335.588,0.119,6.4,32.17
22.212,9.362,2643.132,456.9,0.262,0.003,59.454,43.168,0,0.536,0.394,0.02,0.122,0.629,2.827,7.133,2.805e-4,0,0.035,1.227,1.192,0.06,875.516,0.001,335.59,0.12,6.4,32.17
22.226,8.758,2643.132,456.9,0.262,0.003,59.609,43.168,0,0.536,0.394,0.02,0.122,0.62,2.614,6.635,-3.797e-4,0,0.035,1.227,1.192,0.08,875.575,0.001,335.592,0.12,6.4,32.17
22.24,8.102,2643.132,456.9,0.262,0.003,59.783,43.168,0,0.536,0.394,0.02,0.122,0.611,2.388,6.103,3.757e-4,0,0.035,1.227,1.192,0.096,875.635,0.001,335.594,0.121,6.4,32.17
22.254,7.424,2643.132,456.9,0.262,0.003,59.968,43.168,0,0.536,0.394,0.02,0.122,0.602,2.159,5.56,1.018e-4,0,0.035,1.227,1.192,0.107,875.694,0.001,335.596,0.121,6.4,32.17
22.268,6.746,2643.132,456.9,0.262,0.003,60.159,43.168,0,0.536,0.394,0.02,0.122,0.592,1.935,5.026,4.189e-4,0,0.035,1.227,1.192,0.113,875.754,0.001,335.598,0.121,6.4,32.17
22.282,6.066,2643.132,456.9,0.262,0.003,60.357,43.168,0,0.536,0.394,0.02,0.122,0.583,1.717,4.503,1.141e-4,0,0.034,1.227,1.193,0.107,875.813,0.001,335.601,0.122,6.4,32.17
22.295,5.423,2643.132,456.9,0.262,0.003,60.55,43.168,0,0.537,0.394,0.02,0.122,0.575,1.514,4.024,1.323e-4,0,0.034,1.227,1.193,0.088,875.873,0.001,335.603,0.122,6.4,32.17
22.309,4.877,2643.132,456.9,0.262,0.003,60.718,43.168,0,0.537,0.394,0.02,0.122,0.569,1.346,3.638,-4.937e-4,0,0.034,1.227,1.193,0.054,875.933,0.001,335.605,0.122,6.4,32.17
22.323,4.498,2643.132,456.9,0.262,0.003,60.838,43.168,0,0.537,0.394,0.02,0.122,0.564,1.232,3.383,-4.715e-4,0,0.034,1.227,1.193,0.018,875.993,0.001,335.607,0.123,6.4,32.17
22.337,4.339,2643.132,456.9,0.262,0.003,60.89,43.168,0,0.537,0.394,0.02,0.122,0.563,1.184,3.279,-2.875e-4,0,0.034,1.227,1.193,1.623e-4,876.053,0.001,335.61,0.123,6.4,32.17
22.35,4.422,2643.132,456.9,0.262,0.003,60.866,43.168,0,0.537,0.394,0.02,0.122,0.564,1.209,3.356,3.486e-4,0,0.034,1.227,1.193,-0.012,876.112,0.001,335.612,0.123,6.4,32.17
22.364,4.699,2643.132,456.9,0.262,0.003,60.78,43.168,0,0.537,0.394,0.02,0.122,0.567,1.292,3.602,-2.998e-4,0,0.034,1.227,1.193,-0.045,876.172,0.001,335.614,0.124,6.4,32.17
22.378,5.142,2643.132,456.9,0.262,0.003,60.644,43.168,0,0.537,0.394,0.02,0.122,0.572,1.428,3.978,1.455e-4,0,0.034,1.227,1.194,-0.079,876.232,0.001,335.616,0.124,6.4,32.17
22.391,5.69,2643.132,456.9,0.262,0.003,60.478,43.168,0,0.537,0.394,0.02,0.122,0.579,1.598,4.426,-1.871e-4,0,0.033,1.227,1.194,-0.103,876.292,0.001,335.618,0.125,6.4,32.17
22.405,6.3,2643.132,456.9,0.262,0.003,60.298,43.168,0,0.537,0.394,0.02,0.122,0.587,1.791,4.908,-4.888e-4,0,0.033,1.227,1.194,-0.112,876.352,0.001,335.621,0.125,6.4,32.17
22.419,6.926,2643.132,456.9,0.262,0.003,60.118,43.168,0,0.537,0.394,0.021,0.122,0.595,1.995,5.391,7.322e-6,0,0.033,1.227,1.194,-0.107,876.413,0.001,335.623,0.125,6.4,32.17
22.432,7.518,2643.132,456.9,0.262,0.003,59.953,43.168,0,0.537,0.394,0.021,0.122,0.603,2.191,5.839,-5.124e-5,0,0.033,1.227,1.194,-0.094,876.473,0.001,335.625,0.126,6.4,32.17
22.446,8.052,2643.132,456.9,0.262,0.003,59.807,43.168,0,0.537,0.394,0.021,0.122,0.611,2.371,6.24,-1.461e-5,0,0.033,1.227,1.195,-0.076,876.534,0.001,335.627,0.126,6.4,32.17
22.459,8.512,2643.132,456.9,0.262,0.003,59.685,43.168,0,0.537,0.394,0.021,0.122,0.618,2.529,6.585,-1.114e-4,0,0.032,1.227,1.195,-0.058,876.595,0.001,335.63,0.126,6.4,32.17
22.473,8.908,2643.132,456.9,0.262,0.003,59.581,43.168,0,0.537,0.394,0.021,0.122,0.623,2.667,6.881,-2.799e-4,0,0.032,1.227,1.195,-0.041,876.656,0.001,335.632,0.127,6.4,32.17
22.487,9.232,2643.132,456.9,0.262,0.003,59.498,43.168,0,0.537,0.394,0.021,0.122,0.628,2.781,7.121,3.501e-4,0,0.032,1.227,1.196,-0.025,876.718,0.001,335.634,0.127,6.4,32.17
22.501,9.471,2643.132,456.9,0.262,0.003,59.437,43.168,0,0.537,0.394,0.021,0.122,0.631,2.866,7.298,-1.234e-4,0,0.031,1.227,1.196,-0.012,876.781,0.001,335.637,0.127,6.4,32.17
22.514,9.575,2643.132,456.9,0.262,0.003,59.41,43.168,0,0.537,0.394,0.021,0.122,0.633,2.903,7.371,-2.535e-4,0,0.031,1.227,1.196,-0.003,876.844,0.001,335.639,0.128,6.4,32.17
22.528,9.563,2643.132,456.9,0.262,0.003,59.413,43.168,0,0.537,0.394,0.021,0.122,0.633,2.899,7.359,-3.724e-4,0,0.031,1.227,1.197,7.594e-7,876.907,0.001,335.641,0.128,6.4,32.17
22.542,9.435,2643.132,456.9,0.262,0.003,59.445,43.168,0,0.537,0.394,0.021,0.122,0.631,2.853,7.253,3.354e-4,0,0.03,1.227,1.197,0.003,876.97,0.001,335.644,0.128,6.4,32.17
22.556,9.216,2643.132,456.9,0.262,0.003,59.5,43.168,0,0.537,0.394,0.021,0.122,0.628,2.775,7.071,3.627e-4,0,0.03,1.227,1.197,0.012,877.034,0.001,335.646,0.129,6.4,32.17
22.57,8.921,2643.132,456.9,0.262,0.003,59.575,43.168,0,0.537,0.394,0.021,0.122,0.624,2.671,6.824,-1.864e-4,0,0.03,1.227,1.197,0.025,877.099,0.001,335.648,0.129,6.4,32.17
22.585,8.529,2643.132,456.9,0.262,0.003,59.677,43.168,0,0.537,0.394,0.021,0.122,0.618,2.535,6.499,-2.063e-4,0,0.03,1.227,1.198,0.041,877.163,0.001,335.651,0.129,6.4,32.17
22.599,8.051,2643.132,456.9,0.262,0.003,59.805,43.168,0,0.537,0.394,0.021,0.122,0.611,2.371,6.104,-4.443e-4,0,0.029,1.227,1.198,0.059,877.228,0.001,335.653,0.13,6.4,32.17
22.613,7.488,2643.132,456.9,0.262,0.003,59.958,43.168,0,0.537,0.394,0.021,0.122,0.603,2.181,5.645,-4.738e-5,0,0.029,1.227,1.198,0.076,877.294,0.001,335.656,0.13,6.4,32.17
22.627,6.865,2643.132,456.9,0.262,0.003,60.133,43.168,0,0.537,0.394,0.021,0.122,0.595,1.975,5.145,-1.872e-6,0,0.029,1.227,1.198,0.09,877.359,0.001,335.658,0.131,6.4,32.17
22.641,6.206,2643.132,456.9,0.262,0.003,60.324,43.168,0,0.537,0.394,0.021,0.122,0.586,1.761,4.626,-4.142e-4,0,0.029,1.227,1.198,0.096,877.425,0.001,335.66,0.131,6.4,32.17
22.655,5.542,2643.132,456.9,0.262,0.003,60.523,43.168,0,0.537,0.394,0.021,0.122,0.578,1.552,4.116,-3.326e-4,0,0.029,1.227,1.199,0.092,877.491,0.001,335.663,0.131,6.4,32.17
22.669,4.915,2643.132,456.9,0.262,0.003,60.717,43.168,0,0.537,0.394,0.021,0.122,0.57,1.358,3.65,4.415e-4,0,0.029,1.227,1.199,0.074,877.556,0.001,335.665,0.132,6.4,32.17
22.684,4.379,2643.132,456.9,0.262,0.003,60.889,43.168,0,0.537,0.394,0.021,0.122,0.564,1.196,3.269,3.528e-4,0,0.029,1.227,1.199,0.044,877.622,0.001,335.668,0.132,6.4,32.17
22.698,4.006,2643.132,456.9,0.262,0.003,61.012,43.168,0,0.537,0.394,0.021,0.122,0.56,1.086,3.015,-4.723e-5,0,0.029,1.228,1.199,0.012,877.688,0.001,335.67,0.132,6.4,32.17
22.712,3.869,2643.132,456.9,0.262,0.003,61.059,43.168,0,0.537,0.394,0.021,0.122,0.559,1.046,2.923,-7.643e-5,0,0.029,1.228,1.199,-4.08e-4,877.754,0.001,335.673,0.133,6.4,32.17
22.726,4.015,2643.132,456.9,0.262,0.003,61.013,43.168,0,0.537,0.394,0.021,0.122,0.56,1.089,3.057,-1.858e-4,0,0.028,1.228,1.199,-0.022,877.82,0.001,335.675,0.133,6.4,32.17
22.74,4.403,2643.132,456.9,0.262,0.003,60.888,43.168,0,0.537,0.394,0.021,0.122,0.564,1.204,3.392,2.91e-4,0,0.028,1.228,1.199,-0.059,877.886,0.001,335.677,0.134,6.4,32.17
22.753,4.932,2643.132,456.9,0.262,0.003,60.72,43.168,0,0.538,0.394,0.021,0.122,0.57,1.364,3.83,-4.647e-5,0,0.028,1.228,1.199,-0.089,877.952,0.001,335.68,0.134,6.4,32.17
22.767,5.487,2643.132,456.9,0.262,0.003,60.549,43.168,0,0.538,0.394,0.021,0.122,0.577,1.535,4.272,1.462e-5,0,0.028,1.228,1.2,-0.104,878.018,0.001,335.682,0.134,6.4,32.17
22.781,6.069,2643.132,456.9,0.262,0.003,60.374,43.168,0,0.538,0.394,0.021,0.122,0.585,1.718,4.725,3.981e-4,0,0.028,1.228,1.2,-0.106,878.084,0.001,335.685,0.135,6.4,32.17
22.795,6.645,2643.132,456.9,0.262,0.003,60.206,43.168,0,0.538,0.394,0.021,0.122,0.592,1.903,5.165,5.293e-5,0,0.028,1.228,1.2,-0.098,878.151,0.001,335.687,0.135,6.4,32.17
22.809,7.243,2643.132,456.9,0.262,0.003,60.036,43.168,0,0.538,0.394,0.021,0.122,0.601,2.1,5.616,-4.648e-4,0,0.027,1.228,1.2,-0.082,878.218,0.001,335.69,0.135,6.4,32.17
22.823,7.799,2643.132,456.9,0.262,0.003,59.883,43.168,0,0.538,0.394,0.021,0.122,0.608,2.286,6.031,1.591e-4,0,0.027,1.228,1.2,-0.062,878.285,0.001,335.692,0.136,6.4,32.17
22.837,8.25,2643.132,456.9,0.262,0.003,59.761,43.168,0,0.538,0.394,0.021,0.122,0.615,2.44,6.367,2.672e-4,0,0.027,1.228,1.201,-0.042,878.351,0.001,335.695,0.136,6.4,32.17
22.849,8.582,2643.132,456.9,0.262,0.003,59.674,43.168,0,0.538,0.394,0.021,0.122,0.62,2.554,6.612,4.208e-4,0,0.027,1.228,1.201,-0.025,878.412,0.001,335.697,0.136,6.4,32.17
22.862,8.794,2643.132,456.9,0.262,0.003,59.619,43.168,0,0.538,0.394,0.021,0.122,0.623,2.628,6.767,-4.385e-4,0,0.027,1.228,1.201,-0.013,878.471,0.001,335.699,0.137,6.4,32.17
22.873,8.917,2643.132,456.9,0.262,0.003,59.587,43.168,0,0.538,0.394,0.021,0.122,0.624,2.671,6.857,4.445e-4,0,0.026,1.228,1.201,-0.005,878.527,0.001,335.701,0.137,6.4,32.17
22.885,8.958,2643.132,456.9,0.262,0.003,59.577,43.168,0,0.538,0.394,0.021,0.122,0.625,2.685,6.886,-1.054e-4,0,0.026,1.228,1.201,-4.852e-4,878.583,0.001,335.703,0.137,6.4,32.17
22.896,8.921,2643.132,456.9,0.262,0.003,59.587,43.168,0,0.538,0.394,0.021,0.122,0.625,2.672,6.855,-3.15e-4,0,0.026,1.228,1.202,5.265e-4,878.638,0.001,335.705,0.137,6.4,32.17
22.907,8.807,2643.132,456.9,0.262,0.003,59.616,43.168,0,0.538,0.394,0.021,0.122,0.623,2.633,6.761,9.097e-5,0,0.026,1.228,1.202,0.005,878.693,0.001,335.707,0.138,6.4,32.17
22.918,8.615,2643.132,456.9,0.262,0.003,59.667,43.168,0,0.538,0.394,0.021,0.122,0.62,2.565,6.601,4.182e-4,0,0.026,1.228,1.202,0.013,878.748,0.001,335.709,0.138,6.4,32.17
22.93,8.34,2643.132,456.9,0.262,0.003,59.739,43.168,0,0.538,0.394,0.021,0.122,0.616,2.471,6.373,5.638e-5,0,0.026,1.228,1.202,0.024,878.804,0.001,335.711,0.138,6.4,32.17
22.942,7.98,2643.132,456.9,0.262,0.003,59.836,43.168,0,0.538,0.394,0.021,0.122,0.611,2.347,6.075,-1.401e-4,0,0.025,1.228,1.202,0.038,878.863,0.001,335.714,0.139,6.4,32.17
22.954,7.539,2643.132,456.9,0.262,0.003,59.957,43.168,0,0.538,0.394,0.021,0.123,0.605,2.198,5.713,-9.443e-5,0,0.025,1.228,1.202,0.054,878.924,0.001,335.716,0.139,6.4,32.17
22.967,7.041,2643.132,456.9,0.262,0.003,60.096,43.168,0,0.538,0.394,0.021,0.123,0.598,2.033,5.309,-7.193e-5,0,0.025,1.228,1.203,0.068,878.988,0.001,335.718,0.139,6.4,32.17
22.981,6.463,2643.132,456.9,0.262,0.003,60.262,43.168,0,0.538,0.394,0.021,0.123,0.59,1.845,4.848,-1.52e-5,0,0.025,1.228,1.203,0.08,879.058,0.001,335.721,0.14,6.4,32.17
22.996,5.844,2643.132,456.9,0.262,0.003,60.444,43.168,0,0.538,0.394,0.021,0.123,0.582,1.647,4.36,1.499e-4,0,0.025,1.228,1.203,0.085,879.129,0.001,335.723,0.14,6.4,32.17
23.01,5.231,2643.132,456.9,0.262,0.003,60.63,43.168,0,0.538,0.394,0.021,0.123,0.575,1.456,3.89,2.886e-4,0,0.025,1.228,1.203,0.081,879.201,0.001,335.726,0.14,6.4,32.17
23.025,4.663,2643.132,456.9,0.262,0.003,60.807,43.168,0,0.538,0.394,0.022,0.123,0.568,1.282,3.468,2.135e-4,0,0.025,1.228,1.203,0.066,879.273,0.001,335.729,0.141,6.4,32.17
23.039,4.188,2643.132,456.9,0.262,0.003,60.959,43.168,0,0.538,0.394,0.022,0.123,0.563,1.14,3.128,-2.285e-4,0,0.024,1.228,1.203,0.04,879.346,0.001,335.731,0.141,6.4,32.17
23.054,3.85,2643.132,456.9,0.262,0.003,61.068,43.168,0,0.538,0.394,0.022,0.123,0.559,1.04,2.897,-3.355e-4,0,0.024,1.228,1.204,0.013,879.418,0.001,335.734,0.141,6.4,32.17
23.068,3.699,2643.132,456.9,0.262,0.003,61.115,43.168,0,0.538,0.394,0.022,0.123,0.558,0.996,2.793,5.345e-5,0,0.024,1.228,1.204,-1.172e-6,879.49,0.001,335.737,0.142,6.4,32.17
23.082,3.803,2643.132,456.9,0.262,0.003,61.078,43.168,0,0.538,0.394,0.022,0.123,0.559,1.026,2.885,2.462e-4,0,0.024,1.228,1.204,-0.013,879.563,0.001,335.74,0.142,6.4,32.17
23.097,4.129,2643.132,456.9,0.262,0.003,60.969,43.168,0,0.538,0.394,0.022,0.123,0.562,1.122,3.163,2.089e-5,0,0.024,1.228,1.204,-0.042,879.635,0.001,335.742,0.143,6.4,32.17
23.111,4.626,2643.132,456.9,0.262,0.003,60.808,43.168,0,0.538,0.394,0.022,0.123,0.568,1.271,3.572,3.851e-4,0,0.024,1.228,1.204,-0.069,879.707,0.001,335.745,0.143,6.4,32.17
23.125,5.224,2643.132,456.9,0.262,0.003,60.62,43.168,0,0.538,0.394,0.022,0.123,0.575,1.453,4.047,-1.786e-4,0,0.024,1.228,1.204,-0.083,879.78,0.001,335.748,0.143,6.4,32.17
23.139,5.853,2643.132,456.9,0.262,0.003,60.429,43.168,0,0.538,0.394,0.022,0.123,0.583,1.65,4.533,3.208e-4,0,0.024,1.228,1.204,-0.083,879.852,0.001,335.75,0.144,6.4,32.17
23.154,6.456,2643.132,456.9,0.262,0.003,60.252,43.168,0,0.538,0.394,0.022,0.123,0.591,1.842,4.991,-2.465e-4,0,0.024,1.228,1.204,-0.074,879.924,0.001,335.753,0.144,6.4,32.17
23.168,6.98,2643.132,456.9,0.262,0.003,60.102,43.168,0,0.538,0.394,0.022,0.123,0.598,2.013,5.384,3.8e-4,0,0.024,1.228,1.204,-0.058,879.997,0.001,335.756,0.144,6.4,32.17
23.182,7.413,2643.132,456.9,0.262,0.003,59.981,43.168,0,0.539,0.394,0.022,0.123,0.604,2.156,5.706,-4.495e-4,0,0.023,1.228,1.205,-0.042,880.068,0.001,335.758,0.145,6.4,32.17
23.195,7.74,2643.132,456.9,0.262,0.003,59.891,43.168,0,0.539,0.394,0.022,0.123,0.609,2.266,5.948,-1.041e-4,0,0.023,1.228,1.205,-0.027,880.135,0.001,335.761,0.145,6.4,32.17
23.207,7.969,2643.132,456.9,0.262,0.003,59.829,43.168,0,0.539,0.394,0.022,0.123,0.612,2.344,6.116,-4.407e-4,0,0.023,1.228,1.205,-0.015,880.199,0.001,335.763,0.145,6.4,32.17
23.219,8.107,2643.132,456.9,0.262,0.003,59.793,43.168,0,0.539,0.394,0.022,0.123,0.614,2.39,6.215,2.708e-4,0,0.023,1.228,1.205,-0.006,880.263,0.001,335.765,0.146,6.4,32.17
23.232,8.158,2643.132,456.9,0.262,0.003,59.779,43.168,0,0.539,0.394,0.022,0.123,0.615,2.408,6.252,3.135e-4,0,0.023,1.228,1.205,-0.001,880.326,0.001,335.768,0.146,6.4,32.17
23.244,8.124,2643.132,456.9,0.262,0.003,59.789,43.168,0,0.539,0.394,0.022,0.123,0.614,2.396,6.224,-3.152e-4,0,0.023,1.228,1.206,1.367e-4,880.39,0.001,335.77,0.146,6.4,32.17
23.256,8.009,2643.132,456.9,0.262,0.003,59.82,43.168,0,0.539,0.394,0.022,0.123,0.613,2.357,6.13,1.029e-6,0,0.022,1.228,1.206,0.003,880.455,0.001,335.773,0.147,6.4,32.17
23.269,7.805,2643.132,456.9,0.262,0.003,59.876,43.168,0,0.539,0.394,0.022,0.123,0.61,2.288,5.964,-5.22e-5,0,0.022,1.228,1.206,0.01,880.522,0.001,335.775,0.147,6.4,32.17
23.283,7.495,2643.132,456.9,0.262,0.003,59.962,43.168,0,0.539,0.394,0.022,0.123,0.605,2.184,5.709,3.263e-4,0,0.022,1.228,1.206,0.022,880.592,0.001,335.778,0.147,6.4,32.17
23.297,7.065,2643.132,456.9,0.262,0.003,60.082,43.168,0,0.539,0.394,0.022,0.123,0.599,2.041,5.359,-3.5e-6,0,0.022,1.228,1.206,0.036,880.667,0.001,335.78,0.148,6.4,32.17
23.312,6.531,2643.132,456.9,0.262,0.003,60.235,43.168,0,0.539,0.394,0.022,0.123,0.592,1.867,4.929,2.673e-4,0,0.022,1.228,1.206,0.049,880.743,0.001,335.783,0.148,6.4,32.17
23.326,5.945,2643.132,456.9,0.262,0.003,60.407,43.168,0,0.539,0.394,0.022,0.123,0.584,1.679,4.465,-4.639e-4,0,0.022,1.228,1.207,0.057,880.82,0.001,335.786,0.148,6.4,32.17
23.341,5.342,2643.132,456.9,0.262,0.003,60.589,43.168,0,0.539,0.394,0.022,0.123,0.577,1.49,3.996,2.264e-4,0,0.022,1.228,1.207,0.059,880.898,0.001,335.789,0.149,6.4,32.17
23.356,4.762,2643.132,456.9,0.262,0.003,60.768,43.168,0,0.539,0.394,0.022,0.123,0.57,1.312,3.556,3.261e-4,0,0.022,1.228,1.207,0.052,880.975,0.001,335.792,0.149,6.4,32.17
23.37,4.252,2643.132,456.9,0.262,0.003,60.929,43.168,0,0.539,0.394,0.022,0.123,0.564,1.159,3.181,7.633e-5,0,0.022,1.228,1.207,0.035,881.053,0.001,335.795,0.149,6.4,32.17
23.385,3.88,2643.132,456.9,0.262,0.003,61.049,43.168,0,0.539,0.394,0.022,0.123,0.56,1.049,2.917,-3.888e-4,0,0.021,1.228,1.207,0.014,881.13,0.001,335.798,0.15,6.4,32.17
23.399,3.709,2643.132,456.9,0.262,0.003,61.104,43.168,0,0.539,0.394,0.022,0.123,0.559,0.999,2.799,-3.992e-4,0,0.021,1.228,1.207,5.998e-4,881.208,0.001,335.8,0.15,6.4,32.17
23.414,3.742,2643.132,456.9,0.262,0.003,61.093,43.168,0,0.539,0.394,0.022,0.123,0.559,1.009,2.83,1.961e-4,0,0.021,1.228,1.207,-0.006,881.285,0.001,335.803,0.15,6.4,32.17
23.428,3.991,2643.132,456.9,0.262,0.003,61.013,43.168,0,0.539,0.394,0.022,0.123,0.562,1.082,3.04,-1.711e-4,0,0.021,1.228,1.207,-0.025,881.363,0.001,335.806,0.151,6.4,32.17
23.443,4.398,2643.132,456.9,0.262,0.003,60.882,43.168,0,0.539,0.394,0.022,0.123,0.566,1.202,3.372,-3.348e-4,0,0.021,1.228,1.207,-0.044,881.44,0.001,335.809,0.151,6.4,32.17
23.457,4.891,2643.132,456.9,0.262,0.003,60.727,43.168,0,0.539,0.394,0.022,0.123,0.572,1.351,3.763,-2.352e-4,0,0.021,1.228,1.207,-0.055,881.518,0.001,335.812,0.152,6.4,32.17
23.472,5.419,2643.132,456.9,0.262,0.003,60.565,43.168,0,0.539,0.394,0.022,0.123,0.578,1.514,4.173,2.468e-4,0,0.021,1.229,1.207,-0.057,881.595,0.001,335.815,0.152,6.4,32.17
23.486,5.937,2643.132,456.9,0.262,0.003,60.41,43.168,0,0.539,0.394,0.022,0.123,0.585,1.677,4.568,1.178e-5,0,0.021,1.229,1.208,-0.051,881.673,0.001,335.818,0.152,6.4,32.17
23.5,6.411,2643.132,456.9,0.262,0.003,60.27,43.168,0,0.539,0.394,0.022,0.123,0.591,1.828,4.925,-1.78e-4,0,0.021,1.229,1.208,-0.04,881.751,0.001,335.821,0.153,6.4,32.17
23.515,6.833,2643.132,456.9,0.262,0.003,60.149,43.168,0,0.539,0.394,0.022,0.123,0.597,1.965,5.242,-2.097e-4,0,0.021,1.229,1.208,-0.028,881.83,0.001,335.823,0.153,6.4,32.17
23.528,7.152,2643.132,456.9,0.262,0.003,60.059,43.168,0,0.539,0.394,0.022,0.123,0.601,2.07,5.479,-4.225e-4,0,0.021,1.229,1.208,-0.017,881.903,0.001,335.826,0.153,6.4,32.17
23.541,7.371,2643.132,456.9,0.262,0.003,59.997,43.168,0,0.539,0.394,0.022,0.123,0.604,2.143,5.642,-1.488e-4,0,0.02,1.229,1.208,-0.008,881.972,0.001,335.829,0.154,6.4,32.17
23.553,7.493,2643.132,456.9,0.262,0.003,59.963,43.168,0,0.539,0.394,0.022,0.123,0.606,2.183,5.733,-1.962e-4,0,0.02,1.229,1.208,-0.002,882.039,0.001,335.831,0.154,6.4,32.17
23.565,7.516,2643.132,456.9,0.262,0.003,59.957,43.168,0,0.54,0.394,0.023,0.123,0.606,2.191,5.748,-2.165e-4,0,0.02,1.229,1.209,-7.035e-5,882.103,0.001,335.834,0.154,6.4,32.17
23.576,7.459,2643.132,456.9,0.262,0.003,59.972,43.168,0,0.54,0.394,0.023,0.123,0.606,2.172,5.702,3.371e-4,0,0.02,1.229,1.209,9.977e-4,882.166,0.001,335.836,0.155,6.4,32.17
23.588,7.328,2643.132,456.9,0.262,0.003,60.008,43.168,0,0.54,0.394,0.023,0.123,0.604,2.128,5.595,2.16e-4,0,0.02,1.229,1.209,0.005,882.229,0.001,335.838,0.155,6.4,32.17
23.599,7.123,2643.132,456.9,0.262,0.003,60.066,43.168,0,0.54,0.394,0.023,0.123,0.601,2.06,5.429,1.464e-4,0,0.02,1.229,1.209,0.012,882.292,0.001,335.841,0.155,6.4,32.17
23.611,6.829,2643.132,456.9,0.262,0.003,60.149,43.168,0,0.54,0.394,0.023,0.123,0.597,1.964,5.191,4.141e-4,0,0.02,1.229,1.209,0.02,882.357,0.001,335.843,0.155,6.4,32.17
23.623,6.459,2643.132,456.9,0.262,0.003,60.255,43.168,0,0.54,0.394,0.023,0.123,0.592,1.844,4.893,-4.351e-4,0,0.02,1.229,1.209,0.03,882.424,0.001,335.845,0.156,6.4,32.17
23.636,6.012,2643.132,456.9,0.262,0.003,60.386,43.168,0,0.54,0.394,0.023,0.123,0.586,1.7,4.535,-2.29e-4,0,0.019,1.229,1.209,0.039,882.494,0.001,335.848,0.156,6.4,32.17
23.649,5.486,2643.132,456.9,0.262,0.003,60.545,43.168,0,0.54,0.394,0.023,0.123,0.579,1.535,4.121,-3.346e-4,0,0.019,1.229,1.209,0.047,882.57,0.001,335.851,0.156,6.4,32.17
23.664,4.9,2643.132,456.9,0.262,0.003,60.725,43.168,0,0.54,0.394,0.023,0.123,0.572,1.354,3.666,-3.07e-4,0,0.019,1.229,1.209,0.049,882.652,0.001,335.854,0.157,6.4,32.17
23.679,4.327,2643.132,456.9,0.262,0.003,60.908,43.168,0,0.54,0.394,0.023,0.123,0.566,1.181,3.233,2.814e-4,0,0.019,1.229,1.21,0.042,882.734,0.001,335.857,0.157,6.4,32.17
23.694,3.829,2643.132,456.9,0.262,0.003,61.071,43.168,0,0.54,0.394,0.023,0.123,0.561,1.034,2.867,3.802e-4,0,0.019,1.229,1.21,0.026,882.816,0.001,335.86,0.157,6.4,32.17
23.708,3.497,2643.132,456.9,0.262,0.003,61.184,43.168,0,0.54,0.394,0.023,0.123,0.558,0.938,2.634,1.716e-4,0,0.019,1.229,1.21,0.006,882.899,0.001,335.863,0.158,6.4,32.17
23.723,3.415,2643.132,456.9,0.262,0.003,61.215,43.168,0,0.54,0.394,0.023,0.123,0.557,0.914,2.578,8.142e-7,0,0.019,1.229,1.21,-5.713e-4,882.981,0.001,335.866,0.158,6.4,32.17
23.737,3.59,2643.132,456.9,0.262,0.003,61.16,43.168,0,0.54,0.394,0.023,0.123,0.559,0.965,2.727,-1.706e-4,0,0.019,1.229,1.21,-0.014,883.063,0.001,335.869,0.159,6.4,32.17
23.752,3.968,2643.132,456.9,0.262,0.003,61.037,43.168,0,0.54,0.394,0.023,0.123,0.562,1.075,3.036,-2.395e-4,0,0.019,1.229,1.21,-0.033,883.145,0.001,335.872,0.159,6.4,32.17
23.767,4.472,2643.132,456.9,0.262,0.003,60.875,43.168,0,0.54,0.394,0.023,0.123,0.568,1.225,3.434,4.372e-4,0,0.019,1.229,1.21,-0.045,883.227,0.001,335.875,0.159,6.4,32.17
23.781,5.006,2643.132,456.9,0.262,0.003,60.707,43.168,0,0.54,0.394,0.023,0.123,0.574,1.387,3.848,3.661e-4,0,0.019,1.229,1.21,-0.047,883.31,0.001,335.878,0.16,6.4,32.17
23.796,5.514,2643.132,456.9,0.262,0.003,60.551,43.168,0,0.54,0.394,0.023,0.123,0.58,1.544,4.234,4.646e-4,0,0.019,1.229,1.21,-0.041,883.393,0.001,335.881,0.16,6.4,32.17
23.809,5.92,2643.132,456.9,0.262,0.003,60.429,43.168,0,0.54,0.394,0.023,0.123,0.586,1.672,4.541,3.844e-4,0,0.019,1.229,1.21,-0.032,883.469,0.001,335.884,0.16,6.4,32.17
23.822,6.236,2643.132,456.9,0.262,0.003,60.336,43.168,0,0.54,0.394,0.023,0.123,0.59,1.772,4.777,4.116e-4,0,0.018,1.229,1.211,-0.023,883.541,0.001,335.887,0.161,6.4,32.17
23.833,6.471,2643.132,456.9,0.262,0.003,60.267,43.168,0,0.54,0.394,0.023,0.123,0.593,1.848,4.952,-5.975e-6,0,0.018,1.229,1.211,-0.015,883.608,0.001,335.889,0.161,6.4,32.17
23.845,6.633,2643.132,456.9,0.262,0.003,60.221,43.168,0,0.54,0.394,0.023,0.123,0.595,1.9,5.072,1.963e-4,0,0.018,1.229,1.211,-0.008,883.673,0.001,335.892,0.161,6.4,32.17
23.856,6.728,2643.132,456.9,0.262,0.003,60.193,43.168,0,0.54,0.394,0.023,0.123,0.596,1.931,5.14,-3.662e-4,0,0.018,1.229,1.211,-0.003,883.737,0.001,335.894,0.162,6.4,32.17
23.867,6.759,2643.132,456.9,0.262,0.003,60.184,43.168,0,0.54,0.394,0.023,0.123,0.597,1.942,5.163,-3.132e-4,0,0.018,1.229,1.211,-5.351e-4,883.8,0.001,335.896,0.162,6.4,32.17
23.878,6.728,2643.132,456.9,0.262,0.003,60.193,43.168,0,0.54,0.394,0.023,0.123,0.597,1.931,5.138,4.413e-5,0,0.018,1.229,1.211,9.246e-5,883.863,0.001,335.899,0.162,6.4,32.17
23.889,6.635,2643.132,456.9,0.262,0.003,60.22,43.168,0,0.54,0.394,0.023,0.123,0.595,1.901,5.063,-1.216e-4,0,0.018,1.229,1.211,0.002,883.927,0.001,335.901,0.162,6.4,32.17
23.9,6.478,2643.132,456.9,0.262,0.003,60.265,43.168,0,0.54,0.394,0.023,0.123,0.593,1.85,4.937,2.034e-4,0,0.018,1.229,1.211,0.005,883.991,0.001,335.904,0.163,6.4,32.17
23.912,6.263,2643.132,456.9,0.262,0.003,60.328,43.168,0,0.541,0.394,0.023,0.123,0.59,1.781,4.765,2.139e-4,0,0.018,1.229,1.212,0.01,884.058,0.001,335.906,0.163,6.4,32.17
23.923,5.985,2643.132,456.9,0.262,0.003,60.41,43.168,0,0.541,0.394,0.023,0.123,0.587,1.692,4.543,-3.409e-4,0,0.018,1.229,1.212,0.016,884.127,0.001,335.909,0.163,6.4,32.17
23.936,5.642,2643.132,456.9,0.262,0.003,60.513,43.168,0,0.541,0.394,0.023,0.123,0.582,1.584,4.271,-4.497e-4,0,0.017,1.229,1.212,0.023,884.2,0.001,335.911,0.163,6.4,32.17
23.949,5.238,2643.132,456.9,0.262,0.003,60.636,43.168,0,0.541,0.394,0.023,0.123,0.577,1.458,3.954,-2.466e-4,0,0.017,1.229,1.212,0.027,884.277,0.001,335.914,0.164,6.4,32.17
23.963,4.75,2643.132,456.9,0.262,0.003,60.789,43.168,0,0.541,0.394,0.023,0.124,0.572,1.309,3.576,2.682e-4,0,0.017,1.229,1.212,0.028,884.36,0.001,335.917,0.164,6.4,32.17
23.978,4.262,2643.132,456.9,0.262,0.003,60.945,43.168,0,0.541,0.394,0.023,0.124,0.566,1.162,3.207,2.43e-4,0,0.017,1.229,1.212,0.022,884.447,0.001,335.92,0.165,6.4,32.17
23.993,3.871,2643.132,456.9,0.262,0.003,61.073,43.168,0,0.541,0.394,0.023,0.124,0.562,1.047,2.918,2.742e-5,0,0.017,1.229,1.212,0.011,884.535,0.001,335.924,0.165,6.4,32.17
24.008,3.645,2643.132,456.9,0.262,0.003,61.147,43.168,0,0.541,0.394,0.023,0.124,0.56,0.981,2.754,-1.864e-4,0,0.017,1.229,1.212,0.002,884.622,0.001,335.927,0.165,6.4,32.17
24.023,3.604,2643.132,456.9,0.262,0.003,61.16,43.168,0,0.541,0.394,0.024,0.124,0.56,0.969,2.726,-3.344e-4,0,0.017,1.229,1.212,-7.892e-4,884.71,0.001,335.93,0.166,6.4,32.17
24.038,3.743,2643.132,456.9,0.262,0.003,61.113,43.168,0,0.541,0.394,0.024,0.124,0.561,1.009,2.839,-1.071e-5,0,0.017,1.229,1.212,-0.008,884.797,0.001,335.933,0.166,6.4,32.17
24.053,4.038,2643.132,456.9,0.262,0.003,61.015,43.168,0,0.541,0.394,0.024,0.124,0.564,1.096,3.076,-2.576e-4,0,0.017,1.229,1.212,-0.019,884.885,0.001,335.937,0.166,6.4,32.17
24.067,4.504,2643.132,456.9,0.262,0.003,60.863,43.168,0,0.541,0.394,0.024,0.124,0.569,1.235,3.441,-6.399e-5,0,0.017,1.229,1.212,-0.026,884.973,0.001,335.94,0.167,6.4,32.17
24.082,4.998,2643.132,456.9,0.262,0.003,60.707,43.168,0,0.541,0.394,0.024,0.124,0.575,1.385,3.82,2.28e-4,0,0.017,1.229,1.213,-0.026,885.061,0.001,335.943,0.167,6.4,32.17
24.097,5.455,2643.132,456.9,0.262,0.003,60.567,43.168,0,0.541,0.394,0.024,0.124,0.58,1.526,4.168,-3.404e-4,0,0.017,1.229,1.213,-0.02,885.149,0.001,335.946,0.167,6.4,32.17
24.112,5.785,2643.132,456.9,0.262,0.003,60.467,43.168,0,0.541,0.394,0.024,0.124,0.585,1.629,4.416,-1.644e-4,0,0.017,1.229,1.213,-0.013,885.238,0.001,335.95,0.168,6.4,32.17
24.127,6.007,2643.132,456.9,0.262,0.003,60.401,43.168,0,0.541,0.394,0.024,0.124,0.588,1.699,4.582,9.874e-5,0,0.016,1.229,1.213,-0.006,885.327,0.001,335.953,0.168,6.4,32.17
24.141,6.117,2643.132,456.9,0.262,0.003,60.369,43.168,0,0.541,0.394,0.024,0.124,0.589,1.734,4.664,4.994e-4,0,0.016,1.229,1.213,-0.002,885.411,0.001,335.956,0.169,6.4,32.17
24.155,6.127,2643.132,456.9,0.262,0.003,60.367,43.168,0,0.541,0.394,0.024,0.124,0.589,1.738,4.669,-3.882e-4,0,0.016,1.229,1.213,-3.647e-5,885.493,0.001,335.959,0.169,6.4,32.17
24.168,6.045,2643.132,456.9,0.262,0.003,60.391,43.168,0,0.541,0.394,0.024,0.124,0.588,1.711,4.605,4.961e-4,0,0.016,1.23,1.213,8.65e-4,885.573,0.001,335.962,0.169,6.4,32.17
24.181,5.874,2643.132,456.9,0.262,0.003,60.443,43.168,0,0.541,0.394,0.024,0.124,0.586,1.657,4.469,3.59e-4,0,0.016,1.23,1.214,0.004,885.653,0.001,335.965,0.169,6.4,32.17
24.194,5.618,2643.132,456.9,0.262,0.003,60.52,43.168,0,0.541,0.394,0.024,0.124,0.583,1.577,4.266,-2.883e-4,0,0.016,1.23,1.214,0.008,885.734,0.001,335.968,0.17,6.4,32.17
24.208,5.291,2643.132,456.9,0.262,0.003,60.619,43.168,0,0.541,0.394,0.024,0.124,0.579,1.475,4.01,7.827e-5,0,0.016,1.23,1.214,0.013,885.818,0.001,335.971,0.17,6.4,32.17
24.223,4.908,2643.132,456.9,0.262,0.003,60.738,43.168,0,0.541,0.394,0.024,0.124,0.574,1.357,3.71,-4.475e-4,0,0.016,1.23,1.214,0.016,885.908,0.001,335.975,0.171,6.4,32.17
24.238,4.507,2643.132,456.9,0.262,0.003,60.864,43.168,0,0.541,0.394,0.024,0.124,0.57,1.236,3.402,-2.436e-4,0,0.016,1.23,1.214,0.015,886.001,0.001,335.978,0.171,6.4,32.17
24.254,4.135,2643.132,456.9,0.262,0.003,60.982,43.168,0,0.542,0.394,0.024,0.124,0.566,1.125,3.12,3.6e-7,0,0.016,1.23,1.214,0.011,886.093,0.001,335.981,0.171,6.4,32.17
24.269,3.822,2643.132,456.9,0.262,0.003,61.083,43.168,0,0.542,0.394,0.024,0.124,0.563,1.033,2.887,-3.057e-4,0,0.016,1.23,1.214,0.004,886.186,0.001,335.985,0.172,6.4,32.17
24.284,3.656,2643.132,456.9,0.262,0.003,61.136,43.168,0,0.542,0.394,0.024,0.124,0.561,0.984,2.763,3.134e-4,0,0.016,1.23,1.214,1.007e-4,886.278,0.001,335.988,0.172,6.4,32.17
24.299,3.673,2643.132,456.9,0.262,0.003,61.128,43.168,0,0.542,0.394,0.024,0.124,0.561,0.989,2.778,4.667e-4,0,0.016,1.23,1.214,-0.003,886.371,0.001,335.992,0.172,6.4,32.17
24.314,3.866,2643.132,456.9,0.262,0.003,61.063,43.168,0,0.542,0.394,0.024,0.124,0.563,1.046,2.934,-1.298e-4,0,0.015,1.23,1.214,-0.01,886.464,0.001,335.995,0.173,6.4,32.17
24.329,4.185,2643.132,456.9,0.262,0.003,60.959,43.168,0,0.542,0.394,0.024,0.124,0.566,1.14,3.185,2.765e-4,0,0.015,1.23,1.214,-0.017,886.556,0.001,335.999,0.173,6.4,32.17
24.344,4.566,2643.132,456.9,0.262,0.003,60.837,43.168,0,0.542,0.394,0.024,0.124,0.571,1.253,3.48,-3.41e-4,0,0.015,1.23,1.214,-0.02,886.649,0.001,336.002,0.173,6.4,32.17
24.358,4.921,2643.132,456.9,0.262,0.003,60.725,43.168,0,0.542,0.394,0.024,0.124,0.575,1.361,3.752,2.043e-4,0,0.015,1.23,1.215,-0.019,886.734,0.001,336.005,0.174,6.4,32.17
24.371,5.226,2643.132,456.9,0.262,0.003,60.63,43.168,0,0.542,0.394,0.024,0.124,0.579,1.455,3.984,-8.842e-5,0,0.015,1.23,1.215,-0.015,886.813,0.001,336.008,0.174,6.4,32.17
24.382,5.471,2643.132,456.9,0.262,0.003,60.556,43.168,0,0.542,0.394,0.024,0.124,0.582,1.531,4.169,-1.49e-4,0,0.015,1.23,1.215,-0.01,886.886,0.001,336.011,0.174,6.4,32.17
24.394,5.653,2643.132,456.9,0.262,0.003,60.501,43.168,0,0.542,0.394,0.024,0.124,0.584,1.588,4.305,3.812e-4,0,0.015,1.23,1.215,-0.006,886.957,0.001,336.013,0.175,6.4,32.17
24.405,5.765,2643.132,456.9,0.262,0.003,60.467,43.168,0,0.542,0.394,0.024,0.124,0.585,1.623,4.389,-1.235e-4,0,0.015,1.23,1.215,-0.002,887.024,0.001,336.016,0.175,6.4,32.17
24.415,5.804,2643.132,456.9,0.262,0.003,60.456,43.168,0,0.542,0.394,0.024,0.124,0.586,1.635,4.418,-2.343e-4,0,0.015,1.23,1.215,-4.942e-4,887.091,0.001,336.018,0.175,6.4,32.17
24.426,5.785,2643.132,456.9,0.262,0.003,60.461,43.168,0,0.542,0.394,0.024,0.124,0.586,1.629,4.402,-6.82e-5,0,0.015,1.23,1.215,2.625e-5,887.157,0.001,336.021,0.175,6.4,32.17
24.436,5.708,2643.132,456.9,0.262,0.003,60.485,43.168,0,0.542,0.394,0.024,0.124,0.585,1.605,4.342,-2.254e-4,0,0.015,1.23,1.215,0.001,887.223,0.001,336.023,0.176,6.4,32.17
24.447,5.575,2643.132,456.9,0.262,0.003,60.525,43.168,0,0.542,0.394,0.024,0.124,0.583,1.563,4.237,4.862e-4,0,0.015,1.23,1.215,0.003,887.291,0.001,336.026,0.176,6.4,32.17
24.458,5.392,2643.132,456.9,0.262,0.003,60.581,43.168,0,0.542,0.394,0.024,0.124,0.581,1.506,4.092,3.409e-4,0,0.015,1.23,1.215,0.007,887.36,0.001,336.028,0.176,6.4,32.17
24.47,5.153,2643.132,456.9,0.262,0.003,60.654,43.168,0,0.542,0.394,0.025,0.124,0.578,1.432,3.904,4.901e-5,0,0.015,1.23,1.215,0.01,887.431,0.001,336.031,0.176,6.4,32.17
24.481,4.859,2643.132,456.9,0.262,0.003,60.746,43.168,0,0.542,0.394,0.025,0.124,0.574,1.342,3.673,4.775e-4,0,0.014,1.23,1.216,0.014,887.505,0.001,336.034,0.177,6.4,32.17
24.494,4.516,2643.132,456.9,0.262,0.003,60.854,43.168,0,0.542,0.394,0.025,0.124,0.571,1.238,3.406,2.854e-4,0,0.014,1.23,1.216,0.016,887.585,0.001,336.037,0.177,6.4,32.17
24.507,4.138,2643.132,456.9,0.262,0.003,60.975,43.168,0,0.542,0.394,0.025,0.124,0.567,1.126,3.118,2.78e-4,0,0.014,1.23,1.216,0.015,887.67,0.001,336.04,0.177,6.4,32.17
24.522,3.772,2643.132,456.9,0.262,0.003,61.095,43.168,0,0.542,0.394,0.025,0.124,0.563,1.018,2.842,-4.726e-4,0,0.014,1.23,1.216,0.01,887.762,0.001,336.043,0.178,6.4,32.17
24.537,3.503,2643.132,456.9,0.262,0.003,61.185,43.168,0,0.542,0.394,0.025,0.124,0.56,0.94,2.644,-4.375e-4,0,0.014,1.23,1.216,0.003,887.859,0.001,336.047,0.178,6.4,32.17
24.553,3.402,2643.132,456.9,0.262,0.003,61.221,43.168,0,0.542,0.394,0.025,0.124,0.559,0.911,2.569,1.786e-4,0,0.014,1.23,1.216,-1.113e-4,887.956,0.001,336.05,0.178,6.4,32.17
24.568,3.456,2643.132,456.9,0.262,0.003,61.205,43.168,0,0.542,0.394,0.025,0.124,0.56,0.926,2.616,-3.332e-4,0,0.014,1.23,1.216,-0.005,888.054,0.001,336.054,0.179,6.4,32.17
24.583,3.681,2643.132,456.9,0.262,0.003,61.132,43.168,0,0.543,0.394,0.025,0.124,0.562,0.992,2.797,-4.856e-4,0,0.014,1.23,1.216,-0.014,888.151,0.001,336.058,0.179,6.4,32.17
24.598,4.027,2643.132,456.9,0.262,0.003,61.021,43.168,0,0.543,0.394,0.025,0.124,0.566,1.093,3.07,-1.224e-4,0,0.014,1.23,1.216,-0.021,888.249,0.001,336.061,0.18,6.4,32.17
24.614,4.447,2643.132,456.9,0.262,0.003,60.886,43.168,0,0.543,0.394,0.025,0.124,0.57,1.218,3.394,3.759e-4,0,0.014,1.23,1.216,-0.021,888.346,0.001,336.065,0.18,6.4,32.17
24.629,4.845,2643.132,456.9,0.262,0.003,60.761,43.168,0,0.543,0.394,0.025,0.124,0.575,1.338,3.696,1.107e-5,0,0.014,1.23,1.216,-0.017,888.444,0.001,336.068,0.18,6.4,32.17
24.644,5.173,2643.132,456.9,0.262,0.003,60.659,43.168,0,0.543,0.394,0.025,0.124,0.579,1.439,3.943,2.588e-4,0,0.014,1.23,1.216,-0.011,888.543,0.001,336.072,0.181,6.4,32.17
24.659,5.395,2643.132,456.9,0.262,0.003,60.59,43.168,0,0.543,0.394,0.025,0.124,0.582,1.508,4.109,-3.633e-4,0,0.014,1.23,1.216,-0.005,888.638,0.001,336.076,0.181,6.4,32.17
24.673,5.511,2643.132,456.9,0.262,0.003,60.555,43.168,0,0.543,0.394,0.025,0.124,0.583,1.544,4.196,2.967e-4,0,0.014,1.23,1.217,-0.001,888.73,0.001,336.079,0.181,6.4,32.17
24.687,5.522,2643.132,456.9,0.262,0.003,60.552,43.168,0,0.543,0.394,0.025,0.124,0.583,1.547,4.202,4.45e-4,0,0.014,1.23,1.217,5.77e-8,888.821,0.001,336.082,0.182,6.4,32.17
24.702,5.425,2643.132,456.9,0.262,0.003,60.581,43.168,0,0.543,0.394,0.025,0.124,0.582,1.517,4.125,-3.612e-4,0,0.013,1.23,1.217,0.001,888.915,0.001,336.086,0.182,6.4,32.17
24.716,5.223,2643.132,456.9,0.262,0.003,60.643,43.168,0,0.543,0.394,0.025,0.124,0.58,1.454,3.965,2.606e-4,0,0.013,1.23,1.217,0.005,889.01,0.001,336.089,0.182,6.4,32.17
24.731,4.921,2643.132,456.9,0.262,0.003,60.736,43.168,0,0.543,0.394,0.025,0.124,0.576,1.362,3.727,-2.775e-4,0,0.013,1.23,1.217,0.01,889.107,0.001,336.093,0.183,6.4,32.17
24.747,4.528,2643.132,456.9,0.262,0.003,60.861,43.168,0,0.543,0.394,0.025,0.124,0.572,1.242,3.42,1.988e-4,0,0.013,1.23,1.217,0.014,889.208,0.001,336.097,0.183,6.4,32.17
24.762,4.07,2643.132,456.9,0.262,0.003,61.009,43.168,0,0.543,0.394,0.025,0.124,0.567,1.106,3.068,-5.982e-5,0,0.013,1.23,1.217,0.015,889.31,0.001,336.101,0.184,6.4,32.17
24.778,3.634,2643.132,456.9,0.262,0.003,61.154,43.168,0,0.543,0.394,0.025,0.124,0.562,0.978,2.738,4.678e-4,0,0.013,1.23,1.217,0.011,889.412,0.001,336.104,0.184,6.4,32.17
24.794,3.308,2643.132,456.9,0.262,0.003,61.265,43.168,0,0.543,0.394,0.025,0.124,0.559,0.884,2.496,2.007e-4,0,0.013,1.23,1.217,0.004,889.514,0.001,336.108,0.184,6.4,32.17
24.809,3.171,2643.132,456.9,0.262,0.003,61.314,43.168,0,0.543,0.394,0.025,0.124,0.558,0.845,2.396,3.145e-4,0,0.013,1.231,1.217,-1.463e-5,889.616,0.001,336.112,0.185,6.4,32.17
24.824,3.257,2643.132,456.9,0.262,0.003,61.287,43.168,0,0.543,0.393,0.025,0.124,0.559,0.87,2.467,-1.149e-4,0,0.013,1.231,1.217,-0.005,889.718,0.001,336.116,0.185,6.4,32.17
24.84,3.53,2643.132,456.9,0.262,0.003,61.195,43.168,0,0.543,0.393,0.025,0.124,0.561,0.948,2.683,-3.846e-4,0,0.013,1.231,1.217,-0.013,889.819,0.001,336.119,0.185,6.4,32.17
24.855,3.917,2643.132,456.9,0.262,0.003,61.067,43.168,0,0.543,0.393,0.025,0.124,0.565,1.061,2.986,-3.023e-4,0,0.013,1.231,1.218,-0.018,889.921,0.001,336.123,0.186,6.4,32.17
24.869,4.301,2643.132,456.9,0.262,0.003,60.943,43.168,0,0.543,0.393,0.025,0.125,0.569,1.175,3.281,-3.882e-4,0,0.013,1.231,1.218,-0.018,890.013,0.001,336.127,0.186,6.4,32.17
24.882,4.631,2643.132,456.9,0.262,0.003,60.837,43.168,0,0.543,0.393,0.025,0.125,0.573,1.274,3.531,-8.984e-5,0,0.013,1.231,1.218,-0.015,890.097,0.001,336.13,0.186,6.4,32.17
24.894,4.894,2643.132,456.9,0.262,0.003,60.755,43.168,0,0.543,0.393,0.025,0.125,0.576,1.353,3.73,2.896e-4,0,0.013,1.231,1.218,-0.01,890.175,0.001,336.133,0.187,6.4,32.17
24.905,5.075,2643.132,456.9,0.262,0.003,60.699,43.168,0,0.544,0.393,0.026,0.125,0.578,1.409,3.865,-4.979e-4,0,0.013,1.231,1.218,-0.006,890.249,0.001,336.135,0.187,6.4,32.17
24.915,5.181,2643.132,456.9,0.262,0.003,60.666,43.168,0,0.544,0.393,0.026,0.125,0.58,1.442,3.944,-9.618e-5,0,0.013,1.231,1.218,-0.003,890.321,0.001,336.138,0.187,6.4,32.17
24.926,5.236,2643.132,456.9,0.262,0.003,60.649,43.168,0,0.544,0.393,0.026,0.125,0.58,1.459,3.986,-3.055e-4,0,0.013,1.231,1.218,-0.001,890.39,0.001,336.14,0.187,6.4,32.17
24.936,5.243,2643.132,456.9,0.262,0.003,60.647,43.168,0,0.544,0.393,0.026,0.125,0.581,1.461,3.989,1.47e-4,0,0.013,1.231,1.218,-6.623e-5,890.459,0.001,336.143,0.188,6.4,32.17
24.946,5.202,2643.132,456.9,0.262,0.003,60.66,43.168,0,0.544,0.393,0.026,0.125,0.58,1.448,3.958,3.785e-4,0,0.012,1.231,1.218,2.414e-4,890.527,0.001,336.146,0.188,6.4,32.17
24.956,5.115,2643.132,456.9,0.262,0.003,60.687,43.168,0,0.544,0.393,0.026,0.125,0.579,1.421,3.888,4.631e-4,0,0.012,1.231,1.218,0.002,890.596,0.001,336.148,0.188,6.4,32.17
24.967,4.975,2643.132,456.9,0.262,0.003,60.731,43.168,0,0.544,0.393,0.026,0.125,0.577,1.378,3.778,-6.152e-5,0,0.012,1.231,1.218,0.004,890.666,0.001,336.151,0.188,6.4,32.17
24.978,4.783,2643.132,456.9,0.262,0.003,60.791,43.168,0,0.544,0.393,0.026,0.125,0.575,1.32,3.627,5.008e-6,0,0.012,1.231,1.218,0.007,890.737,0.001,336.153,0.189,6.4,32.17
24.989,4.539,2643.132,456.9,0.262,0.003,60.868,43.168,0,0.544,0.393,0.026,0.125,0.572,1.246,3.435,-2.995e-5,0,0.012,1.231,1.219,0.01,890.812,0.001,336.156,0.189,6.4,32.17
25,4.245,2643.132,456.9,0.262,0.003,60.962,43.168,0,0.544,0.393,0.026,0.125,0.569,1.158,3.208,-2.628e-4,0,0.012,1.231,1.219,0.013,890.89,0.001,336.159,0.189,6.4,32.17
25.013,3.934,2643.132,456.9,0.262,0.003,61.064,43.168,0,0.544,0.393,0.026,0.125,0.566,1.066,2.967,3.919e-4,0,0.012,1.231,1.219,0.013,890.975,0.001,336.162,0.189,6.4,32.17
25.026,3.611,2643.132,456.9,0.262,0.003,61.17,43.168,0,0.544,0.393,0.026,0.125,0.563,0.972,2.723,1.828e-4,0,0.012,1.231,1.219,0.011,891.066,0.001,336.166,0.19,6.4,32.17
25.041,3.317,2643.132,456.9,0.262,0.003,61.268,43.168,0,0.544,0.393,0.026,0.125,0.56,0.887,2.502,4.526e-4,0,0.012,1.231,1.219,0.006,891.166,0.001,336.169,0.19,6.4,32.17
25.057,3.124,2643.132,456.9,0.262,0.003,61.332,43.168,0,0.544,0.393,0.026,0.125,0.559,0.832,2.359,3.148e-4,0,0.012,1.231,1.219,7.996e-4,891.273,0.001,336.173,0.191,6.4,32.17
25.073,3.1,2643.132,456.9,0.262,0.003,61.338,43.168,0,0.544,0.393,0.026,0.125,0.558,0.825,2.343,1.321e-4,0,0.012,1.231,1.219,-8.701e-4,891.38,0.001,336.177,0.191,6.4,32.17
25.088,3.25,2643.132,456.9,0.262,0.003,61.284,43.168,0,0.544,0.393,0.026,0.125,0.56,0.868,2.462,9.237e-5,0,0.012,1.231,1.219,-0.006,891.487,0.001,336.181,0.191,6.4,32.17
25.104,3.53,2643.132,456.9,0.262,0.003,61.188,43.168,0,0.544,0.393,0.026,0.125,0.562,0.948,2.682,4.373e-4,0,0.012,1.231,1.219,-0.012,891.595,0.001,336.185,0.192,6.4,32.17
25.12,3.886,2643.132,456.9,0.262,0.003,61.07,43.168,0,0.544,0.393,0.026,0.125,0.566,1.052,2.957,1.412e-4,0,0.012,1.231,1.219,-0.015,891.702,0.001,336.189,0.192,6.4,32.17
25.135,4.244,2643.132,456.9,0.262,0.003,60.952,43.168,0,0.544,0.393,0.026,0.125,0.57,1.158,3.231,9.261e-5,0,0.012,1.231,1.219,-0.014,891.808,0.001,336.193,0.192,6.4,32.17
25.149,4.528,2643.132,456.9,0.262,0.003,60.862,43.168,0,0.544,0.393,0.026,0.125,0.573,1.243,3.445,7.887e-5,0,0.012,1.231,1.219,-0.01,891.902,0.001,336.196,0.193,6.4,32.17
25.162,4.706,2643.132,456.9,0.262,0.003,60.805,43.168,0,0.544,0.393,0.026,0.125,0.575,1.296,3.579,1.245e-4,0,0.012,1.231,1.219,-0.006,891.99,0.001,336.2,0.193,6.4,32.17
25.174,4.813,2643.132,456.9,0.262,0.003,60.772,43.168,0,0.544,0.393,0.026,0.125,0.576,1.329,3.658,-1.572e-5,0,0.012,1.231,1.219,-0.003,892.074,0.001,336.203,0.193,6.4,32.17
25.186,4.857,2643.132,456.9,0.262,0.003,60.758,43.168,0,0.544,0.393,0.026,0.125,0.577,1.342,3.691,-1.587e-4,0,0.012,1.231,1.22,-8.111e-4,892.156,0.001,336.206,0.194,6.4,32.17
25.198,4.841,2643.132,456.9,0.262,0.003,60.764,43.168,0,0.544,0.393,0.026,0.125,0.577,1.337,3.676,-4.881e-4,0,0.012,1.231,1.22,-1.497e-5,892.238,0.001,336.209,0.194,6.4,32.17
25.21,4.788,2643.132,456.9,0.262,0.003,60.781,43.168,0,0.544,0.393,0.026,0.125,0.576,1.321,3.635,-2.932e-4,0,0.011,1.231,1.22,4.654e-4,892.321,0.001,336.212,0.194,6.4,32.17
25.222,4.674,2643.132,456.9,0.262,0.003,60.817,43.168,0,0.545,0.393,0.026,0.125,0.575,1.287,3.546,1.504e-4,0,0.011,1.231,1.22,0.002,892.405,0.001,336.215,0.194,6.4,32.17
25.234,4.492,2643.132,456.9,0.262,0.003,60.875,43.168,0,0.545,0.393,0.026,0.125,0.573,1.232,3.404,-3.913e-4,0,0.011,1.231,1.22,0.005,892.491,0.001,336.218,0.195,6.4,32.17
25.247,4.244,2643.132,456.9,0.262,0.003,60.954,43.168,0,0.545,0.393,0.026,0.125,0.57,1.158,3.21,1.26e-4,0,0.011,1.231,1.22,0.008,892.581,0.001,336.222,0.195,6.4,32.17
25.261,3.943,2643.132,456.9,0.262,0.003,61.052,43.168,0,0.545,0.393,0.026,0.125,0.567,1.069,2.977,2.21e-5,0,0.011,1.231,1.22,0.009,892.676,0.001,336.225,0.195,6.4,32.17
25.275,3.63,2643.132,456.9,0.262,0.003,61.154,43.168,0,0.545,0.393,0.026,0.125,0.564,0.977,2.738,4.502e-4,0,0.011,1.231,1.22,0.008,892.777,0.001,336.229,0.196,6.4,32.17
25.29,3.352,2643.132,456.9,0.262,0.003,61.246,43.168,0,0.545,0.393,0.026,0.125,0.561,0.897,2.529,-4.337e-4,0,0.011,1.231,1.22,0.005,892.882,0.001,336.233,0.196,6.4,32.17
25.306,3.145,2643.132,456.9,0.262,0.003,61.315,43.168,0,0.545,0.393,0.026,0.125,0.559,0.838,2.374,-3.882e-4,0,0.011,1.231,1.22,0.001,892.991,0.001,336.237,0.196,6.4,32.17
25.322,3.039,2643.132,456.9,0.262,0.003,61.351,43.168,0,0.545,0.393,0.026,0.125,0.559,0.808,2.295,4.576e-4,0,0.011,1.231,1.22,-1.673e-4,893.103,0.001,336.241,0.197,6.4,32.17
25.338,3.107,2643.132,456.9,0.262,0.003,61.328,43.168,0,0.545,0.393,0.027,0.125,0.559,0.827,2.351,4.141e-4,0,0.011,1.231,1.22,-0.004,893.215,0.001,336.245,0.197,6.4,32.17
25.353,3.33,2643.132,456.9,0.262,0.003,61.254,43.168,0,0.545,0.393,0.027,0.125,0.561,0.891,2.527,3.55e-4,0,0.011,1.231,1.22,-0.009,893.325,0.001,336.249,0.197,6.4,32.17
25.368,3.63,2643.132,456.9,0.262,0.003,61.154,43.168,0,0.545,0.393,0.027,0.125,0.564,0.977,2.759,4.563e-4,0,0.011,1.231,1.22,-0.012,893.43,0.001,336.253,0.198,6.4,32.17
25.382,3.923,2643.132,456.9,0.262,0.003,61.058,43.168,0,0.545,0.393,0.027,0.125,0.567,1.063,2.983,1.024e-4,0,0.011,1.231,1.22,-0.011,893.528,0.001,336.257,0.198,6.4,32.17
25.395,4.175,2643.132,456.9,0.262,0.003,60.977,43.168,0,0.545,0.393,0.027,0.125,0.57,1.137,3.174,-2.411e-4,0,0.011,1.231,1.22,-0.009,893.621,0.001,336.26,0.198,6.4,32.17
25.408,4.378,2643.132,456.9,0.262,0.003,60.912,43.168,0,0.545,0.393,0.027,0.125,0.572,1.198,3.327,-1.368e-4,0,0.011,1.231,1.221,-0.006,893.708,0.001,336.263,0.199,6.4,32.17
25.419,4.529,2643.132,456.9,0.262,0.003,60.863,43.168,0,0.545,0.393,0.027,0.125,0.574,1.243,3.44,3.44e-5,0,0.011,1.232,1.221,-0.003,893.792,0.001,336.266,0.199,6.4,32.17
25.431,4.623,2643.132,456.9,0.262,0.003,60.833,43.168,0,0.545,0.393,0.027,0.125,0.575,1.272,3.511,1.514e-4,0,0.011,1.232,1.221,-0.001,893.873,0.001,336.269,0.199,6.4,32.17
25.442,4.661,2643.132,456.9,0.262,0.003,60.822,43.168,0,0.545,0.393,0.027,0.125,0.575,1.283,3.539,1.025e-4,0,0.011,1.232,1.221,-1.346e-4,893.951,0.001,336.272,0.2,6.4,32.17
25.453,4.641,2643.132,456.9,0.262,0.003,60.828,43.168,0,0.545,0.393,0.027,0.125,0.575,1.277,3.523,2.554e-4,0,0.011,1.232,1.221,1.442e-4,894.029,0.001,336.275,0.2,6.4,32.17
25.464,4.56,2643.132,456.9,0.262,0.003,60.854,43.168,0,0.545,0.393,0.027,0.125,0.574,1.252,3.46,-5.088e-5,0,0.011,1.232,1.221,0.001,894.107,0.001,336.278,0.2,6.4,32.17
25.475,4.425,2643.132,456.9,0.262,0.003,60.897,43.168,0,0.545,0.393,0.027,0.125,0.573,1.212,3.355,-4.418e-4,0,0.011,1.232,1.221,0.003,894.185,0.001,336.281,0.2,6.4,32.17
25.486,4.238,2643.132,456.9,0.262,0.003,60.957,43.168,0,0.545,0.393,0.027,0.125,0.571,1.156,3.208,-6.927e-5,0,0.011,1.232,1.221,0.006,894.266,0.001,336.284,0.201,6.4,32.17
25.498,4.001,2643.132,456.9,0.262,0.003,61.034,43.168,0,0.545,0.393,0.027,0.125,0.568,1.086,3.023,2.503e-4,0,0.011,1.232,1.221,0.008,894.351,0.001,336.287,0.201,6.4,32.17
25.51,3.717,2643.132,456.9,0.262,0.003,61.128,43.168,0,0.545,0.393,0.027,0.125,0.565,1.003,2.804,-3.773e-4,0,0.011,1.232,1.221,0.009,894.44,0.001,336.29,0.201,6.4,32.17
25.524,3.4,2643.132,456.9,0.262,0.003,61.234,43.168,0,0.545,0.393,0.027,0.125,0.563,0.911,2.563,-6.133e-5,0,0.011,1.232,1.221,0.009,894.538,0.001,336.294,0.201,6.4,32.17
25.539,3.083,2643.132,456.9,0.262,0.003,61.343,43.168,0,0.546,0.393,0.027,0.125,0.56,0.82,2.324,-1.874e-4,0,0.01,1.232,1.221,0.005,894.648,0.001,336.298,0.202,6.4,32.17
25.555,2.863,2643.132,456.9,0.262,0.003,61.422,43.168,0,0.546,0.393,0.027,0.125,0.558,0.758,2.161,-3.508e-4,0,0.01,1.232,1.221,8.469e-4,894.764,0.001,336.302,0.202,6.4,32.17
25.571,2.837,2643.132,456.9,0.262,0.003,61.434,43.168,0,0.546,0.393,0.027,0.125,0.558,0.751,2.143,1.375e-4,0,0.01,1.232,1.221,-7.6e-4,894.881,0.001,336.307,0.203,6.4,32.17
25.588,3.003,2643.132,456.9,0.262,0.003,61.379,43.168,0,0.546,0.393,0.027,0.125,0.559,0.798,2.275,-2.758e-4,0,0.01,1.232,1.221,-0.006,894.997,0.001,336.311,0.203,6.4,32.17
25.604,3.291,2643.132,456.9,0.262,0.003,61.283,43.168,0,0.546,0.393,0.027,0.125,0.562,0.88,2.501,-1.337e-4,0,0.01,1.232,1.221,-0.01,895.114,0.001,336.315,0.203,6.4,32.17
25.618,3.585,2643.132,456.9,0.262,0.003,61.185,43.168,0,0.546,0.393,0.027,0.125,0.565,0.965,2.727,1.143e-4,0,0.01,1.232,1.222,-0.012,895.22,0.001,336.319,0.204,6.4,32.17
25.631,3.848,2643.132,456.9,0.262,0.003,61.099,43.168,0,0.546,0.393,0.027,0.125,0.567,1.041,2.928,3.265e-4,0,0.01,1.232,1.222,-0.01,895.315,0.001,336.323,0.204,6.4,32.17
25.643,4.065,2643.132,456.9,0.262,0.003,61.028,43.168,0,0.546,0.393,0.027,0.125,0.57,1.105,3.092,-4.351e-4,0,0.01,1.232,1.222,-0.008,895.403,0.001,336.326,0.204,6.4,32.17
25.655,4.232,2643.132,456.9,0.262,0.003,60.974,43.168,0,0.546,0.393,0.027,0.125,0.571,1.155,3.217,4.75e-4,0,0.01,1.232,1.222,-0.005,895.485,0.001,336.329,0.204,6.4,32.17
25.666,4.345,2643.132,456.9,0.262,0.003,60.938,43.168,0,0.546,0.393,0.027,0.125,0.573,1.188,3.302,1.972e-4,0,0.01,1.232,1.222,-0.003,895.564,0.001,336.332,0.205,6.4,32.17
25.676,4.404,2643.132,456.9,0.262,0.003,60.919,43.168,0,0.546,0.393,0.027,0.125,0.573,1.206,3.346,1.143e-4,0,0.01,1.232,1.222,-8.607e-4,895.641,0.001,336.335,0.205,6.4,32.17
25.687,4.411,2643.132,456.9,0.262,0.003,60.917,43.168,0,0.546,0.393,0.027,0.125,0.573,1.208,3.351,-1.674e-5,0,0.01,1.232,1.222,-5.681e-5,895.717,0.001,336.338,0.205,6.4,32.17
25.697,4.367,2643.132,456.9,0.262,0.003,60.931,43.168,0,0.546,0.393,0.027,0.125,0.573,1.195,3.316,2.526e-4,0,0.01,1.232,1.222,1.924e-4,895.794,0.001,336.341,0.205,6.4,32.17
25.707,4.268,2643.132,456.9,0.262,0.003,60.963,43.168,0,0.546,0.393,0.027,0.125,0.572,1.165,3.239,-3.832e-4,0,0.01,1.232,1.222,0.001,895.871,0.001,336.343,0.206,6.4,32.17
25.718,4.118,2643.132,456.9,0.262,0.003,61.011,43.168,0,0.546,0.393,0.028,0.126,0.57,1.121,3.122,1.082e-4,0,0.01,1.232,1.222,0.003,895.95,0.001,336.346,0.206,6.4,32.17
25.729,3.921,2643.132,456.9,0.262,0.003,61.076,43.168,0,0.546,0.393,0.028,0.126,0.568,1.063,2.969,2.77e-4,0,0.01,1.232,1.222,0.005,896.031,0.001,336.349,0.206,6.4,32.17
25.741,3.683,2643.132,456.9,0.262,0.003,61.155,43.168,0,0.546,0.393,0.028,0.126,0.566,0.993,2.785,2.596e-4,0,0.01,1.232,1.222,0.006,896.117,0.001,336.353,0.206,6.4,32.17
25.753,3.425,2643.132,456.9,0.262,0.003,61.241,43.168,0,0.546,0.393,0.028,0.126,0.564,0.918,2.587,-2.12e-4,0,0.01,1.232,1.222,0.006,896.208,0.001,336.356,0.207,6.4,32.17
25.766,3.176,2643.132,456.9,0.262,0.003,61.326,43.168,0,0.546,0.393,0.028,0.126,0.561,0.847,2.398,4.386e-4,0,0.01,1.232,1.222,0.005,896.305,0.001,336.36,0.207,6.4,32.17
25.78,2.963,2643.132,456.9,0.262,0.003,61.399,43.168,0,0.546,0.393,0.028,0.126,0.56,0.787,2.239,-3.273e-4,0,0.01,1.232,1.222,0.002,896.408,0.001,336.363,0.207,6.4,32.17
25.795,2.837,2643.132,456.9,0.262,0.003,61.442,43.168,0,0.546,0.393,0.028,0.126,0.559,0.751,2.144,4.691e-4,0,0.01,1.232,1.222,1.596e-4,896.517,0.001,336.367,0.208,6.4,32.17
25.81,2.84,2643.132,456.9,0.262,0.003,61.44,43.168,0,0.547,0.393,0.028,0.126,0.559,0.752,2.147,-3.999e-4,0,0.01,1.232,1.222,-7.825e-4,896.631,0.001,336.372,0.208,6.4,32.17
25.826,2.972,2643.132,456.9,0.262,0.003,61.394,43.168,0,0.547,0.393,0.028,0.126,0.56,0.789,2.251,-1.5e-4,0,0.01,1.232,1.223,-0.004,896.749,0.001,336.376,0.208,6.4,32.17
25.842,3.193,2643.132,456.9,0.262,0.003,61.317,43.168,0,0.547,0.393,0.028,0.126,0.562,0.852,2.422,-2.71e-4,0,0.01,1.232,1.223,-0.007,896.867,0.001,336.38,0.209,6.4,32.17
25.858,3.449,2643.132,456.9,0.262,0.003,61.23,43.168,0,0.547,0.393,0.028,0.126,0.564,0.925,2.618,4.824e-4,0,0.01,1.232,1.223,-0.007,896.983,0.001,336.385,0.209,6.4,32.17
25.873,3.688,2643.132,456.9,0.262,0.003,61.15,43.168,0,0.547,0.393,0.028,0.126,0.567,0.994,2.801,4.446e-4,0,0.01,1.232,1.223,-0.006,897.095,0.001,336.389,0.209,6.4,32.17
25.887,3.871,2643.132,456.9,0.262,0.003,61.089,43.168,0,0.547,0.393,0.028,0.126,0.568,1.048,2.939,4.177e-5,0,0.01,1.232,1.223,-0.004,897.203,0.001,336.393,0.21,6.4,32.17
25.901,3.988,2643.132,456.9,0.262,0.003,61.051,43.168,0,0.547,0.393,0.028,0.126,0.57,1.083,3.027,-9.726e-6,0,0.009,1.232,1.223,-0.002,897.306,0.001,336.397,0.21,6.4,32.17
25.914,4.043,2643.132,456.9,0.262,0.003,61.034,43.168,0,0.547,0.393,0.028,0.126,0.57,1.099,3.067,4.946e-4,0,0.009,1.232,1.223,-2.65e-4,897.407,0.001,336.4,0.21,6.4,32.17
25.927,4.016,2643.132,456.9,0.262,0.003,61.043,43.168,0,0.547,0.393,0.028,0.126,0.57,1.091,3.046,4.94e-4,0,0.009,1.232,1.223,5.86e-5,897.506,0.001,336.404,0.211,6.4,32.17
25.941,3.912,2643.132,456.9,0.262,0.003,61.077,43.168,0,0.547,0.393,0.028,0.126,0.569,1.06,2.965,2.591e-4,0,0.009,1.232,1.223,8.876e-4,897.604,0.001,336.408,0.211,6.4,32.17
25.954,3.735,2643.132,456.9,0.262,0.003,61.135,43.168,0,0.547,0.393,0.028,0.126,0.567,1.008,2.828,-1.107e-4,0,0.009,1.232,1.223,0.002,897.705,0.001,336.411,0.211,6.4,32.17
25.968,3.477,2643.132,456.9,0.262,0.003,61.221,43.168,0,0.547,0.393,0.028,0.126,0.565,0.933,2.629,-4.889e-4,0,0.009,1.232,1.223,0.004,897.812,0.001,336.415,0.212,6.4,32.17
25.983,3.159,2643.132,456.9,0.262,0.003,61.327,43.168,0,0.547,0.393,0.028,0.126,0.562,0.842,2.386,2.3e-4,0,0.009,1.232,1.223,0.004,897.927,0.001,336.42,0.212,6.4,32.17
26,2.844,2643.132,456.9,0.262,0.003,61.434,43.168,0,0.547,0.393,0.028,0.126,0.559,0.753,2.147,1.338e-4,0,0.009,1.233,1.223,0.002,898.054,0.001,336.424,0.212,6.4,32.17
26.017,2.715,2643.132,456.9,0.262,0.003,61.476,43.168,0,0.547,0.393,0.028,0.126,0.558,0.717,2.051,-9.905e-5,0,0.009,1.233,1.223,1.672e-5,898.181,0.001,336.429,0.213,6.4,32.17
26.034,2.759,2643.132,456.9,0.262,0.003,61.459,43.168,0,0.547,0.393,0.028,0.126,0.559,0.729,2.085,-1.872e-4,0,0.009,1.233,1.223,-0.001,898.308,0.001,336.434,0.213,6.4,32.17
26.05,2.941,2643.132,456.9,0.262,0.003,61.395,43.168,0,0.547,0.393,0.028,0.126,0.56,0.78,2.227,2.217e-4,0,0.009,1.233,1.224,-0.004,898.431,0.001,336.438,0.213,6.4,32.17
26.064,3.168,2643.132,456.9,0.262,0.003,61.317,43.168,0,0.547,0.393,0.028,0.126,0.562,0.845,2.402,-2.251e-4,0,0.009,1.233,1.224,-0.006,898.541,0.001,336.442,0.214,6.4,32.17
26.077,3.384,2643.132,456.9,0.262,0.003,61.244,43.168,0,0.547,0.393,0.028,0.126,0.564,0.906,2.566,-5.427e-5,0,0.009,1.233,1.224,-0.006,898.64,0.001,336.446,0.214,6.4,32.17
26.089,3.564,2643.132,456.9,0.262,0.003,61.184,43.168,0,0.548,0.393,0.029,0.126,0.566,0.959,2.704,-3.279e-4,0,0.009,1.233,1.224,-0.004,898.733,0.001,336.449,0.214,6.4,32.17
26.101,3.702,2643.132,456.9,0.262,0.003,61.138,43.168,0,0.548,0.393,0.029,0.126,0.568,0.999,2.807,1.54e-4,0,0.009,1.233,1.224,-0.003,898.824,0.001,336.453,0.215,6.4,32.17
26.112,3.806,2643.132,456.9,0.262,0.003,61.104,43.168,0,0.548,0.393,0.029,0.126,0.569,1.029,2.885,1.097e-4,0,0.009,1.233,1.224,-0.001,898.913,0.001,336.456,0.215,6.4,32.17
26.122,3.863,2643.132,456.9,0.262,0.003,61.085,43.168,0,0.548,0.393,0.029,0.126,0.569,1.046,2.928,4.267e-5,0,0.009,1.233,1.224,-4.296e-4,898.998,0.001,336.459,0.215,6.4,32.17
26.133,3.873,2643.132,456.9,0.262,0.003,61.082,43.168,0,0.548,0.393,0.029,0.126,0.569,1.049,2.935,3.189e-4,0,0.009,1.233,1.224,-7.452e-6,899.083,0.001,336.462,0.215,6.4,32.17
26.143,3.837,2643.132,456.9,0.262,0.003,61.094,43.168,0,0.548,0.393,0.029,0.126,0.569,1.038,2.908,1.059e-4,0,0.009,1.233,1.224,2.294e-4,899.167,0.001,336.465,0.215,6.4,32.17
26.154,3.752,2643.132,456.9,0.262,0.003,61.122,43.168,0,0.548,0.393,0.029,0.126,0.568,1.013,2.842,4.744e-4,0,0.009,1.233,1.224,0.001,899.252,0.001,336.468,0.216,6.4,32.17
26.164,3.616,2643.132,456.9,0.262,0.003,61.167,43.168,0,0.548,0.393,0.029,0.126,0.567,0.974,2.737,2.129e-4,0,0.009,1.233,1.224,0.002,899.339,0.001,336.471,0.216,6.4,32.17
26.175,3.444,2643.132,456.9,0.262,0.003,61.225,43.168,0,0.548,0.393,0.029,0.126,0.565,0.924,2.604,1.561e-4,0,0.009,1.233,1.224,0.003,899.429,0.001,336.474,0.216,6.4,32.17
26.187,3.244,2643.132,456.9,0.262,0.003,61.292,43.168,0,0.548,0.393,0.029,0.126,0.564,0.866,2.45,7.907e-5,0,0.009,1.233,1.224,0.004,899.523,0.001,336.477,0.216,6.4,32.17
26.199,3.031,2643.132,456.9,0.262,0.003,61.365,43.168,0,0.548,0.393,0.029,0.126,0.562,0.806,2.288,4.553e-4,0,0.009,1.233,1.224,0.003,899.623,0.001,336.481,0.217,6.4,32.17
26.212,2.837,2643.132,456.9,0.262,0.003,61.432,43.168,0,0.548,0.393,0.029,0.126,0.56,0.751,2.141,-3.672e-4,0,0.009,1.233,1.224,0.002,899.73,0.001,336.485,0.217,6.4,32.17
26.227,2.704,2643.132,456.9,0.262,0.003,61.479,43.168,0,0.548,0.393,0.029,0.126,0.559,0.714,2.041,2.258e-4,0,0.009,1.233,1.224,2.771e-4,899.845,0.001,336.489,0.217,6.4,32.17
26.242,2.682,2643.132,456.9,0.262,0.003,61.488,43.168,0,0.548,0.393,0.029,0.126,0.559,0.707,2.026,-2.244e-4,0,0.009,1.233,1.224,-3.061e-4,899.968,0.001,336.493,0.218,6.4,32.17
26.258,2.793,2643.132,456.9,0.262,0.003,61.452,43.168,0,0.548,0.393,0.029,0.126,0.56,0.739,2.113,-2.081e-5,0,0.009,1.233,1.224,-0.002,900.099,0.001,336.498,0.218,6.4,32.17
26.274,3.006,2643.132,456.9,0.262,0.003,61.381,43.168,0,0.548,0.393,0.029,0.126,0.562,0.799,2.277,3.761e-5,0,0.009,1.233,1.224,-0.004,900.235,0.001,336.502,0.218,6.4,32.17
26.291,3.249,2643.132,456.9,0.262,0.003,61.299,43.168,0,0.548,0.393,0.029,0.126,0.564,0.868,2.464,-7.522e-5,0,0.009,1.233,1.225,-0.004,900.37,0.001,336.507,0.219,6.4,32.17
26.307,3.453,2643.132,456.9,0.262,0.003,61.231,43.168,0,0.548,0.393,0.029,0.126,0.566,0.927,2.619,-3.73e-4,0,0.008,1.233,1.225,-0.003,900.503,0.001,336.512,0.219,6.4,32.17
26.323,3.616,2643.132,456.9,0.262,0.003,61.178,43.168,0,0.548,0.393,0.029,0.126,0.568,0.974,2.742,-3.458e-4,0,0.008,1.233,1.225,-0.002,900.633,0.001,336.516,0.219,6.4,32.17
26.337,3.725,2643.132,456.9,0.262,0.003,61.142,43.168,0,0.548,0.393,0.029,0.126,0.569,1.006,2.825,3.744e-4,0,0.008,1.233,1.225,-5.9e-4,900.754,0.001,336.521,0.22,6.4,32.17
26.352,3.768,2643.132,456.9,0.262,0.003,61.128,43.168,0,0.548,0.393,0.029,0.126,0.569,1.018,2.857,-2.956e-5,0,0.008,1.233,1.225,-8.486e-6,900.87,0.001,336.525,0.22,6.4,32.17
26.365,3.699,2643.132,456.9,0.262,0.003,61.151,43.168,0,0.549,0.393,0.029,0.126,0.569,0.998,2.804,7.183e-5,0,0.008,1.233,1.225,4.443e-4,900.984,0.001,336.529,0.22,6.4,32.17
26.379,3.549,2643.132,456.9,0.262,0.003,61.201,43.168,0,0.549,0.393,0.029,0.126,0.567,0.954,2.688,3.611e-4,0,0.008,1.233,1.225,0.002,901.101,0.001,336.533,0.221,6.4,32.17
26.394,3.324,2643.132,456.9,0.262,0.003,61.277,43.168,0,0.549,0.393,0.029,0.126,0.565,0.89,2.514,-2.943e-4,0,0.008,1.233,1.225,0.003,901.222,0.001,336.537,0.221,6.4,32.17
26.409,3.035,2643.132,456.9,0.262,0.003,61.376,43.168,0,0.549,0.393,0.029,0.126,0.563,0.807,2.292,-3.833e-4,0,0.008,1.233,1.225,0.004,901.35,0.001,336.542,0.221,6.4,32.17
26.426,2.744,2643.132,456.9,0.262,0.003,61.478,43.168,0,0.549,0.393,0.029,0.126,0.56,0.725,2.072,8.468e-5,0,0.008,1.233,1.225,0.003,901.484,0.001,336.546,0.222,6.4,32.17
26.442,2.553,2643.132,456.9,0.262,0.003,61.547,43.168,0,0.549,0.393,0.03,0.126,0.559,0.672,1.928,9.337e-5,0,0.008,1.233,1.225,2.979e-4,901.622,0.001,336.551,0.222,6.4,32.17
26.458,2.528,2643.132,456.9,0.262,0.003,61.558,43.168,0,0.549,0.393,0.03,0.126,0.559,0.665,1.911,3.624e-4,0,0.008,1.233,1.225,-5.149e-4,901.757,0.001,336.556,0.222,6.4,32.17
26.474,2.639,2643.132,456.9,0.262,0.003,61.52,43.168,0,0.549,0.393,0.03,0.126,0.56,0.696,1.998,1.197e-4,0,0.008,1.233,1.225,-0.003,901.885,0.001,336.561,0.223,6.4,32.17
26.488,2.826,2643.132,456.9,0.262,0.003,61.455,43.168,0,0.549,0.393,0.03,0.126,0.561,0.748,2.143,-4.595e-5,0,0.008,1.233,1.225,-0.005,902.004,0.001,336.565,0.223,6.4,32.17
26.501,3.034,2643.132,456.9,0.262,0.003,61.384,43.168,0,0.549,0.393,0.03,0.126,0.563,0.807,2.303,4.876e-5,0,0.008,1.233,1.225,-0.005,902.114,0.001,336.569,0.223,6.4,32.17
26.513,3.241,2643.132,456.9,0.262,0.003,61.314,43.168,0,0.549,0.393,0.03,0.127,0.565,0.866,2.46,3.478e-4,0,0.008,1.233,1.225,-0.005,902.218,0.001,336.572,0.224,6.4,32.17
26.525,3.407,2643.132,456.9,0.262,0.003,61.258,43.168,0,0.549,0.393,0.03,0.127,0.566,0.914,2.586,4.539e-4,0,0.008,1.233,1.225,-0.003,902.314,0.001,336.576,0.224,6.4,32.17
26.536,3.525,2643.132,456.9,0.262,0.003,61.218,43.168,0,0.549,0.393,0.03,0.127,0.567,0.948,2.674,3.108e-4,0,0.008,1.233,1.226,-0.002,902.406,0.001,336.579,0.224,6.4,32.17
26.546,3.592,2643.132,456.9,0.262,0.003,61.196,43.168,0,0.549,0.393,0.03,0.127,0.568,0.967,2.726,-3.036e-5,0,0.008,1.233,1.226,-5.44e-4,902.496,0.001,336.582,0.224,6.4,32.17
26.557,3.61,2643.132,456.9,0.262,0.003,61.19,43.168,0,0.549,0.393,0.03,0.127,0.568,0.972,2.738,-1.004e-5,0,0.008,1.234,1.226,-2.644e-5,902.583,0.001,336.585,0.225,6.4,32.17
26.567,3.578,2643.132,456.9,0.262,0.003,61.201,43.168,0,0.549,0.393,0.03,0.127,0.568,0.963,2.713,2.772e-4,0,0.008,1.234,1.226,1.661e-4,902.669,0.001,336.588,0.225,6.4,32.17
26.577,3.498,2643.132,456.9,0.262,0.003,61.228,43.168,0,0.549,0.393,0.03,0.127,0.567,0.94,2.651,4.065e-4,0,0.008,1.234,1.226,8.968e-4,902.757,0.001,336.591,0.225,6.4,32.17
26.588,3.372,2643.132,456.9,0.262,0.003,61.27,43.168,0,0.549,0.393,0.03,0.127,0.566,0.904,2.554,-2.66e-4,0,0.008,1.234,1.226,0.002,902.846,0.001,336.594,0.225,6.4,32.17
26.599,3.202,2643.132,456.9,0.262,0.003,61.328,43.168,0,0.549,0.393,0.03,0.127,0.565,0.855,2.423,-1.541e-4,0,0.008,1.234,1.226,0.003,902.938,0.001,336.598,0.226,6.4,32.17
26.61,3.008,2643.132,456.9,0.262,0.003,61.394,43.168,0,0.549,0.393,0.03,0.127,0.563,0.8,2.273,1.478e-4,0,0.008,1.234,1.226,0.004,903.036,0.001,336.601,0.226,6.4,32.17
26.623,2.798,2643.132,456.9,0.262,0.003,61.466,43.168,0,0.549,0.393,0.03,0.127,0.561,0.74,2.113,-3.582e-4,0,0.008,1.234,1.226,0.004,903.14,0.001,336.605,0.226,6.4,32.17
26.636,2.598,2643.132,456.9,0.262,0.003,61.535,43.168,0,0.55,0.393,0.03,0.127,0.56,0.684,1.962,1.961e-4,0,0.008,1.234,1.226,0.002,903.254,0.001,336.609,0.226,6.4,32.17
26.651,2.451,2643.132,456.9,0.262,0.003,61.585,43.168,0,0.55,0.393,0.03,0.127,0.559,0.644,1.851,-1.455e-4,0,0.008,1.234,1.226,3.695e-4,903.379,0.001,336.613,0.227,6.4,32.17
26.667,2.423,2643.132,456.9,0.262,0.003,61.593,43.168,0,0.55,0.393,0.03,0.127,0.559,0.636,1.831,-1.096e-5,0,0.008,1.234,1.226,-3.649e-4,903.519,0.001,336.618,0.227,6.4,32.17
26.685,2.55,2643.132,456.9,0.262,0.003,61.546,43.168,0,0.55,0.393,0.03,0.127,0.56,0.671,1.929,3.445e-4,0,0.008,1.234,1.226,-0.003,903.667,0.001,336.623,0.227,6.4,32.17
26.702,2.783,2643.132,456.9,0.262,0.003,61.463,43.168,0,0.55,0.393,0.03,0.127,0.562,0.736,2.109,2.776e-4,0,0.008,1.234,1.226,-0.005,903.815,0.001,336.629,0.228,6.4,32.17
26.718,3.051,2643.132,456.9,0.262,0.003,61.37,43.168,0,0.55,0.393,0.03,0.127,0.564,0.812,2.314,-2.602e-4,0,0.008,1.234,1.226,-0.005,903.952,0.001,336.633,0.228,6.4,32.17
26.732,3.27,2643.132,456.9,0.262,0.003,61.295,43.168,0,0.55,0.393,0.03,0.127,0.566,0.874,2.48,-1.941e-4,0,0.008,1.234,1.226,-0.004,904.07,0.001,336.638,0.228,6.4,32.17
26.744,3.428,2643.132,456.9,0.262,0.003,61.242,43.168,0,0.55,0.393,0.03,0.127,0.567,0.92,2.599,-2.018e-4,0,0.008,1.234,1.226,-0.002,904.178,0.001,336.641,0.229,6.4,32.17
26.756,3.511,2643.132,456.9,0.262,0.003,61.214,43.168,0,0.55,0.393,0.03,0.127,0.568,0.944,2.662,3.081e-4,0,0.007,1.234,1.226,-5.85e-4,904.281,0.001,336.645,0.229,6.4,32.17
26.768,3.522,2643.132,456.9,0.262,0.003,61.211,43.168,0,0.55,0.393,0.03,0.127,0.568,0.947,2.67,-3.357e-4,0,0.007,1.234,1.226,-1.562e-5,904.381,0.001,336.649,0.229,6.4,32.17
26.78,3.475,2643.132,456.9,0.262,0.003,61.227,43.168,0,0.55,0.393,0.03,0.127,0.568,0.933,2.633,-3.497e-4,0,0.007,1.234,1.227,2.531e-4,904.481,0.001,336.652,0.229,6.4,32.17
26.791,3.37,2643.132,456.9,0.262,0.003,61.262,43.168,0,0.55,0.393,0.03,0.127,0.567,0.903,2.552,-4.796e-4,0,0.007,1.234,1.227,0.001,904.583,0.001,336.656,0.23,6.4,32.17
26.804,3.209,2643.132,456.9,0.262,0.003,61.316,43.168,0,0.55,0.393,0.031,0.127,0.566,0.857,2.428,-3.839e-4,0,0.007,1.234,1.227,0.002,904.688,0.001,336.659,0.23,6.4,32.17
26.816,3.004,2643.132,456.9,0.262,0.003,61.386,43.168,0,0.55,0.393,0.031,0.127,0.564,0.798,2.27,1.326e-4,0,0.007,1.234,1.227,0.003,904.798,0.001,336.663,0.23,6.4,32.17
26.83,2.777,2643.132,456.9,0.262,0.003,61.464,43.168,0,0.55,0.393,0.031,0.127,0.562,0.735,2.097,-1.625e-4,0,0.007,1.234,1.227,0.003,904.914,0.001,336.667,0.231,6.4,32.17
26.844,2.565,2643.132,456.9,0.262,0.003,61.537,43.168,0,0.55,0.393,0.031,0.127,0.56,0.675,1.936,-2.091e-4,0,0.007,1.234,1.227,0.002,905.035,0.001,336.672,0.231,6.4,32.17
26.858,2.4,2643.132,456.9,0.262,0.003,61.594,43.168,0,0.55,0.393,0.031,0.127,0.559,0.63,1.812,3.697e-4,0,0.007,1.234,1.227,5.991e-4,905.16,0.001,336.676,0.231,6.4,32.17
26.873,2.325,2643.132,456.9,0.262,0.003,61.619,43.168,0,0.55,0.393,0.031,0.127,0.559,0.609,1.755,1.444e-4,0,0.007,1.234,1.227,-6.923e-5,905.289,0.001,336.681,0.231,6.4,32.17
26.888,2.379,2643.132,456.9,0.262,0.003,61.601,43.168,0,0.55,0.393,0.031,0.127,0.559,0.624,1.798,4.113e-4,0,0.007,1.234,1.227,-0.002,905.419,0.001,336.685,0.232,6.4,32.17
26.902,2.545,2643.132,456.9,0.262,0.003,61.543,43.168,0,0.551,0.393,0.031,0.127,0.561,0.67,1.927,4.302e-4,0,0.007,1.234,1.227,-0.004,905.546,0.001,336.69,0.232,6.4,32.17
26.916,2.765,2643.132,456.9,0.262,0.003,61.468,43.168,0,0.551,0.393,0.031,0.127,0.562,0.731,2.095,-3.324e-4,0,0.007,1.234,1.227,-0.005,905.667,0.001,336.694,0.232,6.4,32.17
26.929,2.958,2643.132,456.9,0.262,0.003,61.402,43.168,0,0.551,0.393,0.031,0.127,0.564,0.785,2.242,-4.022e-4,0,0.007,1.234,1.227,-0.004,905.781,0.001,336.698,0.233,6.4,32.17
26.942,3.104,2643.132,456.9,0.262,0.003,61.352,43.168,0,0.551,0.393,0.031,0.127,0.565,0.827,2.353,-1.397e-4,0,0.007,1.234,1.227,-0.003,905.888,0.001,336.702,0.233,6.4,32.17
26.953,3.201,2643.132,456.9,0.262,0.003,61.319,43.168,0,0.551,0.393,0.031,0.127,0.566,0.855,2.425,-1.726e-4,0,0.007,1.234,1.227,-0.001,905.991,0.001,336.705,0.233,6.4,32.17
26.965,3.257,2643.132,456.9,0.262,0.003,61.301,43.168,0,0.551,0.393,0.031,0.127,0.567,0.871,2.468,-1.202e-4,0,0.007,1.234,1.227,-4.858e-4,906.091,0.001,336.709,0.233,6.4,32.17
26.976,3.268,2643.132,456.9,0.262,0.003,61.297,43.168,0,0.551,0.393,0.031,0.127,0.567,0.874,2.475,-5.707e-5,0,0.007,1.234,1.227,-3.938e-5,906.19,0.001,336.712,0.234,6.4,32.17
26.987,3.233,2643.132,456.9,0.262,0.003,61.309,43.168,0,0.551,0.393,0.031,0.127,0.566,0.864,2.448,8.368e-5,0,0.007,1.234,1.227,8.371e-5,906.288,0.001,336.716,0.234,6.4,32.17
26.999,3.156,2643.132,456.9,0.262,0.003,61.335,43.168,0,0.551,0.393,0.031,0.127,0.566,0.842,2.389,2.193e-4,0,0.007,1.234,1.227,5.414e-4,906.387,0.001,336.719,0.234,6.4,32.17
27.01,3.026,2643.132,456.9,0.262,0.003,61.38,43.168,0,0.551,0.393,0.031,0.127,0.565,0.805,2.288,2.384e-4,0,0.007,1.234,1.227,0.001,906.489,0.001,336.723,0.234,6.4,32.17
27.022,2.862,2643.132,456.9,0.262,0.003,61.437,43.168,0,0.551,0.393,0.031,0.127,0.563,0.759,2.164,8.498e-5,0,0.007,1.234,1.227,0.002,906.596,0.001,336.727,0.235,6.4,32.17
27.035,2.684,2643.132,456.9,0.262,0.003,61.5,43.168,0,0.551,0.393,0.031,0.127,0.562,0.708,2.028,-3.933e-4,0,0.007,1.234,1.227,0.002,906.711,0.001,336.731,0.235,6.4,32.17
27.05,2.52,2643.132,456.9,0.262,0.003,61.559,43.168,0,0.551,0.393,0.031,0.127,0.561,0.663,1.904,2.18e-4,0,0.007,1.234,1.228,8.34e-4,906.838,0.001,336.735,0.235,6.4,32.17
27.066,2.404,2643.132,456.9,0.262,0.003,61.601,43.168,0,0.551,0.393,0.031,0.127,0.56,0.631,1.816,-3.215e-4,0,0.007,1.234,1.228,1.335e-4,906.981,0.001,336.74,0.236,6.4,32.17
27.084,2.368,2643.132,456.9,0.262,0.003,61.617,43.168,0,0.551,0.393,0.031,0.127,0.56,0.621,1.789,-4.624e-4,0,0.007,1.234,1.228,-1.924e-4,907.14,0.001,336.746,0.236,6.4,32.17
27.102,2.44,2643.132,456.9,0.262,0.003,61.594,43.168,0,0.551,0.393,0.031,0.127,0.56,0.641,1.846,4.694e-5,0,0.007,1.235,1.228,-0.001,907.298,0.001,336.751,0.236,6.4,32.17
27.117,2.597,2643.132,456.9,0.262,0.003,61.541,43.168,0,0.551,0.393,0.031,0.127,0.562,0.684,1.967,-4.104e-4,0,0.007,1.235,1.228,-0.002,907.438,0.001,336.756,0.237,6.4,32.17
27.131,2.752,2643.132,456.9,0.262,0.003,61.488,43.168,0,0.551,0.393,0.031,0.127,0.563,0.728,2.085,-7.111e-5,0,0.007,1.235,1.228,-0.002,907.562,0.001,336.761,0.237,6.4,32.17
27.144,2.878,2643.132,456.9,0.262,0.003,61.445,43.168,0,0.551,0.393,0.031,0.127,0.564,0.763,2.181,-1.736e-4,0,0.007,1.235,1.228,-0.002,907.676,0.001,336.765,0.237,6.4,32.17
27.156,2.965,2643.132,456.9,0.262,0.003,61.415,43.168,0,0.551,0.393,0.031,0.127,0.565,0.788,2.247,-1.702e-4,0,0.007,1.235,1.228,-0.001,907.783,0.001,336.769,0.237,6.4,32.17
27.168,3.015,2643.132,456.9,0.262,0.003,61.398,43.168,0,0.551,0.393,0.032,0.127,0.565,0.802,2.285,2.822e-4,0,0.007,1.235,1.228,-4.723e-4,907.886,0.001,336.772,0.238,6.4,32.17
27.179,3.032,2643.132,456.9,0.262,0.003,61.393,43.168,0,0.552,0.393,0.032,0.127,0.565,0.807,2.298,-1.469e-4,0,0.007,1.235,1.228,-1.022e-4,907.987,0.001,336.776,0.238,6.4,32.17
27.19,3.017,2643.132,456.9,0.262,0.003,61.398,43.168,0,0.552,0.393,0.032,0.127,0.565,0.803,2.286,1.418e-4,0,0.007,1.235,1.228,2.156e-6,908.086,0.001,336.779,0.238,6.4,32.17
27.201,2.969,2643.132,456.9,0.262,0.003,61.415,43.168,0,0.552,0.393,0.032,0.127,0.565,0.789,2.249,1.544e-4,0,0.007,1.235,1.228,1.559e-4,908.186,0.001,336.783,0.238,6.4,32.17
27.212,2.863,2643.132,456.9,0.262,0.003,61.452,43.168,0,0.552,0.393,0.032,0.127,0.564,0.759,2.168,-2.953e-4,0,0.007,1.235,1.228,5.396e-4,908.287,0.001,336.786,0.239,6.4,32.17
27.224,2.725,2643.132,456.9,0.262,0.003,61.5,43.168,0,0.552,0.393,0.032,0.127,0.563,0.72,2.062,3.995e-5,0,0.007,1.235,1.228,8.727e-4,908.391,0.001,336.79,0.239,6.4,32.17
27.236,2.571,2643.132,456.9,0.262,0.003,61.554,43.168,0,0.552,0.393,0.032,0.127,0.562,0.677,1.945,2.43e-4,0,0.007,1.235,1.228,8.644e-4,908.499,0.001,336.794,0.239,6.4,32.17
27.249,2.428,2643.132,456.9,0.262,0.003,61.605,43.168,0,0.552,0.393,0.032,0.127,0.561,0.638,1.836,2.096e-4,0,0.007,1.235,1.228,4.366e-4,908.613,0.001,336.798,0.239,6.4,32.17
27.262,2.355,2643.132,456.9,0.262,0.003,61.63,43.168,0,0.552,0.393,0.032,0.127,0.56,0.617,1.781,2.546e-4,0,0.007,1.235,1.228,4.691e-5,908.733,0.001,336.802,0.24,6.4,32.17
27.276,2.341,2643.132,456.9,0.262,0.003,61.635,43.168,0,0.552,0.393,0.032,0.127,0.56,0.613,1.77,-3.554e-4,0,0.006,1.235,1.228,-9.346e-5,908.856,0.001,336.806,0.24,6.4,32.17
27.29,2.385,2643.132,456.9,0.262,0.003,61.619,43.168,0,0.552,0.393,0.032,0.128,0.561,0.626,1.804,-3.894e-4,0,0.006,1.235,1.228,-6.03e-4,908.982,0.001,336.811,0.24,6.4,32.17
27.304,2.476,2643.132,456.9,0.262,0.003,61.586,43.168,0,0.552,0.393,0.032,0.128,0.561,0.651,1.874,-3.604e-4,0,0.006,1.235,1.228,-0.001,909.108,0.001,336.815,0.241,6.4,32.17
27.318,2.599,2643.132,456.9,0.262,0.003,61.542,43.168,0,0.552,0.393,0.032,0.128,0.562,0.685,1.968,9.688e-5,0,0.006,1.235,1.228,-0.001,909.234,0.001,336.82,0.241,6.4,32.17
27.331,2.72,2643.132,456.9,0.262,0.003,61.5,43.168,0,0.552,0.393,0.032,0.128,0.563,0.719,2.06,4.793e-4,0,0.006,1.235,1.229,-0.001,909.357,0.001,336.824,0.241,6.4,32.17
27.345,2.814,2643.132,456.9,0.262,0.003,61.467,43.168,0,0.552,0.393,0.032,0.128,0.564,0.745,2.131,-1.493e-4,0,0.006,1.235,1.229,-6.876e-4,909.479,0.001,336.828,0.241,6.4,32.17
27.358,2.851,2643.132,456.9,0.262,0.003,61.454,43.168,0,0.552,0.393,0.032,0.128,0.565,0.755,2.159,2.598e-4,0,0.006,1.235,1.229,-2.209e-4,909.598,0.001,336.833,0.242,6.4,32.17
27.371,2.835,2643.132,456.9,0.262,0.003,61.459,43.168,0,0.552,0.393,0.032,0.128,0.564,0.751,2.146,1.917e-4,0,0.006,1.235,1.229,-1.408e-5,909.717,0.001,336.837,0.242,6.4,32.17
27.384,2.784,2643.132,456.9,0.262,0.003,61.477,43.168,0,0.552,0.393,0.032,0.128,0.564,0.737,2.108,3.541e-4,0,0.006,1.235,1.229,3.577e-5,909.839,0.001,336.841,0.242,6.4,32.17
27.398,2.705,2643.132,456.9,0.262,0.003,61.504,43.168,0,0.552,0.393,0.032,0.128,0.564,0.715,2.047,3.475e-4,0,0.006,1.235,1.229,1.715e-4,909.966,0.001,336.845,0.243,6.4,32.17
27.413,2.601,2643.132,456.9,0.262,0.003,61.539,43.168,0,0.552,0.393,0.032,0.128,0.563,0.685,1.967,2.254e-5,0,0.006,1.235,1.229,3.901e-4,910.1,0.001,336.85,0.243,6.4,32.17
27.429,2.464,2643.132,456.9,0.262,0.003,61.587,43.168,0,0.552,0.393,0.032,0.128,0.562,0.647,1.863,-4.268e-4,0,0.006,1.235,1.229,4.255e-4,910.245,0.001,336.855,0.243,6.4,32.17
27.447,2.324,2643.132,456.9,0.262,0.003,61.634,43.168,0,0.552,0.393,0.032,0.128,0.561,0.609,1.757,-3.324e-4,0,0.006,1.235,1.229,1.215e-4,910.408,0.001,336.861,0.244,6.4,32.17
27.464,2.319,2643.132,456.9,0.262,0.003,61.634,43.168,0,0.553,0.393,0.032,0.128,0.561,0.607,1.753,1.669e-4,0,0.006,1.235,1.229,-3.781e-5,910.565,0.001,336.867,0.244,6.4,32.17
27.479,2.389,2643.132,456.9,0.262,0.003,61.608,43.168,0,0.553,0.392,0.032,0.128,0.562,0.627,1.806,2.332e-4,0,0.006,1.235,1.229,-2.71e-4,910.708,0.001,336.872,0.244,6.4,32.17
27.494,2.468,2643.132,456.9,0.262,0.003,61.58,43.168,0,0.553,0.392,0.032,0.128,0.562,0.648,1.866,-1.223e-4,0,0.006,1.235,1.229,-3.675e-4,910.839,0.001,336.876,0.245,6.4,32.17
27.507,2.524,2643.132,456.9,0.262,0.003,61.559,43.168,0,0.553,0.392,0.032,0.128,0.563,0.664,1.909,2.484e-4,0,0.006,1.235,1.229,-3.401e-4,910.962,0.001,336.881,0.245,6.4,32.17
27.52,2.564,2643.132,456.9,0.262,0.003,61.545,43.168,0,0.553,0.392,0.032,0.128,0.563,0.675,1.939,2.101e-4,0,0.006,1.235,1.229,-2.682e-4,911.08,0.001,336.885,0.245,6.4,32.17
27.532,2.589,2643.132,456.9,0.262,0.003,61.536,43.168,0,0.553,0.392,0.033,0.128,0.563,0.682,1.958,1.584e-5,0,0.006,1.235,1.229,-1.591e-4,911.193,0.001,336.889,0.245,6.4,32.17
27.544,2.596,2643.132,456.9,0.262,0.003,61.534,43.168,0,0.553,0.392,0.033,0.128,0.563,0.684,1.963,1.217e-4,0,0.006,1.235,1.229,-6.504e-5,911.305,0.001,336.893,0.246,6.4,32.17
27.556,2.595,2643.132,456.9,0.262,0.003,61.534,43.168,0,0.553,0.392,0.033,0.128,0.563,0.684,1.963,4.449e-4,0,0.006,1.235,1.229,-1.706e-5,911.415,0.001,336.897,0.246,6.4,32.17
27.568,2.593,2643.132,456.9,0.262,0.003,61.535,43.168,0,0.553,0.392,0.033,0.128,0.563,0.683,1.961,-3.836e-4,0,0.006,1.235,1.229,-1.08e-7,911.524,0.001,336.9,0.246,6.4,32.17
27.58,2.578,2643.132,456.9,0.262,0.003,61.54,43.168,0,0.553,0.392,0.033,0.128,0.563,0.679,1.95,2.886e-5,0,0.006,1.235,1.229,1.391e-5,911.633,0.001,336.904,0.246,6.4,32.17
27.591,2.549,2643.132,456.9,0.262,0.003,61.551,43.168,0,0.553,0.392,0.033,0.128,0.563,0.671,1.927,-2.692e-4,0,0.006,1.235,1.229,5.562e-5,911.742,0.001,336.908,0.247,6.4,32.17
27.603,2.505,2643.132,456.9,0.262,0.003,61.566,43.168,0,0.553,0.392,0.033,0.128,0.563,0.659,1.894,4.67e-4,0,0.006,1.235,1.229,1.044e-4,911.852,0.001,336.912,0.247,6.4,32.17
27.615,2.451,2643.132,456.9,0.262,0.003,61.586,43.168,0,0.553,0.392,0.033,0.128,0.562,0.644,1.853,4.169e-4,0,0.006,1.235,1.23,1.291e-4,911.965,0.001,336.916,0.247,6.4,32.17
27.628,2.389,2643.132,456.9,0.262,0.003,61.608,43.168,0,0.553,0.392,0.033,0.128,0.562,0.627,1.806,4.311e-4,0,0.006,1.235,1.23,1.018e-4,912.08,0.001,336.92,0.247,6.4,32.17
27.641,2.33,2643.132,456.9,0.262,0.003,61.629,43.168,0,0.553,0.392,0.033,0.128,0.562,0.61,1.761,-1.825e-4,0,0.006,1.236,1.23,3.323e-5,912.198,0.001,336.924,0.248,6.4,32.17
27.654,2.288,2643.132,456.9,0.262,0.003,61.645,43.168,0,0.553,0.392,0.033,0.128,0.561,0.599,1.73,-2.35e-5,0,0.006,1.236,1.23,-5.49e-6,912.322,0.001,336.929,0.248,6.4,32.17
27.668,2.292,2643.132,456.9,0.262,0.003,61.645,43.168,0,0.553,0.392,0.033,0.128,0.562,0.6,1.733,4.377e-4,0,0.006,1.236,1.23,-1.75e-4,912.451,0.001,336.933,0.248,6.4,32.17
27.682,2.338,2643.132,456.9,0.262,0.003,61.63,43.168,0,0.553,0.392,0.033,0.128,0.562,0.613,1.768,9.757e-5,0,0.006,1.236,1.23,-4.934e-4,912.585,0.001,336.938,0.248,6.4,32.17
27.697,2.416,2643.132,456.9,0.262,0.003,61.604,43.168,0,0.553,0.392,0.033,0.128,0.563,0.634,1.828,-2.903e-4,0,0.006,1.236,1.23,-7.106e-4,912.724,0.001,336.943,0.249,6.4,32.17
27.712,2.501,2643.132,456.9,0.262,0.003,61.575,43.168,0,0.553,0.392,0.033,0.128,0.563,0.658,1.893,-7.203e-5,0,0.006,1.236,1.23,-6.538e-4,912.865,0.001,336.948,0.249,6.4,32.17
27.727,2.572,2643.132,456.9,0.262,0.003,61.552,43.168,0,0.554,0.392,0.033,0.128,0.564,0.678,1.947,4.532e-4,0,0.006,1.236,1.23,-3.813e-4,913.008,0.001,336.953,0.249,6.4,32.17
27.743,2.609,2643.132,456.9,0.262,0.003,61.54,43.168,0,0.554,0.392,0.033,0.128,0.564,0.688,1.975,8.516e-5,0,0.006,1.236,1.23,-1.015e-4,913.154,0.001,336.958,0.25,6.4,32.17
27.759,2.6,2643.132,456.9,0.262,0.003,61.544,43.168,0,0.554,0.392,0.033,0.128,0.564,0.685,1.968,-2.708e-4,0,0.006,1.236,1.23,4.756e-7,913.303,0.001,336.963,0.25,6.4,32.17
27.774,2.546,2643.132,456.9,0.262,0.003,61.564,43.168,0,0.554,0.392,0.033,0.128,0.564,0.67,1.927,-3.404e-4,0,0.006,1.236,1.23,9.947e-5,913.449,0.001,336.968,0.25,6.4,32.17
27.789,2.459,2643.132,456.9,0.262,0.003,61.595,43.168,0,0.554,0.392,0.033,0.128,0.563,0.646,1.861,-4.105e-4,0,0.006,1.236,1.23,2.508e-4,913.592,0.001,336.973,0.251,6.4,32.17
27.805,2.357,2643.132,456.9,0.262,0.003,61.632,43.168,0,0.554,0.392,0.033,0.128,0.563,0.618,1.783,3.486e-4,0,0.006,1.236,1.23,2.801e-4,913.734,0.001,336.978,0.251,6.4,32.17
27.819,2.259,2643.132,456.9,0.262,0.003,61.669,43.168,0,0.554,0.392,0.033,0.128,0.562,0.591,1.709,2.197e-4,0,0.006,1.236,1.23,1.341e-4,913.875,0.001,336.983,0.251,6.4,32.17
27.834,2.196,2643.132,456.9,0.262,0.003,61.693,43.168,0,0.554,0.392,0.033,0.128,0.562,0.574,1.661,2.342e-4,0,0.006,1.236,1.23,1.435e-6,914.014,0.001,336.988,0.251,6.4,32.17
27.848,2.184,2643.132,456.9,0.262,0.003,61.698,43.168,0,0.554,0.392,0.033,0.128,0.562,0.57,1.652,-2.243e-5,0,0.006,1.236,1.23,-1.282e-4,914.15,0.001,336.993,0.252,6.4,32.17
27.862,2.226,2643.132,456.9,0.262,0.003,61.684,43.168,0,0.554,0.392,0.033,0.128,0.562,0.582,1.684,-2.938e-4,0,0.006,1.236,1.23,-5.711e-4,914.281,0.001,336.998,0.252,6.4,32.17
27.875,2.313,2643.132,456.9,0.262,0.003,61.654,43.168,0,0.554,0.392,0.033,0.128,0.563,0.606,1.752,-1.747e-4,0,0.006,1.236,1.23,-9.765e-4,914.405,0.001,337.002,0.252,6.4,32.17
27.888,2.417,2643.132,456.9,0.262,0.003,61.617,43.168,0,0.554,0.392,0.034,0.128,0.563,0.635,1.831,2.951e-5,0,0.006,1.236,1.23,-0.001,914.524,0.001,337.006,0.253,6.4,32.17
27.9,2.514,2643.132,456.9,0.262,0.003,61.583,43.168,0,0.554,0.392,0.034,0.128,0.564,0.662,1.905,-3.433e-4,0,0.006,1.236,1.23,-7.812e-4,914.637,0.001,337.01,0.253,6.4,32.17
27.911,2.564,2643.132,456.9,0.262,0.003,61.566,43.168,0,0.554,0.392,0.034,0.128,0.564,0.676,1.943,5.573e-5,0,0.006,1.236,1.23,-4.108e-4,914.745,0.001,337.014,0.253,6.4,32.17
27.922,2.588,2643.132,456.9,0.262,0.003,61.558,43.168,0,0.554,0.392,0.034,0.128,0.565,0.682,1.961,1.881e-5,0,0.006,1.236,1.231,-1.302e-4,914.852,0.001,337.018,0.253,6.4,32.17
27.933,2.584,2643.132,456.9,0.262,0.003,61.559,43.168,0,0.554,0.392,0.034,0.128,0.565,0.681,1.957,-4.203e-4,0,0.006,1.236,1.231,-5.02e-6,914.957,0.001,337.021,0.253,6.4,32.17
27.945,2.553,2643.132,456.9,0.262,0.003,61.57,43.168,0,0.554,0.392,0.034,0.128,0.565,0.672,1.934,-2.722e-4,0,0.005,1.236,1.231,4.177e-5,915.063,0.001,337.025,0.254,6.4,32.17
27.956,2.498,2643.132,456.9,0.262,0.003,61.59,43.168,0,0.554,0.392,0.034,0.128,0.564,0.657,1.891,-1.598e-4,0,0.005,1.236,1.231,1.941e-4,915.17,0.001,337.029,0.254,6.4,32.17
27.967,2.422,2643.132,456.9,0.262,0.003,61.616,43.168,0,0.554,0.392,0.034,0.128,0.564,0.636,1.833,-1.199e-4,0,0.005,1.236,1.231,3.732e-4,915.28,0.001,337.033,0.254,6.4,32.17
27.979,2.331,2643.132,456.9,0.262,0.003,61.648,43.168,0,0.555,0.392,0.034,0.128,0.563,0.611,1.764,-3.344e-4,0,0.005,1.236,1.231,4.683e-4,915.394,0.001,337.037,0.254,6.4,32.17
27.992,2.237,2643.132,456.9,0.262,0.003,61.681,43.168,0,0.555,0.392,0.034,0.128,0.562,0.585,1.692,-2.432e-4,0,0.005,1.236,1.231,3.954e-4,915.514,0.001,337.041,0.255,6.4,32.17
28.005,2.151,2643.132,456.9,0.262,0.003,61.711,43.168,0,0.555,0.392,0.034,0.128,0.562,0.562,1.627,-2.364e-4,0,0.005,1.236,1.231,1.806e-4,915.641,0.001,337.046,0.255,6.4,32.17
28.019,2.09,2643.132,456.9,0.262,0.003,61.732,43.168,0,0.555,0.392,0.034,0.128,0.562,0.545,1.58,1.242e-4,0,0.005,1.236,1.231,4.125e-6,915.778,0.001,337.05,0.255,6.4,32.17
28.035,2.08,2643.132,456.9,0.262,0.003,61.733,43.168,0,0.555,0.392,0.034,0.128,0.562,0.542,1.573,-3.442e-4,0,0.005,1.236,1.231,-1.654e-4,915.926,0.001,337.056,0.255,6.4,32.17
28.051,2.139,2643.132,456.9,0.262,0.003,61.71,43.168,0,0.555,0.392,0.034,0.129,0.562,0.558,1.619,4.276e-4,0,0.005,1.236,1.231,-6.969e-4,916.087,0.001,337.061,0.256,6.4,32.17
28.07,2.257,2643.132,456.9,0.262,0.003,61.667,43.168,0,0.555,0.392,0.034,0.129,0.563,0.591,1.708,-2.431e-4,0,0.005,1.236,1.231,-0.001,916.262,0.001,337.067,0.256,6.4,32.17
28.086,2.366,2643.132,456.9,0.262,0.003,61.627,43.168,0,0.555,0.392,0.034,0.129,0.564,0.621,1.791,3.801e-4,0,0.005,1.236,1.231,-8.829e-4,916.417,0.001,337.073,0.256,6.4,32.17
28.1,2.443,2643.132,456.9,0.262,0.003,61.6,43.168,0,0.555,0.392,0.034,0.129,0.564,0.642,1.849,9.77e-5,0,0.005,1.236,1.231,-4.932e-4,916.557,0.001,337.078,0.257,6.4,32.17
28.114,2.472,2643.132,456.9,0.262,0.003,61.589,43.168,0,0.555,0.392,0.034,0.129,0.565,0.65,1.871,4.459e-4,0,0.005,1.236,1.231,-1.484e-4,916.688,0.001,337.082,0.257,6.4,32.17
28.127,2.462,2643.132,456.9,0.262,0.003,61.593,43.168,0,0.555,0.392,0.034,0.129,0.565,0.647,1.864,1.938e-4,0,0.005,1.236,1.231,-4.812e-6,916.815,0.001,337.087,0.257,6.4,32.17
28.14,2.419,2643.132,456.9,0.262,0.003,61.607,43.168,0,0.555,0.392,0.034,0.129,0.564,0.635,1.83,-2.816e-4,0,0.005,1.236,1.231,4.214e-5,916.94,0.001,337.091,0.258,6.4,32.17
28.153,2.352,2643.132,456.9,0.262,0.003,61.631,43.168,0,0.555,0.392,0.034,0.129,0.564,0.617,1.779,-4.423e-4,0,0.005,1.236,1.231,1.661e-4,917.065,0.001,337.096,0.258,6.4,32.17
28.166,2.274,2643.132,456.9,0.262,0.003,61.658,43.168,0,0.555,0.392,0.034,0.129,0.563,0.595,1.72,-3.078e-4,0,0.005,1.236,1.231,2.775e-4,917.192,0.001,337.1,0.258,6.4,32.17
28.179,2.189,2643.132,456.9,0.262,0.003,61.688,43.168,0,0.555,0.392,0.034,0.129,0.563,0.572,1.654,3.564e-4,0,0.005,1.237,1.231,2.782e-4,917.319,0.001,337.105,0.258,6.4,32.17
28.192,2.111,2643.132,456.9,0.262,0.003,61.715,43.168,0,0.555,0.392,0.034,0.129,0.562,0.551,1.596,4.303e-4,0,0.005,1.237,1.231,1.56e-4,917.448,0.001,337.109,0.259,6.4,32.17
28.206,2.064,2643.132,456.9,0.262,0.003,61.731,43.168,0,0.555,0.392,0.035,0.129,0.562,0.538,1.56,-2.874e-4,0,0.005,1.237,1.231,1.181e-5,917.578,0.001,337.114,0.259,6.4,32.17
28.219,2.075,2643.132,456.9,0.262,0.003,61.727,43.168,0,0.555,0.392,0.035,0.129,0.562,0.541,1.568,-3.747e-4,0,0.005,1.237,1.231,-5.474e-5,917.709,0.001,337.118,0.259,6.4,32.17
28.232,2.124,2643.132,456.9,0.262,0.003,61.71,43.168,0,0.556,0.392,0.035,0.129,0.563,0.554,1.605,1.513e-4,0,0.005,1.237,1.232,-2.139e-4,917.837,0.001,337.123,0.259,6.4,32.17
28.245,2.188,2643.132,456.9,0.262,0.003,61.687,43.168,0,0.556,0.392,0.035,0.129,0.563,0.572,1.655,5.554e-5,0,0.005,1.237,1.232,-2.885e-4,917.962,0.001,337.127,0.26,6.4,32.17
28.257,2.24,2643.132,456.9,0.262,0.003,61.669,43.168,0,0.556,0.392,0.035,0.129,0.564,0.586,1.694,-3.098e-4,0,0.005,1.237,1.232,-2.408e-4,918.084,0.001,337.132,0.26,6.4,32.17
28.27,2.273,2643.132,456.9,0.262,0.003,61.658,43.168,0,0.556,0.392,0.035,0.129,0.564,0.595,1.719,-6.457e-5,0,0.005,1.237,1.232,-1.393e-4,918.204,0.001,337.136,0.26,6.4,32.17
28.282,2.284,2643.132,456.9,0.262,0.003,61.655,43.168,0,0.556,0.392,0.035,0.129,0.564,0.598,1.727,7.522e-5,0,0.005,1.237,1.232,-4.627e-5,918.324,0.001,337.14,0.26,6.4,32.17
28.294,2.271,2643.132,456.9,0.262,0.003,61.66,43.168,0,0.556,0.392,0.035,0.129,0.564,0.594,1.718,-3.393e-4,0,0.005,1.237,1.232,-2.796e-6,918.444,0.001,337.144,0.261,6.4,32.17
28.307,2.244,2643.132,456.9,0.262,0.003,61.67,43.168,0,0.556,0.392,0.035,0.129,0.564,0.587,1.698,-3.399e-4,0,0.005,1.237,1.232,9.212e-7,918.566,0.001,337.149,0.261,6.4,32.17
28.319,2.223,2643.132,456.9,0.262,0.003,61.679,43.168,0,0.556,0.392,0.035,0.129,0.564,0.581,1.681,4.476e-4,0,0.005,1.237,1.232,1.909e-6,918.691,0.001,337.153,0.261,6.4,32.17
28.333,2.206,2643.132,456.9,0.262,0.003,61.686,43.168,0,0.556,0.392,0.035,0.129,0.564,0.577,1.668,4.308e-4,0,0.005,1.237,1.232,2.091e-6,918.821,0.001,337.158,0.261,6.4,32.17
28.346,2.191,2643.132,456.9,0.262,0.003,61.692,43.168,0,0.556,0.392,0.035,0.129,0.564,0.573,1.658,3.676e-4,0,0.005,1.237,1.232,2.223e-6,918.956,0.001,337.162,0.262,6.4,32.17
28.361,2.165,2643.132,456.9,0.262,0.003,61.703,43.168,0,0.556,0.392,0.035,0.129,0.563,0.566,1.638,-3.256e-4,0,0.005,1.237,1.232,9.609e-7,919.098,0.001,337.167,0.262,6.4,32.17
28.376,2.14,2643.132,456.9,0.262,0.003,61.713,43.168,0,0.556,0.392,0.035,0.129,0.563,0.559,1.619,2.752e-4,0,0.005,1.237,1.232,-8.096e-7,919.248,0.001,337.173,0.262,6.4,32.17
28.392,2.125,2643.132,456.9,0.262,0.003,61.72,43.168,0,0.556,0.392,0.035,0.129,0.563,0.555,1.608,-2.075e-4,0,0.005,1.237,1.232,-1.36e-5,919.41,0.001,337.178,0.262,6.4,32.17
28.41,2.128,2643.132,456.9,0.262,0.003,61.721,43.168,0,0.556,0.392,0.035,0.129,0.563,0.555,1.61,1.317e-4,0,0.005,1.237,1.232,-5.324e-5,919.581,0.001,337.184,0.263,6.4,32.17
28.425,2.151,2643.132,456.9,0.262,0.003,61.715,43.168,0,0.556,0.392,0.035,0.129,0.564,0.562,1.628,-2.411e-4,0,0.005,1.237,1.232,-8.974e-5,919.736,0.001,337.19,0.263,6.4,32.17
28.44,2.177,2643.132,456.9,0.262,0.003,61.706,43.168,0,0.556,0.392,0.035,0.129,0.564,0.569,1.648,2.228e-4,0,0.005,1.237,1.232,-8.243e-5,919.88,0.001,337.195,0.263,6.4,32.17
28.454,2.195,2643.132,456.9,0.262,0.003,61.701,43.168,0,0.556,0.392,0.035,0.129,0.564,0.574,1.662,-2.775e-4,0,0.005,1.237,1.232,-4.511e-5,920.017,0.001,337.2,0.264,6.4,32.17
28.467,2.196,2643.132,456.9,0.262,0.003,61.701,43.168,0,0.556,0.392,0.035,0.129,0.564,0.574,1.663,-2.295e-4,0,0.005,1.237,1.232,-1.175e-5,920.148,0.001,337.204,0.264,6.4,32.17
28.48,2.182,2643.132,456.9,0.262,0.003,61.707,43.168,0,0.557,0.392,0.035,0.129,0.564,0.57,1.652,2.536e-4,0,0.005,1.237,1.232,-1.732e-8,920.275,0.001,337.209,0.264,6.4,32.17
28.492,2.154,2643.132,456.9,0.262,0.003,61.718,43.168,0,0.557,0.392,0.035,0.129,0.564,0.562,1.63,4.402e-4,0,0.005,1.237,1.232,5.6e-6,920.401,0.001,337.213,0.264,6.4,32.17
28.505,2.117,2643.132,456.9,0.262,0.003,61.732,43.168,0,0.557,0.392,0.035,0.129,0.564,0.552,1.602,-2.637e-4,0,0.005,1.237,1.232,6.173e-6,920.527,0.001,337.218,0.265,6.4,32.17
28.517,2.089,2643.132,456.9,0.262,0.003,61.742,43.168,0,0.557,0.392,0.035,0.129,0.564,0.545,1.581,2.415e-4,0,0.005,1.237,1.232,-1.285e-7,920.652,0.001,337.222,0.265,6.4,32.17
28.53,2.08,2643.132,456.9,0.262,0.003,61.746,43.168,0,0.557,0.392,0.036,0.129,0.564,0.542,1.574,4.037e-4,0,0.005,1.237,1.232,-1.453e-5,920.777,0.001,337.227,0.265,6.4,32.17
28.543,2.087,2643.132,456.9,0.262,0.003,61.744,43.168,0,0.557,0.392,0.036,0.129,0.564,0.544,1.579,3.248e-4,0,0.005,1.237,1.232,-4.542e-5,920.902,0.001,337.231,0.265,6.4,32.17
28.555,2.099,2643.132,456.9,0.262,0.003,61.74,43.168,0,0.557,0.392,0.036,0.129,0.564,0.548,1.589,-4.812e-4,0,0.005,1.237,1.232,-6.95e-5,921.026,0.001,337.235,0.266,6.4,32.17
28.567,2.107,2643.132,456.9,0.262,0.003,61.737,43.168,0,0.557,0.392,0.036,0.129,0.564,0.55,1.595,1.708e-4,0,0.005,1.237,1.233,-8.271e-5,921.149,0.001,337.24,0.266,6.4,32.17
28.58,2.118,2643.132,456.9,0.262,0.003,61.732,43.168,0,0.557,0.392,0.036,0.129,0.564,0.553,1.604,2e-4,0,0.005,1.237,1.233,-8.241e-5,921.273,0.001,337.244,0.266,6.4,32.17
28.592,2.129,2643.132,456.9,0.262,0.003,61.728,43.168,0,0.557,0.392,0.036,0.129,0.564,0.556,1.612,-3.241e-4,0,0.005,1.237,1.233,-6.714e-5,921.397,0.001,337.249,0.266,6.4,32.17
28.605,2.136,2643.132,456.9,0.262,0.003,61.725,43.168,0,0.557,0.392,0.036,0.129,0.564,0.558,1.617,3.9e-4,0,0.005,1.237,1.233,-4.577e-5,921.523,0.001,337.253,0.267,6.4,32.17
28.617,2.14,2643.132,456.9,0.262,0.003,61.724,43.168,0,0.557,0.392,0.036,0.129,0.564,0.559,1.619,-3.686e-4,0,0.005,1.237,1.233,-2.614e-5,921.651,0.001,337.257,0.267,6.4,32.17
28.63,2.138,2643.132,456.9,0.262,0.003,61.724,43.168,0,0.557,0.392,0.036,0.129,0.564,0.558,1.619,4.704e-4,0,0.005,1.237,1.233,-8.486e-6,921.781,0.001,337.262,0.267,6.4,32.17
28.644,2.129,2643.132,456.9,0.262,0.003,61.726,43.168,0,0.557,0.392,0.036,0.129,0.564,0.556,1.612,9.745e-5,0,0.005,1.237,1.233,-1.565e-7,921.914,0.001,337.267,0.267,6.4,32.17
28.657,2.105,2643.132,456.9,0.262,0.003,61.734,43.168,0,0.557,0.392,0.036,0.129,0.564,0.549,1.594,2.058e-5,0,0.005,1.237,1.233,4.112e-6,922.052,0.001,337.272,0.268,6.4,32.17
28.672,2.068,2643.132,456.9,0.262,0.003,61.747,43.168,0,0.557,0.392,0.036,0.129,0.564,0.539,1.565,1.715e-4,0,0.005,1.237,1.233,1.034e-5,922.197,0.001,337.277,0.268,6.4,32.17
28.687,2.025,2643.132,456.9,0.262,0.003,61.761,43.168,0,0.557,0.392,0.036,0.129,0.564,0.527,1.532,2.204e-4,0,0.005,1.237,1.233,5.076e-6,922.351,0.001,337.282,0.268,6.4,32.17
28.704,1.989,2643.132,456.9,0.262,0.003,61.772,43.168,0,0.557,0.392,0.036,0.129,0.564,0.518,1.504,-3.487e-4,0,0.005,1.238,1.233,-1.64e-6,922.52,0.001,337.288,0.268,6.4,32.17
28.721,1.972,2643.132,456.9,0.262,0.003,61.777,43.168,0,0.557,0.392,0.036,0.129,0.564,0.513,1.492,3.982e-4,0,0.005,1.238,1.233,-4.019e-5,922.695,0.001,337.294,0.269,6.4,32.17
28.737,1.979,2643.132,456.9,0.262,0.003,61.773,43.168,0,0.558,0.392,0.036,0.129,0.564,0.515,1.497,9.259e-5,0,0.005,1.238,1.233,-1.225e-4,922.855,0.001,337.3,0.269,6.4,32.17
28.752,2.005,2643.132,456.9,0.262,0.003,61.763,43.168,0,0.558,0.392,0.036,0.129,0.564,0.522,1.517,2.235e-4,0,0.005,1.238,1.233,-2.04e-4,923.005,0.001,337.305,0.269,6.4,32.17
28.765,2.061,2643.132,456.9,0.262,0.003,61.742,43.168,0,0.558,0.392,0.036,0.129,0.564,0.537,1.56,-2.391e-4,0,0.005,1.238,1.233,-2.164e-4,923.145,0.001,337.31,0.27,6.4,32.17
28.778,2.108,2643.132,456.9,0.262,0.003,61.725,43.168,0,0.558,0.392,0.036,0.129,0.565,0.55,1.595,4.303e-5,0,0.004,1.238,1.233,-1.316e-4,923.278,0.001,337.315,0.27,6.4,32.17
28.791,2.132,2643.132,456.9,0.262,0.003,61.716,43.168,0,0.558,0.392,0.036,0.129,0.565,0.557,1.614,-2.173e-5,0,0.004,1.238,1.233,-3.558e-5,923.404,0.001,337.319,0.27,6.4,32.17
28.803,2.126,2643.132,456.9,0.262,0.003,61.718,43.168,0,0.558,0.392,0.036,0.129,0.565,0.555,1.609,-1.372e-4,0,0.004,1.238,1.233,-5.092e-7,923.528,0.001,337.324,0.27,6.4,32.17
28.815,2.102,2643.132,456.9,0.262,0.003,61.726,43.168,0,0.558,0.392,0.036,0.13,0.565,0.548,1.59,3.644e-4,0,0.004,1.238,1.233,1.133e-7,923.65,0.001,337.328,0.271,6.4,32.17
28.827,2.088,2643.132,456.9,0.262,0.003,61.731,43.168,0,0.558,0.392,0.036,0.13,0.565,0.545,1.58,4.735e-4,0,0.004,1.238,1.233,6.971e-7,923.772,0.001,337.332,0.271,6.4,32.17
28.839,2.083,2643.132,456.9,0.262,0.003,61.733,43.168,0,0.558,0.392,0.036,0.13,0.565,0.543,1.576,4.721e-4,0,0.004,1.238,1.233,2.534e-6,923.894,0.001,337.337,0.271,6.4,32.17
28.851,2.079,2643.132,456.9,0.262,0.003,61.735,43.168,0,0.558,0.392,0.036,0.13,0.565,0.542,1.573,2.212e-4,0,0.004,1.238,1.233,1.113e-5,924.015,0.001,337.341,0.271,6.4,32.17
28.863,2.021,2643.132,456.9,0.262,0.003,61.756,43.168,0,0.558,0.392,0.037,0.13,0.565,0.526,1.529,3.179e-4,0,0.004,1.238,1.233,3.676e-5,924.137,0.001,337.345,0.271,6.4,32.17
28.875,1.957,2643.132,456.9,0.262,0.003,61.779,43.168,0,0.558,0.392,0.037,0.13,0.564,0.509,1.48,-7.773e-5,0,0.004,1.238,1.233,2.908e-5,924.262,0.001,337.349,0.272,6.4,32.17
28.888,1.902,2643.132,456.9,0.262,0.003,61.799,43.168,0,0.558,0.392,0.037,0.13,0.564,0.494,1.438,3.062e-4,0,0.004,1.238,1.233,7.104e-7,924.391,0.001,337.354,0.272,6.4,32.17
28.901,1.876,2643.132,456.9,0.262,0.003,61.81,43.168,0,0.558,0.392,0.037,0.13,0.564,0.487,1.418,4.227e-4,0,0.004,1.238,1.234,-4.589e-5,924.527,0.001,337.359,0.272,6.4,32.17
28.915,1.891,2643.132,456.9,0.262,0.003,61.806,43.168,0,0.558,0.392,0.037,0.13,0.564,0.491,1.43,4.893e-5,0,0.004,1.238,1.234,-1.868e-4,924.667,0.001,337.364,0.272,6.4,32.17
28.929,1.934,2643.132,456.9,0.262,0.003,61.792,43.168,0,0.558,0.392,0.037,0.13,0.564,0.503,1.464,3.021e-4,0,0.004,1.238,1.234,-3.384e-4,924.813,0.001,337.369,0.273,6.4,32.17
28.943,1.995,2643.132,456.9,0.262,0.003,61.771,43.168,0,0.558,0.392,0.037,0.13,0.565,0.519,1.51,-4.207e-4,0,0.004,1.238,1.234,-3.725e-4,924.961,0.001,337.374,0.273,6.4,32.17
28.958,2.043,2643.132,456.9,0.262,0.003,61.755,43.168,0,0.558,0.392,0.037,0.13,0.565,0.532,1.546,2.226e-4,0,0.004,1.238,1.234,-2.491e-4,925.112,0.001,337.379,0.273,6.4,32.17
28.973,2.06,2643.132,456.9,0.262,0.003,61.75,43.168,0,0.558,0.392,0.037,0.13,0.565,0.537,1.559,4.598e-4,0,0.004,1.238,1.234,-1.042e-4,925.266,0.001,337.385,0.273,6.4,32.17
28.988,2.053,2643.132,456.9,0.262,0.003,61.754,43.168,0,0.559,0.392,0.037,0.13,0.565,0.535,1.554,4.215e-4,0,0.004,1.238,1.234,-1.907e-5,925.426,0.001,337.391,0.274,6.4,32.17
29.005,2.025,2643.132,456.9,0.262,0.003,61.765,43.168,0,0.559,0.392,0.037,0.13,0.565,0.527,1.532,2.854e-4,0,0.004,1.238,1.234,4.696e-7,925.595,0.001,337.397,0.274,6.4,32.17
29.021,1.985,2643.132,456.9,0.262,0.003,61.781,43.168,0,0.559,0.392,0.037,0.13,0.565,0.517,1.502,-1.51e-4,0,0.004,1.238,1.234,1.469e-5,925.761,0.001,337.402,0.274,6.4,32.17
29.036,1.944,2643.132,456.9,0.262,0.003,61.797,43.168,0,0.559,0.392,0.037,0.13,0.565,0.505,1.471,8.071e-5,0,0.004,1.238,1.234,2.318e-5,925.921,0.001,337.408,0.275,6.4,32.17
29.051,1.907,2643.132,456.9,0.262,0.003,61.812,43.168,0,0.559,0.392,0.037,0.13,0.565,0.495,1.443,4.506e-4,0,0.004,1.238,1.234,1.754e-5,926.074,0.001,337.413,0.275,6.4,32.17
29.065,1.85,2643.132,456.9,0.262,0.003,61.834,43.168,0,0.559,0.392,0.037,0.13,0.564,0.48,1.4,9.191e-5,0,0.004,1.238,1.234,5.903e-6,926.223,0.001,337.419,0.275,6.4,32.17
29.08,1.808,2643.132,456.9,0.262,0.003,61.85,43.168,0,0.559,0.392,0.037,0.13,0.564,0.469,1.369,9.33e-5,0,0.004,1.238,1.234,-8.677e-6,926.37,0.001,337.424,0.275,6.4,32.17
29.094,1.797,2643.132,456.9,0.262,0.003,61.855,43.168,0,0.559,0.392,0.037,0.13,0.564,0.466,1.36,4.732e-4,0,0.004,1.238,1.234,-1.072e-4,926.515,0.001,337.429,0.276,6.4,32.17
29.107,1.823,2643.132,456.9,0.262,0.003,61.847,43.168,0,0.559,0.392,0.037,0.13,0.564,0.473,1.381,-3.629e-4,0,0.004,1.238,1.234,-2.751e-4,926.656,0.001,337.434,0.276,6.4,32.17
29.12,1.871,2643.132,456.9,0.262,0.003,61.83,43.168,0,0.559,0.392,0.037,0.13,0.565,0.486,1.417,3.679e-4,0,0.004,1.238,1.234,-3.8e-4,926.792,0.001,337.439,0.276,6.4,32.17
29.133,1.924,2643.132,456.9,0.262,0.003,61.811,43.168,0,0.559,0.392,0.037,0.13,0.565,0.5,1.458,-3.492e-4,0,0.004,1.238,1.234,-3.683e-4,926.924,0.001,337.443,0.276,6.4,32.17
29.145,1.971,2643.132,456.9,0.262,0.003,61.794,43.168,0,0.559,0.392,0.037,0.13,0.565,0.513,1.493,-1.164e-4,0,0.004,1.238,1.234,-2.6e-4,927.052,0.001,337.448,0.277,6.4,32.17
29.157,1.995,2643.132,456.9,0.262,0.003,61.785,43.168,0,0.559,0.392,0.037,0.13,0.566,0.52,1.512,2.72e-4,0,0.004,1.238,1.234,-1.177e-4,927.177,0.001,337.452,0.277,6.4,32.17
29.169,1.994,2643.132,456.9,0.262,0.003,61.785,43.168,0,0.559,0.392,0.037,0.13,0.566,0.519,1.511,4.625e-4,0,0.004,1.238,1.234,-2.5e-5,927.302,0.001,337.457,0.277,6.4,32.17
29.181,1.973,2643.132,456.9,0.262,0.003,61.793,43.168,0,0.559,0.392,0.037,0.13,0.566,0.514,1.495,-2.88e-4,0,0.004,1.238,1.234,9.516e-8,927.427,0.001,337.461,0.277,6.4,32.17
29.193,1.937,2643.132,456.9,0.262,0.003,61.806,43.168,0,0.559,0.392,0.038,0.13,0.565,0.504,1.467,1.46e-4,0,0.004,1.238,1.234,1.902e-5,927.554,0.001,337.466,0.278,6.4,32.17
29.206,1.895,2643.132,456.9,0.262,0.003,61.821,43.168,0,0.559,0.392,0.038,0.13,0.565,0.492,1.435,-9.471e-5,0,0.004,1.238,1.234,5.74e-5,927.685,0.001,337.47,0.278,6.4,32.17
29.219,1.844,2643.132,456.9,0.262,0.003,61.839,43.168,0,0.559,0.392,0.038,0.13,0.565,0.479,1.396,2.333e-4,0,0.004,1.238,1.234,1.042e-4,927.821,0.001,337.475,0.278,6.4,32.17
29.232,1.778,2643.132,456.9,0.262,0.003,61.862,43.168,0,0.559,0.392,0.038,0.13,0.565,0.461,1.345,-1.969e-4,0,0.004,1.239,1.234,9.864e-5,927.963,0.001,337.48,0.278,6.4,32.17
29.247,1.711,2643.132,456.9,0.262,0.003,61.885,43.168,0,0.56,0.392,0.038,0.13,0.564,0.443,1.294,-1.642e-4,0,0.004,1.239,1.235,2.702e-5,928.115,0.001,337.485,0.279,6.4,32.17
29.263,1.696,2643.132,456.9,0.262,0.003,61.889,43.168,0,0.56,0.392,0.038,0.13,0.564,0.439,1.283,-1.88e-4,0,0.004,1.239,1.235,-2.902e-5,928.282,0.001,337.491,0.279,6.4,32.17
29.28,1.743,2643.132,456.9,0.262,0.003,61.87,43.168,0,0.56,0.392,0.038,0.13,0.565,0.451,1.319,-1.754e-4,0,0.004,1.239,1.235,-2.042e-4,928.465,0.001,337.498,0.279,6.4,32.17
29.299,1.817,2643.132,456.9,0.262,0.003,61.841,43.168,0,0.56,0.392,0.038,0.13,0.565,0.471,1.376,-1.233e-4,0,0.004,1.239,1.235,-2.723e-4,928.659,0.001,337.505,0.279,6.4,32.17
29.315,1.865,2643.132,456.9,0.262,0.003,61.823,43.168,0,0.56,0.392,0.038,0.13,0.565,0.484,1.412,-3.267e-4,0,0.004,1.239,1.235,-2.775e-4,928.829,0.001,337.511,0.28,6.4,32.17
29.329,1.91,2643.132,456.9,0.262,0.003,61.806,43.168,0,0.56,0.392,0.038,0.13,0.566,0.496,1.446,-2.922e-4,0,0.004,1.239,1.235,-1.971e-4,928.984,0.001,337.516,0.28,6.4,32.17
29.343,1.942,2643.132,456.9,0.262,0.003,61.794,43.168,0,0.56,0.392,0.038,0.13,0.566,0.505,1.47,-3.045e-4,0,0.004,1.239,1.235,-8.277e-5,929.129,0.001,337.521,0.28,6.4,32.17
29.356,1.944,2643.132,456.9,0.262,0.003,61.793,43.168,0,0.56,0.392,0.038,0.13,0.566,0.506,1.471,-3.468e-4,0,0.004,1.239,1.235,-5.438e-6,929.267,0.001,337.526,0.28,6.4,32.17
29.369,1.908,2643.132,456.9,0.262,0.003,61.806,43.168,0,0.56,0.392,0.038,0.13,0.566,0.496,1.444,1.764e-4,0,0.004,1.239,1.235,1.594e-5,929.403,0.001,337.531,0.281,6.4,32.17
29.382,1.852,2643.132,456.9,0.262,0.003,61.825,43.168,0,0.56,0.392,0.038,0.13,0.566,0.481,1.401,-2.849e-4,0,0.004,1.239,1.235,6.363e-5,929.539,0.001,337.536,0.281,6.4,32.17
29.395,1.789,2643.132,456.9,0.262,0.003,61.848,43.168,0,0.56,0.392,0.038,0.13,0.565,0.464,1.353,-1.012e-4,0,0.004,1.239,1.235,7.759e-5,929.676,0.001,337.54,0.281,6.4,32.17
29.408,1.735,2643.132,456.9,0.262,0.003,61.867,43.168,0,0.56,0.392,0.038,0.13,0.565,0.449,1.312,2.109e-4,0,0.004,1.239,1.235,4.328e-5,929.816,0.001,337.545,0.281,6.4,32.17
29.421,1.698,2643.132,456.9,0.262,0.003,61.881,43.168,0,0.56,0.392,0.038,0.13,0.565,0.439,1.284,-4.357e-4,0,0.004,1.239,1.235,3.693e-6,929.957,0.001,337.55,0.282,6.4,32.17
29.435,1.684,2643.132,456.9,0.262,0.003,61.885,43.168,0,0.56,0.392,0.038,0.13,0.565,0.436,1.274,-4.214e-4,0,0.004,1.239,1.235,-1.627e-5,930.1,0.001,337.555,0.282,6.4,32.17
29.448,1.697,2643.132,456.9,0.262,0.003,61.882,43.168,0,0.56,0.392,0.038,0.13,0.565,0.439,1.283,-3.914e-4,0,0.004,1.239,1.235,-9.043e-5,930.243,0.001,337.56,0.282,6.4,32.17
29.462,1.712,2643.132,456.9,0.262,0.003,61.877,43.168,0,0.56,0.392,0.038,0.13,0.565,0.443,1.295,-1.728e-4,0,0.004,1.239,1.235,-1.646e-4,930.387,0.001,337.565,0.282,6.4,32.17
29.475,1.735,2643.132,456.9,0.262,0.003,61.869,43.168,0,0.56,0.392,0.038,0.13,0.565,0.449,1.313,-8.897e-5,0,0.004,1.239,1.235,-2.257e-4,930.531,0.001,337.571,0.283,6.4,32.17
29.489,1.765,2643.132,456.9,0.262,0.003,61.859,43.168,0,0.56,0.392,0.038,0.13,0.566,0.457,1.335,1.312e-4,0,0.004,1.239,1.235,-2.487e-4,930.676,0.001,337.576,0.283,6.4,32.17
29.503,1.799,2643.132,456.9,0.262,0.003,61.848,43.168,0,0.561,0.392,0.038,0.13,0.566,0.466,1.361,-1.007e-4,0,0.004,1.239,1.235,-2.086e-4,930.823,0.001,337.581,0.283,6.4,32.17
29.517,1.827,2643.132,456.9,0.262,0.003,61.839,43.168,0,0.561,0.392,0.038,0.13,0.566,0.474,1.383,6.959e-5,0,0.004,1.239,1.235,-9.828e-5,930.972,0.001,337.586,0.283,6.4,32.17
29.531,1.83,2643.132,456.9,0.262,0.003,61.838,43.168,0,0.561,0.392,0.039,0.13,0.566,0.475,1.385,-4.518e-4,0,0.004,1.239,1.235,-1.918e-5,931.122,0.001,337.591,0.284,6.4,32.17
29.545,1.808,2643.132,456.9,0.262,0.003,61.847,43.168,0,0.561,0.392,0.039,0.13,0.566,0.469,1.368,9.87e-6,0,0.004,1.239,1.235,7.158e-7,931.277,0.001,337.597,0.284,6.4,32.17
29.56,1.763,2643.132,456.9,0.262,0.003,61.865,43.168,0,0.561,0.392,0.039,0.13,0.566,0.457,1.334,-2.267e-4,0,0.004,1.239,1.235,1.964e-5,931.439,0.001,337.603,0.284,6.4,32.17
29.577,1.705,2643.132,456.9,0.262,0.003,61.888,43.168,0,0.561,0.392,0.039,0.131,0.566,0.441,1.29,1.36e-4,0,0.004,1.239,1.235,2.242e-5,931.614,0.001,337.609,0.284,6.4,32.17
29.595,1.655,2643.132,456.9,0.262,0.003,61.908,43.168,0,0.561,0.392,0.039,0.131,0.565,0.428,1.252,-2.812e-4,0,0.004,1.239,1.235,4.675e-7,931.809,0.001,337.616,0.285,6.4,32.17
29.612,1.643,2643.132,456.9,0.262,0.003,61.915,43.168,0,0.561,0.392,0.039,0.131,0.565,0.425,1.244,-3.785e-4,0,0.004,1.239,1.236,-1.853e-5,931.994,0.001,337.622,0.285,6.4,32.17
29.628,1.652,2643.132,456.9,0.262,0.003,61.913,43.168,0,0.561,0.392,0.039,0.131,0.565,0.427,1.251,4.4e-4,0,0.004,1.239,1.236,-6.252e-5,932.165,0.001,337.628,0.285,6.4,32.17
29.643,1.67,2643.132,456.9,0.262,0.003,61.908,43.168,0,0.561,0.392,0.039,0.131,0.566,0.432,1.264,4.461e-4,0,0.004,1.239,1.236,-9.735e-5,932.325,0.001,337.634,0.286,6.4,32.17
29.657,1.695,2643.132,456.9,0.262,0.003,61.9,43.168,0,0.561,0.392,0.039,0.131,0.566,0.438,1.283,4.803e-4,0,0.004,1.239,1.236,-1.08e-4,932.478,0.001,337.639,0.286,6.4,32.17
29.671,1.721,2643.132,456.9,0.262,0.003,61.891,43.168,0,0.561,0.392,0.039,0.131,0.566,0.446,1.304,3.585e-4,0,0.004,1.239,1.236,-8.141e-5,932.623,0.001,337.644,0.286,6.4,32.17
29.684,1.735,2643.132,456.9,0.262,0.003,61.887,43.168,0,0.561,0.392,0.039,0.131,0.566,0.449,1.314,-1.567e-4,0,0.004,1.239,1.236,-3.83e-5,932.764,0.001,337.649,0.286,6.4,32.17
29.697,1.734,2643.132,456.9,0.262,0.003,61.888,43.168,0,0.561,0.392,0.039,0.131,0.566,0.449,1.313,4.817e-4,0,0.004,1.239,1.236,-7.869e-6,932.902,0.001,337.654,0.287,6.4,32.17
29.709,1.715,2643.132,456.9,0.262,0.003,61.894,43.168,0,0.561,0.392,0.039,0.131,0.566,0.444,1.299,-1.419e-4,0,0.004,1.239,1.236,-2.176e-7,933.039,0.001,337.659,0.287,6.4,32.17
29.722,1.691,2643.132,456.9,0.262,0.003,61.903,43.168,0,0.561,0.392,0.039,0.131,0.566,0.438,1.28,6.488e-5,0,0.004,1.239,1.236,2.985e-7,933.177,0.001,337.664,0.287,6.4,32.17
29.735,1.668,2643.132,456.9,0.262,0.003,61.912,43.168,0,0.561,0.392,0.039,0.131,0.566,0.431,1.263,4.407e-4,0,0.004,1.239,1.236,1.399e-7,933.317,0.001,337.669,0.287,6.4,32.17
29.748,1.649,2643.132,456.9,0.262,0.003,61.919,43.168,0,0.561,0.392,0.039,0.131,0.566,0.426,1.249,-1.221e-4,0,0.004,1.239,1.236,-6.252e-7,933.459,0.001,337.674,0.287,6.4,32.17
29.761,1.617,2643.132,456.9,0.262,0.003,61.93,43.168,0,0.562,0.392,0.039,0.131,0.566,0.418,1.224,2.487e-4,0,0.004,1.24,1.236,-6.688e-6,933.604,0.001,337.679,0.288,6.4,32.17
29.775,1.595,2643.132,456.9,0.262,0.003,61.938,43.168,0,0.562,0.392,0.039,0.131,0.566,0.412,1.207,-2.48e-4,0,0.004,1.24,1.236,-4.649e-5,933.755,0.001,337.684,0.288,6.4,32.17
29.79,1.602,2643.132,456.9,0.262,0.003,61.934,43.168,0,0.562,0.392,0.039,0.131,0.566,0.414,1.213,2.312e-4,0,0.004,1.24,1.236,-1.481e-4,933.913,0.001,337.69,0.288,6.4,32.17
29.805,1.644,2643.132,456.9,0.262,0.003,61.917,43.168,0,0.562,0.392,0.039,0.131,0.566,0.425,1.245,-2.363e-4,0,0.004,1.24,1.236,-2.214e-4,934.077,0.001,337.696,0.288,6.4,32.17
29.821,1.691,2643.132,456.9,0.262,0.003,61.899,43.168,0,0.562,0.392,0.039,0.131,0.566,0.437,1.28,7.305e-5,0,0.004,1.24,1.236,-1.409e-4,934.247,0.001,337.702,0.289,6.4,32.17
29.837,1.711,2643.132,456.9,0.262,0.003,61.891,43.168,0,0.562,0.392,0.039,0.131,0.567,0.443,1.296,-4.357e-4,0,0.004,1.24,1.236,-3.873e-5,934.421,0.001,337.708,0.289,6.4,32.17
29.853,1.698,2643.132,456.9,0.262,0.003,61.895,43.168,0,0.562,0.392,0.039,0.131,0.567,0.439,1.286,3.36e-5,0,0.003,1.24,1.236,0,934.6,0.001,337.714,0.289,6.4,32.17
29.871,1.657,2643.132,456.9,0.262,0.003,61.909,43.168,0,0.562,0.392,0.04,0.131,0.566,0.428,1.254,3.529e-4,0,0.003,1.24,1.236,2.396e-5,934.791,0.001,337.721,0.29,6.4,32.17
29.888,1.595,2643.132,456.9,0.262,0.003,61.93,43.168,0,0.562,0.392,0.04,0.131,0.566,0.412,1.207,-3.2e-4,0,0.003,1.24,1.236,3.898e-5,934.981,0.001,337.727,0.29,6.4,32.17
29.905,1.539,2643.132,456.9,0.262,0.003,61.95,43.168,0,0.562,0.392,0.04,0.131,0.566,0.397,1.164,-4.894e-6,0,0.003,1.24,1.236,5.508e-6,935.164,0.001,337.734,0.29,6.4,32.17
29.921,1.526,2643.132,456.9,0.262,0.003,61.953,43.168,0,0.562,0.392,0.04,0.131,0.566,0.393,1.155,1.503e-5,0,0.003,1.24,1.236,-3.761e-5,935.34,0.001,337.74,0.29,6.4,32.17
29.936,1.564,2643.132,456.9,0.262,0.003,61.938,43.168,0,0.562,0.392,0.04,0.131,0.566,0.403,1.183,-2.15e-4,0,0.003,1.24,1.236,-1.485e-4,935.505,0.001,337.746,0.291,6.4,32.17
29.95,1.621,2643.132,456.9,0.262,0.003,61.916,43.168,0,0.562,0.392,0.04,0.131,0.567,0.419,1.227,4.995e-4,0,0.003,1.24,1.236,-1.789e-4,935.66,0.001,337.751,0.291,6.4,32.17
29.963,1.654,2643.132,456.9,0.262,0.003,61.904,43.168,0,0.562,0.392,0.04,0.131,0.567,0.427,1.252,3.527e-4,0,0.003,1.24,1.236,-1.21e-4,935.806,0.001,337.756,0.291,6.4,32.17
29.976,1.672,2643.132,456.9,0.262,0.003,61.897,43.168,0,0.562,0.391,0.04,0.131,0.567,0.432,1.265,4.691e-4,0,0.003,1.24,1.236,-5.047e-5,935.947,0.001,337.761,0.291,6.4,32.17
29.989,1.674,2643.132,456.9,0.262,0.003,61.897,43.168,0,0.562,0.391,0.04,0.131,0.567,0.433,1.267,2.158e-4,0,0.003,1.24,1.237,-6.482e-6,936.086,0.001,337.766,0.292,6.4,32.17
30.001,1.657,2643.132,456.9,0.262,0.003,61.903,43.168,0,0.562,0.391,0.04,0.131,0.567,0.428,1.254,4.46e-4,0,0.003,1.24,1.237,3.579e-6,936.225,0.001,337.771,0.292,6.4,32.17
30.014,1.623,2643.132,456.9,0.262,0.003,61.916,43.168,0,0.562,0.391,0.04,0.131,0.567,0.419,1.227,4.758e-4,0,0.003,1.24,1.237,3.236e-5,936.365,0.001,337.776,0.292,6.4,32.17
30.027,1.573,2643.132,456.9,0.262,0.003,61.935,43.168,0,0.563,0.391,0.04,0.131,0.567,0.406,1.19,-1.556e-4,0,0.003,1.24,1.237,5.605e-5,936.508,0.001,337.781,0.292,6.4,32.17
30.041,1.519,2643.132,456.9,0.262,0.003,61.955,43.168,0,0.563,0.391,0.04,0.131,0.566,0.392,1.149,1.585e-4,0,0.003,1.24,1.237,4.017e-5,936.656,0.001,337.786,0.292,6.4,32.17
30.055,1.479,2643.132,456.9,0.262,0.003,61.971,43.168,0,0.563,0.391,0.04,0.131,0.566,0.381,1.119,-4.284e-4,0,0.003,1.24,1.237,3.347e-6,936.813,0.001,337.792,0.293,6.4,32.17
30.07,1.471,2643.132,456.9,0.262,0.003,61.976,43.168,0,0.563,0.391,0.04,0.131,0.566,0.379,1.112,-3.004e-4,0,0.003,1.24,1.237,-1.718e-5,936.978,0.001,337.798,0.293,6.4,32.17
30.085,1.487,2643.132,456.9,0.262,0.003,61.972,43.168,0,0.563,0.391,0.04,0.131,0.566,0.383,1.125,2.261e-5,0,0.003,1.24,1.237,-8.816e-5,937.152,0.001,337.804,0.293,6.4,32.17
30.102,1.52,2643.132,456.9,0.262,0.003,61.962,43.168,0,0.563,0.391,0.04,0.131,0.567,0.392,1.15,7.432e-5,0,0.003,1.24,1.237,-1.518e-4,937.335,0.001,337.81,0.293,6.4,32.17
30.119,1.559,2643.132,456.9,0.262,0.003,61.949,43.168,0,0.563,0.391,0.04,0.131,0.567,0.402,1.18,-3.027e-5,0,0.003,1.24,1.237,-1.534e-4,937.529,0.001,337.817,0.294,6.4,32.17
30.138,1.588,2643.132,456.9,0.262,0.003,61.94,43.168,0,0.563,0.391,0.04,0.131,0.567,0.41,1.202,7.162e-5,0,0.003,1.24,1.237,-9.013e-5,937.735,0.001,337.825,0.294,6.4,32.17
30.155,1.596,2643.132,456.9,0.262,0.003,61.939,43.168,0,0.563,0.391,0.04,0.131,0.567,0.412,1.209,-1.531e-4,0,0.003,1.24,1.237,-3.03e-5,937.925,0.001,337.831,0.294,6.4,32.17
30.171,1.586,2643.132,456.9,0.262,0.003,61.944,43.168,0,0.563,0.391,0.04,0.131,0.567,0.409,1.201,2.133e-4,0,0.003,1.24,1.237,-3.433e-6,938.103,0.001,337.837,0.295,6.4,32.17
30.186,1.564,2643.132,456.9,0.262,0.003,61.953,43.168,0,0.563,0.391,0.04,0.131,0.567,0.404,1.184,-7.203e-5,0,0.003,1.24,1.237,5.7e-7,938.273,0.001,337.843,0.295,6.4,32.17
30.201,1.538,2643.132,456.9,0.262,0.003,61.964,43.168,0,0.563,0.391,0.04,0.131,0.567,0.397,1.165,-1.827e-4,0,0.003,1.24,1.237,3.565e-6,938.438,0.001,337.849,0.295,6.4,32.17
30.216,1.524,2643.132,456.9,0.262,0.003,61.97,43.168,0,0.563,0.391,0.041,0.131,0.567,0.393,1.154,-9.976e-5,0,0.003,1.24,1.237,6.481e-7,938.599,0.001,337.855,0.295,6.4,32.17
30.23,1.521,2643.132,456.9,0.262,0.003,61.972,43.168,0,0.563,0.391,0.041,0.131,0.567,0.392,1.152,-2.946e-4,0,0.003,1.24,1.237,3.487e-8,938.757,0.001,337.861,0.296,6.4,32.17
30.244,1.521,2643.132,456.9,0.262,0.003,61.973,43.168,0,0.563,0.391,0.041,0.131,0.567,0.392,1.152,3.318e-4,0,0.003,1.24,1.237,3.454e-7,938.91,0.001,337.866,0.296,6.4,32.17
30.257,1.508,2643.132,456.9,0.262,0.003,61.978,43.168,0,0.563,0.391,0.041,0.131,0.567,0.389,1.142,5.594e-5,0,0.003,1.24,1.237,1.937e-6,939.062,0.001,337.871,0.296,6.4,32.17
30.271,1.485,2643.132,456.9,0.262,0.003,61.987,43.168,0,0.563,0.391,0.041,0.131,0.567,0.383,1.125,-4.661e-4,0,0.003,1.24,1.237,1.555e-6,939.213,0.001,337.877,0.296,6.4,32.17
30.285,1.462,2643.132,456.9,0.262,0.003,61.995,43.168,0,0.564,0.391,0.041,0.131,0.567,0.376,1.108,-9.919e-5,0,0.003,1.24,1.237,-1.411e-8,939.366,0.001,337.882,0.297,6.4,32.17
30.298,1.443,2643.132,456.9,0.262,0.003,62.002,43.168,0,0.564,0.391,0.041,0.131,0.567,0.371,1.093,3.177e-4,0,0.003,1.241,1.237,-7.781e-6,939.522,0.001,337.888,0.297,6.4,32.17
30.313,1.454,2643.132,456.9,0.262,0.003,61.997,43.168,0,0.564,0.391,0.041,0.131,0.567,0.374,1.101,-2.333e-4,0,0.003,1.241,1.237,-6.009e-5,939.682,0.001,337.893,0.297,6.4,32.17
30.327,1.492,2643.132,456.9,0.262,0.003,61.982,43.168,0,0.564,0.391,0.041,0.131,0.567,0.384,1.131,1.455e-4,0,0.003,1.241,1.237,-1.062e-4,939.845,0.001,337.899,0.297,6.4,32.17
30.342,1.536,2643.132,456.9,0.262,0.003,61.966,43.168,0,0.564,0.391,0.041,0.132,0.568,0.396,1.163,-3.861e-5,0,0.003,1.241,1.237,-8.105e-5,940.009,0.001,337.905,0.297,6.4,32.17
30.357,1.555,2643.132,456.9,0.262,0.003,61.958,43.168,0,0.564,0.391,0.041,0.132,0.568,0.401,1.178,1.765e-4,0,0.003,1.241,1.237,-2.768e-5,940.175,0.001,337.911,0.298,6.4,32.17
30.372,1.548,2643.132,456.9,0.262,0.003,61.96,43.168,0,0.564,0.391,0.041,0.132,0.568,0.399,1.172,4.173e-6,0,0.003,1.241,1.238,-3.081e-6,940.344,0.001,337.917,0.298,6.4,32.17
30.388,1.527,2643.132,456.9,0.262,0.003,61.966,43.168,0,0.564,0.391,0.041,0.132,0.568,0.394,1.156,-2.926e-4,0,0.003,1.241,1.238,1.702e-6,940.522,0.001,337.923,0.298,6.4,32.17
30.405,1.49,2643.132,456.9,0.262,0.003,61.979,43.168,0,0.564,0.391,0.041,0.132,0.568,0.384,1.128,-2.99e-4,0,0.003,1.241,1.238,1.398e-5,940.713,0.001,337.93,0.298,6.4,32.17
30.423,1.419,2643.132,456.9,0.262,0.003,62.003,43.168,0,0.564,0.391,0.041,0.132,0.567,0.365,1.074,-4.931e-4,0,0.003,1.241,1.238,1.217e-5,940.924,0.001,337.937,0.299,6.4,32.17
30.442,1.368,2643.132,456.9,0.262,0.003,62.02,43.168,0,0.564,0.391,0.041,0.132,0.567,0.352,1.036,3.643e-4,0,0.003,1.241,1.238,-1.063e-5,941.13,0.001,337.944,0.299,6.4,32.17
30.459,1.384,2643.132,456.9,0.262,0.003,62.013,43.168,0,0.564,0.391,0.041,0.132,0.567,0.356,1.047,-4.547e-4,0,0.003,1.241,1.238,-9.668e-5,941.322,0.001,337.951,0.299,6.4,32.17
30.474,1.419,2643.132,456.9,0.262,0.003,61.999,43.168,0,0.564,0.391,0.041,0.132,0.568,0.365,1.074,-3.234e-4,0,0.003,1.241,1.238,-1.185e-4,941.499,0.001,337.957,0.3,6.4,32.17
30.489,1.439,2643.132,456.9,0.262,0.003,61.991,43.168,0,0.564,0.391,0.041,0.132,0.568,0.37,1.089,-3.817e-4,0,0.003,1.241,1.238,-9.628e-5,941.666,0.001,337.963,0.3,6.4,32.17
30.503,1.448,2643.132,456.9,0.262,0.003,61.987,43.168,0,0.564,0.391,0.041,0.132,0.568,0.373,1.096,-2.999e-4,0,0.003,1.241,1.238,-7.535e-5,941.826,0.001,337.969,0.3,6.4,32.17
30.517,1.471,2643.132,456.9,0.262,0.003,61.979,43.168,0,0.564,0.391,0.041,0.132,0.568,0.379,1.113,3.66e-4,0,0.003,1.241,1.238,-5.88e-5,941.983,0.001,337.974,0.3,6.4,32.17
30.53,1.485,2643.132,456.9,0.262,0.003,61.974,43.168,0,0.564,0.391,0.041,0.132,0.568,0.383,1.124,-4.711e-4,0,0.003,1.241,1.238,-2.652e-5,942.136,0.001,337.98,0.301,6.4,32.17
30.544,1.487,2643.132,456.9,0.262,0.003,61.973,43.168,0,0.564,0.391,0.041,0.132,0.568,0.383,1.125,1.848e-4,0,0.003,1.241,1.238,-3.277e-6,942.286,0.001,337.985,0.301,6.4,32.17
30.557,1.471,2643.132,456.9,0.262,0.003,61.98,43.168,0,0.565,0.391,0.041,0.132,0.568,0.379,1.114,8.766e-5,0,0.003,1.241,1.238,1.305e-6,942.437,0.001,337.99,0.301,6.4,32.17
30.57,1.444,2643.132,456.9,0.262,0.003,61.99,43.168,0,0.565,0.391,0.042,0.132,0.568,0.372,1.093,-4.638e-4,0,0.003,1.241,1.238,7.735e-6,942.589,0.001,337.996,0.301,6.4,32.17
30.584,1.414,2643.132,456.9,0.262,0.003,62.002,43.168,0,0.565,0.391,0.042,0.132,0.568,0.364,1.07,-4.267e-4,0,0.003,1.241,1.238,8.906e-6,942.746,0.001,338.001,0.301,6.4,32.17
30.598,1.386,2643.132,456.9,0.262,0.003,62.013,43.168,0,0.565,0.391,0.042,0.132,0.568,0.356,1.049,1.479e-4,0,0.003,1.241,1.238,2.581e-6,942.908,0.001,338.007,0.302,6.4,32.17
30.613,1.341,2643.132,456.9,0.262,0.003,62.031,43.168,0,0.565,0.391,0.042,0.132,0.568,0.344,1.014,4.191e-5,0,0.003,1.241,1.238,-1.674e-6,943.079,0.001,338.013,0.302,6.4,32.17
30.63,1.316,2643.132,456.9,0.262,0.003,62.043,43.168,0,0.565,0.391,0.042,0.132,0.568,0.338,0.996,-3.892e-4,0,0.003,1.241,1.238,-7.201e-5,943.263,0.001,338.019,0.302,6.4,32.17
30.647,1.348,2643.132,456.9,0.262,0.003,62.034,43.168,0,0.565,0.391,0.042,0.132,0.568,0.346,1.021,-3.595e-4,0,0.003,1.241,1.238,-2.837e-4,943.466,0.001,338.027,0.302,6.4,32.17
30.667,1.428,2643.132,456.9,0.262,0.003,62.006,43.168,0,0.565,0.391,0.042,0.132,0.568,0.367,1.082,-1.299e-4,0,0.003,1.241,1.238,-2.375e-4,943.689,0.001,338.034,0.303,6.4,32.17
30.685,1.465,2643.132,456.9,0.262,0.003,61.994,43.168,0,0.565,0.391,0.042,0.132,0.569,0.377,1.11,-1.767e-5,0,0.003,1.241,1.238,-7.771e-5,943.896,0.001,338.042,0.303,6.4,32.17
30.702,1.461,2643.132,456.9,0.262,0.003,61.996,43.168,0,0.565,0.391,0.042,0.132,0.569,0.376,1.106,1.109e-4,0,0.003,1.241,1.238,-4.659e-6,944.086,0.001,338.048,0.303,6.4,32.17
30.718,1.452,2643.132,456.9,0.262,0.003,62.001,43.168,0,0.565,0.391,0.042,0.132,0.569,0.374,1.1,1.677e-4,0,0.003,1.241,1.238,1.532e-5,944.269,0.001,338.055,0.304,6.4,32.17
30.733,1.411,2643.132,456.9,0.262,0.003,62.017,43.168,0,0.565,0.391,0.042,0.132,0.569,0.363,1.069,-4.616e-4,0,0.003,1.241,1.238,8.455e-5,944.446,0.001,338.061,0.304,6.4,32.17
30.748,1.343,2643.132,456.9,0.262,0.003,62.043,43.168,0,0.565,0.391,0.042,0.132,0.568,0.345,1.018,-5.116e-5,0,0.003,1.241,1.238,1.347e-4,944.623,0.001,338.067,0.304,6.4,32.17
30.764,1.284,2643.132,456.9,0.262,0.003,62.067,43.168,0,0.565,0.391,0.042,0.132,0.568,0.329,0.972,-4.475e-4,0,0.003,1.241,1.238,2.194e-5,944.801,0.001,338.074,0.304,6.4,32.17
30.779,1.285,2643.132,456.9,0.262,0.003,62.068,43.168,0,0.565,0.391,0.042,0.132,0.568,0.33,0.973,-4.608e-4,0,0.003,1.241,1.239,-1.856e-5,944.979,0.001,338.08,0.305,6.4,32.17
30.794,1.33,2643.132,456.9,0.262,0.003,62.051,43.168,0,0.565,0.391,0.042,0.132,0.568,0.341,1.008,-1.829e-4,0,0.003,1.241,1.239,-8.605e-5,945.151,0.001,338.086,0.305,6.4,32.17
30.809,1.381,2643.132,456.9,0.262,0.003,62.032,43.168,0,0.566,0.391,0.042,0.132,0.569,0.355,1.046,-4.324e-4,0,0.003,1.241,1.239,-7.834e-5,945.316,0.001,338.092,0.305,6.4,32.17
30.823,1.412,2643.132,456.9,0.262,0.003,62.021,43.168,0,0.566,0.391,0.042,0.132,0.569,0.363,1.07,-2.757e-4,0,0.003,1.241,1.239,-2.288e-5,945.476,0.001,338.097,0.305,6.4,32.17
30.836,1.41,2643.132,456.9,0.262,0.003,62.022,43.168,0,0.566,0.391,0.042,0.132,0.569,0.363,1.068,-3.23e-4,0,0.003,1.241,1.239,4.576e-7,945.633,0.001,338.103,0.305,6.4,32.17
30.85,1.373,2643.132,456.9,0.262,0.003,62.035,43.168,0,0.566,0.391,0.042,0.132,0.569,0.353,1.04,-2.482e-4,0,0.003,1.242,1.239,2.8e-5,945.791,0.001,338.109,0.306,6.4,32.17
30.864,1.317,2643.132,456.9,0.262,0.003,62.056,43.168,0,0.566,0.391,0.042,0.132,0.569,0.338,0.998,2.67e-4,0,0.003,1.242,1.239,3.197e-5,945.955,0.001,338.114,0.306,6.4,32.17
30.879,1.264,2643.132,456.9,0.262,0.003,62.074,43.168,0,0.566,0.391,0.042,0.132,0.568,0.324,0.957,2.167e-4,0,0.003,1.242,1.239,2.409e-6,946.13,0.001,338.12,0.306,6.4,32.17
30.896,1.242,2643.132,456.9,0.262,0.003,62.08,43.168,0,0.566,0.391,0.043,0.132,0.568,0.318,0.941,-1.18e-4,0,0.003,1.242,1.239,-4.639e-5,946.321,0.001,338.127,0.306,6.4,32.17
30.914,1.279,2643.132,456.9,0.262,0.003,62.064,43.168,0,0.566,0.391,0.043,0.132,0.569,0.328,0.969,-7.794e-5,0,0.003,1.242,1.239,-2.393e-4,946.532,0.001,338.135,0.307,6.4,32.17
30.934,1.371,2643.132,456.9,0.262,0.003,62.028,43.168,0,0.566,0.391,0.043,0.132,0.569,0.352,1.039,-2.569e-4,0,0.003,1.242,1.239,-3.043e-4,946.767,0.001,338.143,0.307,6.4,32.17
30.952,1.445,2643.132,456.9,0.262,0.003,62,43.168,0,0.566,0.391,0.043,0.132,0.57,0.372,1.095,1.995e-4,0,0.003,1.242,1.239,-1.289e-4,946.971,0.001,338.15,0.307,6.4,32.17
30.968,1.455,2643.132,456.9,0.262,0.003,61.996,43.168,0,0.566,0.391,0.043,0.132,0.57,0.375,1.102,-7.524e-5,0,0.003,1.242,1.239,-2.563e-6,947.154,0.001,338.157,0.307,6.4,32.17
30.983,1.413,2643.132,456.9,0.262,0.003,62.011,43.168,0,0.566,0.391,0.043,0.132,0.57,0.364,1.07,-1.548e-4,0,0.003,1.242,1.239,4.82e-5,947.333,0.001,338.163,0.308,6.4,32.17
30.999,1.334,2643.132,456.9,0.262,0.003,62.039,43.168,0,0.566,0.391,0.043,0.132,0.569,0.343,1.011,-3.241e-4,0,0.003,1.242,1.239,1.376e-4,947.512,0.001,338.169,0.308,6.4,32.17
31.014,1.247,2643.132,456.9,0.262,0.003,62.071,43.168,0,0.566,0.391,0.043,0.132,0.569,0.319,0.943,4.508e-4,0,0.003,1.242,1.239,1.161e-4,947.695,0.001,338.176,0.308,6.4,32.17
31.03,1.182,2643.132,456.9,0.262,0.003,62.094,43.168,0,0.566,0.391,0.043,0.132,0.569,0.302,0.894,3.86e-4,0,0.003,1.242,1.239,1e-5,947.882,0.001,338.182,0.308,6.4,32.17
31.047,1.173,2643.132,456.9,0.262,0.003,62.097,43.168,0,0.566,0.391,0.043,0.132,0.569,0.3,0.887,-3.707e-4,0,0.003,1.242,1.239,-6.395e-5,948.071,0.001,338.189,0.309,6.4,32.17
31.062,1.224,2643.132,456.9,0.262,0.003,62.078,43.168,0,0.567,0.391,0.043,0.132,0.569,0.314,0.926,-3.052e-4,0,0.003,1.242,1.239,-2.707e-4,948.256,0.001,338.195,0.309,6.4,32.17
31.078,1.302,2643.132,456.9,0.262,0.003,62.049,43.168,0,0.567,0.391,0.043,0.132,0.569,0.334,0.987,-3.653e-4,0,0.003,1.242,1.239,-3.335e-4,948.433,0.001,338.202,0.309,6.4,32.17
31.092,1.37,2643.132,456.9,0.262,0.003,62.025,43.168,0,0.567,0.391,0.043,0.132,0.57,0.352,1.038,2.477e-4,0,0.003,1.242,1.239,-2.084e-4,948.602,0.001,338.208,0.309,6.4,32.17
31.106,1.406,2643.132,456.9,0.262,0.003,62.012,43.168,0,0.567,0.391,0.043,0.132,0.57,0.362,1.065,-1.232e-4,0,0.003,1.242,1.239,-6.189e-5,948.765,0.001,338.213,0.31,6.4,32.17
31.12,1.409,2643.132,456.9,0.262,0.003,62.012,43.168,0,0.567,0.391,0.043,0.132,0.57,0.363,1.068,-4.054e-4,0,0.003,1.242,1.239,-6.579e-7,948.925,0.001,338.219,0.31,6.4,32.17
31.134,1.382,2643.132,456.9,0.262,0.003,62.022,43.168,0,0.567,0.391,0.043,0.132,0.57,0.355,1.047,-1.699e-4,0,0.003,1.242,1.239,3.531e-5,949.088,0.001,338.225,0.31,6.4,32.17
31.148,1.327,2643.132,456.9,0.262,0.003,62.044,43.168,0,0.567,0.391,0.043,0.133,0.57,0.341,1.004,-2.66e-4,0,0.003,1.242,1.239,1.209e-4,949.255,0.001,338.231,0.31,6.4,32.17
31.163,1.226,2643.132,456.9,0.262,0.003,62.083,43.168,0,0.567,0.391,0.043,0.133,0.569,0.314,0.928,-1.624e-4,0,0.003,1.242,1.239,1.52e-4,949.434,0.001,338.237,0.31,6.4,32.17
31.18,1.129,2643.132,456.9,0.262,0.003,62.122,43.168,0,0.567,0.391,0.043,0.133,0.569,0.289,0.855,-1.986e-4,0,0.003,1.242,1.239,1.28e-5,949.637,0.001,338.244,0.311,6.4,32.17
31.201,1.131,2643.132,456.9,0.262,0.003,62.125,43.168,0,0.567,0.391,0.043,0.133,0.569,0.289,0.857,3.088e-4,0,0.003,1.242,1.24,-2.212e-4,949.882,0.001,338.253,0.311,6.4,32.17
31.221,1.251,2643.132,456.9,0.262,0.003,62.083,43.168,0,0.567,0.391,0.044,0.133,0.57,0.321,0.948,4.018e-4,0,0.003,1.242,1.24,-5.212e-4,950.117,0.001,338.261,0.311,6.4,32.17
31.237,1.364,2643.132,456.9,0.262,0.003,62.042,43.168,0,0.567,0.391,0.044,0.133,0.57,0.351,1.035,-1.876e-4,0,0.003,1.242,1.24,-3.404e-4,950.307,0.001,338.268,0.312,6.4,32.17
31.252,1.427,2643.132,456.9,0.262,0.003,62.019,43.168,0,0.567,0.391,0.044,0.133,0.571,0.367,1.082,8.801e-5,0,0.003,1.242,1.24,-7.811e-5,950.476,0.001,338.274,0.312,6.4,32.17
31.265,1.43,2643.132,456.9,0.262,0.003,62.019,43.168,0,0.567,0.391,0.044,0.133,0.571,0.368,1.084,-4.362e-4,0,0.003,1.242,1.24,4.483e-6,950.635,0.001,338.279,0.312,6.4,32.17
31.279,1.382,2643.132,456.9,0.262,0.003,62.037,43.168,0,0.567,0.391,0.044,0.133,0.571,0.355,1.047,4.817e-4,0,0.003,1.242,1.24,1.504e-4,950.794,0.001,338.285,0.312,6.4,32.17
31.293,1.289,2643.132,456.9,0.262,0.003,62.072,43.168,0,0.567,0.391,0.044,0.133,0.57,0.331,0.976,-1.937e-4,0,0.003,1.242,1.24,3.781e-4,950.957,0.001,338.291,0.312,6.4,32.17
31.307,1.168,2643.132,456.9,0.262,0.003,62.118,43.168,0,0.567,0.391,0.044,0.133,0.57,0.299,0.885,-4.596e-4,0,0.003,1.242,1.24,3.882e-4,951.13,0.001,338.297,0.313,6.4,32.17
31.323,1.072,2643.132,456.9,0.262,0.003,62.155,43.168,0,0.568,0.391,0.044,0.133,0.569,0.274,0.811,-4.121e-4,0,0.003,1.242,1.24,9.323e-5,951.317,0.001,338.303,0.313,6.4,32.17
31.34,1.054,2643.132,456.9,0.262,0.003,62.161,43.168,0,0.568,0.391,0.044,0.133,0.569,0.269,0.798,4.686e-4,0,0.003,1.242,1.24,-5.037e-5,951.516,0.001,338.31,0.313,6.4,32.17
31.357,1.118,2643.132,456.9,0.262,0.003,62.136,43.168,0,0.568,0.391,0.044,0.133,0.57,0.286,0.847,4.318e-4,0,0.003,1.242,1.24,-4.218e-4,951.72,0.001,338.318,0.313,6.4,32.17
31.374,1.229,2643.132,456.9,0.262,0.003,62.093,43.168,0,0.568,0.391,0.044,0.133,0.57,0.315,0.932,-2.27e-4,0,0.003,1.242,1.24,-6.563e-4,951.925,0.001,338.325,0.314,6.4,32.17
31.391,1.348,2643.132,456.9,0.262,0.003,62.048,43.168,0,0.568,0.391,0.044,0.133,0.571,0.346,1.022,4.017e-4,0,0.002,1.242,1.24,-4.293e-4,952.123,0.001,338.332,0.314,6.4,32.17
31.407,1.415,2643.132,456.9,0.262,0.003,62.022,43.168,0,0.568,0.391,0.044,0.133,0.571,0.364,1.073,-3.711e-5,0,0.002,1.243,1.24,-8.424e-5,952.312,0.001,338.338,0.314,6.4,32.17
31.423,1.405,2643.132,456.9,0.262,0.003,62.026,43.168,0,0.568,0.391,0.044,0.133,0.571,0.362,1.065,6.2e-5,0,0.002,1.243,1.24,1.7e-5,952.495,0.001,338.345,0.314,6.4,32.17
31.438,1.328,2643.132,456.9,0.262,0.003,62.055,43.168,0,0.568,0.391,0.044,0.133,0.571,0.341,1.007,3.947e-4,0,0.002,1.243,1.24,2.358e-4,952.679,0.001,338.351,0.315,6.4,32.17
31.455,1.193,2643.132,456.9,0.262,0.003,62.104,43.168,0,0.568,0.391,0.044,0.133,0.57,0.306,0.904,-1.681e-4,0,0.002,1.243,1.24,4.211e-4,952.876,0.001,338.358,0.315,6.4,32.17
31.474,1.049,2643.132,456.9,0.262,0.003,62.155,43.168,0,0.568,0.391,0.044,0.133,0.57,0.268,0.794,-2.389e-4,0,0.002,1.243,1.24,1.069e-4,953.107,0.001,338.366,0.315,6.4,32.17
31.496,1.048,2643.132,456.9,0.262,0.003,62.152,43.168,0,0.568,0.391,0.044,0.133,0.57,0.267,0.793,2.344e-4,0,0.002,1.243,1.24,-1.355e-4,953.365,0.001,338.376,0.315,6.4,32.17
31.514,1.151,2643.132,456.9,0.262,0.003,62.112,43.168,0,0.568,0.391,0.044,0.133,0.57,0.294,0.872,-2.752e-4,0,0.002,1.243,1.24,-4.02e-4,953.582,0.001,338.383,0.316,6.4,32.17
31.529,1.248,2643.132,456.9,0.262,0.003,62.075,43.168,0,0.568,0.391,0.044,0.133,0.571,0.32,0.945,-4.601e-4,0,0.002,1.243,1.24,-3.068e-4,953.769,0.001,338.39,0.316,6.4,32.17
31.544,1.304,2643.132,456.9,0.262,0.003,62.055,43.168,0,0.568,0.391,0.044,0.133,0.571,0.335,0.988,1.966e-4,0,0.002,1.243,1.24,-1.023e-4,953.939,0.001,338.396,0.316,6.4,32.17
31.557,1.313,2643.132,456.9,0.262,0.003,62.051,43.168,0,0.568,0.391,0.045,0.133,0.571,0.337,0.995,3.04e-4,0,0.002,1.243,1.24,-1.019e-6,954.1,0.001,338.401,0.316,6.4,32.17
31.571,1.274,2643.132,456.9,0.262,0.003,62.066,43.168,0,0.568,0.391,0.045,0.133,0.571,0.327,0.965,-2.415e-4,0,0.002,1.243,1.24,5.643e-5,954.261,0.001,338.407,0.317,6.4,32.17
31.584,1.193,2643.132,456.9,0.262,0.003,62.096,43.168,0,0.569,0.391,0.045,0.133,0.571,0.306,0.903,3.001e-4,0,0.002,1.243,1.24,1.654e-4,954.425,0.001,338.413,0.317,6.4,32.17
31.599,1.092,2643.132,456.9,0.262,0.003,62.134,43.168,0,0.569,0.391,0.045,0.133,0.571,0.279,0.827,-2.694e-4,0,0.002,1.243,1.24,1.413e-4,954.601,0.001,338.419,0.317,6.4,32.17
31.615,1.04,2643.132,456.9,0.262,0.003,62.155,43.168,0,0.569,0.391,0.045,0.133,0.57,0.265,0.787,3.464e-4,0,0.002,1.243,1.241,7.9e-6,954.803,0.001,338.426,0.317,6.4,32.17
31.633,1.05,2643.132,456.9,0.262,0.003,62.154,43.168,0,0.569,0.391,0.045,0.133,0.571,0.268,0.795,3.832e-4,0,0.002,1.243,1.241,-6.927e-5,955.021,0.001,338.433,0.317,6.4,32.17
31.651,1.113,2643.132,456.9,0.262,0.003,62.133,43.168,0,0.569,0.391,0.045,0.133,0.571,0.284,0.843,-4.723e-4,0,0.002,1.243,1.241,-2.156e-4,955.253,0.001,338.441,0.318,6.4,32.17
31.67,1.211,2643.132,456.9,0.262,0.003,62.098,43.168,0,0.569,0.391,0.045,0.133,0.571,0.31,0.918,-2.071e-4,0,0.002,1.243,1.241,-2.337e-4,955.492,0.001,338.449,0.318,6.4,32.17
31.689,1.287,2643.132,456.9,0.262,0.003,62.071,43.168,0,0.569,0.391,0.045,0.133,0.572,0.33,0.975,3.113e-4,0,0.002,1.243,1.241,-4.345e-5,955.734,0.001,338.457,0.318,6.4,32.17
31.708,1.288,2643.132,456.9,0.262,0.003,62.071,43.168,0,0.569,0.391,0.045,0.133,0.572,0.331,0.977,-1.562e-4,0,0.002,1.243,1.241,4.027e-5,955.974,0.001,338.465,0.319,6.4,32.17
31.727,1.201,2643.132,456.9,0.262,0.003,62.104,43.168,0,0.569,0.391,0.045,0.133,0.571,0.308,0.91,5.775e-5,0,0.002,1.243,1.241,3.135e-4,956.208,0.001,338.473,0.319,6.4,32.17
31.746,1.04,2643.132,456.9,0.262,0.003,62.167,43.168,0,0.569,0.391,0.045,0.133,0.571,0.265,0.787,-1.273e-4,0,0.002,1.243,1.241,3.955e-4,956.453,0.001,338.481,0.319,6.4,32.17
31.766,0.945,2643.132,456.9,0.262,0.003,62.207,43.168,0,0.569,0.391,0.045,0.133,0.571,0.241,0.715,4.26e-4,0,0.002,1.243,1.241,-1.005e-6,956.713,0.001,338.49,0.319,6.4,32.17
31.786,1.029,2643.132,456.9,0.262,0.003,62.177,43.168,0,0.569,0.391,0.045,0.133,0.571,0.262,0.78,4.589e-4,0,0.002,1.243,1.241,-3.928e-4,956.959,0.001,338.498,0.32,6.4,32.17
31.803,1.155,2643.132,456.9,0.262,0.003,62.13,43.168,0,0.569,0.391,0.045,0.133,0.572,0.296,0.876,1.731e-4,0,0.002,1.243,1.241,-4.865e-4,957.17,0.001,338.505,0.32,6.4,32.17
31.817,1.243,2643.132,456.9,0.262,0.003,62.097,43.168,0,0.569,0.391,0.045,0.133,0.572,0.319,0.944,-1.408e-4,0,0.002,1.243,1.241,-3.07e-4,957.358,0.001,338.512,0.32,6.4,32.17
31.831,1.295,2643.132,456.9,0.262,0.003,62.078,43.168,0,0.569,0.391,0.045,0.133,0.572,0.332,0.983,-1.516e-4,0,0.002,1.243,1.241,-8.521e-5,957.533,0.001,338.518,0.32,6.4,32.17
31.844,1.303,2643.132,456.9,0.262,0.003,62.075,43.168,0,0.569,0.391,0.045,0.133,0.572,0.335,0.988,-4.136e-4,0,0.002,1.243,1.241,1.298e-7,957.702,0.001,338.523,0.321,6.4,32.17
31.857,1.254,2643.132,456.9,0.262,0.003,62.093,43.168,0,0.57,0.391,0.045,0.133,0.572,0.322,0.952,-1.174e-4,0,0.002,1.243,1.241,9.947e-5,957.869,0.001,338.529,0.321,6.4,32.17
31.871,1.152,2643.132,456.9,0.262,0.003,62.131,43.168,0,0.57,0.391,0.045,0.133,0.572,0.295,0.874,-3.669e-4,0,0.002,1.243,1.241,2.588e-4,958.044,0.001,338.535,0.321,6.4,32.17
31.886,1.028,2643.132,456.9,0.262,0.003,62.177,43.168,0,0.57,0.391,0.045,0.133,0.571,0.262,0.779,-4.294e-4,0,0.002,1.243,1.241,1.954e-4,958.235,0.001,338.541,0.321,6.4,32.17
31.903,0.949,2643.132,456.9,0.262,0.003,62.205,43.168,0,0.57,0.391,0.046,0.133,0.571,0.242,0.719,-1.605e-4,0,0.002,1.243,1.241,-2.164e-7,958.455,0.001,338.549,0.321,6.4,32.17
31.924,0.998,2643.132,456.9,0.262,0.003,62.182,43.168,0,0.57,0.391,0.046,0.133,0.571,0.254,0.756,4.497e-4,0,0.002,1.243,1.241,-3.137e-4,958.717,0.001,338.557,0.322,6.4,32.17
31.948,1.151,2643.132,456.9,0.262,0.003,62.122,43.168,0,0.57,0.391,0.046,0.133,0.572,0.295,0.873,-9.344e-5,0,0.002,1.243,1.241,-4.125e-4,959.023,0.001,338.568,0.322,6.4,32.17
31.966,1.237,2643.132,456.9,0.262,0.003,62.089,43.168,0,0.57,0.391,0.046,0.133,0.573,0.317,0.938,-4.282e-4,0,0.002,1.243,1.241,-1.311e-4,959.252,0.001,338.575,0.322,6.4,32.17
31.982,1.253,2643.132,456.9,0.262,0.003,62.083,43.168,0,0.57,0.391,0.046,0.134,0.573,0.321,0.95,-4.476e-4,0,0.002,1.244,1.241,-3.654e-8,959.458,0.001,338.582,0.322,6.4,32.17
31.998,1.206,2643.132,456.9,0.262,0.003,62.101,43.168,0,0.57,0.391,0.046,0.134,0.572,0.309,0.914,1.706e-4,0,0.002,1.244,1.241,1.022e-4,959.659,0.001,338.589,0.323,6.4,32.17
32.014,1.112,2643.132,456.9,0.262,0.003,62.136,43.168,0,0.57,0.391,0.046,0.134,0.572,0.284,0.842,3.147e-4,0,0.002,1.244,1.241,2.403e-4,959.866,0.001,338.596,0.323,6.4,32.17
32.031,1.008,2643.132,456.9,0.262,0.003,62.173,43.168,0,0.57,0.391,0.046,0.134,0.572,0.257,0.764,2.223e-4,0,0.002,1.244,1.241,1.77e-4,960.082,0.001,338.603,0.323,6.4,32.17
32.048,0.945,2643.132,456.9,0.262,0.003,62.196,43.168,0,0.57,0.391,0.046,0.134,0.572,0.241,0.715,4.961e-4,0,0.002,1.244,1.241,6.658e-6,960.308,0.001,338.611,0.323,6.4,32.17
32.066,0.947,2643.132,456.9,0.262,0.003,62.195,43.168,0,0.57,0.391,0.046,0.134,0.572,0.241,0.717,4.026e-4,0,0.002,1.244,1.241,-1.66e-4,960.538,0.001,338.619,0.324,6.4,32.17
32.084,1.04,2643.132,456.9,0.262,0.003,62.161,43.168,0,0.57,0.391,0.046,0.134,0.572,0.266,0.788,-2.441e-4,0,0.002,1.244,1.242,-4.792e-4,960.765,0.001,338.626,0.324,6.4,32.17
32.1,1.155,2643.132,456.9,0.262,0.003,62.119,43.168,0,0.57,0.391,0.046,0.134,0.573,0.296,0.876,-6.381e-5,0,0.002,1.244,1.242,-3.878e-4,960.978,0.001,338.633,0.324,6.4,32.17
32.116,1.201,2643.132,456.9,0.262,0.003,62.103,43.168,0,0.57,0.391,0.046,0.134,0.573,0.308,0.91,-1.557e-4,0,0.002,1.244,1.242,-1.033e-4,961.176,0.001,338.64,0.324,6.4,32.17
32.131,1.19,2643.132,456.9,0.262,0.003,62.107,43.168,0,0.571,0.391,0.046,0.134,0.573,0.305,0.902,-1.575e-4,0,0.002,1.244,1.242,-5.565e-7,961.368,0.001,338.646,0.325,6.4,32.17
32.146,1.137,2643.132,456.9,0.262,0.003,62.128,43.168,0,0.571,0.391,0.046,0.134,0.573,0.291,0.861,-1.695e-5,0,0.002,1.244,1.242,3.919e-5,961.564,0.001,338.653,0.325,6.4,32.17
32.162,1.066,2643.132,456.9,0.262,0.003,62.155,43.168,0,0.571,0.391,0.046,0.134,0.573,0.272,0.808,7.488e-5,0,0.002,1.244,1.242,1.088e-4,961.773,0.001,338.66,0.325,6.4,32.17
32.18,0.981,2643.132,456.9,0.262,0.003,62.19,43.168,0,0.571,0.391,0.046,0.134,0.572,0.25,0.743,3.892e-4,0,0.002,1.244,1.242,8.381e-5,962.003,0.001,338.668,0.325,6.4,32.17
32.201,0.923,2643.132,456.9,0.262,0.003,62.216,43.168,0,0.571,0.391,0.046,0.134,0.572,0.235,0.699,5.481e-5,0,0.002,1.244,1.242,-1.774e-6,962.276,0.001,338.677,0.325,6.4,32.17
32.224,0.957,2643.132,456.9,0.262,0.003,62.207,43.168,0,0.571,0.391,0.046,0.134,0.572,0.244,0.726,4.442e-4,0,0.002,1.244,1.242,-2.048e-4,962.577,0.001,338.687,0.326,6.4,32.17
32.243,1.043,2643.132,456.9,0.262,0.003,62.176,43.168,0,0.571,0.391,0.046,0.134,0.573,0.266,0.791,1.005e-4,0,0.002,1.244,1.242,-2.917e-4,962.823,0.001,338.695,0.326,6.4,32.17
32.26,1.112,2643.132,456.9,0.262,0.003,62.151,43.168,0,0.571,0.391,0.046,0.134,0.573,0.285,0.844,7.244e-6,0,0.002,1.244,1.242,-1.616e-4,963.035,0.001,338.702,0.326,6.4,32.17
32.275,1.145,2643.132,456.9,0.262,0.003,62.139,43.168,0,0.571,0.391,0.047,0.134,0.573,0.293,0.868,2.501e-4,0,0.002,1.244,1.242,-2.789e-5,963.23,0.001,338.709,0.327,6.4,32.17
32.289,1.136,2643.132,456.9,0.262,0.003,62.143,43.168,0,0.571,0.391,0.047,0.134,0.573,0.291,0.862,3.732e-4,0,0.002,1.244,1.242,7.274e-6,963.418,0.001,338.715,0.327,6.4,32.17
32.304,1.093,2643.132,456.9,0.262,0.003,62.159,43.168,0,0.571,0.391,0.047,0.134,0.573,0.28,0.829,-2.073e-5,0,0.002,1.244,1.242,8.938e-5,963.607,0.001,338.722,0.327,6.4,32.17
32.319,1.028,2643.132,456.9,0.262,0.003,62.184,43.168,0,0.571,0.391,0.047,0.134,0.573,0.262,0.779,3.751e-4,0,0.002,1.244,1.242,1.937e-4,963.801,0.001,338.728,0.327,6.4,32.17
32.335,0.941,2643.132,456.9,0.262,0.003,62.217,43.168,0,0.571,0.391,0.047,0.134,0.573,0.24,0.714,3.134e-4,0,0.002,1.244,1.242,1.872e-4,964.007,0.001,338.735,0.327,6.4,32.17
32.352,0.862,2643.132,456.9,0.262,0.003,62.247,43.168,0,0.571,0.391,0.047,0.134,0.573,0.219,0.654,1.309e-4,0,0.002,1.244,1.242,2.431e-5,964.231,0.001,338.743,0.328,6.4,32.17
32.371,0.876,2643.132,456.9,0.262,0.003,62.239,43.168,0,0.571,0.391,0.047,0.134,0.573,0.223,0.664,-1.655e-4,0,0.002,1.244,1.242,-1.483e-4,964.481,0.001,338.751,0.328,6.4,32.17
32.392,0.989,2643.132,456.9,0.262,0.003,62.193,43.168,0,0.571,0.391,0.047,0.134,0.573,0.252,0.75,-6.464e-5,0,0.002,1.244,1.242,-3.797e-4,964.754,0.001,338.76,0.328,6.4,32.17
32.413,1.101,2643.132,456.9,0.262,0.003,62.15,43.168,0,0.572,0.391,0.047,0.134,0.574,0.281,0.835,8.239e-5,0,0.002,1.244,1.242,-1.501e-4,965.029,0.001,338.769,0.328,6.4,32.17
32.433,1.116,2643.132,456.9,0.262,0.003,62.144,43.168,0,0.572,0.391,0.047,0.134,0.574,0.286,0.846,-2.043e-4,0,0.002,1.244,1.242,5.278e-7,965.292,0.001,338.778,0.329,6.4,32.17
32.454,1.037,2643.132,456.9,0.262,0.003,62.174,43.168,0,0.572,0.391,0.047,0.134,0.574,0.265,0.786,-1.496e-4,0,0.002,1.244,1.242,1.059e-4,965.556,0.001,338.787,0.329,6.4,32.17
32.475,0.944,2643.132,456.9,0.262,0.003,62.207,43.168,0,0.572,0.391,0.047,0.134,0.573,0.24,0.715,1.123e-4,0,0.002,1.244,1.242,1.044e-4,965.83,0.001,338.796,0.329,6.4,32.17
32.495,0.886,2643.132,456.9,0.262,0.003,62.226,43.168,0,0.572,0.391,0.047,0.134,0.573,0.225,0.671,-1.242e-4,0,0.002,1.244,1.242,5.472e-6,966.1,0.001,338.805,0.329,6.4,32.17
32.515,0.896,2643.132,456.9,0.262,0.003,62.22,43.168,0,0.572,0.391,0.047,0.134,0.573,0.228,0.68,4.187e-6,0,0.002,1.244,1.242,-8.966e-5,966.357,0.001,338.814,0.33,6.4,32.17
32.533,0.972,2643.132,456.9,0.262,0.003,62.191,43.168,0,0.572,0.391,0.047,0.134,0.574,0.248,0.737,4.248e-4,0,0.002,1.244,1.242,-2.13e-4,966.593,0.001,338.822,0.33,6.4,32.17
32.549,1.046,2643.132,456.9,0.262,0.003,62.164,43.168,0,0.572,0.391,0.047,0.134,0.574,0.267,0.793,-2.22e-4,0,0.002,1.244,1.243,-1.325e-4,966.808,0.001,338.829,0.33,6.4,32.17
32.564,1.055,2643.132,456.9,0.262,0.003,62.161,43.168,0,0.572,0.391,0.047,0.134,0.574,0.27,0.8,2.717e-4,0,0.002,1.244,1.243,-3.327e-5,967.008,0.001,338.836,0.33,6.4,32.17
32.58,1.038,2643.132,456.9,0.262,0.003,62.168,43.168,0,0.572,0.391,0.047,0.134,0.574,0.265,0.787,4.255e-5,0,0.002,1.245,1.243,-1.404e-6,967.206,0.001,338.843,0.331,6.4,32.17
32.595,1.009,2643.132,456.9,0.262,0.003,62.179,43.168,0,0.572,0.391,0.047,0.134,0.574,0.258,0.765,-4.269e-4,0,0.002,1.245,1.243,1.992e-6,967.41,0.001,338.849,0.331,6.4,32.17
32.611,0.972,2643.132,456.9,0.262,0.003,62.194,43.168,0,0.572,0.391,0.047,0.134,0.574,0.248,0.736,-3.24e-5,0,0.002,1.245,1.243,1.55e-5,967.624,0.001,338.857,0.331,6.4,32.17
32.629,0.918,2643.132,456.9,0.262,0.003,62.216,43.168,0,0.572,0.391,0.047,0.134,0.574,0.234,0.696,1.36e-4,0,0.002,1.245,1.243,1.168e-5,967.852,0.001,338.864,0.331,6.4,32.17
32.648,0.883,2643.132,456.9,0.262,0.003,62.233,43.168,0,0.572,0.391,0.048,0.134,0.574,0.225,0.67,1.869e-4,0,0.002,1.245,1.243,-6.467e-6,968.106,0.001,338.873,0.331,6.4,32.17
32.67,0.912,2643.132,456.9,0.262,0.003,62.225,43.168,0,0.572,0.391,0.048,0.134,0.574,0.232,0.692,-4.189e-4,0,0.002,1.245,1.243,-9.752e-5,968.401,0.001,338.883,0.332,6.4,32.17
32.693,0.982,2643.132,456.9,0.262,0.003,62.202,43.168,0,0.572,0.39,0.048,0.134,0.574,0.25,0.744,-1.542e-4,0,0.002,1.245,1.243,-9.163e-5,968.7,0.001,338.893,0.332,6.4,32.17
32.712,1.009,2643.132,456.9,0.262,0.003,62.192,43.168,0,0.573,0.39,0.048,0.134,0.574,0.258,0.765,-9.972e-5,0,0.002,1.245,1.243,-1.143e-5,968.948,0.001,338.901,0.332,6.4,32.17
32.729,0.986,2643.132,456.9,0.262,0.003,62.202,43.168,0,0.573,0.39,0.048,0.134,0.574,0.251,0.748,2.941e-4,0,0.002,1.245,1.243,7.621e-6,969.18,0.001,338.909,0.333,6.4,32.17
32.747,0.932,2643.132,456.9,0.262,0.003,62.224,43.168,0,0.573,0.39,0.048,0.134,0.574,0.237,0.707,-9.142e-5,0,0.002,1.245,1.243,3.172e-5,969.41,0.001,338.917,0.333,6.4,32.17
32.765,0.877,2643.132,456.9,0.262,0.003,62.246,43.168,0,0.573,0.39,0.048,0.134,0.574,0.223,0.665,-7.778e-5,0,0.002,1.245,1.243,1.345e-5,969.645,0.001,338.924,0.333,6.4,32.17
32.783,0.852,2643.132,456.9,0.262,0.003,62.257,43.168,0,0.573,0.39,0.048,0.134,0.574,0.217,0.646,9.078e-5,0,0.002,1.245,1.243,-6.69e-6,969.885,0.001,338.932,0.333,6.4,32.17
32.801,0.875,2643.132,456.9,0.262,0.003,62.248,43.168,0,0.573,0.39,0.048,0.134,0.574,0.223,0.663,-3.57e-4,0,0.002,1.245,1.243,-7.478e-5,970.127,0.001,338.941,0.333,6.4,32.17
32.819,0.937,2643.132,456.9,0.262,0.003,62.224,43.168,0,0.573,0.39,0.048,0.134,0.574,0.239,0.711,3.426e-4,0,0.002,1.245,1.243,-8.101e-5,970.364,0.001,338.949,0.334,6.4,32.17
32.836,0.974,2643.132,456.9,0.262,0.003,62.209,43.168,0,0.573,0.39,0.048,0.134,0.575,0.248,0.739,-4.827e-4,0,0.002,1.245,1.243,-1.523e-5,970.592,0.001,338.956,0.334,6.4,32.17
32.853,0.964,2643.132,456.9,0.262,0.003,62.213,43.168,0,0.573,0.39,0.048,0.135,0.575,0.246,0.731,1.062e-4,0,0.002,1.245,1.243,4.743e-6,970.816,0.001,338.964,0.334,6.4,32.17
32.87,0.929,2643.132,456.9,0.262,0.003,62.225,43.168,0,0.573,0.39,0.048,0.135,0.575,0.237,0.705,2.476e-5,0,0.002,1.245,1.243,2.249e-5,971.046,0.001,338.971,0.334,6.4,32.17
32.889,0.887,2643.132,456.9,0.262,0.003,62.239,43.168,0,0.573,0.39,0.048,0.135,0.575,0.226,0.673,4.006e-4,0,0.002,1.245,1.243,2.192e-5,971.296,0.001,338.98,0.335,6.4,32.17
32.91,0.847,2643.132,456.9,0.262,0.003,62.252,43.168,0,0.573,0.39,0.048,0.135,0.574,0.215,0.642,4.783e-4,0,0.002,1.245,1.243,3.786e-7,971.578,0.001,338.989,0.335,6.4,32.17
32.936,0.852,2643.132,456.9,0.262,0.003,62.246,43.168,0,0.573,0.39,0.048,0.135,0.575,0.217,0.646,2.462e-4,0,0.002,1.245,1.243,-5.363e-5,971.917,0.001,339.001,0.335,6.4,32.17
32.957,0.903,2643.132,456.9,0.262,0.003,62.225,43.168,0,0.573,0.39,0.048,0.135,0.575,0.23,0.685,8.402e-5,0,0.002,1.245,1.243,-9.531e-5,972.197,0.001,339.01,0.335,6.4,32.17
32.975,0.952,2643.132,456.9,0.262,0.003,62.206,43.168,0,0.573,0.39,0.048,0.135,0.575,0.243,0.722,-1.595e-5,0,0.002,1.245,1.243,-4.353e-5,972.439,0.001,339.018,0.336,6.4,32.17
32.992,0.966,2643.132,456.9,0.262,0.003,62.2,43.168,0,0.574,0.39,0.048,0.135,0.575,0.246,0.733,1.449e-4,0,0.002,1.245,1.243,-3.351e-7,972.662,0.001,339.026,0.336,6.4,32.17
33.008,0.934,2643.132,456.9,0.262,0.003,62.212,43.168,0,0.574,0.39,0.048,0.135,0.575,0.238,0.709,-1.026e-5,0,0.002,1.245,1.243,1.245e-5,972.879,0.001,339.033,0.336,6.4,32.17
33.024,0.9,2643.132,456.9,0.262,0.003,62.224,43.168,0,0.574,0.39,0.049,0.135,0.575,0.229,0.683,-9.049e-5,0,0.002,1.245,1.243,9.194e-6,973.099,0.001,339.04,0.336,6.4,32.17
33.041,0.891,2643.132,456.9,0.262,0.003,62.228,43.168,0,0.574,0.39,0.049,0.135,0.575,0.227,0.676,2.816e-4,0,0.002,1.245,1.244,2.545e-6,973.325,0.001,339.048,0.336,6.4,32.17
33.058,0.888,2643.132,456.9,0.262,0.003,62.23,43.168,0,0.574,0.39,0.049,0.135,0.575,0.226,0.673,-4.349e-4,0,0.002,1.245,1.244,3.141e-6,973.554,0.001,339.056,0.337,6.4,32.17
33.076,0.869,2643.132,456.9,0.262,0.003,62.238,43.168,0,0.574,0.39,0.049,0.135,0.575,0.221,0.659,-4.766e-4,0,0.002,1.245,1.244,4.672e-6,973.788,0.001,339.064,0.337,6.4,32.17
33.094,0.843,2643.132,456.9,0.262,0.003,62.25,43.168,0,0.574,0.39,0.049,0.135,0.575,0.214,0.639,-1.25e-4,0,0.002,1.245,1.244,1.331e-6,974.035,0.001,339.072,0.337,6.4,32.17
33.114,0.842,2643.132,456.9,0.262,0.003,62.254,43.168,0,0.574,0.39,0.049,0.135,0.575,0.214,0.639,-7.774e-5,0,0.002,1.245,1.244,-2.819e-5,974.303,0.001,339.081,0.337,6.4,32.17
33.137,0.91,2643.132,456.9,0.262,0.003,62.231,43.168,0,0.574,0.39,0.049,0.135,0.575,0.232,0.691,-3.895e-5,0,0.002,1.245,1.244,-5.203e-5,974.606,0.001,339.091,0.338,6.4,32.17
33.159,0.934,2643.132,456.9,0.262,0.003,62.224,43.168,0,0.574,0.39,0.049,0.135,0.576,0.238,0.709,-4.802e-4,0,0.002,1.245,1.244,-1.805e-6,974.908,0.001,339.101,0.338,6.4,32.17
33.18,0.906,2643.132,456.9,0.262,0.003,62.236,43.168,0,0.574,0.39,0.049,0.135,0.576,0.231,0.687,-2.7e-4,0,0.002,1.245,1.244,2.005e-6,975.18,0.001,339.11,0.338,6.4,32.17
33.199,0.883,2643.132,456.9,0.262,0.003,62.247,43.168,0,0.574,0.39,0.049,0.135,0.576,0.225,0.67,3.791e-4,0,0.002,1.246,1.244,3.935e-6,975.439,0.001,339.119,0.338,6.4,32.17
33.217,0.834,2643.132,456.9,0.262,0.003,62.267,43.168,0,0.574,0.39,0.049,0.135,0.575,0.212,0.633,4.45e-4,0,0.002,1.246,1.244,4.555e-6,975.688,0.001,339.127,0.339,6.4,32.17
33.236,0.799,2643.132,456.9,0.262,0.003,62.282,43.168,0,0.574,0.39,0.049,0.135,0.575,0.203,0.607,1.655e-4,0,0.002,1.246,1.244,-1.04e-5,975.94,0.001,339.136,0.339,6.4,32.17
33.255,0.82,2643.132,456.9,0.262,0.003,62.274,43.168,0,0.574,0.39,0.049,0.135,0.576,0.208,0.622,-5.915e-5,0,0.002,1.246,1.244,-9.221e-5,976.193,0.001,339.144,0.339,6.4,32.17
33.273,0.871,2643.132,456.9,0.262,0.003,62.254,43.168,0,0.574,0.39,0.049,0.135,0.576,0.222,0.662,-3.779e-4,0,0.002,1.246,1.244,-1.01e-4,976.439,0.001,339.153,0.339,6.4,32.17
33.291,0.908,2643.132,456.9,0.262,0.003,62.24,43.168,0,0.574,0.39,0.049,0.135,0.576,0.231,0.69,-1.518e-5,0,0.002,1.246,1.244,-3.849e-5,976.674,0.001,339.16,0.339,6.4,32.17
33.308,0.911,2643.132,456.9,0.262,0.003,62.239,43.168,0,0.575,0.39,0.049,0.135,0.576,0.232,0.691,4.398e-4,0,0.002,1.246,1.244,-3.792e-7,976.905,0.001,339.168,0.34,6.4,32.17
33.325,0.877,2643.132,456.9,0.262,0.003,62.251,43.168,0,0.575,0.39,0.049,0.135,0.576,0.223,0.666,2.811e-4,0,0.002,1.246,1.244,1.377e-5,977.14,0.001,339.176,0.34,6.4,32.17
33.344,0.827,2643.132,456.9,0.262,0.003,62.268,43.168,0,0.575,0.39,0.049,0.135,0.576,0.21,0.627,2.19e-5,0,0.002,1.246,1.244,2.032e-5,977.392,0.001,339.185,0.34,6.4,32.17
33.365,0.783,2643.132,456.9,0.262,0.003,62.282,43.168,0,0.575,0.39,0.049,0.135,0.576,0.199,0.594,-3.799e-4,0,0.002,1.246,1.244,1.314e-6,977.676,0.001,339.194,0.34,6.4,32.17
33.39,0.779,2643.132,456.9,0.262,0.003,62.28,43.168,0,0.575,0.39,0.049,0.135,0.576,0.198,0.591,-3.57e-4,0,0.002,1.246,1.244,-3.707e-5,978.018,0.001,339.206,0.341,6.4,32.17
33.413,0.835,2643.132,456.9,0.262,0.003,62.257,43.168,0,0.575,0.39,0.05,0.135,0.576,0.212,0.633,-3.274e-4,0,0.002,1.246,1.244,-3.859e-5,978.33,0.001,339.216,0.341,6.4,32.17
33.433,0.84,2643.132,456.9,0.262,0.003,62.255,43.168,0,0.575,0.39,0.05,0.135,0.576,0.214,0.637,-4.972e-4,0,0.002,1.246,1.244,5.477e-9,978.595,0.001,339.225,0.341,6.4,32.17
33.451,0.784,2643.132,456.9,0.262,0.003,62.275,43.168,0,0.575,0.39,0.05,0.135,0.576,0.199,0.594,-7.212e-5,0,0.002,1.246,1.244,6.886e-6,978.852,0.001,339.234,0.341,6.4,32.17
33.471,0.764,2643.132,456.9,0.262,0.003,62.282,43.168,0,0.575,0.39,0.05,0.135,0.576,0.194,0.579,1.744e-4,0,0.002,1.246,1.244,-6.303e-6,979.117,0.001,339.243,0.342,6.4,32.17
33.49,0.785,2643.132,456.9,0.262,0.003,62.274,43.168,0,0.575,0.39,0.05,0.135,0.576,0.199,0.595,2.766e-4,0,0.002,1.246,1.244,-4.846e-5,979.38,0.001,339.251,0.342,6.4,32.17
33.509,0.823,2643.132,456.9,0.262,0.003,62.26,43.168,0,0.575,0.39,0.05,0.135,0.576,0.209,0.624,-5.362e-5,0,0.002,1.246,1.244,-4.666e-5,979.634,0.001,339.26,0.342,6.4,32.17
33.527,0.84,2643.132,456.9,0.262,0.003,62.255,43.168,0,0.575,0.39,0.05,0.135,0.576,0.214,0.637,-2.616e-4,0,0.002,1.246,1.244,-1.026e-5,979.88,0.001,339.268,0.342,6.4,32.17
33.545,0.824,2643.132,456.9,0.262,0.003,62.261,43.168,0,0.575,0.39,0.05,0.135,0.576,0.21,0.625,-4.392e-4,0,0.002,1.246,1.244,2.302e-7,980.126,0.001,339.276,0.343,6.4,32.17
33.564,0.789,2643.132,456.9,0.262,0.003,62.277,43.168,0,0.575,0.39,0.05,0.135,0.576,0.2,0.599,-1.662e-4,0,0.002,1.246,1.245,2.702e-6,980.385,0.001,339.285,0.343,6.4,32.17
33.585,0.76,2643.132,456.9,0.262,0.003,62.291,43.168,0,0.575,0.39,0.05,0.135,0.576,0.193,0.576,-1.556e-4,0,0.002,1.246,1.245,-1.281e-6,980.669,0.001,339.295,0.343,6.4,32.17
33.609,0.766,2643.132,456.9,0.262,0.003,62.292,43.168,0,0.576,0.39,0.05,0.135,0.577,0.195,0.582,1.009e-4,0,0.002,1.246,1.245,-2.672e-5,980.999,0.001,339.306,0.343,6.4,32.17
33.634,0.791,2643.132,456.9,0.262,0.003,62.286,43.168,0,0.576,0.39,0.05,0.135,0.577,0.201,0.601,-2.649e-4,0,0.002,1.246,1.245,-3.265e-5,981.337,0.001,339.317,0.344,6.4,32.17
33.655,0.807,2643.132,456.9,0.262,0.003,62.281,43.168,0,0.576,0.39,0.05,0.135,0.577,0.205,0.613,2.56e-4,0,0.002,1.246,1.245,-1.387e-5,981.626,0.001,339.327,0.344,6.4,32.17
33.674,0.808,2643.132,456.9,0.262,0.003,62.282,43.168,0,0.576,0.39,0.05,0.135,0.577,0.205,0.613,2.026e-4,0,0.002,1.246,1.245,-8.812e-7,981.891,0.001,339.336,0.344,6.4,32.17
33.693,0.793,2643.132,456.9,0.262,0.003,62.289,43.168,0,0.576,0.39,0.05,0.135,0.577,0.202,0.602,4.996e-4,0,0.002,1.246,1.245,2.284e-6,982.147,0.001,339.344,0.344,6.4,32.17
33.712,0.77,2643.132,456.9,0.262,0.003,62.298,43.168,0,0.576,0.39,0.05,0.135,0.577,0.196,0.584,-4.359e-4,0,0.002,1.246,1.245,6.861e-6,982.4,0.001,339.353,0.344,6.4,32.17
33.73,0.745,2643.132,456.9,0.262,0.003,62.308,43.168,0,0.576,0.39,0.05,0.135,0.577,0.189,0.566,4.664e-4,0,0.002,1.246,1.245,4.847e-6,982.656,0.001,339.361,0.345,6.4,32.17
33.75,0.723,2643.132,456.9,0.262,0.003,62.316,43.168,0,0.576,0.39,0.05,0.135,0.577,0.183,0.548,-3.063e-4,0,0.002,1.246,1.245,-3.321e-8,982.92,0.001,339.37,0.345,6.4,32.17
33.77,0.742,2643.132,456.9,0.262,0.003,62.307,43.168,0,0.576,0.39,0.05,0.135,0.577,0.188,0.563,3.196e-4,0,0.002,1.246,1.245,-4.871e-5,983.198,0.001,339.38,0.345,6.4,32.17
33.791,0.808,2643.132,456.9,0.262,0.003,62.28,43.168,0,0.576,0.39,0.05,0.136,0.577,0.205,0.613,-3.728e-4,0,0.001,1.246,1.245,-4.306e-5,983.488,0.001,339.389,0.345,6.4,32.17
33.812,0.828,2643.132,456.9,0.262,0.003,62.272,43.168,0,0.576,0.39,0.05,0.136,0.577,0.21,0.628,4.905e-4,0,0.001,1.246,1.245,5.471e-8,983.777,0.001,339.399,0.346,6.4,32.17
33.833,0.782,2643.132,456.9,0.262,0.003,62.288,43.168,0,0.576,0.39,0.051,0.136,0.577,0.199,0.594,6.082e-5,0,0.001,1.246,1.245,3.394e-5,984.073,0.001,339.409,0.346,6.4,32.17
33.858,0.708,2643.132,456.9,0.262,0.003,62.313,43.168,0,0.576,0.39,0.051,0.136,0.577,0.18,0.538,-4.378e-4,0,0.001,1.247,1.245,1.932e-5,984.408,0.001,339.42,0.346,6.4,32.17
33.883,0.695,2643.132,456.9,0.262,0.003,62.315,43.168,0,0.576,0.39,0.051,0.136,0.577,0.176,0.527,2.446e-4,0,0.001,1.247,1.245,-1.549e-5,984.757,0.001,339.432,0.346,6.4,32.17
33.905,0.733,2643.132,456.9,0.262,0.003,62.299,43.168,0,0.576,0.39,0.051,0.136,0.577,0.186,0.556,-2.027e-4,0,0.001,1.247,1.245,-5.989e-5,985.061,0.001,339.442,0.347,6.4,32.17
33.925,0.772,2643.132,456.9,0.262,0.003,62.284,43.168,0,0.576,0.39,0.051,0.136,0.578,0.196,0.586,-2.293e-4,0,0.001,1.247,1.245,-4.639e-5,985.333,0.001,339.451,0.347,6.4,32.17
33.943,0.789,2643.132,456.9,0.262,0.003,62.277,43.168,0,0.577,0.39,0.051,0.136,0.578,0.2,0.599,-1.888e-4,0,0.001,1.247,1.245,-9.93e-6,985.586,0.001,339.46,0.347,6.4,32.17
33.961,0.79,2643.132,456.9,0.262,0.003,62.277,43.168,0,0.577,0.39,0.051,0.136,0.578,0.201,0.599,-2.443e-4,0,0.001,1.247,1.245,1.394e-6,985.833,0.001,339.468,0.347,6.4,32.17
33.979,0.764,2643.132,456.9,0.262,0.003,62.288,43.168,0,0.577,0.39,0.051,0.136,0.578,0.194,0.579,-1.106e-4,0,0.001,1.247,1.245,3.147e-5,986.08,0.001,339.476,0.347,6.4,32.17
33.998,0.705,2643.132,456.9,0.262,0.003,62.311,43.168,0,0.577,0.39,0.051,0.136,0.578,0.179,0.534,-8.263e-5,0,0.001,1.247,1.245,5.05e-5,986.338,0.001,339.485,0.348,6.4,32.17
34.018,0.672,2643.132,456.9,0.262,0.003,62.327,43.168,0,0.577,0.39,0.051,0.136,0.578,0.17,0.51,4.488e-4,0,0.001,1.247,1.245,-1.143e-6,986.625,0.001,339.495,0.348,6.4,32.17
34.042,0.722,2643.132,456.9,0.262,0.003,62.312,43.168,0,0.577,0.39,0.051,0.136,0.578,0.183,0.548,4.701e-5,0,0.001,1.247,1.245,-4.876e-5,986.956,0.001,339.506,0.348,6.4,32.17
34.069,0.765,2643.132,456.9,0.262,0.003,62.298,43.168,0,0.577,0.39,0.051,0.136,0.578,0.194,0.581,1.446e-4,0,0.001,1.247,1.245,-1.166e-5,987.321,0.001,339.518,0.348,6.4,32.17
34.092,0.747,2643.132,456.9,0.262,0.003,62.307,43.168,0,0.577,0.39,0.051,0.136,0.578,0.19,0.567,3.749e-4,0,0.001,1.247,1.245,1.333e-6,987.649,0.001,339.529,0.349,6.4,32.17
34.115,0.716,2643.132,456.9,0.262,0.003,62.321,43.168,0,0.577,0.39,0.051,0.136,0.578,0.182,0.544,1.208e-4,0,0.001,1.247,1.245,1.401e-6,987.959,0.001,339.539,0.349,6.4,32.17
34.136,0.705,2643.132,456.9,0.262,0.003,62.327,43.168,0,0.577,0.39,0.051,0.136,0.578,0.179,0.535,3.312e-4,0,0.001,1.247,1.246,-3.217e-7,988.255,0.001,339.549,0.349,6.4,32.17
34.156,0.703,2643.132,456.9,0.262,0.003,62.329,43.168,0,0.577,0.39,0.051,0.136,0.578,0.178,0.534,-9.391e-5,0,0.001,1.247,1.246,-2.964e-6,988.538,0.001,339.559,0.349,6.4,32.17
34.176,0.696,2643.132,456.9,0.262,0.003,62.332,43.168,0,0.577,0.39,0.051,0.136,0.578,0.176,0.529,2.012e-4,0,0.001,1.247,1.246,-5.128e-6,988.813,0.001,339.568,0.35,6.4,32.17
34.196,0.688,2643.132,456.9,0.262,0.003,62.335,43.168,0,0.577,0.39,0.051,0.136,0.578,0.175,0.523,4.532e-4,0,0.001,1.247,1.246,-1.736e-5,989.09,0.001,339.577,0.35,6.4,32.17
34.216,0.695,2643.132,456.9,0.262,0.003,62.33,43.168,0,0.577,0.39,0.051,0.136,0.578,0.176,0.528,1.749e-4,0,0.001,1.247,1.246,-5.411e-5,989.375,0.001,339.587,0.35,6.4,32.17
34.238,0.739,2643.132,456.9,0.262,0.003,62.312,43.168,0,0.577,0.39,0.051,0.136,0.578,0.188,0.561,-1.763e-4,0,0.001,1.247,1.246,-6.849e-5,989.674,0.001,339.597,0.35,6.4,32.17
34.26,0.768,2643.132,456.9,0.262,0.003,62.299,43.168,0,0.577,0.39,0.052,0.136,0.579,0.195,0.584,2.913e-4,0,0.001,1.247,1.246,-4.818e-6,989.979,0.001,339.607,0.35,6.4,32.17
34.282,0.717,2643.132,456.9,0.262,0.003,62.318,43.168,0,0.578,0.39,0.052,0.136,0.578,0.182,0.544,1.723e-5,0,0.001,1.247,1.246,1.518e-5,990.289,0.001,339.618,0.351,6.4,32.17
34.307,0.652,2643.132,456.9,0.262,0.003,62.34,43.168,0,0.578,0.39,0.052,0.136,0.578,0.165,0.495,-2.229e-4,0,0.001,1.247,1.246,4.149e-6,990.644,0.001,339.63,0.351,6.4,32.17
34.334,0.636,2643.132,456.9,0.262,0.003,62.342,43.168,0,0.578,0.39,0.052,0.136,0.578,0.161,0.482,4.445e-4,0,0.001,1.247,1.246,-1.07e-5,991.014,0.001,339.642,0.351,6.4,32.17
34.357,0.658,2643.132,456.9,0.262,0.003,62.332,43.168,0,0.578,0.39,0.052,0.136,0.579,0.167,0.5,2.802e-4,0,0.001,1.247,1.246,-5.047e-5,991.342,0.001,339.653,0.351,6.4,32.17
34.378,0.692,2643.132,456.9,0.262,0.003,62.319,43.168,0,0.578,0.39,0.052,0.136,0.579,0.175,0.525,-4.541e-4,0,0.001,1.247,1.246,-5.233e-5,991.638,0.001,339.663,0.352,6.4,32.17
34.398,0.718,2643.132,456.9,0.262,0.003,62.309,43.168,0,0.578,0.39,0.052,0.136,0.579,0.182,0.545,4.974e-4,0,0.001,1.247,1.246,-1.871e-5,991.915,0.001,339.672,0.352,6.4,32.17
34.417,0.694,2643.132,456.9,0.262,0.003,62.319,43.168,0,0.578,0.39,0.052,0.136,0.579,0.176,0.527,5.375e-5,0,0.001,1.247,1.246,3.766e-6,992.181,0.001,339.681,0.352,6.4,32.17
34.437,0.626,2643.132,456.9,0.262,0.003,62.346,43.168,0,0.578,0.39,0.052,0.136,0.579,0.158,0.474,-3.032e-4,0,0.001,1.247,1.246,6.986e-6,992.458,0.001,339.691,0.352,6.4,32.17
34.459,0.601,2643.132,456.9,0.262,0.003,62.359,43.168,0,0.578,0.39,0.052,0.136,0.579,0.152,0.456,3.995e-4,0,0.001,1.247,1.246,-2.763e-5,992.771,0.001,339.701,0.353,6.4,32.17
34.485,0.665,2643.132,456.9,0.262,0.003,62.338,43.168,0,0.578,0.39,0.052,0.136,0.579,0.168,0.505,-3.653e-4,0,0.001,1.247,1.246,-7.238e-5,993.134,0.001,339.713,0.353,6.4,32.17
34.512,0.701,2643.132,456.9,0.262,0.003,62.326,43.168,0,0.578,0.39,0.052,0.136,0.579,0.178,0.532,-2.345e-4,0,0.001,1.247,1.246,-2.154e-6,993.516,0.001,339.726,0.353,6.4,32.17
34.538,0.647,2643.132,456.9,0.262,0.003,62.349,43.168,0,0.578,0.39,0.052,0.136,0.579,0.164,0.492,3.67e-4,0,0.001,1.247,1.246,1.272e-5,993.886,0.001,339.739,0.353,6.4,32.17
34.564,0.606,2643.132,456.9,0.262,0.003,62.368,43.168,0,0.578,0.39,0.052,0.136,0.579,0.154,0.461,2.811e-4,0,0.001,1.248,1.246,-2.407e-6,994.249,0.001,339.751,0.354,6.4,32.17
34.588,0.657,2643.132,456.9,0.262,0.003,62.351,43.168,0,0.579,0.39,0.052,0.136,0.579,0.167,0.499,4.551e-4,0,0.001,1.248,1.246,-2.131e-5,994.584,0.001,339.762,0.354,6.4,32.17
34.609,0.678,2643.132,456.9,0.262,0.003,62.343,43.168,0,0.579,0.39,0.052,0.136,0.579,0.172,0.516,-1.364e-4,0,0.001,1.248,1.246,-2.771e-8,994.876,0.001,339.772,0.354,6.4,32.17
34.629,0.649,2643.132,456.9,0.262,0.003,62.355,43.168,0,0.579,0.39,0.052,0.136,0.579,0.164,0.493,6.669e-5,0,0.001,1.248,1.246,6.81e-6,995.155,0.001,339.781,0.354,6.4,32.17
34.649,0.615,2643.132,456.9,0.262,0.003,62.367,43.168,0,0.579,0.39,0.052,0.136,0.579,0.156,0.467,2.031e-4,0,0.001,1.248,1.246,4.939e-6,995.446,0.001,339.791,0.354,6.4,32.17
34.671,0.59,2643.132,456.9,0.262,0.003,62.375,43.168,0,0.579,0.39,0.053,0.136,0.579,0.149,0.448,4.704e-4,0,0.001,1.248,1.246,-6.488e-7,995.758,0.001,339.801,0.355,6.4,32.17
34.696,0.6,2643.132,456.9,0.262,0.003,62.369,43.168,0,0.579,0.39,0.053,0.136,0.579,0.152,0.456,3.926e-4,0,0.001,1.248,1.246,-2.603e-5,996.103,0.001,339.813,0.355,6.4,32.17
34.723,0.651,2643.132,456.9,0.262,0.003,62.346,43.168,0,0.579,0.39,0.053,0.136,0.58,0.165,0.495,4.257e-4,0,0.001,1.248,1.247,-4.907e-5,996.488,0.001,339.826,0.355,6.4,32.17
34.75,0.698,2643.132,456.9,0.262,0.003,62.326,43.168,0,0.579,0.39,0.053,0.136,0.58,0.177,0.53,-2.977e-4,0,0.001,1.248,1.247,2.73e-7,996.877,0.001,339.839,0.356,6.4,32.17
34.774,0.642,2643.132,456.9,0.262,0.003,62.347,43.168,0,0.579,0.39,0.053,0.136,0.58,0.163,0.488,-3.35e-5,0,0.001,1.248,1.247,6.636e-5,997.213,0.001,339.85,0.356,6.4,32.17
34.799,0.545,2643.132,456.9,0.262,0.003,62.382,43.168,0,0.579,0.39,0.053,0.136,0.58,0.138,0.414,-1.658e-6,0,0.001,1.248,1.247,4.285e-5,997.562,0.001,339.862,0.356,6.4,32.17
34.825,0.57,2643.132,456.9,0.262,0.003,62.37,43.168,0,0.579,0.39,0.053,0.136,0.58,0.144,0.433,8.044e-5,0,0.001,1.248,1.247,-4.934e-5,997.934,0.001,339.875,0.356,6.4,32.17
34.848,0.65,2643.132,456.9,0.262,0.003,62.34,43.168,0,0.579,0.39,0.053,0.137,0.58,0.165,0.494,3.063e-4,0,0.001,1.248,1.247,-2.695e-5,998.263,0.001,339.886,0.356,6.4,32.17
34.868,0.657,2643.132,456.9,0.262,0.003,62.338,43.168,0,0.579,0.39,0.053,0.137,0.58,0.166,0.499,-2.185e-4,0,0.001,1.248,1.247,-6.331e-6,998.553,0.001,339.895,0.357,6.4,32.17
34.889,0.66,2643.132,456.9,0.262,0.003,62.338,43.168,0,0.579,0.39,0.053,0.137,0.58,0.167,0.501,1.89e-5,0,0.001,1.248,1.247,1.503e-7,998.846,0.001,339.905,0.357,6.4,32.17
34.91,0.644,2643.132,456.9,0.262,0.003,62.346,43.168,0,0.579,0.39,0.053,0.137,0.58,0.163,0.489,7.785e-5,0,0.001,1.248,1.247,2.114e-5,999.149,0.001,339.915,0.357,6.4,32.17
34.933,0.59,2643.132,456.9,0.262,0.003,62.369,43.168,0,0.58,0.39,0.053,0.137,0.58,0.149,0.448,2.488e-4,0,0.001,1.248,1.247,4.77e-5,999.472,0.001,339.926,0.357,6.4,32.17
34.96,0.537,2643.132,456.9,0.262,0.003,62.395,43.168,0,0.58,0.39,0.053,0.137,0.58,0.136,0.408,3.342e-4,0,0.001,1.248,1.247,-2.103e-6,999.85,0.001,339.939,0.358,6.4,32.17
34.99,0.636,2643.132,456.9,0.262,0.003,62.361,43.168,0,0.58,0.39,0.053,0.137,0.58,0.161,0.484,-1.746e-4,0,0.001,1.248,1.247,-5.433e-5,1000.277,0.001,339.953,0.358,6.4,32.17
35.012,0.672,2643.132,456.9,0.262,0.003,62.348,43.168,0,0.58,0.39,0.053,0.137,0.581,0.17,0.51,-4.717e-4,0,0.001,1.248,1.247,3.204e-7,1000.594,0.001,339.964,0.358,6.4,32.17
35.032,0.619,2643.132,456.9,0.262,0.003,62.369,43.168,0,0.58,0.39,0.053,0.137,0.581,0.157,0.47,4.361e-4,0,0.001,1.248,1.247,5.668e-5,1000.888,0.001,339.974,0.358,6.4,32.17
35.054,0.521,2643.132,456.9,0.262,0.003,62.408,43.168,0,0.58,0.39,0.053,0.137,0.58,0.132,0.396,-9.766e-5,0,0.001,1.248,1.247,2.324e-5,1001.202,0.001,339.984,0.358,6.4,32.17
35.079,0.519,2643.132,456.9,0.262,0.003,62.408,43.168,0,0.58,0.39,0.053,0.137,0.58,0.131,0.395,4.128e-4,0,0.001,1.248,1.247,-1.281e-4,1001.561,0.001,339.996,0.359,6.4,32.17
35.106,0.65,2643.132,456.9,0.262,0.003,62.355,43.168,0,0.58,0.39,0.054,0.137,0.581,0.165,0.494,-4.911e-4,0,0.001,1.248,1.247,-1.749e-4,1001.935,0.001,340.009,0.359,6.4,32.17
35.128,0.702,2643.132,456.9,0.262,0.003,62.335,43.168,0,0.58,0.39,0.054,0.137,0.581,0.178,0.534,-3.378e-4,0,0.001,1.248,1.247,-3.178e-6,1002.263,0.001,340.02,0.359,6.4,32.17
35.15,0.649,2643.132,456.9,0.262,0.003,62.356,43.168,0,0.58,0.39,0.054,0.137,0.581,0.165,0.493,1.51e-4,0,0.001,1.248,1.247,7.286e-5,1002.566,0.001,340.03,0.359,6.4,32.17
35.173,0.525,2643.132,456.9,0.262,0.003,62.401,43.168,0,0.58,0.39,0.054,0.137,0.581,0.133,0.398,2.408e-4,0,0.001,1.248,1.247,7.595e-5,1002.895,0.001,340.041,0.36,6.4,32.17
35.202,0.515,2643.132,456.9,0.262,0.003,62.398,43.168,0,0.58,0.39,0.054,0.137,0.581,0.13,0.391,2.173e-4,0,0.001,1.248,1.247,-9.08e-5,1003.322,0.001,340.055,0.36,6.4,32.17
35.229,0.668,2643.132,456.9,0.262,0.003,62.338,43.168,0,0.58,0.39,0.054,0.137,0.581,0.169,0.507,7.495e-5,0,0.001,1.248,1.247,-4.664e-5,1003.711,0.001,340.069,0.36,6.4,32.17
35.249,0.687,2643.132,456.9,0.262,0.003,62.331,43.168,0,0.58,0.39,0.054,0.137,0.581,0.174,0.522,-8.907e-5,0,0.001,1.248,1.247,3.387e-5,1003.996,0.001,340.078,0.36,6.4,32.17
35.269,0.603,2643.132,456.9,0.262,0.003,62.363,43.168,0,0.581,0.39,0.054,0.137,0.581,0.153,0.457,3.246e-4,0,0.001,1.248,1.247,1.113e-4,1004.276,0.001,340.087,0.36,6.4,32.17
35.291,0.527,2643.132,456.9,0.262,0.003,62.392,43.168,0,0.581,0.39,0.054,0.137,0.581,0.133,0.4,3.742e-4,0,0.001,1.248,1.247,4.04e-5,1004.589,0.001,340.098,0.361,6.4,32.17
35.315,0.517,2643.132,456.9,0.262,0.003,62.397,43.168,0,0.581,0.39,0.054,0.137,0.581,0.131,0.392,-1.08e-4,0,0.001,1.249,1.247,-1.149e-5,1004.938,0.001,340.11,0.361,6.4,32.17
35.341,0.568,2643.132,456.9,0.262,0.003,62.381,43.168,0,0.581,0.39,0.054,0.137,0.581,0.144,0.431,2.066e-4,0,0.001,1.249,1.247,-6.009e-5,1005.314,0.001,340.122,0.361,6.4,32.17
35.368,0.619,2643.132,456.9,0.262,0.003,62.364,43.168,0,0.581,0.39,0.054,0.137,0.581,0.157,0.471,-4.245e-4,0,0.001,1.249,1.248,-2.315e-5,1005.699,0.001,340.135,0.361,6.4,32.17
35.395,0.618,2643.132,456.9,0.262,0.003,62.366,43.168,0,0.581,0.39,0.054,0.137,0.582,0.157,0.47,-1.223e-4,0,0.001,1.249,1.248,5.903e-6,1006.093,0.001,340.149,0.362,6.4,32.17
35.423,0.548,2643.132,456.9,0.262,0.003,62.396,43.168,0,0.581,0.39,0.054,0.137,0.581,0.139,0.416,3.665e-4,0,0.001,1.249,1.248,2.582e-5,1006.502,0.001,340.162,0.362,6.4,32.17
35.451,0.507,2643.132,456.9,0.262,0.003,62.416,43.168,0,0.581,0.39,0.054,0.137,0.581,0.128,0.385,-4.651e-4,0,0.001,1.249,1.248,-7.245e-6,1006.907,0.001,340.176,0.362,6.4,32.17
35.477,0.552,2643.132,456.9,0.262,0.003,62.401,43.168,0,0.581,0.39,0.054,0.137,0.582,0.14,0.42,3.924e-4,0,0.001,1.249,1.248,-7.864e-5,1007.283,0.001,340.189,0.362,6.4,32.17
35.5,0.609,2643.132,456.9,0.262,0.003,62.379,43.168,0,0.581,0.39,0.054,0.137,0.582,0.154,0.463,-2.945e-4,0,0.001,1.249,1.248,-3.861e-5,1007.614,0.001,340.2,0.363,6.4,32.17
35.521,0.596,2643.132,456.9,0.262,0.003,62.383,43.168,0,0.581,0.39,0.054,0.137,0.582,0.151,0.452,2.803e-6,0,0.001,1.249,1.248,4.699e-7,1007.915,0.001,340.21,0.363,6.4,32.17
35.543,0.539,2643.132,456.9,0.262,0.003,62.405,43.168,0,0.581,0.39,0.054,0.137,0.582,0.136,0.409,3.933e-4,0,0.001,1.249,1.248,5.597e-6,1008.226,0.001,340.22,0.363,6.4,32.17
35.567,0.515,2643.132,456.9,0.262,0.003,62.411,43.168,0,0.581,0.39,0.055,0.137,0.582,0.13,0.392,-4.984e-4,0,0.001,1.249,1.248,-4.489e-6,1008.58,0.001,340.232,0.363,6.4,32.17
35.596,0.546,2643.132,456.9,0.262,0.003,62.395,43.168,0,0.581,0.39,0.055,0.137,0.582,0.138,0.415,6.925e-5,0,0.001,1.249,1.248,-1.891e-5,1008.995,0.001,340.246,0.363,6.4,32.17
35.625,0.574,2643.132,456.9,0.262,0.003,62.383,43.168,0,0.581,0.39,0.055,0.137,0.582,0.145,0.436,2.233e-5,0,0.001,1.249,1.248,5.378e-7,1009.423,0.001,340.26,0.364,6.4,32.17
35.653,0.518,2643.132,456.9,0.262,0.003,62.402,43.168,0,0.582,0.39,0.055,0.137,0.582,0.131,0.394,5.792e-5,0,0.001,1.249,1.248,2.373e-5,1009.821,0.001,340.274,0.364,6.4,32.17
35.68,0.486,2643.132,456.9,0.262,0.003,62.412,43.168,0,0.582,0.39,0.055,0.137,0.582,0.123,0.369,4.868e-5,0,0.001,1.249,1.248,-7.371e-6,1010.225,0.001,340.287,0.364,6.4,32.17
35.707,0.533,2643.132,456.9,0.262,0.003,62.393,43.168,0,0.582,0.39,0.055,0.137,0.582,0.135,0.405,-1.83e-4,0,0.001,1.249,1.248,-4.321e-5,1010.606,0.001,340.3,0.364,6.4,32.17
35.73,0.57,2643.132,456.9,0.262,0.003,62.38,43.168,0,0.582,0.39,0.055,0.137,0.582,0.144,0.433,7.956e-5,0,9.969e-4,1.249,1.248,-9.833e-6,1010.946,0.001,340.312,0.365,6.4,32.17
35.752,0.56,2643.132,456.9,0.262,0.003,62.384,43.168,0,0.582,0.39,0.055,0.137,0.582,0.142,0.425,-3.876e-4,0,9.918e-4,1.249,1.248,3.82e-6,1011.268,0.001,340.322,0.365,6.4,32.17
35.775,0.522,2643.132,456.9,0.262,0.003,62.4,43.168,0,0.582,0.39,0.055,0.137,0.582,0.132,0.396,-6.149e-5,0,9.859e-4,1.249,1.248,2.217e-5,1011.601,0.001,340.334,0.365,6.4,32.17
35.801,0.47,2643.132,456.9,0.262,0.003,62.424,43.168,0,0.582,0.39,0.055,0.137,0.582,0.119,0.357,8.725e-5,0,9.806e-4,1.249,1.248,1.853e-6,1011.972,0.001,340.346,0.365,6.4,32.17
35.83,0.56,2643.132,456.9,0.262,0.003,62.395,43.168,0,0.582,0.39,0.055,0.137,0.583,0.142,0.425,2.277e-4,0,9.821e-4,1.249,1.248,-5.973e-5,1012.401,0.001,340.36,0.365,6.4,32.17
35.856,0.608,2643.132,456.9,0.262,0.003,62.377,43.168,0,0.582,0.39,0.055,0.137,0.583,0.154,0.463,2.258e-4,0,9.754e-4,1.249,1.248,7.358e-6,1012.788,0.001,340.373,0.366,6.4,32.17
35.88,0.534,2643.132,456.9,0.262,0.003,62.408,43.168,0,0.582,0.39,0.055,0.137,0.583,0.135,0.406,4.265e-4,0,9.633e-4,1.249,1.248,2.591e-5,1013.139,0.001,340.385,0.366,6.4,32.17
35.906,0.503,2643.132,456.9,0.262,0.003,62.423,43.168,0,0.582,0.39,0.055,0.137,0.583,0.127,0.382,2.117e-4,0,9.54e-4,1.249,1.248,2.662e-6,1013.25,0.001,340.389,0.366,6.4,32.17
