# Time (s),Angle of attack (°),Mass (g),Motor mass (g),Longitudinal moment of inertia (kg·m²),Rotational moment of inertia (kg·m²),CP location (cm),CG location (cm),Thrust (N),Drag coefficient (​),Friction drag coefficient (​),Pressure drag coefficient (​),Base drag coefficient (​),Axial drag coefficient (​),Normal force coefficient (​),Pitch moment coefficient (​),Yaw moment coefficient (​),Side force coefficient (​),Roll moment coefficient (​),Roll forcing coefficient (​),Roll damping coefficient (​),Pitch damping coefficient (​),Air pressure (mbar),Air density (g/cm³),Speed of sound (m/s),Mach number (​),Reference length (cm),Reference area (cm²)
0,90,2993.166,807,0.302,0.003,NaN,47.264,0,0.705,0.568,0.017,0.12,0,NaN,NaN,NaN,NaN,NaN,NaN,NaN,NaN,1013.25,0.001,340.389,0.007,6.4,32.17
0.01,89.371,2992.417,806.251,0.302,0.003,NaN,47.257,64.111,0.705,0.568,0.017,0.12,2.333e-6,NaN,NaN,NaN,NaN,NaN,NaN,NaN,NaN,1013.25,0.001,340.389,0.007,6.4,32.17
0.02,83.856,2991.668,805.502,0.302,0.003,NaN,47.249,128.222,0.705,0.568,0.017,0.12,0.002,NaN,NaN,NaN,NaN,NaN,NaN,NaN,NaN,1013.25,0.001,340.389,0.007,6.4,32.17
0.03,73.393,2990.919,804.753,0.302,0.003,NaN,47.241,192.334,0.7,0.564,0.017,0.12,0.036,NaN,NaN,NaN,NaN,NaN,NaN,NaN,NaN,1013.249,0.001,340.389,0.007,6.4,32.17
0.042,56.868,2990.02,803.854,0.301,0.003,NaN,47.232,269.267,0.683,0.546,0.017,0.12,0.219,NaN,NaN,NaN,NaN,NaN,NaN,NaN,NaN,1013.248,0.001,340.389,0.008,6.4,32.17
0.045,52.776,2989.62,803.454,0.301,0.003,NaN,47.228,326.466,0.677,0.54,0.017,0.12,0.288,NaN,NaN,NaN,NaN,NaN,NaN,NaN,NaN,1013.247,0.001,340.389,0.008,6.4,32.17
0.048,47.388,2989.038,802.872,0.301,0.003,NaN,47.222,311.56,0.667,0.53,0.017,0.12,0.388,NaN,NaN,NaN,NaN,NaN,NaN,NaN,NaN,1013.247,0.001,340.389,0.009,6.4,32.17
0.054,41.163,2988.166,802,0.301,0.003,NaN,47.213,289.2,0.653,0.516,0.017,0.12,0.507,NaN,NaN,NaN,NaN,NaN,NaN,NaN,NaN,1013.245,0.001,340.389,0.01,6.4,32.17
0.062,34.71,2986.857,800.691,0.301,0.003,NaN,47.199,255.66,0.636,0.499,0.017,0.12,0.62,NaN,NaN,NaN,NaN,NaN,NaN,NaN,NaN,1013.242,0.001,340.389,0.012,6.4,32.17
0.07,30.754,2985.665,799.499,0.301,0.003,NaN,47.187,225.102,0.624,0.487,0.017,0.12,0.678,NaN,NaN,NaN,NaN,NaN,NaN,NaN,NaN,1013.239,0.001,340.389,0.013,6.4,32.17
0.08,27.051,2984.476,798.31,0.301,0.003,NaN,47.174,214.247,0.611,0.474,0.017,0.12,0.719,NaN,NaN,NaN,NaN,NaN,NaN,NaN,NaN,1013.234,0.001,340.388,0.015,6.4,32.17
0.091,24.009,2983.168,797.002,0.301,0.003,NaN,47.161,202.307,0.599,0.462,0.017,0.12,0.741,NaN,NaN,NaN,NaN,NaN,NaN,NaN,NaN,1013.228,0.001,340.388,0.017,6.4,32.17
0.101,21.779,2981.954,795.788,0.301,0.003,NaN,47.148,208.8,0.59,0.453,0.017,0.12,0.749,NaN,NaN,NaN,NaN,NaN,NaN,NaN,NaN,1013.221,0.001,340.388,0.018,6.4,32.17
0.111,19.767,2980.74,794.573,0.301,0.003,NaN,47.135,215.294,0.581,0.444,0.017,0.12,0.749,NaN,NaN,NaN,NaN,NaN,NaN,NaN,NaN,1013.214,0.001,340.388,0.02,6.4,32.17
0.121,18.018,2979.526,793.359,0.3,0.003,NaN,47.123,221.787,0.573,0.436,0.017,0.12,0.744,NaN,NaN,NaN,NaN,NaN,NaN,NaN,NaN,1013.206,0.001,340.387,0.022,6.4,32.17
0.131,16.488,2978.311,792.145,0.3,0.003,NaN,47.11,228.281,0.566,0.429,0.017,0.12,0.735,NaN,NaN,NaN,NaN,NaN,NaN,NaN,NaN,1013.198,0.001,340.387,0.023,6.4,32.17
0.14,15.269,2977.219,791.053,0.3,0.003,NaN,47.099,234.125,0.559,0.422,0.017,0.12,0.722,NaN,NaN,NaN,NaN,NaN,NaN,NaN,NaN,1013.189,0.001,340.387,0.025,6.4,32.17
0.15,14.078,2975.884,789.718,0.3,0.003,NaN,47.085,235.963,0.553,0.415,0.017,0.12,0.705,NaN,NaN,NaN,NaN,NaN,NaN,NaN,NaN,1013.179,0.001,340.387,0.027,6.4,32.17
0.16,13.1,2974.55,788.384,0.3,0.003,NaN,47.071,237.801,0.546,0.409,0.017,0.12,0.688,NaN,NaN,NaN,NaN,NaN,NaN,NaN,NaN,1013.169,0.001,340.386,0.029,6.4,32.17
0.17,12.24,2973.216,787.049,0.3,0.003,NaN,47.057,239.64,0.541,0.404,0.017,0.12,0.672,NaN,NaN,NaN,NaN,NaN,NaN,NaN,NaN,1013.157,0.001,340.386,0.031,6.4,32.17
0.18,11.502,2971.925,785.759,0.3,0.003,NaN,47.043,241.417,0.536,0.398,0.017,0.12,0.657,NaN,NaN,NaN,NaN,NaN,NaN,NaN,NaN,1013.145,0.001,340.385,0.033,6.4,32.17
0.189,10.882,2970.715,784.549,0.299,0.003,59.065,47.031,243.084,0.532,0.395,0.017,0.12,0.644,3.377,6.349,2.574e-4,0,0.525,0.525,0,0,1013.133,0.001,340.385,0.035,6.4,32.17
0.199,10.252,2969.387,783.221,0.299,0.003,59.216,47.017,244.914,0.532,0.395,0.017,0.12,0.636,3.145,5.994,-4.544e-5,0,0.525,0.525,0,2.824e-5,1013.119,0.001,340.384,0.037,6.4,32.17
0.202,10.046,2968.946,782.78,0.299,0.003,59.266,47.012,245.522,0.532,0.395,0.017,0.12,0.633,3.07,5.878,4.757e-4,0,0.525,0.525,0,4.923e-5,1013.114,0.001,340.384,0.038,6.4,32.17
0.207,9.742,2968.302,782.136,0.299,0.003,59.341,47.005,244.689,0.532,0.395,0.017,0.12,0.629,2.96,5.706,-2.997e-4,0,0.525,0.525,0,9.048e-5,1013.106,0.001,340.384,0.039,6.4,32.17
0.214,9.316,2967.337,781.171,0.299,0.003,59.449,46.995,243.439,0.532,0.395,0.017,0.12,0.623,2.808,5.464,-3.815e-4,0,0.492,0.525,0.033,1.725e-4,1013.095,0.001,340.384,0.04,6.4,32.17
0.222,8.894,2966.302,780.136,0.299,0.003,59.557,46.984,242.099,0.532,0.395,0.017,0.12,0.618,2.659,5.224,-9.891e-5,0,0.483,0.525,0.042,2.846e-4,1013.082,0.001,340.383,0.042,6.4,32.17
0.23,8.526,2965.33,779.163,0.299,0.003,59.653,46.974,240.84,0.532,0.395,0.017,0.12,0.612,2.532,5.015,-3.086e-4,0,0.474,0.525,0.051,4.106e-4,1013.069,0.001,340.383,0.044,6.4,32.17
0.237,8.201,2964.408,778.242,0.299,0.003,59.739,46.964,239.647,0.532,0.395,0.017,0.12,0.608,2.42,4.83,1.88e-4,0,0.465,0.525,0.059,5.464e-4,1013.057,0.001,340.382,0.045,6.4,32.17
0.244,7.91,2963.53,777.364,0.299,0.003,59.818,46.955,238.51,0.532,0.395,0.017,0.12,0.604,2.321,4.664,-1.672e-4,0,0.457,0.525,0.067,6.896e-4,1013.044,0.001,340.382,0.046,6.4,32.17
0.25,7.648,2962.69,776.524,0.299,0.003,59.889,46.946,237.422,0.532,0.395,0.017,0.12,0.6,2.232,4.513,1.717e-4,0,0.45,0.525,0.075,8.381e-4,1013.032,0.001,340.382,0.048,6.4,32.17
0.256,7.428,2961.882,775.716,0.299,0.003,59.95,46.938,236.376,0.532,0.395,0.017,0.12,0.597,2.159,4.388,-2.962e-4,0,0.443,0.525,0.082,9.909e-4,1013.021,0.001,340.381,0.049,6.4,32.17
0.262,7.225,2961.104,774.938,0.298,0.003,60.007,46.929,235.368,0.532,0.395,0.017,0.12,0.594,2.091,4.272,2.869e-4,0,0.436,0.525,0.089,0.001,1013.009,0.001,340.381,0.05,6.4,32.17
0.268,7.038,2960.351,774.185,0.298,0.003,60.06,46.921,234.393,0.532,0.395,0.017,0.12,0.592,2.03,4.165,-8.718e-5,0,0.429,0.525,0.096,0.001,1012.997,0.001,340.38,0.051,6.4,32.17
0.274,6.864,2959.621,773.455,0.298,0.003,60.109,46.914,233.448,0.532,0.395,0.017,0.12,0.59,1.972,4.066,-7.724e-5,0,0.423,0.525,0.102,0.001,1012.985,0.001,340.38,0.052,6.4,32.17
0.279,6.701,2958.911,772.745,0.298,0.003,60.156,46.906,232.529,0.533,0.395,0.017,0.12,0.587,1.919,3.971,-2.442e-5,0,0.416,0.525,0.108,0.002,1012.974,0.001,340.38,0.054,6.4,32.17
0.285,6.548,2958.22,772.054,0.298,0.003,60.2,46.899,231.634,0.533,0.395,0.017,0.12,0.585,1.87,3.884,3.378e-4,0,0.41,0.525,0.115,0.002,1012.963,0.001,340.379,0.055,6.4,32.17
0.29,6.404,2957.546,771.38,0.298,0.003,60.242,46.892,230.762,0.533,0.395,0.017,0.12,0.584,1.823,3.801,3.104e-4,0,0.404,0.525,0.12,0.002,1012.951,0.001,340.379,0.056,6.4,32.17
0.295,6.267,2956.888,770.722,0.298,0.003,60.282,46.885,229.909,0.533,0.395,0.017,0.12,0.582,1.779,3.722,-1.401e-4,0,0.399,0.525,0.126,0.002,1012.94,0.001,340.378,0.057,6.4,32.17
0.3,6.137,2956.243,770.077,0.298,0.003,60.32,46.878,229.075,0.533,0.395,0.018,0.12,0.58,1.738,3.647,-2.315e-4,0,0.393,0.525,0.132,0.002,1012.929,0.001,340.378,0.058,6.4,32.17
0.305,6.036,2955.612,769.446,0.298,0.003,60.35,46.871,228.257,0.533,0.395,0.018,0.12,0.579,1.706,3.59,-1.28e-4,0,0.388,0.525,0.137,0.002,1012.917,0.001,340.378,0.059,6.4,32.17
0.31,5.94,2954.992,768.826,0.298,0.003,60.379,46.865,227.455,0.533,0.395,0.018,0.12,0.578,1.675,3.535,1.993e-4,0,0.382,0.525,0.142,0.003,1012.906,0.001,340.377,0.06,6.4,32.17
0.314,5.848,2954.384,768.218,0.298,0.003,60.406,46.858,226.667,0.533,0.395,0.018,0.12,0.577,1.646,3.482,8.236e-5,0,0.377,0.525,0.148,0.003,1012.895,0.001,340.377,0.06,6.4,32.17
0.319,5.76,2953.786,767.62,0.298,0.003,60.433,46.852,225.892,0.533,0.395,0.018,0.12,0.575,1.618,3.431,-4.489e-4,0,0.372,0.525,0.153,0.003,1012.884,0.001,340.377,0.061,6.4,32.17
0.323,5.674,2953.197,767.031,0.298,0.003,60.459,46.846,225.13,0.533,0.395,0.018,0.121,0.574,1.592,3.382,-4.195e-4,0,0.367,0.525,0.158,0.003,1012.873,0.001,340.376,0.062,6.4,32.17
0.328,5.592,2952.617,766.451,0.298,0.003,60.484,46.839,224.38,0.533,0.395,0.018,0.121,0.573,1.566,3.335,6.874e-6,0,0.362,0.525,0.163,0.003,1012.862,0.001,340.376,0.063,6.4,32.17
0.332,5.512,2952.046,765.88,0.298,0.003,60.508,46.833,223.64,0.533,0.395,0.018,0.121,0.572,1.541,3.289,1.78e-4,0,0.357,0.525,0.167,0.004,1012.85,0.001,340.375,0.064,6.4,32.17
0.337,5.434,2951.482,765.316,0.298,0.003,60.532,46.827,222.909,0.533,0.395,0.018,0.121,0.572,1.517,3.244,-3.447e-4,0,0.353,0.525,0.172,0.004,1012.839,0.001,340.375,0.065,6.4,32.17
0.341,5.359,2950.925,764.759,0.297,0.003,60.555,46.822,222.189,0.533,0.395,0.018,0.121,0.571,1.493,3.201,-4.659e-4,0,0.348,0.525,0.177,0.004,1012.828,0.001,340.375,0.066,6.4,32.17
0.345,5.286,2950.376,764.209,0.297,0.003,60.577,46.816,221.477,0.533,0.395,0.018,0.121,0.57,1.471,3.158,1.968e-4,0,0.344,0.525,0.181,0.004,1012.817,0.001,340.374,0.066,6.4,32.17
0.349,5.22,2949.875,763.708,0.297,0.003,60.598,46.81,220.828,0.533,0.395,0.018,0.121,0.569,1.45,3.121,-4.323e-4,0,0.34,0.525,0.185,0.004,1012.807,0.001,340.374,0.067,6.4,32.17
0.353,5.13,2949.386,763.22,0.297,0.003,60.626,46.805,220.386,0.533,0.395,0.018,0.121,0.568,1.423,3.068,1.845e-4,0,0.335,0.525,0.19,0.004,1012.796,0.001,340.374,0.068,6.4,32.17
0.357,5.036,2948.903,762.737,0.297,0.003,60.655,46.8,219.949,0.533,0.395,0.018,0.121,0.567,1.394,3.013,-3.472e-4,0,0.331,0.525,0.194,0.005,1012.785,0.001,340.373,0.069,6.4,32.17
0.361,4.944,2948.424,762.258,0.297,0.003,60.684,46.795,219.517,0.533,0.395,0.018,0.121,0.566,1.366,2.959,3.01e-4,0,0.327,0.525,0.198,0.005,1012.773,0.001,340.373,0.07,6.4,32.17
0.365,4.854,2947.95,761.784,0.297,0.003,60.712,46.79,219.088,0.533,0.395,0.018,0.121,0.565,1.338,2.906,1.005e-4,0,0.322,0.525,0.202,0.005,1012.762,0.001,340.373,0.07,6.4,32.17
0.369,4.766,2947.48,761.314,0.297,0.003,60.74,46.785,218.663,0.533,0.395,0.018,0.121,0.564,1.312,2.855,1.697e-4,0,0.318,0.525,0.207,0.005,1012.751,0.001,340.372,0.071,6.4,32.17
0.373,4.679,2947.014,760.848,0.297,0.003,60.767,46.78,218.242,0.533,0.395,0.018,0.121,0.563,1.286,2.804,4.256e-4,0,0.314,0.525,0.211,0.005,1012.74,0.001,340.372,0.072,6.4,32.17
0.377,4.595,2946.552,760.386,0.297,0.003,60.794,46.775,217.824,0.533,0.395,0.018,0.121,0.562,1.26,2.755,2.019e-4,0,0.31,0.525,0.215,0.005,1012.728,0.001,340.371,0.073,6.4,32.17
0.381,4.512,2946.093,759.927,0.297,0.003,60.82,46.77,217.409,0.533,0.395,0.018,0.121,0.561,1.235,2.706,-1.018e-4,0,0.306,0.525,0.219,0.006,1012.717,0.001,340.371,0.073,6.4,32.17
0.385,4.431,2945.638,759.472,0.297,0.003,60.846,46.765,216.997,0.533,0.395,0.018,0.121,0.56,1.211,2.658,-2.211e-5,0,0.303,0.525,0.222,0.006,1012.706,0.001,340.371,0.074,6.4,32.17
0.389,4.351,2945.186,759.02,0.297,0.003,60.872,46.76,216.588,0.533,0.395,0.018,0.121,0.559,1.187,2.611,-1.195e-4,0,0.299,0.525,0.226,0.006,1012.695,0.001,340.37,0.075,6.4,32.17
0.393,4.272,2944.737,758.57,0.297,0.003,60.898,46.756,216.182,0.533,0.395,0.018,0.121,0.559,1.164,2.565,-3.352e-4,0,0.295,0.525,0.23,0.006,1012.683,0.001,340.37,0.075,6.4,32.17
0.396,4.195,2944.29,758.124,0.297,0.003,60.923,46.751,215.778,0.533,0.395,0.018,0.121,0.558,1.141,2.519,4.496e-4,0,0.291,0.525,0.234,0.006,1012.672,0.001,340.369,0.076,6.4,32.17
0.4,4.119,2943.846,757.68,0.297,0.003,60.947,46.746,215.377,0.534,0.395,0.018,0.121,0.557,1.118,2.474,-3.17e-5,0,0.288,0.525,0.237,0.006,1012.66,0.001,340.369,0.077,6.4,32.17
0.404,4.044,2943.405,757.239,0.297,0.003,60.972,46.741,214.978,0.534,0.395,0.018,0.121,0.556,1.096,2.431,-1.961e-4,0,0.284,0.525,0.241,0.007,1012.649,0.001,340.369,0.077,6.4,32.17
0.408,3.97,2942.966,756.8,0.297,0.003,60.996,46.737,214.581,0.534,0.395,0.018,0.121,0.556,1.074,2.387,1.2e-4,0,0.28,0.525,0.245,0.007,1012.637,0.001,340.368,0.078,6.4,32.17
0.411,3.898,2942.53,756.363,0.297,0.003,61.02,46.732,214.186,0.534,0.395,0.018,0.121,0.555,1.053,2.344,-4.399e-5,0,0.277,0.525,0.248,0.007,1012.626,0.001,340.368,0.079,6.4,32.17
0.415,3.826,2942.095,755.929,0.297,0.003,61.044,46.727,213.793,0.534,0.395,0.018,0.121,0.554,1.032,2.301,4.002e-4,0,0.274,0.525,0.251,0.007,1012.614,0.001,340.368,0.08,6.4,32.17
0.419,3.755,2941.663,755.496,0.296,0.003,61.067,46.723,213.402,0.534,0.395,0.018,0.121,0.554,1.011,2.259,2.103e-4,0,0.27,0.525,0.255,0.007,1012.602,0.001,340.367,0.08,6.4,32.17
0.422,3.685,2941.232,755.066,0.296,0.003,61.09,46.718,213.013,0.534,0.395,0.018,0.121,0.553,0.991,2.217,-3.049e-4,0,0.267,0.525,0.258,0.007,1012.591,0.001,340.367,0.081,6.4,32.17
0.426,3.615,2940.803,754.637,0.296,0.003,61.113,46.713,212.625,0.534,0.395,0.018,0.121,0.552,0.971,2.176,-7.453e-5,0,0.263,0.525,0.262,0.008,1012.579,0.001,340.366,0.082,6.4,32.17
0.43,3.547,2940.376,754.21,0.296,0.003,61.136,46.709,212.239,0.534,0.395,0.018,0.121,0.552,0.951,2.136,-4.1e-4,0,0.26,0.525,0.265,0.008,1012.567,0.001,340.366,0.082,6.4,32.17
0.433,3.479,2939.95,753.784,0.296,0.003,61.159,46.704,211.854,0.534,0.395,0.018,0.121,0.551,0.931,2.096,6.248e-5,0,0.257,0.525,0.268,0.008,1012.555,0.001,340.366,0.083,6.4,32.17
0.437,3.412,2939.526,753.36,0.296,0.003,61.182,46.7,211.47,0.534,0.395,0.018,0.121,0.551,0.912,2.056,4.97e-4,0,0.254,0.525,0.271,0.008,1012.543,0.001,340.365,0.083,6.4,32.17
0.441,3.345,2939.103,752.937,0.296,0.003,61.204,46.695,211.088,0.534,0.395,0.018,0.121,0.55,0.893,2.017,1.761e-5,0,0.251,0.525,0.275,0.008,1012.531,0.001,340.365,0.084,6.4,32.17
0.444,3.279,2938.681,752.515,0.296,0.003,61.227,46.691,210.707,0.534,0.395,0.018,0.121,0.55,0.874,1.978,3.183e-4,0,0.247,0.525,0.278,0.008,1012.519,0.001,340.364,0.085,6.4,32.17
0.448,3.214,2938.261,752.095,0.296,0.003,61.249,46.686,210.326,0.534,0.395,0.018,0.121,0.549,0.856,1.938,2.407e-4,0,0.244,0.525,0.281,0.008,1012.507,0.001,340.364,0.085,6.4,32.17
0.451,3.155,2937.842,751.675,0.296,0.003,61.269,46.682,209.947,0.534,0.395,0.018,0.121,0.548,0.839,1.904,1.444e-4,0,0.241,0.525,0.284,0.009,1012.495,0.001,340.364,0.086,6.4,32.17
0.455,3.108,2937.423,751.257,0.296,0.003,61.285,46.677,209.569,0.534,0.395,0.018,0.121,0.548,0.825,1.875,1.384e-4,0,0.238,0.525,0.287,0.009,1012.483,0.001,340.363,0.087,6.4,32.17
0.458,3.061,2937.006,750.84,0.296,0.003,61.301,46.673,209.191,0.534,0.395,0.019,0.121,0.548,0.812,1.847,4.875e-4,0,0.235,0.525,0.29,0.009,1012.47,0.001,340.363,0.087,6.4,32.17
0.462,3.014,2936.589,750.423,0.296,0.003,61.318,46.668,208.815,0.534,0.395,0.019,0.121,0.547,0.799,1.82,-2.373e-4,0,0.232,0.525,0.293,0.009,1012.458,0.001,340.362,0.088,6.4,32.17
0.465,2.967,2936.174,750.008,0.296,0.003,61.334,46.664,208.439,0.534,0.395,0.019,0.121,0.547,0.786,1.792,-4.501e-4,0,0.229,0.525,0.296,0.009,1012.446,0.001,340.362,0.089,6.4,32.17
0.469,2.921,2935.759,749.593,0.296,0.003,61.35,46.659,208.064,0.534,0.395,0.019,0.121,0.547,0.772,1.764,-2.153e-4,0,0.227,0.525,0.299,0.009,1012.433,0.001,340.361,0.089,6.4,32.17
0.472,2.874,2935.345,749.178,0.296,0.003,61.366,46.655,207.689,0.534,0.395,0.019,0.121,0.546,0.759,1.737,2.839e-5,0,0.224,0.525,0.301,0.009,1012.421,0.001,340.361,0.09,6.4,32.17
0.476,2.828,2934.931,748.765,0.296,0.003,61.382,46.651,207.315,0.534,0.395,0.019,0.121,0.546,0.746,1.709,2.533e-4,0,0.221,0.525,0.304,0.009,1012.408,0.001,340.361,0.09,6.4,32.17
0.479,2.782,2934.518,748.352,0.296,0.003,61.398,46.646,206.942,0.534,0.395,0.019,0.121,0.546,0.733,1.681,-4.77e-5,0,0.218,0.525,0.307,0.009,1012.395,0.001,340.36,0.091,6.4,32.17
0.483,2.736,2934.105,747.939,0.296,0.003,61.414,46.642,206.568,0.534,0.395,0.019,0.121,0.545,0.721,1.653,-3.607e-4,0,0.215,0.525,0.31,0.009,1012.383,0.001,340.36,0.092,6.4,32.17
0.486,2.69,2933.693,747.527,0.296,0.003,61.43,46.637,206.196,0.534,0.395,0.019,0.121,0.545,0.708,1.627,5.815e-5,0,0.213,0.525,0.313,0.01,1012.37,0.001,340.359,0.092,6.4,32.17
0.49,2.644,2933.281,747.115,0.296,0.003,61.446,46.633,205.823,0.534,0.395,0.019,0.121,0.545,0.695,1.599,-3.356e-4,0,0.21,0.525,0.315,0.01,1012.357,0.001,340.359,0.093,6.4,32.17
0.493,2.598,2932.869,746.703,0.296,0.003,61.462,46.628,205.451,0.534,0.395,0.019,0.121,0.544,0.682,1.572,1.986e-4,0,0.207,0.525,0.318,0.01,1012.344,0.001,340.358,0.094,6.4,32.17
0.497,2.553,2932.458,746.291,0.296,0.003,61.478,46.624,205.079,0.534,0.394,0.019,0.121,0.544,0.67,1.545,4.156e-4,0,0.205,0.525,0.321,0.01,1012.331,0.001,340.358,0.094,6.4,32.17
0.5,2.503,2932.046,745.88,0.295,0.003,61.496,46.619,204.707,0.534,0.394,0.019,0.121,0.544,0.656,1.515,2.87e-4,0,0.202,0.525,0.323,0.01,1012.318,0.001,340.358,0.095,6.4,32.17
0.504,2.426,2931.635,745.469,0.295,0.003,61.523,46.615,204.335,0.535,0.394,0.019,0.121,0.543,0.634,1.468,2.444e-4,0,0.199,0.525,0.326,0.01,1012.304,0.001,340.357,0.095,6.4,32.17
0.507,2.349,2931.224,745.058,0.295,0.003,61.55,46.611,203.963,0.535,0.394,0.019,0.121,0.543,0.613,1.422,2.767e-4,0,0.197,0.525,0.328,0.01,1012.291,0.001,340.357,0.096,6.4,32.17
0.511,2.273,2930.813,744.646,0.295,0.003,61.578,46.606,203.591,0.535,0.394,0.019,0.121,0.542,0.592,1.376,-4.823e-5,0,0.194,0.525,0.331,0.01,1012.278,0.001,340.356,0.097,6.4,32.17
0.514,2.197,2930.401,744.235,0.295,0.003,61.605,46.602,203.219,0.535,0.394,0.019,0.121,0.542,0.572,1.33,-3.243e-4,0,0.192,0.525,0.333,0.01,1012.264,0.001,340.356,0.097,6.4,32.17
0.518,2.122,2929.99,743.824,0.295,0.003,61.631,46.597,202.847,0.535,0.394,0.019,0.121,0.542,0.551,1.285,-2.422e-4,0,0.189,0.525,0.336,0.01,1012.251,0.001,340.355,0.098,6.4,32.17
0.523,2.014,2929.392,743.226,0.295,0.003,61.67,46.591,202.307,0.535,0.394,0.019,0.121,0.541,0.522,1.22,9.693e-5,0,0.186,0.525,0.339,0.01,1012.231,0.001,340.355,0.099,6.4,32.17
0.527,1.94,2929.017,742.851,0.295,0.003,61.697,46.587,202.095,0.535,0.394,0.019,0.121,0.541,0.502,1.176,-4.436e-4,0,0.183,0.525,0.342,0.01,1012.217,0.001,340.354,0.099,6.4,32.17
0.53,1.867,2928.641,742.475,0.295,0.003,61.723,46.583,201.883,0.535,0.394,0.019,0.121,0.54,0.482,1.131,3.427e-4,0,0.181,0.525,0.344,0.01,1012.203,0.001,340.354,0.1,6.4,32.17
0.534,1.795,2928.265,742.098,0.295,0.003,61.75,46.579,201.671,0.535,0.394,0.019,0.121,0.54,0.463,1.088,-4.449e-5,0,0.179,0.525,0.347,0.01,1012.189,0.001,340.353,0.101,6.4,32.17
0.537,1.723,2927.888,741.722,0.295,0.003,61.776,46.575,201.459,0.535,0.394,0.019,0.121,0.539,0.444,1.044,-4.75e-4,0,0.176,0.525,0.349,0.01,1012.175,0.001,340.353,0.101,6.4,32.17
0.541,1.651,2927.511,741.345,0.295,0.003,61.802,46.571,201.246,0.535,0.394,0.019,0.121,0.539,0.424,1,-3.976e-4,0,0.174,0.525,0.351,0.01,1012.161,0.001,340.352,0.102,6.4,32.17
0.544,1.581,2927.133,740.967,0.295,0.003,61.828,46.566,201.033,0.535,0.394,0.019,0.121,0.539,0.406,0.958,-2.788e-4,0,0.172,0.525,0.353,0.009,1012.146,0.001,340.352,0.102,6.4,32.17
0.548,1.511,2926.755,740.589,0.295,0.003,61.854,46.562,200.82,0.535,0.394,0.019,0.121,0.539,0.387,0.915,2.941e-4,0,0.17,0.525,0.356,0.009,1012.132,0.001,340.351,0.103,6.4,32.17
0.551,1.451,2926.377,740.211,0.295,0.003,61.876,46.558,200.606,0.535,0.394,0.019,0.121,0.538,0.371,0.88,-3.362e-4,0,0.167,0.525,0.358,0.009,1012.117,0.001,340.351,0.104,6.4,32.17
0.555,1.411,2925.998,739.832,0.295,0.003,61.891,46.554,200.393,0.535,0.394,0.019,0.121,0.538,0.361,0.856,3.724e-4,0,0.165,0.525,0.36,0.009,1012.103,0.001,340.35,0.104,6.4,32.17
0.558,1.372,2925.618,739.452,0.295,0.003,61.905,46.55,200.179,0.535,0.394,0.019,0.121,0.538,0.351,0.832,-3.327e-5,0,0.163,0.525,0.362,0.009,1012.088,0.001,340.35,0.105,6.4,32.17
0.562,1.334,2925.238,739.072,0.295,0.003,61.92,46.546,199.964,0.535,0.394,0.019,0.121,0.538,0.34,0.809,-9.449e-5,0,0.161,0.525,0.364,0.009,1012.073,0.001,340.349,0.105,6.4,32.17
0.565,1.296,2924.858,738.691,0.295,0.003,61.934,46.542,199.75,0.535,0.394,0.019,0.121,0.538,0.33,0.787,3.857e-4,0,0.159,0.525,0.367,0.008,1012.058,0.001,340.349,0.106,6.4,32.17
0.569,1.258,2924.476,738.31,0.295,0.003,61.948,46.538,199.535,0.535,0.394,0.019,0.121,0.538,0.32,0.763,1.529e-4,0,0.157,0.525,0.369,0.008,1012.043,0.001,340.348,0.107,6.4,32.17
0.572,1.221,2924.094,737.928,0.295,0.003,61.962,46.534,199.319,0.535,0.394,0.019,0.121,0.538,0.311,0.741,-3.858e-4,0,0.155,0.525,0.371,0.008,1012.028,0.001,340.348,0.107,6.4,32.17
0.576,1.185,2923.712,737.546,0.295,0.003,61.976,46.529,199.104,0.535,0.394,0.019,0.122,0.538,0.301,0.72,-1.829e-4,0,0.153,0.525,0.373,0.007,1012.013,0.001,340.347,0.108,6.4,32.17
0.58,1.149,2923.328,737.162,0.295,0.003,61.989,46.525,198.887,0.535,0.394,0.019,0.122,0.538,0.292,0.699,1.147e-4,0,0.151,0.525,0.375,0.007,1011.997,0.001,340.347,0.108,6.4,32.17
0.583,1.114,2922.944,736.778,0.295,0.003,62.002,46.521,198.671,0.535,0.394,0.02,0.122,0.537,0.283,0.677,-4.206e-4,0,0.149,0.525,0.377,0.007,1011.982,0.001,340.346,0.109,6.4,32.17
0.587,1.08,2922.56,736.393,0.294,0.003,62.015,46.517,198.454,0.535,0.394,0.02,0.122,0.537,0.274,0.657,4.849e-4,0,0.147,0.525,0.379,0.006,1011.966,0.001,340.346,0.11,6.4,32.17
0.59,1.047,2922.174,736.008,0.294,0.003,62.028,46.513,198.236,0.536,0.394,0.02,0.122,0.537,0.265,0.637,4.212e-4,0,0.145,0.525,0.381,0.006,1011.951,0.001,340.345,0.11,6.4,32.17
0.594,1.015,2921.787,735.621,0.294,0.003,62.04,46.509,198.018,0.536,0.394,0.02,0.122,0.537,0.257,0.618,-1.41e-4,0,0.143,0.525,0.383,0.006,1011.935,0.001,340.345,0.111,6.4,32.17
0.598,0.984,2921.4,735.234,0.294,0.003,62.052,46.504,197.8,0.536,0.394,0.02,0.122,0.537,0.249,0.6,2.308e-4,0,0.141,0.525,0.384,0.005,1011.919,0.001,340.344,0.111,6.4,32.17
0.601,0.949,2921.012,734.846,0.294,0.003,62.065,46.5,197.581,0.536,0.394,0.02,0.122,0.537,0.24,0.579,-1.558e-4,0,0.139,0.525,0.386,0.005,1011.903,0.001,340.344,0.112,6.4,32.17
0.605,0.902,2920.623,734.457,0.294,0.003,62.083,46.496,197.361,0.536,0.394,0.02,0.122,0.537,0.228,0.552,1.946e-4,0,0.137,0.526,0.388,0.004,1011.886,0.001,340.343,0.113,6.4,32.17
0.608,0.858,2920.233,734.066,0.294,0.003,62.1,46.492,197.141,0.536,0.394,0.02,0.122,0.537,0.217,0.525,4.928e-4,0,0.135,0.526,0.39,0.003,1011.87,0.001,340.343,0.113,6.4,32.17
0.612,0.818,2919.841,733.675,0.294,0.003,62.115,46.487,196.921,0.536,0.394,0.02,0.122,0.537,0.206,0.501,4.744e-4,0,0.134,0.526,0.392,0.003,1011.854,0.001,340.342,0.114,6.4,32.17
0.616,0.781,2919.449,733.283,0.294,0.003,62.129,46.483,196.7,0.536,0.394,0.02,0.122,0.537,0.197,0.479,-1.916e-4,0,0.132,0.526,0.394,0.002,1011.837,0.001,340.341,0.114,6.4,32.17
0.619,0.748,2919.056,732.89,0.294,0.003,62.142,46.479,196.478,0.536,0.394,0.02,0.122,0.537,0.188,0.459,-3.312e-4,0,0.13,0.526,0.395,0.001,1011.82,0.001,340.341,0.115,6.4,32.17
0.623,0.719,2918.662,732.496,0.294,0.003,62.153,46.475,196.256,0.536,0.394,0.02,0.122,0.537,0.181,0.442,2.887e-4,0,0.128,0.526,0.397,7.824e-4,1011.803,0.001,340.34,0.116,6.4,32.17
0.627,0.696,2918.266,732.1,0.294,0.003,62.162,46.47,196.033,0.536,0.394,0.02,0.122,0.537,0.175,0.429,-4.393e-4,0,0.127,0.526,0.399,3.495e-4,1011.786,0.001,340.34,0.116,6.4,32.17
0.63,0.678,2917.87,731.703,0.294,0.003,62.169,46.466,195.809,0.536,0.394,0.02,0.122,0.537,0.17,0.418,2.013e-6,0,0.125,0.526,0.401,7.81e-5,1011.769,0.001,340.339,0.117,6.4,32.17
0.634,0.665,2917.472,731.306,0.294,0.003,62.174,46.462,195.585,0.536,0.394,0.02,0.122,0.537,0.167,0.41,-3.507e-4,0,0.123,0.526,0.402,-1.922e-6,1011.752,0.001,340.339,0.118,6.4,32.17
0.638,0.659,2917.073,730.907,0.294,0.003,62.177,46.457,195.36,0.536,0.394,0.02,0.122,0.537,0.166,0.407,-2.999e-4,0,0.122,0.526,0.404,-1.371e-4,1011.734,0.001,340.338,0.118,6.4,32.17
0.642,0.659,2916.673,730.507,0.294,0.003,62.178,46.453,195.134,0.536,0.394,0.02,0.122,0.537,0.166,0.408,-3.234e-5,0,0.12,0.526,0.406,-4.768e-4,1011.717,0.001,340.337,0.119,6.4,32.17
0.645,0.665,2916.271,730.105,0.294,0.003,62.176,46.449,194.908,0.536,0.394,0.02,0.122,0.537,0.167,0.411,4.651e-4,0,0.118,0.526,0.407,-9.91e-4,1011.699,0.001,340.337,0.119,6.4,32.17
0.649,0.676,2915.869,729.702,0.294,0.003,62.172,46.444,194.68,0.536,0.394,0.02,0.122,0.537,0.17,0.419,-3.147e-4,0,0.117,0.526,0.409,-0.002,1011.681,0.001,340.336,0.12,6.4,32.17
0.653,0.694,2915.465,729.298,0.294,0.003,62.166,46.44,194.453,0.536,0.394,0.02,0.122,0.537,0.174,0.431,3.93e-4,0,0.115,0.526,0.41,-0.002,1011.663,0.001,340.336,0.121,6.4,32.17
0.657,0.714,2915.059,728.893,0.294,0.003,62.158,46.435,194.224,0.536,0.394,0.02,0.122,0.537,0.18,0.444,-4.074e-6,0,0.114,0.526,0.412,-0.003,1011.645,0.001,340.335,0.121,6.4,32.17
0.66,0.737,2914.653,728.487,0.294,0.003,62.15,46.431,193.995,0.536,0.394,0.02,0.122,0.537,0.186,0.459,-1.894e-4,0,0.112,0.526,0.414,-0.003,1011.626,0.001,340.334,0.122,6.4,32.17
0.664,0.762,2914.245,728.079,0.294,0.003,62.141,46.427,193.765,0.537,0.394,0.02,0.122,0.537,0.192,0.475,-2.1e-4,0,0.111,0.526,0.415,-0.004,1011.608,0.001,340.334,0.123,6.4,32.17
0.668,0.789,2913.836,727.669,0.294,0.003,62.131,46.422,193.534,0.537,0.394,0.02,0.122,0.538,0.199,0.493,-4.711e-4,0,0.109,0.526,0.417,-0.004,1011.589,0.001,340.333,0.123,6.4,32.17
0.672,0.818,2913.425,727.259,0.294,0.003,62.12,46.418,193.302,0.537,0.394,0.02,0.122,0.538,0.206,0.511,-3.867e-4,0,0.108,0.526,0.418,-0.005,1011.57,0.001,340.332,0.124,6.4,32.17
0.676,0.849,2913.013,726.847,0.293,0.003,62.109,46.413,193.07,0.537,0.394,0.02,0.122,0.538,0.214,0.53,-3.689e-4,0,0.106,0.526,0.42,-0.005,1011.551,0.001,340.332,0.124,6.4,32.17
0.68,0.88,2912.599,726.433,0.293,0.003,62.097,46.409,192.837,0.537,0.394,0.02,0.122,0.538,0.222,0.55,4.096e-4,0,0.105,0.526,0.421,-0.005,1011.532,0.001,340.331,0.125,6.4,32.17
0.683,0.913,2912.184,726.018,0.293,0.003,62.085,46.404,192.603,0.537,0.394,0.021,0.122,0.538,0.231,0.571,2.962e-4,0,0.103,0.526,0.422,-0.006,1011.513,0.001,340.331,0.126,6.4,32.17
0.687,0.946,2911.768,725.602,0.293,0.003,62.072,46.4,192.368,0.537,0.394,0.021,0.122,0.538,0.239,0.592,-4.505e-4,0,0.102,0.526,0.424,-0.006,1011.493,0.001,340.33,0.126,6.4,32.17
0.691,0.98,2911.35,725.184,0.293,0.003,62.06,46.395,192.132,0.537,0.394,0.021,0.122,0.538,0.248,0.613,1.567e-4,0,0.1,0.526,0.425,-0.006,1011.474,0.001,340.329,0.127,6.4,32.17
0.695,1.015,2910.931,724.764,0.293,0.003,62.047,46.39,191.896,0.537,0.394,0.021,0.122,0.539,0.257,0.635,-3.566e-4,0,0.099,0.526,0.427,-0.006,1011.454,0.001,340.329,0.128,6.4,32.17
0.699,1.05,2910.51,724.344,0.293,0.003,62.034,46.386,191.658,0.537,0.394,0.021,0.122,0.539,0.266,0.657,-3.07e-4,0,0.098,0.526,0.428,-0.006,1011.434,0.001,340.328,0.128,6.4,32.17
0.703,1.086,2910.087,723.921,0.293,0.003,62.021,46.381,191.42,0.537,0.394,0.021,0.122,0.539,0.276,0.68,-3.592e-4,0,0.096,0.526,0.429,-0.006,1011.414,0.001,340.327,0.129,6.4,32.17
0.707,1.123,2909.663,723.497,0.293,0.003,62.007,46.377,191.181,0.537,0.394,0.021,0.122,0.539,0.285,0.703,1.616e-4,0,0.095,0.526,0.431,-0.006,1011.393,0.001,340.327,0.13,6.4,32.17
0.711,1.16,2909.237,723.071,0.293,0.003,61.994,46.372,190.941,0.537,0.394,0.021,0.122,0.539,0.295,0.726,-2.864e-4,0,0.094,0.526,0.432,-0.006,1011.373,0.001,340.326,0.13,6.4,32.17
0.715,1.197,2908.81,722.644,0.293,0.003,61.98,46.367,190.7,0.537,0.394,0.021,0.122,0.54,0.305,0.749,-4.408e-4,0,0.093,0.526,0.433,-0.006,1011.352,0.001,340.325,0.131,6.4,32.17
0.719,1.233,2908.381,722.215,0.293,0.003,61.967,46.362,190.458,0.537,0.394,0.021,0.122,0.54,0.314,0.772,4.252e-4,0,0.091,0.526,0.435,-0.006,1011.331,0.001,340.324,0.131,6.4,32.17
0.723,1.27,2907.95,721.784,0.293,0.003,61.953,46.358,190.215,0.537,0.394,0.021,0.122,0.54,0.324,0.795,1.218e-4,0,0.09,0.526,0.436,-0.006,1011.31,0.001,340.324,0.132,6.4,32.17
0.727,1.306,2907.518,721.352,0.293,0.003,61.94,46.353,189.971,0.537,0.394,0.021,0.122,0.54,0.333,0.818,-3.152e-4,0,0.089,0.526,0.437,-0.006,1011.289,0.001,340.323,0.133,6.4,32.17
0.731,1.342,2907.084,720.918,0.293,0.003,61.927,46.348,189.727,0.537,0.394,0.021,0.122,0.54,0.343,0.84,-1.412e-4,0,0.088,0.526,0.438,-0.006,1011.267,0.001,340.322,0.133,6.4,32.17
0.735,1.377,2906.648,720.482,0.293,0.003,61.914,46.344,189.481,0.538,0.394,0.021,0.122,0.541,0.352,0.862,-1.35e-5,0,0.086,0.526,0.44,-0.005,1011.246,0.001,340.322,0.134,6.4,32.17
0.739,1.412,2906.211,720.045,0.293,0.003,61.901,46.339,189.234,0.538,0.394,0.021,0.122,0.541,0.361,0.883,-3.778e-4,0,0.085,0.526,0.441,-0.005,1011.224,0.001,340.321,0.135,6.4,32.17
0.743,1.447,2905.772,719.605,0.293,0.003,61.889,46.334,188.986,0.538,0.394,0.021,0.122,0.541,0.37,0.906,4.338e-4,0,0.084,0.526,0.442,-0.005,1011.202,0.001,340.32,0.135,6.4,32.17
0.747,1.48,2905.33,719.164,0.293,0.003,61.877,46.329,188.738,0.538,0.394,0.021,0.122,0.541,0.379,0.926,2.117e-4,0,0.083,0.526,0.443,-0.005,1011.18,0.001,340.319,0.136,6.4,32.17
0.751,1.511,2904.888,718.721,0.293,0.003,61.865,46.324,188.488,0.538,0.394,0.021,0.122,0.541,0.387,0.946,4.941e-5,0,0.082,0.526,0.444,-0.005,1011.157,0.001,340.319,0.137,6.4,32.17
0.756,1.538,2904.443,718.277,0.293,0.003,61.856,46.319,188.237,0.538,0.394,0.021,0.122,0.542,0.395,0.962,1.371e-5,0,0.081,0.526,0.445,-0.005,1011.135,0.001,340.318,0.137,6.4,32.17
0.76,1.564,2903.997,717.83,0.293,0.003,61.847,46.314,187.985,0.538,0.394,0.021,0.122,0.542,0.401,0.978,-1.305e-4,0,0.08,0.526,0.446,-0.004,1011.112,0.001,340.317,0.138,6.4,32.17
0.764,1.589,2903.548,717.382,0.292,0.003,61.838,46.31,187.733,0.538,0.394,0.021,0.123,0.542,0.408,0.995,-3.234e-4,0,0.078,0.526,0.448,-0.004,1011.089,0.001,340.316,0.139,6.4,32.17
0.768,1.613,2903.098,716.932,0.292,0.003,61.829,46.305,187.479,0.538,0.394,0.021,0.123,0.542,0.415,1.009,3.243e-4,0,0.077,0.526,0.449,-0.004,1011.066,0.001,340.316,0.139,6.4,32.17
0.772,1.636,2902.646,716.48,0.292,0.003,61.821,46.3,187.224,0.538,0.394,0.021,0.123,0.542,0.421,1.024,3.205e-4,0,0.076,0.526,0.45,-0.004,1011.042,0.001,340.315,0.14,6.4,32.17
0.777,1.659,2902.192,716.026,0.292,0.003,61.813,46.295,186.968,0.538,0.394,0.022,0.123,0.542,0.427,1.038,4.024e-4,0,0.075,0.526,0.451,-0.004,1011.018,0.001,340.314,0.141,6.4,32.17
0.781,1.68,2901.737,715.571,0.292,0.003,61.805,46.29,186.711,0.538,0.394,0.022,0.123,0.543,0.432,1.052,-2.173e-4,0,0.074,0.526,0.452,-0.003,1010.995,0.001,340.313,0.141,6.4,32.17
0.785,1.7,2901.279,715.113,0.292,0.003,61.798,46.285,186.453,0.538,0.394,0.022,0.123,0.543,0.438,1.065,1.016e-4,0,0.073,0.526,0.453,-0.003,1010.97,0.001,340.312,0.142,6.4,32.17
0.789,1.719,2900.82,714.653,0.292,0.003,61.791,46.28,186.194,0.538,0.394,0.022,0.123,0.543,0.443,1.077,3.975e-4,0,0.072,0.526,0.454,-0.003,1010.946,0.001,340.312,0.143,6.4,32.17
0.794,1.737,2900.358,714.192,0.292,0.003,61.785,46.274,185.934,0.538,0.394,0.022,0.123,0.543,0.448,1.088,-3.358e-4,0,0.071,0.526,0.455,-0.003,1010.922,0.001,340.311,0.143,6.4,32.17
0.798,1.754,2899.895,713.729,0.292,0.003,61.779,46.269,185.672,0.538,0.394,0.022,0.123,0.543,0.452,1.098,-1.879e-4,0,0.07,0.526,0.456,-0.002,1010.897,0.001,340.31,0.144,6.4,32.17
0.802,1.773,2899.43,713.263,0.292,0.003,61.773,46.264,185.41,0.539,0.394,0.022,0.123,0.543,0.457,1.111,9.72e-5,0,0.069,0.526,0.457,-0.002,1010.872,0.001,340.309,0.145,6.4,32.17
0.807,1.792,2898.962,712.796,0.292,0.003,61.766,46.259,185.146,0.539,0.394,0.022,0.123,0.544,0.463,1.122,3.371e-4,0,0.068,0.526,0.458,-0.002,1010.847,0.001,340.308,0.145,6.4,32.17
0.811,1.811,2898.493,712.327,0.292,0.003,61.759,46.254,184.882,0.539,0.394,0.022,0.123,0.544,0.468,1.135,4.782e-4,0,0.067,0.526,0.459,-0.002,1010.821,0.001,340.307,0.146,6.4,32.17
0.815,1.828,2898.022,711.855,0.292,0.003,61.753,46.249,184.616,0.539,0.394,0.022,0.123,0.544,0.472,1.145,3.321e-4,0,0.067,0.526,0.46,-0.002,1010.796,0.001,340.306,0.147,6.4,32.17
0.82,1.843,2897.548,711.382,0.292,0.003,61.748,46.243,184.349,0.539,0.394,0.022,0.123,0.544,0.476,1.155,-4.537e-4,0,0.066,0.526,0.461,-0.002,1010.77,0.001,340.306,0.147,6.4,32.17
0.824,1.857,2897.073,710.906,0.292,0.003,61.743,46.238,184.081,0.539,0.394,0.022,0.123,0.544,0.48,1.164,1.269e-4,0,0.065,0.526,0.461,-0.001,1010.744,0.001,340.305,0.148,6.4,32.17
0.829,1.869,2896.595,710.429,0.292,0.003,61.739,46.233,183.811,0.539,0.394,0.022,0.123,0.544,0.483,1.172,7.813e-5,0,0.064,0.526,0.462,-0.001,1010.718,0.001,340.304,0.149,6.4,32.17
0.833,1.88,2896.115,709.949,0.292,0.003,61.735,46.228,183.541,0.539,0.394,0.022,0.123,0.544,0.486,1.179,-2.274e-5,0,0.063,0.526,0.463,-0.001,1010.691,0.001,340.303,0.15,6.4,32.17
0.837,1.888,2895.708,709.541,0.292,0.003,61.733,46.223,183.311,0.539,0.394,0.022,0.123,0.545,0.488,1.184,-4.512e-4,0,0.062,0.526,0.464,-9.134e-4,1010.668,0.001,340.302,0.15,6.4,32.17
0.842,1.895,2895.272,709.105,0.292,0.003,61.73,46.218,183.066,0.539,0.394,0.022,0.123,0.545,0.49,1.19,-4.434e-4,0,0.061,0.526,0.465,-7.753e-4,1010.641,0.001,340.301,0.151,6.4,32.17
0.846,1.901,2894.834,708.668,0.292,0.003,61.728,46.214,182.819,0.539,0.394,0.022,0.123,0.545,0.492,1.193,-4.215e-4,0,0.061,0.526,0.466,-6.471e-4,1010.614,0.001,340.3,0.152,6.4,32.17
0.851,1.903,2894.394,708.228,0.292,0.003,61.728,46.209,182.572,0.539,0.394,0.022,0.123,0.545,0.493,1.195,4.818e-4,0,0.06,0.526,0.467,-5.304e-4,1010.587,0.001,340.299,0.152,6.4,32.17
0.855,1.89,2893.953,707.786,0.291,0.003,61.733,46.204,182.323,0.539,0.394,0.022,0.123,0.545,0.489,1.187,-3.362e-4,0,0.059,0.526,0.467,-4.307e-4,1010.559,0.001,340.299,0.153,6.4,32.17
0.86,1.876,2893.509,707.343,0.291,0.003,61.738,46.199,182.074,0.539,0.394,0.022,0.123,0.545,0.485,1.178,3.754e-4,0,0.058,0.526,0.468,-3.417e-4,1010.531,0.001,340.298,0.154,6.4,32.17
0.864,1.86,2893.064,706.898,0.291,0.003,61.744,46.194,181.823,0.54,0.394,0.023,0.123,0.545,0.481,1.169,-3.058e-4,0,0.057,0.526,0.469,-2.633e-4,1010.503,0.001,340.297,0.154,6.4,32.17
0.869,1.844,2892.617,706.451,0.291,0.003,61.75,46.189,181.572,0.54,0.394,0.023,0.123,0.545,0.477,1.158,-3.819e-5,0,0.057,0.526,0.47,-1.954e-4,1010.474,0.001,340.296,0.155,6.4,32.17
0.874,1.826,2892.168,706.002,0.291,0.003,61.757,46.184,181.319,0.54,0.394,0.023,0.123,0.545,0.472,1.148,-2.458e-4,0,0.056,0.526,0.47,-1.379e-4,1010.445,0.001,340.295,0.156,6.4,32.17
0.878,1.808,2891.718,705.552,0.291,0.003,61.764,46.179,181.066,0.54,0.394,0.023,0.123,0.545,0.467,1.137,-3.007e-4,0,0.055,0.526,0.471,-9.061e-5,1010.416,0.001,340.294,0.156,6.4,32.17
0.883,1.789,2891.266,705.1,0.291,0.003,61.771,46.174,180.811,0.54,0.394,0.023,0.123,0.545,0.462,1.125,-2.9e-4,0,0.054,0.526,0.472,-5.346e-5,1010.387,0.001,340.293,0.157,6.4,32.17
0.888,1.768,2890.812,704.646,0.291,0.003,61.779,46.169,180.555,0.54,0.394,0.023,0.123,0.545,0.456,1.112,4.472e-4,0,0.054,0.526,0.473,-2.621e-5,1010.358,0.001,340.292,0.158,6.4,32.17
0.892,1.746,2890.356,704.19,0.291,0.003,61.787,46.164,180.299,0.54,0.394,0.023,0.123,0.545,0.45,1.099,8.164e-5,0,0.053,0.526,0.473,-8.678e-6,1010.328,0.001,340.291,0.159,6.4,32.17
0.897,1.724,2889.898,703.732,0.291,0.003,61.796,46.159,180.041,0.54,0.394,0.023,0.123,0.545,0.444,1.085,-3.32e-4,0,0.052,0.526,0.474,-6.275e-7,1010.298,0.001,340.29,0.159,6.4,32.17
0.902,1.705,2889.439,703.273,0.291,0.003,61.803,46.154,179.783,0.54,0.394,0.023,0.123,0.545,0.439,1.074,-2.995e-4,0,0.052,0.527,0.475,2.05e-6,1010.268,0.001,340.289,0.16,6.4,32.17
0.907,1.69,2888.977,702.811,0.291,0.003,61.809,46.149,179.523,0.54,0.394,0.023,0.123,0.545,0.435,1.065,-3.356e-4,0,0.051,0.527,0.475,1.436e-5,1010.238,0.001,340.288,0.161,6.4,32.17
0.911,1.674,2888.514,702.348,0.291,0.003,61.815,46.144,179.262,0.54,0.394,0.023,0.123,0.545,0.431,1.055,-3.488e-4,0,0.05,0.527,0.476,3.766e-5,1010.207,0.001,340.287,0.162,6.4,32.17
0.916,1.655,2888.049,701.882,0.291,0.003,61.822,46.138,179,0.54,0.394,0.023,0.123,0.545,0.426,1.044,3.523e-4,0,0.05,0.527,0.477,7.172e-5,1010.176,0.001,340.286,0.162,6.4,32.17
0.921,1.635,2887.581,701.415,0.291,0.003,61.83,46.133,178.737,0.541,0.394,0.023,0.123,0.545,0.42,1.031,-2.301e-7,0,0.049,0.527,0.478,1.163e-4,1010.144,0.001,340.285,0.163,6.4,32.17
0.926,1.612,2887.111,700.945,0.291,0.003,61.838,46.128,178.473,0.541,0.394,0.023,0.123,0.545,0.415,1.017,6.815e-5,0,0.048,0.527,0.478,1.709e-4,1010.113,0.001,340.284,0.164,6.4,32.17
0.931,1.588,2886.64,700.474,0.291,0.003,61.847,46.123,178.207,0.541,0.394,0.023,0.124,0.545,0.408,1.002,-1.94e-4,0,0.048,0.527,0.479,2.351e-4,1010.081,0.001,340.282,0.164,6.4,32.17
0.936,1.561,2886.166,700,0.291,0.003,61.857,46.117,177.941,0.541,0.394,0.023,0.124,0.545,0.401,0.986,-8.837e-5,0,0.047,0.527,0.48,3.084e-4,1010.049,0.001,340.281,0.165,6.4,32.17
0.941,1.533,2885.69,699.524,0.291,0.003,61.868,46.112,177.673,0.541,0.394,0.024,0.124,0.545,0.393,0.968,-7.876e-5,0,0.047,0.527,0.48,3.901e-4,1010.017,0.001,340.28,0.166,6.4,32.17
0.946,1.502,2885.213,699.047,0.291,0.003,61.88,46.107,177.404,0.541,0.394,0.024,0.124,0.545,0.385,0.949,1.239e-4,0,0.046,0.527,0.481,4.794e-4,1009.984,0.001,340.279,0.167,6.4,32.17
0.95,1.47,2884.733,698.567,0.29,0.003,61.892,46.101,177.134,0.541,0.394,0.024,0.124,0.544,0.377,0.929,7.189e-5,0,0.045,0.527,0.481,5.755e-4,1009.951,0.001,340.278,0.167,6.4,32.17
0.955,1.434,2884.251,698.085,0.29,0.003,61.905,46.096,176.863,0.541,0.394,0.024,0.124,0.544,0.367,0.907,6.959e-7,0,0.045,0.527,0.482,6.762e-4,1009.918,0.001,340.277,0.168,6.4,32.17
0.96,1.396,2883.767,697.601,0.29,0.003,61.92,46.091,176.591,0.541,0.394,0.024,0.124,0.544,0.357,0.883,-2.729e-4,0,0.044,0.527,0.483,7.818e-4,1009.884,0.001,340.276,0.169,6.4,32.17
0.965,1.356,2883.281,697.115,0.29,0.003,61.935,46.085,176.317,0.541,0.394,0.024,0.124,0.544,0.347,0.858,-1.597e-4,0,0.044,0.527,0.483,8.912e-4,1009.85,0.001,340.275,0.17,6.4,32.17
0.971,1.315,2882.793,696.627,0.29,0.003,61.95,46.08,176.043,0.541,0.394,0.024,0.124,0.544,0.336,0.832,2.525e-4,0,0.043,0.527,0.484,0.001,1009.816,0.001,340.274,0.17,6.4,32.17
0.976,1.272,2882.304,696.137,0.29,0.003,61.966,46.074,175.767,0.542,0.394,0.024,0.124,0.544,0.325,0.805,4.272e-4,0,0.042,0.527,0.484,0.001,1009.782,0.001,340.272,0.171,6.4,32.17
0.981,1.227,2881.812,695.646,0.29,0.003,61.983,46.069,175.49,0.542,0.394,0.024,0.124,0.544,0.313,0.777,-1.516e-4,0,0.042,0.527,0.485,0.001,1009.747,0.001,340.271,0.172,6.4,32.17
0.986,1.181,2881.318,695.152,0.29,0.003,62.001,46.063,175.212,0.542,0.394,0.024,0.124,0.544,0.301,0.748,-4.493e-4,0,0.041,0.527,0.485,0.001,1009.712,0.001,340.27,0.173,6.4,32.17
0.991,1.134,2880.822,694.656,0.29,0.003,62.019,46.058,174.933,0.542,0.394,0.024,0.124,0.544,0.288,0.718,-2.264e-4,0,0.041,0.527,0.486,0.001,1009.677,0.001,340.269,0.173,6.4,32.17
0.996,1.085,2880.324,694.158,0.29,0.003,62.038,46.052,174.653,0.542,0.394,0.024,0.124,0.544,0.276,0.687,5.869e-5,0,0.04,0.527,0.487,0.002,1009.641,0.001,340.268,0.174,6.4,32.17
1.001,1.034,2879.824,693.658,0.29,0.003,62.057,46.047,174.371,0.542,0.394,0.024,0.124,0.544,0.262,0.655,3.544e-4,0,0.04,0.527,0.487,0.002,1009.605,0.001,340.266,0.175,6.4,32.17
1.006,0.98,2879.323,693.156,0.29,0.003,62.078,46.041,174.089,0.542,0.394,0.024,0.124,0.544,0.248,0.621,-5.368e-5,0,0.039,0.527,0.488,0.002,1009.569,0.001,340.265,0.176,6.4,32.17
1.012,0.926,2878.819,692.653,0.29,0.003,62.099,46.036,173.806,0.542,0.394,0.025,0.124,0.544,0.234,0.586,2.781e-4,0,0.039,0.527,0.488,0.002,1009.533,0.001,340.264,0.176,6.4,32.17
1.017,0.87,2878.313,692.147,0.29,0.003,62.12,46.03,173.521,0.542,0.394,0.025,0.124,0.543,0.22,0.551,-1.978e-5,0,0.038,0.527,0.489,0.002,1009.496,0.001,340.263,0.177,6.4,32.17
1.022,0.814,2877.806,691.639,0.29,0.003,62.142,46.024,173.235,0.542,0.394,0.025,0.124,0.543,0.205,0.515,-3.274e-4,0,0.038,0.527,0.489,0.002,1009.459,0.001,340.262,0.178,6.4,32.17
1.027,0.757,2877.296,691.13,0.29,0.003,62.164,46.019,172.948,0.542,0.394,0.025,0.124,0.543,0.191,0.479,3.577e-4,0,0.037,0.527,0.49,0.002,1009.422,0.001,340.26,0.179,6.4,32.17
1.033,0.699,2876.785,690.618,0.29,0.003,62.186,46.013,172.661,0.543,0.394,0.025,0.124,0.543,0.176,0.443,4.704e-4,0,0.037,0.527,0.49,0.002,1009.384,0.001,340.259,0.179,6.4,32.17
1.038,0.642,2876.271,690.105,0.29,0.003,62.209,46.007,172.372,0.543,0.394,0.025,0.124,0.543,0.161,0.406,-9.885e-5,0,0.037,0.527,0.49,0.002,1009.346,0.001,340.258,0.18,6.4,32.17
1.043,0.584,2875.756,689.59,0.289,0.003,62.231,46.001,172.082,0.543,0.394,0.025,0.124,0.543,0.147,0.37,-4.417e-4,0,0.036,0.527,0.491,0.002,1009.308,0.001,340.256,0.181,6.4,32.17
1.049,0.527,2875.239,689.072,0.289,0.003,62.254,45.996,171.79,0.543,0.394,0.025,0.124,0.543,0.132,0.333,2.874e-4,0,0.036,0.527,0.491,0.002,1009.269,0.001,340.255,0.182,6.4,32.17
1.054,0.475,2874.719,688.553,0.289,0.003,62.274,45.99,171.498,0.543,0.394,0.025,0.124,0.543,0.119,0.301,2.117e-4,0,0.035,0.527,0.492,0.002,1009.23,0.001,340.254,0.182,6.4,32.17
1.059,0.429,2874.198,688.032,0.289,0.003,62.293,45.984,171.205,0.543,0.394,0.025,0.124,0.543,0.107,0.272,-1.874e-4,0,0.035,0.527,0.492,0.002,1009.191,0.001,340.253,0.183,6.4,32.17
1.065,0.387,2873.675,687.508,0.289,0.003,62.31,45.978,170.91,0.543,0.394,0.025,0.124,0.543,0.097,0.246,3.145e-4,0,0.034,0.527,0.493,0.001,1009.151,0.001,340.251,0.184,6.4,32.17
1.07,0.354,2873.149,686.983,0.289,0.003,62.324,45.972,170.614,0.543,0.393,0.025,0.124,0.543,0.088,0.225,1.919e-4,0,0.034,0.527,0.493,8.219e-4,1009.112,0.001,340.25,0.185,6.4,32.17
1.076,0.33,2872.621,686.455,0.289,0.003,62.334,45.966,170.317,0.543,0.393,0.025,0.124,0.544,0.082,0.211,-1.359e-4,0,0.034,0.527,0.494,3.893e-4,1009.071,0.001,340.249,0.185,6.4,32.17
1.081,0.319,2872.091,685.925,0.289,0.003,62.339,45.96,170.019,0.543,0.393,0.025,0.125,0.544,0.08,0.204,-1.054e-4,0,0.033,0.527,0.494,7.974e-5,1009.031,0.001,340.247,0.186,6.4,32.17
1.087,0.322,2871.559,685.393,0.289,0.003,62.338,45.954,169.72,0.544,0.393,0.026,0.125,0.544,0.08,0.206,2.614e-4,0,0.033,0.527,0.495,-6.4e-6,1008.99,0.001,340.246,0.187,6.4,32.17
1.092,0.339,2871.025,684.859,0.289,0.003,62.332,45.948,169.419,0.544,0.393,0.026,0.125,0.544,0.085,0.217,-4.858e-4,0,0.032,0.527,0.495,-1.722e-4,1008.949,0.001,340.244,0.188,6.4,32.17
1.098,0.367,2870.489,684.322,0.289,0.003,62.321,45.942,169.117,0.544,0.393,0.026,0.125,0.544,0.092,0.235,-1.142e-4,0,0.032,0.527,0.495,-4.757e-4,1008.907,0.001,340.243,0.189,6.4,32.17
1.103,0.397,2869.95,683.784,0.289,0.003,62.31,45.936,168.814,0.544,0.393,0.026,0.125,0.544,0.099,0.255,-3.265e-4,0,0.032,0.527,0.496,-8.135e-4,1008.866,0.001,340.242,0.189,6.4,32.17
1.109,0.428,2869.41,683.244,0.289,0.003,62.298,45.93,168.51,0.544,0.393,0.026,0.125,0.544,0.107,0.275,4.562e-4,0,0.031,0.527,0.496,-0.001,1008.823,0.001,340.24,0.19,6.4,32.17
1.115,0.465,2868.867,682.701,0.289,0.003,62.284,45.924,168.204,0.544,0.393,0.026,0.125,0.544,0.116,0.299,-3.448e-5,0,0.031,0.527,0.497,-0.001,1008.781,0.001,340.239,0.191,6.4,32.17
1.12,0.505,2868.323,682.157,0.289,0.003,62.268,45.918,167.898,0.544,0.393,0.026,0.125,0.545,0.127,0.325,-3.243e-4,0,0.03,0.527,0.497,-0.002,1008.738,0.001,340.237,0.192,6.4,32.17
1.126,0.547,2867.776,681.61,0.289,0.003,62.252,45.912,167.59,0.544,0.393,0.026,0.125,0.545,0.137,0.352,4.288e-4,0,0.03,0.527,0.497,-0.002,1008.695,0.001,340.236,0.192,6.4,32.17
1.131,0.591,2867.228,681.061,0.289,0.003,62.235,45.906,167.282,0.544,0.393,0.026,0.125,0.545,0.149,0.381,-3.371e-4,0,0.03,0.527,0.498,-0.002,1008.651,0.001,340.234,0.193,6.4,32.17
1.137,0.635,2866.677,680.511,0.289,0.003,62.219,45.899,166.972,0.544,0.393,0.026,0.125,0.545,0.16,0.409,5.811e-5,0,0.029,0.527,0.498,-0.002,1008.607,0.001,340.233,0.194,6.4,32.17
1.143,0.679,2866.124,679.958,0.288,0.003,62.202,45.893,166.661,0.545,0.393,0.026,0.125,0.545,0.171,0.438,-3.323e-4,0,0.029,0.527,0.498,-0.002,1008.563,0.001,340.231,0.195,6.4,32.17
1.149,0.723,2865.57,679.404,0.288,0.003,62.186,45.887,166.349,0.545,0.393,0.026,0.125,0.546,0.182,0.466,-1.493e-4,0,0.029,0.527,0.499,-0.002,1008.519,0.001,340.23,0.196,6.4,32.17
1.154,0.756,2865.013,678.847,0.288,0.003,62.173,45.881,166.035,0.545,0.393,0.026,0.125,0.546,0.191,0.487,-4.279e-4,0,0.028,0.528,0.499,-0.002,1008.474,0.001,340.228,0.196,6.4,32.17
1.16,0.786,2864.454,678.288,0.288,0.003,62.163,45.874,165.721,0.545,0.393,0.027,0.125,0.546,0.198,0.506,-1.129e-4,0,0.028,0.528,0.5,-0.001,1008.429,0.001,340.227,0.197,6.4,32.17
1.166,0.814,2863.894,677.728,0.288,0.003,62.152,45.868,165.405,0.545,0.393,0.027,0.125,0.546,0.206,0.524,-3.237e-4,0,0.028,0.528,0.5,-0.001,1008.383,0.001,340.225,0.198,6.4,32.17
1.172,0.84,2863.331,677.165,0.288,0.003,62.143,45.862,165.089,0.545,0.393,0.027,0.125,0.546,0.212,0.542,-5.263e-5,0,0.027,0.528,0.5,-0.001,1008.337,0.001,340.224,0.199,6.4,32.17
1.178,0.864,2862.767,676.601,0.288,0.003,62.134,45.855,164.771,0.545,0.393,0.027,0.125,0.546,0.219,0.557,2.704e-4,0,0.027,0.528,0.501,-0.001,1008.291,0.001,340.222,0.2,6.4,32.17
1.183,0.886,2862.201,676.034,0.288,0.003,62.126,45.849,164.452,0.545,0.393,0.027,0.125,0.547,0.224,0.572,1.627e-4,0,0.027,0.528,0.501,-9.347e-4,1008.244,0.001,340.221,0.2,6.4,32.17
1.186,0.895,2861.957,675.79,0.288,0.003,62.123,45.846,164.315,0.545,0.393,0.027,0.125,0.547,0.227,0.577,4.905e-4,0,0.027,0.528,0.501,-8.796e-4,1008.224,0.001,340.22,0.201,6.4,32.17
1.19,0.907,2861.637,675.47,0.288,0.003,62.119,45.842,164.126,0.545,0.393,0.027,0.125,0.547,0.23,0.585,2.019e-4,0,0.026,0.528,0.501,-7.981e-4,1008.194,0.001,340.219,0.201,6.4,32.17
1.195,0.923,2861.157,674.99,0.288,0.003,62.113,45.837,163.843,0.546,0.393,0.027,0.125,0.547,0.234,0.595,-3.949e-5,0,0.026,0.528,0.502,-6.795e-4,1008.148,0.001,340.218,0.202,6.4,32.17
1.201,0.94,2860.656,674.49,0.288,0.003,62.107,45.831,163.548,0.546,0.393,0.027,0.125,0.547,0.238,0.606,4.929e-4,0,0.026,0.528,0.502,-5.639e-4,1008.101,0.001,340.216,0.203,6.4,32.17
1.207,0.965,2860.154,673.988,0.288,0.003,62.098,45.826,163.251,0.546,0.393,0.027,0.125,0.547,0.245,0.622,-2.811e-4,0,0.026,0.528,0.502,-4.606e-4,1008.053,0.001,340.214,0.204,6.4,32.17
1.213,0.987,2859.65,673.483,0.288,0.003,62.09,45.82,162.954,0.546,0.393,0.027,0.125,0.548,0.25,0.637,-2.019e-5,0,0.025,0.528,0.503,-3.649e-4,1008.004,0.001,340.213,0.204,6.4,32.17
1.219,1.006,2859.143,672.977,0.288,0.003,62.083,45.814,162.655,0.546,0.393,0.027,0.125,0.548,0.255,0.649,-6.923e-5,0,0.025,0.528,0.503,-2.782e-4,1007.956,0.001,340.211,0.205,6.4,32.17
1.225,1.022,2858.635,672.468,0.288,0.003,62.078,45.808,162.355,0.546,0.393,0.028,0.126,0.548,0.259,0.66,-8.504e-5,0,0.025,0.528,0.503,-2.016e-4,1007.906,0.001,340.209,0.206,6.4,32.17
1.231,1.034,2858.124,671.958,0.288,0.003,62.074,45.803,162.054,0.546,0.393,0.028,0.126,0.548,0.263,0.668,-1.154e-4,0,0.024,0.528,0.504,-1.362e-4,1007.857,0.001,340.208,0.207,6.4,32.17
1.237,1.042,2857.612,671.445,0.288,0.003,62.071,45.797,161.751,0.546,0.393,0.028,0.126,0.548,0.265,0.674,1.86e-4,0,0.024,0.528,0.504,-8.28e-5,1007.807,0.001,340.206,0.208,6.4,32.17
1.243,1.047,2857.097,670.931,0.287,0.003,62.07,45.791,161.448,0.547,0.393,0.028,0.126,0.548,0.266,0.677,-2.251e-4,0,0.024,0.528,0.504,-4.222e-5,1007.757,0.001,340.204,0.208,6.4,32.17
1.25,1.048,2856.58,670.414,0.287,0.003,62.07,45.785,161.143,0.547,0.393,0.028,0.126,0.549,0.266,0.678,-3.218e-4,0,0.024,0.528,0.504,-1.501e-5,1007.706,0.001,340.203,0.209,6.4,32.17
1.256,1.038,2856.061,669.895,0.287,0.003,62.075,45.779,160.837,0.547,0.393,0.028,0.126,0.549,0.264,0.671,-2.306e-4,0,0.023,0.528,0.505,-1.378e-6,1007.655,0.001,340.201,0.21,6.4,32.17
1.262,1.023,2855.541,669.375,0.287,0.003,62.081,45.773,160.529,0.547,0.393,0.028,0.126,0.549,0.26,0.662,1.722e-4,0,0.023,0.528,0.505,2.286e-6,1007.603,0.001,340.199,0.211,6.4,32.17
1.268,1.004,2855.018,668.852,0.287,0.003,62.089,45.767,160.221,0.547,0.393,0.028,0.126,0.549,0.255,0.649,-1.383e-4,0,0.023,0.528,0.505,1.736e-5,1007.551,0.001,340.198,0.212,6.4,32.17
1.274,0.981,2854.494,668.328,0.287,0.003,62.098,45.761,159.912,0.547,0.393,0.028,0.126,0.549,0.249,0.635,2.762e-4,0,0.022,0.528,0.506,4.594e-5,1007.499,0.001,340.196,0.212,6.4,32.17
1.28,0.954,2853.967,667.801,0.287,0.003,62.108,45.755,159.601,0.547,0.393,0.028,0.126,0.549,0.242,0.618,8.939e-6,0,0.022,0.528,0.506,8.71e-5,1007.446,0.001,340.194,0.213,6.4,32.17
1.287,0.924,2853.439,667.273,0.287,0.003,62.121,45.749,159.289,0.547,0.393,0.029,0.126,0.549,0.234,0.599,-1.059e-4,0,0.022,0.528,0.506,1.398e-4,1007.393,0.001,340.192,0.214,6.4,32.17
1.293,0.89,2852.909,666.743,0.287,0.003,62.134,45.743,158.977,0.548,0.393,0.029,0.126,0.549,0.225,0.577,5.482e-5,0,0.022,0.528,0.506,2.026e-4,1007.34,0.001,340.19,0.215,6.4,32.17
1.299,0.852,2852.377,666.211,0.287,0.003,62.149,45.737,158.663,0.548,0.393,0.029,0.126,0.549,0.216,0.552,-2.714e-4,0,0.021,0.528,0.507,2.74e-4,1007.286,0.001,340.189,0.216,6.4,32.17
1.306,0.832,2851.843,665.677,0.287,0.003,62.157,45.731,158.347,0.548,0.393,0.029,0.126,0.549,0.211,0.54,-6.257e-5,0,0.021,0.528,0.507,3.476e-4,1007.232,0.001,340.187,0.216,6.4,32.17
1.312,0.813,2851.306,665.14,0.287,0.003,62.165,45.725,158.031,0.548,0.393,0.029,0.126,0.549,0.205,0.527,3.187e-4,0,0.021,0.528,0.507,4.277e-4,1007.177,0.001,340.185,0.217,6.4,32.17
1.318,0.79,2850.767,664.601,0.287,0.003,62.174,45.719,157.713,0.548,0.393,0.029,0.126,0.549,0.2,0.513,-3.174e-4,0,0.021,0.528,0.508,5.142e-4,1007.122,0.001,340.183,0.218,6.4,32.17
1.325,0.764,2850.226,664.06,0.287,0.003,62.185,45.713,157.393,0.548,0.393,0.029,0.126,0.549,0.193,0.496,1.137e-4,0,0.02,0.528,0.508,6.059e-4,1007.066,0.001,340.181,0.219,6.4,32.17
1.331,0.735,2849.682,663.516,0.287,0.003,62.196,45.707,157.073,0.548,0.393,0.029,0.126,0.549,0.186,0.477,-3.178e-4,0,0.02,0.528,0.508,7.018e-4,1007.01,0.001,340.179,0.22,6.4,32.17
1.338,0.704,2849.136,662.969,0.287,0.003,62.209,45.7,156.75,0.549,0.393,0.029,0.126,0.549,0.178,0.457,8.12e-5,0,0.02,0.528,0.508,8.002e-4,1006.953,0.001,340.177,0.221,6.4,32.17
1.344,0.67,2848.587,662.421,0.287,0.003,62.222,45.694,156.426,0.549,0.393,0.029,0.126,0.549,0.169,0.435,-2.425e-4,0,0.02,0.528,0.509,8.998e-4,1006.896,0.001,340.176,0.221,6.4,32.17
1.351,0.631,2848.036,661.87,0.286,0.003,62.238,45.688,156.101,0.549,0.393,0.03,0.126,0.549,0.159,0.41,3.507e-4,0,0.02,0.528,0.509,9.991e-4,1006.839,0.001,340.174,0.222,6.4,32.17
1.357,0.569,2847.482,661.316,0.286,0.003,62.262,45.682,155.775,0.549,0.393,0.03,0.126,0.55,0.143,0.369,-4.917e-4,0,0.019,0.528,0.509,0.001,1006.781,0.001,340.172,0.223,6.4,32.17
1.364,0.505,2846.927,660.761,0.286,0.003,62.288,45.675,155.447,0.549,0.393,0.03,0.127,0.55,0.127,0.328,3.927e-4,0,0.019,0.528,0.509,0.001,1006.723,0.001,340.17,0.224,6.4,32.17
1.37,0.439,2846.37,660.204,0.286,0.003,62.314,45.669,155.118,0.549,0.393,0.03,0.127,0.55,0.11,0.285,4.462e-4,0,0.019,0.528,0.51,0.001,1006.664,0.001,340.168,0.225,6.4,32.17
1.377,0.373,2845.81,659.644,0.286,0.003,62.34,45.662,154.788,0.549,0.393,0.03,0.127,0.55,0.093,0.242,2.318e-4,0,0.019,0.528,0.51,0.001,1006.605,0.001,340.166,0.225,6.4,32.17
1.384,0.306,2845.249,659.083,0.286,0.003,62.367,45.656,154.457,0.55,0.393,0.03,0.127,0.55,0.076,0.199,4.138e-4,0,0.018,0.529,0.51,0.001,1006.545,0.001,340.164,0.226,6.4,32.17
1.39,0.24,2844.686,658.52,0.286,0.003,62.393,45.65,154.125,0.55,0.393,0.03,0.127,0.55,0.06,0.156,1.969e-4,0,0.018,0.529,0.51,0.001,1006.485,0.001,340.162,0.227,6.4,32.17
1.397,0.178,2844.121,657.955,0.286,0.003,62.418,45.643,153.791,0.55,0.393,0.03,0.127,0.55,0.044,0.116,-2.11e-4,0,0.018,0.529,0.51,9.797e-4,1006.424,0.001,340.16,0.228,6.4,32.17
1.404,0.126,2843.553,657.387,0.286,0.003,62.438,45.637,153.457,0.55,0.393,0.03,0.127,0.55,0.031,0.082,-2.956e-4,0,0.018,0.529,0.511,4.251e-4,1006.364,0.001,340.158,0.229,6.4,32.17
1.41,0.108,2842.984,656.818,0.286,0.003,62.444,45.63,153.121,0.55,0.393,0.03,0.127,0.55,0.027,0.071,-2.61e-5,0,0.018,0.529,0.511,-2.182e-5,1006.302,0.001,340.156,0.23,6.4,32.17
1.417,0.14,2842.413,656.247,0.286,0.003,62.432,45.624,152.783,0.55,0.393,0.031,0.127,0.55,0.035,0.093,-4.22e-4,0,0.018,0.529,0.511,-6.421e-4,1006.24,0.001,340.153,0.23,6.4,32.17
1.424,0.199,2841.839,655.673,0.286,0.003,62.411,45.617,152.445,0.55,0.393,0.031,0.127,0.55,0.05,0.132,-3.303e-4,0,0.017,0.529,0.511,-0.001,1006.178,0.001,340.151,0.231,6.4,32.17
1.431,0.266,2841.264,655.098,0.286,0.003,62.385,45.61,152.106,0.551,0.393,0.031,0.127,0.551,0.066,0.175,4.033e-4,0,0.017,0.529,0.512,-0.001,1006.115,0.001,340.149,0.232,6.4,32.17
1.438,0.335,2840.686,654.52,0.286,0.003,62.359,45.604,151.765,0.551,0.393,0.031,0.127,0.551,0.084,0.22,4.358e-4,0,0.017,0.529,0.512,-0.001,1006.052,0.001,340.147,0.233,6.4,32.17
1.444,0.403,2840.106,653.94,0.286,0.003,62.333,45.597,151.423,0.551,0.393,0.031,0.127,0.551,0.101,0.266,4.172e-4,0,0.017,0.529,0.512,-0.001,1005.989,0.001,340.145,0.234,6.4,32.17
1.451,0.468,2839.524,653.358,0.286,0.003,62.309,45.59,151.079,0.551,0.393,0.031,0.127,0.551,0.118,0.308,3.523e-5,0,0.017,0.529,0.512,-0.001,1005.925,0.001,340.143,0.235,6.4,32.17
1.458,0.526,2838.94,652.774,0.285,0.003,62.287,45.584,150.735,0.551,0.393,0.031,0.127,0.552,0.132,0.346,4.33e-4,0,0.016,0.529,0.512,-9.943e-4,1005.86,0.001,340.141,0.235,6.4,32.17
1.465,0.58,2838.354,652.187,0.285,0.003,62.267,45.577,150.388,0.551,0.393,0.031,0.127,0.552,0.146,0.381,6.379e-5,0,0.016,0.529,0.513,-8.856e-4,1005.795,0.001,340.139,0.236,6.4,32.17
1.472,0.631,2837.765,651.598,0.285,0.003,62.248,45.57,150.041,0.551,0.393,0.031,0.127,0.552,0.159,0.415,3.004e-4,0,0.016,0.529,0.513,-7.701e-4,1005.729,0.001,340.136,0.237,6.4,32.17
1.479,0.678,2837.173,651.007,0.285,0.003,62.23,45.563,149.692,0.552,0.393,0.032,0.127,0.552,0.171,0.445,3.657e-4,0,0.016,0.529,0.513,-6.52e-4,1005.663,0.001,340.134,0.238,6.4,32.17
1.486,0.72,2836.579,650.413,0.285,0.003,62.215,45.557,149.341,0.552,0.393,0.032,0.127,0.553,0.182,0.474,4.002e-4,0,0.016,0.529,0.513,-5.353e-4,1005.597,0.001,340.132,0.239,6.4,32.17
1.493,0.758,2835.982,649.816,0.285,0.003,62.201,45.55,148.989,0.552,0.393,0.032,0.127,0.553,0.191,0.498,-2.665e-4,0,0.015,0.529,0.514,-4.233e-4,1005.53,0.001,340.13,0.24,6.4,32.17
1.5,0.79,2835.383,649.217,0.285,0.003,62.189,45.543,148.636,0.552,0.393,0.032,0.128,0.553,0.2,0.52,-3.248e-4,0,0.015,0.529,0.514,-3.191e-4,1005.462,0.001,340.127,0.24,6.4,32.17
1.507,0.823,2834.782,648.615,0.285,0.003,62.177,45.536,148.281,0.552,0.393,0.032,0.128,0.553,0.208,0.542,3.936e-4,0,0.015,0.529,0.514,-2.245e-4,1005.394,0.001,340.125,0.241,6.4,32.17
1.515,0.85,2834.178,648.011,0.285,0.003,62.167,45.529,147.924,0.552,0.393,0.032,0.128,0.553,0.215,0.56,-3.046e-4,0,0.015,0.529,0.514,-1.433e-4,1005.325,0.001,340.123,0.242,6.4,32.17
1.522,0.871,2833.571,647.405,0.285,0.003,62.16,45.522,147.567,0.552,0.393,0.032,0.128,0.554,0.221,0.574,-2.232e-4,0,0.015,0.529,0.514,-7.843e-5,1005.256,0.001,340.12,0.243,6.4,32.17
1.529,0.886,2832.962,646.796,0.285,0.003,62.155,45.515,147.207,0.553,0.392,0.032,0.128,0.554,0.225,0.584,2.585e-4,0,0.015,0.529,0.515,-3.2e-5,1005.186,0.001,340.118,0.244,6.4,32.17
1.536,0.894,2832.35,646.184,0.285,0.003,62.152,45.508,146.846,0.553,0.392,0.032,0.128,0.554,0.227,0.589,7.394e-5,0,0.015,0.529,0.515,-5.747e-6,1005.116,0.001,340.116,0.245,6.4,32.17
1.543,0.895,2831.736,645.57,0.285,0.003,62.153,45.501,146.484,0.553,0.392,0.033,0.128,0.554,0.227,0.59,2.572e-5,0,0.014,0.529,0.515,8.039e-7,1005.045,0.001,340.113,0.246,6.4,32.17
1.551,0.89,2831.12,644.954,0.285,0.003,62.155,45.494,146.12,0.553,0.392,0.033,0.128,0.554,0.226,0.587,7.675e-5,0,0.014,0.529,0.515,1.763e-5,1004.974,0.001,340.111,0.246,6.4,32.17
1.558,0.877,2830.5,644.334,0.285,0.003,62.16,45.486,145.755,0.553,0.392,0.033,0.128,0.554,0.222,0.58,-3.07e-4,0,0.014,0.529,0.515,5.604e-5,1004.902,0.001,340.109,0.247,6.4,32.17
1.565,0.859,2829.878,643.712,0.284,0.003,62.168,45.479,145.388,0.553,0.392,0.033,0.128,0.555,0.218,0.567,-1.961e-4,0,0.014,0.529,0.515,1.151e-4,1004.83,0.001,340.106,0.248,6.4,32.17
1.573,0.833,2829.254,643.088,0.284,0.003,62.178,45.472,145.019,0.553,0.392,0.033,0.128,0.555,0.211,0.55,1.967e-4,0,0.014,0.529,0.516,1.93e-4,1004.757,0.001,340.104,0.249,6.4,32.17
1.58,0.801,2828.626,642.46,0.284,0.003,62.191,45.465,144.649,0.554,0.392,0.033,0.128,0.555,0.203,0.529,4.12e-4,0,0.014,0.529,0.516,2.874e-4,1004.683,0.001,340.101,0.25,6.4,32.17
1.588,0.763,2827.996,641.83,0.284,0.003,62.206,45.458,144.277,0.554,0.392,0.033,0.128,0.555,0.193,0.504,4.552e-4,0,0.013,0.529,0.516,3.95e-4,1004.609,0.001,340.099,0.251,6.4,32.17
1.595,0.718,2827.363,641.197,0.284,0.003,62.223,45.45,143.904,0.554,0.392,0.033,0.128,0.555,0.181,0.475,-1.077e-4,0,0.013,0.529,0.516,5.119e-4,1004.534,0.001,340.096,0.251,6.4,32.17
1.603,0.663,2826.727,640.561,0.284,0.003,62.245,45.443,143.529,0.554,0.392,0.033,0.128,0.555,0.167,0.438,1.449e-4,0,0.013,0.53,0.516,6.312e-4,1004.459,0.001,340.094,0.252,6.4,32.17
1.61,0.592,2826.089,639.922,0.284,0.003,62.273,45.435,143.152,0.554,0.392,0.034,0.128,0.555,0.149,0.391,5.173e-5,0,0.013,0.53,0.517,7.45e-4,1004.383,0.001,340.091,0.253,6.4,32.17
1.618,0.517,2825.446,639.28,0.284,0.003,62.302,45.428,142.773,0.554,0.392,0.034,0.128,0.555,0.13,0.342,1.222e-5,0,0.013,0.53,0.517,8.511e-4,1004.307,0.001,340.089,0.254,6.4,32.17
1.625,0.439,2824.8,638.634,0.284,0.003,62.333,45.42,142.391,0.555,0.392,0.034,0.128,0.555,0.11,0.29,2.798e-4,0,0.013,0.53,0.517,9.448e-4,1004.229,0.001,340.086,0.255,6.4,32.17
1.633,0.358,2824.151,637.984,0.284,0.003,62.365,45.413,142.008,0.555,0.392,0.034,0.128,0.555,0.09,0.237,2.199e-4,0,0.012,0.53,0.517,0.001,1004.151,0.001,340.083,0.256,6.4,32.17
1.641,0.276,2823.498,637.331,0.284,0.003,62.397,45.405,141.623,0.555,0.392,0.034,0.129,0.555,0.069,0.182,-3.998e-4,0,0.012,0.53,0.517,0.001,1004.073,0.001,340.081,0.257,6.4,32.17
1.649,0.192,2822.841,636.675,0.284,0.003,62.43,45.398,141.236,0.555,0.392,0.034,0.129,0.555,0.048,0.126,2.29e-4,0,0.012,0.53,0.518,0.001,1003.994,0.001,340.078,0.257,6.4,32.17
1.656,0.118,2822.181,636.015,0.284,0.003,62.46,45.39,140.846,0.555,0.392,0.034,0.129,0.555,0.029,0.077,-4.919e-4,0,0.012,0.53,0.518,9.597e-4,1003.914,0.001,340.075,0.258,6.4,32.17
1.664,0.063,2821.518,635.352,0.284,0.003,62.483,45.382,140.455,0.555,0.392,0.035,0.129,0.555,0.016,0.041,-2.837e-4,0,0.012,0.53,0.518,2.216e-4,1003.833,0.001,340.073,0.259,6.4,32.17
1.672,0.079,2820.852,634.686,0.283,0.003,62.479,45.375,140.062,0.556,0.392,0.035,0.129,0.556,0.02,0.053,9.166e-5,0,0.012,0.53,0.518,-5.296e-4,1003.752,0.001,340.07,0.26,6.4,32.17
1.681,0.152,2820.103,633.937,0.283,0.003,62.45,45.366,139.62,0.556,0.392,0.035,0.129,0.556,0.038,0.102,2.584e-5,0,0.012,0.53,0.518,-9.848e-4,1003.66,0.001,340.067,0.261,6.4,32.17
1.689,0.224,2819.549,633.383,0.283,0.003,62.422,45.359,139.28,0.556,0.392,0.035,0.129,0.556,0.056,0.15,-6.003e-5,0,0.012,0.53,0.518,-0.001,1003.577,0.001,340.064,0.262,6.4,32.17
1.697,0.296,2818.993,632.826,0.283,0.003,62.394,45.353,138.938,0.556,0.392,0.035,0.129,0.556,0.074,0.198,-3.434e-4,0,0.011,0.53,0.519,-9.945e-4,1003.494,0.001,340.061,0.263,6.4,32.17
1.705,0.365,2818.433,632.267,0.283,0.003,62.367,45.346,138.594,0.556,0.392,0.035,0.129,0.557,0.092,0.244,3.349e-4,0,0.011,0.53,0.519,-9.198e-4,1003.41,0.001,340.058,0.263,6.4,32.17
1.713,0.431,2817.872,631.705,0.283,0.003,62.342,45.34,138.249,0.557,0.392,0.035,0.129,0.557,0.108,0.289,2.852e-4,0,0.011,0.53,0.519,-8.197e-4,1003.325,0.001,340.056,0.264,6.4,32.17
1.721,0.492,2817.307,631.141,0.283,0.003,62.319,45.333,137.901,0.557,0.392,0.036,0.129,0.557,0.124,0.329,2.291e-4,0,0.011,0.53,0.519,-7.047e-4,1003.24,0.001,340.053,0.265,6.4,32.17
1.729,0.547,2816.739,630.573,0.283,0.003,62.298,45.327,137.553,0.557,0.392,0.036,0.129,0.557,0.138,0.366,-1.771e-4,0,0.011,0.53,0.519,-5.828e-4,1003.154,0.001,340.05,0.266,6.4,32.17
1.738,0.596,2816.168,630.002,0.283,0.003,62.28,45.32,137.202,0.557,0.392,0.036,0.129,0.558,0.15,0.399,-4.917e-4,0,0.011,0.53,0.519,-4.605e-4,1003.067,0.001,340.047,0.267,6.4,32.17
1.746,0.638,2815.595,629.429,0.283,0.003,62.265,45.313,136.849,0.557,0.392,0.036,0.129,0.558,0.161,0.427,9.141e-6,0,0.011,0.53,0.52,-3.437e-4,1002.979,0.001,340.044,0.268,6.4,32.17
1.754,0.672,2815.018,628.852,0.283,0.003,62.252,45.307,136.495,0.557,0.392,0.036,0.129,0.558,0.17,0.45,3.946e-5,0,0.01,0.53,0.52,-2.397e-4,1002.891,0.001,340.041,0.269,6.4,32.17
1.762,0.699,2814.439,628.273,0.283,0.003,62.242,45.3,136.139,0.558,0.392,0.036,0.129,0.558,0.177,0.467,3.908e-5,0,0.01,0.53,0.52,-1.52e-4,1002.802,0.001,340.038,0.27,6.4,32.17
1.771,0.718,2813.857,627.691,0.283,0.003,62.236,45.293,135.782,0.558,0.392,0.036,0.13,0.559,0.181,0.48,3.918e-6,0,0.01,0.53,0.52,-8.193e-5,1002.713,0.001,340.035,0.27,6.4,32.17
1.779,0.728,2813.273,627.107,0.283,0.003,62.232,45.286,135.422,0.558,0.392,0.037,0.13,0.559,0.184,0.487,-2.732e-4,0,0.01,0.53,0.52,-3.235e-5,1002.622,0.001,340.032,0.271,6.4,32.17
1.788,0.73,2812.686,626.519,0.283,0.003,62.232,45.279,135.061,0.558,0.392,0.037,0.13,0.559,0.185,0.489,1.529e-5,0,0.01,0.53,0.52,-5.167e-6,1002.531,0.001,340.029,0.272,6.4,32.17
1.796,0.724,2812.095,625.929,0.282,0.003,62.235,45.272,134.699,0.558,0.392,0.037,0.13,0.559,0.183,0.485,-2.965e-4,0,0.01,0.53,0.52,1.32e-6,1002.439,0.001,340.026,0.273,6.4,32.17
1.805,0.706,2811.503,625.336,0.282,0.003,62.243,45.265,134.334,0.559,0.392,0.037,0.13,0.559,0.178,0.473,-4.77e-4,0,0.01,0.53,0.521,2.172e-5,1002.347,0.001,340.023,0.274,6.4,32.17
1.813,0.676,2810.906,624.74,0.282,0.003,62.255,45.258,133.968,0.559,0.392,0.037,0.13,0.56,0.171,0.453,1.511e-4,0,0.01,0.53,0.521,6.691e-5,1002.253,0.001,340.02,0.275,6.4,32.17
1.822,0.636,2810.307,624.14,0.282,0.003,62.271,45.251,133.599,0.559,0.392,0.037,0.13,0.56,0.161,0.427,7.558e-7,0,0.01,0.53,0.521,1.334e-4,1002.159,0.001,340.016,0.276,6.4,32.17
1.83,0.588,2809.703,623.537,0.282,0.003,62.29,45.244,133.229,0.559,0.392,0.037,0.13,0.56,0.148,0.395,-4.293e-4,0,0.009,0.531,0.521,2.165e-4,1002.064,0.001,340.013,0.276,6.4,32.17
1.839,0.531,2809.097,622.931,0.282,0.003,62.313,45.237,132.856,0.559,0.392,0.037,0.13,0.56,0.134,0.357,4.202e-4,0,0.009,0.531,0.521,3.105e-4,1001.968,0.001,340.01,0.277,6.4,32.17
1.848,0.467,2808.487,622.32,0.282,0.003,62.338,45.23,132.481,0.559,0.392,0.038,0.13,0.56,0.117,0.313,8.636e-5,0,0.009,0.531,0.521,4.089e-4,1001.871,0.001,340.007,0.278,6.4,32.17
1.857,0.405,2807.873,621.707,0.282,0.003,62.364,45.223,132.104,0.56,0.392,0.038,0.13,0.56,0.102,0.272,-4.903e-4,0,0.009,0.531,0.521,4.977e-4,1001.774,0.001,340.003,0.279,6.4,32.17
1.866,0.34,2807.257,621.091,0.282,0.003,62.389,45.216,131.725,0.56,0.392,0.038,0.13,0.56,0.085,0.228,-2.16e-4,0,0.009,0.531,0.522,5.772e-4,1001.675,0.001,340,0.28,6.4,32.17
1.874,0.272,2806.638,620.472,0.282,0.003,62.417,45.208,131.344,0.56,0.392,0.038,0.13,0.56,0.068,0.182,2.983e-4,0,0.009,0.531,0.522,6.458e-4,1001.576,0.001,339.997,0.281,6.4,32.17
1.883,0.201,2806.016,619.85,0.282,0.003,62.445,45.201,130.962,0.56,0.392,0.038,0.13,0.56,0.05,0.135,-4.145e-4,0,0.009,0.531,0.522,6.997e-4,1001.476,0.001,339.993,0.282,6.4,32.17
1.892,0.129,2805.391,619.225,0.282,0.003,62.474,45.194,130.578,0.56,0.392,0.038,0.13,0.56,0.032,0.086,4.452e-4,0,0.009,0.531,0.522,7.353e-4,1001.376,0.001,339.99,0.283,6.4,32.17
1.901,0.057,2804.764,618.598,0.282,0.003,62.504,45.186,130.193,0.561,0.392,0.039,0.13,0.561,0.014,0.037,1.576e-4,0,0.009,0.531,0.522,7.373e-4,1001.274,0.001,339.987,0.284,6.4,32.17
1.91,0.023,2804.133,617.967,0.282,0.003,62.519,45.179,129.805,0.561,0.392,0.039,0.131,0.561,0.006,0.016,-1.466e-4,0,0.009,0.531,0.522,-5.597e-4,1001.172,0.001,339.983,0.284,6.4,32.17
1.919,0.096,2803.499,617.333,0.281,0.003,62.49,45.171,129.415,0.561,0.392,0.039,0.131,0.561,0.024,0.066,3.569e-4,0,0.008,0.531,0.522,-7.026e-4,1001.069,0.001,339.98,0.285,6.4,32.17
1.929,0.168,2802.862,616.695,0.281,0.003,62.463,45.164,129.024,0.561,0.392,0.039,0.131,0.561,0.042,0.114,6.961e-5,0,0.008,0.531,0.523,-6.661e-4,1000.965,0.001,339.976,0.286,6.4,32.17
1.938,0.236,2802.22,616.054,0.281,0.003,62.437,45.156,128.63,0.561,0.392,0.039,0.131,0.561,0.059,0.16,-2.913e-4,0,0.008,0.531,0.523,-6.05e-4,1000.86,0.001,339.973,0.287,6.4,32.17
1.947,0.3,2801.576,615.41,0.281,0.003,62.412,45.149,128.233,0.562,0.392,0.039,0.131,0.562,0.075,0.203,-3.111e-5,0,0.008,0.531,0.523,-5.283e-4,1000.754,0.001,339.969,0.288,6.4,32.17
1.956,0.36,2800.928,614.761,0.281,0.003,62.39,45.141,127.835,0.562,0.392,0.039,0.131,0.562,0.09,0.244,4.222e-4,0,0.008,0.531,0.523,-4.426e-4,1000.648,0.001,339.966,0.289,6.4,32.17
1.966,0.415,2800.275,614.109,0.281,0.003,62.369,45.133,127.434,0.562,0.392,0.04,0.131,0.562,0.104,0.281,2.241e-4,0,0.008,0.531,0.523,-3.516e-4,1000.54,0.001,339.962,0.29,6.4,32.17
1.975,0.462,2799.619,613.453,0.281,0.003,62.352,45.126,127.031,0.562,0.392,0.04,0.131,0.563,0.116,0.313,4.4e-4,0,0.008,0.531,0.523,-2.61e-4,1000.431,0.001,339.958,0.291,6.4,32.17
1.985,0.5,2798.959,612.793,0.281,0.003,62.338,45.118,126.625,0.562,0.391,0.04,0.131,0.563,0.126,0.338,6.098e-5,0,0.008,0.531,0.523,-1.767e-4,1000.322,0.001,339.955,0.291,6.4,32.17
1.994,0.529,2798.295,612.129,0.281,0.003,62.327,45.11,126.217,0.563,0.391,0.04,0.131,0.563,0.133,0.358,2.315e-5,0,0.008,0.531,0.524,-1.043e-4,1000.211,0.001,339.951,0.292,6.4,32.17
2.004,0.543,2797.627,611.461,0.281,0.003,62.323,45.102,125.806,0.563,0.391,0.04,0.131,0.563,0.137,0.369,-2.017e-4,0,0.008,0.531,0.524,-4.86e-5,1000.1,0.001,339.947,0.293,6.4,32.17
2.013,0.541,2796.955,610.789,0.281,0.003,62.324,45.094,125.393,0.563,0.391,0.04,0.131,0.563,0.136,0.367,3.715e-4,0,0.008,0.531,0.524,-1.354e-5,999.987,0.001,339.943,0.294,6.4,32.17
2.023,0.529,2796.279,610.113,0.281,0.003,62.33,45.086,124.978,0.563,0.391,0.04,0.131,0.564,0.133,0.359,-3.272e-4,0,0.007,0.531,0.524,-1.899e-7,999.873,0.001,339.94,0.295,6.4,32.17
2.033,0.506,2795.599,609.433,0.281,0.003,62.34,45.078,124.56,0.563,0.391,0.041,0.131,0.564,0.127,0.344,-2.212e-4,0,0.007,0.531,0.524,7.23e-6,999.759,0.001,339.936,0.296,6.4,32.17
2.043,0.473,2794.916,608.75,0.28,0.003,62.353,45.07,124.14,0.564,0.391,0.041,0.131,0.564,0.119,0.321,4.501e-4,0,0.007,0.531,0.524,3.167e-5,999.643,0.001,339.932,0.297,6.4,32.17
2.053,0.435,2794.228,608.062,0.28,0.003,62.368,45.062,123.718,0.564,0.391,0.041,0.132,0.564,0.109,0.296,-1.768e-4,0,0.007,0.532,0.524,6.932e-5,999.526,0.001,339.928,0.298,6.4,32.17
2.063,0.399,2793.537,607.37,0.28,0.003,62.384,45.054,123.293,0.564,0.391,0.041,0.132,0.564,0.1,0.271,3.196e-4,0,0.007,0.532,0.524,1.176e-4,999.409,0.001,339.924,0.299,6.4,32.17
2.073,0.354,2792.84,606.674,0.28,0.003,62.402,45.045,122.864,0.564,0.391,0.041,0.132,0.564,0.089,0.24,9.285e-5,0,0.007,0.532,0.525,1.713e-4,999.29,0.001,339.92,0.299,6.4,32.17
2.083,0.302,2792.138,605.972,0.28,0.003,62.423,45.037,122.433,0.564,0.391,0.041,0.132,0.565,0.076,0.205,-4.244e-4,0,0.007,0.532,0.525,2.241e-4,999.17,0.001,339.916,0.3,6.4,32.17
2.093,0.244,2791.431,605.265,0.28,0.003,62.446,45.029,121.998,0.565,0.391,0.042,0.132,0.565,0.061,0.166,-5.311e-5,0,0.007,0.532,0.525,2.677e-4,999.048,0.001,339.912,0.301,6.4,32.17
2.103,0.184,2790.719,604.553,0.28,0.003,62.47,45.02,121.561,0.565,0.391,0.042,0.132,0.565,0.046,0.125,-4.169e-4,0,0.007,0.532,0.525,2.902e-4,998.926,0.001,339.908,0.302,6.4,32.17
2.113,0.124,2790.002,603.836,0.28,0.003,62.495,45.012,121.12,0.565,0.391,0.042,0.132,0.565,0.031,0.085,-1.89e-4,0,0.007,0.532,0.525,2.654e-4,998.802,0.001,339.904,0.303,6.4,32.17
2.124,0.073,2789.28,603.114,0.28,0.003,62.515,45.003,120.676,0.565,0.391,0.042,0.132,0.565,0.018,0.05,-4.715e-4,0,0.007,0.532,0.525,9.814e-5,998.677,0.001,339.899,0.304,6.4,32.17
2.134,0.067,2788.552,602.386,0.28,0.003,62.516,44.994,120.229,0.565,0.391,0.042,0.132,0.566,0.017,0.046,-4.912e-4,0,0.006,0.532,0.525,-9.145e-5,998.551,0.001,339.895,0.305,6.4,32.17
2.145,0.114,2787.82,601.653,0.28,0.003,62.499,44.986,119.779,0.566,0.391,0.042,0.132,0.566,0.029,0.078,4.563e-4,0,0.006,0.532,0.526,-2.949e-4,998.423,0.001,339.891,0.306,6.4,32.17
2.155,0.172,2787.081,600.915,0.28,0.003,62.478,44.977,119.325,0.566,0.391,0.043,0.132,0.566,0.043,0.118,1.28e-4,0,0.006,0.532,0.526,-3.216e-4,998.294,0.001,339.887,0.307,6.4,32.17
2.166,0.227,2786.337,600.171,0.279,0.003,62.457,44.968,118.868,0.566,0.391,0.043,0.132,0.566,0.057,0.156,8.989e-5,0,0.006,0.532,0.526,-2.946e-4,998.164,0.001,339.882,0.308,6.4,32.17
2.177,0.28,2785.588,599.422,0.279,0.003,62.437,44.959,118.407,0.566,0.391,0.043,0.132,0.567,0.07,0.192,-7.836e-5,0,0.006,0.532,0.526,-2.46e-4,998.032,0.001,339.878,0.308,6.4,32.17
2.188,0.326,2784.832,598.666,0.279,0.003,62.42,44.95,117.943,0.567,0.391,0.043,0.132,0.567,0.082,0.223,-6.158e-5,0,0.006,0.532,0.526,-1.885e-4,997.899,0.001,339.873,0.309,6.4,32.17
2.199,0.365,2784.071,597.905,0.279,0.003,62.405,44.941,117.475,0.567,0.391,0.043,0.133,0.567,0.092,0.25,-2.551e-4,0,0.006,0.532,0.526,-1.301e-4,997.764,0.001,339.869,0.31,6.4,32.17
2.21,0.398,2783.304,597.138,0.279,0.003,62.393,44.932,117.004,0.567,0.391,0.043,0.133,0.567,0.1,0.273,1.882e-4,0,0.006,0.532,0.526,-7.492e-5,997.628,0.001,339.864,0.311,6.4,32.17
2.221,0.42,2782.531,596.365,0.279,0.003,62.385,44.923,116.529,0.567,0.391,0.044,0.133,0.568,0.106,0.288,-4.734e-4,0,0.006,0.532,0.526,-3.198e-5,997.491,0.001,339.86,0.312,6.4,32.17
2.232,0.43,2781.753,595.586,0.279,0.003,62.382,44.913,116.05,0.568,0.391,0.044,0.133,0.568,0.108,0.295,-1.205e-4,0,0.006,0.532,0.527,-6.295e-6,997.352,0.001,339.855,0.313,6.4,32.17
2.243,0.427,2780.968,594.802,0.279,0.003,62.384,44.904,115.568,0.568,0.391,0.044,0.133,0.568,0.108,0.293,2.762e-4,0,0.006,0.532,0.527,4.805e-7,997.212,0.001,339.85,0.314,6.4,32.17
2.254,0.413,2780.178,594.012,0.279,0.003,62.39,44.894,115.082,0.568,0.391,0.044,0.133,0.568,0.104,0.284,-1.314e-4,0,0.006,0.532,0.527,1.65e-5,997.07,0.001,339.845,0.315,6.4,32.17
2.266,0.385,2779.383,593.216,0.279,0.003,62.402,44.885,114.594,0.568,0.391,0.044,0.133,0.569,0.097,0.265,1.258e-4,0,0.006,0.532,0.527,5.807e-5,996.927,0.001,339.841,0.316,6.4,32.17
2.277,0.343,2778.583,592.417,0.279,0.003,62.419,44.875,114.102,0.568,0.391,0.045,0.133,0.569,0.086,0.236,7.498e-5,0,0.005,0.532,0.527,1.192e-4,996.783,0.001,339.836,0.317,6.4,32.17
2.289,0.288,2777.778,591.612,0.279,0.003,62.441,44.866,113.608,0.569,0.391,0.045,0.133,0.569,0.072,0.198,-9.27e-5,0,0.005,0.532,0.527,1.913e-4,996.637,0.001,339.831,0.318,6.4,32.17
2.301,0.223,2776.968,590.802,0.278,0.003,62.467,44.856,113.11,0.569,0.391,0.045,0.133,0.569,0.056,0.154,-4.868e-4,0,0.005,0.533,0.527,2.617e-4,996.49,0.001,339.826,0.318,6.4,32.17
2.312,0.151,2776.153,589.987,0.278,0.003,62.496,44.846,112.609,0.569,0.391,0.045,0.133,0.569,0.038,0.104,-2.353e-4,0,0.005,0.533,0.527,3.076e-4,996.342,0.001,339.821,0.319,6.4,32.17
2.324,0.082,2775.331,589.165,0.278,0.003,62.525,44.836,112.103,0.569,0.391,0.045,0.133,0.569,0.02,0.056,-3.893e-4,0,0.005,0.533,0.527,2.358e-4,996.192,0.001,339.816,0.32,6.4,32.17
2.336,0.068,2774.502,588.336,0.278,0.003,62.532,44.826,111.594,0.57,0.391,0.045,0.133,0.57,0.017,0.047,3.016e-4,0,0.005,0.533,0.528,-2.927e-5,996.04,0.001,339.811,0.321,6.4,32.17
2.348,0.133,2773.666,587.5,0.278,0.003,62.506,44.816,111.08,0.57,0.391,0.046,0.133,0.57,0.033,0.092,3.101e-4,0,0.005,0.533,0.528,-2.226e-4,995.887,0.001,339.806,0.322,6.4,32.17
2.358,0.201,2772.968,586.801,0.278,0.003,62.48,44.808,110.651,0.57,0.391,0.046,0.134,0.57,0.05,0.139,-2.361e-4,0,0.005,0.533,0.528,-2.486e-4,995.758,0.001,339.801,0.323,6.4,32.17
2.37,0.281,2772.333,586.167,0.278,0.003,62.449,44.8,110.218,0.57,0.391,0.046,0.134,0.57,0.07,0.195,4.573e-4,0,0.005,0.533,0.528,-2.211e-4,995.602,0.001,339.796,0.324,6.4,32.17
2.382,0.354,2771.693,585.527,0.278,0.003,62.421,44.792,109.782,0.571,0.391,0.046,0.134,0.571,0.089,0.246,-2.423e-4,0,0.005,0.533,0.528,-1.659e-4,995.444,0.001,339.791,0.325,6.4,32.17
2.395,0.417,2771.048,584.882,0.278,0.003,62.398,44.785,109.341,0.571,0.391,0.046,0.134,0.571,0.105,0.288,-2.615e-5,0,0.005,0.533,0.528,-1.024e-4,995.284,0.001,339.785,0.326,6.4,32.17
2.407,0.455,2770.397,584.231,0.278,0.003,62.384,44.777,108.898,0.571,0.391,0.047,0.134,0.571,0.115,0.316,1.857e-6,0,0.005,0.533,0.528,-4.585e-5,995.122,0.001,339.78,0.327,6.4,32.17
2.42,0.471,2769.74,583.573,0.278,0.003,62.379,44.769,108.449,0.571,0.391,0.047,0.134,0.572,0.119,0.326,3.154e-4,0,0.005,0.533,0.528,-9.364e-6,994.958,0.001,339.775,0.327,6.4,32.17
2.433,0.469,2769.075,582.909,0.277,0.003,62.381,44.761,107.996,0.572,0.391,0.047,0.134,0.572,0.118,0.325,-3.834e-4,0,0.005,0.533,0.529,6.382e-7,994.791,0.001,339.769,0.328,6.4,32.17
2.446,0.448,2768.403,582.237,0.277,0.003,62.39,44.753,107.538,0.572,0.391,0.047,0.134,0.572,0.113,0.311,-2.854e-4,0,0.004,0.533,0.529,2.114e-5,994.623,0.001,339.763,0.329,6.4,32.17
2.459,0.41,2767.725,581.559,0.277,0.003,62.407,44.745,107.075,0.572,0.391,0.047,0.134,0.572,0.103,0.284,4.465e-4,0,0.004,0.533,0.529,6.588e-5,994.452,0.001,339.758,0.33,6.4,32.17
2.472,0.355,2767.04,580.873,0.277,0.003,62.429,44.736,106.607,0.572,0.391,0.047,0.134,0.572,0.089,0.246,-2.903e-4,0,0.004,0.533,0.529,1.228e-4,994.279,0.001,339.752,0.331,6.4,32.17
2.485,0.288,2766.347,580.181,0.277,0.003,62.456,44.728,106.135,0.573,0.39,0.048,0.134,0.573,0.072,0.2,-8.092e-5,0,0.004,0.533,0.529,1.727e-4,994.104,0.001,339.746,0.332,6.4,32.17
2.499,0.215,2765.648,579.482,0.277,0.003,62.486,44.719,105.658,0.573,0.39,0.048,0.134,0.573,0.054,0.15,4.58e-4,0,0.004,0.533,0.529,1.84e-4,993.927,0.001,339.74,0.333,6.4,32.17
2.512,0.15,2764.942,578.776,0.277,0.003,62.512,44.711,105.177,0.573,0.39,0.048,0.134,0.573,0.038,0.105,-6.188e-5,0,0.004,0.533,0.529,1.086e-4,993.748,0.001,339.734,0.334,6.4,32.17
2.526,0.119,2764.23,578.064,0.277,0.003,62.523,44.702,104.691,0.573,0.39,0.048,0.135,0.573,0.03,0.083,3.344e-4,0,0.004,0.533,0.529,-1.338e-7,993.566,0.001,339.728,0.335,6.4,32.17
2.54,0.146,2763.511,577.345,0.277,0.003,62.514,44.693,104.201,0.574,0.39,0.048,0.135,0.574,0.037,0.102,3.127e-4,0,0.004,0.533,0.529,-1.21e-4,993.382,0.001,339.722,0.336,6.4,32.17
2.554,0.207,2762.786,576.619,0.277,0.003,62.492,44.685,103.706,0.574,0.39,0.049,0.135,0.574,0.052,0.144,3.153e-4,0,0.004,0.534,0.53,-1.898e-4,993.196,0.001,339.715,0.337,6.4,32.17
2.568,0.272,2762.053,575.887,0.277,0.003,62.468,44.676,103.206,0.574,0.39,0.049,0.135,0.574,0.068,0.19,2.211e-4,0,0.004,0.534,0.53,-1.676e-4,993.008,0.001,339.709,0.338,6.4,32.17
2.582,0.328,2761.312,575.146,0.277,0.003,62.447,44.667,102.701,0.574,0.39,0.049,0.135,0.574,0.082,0.229,-3.526e-4,0,0.004,0.534,0.53,-1.106e-4,992.817,0.001,339.703,0.339,6.4,32.17
2.596,0.368,2760.564,574.397,0.276,0.003,62.432,44.658,102.19,0.575,0.39,0.049,0.135,0.575,0.093,0.257,2.093e-4,0,0.004,0.534,0.53,-5.199e-5,992.623,0.001,339.696,0.34,6.4,32.17
2.611,0.386,2759.807,573.641,0.276,0.003,62.426,44.649,101.674,0.575,0.39,0.049,0.135,0.575,0.097,0.27,3.024e-4,0,0.004,0.534,0.53,-1.173e-5,992.427,0.001,339.69,0.341,6.4,32.17
2.626,0.381,2759.042,572.876,0.276,0.003,62.429,44.639,101.153,0.575,0.39,0.05,0.135,0.575,0.096,0.266,2.262e-4,0,0.004,0.534,0.53,2.714e-7,992.228,0.001,339.683,0.341,6.4,32.17
2.64,0.354,2758.27,572.104,0.276,0.003,62.44,44.63,100.626,0.575,0.39,0.05,0.135,0.575,0.089,0.247,-2.847e-4,0,0.004,0.534,0.53,1.892e-5,992.027,0.001,339.676,0.342,6.4,32.17
2.655,0.303,2757.489,571.323,0.276,0.003,62.46,44.62,100.093,0.576,0.39,0.05,0.135,0.576,0.076,0.212,1.92e-4,0,0.004,0.534,0.53,6.008e-5,991.823,0.001,339.669,0.343,6.4,32.17
2.671,0.23,2756.7,570.534,0.276,0.003,62.489,44.611,99.555,0.576,0.39,0.05,0.135,0.576,0.058,0.161,3.1e-4,0,0.003,0.534,0.53,1.08e-4,991.616,0.001,339.662,0.344,6.4,32.17
2.686,0.145,2755.904,569.737,0.276,0.003,62.523,44.601,99.012,0.576,0.39,0.05,0.135,0.576,0.036,0.102,-3.967e-4,0,0.003,0.534,0.531,1.443e-4,991.407,0.001,339.655,0.345,6.4,32.17
2.701,0.056,2755.099,568.933,0.276,0.003,62.559,44.591,98.463,0.576,0.39,0.051,0.136,0.576,0.014,0.039,3.08e-4,0,0.003,0.534,0.531,1.349e-4,991.195,0.001,339.648,0.346,6.4,32.17
2.717,0.042,2754.286,568.12,0.276,0.003,62.566,44.581,97.908,0.577,0.39,0.051,0.136,0.577,0.011,0.03,-3.274e-4,0,0.003,0.534,0.531,-1.708e-4,990.98,0.001,339.641,0.347,6.4,32.17
2.733,0.125,2753.465,567.299,0.276,0.003,62.534,44.571,97.348,0.577,0.39,0.051,0.136,0.577,0.031,0.088,3.235e-4,0,0.003,0.534,0.531,-1.321e-4,990.762,0.001,339.634,0.348,6.4,32.17
2.749,0.194,2752.635,566.469,0.276,0.003,62.507,44.561,96.782,0.577,0.39,0.051,0.136,0.577,0.049,0.136,-4.971e-4,0,0.003,0.534,0.531,-7.95e-5,990.542,0.001,339.626,0.349,6.4,32.17
2.765,0.239,2751.796,565.63,0.275,0.003,62.49,44.551,96.21,0.577,0.39,0.051,0.136,0.577,0.06,0.168,2.434e-4,0,0.003,0.534,0.531,-4.398e-5,990.318,0.001,339.619,0.35,6.4,32.17
2.781,0.269,2750.94,564.774,0.275,0.003,62.479,44.54,95.626,0.578,0.39,0.052,0.136,0.578,0.068,0.19,-2.016e-4,0,0.003,0.534,0.531,-1.427e-5,990.09,0.001,339.611,0.351,6.4,32.17
2.798,0.282,2750.069,563.903,0.275,0.003,62.475,44.53,95.032,0.578,0.39,0.052,0.136,0.578,0.071,0.199,-1.077e-4,0,0.003,0.534,0.531,-2.741e-7,989.856,0.001,339.603,0.352,6.4,32.17
2.815,0.259,2749.183,563.016,0.275,0.003,62.485,44.519,94.427,0.578,0.39,0.052,0.136,0.578,0.065,0.183,-3.912e-4,0,0.003,0.534,0.531,1.195e-5,989.618,0.001,339.595,0.353,6.4,32.17
2.832,0.207,2748.288,562.122,0.275,0.003,62.507,44.508,93.817,0.578,0.39,0.052,0.136,0.579,0.052,0.146,-1.76e-5,0,0.003,0.534,0.532,4.975e-5,989.378,0.001,339.587,0.354,6.4,32.17
2.849,0.133,2747.385,561.219,0.275,0.003,62.537,44.497,93.201,0.579,0.39,0.053,0.136,0.579,0.033,0.094,-3.899e-4,0,0.003,0.535,0.532,9.656e-5,989.134,0.001,339.579,0.355,6.4,32.17
2.867,0.055,2746.471,560.304,0.275,0.003,62.57,44.486,92.577,0.579,0.39,0.053,0.136,0.579,0.014,0.038,-1.505e-4,0,0.003,0.535,0.532,1.247e-4,988.886,0.001,339.571,0.356,6.4,32.17
2.885,0.029,2745.541,559.374,0.275,0.003,62.581,44.474,91.943,0.579,0.39,0.053,0.137,0.579,0.007,0.02,4.201e-4,0,0.003,0.535,0.532,-1.302e-4,988.634,0.001,339.562,0.357,6.4,32.17
2.903,0.11,2744.595,558.429,0.275,0.003,62.55,44.463,91.298,0.58,0.39,0.053,0.137,0.58,0.028,0.078,4.732e-4,0,0.003,0.535,0.532,-1.092e-4,988.377,0.001,339.554,0.358,6.4,32.17
2.922,0.186,2743.633,557.467,0.274,0.003,62.521,44.451,90.642,0.58,0.39,0.053,0.137,0.58,0.047,0.132,4.486e-4,0,0.003,0.535,0.532,-7.005e-5,988.115,0.001,339.545,0.358,6.4,32.17
2.94,0.243,2742.657,556.491,0.274,0.003,62.5,44.439,89.976,0.58,0.39,0.054,0.137,0.58,0.061,0.172,2.823e-4,0,0.003,0.535,0.532,-2.76e-5,987.848,0.001,339.536,0.359,6.4,32.17
2.959,0.265,2741.665,555.499,0.274,0.003,62.493,44.427,89.299,0.58,0.39,0.054,0.137,0.581,0.066,0.188,-2.164e-4,0,0.003,0.535,0.532,-1.927e-6,987.576,0.001,339.527,0.36,6.4,32.17
2.979,0.247,2740.654,554.488,0.274,0.003,62.501,44.414,88.61,0.581,0.39,0.054,0.137,0.581,0.062,0.176,2.463e-4,0,0.002,0.535,0.532,6.69e-6,987.298,0.001,339.517,0.361,6.4,32.17
2.999,0.2,2739.622,553.456,0.274,0.003,62.521,44.401,87.906,0.581,0.39,0.054,0.137,0.581,0.05,0.142,-3.879e-4,0,0.002,0.535,0.533,3.759e-5,987.013,0.001,339.508,0.362,6.4,32.17
3.019,0.16,2738.57,552.404,0.274,0.003,62.538,44.388,87.188,0.581,0.39,0.055,0.137,0.581,0.04,0.113,-2.491e-4,0,0.002,0.535,0.533,8.101e-5,986.722,0.001,339.498,0.363,6.4,32.17
3.039,0.102,2737.505,551.338,0.274,0.003,62.561,44.375,86.461,0.582,0.39,0.055,0.137,0.582,0.025,0.072,-3.24e-4,0,0.002,0.535,0.533,1.181e-4,986.427,0.001,339.488,0.364,6.4,32.17
3.06,0.03,2736.424,550.258,0.274,0.003,62.588,44.362,85.724,0.582,0.39,0.055,0.137,0.582,0.008,0.022,-2.407e-4,0,0.002,0.535,0.533,1.228e-5,986.127,0.001,339.478,0.365,6.4,32.17
3.081,0.1,2735.319,549.153,0.274,0.003,62.564,44.348,84.971,0.582,0.39,0.055,0.137,0.582,0.025,0.072,2.637e-4,0,0.002,0.535,0.533,-1.211e-4,985.819,0.001,339.468,0.366,6.4,32.17
3.103,0.185,2734.185,548.019,0.273,0.003,62.531,44.334,84.197,0.583,0.39,0.055,0.138,0.583,0.046,0.132,-2.413e-4,0,0.002,0.535,0.533,-7.526e-5,985.503,0.001,339.457,0.367,6.4,32.17
3.125,0.229,2733.024,546.858,0.273,0.003,62.514,44.32,83.405,0.583,0.389,0.056,0.138,0.583,0.058,0.163,2.361e-4,0,0.002,0.535,0.533,-2.575e-5,985.178,0.001,339.446,0.368,6.4,32.17
3.148,0.239,2731.842,545.676,0.273,0.003,62.511,44.305,82.599,0.583,0.389,0.056,0.138,0.583,0.06,0.17,-8.569e-6,0,0.002,0.535,0.533,-8.6e-7,984.846,0.001,339.435,0.369,6.4,32.17
3.171,0.217,2730.635,544.469,0.273,0.003,62.52,44.29,81.776,0.583,0.389,0.056,0.138,0.584,0.054,0.155,-4.116e-4,0,0.002,0.535,0.534,1.207e-5,984.506,0.001,339.424,0.37,6.4,32.17
3.195,0.155,2729.393,543.227,0.273,0.003,62.545,44.275,80.928,0.584,0.389,0.056,0.138,0.584,0.039,0.11,4.719e-4,0,0.002,0.536,0.534,5.147e-5,984.156,0.001,339.412,0.371,6.4,32.17
3.22,0.064,2728.114,541.948,0.273,0.003,62.582,44.259,80.056,0.584,0.389,0.057,0.138,0.584,0.016,0.045,4.683e-5,0,0.002,0.536,0.534,8.296e-5,983.794,0.001,339.4,0.372,6.4,32.17
3.245,0.038,2726.808,540.642,0.272,0.003,62.594,44.242,79.165,0.584,0.389,0.057,0.138,0.584,0.01,0.028,2.883e-4,0,0.002,0.536,0.534,-4.697e-5,983.424,0.001,339.387,0.373,6.4,32.17
3.27,0.118,2725.47,539.304,0.272,0.003,62.563,44.226,78.253,0.585,0.389,0.057,0.138,0.585,0.029,0.084,2.004e-4,0,0.002,0.536,0.534,-4.704e-5,983.044,0.001,339.374,0.374,6.4,32.17
3.297,0.172,2724.089,537.923,0.272,0.003,62.543,44.209,77.311,0.585,0.389,0.057,0.138,0.585,0.043,0.124,-3.107e-4,0,0.002,0.536,0.534,-1.387e-5,982.65,0.001,339.361,0.375,6.4,32.17
3.321,0.19,2722.841,536.674,0.272,0.003,62.537,44.193,76.459,0.585,0.389,0.058,0.138,0.585,0.048,0.137,-3.321e-4,0,0.002,0.536,0.534,-5.264e-8,982.293,0.001,339.349,0.376,6.4,32.17
3.349,0.165,2721.799,535.633,0.272,0.003,62.548,44.18,75.694,0.586,0.389,0.058,0.138,0.586,0.041,0.119,4.567e-4,0,0.002,0.536,0.534,1.498e-5,981.871,0.001,339.335,0.377,6.4,32.17
3.379,0.081,2720.72,534.554,0.272,0.003,62.582,44.167,74.9,0.586,0.389,0.058,0.139,0.586,0.02,0.059,-1.998e-4,0,0.001,0.536,0.534,4.062e-5,981.432,0.001,339.32,0.378,6.4,32.17
3.409,0.054,2719.612,533.445,0.272,0.003,62.595,44.153,74.086,0.586,0.389,0.058,0.139,0.586,0.013,0.039,6.197e-5,0,0.001,0.536,0.535,-4.205e-5,980.98,0.001,339.305,0.379,6.4,32.17
3.44,0.162,2718.472,532.306,0.271,0.003,62.554,44.138,73.248,0.586,0.389,0.059,0.139,0.586,0.041,0.117,4.175e-4,0,0.001,0.536,0.535,-2.523e-5,980.514,0.001,339.289,0.38,6.4,32.17
3.472,0.214,2717.303,531.137,0.271,0.003,62.534,44.124,72.388,0.587,0.389,0.059,0.139,0.587,0.054,0.155,1.093e-4,0,0.001,0.536,0.535,5.123e-8,980.034,0.001,339.273,0.381,6.4,32.17
3.505,0.178,2716.092,529.926,0.271,0.003,62.549,44.109,71.498,0.587,0.389,0.059,0.139,0.587,0.045,0.128,8.197e-5,0,0.001,0.536,0.535,3.614e-5,979.537,0.001,339.257,0.382,6.4,32.17
3.539,0.054,2714.833,528.667,0.271,0.003,62.599,44.093,70.573,0.587,0.389,0.059,0.139,0.587,0.014,0.039,-4.372e-4,0,0.001,0.536,0.535,8.552e-5,979.018,0.001,339.239,0.383,6.4,32.17
3.575,0.077,2713.511,527.345,0.271,0.003,62.59,44.076,69.601,0.588,0.389,0.06,0.139,0.588,0.019,0.055,4.051e-4,0,0.001,0.536,0.535,-8.477e-5,978.472,0.001,339.221,0.384,6.4,32.17
3.612,0.18,2712.145,525.979,0.271,0.003,62.55,44.059,68.597,0.588,0.389,0.06,0.139,0.588,0.045,0.131,2.595e-4,0,0.001,0.536,0.535,-2.878e-5,977.906,0.001,339.202,0.384,6.4,32.17
3.651,0.201,2710.716,524.55,0.271,0.003,62.542,44.041,67.547,0.588,0.389,0.06,0.139,0.588,0.051,0.146,-1.092e-4,0,0.001,0.536,0.535,1.306e-6,977.314,0.001,339.182,0.385,6.4,32.17
3.692,0.11,2709.203,523.037,0.27,0.003,62.58,44.022,66.435,0.589,0.389,0.06,0.139,0.589,0.027,0.079,2.067e-4,0,9.723e-4,0.536,0.536,4.73e-5,976.684,0.001,339.161,0.386,6.4,32.17
3.736,0.061,2707.59,521.424,0.27,0.003,62.6,44.001,65.249,0.589,0.389,0.06,0.14,0.589,0.015,0.045,-1.868e-4,0,9.046e-4,0.537,0.536,-5.515e-5,976.011,0.001,339.138,0.387,6.4,32.17
3.783,0.16,2705.864,519.698,0.27,0.003,62.564,43.98,63.98,0.589,0.389,0.061,0.14,0.589,0.04,0.117,1.658e-4,0,8.509e-4,0.537,0.536,-8.712e-6,975.29,0.001,339.114,0.388,6.4,32.17
3.833,0.14,2704.037,517.871,0.27,0.003,62.573,43.957,62.637,0.59,0.389,0.061,0.14,0.59,0.035,0.102,-3.701e-4,0,7.737e-4,0.537,0.536,1.504e-5,974.524,0.001,339.088,0.389,6.4,32.17
3.883,0.012,2702.2,516.034,0.27,0.003,62.622,43.933,61.287,0.59,0.389,0.061,0.14,0.59,0.003,0.009,1.972e-5,0,7.072e-4,0.537,0.536,1.054e-5,973.753,0.001,339.062,0.39,6.4,32.17
3.933,0.156,2700.364,514.198,0.269,0.003,62.568,43.91,59.937,0.59,0.389,0.061,0.14,0.59,0.039,0.115,4.299e-4,0,6.571e-4,0.537,0.536,-1.515e-5,972.98,0.001,339.036,0.391,6.4,32.17
3.983,0.169,2698.528,512.361,0.269,0.003,62.562,43.887,58.587,0.59,0.389,0.062,0.14,0.59,0.042,0.123,4.269e-4,0,5.905e-4,0.537,0.536,1.597e-5,972.205,0.001,339.01,0.392,6.4,32.17
4.033,0.036,2696.691,510.525,0.269,0.003,62.617,43.863,57.237,0.591,0.389,0.062,0.14,0.591,0.009,0.027,-8.251e-5,0,5.232e-4,0.537,0.536,2.85e-5,971.43,0.001,338.984,0.392,6.4,32.17
4.083,0.148,2694.855,508.689,0.269,0.003,62.572,43.84,55.888,0.591,0.389,0.062,0.14,0.591,0.037,0.109,2.593e-4,0,4.802e-4,0.537,0.536,-3.178e-5,970.653,0.001,338.958,0.393,6.4,32.17
4.095,0.176,2694.413,508.247,0.269,0.003,62.561,43.834,55.563,0.591,0.389,0.062,0.14,0.591,0.044,0.13,4.307e-4,0,4.69e-4,0.537,0.536,-1.822e-5,970.466,0.001,338.952,0.393,6.4,32.17
4.113,0.198,2693.949,507.783,0.268,0.003,62.553,43.828,55.158,0.591,0.389,0.062,0.14,0.591,0.05,0.145,3.263e-4,0,4.4e-4,0.537,0.537,-3.174e-6,970.185,0.001,338.943,0.393,6.4,32.17
4.14,0.188,2693.252,507.086,0.268,0.003,62.559,43.819,54.55,0.591,0.389,0.062,0.14,0.591,0.047,0.138,4.947e-4,0,3.996e-4,0.537,0.537,4.832e-6,969.764,0.001,338.928,0.394,6.4,32.17
4.181,0.102,2692.206,506.04,0.268,0.003,62.594,43.806,53.637,0.591,0.389,0.062,0.14,0.591,0.026,0.075,-1.164e-4,0,3.483e-4,0.537,0.537,2.452e-5,969.132,0.001,338.907,0.394,6.4,32.17
4.231,0.073,2690.918,504.752,0.268,0.003,62.605,43.79,52.514,0.591,0.389,0.062,0.14,0.591,0.018,0.054,4.112e-4,0,3.153e-4,0.537,0.537,-3.057e-5,968.352,0.001,338.881,0.394,6.4,32.17
4.281,0.148,2689.63,503.464,0.268,0.003,62.576,43.773,51.39,0.591,0.389,0.062,0.14,0.591,0.037,0.11,4.271e-4,0,2.468e-4,0.537,0.537,-4.92e-6,967.572,0.001,338.855,0.395,6.4,32.17
4.331,0.137,2688.342,502.176,0.268,0.003,62.579,43.757,50.266,0.591,0.389,0.062,0.14,0.591,0.034,0.101,3.821e-4,0,1.817e-4,0.537,0.537,1.814e-5,966.791,0.001,338.829,0.395,6.4,32.17
4.381,0.054,2687.054,500.888,0.268,0.003,62.613,43.74,49.142,0.591,0.389,0.062,0.14,0.591,0.014,0.04,2.717e-4,0,1.29e-4,0.537,0.537,4.086e-8,966.01,0.001,338.802,0.395,6.4,32.17
4.431,0.156,2685.766,499.6,0.267,0.003,62.571,43.724,48.018,0.592,0.389,0.063,0.14,0.592,0.039,0.116,-3.309e-4,0,9.85e-5,0.537,0.537,-1.7e-5,965.229,0.001,338.776,0.395,6.4,32.17
4.481,0.161,2684.478,498.312,0.267,0.003,62.57,43.707,46.894,0.592,0.389,0.063,0.14,0.592,0.04,0.119,4.163e-4,0,4.153e-5,0.537,0.537,8.522e-6,964.447,0.001,338.75,0.395,6.4,32.17
4.531,0.065,2683.19,497.023,0.267,0.003,62.609,43.69,45.771,0.592,0.389,0.063,0.14,0.592,0.016,0.048,2.876e-4,0,8.495e-6,0.537,0.537,7.832e-6,963.665,0.001,338.724,0.395,6.4,32.17
4.581,0.155,2681.902,495.735,0.267,0.003,62.573,43.674,44.647,0.592,0.389,0.063,0.14,0.592,0.039,0.114,1.927e-4,0,-3.401e-5,0.537,0.537,-1.663e-5,962.884,0.001,338.697,0.395,6.4,32.17
4.631,0.195,2680.613,494.447,0.267,0.003,62.559,43.657,43.523,0.592,0.389,0.063,0.14,0.592,0.049,0.145,-2.635e-4,0,-7.925e-5,0.537,0.537,3.513e-6,962.103,0.001,338.671,0.395,6.4,32.17
4.681,0.106,2679.325,493.159,0.267,0.003,62.591,43.641,42.399,0.591,0.389,0.062,0.14,0.591,0.027,0.078,2.003e-4,0,-1.361e-4,0.537,0.537,1.434e-5,961.321,0.001,338.645,0.395,6.4,32.17
4.731,0.157,2678.037,491.871,0.267,0.003,62.573,43.624,41.275,0.591,0.389,0.062,0.14,0.591,0.039,0.117,2.629e-4,0,-2.038e-4,0.537,0.537,-2.565e-5,960.541,0.001,338.619,0.395,6.4,32.17
4.781,0.166,2676.749,490.583,0.266,0.003,62.567,43.607,40.151,0.591,0.389,0.062,0.14,0.591,0.042,0.124,2.601e-5,0,-2.262e-4,0.537,0.537,1.786e-6,959.761,0.001,338.592,0.395,6.4,32.17
4.831,0.046,2675.461,489.295,0.266,0.003,62.615,43.591,39.027,0.591,0.389,0.062,0.14,0.591,0.011,0.034,1.619e-4,0,-2.7e-4,0.537,0.537,1.106e-5,958.981,0.001,338.566,0.394,6.4,32.17
4.881,0.094,2674.173,488.007,0.266,0.003,62.595,43.574,37.904,0.591,0.389,0.062,0.14,0.591,0.024,0.07,2.489e-4,0,-3.183e-4,0.537,0.537,-1.198e-5,958.203,0.001,338.54,0.394,6.4,32.17
4.919,0.119,2673.185,487.019,0.266,0.003,62.585,43.561,37.042,0.591,0.389,0.062,0.14,0.591,0.03,0.089,-3.885e-4,0,-3.529e-4,0.537,0.537,6.792e-7,957.606,0.001,338.52,0.394,6.4,32.17
4.969,0.049,2672.373,486.207,0.266,0.003,62.614,43.551,36.278,0.591,0.389,0.062,0.14,0.591,0.012,0.036,2.307e-4,0,-4.027e-4,0.537,0.537,2.411e-5,956.83,0.001,338.494,0.393,6.4,32.17
5.019,0.071,2671.56,485.394,0.266,0.003,62.604,43.54,35.513,0.591,0.389,0.062,0.14,0.591,0.018,0.054,-4.572e-4,0,-4.398e-4,0.537,0.537,-2.053e-5,956.054,0.001,338.468,0.393,6.4,32.17
5.069,0.142,2670.748,484.582,0.266,0.003,62.575,43.53,34.749,0.59,0.389,0.062,0.14,0.591,0.036,0.106,1.905e-4,0,-4.639e-4,0.537,0.537,-1.359e-8,955.279,0.001,338.442,0.392,6.4,32.17
5.119,0.091,2669.935,483.769,0.266,0.003,62.593,43.519,33.984,0.59,0.389,0.062,0.14,0.59,0.023,0.068,4.53e-5,0,-5.054e-4,0.537,0.537,2.337e-5,954.51,0.001,338.416,0.392,6.4,32.17
5.169,0.069,2669.123,482.957,0.265,0.003,62.602,43.509,33.22,0.59,0.389,0.061,0.14,0.59,0.017,0.051,6.549e-5,0,-5.502e-4,0.537,0.537,-2.651e-5,953.775,0.001,338.39,0.391,6.4,32.17
5.219,0.12,2668.31,482.144,0.265,0.003,62.58,43.498,32.455,0.59,0.389,0.061,0.14,0.59,0.03,0.09,-1.925e-4,0,-5.699e-4,0.537,0.537,-9.647e-7,953.04,0.001,338.364,0.39,6.4,32.17
5.269,0.055,2667.498,481.332,0.265,0.003,62.605,43.487,31.691,0.59,0.389,0.061,0.14,0.59,0.014,0.041,-3.436e-4,0,-5.833e-4,0.537,0.537,4.333e-6,952.307,0.001,338.338,0.39,6.4,32.17
5.319,0.063,2666.685,480.519,0.265,0.003,62.603,43.477,30.926,0.589,0.389,0.061,0.14,0.589,0.016,0.046,9.227e-5,0,-6.16e-4,0.537,0.537,1.321e-6,951.576,0.001,338.312,0.389,6.4,32.17
5.369,0.065,2665.873,479.707,0.265,0.003,62.601,43.466,30.162,0.589,0.389,0.061,0.14,0.589,0.016,0.049,-4.417e-4,0,-6.386e-4,0.537,0.537,1.793e-5,950.846,0.001,338.287,0.388,6.4,32.17
5.419,0.045,2665.06,478.894,0.265,0.003,62.608,43.456,29.397,0.589,0.389,0.061,0.14,0.589,0.011,0.033,-2.522e-4,0,-6.718e-4,0.537,0.537,0,950.117,0.001,338.261,0.387,6.4,32.17
5.469,0.127,2664.248,478.082,0.265,0.003,62.573,43.445,28.633,0.589,0.389,0.06,0.139,0.589,0.032,0.095,3.761e-4,0,-7.312e-4,0.536,0.537,-1.603e-5,949.39,0.001,338.235,0.387,6.4,32.17
5.519,0.146,2663.435,477.269,0.265,0.003,62.565,43.435,27.868,0.588,0.389,0.06,0.139,0.588,0.037,0.109,-2.466e-4,0,-7.713e-4,0.536,0.537,1.304e-6,948.665,0.001,338.21,0.386,6.4,32.17
5.569,0.071,2662.623,476.457,0.265,0.003,62.594,43.424,27.104,0.588,0.389,0.06,0.139,0.588,0.018,0.054,-2.74e-4,0,-7.964e-4,0.536,0.537,2.554e-5,947.942,0.001,338.184,0.385,6.4,32.17
5.619,0.022,2661.81,475.644,0.264,0.003,62.613,43.413,26.339,0.588,0.389,0.06,0.139,0.588,0.005,0.016,-1.992e-4,0,-8.261e-4,0.536,0.537,-3.411e-5,947.22,0.001,338.159,0.384,6.4,32.17
5.669,0.072,2660.998,474.832,0.264,0.003,62.593,43.403,25.575,0.587,0.389,0.059,0.139,0.587,0.018,0.055,-4.786e-4,0,-8.662e-4,0.536,0.537,-1.238e-5,946.501,0.001,338.134,0.383,6.4,32.17
5.719,0.091,2660.185,474.019,0.264,0.003,62.584,43.392,24.81,0.587,0.389,0.059,0.139,0.587,0.023,0.069,4.101e-4,0,-9.237e-4,0.536,0.537,-8.557e-8,945.783,0.001,338.108,0.382,6.4,32.17
5.768,0.058,2659.396,473.23,0.264,0.003,62.596,43.382,24.068,0.587,0.389,0.059,0.139,0.587,0.015,0.044,4.428e-5,0,-9.772e-4,0.536,0.537,1.082e-5,945.088,0.001,338.084,0.381,6.4,32.17
5.814,0.032,2658.646,472.48,0.264,0.003,62.604,43.372,23.362,0.586,0.389,0.059,0.139,0.586,0.008,0.024,8.147e-5,0,-0.001,0.536,0.537,-1.553e-5,944.429,0.001,338.061,0.38,6.4,32.17
5.859,0.099,2657.915,471.749,0.264,0.003,62.576,43.362,22.674,0.586,0.389,0.058,0.139,0.586,0.025,0.074,3.016e-4,0,-0.001,0.536,0.537,-8.574e-7,943.789,0.001,338.038,0.379,6.4,32.17
5.903,0.084,2657.194,471.028,0.264,0.003,62.58,43.353,21.996,0.586,0.389,0.058,0.139,0.586,0.021,0.063,-1.865e-5,0,-0.001,0.536,0.537,1.355e-5,943.159,0.001,338.016,0.378,6.4,32.17
5.944,0.031,2656.529,470.363,0.264,0.003,62.602,43.344,21.37,0.586,0.389,0.058,0.138,0.586,0.008,0.023,1.672e-4,0,-0.001,0.536,0.537,5.831e-7,942.58,0.001,337.995,0.377,6.4,32.17
5.985,0.071,2656.142,469.975,0.264,0.003,62.585,43.339,20.893,0.585,0.389,0.058,0.138,0.585,0.018,0.054,-3.355e-4,0,-0.001,0.536,0.537,-1.469e-5,941.997,0.001,337.975,0.376,6.4,32.17
6.026,0.116,2655.758,469.592,0.264,0.003,62.566,43.334,20.421,0.585,0.389,0.057,0.138,0.585,0.029,0.087,-1.919e-4,0,-0.001,0.536,0.537,-9.559e-7,941.422,0.001,337.954,0.375,6.4,32.17
6.067,0.096,2655.38,469.213,0.264,0.003,62.573,43.329,19.956,0.585,0.389,0.057,0.138,0.585,0.024,0.072,3.308e-4,0,-0.001,0.536,0.537,7.696e-6,940.855,0.001,337.935,0.374,6.4,32.17
6.106,0.022,2655.01,468.844,0.264,0.003,62.601,43.324,19.501,0.584,0.389,0.057,0.138,0.584,0.005,0.016,-1.03e-4,0,-0.001,0.536,0.537,1.635e-5,940.304,0.001,337.915,0.373,6.4,32.17
6.145,0.049,2654.648,468.482,0.264,0.003,62.59,43.319,19.056,0.584,0.389,0.057,0.138,0.584,0.012,0.037,1.17e-4,0,-0.001,0.536,0.537,-1.531e-5,939.765,0.001,337.896,0.372,6.4,32.17
6.183,0.097,2654.29,468.124,0.264,0.003,62.569,43.315,18.615,0.584,0.389,0.056,0.138,0.584,0.024,0.073,1.089e-4,0,-0.001,0.535,0.537,-2.486e-6,939.234,0.001,337.877,0.371,6.4,32.17
6.22,0.089,2653.939,467.773,0.264,0.003,62.571,43.31,18.183,0.583,0.389,0.056,0.138,0.583,0.022,0.067,-7.578e-5,0,-0.001,0.535,0.537,2.283e-6,938.714,0.001,337.859,0.37,6.4,32.17
6.257,0.041,2653.592,467.426,0.263,0.003,62.59,43.306,17.757,0.583,0.389,0.056,0.138,0.583,0.01,0.031,4.038e-4,0,-0.001,0.535,0.537,5.582e-6,938.202,0.001,337.841,0.369,6.4,32.17
6.294,0.065,2653.248,467.081,0.263,0.003,62.578,43.301,17.333,0.583,0.39,0.056,0.138,0.583,0.016,0.049,2.802e-4,0,-0.001,0.535,0.537,-3.183e-6,937.696,0.001,337.823,0.368,6.4,32.17
6.33,0.096,2652.905,466.739,0.263,0.003,62.565,43.297,16.912,0.582,0.39,0.055,0.137,0.582,0.024,0.072,-4.064e-4,0,-0.001,0.535,0.537,8.726e-8,937.193,0.001,337.805,0.367,6.4,32.17
6.366,0.087,2652.567,466.401,0.263,0.003,62.568,43.292,16.496,0.582,0.39,0.055,0.137,0.582,0.022,0.066,-2.633e-4,0,-0.001,0.535,0.537,1.225e-5,936.698,0.001,337.788,0.366,6.4,32.17
6.402,0.037,2652.232,466.065,0.263,0.003,62.587,43.288,16.084,0.582,0.39,0.055,0.137,0.582,0.009,0.028,-3.047e-4,0,-0.001,0.535,0.537,3.653e-5,936.209,0.001,337.771,0.365,6.4,32.17
6.438,0.051,2651.899,465.733,0.263,0.003,62.581,43.283,15.674,0.581,0.39,0.055,0.137,0.581,0.013,0.039,3.021e-4,0,-0.001,0.535,0.537,-3.473e-5,935.725,0.001,337.754,0.364,6.4,32.17
6.472,0.118,2651.576,465.41,0.263,0.003,62.553,43.279,15.277,0.581,0.39,0.054,0.137,0.581,0.03,0.089,-4.319e-4,0,-0.001,0.535,0.536,-1.49e-5,935.256,0.001,337.737,0.363,6.4,32.17
6.507,0.168,2651.251,465.085,0.263,0.003,62.533,43.275,14.878,0.581,0.39,0.054,0.137,0.581,0.042,0.126,4.096e-4,0,-0.001,0.535,0.536,-5.977e-8,934.787,0.001,337.721,0.362,6.4,32.17
6.541,0.142,2650.928,464.762,0.263,0.003,62.541,43.27,14.48,0.581,0.39,0.054,0.137,0.581,0.036,0.107,3.367e-4,0,-0.002,0.535,0.536,1.337e-5,934.321,0.001,337.704,0.361,6.4,32.17
6.575,0.089,2650.613,464.447,0.263,0.003,62.56,43.266,14.093,0.58,0.39,0.054,0.137,0.58,0.022,0.067,-8.043e-5,0,-0.002,0.535,0.536,3.307e-5,933.868,0.001,337.688,0.36,6.4,32.17
6.608,0.041,2650.301,464.135,0.263,0.003,62.578,43.262,13.709,0.58,0.39,0.053,0.137,0.58,0.01,0.031,9.912e-5,0,-0.002,0.535,0.536,-6.26e-7,933.421,0.001,337.672,0.359,6.4,32.17
6.641,0.11,2649.994,463.828,0.263,0.003,62.55,43.258,13.331,0.58,0.39,0.053,0.137,0.58,0.028,0.083,-3.418e-4,0,-0.002,0.535,0.536,-3.535e-5,932.981,0.001,337.657,0.358,6.4,32.17
6.673,0.155,2649.694,463.528,0.263,0.003,62.531,43.254,12.962,0.579,0.39,0.053,0.137,0.579,0.039,0.116,4.201e-4,0,-0.002,0.535,0.536,-7.245e-6,932.553,0.001,337.642,0.357,6.4,32.17
6.704,0.153,2649.397,463.23,0.263,0.003,62.53,43.25,12.596,0.579,0.39,0.053,0.136,0.579,0.038,0.115,-9.558e-6,0,-0.002,0.535,0.536,1.564e-6,932.13,0.001,337.627,0.356,6.4,32.17
6.726,0.15,2649.194,463.028,0.263,0.003,62.53,43.248,12.347,0.579,0.39,0.053,0.136,0.579,0.038,0.113,1.092e-4,0,-0.002,0.535,0.536,1.581e-5,931.843,0.001,337.617,0.355,6.4,32.17
6.757,0.105,2649.036,462.87,0.263,0.003,62.548,43.246,12.081,0.579,0.39,0.052,0.136,0.579,0.026,0.08,-7.139e-5,0,-0.002,0.534,0.536,3.717e-5,931.437,0.001,337.602,0.354,6.4,32.17
6.787,0.049,2648.88,462.714,0.263,0.003,62.569,43.243,11.819,0.578,0.39,0.052,0.136,0.578,0.012,0.037,-2.155e-4,0,-0.002,0.534,0.536,-1.266e-5,931.037,0.001,337.588,0.353,6.4,32.17
6.817,0.124,2648.723,462.557,0.263,0.003,62.539,43.241,11.554,0.578,0.39,0.052,0.136,0.578,0.031,0.094,2.759e-4,0,-0.002,0.534,0.536,-3.557e-5,930.635,0.001,337.574,0.352,6.4,32.17
6.848,0.179,2648.566,462.4,0.263,0.003,62.517,43.239,11.289,0.578,0.39,0.052,0.136,0.578,0.045,0.135,-2.788e-4,0,-0.002,0.534,0.536,-4.029e-6,930.232,0.001,337.56,0.351,6.4,32.17
6.878,0.176,2648.409,462.243,0.263,0.003,62.518,43.237,11.024,0.577,0.39,0.051,0.136,0.577,0.044,0.133,3.051e-4,0,-0.002,0.534,0.536,6.751e-6,929.832,0.001,337.546,0.35,6.4,32.17
6.909,0.121,2648.253,462.087,0.263,0.003,62.538,43.235,10.761,0.577,0.39,0.051,0.136,0.577,0.03,0.091,4.853e-4,0,-0.002,0.534,0.536,3.901e-5,929.437,0.001,337.532,0.349,6.4,32.17
6.938,0.041,2648.099,461.933,0.263,0.003,62.569,43.233,10.502,0.577,0.39,0.051,0.136,0.577,0.01,0.031,4.726e-4,0,-0.002,0.534,0.536,6.184e-5,929.048,0.001,337.518,0.348,6.4,32.17
6.968,0.056,2647.948,461.782,0.263,0.003,62.562,43.231,10.248,0.577,0.39,0.051,0.136,0.577,0.014,0.043,-1.469e-4,0,-0.002,0.534,0.536,-6.22e-5,928.667,0.001,337.505,0.347,6.4,32.17
6.997,0.162,2647.797,461.631,0.263,0.003,62.519,43.229,9.992,0.576,0.39,0.051,0.136,0.576,0.041,0.122,-3.326e-4,0,-0.002,0.534,0.536,-3.321e-5,928.285,0.001,337.491,0.346,6.4,32.17
7.027,0.18,2647.644,461.478,0.263,0.003,62.51,43.227,9.735,0.576,0.39,0.05,0.135,0.576,0.045,0.136,-4.856e-4,0,-0.002,0.534,0.536,-3.346e-6,927.901,0.001,337.478,0.345,6.4,32.17
7.056,0.161,2647.495,461.329,0.263,0.003,62.516,43.225,9.484,0.576,0.39,0.05,0.135,0.576,0.04,0.122,4.951e-4,0,-0.002,0.534,0.536,3.944e-6,927.528,0.001,337.465,0.344,6.4,32.17
7.084,0.163,2647.347,461.181,0.263,0.003,62.514,43.223,9.235,0.575,0.39,0.05,0.135,0.576,0.041,0.123,6.286e-5,0,-0.002,0.534,0.536,2.893e-5,927.159,0.001,337.452,0.343,6.4,32.17
7.114,0.115,2647.197,461.031,0.263,0.003,62.532,43.221,8.982,0.575,0.39,0.05,0.135,0.575,0.029,0.086,9.769e-5,0,-0.002,0.534,0.536,6.876e-5,926.786,0.001,337.439,0.342,6.4,32.17
7.143,0.038,2647.048,460.882,0.263,0.003,62.563,43.219,8.73,0.575,0.39,0.05,0.135,0.575,0.009,0.028,-2.305e-4,0,-0.002,0.534,0.536,1.477e-5,926.416,0.001,337.425,0.341,6.4,32.17
7.171,0.087,2646.9,460.734,0.263,0.003,62.541,43.217,8.481,0.575,0.39,0.049,0.135,0.575,0.022,0.066,7.707e-6,0,-0.002,0.534,0.536,-7.483e-5,926.05,0.001,337.413,0.34,6.4,32.17
7.2,0.157,2646.754,460.587,0.263,0.003,62.512,43.215,8.235,0.574,0.39,0.049,0.135,0.574,0.039,0.118,-3.57e-4,0,-0.002,0.534,0.536,-4.463e-5,925.689,0.001,337.4,0.339,6.4,32.17
7.228,0.19,2646.608,460.442,0.263,0.003,62.498,43.213,7.989,0.574,0.39,0.049,0.135,0.574,0.048,0.144,-4.619e-4,0,-0.002,0.534,0.536,-9.727e-6,925.331,0.001,337.387,0.338,6.4,32.17
7.256,0.182,2646.463,460.297,0.263,0.003,62.501,43.212,7.746,0.574,0.39,0.049,0.135,0.574,0.046,0.138,2.74e-4,0,-0.002,0.534,0.536,4.495e-7,924.977,0.001,337.375,0.337,6.4,32.17
7.284,0.146,2646.319,460.153,0.263,0.003,62.514,43.21,7.502,0.574,0.39,0.049,0.135,0.574,0.037,0.11,2.071e-4,0,-0.002,0.533,0.536,1.206e-5,924.623,0.001,337.362,0.336,6.4,32.17
7.312,0.097,2646.173,460.007,0.263,0.003,62.532,43.208,7.257,0.573,0.39,0.048,0.135,0.573,0.024,0.073,-3.476e-5,0,-0.002,0.533,0.536,3.309e-5,924.269,0.001,337.35,0.335,6.4,32.17
7.34,0.015,2646.03,459.864,0.263,0.003,62.564,43.206,7.015,0.573,0.39,0.048,0.135,0.573,0.004,0.012,-3.021e-4,0,-0.002,0.533,0.536,5.175e-5,923.92,0.001,337.337,0.334,6.4,32.17
7.367,0.05,2645.889,459.723,0.262,0.003,62.551,43.204,6.778,0.573,0.39,0.048,0.134,0.573,0.012,0.038,-3.533e-4,0,-0.002,0.533,0.536,-3.826e-5,923.58,0.001,337.325,0.333,6.4,32.17
7.395,0.085,2645.749,459.583,0.262,0.003,62.536,43.202,6.542,0.573,0.39,0.048,0.134,0.573,0.021,0.064,-1.458e-4,0,-0.002,0.533,0.535,-1.62e-5,923.24,0.001,337.313,0.332,6.4,32.17
7.422,0.101,2645.608,459.442,0.262,0.003,62.529,43.2,6.305,0.572,0.391,0.048,0.134,0.572,0.025,0.076,7.551e-5,0,-0.002,0.533,0.535,-4.023e-6,922.902,0.001,337.302,0.331,6.4,32.17
7.437,0.099,2645.531,459.365,0.262,0.003,62.529,43.199,6.174,0.572,0.391,0.047,0.134,0.572,0.025,0.075,2.104e-4,0,-0.002,0.533,0.535,-8.927e-7,922.716,0.001,337.295,0.331,6.4,32.17
7.46,0.077,2645.474,459.308,0.262,0.003,62.537,43.198,6.068,0.572,0.391,0.047,0.134,0.572,0.019,0.058,-1.783e-4,0,-0.002,0.533,0.535,1.081e-7,922.437,0.001,337.285,0.33,6.4,32.17
7.487,0.036,2645.406,459.24,0.262,0.003,62.551,43.198,5.94,0.572,0.391,0.047,0.134,0.572,0.009,0.027,-4.432e-4,0,-0.002,0.533,0.535,-3.999e-6,922.105,0.001,337.273,0.329,6.4,32.17
7.514,0.063,2645.338,459.172,0.262,0.003,62.539,43.197,5.813,0.571,0.391,0.047,0.134,0.571,0.016,0.048,-4.616e-4,0,-0.002,0.533,0.535,-1.321e-5,921.772,0.001,337.262,0.328,6.4,32.17
7.54,0.089,2645.271,459.105,0.262,0.003,62.528,43.196,5.686,0.571,0.391,0.047,0.134,0.571,0.022,0.067,4.064e-5,0,-0.002,0.533,0.535,-5.022e-6,921.444,0.001,337.25,0.327,6.4,32.17
7.567,0.128,2645.204,459.038,0.262,0.003,62.511,43.195,5.561,0.571,0.391,0.046,0.134,0.571,0.032,0.097,1.786e-5,0,-0.002,0.533,0.535,-3.387e-7,921.119,0.001,337.239,0.326,6.4,32.17
7.594,0.17,2645.137,458.971,0.262,0.003,62.494,43.194,5.435,0.571,0.391,0.046,0.134,0.571,0.042,0.128,3.015e-4,0,-0.002,0.533,0.535,4.543e-6,920.794,0.001,337.227,0.325,6.4,32.17
7.621,0.191,2645.07,458.903,0.262,0.003,62.485,43.193,5.307,0.57,0.391,0.046,0.134,0.571,0.048,0.144,-4.68e-4,0,-0.002,0.533,0.535,3.049e-5,920.467,0.001,337.216,0.324,6.4,32.17
7.648,0.183,2645.002,458.835,0.262,0.003,62.488,43.192,5.18,0.57,0.391,0.046,0.134,0.57,0.046,0.138,1.424e-4,0,-0.002,0.533,0.535,7.557e-5,920.139,0.001,337.204,0.323,6.4,32.17
7.675,0.085,2644.933,458.767,0.262,0.003,62.527,43.191,5.051,0.57,0.391,0.046,0.134,0.57,0.021,0.064,-4.124e-5,0,-0.002,0.533,0.535,6.391e-5,919.812,0.001,337.193,0.322,6.4,32.17
7.702,0.08,2644.867,458.701,0.262,0.003,62.526,43.19,4.926,0.57,0.391,0.045,0.133,0.57,0.02,0.061,2.359e-4,0,-0.002,0.533,0.535,-7.855e-5,919.493,0.001,337.181,0.321,6.4,32.17
7.728,0.158,2644.801,458.635,0.262,0.003,62.495,43.19,4.803,0.569,0.391,0.045,0.133,0.569,0.039,0.118,1.928e-4,0,-0.003,0.533,0.535,-8.26e-5,919.18,0.001,337.17,0.32,6.4,32.17
7.754,0.215,2644.736,458.569,0.262,0.003,62.472,43.189,4.68,0.569,0.391,0.045,0.133,0.569,0.054,0.163,3.653e-4,0,-0.003,0.533,0.535,-3.667e-5,918.868,0.001,337.159,0.319,6.4,32.17
7.78,0.241,2644.67,458.504,0.262,0.003,62.462,43.188,4.557,0.569,0.391,0.045,0.133,0.569,0.06,0.182,3.422e-4,0,-0.003,0.533,0.535,-3.694e-6,918.558,0.001,337.148,0.318,6.4,32.17
7.806,0.228,2644.605,458.439,0.262,0.003,62.467,43.187,4.435,0.569,0.391,0.045,0.133,0.569,0.057,0.172,-2.99e-4,0,-0.003,0.532,0.535,5.77e-6,918.251,0.001,337.138,0.317,6.4,32.17
7.831,0.183,2644.541,458.374,0.262,0.003,62.483,43.186,4.313,0.568,0.391,0.045,0.133,0.569,0.046,0.138,2.099e-4,0,-0.003,0.532,0.535,3.824e-5,917.946,0.001,337.127,0.317,6.4,32.17
7.857,0.108,2644.476,458.31,0.262,0.003,62.511,43.185,4.193,0.568,0.391,0.044,0.133,0.568,0.027,0.081,-3.877e-4,0,-0.003,0.532,0.535,6.677e-5,917.644,0.001,337.116,0.316,6.4,32.17
7.883,0.015,2644.412,458.246,0.262,0.003,62.546,43.184,4.072,0.568,0.391,0.044,0.133,0.568,0.004,0.011,-4.398e-4,0,-0.003,0.532,0.535,4.551e-5,917.343,0.001,337.106,0.315,6.4,32.17
7.908,0.071,2644.347,458.181,0.262,0.003,62.524,43.184,3.951,0.568,0.391,0.044,0.133,0.568,0.018,0.053,-4.865e-4,0,-0.003,0.532,0.535,-6.832e-5,917.04,0.001,337.095,0.314,6.4,32.17
7.934,0.137,2644.282,458.116,0.262,0.003,62.497,43.183,3.829,0.567,0.391,0.044,0.133,0.568,0.034,0.103,-3.295e-4,0,-0.003,0.532,0.535,-3.828e-5,916.738,0.001,337.084,0.313,6.4,32.17
7.96,0.171,2644.218,458.052,0.262,0.003,62.482,43.182,3.707,0.567,0.391,0.044,0.133,0.567,0.043,0.129,2.466e-4,0,-0.003,0.532,0.535,-8.507e-6,916.438,0.001,337.074,0.312,6.4,32.17
7.986,0.164,2644.153,457.987,0.262,0.003,62.484,43.181,3.586,0.567,0.391,0.043,0.133,0.567,0.041,0.123,-3.316e-4,0,-0.003,0.532,0.535,7.466e-7,916.139,0.001,337.063,0.311,6.4,32.17
8.012,0.12,2644.088,457.922,0.262,0.003,62.5,43.18,3.464,0.567,0.391,0.043,0.132,0.567,0.03,0.09,4.977e-4,0,-0.003,0.532,0.535,1.834e-5,915.84,0.001,337.053,0.31,6.4,32.17
8.037,0.044,2644.024,457.857,0.262,0.003,62.529,43.179,3.342,0.567,0.391,0.043,0.132,0.567,0.011,0.033,1.538e-4,0,-0.003,0.532,0.535,4.803e-5,915.542,0.001,337.042,0.309,6.4,32.17
8.063,0.031,2643.959,457.792,0.262,0.003,62.534,43.178,3.22,0.566,0.391,0.043,0.132,0.566,0.008,0.023,-2.507e-4,0,-0.003,0.532,0.535,-5.401e-5,915.244,0.001,337.032,0.308,6.4,32.17
8.089,0.09,2643.894,457.728,0.262,0.003,62.51,43.178,3.099,0.566,0.391,0.043,0.132,0.566,0.023,0.069,-3.94e-4,0,-0.003,0.532,0.535,-4.383e-5,914.949,0.001,337.021,0.307,6.4,32.17
8.114,0.138,2643.83,457.664,0.262,0.003,62.491,43.177,2.979,0.566,0.391,0.042,0.132,0.566,0.034,0.104,2.678e-4,0,-0.003,0.532,0.535,-2.216e-5,914.659,0.001,337.011,0.306,6.4,32.17
8.142,0.168,2643.761,457.595,0.262,0.003,62.478,43.176,2.849,0.566,0.391,0.042,0.132,0.566,0.042,0.126,7.635e-5,0,-0.003,0.532,0.535,-3.492e-6,914.344,0.001,337,0.305,6.4,32.17
8.167,0.165,2643.734,457.568,0.262,0.003,62.479,43.175,2.768,0.565,0.391,0.042,0.132,0.565,0.041,0.124,-3.739e-4,0,-0.003,0.532,0.535,1.066e-6,914.058,0.001,336.99,0.304,6.4,32.17
8.192,0.137,2643.708,457.542,0.262,0.003,62.49,43.175,2.688,0.565,0.391,0.042,0.132,0.565,0.034,0.103,-3.344e-4,0,-0.003,0.532,0.535,1.319e-5,913.775,0.001,336.98,0.303,6.4,32.17
8.217,0.109,2643.682,457.515,0.262,0.003,62.5,43.175,2.608,0.565,0.391,0.042,0.132,0.565,0.027,0.082,2.607e-4,0,-0.003,0.532,0.535,3.173e-5,913.493,0.001,336.97,0.302,6.4,32.17
8.242,0.076,2643.655,457.489,0.262,0.003,62.512,43.174,2.528,0.565,0.391,0.042,0.132,0.565,0.019,0.058,2.866e-4,0,-0.003,0.532,0.535,5.086e-5,913.211,0.001,336.96,0.301,6.4,32.17
8.267,0.021,2643.629,457.462,0.262,0.003,62.532,43.174,2.447,0.564,0.391,0.041,0.132,0.564,0.005,0.016,-4.35e-4,0,-0.003,0.532,0.535,4.201e-5,912.929,0.001,336.95,0.3,6.4,32.17
8.292,0.049,2643.602,457.436,0.262,0.003,62.521,43.174,2.367,0.564,0.391,0.041,0.132,0.564,0.012,0.037,2.125e-4,0,-0.003,0.532,0.535,-5.862e-5,912.649,0.001,336.94,0.299,6.4,32.17
8.317,0.1,2643.576,457.409,0.262,0.003,62.5,43.173,2.287,0.564,0.391,0.041,0.132,0.564,0.025,0.075,1.721e-5,0,-0.003,0.532,0.535,-4.185e-5,912.37,0.001,336.93,0.298,6.4,32.17
8.342,0.135,2643.549,457.383,0.262,0.003,62.485,43.173,2.207,0.564,0.391,0.041,0.132,0.564,0.034,0.102,-9.055e-5,0,-0.003,0.531,0.535,-2.015e-5,912.094,0.001,336.92,0.297,6.4,32.17
8.367,0.149,2643.523,457.357,0.262,0.003,62.479,43.173,2.128,0.564,0.391,0.041,0.131,0.564,0.037,0.112,-1.567e-4,0,-0.003,0.531,0.535,-4.802e-6,911.818,0.001,336.911,0.297,6.4,32.17
8.392,0.144,2643.497,457.33,0.262,0.003,62.48,43.172,2.048,0.563,0.391,0.041,0.131,0.563,0.036,0.108,-3.45e-4,0,-0.003,0.531,0.535,6.293e-9,911.543,0.001,336.901,0.296,6.4,32.17
8.417,0.126,2643.47,457.304,0.262,0.003,62.486,43.172,1.968,0.563,0.391,0.04,0.131,0.563,0.031,0.095,-2.848e-4,0,-0.003,0.531,0.534,5.698e-6,911.269,0.001,336.891,0.295,6.4,32.17
8.442,0.091,2643.444,457.278,0.262,0.003,62.498,43.172,1.888,0.563,0.391,0.04,0.131,0.563,0.023,0.069,4.412e-4,0,-0.003,0.531,0.534,1.909e-5,910.996,0.001,336.882,0.294,6.4,32.17
8.467,0.043,2643.418,457.252,0.262,0.003,62.516,43.171,1.809,0.563,0.391,0.04,0.131,0.563,0.011,0.033,-1.527e-5,0,-0.003,0.531,0.534,3.194e-5,910.726,0.001,336.872,0.293,6.4,32.17
8.491,0.014,2643.392,457.226,0.262,0.003,62.528,43.171,1.73,0.562,0.391,0.04,0.131,0.562,0.003,0.01,-3.365e-4,0,-0.003,0.531,0.534,-2.018e-5,910.458,0.001,336.863,0.292,6.4,32.17
8.516,0.056,2643.366,457.2,0.262,0.003,62.509,43.171,1.652,0.562,0.392,0.04,0.131,0.562,0.014,0.042,-4.856e-5,0,-0.003,0.531,0.534,-2.41e-5,910.191,0.001,336.853,0.291,6.4,32.17
8.541,0.093,2643.34,457.174,0.262,0.003,62.495,43.17,1.572,0.562,0.392,0.04,0.131,0.562,0.023,0.07,9.415e-5,0,-0.003,0.531,0.534,-5.086e-6,909.923,0.001,336.844,0.29,6.4,32.17
8.566,0.108,2643.313,457.147,0.262,0.003,62.489,43.17,1.492,0.562,0.392,0.039,0.131,0.562,0.027,0.082,-3.33e-4,0,-0.003,0.531,0.534,8.785e-8,909.654,0.001,336.834,0.289,6.4,32.17
8.591,0.101,2643.287,457.121,0.262,0.003,62.491,43.17,1.412,0.562,0.392,0.039,0.131,0.562,0.025,0.076,-3.591e-4,0,-0.003,0.531,0.534,7.378e-6,909.384,0.001,336.825,0.288,6.4,32.17
8.616,0.078,2643.261,457.094,0.262,0.003,62.499,43.169,1.332,0.561,0.392,0.039,0.131,0.561,0.019,0.059,-2.264e-4,0,-0.003,0.531,0.534,1.258e-5,909.116,0.001,336.816,0.287,6.4,32.17
8.64,0.067,2643.234,457.068,0.262,0.003,62.502,43.169,1.253,0.561,0.392,0.039,0.131,0.561,0.017,0.051,3.914e-4,0,-0.003,0.531,0.534,4.893e-6,908.852,0.001,336.806,0.286,6.4,32.17
8.665,0.044,2643.208,457.042,0.262,0.003,62.509,43.168,1.174,0.561,0.392,0.039,0.131,0.561,0.011,0.034,-1.214e-4,0,-0.003,0.531,0.534,-2.065e-8,908.59,0.001,336.797,0.285,6.4,32.17
8.69,0.052,2643.182,457.016,0.262,0.003,62.507,43.168,1.095,0.561,0.392,0.039,0.131,0.561,0.013,0.039,4.418e-4,0,-0.003,0.531,0.534,-3.163e-5,908.329,0.001,336.788,0.284,6.4,32.17
8.714,0.101,2643.156,456.99,0.262,0.003,62.488,43.168,1.016,0.561,0.392,0.038,0.13,0.561,0.025,0.075,-3.695e-5,0,-0.003,0.531,0.534,-2.594e-5,908.068,0.001,336.779,0.283,6.4,32.17
8.735,0.138,2643.134,456.968,0.262,0.003,62.472,43.168,0.95,0.56,0.392,0.038,0.13,0.56,0.034,0.104,1.142e-5,0,-0.003,0.531,0.534,-1.388e-5,907.85,0.001,336.771,0.283,6.4,32.17
8.76,0.169,2643.128,456.962,0.262,0.003,62.459,43.167,0.859,0.56,0.392,0.038,0.13,0.56,0.042,0.128,3.265e-4,0,-0.003,0.531,0.534,-2.227e-6,907.589,0.001,336.762,0.282,6.4,32.17
8.785,0.18,2643.121,456.955,0.262,0.003,62.454,43.167,0.768,0.56,0.392,0.038,0.13,0.56,0.045,0.136,3.422e-4,0,-0.003,0.531,0.534,1.188e-6,907.33,0.001,336.753,0.281,6.4,32.17
8.809,0.17,2643.115,456.949,0.262,0.003,62.457,43.167,0.677,0.56,0.392,0.038,0.13,0.56,0.042,0.127,-4.336e-4,0,-0.004,0.531,0.534,1.363e-5,907.073,0.001,336.743,0.28,6.4,32.17
8.834,0.137,2643.108,456.942,0.262,0.003,62.468,43.167,0.586,0.56,0.392,0.038,0.13,0.56,0.034,0.103,-1.169e-4,0,-0.004,0.531,0.534,3.483e-5,906.816,0.001,336.734,0.279,6.4,32.17
8.858,0.101,2643.102,456.936,0.262,0.003,62.481,43.167,0.496,0.559,0.392,0.038,0.13,0.559,0.025,0.076,9.294e-5,0,-0.004,0.531,0.534,5.388e-5,906.562,0.001,336.725,0.278,6.4,32.17
8.883,0.076,2643.095,456.929,0.262,0.003,62.49,43.167,0.405,0.559,0.392,0.037,0.13,0.559,0.019,0.057,2.598e-4,0,-0.004,0.531,0.534,5.594e-5,906.309,0.001,336.717,0.277,6.4,32.17
8.908,0.049,2643.089,456.923,0.262,0.003,62.502,43.167,0.315,0.559,0.392,0.037,0.13,0.559,0.012,0.037,-3.215e-4,0,-0.004,0.531,0.534,4.365e-6,906.055,0.001,336.708,0.276,6.4,32.17
8.932,0.076,2643.082,456.916,0.262,0.003,62.49,43.167,0.224,0.559,0.392,0.037,0.13,0.559,0.019,0.058,-4.699e-4,0,-0.004,0.53,0.534,-6.44e-5,905.803,0.001,336.699,0.275,6.4,32.17
8.956,0.126,2643.076,456.91,0.262,0.003,62.469,43.167,0.135,0.559,0.392,0.037,0.13,0.559,0.031,0.095,-4.571e-4,0,-0.004,0.53,0.534,-5.656e-5,905.554,0.001,336.69,0.274,6.4,32.17
8.981,0.149,2643.069,456.903,0.262,0.003,62.459,43.167,0.045,0.558,0.392,0.037,0.13,0.558,0.037,0.112,2.232e-4,0,-0.004,0.53,0.534,-3.364e-5,905.306,0.001,336.681,0.273,6.4,32.17
8.993,0.159,2643.066,456.9,0.262,0.003,62.455,43.167,0,0.558,0.392,0.037,0.13,0.558,0.04,0.119,4.738e-4,0,-0.004,0.53,0.534,-2.326e-5,905.182,0.001,336.677,0.273,6.4,32.17
9.011,0.172,2643.066,456.9,0.262,0.003,62.449,43.167,0,0.558,0.392,0.037,0.13,0.558,0.043,0.129,-3.342e-4,0,-0.004,0.53,0.534,-1.044e-5,904.995,0.001,336.67,0.272,6.4,32.17
9.036,0.196,2643.066,456.9,0.262,0.003,62.439,43.167,0,0.558,0.392,0.037,0.13,0.558,0.049,0.147,4.814e-4,0,-0.004,0.53,0.534,-7.03e-7,904.745,0.001,336.661,0.271,6.4,32.17
9.061,0.205,2643.066,456.9,0.262,0.003,62.435,43.167,0,0.558,0.392,0.036,0.13,0.558,0.051,0.154,9.179e-5,0,-0.004,0.53,0.534,3.051e-6,904.494,0.001,336.653,0.27,6.4,32.17
9.086,0.18,2643.066,456.9,0.262,0.003,62.443,43.167,0,0.558,0.392,0.036,0.129,0.558,0.045,0.135,4.894e-4,0,-0.004,0.53,0.534,1.545e-5,904.245,0.001,336.644,0.269,6.4,32.17
9.111,0.146,2643.066,456.9,0.262,0.003,62.456,43.167,0,0.557,0.392,0.036,0.129,0.557,0.036,0.11,3.81e-5,0,-0.004,0.53,0.534,2.893e-5,903.998,0.001,336.635,0.268,6.4,32.17
9.135,0.108,2643.066,456.9,0.262,0.003,62.471,43.167,0,0.557,0.392,0.036,0.129,0.557,0.027,0.081,-4.397e-4,0,-0.004,0.53,0.534,3.277e-5,903.753,0.001,336.626,0.268,6.4,32.17
9.16,0.075,2643.066,456.9,0.262,0.003,62.484,43.167,0,0.557,0.392,0.036,0.129,0.557,0.019,0.056,-4.746e-4,0,-0.004,0.53,0.534,1.548e-5,903.51,0.001,336.618,0.267,6.4,32.17
9.184,0.059,2643.066,456.9,0.262,0.003,62.491,43.167,0,0.557,0.392,0.036,0.129,0.557,0.015,0.044,1.566e-4,0,-0.004,0.53,0.534,-7.293e-7,903.267,0.001,336.609,0.266,6.4,32.17
9.209,0.059,2643.066,456.9,0.262,0.003,62.49,43.167,0,0.557,0.392,0.035,0.129,0.557,0.015,0.044,-4.762e-4,0,-0.004,0.53,0.534,-1.272e-5,903.024,0.001,336.601,0.265,6.4,32.17
9.234,0.066,2643.066,456.9,0.262,0.003,62.487,43.167,0,0.556,0.392,0.035,0.129,0.556,0.017,0.05,-6.377e-5,0,-0.004,0.53,0.534,-1.456e-6,902.78,0.001,336.592,0.264,6.4,32.17
9.259,0.084,2643.066,456.9,0.262,0.003,62.479,43.167,0,0.556,0.392,0.035,0.129,0.556,0.021,0.063,2.041e-4,0,-0.004,0.53,0.534,-5.679e-6,902.533,0.001,336.583,0.263,6.4,32.17
9.284,0.109,2643.066,456.9,0.262,0.003,62.466,43.167,0,0.556,0.392,0.035,0.129,0.556,0.027,0.082,-4.162e-4,0,-0.004,0.53,0.534,-3.381e-5,902.287,0.001,336.575,0.262,6.4,32.17
9.309,0.142,2643.066,456.9,0.262,0.003,62.452,43.167,0,0.556,0.392,0.035,0.129,0.556,0.035,0.107,4.737e-4,0,-0.004,0.53,0.534,-3.087e-5,902.045,0.001,336.566,0.261,6.4,32.17
9.334,0.162,2643.066,456.9,0.262,0.003,62.444,43.167,0,0.556,0.392,0.035,0.129,0.556,0.04,0.122,1.771e-4,0,-0.004,0.53,0.534,-1.597e-5,901.806,0.001,336.558,0.26,6.4,32.17
9.358,0.17,2643.066,456.9,0.262,0.003,62.441,43.167,0,0.556,0.392,0.035,0.129,0.556,0.042,0.127,2.981e-4,0,-0.004,0.53,0.534,-4.084e-6,901.568,0.001,336.549,0.259,6.4,32.17
9.383,0.164,2643.066,456.9,0.262,0.003,62.443,43.167,0,0.555,0.392,0.034,0.129,0.555,0.041,0.124,-4.12e-4,0,-0.004,0.53,0.534,0,901.331,0.001,336.541,0.258,6.4,32.17
9.408,0.142,2643.066,456.9,0.262,0.003,62.451,43.167,0,0.555,0.392,0.034,0.129,0.555,0.035,0.106,3.072e-4,0,-0.004,0.53,0.534,3.903e-6,901.095,0.001,336.533,0.257,6.4,32.17
9.432,0.114,2643.066,456.9,0.262,0.003,62.461,43.167,0,0.555,0.392,0.034,0.129,0.555,0.028,0.086,4.197e-4,0,-0.004,0.53,0.534,1.173e-5,900.859,0.001,336.524,0.257,6.4,32.17
9.457,0.103,2643.066,456.9,0.262,0.003,62.464,43.167,0,0.555,0.392,0.034,0.128,0.555,0.026,0.078,1.871e-4,0,-0.004,0.53,0.534,1.909e-5,900.621,0.001,336.516,0.256,6.4,32.17
9.482,0.106,2643.066,456.9,0.262,0.003,62.462,43.167,0,0.555,0.392,0.034,0.128,0.555,0.026,0.079,-2.238e-5,0,-0.004,0.53,0.534,2.662e-5,900.383,0.001,336.508,0.255,6.4,32.17
9.508,0.108,2643.066,456.9,0.262,0.003,62.461,43.167,0,0.554,0.392,0.034,0.128,0.554,0.027,0.081,3.569e-4,0,-0.004,0.53,0.534,3.938e-5,900.145,0.001,336.499,0.254,6.4,32.17
9.533,0.095,2643.066,456.9,0.262,0.003,62.465,43.167,0,0.554,0.392,0.034,0.128,0.554,0.024,0.072,-2.23e-4,0,-0.004,0.53,0.534,5.791e-5,899.907,0.001,336.491,0.253,6.4,32.17
9.558,0.06,2643.066,456.9,0.262,0.003,62.478,43.167,0,0.554,0.392,0.033,0.128,0.554,0.015,0.045,4.303e-4,0,-0.004,0.529,0.534,7.496e-5,899.67,0.001,336.482,0.252,6.4,32.17
9.583,0.025,2643.066,456.9,0.262,0.003,62.494,43.167,0,0.554,0.392,0.033,0.128,0.554,0.006,0.018,8.433e-5,0,-0.004,0.529,0.534,-1.84e-5,899.435,0.001,336.474,0.251,6.4,32.17
9.608,0.078,2643.066,456.9,0.262,0.003,62.471,43.167,0,0.554,0.392,0.033,0.128,0.554,0.019,0.058,-3.66e-5,0,-0.004,0.529,0.534,-5.922e-5,899.203,0.001,336.466,0.25,6.4,32.17
9.633,0.121,2643.066,456.9,0.262,0.003,62.454,43.167,0,0.553,0.392,0.033,0.128,0.554,0.03,0.091,-4.931e-6,0,-0.004,0.529,0.534,-4.398e-5,898.973,0.001,336.458,0.249,6.4,32.17
9.658,0.156,2643.066,456.9,0.262,0.003,62.44,43.167,0,0.553,0.392,0.033,0.128,0.553,0.039,0.117,-1.387e-5,0,-0.004,0.529,0.534,-2.249e-5,898.744,0.001,336.45,0.248,6.4,32.17
9.683,0.181,2643.066,456.9,0.262,0.003,62.429,43.167,0,0.553,0.392,0.033,0.128,0.553,0.045,0.136,-4.545e-4,0,-0.005,0.529,0.534,-4.738e-6,898.527,0.001,336.442,0.247,6.4,32.17
9.707,0.168,2643.066,456.9,0.262,0.003,62.434,43.167,0,0.553,0.392,0.033,0.128,0.553,0.042,0.126,-1.797e-4,0,-0.005,0.529,0.534,-6.703e-8,898.312,0.001,336.434,0.246,6.4,32.17
9.732,0.153,2643.066,456.9,0.262,0.003,62.438,43.167,0,0.553,0.392,0.033,0.128,0.553,0.038,0.115,3.607e-4,0,-0.004,0.529,0.534,-2.741e-6,898.095,0.001,336.426,0.246,6.4,32.17
9.758,0.183,2643.066,456.9,0.262,0.003,62.425,43.167,0,0.553,0.392,0.032,0.128,0.553,0.046,0.137,-3.183e-4,0,-0.004,0.529,0.534,-5.285e-7,897.875,0.001,336.418,0.245,6.4,32.17
9.783,0.136,2643.066,456.9,0.262,0.003,62.443,43.167,0,0.553,0.393,0.032,0.128,0.553,0.034,0.101,3.365e-4,0,-0.005,0.529,0.534,4.757e-6,897.655,0.001,336.409,0.244,6.4,32.17
9.808,0.106,2643.066,456.9,0.262,0.003,62.454,43.167,0,0.552,0.393,0.032,0.128,0.552,0.026,0.079,-4.317e-4,0,-0.005,0.529,0.534,1.127e-5,897.44,0.001,336.402,0.243,6.4,32.17
9.833,0.151,2643.066,456.9,0.262,0.003,62.436,43.167,0,0.552,0.393,0.032,0.128,0.552,0.038,0.113,-1.419e-4,0,-0.005,0.529,0.534,1.492e-5,897.226,0.001,336.394,0.242,6.4,32.17
9.859,0.175,2643.066,456.9,0.262,0.003,62.426,43.167,0,0.552,0.393,0.032,0.128,0.552,0.044,0.132,-6.716e-5,0,-0.005,0.529,0.534,3.588e-5,897.009,0.001,336.386,0.241,6.4,32.17
9.884,0.152,2643.066,456.9,0.262,0.003,62.434,43.167,0,0.552,0.393,0.032,0.127,0.552,0.038,0.114,5.25e-5,0,-0.005,0.529,0.534,6.731e-5,896.792,0.001,336.378,0.24,6.4,32.17
9.91,0.101,2643.066,456.9,0.262,0.003,62.454,43.167,0,0.552,0.393,0.032,0.127,0.552,0.025,0.075,-3.592e-4,0,-0.005,0.529,0.534,9.419e-5,896.575,0.001,336.37,0.239,6.4,32.17
9.935,0.044,2643.066,456.9,0.262,0.003,62.476,43.167,0,0.552,0.393,0.032,0.127,0.552,0.011,0.033,-4.233e-4,0,-0.005,0.529,0.534,1.046e-5,896.361,0.001,336.362,0.238,6.4,32.17
9.96,0.041,2643.066,456.9,0.262,0.003,62.478,43.167,0,0.551,0.393,0.031,0.127,0.551,0.01,0.031,-2.863e-4,0,-0.005,0.529,0.534,-5.078e-5,896.15,0.001,336.354,0.237,6.4,32.17
9.986,0.046,2643.066,456.9,0.262,0.003,62.473,43.167,0,0.551,0.393,0.031,0.127,0.551,0.012,0.035,4.412e-4,0,-0.005,0.529,0.534,-7.715e-5,895.938,0.001,336.346,0.237,6.4,32.17
10.012,0.11,2643.066,456.9,0.262,0.003,62.448,43.167,0,0.551,0.393,0.031,0.127,0.551,0.027,0.082,3.576e-4,0,-0.005,0.529,0.534,-6.243e-5,895.723,0.001,336.338,0.236,6.4,32.17
10.038,0.165,2643.066,456.9,0.262,0.003,62.426,43.167,0,0.551,0.393,0.031,0.127,0.551,0.041,0.124,3.681e-4,0,-0.005,0.529,0.534,-6.437e-5,895.507,0.001,336.33,0.235,6.4,32.17
10.063,0.21,2643.066,456.9,0.262,0.003,62.408,43.167,0,0.551,0.393,0.031,0.127,0.551,0.052,0.157,-2.236e-4,0,-0.005,0.529,0.534,-4.606e-5,895.294,0.001,336.322,0.234,6.4,32.17
10.089,0.24,2643.066,456.9,0.262,0.003,62.396,43.167,0,0.551,0.393,0.031,0.127,0.551,0.06,0.18,1.849e-4,0,-0.005,0.529,0.534,-2.195e-5,895.082,0.001,336.314,0.233,6.4,32.17
10.115,0.261,2643.066,456.9,0.262,0.003,62.387,43.167,0,0.55,0.393,0.031,0.127,0.551,0.065,0.196,2.706e-4,0,-0.005,0.529,0.534,-4.015e-6,894.872,0.001,336.306,0.232,6.4,32.17
10.14,0.274,2643.066,456.9,0.262,0.003,62.382,43.167,0,0.55,0.393,0.031,0.127,0.55,0.069,0.206,-2.469e-4,0,-0.005,0.529,0.534,9.21e-7,894.662,0.001,336.299,0.231,6.4,32.17
10.166,0.273,2643.066,456.9,0.262,0.003,62.382,43.167,0,0.55,0.393,0.031,0.127,0.55,0.068,0.205,1.21e-4,0,-0.005,0.529,0.534,1.59e-5,894.452,0.001,336.291,0.23,6.4,32.17
10.192,0.257,2643.066,456.9,0.262,0.003,62.388,43.167,0,0.55,0.393,0.03,0.127,0.55,0.064,0.193,-6.758e-5,0,-0.005,0.529,0.534,4.693e-5,894.242,0.001,336.283,0.229,6.4,32.17
10.218,0.261,2643.066,456.9,0.262,0.003,62.386,43.167,0,0.55,0.393,0.03,0.127,0.55,0.065,0.196,-2.422e-4,0,-0.005,0.529,0.534,9.3e-5,894.033,0.001,336.275,0.228,6.4,32.17
10.244,0.27,2643.066,456.9,0.262,0.003,62.382,43.167,0,0.55,0.393,0.03,0.127,0.55,0.067,0.203,7.935e-5,0,-0.005,0.529,0.534,1.555e-4,893.822,0.001,336.268,0.228,6.4,32.17
10.271,0.175,2643.066,456.9,0.262,0.003,62.418,43.167,0,0.55,0.393,0.03,0.127,0.55,0.044,0.131,-2.852e-4,0,-0.005,0.529,0.534,1.711e-4,893.608,0.001,336.26,0.227,6.4,32.17
10.297,0.093,2643.066,456.9,0.262,0.003,62.448,43.167,0,0.549,0.393,0.03,0.127,0.549,0.023,0.07,-4.182e-4,0,-0.005,0.528,0.534,4.186e-8,893.4,0.001,336.252,0.226,6.4,32.17
10.323,0.121,2643.066,456.9,0.262,0.003,62.437,43.167,0,0.549,0.393,0.03,0.127,0.549,0.03,0.09,-1.315e-4,0,-0.005,0.528,0.534,-1.341e-4,893.196,0.001,336.244,0.225,6.4,32.17
10.349,0.175,2643.066,456.9,0.262,0.003,62.416,43.167,0,0.549,0.393,0.03,0.127,0.549,0.044,0.131,-7.18e-5,0,-0.005,0.528,0.534,-1.816e-4,892.992,0.001,336.237,0.224,6.4,32.17
10.375,0.218,2643.066,456.9,0.262,0.003,62.399,43.167,0,0.549,0.393,0.03,0.126,0.549,0.054,0.164,4.627e-4,0,-0.005,0.528,0.534,-1.483e-4,892.788,0.001,336.229,0.223,6.4,32.17
10.401,0.252,2643.066,456.9,0.262,0.003,62.386,43.167,0,0.549,0.393,0.03,0.126,0.549,0.063,0.189,-1.878e-4,0,-0.005,0.528,0.534,-9.864e-5,892.584,0.001,336.222,0.222,6.4,32.17
10.427,0.284,2643.066,456.9,0.262,0.003,62.372,43.167,0,0.549,0.393,0.029,0.126,0.549,0.071,0.213,4.178e-4,0,-0.005,0.528,0.534,-5.049e-5,892.379,0.001,336.214,0.221,6.4,32.17
10.453,0.296,2643.066,456.9,0.262,0.003,62.367,43.167,0,0.549,0.393,0.029,0.126,0.549,0.074,0.221,-2.278e-4,0,-0.005,0.528,0.534,-1.473e-5,892.177,0.001,336.207,0.22,6.4,32.17
10.479,0.284,2643.066,456.9,0.262,0.003,62.371,43.167,0,0.548,0.393,0.029,0.126,0.549,0.071,0.213,4.261e-4,0,-0.006,0.528,0.534,-3.425e-7,891.975,0.001,336.199,0.219,6.4,32.17
10.505,0.257,2643.066,456.9,0.262,0.003,62.381,43.167,0,0.548,0.393,0.029,0.126,0.548,0.064,0.192,-1.338e-4,0,-0.006,0.528,0.534,5.988e-6,891.774,0.001,336.192,0.218,6.4,32.17
10.531,0.219,2643.066,456.9,0.262,0.003,62.395,43.167,0,0.548,0.393,0.029,0.126,0.548,0.055,0.164,3.312e-4,0,-0.006,0.528,0.534,2.602e-5,891.574,0.001,336.184,0.218,6.4,32.17
10.558,0.174,2643.066,456.9,0.262,0.003,62.412,43.167,0,0.548,0.393,0.029,0.126,0.548,0.043,0.13,-1.179e-4,0,-0.006,0.528,0.534,5.176e-5,891.374,0.001,336.177,0.217,6.4,32.17
10.584,0.144,2643.066,456.9,0.262,0.003,62.424,43.167,0,0.548,0.393,0.029,0.126,0.548,0.036,0.108,2.935e-4,0,-0.006,0.528,0.534,7.114e-5,891.174,0.001,336.17,0.216,6.4,32.17
10.61,0.118,2643.066,456.9,0.262,0.003,62.434,43.167,0,0.548,0.393,0.029,0.126,0.548,0.029,0.088,-4.177e-4,0,-0.006,0.528,0.534,8.207e-5,890.974,0.001,336.162,0.215,6.4,32.17
10.637,0.079,2643.066,456.9,0.262,0.003,62.448,43.167,0,0.547,0.393,0.028,0.126,0.547,0.02,0.059,2.398e-4,0,-0.006,0.528,0.534,6.931e-5,890.774,0.001,336.155,0.214,6.4,32.17
10.663,0.077,2643.066,456.9,0.262,0.003,62.448,43.167,0,0.547,0.393,0.028,0.126,0.547,0.019,0.057,4.843e-4,0,-0.006,0.528,0.534,3.635e-5,890.577,0.001,336.147,0.213,6.4,32.17
10.689,0.089,2643.066,456.9,0.262,0.003,62.443,43.167,0,0.547,0.393,0.028,0.126,0.547,0.022,0.067,9.954e-5,0,-0.006,0.528,0.534,5.339e-5,890.379,0.001,336.14,0.212,6.4,32.17
10.716,0.069,2643.066,456.9,0.262,0.003,62.449,43.167,0,0.547,0.393,0.028,0.126,0.547,0.017,0.051,-3.235e-4,0,-0.006,0.528,0.534,2.314e-5,890.181,0.001,336.133,0.211,6.4,32.17
10.743,0.074,2643.066,456.9,0.262,0.003,62.446,43.167,0,0.547,0.393,0.028,0.126,0.547,0.019,0.056,3.245e-4,0,-0.006,0.528,0.534,-2.024e-5,889.984,0.001,336.125,0.21,6.4,32.17
10.769,0.062,2643.066,456.9,0.262,0.003,62.451,43.167,0,0.547,0.393,0.028,0.126,0.547,0.015,0.047,1.68e-4,0,-0.006,0.528,0.534,-5.975e-5,889.79,0.001,336.118,0.21,6.4,32.17
10.796,0.056,2643.066,456.9,0.262,0.003,62.455,43.167,0,0.547,0.393,0.028,0.126,0.547,0.014,0.043,1.951e-4,0,-0.006,0.528,0.534,-1.465e-4,889.595,0.001,336.111,0.209,6.4,32.17
10.822,0.105,2643.066,456.9,0.262,0.003,62.435,43.167,0,0.546,0.393,0.028,0.126,0.547,0.026,0.079,2.752e-4,0,-0.006,0.528,0.534,-1.161e-4,889.399,0.001,336.104,0.208,6.4,32.17
10.849,0.167,2643.066,456.9,0.262,0.003,62.41,43.167,0,0.546,0.393,0.028,0.126,0.546,0.041,0.125,4.11e-4,0,-0.006,0.528,0.534,-8.641e-5,889.204,0.001,336.097,0.207,6.4,32.17
10.876,0.223,2643.066,456.9,0.262,0.003,62.387,43.167,0,0.546,0.393,0.028,0.126,0.546,0.055,0.167,-4.578e-4,0,-0.006,0.528,0.534,-5.897e-5,889.009,0.001,336.089,0.206,6.4,32.17
10.903,0.269,2643.066,456.9,0.262,0.003,62.369,43.167,0,0.546,0.393,0.027,0.125,0.546,0.067,0.202,4.67e-4,0,-0.006,0.528,0.534,-2.993e-5,888.816,0.001,336.082,0.205,6.4,32.17
10.93,0.296,2643.066,456.9,0.262,0.003,62.358,43.167,0,0.546,0.393,0.027,0.125,0.546,0.074,0.221,-3.028e-4,0,-0.006,0.528,0.534,-8.279e-6,888.623,0.001,336.075,0.204,6.4,32.17
10.956,0.307,2643.066,456.9,0.262,0.003,62.353,43.167,0,0.546,0.393,0.027,0.125,0.546,0.077,0.229,3.145e-4,0,-0.006,0.528,0.534,0,888.432,0.001,336.068,0.203,6.4,32.17
10.983,0.301,2643.066,456.9,0.262,0.003,62.354,43.167,0,0.546,0.393,0.027,0.125,0.546,0.075,0.225,1.433e-4,0,-0.006,0.528,0.534,8.021e-6,888.243,0.001,336.061,0.202,6.4,32.17
11.01,0.292,2643.066,456.9,0.262,0.003,62.357,43.167,0,0.545,0.393,0.027,0.125,0.546,0.073,0.219,-1.925e-4,0,-0.006,0.528,0.534,3.101e-5,888.054,0.001,336.054,0.201,6.4,32.17
11.036,0.297,2643.066,456.9,0.262,0.003,62.354,43.167,0,0.545,0.393,0.027,0.125,0.546,0.074,0.222,4.856e-4,0,-0.006,0.528,0.534,7.015e-5,887.866,0.001,336.047,0.201,6.4,32.17
11.063,0.277,2643.066,456.9,0.262,0.003,62.361,43.167,0,0.545,0.393,0.027,0.125,0.545,0.069,0.207,4.343e-4,0,-0.006,0.528,0.534,1.183e-4,887.677,0.001,336.04,0.2,6.4,32.17
11.09,0.233,2643.066,456.9,0.262,0.003,62.377,43.167,0,0.545,0.393,0.027,0.125,0.545,0.058,0.175,-4.079e-4,0,-0.007,0.528,0.534,1.509e-4,887.488,0.001,336.033,0.199,6.4,32.17
11.117,0.211,2643.066,456.9,0.262,0.003,62.385,43.167,0,0.545,0.393,0.027,0.125,0.545,0.053,0.158,-1.659e-4,0,-0.007,0.528,0.534,1.606e-4,887.301,0.001,336.026,0.198,6.4,32.17
11.144,0.204,2643.066,456.9,0.262,0.003,62.388,43.167,0,0.545,0.393,0.027,0.125,0.545,0.051,0.152,-3.093e-4,0,-0.007,0.528,0.534,1.406e-4,887.113,0.001,336.019,0.197,6.4,32.17
11.172,0.175,2643.066,456.9,0.262,0.003,62.399,43.167,0,0.545,0.393,0.026,0.125,0.545,0.043,0.13,-4.012e-4,0,-0.007,0.528,0.534,3.934e-5,886.924,0.001,336.012,0.196,6.4,32.17
11.199,0.173,2643.066,456.9,0.262,0.003,62.401,43.167,0,0.545,0.393,0.026,0.125,0.545,0.043,0.129,1.041e-6,0,-0.007,0.527,0.534,-1.305e-5,886.737,0.001,336.005,0.195,6.4,32.17
11.226,0.212,2643.066,456.9,0.262,0.003,62.385,43.167,0,0.545,0.393,0.026,0.125,0.545,0.053,0.159,-1.403e-4,0,-0.007,0.527,0.534,-5.719e-5,886.551,0.001,335.998,0.194,6.4,32.17
11.254,0.261,2643.066,456.9,0.262,0.003,62.366,43.167,0,0.544,0.393,0.026,0.125,0.545,0.065,0.195,4.015e-4,0,-0.007,0.527,0.534,-8.894e-5,886.365,0.001,335.991,0.193,6.4,32.17
11.281,0.309,2643.066,456.9,0.262,0.003,62.346,43.167,0,0.544,0.393,0.026,0.125,0.544,0.077,0.231,1.6e-4,0,-0.007,0.527,0.534,-1.165e-4,886.179,0.001,335.985,0.193,6.4,32.17
11.309,0.354,2643.066,456.9,0.262,0.003,62.327,43.167,0,0.544,0.393,0.026,0.125,0.544,0.088,0.265,-3.686e-4,0,-0.007,0.527,0.534,-1.075e-4,885.995,0.001,335.978,0.192,6.4,32.17
11.336,0.391,2643.066,456.9,0.262,0.003,62.311,43.167,0,0.544,0.393,0.026,0.125,0.544,0.098,0.293,1.116e-4,0,-0.007,0.527,0.534,-7.779e-5,885.813,0.001,335.971,0.191,6.4,32.17
11.363,0.415,2643.066,456.9,0.262,0.003,62.301,43.167,0,0.544,0.393,0.026,0.125,0.544,0.104,0.31,-4.716e-4,0,-0.007,0.527,0.535,-3.728e-5,885.633,0.001,335.964,0.19,6.4,32.17
11.39,0.421,2643.066,456.9,0.262,0.003,62.299,43.167,0,0.544,0.393,0.026,0.125,0.544,0.105,0.314,3.381e-4,0,-0.007,0.527,0.535,-7.974e-6,885.455,0.001,335.958,0.189,6.4,32.17
11.417,0.403,2643.066,456.9,0.262,0.003,62.305,43.167,0,0.544,0.393,0.026,0.125,0.544,0.101,0.301,-1.992e-4,0,-0.007,0.527,0.535,4.736e-7,885.279,0.001,335.951,0.188,6.4,32.17
11.443,0.364,2643.066,456.9,0.262,0.003,62.32,43.167,0,0.544,0.393,0.026,0.125,0.544,0.091,0.272,2.018e-4,0,-0.007,0.527,0.535,1.607e-5,885.103,0.001,335.945,0.187,6.4,32.17
11.47,0.314,2643.066,456.9,0.262,0.003,62.339,43.167,0,0.543,0.393,0.025,0.125,0.544,0.079,0.235,-1.647e-4,0,-0.007,0.527,0.535,4.308e-5,884.928,0.001,335.938,0.186,6.4,32.17
11.497,0.256,2643.066,456.9,0.262,0.003,62.362,43.167,0,0.543,0.393,0.025,0.124,0.543,0.064,0.191,-1.833e-4,0,-0.008,0.527,0.535,6.221e-5,884.754,0.001,335.932,0.185,6.4,32.17
11.524,0.192,2643.066,456.9,0.262,0.003,62.388,43.167,0,0.543,0.394,0.025,0.124,0.543,0.048,0.144,3.994e-5,0,-0.008,0.527,0.535,5.658e-5,884.581,0.001,335.925,0.184,6.4,32.17
11.551,0.138,2643.066,456.9,0.262,0.003,62.409,43.167,0,0.543,0.394,0.025,0.124,0.543,0.034,0.104,-1.536e-4,0,-0.008,0.527,0.535,1.467e-5,884.409,0.001,335.919,0.184,6.4,32.17
11.577,0.098,2643.066,456.9,0.262,0.003,62.423,43.167,0,0.543,0.394,0.025,0.124,0.543,0.024,0.073,2.218e-4,0,-0.008,0.527,0.535,-1.192e-5,884.237,0.001,335.913,0.183,6.4,32.17
11.604,0.105,2643.066,456.9,0.262,0.003,62.418,43.167,0,0.543,0.394,0.025,0.124,0.543,0.026,0.079,-4.129e-4,0,-0.008,0.527,0.535,-1.067e-4,884.066,0.001,335.906,0.182,6.4,32.17
11.631,0.163,2643.066,456.9,0.262,0.003,62.396,43.167,0,0.543,0.394,0.025,0.124,0.543,0.041,0.122,-4.997e-4,0,-0.008,0.527,0.535,-1.146e-4,883.895,0.001,335.9,0.181,6.4,32.17
11.658,0.215,2643.066,456.9,0.262,0.003,62.375,43.167,0,0.543,0.394,0.025,0.124,0.543,0.054,0.161,-1.644e-4,0,-0.008,0.527,0.535,-7.962e-5,883.726,0.001,335.894,0.18,6.4,32.17
11.685,0.251,2643.066,456.9,0.262,0.003,62.361,43.167,0,0.543,0.394,0.025,0.124,0.543,0.063,0.188,2.554e-4,0,-0.008,0.527,0.535,-3.973e-5,883.558,0.001,335.887,0.179,6.4,32.17
11.712,0.253,2643.066,456.9,0.262,0.003,62.361,43.167,0,0.542,0.394,0.025,0.124,0.543,0.063,0.189,4.301e-5,0,-0.008,0.527,0.535,-9.611e-6,883.39,0.001,335.881,0.178,6.4,32.17
11.739,0.216,2643.066,456.9,0.262,0.003,62.375,43.167,0,0.542,0.394,0.025,0.124,0.542,0.054,0.162,-3.889e-4,0,-0.008,0.527,0.535,1.306e-7,883.223,0.001,335.875,0.177,6.4,32.17
11.766,0.17,2643.066,456.9,0.262,0.003,62.393,43.167,0,0.542,0.394,0.025,0.124,0.542,0.042,0.127,2.531e-4,0,-0.008,0.527,0.535,1.291e-5,883.055,0.001,335.869,0.176,6.4,32.17
11.793,0.118,2643.066,456.9,0.262,0.003,62.412,43.167,0,0.542,0.394,0.024,0.124,0.542,0.029,0.088,-4.617e-5,0,-0.008,0.527,0.535,3.998e-5,882.886,0.001,335.863,0.176,6.4,32.17
11.821,0.086,2643.066,456.9,0.262,0.003,62.423,43.167,0,0.542,0.394,0.024,0.124,0.542,0.021,0.064,3.257e-4,0,-0.008,0.527,0.535,2.58e-5,882.718,0.001,335.856,0.175,6.4,32.17
11.848,0.152,2643.066,456.9,0.262,0.003,62.398,43.167,0,0.542,0.394,0.024,0.124,0.542,0.038,0.114,-1.348e-5,0,-0.008,0.527,0.535,-7.124e-7,882.55,0.001,335.85,0.174,6.4,32.17
11.876,0.253,2643.066,456.9,0.262,0.003,62.358,43.167,0,0.542,0.394,0.024,0.124,0.542,0.063,0.189,-5.395e-5,0,-0.008,0.527,0.535,-5.121e-6,882.381,0.001,335.844,0.173,6.4,32.17
11.904,0.352,2643.066,456.9,0.262,0.003,62.319,43.167,0,0.542,0.394,0.024,0.124,0.542,0.088,0.263,-1.828e-4,0,-0.008,0.527,0.535,-2.201e-6,882.212,0.001,335.838,0.172,6.4,32.17
11.933,0.428,2643.066,456.9,0.262,0.003,62.288,43.167,0,0.542,0.394,0.024,0.124,0.542,0.107,0.32,-8.171e-5,0,-0.008,0.527,0.535,2.27e-7,882.043,0.001,335.831,0.171,6.4,32.17
11.961,0.477,2643.066,456.9,0.262,0.003,62.268,43.167,0,0.541,0.394,0.024,0.124,0.542,0.12,0.357,-4.169e-4,0,-0.009,0.527,0.535,9.524e-6,881.875,0.001,335.825,0.17,6.4,32.17
11.989,0.489,2643.066,456.9,0.262,0.003,62.263,43.167,0,0.541,0.394,0.024,0.124,0.542,0.123,0.366,2.449e-4,0,-0.009,0.527,0.535,3.266e-5,881.708,0.001,335.819,0.169,6.4,32.17
12.017,0.491,2643.066,456.9,0.262,0.003,62.261,43.167,0,0.541,0.394,0.024,0.124,0.542,0.123,0.367,1.102e-4,0,-0.009,0.527,0.536,6.34e-5,881.543,0.001,335.813,0.169,6.4,32.17
12.045,0.485,2643.066,456.9,0.262,0.003,62.263,43.167,0,0.541,0.394,0.024,0.124,0.541,0.121,0.362,4.907e-4,0,-0.009,0.527,0.536,9.067e-5,881.379,0.001,335.807,0.168,6.4,32.17
12.073,0.476,2643.066,456.9,0.262,0.003,62.266,43.167,0,0.541,0.394,0.024,0.124,0.541,0.119,0.356,1.069e-4,0,-0.009,0.527,0.536,1.017e-4,881.216,0.001,335.801,0.167,6.4,32.17
12.101,0.467,2643.066,456.9,0.262,0.003,62.271,43.167,0,0.541,0.394,0.024,0.124,0.541,0.117,0.348,-6.736e-5,0,-0.009,0.527,0.536,8.82e-5,881.054,0.001,335.795,0.166,6.4,32.17
12.129,0.44,2643.066,456.9,0.262,0.003,62.281,43.167,0,0.541,0.394,0.023,0.124,0.541,0.11,0.328,3.944e-4,0,-0.009,0.527,0.536,4.48e-5,880.893,0.001,335.789,0.165,6.4,32.17
12.157,0.428,2643.066,456.9,0.262,0.003,62.286,43.167,0,0.541,0.394,0.023,0.123,0.541,0.107,0.321,-5.784e-6,0,-0.009,0.527,0.536,6.262e-6,880.734,0.001,335.783,0.164,6.4,32.17
12.185,0.44,2643.066,456.9,0.262,0.003,62.281,43.167,0,0.541,0.394,0.023,0.123,0.541,0.11,0.328,-3.294e-4,0,-0.009,0.527,0.536,-3.284e-6,880.575,0.001,335.777,0.163,6.4,32.17
12.213,0.488,2643.066,456.9,0.262,0.003,62.262,43.167,0,0.54,0.394,0.023,0.123,0.541,0.122,0.365,4.652e-4,0,-0.009,0.527,0.536,-1.407e-5,880.418,0.001,335.771,0.162,6.4,32.17
12.241,0.569,2643.066,456.9,0.262,0.003,62.23,43.167,0,0.54,0.394,0.023,0.123,0.541,0.143,0.425,3.105e-4,0,-0.009,0.527,0.536,-7.755e-6,880.26,0.001,335.765,0.161,6.4,32.17
12.269,0.644,2643.066,456.9,0.262,0.003,62.2,43.167,0,0.54,0.394,0.023,0.123,0.541,0.162,0.481,6.471e-6,0,-0.009,0.527,0.536,-1.465e-6,880.1,0.001,335.759,0.161,6.4,32.17
12.298,0.712,2643.066,456.9,0.262,0.003,62.173,43.167,0,0.54,0.394,0.023,0.123,0.541,0.179,0.532,-2.992e-4,0,-0.009,0.527,0.536,8.762e-7,879.939,0.001,335.753,0.16,6.4,32.17
12.327,0.706,2643.066,456.9,0.262,0.003,62.174,43.167,0,0.54,0.394,0.023,0.123,0.541,0.178,0.528,4.405e-4,0,-0.01,0.526,0.536,7.219e-7,879.778,0.001,335.748,0.159,6.4,32.17
12.356,0.695,2643.066,456.9,0.262,0.003,62.178,43.167,0,0.54,0.394,0.023,0.123,0.541,0.175,0.52,-3.896e-4,0,-0.01,0.526,0.536,1.51e-7,879.619,0.001,335.742,0.158,6.4,32.17
12.385,0.686,2643.066,456.9,0.262,0.003,62.181,43.167,0,0.54,0.394,0.023,0.123,0.541,0.173,0.513,3.259e-4,0,-0.01,0.526,0.536,0,879.464,0.001,335.736,0.157,6.4,32.17
12.413,0.675,2643.066,456.9,0.262,0.003,62.186,43.167,0,0.54,0.394,0.023,0.123,0.54,0.17,0.505,9.531e-5,0,-0.01,0.526,0.537,-3.991e-7,879.309,0.001,335.73,0.156,6.4,32.17
12.441,0.662,2643.066,456.9,0.262,0.003,62.191,43.167,0,0.54,0.394,0.023,0.123,0.54,0.166,0.495,3.186e-4,0,-0.01,0.526,0.537,-1.95e-6,879.157,0.001,335.725,0.155,6.4,32.17
12.469,0.65,2643.066,456.9,0.262,0.003,62.196,43.167,0,0.54,0.394,0.023,0.123,0.54,0.163,0.485,4.395e-4,0,-0.01,0.526,0.537,-4.184e-6,879.005,0.001,335.719,0.154,6.4,32.17
12.498,0.636,2643.066,456.9,0.262,0.003,62.201,43.167,0,0.539,0.394,0.022,0.123,0.54,0.16,0.476,-1.833e-4,0,-0.011,0.526,0.537,-6.793e-6,878.855,0.001,335.713,0.153,6.4,32.17
12.526,0.62,2643.066,456.9,0.262,0.003,62.207,43.167,0,0.539,0.394,0.022,0.123,0.54,0.156,0.464,-3.697e-4,0,-0.011,0.526,0.537,-8.818e-6,878.706,0.001,335.708,0.153,6.4,32.17
12.554,0.603,2643.066,456.9,0.262,0.003,62.213,43.167,0,0.539,0.394,0.022,0.123,0.54,0.151,0.451,3.915e-4,0,-0.011,0.526,0.537,-1.08e-5,878.557,0.001,335.702,0.152,6.4,32.17
12.582,0.583,2643.066,456.9,0.262,0.003,62.22,43.167,0,0.539,0.394,0.022,0.123,0.54,0.146,0.435,-1.308e-4,0,-0.011,0.526,0.537,-1.37e-5,878.409,0.001,335.697,0.151,6.4,32.17
12.61,0.563,2643.066,456.9,0.262,0.003,62.227,43.167,0,0.539,0.394,0.022,0.123,0.54,0.141,0.421,-4.967e-4,0,-0.011,0.526,0.537,-1.84e-5,878.262,0.001,335.691,0.15,6.4,32.17
12.639,0.548,2643.066,456.9,0.262,0.003,62.232,43.167,0,0.539,0.394,0.022,0.123,0.539,0.137,0.409,-3.823e-4,0,-0.011,0.526,0.537,-2.594e-5,878.116,0.001,335.686,0.149,6.4,32.17
12.667,0.499,2643.066,456.9,0.262,0.003,62.25,43.167,0,0.539,0.394,0.022,0.123,0.539,0.125,0.372,2.383e-6,0,-0.011,0.526,0.537,-1.135e-5,877.972,0.001,335.681,0.148,6.4,32.17
12.695,0.433,2643.066,456.9,0.262,0.003,62.275,43.167,0,0.539,0.394,0.022,0.123,0.539,0.108,0.323,-3.214e-4,0,-0.011,0.526,0.537,3.417e-8,877.826,0.001,335.675,0.147,6.4,32.17
12.724,0.392,2643.066,456.9,0.262,0.003,62.29,43.167,0,0.539,0.394,0.022,0.123,0.539,0.098,0.292,-8.473e-5,0,-0.011,0.526,0.538,-2.48e-7,877.679,0.001,335.67,0.146,6.4,32.17
12.753,0.357,2643.066,456.9,0.262,0.003,62.304,43.167,0,0.539,0.394,0.022,0.123,0.539,0.089,0.266,-1.879e-4,0,-0.012,0.526,0.538,-5.317e-6,877.533,0.001,335.664,0.146,6.4,32.17
12.782,0.309,2643.066,456.9,0.262,0.003,62.322,43.167,0,0.539,0.394,0.022,0.123,0.539,0.077,0.231,1.588e-5,0,-0.012,0.526,0.538,-5.416e-6,877.389,0.001,335.659,0.145,6.4,32.17
12.811,0.262,2643.066,456.9,0.262,0.003,62.34,43.167,0,0.538,0.394,0.022,0.123,0.539,0.065,0.196,3.871e-4,0,-0.012,0.526,0.538,-4.992e-6,877.245,0.001,335.654,0.144,6.4,32.17
12.84,0.218,2643.066,456.9,0.262,0.003,62.357,43.167,0,0.538,0.394,0.022,0.123,0.538,0.054,0.162,-3.179e-4,0,-0.012,0.526,0.538,-2.662e-6,877.102,0.001,335.648,0.143,6.4,32.17
12.869,0.184,2643.066,456.9,0.262,0.003,62.371,43.167,0,0.538,0.394,0.022,0.123,0.538,0.046,0.138,-4.318e-4,0,-0.012,0.526,0.538,-5.109e-6,876.959,0.001,335.643,0.142,6.4,32.17
12.898,0.158,2643.066,456.9,0.262,0.003,62.381,43.167,0,0.538,0.394,0.022,0.123,0.538,0.039,0.118,-4.625e-4,0,-0.012,0.526,0.538,-1.358e-5,876.816,0.001,335.638,0.141,6.4,32.17
12.927,0.146,2643.066,456.9,0.262,0.003,62.386,43.167,0,0.538,0.394,0.021,0.123,0.538,0.036,0.109,-4.634e-4,0,-0.012,0.526,0.538,-6.187e-5,876.675,0.001,335.633,0.14,6.4,32.17
12.956,0.134,2643.066,456.9,0.262,0.003,62.391,43.167,0,0.538,0.394,0.021,0.123,0.538,0.033,0.1,3.778e-4,0,-0.013,0.526,0.539,-8.567e-5,876.536,0.001,335.627,0.139,6.4,32.17
12.985,0.128,2643.066,456.9,0.262,0.003,62.392,43.167,0,0.538,0.394,0.021,0.122,0.538,0.032,0.096,2.48e-4,0,-0.013,0.526,0.539,-1.443e-7,876.398,0.001,335.622,0.138,6.4,32.17
13.014,0.192,2643.066,456.9,0.262,0.003,62.365,43.167,0,0.538,0.394,0.021,0.122,0.538,0.048,0.143,-1.167e-4,0,-0.013,0.526,0.539,3.525e-5,876.259,0.001,335.617,0.138,6.4,32.17
13.044,0.288,2643.066,456.9,0.262,0.003,62.327,43.167,0,0.538,0.394,0.021,0.122,0.538,0.072,0.215,2.236e-4,0,-0.013,0.526,0.539,7.135e-5,876.119,0.001,335.612,0.137,6.4,32.17
13.074,0.364,2643.066,456.9,0.262,0.003,62.298,43.167,0,0.538,0.394,0.021,0.122,0.538,0.091,0.272,-3.845e-4,0,-0.013,0.526,0.539,8.997e-5,875.978,0.001,335.607,0.136,6.4,32.17
13.104,0.419,2643.066,456.9,0.262,0.003,62.276,43.167,0,0.538,0.394,0.021,0.122,0.538,0.105,0.312,-1.219e-4,0,-0.013,0.526,0.539,1.005e-4,875.838,0.001,335.602,0.135,6.4,32.17
13.134,0.38,2643.066,456.9,0.262,0.003,62.292,43.167,0,0.538,0.394,0.021,0.122,0.538,0.095,0.283,-2.001e-4,0,-0.013,0.526,0.539,6.632e-5,875.7,0.001,335.596,0.134,6.4,32.17
13.164,0.351,2643.066,456.9,0.262,0.003,62.303,43.167,0,0.537,0.394,0.021,0.122,0.538,0.088,0.262,-1.185e-4,0,-0.014,0.526,0.54,2.195e-5,875.564,0.001,335.591,0.133,6.4,32.17
13.193,0.336,2643.066,456.9,0.262,0.003,62.309,43.167,0,0.537,0.394,0.021,0.122,0.538,0.084,0.25,3.926e-4,0,-0.014,0.526,0.54,2.083e-8,875.431,0.001,335.587,0.132,6.4,32.17
13.222,0.41,2643.066,456.9,0.262,0.003,62.28,43.167,0,0.537,0.394,0.021,0.122,0.538,0.103,0.306,5.69e-5,0,-0.014,0.526,0.54,2.616e-7,875.3,0.001,335.582,0.131,6.4,32.17
13.251,0.513,2643.066,456.9,0.262,0.003,62.24,43.167,0,0.537,0.394,0.021,0.122,0.538,0.128,0.382,-6.61e-5,0,-0.014,0.526,0.54,3.999e-6,875.169,0.001,335.577,0.131,6.4,32.17
13.281,0.48,2643.066,456.9,0.262,0.003,62.252,43.167,0,0.537,0.394,0.021,0.122,0.538,0.12,0.359,3.129e-4,0,-0.014,0.526,0.54,-3.018e-6,875.037,0.001,335.572,0.13,6.4,32.17
13.31,0.458,2643.066,456.9,0.262,0.003,62.259,43.167,0,0.537,0.394,0.021,0.122,0.537,0.115,0.342,-3.149e-4,0,-0.015,0.526,0.541,-3.605e-5,874.908,0.001,335.567,0.129,6.4,32.17
13.339,0.448,2643.066,456.9,0.262,0.003,62.262,43.167,0,0.537,0.394,0.021,0.122,0.537,0.112,0.334,1.115e-4,0,-0.015,0.526,0.541,-1.04e-4,874.781,0.001,335.562,0.128,6.4,32.17
13.367,0.468,2643.066,456.9,0.262,0.003,62.253,43.167,0,0.537,0.394,0.021,0.122,0.537,0.117,0.35,-4.481e-4,0,-0.015,0.526,0.541,-1.212e-4,874.657,0.001,335.558,0.127,6.4,32.17
13.396,0.499,2643.066,456.9,0.262,0.003,62.241,43.167,0,0.537,0.394,0.021,0.122,0.537,0.125,0.372,-2.856e-5,0,-0.016,0.526,0.541,-9.544e-5,874.534,0.001,335.553,0.126,6.4,32.17
13.424,0.558,2643.066,456.9,0.262,0.003,62.218,43.167,0,0.537,0.394,0.02,0.122,0.537,0.14,0.416,2.923e-4,0,-0.016,0.526,0.541,-3.797e-5,874.411,0.001,335.549,0.125,6.4,32.17
13.454,0.623,2643.066,456.9,0.262,0.003,62.193,43.167,0,0.537,0.394,0.02,0.122,0.537,0.157,0.466,-4.944e-4,0,-0.016,0.526,0.541,-6.169e-6,874.287,0.001,335.544,0.124,6.4,32.17
13.483,0.622,2643.066,456.9,0.262,0.003,62.193,43.167,0,0.537,0.394,0.02,0.122,0.537,0.156,0.465,-4.901e-4,0,-0.016,0.526,0.542,-7.596e-7,874.162,0.001,335.54,0.123,6.4,32.17
13.512,0.632,2643.066,456.9,0.262,0.003,62.189,43.167,0,0.537,0.394,0.02,0.122,0.537,0.159,0.471,4.947e-4,0,-0.016,0.526,0.542,1.811e-6,874.039,0.001,335.535,0.122,6.4,32.17
13.542,0.662,2643.066,456.9,0.262,0.003,62.177,43.167,0,0.536,0.394,0.02,0.122,0.537,0.166,0.494,-6.795e-5,0,-0.016,0.526,0.542,1.988e-5,873.917,0.001,335.53,0.122,6.4,32.17
13.571,0.688,2643.066,456.9,0.262,0.003,62.167,43.167,0,0.536,0.394,0.02,0.122,0.537,0.173,0.514,4.959e-4,0,-0.016,0.526,0.542,5.788e-5,873.796,0.001,335.526,0.121,6.4,32.17
13.601,0.709,2643.066,456.9,0.262,0.003,62.159,43.167,0,0.536,0.394,0.02,0.122,0.537,0.178,0.529,4.734e-4,0,-0.017,0.526,0.542,1.145e-4,873.674,0.001,335.521,0.12,6.4,32.17
13.63,0.706,2643.066,456.9,0.262,0.003,62.16,43.167,0,0.536,0.394,0.02,0.122,0.537,0.178,0.527,4.859e-4,0,-0.017,0.526,0.542,1.737e-4,873.553,0.001,335.517,0.119,6.4,32.17
13.66,0.719,2643.066,456.9,0.262,0.003,62.155,43.167,0,0.536,0.394,0.02,0.122,0.537,0.181,0.537,-4.152e-4,0,-0.017,0.526,0.543,2.474e-4,873.433,0.001,335.513,0.118,6.4,32.17
13.69,0.772,2643.066,456.9,0.262,0.003,62.135,43.167,0,0.536,0.394,0.02,0.122,0.537,0.194,0.576,4.005e-5,0,-0.017,0.526,0.543,3.597e-4,873.313,0.001,335.508,0.117,6.4,32.17
13.72,0.76,2643.066,456.9,0.262,0.003,62.139,43.167,0,0.536,0.394,0.02,0.122,0.537,0.192,0.568,3.867e-4,0,-0.017,0.526,0.543,4.264e-4,873.193,0.001,335.504,0.116,6.4,32.17
13.751,0.717,2643.066,456.9,0.262,0.003,62.156,43.167,0,0.536,0.394,0.02,0.122,0.537,0.18,0.535,-4.538e-4,0,-0.018,0.526,0.543,4.175e-4,873.074,0.001,335.499,0.115,6.4,32.17
13.781,0.693,2643.066,456.9,0.262,0.003,62.165,43.167,0,0.536,0.394,0.02,0.122,0.537,0.174,0.517,8.869e-5,0,-0.018,0.526,0.543,3.704e-4,872.957,0.001,335.495,0.115,6.4,32.17
13.811,0.673,2643.066,456.9,0.262,0.003,62.173,43.167,0,0.536,0.394,0.02,0.122,0.537,0.169,0.503,-4.647e-5,0,-0.018,0.526,0.544,2.757e-4,872.841,0.001,335.491,0.114,6.4,32.17
13.841,0.66,2643.066,456.9,0.262,0.003,62.177,43.167,0,0.536,0.394,0.02,0.122,0.536,0.166,0.493,1.93e-4,0,-0.019,0.526,0.544,1.57e-4,872.725,0.001,335.486,0.113,6.4,32.17
13.871,0.739,2643.066,456.9,0.262,0.003,62.147,43.167,0,0.536,0.394,0.02,0.122,0.537,0.186,0.552,-4.429e-4,0,-0.018,0.525,0.544,1.562e-4,872.611,0.001,335.482,0.112,6.4,32.17
13.901,0.86,2643.066,456.9,0.262,0.003,62.1,43.167,0,0.536,0.394,0.02,0.122,0.537,0.217,0.642,-1.562e-5,0,-0.018,0.525,0.544,1.929e-4,872.496,0.001,335.478,0.111,6.4,32.17
13.932,0.824,2643.066,456.9,0.262,0.003,62.113,43.167,0,0.536,0.394,0.02,0.122,0.537,0.208,0.615,3.169e-4,0,-0.019,0.525,0.544,5.2e-5,872.38,0.001,335.474,0.11,6.4,32.17
13.963,0.85,2643.066,456.9,0.262,0.003,62.102,43.167,0,0.535,0.394,0.02,0.122,0.537,0.215,0.634,-1.96e-4,0,-0.019,0.525,0.545,6.207e-6,872.266,0.001,335.469,0.109,6.4,32.17
13.994,0.946,2643.066,456.9,0.262,0.003,62.065,43.167,0,0.535,0.394,0.019,0.122,0.537,0.239,0.707,2.126e-4,0,-0.019,0.525,0.545,4.558e-6,872.153,0.001,335.465,0.108,6.4,32.17
14.025,1.025,2643.066,456.9,0.262,0.003,62.035,43.167,0,0.535,0.394,0.019,0.122,0.537,0.26,0.765,-3.905e-4,0,-0.02,0.525,0.545,8.032e-7,872.04,0.001,335.461,0.108,6.4,32.17
14.056,1.109,2643.066,456.9,0.262,0.003,62.003,43.167,0,0.535,0.394,0.019,0.121,0.537,0.282,0.829,1.33e-4,0,-0.02,0.525,0.545,9.972e-8,871.928,0.001,335.457,0.107,6.4,32.17
14.087,1.232,2643.066,456.9,0.262,0.003,61.957,43.167,0,0.535,0.394,0.019,0.121,0.538,0.314,0.921,3.195e-4,0,-0.02,0.525,0.545,4.199e-6,871.816,0.001,335.453,0.106,6.4,32.17
14.119,1.316,2643.066,456.9,0.262,0.003,61.925,43.167,0,0.535,0.394,0.019,0.121,0.538,0.336,0.985,-1.987e-4,0,-0.02,0.525,0.546,7.106e-6,871.703,0.001,335.449,0.105,6.4,32.17
14.151,1.374,2643.066,456.9,0.262,0.003,61.903,43.167,0,0.535,0.394,0.019,0.121,0.538,0.351,1.027,4.435e-4,0,-0.021,0.525,0.546,6.725e-6,871.592,0.001,335.444,0.104,6.4,32.17
14.183,1.437,2643.066,456.9,0.262,0.003,61.88,43.167,0,0.535,0.394,0.019,0.121,0.538,0.368,1.075,2.344e-4,0,-0.021,0.525,0.546,1.048e-5,871.482,0.001,335.44,0.103,6.4,32.17
14.214,1.463,2643.066,456.9,0.262,0.003,61.87,43.167,0,0.535,0.394,0.019,0.121,0.538,0.374,1.094,4.972e-4,0,-0.021,0.525,0.547,7.372e-6,871.373,0.001,335.436,0.102,6.4,32.17
14.246,1.448,2643.066,456.9,0.262,0.003,61.876,43.167,0,0.535,0.394,0.019,0.121,0.538,0.371,1.084,2.388e-4,0,-0.022,0.525,0.547,5.499e-8,871.265,0.001,335.432,0.101,6.4,32.17
14.277,1.51,2643.066,456.9,0.262,0.003,61.853,43.167,0,0.535,0.394,0.019,0.121,0.538,0.387,1.13,-2.976e-4,0,-0.022,0.525,0.548,3.246e-6,871.16,0.001,335.428,0.1,6.4,32.17
14.309,1.568,2643.066,456.9,0.262,0.003,61.832,43.167,0,0.535,0.394,0.019,0.121,0.539,0.402,1.173,4.403e-4,0,-0.023,0.525,0.548,1.357e-5,871.056,0.001,335.425,0.1,6.4,32.17
14.34,1.588,2643.066,456.9,0.262,0.003,61.825,43.167,0,0.535,0.394,0.019,0.121,0.539,0.407,1.188,4.727e-4,0,-0.023,0.525,0.548,1.651e-5,870.952,0.001,335.421,0.099,6.4,32.17
14.372,1.584,2643.066,456.9,0.262,0.003,61.826,43.167,0,0.535,0.394,0.019,0.121,0.539,0.406,1.185,3.499e-4,0,-0.024,0.525,0.549,1.103e-5,870.849,0.001,335.417,0.098,6.4,32.17
14.403,1.584,2643.066,456.9,0.262,0.003,61.826,43.167,0,0.535,0.394,0.019,0.121,0.538,0.406,1.185,1.836e-4,0,-0.024,0.525,0.549,7.367e-6,870.748,0.001,335.413,0.097,6.4,32.17
14.434,1.721,2643.066,456.9,0.262,0.003,61.776,43.167,0,0.535,0.394,0.019,0.121,0.539,0.443,1.288,-3.602e-5,0,-0.024,0.525,0.549,9.877e-5,870.648,0.001,335.409,0.096,6.4,32.17
14.467,1.786,2643.066,456.9,0.262,0.003,61.752,43.167,0,0.534,0.394,0.019,0.121,0.539,0.461,1.338,-2.713e-4,0,-0.024,0.525,0.549,1.921e-4,870.546,0.001,335.406,0.095,6.4,32.17
14.499,1.77,2643.066,456.9,0.262,0.003,61.758,43.167,0,0.534,0.394,0.019,0.121,0.539,0.456,1.325,4.006e-4,0,-0.025,0.525,0.55,1.947e-4,870.444,0.001,335.402,0.094,6.4,32.17
14.531,1.683,2643.066,456.9,0.262,0.003,61.789,43.167,0,0.534,0.395,0.019,0.121,0.539,0.433,1.26,3.602e-4,0,-0.026,0.525,0.551,8.558e-5,870.345,0.001,335.398,0.093,6.4,32.17
14.563,1.635,2643.066,456.9,0.262,0.003,61.806,43.167,0,0.534,0.395,0.019,0.121,0.538,0.42,1.223,6.992e-5,0,-0.027,0.525,0.552,2.52e-5,870.248,0.001,335.395,0.092,6.4,32.17
14.594,1.633,2643.066,456.9,0.262,0.003,61.806,43.167,0,0.534,0.395,0.019,0.121,0.538,0.42,1.222,3.152e-4,0,-0.027,0.525,0.552,1.254e-5,870.153,0.001,335.391,0.091,6.4,32.17
14.626,1.594,2643.066,456.9,0.262,0.003,61.82,43.167,0,0.534,0.395,0.019,0.121,0.538,0.409,1.193,-1.193e-4,0,-0.028,0.525,0.553,-2.981e-6,870.059,0.001,335.388,0.09,6.4,32.17
14.657,1.554,2643.066,456.9,0.262,0.003,61.834,43.167,0,0.534,0.395,0.019,0.121,0.538,0.398,1.162,-2.736e-4,0,-0.029,0.525,0.554,-7.625e-5,869.967,0.001,335.384,0.089,6.4,32.17
14.688,1.516,2643.066,456.9,0.262,0.003,61.847,43.167,0,0.534,0.395,0.019,0.121,0.538,0.389,1.135,-1.887e-5,0,-0.03,0.525,0.555,-3.087e-4,869.876,0.001,335.381,0.089,6.4,32.17
14.718,1.528,2643.066,456.9,0.262,0.003,61.842,43.167,0,0.534,0.395,0.019,0.121,0.538,0.392,1.143,3.189e-4,0,-0.03,0.525,0.555,-3.337e-4,869.788,0.001,335.378,0.088,6.4,32.17
14.749,1.572,2643.066,456.9,0.262,0.003,61.826,43.167,0,0.534,0.395,0.019,0.121,0.538,0.403,1.176,-4.643e-4,0,-0.03,0.525,0.555,-1.781e-4,869.7,0.001,335.374,0.087,6.4,32.17
14.781,1.563,2643.066,456.9,0.262,0.003,61.829,43.167,0,0.534,0.395,0.018,0.121,0.538,0.401,1.169,3.916e-4,0,-0.031,0.525,0.556,-2.565e-4,869.611,0.001,335.371,0.086,6.4,32.17
14.812,1.596,2643.066,456.9,0.262,0.003,61.817,43.167,0,0.534,0.395,0.018,0.121,0.538,0.41,1.194,3.629e-5,0,-0.031,0.525,0.556,-1.529e-4,869.523,0.001,335.368,0.085,6.4,32.17
14.844,1.743,2643.066,456.9,0.262,0.003,61.763,43.167,0,0.534,0.395,0.018,0.121,0.539,0.449,1.304,-4.167e-4,0,-0.03,0.525,0.555,6.231e-7,869.436,0.001,335.365,0.084,6.4,32.17
14.877,1.794,2643.066,456.9,0.262,0.003,61.744,43.167,0,0.534,0.395,0.018,0.121,0.539,0.462,1.342,-3.508e-4,0,-0.031,0.525,0.556,2.618e-5,869.346,0.001,335.361,0.084,6.4,32.17
14.91,1.807,2643.066,456.9,0.262,0.003,61.739,43.167,0,0.534,0.395,0.018,0.121,0.539,0.466,1.353,-7.467e-5,0,-0.031,0.525,0.556,5.284e-5,869.256,0.001,335.358,0.083,6.4,32.17
14.943,1.81,2643.066,456.9,0.262,0.003,61.738,43.167,0,0.534,0.395,0.018,0.121,0.539,0.467,1.354,9.698e-5,0,-0.032,0.525,0.557,7.703e-5,869.169,0.001,335.355,0.082,6.4,32.17
14.976,1.861,2643.066,456.9,0.262,0.003,61.719,43.167,0,0.534,0.395,0.018,0.121,0.539,0.48,1.393,-3.221e-4,0,-0.033,0.525,0.558,1.672e-4,869.082,0.001,335.351,0.081,6.4,32.17
15.009,1.898,2643.066,456.9,0.262,0.003,61.706,43.167,0,0.534,0.395,0.018,0.121,0.539,0.49,1.421,-4.248e-4,0,-0.033,0.525,0.558,2.661e-4,868.996,0.001,335.348,0.08,6.4,32.17
15.043,1.855,2643.066,456.9,0.262,0.003,61.722,43.167,0,0.534,0.395,0.018,0.121,0.539,0.479,1.388,4.523e-4,0,-0.035,0.525,0.56,2.352e-4,868.912,0.001,335.345,0.079,6.4,32.17
15.076,1.861,2643.066,456.9,0.262,0.003,61.719,43.167,0,0.534,0.395,0.018,0.121,0.539,0.481,1.393,2.05e-4,0,-0.035,0.525,0.56,2.697e-4,868.829,0.001,335.342,0.078,6.4,32.17
15.109,1.89,2643.066,456.9,0.262,0.003,61.709,43.167,0,0.534,0.395,0.018,0.121,0.539,0.488,1.414,1.183e-4,0,-0.036,0.525,0.561,3.367e-4,868.747,0.001,335.339,0.077,6.4,32.17
15.142,1.936,2643.066,456.9,0.262,0.003,61.692,43.167,0,0.533,0.395,0.018,0.121,0.539,0.501,1.449,-4.8e-4,0,-0.037,0.525,0.562,4.354e-4,868.667,0.001,335.336,0.076,6.4,32.17
15.175,1.978,2643.066,456.9,0.262,0.003,61.677,43.167,0,0.533,0.395,0.018,0.121,0.539,0.512,1.48,-3.375e-6,0,-0.038,0.525,0.562,5.197e-4,868.586,0.001,335.333,0.075,6.4,32.17
15.208,2.034,2643.066,456.9,0.262,0.003,61.657,43.167,0,0.533,0.395,0.018,0.121,0.54,0.527,1.522,4.894e-4,0,-0.038,0.525,0.563,6.217e-4,868.507,0.001,335.33,0.074,6.4,32.17
15.242,2.132,2643.066,456.9,0.262,0.003,61.622,43.167,0,0.533,0.395,0.018,0.121,0.54,0.554,1.596,-1.639e-4,0,-0.039,0.525,0.564,8.121e-4,868.429,0.001,335.327,0.074,6.4,32.17
15.276,2.283,2643.066,456.9,0.262,0.003,61.568,43.167,0,0.533,0.395,0.018,0.121,0.541,0.595,1.71,-4.251e-4,0,-0.039,0.525,0.564,0.001,868.351,0.001,335.324,0.073,6.4,32.17
15.31,2.409,2643.066,456.9,0.262,0.003,61.524,43.167,0,0.533,0.395,0.018,0.121,0.542,0.63,1.805,7.686e-5,0,-0.04,0.525,0.565,0.001,868.273,0.001,335.321,0.072,6.4,32.17
15.345,2.419,2643.066,456.9,0.262,0.003,61.52,43.167,0,0.533,0.395,0.018,0.121,0.542,0.632,1.812,3.24e-4,0,-0.041,0.525,0.566,0.001,868.196,0.001,335.319,0.071,6.4,32.17
15.379,2.598,2643.066,456.9,0.262,0.003,61.457,43.167,0,0.533,0.395,0.018,0.121,0.543,0.682,1.948,-1.02e-4,0,-0.041,0.525,0.566,0.002,868.12,0.001,335.316,0.07,6.4,32.17
15.414,2.772,2643.066,456.9,0.262,0.003,61.397,43.167,0,0.533,0.395,0.018,0.121,0.545,0.731,2.079,-2.203e-6,0,-0.042,0.525,0.567,0.002,868.045,0.001,335.313,0.069,6.4,32.17
15.45,2.886,2643.066,456.9,0.262,0.003,61.357,43.167,0,0.533,0.395,0.018,0.121,0.545,0.762,2.165,-4.494e-4,0,-0.043,0.525,0.568,0.002,867.97,0.001,335.31,0.068,6.4,32.17
15.485,2.936,2643.066,456.9,0.262,0.003,61.34,43.167,0,0.533,0.395,0.018,0.121,0.546,0.777,2.203,-2.658e-4,0,-0.044,0.525,0.569,0.002,867.896,0.001,335.308,0.067,6.4,32.17
15.521,3.124,2643.066,456.9,0.262,0.003,61.276,43.167,0,0.533,0.395,0.018,0.121,0.547,0.83,2.345,4.761e-4,0,-0.045,0.525,0.57,0.002,867.824,0.001,335.305,0.066,6.4,32.17
15.556,3.372,2643.066,456.9,0.262,0.003,61.192,43.167,0,0.533,0.395,0.018,0.121,0.549,0.9,2.533,-2.539e-4,0,-0.045,0.525,0.57,0.003,867.752,0.001,335.302,0.066,6.4,32.17
15.593,3.404,2643.066,456.9,0.262,0.003,61.18,43.167,0,0.533,0.395,0.018,0.121,0.55,0.91,2.558,-2.906e-4,0,-0.047,0.525,0.572,0.002,867.681,0.001,335.3,0.065,6.4,32.17
15.629,3.531,2643.066,456.9,0.262,0.003,61.138,43.167,0,0.533,0.395,0.018,0.121,0.551,0.946,2.655,5.482e-5,0,-0.049,0.525,0.573,0.002,867.611,0.001,335.297,0.064,6.4,32.17
15.665,3.783,2643.066,456.9,0.262,0.003,61.054,43.167,0,0.533,0.395,0.018,0.121,0.553,1.019,2.846,6.741e-5,0,-0.049,0.525,0.574,0.003,867.543,0.001,335.294,0.063,6.4,32.17
15.702,4.168,2643.066,456.9,0.262,0.003,60.928,43.167,0,0.533,0.395,0.018,0.121,0.557,1.132,3.14,2.586e-4,0,-0.049,0.525,0.574,0.003,867.475,0.001,335.292,0.062,6.4,32.17
15.739,4.184,2643.066,456.9,0.262,0.003,60.922,43.167,0,0.533,0.395,0.018,0.12,0.557,1.137,3.152,-3.77e-4,0,-0.051,0.525,0.576,0.003,867.407,0.001,335.289,0.061,6.4,32.17
15.776,4.443,2643.066,456.9,0.262,0.003,60.839,43.167,0,0.533,0.395,0.018,0.12,0.56,1.214,3.349,-1.634e-4,0,-0.052,0.525,0.577,0.003,867.341,0.001,335.287,0.06,6.4,32.17
15.814,4.683,2643.066,456.9,0.262,0.003,60.762,43.167,0,0.533,0.395,0.018,0.12,0.562,1.286,3.534,-3.644e-5,0,-0.053,0.525,0.578,0.003,867.276,0.001,335.285,0.059,6.4,32.17
15.852,4.726,2643.066,456.9,0.262,0.003,60.748,43.167,0,0.533,0.395,0.018,0.12,0.563,1.299,3.567,4.876e-4,0,-0.056,0.525,0.581,0.003,867.211,0.001,335.282,0.058,6.4,32.17
15.889,4.99,2643.066,456.9,0.262,0.003,60.666,43.167,0,0.533,0.395,0.018,0.12,0.566,1.38,3.769,-2.651e-4,0,-0.057,0.525,0.582,0.003,867.149,0.001,335.28,0.057,6.4,32.17
15.927,5.353,2643.066,456.9,0.262,0.003,60.553,43.167,0,0.533,0.395,0.017,0.12,0.57,1.491,4.049,4.046e-6,0,-0.058,0.525,0.582,0.003,867.088,0.001,335.278,0.057,6.4,32.17
15.966,5.796,2643.066,456.9,0.262,0.003,60.419,43.167,0,0.533,0.395,0.017,0.12,0.576,1.63,4.39,-2.943e-5,0,-0.058,0.525,0.582,0.004,867.027,0.001,335.275,0.056,6.4,32.17
16.005,6.229,2643.066,456.9,0.262,0.003,60.291,43.167,0,0.533,0.395,0.017,0.12,0.581,1.767,4.724,1.813e-4,0,-0.058,0.525,0.583,0.004,866.967,0.001,335.273,0.055,6.4,32.17
16.046,6.185,2643.066,456.9,0.262,0.003,60.303,43.167,0,0.533,0.395,0.017,0.12,0.581,1.753,4.69,-2.939e-4,0,-0.063,0.525,0.587,0.004,866.906,0.001,335.271,0.054,6.4,32.17
16.085,6.349,2643.066,456.9,0.262,0.003,60.255,43.167,0,0.532,0.395,0.017,0.12,0.583,1.806,4.817,2.622e-4,0,-0.065,0.525,0.59,0.004,866.849,0.001,335.269,0.053,6.4,32.17
16.124,6.564,2643.066,456.9,0.262,0.003,60.193,43.167,0,0.532,0.395,0.017,0.12,0.585,1.875,4.984,3.786e-4,0,-0.068,0.525,0.592,0.004,866.794,0.001,335.267,0.052,6.4,32.17
16.163,6.851,2643.066,456.9,0.262,0.003,60.11,43.167,0,0.532,0.395,0.017,0.12,0.589,1.968,5.206,4.162e-4,0,-0.07,0.525,0.594,0.004,866.74,0.001,335.265,0.051,6.4,32.17
16.203,7.254,2643.066,456.9,0.262,0.003,59.997,43.167,0,0.532,0.395,0.017,0.12,0.595,2.101,5.52,-4.892e-4,0,-0.071,0.525,0.595,0.005,866.687,0.001,335.263,0.05,6.4,32.17
16.243,7.595,2643.066,456.9,0.262,0.003,59.902,43.167,0,0.532,0.395,0.017,0.12,0.599,2.214,5.785,-2.458e-4,0,-0.072,0.525,0.597,0.005,866.635,0.001,335.261,0.049,6.4,32.17
16.283,8.164,2643.066,456.9,0.262,0.003,59.748,43.167,0,0.532,0.395,0.017,0.12,0.607,2.407,6.231,1.815e-4,0,-0.072,0.525,0.597,0.006,866.584,0.001,335.259,0.048,6.4,32.17
16.325,8.567,2643.066,456.9,0.262,0.003,59.641,43.167,0,0.532,0.395,0.017,0.12,0.613,2.546,6.546,3.788e-4,0,-0.074,0.525,0.599,0.007,866.534,0.001,335.257,0.048,6.4,32.17
16.368,8.98,2643.066,456.9,0.262,0.003,59.534,43.167,0,0.532,0.395,0.017,0.12,0.619,2.69,6.87,-2.199e-4,0,-0.076,0.525,0.601,0.008,866.484,0.001,335.255,0.047,6.4,32.17
16.411,9.565,2643.066,456.9,0.262,0.003,59.385,43.167,0,0.532,0.395,0.017,0.12,0.627,2.897,7.331,-3.16e-5,0,-0.077,0.525,0.602,0.01,866.436,0.001,335.253,0.046,6.4,32.17
16.455,9.984,2643.066,456.9,0.262,0.003,59.281,43.167,0,0.532,0.395,0.017,0.12,0.633,3.048,7.662,-4.531e-4,0,-0.08,0.525,0.604,0.011,866.389,0.001,335.252,0.045,6.4,32.17
16.499,10.444,2643.066,456.9,0.262,0.003,59.169,43.167,0,0.532,0.395,0.017,0.12,0.639,3.215,8.025,3.983e-4,0,-0.082,0.525,0.607,0.013,866.344,0.001,335.25,0.044,6.4,32.17
16.544,10.869,2643.066,456.9,0.262,0.003,59.068,43.167,0,0.532,0.395,0.017,0.12,0.645,3.372,8.363,3.978e-4,0,-0.085,0.525,0.61,0.016,866.299,0.001,335.248,0.043,6.4,32.17
16.589,11.715,2643.066,456.9,0.262,0.003,58.872,43.167,0,0.532,0.395,0.017,0.12,0.655,3.69,9.036,-1.046e-4,0,-0.084,0.525,0.608,0.019,866.257,0.001,335.247,0.042,6.4,32.17
16.636,12.479,2643.066,456.9,0.262,0.003,58.701,43.167,0,0.532,0.395,0.017,0.12,0.664,3.984,9.648,-4.645e-4,0,-0.084,0.525,0.608,0.023,866.215,0.001,335.245,0.042,6.4,32.17
16.685,13.192,2643.066,456.9,0.262,0.003,58.548,43.167,0,0.532,0.395,0.017,0.12,0.671,4.264,10.22,2.288e-4,0,-0.085,0.525,0.61,0.028,866.174,0.001,335.244,0.041,6.4,32.17
16.735,13.616,2643.066,456.9,0.262,0.003,58.458,43.167,0,0.532,0.395,0.017,0.12,0.675,4.433,10.558,3.442e-4,0,-0.091,0.525,0.615,0.033,866.135,0.001,335.242,0.04,6.4,32.17
16.785,14.246,2643.066,456.9,0.262,0.003,58.329,43.167,0,0.532,0.395,0.017,0.12,0.681,4.687,11.066,4.356e-4,0,-0.093,0.525,0.618,0.039,866.098,0.001,335.241,0.039,6.4,32.17
16.835,15.13,2643.066,456.9,0.262,0.003,58.154,43.167,0,0.534,0.396,0.017,0.12,0.688,5.051,11.783,7.113e-5,0,-0.093,0.525,0.617,0.046,866.064,0.001,335.24,0.038,6.4,32.17
16.885,16.127,2643.066,456.9,0.262,0.003,57.964,43.167,0,0.535,0.397,0.017,0.12,0.694,5.471,12.596,-4.187e-4,0,-0.09,0.525,0.615,0.054,866.032,0.001,335.238,0.038,6.4,32.17
16.935,16.959,2643.066,456.9,0.262,0.003,57.813,43.167,0,0.536,0.399,0.017,0.12,0.697,5.829,13.276,-2.085e-4,0,-0.091,0.525,0.616,0.064,866.002,0.001,335.237,0.037,6.4,32.17
16.985,17.75,2643.066,456.9,0.262,0.003,57.674,43.167,0,0.538,0.4,0.017,0.12,0.699,6.175,13.923,5.618e-5,0,-0.092,0.525,0.617,0.074,865.976,0.001,335.236,0.036,6.4,32.17
17.035,18.581,2643.066,456.9,0.262,0.003,57.533,43.167,0,0.539,0.402,0.017,0.12,0.699,6.545,14.606,1.604e-4,0,-0.093,0.525,0.617,0.086,865.951,0.001,335.236,0.036,6.4,32.17
17.085,19.442,2643.066,456.9,0.262,0.003,57.393,43.167,0,0.541,0.403,0.017,0.12,0.698,6.935,15.317,-9.401e-5,0,-0.092,0.525,0.617,0.099,865.93,0.001,335.235,0.035,6.4,32.17
17.135,20.193,2643.066,456.9,0.262,0.003,57.275,43.167,0,0.542,0.405,0.017,0.12,0.697,7.24,15.75,4.481e-4,0,-0.104,0.514,0.619,0.114,865.911,0.001,335.234,0.034,6.4,32.17
17.185,21.123,2643.066,456.9,0.262,0.003,57.134,43.167,0,0.543,0.406,0.017,0.12,0.694,7.478,15.629,-3.015e-4,0,-0.148,0.466,0.614,0.127,865.894,0.001,335.233,0.034,6.4,32.17
17.227,21.952,2643.066,456.9,0.262,0.003,57.014,43.167,0,0.544,0.407,0.017,0.12,0.689,7.696,15.528,3.622e-4,0,-0.182,0.422,0.604,0.136,865.882,0.001,335.233,0.034,6.4,32.17
17.261,22.668,2643.066,456.9,0.262,0.003,56.913,43.167,0,0.544,0.407,0.017,0.12,0.685,7.889,15.445,4.245e-4,0,-0.208,0.385,0.593,0.142,865.873,0.001,335.233,0.034,6.4,32.17
17.292,23.369,2643.066,456.9,0.262,0.003,56.818,43.167,0,0.544,0.407,0.017,0.12,0.679,8.082,15.368,1.535e-4,0,-0.231,0.348,0.579,0.145,865.867,0.001,335.232,0.034,6.4,32.17
17.319,23.853,2643.066,456.9,0.262,0.003,56.755,43.167,0,0.545,0.408,0.017,0.12,0.676,8.217,15.313,-6.493e-5,0,-0.247,0.322,0.569,0.151,865.862,0.001,335.232,0.033,6.4,32.17
17.345,24.26,2643.066,456.9,0.262,0.003,56.702,43.167,0,0.546,0.409,0.017,0.12,0.673,8.332,15.264,-4.922e-4,0,-0.259,0.301,0.56,0.158,865.857,0.001,335.232,0.033,6.4,32.17
17.37,24.677,2643.066,456.9,0.262,0.003,56.649,43.167,0,0.546,0.409,0.017,0.12,0.669,8.452,15.216,4.124e-4,0,-0.271,0.279,0.55,0.165,865.854,0.001,335.232,0.033,6.4,32.17
17.395,25.09,2643.066,456.9,0.262,0.003,56.598,43.167,0,0.547,0.41,0.017,0.12,0.666,8.571,15.17,-2.771e-4,0,-0.282,0.258,0.54,0.172,865.851,0.001,335.232,0.033,6.4,32.17
17.419,25.547,2643.066,456.9,0.262,0.003,56.542,43.167,0,0.547,0.41,0.017,0.12,0.662,8.705,15.122,3.772e-4,0,-0.294,0.234,0.528,0.177,865.849,0.001,335.232,0.032,6.4,32.17
17.442,26,2643.066,456.9,0.262,0.003,56.488,43.167,0,0.547,0.41,0.017,0.12,0.657,8.839,15.078,-3.297e-4,0,-0.305,0.21,0.514,0.18,865.848,0.001,335.232,0.032,6.4,32.17
17.464,26.4,2643.066,456.9,0.262,0.003,56.442,43.167,0,0.548,0.41,0.017,0.12,0.653,8.959,15.036,-2.693e-4,0,-0.313,0.189,0.502,0.186,865.847,0.001,335.232,0.032,6.4,32.17
17.486,26.771,2643.066,456.9,0.262,0.003,56.399,43.167,0,0.548,0.411,0.017,0.12,0.649,9.07,14.997,4.236e-5,0,-0.321,0.169,0.49,0.192,865.846,0.001,335.232,0.032,6.4,32.17
17.507,27.129,2643.066,456.9,0.262,0.003,56.359,43.167,0,0.548,0.411,0.017,0.12,0.645,9.179,14.959,3.317e-4,0,-0.328,0.151,0.479,0.2,865.847,0.001,335.232,0.032,6.4,32.17
17.528,27.47,2643.066,456.9,0.262,0.003,56.321,43.167,0,0.549,0.412,0.017,0.12,0.641,9.283,14.922,3.845e-4,0,-0.334,0.133,0.467,0.208,865.847,0.001,335.232,0.032,6.4,32.17
17.549,27.808,2643.066,456.9,0.262,0.003,56.284,43.167,0,0.549,0.412,0.017,0.12,0.638,9.388,14.885,-3.91e-4,0,-0.34,0.115,0.455,0.217,865.848,0.001,335.232,0.032,6.4,32.17
17.57,28.183,2643.066,456.9,0.262,0.003,56.244,43.167,0,0.549,0.412,0.017,0.12,0.633,9.504,14.848,4.128e-4,0,-0.346,0.095,0.441,0.223,865.849,0.001,335.232,0.032,6.4,32.17
17.591,28.549,2643.066,456.9,0.262,0.003,56.206,43.167,0,0.549,0.412,0.017,0.12,0.628,9.619,14.813,-2.913e-4,0,-0.351,0.076,0.427,0.229,865.851,0.001,335.232,0.032,6.4,32.17
17.611,28.934,2643.066,456.9,0.262,0.003,56.166,43.167,0,0.549,0.412,0.017,0.12,0.623,9.74,14.78,1.164e-4,0,-0.356,0.056,0.412,0.232,865.853,0.001,335.232,0.032,6.4,32.17
17.631,29.326,2643.066,456.9,0.262,0.003,56.127,43.167,0,0.549,0.412,0.017,0.12,0.617,9.865,14.749,-3.23e-4,0,-0.361,0.035,0.396,0.233,865.856,0.001,335.232,0.032,6.4,32.17
17.65,29.694,2643.066,456.9,0.262,0.003,56.09,43.167,0,0.548,0.411,0.017,0.12,0.612,9.982,14.721,1.454e-4,0,-0.364,0.016,0.38,0.235,865.859,0.001,335.232,0.032,6.4,32.17
17.67,29.983,2643.066,456.9,0.262,0.003,56.062,43.167,0,0.548,0.411,0.017,0.12,0.608,10.075,14.691,1.782e-4,0,-0.366,8.8e-4,0.367,0.243,865.862,0.001,335.232,0.032,6.4,32.17
17.689,30.265,2643.066,456.9,0.262,0.003,56.035,43.167,0,0.549,0.411,0.017,0.12,0.604,10.166,14.661,-1.661e-5,0,-0.353,0,0.353,0.253,865.865,0.001,335.232,0.032,6.4,32.17
17.708,30.555,2643.066,456.9,0.262,0.003,56.007,43.167,0,0.548,0.411,0.017,0.12,0.6,10.261,14.631,2.472e-4,0,-0.339,0,0.339,0.262,865.869,0.001,335.232,0.032,6.4,32.17
17.729,30.854,2643.066,456.9,0.262,0.003,55.979,43.167,0,0.548,0.411,0.017,0.12,0.595,10.358,14.602,4.059e-4,0,-0.325,0,0.325,0.271,865.874,0.001,335.233,0.032,6.4,32.17
17.75,31.151,2643.066,456.9,0.262,0.003,55.952,43.167,0,0.548,0.411,0.017,0.12,0.59,10.456,14.572,-4.22e-4,0,-0.311,0,0.311,0.28,865.879,0.001,335.233,0.032,6.4,32.17
17.773,31.513,2643.066,456.9,0.262,0.003,55.919,43.167,0,0.547,0.41,0.017,0.12,0.584,10.575,14.552,-2.766e-4,0,-0.294,0,0.294,0.276,865.885,0.001,335.233,0.032,6.4,32.17
17.796,31.855,2643.066,456.9,0.262,0.003,55.889,43.167,0,0.546,0.409,0.017,0.12,0.578,10.689,14.532,-1.533e-4,0,-0.277,0,0.277,0.273,865.892,0.001,335.233,0.033,6.4,32.17
17.82,32.104,2643.066,456.9,0.262,0.003,55.867,43.167,0,0.546,0.409,0.017,0.12,0.574,10.771,14.503,3.096e-4,0,-0.263,0,0.263,0.287,865.899,0.001,335.234,0.033,6.4,32.17
17.845,32.325,2643.066,456.9,0.262,0.003,55.848,43.167,0,0.546,0.409,0.017,0.12,0.57,10.845,14.469,-4.298e-4,0,-0.249,0,0.249,0.307,865.908,0.001,335.234,0.033,6.4,32.17
17.871,32.547,2643.066,456.9,0.262,0.003,55.829,43.167,0,0.546,0.408,0.017,0.12,0.567,10.92,14.439,-8.5e-5,0,-0.235,0,0.235,0.324,865.917,0.001,335.234,0.033,6.4,32.17
17.899,32.751,2643.066,456.9,0.262,0.003,55.812,43.167,0,0.545,0.408,0.017,0.12,0.563,10.988,14.409,-3.319e-7,0,-0.221,0,0.221,0.341,865.928,0.001,335.235,0.033,6.4,32.17
17.928,32.98,2643.066,456.9,0.262,0.003,55.793,43.167,0,0.544,0.406,0.017,0.12,0.558,11.065,14.399,2.657e-4,0,-0.204,0,0.204,0.337,865.94,0.001,335.235,0.034,6.4,32.17
17.958,33.158,2643.066,456.9,0.262,0.003,55.778,43.167,0,0.542,0.405,0.017,0.12,0.554,11.126,14.39,-4.508e-4,0,-0.188,0,0.188,0.336,865.953,0.001,335.236,0.034,6.4,32.17
17.99,33.265,2643.066,456.9,0.262,0.003,55.769,43.167,0,0.541,0.404,0.017,0.12,0.551,11.162,14.377,4.471e-4,0,-0.173,0,0.173,0.342,865.968,0.001,335.236,0.035,6.4,32.17
17.993,33.271,2643.066,456.9,0.262,0.003,55.769,43.167,0,0.541,0.404,0.017,0.12,0.551,11.164,14.376,2.597e-4,0,-0.171,0,0.171,0.342,865.97,0.001,335.236,0.035,6.4,32.17
17.997,33.28,2643.066,456.9,0.262,0.003,55.768,43.167,0,0.541,0.403,0.017,0.12,0.55,11.167,14.375,-4.272e-4,0,-0.169,0,0.169,0.343,865.972,0.001,335.236,0.035,6.4,32.17
18.004,33.284,2643.066,456.9,0.262,0.003,55.768,43.167,0,0.54,0.403,0.017,0.12,0.55,11.168,14.371,-2.018e-4,0,-0.167,0,0.167,0.347,865.975,0.001,335.236,0.035,6.4,32.17
18.013,33.277,2643.066,456.9,0.262,0.003,55.768,43.167,0,0.54,0.403,0.017,0.12,0.55,11.166,14.362,2.386e-4,0,-0.163,0,0.163,0.357,865.98,0.001,335.237,0.035,6.4,32.17
18.028,33.258,2643.066,456.9,0.262,0.003,55.77,43.167,0,0.54,0.403,0.017,0.12,0.55,11.159,14.348,4.918e-4,0,-0.158,0,0.158,0.372,865.987,0.001,335.237,0.035,6.4,32.17
18.05,33.207,2643.066,456.9,0.262,0.003,55.774,43.167,0,0.54,0.403,0.017,0.12,0.551,11.142,14.328,2.625e-4,0,-0.15,0,0.15,0.395,865.999,0.001,335.237,0.035,6.4,32.17
18.082,33.069,2643.066,456.9,0.262,0.003,55.785,43.167,0,0.54,0.402,0.017,0.12,0.553,11.096,14.293,-1.029e-4,0,-0.139,0,0.139,0.438,866.017,0.001,335.238,0.035,6.4,32.17
18.123,32.843,2643.066,456.9,0.262,0.003,55.804,43.167,0,0.539,0.401,0.017,0.12,0.555,11.019,14.274,2.081e-4,0,-0.125,0,0.125,0.471,866.042,0.001,335.239,0.036,6.4,32.17
18.167,32.501,2643.066,456.9,0.262,0.003,55.833,43.167,0,0.537,0.4,0.017,0.12,0.559,10.904,14.274,4.047e-4,0,-0.111,0,0.111,0.491,866.07,0.001,335.24,0.037,6.4,32.17
18.215,31.969,2643.066,456.9,0.262,0.003,55.879,43.167,0,0.536,0.398,0.017,0.12,0.565,10.726,14.273,1.952e-4,0,-0.098,0,0.098,0.526,866.102,0.001,335.241,0.037,6.4,32.17
18.265,31.227,2643.066,456.9,0.262,0.003,55.945,43.167,0,0.534,0.397,0.017,0.12,0.574,10.481,14.271,3.79e-4,0,-0.085,0,0.085,0.577,866.139,0.001,335.242,0.038,6.4,32.17
18.315,30.32,2643.066,456.9,0.262,0.003,56.03,43.167,0,0.533,0.396,0.017,0.12,0.586,10.184,14.284,4.936e-4,0,-0.075,0,0.075,0.626,866.178,0.001,335.244,0.039,6.4,32.17
18.365,29.268,2643.066,456.9,0.262,0.003,56.132,43.167,0,0.532,0.395,0.017,0.12,0.599,9.846,14.329,3.33e-4,0,-0.028,0.038,0.066,0.658,866.219,0.001,335.245,0.039,6.4,32.17
18.415,28.067,2643.066,456.9,0.262,0.003,56.257,43.167,0,0.532,0.395,0.017,0.12,0.615,9.468,14.404,4.041e-4,0,0.036,0.101,0.065,0.678,866.262,0.001,335.247,0.04,6.4,32.17
18.465,26.667,2643.066,456.9,0.262,0.003,56.411,43.167,0,0.532,0.395,0.017,0.12,0.631,9.039,14.49,-3.619e-4,0,0.102,0.175,0.073,0.71,866.308,0.001,335.249,0.041,6.4,32.17
18.506,25.419,2643.066,456.9,0.262,0.003,56.558,43.167,0,0.532,0.395,0.017,0.12,0.645,8.667,14.598,-7.756e-5,0,0.155,0.24,0.085,0.713,866.348,0.001,335.25,0.042,6.4,32.17
18.533,24.535,2643.066,456.9,0.262,0.003,56.667,43.167,0,0.532,0.395,0.017,0.12,0.653,8.411,14.67,2.696e-4,0,0.19,0.287,0.096,0.726,866.374,0.001,335.251,0.042,6.4,32.17
18.554,23.804,2643.066,456.9,0.262,0.003,56.761,43.167,0,0.532,0.395,0.017,0.12,0.66,8.204,14.738,-3.096e-4,0,0.218,0.325,0.107,0.73,866.396,0.001,335.252,0.042,6.4,32.17
18.572,23.178,2643.066,456.9,0.262,0.003,56.844,43.167,0,0.532,0.395,0.017,0.12,0.665,8.029,14.809,8.66e-5,0,0.241,0.358,0.117,0.723,866.415,0.001,335.253,0.043,6.4,32.17
18.588,22.607,2643.066,456.9,0.262,0.003,56.921,43.167,0,0.532,0.395,0.017,0.12,0.67,7.873,14.88,-2.693e-4,0,0.261,0.388,0.127,0.712,866.432,0.001,335.253,0.043,6.4,32.17
18.603,22.079,2643.066,456.9,0.262,0.003,56.995,43.167,0,0.532,0.395,0.017,0.12,0.674,7.73,14.949,1.478e-4,0,0.278,0.416,0.137,0.7,866.448,0.001,335.254,0.043,6.4,32.17
18.616,21.582,2643.066,456.9,0.262,0.003,57.066,43.167,0,0.532,0.395,0.017,0.12,0.677,7.598,15.018,4.677e-4,0,0.295,0.442,0.147,0.687,866.462,0.001,335.254,0.044,6.4,32.17
18.629,21.113,2643.066,456.9,0.262,0.003,57.135,43.167,0,0.532,0.395,0.017,0.12,0.68,7.476,15.085,-4.382e-4,0,0.31,0.466,0.157,0.672,866.476,0.001,335.255,0.044,6.4,32.17
18.641,20.668,2643.066,456.9,0.262,0.003,57.201,43.167,0,0.532,0.395,0.017,0.12,0.682,7.361,15.153,-4.669e-4,0,0.323,0.49,0.166,0.655,866.49,0.001,335.255,0.044,6.4,32.17
18.652,20.246,2643.066,456.9,0.262,0.003,57.266,43.167,0,0.532,0.395,0.017,0.12,0.684,7.254,15.221,3.734e-4,0,0.336,0.512,0.176,0.636,866.502,0.001,335.256,0.044,6.4,32.17
18.663,19.852,2643.066,456.9,0.262,0.003,57.327,43.167,0,0.532,0.395,0.017,0.12,0.686,7.124,15.148,-1.432e-4,0,0.339,0.525,0.185,0.614,866.514,0.001,335.256,0.045,6.4,32.17
18.673,19.466,2643.066,456.9,0.262,0.003,57.388,43.167,0,0.532,0.395,0.017,0.12,0.687,6.947,14.847,-1.625e-5,0,0.33,0.525,0.194,0.589,866.527,0.001,335.257,0.045,6.4,32.17
18.684,19.076,2643.066,456.9,0.262,0.003,57.451,43.167,0,0.532,0.395,0.017,0.12,0.689,6.769,14.547,-4.571e-4,0,0.322,0.525,0.203,0.561,866.539,0.001,335.257,0.045,6.4,32.17
18.695,18.682,2643.066,456.9,0.262,0.003,57.515,43.167,0,0.532,0.395,0.017,0.12,0.69,6.591,14.247,-3.928e-4,0,0.313,0.525,0.212,0.53,866.552,0.001,335.258,0.045,6.4,32.17
18.706,18.292,2643.066,456.9,0.262,0.003,57.58,43.167,0,0.532,0.395,0.017,0.12,0.691,6.416,13.956,3.066e-5,0,0.304,0.525,0.221,0.494,866.565,0.001,335.258,0.045,6.4,32.17
18.718,17.907,2643.066,456.9,0.262,0.003,57.646,43.167,0,0.532,0.395,0.017,0.12,0.691,6.245,13.675,2.62e-4,0,0.296,0.525,0.229,0.454,866.578,0.001,335.259,0.046,6.4,32.17
18.729,17.525,2643.066,456.9,0.262,0.003,57.712,43.167,0,0.532,0.395,0.017,0.12,0.692,6.076,13.399,4.123e-5,0,0.287,0.525,0.237,0.411,866.592,0.001,335.259,0.046,6.4,32.17
18.741,17.147,2643.066,456.9,0.262,0.003,57.778,43.167,0,0.532,0.395,0.017,0.12,0.692,5.911,13.13,-2.031e-4,0,0.279,0.525,0.246,0.365,866.606,0.001,335.26,0.046,6.4,32.17
18.753,16.787,2643.066,456.9,0.262,0.003,57.843,43.167,0,0.532,0.395,0.017,0.12,0.692,5.755,12.88,-1.912e-4,0,0.271,0.525,0.254,0.316,866.621,0.001,335.26,0.046,6.4,32.17
18.765,16.473,2643.066,456.9,0.262,0.003,57.9,43.167,0,0.532,0.395,0.017,0.12,0.692,5.619,12.674,4.53e-4,0,0.263,0.525,0.261,0.262,866.636,0.001,335.261,0.047,6.4,32.17
18.777,16.177,2643.066,456.9,0.262,0.003,57.954,43.167,0,0.532,0.395,0.017,0.12,0.691,5.493,12.482,9.723e-5,0,0.256,0.525,0.269,0.209,866.651,0.001,335.261,0.047,6.4,32.17
18.79,15.904,2643.066,456.9,0.262,0.003,58.006,43.167,0,0.532,0.395,0.017,0.12,0.69,5.376,12.308,4.599e-4,0,0.248,0.525,0.276,0.158,866.667,0.001,335.262,0.047,6.4,32.17
18.803,15.628,2643.066,456.9,0.262,0.003,58.058,43.167,0,0.532,0.395,0.017,0.12,0.689,5.26,12.125,-4.979e-4,0,0.241,0.525,0.284,0.114,866.683,0.001,335.263,0.048,6.4,32.17
18.816,15.266,2643.066,456.9,0.262,0.003,58.127,43.167,0,0.532,0.395,0.017,0.12,0.687,5.108,11.861,1.677e-4,0,0.233,0.525,0.292,0.08,866.7,0.001,335.263,0.048,6.4,32.17
18.829,14.924,2643.066,456.9,0.262,0.003,58.194,43.167,0,0.532,0.395,0.017,0.12,0.685,4.966,11.611,-4.625e-4,0,0.225,0.525,0.3,0.049,866.717,0.001,335.264,0.048,6.4,32.17
18.842,14.605,2643.066,456.9,0.262,0.003,58.257,43.167,0,0.532,0.395,0.017,0.12,0.683,4.834,11.375,2.146e-4,0,0.218,0.525,0.307,0.024,866.735,0.001,335.265,0.048,6.4,32.17
18.856,14.354,2643.066,456.9,0.262,0.003,58.307,43.167,0,0.532,0.395,0.017,0.12,0.682,4.732,11.188,7.852e-6,0,0.21,0.525,0.314,0.007,866.754,0.001,335.265,0.049,6.4,32.17
18.871,14.193,2643.066,456.9,0.262,0.003,58.34,43.167,0,0.532,0.395,0.017,0.12,0.68,4.666,11.063,2.282e-4,0,0.203,0.525,0.321,-1.385e-6,866.773,0.001,335.266,0.049,6.4,32.17
18.885,14.08,2643.066,456.9,0.262,0.003,58.363,43.167,0,0.532,0.395,0.017,0.12,0.68,4.62,10.979,1.658e-4,0,0.197,0.525,0.328,-0.007,866.793,0.001,335.267,0.049,6.4,32.17
18.9,14.022,2643.066,456.9,0.262,0.003,58.375,43.167,0,0.532,0.395,0.017,0.12,0.679,4.597,10.953,-4.365e-4,0,0.19,0.525,0.335,-0.03,866.813,0.001,335.267,0.05,6.4,32.17
18.915,14.081,2643.066,456.9,0.262,0.003,58.363,43.167,0,0.532,0.395,0.017,0.12,0.68,4.621,11.042,1.54e-4,0,0.184,0.525,0.341,-0.069,866.834,0.001,335.268,0.05,6.4,32.17
18.931,14.205,2643.066,456.9,0.262,0.003,58.338,43.167,0,0.532,0.395,0.017,0.12,0.681,4.671,11.196,-4.248e-4,0,0.177,0.525,0.347,-0.122,866.856,0.001,335.269,0.051,6.4,32.17
18.946,14.395,2643.066,456.9,0.262,0.003,58.3,43.167,0,0.532,0.395,0.017,0.12,0.682,4.749,11.415,2.33e-4,0,0.172,0.525,0.353,-0.186,866.878,0.001,335.27,0.051,6.4,32.17
18.962,14.436,2643.066,456.9,0.262,0.003,58.292,43.167,0,0.532,0.395,0.017,0.12,0.682,4.765,11.518,-7.487e-5,0,0.165,0.525,0.36,-0.255,866.901,0.001,335.271,0.051,6.4,32.17
18.979,14.469,2643.066,456.9,0.262,0.003,58.286,43.167,0,0.532,0.395,0.017,0.12,0.683,4.779,11.62,2.941e-4,0,0.158,0.525,0.367,-0.331,866.925,0.001,335.272,0.051,6.4,32.17
18.996,14.561,2643.066,456.9,0.262,0.003,58.267,43.167,0,0.532,0.395,0.017,0.12,0.683,4.816,11.776,4.254e-4,0,0.151,0.525,0.373,-0.411,866.95,0.001,335.272,0.052,6.4,32.17
19.013,14.979,2643.066,456.9,0.262,0.003,58.185,43.167,0,0.532,0.395,0.017,0.12,0.686,4.989,12.198,1.568e-4,0,0.146,0.525,0.379,-0.49,866.976,0.001,335.273,0.052,6.4,32.17
19.031,15.546,2643.066,456.9,0.262,0.003,58.075,43.167,0,0.532,0.395,0.017,0.12,0.689,5.226,12.733,-8.398e-5,0,0.141,0.525,0.384,-0.559,867.003,0.001,335.274,0.053,6.4,32.17
19.049,16.164,2643.066,456.9,0.262,0.003,57.959,43.167,0,0.532,0.395,0.017,0.12,0.691,5.487,13.297,1.522e-4,0,0.136,0.525,0.389,-0.615,867.031,0.001,335.275,0.053,6.4,32.17
19.068,16.634,2643.066,456.9,0.262,0.003,57.873,43.167,0,0.533,0.395,0.017,0.12,0.692,5.689,13.732,-3.216e-4,0,0.131,0.525,0.394,-0.66,867.059,0.001,335.277,0.054,6.4,32.17
19.087,17.14,2643.066,456.9,0.262,0.003,57.782,43.167,0,0.533,0.395,0.017,0.12,0.692,5.908,14.183,4.911e-4,0,0.126,0.525,0.399,-0.691,867.089,0.001,335.278,0.054,6.4,32.17
19.106,17.713,2643.066,456.9,0.262,0.003,57.682,43.167,0,0.533,0.395,0.017,0.12,0.692,6.159,14.677,-1.167e-4,0,0.121,0.525,0.404,-0.707,867.12,0.001,335.279,0.054,6.4,32.17
19.126,18.38,2643.066,456.9,0.262,0.003,57.568,43.167,0,0.533,0.395,0.017,0.12,0.691,6.456,15.233,-8.271e-5,0,0.116,0.525,0.409,-0.706,867.152,0.001,335.28,0.055,6.4,32.17
19.147,19.062,2643.066,456.9,0.262,0.003,57.456,43.167,0,0.533,0.395,0.017,0.12,0.689,6.763,15.79,-4.257e-4,0,0.112,0.525,0.413,-0.691,867.185,0.001,335.281,0.055,6.4,32.17
19.168,19.579,2643.066,456.9,0.262,0.003,57.373,43.167,0,0.533,0.395,0.017,0.12,0.687,6.999,16.202,1.461e-4,0,0.107,0.525,0.418,-0.667,867.22,0.001,335.282,0.056,6.4,32.17
19.189,20.066,2643.066,456.9,0.262,0.003,57.296,43.167,0,0.533,0.395,0.017,0.12,0.685,7.209,16.516,-3.134e-4,0,0.098,0.521,0.423,-0.633,867.256,0.001,335.284,0.056,6.4,32.17
19.212,20.711,2643.066,456.9,0.262,0.003,57.197,43.167,0,0.533,0.395,0.017,0.12,0.682,7.373,16.392,-4.118e-4,0,0.062,0.487,0.426,-0.585,867.295,0.001,335.285,0.057,6.4,32.17
19.247,21.807,2643.066,456.9,0.262,0.003,57.036,43.167,0,0.533,0.395,0.018,0.12,0.676,7.658,16.183,-3.994e-4,0,0.007,0.43,0.423,-0.5,867.354,0.001,335.287,0.058,6.4,32.17
19.284,22.547,2643.066,456.9,0.262,0.003,56.932,43.167,0,0.533,0.395,0.018,0.12,0.671,7.857,16.014,-1.42e-4,0,-0.025,0.391,0.417,-0.411,867.42,0.001,335.29,0.058,6.4,32.17
19.317,23.279,2643.066,456.9,0.262,0.003,56.832,43.167,0,0.533,0.395,0.018,0.12,0.665,8.058,15.855,-2.693e-4,0,-0.054,0.353,0.406,-0.329,867.481,0.001,335.292,0.059,6.4,32.17
19.349,24.02,2643.066,456.9,0.262,0.003,56.735,43.167,0,0.533,0.395,0.018,0.12,0.659,8.265,15.706,-4.318e-4,0,-0.079,0.314,0.393,-0.255,867.538,0.001,335.294,0.06,6.4,32.17
19.374,24.394,2643.066,456.9,0.262,0.003,56.687,43.167,0,0.533,0.395,0.018,0.12,0.656,8.371,15.617,-3.504e-4,0,-0.087,0.294,0.381,-0.203,867.585,0.001,335.296,0.06,6.4,32.17
19.396,24.651,2643.066,456.9,0.262,0.003,56.655,43.167,0,0.533,0.395,0.018,0.12,0.653,8.445,15.549,-9.156e-5,0,-0.09,0.281,0.371,-0.16,867.627,0.001,335.298,0.061,6.4,32.17
19.417,24.85,2643.066,456.9,0.262,0.003,56.63,43.167,0,0.533,0.395,0.018,0.12,0.651,8.503,15.494,2.473e-4,0,-0.09,0.27,0.36,-0.123,867.668,0.001,335.299,0.061,6.4,32.17
19.438,24.987,2643.066,456.9,0.262,0.003,56.613,43.167,0,0.533,0.395,0.018,0.12,0.65,8.542,15.449,-4.901e-4,0,-0.087,0.263,0.35,-0.092,867.709,0.001,335.301,0.062,6.4,32.17
19.46,24.985,2643.066,456.9,0.262,0.003,56.613,43.167,0,0.533,0.395,0.018,0.121,0.65,8.542,15.421,4.256e-4,0,-0.077,0.263,0.341,-0.064,867.75,0.001,335.302,0.062,6.4,32.17
19.483,24.803,2643.066,456.9,0.262,0.003,56.636,43.167,0,0.533,0.395,0.018,0.121,0.652,8.489,15.414,9.451e-5,0,-0.059,0.273,0.332,-0.04,867.797,0.001,335.304,0.063,6.4,32.17
19.508,24.517,2643.066,456.9,0.262,0.003,56.672,43.167,0,0.533,0.395,0.018,0.121,0.655,8.407,15.423,-1.724e-4,0,-0.037,0.288,0.325,-0.02,867.847,0.001,335.306,0.063,6.4,32.17
19.532,24.134,2643.066,456.9,0.262,0.003,56.721,43.167,0,0.533,0.395,0.018,0.121,0.658,8.298,15.447,4.098e-4,0,-0.012,0.308,0.32,-0.007,867.896,0.001,335.307,0.064,6.4,32.17
19.555,23.723,2643.066,456.9,0.262,0.003,56.774,43.167,0,0.533,0.395,0.018,0.121,0.662,8.182,15.482,1.021e-4,0,0.012,0.329,0.318,-8.179e-4,867.944,0.001,335.309,0.064,6.4,32.17
19.578,23.387,2643.066,456.9,0.262,0.003,56.818,43.167,0,0.533,0.395,0.018,0.121,0.665,8.088,15.515,-5.161e-5,0,0.03,0.347,0.317,6.922e-4,867.992,0.001,335.311,0.065,6.4,32.17
19.601,22.981,2643.066,456.9,0.262,0.003,56.873,43.167,0,0.533,0.395,0.018,0.121,0.668,7.976,15.551,2.041e-4,0,0.051,0.368,0.318,0.006,868.039,0.001,335.313,0.065,6.4,32.17
19.623,22.634,2643.066,456.9,0.262,0.003,56.921,43.167,0,0.533,0.395,0.018,0.121,0.671,7.881,15.577,-4.687e-5,0,0.066,0.387,0.32,0.018,868.086,0.001,335.315,0.066,6.4,32.17
19.644,22.212,2643.066,456.9,0.262,0.003,56.979,43.167,0,0.533,0.395,0.018,0.121,0.674,7.767,15.606,2.29e-4,0,0.085,0.409,0.324,0.034,868.132,0.001,335.316,0.067,6.4,32.17
19.663,21.593,2643.066,456.9,0.262,0.003,57.068,43.167,0,0.533,0.395,0.018,0.121,0.678,7.602,15.656,2.07e-4,0,0.111,0.441,0.33,0.053,868.173,0.001,335.318,0.067,6.4,32.17
19.678,21.033,2643.066,456.9,0.262,0.003,57.15,43.167,0,0.533,0.395,0.018,0.121,0.681,7.456,15.702,2.834e-4,0,0.135,0.471,0.336,0.07,868.204,0.001,335.319,0.067,6.4,32.17
19.689,20.55,2643.066,456.9,0.262,0.003,57.222,43.167,0,0.533,0.395,0.018,0.121,0.684,7.332,15.743,1.085e-4,0,0.154,0.496,0.342,0.085,868.23,0.001,335.32,0.068,6.4,32.17
19.699,20.112,2643.066,456.9,0.262,0.003,57.29,43.167,0,0.533,0.395,0.018,0.121,0.686,7.221,15.78,-1.1e-4,0,0.171,0.519,0.348,0.099,868.252,0.001,335.321,0.068,6.4,32.17
19.708,19.794,2643.066,456.9,0.262,0.003,57.339,43.167,0,0.533,0.395,0.018,0.121,0.687,7.098,15.606,-4.681e-4,0,0.172,0.525,0.353,0.113,868.272,0.001,335.321,0.068,6.4,32.17
19.717,19.473,2643.066,456.9,0.262,0.003,57.39,43.167,0,0.533,0.395,0.018,0.121,0.688,6.951,15.321,4.28e-4,0,0.167,0.525,0.358,0.127,868.292,0.001,335.322,0.068,6.4,32.17
19.726,19.13,2643.066,456.9,0.262,0.003,57.445,43.167,0,0.533,0.395,0.018,0.121,0.69,6.794,15.017,-2.716e-5,0,0.161,0.525,0.364,0.142,868.313,0.001,335.323,0.068,6.4,32.17
19.736,18.764,2643.066,456.9,0.262,0.003,57.505,43.167,0,0.533,0.395,0.018,0.121,0.691,6.629,14.693,1.094e-4,0,0.156,0.525,0.369,0.157,868.334,0.001,335.324,0.069,6.4,32.17
19.746,18.374,2643.066,456.9,0.262,0.003,57.57,43.167,0,0.533,0.395,0.018,0.121,0.692,6.454,14.351,4.789e-4,0,0.151,0.525,0.374,0.173,868.355,0.001,335.325,0.069,6.4,32.17
19.755,17.935,2643.066,456.9,0.262,0.003,57.644,43.167,0,0.533,0.395,0.018,0.121,0.692,6.258,13.967,-1.125e-5,0,0.146,0.525,0.379,0.19,868.378,0.001,335.325,0.069,6.4,32.17
19.766,17.447,2643.066,456.9,0.262,0.003,57.729,43.167,0,0.533,0.395,0.018,0.121,0.693,6.043,13.543,-1.343e-4,0,0.141,0.525,0.384,0.207,868.401,0.001,335.326,0.069,6.4,32.17
19.776,16.932,2643.066,456.9,0.262,0.003,57.82,43.167,0,0.533,0.395,0.018,0.121,0.693,5.818,13.098,-4.901e-4,0,0.136,0.525,0.389,0.224,868.425,0.001,335.327,0.07,6.4,32.17
19.787,16.389,2643.066,456.9,0.262,0.003,57.919,43.167,0,0.533,0.395,0.018,0.121,0.693,5.584,12.631,-2.824e-4,0,0.131,0.525,0.393,0.24,868.449,0.001,335.328,0.07,6.4,32.17
19.798,15.817,2643.066,456.9,0.262,0.003,58.025,43.167,0,0.533,0.395,0.018,0.121,0.691,5.34,12.142,8.679e-5,0,0.127,0.525,0.398,0.256,868.475,0.001,335.329,0.07,6.4,32.17
19.809,15.22,2643.066,456.9,0.262,0.003,58.139,43.167,0,0.533,0.395,0.018,0.121,0.688,5.09,11.636,-3.257e-4,0,0.122,0.525,0.403,0.271,868.501,0.001,335.33,0.071,6.4,32.17
19.821,14.595,2643.066,456.9,0.262,0.003,58.262,43.167,0,0.533,0.395,0.018,0.121,0.685,4.831,11.109,2.195e-4,0,0.118,0.525,0.407,0.285,868.529,0.001,335.331,0.071,6.4,32.17
19.833,13.94,2643.066,456.9,0.262,0.003,58.394,43.167,0,0.533,0.395,0.018,0.121,0.68,4.564,10.563,-4.984e-4,0,0.113,0.525,0.412,0.297,868.557,0.001,335.332,0.071,6.4,32.17
19.845,13.258,2643.066,456.9,0.262,0.003,58.537,43.167,0,0.533,0.395,0.018,0.121,0.673,4.291,9.998,-3.539e-4,0,0.109,0.525,0.416,0.307,868.586,0.001,335.333,0.072,6.4,32.17
19.858,12.567,2643.066,456.9,0.262,0.003,58.686,43.167,0,0.533,0.395,0.018,0.121,0.666,4.019,9.433,4.483e-4,0,0.105,0.525,0.42,0.313,868.617,0.001,335.334,0.072,6.4,32.17
19.871,11.863,2643.066,456.9,0.262,0.003,58.842,43.167,0,0.533,0.395,0.018,0.121,0.658,3.747,8.863,2.873e-5,0,0.101,0.525,0.424,0.315,868.648,0.001,335.335,0.072,6.4,32.17
19.885,11.138,2643.066,456.9,0.262,0.003,59.008,43.167,0,0.533,0.395,0.018,0.121,0.649,3.473,8.285,3.877e-4,0,0.097,0.525,0.428,0.312,868.681,0.001,335.337,0.073,6.4,32.17
19.899,10.399,2643.066,456.9,0.262,0.003,59.184,43.167,0,0.533,0.395,0.018,0.121,0.64,3.199,7.705,-3.244e-4,0,0.093,0.525,0.432,0.302,868.714,0.001,335.338,0.073,6.4,32.17
19.913,9.622,2643.066,456.9,0.262,0.003,59.375,43.167,0,0.533,0.395,0.018,0.121,0.629,2.918,7.108,2.444e-4,0,0.089,0.525,0.436,0.283,868.749,0.001,335.339,0.073,6.4,32.17
19.928,8.849,2643.066,456.9,0.262,0.003,59.573,43.167,0,0.533,0.395,0.018,0.121,0.618,2.644,6.526,-2.022e-4,0,0.085,0.525,0.44,0.252,868.786,0.001,335.34,0.074,6.4,32.17
19.943,8.1,2643.066,456.9,0.262,0.003,59.771,43.167,0,0.533,0.395,0.018,0.121,0.608,2.386,5.98,2.061e-4,0,0.082,0.525,0.443,0.21,868.823,0.001,335.342,0.074,6.4,32.17
19.959,7.377,2643.066,456.9,0.262,0.003,59.968,43.167,0,0.533,0.395,0.018,0.121,0.598,2.142,5.472,-1.987e-4,0,0.078,0.525,0.447,0.152,868.862,0.001,335.343,0.075,6.4,32.17
19.975,6.737,2643.066,456.9,0.262,0.003,60.149,43.167,0,0.533,0.395,0.018,0.121,0.589,1.931,5.039,2.209e-4,0,0.075,0.525,0.45,0.086,868.903,0.001,335.345,0.075,6.4,32.17
19.992,6.258,2643.066,456.9,0.262,0.003,60.288,43.167,0,0.533,0.395,0.018,0.121,0.583,1.777,4.727,1.142e-4,0,0.071,0.525,0.454,0.026,868.946,0.001,335.346,0.075,6.4,32.17
20.01,6.013,2643.066,456.9,0.262,0.003,60.36,43.167,0,0.533,0.395,0.018,0.121,0.579,1.699,4.563,2.796e-4,0,0.068,0.525,0.457,1.429e-4,868.99,0.001,335.348,0.076,6.4,32.17
20.028,6.02,2643.066,456.9,0.262,0.003,60.358,43.167,0,0.533,0.395,0.018,0.121,0.579,1.701,4.588,4.873e-5,0,0.066,0.525,0.459,-0.02,869.036,0.001,335.35,0.076,6.4,32.17
20.047,6.278,2643.066,456.9,0.262,0.003,60.281,43.167,0,0.534,0.395,0.018,0.121,0.583,1.783,4.848,-1.716e-5,0,0.063,0.525,0.462,-0.079,869.084,0.001,335.352,0.077,6.4,32.17
20.066,6.74,2643.066,456.9,0.262,0.003,60.147,43.167,0,0.534,0.395,0.018,0.121,0.589,1.933,5.277,1.993e-4,0,0.06,0.525,0.465,-0.149,869.133,0.001,335.353,0.077,6.4,32.17
20.085,7.365,2643.066,456.9,0.262,0.003,59.971,43.167,0,0.534,0.395,0.018,0.121,0.598,2.138,5.824,-1.061e-4,0,0.058,0.525,0.467,-0.21,869.185,0.001,335.355,0.078,6.4,32.17
20.105,8.163,2643.066,456.9,0.262,0.003,59.753,43.167,0,0.534,0.395,0.018,0.121,0.609,2.407,6.494,-1.252e-4,0,0.056,0.525,0.469,-0.255,869.237,0.001,335.357,0.078,6.4,32.17
20.126,9.213,2643.066,456.9,0.262,0.003,59.478,43.167,0,0.534,0.395,0.018,0.121,0.624,2.773,7.349,1.763e-4,0,0.053,0.525,0.472,-0.283,869.292,0.001,335.359,0.079,6.4,32.17
20.148,10.354,2643.066,456.9,0.262,0.003,59.195,43.167,0,0.534,0.395,0.018,0.121,0.639,3.183,8.256,6.643e-5,0,0.05,0.525,0.475,-0.285,869.349,0.001,335.361,0.079,6.4,32.17
20.17,11.421,2643.066,456.9,0.262,0.003,58.944,43.167,0,0.534,0.395,0.018,0.121,0.653,3.58,9.089,1.688e-5,0,0.048,0.525,0.477,-0.265,869.41,0.001,335.364,0.08,6.4,32.17
20.193,12.459,2643.066,456.9,0.262,0.003,58.71,43.167,0,0.534,0.395,0.018,0.121,0.666,3.977,9.892,4.506e-4,0,0.046,0.525,0.479,-0.233,869.472,0.001,335.366,0.081,6.4,32.17
20.217,13.454,2643.066,456.9,0.262,0.003,58.497,43.167,0,0.534,0.395,0.018,0.121,0.676,4.369,10.659,3.335e-4,0,0.044,0.525,0.481,-0.193,869.537,0.001,335.368,0.081,6.4,32.17
20.239,14.307,2643.066,456.9,0.262,0.003,58.322,43.167,0,0.534,0.395,0.018,0.121,0.683,4.714,11.314,-7.279e-5,0,0.042,0.525,0.483,-0.153,869.599,0.001,335.371,0.082,6.4,32.17
20.261,15.043,2643.066,456.9,0.262,0.003,58.176,43.167,0,0.534,0.395,0.018,0.121,0.688,5.017,11.88,2.686e-4,0,0.041,0.525,0.484,-0.115,869.659,0.001,335.373,0.082,6.4,32.17
20.282,15.672,2643.066,456.9,0.262,0.003,58.055,43.167,0,0.534,0.395,0.018,0.121,0.691,5.28,12.363,1.929e-4,0,0.039,0.525,0.486,-0.08,869.719,0.001,335.375,0.083,6.4,32.17
20.304,16.192,2643.066,456.9,0.262,0.003,57.958,43.167,0,0.534,0.395,0.018,0.121,0.693,5.501,12.763,-3.282e-5,0,0.038,0.525,0.487,-0.051,869.779,0.001,335.377,0.083,6.4,32.17
20.325,16.631,2643.066,456.9,0.262,0.003,57.878,43.167,0,0.534,0.395,0.018,0.121,0.694,5.689,13.102,-1.506e-4,0,0.036,0.525,0.489,-0.026,869.84,0.001,335.379,0.084,6.4,32.17
20.348,16.947,2643.066,456.9,0.262,0.003,57.821,43.167,0,0.534,0.395,0.018,0.121,0.694,5.825,13.348,1.407e-4,0,0.035,0.525,0.49,-0.009,869.903,0.001,335.382,0.084,6.4,32.17
20.368,17.027,2643.066,456.9,0.262,0.003,57.807,43.167,0,0.534,0.395,0.018,0.121,0.694,5.86,13.407,-4.529e-4,0,0.034,0.525,0.491,-0.001,869.962,0.001,335.384,0.085,6.4,32.17
20.387,16.983,2643.066,456.9,0.262,0.003,57.815,43.167,0,0.534,0.395,0.018,0.121,0.694,5.841,13.369,-8.442e-5,0,0.033,0.525,0.492,5.446e-4,870.017,0.001,335.386,0.085,6.4,32.17
20.406,16.844,2643.066,456.9,0.262,0.003,57.84,43.167,0,0.534,0.395,0.018,0.121,0.694,5.781,13.247,-3.362e-4,0,0.032,0.525,0.493,0.006,870.07,0.001,335.388,0.086,6.4,32.17
20.423,16.623,2643.066,456.9,0.262,0.003,57.88,43.167,0,0.534,0.395,0.018,0.121,0.694,5.685,13.054,4.668e-4,0,0.032,0.525,0.493,0.017,870.121,0.001,335.39,0.086,6.4,32.17
20.44,16.325,2643.066,456.9,0.262,0.003,57.935,43.167,0,0.534,0.395,0.018,0.121,0.693,5.558,12.792,1.884e-5,0,0.031,0.525,0.494,0.032,870.171,0.001,335.392,0.086,6.4,32.17
20.457,15.945,2643.066,456.9,0.262,0.003,58.006,43.167,0,0.534,0.395,0.019,0.121,0.692,5.395,12.459,-6.293e-5,0,0.031,0.525,0.494,0.051,870.221,0.001,335.394,0.087,6.4,32.17
20.474,15.478,2643.066,456.9,0.262,0.003,58.094,43.167,0,0.534,0.395,0.019,0.121,0.691,5.199,12.052,1.217e-4,0,0.03,0.525,0.495,0.073,870.27,0.001,335.395,0.087,6.4,32.17
20.49,14.942,2643.066,456.9,0.262,0.003,58.198,43.167,0,0.534,0.395,0.019,0.121,0.688,4.975,11.587,1.412e-4,0,0.03,0.525,0.495,0.097,870.32,0.001,335.397,0.088,6.4,32.17
20.507,14.337,2643.066,456.9,0.262,0.003,58.319,43.167,0,0.534,0.395,0.019,0.121,0.684,4.726,11.065,4.567e-4,0,0.03,0.525,0.496,0.124,870.37,0.001,335.399,0.088,6.4,32.17
20.525,13.661,2643.066,456.9,0.262,0.003,58.457,43.167,0,0.534,0.395,0.019,0.121,0.678,4.453,10.487,-4.451e-4,0,0.029,0.525,0.496,0.151,870.422,0.001,335.401,0.089,6.4,32.17
20.542,12.902,2643.066,456.9,0.262,0.003,58.618,43.167,0,0.534,0.395,0.019,0.121,0.671,4.151,9.843,3.02e-4,0,0.029,0.525,0.496,0.179,870.476,0.001,335.403,0.089,6.4,32.17
20.561,12.094,2643.066,456.9,0.262,0.003,58.795,43.167,0,0.534,0.395,0.019,0.121,0.662,3.837,9.165,8.955e-5,0,0.028,0.525,0.497,0.204,870.533,0.001,335.405,0.089,6.4,32.17
20.581,11.217,2643.066,456.9,0.262,0.003,58.995,43.167,0,0.534,0.395,0.019,0.121,0.651,3.503,8.438,-4.157e-4,0,0.028,0.525,0.497,0.226,870.594,0.001,335.407,0.09,6.4,32.17
20.603,10.222,2643.066,456.9,0.262,0.003,59.232,43.167,0,0.534,0.395,0.019,0.121,0.638,3.135,7.63,1.518e-4,0,0.027,0.525,0.498,0.24,870.66,0.001,335.41,0.09,6.4,32.17
20.627,9.029,2643.066,456.9,0.262,0.003,59.53,43.167,0,0.534,0.395,0.019,0.121,0.622,2.708,6.687,2.684e-4,0,0.027,0.525,0.498,0.237,870.735,0.001,335.413,0.091,6.4,32.17
20.656,7.677,2643.066,456.9,0.262,0.003,59.889,43.167,0,0.534,0.395,0.019,0.121,0.603,2.243,5.662,4.882e-4,0,0.027,0.525,0.499,0.198,870.824,0.001,335.416,0.092,6.4,32.17
20.687,6.433,2643.066,456.9,0.262,0.003,60.239,43.167,0,0.534,0.395,0.019,0.121,0.586,1.833,4.783,-2.179e-4,0,0.026,0.525,0.499,0.107,870.924,0.001,335.42,0.093,6.4,32.17
20.718,5.712,2643.066,456.9,0.262,0.003,60.452,43.167,0,0.534,0.395,0.019,0.121,0.577,1.604,4.317,3.15e-4,0,0.026,0.525,0.499,0.014,871.023,0.001,335.423,0.094,6.4,32.17
20.749,5.764,2643.066,456.9,0.262,0.003,60.436,43.167,0,0.534,0.394,0.019,0.121,0.577,1.62,4.391,-2.349e-5,0,0.026,0.525,0.499,-0.019,871.123,0.001,335.427,0.094,6.4,32.17
20.78,6.581,2643.066,456.9,0.262,0.003,60.197,43.167,0,0.534,0.394,0.019,0.121,0.588,1.881,5.109,2.337e-4,0,0.026,0.525,0.5,-0.103,871.222,0.001,335.431,0.095,6.4,32.17
20.811,7.832,2643.066,456.9,0.262,0.003,59.848,43.167,0,0.535,0.394,0.019,0.121,0.605,2.295,6.15,1.205e-4,0,0.025,0.525,0.5,-0.168,871.322,0.001,335.434,0.096,6.4,32.17
20.841,9.253,2643.066,456.9,0.262,0.003,59.474,43.167,0,0.535,0.394,0.019,0.121,0.625,2.787,7.289,4.307e-4,0,0.024,0.525,0.501,-0.187,871.423,0.001,335.438,0.097,6.4,32.17
20.864,10.309,2643.066,456.9,0.262,0.003,59.212,43.167,0,0.535,0.394,0.019,0.121,0.64,3.167,8.119,4.315e-4,0,0.024,0.525,0.501,-0.179,871.498,0.001,335.441,0.097,6.4,32.17
20.883,11.172,2643.066,456.9,0.262,0.003,59.007,43.167,0,0.535,0.394,0.019,0.121,0.651,3.487,8.79,-3.37e-4,0,0.023,0.525,0.502,-0.161,871.563,0.001,335.443,0.098,6.4,32.17
20.901,11.896,2643.066,456.9,0.262,0.003,58.841,43.167,0,0.535,0.394,0.019,0.121,0.66,3.761,9.353,-3.59e-4,0,0.023,0.525,0.502,-0.141,871.621,0.001,335.445,0.098,6.4,32.17
20.917,12.513,2643.066,456.9,0.262,0.003,58.704,43.167,0,0.535,0.394,0.019,0.121,0.667,3.999,9.829,-4.712e-4,0,0.023,0.525,0.503,-0.12,871.676,0.001,335.447,0.099,6.4,32.17
20.932,13.041,2643.066,456.9,0.262,0.003,58.59,43.167,0,0.535,0.394,0.019,0.121,0.673,4.207,10.237,9.489e-5,0,0.022,0.525,0.503,-0.099,871.727,0.001,335.449,0.099,6.4,32.17
20.947,13.494,2643.066,456.9,0.262,0.003,58.494,43.167,0,0.535,0.394,0.019,0.121,0.677,4.386,10.585,-4.771e-4,0,0.022,0.525,0.503,-0.079,871.777,0.001,335.451,0.099,6.4,32.17
20.961,13.87,2643.066,456.9,0.262,0.003,58.416,43.167,0,0.535,0.394,0.019,0.121,0.681,4.537,10.873,-1.106e-4,0,0.022,0.525,0.503,-0.061,871.825,0.001,335.453,0.1,6.4,32.17
20.975,14.182,2643.066,456.9,0.262,0.003,58.353,43.167,0,0.535,0.394,0.019,0.121,0.683,4.664,11.111,3.777e-4,0,0.022,0.525,0.504,-0.045,871.872,0.001,335.455,0.1,6.4,32.17
20.988,14.434,2643.066,456.9,0.262,0.003,58.302,43.167,0,0.535,0.394,0.019,0.121,0.685,4.767,11.304,-4.58e-4,0,0.021,0.525,0.504,-0.031,871.919,0.001,335.457,0.1,6.4,32.17
21.002,14.633,2643.066,456.9,0.262,0.003,58.262,43.167,0,0.535,0.394,0.019,0.121,0.687,4.848,11.455,1.896e-4,0,0.021,0.525,0.504,-0.02,871.966,0.001,335.458,0.101,6.4,32.17
21.016,14.796,2643.066,456.9,0.262,0.003,58.23,43.167,0,0.535,0.394,0.019,0.121,0.688,4.916,11.58,-3.025e-4,0,0.021,0.525,0.505,-0.01,872.013,0.001,335.46,0.101,6.4,32.17
21.029,14.902,2643.066,456.9,0.262,0.003,58.209,43.167,0,0.535,0.394,0.019,0.121,0.689,4.959,11.66,-1.707e-4,0,0.02,0.525,0.505,-0.004,872.06,0.001,335.462,0.101,6.4,32.17
21.043,14.949,2643.066,456.9,0.262,0.003,58.2,43.167,0,0.535,0.394,0.019,0.121,0.689,4.979,11.695,3.691e-4,0,0.02,0.525,0.505,-5.422e-4,872.108,0.001,335.464,0.102,6.4,32.17
21.057,14.921,2643.066,456.9,0.262,0.003,58.205,43.167,0,0.535,0.394,0.019,0.121,0.689,4.967,11.672,1.389e-4,0,0.02,0.525,0.506,2.878e-4,872.157,0.001,335.465,0.102,6.4,32.17
21.071,14.814,2643.066,456.9,0.262,0.003,58.226,43.167,0,0.535,0.394,0.019,0.121,0.688,4.923,11.581,2.153e-4,0,0.019,0.525,0.506,0.003,872.208,0.001,335.467,0.102,6.4,32.17
21.087,14.631,2643.066,456.9,0.262,0.003,58.262,43.167,0,0.535,0.394,0.019,0.121,0.687,4.848,11.424,4.13e-4,0,0.019,0.525,0.506,0.01,872.261,0.001,335.469,0.103,6.4,32.17
21.102,14.361,2643.066,456.9,0.262,0.003,58.316,43.167,0,0.535,0.394,0.019,0.121,0.685,4.737,11.192,3.507e-4,0,0.019,0.525,0.506,0.021,872.317,0.001,335.471,0.103,6.4,32.17
21.119,13.978,2643.066,456.9,0.262,0.003,58.394,43.167,0,0.535,0.394,0.019,0.121,0.682,4.581,10.864,-3.345e-4,0,0.019,0.525,0.506,0.035,872.377,0.001,335.473,0.103,6.4,32.17
21.136,13.517,2643.066,456.9,0.262,0.003,58.49,43.167,0,0.535,0.394,0.019,0.121,0.678,4.396,10.471,1.934e-4,0,0.019,0.525,0.506,0.052,872.437,0.001,335.476,0.104,6.4,32.17
21.153,13.003,2643.066,456.9,0.262,0.003,58.598,43.167,0,0.535,0.394,0.019,0.121,0.673,4.192,10.036,1.812e-4,0,0.019,0.525,0.506,0.071,872.495,0.001,335.478,0.104,6.4,32.17
21.169,12.454,2643.066,456.9,0.262,0.003,58.717,43.167,0,0.535,0.394,0.019,0.121,0.667,3.977,9.573,-1.534e-4,0,0.019,0.525,0.507,0.09,872.553,0.001,335.48,0.105,6.4,32.17
21.185,11.848,2643.066,456.9,0.262,0.003,58.852,43.167,0,0.535,0.394,0.019,0.121,0.66,3.743,9.066,-1.47e-4,0,0.018,0.525,0.507,0.108,872.61,0.001,335.482,0.105,6.4,32.17
21.201,11.185,2643.066,456.9,0.262,0.003,59.004,43.167,0,0.535,0.394,0.019,0.121,0.652,3.492,8.515,-4.846e-4,0,0.018,0.525,0.507,0.125,872.669,0.001,335.484,0.105,6.4,32.17
21.217,10.45,2643.066,456.9,0.262,0.003,59.179,43.167,0,0.535,0.394,0.019,0.121,0.643,3.219,7.915,-1.963e-4,0,0.018,0.525,0.507,0.139,872.728,0.001,335.486,0.106,6.4,32.17
21.234,9.66,2643.066,456.9,0.262,0.003,59.372,43.167,0,0.535,0.394,0.019,0.121,0.632,2.932,7.278,4.594e-4,0,0.018,0.525,0.507,0.147,872.791,0.001,335.489,0.106,6.4,32.17
21.252,8.816,2643.066,456.9,0.262,0.003,59.587,43.167,0,0.535,0.394,0.019,0.121,0.62,2.634,6.609,-2.066e-4,0,0.018,0.525,0.507,0.148,872.856,0.001,335.491,0.107,6.4,32.17
21.272,7.921,2643.066,456.9,0.262,0.003,59.825,43.167,0,0.535,0.394,0.019,0.121,0.607,2.326,5.917,-2.032e-5,0,0.018,0.525,0.507,0.137,872.928,0.001,335.494,0.107,6.4,32.17
21.293,6.992,2643.066,456.9,0.262,0.003,60.082,43.167,0,0.535,0.394,0.019,0.122,0.594,2.016,5.22,-8.782e-5,0,0.018,0.525,0.507,0.107,873.007,0.001,335.497,0.108,6.4,32.17
21.319,6.108,2643.066,456.9,0.262,0.003,60.338,43.167,0,0.535,0.394,0.019,0.122,0.583,1.73,4.588,-5.849e-5,0,0.018,0.525,0.507,0.052,873.102,0.001,335.5,0.108,6.4,32.17
21.352,5.551,2643.066,456.9,0.262,0.003,60.506,43.167,0,0.535,0.394,0.02,0.122,0.576,1.554,4.209,5.712e-5,0,0.018,0.525,0.507,3.886e-4,873.226,0.001,335.505,0.109,6.4,32.17
21.384,5.802,2643.066,456.9,0.262,0.003,60.431,43.167,0,0.536,0.394,0.02,0.122,0.579,1.633,4.441,3.319e-4,0,0.018,0.525,0.508,-0.037,873.348,0.001,335.509,0.11,6.4,32.17
21.411,6.545,2643.066,456.9,0.262,0.003,60.213,43.167,0,0.536,0.394,0.02,0.122,0.589,1.87,5.074,-3.045e-4,0,0.018,0.525,0.508,-0.094,873.451,0.001,335.513,0.111,6.4,32.17
21.436,7.485,2643.066,456.9,0.262,0.003,59.947,43.167,0,0.536,0.394,0.02,0.122,0.602,2.179,5.841,3.525e-4,0,0.018,0.525,0.508,-0.127,873.547,0.001,335.517,0.111,6.4,32.17
21.461,8.492,2643.066,456.9,0.262,0.003,59.675,43.167,0,0.536,0.394,0.02,0.122,0.616,2.522,6.639,4.124e-4,0,0.018,0.525,0.508,-0.135,873.641,0.001,335.52,0.112,6.4,32.17
21.485,9.472,2643.066,456.9,0.262,0.003,59.422,43.167,0,0.536,0.394,0.02,0.122,0.63,2.866,7.403,-4.527e-4,0,0.017,0.526,0.508,-0.124,873.734,0.001,335.524,0.113,6.4,32.17
21.503,10.162,2643.066,456.9,0.262,0.003,59.251,43.167,0,0.536,0.394,0.02,0.122,0.639,3.114,7.933,-2.562e-4,0,0.017,0.526,0.508,-0.107,873.807,0.001,335.526,0.113,6.4,32.17
21.519,10.639,2643.066,456.9,0.262,0.003,59.136,43.167,0,0.536,0.394,0.02,0.122,0.646,3.289,8.297,4.661e-4,0,0.017,0.526,0.509,-0.09,873.87,0.001,335.529,0.114,6.4,32.17
21.534,11.02,2643.066,456.9,0.262,0.003,59.045,43.167,0,0.536,0.394,0.02,0.122,0.651,3.43,8.585,-2.049e-4,0,0.017,0.526,0.509,-0.074,873.928,0.001,335.531,0.114,6.4,32.17
21.548,11.324,2643.066,456.9,0.262,0.003,58.974,43.167,0,0.536,0.394,0.02,0.122,0.655,3.545,8.814,3.626e-4,0,0.016,0.526,0.509,-0.059,873.982,0.001,335.533,0.114,6.4,32.17
21.561,11.615,2643.066,456.9,0.262,0.003,58.908,43.167,0,0.536,0.394,0.02,0.122,0.658,3.655,9.034,1.439e-4,0,0.016,0.526,0.509,-0.045,874.033,0.001,335.535,0.115,6.4,32.17
21.573,11.854,2643.066,456.9,0.262,0.003,58.853,43.167,0,0.536,0.394,0.02,0.122,0.661,3.746,9.214,4.278e-4,0,0.016,0.526,0.509,-0.033,874.082,0.001,335.537,0.115,6.4,32.17
21.585,12.038,2643.066,456.9,0.262,0.003,58.812,43.167,0,0.536,0.394,0.02,0.122,0.664,3.816,9.353,-4.712e-4,0,0.016,0.526,0.509,-0.023,874.13,0.001,335.538,0.115,6.4,32.17
21.597,12.171,2643.066,456.9,0.262,0.003,58.783,43.167,0,0.536,0.394,0.02,0.122,0.665,3.868,9.451,5.862e-5,0,0.016,0.526,0.51,-0.015,874.177,0.001,335.54,0.115,6.4,32.17
21.609,12.233,2643.066,456.9,0.262,0.003,58.769,43.167,0,0.536,0.394,0.02,0.122,0.666,3.892,9.495,-1.768e-4,0,0.016,0.526,0.51,-0.008,874.223,0.001,335.542,0.116,6.4,32.17
21.62,12.241,2643.066,456.9,0.262,0.003,58.767,43.167,0,0.536,0.394,0.02,0.122,0.666,3.895,9.497,-3.383e-4,0,0.016,0.526,0.51,-0.003,874.269,0.001,335.544,0.116,6.4,32.17
21.631,12.205,2643.066,456.9,0.262,0.003,58.775,43.167,0,0.536,0.394,0.02,0.122,0.666,3.881,9.465,-2.061e-4,0,0.016,0.526,0.51,-7.718e-4,874.315,0.001,335.545,0.116,6.4,32.17
21.643,12.122,2643.066,456.9,0.262,0.003,58.794,43.167,0,0.536,0.394,0.02,0.122,0.665,3.849,9.398,4.923e-4,0,0.015,0.526,0.51,1.07e-5,874.362,0.001,335.547,0.117,6.4,32.17
21.655,11.995,2643.066,456.9,0.262,0.003,58.822,43.167,0,0.536,0.394,0.02,0.122,0.663,3.8,9.294,1.453e-4,0,0.015,0.526,0.51,0.001,874.409,0.001,335.549,0.117,6.4,32.17
21.666,11.822,2643.066,456.9,0.262,0.003,58.862,43.167,0,0.536,0.394,0.02,0.122,0.661,3.734,9.152,2.815e-5,0,0.015,0.526,0.51,0.004,874.457,0.001,335.55,0.117,6.4,32.17
21.679,11.596,2643.066,456.9,0.262,0.003,58.913,43.167,0,0.536,0.394,0.02,0.122,0.659,3.647,8.965,3.48e-4,0,0.015,0.526,0.51,0.009,874.507,0.001,335.552,0.117,6.4,32.17
21.691,11.311,2643.066,456.9,0.262,0.003,58.979,43.167,0,0.536,0.394,0.02,0.122,0.655,3.54,8.73,3.789e-4,0,0.015,0.526,0.511,0.016,874.558,0.001,335.554,0.118,6.4,32.17
21.704,10.96,2643.066,456.9,0.262,0.003,59.061,43.167,0,0.536,0.394,0.02,0.122,0.651,3.408,8.439,-2.461e-4,0,0.015,0.526,0.511,0.025,874.612,0.001,335.556,0.118,6.4,32.17
21.718,10.529,2643.066,456.9,0.262,0.003,59.163,43.167,0,0.536,0.394,0.02,0.122,0.645,3.249,8.085,2.305e-4,0,0.015,0.526,0.511,0.036,874.67,0.001,335.558,0.118,6.4,32.17
21.734,10.005,2643.066,456.9,0.262,0.003,59.291,43.167,0,0.536,0.394,0.02,0.122,0.638,3.057,7.655,4.951e-4,0,0.015,0.526,0.511,0.049,874.733,0.001,335.561,0.119,6.4,32.17
21.75,9.362,2643.066,456.9,0.262,0.003,59.452,43.167,0,0.536,0.394,0.02,0.122,0.629,2.827,7.129,-1.757e-4,0,0.015,0.526,0.511,0.063,874.802,0.001,335.563,0.119,6.4,32.17
21.77,8.593,2643.066,456.9,0.262,0.003,59.65,43.167,0,0.536,0.394,0.02,0.122,0.618,2.557,6.508,-3.317e-4,0,0.015,0.526,0.511,0.077,874.882,0.001,335.566,0.12,6.4,32.17
21.79,7.703,2643.066,456.9,0.262,0.003,59.89,43.167,0,0.536,0.394,0.02,0.122,0.606,2.252,5.797,4.725e-4,0,0.015,0.526,0.511,0.088,874.969,0.001,335.569,0.12,6.4,32.17
21.811,6.736,2643.066,456.9,0.262,0.003,60.161,43.167,0,0.536,0.394,0.02,0.122,0.592,1.932,5.04,3.054e-4,0,0.014,0.526,0.511,0.091,875.057,0.001,335.573,0.121,6.4,32.17
21.833,5.712,2643.066,456.9,0.262,0.003,60.462,43.167,0,0.536,0.394,0.02,0.122,0.579,1.605,4.255,1.073e-4,0,0.014,0.526,0.511,0.081,875.148,0.001,335.576,0.121,6.4,32.17
21.857,4.732,2643.066,456.9,0.262,0.003,60.763,43.167,0,0.536,0.394,0.02,0.122,0.567,1.302,3.531,-3.725e-4,0,0.014,0.526,0.511,0.05,875.249,0.001,335.58,0.122,6.4,32.17
21.884,4.007,2643.066,456.9,0.262,0.003,60.995,43.167,0,0.537,0.394,0.02,0.122,0.559,1.086,3.018,3.66e-4,0,0.014,0.526,0.511,0.007,875.368,0.001,335.584,0.123,6.4,32.17
21.917,4.024,2643.066,456.9,0.262,0.003,60.989,43.167,0,0.537,0.394,0.02,0.122,0.559,1.091,3.056,8.551e-5,0,0.014,0.526,0.511,-0.018,875.509,0.001,335.589,0.123,6.4,32.17
21.95,4.858,2643.066,456.9,0.262,0.003,60.722,43.167,0,0.537,0.394,0.02,0.122,0.569,1.341,3.748,-2.885e-4,0,0.014,0.526,0.512,-0.07,875.65,0.001,335.595,0.124,6.4,32.17
21.975,5.768,2643.066,456.9,0.262,0.003,60.444,43.167,0,0.537,0.394,0.02,0.122,0.58,1.622,4.469,-3.148e-4,0,0.014,0.526,0.512,-0.089,875.76,0.001,335.599,0.125,6.4,32.17
21.997,6.619,2643.066,456.9,0.262,0.003,60.195,43.167,0,0.537,0.394,0.021,0.122,0.591,1.894,5.127,8.726e-5,0,0.014,0.526,0.512,-0.088,875.857,0.001,335.602,0.126,6.4,32.17
22.019,7.386,2643.066,456.9,0.262,0.003,59.978,43.167,0,0.537,0.394,0.021,0.122,0.602,2.147,5.715,9.757e-5,0,0.014,0.526,0.512,-0.076,875.951,0.001,335.606,0.126,6.4,32.17
22.04,8.07,2643.066,456.9,0.262,0.003,59.792,43.167,0,0.537,0.394,0.021,0.122,0.611,2.377,6.234,-3.92e-4,0,0.014,0.526,0.512,-0.059,876.045,0.001,335.609,0.127,6.4,32.17
22.059,8.603,2643.066,456.9,0.262,0.003,59.651,43.167,0,0.537,0.394,0.021,0.122,0.619,2.561,6.639,5.45e-5,0,0.013,0.526,0.512,-0.043,876.13,0.001,335.612,0.127,6.4,32.17
22.075,8.991,2643.066,456.9,0.262,0.003,59.55,43.167,0,0.537,0.394,0.021,0.122,0.624,2.696,6.932,-2.15e-4,0,0.013,0.526,0.513,-0.03,876.203,0.001,335.615,0.128,6.4,32.17
22.09,9.268,2643.066,456.9,0.262,0.003,59.479,43.167,0,0.537,0.394,0.021,0.122,0.628,2.794,7.14,-4.707e-4,0,0.013,0.526,0.513,-0.02,876.268,0.001,335.618,0.128,6.4,32.17
22.103,9.45,2643.066,456.9,0.262,0.003,59.433,43.167,0,0.537,0.394,0.021,0.122,0.631,2.858,7.277,-2.127e-4,0,0.013,0.526,0.513,-0.012,876.329,0.001,335.62,0.128,6.4,32.17
22.116,9.538,2643.066,456.9,0.262,0.003,59.412,43.167,0,0.537,0.394,0.021,0.122,0.632,2.89,7.341,2.027e-4,0,0.013,0.526,0.513,-0.006,876.387,0.001,335.622,0.129,6.4,32.17
22.129,9.567,2643.066,456.9,0.262,0.003,59.404,43.167,0,0.537,0.394,0.021,0.122,0.633,2.9,7.36,2.373e-4,0,0.013,0.526,0.513,-0.002,876.443,0.001,335.624,0.129,6.4,32.17
22.141,9.542,2643.066,456.9,0.262,0.003,59.411,43.167,0,0.537,0.394,0.021,0.122,0.632,2.891,7.339,-2.863e-4,0,0.013,0.526,0.513,-2.287e-4,876.498,0.001,335.626,0.129,6.4,32.17
22.153,9.474,2643.066,456.9,0.262,0.003,59.428,43.167,0,0.537,0.394,0.021,0.122,0.631,2.867,7.284,4.179e-5,0,0.013,0.526,0.513,2.149e-4,876.552,0.001,335.628,0.13,6.4,32.17
22.165,9.377,2643.066,456.9,0.262,0.003,59.453,43.167,0,0.537,0.394,0.021,0.122,0.63,2.832,7.205,1.959e-4,0,0.013,0.526,0.513,0.002,876.607,0.001,335.63,0.13,6.4,32.17
22.177,9.23,2643.066,456.9,0.262,0.003,59.49,43.167,0,0.537,0.394,0.021,0.122,0.628,2.78,7.085,-2.414e-4,0,0.012,0.526,0.513,0.005,876.661,0.001,335.632,0.13,6.4,32.17
22.189,9.032,2643.066,456.9,0.262,0.003,59.541,43.167,0,0.537,0.394,0.021,0.122,0.625,2.71,6.924,-4.014e-4,0,0.012,0.526,0.514,0.01,876.716,0.001,335.634,0.13,6.4,32.17
22.201,8.777,2643.066,456.9,0.262,0.003,59.607,43.167,0,0.537,0.394,0.021,0.122,0.622,2.621,6.716,-2.397e-6,0,0.012,0.526,0.514,0.017,876.773,0.001,335.636,0.131,6.4,32.17
22.214,8.434,2643.066,456.9,0.262,0.003,59.697,43.167,0,0.537,0.394,0.021,0.122,0.617,2.502,6.439,2.937e-4,0,0.012,0.526,0.514,0.025,876.831,0.001,335.638,0.131,6.4,32.17
22.227,8.025,2643.066,456.9,0.262,0.003,59.806,43.167,0,0.537,0.394,0.021,0.122,0.611,2.362,6.107,3.574e-4,0,0.012,0.526,0.514,0.034,876.893,0.001,335.641,0.131,6.4,32.17
22.242,7.536,2643.066,456.9,0.262,0.003,59.94,43.167,0,0.537,0.394,0.021,0.122,0.604,2.197,5.714,4.667e-4,0,0.012,0.526,0.514,0.044,876.959,0.001,335.643,0.132,6.4,32.17
22.257,6.963,2643.066,456.9,0.262,0.003,60.1,43.167,0,0.537,0.394,0.021,0.122,0.596,2.007,5.255,3.972e-4,0,0.012,0.526,0.514,0.054,877.031,0.001,335.646,0.132,6.4,32.17
22.275,6.283,2643.066,456.9,0.262,0.003,60.295,43.167,0,0.537,0.394,0.021,0.122,0.587,1.786,4.717,-2.059e-4,0,0.012,0.526,0.514,0.064,877.112,0.001,335.649,0.133,6.4,32.17
22.295,5.435,2643.066,456.9,0.262,0.003,60.549,43.167,0,0.537,0.394,0.021,0.122,0.576,1.518,4.053,1.432e-4,0,0.012,0.526,0.514,0.07,877.208,0.001,335.652,0.133,6.4,32.17
22.323,4.297,2643.066,456.9,0.262,0.003,60.904,43.167,0,0.538,0.394,0.021,0.122,0.563,1.172,3.185,-9.497e-5,0,0.012,0.526,0.514,0.063,877.336,0.001,335.657,0.134,6.4,32.17
22.352,3.265,2643.066,456.9,0.262,0.003,61.244,43.167,0,0.538,0.394,0.021,0.122,0.553,0.871,2.432,-3.687e-4,0,0.012,0.526,0.514,0.027,877.476,0.001,335.662,0.135,6.4,32.17
22.385,2.933,2643.066,456.9,0.262,0.003,61.358,43.167,0,0.538,0.394,0.021,0.122,0.55,0.776,2.208,1.282e-4,0,0.012,0.526,0.514,-0.002,877.63,0.001,335.668,0.135,6.4,32.17
22.417,3.573,2643.066,456.9,0.262,0.003,61.144,43.167,0,0.538,0.394,0.021,0.122,0.556,0.959,2.739,-1.629e-5,0,0.012,0.526,0.514,-0.044,877.785,0.001,335.674,0.136,6.4,32.17
22.447,4.583,2643.066,456.9,0.262,0.003,60.816,43.167,0,0.538,0.394,0.021,0.122,0.567,1.258,3.534,2.47e-5,0,0.012,0.526,0.514,-0.065,877.927,0.001,335.679,0.137,6.4,32.17
22.469,5.47,2643.066,456.9,0.262,0.003,60.54,43.167,0,0.538,0.394,0.021,0.122,0.577,1.529,4.214,-4.785e-4,0,0.011,0.526,0.515,-0.063,878.033,0.001,335.683,0.138,6.4,32.17
22.488,6.203,2643.066,456.9,0.262,0.003,60.321,43.167,0,0.538,0.394,0.021,0.122,0.587,1.761,4.773,2.048e-4,0,0.011,0.526,0.515,-0.054,878.124,0.001,335.686,0.138,6.4,32.17
22.505,6.795,2643.066,456.9,0.262,0.003,60.15,43.167,0,0.538,0.394,0.021,0.122,0.595,1.952,5.223,4.121e-4,0,0.011,0.526,0.515,-0.043,878.209,0.001,335.689,0.139,6.4,32.17
22.522,7.245,2643.066,456.9,0.262,0.003,60.023,43.167,0,0.538,0.394,0.021,0.123,0.601,2.1,5.563,-6.921e-5,0,0.011,0.526,0.515,-0.032,878.291,0.001,335.692,0.139,6.4,32.17
22.539,7.614,2643.066,456.9,0.262,0.003,59.92,43.167,0,0.538,0.394,0.021,0.123,0.606,2.223,5.841,3.521e-4,0,0.011,0.526,0.515,-0.021,878.374,0.001,335.696,0.139,6.4,32.17
22.557,7.916,2643.066,456.9,0.262,0.003,59.838,43.167,0,0.538,0.394,0.021,0.123,0.61,2.325,6.069,4.919e-6,0,0.011,0.526,0.515,-0.012,878.459,0.001,335.699,0.14,6.4,32.17
22.573,8.132,2643.066,456.9,0.262,0.003,59.779,43.167,0,0.538,0.394,0.021,0.123,0.614,2.399,6.232,-2.155e-4,0,0.011,0.526,0.515,-0.005,878.539,0.001,335.702,0.14,6.4,32.17
22.587,8.247,2643.066,456.9,0.262,0.003,59.749,43.167,0,0.538,0.394,0.022,0.123,0.615,2.438,6.319,4.419e-4,0,0.011,0.526,0.515,-0.002,878.611,0.001,335.704,0.141,6.4,32.17
22.601,8.283,2643.066,456.9,0.262,0.003,59.739,43.167,0,0.538,0.394,0.022,0.123,0.616,2.45,6.345,1.524e-4,0,0.01,0.526,0.516,-6.931e-5,878.678,0.001,335.707,0.141,6.4,32.17
22.614,8.248,2643.066,456.9,0.262,0.003,59.748,43.167,0,0.538,0.394,0.022,0.123,0.615,2.439,6.318,4.272e-4,0,0.01,0.526,0.516,4.841e-4,878.743,0.001,335.709,0.141,6.4,32.17
22.627,8.156,2643.066,456.9,0.262,0.003,59.773,43.167,0,0.538,0.394,0.022,0.123,0.614,2.407,6.243,-3.134e-4,0,0.01,0.526,0.516,0.003,878.805,0.001,335.711,0.142,6.4,32.17
22.639,8.011,2643.066,456.9,0.262,0.003,59.812,43.167,0,0.538,0.394,0.022,0.123,0.612,2.357,6.126,6.005e-5,0,0.01,0.526,0.516,0.006,878.866,0.001,335.714,0.142,6.4,32.17
22.651,7.815,2643.066,456.9,0.262,0.003,59.865,43.167,0,0.538,0.394,0.022,0.123,0.609,2.291,5.966,2.292e-4,0,0.01,0.526,0.516,0.011,878.927,0.001,335.716,0.142,6.4,32.17
22.664,7.568,2643.066,456.9,0.262,0.003,59.933,43.167,0,0.538,0.394,0.022,0.123,0.606,2.208,5.767,3.82e-4,0,0.01,0.526,0.516,0.017,878.989,0.001,335.718,0.142,6.4,32.17
22.676,7.269,2643.066,456.9,0.262,0.003,60.016,43.167,0,0.538,0.394,0.022,0.123,0.602,2.108,5.526,-4.083e-4,0,0.01,0.526,0.516,0.024,879.051,0.001,335.721,0.143,6.4,32.17
22.689,6.914,2643.066,456.9,0.262,0.003,60.116,43.167,0,0.538,0.394,0.022,0.123,0.597,1.991,5.241,1.902e-4,0,0.01,0.526,0.516,0.032,879.116,0.001,335.723,0.143,6.4,32.17
22.702,6.493,2643.066,456.9,0.262,0.003,60.237,43.167,0,0.538,0.394,0.022,0.123,0.591,1.854,4.904,-5.113e-5,0,0.01,0.526,0.516,0.04,879.183,0.001,335.725,0.143,6.4,32.17
22.717,5.978,2643.066,456.9,0.262,0.003,60.388,43.167,0,0.538,0.394,0.022,0.123,0.584,1.689,4.497,1.363e-4,0,0.01,0.526,0.516,0.048,879.256,0.001,335.728,0.144,6.4,32.17
22.732,5.374,2643.066,456.9,0.262,0.003,60.57,43.167,0,0.538,0.394,0.022,0.123,0.577,1.5,4.023,-2.327e-4,0,0.01,0.526,0.516,0.054,879.335,0.001,335.731,0.144,6.4,32.17
22.751,4.659,2643.066,456.9,0.262,0.003,60.793,43.167,0,0.539,0.394,0.022,0.123,0.568,1.281,3.47,-3.898e-4,0,0.01,0.526,0.516,0.057,879.426,0.001,335.734,0.145,6.4,32.17
22.773,3.864,2643.066,456.9,0.262,0.003,61.05,43.167,0,0.539,0.394,0.022,0.123,0.56,1.044,2.867,-2.307e-4,0,0.01,0.526,0.516,0.051,879.539,0.001,335.739,0.145,6.4,32.17
22.804,2.943,2643.066,456.9,0.262,0.003,61.36,43.167,0,0.539,0.394,0.022,0.123,0.551,0.78,2.197,-9.133e-5,0,0.01,0.526,0.517,0.018,879.699,0.001,335.745,0.146,6.4,32.17
22.837,2.761,2643.066,456.9,0.262,0.003,61.423,43.167,0,0.539,0.394,0.022,0.123,0.55,0.728,2.083,4.324e-4,0,0.01,0.526,0.516,-0.006,879.868,0.001,335.751,0.147,6.4,32.17
22.87,3.597,2643.066,456.9,0.262,0.003,61.138,43.167,0,0.539,0.394,0.022,0.123,0.557,0.966,2.759,1.902e-4,0,0.01,0.526,0.517,-0.045,880.041,0.001,335.757,0.148,6.4,32.17
22.898,4.557,2643.066,456.9,0.262,0.003,60.826,43.167,0,0.539,0.394,0.022,0.123,0.567,1.25,3.504,-4.773e-4,0,0.01,0.526,0.517,-0.054,880.183,0.001,335.763,0.148,6.4,32.17
22.917,5.24,2643.066,456.9,0.262,0.003,60.613,43.167,0,0.539,0.394,0.022,0.123,0.576,1.458,4.025,-2.864e-4,0,0.01,0.526,0.517,-0.05,880.282,0.001,335.766,0.149,6.4,32.17
22.933,5.782,2643.066,456.9,0.262,0.003,60.449,43.167,0,0.539,0.394,0.022,0.123,0.582,1.627,4.436,1.651e-4,0,0.01,0.526,0.517,-0.042,880.366,0.001,335.769,0.149,6.4,32.17
22.948,6.224,2643.066,456.9,0.262,0.003,60.318,43.167,0,0.539,0.394,0.022,0.123,0.588,1.768,4.772,-1.372e-4,0,0.009,0.526,0.517,-0.034,880.444,0.001,335.772,0.15,6.4,32.17
22.961,6.527,2643.066,456.9,0.262,0.003,60.23,43.167,0,0.539,0.394,0.022,0.123,0.592,1.865,4.999,-5.28e-5,0,0.009,0.526,0.517,-0.026,880.516,0.001,335.775,0.15,6.4,32.17
22.975,6.753,2643.066,456.9,0.262,0.003,60.165,43.167,0,0.539,0.394,0.022,0.123,0.595,1.939,5.168,4.565e-4,0,0.009,0.526,0.517,-0.019,880.588,0.001,335.777,0.15,6.4,32.17
22.988,6.92,2643.066,456.9,0.262,0.003,60.118,43.167,0,0.539,0.394,0.022,0.123,0.598,1.993,5.292,-4.406e-4,0,0.009,0.526,0.517,-0.012,880.658,0.001,335.78,0.151,6.4,32.17
23.002,7.026,2643.066,456.9,0.262,0.003,60.088,43.167,0,0.539,0.394,0.022,0.123,0.599,2.028,5.37,-1.574e-4,0,0.009,0.526,0.517,-0.007,880.73,0.001,335.783,0.151,6.4,32.17
23.016,7.066,2643.066,456.9,0.262,0.003,60.077,43.167,0,0.539,0.394,0.022,0.123,0.6,2.041,5.397,4.696e-4,0,0.009,0.526,0.518,-0.003,880.803,0.001,335.785,0.151,6.4,32.17
23.03,7.038,2643.066,456.9,0.262,0.003,60.085,43.167,0,0.539,0.394,0.022,0.123,0.599,2.032,5.372,2.784e-4,0,0.009,0.526,0.518,-5.672e-4,880.879,0.001,335.788,0.152,6.4,32.17
23.045,6.931,2643.066,456.9,0.262,0.003,60.116,43.167,0,0.539,0.394,0.022,0.123,0.598,1.997,5.288,1.329e-4,0,0.008,0.526,0.518,6.254e-5,880.959,0.001,335.791,0.152,6.4,32.17
23.061,6.759,2643.066,456.9,0.262,0.003,60.165,43.167,0,0.539,0.394,0.022,0.123,0.596,1.941,5.153,9.553e-5,0,0.008,0.526,0.518,0.002,881.047,0.001,335.795,0.152,6.4,32.17
23.077,6.518,2643.066,456.9,0.262,0.003,60.235,43.167,0,0.539,0.394,0.022,0.123,0.592,1.862,4.961,2.372e-4,0,0.008,0.526,0.518,0.005,881.133,0.001,335.798,0.153,6.4,32.17
23.093,6.208,2643.066,456.9,0.262,0.003,60.325,43.167,0,0.539,0.394,0.022,0.123,0.588,1.763,4.715,1.504e-4,0,0.008,0.526,0.518,0.01,881.216,0.001,335.801,0.153,6.4,32.17
23.108,5.855,2643.066,456.9,0.262,0.003,60.43,43.167,0,0.539,0.394,0.022,0.123,0.584,1.65,4.435,4.833e-4,0,0.008,0.526,0.518,0.016,881.298,0.001,335.804,0.153,6.4,32.17
23.123,5.455,2643.066,456.9,0.262,0.003,60.551,43.167,0,0.539,0.394,0.022,0.123,0.579,1.525,4.12,5.93e-5,0,0.008,0.526,0.518,0.023,881.381,0.001,335.807,0.154,6.4,32.17
23.139,4.99,2643.066,456.9,0.262,0.003,60.694,43.167,0,0.54,0.394,0.023,0.123,0.573,1.382,3.755,4.003e-4,0,0.008,0.526,0.518,0.029,881.467,0.001,335.81,0.154,6.4,32.17
23.156,4.442,2643.066,456.9,0.262,0.003,60.867,43.167,0,0.54,0.394,0.023,0.123,0.567,1.216,3.328,-2.81e-4,0,0.008,0.526,0.518,0.035,881.557,0.001,335.813,0.155,6.4,32.17
23.174,3.787,2643.066,456.9,0.262,0.003,61.08,43.167,0,0.54,0.394,0.023,0.123,0.56,1.022,2.822,-3.036e-4,0,0.008,0.526,0.518,0.038,881.656,0.001,335.817,0.155,6.4,32.17
23.195,3.025,2643.066,456.9,0.262,0.003,61.336,43.167,0,0.54,0.394,0.023,0.123,0.553,0.803,2.246,-3.874e-4,0,0.008,0.526,0.518,0.034,881.773,0.001,335.821,0.156,6.4,32.17
23.223,2.194,2643.066,456.9,0.262,0.003,61.625,43.167,0,0.54,0.394,0.023,0.123,0.547,0.572,1.636,-3.555e-4,0,0.008,0.526,0.518,0.012,881.925,0.001,335.827,0.156,6.4,32.17
23.257,2.019,2643.066,456.9,0.262,0.003,61.687,43.167,0,0.54,0.394,0.023,0.123,0.546,0.524,1.525,4.001e-4,0,0.008,0.526,0.518,-0.008,882.115,0.001,335.834,0.157,6.4,32.17
23.291,2.862,2643.066,456.9,0.262,0.003,61.392,43.167,0,0.54,0.394,0.023,0.123,0.552,0.757,2.191,3.012e-6,0,0.008,0.526,0.518,-0.036,882.305,0.001,335.841,0.158,6.4,32.17
23.325,3.892,2643.066,456.9,0.262,0.003,61.047,43.167,0,0.54,0.394,0.023,0.123,0.562,1.053,2.977,2.949e-4,0,0.008,0.526,0.518,-0.036,882.493,0.001,335.848,0.159,6.4,32.17
23.345,4.453,2643.066,456.9,0.262,0.003,60.866,43.167,0,0.54,0.394,0.023,0.123,0.568,1.219,3.399,-2.763e-5,0,0.008,0.526,0.518,-0.028,882.607,0.001,335.852,0.159,6.4,32.17
23.362,4.854,2643.066,456.9,0.262,0.003,60.739,43.167,0,0.54,0.394,0.023,0.123,0.572,1.34,3.701,-2.757e-4,0,0.008,0.527,0.519,-0.021,882.702,0.001,335.856,0.16,6.4,32.17
23.378,5.15,2643.066,456.9,0.262,0.003,60.647,43.167,0,0.54,0.394,0.023,0.123,0.576,1.431,3.923,-3.141e-4,0,0.008,0.527,0.519,-0.015,882.788,0.001,335.859,0.16,6.4,32.17
23.392,5.365,2643.066,456.9,0.262,0.003,60.582,43.167,0,0.54,0.394,0.023,0.123,0.578,1.497,4.083,-2.236e-4,0,0.008,0.527,0.519,-0.009,882.869,0.001,335.862,0.161,6.4,32.17
23.406,5.511,2643.066,456.9,0.262,0.003,60.537,43.167,0,0.54,0.394,0.023,0.123,0.58,1.543,4.193,-2.636e-4,0,0.008,0.527,0.519,-0.005,882.948,0.001,335.865,0.161,6.4,32.17
23.419,5.596,2643.066,456.9,0.262,0.003,60.511,43.167,0,0.54,0.394,0.023,0.123,0.581,1.569,4.255,-6.872e-5,0,0.008,0.527,0.519,-0.002,883.025,0.001,335.868,0.161,6.4,32.17
23.433,5.617,2643.066,456.9,0.262,0.003,60.505,43.167,0,0.54,0.394,0.023,0.123,0.582,1.576,4.269,2.375e-4,0,0.008,0.527,0.519,-3.52e-4,883.103,0.001,335.871,0.162,6.4,32.17
23.447,5.571,2643.066,456.9,0.262,0.003,60.519,43.167,0,0.54,0.394,0.023,0.123,0.581,1.562,4.234,-4.224e-4,0,0.008,0.527,0.519,6.491e-5,883.182,0.001,335.874,0.162,6.4,32.17
23.461,5.458,2643.066,456.9,0.262,0.003,60.553,43.167,0,0.54,0.394,0.023,0.123,0.58,1.526,4.145,-7.93e-5,0,0.008,0.527,0.519,0.001,883.265,0.001,335.877,0.162,6.4,32.17
23.477,5.264,2643.066,456.9,0.262,0.003,60.613,43.167,0,0.54,0.394,0.023,0.123,0.578,1.466,3.993,-1.853e-4,0,0.008,0.527,0.519,0.004,883.353,0.001,335.88,0.163,6.4,32.17
23.493,4.969,2643.066,456.9,0.262,0.003,60.704,43.167,0,0.541,0.394,0.023,0.123,0.574,1.375,3.76,-2.331e-4,0,0.008,0.527,0.519,0.009,883.45,0.001,335.883,0.163,6.4,32.17
23.512,4.544,2643.066,456.9,0.262,0.003,60.838,43.167,0,0.541,0.394,0.023,0.123,0.569,1.246,3.426,3.902e-5,0,0.008,0.527,0.519,0.015,883.559,0.001,335.888,0.164,6.4,32.17
23.534,3.958,2643.066,456.9,0.262,0.003,61.027,43.167,0,0.541,0.394,0.023,0.124,0.563,1.072,2.969,-3.265e-4,0,0.008,0.527,0.519,0.023,883.684,0.001,335.892,0.164,6.4,32.17
23.556,3.253,2643.066,456.9,0.262,0.003,61.261,43.167,0,0.541,0.394,0.023,0.124,0.556,0.868,2.424,-1.832e-4,0,0.008,0.527,0.519,0.03,883.813,0.001,335.897,0.165,6.4,32.17
23.581,2.397,2643.066,456.9,0.262,0.003,61.556,43.167,0,0.541,0.394,0.023,0.124,0.55,0.627,1.77,-3.431e-4,0,0.008,0.527,0.519,0.033,883.956,0.001,335.902,0.165,6.4,32.17
23.611,1.411,2643.066,456.9,0.262,0.003,61.912,43.167,0,0.541,0.394,0.024,0.124,0.544,0.361,1.041,-4.591e-4,0,0.008,0.527,0.519,0.017,884.135,0.001,335.909,0.166,6.4,32.17
23.645,1.283,2643.066,456.9,0.262,0.003,61.962,43.167,0,0.541,0.394,0.024,0.124,0.544,0.327,0.973,8.928e-5,0,0.007,0.527,0.519,-0.011,884.334,0.001,335.916,0.167,6.4,32.17
23.679,2.23,2643.066,456.9,0.262,0.003,61.618,43.167,0,0.541,0.394,0.024,0.124,0.549,0.581,1.708,3.733e-4,0,0.007,0.527,0.519,-0.032,884.533,0.001,335.924,0.168,6.4,32.17
23.712,3.282,2643.066,456.9,0.262,0.003,61.253,43.167,0,0.541,0.394,0.024,0.124,0.557,0.876,2.502,4.716e-4,0,0.007,0.527,0.519,-0.026,884.734,0.001,335.931,0.169,6.4,32.17
23.735,3.917,2643.066,456.9,0.262,0.003,61.041,43.167,0,0.541,0.394,0.024,0.124,0.563,1.06,2.979,-2.705e-5,0,0.007,0.527,0.52,-0.018,884.871,0.001,335.936,0.169,6.4,32.17
23.753,4.32,2643.066,456.9,0.262,0.003,60.911,43.167,0,0.541,0.394,0.024,0.124,0.567,1.179,3.282,2.41e-4,0,0.007,0.527,0.52,-0.012,884.978,0.001,335.94,0.17,6.4,32.17
23.769,4.608,2643.066,456.9,0.262,0.003,60.819,43.167,0,0.541,0.394,0.024,0.124,0.571,1.266,3.499,-4.92e-4,0,0.007,0.527,0.52,-0.007,885.071,0.001,335.944,0.17,6.4,32.17
23.783,4.803,2643.066,456.9,0.262,0.003,60.758,43.167,0,0.541,0.394,0.024,0.124,0.573,1.325,3.645,1.135e-4,0,0.007,0.527,0.52,-0.003,885.158,0.001,335.947,0.17,6.4,32.17
23.797,4.923,2643.066,456.9,0.262,0.003,60.721,43.167,0,0.541,0.394,0.024,0.124,0.574,1.361,3.735,4.542e-4,0,0.007,0.527,0.52,-0.001,885.239,0.001,335.95,0.171,6.4,32.17
23.81,4.959,2643.066,456.9,0.262,0.003,60.709,43.167,0,0.542,0.394,0.024,0.124,0.575,1.373,3.763,4.623e-4,0,0.007,0.527,0.52,-9.463e-5,885.319,0.001,335.953,0.171,6.4,32.17
23.823,4.93,2643.066,456.9,0.262,0.003,60.719,43.167,0,0.542,0.394,0.024,0.124,0.575,1.364,3.739,-3.224e-4,0,0.007,0.527,0.52,2.039e-4,885.398,0.001,335.956,0.171,6.4,32.17
23.836,4.839,2643.066,456.9,0.262,0.003,60.747,43.167,0,0.542,0.394,0.024,0.124,0.574,1.336,3.669,2.306e-4,0,0.007,0.527,0.52,0.001,885.478,0.001,335.959,0.172,6.4,32.17
23.85,4.685,2643.066,456.9,0.262,0.003,60.796,43.167,0,0.542,0.394,0.024,0.124,0.572,1.289,3.547,3.027e-4,0,0.007,0.527,0.52,0.004,885.561,0.001,335.962,0.172,6.4,32.17
23.864,4.447,2643.066,456.9,0.262,0.003,60.872,43.167,0,0.542,0.394,0.024,0.124,0.569,1.218,3.361,-1.201e-4,0,0.007,0.527,0.52,0.007,885.647,0.001,335.965,0.172,6.4,32.17
23.879,4.121,2643.066,456.9,0.262,0.003,60.977,43.167,0,0.542,0.394,0.024,0.124,0.566,1.12,3.106,-1.339e-4,0,0.007,0.527,0.52,0.012,885.742,0.001,335.968,0.173,6.4,32.17
23.897,3.679,2643.066,456.9,0.262,0.003,61.122,43.167,0,0.542,0.394,0.024,0.124,0.561,0.991,2.762,-1.264e-4,0,0.007,0.527,0.52,0.018,885.847,0.001,335.972,0.173,6.4,32.17
23.917,3.057,2643.066,456.9,0.262,0.003,61.332,43.167,0,0.542,0.394,0.024,0.124,0.556,0.812,2.282,2.549e-4,0,0.007,0.527,0.52,0.024,885.974,0.001,335.977,0.174,6.4,32.17
23.945,2.125,2643.066,456.9,0.262,0.003,61.658,43.167,0,0.542,0.394,0.024,0.124,0.549,0.553,1.57,1.954e-4,0,0.007,0.527,0.52,0.028,886.145,0.001,335.983,0.174,6.4,32.17
23.98,1.165,2643.066,456.9,0.262,0.003,62.01,43.167,0,0.542,0.394,0.024,0.124,0.544,0.297,0.862,-6.983e-5,0,0.007,0.527,0.52,0.01,886.359,0.001,335.991,0.175,6.4,32.17
24.015,1.308,2643.066,456.9,0.262,0.003,61.955,43.167,0,0.542,0.394,0.024,0.124,0.545,0.334,0.995,4.033e-4,0,0.006,0.527,0.52,-0.015,886.576,0.001,335.999,0.176,6.4,32.17
24.05,2.348,2643.066,456.9,0.262,0.003,61.579,43.167,0,0.542,0.394,0.025,0.124,0.551,0.614,1.793,-6.407e-5,0,0.006,0.527,0.521,-0.026,886.793,0.001,336.007,0.177,6.4,32.17
24.079,3.149,2643.066,456.9,0.262,0.003,61.303,43.167,0,0.542,0.394,0.025,0.124,0.557,0.838,2.396,-2.818e-4,0,0.006,0.527,0.521,-0.02,886.979,0.001,336.014,0.178,6.4,32.17
24.105,3.717,2643.066,456.9,0.262,0.003,61.113,43.167,0,0.542,0.394,0.025,0.124,0.562,1.002,2.822,1.932e-4,0,0.006,0.527,0.521,-0.012,887.143,0.001,336.02,0.178,6.4,32.17
24.126,4.059,2643.066,456.9,0.262,0.003,61.001,43.167,0,0.542,0.394,0.025,0.124,0.566,1.102,3.079,-3.52e-4,0,0.006,0.527,0.521,-0.007,887.27,0.001,336.025,0.179,6.4,32.17
24.142,4.252,2643.066,456.9,0.262,0.003,60.939,43.167,0,0.543,0.394,0.025,0.124,0.568,1.16,3.224,-4.211e-4,0,0.006,0.527,0.521,-0.003,887.377,0.001,336.029,0.179,6.4,32.17
24.158,4.349,2643.066,456.9,0.262,0.003,60.908,43.167,0,0.543,0.394,0.025,0.124,0.569,1.188,3.296,-3.531e-4,0,0.006,0.527,0.521,-0.001,887.474,0.001,336.032,0.18,6.4,32.17
24.172,4.37,2643.066,456.9,0.262,0.003,60.902,43.167,0,0.543,0.394,0.025,0.124,0.569,1.195,3.311,2.904e-4,0,0.006,0.527,0.521,-8.156e-5,887.565,0.001,336.036,0.18,6.4,32.17
24.186,4.327,2643.066,456.9,0.262,0.003,60.916,43.167,0,0.543,0.394,0.025,0.124,0.569,1.182,3.278,3.1e-4,0,0.006,0.527,0.521,1.886e-4,887.653,0.001,336.039,0.18,6.4,32.17
24.2,4.224,2643.066,456.9,0.262,0.003,60.949,43.167,0,0.543,0.394,0.025,0.124,0.568,1.151,3.197,-5.268e-6,0,0.006,0.527,0.521,0.001,887.741,0.001,336.042,0.18,6.4,32.17
24.213,4.067,2643.066,456.9,0.262,0.003,61,43.167,0,0.543,0.394,0.025,0.124,0.566,1.105,3.075,-3.977e-4,0,0.006,0.527,0.521,0.003,887.829,0.001,336.046,0.181,6.4,32.17
24.228,3.846,2643.066,456.9,0.262,0.003,61.073,43.167,0,0.543,0.394,0.025,0.124,0.564,1.04,2.903,2.634e-4,0,0.006,0.527,0.521,0.006,887.921,0.001,336.049,0.181,6.4,32.17
24.243,3.552,2643.066,456.9,0.262,0.003,61.17,43.167,0,0.543,0.394,0.025,0.124,0.561,0.954,2.674,-3.762e-4,0,0.006,0.527,0.521,0.01,888.017,0.001,336.053,0.182,6.4,32.17
24.259,3.166,2643.066,456.9,0.262,0.003,61.3,43.167,0,0.543,0.394,0.025,0.124,0.558,0.843,2.375,-2.079e-4,0,0.006,0.527,0.521,0.014,888.122,0.001,336.057,0.182,6.4,32.17
24.278,2.656,2643.066,456.9,0.262,0.003,61.475,43.167,0,0.543,0.394,0.025,0.124,0.554,0.699,1.983,4.091e-4,0,0.006,0.527,0.521,0.018,888.244,0.001,336.061,0.182,6.4,32.17
24.301,1.958,2643.066,456.9,0.262,0.003,61.722,43.167,0,0.543,0.394,0.025,0.124,0.549,0.508,1.451,-9.469e-5,0,0.006,0.527,0.521,0.021,888.395,0.001,336.067,0.183,6.4,32.17
24.337,0.989,2643.066,456.9,0.262,0.003,62.078,43.167,0,0.543,0.394,0.025,0.124,0.545,0.251,0.733,2.626e-4,0,0.006,0.527,0.521,0.008,888.624,0.001,336.075,0.184,6.4,32.17
24.373,1.07,2643.066,456.9,0.262,0.003,62.05,43.167,0,0.543,0.393,0.025,0.124,0.545,0.272,0.818,-1.532e-4,0,0.006,0.527,0.522,-0.015,888.86,0.001,336.084,0.185,6.4,32.17
24.409,2.012,2643.066,456.9,0.262,0.003,61.705,43.167,0,0.543,0.393,0.025,0.124,0.55,0.522,1.534,1.283e-4,0,0.006,0.527,0.522,-0.021,889.097,0.001,336.093,0.186,6.4,32.17
24.437,2.715,2643.066,456.9,0.262,0.003,61.457,43.167,0,0.543,0.393,0.025,0.125,0.555,0.716,2.061,3.548e-4,0,0.006,0.527,0.522,-0.015,889.282,0.001,336.099,0.186,6.4,32.17
24.46,3.153,2643.066,456.9,0.262,0.003,61.306,43.167,0,0.543,0.393,0.025,0.125,0.558,0.84,2.388,4.956e-4,0,0.006,0.527,0.522,-0.009,889.432,0.001,336.105,0.187,6.4,32.17
24.481,3.429,2643.066,456.9,0.262,0.003,61.213,43.167,0,0.544,0.393,0.026,0.125,0.561,0.919,2.596,2.19e-5,0,0.005,0.527,0.522,-0.004,889.573,0.001,336.11,0.187,6.4,32.17
24.503,3.573,2643.066,456.9,0.262,0.003,61.165,43.167,0,0.544,0.393,0.026,0.125,0.562,0.961,2.703,3.394e-4,0,0.005,0.527,0.522,-0.001,889.718,0.001,336.116,0.188,6.4,32.17
24.522,3.597,2643.066,456.9,0.262,0.003,61.157,43.167,0,0.544,0.393,0.026,0.125,0.563,0.967,2.72,-5.872e-5,0,0.005,0.527,0.522,-2.522e-5,889.847,0.001,336.12,0.188,6.4,32.17
24.54,3.516,2643.066,456.9,0.262,0.003,61.184,43.167,0,0.544,0.393,0.026,0.125,0.562,0.944,2.657,-4.042e-4,0,0.005,0.527,0.522,4.547e-4,889.966,0.001,336.125,0.189,6.4,32.17
24.557,3.33,2643.066,456.9,0.262,0.003,61.246,43.167,0,0.544,0.393,0.026,0.125,0.56,0.89,2.513,1.369e-4,0,0.005,0.527,0.522,0.002,890.081,0.001,336.129,0.189,6.4,32.17
24.574,3.031,2643.066,456.9,0.262,0.003,61.348,43.167,0,0.544,0.393,0.026,0.125,0.558,0.805,2.283,-3.272e-4,0,0.005,0.527,0.522,0.005,890.197,0.001,336.133,0.189,6.4,32.17
24.593,2.632,2643.066,456.9,0.262,0.003,61.486,43.167,0,0.544,0.393,0.026,0.125,0.554,0.693,1.976,2.797e-4,0,0.005,0.527,0.522,0.008,890.32,0.001,336.138,0.19,6.4,32.17
24.613,2.138,2643.066,456.9,0.262,0.003,61.66,43.167,0,0.544,0.393,0.026,0.125,0.551,0.557,1.597,4.965e-4,0,0.005,0.527,0.522,0.012,890.458,0.001,336.143,0.19,6.4,32.17
24.638,1.48,2643.066,456.9,0.262,0.003,61.899,43.167,0,0.544,0.393,0.026,0.125,0.548,0.38,1.096,1.881e-4,0,0.005,0.527,0.522,0.016,890.625,0.001,336.149,0.191,6.4,32.17
24.674,0.491,2643.066,456.9,0.262,0.003,62.274,43.167,0,0.544,0.393,0.026,0.125,0.545,0.123,0.358,-4.082e-4,0,0.005,0.527,0.522,0.01,890.869,0.001,336.158,0.192,6.4,32.17
24.71,0.84,2643.066,456.9,0.262,0.003,62.139,43.167,0,0.544,0.393,0.026,0.125,0.545,0.212,0.646,-3.851e-4,0,0.005,0.527,0.522,-0.016,891.116,0.001,336.167,0.193,6.4,32.17
24.746,1.794,2643.066,456.9,0.262,0.003,61.785,43.167,0,0.544,0.393,0.026,0.125,0.549,0.464,1.362,-3.01e-4,0,0.005,0.527,0.522,-0.013,891.363,0.001,336.177,0.194,6.4,32.17
24.774,2.359,2643.066,456.9,0.262,0.003,61.584,43.167,0,0.544,0.393,0.026,0.125,0.553,0.617,1.785,-1.822e-4,0,0.005,0.527,0.522,-0.008,891.558,0.001,336.184,0.194,6.4,32.17
24.797,2.673,2643.066,456.9,0.262,0.003,61.474,43.167,0,0.545,0.393,0.026,0.125,0.555,0.704,2.019,4.248e-4,0,0.005,0.527,0.522,-0.004,891.712,0.001,336.189,0.195,6.4,32.17
24.817,2.853,2643.066,456.9,0.262,0.003,61.412,43.167,0,0.545,0.393,0.026,0.125,0.557,0.755,2.155,4.166e-4,0,0.005,0.527,0.522,-0.002,891.855,0.001,336.195,0.195,6.4,32.17
24.837,2.919,2643.066,456.9,0.262,0.003,61.39,43.167,0,0.545,0.393,0.026,0.125,0.557,0.773,2.203,4.295e-4,0,0.005,0.528,0.522,-1.815e-4,891.995,0.001,336.2,0.196,6.4,32.17
24.858,2.86,2643.066,456.9,0.262,0.003,61.411,43.167,0,0.545,0.393,0.026,0.125,0.557,0.757,2.158,3.438e-5,0,0.005,0.528,0.523,1.799e-4,892.142,0.001,336.205,0.196,6.4,32.17
24.882,2.651,2643.066,456.9,0.262,0.003,61.484,43.167,0,0.545,0.393,0.026,0.125,0.556,0.698,1.997,-3.521e-4,0,0.005,0.528,0.523,0.002,892.303,0.001,336.211,0.197,6.4,32.17
24.906,2.298,2643.066,456.9,0.262,0.003,61.608,43.167,0,0.545,0.393,0.027,0.125,0.553,0.601,1.726,2.243e-4,0,0.005,0.528,0.523,0.005,892.476,0.001,336.218,0.197,6.4,32.17
24.932,1.83,2643.066,456.9,0.262,0.003,61.777,43.167,0,0.545,0.393,0.027,0.125,0.55,0.473,1.368,4.667e-5,0,0.005,0.528,0.523,0.009,892.657,0.001,336.224,0.198,6.4,32.17
24.962,1.148,2643.066,456.9,0.262,0.003,62.029,43.167,0,0.545,0.393,0.027,0.125,0.547,0.292,0.85,1.818e-4,0,0.005,0.528,0.523,0.012,892.865,0.001,336.232,0.199,6.4,32.17
24.998,0.272,2643.066,456.9,0.262,0.003,62.363,43.167,0,0.545,0.393,0.027,0.125,0.545,0.068,0.2,4.165e-4,0,0.005,0.528,0.523,0.003,893.125,0.001,336.242,0.2,6.4,32.17
25.035,0.911,2643.066,456.9,0.262,0.003,62.119,43.167,0,0.545,0.393,0.027,0.125,0.547,0.231,0.695,-2.586e-4,0,0.005,0.528,0.523,-0.012,893.385,0.001,336.251,0.2,6.4,32.17
25.072,1.769,2643.066,456.9,0.262,0.003,61.801,43.167,0,0.545,0.393,0.027,0.125,0.55,0.457,1.339,-3.013e-4,0,0.005,0.528,0.523,-0.009,893.649,0.001,336.261,0.201,6.4,32.17
25.098,2.247,2643.066,456.9,0.262,0.003,61.63,43.167,0,0.546,0.393,0.027,0.125,0.553,0.587,1.698,1.594e-4,0,0.005,0.528,0.523,-0.005,893.838,0.001,336.268,0.202,6.4,32.17
25.119,2.504,2643.066,456.9,0.262,0.003,61.539,43.167,0,0.546,0.393,0.027,0.125,0.555,0.658,1.89,3.481e-4,0,0.005,0.528,0.523,-0.002,893.985,0.001,336.274,0.202,6.4,32.17
25.137,2.643,2643.066,456.9,0.262,0.003,61.491,43.167,0,0.546,0.393,0.027,0.125,0.556,0.696,1.995,1.806e-4,0,0.005,0.528,0.523,-7.622e-4,894.118,0.001,336.279,0.203,6.4,32.17
25.155,2.693,2643.066,456.9,0.262,0.003,61.473,43.167,0,0.546,0.393,0.027,0.125,0.557,0.71,2.032,2.304e-4,0,0.004,0.528,0.523,-3.858e-5,894.247,0.001,336.283,0.203,6.4,32.17
25.173,2.671,2643.066,456.9,0.262,0.003,61.481,43.167,0,0.546,0.393,0.027,0.125,0.557,0.704,2.014,-1.083e-4,0,0.004,0.528,0.523,2.289e-4,894.377,0.001,336.288,0.204,6.4,32.17
25.192,2.559,2643.066,456.9,0.262,0.003,61.52,43.167,0,0.546,0.393,0.027,0.125,0.556,0.673,1.929,-4.455e-4,0,0.004,0.528,0.523,0.001,894.512,0.001,336.293,0.204,6.4,32.17
25.212,2.321,2643.066,456.9,0.262,0.003,61.604,43.167,0,0.546,0.393,0.027,0.125,0.554,0.607,1.745,-1.418e-4,0,0.004,0.528,0.523,0.003,894.66,0.001,336.299,0.205,6.4,32.17
25.236,1.903,2643.066,456.9,0.262,0.003,61.754,43.167,0,0.546,0.393,0.027,0.125,0.552,0.493,1.425,3.407e-4,0,0.004,0.528,0.523,0.007,894.836,0.001,336.305,0.205,6.4,32.17
25.269,1.204,2643.066,456.9,0.262,0.003,62.01,43.167,0,0.546,0.393,0.028,0.126,0.549,0.307,0.894,4.804e-5,0,0.004,0.528,0.524,0.01,895.078,0.001,336.314,0.206,6.4,32.17
25.307,0.395,2643.066,456.9,0.262,0.003,62.319,43.167,0,0.546,0.393,0.028,0.126,0.547,0.099,0.291,-7.659e-5,0,0.004,0.528,0.524,0.004,895.354,0.001,336.324,0.207,6.4,32.17
25.345,0.89,2643.066,456.9,0.262,0.003,62.13,43.167,0,0.546,0.393,0.028,0.126,0.548,0.225,0.678,3.902e-5,0,0.004,0.528,0.524,-0.01,895.632,0.001,336.335,0.208,6.4,32.17
25.382,1.683,2643.066,456.9,0.262,0.003,61.835,43.167,0,0.547,0.393,0.028,0.126,0.551,0.434,1.273,-1.046e-5,0,0.004,0.528,0.524,-0.008,895.907,0.001,336.345,0.209,6.4,32.17
25.411,2.152,2643.066,456.9,0.262,0.003,61.666,43.167,0,0.547,0.393,0.028,0.126,0.554,0.561,1.624,1.237e-5,0,0.004,0.528,0.524,-0.004,896.121,0.001,336.353,0.209,6.4,32.17
25.432,2.388,2643.066,456.9,0.262,0.003,61.582,43.167,0,0.547,0.393,0.028,0.126,0.556,0.626,1.802,-3.486e-4,0,0.004,0.528,0.524,-0.002,896.276,0.001,336.358,0.21,6.4,32.17
25.45,2.502,2643.066,456.9,0.262,0.003,61.542,43.167,0,0.547,0.393,0.028,0.126,0.556,0.657,1.887,3.098e-5,0,0.004,0.528,0.524,-3.736e-4,896.411,0.001,336.363,0.21,6.4,32.17
25.467,2.515,2643.066,456.9,0.262,0.003,61.538,43.167,0,0.547,0.393,0.028,0.126,0.557,0.661,1.897,5.555e-5,0,0.004,0.528,0.524,4.47e-7,896.539,0.001,336.368,0.211,6.4,32.17
25.484,2.451,2643.066,456.9,0.262,0.003,61.56,43.167,0,0.547,0.393,0.028,0.126,0.556,0.643,1.847,1.029e-4,0,0.004,0.528,0.524,4.101e-4,896.665,0.001,336.373,0.211,6.4,32.17
25.501,2.306,2643.066,456.9,0.262,0.003,61.612,43.167,0,0.547,0.393,0.028,0.126,0.555,0.603,1.737,2.589e-5,0,0.004,0.528,0.524,0.002,896.795,0.001,336.378,0.211,6.4,32.17
25.52,2.069,2643.066,456.9,0.262,0.003,61.697,43.167,0,0.547,0.393,0.028,0.126,0.554,0.538,1.555,-4.7e-4,0,0.004,0.528,0.524,0.003,896.935,0.001,336.383,0.212,6.4,32.17
25.541,1.706,2643.066,456.9,0.262,0.003,61.828,43.167,0,0.547,0.393,0.028,0.126,0.552,0.44,1.278,2.428e-4,0,0.004,0.528,0.524,0.006,897.097,0.001,336.389,0.212,6.4,32.17
25.568,1.117,2643.066,456.9,0.262,0.003,62.047,43.167,0,0.547,0.393,0.028,0.126,0.549,0.284,0.83,4.186e-5,0,0.004,0.528,0.524,0.009,897.304,0.001,336.397,0.213,6.4,32.17
25.606,0.285,2643.066,456.9,0.262,0.003,62.368,43.167,0,0.547,0.393,0.028,0.126,0.548,0.071,0.211,4.57e-4,0,0.004,0.528,0.524,0.003,897.59,0.001,336.407,0.214,6.4,32.17
25.644,0.8,2643.066,456.9,0.262,0.003,62.167,43.167,0,0.548,0.393,0.029,0.126,0.549,0.202,0.609,2.146e-4,0,0.004,0.528,0.524,-0.009,897.879,0.001,336.418,0.215,6.4,32.17
25.682,1.551,2643.066,456.9,0.262,0.003,61.888,43.167,0,0.548,0.393,0.029,0.126,0.552,0.399,1.173,2.384e-4,0,0.004,0.528,0.524,-0.006,898.166,0.001,336.428,0.216,6.4,32.17
25.717,2.029,2643.066,456.9,0.262,0.003,61.715,43.167,0,0.548,0.393,0.029,0.126,0.554,0.527,1.531,-3.247e-4,0,0.004,0.528,0.524,-0.002,898.437,0.001,336.438,0.216,6.4,32.17
25.74,2.178,2643.066,456.9,0.262,0.003,61.662,43.167,0,0.548,0.393,0.029,0.126,0.555,0.568,1.642,-2.395e-4,0,0.004,0.528,0.524,-4.629e-4,898.612,0.001,336.445,0.217,6.4,32.17
25.759,2.193,2643.066,456.9,0.262,0.003,61.657,43.167,0,0.548,0.393,0.029,0.126,0.556,0.572,1.653,-4.093e-4,0,0.004,0.528,0.524,0,898.765,0.001,336.451,0.217,6.4,32.17
25.778,2.111,2643.066,456.9,0.262,0.003,61.687,43.167,0,0.548,0.393,0.029,0.126,0.555,0.55,1.591,1.195e-4,0,0.004,0.528,0.524,3.966e-4,898.917,0.001,336.456,0.218,6.4,32.17
25.797,1.939,2643.066,456.9,0.262,0.003,61.749,43.167,0,0.548,0.393,0.029,0.126,0.554,0.503,1.459,-5.745e-5,0,0.004,0.528,0.525,0.002,899.072,0.001,336.461,0.218,6.4,32.17
25.817,1.665,2643.066,456.9,0.262,0.003,61.849,43.167,0,0.548,0.393,0.029,0.126,0.553,0.429,1.25,-3.108e-4,0,0.004,0.528,0.525,0.003,899.239,0.001,336.467,0.219,6.4,32.17
25.841,1.254,2643.066,456.9,0.262,0.003,62.001,43.167,0,0.548,0.393,0.029,0.126,0.551,0.32,0.938,8.63e-5,0,0.004,0.528,0.525,0.005,899.432,0.001,336.474,0.219,6.4,32.17
25.873,0.592,2643.066,456.9,0.262,0.003,62.252,43.167,0,0.548,0.393,0.029,0.126,0.549,0.149,0.437,1.05e-5,0,0.004,0.528,0.525,0.008,899.691,0.001,336.483,0.22,6.4,32.17
25.911,0.306,2643.066,456.9,0.262,0.003,62.363,43.167,0,0.549,0.393,0.029,0.126,0.549,0.077,0.237,9.643e-5,0,0.004,0.528,0.525,-0.008,900.008,0.001,336.494,0.221,6.4,32.17
25.95,1.149,2643.066,456.9,0.262,0.003,62.041,43.167,0,0.549,0.393,0.029,0.126,0.551,0.293,0.869,-2.84e-4,0,0.004,0.528,0.525,-0.006,900.328,0.001,336.506,0.222,6.4,32.17
25.987,1.812,2643.066,456.9,0.262,0.003,61.797,43.167,0,0.549,0.393,0.03,0.126,0.554,0.469,1.367,3.961e-4,0,0.003,0.528,0.525,-0.002,900.636,0.001,336.517,0.222,6.4,32.17
26.013,2.069,2643.066,456.9,0.262,0.003,61.704,43.167,0,0.549,0.393,0.03,0.126,0.556,0.539,1.56,-9.514e-6,0,0.003,0.528,0.525,-5.754e-4,900.854,0.001,336.524,0.223,6.4,32.17
26.039,2.114,2643.066,456.9,0.262,0.003,61.688,43.167,0,0.549,0.393,0.03,0.126,0.556,0.551,1.594,1.725e-4,0,0.003,0.528,0.525,7.988e-6,901.066,0.001,336.532,0.224,6.4,32.17
26.06,2.016,2643.066,456.9,0.262,0.003,61.723,43.167,0,0.549,0.393,0.03,0.127,0.556,0.524,1.518,6.555e-5,0,0.003,0.528,0.525,6.545e-4,901.248,0.001,336.538,0.224,6.4,32.17
26.081,1.808,2643.066,456.9,0.262,0.003,61.798,43.167,0,0.549,0.393,0.03,0.127,0.554,0.468,1.36,7.663e-5,0,0.003,0.528,0.525,0.002,901.425,0.001,336.544,0.225,6.4,32.17
26.103,1.491,2643.066,456.9,0.262,0.003,61.914,43.167,0,0.549,0.393,0.03,0.127,0.553,0.383,1.118,2.503e-4,0,0.003,0.528,0.525,0.004,901.61,0.001,336.551,0.225,6.4,32.17
26.129,1.047,2643.066,456.9,0.262,0.003,62.08,43.167,0,0.549,0.393,0.03,0.127,0.551,0.266,0.781,-2.909e-4,0,0.003,0.528,0.525,0.006,901.825,0.001,336.558,0.226,6.4,32.17
26.164,0.351,2643.066,456.9,0.262,0.003,62.348,43.167,0,0.55,0.393,0.03,0.127,0.55,0.088,0.258,-3.395e-6,0,0.003,0.529,0.525,0.005,902.124,0.001,336.569,0.226,6.4,32.17
26.204,0.703,2643.066,456.9,0.262,0.003,62.212,43.167,0,0.55,0.393,0.03,0.127,0.551,0.177,0.535,3.904e-4,0,0.003,0.529,0.525,-0.007,902.463,0.001,336.581,0.227,6.4,32.17
26.244,1.445,2643.066,456.9,0.262,0.003,61.933,43.167,0,0.55,0.393,0.03,0.127,0.553,0.371,1.092,4.998e-4,0,0.003,0.529,0.525,-0.004,902.801,0.001,336.593,0.228,6.4,32.17
26.269,1.775,2643.066,456.9,0.262,0.003,61.813,43.167,0,0.55,0.393,0.03,0.127,0.555,0.459,1.34,-2.833e-4,0,0.003,0.529,0.525,-0.002,903.016,0.001,336.6,0.229,6.4,32.17
26.291,1.94,2643.066,456.9,0.262,0.003,61.754,43.167,0,0.55,0.393,0.03,0.127,0.556,0.503,1.462,3.344e-4,0,0.003,0.529,0.525,-5.609e-4,903.199,0.001,336.607,0.229,6.4,32.17
26.311,1.952,2643.066,456.9,0.262,0.003,61.75,43.167,0,0.55,0.393,0.03,0.127,0.556,0.507,1.472,4.01e-4,0,0.003,0.529,0.525,-1.035e-5,903.376,0.001,336.613,0.23,6.4,32.17
26.333,1.827,2643.066,456.9,0.262,0.003,61.795,43.167,0,0.55,0.393,0.031,0.127,0.555,0.473,1.376,-3.749e-4,0,0.003,0.529,0.526,2.951e-4,903.563,0.001,336.62,0.23,6.4,32.17
26.358,1.583,2643.066,456.9,0.262,0.003,61.885,43.167,0,0.55,0.393,0.031,0.127,0.554,0.408,1.191,-1.017e-4,0,0.003,0.529,0.526,0.001,903.776,0.001,336.627,0.231,6.4,32.17
26.389,1.156,2643.066,456.9,0.262,0.003,62.044,43.167,0,0.55,0.393,0.031,0.127,0.553,0.295,0.865,2.527e-4,0,0.003,0.529,0.526,0.004,904.046,0.001,336.637,0.231,6.4,32.17
26.426,0.5,2643.066,456.9,0.262,0.003,62.295,43.167,0,0.551,0.393,0.031,0.127,0.551,0.126,0.37,3.178e-4,0,0.003,0.529,0.526,0.005,904.367,0.001,336.648,0.232,6.4,32.17
26.466,0.359,2643.066,456.9,0.262,0.003,62.35,43.167,0,0.551,0.393,0.031,0.127,0.551,0.09,0.274,-4.043e-4,0,0.003,0.529,0.526,-0.005,904.718,0.001,336.66,0.233,6.4,32.17
26.507,1.045,2643.066,456.9,0.262,0.003,62.088,43.167,0,0.551,0.393,0.031,0.127,0.553,0.266,0.79,1.184e-4,0,0.003,0.529,0.526,-0.004,905.07,0.001,336.673,0.234,6.4,32.17
26.54,1.456,2643.066,456.9,0.262,0.003,61.936,43.167,0,0.551,0.393,0.031,0.127,0.554,0.374,1.097,3.062e-4,0,0.003,0.529,0.526,-0.002,905.361,0.001,336.683,0.235,6.4,32.17
26.563,1.612,2643.066,456.9,0.262,0.003,61.878,43.167,0,0.551,0.393,0.031,0.127,0.555,0.415,1.215,9.067e-5,0,0.003,0.529,0.526,-4.373e-4,905.565,0.001,336.69,0.235,6.4,32.17
26.584,1.65,2643.066,456.9,0.262,0.003,61.865,43.167,0,0.551,0.393,0.031,0.127,0.555,0.426,1.243,-3.781e-4,0,0.003,0.529,0.526,-7.406e-6,905.75,0.001,336.697,0.236,6.4,32.17
26.605,1.586,2643.066,456.9,0.262,0.003,61.888,43.167,0,0.551,0.393,0.031,0.127,0.555,0.408,1.195,1.232e-4,0,0.003,0.529,0.526,2.322e-4,905.933,0.001,336.703,0.236,6.4,32.17
26.627,1.397,2643.066,456.9,0.262,0.003,61.958,43.167,0,0.551,0.393,0.031,0.127,0.554,0.358,1.051,-2.875e-4,0,0.003,0.529,0.526,0.001,906.128,0.001,336.71,0.237,6.4,32.17
26.653,1.052,2643.066,456.9,0.262,0.003,62.087,43.167,0,0.551,0.393,0.031,0.127,0.553,0.268,0.789,2.545e-4,0,0.003,0.529,0.526,0.003,906.362,0.001,336.718,0.237,6.4,32.17
26.691,0.395,2643.066,456.9,0.262,0.003,62.338,43.167,0,0.551,0.393,0.032,0.127,0.552,0.099,0.293,-4.382e-4,0,0.003,0.529,0.526,0.004,906.701,0.001,336.73,0.238,6.4,32.17
26.733,0.324,2643.066,456.9,0.262,0.003,62.367,43.167,0,0.552,0.393,0.032,0.127,0.552,0.081,0.247,-4.899e-4,0,0.003,0.529,0.526,-0.004,907.07,0.001,336.743,0.239,6.4,32.17
26.773,0.939,2643.066,456.9,0.262,0.003,62.13,43.167,0,0.552,0.393,0.032,0.127,0.553,0.238,0.709,-1.153e-4,0,0.003,0.529,0.526,-0.003,907.436,0.001,336.756,0.24,6.4,32.17
26.812,1.335,2643.066,456.9,0.262,0.003,61.982,43.167,0,0.552,0.393,0.032,0.128,0.555,0.342,1.006,2.428e-5,0,0.003,0.529,0.526,-6.923e-4,907.779,0.001,336.768,0.24,6.4,32.17
26.836,1.452,2643.066,456.9,0.262,0.003,61.939,43.167,0,0.552,0.393,0.032,0.128,0.555,0.373,1.093,-4.211e-4,0,0.003,0.529,0.526,-4.808e-5,908.002,0.001,336.776,0.241,6.4,32.17
26.859,1.425,2643.066,456.9,0.262,0.003,61.949,43.167,0,0.552,0.393,0.032,0.128,0.555,0.366,1.073,-5.236e-5,0,0.003,0.529,0.526,1.205e-4,908.202,0.001,336.783,0.241,6.4,32.17
26.881,1.268,2643.066,456.9,0.262,0.003,62.008,43.167,0,0.552,0.393,0.032,0.128,0.555,0.324,0.954,2.131e-4,0,0.003,0.529,0.526,7.669e-4,908.405,0.001,336.79,0.242,6.4,32.17
26.906,0.997,2643.066,456.9,0.262,0.003,62.11,43.167,0,0.552,0.393,0.032,0.128,0.554,0.253,0.748,-3.606e-4,0,0.003,0.529,0.526,0.002,908.633,0.001,336.798,0.243,6.4,32.17
26.939,0.569,2643.066,456.9,0.262,0.003,62.274,43.167,0,0.552,0.393,0.032,0.128,0.553,0.143,0.424,4.884e-5,0,0.003,0.529,0.526,0.003,908.93,0.001,336.809,0.243,6.4,32.17
26.981,0.155,2643.066,456.9,0.262,0.003,62.435,43.167,0,0.553,0.392,0.032,0.128,0.553,0.039,0.12,-3.55e-4,0,0.003,0.529,0.526,-0.003,909.316,0.001,336.823,0.244,6.4,32.17
27.023,0.802,2643.066,456.9,0.262,0.003,62.186,43.167,0,0.553,0.392,0.032,0.128,0.554,0.203,0.606,9.82e-5,0,0.003,0.529,0.527,-0.003,909.704,0.001,336.836,0.245,6.4,32.17
27.066,1.251,2643.066,456.9,0.262,0.003,62.018,43.167,0,0.553,0.392,0.033,0.128,0.555,0.32,0.942,-4.115e-5,0,0.003,0.529,0.527,-8.052e-4,910.096,0.001,336.85,0.246,6.4,32.17
27.096,1.376,2643.066,456.9,0.262,0.003,61.973,43.167,0,0.553,0.392,0.033,0.128,0.556,0.353,1.036,-2.831e-4,0,0.003,0.529,0.527,-3.476e-5,910.37,0.001,336.86,0.246,6.4,32.17
27.12,1.334,2643.066,456.9,0.262,0.003,61.989,43.167,0,0.553,0.392,0.033,0.128,0.556,0.342,1.005,7.2e-5,0,0.003,0.529,0.527,1.532e-4,910.593,0.001,336.868,0.247,6.4,32.17
27.144,1.182,2643.066,456.9,0.262,0.003,62.046,43.167,0,0.553,0.392,0.033,0.128,0.555,0.302,0.889,2.32e-4,0,0.003,0.529,0.527,8.337e-4,910.812,0.001,336.875,0.247,6.4,32.17
27.169,0.904,2643.066,456.9,0.262,0.003,62.151,43.167,0,0.553,0.392,0.033,0.128,0.555,0.229,0.678,3.055e-4,0,0.003,0.529,0.527,0.002,911.052,0.001,336.884,0.248,6.4,32.17
27.203,0.426,2643.066,456.9,0.262,0.003,62.335,43.167,0,0.553,0.392,0.033,0.128,0.554,0.107,0.316,1.052e-4,0,0.003,0.529,0.527,0.003,911.363,0.001,336.895,0.249,6.4,32.17
27.246,0.207,2643.066,456.9,0.262,0.003,62.421,43.167,0,0.554,0.392,0.033,0.128,0.554,0.052,0.159,-7.16e-5,0,0.002,0.529,0.527,-0.003,911.762,0.001,336.909,0.25,6.4,32.17
27.289,0.797,2643.066,456.9,0.262,0.003,62.193,43.167,0,0.554,0.392,0.033,0.128,0.555,0.202,0.601,1.31e-4,0,0.002,0.529,0.527,-0.002,912.172,0.001,336.923,0.25,6.4,32.17
27.333,1.11,2643.066,456.9,0.262,0.003,62.075,43.167,0,0.554,0.392,0.033,0.128,0.556,0.283,0.836,-4.389e-4,0,0.002,0.529,0.527,-3.708e-4,912.578,0.001,336.938,0.251,6.4,32.17
27.369,1.144,2643.066,456.9,0.262,0.003,62.062,43.167,0,0.554,0.392,0.033,0.128,0.556,0.292,0.862,1.7e-4,0,0.002,0.529,0.527,1.748e-5,912.92,0.001,336.95,0.252,6.4,32.17
27.401,1.008,2643.066,456.9,0.262,0.003,62.113,43.167,0,0.554,0.392,0.034,0.128,0.556,0.256,0.758,3.641e-4,0,0.002,0.53,0.527,5.777e-4,913.226,0.001,336.96,0.253,6.4,32.17
27.435,0.617,2643.066,456.9,0.262,0.003,62.262,43.167,0,0.554,0.392,0.034,0.128,0.555,0.155,0.462,-8.215e-5,0,0.002,0.53,0.527,0.002,913.545,0.001,336.972,0.253,6.4,32.17
27.479,0.14,2643.066,456.9,0.262,0.003,62.45,43.167,0,0.555,0.392,0.034,0.128,0.555,0.035,0.104,-4.889e-4,0,0.002,0.53,0.527,8.893e-4,913.964,0.001,336.986,0.254,6.4,32.17
27.522,0.431,2643.066,456.9,0.262,0.003,62.335,43.167,0,0.555,0.392,0.034,0.128,0.555,0.108,0.326,2.087e-4,0,0.002,0.53,0.527,-0.002,914.376,0.001,337.001,0.255,6.4,32.17
27.565,0.859,2643.066,456.9,0.262,0.003,62.172,43.167,0,0.555,0.392,0.034,0.129,0.556,0.218,0.647,4.485e-4,0,0.002,0.53,0.527,-7.371e-4,914.788,0.001,337.016,0.256,6.4,32.17
27.6,1.04,2643.066,456.9,0.262,0.003,62.104,43.167,0,0.555,0.392,0.034,0.129,0.557,0.265,0.784,3.541e-4,0,0.002,0.53,0.527,-3.902e-5,915.129,0.001,337.027,0.257,6.4,32.17
27.632,1.004,2643.066,456.9,0.262,0.003,62.118,43.167,0,0.555,0.392,0.034,0.129,0.557,0.255,0.756,4.389e-4,0,0.002,0.53,0.527,1.956e-4,915.434,0.001,337.038,0.257,6.4,32.17
27.669,0.726,2643.066,456.9,0.262,0.003,62.225,43.167,0,0.555,0.392,0.034,0.129,0.556,0.183,0.545,1.735e-5,0,0.002,0.53,0.527,0.001,915.79,0.001,337.051,0.258,6.4,32.17
27.714,0.184,2643.066,456.9,0.262,0.003,62.435,43.167,0,0.555,0.392,0.035,0.129,0.556,0.046,0.137,-1.095e-4,0,0.002,0.53,0.528,0.001,916.226,0.001,337.066,0.259,6.4,32.17
27.758,0.448,2643.066,456.9,0.262,0.003,62.334,43.167,0,0.556,0.392,0.035,0.129,0.556,0.112,0.339,1.222e-4,0,0.002,0.53,0.528,-0.002,916.663,0.001,337.082,0.26,6.4,32.17
27.803,0.877,2643.066,456.9,0.262,0.003,62.17,43.167,0,0.556,0.392,0.035,0.129,0.557,0.222,0.661,-2.88e-5,0,0.002,0.53,0.528,-5.863e-4,917.1,0.001,337.097,0.261,6.4,32.17
27.835,1.002,2643.066,456.9,0.262,0.003,62.123,43.167,0,0.556,0.392,0.035,0.129,0.558,0.255,0.754,2.976e-4,0,0.002,0.53,0.528,-4.055e-5,917.407,0.001,337.108,0.262,6.4,32.17
27.863,0.959,2643.066,456.9,0.262,0.003,62.14,43.167,0,0.556,0.392,0.035,0.129,0.558,0.244,0.722,8.101e-6,0,0.002,0.53,0.528,1.161e-4,917.684,0.001,337.118,0.262,6.4,32.17
27.894,0.743,2643.066,456.9,0.262,0.003,62.222,43.167,0,0.556,0.392,0.035,0.129,0.557,0.188,0.558,3.573e-4,0,0.002,0.53,0.528,7.574e-4,917.988,0.001,337.128,0.263,6.4,32.17
27.937,0.295,2643.066,456.9,0.262,0.003,62.396,43.167,0,0.556,0.392,0.035,0.129,0.557,0.074,0.22,1.722e-4,0,0.002,0.53,0.528,0.002,918.42,0.001,337.144,0.264,6.4,32.17
27.983,0.265,2643.066,456.9,0.262,0.003,62.407,43.167,0,0.557,0.392,0.035,0.129,0.557,0.066,0.201,3.143e-4,0,0.002,0.53,0.528,-0.002,918.868,0.001,337.159,0.264,6.4,32.17
28.028,0.7,2643.066,456.9,0.262,0.003,62.239,43.167,0,0.557,0.392,0.036,0.129,0.558,0.177,0.528,-5.199e-5,0,0.002,0.53,0.528,-7.676e-4,919.322,0.001,337.175,0.265,6.4,32.17
28.066,0.879,2643.066,456.9,0.262,0.003,62.171,43.167,0,0.557,0.392,0.036,0.129,0.558,0.223,0.662,4.304e-4,0,0.002,0.53,0.528,-9.463e-5,919.695,0.001,337.188,0.266,6.4,32.17
28.095,0.867,2643.066,456.9,0.262,0.003,62.176,43.167,0,0.557,0.392,0.036,0.129,0.558,0.22,0.652,-1.114e-4,0,0.002,0.53,0.528,3.4e-5,919.989,0.001,337.199,0.267,6.4,32.17
28.125,0.707,2643.066,456.9,0.262,0.003,62.237,43.167,0,0.557,0.392,0.036,0.129,0.558,0.179,0.532,-1.979e-4,0,0.002,0.53,0.528,3.891e-4,920.289,0.001,337.209,0.267,6.4,32.17
28.162,0.391,2643.066,456.9,0.262,0.003,62.36,43.167,0,0.557,0.392,0.036,0.129,0.558,0.098,0.293,1.556e-4,0,0.002,0.53,0.528,8.68e-4,920.66,0.001,337.223,0.268,6.4,32.17
28.209,0.218,2643.066,456.9,0.262,0.003,62.43,43.167,0,0.557,0.392,0.036,0.129,0.558,0.055,0.164,-2.032e-5,0,0.002,0.53,0.528,-4.846e-4,921.13,0.001,337.239,0.269,6.4,32.17
28.256,0.641,2643.066,456.9,0.262,0.003,62.267,43.167,0,0.558,0.392,0.036,0.129,0.558,0.162,0.483,3.444e-4,0,0.002,0.53,0.528,-3.569e-4,921.605,0.001,337.256,0.27,6.4,32.17
28.296,0.777,2643.066,456.9,0.262,0.003,62.215,43.167,0,0.558,0.392,0.036,0.13,0.559,0.197,0.585,1.233e-4,0,0.002,0.53,0.528,-9.545e-7,922.013,0.001,337.27,0.27,6.4,32.17
28.328,0.685,2643.066,456.9,0.262,0.003,62.251,43.167,0,0.558,0.392,0.036,0.13,0.559,0.173,0.516,9.449e-5,0,0.002,0.53,0.528,1.361e-4,922.343,0.001,337.282,0.271,6.4,32.17
28.365,0.473,2643.066,456.9,0.262,0.003,62.333,43.167,0,0.558,0.392,0.037,0.13,0.559,0.119,0.355,1.932e-4,0,0.002,0.53,0.528,3.903e-4,922.716,0.001,337.295,0.272,6.4,32.17
28.412,0.242,2643.066,456.9,0.262,0.003,62.422,43.167,0,0.558,0.392,0.037,0.13,0.558,0.06,0.182,-1.476e-5,0,0.002,0.53,0.528,-2.434e-5,923.199,0.001,337.312,0.273,6.4,32.17
28.46,0.5,2643.066,456.9,0.262,0.003,62.322,43.167,0,0.558,0.392,0.037,0.13,0.559,0.126,0.377,-3.25e-4,0,0.002,0.53,0.529,-5.257e-4,923.686,0.001,337.329,0.274,6.4,32.17
28.508,0.727,2643.066,456.9,0.262,0.003,62.236,43.167,0,0.559,0.392,0.037,0.13,0.56,0.184,0.548,2.163e-4,0,0.002,0.53,0.529,-4.585e-5,924.181,0.001,337.347,0.274,6.4,32.17
28.546,0.67,2643.066,456.9,0.262,0.003,62.258,43.167,0,0.559,0.392,0.037,0.13,0.56,0.169,0.505,3.411e-4,0,0.002,0.53,0.529,1.06e-4,924.576,0.001,337.361,0.275,6.4,32.17
28.585,0.463,2643.066,456.9,0.262,0.003,62.338,43.167,0,0.559,0.392,0.037,0.13,0.559,0.116,0.348,-4.263e-4,0,0.002,0.53,0.529,5.038e-4,924.979,0.001,337.375,0.276,6.4,32.17
28.633,0.172,2643.066,456.9,0.262,0.003,62.454,43.167,0,0.559,0.392,0.037,0.13,0.559,0.043,0.13,-4.541e-4,0,0.002,0.531,0.529,4.5e-5,925.479,0.001,337.392,0.277,6.4,32.17
28.682,0.401,2643.066,456.9,0.262,0.003,62.364,43.167,0,0.559,0.392,0.038,0.13,0.56,0.101,0.303,1.805e-4,0,0.002,0.531,0.529,-5.788e-4,925.986,0.001,337.41,0.278,6.4,32.17
28.731,0.624,2643.066,456.9,0.262,0.003,62.279,43.167,0,0.56,0.392,0.038,0.13,0.56,0.158,0.47,-4.424e-4,0,0.002,0.531,0.529,-1.116e-4,926.498,0.001,337.428,0.279,6.4,32.17
28.78,0.634,2643.066,456.9,0.262,0.003,62.276,43.167,0,0.56,0.392,0.038,0.13,0.56,0.16,0.478,-4.666e-4,0,0.002,0.531,0.529,7.012e-5,927.013,0.001,337.447,0.28,6.4,32.17
28.829,0.357,2643.066,456.9,0.262,0.003,62.384,43.167,0,0.56,0.392,0.038,0.13,0.56,0.089,0.268,4.239e-4,0,0.002,0.531,0.529,3.104e-4,927.527,0.001,337.465,0.28,6.4,32.17
28.879,0.253,2643.066,456.9,0.262,0.003,62.424,43.167,0,0.56,0.392,0.038,0.13,0.56,0.063,0.19,3.238e-4,0,0.002,0.531,0.529,-7.94e-5,928.055,0.001,337.483,0.281,6.4,32.17
28.928,0.44,2643.066,456.9,0.262,0.003,62.354,43.167,0,0.56,0.392,0.038,0.13,0.561,0.11,0.331,-1.264e-4,0,0.002,0.531,0.529,-2.21e-4,928.582,0.001,337.502,0.282,6.4,32.17
28.978,0.539,2643.066,456.9,0.262,0.003,62.316,43.167,0,0.561,0.392,0.038,0.13,0.561,0.136,0.406,-4.558e-4,0,0.002,0.531,0.529,-6.52e-7,929.107,0.001,337.52,0.283,6.4,32.17
29.024,0.397,2643.066,456.9,0.262,0.003,62.372,43.167,0,0.561,0.392,0.039,0.13,0.561,0.1,0.298,-2.468e-4,0,0.002,0.531,0.529,1.473e-4,929.601,0.001,337.538,0.284,6.4,32.17
29.074,0.212,2643.066,456.9,0.262,0.003,62.445,43.167,0,0.561,0.392,0.039,0.131,0.561,0.053,0.16,3.802e-4,0,0.002,0.531,0.529,4.739e-7,930.136,0.001,337.557,0.285,6.4,32.17
29.124,0.357,2643.066,456.9,0.262,0.003,62.387,43.167,0,0.561,0.392,0.039,0.131,0.561,0.089,0.269,4.985e-4,0,0.002,0.531,0.529,-1.31e-4,930.673,0.001,337.576,0.286,6.4,32.17
29.174,0.487,2643.066,456.9,0.262,0.003,62.337,43.167,0,0.561,0.392,0.039,0.131,0.562,0.123,0.367,3.869e-4,0,0.002,0.531,0.529,-9.609e-6,931.211,0.001,337.594,0.287,6.4,32.17
29.221,0.426,2643.066,456.9,0.262,0.003,62.362,43.167,0,0.562,0.392,0.039,0.131,0.562,0.107,0.321,1.415e-4,0,0.002,0.531,0.529,7.636e-5,931.72,0.001,337.612,0.287,6.4,32.17
29.271,0.236,2643.066,456.9,0.262,0.003,62.436,43.167,0,0.562,0.392,0.039,0.131,0.562,0.059,0.178,4.508e-4,0,0.002,0.531,0.53,7.032e-5,932.261,0.001,337.632,0.288,6.4,32.17
29.321,0.262,2643.066,456.9,0.262,0.003,62.429,43.167,0,0.562,0.392,0.039,0.131,0.562,0.066,0.198,3.526e-4,0,0.002,0.531,0.53,-1.626e-4,932.804,0.001,337.651,0.289,6.4,32.17
29.371,0.441,2643.066,456.9,0.262,0.003,62.36,43.167,0,0.562,0.392,0.04,0.131,0.562,0.111,0.332,3.748e-5,0,0.002,0.531,0.53,-5.791e-5,933.349,0.001,337.67,0.29,6.4,32.17
29.42,0.432,2643.066,456.9,0.262,0.003,62.364,43.167,0,0.562,0.392,0.04,0.131,0.563,0.109,0.326,1.739e-5,0,0.001,0.531,0.53,1.032e-5,933.881,0.001,337.689,0.291,6.4,32.17
29.469,0.299,2643.066,456.9,0.262,0.003,62.417,43.167,0,0.562,0.391,0.04,0.131,0.563,0.075,0.226,2.231e-4,0,0.001,0.531,0.53,1.196e-4,934.422,0.001,337.708,0.292,6.4,32.17
29.519,0.175,2643.066,456.9,0.262,0.003,62.464,43.167,0,0.563,0.391,0.04,0.131,0.563,0.044,0.132,-1.506e-4,0,0.001,0.531,0.53,-1.397e-5,934.972,0.001,337.727,0.293,6.4,32.17
29.569,0.33,2643.066,456.9,0.262,0.003,62.404,43.167,0,0.563,0.391,0.04,0.131,0.563,0.083,0.249,1.248e-5,0,0.001,0.531,0.53,-9.269e-5,935.524,0.001,337.747,0.294,6.4,32.17
29.619,0.389,2643.066,456.9,0.262,0.003,62.382,43.167,0,0.563,0.391,0.04,0.131,0.563,0.098,0.293,-4.626e-4,0,0.001,0.531,0.53,-3.909e-7,936.077,0.001,337.766,0.294,6.4,32.17
29.669,0.3,2643.066,456.9,0.262,0.003,62.417,43.167,0,0.563,0.391,0.04,0.131,0.563,0.075,0.227,4.411e-4,0,0.001,0.531,0.53,4.308e-5,936.632,0.001,337.786,0.295,6.4,32.17
29.719,0.204,2643.066,456.9,0.262,0.003,62.457,43.167,0,0.563,0.391,0.041,0.131,0.563,0.051,0.153,-7.21e-5,0,0.001,0.531,0.53,-3.09e-6,937.188,0.001,337.805,0.296,6.4,32.17
29.769,0.317,2643.066,456.9,0.262,0.003,62.413,43.167,0,0.564,0.391,0.041,0.131,0.564,0.08,0.239,-3.671e-5,0,0.001,0.531,0.53,-5.824e-5,937.746,0.001,337.825,0.297,6.4,32.17
29.819,0.41,2643.066,456.9,0.262,0.003,62.378,43.167,0,0.564,0.391,0.041,0.132,0.564,0.103,0.309,-2.567e-4,0,0.001,0.532,0.53,3.941e-6,938.306,0.001,337.845,0.298,6.4,32.17
29.869,0.276,2643.066,456.9,0.262,0.003,62.431,43.167,0,0.564,0.391,0.041,0.132,0.564,0.069,0.208,-3.752e-4,0,0.001,0.532,0.53,1.261e-4,938.867,0.001,337.864,0.299,6.4,32.17
29.919,0.155,2643.066,456.9,0.262,0.003,62.477,43.167,0,0.564,0.391,0.041,0.132,0.564,0.039,0.116,3.345e-4,0,0.001,0.532,0.53,-5.054e-5,939.43,0.001,337.884,0.299,6.4,32.17
29.969,0.355,2643.066,456.9,0.262,0.003,62.401,43.167,0,0.564,0.391,0.041,0.132,0.565,0.089,0.268,-4.79e-4,0,0.001,0.532,0.53,-8.218e-5,939.995,0.001,337.904,0.3,6.4,32.17
30.019,0.395,2643.066,456.9,0.262,0.003,62.386,43.167,0,0.565,0.391,0.042,0.132,0.565,0.099,0.298,-3.079e-5,0,0.001,0.532,0.53,5.152e-6,940.561,0.001,337.924,0.301,6.4,32.17
30.069,0.263,2643.066,456.9,0.262,0.003,62.438,43.167,0,0.565,0.391,0.042,0.132,0.565,0.066,0.198,4.01e-5,0,0.001,0.532,0.53,1.064e-4,941.129,0.001,337.944,0.302,6.4,32.17
30.119,0.186,2643.066,456.9,0.262,0.003,62.47,43.167,0,0.565,0.391,0.042,0.132,0.565,0.046,0.14,1.553e-4,0,0.001,0.532,0.53,-4.715e-6,941.698,0.001,337.964,0.303,6.4,32.17
30.169,0.289,2643.066,456.9,0.262,0.003,62.429,43.167,0,0.565,0.391,0.042,0.132,0.565,0.073,0.219,3.913e-4,0,0.001,0.532,0.531,-3.234e-5,942.269,0.001,337.984,0.304,6.4,32.17
30.219,0.295,2643.066,456.9,0.262,0.003,62.427,43.167,0,0.565,0.391,0.042,0.132,0.566,0.074,0.223,4.991e-4,0,0.001,0.532,0.531,3.147e-6,942.842,0.001,338.005,0.304,6.4,32.17
30.269,0.173,2643.066,456.9,0.262,0.003,62.475,43.167,0,0.566,0.391,0.042,0.132,0.566,0.043,0.131,-8.159e-5,0,0.001,0.532,0.531,6.761e-7,943.416,0.001,338.025,0.305,6.4,32.17
30.319,0.248,2643.066,456.9,0.262,0.003,62.447,43.167,0,0.566,0.391,0.042,0.132,0.566,0.062,0.187,-4.011e-4,0,0.001,0.532,0.531,-5.19e-5,943.991,0.001,338.045,0.306,6.4,32.17
30.369,0.311,2643.066,456.9,0.262,0.003,62.424,43.167,0,0.566,0.391,0.043,0.132,0.566,0.078,0.234,-3.013e-4,0,0.001,0.532,0.531,-5.674e-8,944.568,0.001,338.065,0.307,6.4,32.17
30.419,0.246,2643.066,456.9,0.262,0.003,62.45,43.167,0,0.566,0.391,0.043,0.132,0.566,0.062,0.185,4.738e-4,0,0.001,0.532,0.531,4.311e-5,945.147,0.001,338.086,0.308,6.4,32.17
30.469,0.153,2643.066,456.9,0.262,0.003,62.488,43.167,0,0.566,0.391,0.043,0.132,0.566,0.038,0.115,-7.356e-5,0,0.001,0.532,0.531,4.097e-7,945.727,0.001,338.106,0.308,6.4,32.17
30.519,0.189,2643.066,456.9,0.262,0.003,62.473,43.167,0,0.567,0.391,0.043,0.132,0.567,0.047,0.143,2.773e-5,0,0.001,0.532,0.531,-3.939e-5,946.309,0.001,338.127,0.309,6.4,32.17
30.569,0.274,2643.066,456.9,0.262,0.003,62.44,43.167,0,0.567,0.391,0.043,0.132,0.567,0.069,0.206,-4.18e-4,0,0.001,0.532,0.531,-1.599e-5,946.892,0.001,338.147,0.31,6.4,32.17
30.619,0.283,2643.066,456.9,0.262,0.003,62.437,43.167,0,0.567,0.391,0.043,0.133,0.567,0.071,0.214,4.822e-5,0,0.001,0.532,0.531,1.23e-5,947.477,0.001,338.168,0.311,6.4,32.17
30.669,0.17,2643.066,456.9,0.262,0.003,62.482,43.167,0,0.567,0.391,0.044,0.133,0.567,0.042,0.128,-1.141e-4,0,0.001,0.532,0.531,6.468e-5,948.063,0.001,338.189,0.311,6.4,32.17
30.719,0.166,2643.066,456.9,0.262,0.003,62.486,43.167,0,0.567,0.391,0.044,0.133,0.567,0.041,0.125,2.409e-4,0,0.001,0.532,0.531,-4.565e-5,948.651,0.001,338.209,0.312,6.4,32.17
30.769,0.27,2643.066,456.9,0.262,0.003,62.446,43.167,0,0.568,0.391,0.044,0.133,0.568,0.068,0.203,3.83e-5,0,0.001,0.532,0.531,-1.752e-5,949.24,0.001,338.23,0.313,6.4,32.17
30.819,0.223,2643.066,456.9,0.262,0.003,62.465,43.167,0,0.568,0.391,0.044,0.133,0.568,0.056,0.168,-2.014e-4,0,0.001,0.532,0.531,4.931e-5,949.831,0.001,338.251,0.314,6.4,32.17
30.869,0.051,2643.066,456.9,0.262,0.003,62.532,43.167,0,0.568,0.391,0.044,0.133,0.568,0.013,0.039,-2.568e-4,0,0.001,0.532,0.531,-5.75e-5,950.423,0.001,338.272,0.314,6.4,32.17
30.919,0.262,2643.066,456.9,0.262,0.003,62.449,43.167,0,0.568,0.391,0.044,0.133,0.568,0.066,0.198,6.171e-6,0,0.001,0.532,0.531,-9.976e-5,951.017,0.001,338.293,0.315,6.4,32.17
30.969,0.35,2643.066,456.9,0.262,0.003,62.415,43.167,0,0.568,0.391,0.044,0.133,0.568,0.088,0.264,1.824e-5,0,0.001,0.532,0.531,2.382e-6,951.612,0.001,338.314,0.316,6.4,32.17
31.019,0.212,2643.066,456.9,0.262,0.003,62.47,43.167,0,0.568,0.391,0.045,0.133,0.569,0.053,0.16,3.799e-4,0,0.001,0.532,0.531,1.525e-4,952.209,0.001,338.335,0.317,6.4,32.17
31.069,0.054,2643.066,456.9,0.262,0.003,62.533,43.167,0,0.569,0.391,0.045,0.133,0.569,0.013,0.041,-2.107e-4,0,0.001,0.532,0.531,-1.828e-4,952.807,0.001,338.356,0.317,6.4,32.17
31.119,0.257,2643.066,456.9,0.262,0.003,62.455,43.167,0,0.569,0.391,0.045,0.133,0.569,0.064,0.195,-1.576e-4,0,0.001,0.533,0.532,-8.95e-5,953.406,0.001,338.377,0.318,6.4,32.17
31.169,0.316,2643.066,456.9,0.262,0.003,62.433,43.167,0,0.569,0.391,0.045,0.133,0.569,0.079,0.239,-2.295e-4,0,0.001,0.533,0.532,1.405e-6,954.007,0.001,338.398,0.319,6.4,32.17
31.219,0.228,2643.066,456.9,0.262,0.003,62.468,43.167,0,0.569,0.391,0.045,0.133,0.569,0.057,0.172,4.327e-4,0,0.001,0.533,0.532,1.399e-4,954.609,0.001,338.419,0.32,6.4,32.17
31.269,0.064,2643.066,456.9,0.262,0.003,62.533,43.167,0,0.569,0.391,0.045,0.133,0.569,0.016,0.048,1.292e-4,0,0.001,0.533,0.532,-3.251e-5,955.243,0.001,338.441,0.32,6.4,32.17
31.319,0.268,2643.066,456.9,0.262,0.003,62.453,43.167,0,0.57,0.391,0.045,0.133,0.57,0.067,0.203,5.139e-5,0,9.798e-4,0.533,0.532,-1.053e-4,955.878,0.001,338.462,0.321,6.4,32.17
31.369,0.326,2643.066,456.9,0.262,0.003,62.43,43.167,0,0.57,0.391,0.046,0.133,0.57,0.082,0.246,4.364e-4,0,9.717e-4,0.533,0.532,2.062e-6,956.515,0.001,338.483,0.322,6.4,32.17
31.419,0.186,2643.066,456.9,0.262,0.003,62.485,43.167,0,0.57,0.391,0.046,0.134,0.57,0.046,0.14,-2.592e-4,0,9.64e-4,0.533,0.532,1.214e-4,957.153,0.001,338.505,0.322,6.4,32.17
31.469,0.089,2643.066,456.9,0.262,0.003,62.524,43.167,0,0.57,0.391,0.046,0.134,0.57,0.022,0.067,4.019e-4,0,9.383e-4,0.533,0.532,-1.483e-4,957.793,0.001,338.526,0.323,6.4,32.17
31.519,0.318,2643.066,456.9,0.262,0.003,62.435,43.167,0,0.57,0.391,0.046,0.134,0.571,0.08,0.24,5.897e-7,0,9.197e-4,0.533,0.532,-3.533e-5,958.434,0.001,338.548,0.324,6.4,32.17
31.569,0.347,2643.066,456.9,0.262,0.003,62.426,43.167,0,0.571,0.391,0.046,0.134,0.571,0.087,0.262,-1.051e-4,0,9.071e-4,0.533,0.532,4.035e-5,959.076,0.001,338.569,0.325,6.4,32.17
31.619,0.163,2643.066,456.9,0.262,0.003,62.499,43.167,0,0.571,0.391,0.046,0.134,0.571,0.041,0.124,-3.618e-4,0,9.062e-4,0.533,0.532,1.633e-4,959.72,0.001,338.591,0.325,6.4,32.17
31.669,0.194,2643.066,456.9,0.262,0.003,62.487,43.167,0,0.571,0.391,0.046,0.134,0.571,0.049,0.147,-2.5e-4,0,8.974e-4,0.533,0.532,-1.619e-4,960.366,0.001,338.613,0.326,6.4,32.17
31.719,0.313,2643.066,456.9,0.262,0.003,62.442,43.167,0,0.571,0.391,0.047,0.134,0.571,0.078,0.237,-3.451e-4,0,8.737e-4,0.533,0.532,-3.121e-5,961.013,0.001,338.634,0.327,6.4,32.17
31.769,0.289,2643.066,456.9,0.262,0.003,62.451,43.167,0,0.571,0.391,0.047,0.134,0.571,0.073,0.218,-1.426e-4,0,8.757e-4,0.533,0.532,1.976e-5,961.661,0.001,338.656,0.327,6.4,32.17
31.819,0.152,2643.066,456.9,0.262,0.003,62.503,43.167,0,0.571,0.391,0.047,0.134,0.571,0.038,0.115,-3.336e-4,0,8.751e-4,0.533,0.532,6.663e-5,962.31,0.001,338.678,0.328,6.4,32.17
31.869,0.17,2643.066,456.9,0.262,0.003,62.499,43.167,0,0.572,0.391,0.047,0.134,0.572,0.043,0.129,3.947e-5,0,8.716e-4,0.533,0.532,-8.123e-5,962.961,0.001,338.7,0.329,6.4,32.17
31.919,0.3,2643.066,456.9,0.262,0.003,62.447,43.167,0,0.572,0.391,0.047,0.134,0.572,0.075,0.226,3.592e-4,0,8.663e-4,0.533,0.532,-9.426e-6,963.614,0.001,338.722,0.329,6.4,32.17
31.969,0.247,2643.066,456.9,0.262,0.003,62.468,43.167,0,0.572,0.391,0.047,0.134,0.572,0.062,0.186,2.118e-4,0,8.515e-4,0.533,0.532,3.322e-5,964.267,0.001,338.744,0.33,6.4,32.17
32.019,0.114,2643.066,456.9,0.262,0.003,62.523,43.167,0,0.572,0.391,0.047,0.134,0.572,0.028,0.086,4.816e-4,0,8.365e-4,0.533,0.532,1.385e-6,964.923,0.001,338.766,0.331,6.4,32.17
32.069,0.206,2643.066,456.9,0.262,0.003,62.486,43.167,0,0.572,0.391,0.048,0.134,0.572,0.052,0.156,3.294e-4,0,8.316e-4,0.533,0.532,-4.278e-5,965.579,0.001,338.788,0.331,6.4,32.17
32.119,0.26,2643.066,456.9,0.262,0.003,62.467,43.167,0,0.572,0.39,0.048,0.134,0.573,0.065,0.196,-1.296e-4,0,8.171e-4,0.533,0.532,3.595e-7,966.237,0.001,338.81,0.332,6.4,32.17
32.169,0.203,2643.066,456.9,0.262,0.003,62.49,43.167,0,0.573,0.39,0.048,0.134,0.573,0.051,0.153,-3.818e-4,0,8.046e-4,0.533,0.532,5.954e-5,966.896,0.001,338.832,0.333,6.4,32.17
32.219,0.126,2643.066,456.9,0.262,0.003,62.52,43.167,0,0.573,0.39,0.048,0.134,0.573,0.032,0.095,1.198e-5,0,8.048e-4,0.533,0.533,-2.937e-5,967.557,0.001,338.854,0.333,6.4,32.17
32.269,0.256,2643.066,456.9,0.262,0.003,62.47,43.167,0,0.573,0.39,0.048,0.134,0.573,0.064,0.194,-4.083e-4,0,7.995e-4,0.533,0.533,-2.518e-5,968.219,0.001,338.877,0.334,6.4,32.17
32.319,0.265,2643.066,456.9,0.262,0.003,62.465,43.167,0,0.573,0.39,0.048,0.135,0.573,0.066,0.201,-3.604e-4,0,7.963e-4,0.533,0.533,1.647e-5,968.882,0.001,338.899,0.335,6.4,32.17
32.369,0.145,2643.066,456.9,0.262,0.003,62.514,43.167,0,0.573,0.39,0.048,0.135,0.573,0.036,0.11,3.528e-4,0,7.853e-4,0.533,0.533,4.339e-5,969.546,0.001,338.921,0.335,6.4,32.17
32.419,0.146,2643.066,456.9,0.262,0.003,62.513,43.167,0,0.574,0.39,0.048,0.135,0.574,0.036,0.11,-1.352e-4,0,7.648e-4,0.533,0.533,-7.349e-5,970.212,0.001,338.943,0.336,6.4,32.17
32.469,0.237,2643.066,456.9,0.262,0.003,62.479,43.167,0,0.574,0.39,0.049,0.135,0.574,0.059,0.179,-3.192e-4,0,7.596e-4,0.534,0.533,-8.635e-6,970.879,0.001,338.966,0.336,6.4,32.17
32.519,0.191,2643.066,456.9,0.262,0.003,62.499,43.167,0,0.574,0.39,0.049,0.135,0.574,0.048,0.145,3.447e-4,0,7.518e-4,0.534,0.533,3.171e-5,971.548,0.001,338.988,0.337,6.4,32.17
32.569,0.048,2643.066,456.9,0.262,0.003,62.554,43.167,0,0.574,0.39,0.049,0.135,0.574,0.012,0.036,4.032e-4,0,7.502e-4,0.534,0.533,1.422e-5,972.218,0.001,339.011,0.338,6.4,32.17
32.619,0.131,2643.066,456.9,0.262,0.003,62.524,43.167,0,0.574,0.39,0.049,0.135,0.574,0.033,0.098,-1.615e-5,0,7.425e-4,0.534,0.533,-5.408e-5,972.889,0.001,339.033,0.338,6.4,32.17
32.669,0.226,2643.066,456.9,0.262,0.003,62.486,43.167,0,0.574,0.39,0.049,0.135,0.574,0.057,0.172,-4.467e-4,0,7.248e-4,0.534,0.533,3.572e-8,973.561,0.001,339.056,0.339,6.4,32.17
32.719,0.145,2643.066,456.9,0.262,0.003,62.517,43.167,0,0.575,0.39,0.049,0.135,0.575,0.036,0.11,-3.279e-4,0,7.184e-4,0.534,0.533,6.407e-5,974.234,0.001,339.079,0.34,6.4,32.17
32.769,0.069,2643.066,456.9,0.262,0.003,62.549,43.167,0,0.575,0.39,0.049,0.135,0.575,0.017,0.052,-1.874e-4,0,7.138e-4,0.534,0.533,-6.305e-5,974.909,0.001,339.101,0.34,6.4,32.17
32.819,0.21,2643.066,456.9,0.262,0.003,62.493,43.167,0,0.575,0.39,0.049,0.135,0.575,0.053,0.159,-4.435e-4,0,7.118e-4,0.534,0.533,-1.928e-5,975.585,0.001,339.124,0.341,6.4,32.17
32.869,0.204,2643.066,456.9,0.262,0.003,62.497,43.167,0,0.575,0.39,0.05,0.135,0.575,0.051,0.154,-2.62e-4,0,7.002e-4,0.534,0.533,1.988e-5,976.263,0.001,339.147,0.341,6.4,32.17
32.919,0.059,2643.066,456.9,0.262,0.003,62.555,43.167,0,0.575,0.39,0.05,0.135,0.575,0.015,0.044,3.493e-4,0,6.878e-4,0.534,0.533,8.697e-5,976.941,0.001,339.169,0.342,6.4,32.17
32.969,0.12,2643.066,456.9,0.262,0.003,62.532,43.167,0,0.575,0.39,0.05,0.135,0.575,0.03,0.091,2.749e-4,0,6.857e-4,0.534,0.533,-6.786e-5,977.621,0.001,339.192,0.343,6.4,32.17
33.019,0.178,2643.066,456.9,0.262,0.003,62.51,43.167,0,0.575,0.39,0.05,0.135,0.576,0.045,0.135,1.708e-4,0,6.678e-4,0.534,0.533,-1.152e-6,978.302,0.001,339.215,0.343,6.4,32.17
33.069,0.056,2643.066,456.9,0.262,0.003,62.558,43.167,0,0.576,0.39,0.05,0.135,0.576,0.014,0.042,5.517e-5,0,6.524e-4,0.534,0.533,2.402e-5,978.984,0.001,339.238,0.344,6.4,32.17
33.119,0.054,2643.066,456.9,0.262,0.003,62.558,43.167,0,0.576,0.39,0.05,0.135,0.576,0.013,0.041,4.271e-4,0,6.614e-4,0.534,0.533,-1.952e-5,979.668,0.001,339.261,0.344,6.4,32.17
33.169,0.099,2643.066,456.9,0.262,0.003,62.541,43.167,0,0.576,0.39,0.05,0.135,0.576,0.025,0.074,-2.038e-5,0,6.553e-4,0.534,0.533,-1.939e-6,980.352,0.001,339.284,0.345,6.4,32.17
33.219,0.095,2643.066,456.9,0.262,0.003,62.543,43.167,0,0.576,0.39,0.05,0.136,0.576,0.024,0.072,2.232e-4,0,6.488e-4,0.534,0.533,1.154e-5,981.038,0.001,339.307,0.345,6.4,32.17
33.269,0.023,2643.066,456.9,0.262,0.003,62.574,43.167,0,0.576,0.39,0.051,0.136,0.576,0.006,0.017,-4.132e-4,0,6.463e-4,0.534,0.533,-1.788e-5,981.725,0.001,339.33,0.346,6.4,32.17
33.319,0.087,2643.066,456.9,0.262,0.003,62.549,43.167,0,0.576,0.39,0.051,0.136,0.576,0.022,0.066,-1.884e-4,0,6.344e-4,0.534,0.533,-7.477e-6,982.413,0.001,339.353,0.347,6.4,32.17
33.369,0.096,2643.066,456.9,0.262,0.003,62.546,43.167,0,0.577,0.39,0.051,0.136,0.577,0.024,0.073,-2.94e-4,0,6.277e-4,0.534,0.533,7.778e-7,983.103,0.001,339.376,0.347,6.4,32.17
33.419,0.063,2643.066,456.9,0.262,0.003,62.559,43.167,0,0.577,0.39,0.051,0.136,0.577,0.016,0.047,-4.247e-4,0,6.098e-4,0.534,0.534,5.487e-6,983.793,0.001,339.4,0.348,6.4,32.17
33.469,0.08,2643.066,456.9,0.262,0.003,62.552,43.167,0,0.577,0.39,0.051,0.136,0.577,0.02,0.06,-1.042e-4,0,6.019e-4,0.534,0.534,1.36e-5,984.485,0.001,339.423,0.348,6.4,32.17
33.519,0.045,2643.066,456.9,0.262,0.003,62.568,43.167,0,0.577,0.39,0.051,0.136,0.577,0.011,0.035,4.668e-5,0,6.068e-4,0.534,0.534,-1.576e-5,985.178,0.001,339.446,0.349,6.4,32.17
33.569,0.124,2643.066,456.9,0.262,0.003,62.538,43.167,0,0.577,0.39,0.051,0.136,0.577,0.031,0.093,1.681e-4,0,6.051e-4,0.534,0.534,-3.914e-6,985.872,0.001,339.469,0.349,6.4,32.17
33.619,0.108,2643.066,456.9,0.262,0.003,62.544,43.167,0,0.577,0.39,0.051,0.136,0.577,0.027,0.082,4.611e-4,0,5.962e-4,0.534,0.534,7.711e-6,986.567,0.001,339.493,0.35,6.4,32.17
33.669,0.051,2643.066,456.9,0.262,0.003,62.567,43.167,0,0.577,0.39,0.052,0.136,0.577,0.013,0.039,4.962e-4,0,5.863e-4,0.534,0.534,1.278e-6,987.263,0.001,339.516,0.35,6.4,32.17
33.719,0.091,2643.066,456.9,0.262,0.003,62.55,43.167,0,0.578,0.39,0.052,0.136,0.578,0.023,0.069,3.46e-4,0,5.774e-4,0.534,0.534,-8.547e-7,987.96,0.001,339.54,0.351,6.4,32.17
33.769,0.087,2643.066,456.9,0.262,0.003,62.552,43.167,0,0.578,0.39,0.052,0.136,0.578,0.022,0.066,-3.904e-4,0,5.792e-4,0.534,0.534,-5.109e-9,988.659,0.001,339.563,0.351,6.4,32.17
33.819,0.11,2643.066,456.9,0.262,0.003,62.544,43.167,0,0.578,0.39,0.052,0.136,0.578,0.027,0.083,-3.554e-4,0,5.77e-4,0.534,0.534,2.093e-7,989.359,0.001,339.586,0.352,6.4,32.17
33.869,0.08,2643.066,456.9,0.262,0.003,62.558,43.167,0,0.578,0.39,0.052,0.136,0.578,0.02,0.06,-4.274e-4,0,5.647e-4,0.534,0.534,2.328e-7,990.059,0.001,339.61,0.353,6.4,32.17
33.919,0.101,2643.066,456.9,0.262,0.003,62.55,43.167,0,0.578,0.39,0.052,0.136,0.578,0.025,0.077,-1.246e-4,0,5.569e-4,0.534,0.534,-2.814e-7,990.761,0.001,339.634,0.353,6.4,32.17
33.969,0.078,2643.066,456.9,0.262,0.003,62.558,43.167,0,0.578,0.39,0.052,0.136,0.578,0.019,0.059,-3.515e-4,0,5.571e-4,0.534,0.534,4.752e-7,991.464,0.001,339.657,0.354,6.4,32.17
34.019,0.072,2643.066,456.9,0.262,0.003,62.56,43.167,0,0.579,0.39,0.052,0.136,0.579,0.018,0.055,-1.734e-4,0,5.467e-4,0.535,0.534,-9.135e-7,992.168,0.001,339.681,0.354,6.4,32.17
34.069,0.051,2643.066,456.9,0.262,0.003,62.571,43.167,0,0.579,0.39,0.053,0.136,0.579,0.013,0.038,-5.029e-5,0,5.348e-4,0.535,0.534,-7.704e-6,992.873,0.001,339.705,0.355,6.4,32.17
34.119,0.095,2643.066,456.9,0.262,0.003,62.554,43.167,0,0.579,0.39,0.053,0.136,0.579,0.024,0.072,2.852e-4,0,5.344e-4,0.535,0.534,-1.198e-6,993.579,0.001,339.728,0.355,6.4,32.17
34.169,0.068,2643.066,456.9,0.262,0.003,62.564,43.167,0,0.579,0.39,0.053,0.136,0.579,0.017,0.052,3.716e-4,0,5.357e-4,0.535,0.534,1.017e-5,994.286,0.001,339.752,0.356,6.4,32.17
34.219,0.04,2643.066,456.9,0.262,0.003,62.576,43.167,0,0.579,0.39,0.053,0.136,0.579,0.01,0.03,3.021e-4,0,5.36e-4,0.535,0.534,-1.257e-5,994.994,0.001,339.776,0.356,6.4,32.17
34.269,0.105,2643.066,456.9,0.262,0.003,62.55,43.167,0,0.579,0.39,0.053,0.137,0.579,0.026,0.079,3.127e-4,0,5.228e-4,0.535,0.534,-2.486e-6,995.704,0.001,339.8,0.357,6.4,32.17
34.319,0.074,2643.066,456.9,0.262,0.003,62.564,43.167,0,0.579,0.39,0.053,0.137,0.579,0.018,0.056,4.92e-4,0,5.135e-4,0.535,0.534,2.883e-6,996.414,0.001,339.823,0.357,6.4,32.17
34.369,0.028,2643.066,456.9,0.262,0.003,62.584,43.167,0,0.58,0.39,0.053,0.137,0.58,0.007,0.021,-3.206e-4,0,5.128e-4,0.535,0.534,6.449e-6,997.125,0.001,339.847,0.358,6.4,32.17
34.419,0.073,2643.066,456.9,0.262,0.003,62.566,43.167,0,0.58,0.39,0.053,0.137,0.58,0.018,0.055,-1.322e-4,0,4.987e-4,0.535,0.534,-8.159e-6,997.838,0.001,339.871,0.358,6.4,32.17
34.469,0.134,2643.066,456.9,0.262,0.003,62.542,43.167,0,0.58,0.39,0.053,0.137,0.58,0.034,0.101,-3.237e-4,0,4.888e-4,0.535,0.534,4.699e-6,998.551,0.001,339.895,0.359,6.4,32.17
34.519,0.052,2643.066,456.9,0.262,0.003,62.573,43.167,0,0.58,0.39,0.054,0.137,0.58,0.013,0.04,-2.886e-4,0,4.91e-4,0.535,0.534,1.793e-5,999.266,0.001,339.919,0.359,6.4,32.17
34.569,0.117,2643.066,456.9,0.262,0.003,62.549,43.167,0,0.58,0.39,0.054,0.137,0.58,0.029,0.088,-1.19e-4,0,4.973e-4,0.535,0.534,-1.85e-5,999.981,0.001,339.943,0.36,6.4,32.17
34.619,0.153,2643.066,456.9,0.262,0.003,62.535,43.167,0,0.58,0.39,0.054,0.137,0.58,0.038,0.116,-2.127e-5,0,4.89e-4,0.535,0.534,6.605e-6,1000.697,0.001,339.967,0.36,6.4,32.17
34.669,0.043,2643.066,456.9,0.262,0.003,62.579,43.167,0,0.581,0.39,0.054,0.137,0.581,0.011,0.032,1.049e-4,0,4.776e-4,0.535,0.534,4.433e-5,1001.415,0.001,339.991,0.36,6.4,32.17
34.719,0.091,2643.066,456.9,0.262,0.003,62.561,43.167,0,0.581,0.39,0.054,0.137,0.581,0.023,0.069,-2.599e-4,0,4.783e-4,0.535,0.534,-3.276e-5,1002.133,0.001,340.016,0.361,6.4,32.17
34.769,0.164,2643.066,456.9,0.262,0.003,62.533,43.167,0,0.581,0.39,0.054,0.137,0.581,0.041,0.124,-4.616e-4,0,4.749e-4,0.535,0.534,-9.681e-8,1002.852,0.001,340.04,0.361,6.4,32.17
34.819,0.08,2643.066,456.9,0.262,0.003,62.567,43.167,0,0.581,0.39,0.054,0.137,0.581,0.02,0.061,1.56e-4,0,4.572e-4,0.535,0.535,2.159e-5,1003.573,0.001,340.064,0.362,6.4,32.17
34.869,0.083,2643.066,456.9,0.262,0.003,62.567,43.167,0,0.581,0.39,0.054,0.137,0.581,0.021,0.063,-3.18e-4,0,4.567e-4,0.535,0.535,-1.556e-5,1004.294,0.001,340.088,0.362,6.4,32.17
34.919,0.081,2643.066,456.9,0.262,0.003,62.567,43.167,0,0.581,0.39,0.054,0.137,0.581,0.02,0.061,4.879e-4,0,4.62e-4,0.535,0.535,-1.317e-6,1005.016,0.001,340.112,0.363,6.4,32.17
34.969,0.077,2643.066,456.9,0.262,0.003,62.568,43.167,0,0.581,0.39,0.055,0.137,0.581,0.019,0.058,-4.383e-4,0,4.458e-4,0.535,0.535,3.199e-6,1005.74,0.001,340.137,0.363,6.4,32.17
35.019,0.083,2643.066,456.9,0.262,0.003,62.567,43.167,0,0.581,0.39,0.055,0.137,0.581,0.021,0.063,-3.562e-4,0,4.308e-4,0.535,0.535,1.39e-5,1006.464,0.001,340.161,0.364,6.4,32.17
35.069,0.093,2643.066,456.9,0.262,0.003,62.563,43.167,0,0.582,0.39,0.055,0.137,0.582,0.023,0.071,-2.697e-4,0,4.267e-4,0.535,0.535,-2.098e-6,1007.189,0.001,340.185,0.364,6.4,32.17
35.119,0.145,2643.066,456.9,0.262,0.003,62.543,43.167,0,0.582,0.39,0.055,0.137,0.582,0.036,0.11,-2.399e-4,0,4.283e-4,0.535,0.535,-4.685e-6,1007.915,0.001,340.21,0.365,6.4,32.17
35.169,0.155,2643.066,456.9,0.262,0.003,62.541,43.167,0,0.582,0.39,0.055,0.137,0.582,0.039,0.118,-4.466e-4,0,4.314e-4,0.535,0.535,1.599e-6,1008.642,0.001,340.234,0.365,6.4,32.17
35.219,0.156,2643.066,456.9,0.262,0.003,62.539,43.167,0,0.582,0.39,0.055,0.137,0.582,0.039,0.118,3.167e-4,0,4.383e-4,0.535,0.535,1.958e-6,1009.37,0.001,340.259,0.365,6.4,32.17
35.269,0.165,2643.066,456.9,0.262,0.003,62.538,43.167,0,0.582,0.39,0.055,0.137,0.582,0.041,0.126,2.81e-4,0,4.25e-4,0.535,0.535,-1.336e-7,1010.098,0.001,340.283,0.366,6.4,32.17
35.319,0.158,2643.066,456.9,0.262,0.003,62.539,43.167,0,0.582,0.39,0.055,0.137,0.582,0.04,0.121,2.897e-4,0,4.09e-4,0.535,0.535,-6.456e-6,1010.828,0.001,340.308,0.366,6.4,32.17
35.369,0.155,2643.066,456.9,0.262,0.003,62.543,43.167,0,0.582,0.39,0.055,0.137,0.582,0.039,0.118,4.035e-4,0,4.079e-4,0.535,0.535,2.33e-6,1011.559,0.001,340.332,0.367,6.4,32.17
35.419,0.093,2643.066,456.9,0.262,0.003,62.566,43.167,0,0.583,0.39,0.055,0.138,0.583,0.023,0.071,-1.632e-4,0,4.071e-4,0.535,0.535,2.093e-6,1012.29,0.001,340.357,0.367,6.4,32.17
35.469,0.117,2643.066,456.9,0.262,0.003,62.558,43.167,0,0.583,0.39,0.056,0.138,0.583,0.029,0.089,-2.062e-4,0,4.044e-4,0.535,0.535,-8.972e-6,1013.023,0.001,340.381,0.368,6.4,32.17
35.519,0.157,2643.066,456.9,0.262,0.003,62.543,43.167,0,0.583,0.39,0.056,0.138,0.583,0.039,0.119,1.978e-5,0,3.927e-4,0.535,0.535,5.384e-7,1013.25,0.001,340.389,0.368,6.4,32.17
