# Time (s),Angle of attack (°),Mass (g),Motor mass (g),Longitudinal moment of inertia (kg·m²),Rotational moment of inertia (kg·m²),CP location (cm),CG location (cm),Thrust (N),Drag coefficient (​),Friction drag coefficient (​),Pressure drag coefficient (​),Base drag coefficient (​),Axial drag coefficient (​),Normal force coefficient (​),Pitch moment coefficient (​),Yaw moment coefficient (​),Side force coefficient (​),Roll moment coefficient (​),Roll forcing coefficient (​),Roll damping coefficient (​),Pitch damping coefficient (​),Air pressure (mbar),Air density (g/cm³),Speed of sound (m/s),Mach number (​),Reference length (cm),Reference area (cm²)
0,90,2993.18,807,0.302,0.003,NaN,47.265,0,0.705,0.568,0.017,0.12,0,NaN,NaN,NaN,NaN,NaN,NaN,NaN,NaN,1013.25,0.001,340.389,0.007,6.4,32.17
0.01,89.371,2992.431,806.251,0.302,0.003,NaN,47.257,64.111,0.705,0.568,0.017,0.12,2.333e-6,NaN,NaN,NaN,NaN,NaN,NaN,NaN,NaN,1013.25,0.001,340.389,0.007,6.4,32.17
0.02,83.856,2991.682,805.502,0.302,0.003,NaN,47.249,128.222,0.705,0.568,0.017,0.12,0.002,NaN,NaN,NaN,NaN,NaN,NaN,NaN,NaN,1013.25,0.001,340.389,0.007,6.4,32.17
0.03,73.394,2990.933,804.753,0.302,0.003,NaN,47.241,192.334,0.7,0.564,0.017,0.12,0.036,NaN,NaN,NaN,NaN,NaN,NaN,NaN,NaN,1013.249,0.001,340.389,0.007,6.4,32.17
0.042,56.868,2990.034,803.854,0.301,0.003,NaN,47.232,269.267,0.683,0.546,0.017,0.12,0.219,NaN,NaN,NaN,NaN,NaN,NaN,NaN,NaN,1013.248,0.001,340.389,0.008,6.4,32.17
0.045,52.776,2989.634,803.454,0.301,0.003,NaN,47.228,326.466,0.677,0.54,0.017,0.12,0.288,NaN,NaN,NaN,NaN,NaN,NaN,NaN,NaN,1013.247,0.001,340.389,0.008,6.4,32.17
0.048,47.388,2989.052,802.872,0.301,0.003,NaN,47.222,311.56,0.667,0.53,0.017,0.12,0.388,NaN,NaN,NaN,NaN,NaN,NaN,NaN,NaN,1013.247,0.001,340.389,0.009,6.4,32.17
0.054,41.163,2988.18,802,0.301,0.003,NaN,47.213,289.2,0.653,0.516,0.017,0.12,0.507,NaN,NaN,NaN,NaN,NaN,NaN,NaN,NaN,1013.245,0.001,340.389,0.01,6.4,32.17
0.062,34.71,2986.871,800.691,0.301,0.003,NaN,47.199,255.66,0.636,0.499,0.017,0.12,0.62,NaN,NaN,NaN,NaN,NaN,NaN,NaN,NaN,1013.242,0.001,340.389,0.012,6.4,32.17
0.07,30.754,2985.679,799.499,0.301,0.003,NaN,47.187,225.102,0.624,0.487,0.017,0.12,0.678,NaN,NaN,NaN,NaN,NaN,NaN,NaN,NaN,1013.239,0.001,340.389,0.013,6.4,32.17
0.08,27.051,2984.49,798.31,0.301,0.003,NaN,47.174,214.247,0.611,0.474,0.017,0.12,0.719,NaN,NaN,NaN,NaN,NaN,NaN,NaN,NaN,1013.234,0.001,340.388,0.015,6.4,32.17
0.091,24.009,2983.182,797.002,0.301,0.003,NaN,47.161,202.307,0.599,0.462,0.017,0.12,0.741,NaN,NaN,NaN,NaN,NaN,NaN,NaN,NaN,1013.228,0.001,340.388,0.017,6.4,32.17
0.101,21.779,2981.967,795.788,0.301,0.003,NaN,47.148,208.8,0.59,0.453,0.017,0.12,0.749,NaN,NaN,NaN,NaN,NaN,NaN,NaN,NaN,1013.221,0.001,340.388,0.018,6.4,32.17
0.111,19.767,2980.753,794.573,0.301,0.003,NaN,47.136,215.294,0.581,0.444,0.017,0.12,0.749,NaN,NaN,NaN,NaN,NaN,NaN,NaN,NaN,1013.214,0.001,340.388,0.02,6.4,32.17
0.121,18.018,2979.539,793.359,0.3,0.003,NaN,47.123,221.787,0.573,0.436,0.017,0.12,0.744,NaN,NaN,NaN,NaN,NaN,NaN,NaN,NaN,1013.206,0.001,340.387,0.022,6.4,32.17
0.131,16.488,2978.325,792.145,0.3,0.003,NaN,47.11,228.281,0.566,0.428,0.017,0.12,0.735,NaN,NaN,NaN,NaN,NaN,NaN,NaN,NaN,1013.198,0.001,340.387,0.023,6.4,32.17
0.14,15.27,2977.232,791.053,0.3,0.003,NaN,47.099,234.125,0.559,0.422,0.017,0.12,0.722,NaN,NaN,NaN,NaN,NaN,NaN,NaN,NaN,1013.189,0.001,340.387,0.025,6.4,32.17
0.15,14.078,2975.898,789.718,0.3,0.003,NaN,47.085,235.963,0.553,0.415,0.017,0.12,0.705,NaN,NaN,NaN,NaN,NaN,NaN,NaN,NaN,1013.179,0.001,340.387,0.027,6.4,32.17
0.16,13.1,2974.564,788.384,0.3,0.003,NaN,47.071,237.801,0.546,0.409,0.017,0.12,0.688,NaN,NaN,NaN,NaN,NaN,NaN,NaN,NaN,1013.169,0.001,340.386,0.029,6.4,32.17
0.17,12.24,2973.229,787.049,0.3,0.003,NaN,47.057,239.64,0.541,0.404,0.017,0.12,0.672,NaN,NaN,NaN,NaN,NaN,NaN,NaN,NaN,1013.157,0.001,340.386,0.031,6.4,32.17
0.18,11.502,2971.939,785.759,0.3,0.003,NaN,47.043,241.417,0.536,0.398,0.017,0.12,0.657,NaN,NaN,NaN,NaN,NaN,NaN,NaN,NaN,1013.145,0.001,340.385,0.033,6.4,32.17
0.189,10.882,2970.729,784.549,0.299,0.003,59.068,47.031,243.084,0.532,0.395,0.017,0.12,0.644,3.377,6.352,-1.445e-4,0,0.7,0.7,0,0,1013.133,0.001,340.385,0.035,6.4,32.17
0.196,10.403,2969.733,783.553,0.299,0.003,59.182,47.02,244.456,0.532,0.395,0.017,0.12,0.638,3.2,6.082,2.967e-4,0,0.7,0.7,0,1.611e-5,1013.122,0.001,340.385,0.036,6.4,32.17
0.202,10.047,2968.959,782.78,0.299,0.003,59.269,47.012,245.522,0.532,0.395,0.017,0.12,0.633,3.07,5.88,4.873e-4,0,0.7,0.7,0,4.926e-5,1013.114,0.001,340.384,0.038,6.4,32.17
0.208,9.657,2968.128,781.948,0.299,0.003,59.366,47.003,244.446,0.532,0.395,0.017,0.12,0.628,2.93,5.659,-8.97e-5,0,0.666,0.7,0.033,1.047e-4,1013.104,0.001,340.384,0.039,6.4,32.17
0.215,9.3,2967.315,781.135,0.299,0.003,59.456,46.995,243.392,0.532,0.395,0.017,0.12,0.623,2.803,5.456,4.165e-4,0,0.656,0.7,0.043,1.761e-4,1013.094,0.001,340.384,0.04,6.4,32.17
0.221,8.983,2966.541,780.361,0.299,0.003,59.537,46.987,242.391,0.532,0.395,0.017,0.12,0.619,2.691,5.277,-1.34e-5,0,0.647,0.7,0.053,2.584e-4,1013.085,0.001,340.383,0.042,6.4,32.17
0.226,8.696,2965.803,779.623,0.299,0.003,59.612,46.979,241.435,0.532,0.395,0.017,0.12,0.615,2.591,5.113,-1.575e-5,0,0.638,0.7,0.062,3.49e-4,1013.075,0.001,340.383,0.043,6.4,32.17
0.232,8.436,2965.095,778.915,0.299,0.003,59.68,46.971,240.518,0.532,0.395,0.017,0.12,0.611,2.501,4.965,4.508e-4,0,0.629,0.7,0.071,4.46e-4,1013.066,0.001,340.383,0.044,6.4,32.17
0.237,8.198,2964.413,778.233,0.299,0.003,59.744,46.964,239.635,0.532,0.395,0.017,0.12,0.608,2.419,4.83,2.415e-4,0,0.621,0.7,0.079,5.481e-4,1013.057,0.001,340.382,0.045,6.4,32.17
0.242,7.979,2963.756,777.576,0.299,0.003,59.803,46.957,238.784,0.532,0.395,0.017,0.12,0.605,2.344,4.704,5.521e-5,0,0.613,0.7,0.087,6.543e-4,1013.047,0.001,340.382,0.046,6.4,32.17
0.247,7.776,2963.119,776.94,0.299,0.003,59.858,46.951,237.96,0.532,0.395,0.017,0.12,0.602,2.275,4.589,-3.426e-4,0,0.605,0.7,0.094,7.637e-4,1013.038,0.001,340.382,0.047,6.4,32.17
0.252,7.592,2962.502,776.322,0.299,0.003,59.908,46.944,237.161,0.532,0.395,0.017,0.12,0.599,2.214,4.483,-1.526e-4,0,0.598,0.7,0.102,8.758e-4,1013.029,0.001,340.381,0.048,6.4,32.17
0.256,7.429,2961.903,775.723,0.299,0.003,59.953,46.938,236.385,0.532,0.395,0.017,0.12,0.597,2.159,4.39,-2.839e-5,0,0.591,0.7,0.109,9.903e-4,1013.021,0.001,340.381,0.049,6.4,32.17
0.261,7.277,2961.319,775.139,0.299,0.003,59.996,46.932,235.629,0.532,0.395,0.017,0.12,0.595,2.108,4.303,3.193e-5,0,0.584,0.7,0.116,0.001,1013.012,0.001,340.381,0.05,6.4,32.17
0.265,7.133,2960.75,774.57,0.298,0.003,60.036,46.926,234.892,0.532,0.395,0.017,0.12,0.593,2.061,4.221,-3.086e-4,0,0.577,0.7,0.123,0.001,1013.003,0.001,340.381,0.051,6.4,32.17
0.27,6.997,2960.194,774.014,0.298,0.003,60.075,46.92,234.172,0.532,0.395,0.017,0.12,0.591,2.016,4.143,-2.726e-4,0,0.57,0.7,0.129,0.001,1012.994,0.001,340.38,0.052,6.4,32.17
0.274,6.868,2959.651,773.471,0.298,0.003,60.112,46.914,233.469,0.532,0.395,0.017,0.12,0.59,1.974,4.069,-2.67e-4,0,0.564,0.7,0.136,0.001,1012.986,0.001,340.38,0.052,6.4,32.17
0.278,6.745,2959.119,772.939,0.298,0.003,60.147,46.908,232.78,0.532,0.395,0.017,0.12,0.588,1.934,3.998,1.176e-4,0,0.558,0.7,0.142,0.002,1012.977,0.001,340.38,0.053,6.4,32.17
0.282,6.628,2958.597,772.417,0.298,0.003,60.181,46.903,232.104,0.533,0.395,0.017,0.12,0.586,1.896,3.931,-2.924e-4,0,0.552,0.7,0.148,0.002,1012.969,0.001,340.379,0.054,6.4,32.17
0.286,6.516,2958.085,771.905,0.298,0.003,60.213,46.897,231.442,0.533,0.395,0.017,0.12,0.585,1.859,3.867,4.974e-4,0,0.546,0.7,0.154,0.002,1012.96,0.001,340.379,0.055,6.4,32.17
0.29,6.408,2957.583,771.403,0.298,0.003,60.244,46.892,230.791,0.533,0.395,0.017,0.12,0.584,1.825,3.804,3.522e-4,0,0.54,0.7,0.16,0.002,1012.952,0.001,340.379,0.056,6.4,32.17
0.293,6.305,2957.089,770.909,0.298,0.003,60.274,46.887,230.152,0.533,0.395,0.017,0.12,0.582,1.792,3.746,-2.87e-4,0,0.534,0.7,0.166,0.002,1012.943,0.001,340.379,0.056,6.4,32.17
0.297,6.206,2956.603,770.423,0.298,0.003,60.303,46.882,229.522,0.533,0.395,0.018,0.12,0.581,1.76,3.688,-3.956e-4,0,0.528,0.7,0.171,0.002,1012.935,0.001,340.378,0.057,6.4,32.17
0.301,6.116,2956.124,769.944,0.298,0.003,60.33,46.877,228.903,0.533,0.395,0.018,0.12,0.58,1.731,3.636,4.967e-4,0,0.523,0.7,0.177,0.002,1012.926,0.001,340.378,0.058,6.4,32.17
0.305,6.041,2955.653,769.473,0.298,0.003,60.352,46.872,228.292,0.533,0.395,0.018,0.12,0.579,1.707,3.594,-1.779e-4,0,0.517,0.7,0.182,0.002,1012.918,0.001,340.378,0.059,6.4,32.17
0.308,5.968,2955.188,769.008,0.298,0.003,60.374,46.867,227.691,0.533,0.395,0.018,0.12,0.578,1.684,3.552,1.967e-4,0,0.512,0.7,0.188,0.003,1012.909,0.001,340.377,0.059,6.4,32.17
0.312,5.898,2954.73,768.55,0.298,0.003,60.395,46.862,227.097,0.533,0.395,0.018,0.12,0.577,1.662,3.512,-3.52e-4,0,0.507,0.7,0.193,0.003,1012.901,0.001,340.377,0.06,6.4,32.17
0.315,5.83,2954.277,768.097,0.298,0.003,60.415,46.857,226.511,0.533,0.395,0.018,0.12,0.576,1.641,3.473,4.005e-4,0,0.502,0.7,0.198,0.003,1012.893,0.001,340.377,0.061,6.4,32.17
0.319,5.764,2953.83,767.651,0.298,0.003,60.435,46.852,225.933,0.533,0.395,0.018,0.12,0.575,1.62,3.435,1.784e-5,0,0.497,0.7,0.203,0.003,1012.884,0.001,340.377,0.061,6.4,32.17
0.322,5.7,2953.389,767.209,0.298,0.003,60.455,46.848,225.361,0.533,0.395,0.018,0.12,0.575,1.6,3.398,-4.603e-5,0,0.492,0.7,0.208,0.003,1012.876,0.001,340.376,0.062,6.4,32.17
0.325,5.637,2952.952,766.772,0.298,0.003,60.474,46.843,224.796,0.533,0.395,0.018,0.121,0.574,1.58,3.362,-1.862e-4,0,0.487,0.7,0.213,0.003,1012.868,0.001,340.376,0.063,6.4,32.17
0.329,5.576,2952.521,766.341,0.298,0.003,60.492,46.839,224.236,0.533,0.395,0.018,0.121,0.573,1.561,3.327,-1.264e-4,0,0.482,0.7,0.218,0.003,1012.859,0.001,340.376,0.063,6.4,32.17
0.332,5.517,2952.093,765.913,0.298,0.003,60.51,46.834,223.683,0.533,0.395,0.018,0.121,0.573,1.542,3.293,-3.376e-4,0,0.477,0.7,0.223,0.004,1012.851,0.001,340.376,0.064,6.4,32.17
0.335,5.458,2951.67,765.491,0.298,0.003,60.528,46.829,223.136,0.533,0.395,0.018,0.121,0.572,1.524,3.259,-3.452e-4,0,0.473,0.7,0.227,0.004,1012.843,0.001,340.375,0.065,6.4,32.17
0.338,5.401,2951.251,765.072,0.297,0.003,60.546,46.825,222.593,0.533,0.395,0.018,0.121,0.571,1.507,3.226,3.766e-4,0,0.468,0.7,0.232,0.004,1012.834,0.001,340.375,0.065,6.4,32.17
0.342,5.345,2950.836,764.657,0.297,0.003,60.563,46.821,222.056,0.533,0.395,0.018,0.121,0.57,1.489,3.194,4.732e-4,0,0.463,0.7,0.237,0.004,1012.826,0.001,340.375,0.066,6.4,32.17
0.345,5.291,2950.425,764.245,0.297,0.003,60.58,46.816,221.523,0.533,0.395,0.018,0.121,0.57,1.472,3.162,-4.574e-4,0,0.459,0.7,0.241,0.004,1012.818,0.001,340.374,0.066,6.4,32.17
0.349,5.22,2949.888,763.708,0.297,0.003,60.601,46.811,220.828,0.533,0.395,0.018,0.121,0.569,1.451,3.121,-2.179e-4,0,0.453,0.7,0.247,0.004,1012.807,0.001,340.374,0.067,6.4,32.17
0.352,5.154,2949.522,763.342,0.297,0.003,60.622,46.807,220.497,0.533,0.395,0.018,0.121,0.568,1.43,3.083,-2.484e-4,0,0.449,0.7,0.251,0.004,1012.799,0.001,340.374,0.068,6.4,32.17
0.355,5.083,2949.159,762.979,0.297,0.003,60.644,46.803,220.169,0.533,0.395,0.018,0.121,0.567,1.408,3.041,-1.973e-4,0,0.444,0.7,0.256,0.004,1012.79,0.001,340.373,0.068,6.4,32.17
0.358,5.013,2948.799,762.619,0.297,0.003,60.666,46.799,219.843,0.533,0.395,0.018,0.121,0.567,1.387,3,-2.501e-5,0,0.44,0.7,0.26,0.005,1012.782,0.001,340.373,0.069,6.4,32.17
0.361,4.944,2948.441,762.261,0.297,0.003,60.687,46.795,219.519,0.533,0.395,0.018,0.121,0.566,1.366,2.96,4.103e-4,0,0.436,0.7,0.264,0.005,1012.773,0.001,340.373,0.07,6.4,32.17
0.364,4.877,2948.085,761.905,0.297,0.003,60.708,46.791,219.198,0.533,0.395,0.018,0.121,0.565,1.345,2.921,-4.146e-4,0,0.432,0.7,0.268,0.005,1012.765,0.001,340.373,0.07,6.4,32.17
0.367,4.81,2947.732,761.552,0.297,0.003,60.729,46.788,218.878,0.533,0.395,0.018,0.121,0.564,1.325,2.882,-8.551e-5,0,0.427,0.7,0.273,0.005,1012.757,0.001,340.372,0.071,6.4,32.17
0.37,4.745,2947.381,761.201,0.297,0.003,60.75,46.784,218.561,0.533,0.395,0.018,0.121,0.564,1.305,2.843,-4.786e-4,0,0.423,0.7,0.277,0.005,1012.748,0.001,340.372,0.071,6.4,32.17
0.373,4.68,2947.033,760.853,0.297,0.003,60.77,46.78,218.246,0.533,0.395,0.018,0.121,0.563,1.286,2.806,2.335e-4,0,0.419,0.7,0.281,0.005,1012.74,0.001,340.372,0.072,6.4,32.17
0.376,4.617,2946.686,760.506,0.297,0.003,60.791,46.776,217.932,0.533,0.395,0.018,0.121,0.562,1.267,2.769,9.685e-5,0,0.415,0.7,0.285,0.005,1012.731,0.001,340.371,0.072,6.4,32.17
0.379,4.555,2946.342,760.162,0.297,0.003,60.81,46.773,217.621,0.533,0.395,0.018,0.121,0.562,1.248,2.732,-3.609e-5,0,0.411,0.7,0.289,0.006,1012.723,0.001,340.371,0.073,6.4,32.17
0.382,4.493,2945.999,759.819,0.297,0.003,60.83,46.769,217.311,0.533,0.395,0.018,0.121,0.561,1.229,2.695,-4.492e-5,0,0.408,0.7,0.292,0.006,1012.715,0.001,340.371,0.073,6.4,32.17
0.385,4.432,2945.658,759.478,0.297,0.003,60.85,46.765,217.003,0.533,0.395,0.018,0.121,0.56,1.211,2.659,-1.561e-4,0,0.404,0.7,0.296,0.006,1012.706,0.001,340.371,0.074,6.4,32.17
0.388,4.372,2945.319,759.139,0.297,0.003,60.869,46.762,216.696,0.533,0.395,0.018,0.121,0.56,1.193,2.624,-3.326e-4,0,0.4,0.7,0.3,0.006,1012.698,0.001,340.37,0.074,6.4,32.17
0.391,4.313,2944.982,758.802,0.297,0.003,60.888,46.758,216.391,0.533,0.395,0.018,0.121,0.559,1.176,2.59,1.121e-4,0,0.396,0.7,0.304,0.006,1012.689,0.001,340.37,0.075,6.4,32.17
0.394,4.255,2944.646,758.466,0.297,0.003,60.907,46.755,216.088,0.533,0.395,0.018,0.121,0.559,1.158,2.555,4.762e-4,0,0.392,0.7,0.308,0.006,1012.68,0.001,340.37,0.076,6.4,32.17
0.396,4.197,2944.312,758.132,0.297,0.003,60.926,46.751,215.786,0.533,0.395,0.018,0.121,0.558,1.141,2.521,2.599e-4,0,0.389,0.7,0.311,0.006,1012.672,0.001,340.369,0.076,6.4,32.17
0.399,4.14,2943.979,757.799,0.297,0.003,60.944,46.748,215.485,0.534,0.395,0.018,0.121,0.557,1.124,2.488,-3.175e-4,0,0.385,0.7,0.315,0.006,1012.663,0.001,340.369,0.077,6.4,32.17
0.402,4.083,2943.648,757.468,0.297,0.003,60.963,46.744,215.185,0.534,0.395,0.018,0.121,0.557,1.108,2.454,-3.207e-4,0,0.381,0.7,0.319,0.007,1012.655,0.001,340.369,0.077,6.4,32.17
0.405,4.028,2943.318,757.138,0.297,0.003,60.981,46.74,214.887,0.534,0.395,0.018,0.121,0.556,1.091,2.421,1.78e-4,0,0.378,0.7,0.322,0.007,1012.646,0.001,340.369,0.078,6.4,32.17
0.408,3.973,2942.989,756.809,0.297,0.003,60.999,46.737,214.59,0.534,0.395,0.018,0.121,0.556,1.075,2.389,-2.954e-4,0,0.374,0.7,0.326,0.007,1012.637,0.001,340.368,0.078,6.4,32.17
0.41,3.918,2942.662,756.482,0.297,0.003,61.017,46.733,214.294,0.534,0.395,0.018,0.121,0.555,1.059,2.356,-3.78e-4,0,0.371,0.7,0.329,0.007,1012.629,0.001,340.368,0.079,6.4,32.17
0.413,3.864,2942.336,756.156,0.297,0.003,61.035,46.73,213.999,0.534,0.395,0.018,0.121,0.555,1.043,2.325,-4.513e-4,0,0.367,0.7,0.333,0.007,1012.62,0.001,340.368,0.079,6.4,32.17
0.416,3.811,2942.011,755.831,0.297,0.003,61.052,46.726,213.705,0.534,0.395,0.018,0.121,0.554,1.028,2.293,-2.377e-4,0,0.364,0.7,0.336,0.007,1012.611,0.001,340.367,0.08,6.4,32.17
0.419,3.758,2941.687,755.507,0.296,0.003,61.07,46.723,213.412,0.534,0.395,0.018,0.121,0.554,1.012,2.262,-3.657e-4,0,0.36,0.7,0.34,0.007,1012.603,0.001,340.367,0.08,6.4,32.17
0.421,3.705,2941.364,755.184,0.296,0.003,61.087,46.72,213.12,0.534,0.395,0.018,0.121,0.553,0.997,2.231,4.011e-4,0,0.357,0.7,0.343,0.007,1012.594,0.001,340.367,0.081,6.4,32.17
0.424,3.653,2941.042,754.862,0.296,0.003,61.104,46.716,212.829,0.534,0.395,0.018,0.121,0.553,0.982,2.2,-1.809e-4,0,0.354,0.7,0.346,0.007,1012.585,0.001,340.367,0.081,6.4,32.17
0.427,3.602,2940.721,754.541,0.296,0.003,61.122,46.713,212.539,0.534,0.395,0.018,0.121,0.552,0.967,2.169,-4.945e-4,0,0.35,0.7,0.35,0.008,1012.576,0.001,340.366,0.082,6.4,32.17
0.43,3.55,2940.401,754.221,0.296,0.003,61.139,46.709,212.249,0.534,0.395,0.018,0.121,0.552,0.952,2.139,1.628e-5,0,0.347,0.7,0.353,0.008,1012.567,0.001,340.366,0.082,6.4,32.17
0.432,3.5,2940.082,753.902,0.296,0.003,61.156,46.706,211.96,0.534,0.395,0.018,0.121,0.551,0.937,2.108,-3.846e-5,0,0.344,0.7,0.356,0.008,1012.558,0.001,340.366,0.083,6.4,32.17
0.435,3.449,2939.763,753.584,0.296,0.003,61.173,46.702,211.673,0.534,0.395,0.018,0.121,0.551,0.923,2.079,-2.914e-4,0,0.341,0.7,0.36,0.008,1012.55,0.001,340.365,0.083,6.4,32.17
0.438,3.399,2939.446,753.266,0.296,0.003,61.19,46.699,211.385,0.534,0.395,0.018,0.121,0.551,0.909,2.049,4.744e-4,0,0.337,0.7,0.363,0.008,1012.541,0.001,340.365,0.084,6.4,32.17
0.44,3.35,2939.129,752.949,0.296,0.003,61.206,46.696,211.099,0.534,0.395,0.018,0.121,0.55,0.894,2.02,-1.423e-4,0,0.334,0.7,0.366,0.008,1012.532,0.001,340.365,0.084,6.4,32.17
0.443,3.3,2938.813,752.633,0.296,0.003,61.223,46.692,210.813,0.534,0.395,0.018,0.121,0.55,0.88,1.99,1.117e-4,0,0.331,0.7,0.369,0.008,1012.523,0.001,340.364,0.085,6.4,32.17
0.446,3.251,2938.497,752.318,0.296,0.003,61.24,46.689,210.528,0.534,0.395,0.018,0.121,0.549,0.866,1.961,-2.922e-4,0,0.328,0.7,0.372,0.008,1012.514,0.001,340.364,0.085,6.4,32.17
0.448,3.203,2938.183,752.003,0.296,0.003,61.256,46.685,210.243,0.534,0.395,0.018,0.121,0.549,0.852,1.932,-7.988e-6,0,0.325,0.7,0.375,0.008,1012.504,0.001,340.364,0.086,6.4,32.17
0.451,3.16,2937.868,751.689,0.296,0.003,61.271,46.682,209.959,0.534,0.395,0.018,0.121,0.549,0.84,1.907,-1.638e-5,0,0.322,0.7,0.378,0.008,1012.495,0.001,340.364,0.086,6.4,32.17
0.454,3.125,2937.555,751.375,0.296,0.003,61.283,46.679,209.675,0.534,0.395,0.018,0.121,0.548,0.83,1.885,-3.821e-4,0,0.319,0.7,0.381,0.008,1012.486,0.001,340.363,0.087,6.4,32.17
0.456,3.09,2937.242,751.062,0.296,0.003,61.295,46.675,209.392,0.534,0.395,0.019,0.121,0.548,0.82,1.865,-1.675e-5,0,0.316,0.7,0.384,0.008,1012.477,0.001,340.363,0.087,6.4,32.17
0.459,3.055,2936.929,750.749,0.296,0.003,61.307,46.672,209.11,0.534,0.395,0.019,0.121,0.548,0.81,1.844,3.533e-4,0,0.313,0.7,0.387,0.009,1012.468,0.001,340.363,0.087,6.4,32.17
0.462,3.02,2936.617,750.437,0.296,0.003,61.319,46.669,208.827,0.534,0.395,0.019,0.121,0.547,0.8,1.824,6.53e-5,0,0.31,0.7,0.39,0.009,1012.458,0.001,340.362,0.088,6.4,32.17
0.464,2.985,2936.305,750.125,0.296,0.003,61.331,46.665,208.546,0.534,0.395,0.019,0.121,0.547,0.791,1.803,-4.547e-4,0,0.307,0.7,0.393,0.009,1012.449,0.001,340.362,0.088,6.4,32.17
0.467,2.95,2935.994,749.814,0.296,0.003,61.343,46.662,208.264,0.534,0.395,0.019,0.121,0.547,0.781,1.782,3.063e-5,0,0.304,0.7,0.396,0.009,1012.44,0.001,340.362,0.089,6.4,32.17
0.47,2.916,2935.683,749.503,0.296,0.003,61.355,46.659,207.983,0.534,0.395,0.019,0.121,0.547,0.771,1.762,-2.09e-4,0,0.301,0.7,0.399,0.009,1012.43,0.001,340.361,0.089,6.4,32.17
0.472,2.881,2935.373,749.193,0.296,0.003,61.367,46.655,207.702,0.534,0.395,0.019,0.121,0.546,0.761,1.741,-1.014e-4,0,0.298,0.7,0.402,0.009,1012.421,0.001,340.361,0.09,6.4,32.17
0.475,2.847,2935.063,748.883,0.296,0.003,61.379,46.652,207.422,0.534,0.395,0.019,0.121,0.546,0.752,1.721,-1.517e-4,0,0.296,0.7,0.405,0.009,1012.412,0.001,340.361,0.09,6.4,32.17
0.478,2.813,2934.753,748.573,0.296,0.003,61.39,46.649,207.142,0.534,0.395,0.019,0.121,0.546,0.742,1.701,-4.219e-4,0,0.293,0.7,0.407,0.009,1012.402,0.001,340.36,0.091,6.4,32.17
0.48,2.779,2934.443,748.263,0.296,0.003,61.402,46.645,206.862,0.534,0.395,0.019,0.121,0.546,0.733,1.68,-3.084e-4,0,0.29,0.7,0.41,0.009,1012.393,0.001,340.36,0.091,6.4,32.17
0.483,2.745,2934.134,747.954,0.296,0.003,61.414,46.642,206.582,0.534,0.395,0.019,0.121,0.545,0.723,1.66,-6.754e-5,0,0.287,0.7,0.413,0.009,1012.383,0.001,340.36,0.092,6.4,32.17
0.485,2.711,2933.825,747.645,0.296,0.003,61.426,46.639,206.302,0.534,0.395,0.019,0.121,0.545,0.714,1.64,2.118e-4,0,0.285,0.7,0.416,0.009,1012.373,0.001,340.359,0.092,6.4,32.17
0.488,2.677,2933.516,747.336,0.296,0.003,61.438,46.635,206.023,0.534,0.395,0.019,0.121,0.545,0.704,1.619,-2.603e-4,0,0.282,0.7,0.418,0.009,1012.364,0.001,340.359,0.093,6.4,32.17
0.491,2.643,2933.207,747.027,0.296,0.003,61.45,46.632,205.744,0.534,0.395,0.019,0.121,0.545,0.695,1.599,6.103e-5,0,0.279,0.7,0.421,0.009,1012.354,0.001,340.359,0.093,6.4,32.17
0.493,2.61,2932.898,746.718,0.296,0.003,61.461,46.629,205.465,0.534,0.395,0.019,0.121,0.545,0.685,1.579,4.68e-5,0,0.277,0.7,0.424,0.009,1012.344,0.001,340.358,0.094,6.4,32.17
0.496,2.576,2932.59,746.41,0.296,0.003,61.473,46.625,205.186,0.534,0.394,0.019,0.121,0.544,0.676,1.56,1.417e-4,0,0.274,0.7,0.426,0.009,1012.335,0.001,340.358,0.094,6.4,32.17
0.499,2.543,2932.281,746.102,0.296,0.003,61.485,46.622,204.907,0.534,0.394,0.019,0.121,0.544,0.667,1.539,4.186e-4,0,0.271,0.7,0.429,0.009,1012.325,0.001,340.358,0.094,6.4,32.17
0.501,2.498,2931.973,745.793,0.295,0.003,61.5,46.619,204.628,0.534,0.394,0.019,0.121,0.544,0.655,1.513,2.404e-4,0,0.269,0.7,0.432,0.009,1012.315,0.001,340.357,0.095,6.4,32.17
0.504,2.441,2931.665,745.485,0.295,0.003,61.521,46.615,204.349,0.535,0.394,0.019,0.121,0.543,0.639,1.478,-4.188e-4,0,0.266,0.7,0.434,0.009,1012.305,0.001,340.357,0.095,6.4,32.17
0.506,2.384,2931.356,745.177,0.295,0.003,61.541,46.612,204.071,0.535,0.394,0.019,0.121,0.543,0.623,1.445,3.059e-4,0,0.264,0.7,0.437,0.009,1012.295,0.001,340.357,0.096,6.4,32.17
0.509,2.328,2931.048,744.868,0.295,0.003,61.56,46.609,203.792,0.535,0.394,0.019,0.121,0.543,0.608,1.411,-3.966e-5,0,0.261,0.7,0.439,0.009,1012.285,0.001,340.356,0.096,6.4,32.17
0.512,2.272,2930.74,744.56,0.295,0.003,61.58,46.605,203.513,0.535,0.394,0.019,0.121,0.542,0.592,1.377,-1.279e-4,0,0.259,0.7,0.442,0.009,1012.275,0.001,340.356,0.097,6.4,32.17
0.514,2.216,2930.431,744.251,0.295,0.003,61.6,46.602,203.234,0.535,0.394,0.019,0.121,0.542,0.577,1.344,-3.867e-4,0,0.256,0.7,0.444,0.009,1012.265,0.001,340.356,0.097,6.4,32.17
0.517,2.161,2930.123,743.943,0.295,0.003,61.62,46.599,202.955,0.535,0.394,0.019,0.121,0.542,0.562,1.31,1.251e-4,0,0.254,0.7,0.447,0.009,1012.255,0.001,340.355,0.098,6.4,32.17
0.52,2.106,2929.814,743.634,0.295,0.003,61.639,46.595,202.676,0.535,0.394,0.019,0.121,0.541,0.547,1.276,5.638e-5,0,0.251,0.7,0.449,0.009,1012.244,0.001,340.355,0.098,6.4,32.17
0.523,2.034,2929.406,743.226,0.295,0.003,61.665,46.591,202.307,0.535,0.394,0.019,0.121,0.541,0.528,1.233,1.153e-4,0,0.248,0.7,0.452,0.009,1012.231,0.001,340.355,0.099,6.4,32.17
0.526,1.98,2929.124,742.945,0.295,0.003,61.685,46.588,202.148,0.535,0.394,0.019,0.121,0.541,0.513,1.201,4.865e-4,0,0.246,0.7,0.455,0.009,1012.22,0.001,340.354,0.099,6.4,32.17
0.528,1.927,2928.843,742.663,0.295,0.003,61.704,46.585,201.989,0.535,0.394,0.019,0.121,0.54,0.498,1.169,-3.865e-4,0,0.243,0.7,0.457,0.009,1012.21,0.001,340.354,0.1,6.4,32.17
0.531,1.874,2928.561,742.381,0.295,0.003,61.723,46.582,201.83,0.535,0.394,0.019,0.121,0.54,0.484,1.137,-1.028e-4,0,0.241,0.7,0.46,0.009,1012.2,0.001,340.354,0.1,6.4,32.17
0.534,1.821,2928.278,742.099,0.295,0.003,61.742,46.579,201.671,0.535,0.394,0.019,0.121,0.54,0.47,1.105,1.12e-4,0,0.238,0.7,0.462,0.009,1012.189,0.001,340.353,0.101,6.4,32.17
0.536,1.769,2927.996,741.816,0.295,0.003,61.761,46.576,201.512,0.535,0.394,0.019,0.121,0.54,0.456,1.073,-4.108e-4,0,0.236,0.7,0.464,0.008,1012.178,0.001,340.353,0.101,6.4,32.17
0.539,1.717,2927.713,741.534,0.295,0.003,61.78,46.573,201.352,0.535,0.394,0.019,0.121,0.539,0.442,1.043,4.697e-4,0,0.234,0.7,0.467,0.008,1012.168,0.001,340.353,0.101,6.4,32.17
0.541,1.666,2927.43,741.251,0.295,0.003,61.799,46.57,201.193,0.535,0.394,0.019,0.121,0.539,0.428,1.012,-4.243e-4,0,0.232,0.701,0.469,0.008,1012.157,0.001,340.352,0.102,6.4,32.17
0.544,1.615,2927.147,740.967,0.295,0.003,61.817,46.567,201.033,0.535,0.394,0.019,0.121,0.539,0.415,0.98,-2.974e-4,0,0.229,0.701,0.471,0.008,1012.146,0.001,340.352,0.102,6.4,32.17
0.547,1.565,2926.864,740.684,0.295,0.003,61.835,46.564,200.873,0.535,0.394,0.019,0.121,0.539,0.402,0.95,3.823e-4,0,0.227,0.701,0.474,0.008,1012.136,0.001,340.351,0.103,6.4,32.17
0.549,1.516,2926.58,740.4,0.295,0.003,61.854,46.561,200.713,0.535,0.394,0.019,0.121,0.539,0.388,0.921,4.177e-4,0,0.225,0.701,0.476,0.008,1012.125,0.001,340.351,0.103,6.4,32.17
0.552,1.483,2926.296,740.116,0.295,0.003,61.866,46.557,200.553,0.535,0.394,0.019,0.121,0.538,0.38,0.901,-2.594e-4,0,0.223,0.701,0.478,0.007,1012.114,0.001,340.351,0.104,6.4,32.17
0.555,1.456,2926.012,739.832,0.295,0.003,61.876,46.554,200.393,0.535,0.394,0.019,0.121,0.538,0.373,0.884,3.922e-4,0,0.22,0.701,0.48,0.007,1012.103,0.001,340.35,0.104,6.4,32.17
0.557,1.429,2925.727,739.548,0.295,0.003,61.885,46.551,200.232,0.535,0.394,0.019,0.121,0.538,0.366,0.868,-3.221e-4,0,0.218,0.701,0.482,0.007,1012.092,0.001,340.35,0.105,6.4,32.17
0.56,1.403,2925.443,739.263,0.295,0.003,61.895,46.548,200.072,0.535,0.394,0.019,0.121,0.538,0.359,0.853,-2.027e-4,0,0.216,0.701,0.484,0.007,1012.081,0.001,340.35,0.105,6.4,32.17
0.563,1.377,2925.157,738.977,0.295,0.003,61.905,46.545,199.911,0.535,0.394,0.019,0.121,0.538,0.352,0.838,4.997e-4,0,0.214,0.701,0.487,0.007,1012.07,0.001,340.349,0.106,6.4,32.17
0.565,1.352,2924.872,738.692,0.295,0.003,61.914,46.542,199.75,0.535,0.394,0.019,0.121,0.538,0.345,0.822,-4.341e-4,0,0.212,0.701,0.489,0.006,1012.058,0.001,340.349,0.106,6.4,32.17
0.568,1.327,2924.586,738.406,0.295,0.003,61.923,46.539,199.589,0.535,0.394,0.019,0.121,0.538,0.339,0.808,1.678e-4,0,0.21,0.701,0.491,0.006,1012.047,0.001,340.349,0.106,6.4,32.17
0.571,1.302,2924.3,738.12,0.295,0.003,61.932,46.536,199.427,0.535,0.394,0.019,0.121,0.538,0.332,0.793,4.054e-4,0,0.208,0.701,0.493,0.006,1012.036,0.001,340.348,0.107,6.4,32.17
0.573,1.278,2924.013,737.833,0.295,0.003,61.941,46.533,199.266,0.535,0.394,0.019,0.121,0.538,0.326,0.779,-4.271e-4,0,0.206,0.701,0.495,0.005,1012.024,0.001,340.348,0.107,6.4,32.17
0.576,1.255,2923.726,737.546,0.295,0.003,61.95,46.53,199.104,0.535,0.394,0.019,0.122,0.538,0.32,0.765,-4.523e-5,0,0.204,0.701,0.497,0.005,1012.013,0.001,340.347,0.108,6.4,32.17
0.579,1.232,2923.439,737.259,0.295,0.003,61.958,46.527,198.942,0.535,0.394,0.019,0.122,0.538,0.314,0.752,2.013e-4,0,0.202,0.701,0.499,0.005,1012.001,0.001,340.347,0.108,6.4,32.17
0.581,1.21,2923.151,736.971,0.295,0.003,61.966,46.523,198.779,0.535,0.394,0.02,0.122,0.538,0.308,0.739,-4.137e-4,0,0.2,0.701,0.501,0.005,1011.99,0.001,340.347,0.109,6.4,32.17
0.584,1.189,2922.862,736.683,0.295,0.003,61.974,46.52,198.617,0.535,0.394,0.02,0.122,0.538,0.302,0.726,-3.038e-4,0,0.198,0.701,0.503,0.004,1011.978,0.001,340.346,0.109,6.4,32.17
0.587,1.168,2922.574,736.394,0.294,0.003,61.982,46.517,198.454,0.535,0.394,0.02,0.122,0.538,0.297,0.714,3.519e-4,0,0.196,0.701,0.505,0.004,1011.966,0.001,340.346,0.11,6.4,32.17
0.589,1.148,2922.285,736.105,0.294,0.003,61.99,46.514,198.291,0.536,0.394,0.02,0.122,0.538,0.292,0.702,-1.86e-4,0,0.194,0.701,0.507,0.004,1011.955,0.001,340.345,0.11,6.4,32.17
0.592,1.129,2921.995,735.815,0.294,0.003,61.997,46.511,198.128,0.536,0.394,0.02,0.122,0.538,0.287,0.691,-4.268e-4,0,0.192,0.701,0.509,0.003,1011.943,0.001,340.345,0.111,6.4,32.17
0.595,1.111,2921.705,735.525,0.294,0.003,62.004,46.508,197.964,0.536,0.394,0.02,0.122,0.538,0.282,0.68,2.745e-4,0,0.19,0.701,0.511,0.003,1011.931,0.001,340.345,0.111,6.4,32.17
0.597,1.094,2921.414,735.234,0.294,0.003,62.01,46.505,197.8,0.536,0.394,0.02,0.122,0.538,0.278,0.67,-4.222e-4,0,0.188,0.701,0.513,0.003,1011.919,0.001,340.344,0.111,6.4,32.17
0.6,1.076,2921.123,734.943,0.294,0.003,62.017,46.501,197.636,0.536,0.394,0.02,0.122,0.538,0.273,0.66,5.899e-6,0,0.186,0.701,0.514,0.002,1011.907,0.001,340.344,0.112,6.4,32.17
0.603,1.047,2920.831,734.652,0.294,0.003,62.028,46.498,197.472,0.536,0.394,0.02,0.122,0.537,0.266,0.642,7.832e-5,0,0.184,0.701,0.516,0.002,1011.895,0.001,340.343,0.112,6.4,32.17
0.606,1.02,2920.539,734.359,0.294,0.003,62.038,46.495,197.307,0.536,0.394,0.02,0.122,0.537,0.258,0.626,2.848e-4,0,0.183,0.701,0.518,0.002,1011.882,0.001,340.343,0.113,6.4,32.17
0.608,0.995,2920.247,734.067,0.294,0.003,62.048,46.492,197.142,0.536,0.394,0.02,0.122,0.537,0.252,0.611,-3.031e-4,0,0.181,0.701,0.52,0.001,1011.87,0.001,340.343,0.113,6.4,32.17
0.611,0.971,2919.953,733.773,0.294,0.003,62.057,46.489,196.976,0.536,0.394,0.02,0.122,0.537,0.246,0.597,2.697e-4,0,0.179,0.701,0.522,9.298e-4,1011.858,0.001,340.342,0.114,6.4,32.17
0.614,0.95,2919.659,733.48,0.294,0.003,62.065,46.486,196.811,0.536,0.394,0.02,0.122,0.537,0.24,0.585,1.341e-4,0,0.177,0.701,0.524,6.411e-4,1011.845,0.001,340.342,0.114,6.4,32.17
0.617,0.931,2919.365,733.185,0.294,0.003,62.072,46.482,196.644,0.536,0.394,0.02,0.122,0.537,0.235,0.573,4.301e-4,0,0.175,0.701,0.525,3.966e-4,1011.833,0.001,340.341,0.115,6.4,32.17
0.619,0.914,2919.07,732.89,0.294,0.003,62.079,46.479,196.478,0.536,0.394,0.02,0.122,0.537,0.231,0.562,4.824e-4,0,0.174,0.701,0.527,2.046e-4,1011.82,0.001,340.341,0.115,6.4,32.17
0.622,0.899,2918.774,732.594,0.294,0.003,62.085,46.476,196.311,0.536,0.394,0.02,0.122,0.537,0.227,0.554,3.692e-4,0,0.172,0.701,0.529,7.254e-5,1011.807,0.001,340.34,0.116,6.4,32.17
0.625,0.887,2918.478,732.298,0.294,0.003,62.09,46.473,196.144,0.536,0.394,0.02,0.122,0.537,0.224,0.547,1.84e-4,0,0.17,0.701,0.531,6.774e-6,1011.795,0.001,340.34,0.116,6.4,32.17
0.628,0.877,2918.181,732.001,0.294,0.003,62.094,46.469,195.977,0.536,0.394,0.02,0.122,0.537,0.222,0.541,-4.579e-4,0,0.168,0.701,0.532,-1.15e-5,1011.782,0.001,340.34,0.116,6.4,32.17
0.63,0.87,2917.883,731.703,0.294,0.003,62.097,46.466,195.809,0.536,0.394,0.02,0.122,0.537,0.22,0.537,1.331e-4,0,0.167,0.701,0.534,-8.853e-5,1011.769,0.001,340.339,0.117,6.4,32.17
0.633,0.866,2917.585,731.405,0.294,0.003,62.099,46.463,195.641,0.536,0.394,0.02,0.122,0.537,0.219,0.535,3.677e-4,0,0.165,0.701,0.536,-2.369e-4,1011.756,0.001,340.339,0.117,6.4,32.17
0.636,0.864,2917.286,731.106,0.294,0.003,62.1,46.46,195.472,0.536,0.394,0.02,0.122,0.537,0.218,0.534,4.232e-4,0,0.163,0.701,0.538,-4.528e-4,1011.743,0.001,340.338,0.118,6.4,32.17
0.639,0.865,2916.986,730.807,0.294,0.003,62.1,46.456,195.303,0.536,0.394,0.02,0.122,0.537,0.218,0.535,2.352e-4,0,0.162,0.701,0.539,-7.298e-4,1011.73,0.001,340.338,0.118,6.4,32.17
0.642,0.869,2916.686,730.506,0.294,0.003,62.1,46.453,195.134,0.536,0.394,0.02,0.122,0.537,0.219,0.537,2.384e-4,0,0.16,0.701,0.541,-0.001,1011.717,0.001,340.337,0.119,6.4,32.17
0.644,0.874,2916.385,730.205,0.294,0.003,62.098,46.45,194.964,0.536,0.394,0.02,0.122,0.538,0.221,0.541,-9.402e-5,0,0.158,0.701,0.543,-0.001,1011.703,0.001,340.337,0.119,6.4,32.17
0.647,0.883,2916.083,729.903,0.294,0.003,62.096,46.447,194.794,0.536,0.394,0.02,0.122,0.538,0.223,0.547,3.895e-4,0,0.157,0.701,0.544,-0.002,1011.69,0.001,340.337,0.12,6.4,32.17
0.65,0.893,2915.781,729.601,0.294,0.003,62.092,46.443,194.623,0.536,0.394,0.02,0.122,0.538,0.226,0.554,-1.91e-4,0,0.155,0.701,0.546,-0.002,1011.676,0.001,340.336,0.12,6.4,32.17
0.653,0.907,2915.478,729.298,0.294,0.003,62.087,46.44,194.452,0.536,0.394,0.02,0.122,0.538,0.229,0.563,-5.343e-6,0,0.154,0.701,0.547,-0.003,1011.663,0.001,340.336,0.121,6.4,32.17
0.656,0.922,2915.174,728.994,0.294,0.003,62.082,46.437,194.281,0.536,0.394,0.02,0.122,0.538,0.233,0.573,-2.689e-4,0,0.152,0.701,0.549,-0.003,1011.649,0.001,340.335,0.121,6.4,32.17
0.659,0.939,2914.869,728.689,0.294,0.003,62.076,46.433,194.109,0.536,0.394,0.02,0.122,0.538,0.237,0.584,-1.957e-4,0,0.151,0.701,0.55,-0.003,1011.635,0.001,340.335,0.122,6.4,32.17
0.661,0.956,2914.564,728.384,0.294,0.003,62.07,46.43,193.937,0.537,0.394,0.02,0.122,0.538,0.242,0.595,4.022e-4,0,0.149,0.701,0.552,-0.004,1011.622,0.001,340.334,0.122,6.4,32.17
0.664,0.974,2914.258,728.078,0.294,0.003,62.063,46.427,193.764,0.537,0.394,0.02,0.122,0.538,0.247,0.607,-3.292e-4,0,0.147,0.701,0.554,-0.004,1011.608,0.001,340.334,0.123,6.4,32.17
0.667,0.994,2913.951,727.771,0.294,0.003,62.057,46.423,193.591,0.537,0.394,0.02,0.122,0.538,0.252,0.619,4.744e-4,0,0.146,0.701,0.555,-0.004,1011.594,0.001,340.333,0.123,6.4,32.17
0.67,1.014,2913.643,727.463,0.294,0.003,62.049,46.42,193.418,0.537,0.394,0.02,0.122,0.538,0.257,0.632,-3.37e-4,0,0.144,0.701,0.557,-0.004,1011.58,0.001,340.333,0.123,6.4,32.17
0.673,1.034,2913.334,727.155,0.294,0.003,62.042,46.417,193.244,0.537,0.394,0.02,0.122,0.538,0.262,0.645,3.96e-4,0,0.143,0.701,0.558,-0.005,1011.566,0.001,340.332,0.124,6.4,32.17
0.676,1.056,2913.025,726.845,0.293,0.003,62.034,46.413,193.069,0.537,0.394,0.02,0.122,0.538,0.268,0.659,3.242e-4,0,0.142,0.701,0.559,-0.005,1011.551,0.001,340.332,0.124,6.4,32.17
0.679,1.078,2912.715,726.535,0.293,0.003,62.026,46.41,192.894,0.537,0.394,0.02,0.122,0.539,0.274,0.672,-3.201e-4,0,0.14,0.701,0.561,-0.005,1011.537,0.001,340.331,0.125,6.4,32.17
0.681,1.1,2912.404,726.224,0.293,0.003,62.018,46.407,192.719,0.537,0.394,0.021,0.122,0.539,0.279,0.686,-4.239e-4,0,0.139,0.701,0.562,-0.005,1011.522,0.001,340.331,0.125,6.4,32.17
0.684,1.123,2912.092,725.913,0.293,0.003,62.01,46.403,192.543,0.537,0.394,0.021,0.122,0.539,0.285,0.7,6.675e-5,0,0.137,0.701,0.564,-0.005,1011.508,0.001,340.33,0.126,6.4,32.17
0.687,1.146,2911.78,725.6,0.293,0.003,62.001,46.4,192.367,0.537,0.394,0.021,0.122,0.539,0.291,0.715,-2.337e-4,0,0.136,0.701,0.565,-0.005,1011.493,0.001,340.33,0.126,6.4,32.17
0.69,1.17,2911.467,725.287,0.293,0.003,61.993,46.396,192.19,0.537,0.394,0.021,0.122,0.539,0.298,0.73,8.246e-5,0,0.134,0.701,0.567,-0.005,1011.479,0.001,340.329,0.127,6.4,32.17
0.693,1.193,2911.152,724.972,0.293,0.003,61.984,46.393,192.013,0.537,0.394,0.021,0.122,0.539,0.304,0.746,3.603e-4,0,0.133,0.701,0.568,-0.005,1011.464,0.001,340.329,0.127,6.4,32.17
0.696,1.217,2910.837,724.657,0.293,0.003,61.975,46.389,191.835,0.537,0.394,0.021,0.122,0.539,0.31,0.76,4.901e-4,0,0.132,0.701,0.569,-0.006,1011.449,0.001,340.328,0.128,6.4,32.17
0.699,1.242,2910.521,724.341,0.293,0.003,61.966,46.386,191.657,0.537,0.394,0.021,0.122,0.539,0.316,0.775,-2.212e-4,0,0.13,0.701,0.571,-0.006,1011.434,0.001,340.328,0.128,6.4,32.17
0.702,1.266,2910.204,724.025,0.293,0.003,61.957,46.382,191.479,0.537,0.394,0.021,0.122,0.54,0.323,0.791,1.365e-4,0,0.129,0.701,0.572,-0.006,1011.419,0.001,340.327,0.129,6.4,32.17
0.705,1.291,2909.887,723.707,0.293,0.003,61.948,46.379,191.299,0.537,0.394,0.021,0.122,0.54,0.329,0.807,-1.214e-4,0,0.128,0.701,0.573,-0.006,1011.403,0.001,340.327,0.129,6.4,32.17
0.708,1.316,2909.568,723.388,0.293,0.003,61.939,46.376,191.12,0.537,0.394,0.021,0.122,0.54,0.336,0.822,-3.063e-4,0,0.126,0.701,0.575,-0.006,1011.388,0.001,340.326,0.13,6.4,32.17
0.711,1.341,2909.248,723.069,0.293,0.003,61.93,46.372,190.939,0.537,0.394,0.021,0.122,0.54,0.342,0.837,-4.21e-4,0,0.125,0.701,0.576,-0.006,1011.373,0.001,340.326,0.13,6.4,32.17
0.714,1.365,2908.928,722.748,0.293,0.003,61.921,46.369,190.759,0.537,0.394,0.021,0.122,0.54,0.349,0.853,-2.06e-4,0,0.124,0.701,0.577,-0.005,1011.357,0.001,340.325,0.131,6.4,32.17
0.717,1.39,2908.607,722.427,0.293,0.003,61.912,46.365,190.577,0.537,0.394,0.021,0.122,0.54,0.355,0.869,1.318e-4,0,0.123,0.701,0.579,-0.005,1011.342,0.001,340.325,0.131,6.4,32.17
0.72,1.415,2908.284,722.104,0.293,0.003,61.903,46.361,190.396,0.537,0.394,0.021,0.122,0.54,0.362,0.885,6.078e-5,0,0.121,0.701,0.58,-0.005,1011.326,0.001,340.324,0.132,6.4,32.17
0.723,1.439,2907.961,721.781,0.293,0.003,61.894,46.358,190.213,0.537,0.394,0.021,0.122,0.541,0.368,0.9,-4.638e-4,0,0.12,0.701,0.581,-0.005,1011.31,0.001,340.324,0.132,6.4,32.17
0.726,1.463,2907.637,721.457,0.293,0.003,61.885,46.354,190.031,0.537,0.394,0.021,0.122,0.541,0.375,0.915,-4.672e-4,0,0.119,0.701,0.582,-0.005,1011.294,0.001,340.323,0.133,6.4,32.17
0.729,1.487,2907.311,721.132,0.293,0.003,61.877,46.351,189.847,0.537,0.394,0.021,0.122,0.541,0.381,0.929,-4.011e-4,0,0.118,0.701,0.584,-0.005,1011.278,0.001,340.323,0.133,6.4,32.17
0.732,1.511,2906.985,720.805,0.293,0.003,61.868,46.347,189.663,0.537,0.394,0.021,0.122,0.541,0.387,0.945,-1.643e-5,0,0.116,0.701,0.585,-0.005,1011.262,0.001,340.322,0.134,6.4,32.17
0.735,1.535,2906.658,720.478,0.293,0.003,61.86,46.344,189.479,0.538,0.394,0.021,0.122,0.541,0.394,0.959,1.371e-4,0,0.115,0.701,0.586,-0.005,1011.246,0.001,340.322,0.134,6.4,32.17
0.738,1.558,2906.33,720.15,0.293,0.003,61.851,46.34,189.294,0.538,0.394,0.021,0.122,0.541,0.4,0.974,-3.649e-4,0,0.114,0.701,0.587,-0.005,1011.229,0.001,340.321,0.135,6.4,32.17
0.741,1.58,2906.001,719.821,0.293,0.003,61.843,46.336,189.108,0.538,0.394,0.021,0.122,0.542,0.406,0.988,-1.719e-4,0,0.113,0.701,0.589,-0.005,1011.213,0.001,340.32,0.135,6.4,32.17
0.744,1.603,2905.671,719.491,0.293,0.003,61.835,46.333,188.922,0.538,0.394,0.021,0.122,0.542,0.412,1.002,-2.336e-4,0,0.112,0.701,0.59,-0.004,1011.196,0.001,340.32,0.136,6.4,32.17
0.747,1.625,2905.34,719.16,0.293,0.003,61.827,46.329,188.735,0.538,0.394,0.021,0.122,0.542,0.418,1.015,2.016e-4,0,0.11,0.701,0.591,-0.004,1011.179,0.001,340.319,0.136,6.4,32.17
0.75,1.646,2905.008,718.828,0.293,0.003,61.819,46.326,188.548,0.538,0.394,0.021,0.122,0.542,0.423,1.028,-2.842e-4,0,0.109,0.701,0.592,-0.004,1011.163,0.001,340.319,0.137,6.4,32.17
0.754,1.665,2904.674,718.495,0.293,0.003,61.812,46.322,188.36,0.538,0.394,0.021,0.122,0.542,0.428,1.041,2.777e-4,0,0.108,0.701,0.593,-0.004,1011.146,0.001,340.318,0.137,6.4,32.17
0.757,1.683,2904.34,718.16,0.293,0.003,61.806,46.318,188.172,0.538,0.394,0.021,0.122,0.542,0.433,1.052,-2.21e-4,0,0.107,0.701,0.594,-0.004,1011.129,0.001,340.318,0.138,6.4,32.17
0.76,1.701,2904.005,717.825,0.293,0.003,61.8,46.315,187.983,0.538,0.394,0.021,0.122,0.542,0.438,1.063,3.489e-4,0,0.106,0.701,0.595,-0.004,1011.112,0.001,340.317,0.138,6.4,32.17
0.763,1.718,2903.669,717.489,0.292,0.003,61.793,46.311,187.793,0.538,0.394,0.021,0.122,0.543,0.443,1.074,-4.995e-4,0,0.105,0.701,0.596,-0.004,1011.094,0.001,340.316,0.139,6.4,32.17
0.766,1.734,2903.332,717.152,0.292,0.003,61.787,46.307,187.603,0.538,0.394,0.021,0.123,0.543,0.447,1.085,4.068e-4,0,0.104,0.701,0.598,-0.003,1011.077,0.001,340.316,0.139,6.4,32.17
0.769,1.75,2902.993,716.813,0.292,0.003,61.782,46.303,187.412,0.538,0.394,0.021,0.123,0.543,0.451,1.095,-1.399e-4,0,0.103,0.701,0.599,-0.003,1011.059,0.001,340.315,0.14,6.4,32.17
0.772,1.766,2902.654,716.474,0.292,0.003,61.776,46.3,187.221,0.538,0.394,0.021,0.123,0.543,0.455,1.104,-2.868e-4,0,0.102,0.701,0.6,-0.003,1011.042,0.001,340.315,0.14,6.4,32.17
0.776,1.781,2902.314,716.134,0.292,0.003,61.771,46.296,187.029,0.538,0.394,0.021,0.123,0.543,0.459,1.114,-1.458e-4,0,0.101,0.701,0.601,-0.003,1011.024,0.001,340.314,0.141,6.4,32.17
0.779,1.795,2901.972,715.792,0.292,0.003,61.766,46.292,186.836,0.538,0.394,0.022,0.123,0.543,0.463,1.122,1.597e-5,0,0.1,0.701,0.602,-0.003,1011.006,0.001,340.314,0.141,6.4,32.17
0.782,1.808,2901.63,715.45,0.292,0.003,61.761,46.288,186.643,0.538,0.394,0.022,0.123,0.543,0.467,1.131,-2.94e-5,0,0.099,0.701,0.603,-0.003,1010.988,0.001,340.313,0.142,6.4,32.17
0.785,1.821,2901.286,715.106,0.292,0.003,61.756,46.285,186.449,0.538,0.394,0.022,0.123,0.543,0.47,1.139,-9.071e-5,0,0.098,0.702,0.604,-0.002,1010.97,0.001,340.312,0.142,6.4,32.17
0.788,1.834,2900.942,714.762,0.292,0.003,61.752,46.281,186.255,0.538,0.394,0.022,0.123,0.544,0.474,1.147,5.934e-5,0,0.097,0.702,0.605,-0.002,1010.952,0.001,340.312,0.143,6.4,32.17
0.792,1.845,2900.596,714.416,0.292,0.003,61.748,46.277,186.06,0.538,0.394,0.022,0.123,0.544,0.477,1.155,-1.616e-4,0,0.096,0.702,0.606,-0.002,1010.934,0.001,340.311,0.143,6.4,32.17
0.795,1.856,2900.249,714.069,0.292,0.003,61.744,46.273,185.864,0.538,0.394,0.022,0.123,0.544,0.48,1.162,9.668e-5,0,0.095,0.702,0.607,-0.002,1010.915,0.001,340.31,0.144,6.4,32.17
0.798,1.866,2899.901,713.721,0.292,0.003,61.741,46.269,185.668,0.538,0.394,0.022,0.123,0.544,0.482,1.168,2.488e-4,0,0.094,0.702,0.608,-0.002,1010.897,0.001,340.31,0.144,6.4,32.17
0.801,1.876,2899.552,713.372,0.292,0.003,61.737,46.266,185.471,0.539,0.394,0.022,0.123,0.544,0.485,1.174,3.444e-4,0,0.093,0.702,0.609,-0.002,1010.878,0.001,340.309,0.145,6.4,32.17
0.805,1.887,2899.202,713.022,0.292,0.003,61.733,46.262,185.274,0.539,0.394,0.022,0.123,0.544,0.488,1.182,3.804e-4,0,0.092,0.702,0.61,-0.002,1010.859,0.001,340.309,0.145,6.4,32.17
0.808,1.896,2898.851,712.671,0.292,0.003,61.73,46.258,185.076,0.539,0.394,0.022,0.123,0.544,0.491,1.187,4.035e-4,0,0.091,0.702,0.611,-0.001,1010.84,0.001,340.308,0.146,6.4,32.17
0.811,1.905,2898.498,712.318,0.292,0.003,61.727,46.254,184.877,0.539,0.394,0.022,0.123,0.544,0.493,1.193,2.056e-4,0,0.09,0.702,0.612,-0.001,1010.821,0.001,340.307,0.146,6.4,32.17
0.814,1.913,2898.145,711.965,0.292,0.003,61.724,46.25,184.678,0.539,0.394,0.022,0.123,0.544,0.495,1.199,-3.38e-4,0,0.089,0.702,0.613,-0.001,1010.802,0.001,340.307,0.147,6.4,32.17
0.818,1.92,2897.79,711.61,0.292,0.003,61.722,46.246,184.478,0.539,0.394,0.022,0.123,0.544,0.497,1.203,1.25e-5,0,0.088,0.702,0.614,-0.001,1010.782,0.001,340.306,0.147,6.4,32.17
0.821,1.926,2897.434,711.254,0.292,0.003,61.72,46.242,184.277,0.539,0.394,0.022,0.123,0.545,0.499,1.206,-3.619e-4,0,0.087,0.702,0.614,-9.314e-4,1010.763,0.001,340.305,0.148,6.4,32.17
0.824,1.931,2897.077,710.897,0.292,0.003,61.718,46.238,184.076,0.539,0.394,0.022,0.123,0.545,0.5,1.21,1.32e-4,0,0.086,0.702,0.615,-8.214e-4,1010.743,0.001,340.305,0.148,6.4,32.17
0.828,1.935,2896.719,710.539,0.292,0.003,61.717,46.234,183.874,0.539,0.394,0.022,0.123,0.545,0.501,1.213,-2.829e-4,0,0.085,0.702,0.616,-7.173e-4,1010.724,0.001,340.304,0.149,6.4,32.17
0.831,1.938,2896.36,710.18,0.292,0.003,61.716,46.23,183.671,0.539,0.394,0.022,0.123,0.545,0.502,1.215,3.102e-4,0,0.085,0.702,0.617,-6.194e-4,1010.704,0.001,340.303,0.149,6.4,32.17
0.834,1.94,2895.999,709.819,0.292,0.003,61.715,46.226,183.468,0.539,0.394,0.022,0.123,0.545,0.502,1.216,-2.167e-4,0,0.084,0.702,0.618,-5.278e-4,1010.684,0.001,340.303,0.15,6.4,32.17
0.837,1.941,2895.721,709.541,0.292,0.003,61.715,46.223,183.311,0.539,0.394,0.022,0.123,0.545,0.503,1.217,2.243e-4,0,0.083,0.702,0.619,-4.62e-4,1010.668,0.001,340.302,0.15,6.4,32.17
0.84,1.941,2895.394,709.214,0.292,0.003,61.715,46.22,183.127,0.539,0.394,0.022,0.123,0.545,0.503,1.217,2.459e-4,0,0.082,0.702,0.62,-3.825e-4,1010.648,0.001,340.302,0.151,6.4,32.17
0.844,1.94,2895.066,708.886,0.292,0.003,61.715,46.216,182.942,0.539,0.394,0.022,0.123,0.545,0.502,1.217,-3.555e-4,0,0.081,0.702,0.62,-3.1e-4,1010.628,0.001,340.301,0.151,6.4,32.17
0.847,1.938,2894.737,708.557,0.292,0.003,61.716,46.212,182.757,0.539,0.394,0.022,0.123,0.545,0.502,1.216,-3.967e-5,0,0.081,0.702,0.621,-2.448e-4,1010.607,0.001,340.3,0.152,6.4,32.17
0.851,1.934,2894.407,708.227,0.292,0.003,61.717,46.209,182.571,0.539,0.394,0.022,0.123,0.545,0.501,1.214,-2.613e-4,0,0.08,0.702,0.622,-1.879e-4,1010.586,0.001,340.299,0.152,6.4,32.17
0.854,1.925,2894.076,707.896,0.291,0.003,61.721,46.205,182.385,0.539,0.394,0.022,0.123,0.545,0.498,1.208,-4.567e-4,0,0.079,0.702,0.623,-1.422e-4,1010.566,0.001,340.299,0.153,6.4,32.17
0.857,1.916,2893.744,707.564,0.291,0.003,61.724,46.201,182.198,0.539,0.394,0.022,0.123,0.545,0.496,1.203,2.317e-5,0,0.078,0.702,0.624,-1.028e-4,1010.545,0.001,340.298,0.153,6.4,32.17
0.861,1.905,2893.411,707.231,0.291,0.003,61.728,46.198,182.01,0.539,0.394,0.022,0.123,0.545,0.493,1.197,-4.173e-4,0,0.077,0.702,0.625,-6.993e-5,1010.524,0.001,340.297,0.154,6.4,32.17
0.864,1.895,2893.076,706.896,0.291,0.003,61.732,46.194,181.822,0.54,0.394,0.023,0.123,0.545,0.49,1.191,4.57e-4,0,0.077,0.702,0.625,-4.34e-5,1010.502,0.001,340.297,0.154,6.4,32.17
0.868,1.884,2892.741,706.561,0.291,0.003,61.736,46.19,181.634,0.54,0.394,0.023,0.123,0.545,0.487,1.184,2.42e-4,0,0.076,0.702,0.626,-2.32e-5,1010.481,0.001,340.296,0.155,6.4,32.17
0.871,1.872,2892.405,706.225,0.291,0.003,61.741,46.187,181.445,0.54,0.394,0.023,0.123,0.545,0.484,1.177,1.813e-4,0,0.075,0.702,0.627,-9.301e-6,1010.46,0.001,340.295,0.155,6.4,32.17
0.875,1.859,2892.068,705.888,0.291,0.003,61.746,46.183,181.255,0.54,0.394,0.023,0.123,0.545,0.481,1.169,-2.407e-4,0,0.074,0.702,0.628,-1.661e-6,1010.438,0.001,340.294,0.156,6.4,32.17
0.878,1.846,2891.73,705.55,0.291,0.003,61.75,46.179,181.064,0.54,0.394,0.023,0.123,0.545,0.477,1.161,4.028e-4,0,0.074,0.702,0.628,2.174e-7,1010.416,0.001,340.294,0.156,6.4,32.17
0.882,1.833,2891.39,705.21,0.291,0.003,61.756,46.175,180.873,0.54,0.394,0.023,0.123,0.545,0.474,1.153,3.405e-4,0,0.073,0.702,0.629,4.906e-6,1010.394,0.001,340.293,0.157,6.4,32.17
0.885,1.818,2891.05,704.87,0.291,0.003,61.761,46.172,180.682,0.54,0.394,0.023,0.123,0.545,0.47,1.144,-7.789e-5,0,0.072,0.702,0.63,1.565e-5,1010.372,0.001,340.292,0.158,6.4,32.17
0.889,1.803,2890.709,704.529,0.291,0.003,61.766,46.168,180.49,0.54,0.394,0.023,0.123,0.545,0.466,1.135,-5.244e-5,0,0.071,0.702,0.631,3.237e-5,1010.35,0.001,340.292,0.158,6.4,32.17
0.892,1.788,2890.367,704.187,0.291,0.003,61.772,46.164,180.297,0.54,0.394,0.023,0.123,0.545,0.462,1.126,-1.933e-4,0,0.071,0.702,0.631,5.496e-5,1010.328,0.001,340.291,0.159,6.4,32.17
0.896,1.772,2890.023,703.843,0.291,0.003,61.778,46.16,180.104,0.54,0.394,0.023,0.123,0.545,0.457,1.116,4.811e-4,0,0.07,0.702,0.632,8.333e-5,1010.305,0.001,340.29,0.159,6.4,32.17
0.899,1.755,2889.679,703.499,0.291,0.003,61.785,46.156,179.91,0.54,0.394,0.023,0.123,0.545,0.453,1.105,-2.921e-4,0,0.069,0.702,0.633,1.174e-4,1010.283,0.001,340.289,0.16,6.4,32.17
0.903,1.737,2889.334,703.154,0.291,0.003,61.791,46.153,179.716,0.54,0.394,0.023,0.123,0.545,0.448,1.094,-1.428e-4,0,0.069,0.702,0.633,1.62e-4,1010.26,0.001,340.288,0.16,6.4,32.17
0.907,1.717,2888.987,702.807,0.291,0.003,61.799,46.149,179.521,0.54,0.394,0.023,0.123,0.545,0.442,1.082,3.228e-4,0,0.068,0.702,0.634,2.144e-4,1010.237,0.001,340.288,0.161,6.4,32.17
0.91,1.695,2888.64,702.46,0.291,0.003,61.807,46.145,179.325,0.54,0.394,0.023,0.123,0.545,0.437,1.069,4.789e-4,0,0.067,0.702,0.635,2.734e-4,1010.214,0.001,340.287,0.161,6.4,32.17
0.914,1.673,2888.291,702.111,0.291,0.003,61.815,46.141,179.129,0.54,0.394,0.023,0.123,0.545,0.431,1.054,-4.992e-4,0,0.067,0.702,0.635,3.387e-4,1010.191,0.001,340.286,0.162,6.4,32.17
0.917,1.649,2887.941,701.761,0.291,0.003,61.824,46.137,178.932,0.54,0.394,0.023,0.123,0.545,0.424,1.04,-3.97e-4,0,0.066,0.702,0.636,4.099e-4,1010.168,0.001,340.285,0.162,6.4,32.17
0.921,1.624,2887.59,701.41,0.291,0.003,61.833,46.133,178.734,0.541,0.394,0.023,0.123,0.545,0.418,1.024,4.941e-4,0,0.065,0.702,0.637,4.866e-4,1010.144,0.001,340.285,0.163,6.4,32.17
0.925,1.598,2887.238,701.058,0.291,0.003,61.843,46.129,178.536,0.541,0.394,0.023,0.123,0.545,0.411,1.008,9.974e-5,0,0.065,0.702,0.637,5.683e-4,1010.12,0.001,340.284,0.163,6.4,32.17
0.928,1.571,2886.884,700.705,0.291,0.003,61.853,46.125,178.337,0.541,0.394,0.023,0.123,0.545,0.404,0.991,-1.464e-4,0,0.064,0.702,0.638,6.545e-4,1010.097,0.001,340.283,0.164,6.4,32.17
0.932,1.543,2886.53,700.35,0.291,0.003,61.863,46.122,178.138,0.541,0.394,0.023,0.124,0.544,0.396,0.973,1.087e-4,0,0.063,0.702,0.639,7.447e-4,1010.073,0.001,340.282,0.165,6.4,32.17
0.936,1.513,2886.174,699.994,0.291,0.003,61.874,46.118,177.938,0.541,0.394,0.023,0.124,0.544,0.388,0.955,4.684e-4,0,0.063,0.702,0.639,8.383e-4,1010.049,0.001,340.281,0.165,6.4,32.17
0.939,1.483,2885.817,699.638,0.291,0.003,61.886,46.114,177.737,0.541,0.394,0.024,0.124,0.544,0.38,0.936,8.828e-5,0,0.062,0.702,0.64,9.345e-4,1010.024,0.001,340.281,0.166,6.4,32.17
0.943,1.451,2885.459,699.28,0.291,0.003,61.898,46.11,177.535,0.541,0.394,0.024,0.124,0.544,0.372,0.916,2.505e-4,0,0.062,0.702,0.641,0.001,1010,0.001,340.28,0.166,6.4,32.17
0.947,1.418,2885.1,698.92,0.291,0.003,61.91,46.106,177.333,0.541,0.394,0.024,0.124,0.544,0.363,0.895,-2.401e-4,0,0.061,0.702,0.641,0.001,1009.975,0.001,340.279,0.167,6.4,32.17
0.951,1.385,2884.74,698.56,0.29,0.003,61.922,46.102,177.13,0.541,0.394,0.024,0.124,0.544,0.354,0.875,-3.605e-5,0,0.06,0.702,0.642,0.001,1009.95,0.001,340.278,0.167,6.4,32.17
0.954,1.351,2884.379,698.199,0.29,0.003,61.935,46.098,176.927,0.541,0.394,0.024,0.124,0.544,0.345,0.852,4.468e-4,0,0.06,0.702,0.643,0.001,1009.925,0.001,340.277,0.168,6.4,32.17
0.958,1.315,2884.016,697.836,0.29,0.003,61.949,46.094,176.723,0.541,0.394,0.024,0.124,0.544,0.336,0.831,-3.019e-4,0,0.059,0.702,0.643,0.001,1009.9,0.001,340.276,0.168,6.4,32.17
0.962,1.279,2883.652,697.473,0.29,0.003,61.962,46.09,176.518,0.541,0.394,0.024,0.124,0.544,0.326,0.808,3.075e-4,0,0.059,0.702,0.644,0.002,1009.875,0.001,340.276,0.169,6.4,32.17
0.966,1.242,2883.288,697.108,0.29,0.003,61.976,46.085,176.313,0.541,0.394,0.024,0.124,0.544,0.317,0.785,4.858e-4,0,0.058,0.702,0.644,0.002,1009.85,0.001,340.275,0.17,6.4,32.17
0.969,1.204,2882.922,696.742,0.29,0.003,61.991,46.081,176.107,0.541,0.394,0.024,0.124,0.544,0.307,0.761,-3.672e-5,0,0.058,0.702,0.645,0.002,1009.824,0.001,340.274,0.17,6.4,32.17
0.973,1.166,2882.555,696.375,0.29,0.003,62.006,46.077,175.901,0.541,0.394,0.024,0.124,0.544,0.297,0.737,-4.34e-4,0,0.057,0.702,0.645,0.002,1009.798,0.001,340.273,0.171,6.4,32.17
0.977,1.127,2882.187,696.007,0.29,0.003,62.021,46.073,175.693,0.542,0.394,0.024,0.124,0.544,0.287,0.712,2.101e-5,0,0.056,0.702,0.646,0.002,1009.772,0.001,340.272,0.171,6.4,32.17
0.981,1.087,2881.817,695.638,0.29,0.003,62.036,46.069,175.486,0.542,0.394,0.024,0.124,0.544,0.276,0.687,-2.09e-4,0,0.056,0.702,0.647,0.002,1009.746,0.001,340.271,0.172,6.4,32.17
0.985,1.046,2881.447,695.267,0.29,0.003,62.051,46.065,175.277,0.542,0.394,0.024,0.124,0.543,0.266,0.662,-1.033e-5,0,0.055,0.703,0.647,0.002,1009.72,0.001,340.27,0.172,6.4,32.17
0.988,1.006,2881.076,694.896,0.29,0.003,62.067,46.061,175.068,0.542,0.394,0.024,0.124,0.543,0.255,0.636,-3.221e-4,0,0.055,0.703,0.648,0.002,1009.694,0.001,340.269,0.173,6.4,32.17
0.992,0.964,2880.703,694.523,0.29,0.003,62.083,46.057,174.858,0.542,0.394,0.024,0.124,0.543,0.244,0.61,9.2e-5,0,0.054,0.703,0.648,0.002,1009.667,0.001,340.269,0.173,6.4,32.17
0.996,0.923,2880.329,694.149,0.29,0.003,62.099,46.052,174.648,0.542,0.394,0.024,0.124,0.543,0.234,0.583,-3.951e-4,0,0.054,0.703,0.649,0.002,1009.64,0.001,340.268,0.174,6.4,32.17
1,0.881,2879.954,693.774,0.29,0.003,62.116,46.048,174.437,0.542,0.394,0.024,0.124,0.543,0.223,0.558,4.704e-4,0,0.053,0.703,0.649,0.002,1009.614,0.001,340.267,0.175,6.4,32.17
1.004,0.84,2879.578,693.398,0.29,0.003,62.132,46.044,174.225,0.542,0.394,0.024,0.124,0.543,0.212,0.531,-3.479e-4,0,0.053,0.703,0.65,0.002,1009.586,0.001,340.266,0.175,6.4,32.17
1.008,0.798,2879.201,693.021,0.29,0.003,62.148,46.04,174.013,0.542,0.394,0.024,0.124,0.543,0.201,0.504,2.873e-4,0,0.052,0.703,0.65,0.002,1009.559,0.001,340.265,0.176,6.4,32.17
1.012,0.756,2878.823,692.643,0.29,0.003,62.165,46.036,173.8,0.542,0.394,0.025,0.124,0.543,0.191,0.478,-4.134e-4,0,0.052,0.703,0.651,0.002,1009.532,0.001,340.264,0.176,6.4,32.17
1.016,0.715,2878.444,692.264,0.29,0.003,62.181,46.031,173.587,0.542,0.394,0.025,0.124,0.543,0.18,0.453,2.204e-4,0,0.051,0.703,0.651,0.002,1009.504,0.001,340.263,0.177,6.4,32.17
1.02,0.674,2878.064,691.884,0.29,0.003,62.197,46.027,173.373,0.542,0.394,0.025,0.124,0.543,0.17,0.427,4.925e-4,0,0.051,0.703,0.652,0.002,1009.477,0.001,340.262,0.177,6.4,32.17
1.024,0.634,2877.682,691.502,0.29,0.003,62.213,46.023,173.158,0.542,0.394,0.025,0.124,0.543,0.159,0.401,-1.479e-4,0,0.05,0.703,0.652,0.002,1009.449,0.001,340.261,0.178,6.4,32.17
1.027,0.594,2877.3,691.12,0.29,0.003,62.229,46.019,172.943,0.542,0.394,0.025,0.124,0.543,0.149,0.376,-4.55e-4,0,0.05,0.703,0.653,0.002,1009.421,0.001,340.26,0.179,6.4,32.17
1.031,0.556,2876.916,690.736,0.29,0.003,62.245,46.014,172.727,0.543,0.394,0.025,0.124,0.543,0.14,0.352,4.538e-4,0,0.049,0.703,0.653,0.002,1009.392,0.001,340.259,0.179,6.4,32.17
1.035,0.519,2876.531,690.352,0.29,0.003,62.26,46.01,172.51,0.543,0.394,0.025,0.124,0.543,0.13,0.329,4.295e-4,0,0.049,0.703,0.654,0.001,1009.364,0.001,340.258,0.18,6.4,32.17
1.039,0.484,2876.146,689.966,0.29,0.003,62.274,46.006,172.293,0.543,0.394,0.025,0.124,0.543,0.121,0.307,-3.36e-4,0,0.049,0.703,0.654,0.001,1009.335,0.001,340.257,0.18,6.4,32.17
1.043,0.452,2875.759,689.579,0.289,0.003,62.288,46.001,172.076,0.543,0.394,0.025,0.124,0.543,0.113,0.287,-9.536e-5,0,0.048,0.703,0.655,9.932e-4,1009.307,0.001,340.256,0.181,6.4,32.17
1.047,0.422,2875.371,689.191,0.289,0.003,62.3,45.997,171.857,0.543,0.394,0.025,0.124,0.543,0.106,0.268,-4.381e-4,0,0.048,0.703,0.655,7.267e-4,1009.278,0.001,340.255,0.181,6.4,32.17
1.051,0.399,2874.982,688.802,0.289,0.003,62.31,45.993,171.638,0.543,0.394,0.025,0.124,0.543,0.1,0.254,1.061e-5,0,0.047,0.703,0.656,4.37e-4,1009.249,0.001,340.255,0.182,6.4,32.17
1.055,0.386,2874.592,688.412,0.289,0.003,62.315,45.988,171.419,0.543,0.394,0.025,0.124,0.543,0.096,0.246,-3.647e-4,0,0.047,0.703,0.656,1.65e-4,1009.219,0.001,340.254,0.183,6.4,32.17
1.06,0.381,2874.2,688.02,0.289,0.003,62.318,45.984,171.198,0.543,0.394,0.025,0.124,0.543,0.095,0.243,4.213e-4,0,0.046,0.703,0.657,1.687e-5,1009.19,0.001,340.253,0.183,6.4,32.17
1.064,0.384,2873.808,687.628,0.289,0.003,62.316,45.98,170.977,0.543,0.394,0.025,0.124,0.543,0.096,0.245,1.419e-4,0,0.046,0.703,0.657,-2.247e-5,1009.16,0.001,340.252,0.184,6.4,32.17
1.068,0.395,2873.414,687.234,0.289,0.003,62.312,45.975,170.756,0.543,0.394,0.025,0.124,0.543,0.099,0.253,4.415e-4,0,0.046,0.703,0.657,-1.715e-4,1009.13,0.001,340.251,0.184,6.4,32.17
1.072,0.413,2873.019,686.839,0.289,0.003,62.304,45.971,170.533,0.543,0.393,0.025,0.124,0.544,0.103,0.264,3.671e-4,0,0.045,0.703,0.658,-4.201e-4,1009.1,0.001,340.25,0.185,6.4,32.17
1.076,0.438,2872.623,686.443,0.289,0.003,62.294,45.966,170.31,0.543,0.393,0.025,0.124,0.544,0.11,0.281,1.481e-4,0,0.045,0.703,0.658,-7.133e-4,1009.07,0.001,340.249,0.185,6.4,32.17
1.08,0.468,2872.225,686.045,0.289,0.003,62.281,45.962,170.087,0.543,0.393,0.025,0.124,0.544,0.117,0.3,2.746e-4,0,0.044,0.703,0.659,-0.001,1009.04,0.001,340.248,0.186,6.4,32.17
1.084,0.502,2871.827,685.647,0.289,0.003,62.268,45.957,169.862,0.543,0.393,0.025,0.125,0.544,0.126,0.322,1.765e-4,0,0.044,0.703,0.659,-0.001,1009.009,0.001,340.246,0.187,6.4,32.17
1.088,0.539,2871.427,685.247,0.289,0.003,62.253,45.953,169.637,0.544,0.393,0.026,0.125,0.544,0.135,0.346,5.251e-5,0,0.043,0.703,0.66,-0.001,1008.979,0.001,340.245,0.187,6.4,32.17
1.092,0.578,2871.026,684.846,0.289,0.003,62.238,45.948,169.412,0.544,0.393,0.026,0.125,0.544,0.145,0.371,-3.49e-4,0,0.043,0.703,0.66,-0.002,1008.948,0.001,340.244,0.188,6.4,32.17
1.097,0.618,2870.624,684.444,0.289,0.003,62.222,45.944,169.185,0.544,0.393,0.026,0.125,0.544,0.156,0.397,5.343e-5,0,0.043,0.703,0.66,-0.002,1008.916,0.001,340.243,0.188,6.4,32.17
1.101,0.659,2870.22,684.04,0.289,0.003,62.207,45.939,168.958,0.544,0.393,0.026,0.125,0.544,0.166,0.423,-2.401e-4,0,0.042,0.703,0.661,-0.002,1008.885,0.001,340.242,0.189,6.4,32.17
1.105,0.691,2869.816,683.636,0.289,0.003,62.195,45.935,168.731,0.544,0.393,0.026,0.125,0.545,0.174,0.444,-3.704e-4,0,0.042,0.703,0.661,-0.002,1008.854,0.001,340.241,0.19,6.4,32.17
1.109,0.724,2869.41,683.23,0.289,0.003,62.182,45.93,168.502,0.544,0.393,0.026,0.125,0.545,0.182,0.466,4.751e-4,0,0.042,0.703,0.662,-0.002,1008.822,0.001,340.24,0.19,6.4,32.17
1.113,0.756,2869.003,682.823,0.289,0.003,62.17,45.926,168.273,0.544,0.393,0.026,0.125,0.545,0.191,0.486,3.622e-4,0,0.041,0.703,0.662,-0.002,1008.79,0.001,340.239,0.191,6.4,32.17
1.117,0.789,2868.595,682.415,0.289,0.003,62.158,45.921,168.044,0.544,0.393,0.026,0.125,0.545,0.199,0.508,-8.376e-5,0,0.041,0.703,0.662,-0.002,1008.758,0.001,340.238,0.191,6.4,32.17
1.122,0.821,2868.186,682.006,0.289,0.003,62.146,45.916,167.813,0.544,0.393,0.026,0.125,0.545,0.207,0.528,1.851e-4,0,0.04,0.703,0.663,-0.002,1008.726,0.001,340.237,0.192,6.4,32.17
1.126,0.852,2867.776,681.596,0.289,0.003,62.135,45.912,167.582,0.544,0.393,0.026,0.125,0.545,0.216,0.548,-1.403e-4,0,0.04,0.703,0.663,-0.002,1008.693,0.001,340.236,0.192,6.4,32.17
1.13,0.883,2867.364,681.184,0.289,0.003,62.123,45.907,167.351,0.544,0.393,0.026,0.125,0.546,0.223,0.567,-9.635e-5,0,0.04,0.703,0.664,-0.002,1008.661,0.001,340.235,0.193,6.4,32.17
1.134,0.913,2866.952,680.772,0.289,0.003,62.113,45.902,167.119,0.544,0.393,0.026,0.125,0.546,0.231,0.587,-1.085e-4,0,0.039,0.703,0.664,-0.002,1008.628,0.001,340.234,0.194,6.4,32.17
1.139,0.941,2866.538,680.358,0.288,0.003,62.102,45.898,166.886,0.544,0.393,0.026,0.125,0.546,0.238,0.606,-3.925e-4,0,0.039,0.703,0.664,-0.001,1008.595,0.001,340.233,0.194,6.4,32.17
1.143,0.968,2866.123,679.943,0.288,0.003,62.093,45.893,166.652,0.545,0.393,0.026,0.125,0.546,0.246,0.623,-2.949e-4,0,0.039,0.703,0.665,-0.001,1008.562,0.001,340.231,0.195,6.4,32.17
1.147,0.994,2865.707,679.527,0.288,0.003,62.083,45.888,166.418,0.545,0.393,0.026,0.125,0.546,0.252,0.639,4.78e-4,0,0.038,0.703,0.665,-0.001,1008.528,0.001,340.23,0.195,6.4,32.17
1.152,1.014,2865.29,679.11,0.288,0.003,62.076,45.884,166.183,0.545,0.393,0.026,0.125,0.546,0.257,0.652,4.373e-5,0,0.038,0.703,0.665,-0.001,1008.495,0.001,340.229,0.196,6.4,32.17
1.156,1.026,2864.872,678.692,0.288,0.003,62.072,45.879,165.948,0.545,0.393,0.026,0.125,0.547,0.26,0.66,4.904e-4,0,0.038,0.703,0.666,-0.001,1008.461,0.001,340.228,0.197,6.4,32.17
1.16,1.036,2864.452,678.272,0.288,0.003,62.069,45.874,165.712,0.545,0.393,0.027,0.125,0.547,0.263,0.666,-2.126e-4,0,0.037,0.703,0.666,-9.14e-4,1008.427,0.001,340.227,0.197,6.4,32.17
1.165,1.044,2864.032,677.852,0.288,0.003,62.067,45.87,165.475,0.545,0.393,0.027,0.125,0.547,0.265,0.672,-4.893e-4,0,0.037,0.703,0.666,-8.065e-4,1008.393,0.001,340.226,0.198,6.4,32.17
1.169,1.05,2863.61,677.43,0.288,0.003,62.065,45.865,165.238,0.545,0.393,0.027,0.125,0.547,0.267,0.676,-3.16e-4,0,0.037,0.704,0.667,-7.03e-4,1008.358,0.001,340.225,0.198,6.4,32.17
1.173,1.055,2863.187,677.008,0.288,0.003,62.064,45.86,165,0.545,0.393,0.027,0.125,0.547,0.268,0.68,2.862e-4,0,0.036,0.704,0.667,-6.044e-4,1008.324,0.001,340.223,0.199,6.4,32.17
1.178,1.058,2862.764,676.584,0.288,0.003,62.063,45.855,164.762,0.545,0.393,0.027,0.125,0.547,0.269,0.681,2.253e-4,0,0.036,0.704,0.667,-5.115e-4,1008.289,0.001,340.222,0.2,6.4,32.17
1.182,1.059,2862.339,676.159,0.288,0.003,62.063,45.85,164.522,0.545,0.393,0.027,0.125,0.547,0.269,0.682,-1.686e-4,0,0.036,0.704,0.668,-4.251e-4,1008.254,0.001,340.221,0.2,6.4,32.17
1.186,1.058,2861.97,675.79,0.288,0.003,62.064,45.846,164.315,0.545,0.393,0.027,0.125,0.547,0.269,0.682,1.672e-4,0,0.035,0.704,0.668,-3.56e-4,1008.224,0.001,340.22,0.201,6.4,32.17
1.19,1.055,2861.597,675.417,0.288,0.003,62.066,45.842,164.095,0.545,0.393,0.027,0.125,0.547,0.268,0.68,-2.914e-4,0,0.035,0.704,0.668,-2.832e-4,1008.188,0.001,340.219,0.201,6.4,32.17
1.195,1.051,2861.223,675.043,0.288,0.003,62.068,45.838,163.874,0.546,0.393,0.027,0.125,0.547,0.267,0.677,1.951e-4,0,0.035,0.704,0.669,-2.184e-4,1008.153,0.001,340.218,0.202,6.4,32.17
1.199,1.044,2860.847,674.668,0.288,0.003,62.071,45.834,163.652,0.546,0.393,0.027,0.125,0.547,0.265,0.674,-2.982e-4,0,0.035,0.704,0.669,-1.618e-4,1008.117,0.001,340.217,0.202,6.4,32.17
1.204,1.049,2860.471,674.291,0.288,0.003,62.07,45.829,163.43,0.546,0.393,0.027,0.125,0.548,0.267,0.676,2.328e-4,0,0.034,0.704,0.669,-1.137e-4,1008.081,0.001,340.215,0.203,6.4,32.17
1.208,1.055,2860.094,673.914,0.288,0.003,62.068,45.825,163.208,0.546,0.393,0.027,0.125,0.548,0.268,0.68,3.868e-4,0,0.034,0.704,0.67,-7.364e-5,1008.045,0.001,340.214,0.204,6.4,32.17
1.213,1.058,2859.715,673.535,0.288,0.003,62.067,45.821,162.984,0.546,0.393,0.027,0.125,0.548,0.269,0.683,-1.03e-4,0,0.034,0.704,0.67,-4.201e-5,1008.009,0.001,340.213,0.204,6.4,32.17
1.217,1.06,2859.336,673.156,0.288,0.003,62.067,45.816,162.76,0.546,0.393,0.027,0.125,0.548,0.269,0.684,9.421e-5,0,0.033,0.704,0.67,-1.906e-5,1007.972,0.001,340.212,0.205,6.4,32.17
1.222,1.059,2858.955,672.775,0.288,0.003,62.068,45.812,162.536,0.546,0.393,0.027,0.125,0.548,0.269,0.683,-4.045e-4,0,0.033,0.704,0.671,-5.009e-6,1007.935,0.001,340.21,0.205,6.4,32.17
1.226,1.055,2858.573,672.393,0.288,0.003,62.07,45.808,162.31,0.546,0.393,0.028,0.126,0.548,0.268,0.682,-2.317e-4,0,0.033,0.704,0.671,-1.148e-8,1007.899,0.001,340.209,0.206,6.4,32.17
1.231,1.05,2858.189,672.01,0.288,0.003,62.073,45.803,162.084,0.546,0.393,0.028,0.126,0.548,0.267,0.679,-2.293e-4,0,0.033,0.704,0.671,4.098e-6,1007.861,0.001,340.208,0.207,6.4,32.17
1.235,1.042,2857.805,671.625,0.288,0.003,62.076,45.799,161.857,0.546,0.393,0.028,0.126,0.548,0.265,0.674,2.196e-4,0,0.032,0.704,0.672,1.722e-5,1007.824,0.001,340.207,0.207,6.4,32.17
1.24,1.032,2857.42,671.24,0.287,0.003,62.08,45.795,161.63,0.547,0.393,0.028,0.126,0.548,0.262,0.667,-2.134e-4,0,0.032,0.704,0.672,3.922e-5,1007.786,0.001,340.205,0.208,6.4,32.17
1.244,1.02,2857.033,670.853,0.287,0.003,62.085,45.79,161.402,0.547,0.393,0.028,0.126,0.548,0.259,0.659,2.724e-4,0,0.032,0.704,0.672,6.986e-5,1007.748,0.001,340.204,0.208,6.4,32.17
1.249,1.006,2856.645,670.465,0.287,0.003,62.091,45.786,161.173,0.547,0.393,0.028,0.126,0.548,0.255,0.651,-3.858e-5,0,0.031,0.704,0.673,1.088e-4,1007.71,0.001,340.203,0.209,6.4,32.17
1.254,0.983,2856.256,670.076,0.287,0.003,62.1,45.782,160.944,0.547,0.393,0.028,0.126,0.548,0.249,0.636,3.064e-4,0,0.031,0.704,0.673,1.553e-4,1007.672,0.001,340.202,0.21,6.4,32.17
1.258,0.956,2855.866,669.686,0.287,0.003,62.111,45.777,160.713,0.547,0.393,0.028,0.126,0.548,0.242,0.618,2.441e-4,0,0.031,0.704,0.673,2.085e-4,1007.633,0.001,340.2,0.21,6.4,32.17
1.263,0.927,2855.475,669.295,0.287,0.003,62.123,45.773,160.483,0.547,0.393,0.028,0.126,0.548,0.235,0.6,-3.066e-4,0,0.031,0.704,0.673,2.677e-4,1007.595,0.001,340.199,0.211,6.4,32.17
1.267,0.896,2855.083,668.903,0.287,0.003,62.135,45.768,160.251,0.547,0.393,0.028,0.126,0.548,0.227,0.58,3.552e-5,0,0.03,0.704,0.674,3.319e-4,1007.556,0.001,340.198,0.212,6.4,32.17
1.272,0.863,2854.69,668.51,0.287,0.003,62.148,45.764,160.019,0.547,0.393,0.028,0.126,0.548,0.218,0.559,-3.718e-4,0,0.03,0.704,0.674,4.002e-4,1007.517,0.001,340.196,0.212,6.4,32.17
1.277,0.828,2854.296,668.116,0.287,0.003,62.161,45.759,159.787,0.547,0.393,0.028,0.126,0.548,0.209,0.537,-3.459e-4,0,0.03,0.704,0.674,4.715e-4,1007.477,0.001,340.195,0.213,6.4,32.17
1.281,0.791,2853.9,667.721,0.287,0.003,62.176,45.755,159.554,0.547,0.393,0.028,0.126,0.548,0.2,0.512,-1.459e-4,0,0.03,0.704,0.675,5.448e-4,1007.438,0.001,340.194,0.213,6.4,32.17
1.286,0.753,2853.504,667.324,0.287,0.003,62.191,45.75,159.32,0.547,0.393,0.028,0.126,0.548,0.19,0.488,-5.358e-5,0,0.029,0.704,0.675,6.19e-4,1007.398,0.001,340.192,0.214,6.4,32.17
1.291,0.713,2853.106,666.927,0.287,0.003,62.206,45.746,159.085,0.548,0.393,0.029,0.126,0.548,0.18,0.462,-2.172e-4,0,0.029,0.704,0.675,6.928e-4,1007.358,0.001,340.191,0.215,6.4,32.17
1.296,0.672,2852.708,666.528,0.287,0.003,62.223,45.741,158.85,0.548,0.393,0.029,0.126,0.548,0.169,0.435,-4.585e-4,0,0.029,0.704,0.675,7.649e-4,1007.317,0.001,340.19,0.215,6.4,32.17
1.3,0.63,2852.308,666.128,0.287,0.003,62.239,45.737,158.614,0.548,0.393,0.029,0.126,0.548,0.159,0.408,-4.91e-4,0,0.029,0.704,0.676,8.341e-4,1007.277,0.001,340.188,0.216,6.4,32.17
1.305,0.607,2851.907,665.728,0.287,0.003,62.248,45.732,158.378,0.548,0.393,0.029,0.126,0.548,0.153,0.394,2.504e-4,0,0.028,0.704,0.676,9.011e-4,1007.236,0.001,340.187,0.216,6.4,32.17
1.31,0.583,2851.505,665.325,0.287,0.003,62.258,45.728,158.14,0.548,0.393,0.029,0.126,0.549,0.147,0.378,2.197e-4,0,0.028,0.704,0.676,9.629e-4,1007.195,0.001,340.186,0.217,6.4,32.17
1.315,0.557,2851.102,664.922,0.287,0.003,62.268,45.723,157.902,0.548,0.393,0.029,0.126,0.549,0.14,0.361,1.103e-4,0,0.028,0.704,0.677,0.001,1007.154,0.001,340.184,0.218,6.4,32.17
1.319,0.531,2850.697,664.517,0.287,0.003,62.278,45.718,157.663,0.548,0.393,0.029,0.126,0.549,0.133,0.344,4.975e-4,0,0.028,0.704,0.677,0.001,1007.112,0.001,340.183,0.218,6.4,32.17
1.324,0.504,2850.29,664.111,0.287,0.003,62.289,45.714,157.424,0.548,0.393,0.029,0.126,0.549,0.126,0.327,-4.276e-4,0,0.027,0.704,0.677,0.001,1007.071,0.001,340.181,0.219,6.4,32.17
1.329,0.476,2849.883,663.703,0.287,0.003,62.299,45.709,157.183,0.548,0.393,0.029,0.126,0.549,0.119,0.309,1.913e-5,0,0.027,0.704,0.677,0.001,1007.029,0.001,340.18,0.219,6.4,32.17
1.334,0.449,2849.474,663.294,0.287,0.003,62.31,45.704,156.942,0.548,0.393,0.029,0.126,0.549,0.113,0.291,3.353e-4,0,0.027,0.704,0.678,0.001,1006.986,0.001,340.179,0.22,6.4,32.17
1.339,0.422,2849.063,662.884,0.287,0.003,62.32,45.7,156.7,0.549,0.393,0.029,0.126,0.549,0.106,0.274,1.476e-4,0,0.027,0.704,0.678,0.001,1006.944,0.001,340.177,0.221,6.4,32.17
1.344,0.396,2848.652,662.472,0.287,0.003,62.33,45.695,156.457,0.549,0.393,0.029,0.126,0.549,0.099,0.257,3.22e-4,0,0.026,0.705,0.678,9.774e-4,1006.901,0.001,340.176,0.221,6.4,32.17
1.348,0.372,2848.239,662.059,0.286,0.003,62.338,45.69,156.213,0.549,0.393,0.029,0.126,0.549,0.093,0.241,-7.994e-5,0,0.026,0.705,0.678,8.658e-4,1006.858,0.001,340.174,0.222,6.4,32.17
1.353,0.339,2847.824,661.645,0.286,0.003,62.351,45.686,155.969,0.549,0.393,0.03,0.126,0.549,0.085,0.22,3.023e-4,0,0.026,0.705,0.679,7.09e-4,1006.815,0.001,340.173,0.222,6.4,32.17
1.358,0.304,2847.409,661.229,0.286,0.003,62.364,45.681,155.723,0.549,0.393,0.03,0.126,0.549,0.076,0.197,-7.111e-5,0,0.026,0.705,0.679,5.033e-4,1006.771,0.001,340.171,0.223,6.4,32.17
1.363,0.275,2846.992,660.813,0.286,0.003,62.375,45.676,155.478,0.549,0.393,0.03,0.127,0.549,0.069,0.178,-3.411e-4,0,0.026,0.705,0.679,2.73e-4,1006.727,0.001,340.17,0.224,6.4,32.17
1.368,0.255,2846.575,660.395,0.286,0.003,62.383,45.671,155.231,0.549,0.393,0.03,0.127,0.549,0.064,0.166,-4.015e-4,0,0.025,0.705,0.679,7.731e-5,1006.683,0.001,340.168,0.224,6.4,32.17
1.373,0.246,2846.156,659.976,0.286,0.003,62.388,45.666,154.984,0.549,0.393,0.03,0.127,0.549,0.061,0.16,-2.01e-4,0,0.025,0.705,0.68,-5.202e-8,1006.639,0.001,340.167,0.225,6.4,32.17
1.378,0.25,2845.736,659.556,0.286,0.003,62.388,45.662,154.736,0.549,0.393,0.03,0.127,0.55,0.062,0.163,3.558e-4,0,0.025,0.705,0.68,-8.689e-5,1006.595,0.001,340.165,0.226,6.4,32.17
1.383,0.264,2845.315,659.135,0.286,0.003,62.384,45.657,154.488,0.55,0.393,0.03,0.127,0.55,0.066,0.172,-2.909e-4,0,0.025,0.705,0.68,-2.95e-4,1006.55,0.001,340.164,0.226,6.4,32.17
1.388,0.288,2844.893,658.713,0.286,0.003,62.377,45.652,154.239,0.55,0.393,0.03,0.127,0.55,0.072,0.188,1.959e-4,0,0.024,0.705,0.68,-5.346e-4,1006.505,0.001,340.162,0.227,6.4,32.17
1.393,0.319,2844.47,658.29,0.286,0.003,62.366,45.647,153.989,0.55,0.393,0.03,0.127,0.55,0.08,0.209,1.559e-4,0,0.024,0.705,0.681,-7.397e-4,1006.46,0.001,340.161,0.227,6.4,32.17
1.398,0.354,2844.045,657.865,0.286,0.003,62.353,45.642,153.739,0.55,0.393,0.03,0.127,0.55,0.088,0.232,1.413e-4,0,0.024,0.705,0.681,-8.86e-4,1006.414,0.001,340.159,0.228,6.4,32.17
1.403,0.391,2843.62,657.44,0.286,0.003,62.339,45.637,153.487,0.55,0.393,0.03,0.127,0.55,0.098,0.257,3.046e-5,0,0.024,0.705,0.681,-9.813e-4,1006.369,0.001,340.158,0.229,6.4,32.17
1.408,0.431,2843.193,657.013,0.286,0.003,62.324,45.633,153.236,0.55,0.393,0.03,0.127,0.55,0.108,0.283,9.732e-5,0,0.024,0.705,0.681,-0.001,1006.323,0.001,340.156,0.229,6.4,32.17
1.413,0.471,2842.765,656.585,0.286,0.003,62.309,45.628,152.983,0.55,0.393,0.031,0.127,0.551,0.118,0.309,3.374e-4,0,0.024,0.705,0.681,-0.001,1006.276,0.001,340.155,0.23,6.4,32.17
1.418,0.511,2842.336,656.156,0.286,0.003,62.293,45.623,152.73,0.55,0.393,0.031,0.127,0.551,0.128,0.336,-4e-4,0,0.023,0.705,0.682,-0.001,1006.23,0.001,340.153,0.231,6.4,32.17
1.423,0.551,2841.906,655.726,0.286,0.003,62.278,45.618,152.476,0.55,0.393,0.031,0.127,0.551,0.139,0.361,3.287e-4,0,0.023,0.705,0.682,-9.505e-4,1006.183,0.001,340.152,0.231,6.4,32.17
1.428,0.589,2841.474,655.294,0.286,0.003,62.264,45.613,152.222,0.55,0.393,0.031,0.127,0.551,0.148,0.386,-3.99e-5,0,0.023,0.705,0.682,-8.821e-4,1006.136,0.001,340.15,0.232,6.4,32.17
1.434,0.626,2841.041,654.862,0.286,0.003,62.249,45.608,151.966,0.551,0.393,0.031,0.127,0.551,0.158,0.411,2.819e-4,0,0.023,0.705,0.682,-8.024e-4,1006.089,0.001,340.148,0.232,6.4,32.17
1.439,0.66,2840.608,654.428,0.286,0.003,62.236,45.603,151.71,0.551,0.393,0.031,0.127,0.551,0.166,0.434,3.012e-4,0,0.023,0.705,0.683,-7.157e-4,1006.041,0.001,340.147,0.233,6.4,32.17
1.444,0.693,2840.173,653.993,0.286,0.003,62.224,45.598,151.454,0.551,0.393,0.031,0.127,0.552,0.175,0.455,4.231e-4,0,0.022,0.705,0.683,-6.252e-4,1005.994,0.001,340.145,0.234,6.4,32.17
1.449,0.723,2839.736,653.556,0.286,0.003,62.212,45.593,151.196,0.551,0.393,0.031,0.127,0.552,0.182,0.475,-8.198e-6,0,0.022,0.705,0.683,-5.339e-4,1005.946,0.001,340.144,0.234,6.4,32.17
1.454,0.749,2839.299,653.119,0.285,0.003,62.202,45.588,150.938,0.551,0.393,0.031,0.127,0.552,0.189,0.491,4.936e-4,0,0.022,0.705,0.683,-4.462e-4,1005.897,0.001,340.142,0.235,6.4,32.17
1.459,0.772,2838.86,652.68,0.285,0.003,62.194,45.583,150.679,0.551,0.393,0.031,0.127,0.552,0.195,0.507,-2.723e-5,0,0.022,0.705,0.683,-3.629e-4,1005.849,0.001,340.14,0.236,6.4,32.17
1.465,0.792,2838.419,652.24,0.285,0.003,62.186,45.578,150.419,0.551,0.393,0.031,0.127,0.552,0.2,0.52,4.624e-4,0,0.022,0.705,0.684,-2.853e-4,1005.8,0.001,340.139,0.236,6.4,32.17
1.47,0.809,2837.978,651.798,0.285,0.003,62.18,45.573,150.159,0.551,0.393,0.031,0.127,0.552,0.205,0.532,4.787e-4,0,0.021,0.705,0.684,-2.147e-4,1005.751,0.001,340.137,0.237,6.4,32.17
1.475,0.823,2837.535,651.355,0.285,0.003,62.174,45.568,149.897,0.551,0.393,0.031,0.127,0.553,0.208,0.541,-1.178e-4,0,0.021,0.705,0.684,-1.526e-4,1005.701,0.001,340.135,0.237,6.4,32.17
1.48,0.834,2837.09,650.91,0.285,0.003,62.171,45.563,149.635,0.552,0.393,0.032,0.127,0.553,0.211,0.548,-3.459e-4,0,0.021,0.705,0.684,-9.993e-5,1005.652,0.001,340.134,0.238,6.4,32.17
1.486,0.841,2836.644,650.464,0.285,0.003,62.168,45.557,149.372,0.552,0.393,0.032,0.127,0.553,0.213,0.553,3.905e-4,0,0.021,0.705,0.684,-5.775e-5,1005.602,0.001,340.132,0.239,6.4,32.17
1.491,0.845,2836.197,650.017,0.285,0.003,62.167,45.552,149.108,0.552,0.393,0.032,0.127,0.553,0.214,0.556,-4.359e-4,0,0.021,0.705,0.685,-2.675e-5,1005.551,0.001,340.13,0.239,6.4,32.17
1.496,0.845,2835.748,649.568,0.285,0.003,62.167,45.547,148.843,0.552,0.393,0.032,0.127,0.553,0.214,0.555,-1.452e-4,0,0.021,0.705,0.685,-7.428e-6,1005.501,0.001,340.129,0.24,6.4,32.17
1.501,0.842,2835.298,649.118,0.285,0.003,62.168,45.542,148.578,0.552,0.393,0.032,0.128,0.553,0.213,0.553,9.95e-5,0,0.02,0.705,0.685,-6.232e-8,1005.45,0.001,340.127,0.241,6.4,32.17
1.507,0.835,2834.846,648.667,0.285,0.003,62.171,45.537,148.311,0.552,0.393,0.032,0.128,0.553,0.211,0.55,-3.375e-4,0,0.02,0.705,0.685,5.195e-6,1005.399,0.001,340.125,0.241,6.4,32.17
1.512,0.824,2834.394,648.214,0.285,0.003,62.175,45.531,148.044,0.552,0.393,0.032,0.128,0.553,0.209,0.542,2.766e-4,0,0.02,0.706,0.685,2.296e-5,1005.347,0.001,340.123,0.242,6.4,32.17
1.518,0.81,2833.939,647.759,0.285,0.003,62.181,45.526,147.776,0.552,0.393,0.032,0.128,0.553,0.205,0.533,-3.441e-4,0,0.02,0.706,0.686,5.289e-5,1005.296,0.001,340.122,0.242,6.4,32.17
1.523,0.792,2833.484,647.304,0.285,0.003,62.188,45.521,147.507,0.552,0.393,0.032,0.128,0.553,0.2,0.521,4.315e-4,0,0.02,0.706,0.686,9.42e-5,1005.244,0.001,340.12,0.243,6.4,32.17
1.528,0.77,2833.026,646.847,0.285,0.003,62.197,45.516,147.237,0.553,0.393,0.032,0.128,0.554,0.195,0.507,2.104e-4,0,0.02,0.706,0.686,1.459e-4,1005.191,0.001,340.118,0.244,6.4,32.17
1.534,0.745,2832.568,646.388,0.285,0.003,62.207,45.51,146.967,0.553,0.392,0.032,0.128,0.554,0.188,0.491,-1.914e-4,0,0.019,0.706,0.686,2.067e-4,1005.139,0.001,340.116,0.244,6.4,32.17
1.539,0.716,2832.108,645.928,0.285,0.003,62.218,45.505,146.695,0.553,0.392,0.032,0.128,0.554,0.181,0.472,-4.124e-5,0,0.019,0.706,0.686,2.75e-4,1005.086,0.001,340.115,0.245,6.4,32.17
1.545,0.685,2831.647,645.467,0.285,0.003,62.231,45.5,146.423,0.553,0.392,0.033,0.128,0.554,0.173,0.451,4.419e-5,0,0.019,0.706,0.687,3.489e-4,1005.033,0.001,340.113,0.246,6.4,32.17
1.55,0.65,2831.184,645.004,0.285,0.003,62.244,45.494,146.15,0.553,0.392,0.033,0.128,0.554,0.164,0.429,-3.413e-4,0,0.019,0.706,0.687,4.263e-4,1004.979,0.001,340.111,0.246,6.4,32.17
1.556,0.612,2830.72,644.54,0.285,0.003,62.26,45.489,145.876,0.553,0.392,0.033,0.128,0.554,0.154,0.404,4.423e-5,0,0.019,0.706,0.687,5.048e-4,1004.925,0.001,340.109,0.247,6.4,32.17
1.561,0.572,2830.254,644.074,0.284,0.003,62.276,45.484,145.601,0.553,0.392,0.033,0.128,0.554,0.144,0.377,-2.941e-4,0,0.019,0.706,0.687,5.813e-4,1004.871,0.001,340.107,0.248,6.4,32.17
1.567,0.53,2829.786,643.607,0.284,0.003,62.293,45.478,145.326,0.553,0.392,0.033,0.128,0.554,0.133,0.349,-2.434e-4,0,0.018,0.706,0.687,6.52e-4,1004.817,0.001,340.106,0.248,6.4,32.17
1.572,0.485,2829.318,643.138,0.284,0.003,62.311,45.473,145.049,0.553,0.392,0.033,0.128,0.554,0.122,0.32,-2.093e-4,0,0.018,0.706,0.688,7.128e-4,1004.762,0.001,340.104,0.249,6.4,32.17
1.578,0.44,2828.847,642.668,0.284,0.003,62.329,45.467,144.771,0.554,0.392,0.033,0.128,0.554,0.11,0.29,3.381e-4,0,0.018,0.706,0.688,7.576e-4,1004.707,0.001,340.102,0.249,6.4,32.17
1.583,0.394,2828.376,642.196,0.284,0.003,62.348,45.462,144.493,0.554,0.392,0.033,0.128,0.554,0.099,0.26,2e-4,0,0.018,0.706,0.688,7.785e-4,1004.651,0.001,340.1,0.25,6.4,32.17
1.589,0.348,2827.902,641.722,0.284,0.003,62.368,45.456,144.214,0.554,0.392,0.033,0.128,0.554,0.087,0.229,2.159e-4,0,0.018,0.706,0.688,7.643e-4,1004.596,0.001,340.098,0.251,6.4,32.17
1.595,0.304,2827.427,641.247,0.284,0.003,62.386,45.451,143.933,0.554,0.392,0.033,0.128,0.554,0.076,0.2,2.637e-4,0,0.018,0.706,0.688,6.99e-4,1004.54,0.001,340.096,0.251,6.4,32.17
1.6,0.263,2826.951,640.771,0.284,0.003,62.404,45.445,143.652,0.554,0.392,0.033,0.128,0.554,0.066,0.173,-4.566e-4,0,0.018,0.706,0.688,5.663e-4,1004.483,0.001,340.094,0.252,6.4,32.17
1.606,0.224,2826.473,640.293,0.284,0.003,62.42,45.44,143.37,0.554,0.392,0.034,0.128,0.554,0.056,0.147,4.449e-4,0,0.017,0.706,0.689,4.181e-4,1004.426,0.001,340.093,0.253,6.4,32.17
1.612,0.19,2825.992,639.812,0.284,0.003,62.434,45.434,143.087,0.554,0.392,0.034,0.128,0.554,0.047,0.126,-4.491e-4,0,0.017,0.706,0.689,2.207e-4,1004.369,0.001,340.091,0.253,6.4,32.17
1.617,0.166,2825.51,639.33,0.284,0.003,62.443,45.429,142.802,0.554,0.392,0.034,0.128,0.554,0.041,0.11,-4.245e-4,0,0.017,0.706,0.689,4.02e-5,1004.312,0.001,340.089,0.254,6.4,32.17
1.623,0.157,2825.026,638.846,0.284,0.003,62.446,45.423,142.517,0.555,0.392,0.034,0.128,0.555,0.039,0.105,2.903e-4,0,0.017,0.706,0.689,-1.947e-5,1004.254,0.001,340.087,0.255,6.4,32.17
1.629,0.165,2824.54,638.36,0.284,0.003,62.441,45.418,142.23,0.555,0.392,0.034,0.128,0.555,0.041,0.11,-2.639e-4,0,0.017,0.706,0.689,-2.107e-4,1004.196,0.001,340.085,0.255,6.4,32.17
1.634,0.186,2824.052,637.872,0.284,0.003,62.432,45.412,141.942,0.555,0.392,0.034,0.129,0.555,0.046,0.123,2.75e-4,0,0.017,0.706,0.69,-4.639e-4,1004.137,0.001,340.083,0.256,6.4,32.17
1.64,0.215,2823.562,637.382,0.284,0.003,62.42,45.406,141.653,0.555,0.392,0.034,0.129,0.555,0.054,0.143,2.798e-4,0,0.016,0.706,0.69,-6.482e-4,1004.078,0.001,340.081,0.256,6.4,32.17
1.646,0.25,2823.07,636.89,0.284,0.003,62.407,45.4,141.362,0.555,0.392,0.034,0.129,0.555,0.062,0.167,-4.86e-4,0,0.016,0.706,0.69,-7.445e-4,1004.019,0.001,340.079,0.257,6.4,32.17
1.652,0.29,2822.576,636.396,0.284,0.003,62.392,45.395,141.071,0.555,0.392,0.034,0.129,0.555,0.073,0.193,-4.982e-4,0,0.016,0.706,0.69,-7.737e-4,1003.959,0.001,340.077,0.258,6.4,32.17
1.658,0.337,2822.08,635.9,0.284,0.003,62.375,45.389,140.778,0.555,0.392,0.034,0.129,0.556,0.084,0.225,4.401e-4,0,0.016,0.706,0.69,-7.588e-4,1003.899,0.001,340.075,0.258,6.4,32.17
1.664,0.383,2821.582,635.402,0.284,0.003,62.358,45.383,140.485,0.555,0.392,0.035,0.129,0.556,0.096,0.255,4.52e-4,0,0.016,0.706,0.691,-7.189e-4,1003.838,0.001,340.073,0.259,6.4,32.17
1.67,0.428,2821.083,634.903,0.283,0.003,62.342,45.377,140.19,0.556,0.392,0.035,0.129,0.556,0.107,0.285,2.335e-4,0,0.016,0.706,0.691,-6.624e-4,1003.777,0.001,340.071,0.26,6.4,32.17
1.675,0.47,2820.582,634.402,0.283,0.003,62.326,45.372,139.895,0.556,0.392,0.035,0.129,0.556,0.118,0.313,3.937e-4,0,0.016,0.707,0.691,-5.951e-4,1003.716,0.001,340.069,0.26,6.4,32.17
1.681,0.507,2820.117,633.937,0.283,0.003,62.313,45.366,139.62,0.556,0.392,0.035,0.129,0.556,0.127,0.338,3.935e-5,0,0.016,0.707,0.691,-5.267e-4,1003.659,0.001,340.067,0.261,6.4,32.17
1.687,0.543,2819.701,633.521,0.283,0.003,62.299,45.361,139.365,0.556,0.392,0.035,0.129,0.556,0.137,0.363,4.052e-4,0,0.015,0.707,0.691,-4.495e-4,1003.597,0.001,340.065,0.262,6.4,32.17
1.693,0.577,2819.284,633.105,0.283,0.003,62.287,45.356,139.109,0.556,0.392,0.035,0.129,0.557,0.145,0.385,-4.202e-4,0,0.015,0.707,0.691,-3.718e-4,1003.535,0.001,340.063,0.262,6.4,32.17
1.699,0.607,2818.866,632.686,0.283,0.003,62.277,45.352,138.851,0.556,0.392,0.035,0.129,0.557,0.153,0.404,-3.723e-4,0,0.015,0.707,0.692,-2.962e-4,1003.472,0.001,340.061,0.263,6.4,32.17
1.705,0.629,2818.446,632.266,0.283,0.003,62.269,45.347,138.593,0.556,0.392,0.035,0.129,0.557,0.158,0.419,-3.392e-4,0,0.015,0.707,0.692,-2.249e-4,1003.409,0.001,340.058,0.263,6.4,32.17
1.711,0.645,2818.025,631.845,0.283,0.003,62.263,45.342,138.334,0.557,0.392,0.035,0.129,0.557,0.163,0.431,-3.44e-4,0,0.015,0.707,0.692,-1.608e-4,1003.346,0.001,340.056,0.264,6.4,32.17
1.717,0.658,2817.602,631.422,0.283,0.003,62.259,45.337,138.074,0.557,0.392,0.035,0.129,0.557,0.166,0.439,7.371e-5,0,0.015,0.707,0.692,-1.058e-4,1003.282,0.001,340.054,0.265,6.4,32.17
1.723,0.666,2817.177,630.997,0.283,0.003,62.257,45.332,137.813,0.557,0.392,0.036,0.129,0.558,0.168,0.444,-4.25e-4,0,0.015,0.707,0.692,-6.138e-5,1003.217,0.001,340.052,0.265,6.4,32.17
1.729,0.67,2816.751,630.571,0.283,0.003,62.256,45.327,137.551,0.557,0.392,0.036,0.129,0.558,0.169,0.448,3.906e-4,0,0.014,0.707,0.692,-2.852e-5,1003.153,0.001,340.05,0.266,6.4,32.17
1.735,0.669,2816.323,630.143,0.283,0.003,62.257,45.322,137.288,0.557,0.392,0.036,0.129,0.558,0.169,0.447,1.402e-4,0,0.014,0.707,0.692,-7.979e-6,1003.088,0.001,340.048,0.267,6.4,32.17
1.742,0.663,2815.893,629.713,0.283,0.003,62.26,45.317,137.024,0.557,0.392,0.036,0.129,0.558,0.167,0.444,1.55e-4,0,0.014,0.707,0.693,-9.391e-8,1003.022,0.001,340.045,0.267,6.4,32.17
1.748,0.653,2815.462,629.282,0.283,0.003,62.265,45.312,136.759,0.557,0.392,0.036,0.129,0.558,0.165,0.437,-3.974e-4,0,0.014,0.707,0.693,4.81e-6,1002.956,0.001,340.043,0.268,6.4,32.17
1.754,0.643,2815.029,628.849,0.283,0.003,62.269,45.307,136.493,0.557,0.392,0.036,0.129,0.558,0.162,0.429,-3.361e-5,0,0.014,0.707,0.693,2.171e-5,1002.89,0.001,340.041,0.269,6.4,32.17
1.76,0.63,2814.595,628.415,0.283,0.003,62.275,45.302,136.226,0.558,0.392,0.036,0.129,0.558,0.159,0.421,-3.213e-4,0,0.014,0.707,0.693,5.025e-5,1002.823,0.001,340.039,0.269,6.4,32.17
1.767,0.613,2814.159,627.979,0.283,0.003,62.282,45.297,135.958,0.558,0.392,0.036,0.129,0.558,0.155,0.41,-3.999e-5,0,0.014,0.707,0.693,8.964e-5,1002.756,0.001,340.036,0.27,6.4,32.17
1.773,0.591,2813.721,627.542,0.283,0.003,62.291,45.291,135.69,0.558,0.392,0.036,0.13,0.558,0.149,0.395,1.642e-4,0,0.014,0.707,0.693,1.386e-4,1002.689,0.001,340.034,0.271,6.4,32.17
1.779,0.565,2813.282,627.103,0.283,0.003,62.301,45.286,135.42,0.558,0.392,0.037,0.13,0.559,0.142,0.378,1.805e-4,0,0.014,0.707,0.694,1.956e-4,1002.621,0.001,340.032,0.271,6.4,32.17
1.785,0.535,2812.842,626.662,0.283,0.003,62.313,45.281,135.149,0.558,0.392,0.037,0.13,0.559,0.135,0.358,-3.067e-4,0,0.013,0.707,0.694,2.588e-4,1002.552,0.001,340.03,0.272,6.4,32.17
1.792,0.501,2812.4,626.22,0.282,0.003,62.327,45.276,134.877,0.558,0.392,0.037,0.13,0.559,0.126,0.336,3.504e-4,0,0.013,0.707,0.694,3.257e-4,1002.484,0.001,340.027,0.273,6.4,32.17
1.798,0.464,2811.956,625.777,0.282,0.003,62.342,45.271,134.605,0.558,0.392,0.037,0.13,0.559,0.117,0.31,1.412e-4,0,0.013,0.707,0.694,3.938e-4,1002.415,0.001,340.025,0.273,6.4,32.17
1.805,0.415,2811.511,625.331,0.282,0.003,62.361,45.266,134.331,0.559,0.392,0.037,0.13,0.559,0.104,0.278,-4.666e-4,0,0.013,0.707,0.694,4.59e-4,1002.345,0.001,340.023,0.274,6.4,32.17
1.811,0.359,2811.064,624.884,0.282,0.003,62.382,45.26,134.056,0.559,0.392,0.037,0.13,0.559,0.09,0.241,1.725e-4,0,0.013,0.707,0.694,5.173e-4,1002.275,0.001,340.02,0.275,6.4,32.17
1.817,0.302,2810.615,624.435,0.282,0.003,62.405,45.255,133.78,0.559,0.392,0.037,0.13,0.559,0.076,0.202,1.914e-4,0,0.013,0.707,0.694,5.651e-4,1002.205,0.001,340.018,0.275,6.4,32.17
1.824,0.243,2810.164,623.984,0.282,0.003,62.428,45.25,133.503,0.559,0.392,0.037,0.13,0.559,0.061,0.162,4.332e-4,0,0.013,0.707,0.695,5.971e-4,1002.134,0.001,340.016,0.276,6.4,32.17
1.83,0.184,2809.711,623.531,0.282,0.003,62.451,45.244,133.225,0.559,0.392,0.037,0.13,0.559,0.046,0.123,1.37e-4,0,0.013,0.707,0.695,6.037e-4,1002.062,0.001,340.013,0.276,6.4,32.17
1.837,0.125,2809.256,623.077,0.282,0.003,62.473,45.239,132.945,0.559,0.392,0.037,0.13,0.559,0.031,0.083,-1.125e-4,0,0.013,0.707,0.695,5.57e-4,1001.99,0.001,340.011,0.277,6.4,32.17
1.844,0.071,2808.8,622.62,0.282,0.003,62.493,45.234,132.665,0.559,0.392,0.038,0.13,0.559,0.018,0.048,-1.202e-4,0,0.012,0.708,0.695,3.372e-4,1001.918,0.001,340.008,0.278,6.4,32.17
1.85,0.048,2808.341,622.161,0.282,0.003,62.506,45.228,132.383,0.56,0.392,0.038,0.13,0.56,0.012,0.032,-2.008e-4,0,0.012,0.708,0.695,-4.926e-5,1001.845,0.001,340.006,0.278,6.4,32.17
1.857,0.079,2807.88,621.7,0.282,0.003,62.497,45.223,132.1,0.56,0.392,0.038,0.13,0.56,0.02,0.054,-1.322e-4,0,0.012,0.708,0.695,-4.302e-4,1001.772,0.001,340.003,0.279,6.4,32.17
1.863,0.123,2807.418,621.238,0.282,0.003,62.48,45.218,131.816,0.56,0.392,0.038,0.13,0.56,0.031,0.084,-1.423e-4,0,0.012,0.708,0.696,-5.592e-4,1001.698,0.001,340.001,0.28,6.4,32.17
1.87,0.168,2806.955,620.775,0.282,0.003,62.462,45.212,131.531,0.56,0.392,0.038,0.13,0.56,0.042,0.113,1.227e-4,0,0.012,0.708,0.696,-5.842e-4,1001.624,0.001,339.998,0.28,6.4,32.17
1.877,0.214,2806.49,620.31,0.282,0.003,62.444,45.207,131.245,0.56,0.392,0.038,0.13,0.56,0.053,0.144,-5.179e-5,0,0.012,0.708,0.696,-5.707e-4,1001.549,0.001,339.996,0.281,6.4,32.17
1.883,0.258,2806.023,619.843,0.282,0.003,62.427,45.201,130.958,0.56,0.392,0.038,0.13,0.56,0.065,0.174,-2.295e-4,0,0.012,0.708,0.696,-5.373e-4,1001.474,0.001,339.993,0.282,6.4,32.17
1.89,0.3,2805.555,619.375,0.282,0.003,62.411,45.196,130.67,0.56,0.392,0.038,0.13,0.561,0.075,0.203,6.683e-5,0,0.012,0.708,0.696,-4.916e-4,1001.399,0.001,339.991,0.282,6.4,32.17
1.897,0.341,2805.085,618.905,0.282,0.003,62.395,45.19,130.381,0.561,0.392,0.038,0.13,0.561,0.085,0.23,-3.423e-5,0,0.012,0.708,0.696,-4.377e-4,1001.323,0.001,339.988,0.283,6.4,32.17
1.904,0.378,2804.613,618.433,0.282,0.003,62.38,45.185,130.091,0.561,0.392,0.039,0.13,0.561,0.095,0.256,-1.2e-4,0,0.012,0.708,0.696,-3.779e-4,1001.247,0.001,339.986,0.284,6.4,32.17
1.91,0.413,2804.139,617.959,0.282,0.003,62.367,45.179,129.8,0.561,0.392,0.039,0.131,0.561,0.104,0.279,-2.888e-4,0,0.011,0.708,0.696,-3.147e-4,1001.17,0.001,339.983,0.284,6.4,32.17
1.917,0.444,2803.664,617.484,0.281,0.003,62.355,45.173,129.508,0.561,0.392,0.039,0.131,0.561,0.112,0.3,4.285e-4,0,0.011,0.708,0.697,-2.517e-4,1001.093,0.001,339.981,0.285,6.4,32.17
1.924,0.471,2803.186,617.006,0.281,0.003,62.345,45.168,129.215,0.561,0.392,0.039,0.131,0.561,0.118,0.318,7.121e-5,0,0.011,0.708,0.697,-1.913e-4,1001.015,0.001,339.978,0.286,6.4,32.17
1.931,0.493,2802.707,616.527,0.281,0.003,62.336,45.162,128.92,0.561,0.392,0.039,0.131,0.562,0.124,0.333,4.76e-4,0,0.011,0.708,0.697,-1.361e-4,1000.936,0.001,339.975,0.286,6.4,32.17
1.938,0.511,2802.225,616.045,0.281,0.003,62.33,45.156,128.624,0.561,0.392,0.039,0.131,0.562,0.129,0.345,2.805e-4,0,0.011,0.708,0.697,-8.819e-5,1000.858,0.001,339.973,0.287,6.4,32.17
1.945,0.523,2801.741,615.562,0.281,0.003,62.325,45.151,128.327,0.562,0.392,0.039,0.131,0.562,0.132,0.354,2.255e-6,0,0.011,0.708,0.697,-4.943e-5,1000.778,0.001,339.97,0.288,6.4,32.17
1.952,0.53,2801.256,615.076,0.281,0.003,62.323,45.145,128.028,0.562,0.392,0.039,0.131,0.562,0.133,0.359,2.465e-4,0,0.011,0.708,0.697,-2.112e-5,1000.698,0.001,339.967,0.288,6.4,32.17
1.959,0.532,2800.768,614.588,0.281,0.003,62.322,45.139,127.729,0.562,0.392,0.039,0.131,0.562,0.134,0.36,3.403e-4,0,0.011,0.708,0.697,-4.349e-6,1000.618,0.001,339.965,0.289,6.4,32.17
1.966,0.527,2800.278,614.098,0.281,0.003,62.324,45.133,127.428,0.562,0.392,0.04,0.131,0.562,0.133,0.356,-5.291e-5,0,0.011,0.708,0.698,1.881e-7,1000.537,0.001,339.962,0.29,6.4,32.17
1.973,0.517,2799.786,613.606,0.281,0.003,62.329,45.128,127.125,0.562,0.392,0.04,0.131,0.563,0.13,0.35,4.592e-4,0,0.011,0.708,0.698,8.595e-6,1000.456,0.001,339.959,0.29,6.4,32.17
1.98,0.502,2799.292,613.112,0.281,0.003,62.335,45.122,126.821,0.562,0.392,0.04,0.131,0.563,0.126,0.34,2.224e-4,0,0.01,0.708,0.698,2.895e-5,1000.374,0.001,339.956,0.291,6.4,32.17
1.987,0.481,2798.795,612.615,0.281,0.003,62.344,45.116,126.516,0.562,0.391,0.04,0.131,0.563,0.121,0.326,-1.098e-4,0,0.01,0.708,0.698,6.008e-5,1000.291,0.001,339.954,0.292,6.4,32.17
1.994,0.455,2798.296,612.116,0.281,0.003,62.354,45.11,126.209,0.563,0.391,0.04,0.131,0.563,0.114,0.308,4.611e-4,0,0.01,0.708,0.698,1.003e-4,1000.208,0.001,339.951,0.292,6.4,32.17
2.002,0.424,2797.795,611.615,0.281,0.003,62.367,45.104,125.901,0.563,0.391,0.04,0.131,0.563,0.106,0.287,-2.019e-4,0,0.01,0.708,0.698,1.467e-4,1000.124,0.001,339.948,0.293,6.4,32.17
2.009,0.391,2797.291,611.111,0.281,0.003,62.38,45.098,125.592,0.563,0.391,0.04,0.131,0.563,0.098,0.264,-3.184e-4,0,0.01,0.708,0.698,1.95e-4,1000.04,0.001,339.945,0.294,6.4,32.17
2.016,0.354,2796.786,610.606,0.281,0.003,62.395,45.092,125.281,0.563,0.391,0.04,0.131,0.563,0.089,0.24,-3.03e-4,0,0.01,0.709,0.699,2.448e-4,999.955,0.001,339.942,0.294,6.4,32.17
2.023,0.314,2796.278,610.098,0.281,0.003,62.412,45.086,124.969,0.563,0.391,0.04,0.131,0.563,0.079,0.212,-4.928e-4,0,0.01,0.709,0.699,2.941e-4,999.87,0.001,339.94,0.295,6.4,32.17
2.031,0.271,2795.768,609.589,0.281,0.003,62.429,45.08,124.656,0.563,0.391,0.041,0.131,0.563,0.068,0.184,3.107e-4,0,0.01,0.709,0.699,3.405e-4,999.784,0.001,339.937,0.296,6.4,32.17
2.038,0.226,2795.256,609.077,0.281,0.003,62.447,45.074,124.341,0.563,0.391,0.041,0.131,0.564,0.057,0.153,-4.634e-4,0,0.01,0.709,0.699,3.82e-4,999.697,0.001,339.934,0.296,6.4,32.17
2.045,0.179,2794.742,608.562,0.28,0.003,62.466,45.068,124.025,0.564,0.391,0.041,0.131,0.564,0.045,0.122,7.716e-5,0,0.01,0.709,0.699,4.167e-4,999.61,0.001,339.931,0.297,6.4,32.17
2.053,0.129,2794.226,608.046,0.28,0.003,62.487,45.062,123.708,0.564,0.391,0.041,0.132,0.564,0.032,0.087,-3.919e-4,0,0.01,0.709,0.699,4.446e-4,999.522,0.001,339.928,0.298,6.4,32.17
2.06,0.073,2793.707,607.527,0.28,0.003,62.51,45.056,123.389,0.564,0.391,0.041,0.132,0.564,0.018,0.049,-2.019e-4,0,0.009,0.709,0.699,4.604e-4,999.434,0.001,339.925,0.298,6.4,32.17
2.068,0.018,2793.185,607.005,0.28,0.003,62.535,45.05,123.068,0.564,0.391,0.041,0.132,0.564,0.004,0.012,4.586e-4,0,0.009,0.709,0.699,3.589e-4,999.345,0.001,339.922,0.299,6.4,32.17
2.075,0.042,2792.661,606.481,0.28,0.003,62.522,45.043,122.746,0.564,0.391,0.041,0.132,0.564,0.011,0.029,-6.718e-5,0,0.009,0.709,0.7,-4.507e-4,999.256,0.001,339.919,0.3,6.4,32.17
2.083,0.098,2792.133,605.954,0.28,0.003,62.502,45.037,122.422,0.564,0.391,0.041,0.132,0.564,0.024,0.067,2.776e-4,0,0.009,0.709,0.7,-4.48e-4,999.165,0.001,339.916,0.3,6.4,32.17
2.091,0.152,2791.603,605.424,0.28,0.003,62.482,45.031,122.096,0.565,0.391,0.041,0.132,0.565,0.038,0.103,3.636e-5,0,0.009,0.709,0.7,-4.192e-4,999.074,0.001,339.913,0.301,6.4,32.17
2.098,0.203,2791.07,604.891,0.28,0.003,62.463,45.024,121.768,0.565,0.391,0.042,0.132,0.565,0.051,0.138,-3.448e-4,0,0.009,0.709,0.7,-3.783e-4,998.983,0.001,339.91,0.302,6.4,32.17
2.106,0.253,2790.535,604.355,0.28,0.003,62.444,45.018,121.439,0.565,0.391,0.042,0.132,0.565,0.063,0.173,-1.573e-4,0,0.009,0.709,0.7,-3.29e-4,998.89,0.001,339.907,0.302,6.4,32.17
2.114,0.3,2789.996,603.816,0.28,0.003,62.427,45.012,121.108,0.565,0.391,0.042,0.132,0.565,0.075,0.205,4.245e-4,0,0.009,0.709,0.7,-2.738e-4,998.797,0.001,339.903,0.303,6.4,32.17
2.121,0.341,2789.454,603.274,0.28,0.003,62.412,45.005,120.775,0.565,0.391,0.042,0.132,0.565,0.086,0.233,4.921e-4,0,0.009,0.709,0.7,-2.157e-4,998.703,0.001,339.9,0.304,6.4,32.17
2.129,0.378,2788.91,602.73,0.28,0.003,62.398,44.999,120.44,0.565,0.391,0.042,0.132,0.566,0.095,0.258,-1.009e-4,0,0.009,0.709,0.701,-1.585e-4,998.609,0.001,339.897,0.304,6.4,32.17
2.137,0.408,2788.362,602.182,0.28,0.003,62.388,44.992,120.104,0.566,0.391,0.042,0.132,0.566,0.103,0.279,4.03e-4,0,0.009,0.709,0.701,-1.057e-4,998.514,0.001,339.894,0.305,6.4,32.17
2.145,0.431,2787.811,601.631,0.28,0.003,62.379,44.986,119.765,0.566,0.391,0.042,0.132,0.566,0.108,0.295,5.061e-6,0,0.008,0.709,0.701,-6.084e-5,998.418,0.001,339.891,0.306,6.4,32.17
2.153,0.449,2787.258,601.078,0.28,0.003,62.374,44.979,119.425,0.566,0.391,0.043,0.132,0.566,0.113,0.307,2.887e-4,0,0.008,0.709,0.701,-2.682e-5,998.321,0.001,339.887,0.306,6.4,32.17
2.161,0.461,2786.701,600.521,0.28,0.003,62.37,44.972,119.083,0.566,0.391,0.043,0.132,0.566,0.116,0.315,-1.934e-4,0,0.008,0.709,0.701,-5.967e-6,998.223,0.001,339.884,0.307,6.4,32.17
2.169,0.465,2786.141,599.961,0.279,0.003,62.369,44.966,118.739,0.566,0.391,0.043,0.132,0.567,0.117,0.318,-1.819e-4,0,0.008,0.709,0.701,1.326e-7,998.125,0.001,339.881,0.308,6.4,32.17
2.177,0.461,2785.577,599.397,0.279,0.003,62.372,44.959,118.392,0.566,0.391,0.043,0.132,0.567,0.116,0.315,-7.28e-5,0,0.008,0.709,0.701,1.021e-5,998.026,0.001,339.878,0.308,6.4,32.17
2.185,0.449,2785.01,598.831,0.279,0.003,62.377,44.952,118.044,0.567,0.391,0.043,0.132,0.567,0.113,0.307,4.217e-4,0,0.008,0.709,0.701,3.604e-5,997.926,0.001,339.874,0.309,6.4,32.17
2.193,0.428,2784.44,598.261,0.279,0.003,62.386,44.945,117.694,0.567,0.391,0.043,0.132,0.567,0.108,0.293,3.652e-4,0,0.008,0.71,0.702,7.629e-5,997.825,0.001,339.871,0.31,6.4,32.17
2.202,0.399,2783.867,597.687,0.279,0.003,62.397,44.939,117.341,0.567,0.391,0.043,0.133,0.567,0.1,0.274,-2.586e-4,0,0.008,0.71,0.702,1.284e-4,997.724,0.001,339.867,0.311,6.4,32.17
2.21,0.359,2783.29,597.111,0.279,0.003,62.414,44.932,116.987,0.567,0.391,0.043,0.133,0.567,0.09,0.246,2.032e-4,0,0.008,0.71,0.702,1.873e-4,997.622,0.001,339.864,0.311,6.4,32.17
2.218,0.313,2782.711,596.531,0.279,0.003,62.432,44.925,116.631,0.567,0.391,0.044,0.133,0.567,0.078,0.215,2.252e-4,0,0.008,0.71,0.702,2.491e-4,997.519,0.001,339.861,0.312,6.4,32.17
2.227,0.261,2782.128,595.948,0.279,0.003,62.453,44.918,116.273,0.567,0.391,0.044,0.133,0.568,0.065,0.179,-2.872e-4,0,0.008,0.71,0.702,3.089e-4,997.415,0.001,339.857,0.313,6.4,32.17
2.235,0.204,2781.542,595.362,0.279,0.003,62.475,44.911,115.912,0.568,0.391,0.044,0.133,0.568,0.051,0.14,3.663e-4,0,0.008,0.71,0.702,3.616e-4,997.31,0.001,339.854,0.313,6.4,32.17
2.244,0.144,2780.953,594.773,0.279,0.003,62.499,44.904,115.55,0.568,0.391,0.044,0.133,0.568,0.036,0.098,3.533e-4,0,0.008,0.71,0.702,4.012e-4,997.205,0.001,339.85,0.314,6.4,32.17
2.252,0.078,2780.36,594.18,0.279,0.003,62.525,44.897,115.186,0.568,0.391,0.044,0.133,0.568,0.019,0.054,8.705e-5,0,0.007,0.71,0.702,4.17e-4,997.098,0.001,339.846,0.315,6.4,32.17
2.261,0.002,2779.764,593.584,0.279,0.003,62.551,44.889,114.82,0.568,0.391,0.044,0.133,0.568,5.014e-4,0.001,1.653e-4,0,0.007,0.71,0.703,6.616e-5,996.991,0.001,339.843,0.315,6.4,32.17
2.269,0.074,2779.166,592.986,0.279,0.003,62.527,44.882,114.452,0.568,0.391,0.044,0.133,0.568,0.018,0.051,-2.332e-4,0,0.007,0.71,0.703,-3.963e-4,996.884,0.001,339.839,0.316,6.4,32.17
2.278,0.145,2778.565,592.385,0.279,0.003,62.499,44.875,114.083,0.568,0.391,0.045,0.133,0.569,0.036,0.1,5.881e-5,0,0.007,0.71,0.703,-3.526e-4,996.775,0.001,339.836,0.317,6.4,32.17
2.286,0.211,2777.962,591.782,0.279,0.003,62.473,44.868,113.712,0.569,0.391,0.045,0.133,0.569,0.053,0.145,4.15e-4,0,0.007,0.71,0.703,-2.958e-4,996.666,0.001,339.832,0.317,6.4,32.17
2.295,0.27,2777.355,591.175,0.278,0.003,62.45,44.861,113.339,0.569,0.391,0.045,0.133,0.569,0.068,0.186,4.955e-4,0,0.007,0.71,0.703,-2.305e-4,996.556,0.001,339.828,0.318,6.4,32.17
2.304,0.32,2776.746,590.566,0.278,0.003,62.431,44.853,112.965,0.569,0.391,0.045,0.133,0.569,0.08,0.221,4.884e-4,0,0.007,0.71,0.703,-1.645e-4,996.445,0.001,339.825,0.319,6.4,32.17
2.313,0.36,2776.132,589.953,0.278,0.003,62.415,44.846,112.588,0.569,0.391,0.045,0.133,0.569,0.09,0.249,6.584e-5,0,0.007,0.71,0.703,-1.042e-4,996.334,0.001,339.821,0.319,6.4,32.17
2.322,0.39,2775.516,589.336,0.278,0.003,62.404,44.838,112.209,0.569,0.391,0.045,0.133,0.57,0.098,0.269,-1.473e-4,0,0.007,0.71,0.703,-5.354e-5,996.221,0.001,339.817,0.32,6.4,32.17
2.331,0.409,2774.895,588.715,0.278,0.003,62.397,44.831,111.827,0.57,0.391,0.045,0.133,0.57,0.103,0.283,4.609e-4,0,0.007,0.71,0.703,-1.784e-5,996.108,0.001,339.813,0.321,6.4,32.17
2.339,0.418,2774.27,588.09,0.278,0.003,62.394,44.823,111.443,0.57,0.391,0.046,0.133,0.57,0.105,0.289,3.89e-4,0,0.007,0.71,0.704,-1.009e-6,995.993,0.001,339.809,0.321,6.4,32.17
2.349,0.414,2773.642,587.462,0.278,0.003,62.396,44.816,111.057,0.57,0.391,0.046,0.133,0.57,0.104,0.286,3.381e-4,0,0.007,0.71,0.704,5.126e-6,995.878,0.001,339.805,0.322,6.4,32.17
2.358,0.399,2772.981,586.801,0.278,0.003,62.402,44.808,110.651,0.57,0.391,0.046,0.134,0.57,0.1,0.276,-2.551e-4,0,0.007,0.71,0.704,3.286e-5,995.756,0.001,339.801,0.323,6.4,32.17
2.367,0.372,2772.505,586.325,0.278,0.003,62.413,44.802,110.326,0.57,0.391,0.046,0.134,0.571,0.094,0.258,-4.176e-4,0,0.007,0.71,0.704,8.016e-5,995.639,0.001,339.797,0.324,6.4,32.17
2.376,0.334,2772.026,585.846,0.278,0.003,62.429,44.796,109.999,0.57,0.391,0.046,0.134,0.571,0.084,0.231,-2.704e-4,0,0.006,0.711,0.704,1.432e-4,995.521,0.001,339.793,0.324,6.4,32.17
2.386,0.286,2771.544,585.364,0.278,0.003,62.449,44.791,109.67,0.571,0.391,0.046,0.134,0.571,0.072,0.197,4.607e-4,0,0.006,0.711,0.704,2.158e-4,995.401,0.001,339.789,0.325,6.4,32.17
2.395,0.228,2771.059,584.879,0.278,0.003,62.473,44.785,109.34,0.571,0.391,0.046,0.134,0.571,0.057,0.158,-1.46e-4,0,0.006,0.711,0.704,2.908e-4,995.281,0.001,339.785,0.326,6.4,32.17
2.404,0.164,2770.57,584.39,0.278,0.003,62.499,44.779,109.007,0.571,0.391,0.047,0.134,0.571,0.041,0.113,1.724e-4,0,0.006,0.711,0.704,3.517e-4,995.159,0.001,339.781,0.326,6.4,32.17
2.414,0.096,2770.079,583.899,0.278,0.003,62.527,44.773,108.671,0.571,0.391,0.047,0.134,0.571,0.024,0.066,-4.848e-4,0,0.006,0.711,0.705,3.867e-4,995.037,0.001,339.777,0.327,6.4,32.17
2.423,0.026,2769.583,583.403,0.278,0.003,62.554,44.767,108.333,0.571,0.391,0.047,0.134,0.571,0.007,0.017,2.93e-4,0,0.006,0.711,0.705,3.682e-4,994.913,0.001,339.773,0.328,6.4,32.17
2.433,0.047,2769.083,582.903,0.277,0.003,62.55,44.761,107.992,0.572,0.391,0.047,0.134,0.572,0.012,0.033,3.255e-4,0,0.006,0.711,0.705,-3.986e-4,994.788,0.001,339.769,0.328,6.4,32.17
2.443,0.116,2768.579,582.399,0.277,0.003,62.523,44.755,107.648,0.572,0.391,0.047,0.134,0.572,0.029,0.081,-3.867e-4,0,0.006,0.711,0.705,-3.805e-4,994.662,0.001,339.765,0.329,6.4,32.17
2.452,0.182,2768.072,581.892,0.277,0.003,62.498,44.749,107.302,0.572,0.391,0.047,0.134,0.572,0.046,0.127,8.568e-5,0,0.006,0.711,0.705,-3.367e-4,994.534,0.001,339.76,0.33,6.4,32.17
2.462,0.243,2767.56,581.38,0.277,0.003,62.476,44.743,106.953,0.572,0.391,0.047,0.134,0.572,0.061,0.169,-1.276e-4,0,0.006,0.711,0.705,-2.771e-4,994.405,0.001,339.756,0.33,6.4,32.17
2.472,0.296,2767.045,580.865,0.277,0.003,62.456,44.736,106.602,0.572,0.391,0.047,0.134,0.572,0.074,0.206,-9.639e-5,0,0.006,0.711,0.705,-2.097e-4,994.275,0.001,339.752,0.331,6.4,32.17
2.482,0.34,2766.526,580.346,0.277,0.003,62.44,44.73,106.248,0.572,0.39,0.048,0.134,0.573,0.085,0.237,-1.143e-4,0,0.006,0.711,0.705,-1.417e-4,994.144,0.001,339.747,0.332,6.4,32.17
2.492,0.373,2766.003,579.823,0.277,0.003,62.427,44.724,105.891,0.573,0.39,0.048,0.134,0.573,0.094,0.26,-4.364e-5,0,0.006,0.711,0.705,-8.095e-5,994.012,0.001,339.743,0.333,6.4,32.17
2.502,0.396,2765.476,579.297,0.277,0.003,62.419,44.717,105.532,0.573,0.39,0.048,0.134,0.573,0.1,0.276,-4.327e-4,0,0.006,0.711,0.706,-3.422e-5,993.878,0.001,339.738,0.333,6.4,32.17
2.512,0.409,2764.946,578.766,0.277,0.003,62.415,44.711,105.17,0.573,0.39,0.048,0.135,0.573,0.103,0.285,3.976e-4,0,0.006,0.711,0.706,-6.6e-6,993.743,0.001,339.734,0.334,6.4,32.17
2.523,0.41,2764.412,578.232,0.277,0.003,62.415,44.704,104.806,0.573,0.39,0.048,0.135,0.573,0.103,0.285,3.467e-4,0,0.005,0.711,0.706,6.462e-7,993.607,0.001,339.729,0.335,6.4,32.17
2.533,0.398,2763.874,577.694,0.277,0.003,62.421,44.698,104.439,0.573,0.39,0.048,0.135,0.574,0.1,0.277,-9.086e-5,0,0.005,0.711,0.706,1.73e-5,993.469,0.001,339.725,0.335,6.4,32.17
2.543,0.373,2763.332,577.152,0.277,0.003,62.431,44.691,104.069,0.574,0.39,0.048,0.135,0.574,0.094,0.26,4.806e-4,0,0.005,0.711,0.706,5.455e-5,993.33,0.001,339.72,0.336,6.4,32.17
2.554,0.335,2762.786,576.606,0.277,0.003,62.446,44.685,103.697,0.574,0.39,0.049,0.135,0.574,0.084,0.233,3.972e-4,0,0.005,0.711,0.706,1.078e-4,993.19,0.001,339.715,0.337,6.4,32.17
2.564,0.284,2762.236,576.056,0.277,0.003,62.466,44.678,103.322,0.574,0.39,0.049,0.135,0.574,0.071,0.198,-2.417e-4,0,0.005,0.711,0.706,1.695e-4,993.049,0.001,339.71,0.337,6.4,32.17
2.575,0.224,2761.682,575.502,0.277,0.003,62.49,44.671,102.944,0.574,0.39,0.049,0.135,0.574,0.056,0.156,3.331e-4,0,0.005,0.712,0.706,2.302e-4,992.906,0.001,339.706,0.338,6.4,32.17
2.586,0.156,2761.123,574.943,0.277,0.003,62.517,44.665,102.563,0.574,0.39,0.049,0.135,0.574,0.039,0.109,1.029e-4,0,0.005,0.712,0.706,2.8e-4,992.762,0.001,339.701,0.339,6.4,32.17
2.597,0.085,2760.56,574.38,0.276,0.003,62.546,44.658,102.179,0.575,0.39,0.049,0.135,0.575,0.021,0.059,2.386e-4,0,0.005,0.712,0.707,3.038e-4,992.616,0.001,339.696,0.34,6.4,32.17
2.608,0.021,2759.993,573.813,0.276,0.003,62.573,44.651,101.791,0.575,0.39,0.049,0.135,0.575,0.005,0.015,-4.344e-4,0,0.005,0.712,0.707,7.058e-5,992.469,0.001,339.691,0.34,6.4,32.17
2.619,0.065,2759.421,573.241,0.276,0.003,62.551,44.644,101.401,0.575,0.39,0.05,0.135,0.575,0.016,0.046,-1.845e-4,0,0.005,0.712,0.707,-2.977e-4,992.321,0.001,339.686,0.341,6.4,32.17
2.63,0.133,2758.844,572.665,0.276,0.003,62.525,44.637,101.008,0.575,0.39,0.05,0.135,0.575,0.033,0.093,2.16e-4,0,0.005,0.712,0.707,-2.853e-4,992.171,0.001,339.681,0.342,6.4,32.17
2.641,0.196,2758.263,572.084,0.276,0.003,62.501,44.63,100.612,0.575,0.39,0.05,0.135,0.575,0.049,0.138,2.202e-4,0,0.005,0.712,0.707,-2.384e-4,992.019,0.001,339.676,0.342,6.4,32.17
2.652,0.25,2757.678,571.498,0.276,0.003,62.48,44.623,100.212,0.575,0.39,0.05,0.135,0.576,0.063,0.176,4.254e-4,0,0.005,0.712,0.707,-1.793e-4,991.866,0.001,339.671,0.343,6.4,32.17
2.663,0.29,2757.087,570.908,0.276,0.003,62.465,44.615,99.81,0.576,0.39,0.05,0.135,0.576,0.073,0.203,-1.766e-5,0,0.005,0.712,0.707,-1.215e-4,991.711,0.001,339.666,0.344,6.4,32.17
2.675,0.319,2756.493,570.313,0.276,0.003,62.454,44.608,99.404,0.576,0.39,0.05,0.135,0.576,0.08,0.223,4.604e-5,0,0.005,0.712,0.707,-6.933e-5,991.555,0.001,339.66,0.345,6.4,32.17
2.686,0.337,2755.894,569.714,0.276,0.003,62.448,44.601,98.996,0.576,0.39,0.05,0.135,0.576,0.085,0.236,6.842e-5,0,0.005,0.712,0.707,-2.919e-5,991.398,0.001,339.655,0.345,6.4,32.17
2.698,0.343,2755.29,569.111,0.276,0.003,62.446,44.594,98.584,0.576,0.39,0.051,0.136,0.576,0.086,0.241,-1.595e-5,0,0.005,0.712,0.708,-5.555e-6,991.239,0.001,339.65,0.346,6.4,32.17
2.71,0.337,2754.682,568.502,0.276,0.003,62.449,44.586,98.169,0.576,0.39,0.051,0.136,0.577,0.085,0.237,-4.105e-4,0,0.004,0.712,0.708,3.218e-7,991.078,0.001,339.644,0.347,6.4,32.17
2.721,0.321,2754.069,567.889,0.276,0.003,62.456,44.579,97.751,0.577,0.39,0.051,0.136,0.577,0.081,0.226,-3.33e-4,0,0.004,0.712,0.708,1.116e-5,990.916,0.001,339.639,0.347,6.4,32.17
2.733,0.297,2753.451,567.271,0.276,0.003,62.466,44.571,97.329,0.577,0.39,0.051,0.136,0.577,0.075,0.209,-3.463e-4,0,0.004,0.712,0.708,3.469e-5,990.752,0.001,339.633,0.348,6.4,32.17
2.745,0.265,2752.828,566.648,0.276,0.003,62.479,44.564,96.904,0.577,0.39,0.051,0.136,0.577,0.067,0.187,-9.368e-5,0,0.004,0.712,0.708,6.586e-5,990.587,0.001,339.628,0.349,6.4,32.17
2.757,0.216,2752.2,566.02,0.276,0.003,62.499,44.556,96.476,0.577,0.39,0.051,0.136,0.577,0.054,0.152,-1.367e-4,0,0.004,0.712,0.708,1.082e-4,990.419,0.001,339.622,0.35,6.4,32.17
2.769,0.149,2751.563,565.384,0.275,0.003,62.526,44.548,96.042,0.577,0.39,0.051,0.136,0.577,0.037,0.104,-3.461e-4,0,0.004,0.712,0.708,1.505e-4,990.25,0.001,339.616,0.35,6.4,32.17
2.782,0.075,2750.918,564.738,0.275,0.003,62.556,44.54,95.601,0.578,0.39,0.052,0.136,0.578,0.019,0.053,-4.397e-5,0,0.004,0.712,0.708,1.566e-4,990.077,0.001,339.611,0.351,6.4,32.17
2.794,0.031,2750.264,564.084,0.275,0.003,62.58,44.532,95.155,0.578,0.39,0.052,0.136,0.578,0.008,0.022,1.533e-4,0,0.004,0.713,0.709,-4.744e-5,989.902,0.001,339.605,0.352,6.4,32.17
2.807,0.089,2749.602,563.422,0.275,0.003,62.557,44.524,94.704,0.578,0.39,0.052,0.136,0.578,0.022,0.063,9.14e-5,0,0.004,0.713,0.709,-1.685e-4,989.724,0.001,339.599,0.352,6.4,32.17
2.82,0.14,2748.934,562.754,0.275,0.003,62.538,44.516,94.248,0.578,0.39,0.052,0.136,0.578,0.035,0.099,-1.41e-5,0,0.004,0.713,0.709,-1.365e-4,989.545,0.001,339.593,0.353,6.4,32.17
2.833,0.18,2748.261,562.081,0.275,0.003,62.523,44.508,93.789,0.578,0.39,0.052,0.136,0.579,0.045,0.127,2.81e-4,0,0.004,0.713,0.709,-9.538e-5,989.364,0.001,339.587,0.354,6.4,32.17
2.846,0.206,2747.583,561.403,0.275,0.003,62.514,44.499,93.327,0.579,0.39,0.052,0.136,0.579,0.052,0.145,-4.891e-4,0,0.004,0.713,0.709,-5.623e-5,989.181,0.001,339.581,0.354,6.4,32.17
2.859,0.229,2746.899,560.719,0.275,0.003,62.505,44.491,92.86,0.579,0.39,0.053,0.136,0.579,0.058,0.162,4.638e-4,0,0.004,0.713,0.709,-2.691e-5,988.996,0.001,339.574,0.355,6.4,32.17
2.872,0.243,2746.207,560.027,0.275,0.003,62.501,44.482,92.388,0.579,0.39,0.053,0.136,0.579,0.061,0.172,2.002e-4,0,0.004,0.713,0.709,-7.022e-6,988.808,0.001,339.568,0.356,6.4,32.17
2.886,0.243,2745.506,559.326,0.275,0.003,62.502,44.474,91.91,0.579,0.39,0.053,0.137,0.579,0.061,0.172,-2.745e-4,0,0.004,0.713,0.709,0,988.618,0.001,339.562,0.357,6.4,32.17
2.899,0.228,2744.796,558.616,0.275,0.003,62.509,44.465,91.425,0.58,0.39,0.053,0.137,0.58,0.057,0.161,3.681e-4,0,0.004,0.713,0.709,6.316e-6,988.425,0.001,339.555,0.357,6.4,32.17
2.913,0.195,2744.077,557.897,0.275,0.003,62.522,44.456,90.935,0.58,0.39,0.053,0.137,0.58,0.049,0.138,1.632e-4,0,0.004,0.713,0.71,2.006e-5,988.229,0.001,339.549,0.358,6.4,32.17
2.927,0.156,2743.349,557.17,0.274,0.003,62.538,44.447,90.439,0.58,0.39,0.053,0.137,0.58,0.039,0.11,-2.052e-4,0,0.003,0.713,0.71,2.941e-5,988.03,0.001,339.542,0.359,6.4,32.17
2.941,0.118,2742.614,556.434,0.274,0.003,62.553,44.438,89.937,0.58,0.39,0.054,0.137,0.58,0.03,0.084,-1.063e-4,0,0.003,0.713,0.71,1.949e-5,987.829,0.001,339.535,0.359,6.4,32.17
2.956,0.098,2741.869,555.689,0.274,0.003,62.559,44.429,89.429,0.58,0.39,0.054,0.137,0.58,0.025,0.07,-2.547e-4,0,0.003,0.713,0.71,8.528e-7,987.624,0.001,339.528,0.36,6.4,32.17
2.97,0.099,2741.114,554.934,0.274,0.003,62.557,44.42,88.914,0.581,0.39,0.054,0.137,0.581,0.025,0.071,-2.934e-4,0,0.003,0.713,0.71,-1.005e-5,987.417,0.001,339.521,0.361,6.4,32.17
2.985,0.12,2740.347,554.167,0.274,0.003,62.549,44.41,88.391,0.581,0.39,0.054,0.137,0.581,0.03,0.086,-1.179e-4,0,0.003,0.713,0.71,-3.071e-5,987.206,0.001,339.514,0.362,6.4,32.17
3,0.15,2739.568,553.389,0.274,0.003,62.538,44.401,87.86,0.581,0.39,0.054,0.137,0.581,0.038,0.107,-1.375e-4,0,0.003,0.713,0.71,-3.265e-5,986.991,0.001,339.507,0.362,6.4,32.17
3.015,0.192,2738.778,552.598,0.274,0.003,62.522,44.391,87.321,0.581,0.39,0.055,0.137,0.581,0.048,0.137,-4.272e-4,0,0.003,0.713,0.71,-1.207e-5,986.773,0.001,339.5,0.363,6.4,32.17
3.03,0.213,2737.981,551.801,0.274,0.003,62.515,44.381,86.777,0.582,0.39,0.055,0.137,0.582,0.053,0.152,-4.65e-4,0,0.003,0.713,0.71,-1.867e-7,986.552,0.001,339.492,0.364,6.4,32.17
3.046,0.21,2737.176,550.996,0.274,0.003,62.517,44.371,86.228,0.582,0.39,0.055,0.137,0.582,0.053,0.15,9.222e-5,0,0.003,0.714,0.711,8.464e-6,986.329,0.001,339.485,0.365,6.4,32.17
3.062,0.181,2736.361,550.181,0.274,0.003,62.529,44.361,85.672,0.582,0.39,0.055,0.137,0.582,0.046,0.129,3.978e-4,0,0.003,0.714,0.711,2.672e-5,986.102,0.001,339.477,0.365,6.4,32.17
3.077,0.142,2735.531,549.351,0.274,0.003,62.545,44.351,85.106,0.582,0.39,0.055,0.137,0.582,0.036,0.102,2.188e-4,0,0.003,0.714,0.711,3.681e-5,985.871,0.001,339.469,0.366,6.4,32.17
3.094,0.106,2734.685,548.505,0.273,0.003,62.56,44.34,84.529,0.582,0.39,0.055,0.137,0.582,0.026,0.075,-1.445e-4,0,0.003,0.714,0.711,2.17e-5,985.635,0.001,339.461,0.367,6.4,32.17
3.11,0.08,2733.822,547.642,0.273,0.003,62.574,44.33,83.94,0.583,0.39,0.056,0.138,0.583,0.02,0.058,-2.739e-4,0,0.003,0.714,0.711,-7.377e-7,985.394,0.001,339.453,0.367,6.4,32.17
3.127,0.099,2732.947,546.767,0.273,0.003,62.57,44.319,83.343,0.583,0.389,0.056,0.138,0.583,0.025,0.071,4.201e-4,0,0.003,0.714,0.711,-5.421e-5,985.148,0.001,339.445,0.368,6.4,32.17
3.144,0.151,2732.059,545.879,0.273,0.003,62.551,44.308,82.737,0.583,0.389,0.056,0.138,0.583,0.038,0.108,2.68e-4,0,0.003,0.714,0.711,-6.323e-5,984.899,0.001,339.437,0.369,6.4,32.17
3.161,0.196,2731.157,544.977,0.273,0.003,62.534,44.297,82.122,0.583,0.389,0.056,0.138,0.583,0.049,0.14,-2.69e-4,0,0.003,0.714,0.711,-3.24e-5,984.646,0.001,339.428,0.37,6.4,32.17
3.179,0.218,2730.236,544.056,0.273,0.003,62.526,44.285,81.494,0.584,0.389,0.056,0.138,0.584,0.055,0.156,1.592e-4,0,0.003,0.714,0.711,-6.16e-6,984.386,0.001,339.42,0.37,6.4,32.17
3.197,0.215,2729.296,543.116,0.273,0.003,62.528,44.273,80.853,0.584,0.389,0.056,0.138,0.584,0.054,0.154,-2.797e-4,0,0.002,0.714,0.712,8.908e-7,984.121,0.001,339.411,0.371,6.4,32.17
3.216,0.203,2728.334,542.155,0.273,0.003,62.533,44.262,80.197,0.584,0.389,0.057,0.138,0.584,0.051,0.146,-4.503e-4,0,0.002,0.714,0.712,1.642e-5,983.849,0.001,339.401,0.372,6.4,32.17
3.234,0.172,2727.358,541.178,0.273,0.003,62.546,44.249,79.531,0.584,0.389,0.057,0.138,0.584,0.043,0.124,4.218e-4,0,0.002,0.714,0.712,4.778e-5,983.572,0.001,339.392,0.373,6.4,32.17
3.254,0.119,2726.365,540.185,0.272,0.003,62.568,44.237,78.853,0.584,0.389,0.057,0.138,0.584,0.03,0.086,4.943e-4,0,0.002,0.714,0.712,7.96e-5,983.29,0.001,339.383,0.373,6.4,32.17
3.273,0.053,2725.351,539.171,0.272,0.003,62.594,44.224,78.162,0.585,0.389,0.057,0.138,0.585,0.013,0.038,-7.445e-5,0,0.002,0.714,0.712,3.049e-5,983.002,0.001,339.373,0.374,6.4,32.17
3.293,0.074,2724.311,538.132,0.272,0.003,62.581,44.211,77.453,0.585,0.389,0.057,0.138,0.585,0.019,0.053,4.162e-4,0,0.002,0.714,0.712,-7.17e-5,982.705,0.001,339.363,0.375,6.4,32.17
3.313,0.147,2723.246,537.066,0.272,0.003,62.553,44.198,76.726,0.585,0.389,0.058,0.138,0.585,0.037,0.106,-2.403e-5,0,0.002,0.714,0.712,-6.66e-5,982.401,0.001,339.353,0.375,6.4,32.17
3.321,0.171,2722.854,536.674,0.272,0.003,62.544,44.193,76.459,0.585,0.389,0.058,0.138,0.585,0.043,0.123,4.654e-4,0,0.002,0.714,0.712,-5.157e-5,982.289,0.001,339.349,0.376,6.4,32.17
3.332,0.198,2722.44,536.26,0.272,0.003,62.534,44.188,76.155,0.585,0.389,0.058,0.138,0.585,0.05,0.143,-2.848e-4,0,0.002,0.714,0.712,-2.839e-5,982.121,0.001,339.343,0.376,6.4,32.17
3.349,0.22,2721.819,535.639,0.272,0.003,62.525,44.18,75.698,0.585,0.389,0.058,0.138,0.586,0.055,0.158,2.714e-4,0,0.002,0.715,0.713,-4.219e-6,981.869,0.001,339.335,0.377,6.4,32.17
3.371,0.209,2721.01,534.83,0.272,0.003,62.531,44.17,75.104,0.586,0.389,0.058,0.139,0.586,0.052,0.151,7.037e-5,0,0.002,0.715,0.713,3.657e-6,981.54,0.001,339.324,0.377,6.4,32.17
3.394,0.166,2720.185,534.005,0.272,0.003,62.548,44.16,74.497,0.586,0.389,0.058,0.139,0.586,0.042,0.12,-4.093e-4,0,0.002,0.715,0.713,2.537e-5,981.204,0.001,339.313,0.378,6.4,32.17
3.417,0.117,2719.341,533.161,0.272,0.003,62.569,44.149,73.876,0.586,0.389,0.058,0.139,0.586,0.029,0.085,2.862e-4,0,0.002,0.715,0.713,2.822e-5,980.859,0.001,339.301,0.379,6.4,32.17
3.44,0.099,2718.481,532.301,0.271,0.003,62.58,44.139,73.244,0.586,0.389,0.059,0.139,0.586,0.025,0.071,3.486e-4,0,0.002,0.715,0.713,2.321e-6,980.507,0.001,339.289,0.38,6.4,32.17
3.464,0.113,2717.603,531.423,0.271,0.003,62.577,44.128,72.599,0.587,0.389,0.059,0.139,0.587,0.028,0.082,1.014e-4,0,0.002,0.715,0.713,-3.355e-6,980.147,0.001,339.277,0.38,6.4,32.17
3.488,0.133,2716.703,530.523,0.271,0.003,62.571,44.116,71.937,0.587,0.389,0.059,0.139,0.587,0.033,0.096,-4.241e-4,0,0.002,0.715,0.713,-5.714e-6,979.778,0.001,339.265,0.381,6.4,32.17
3.514,0.149,2715.778,529.598,0.271,0.003,62.565,44.105,71.257,0.587,0.389,0.059,0.139,0.587,0.037,0.108,6.97e-5,0,0.002,0.715,0.713,-3.7e-6,979.397,0.001,339.252,0.382,6.4,32.17
3.54,0.159,2714.82,528.64,0.271,0.003,62.562,44.093,70.553,0.587,0.389,0.059,0.139,0.587,0.04,0.115,-2.607e-4,0,0.002,0.715,0.713,-1.459e-7,979.002,0.001,339.239,0.383,6.4,32.17
3.567,0.138,2713.828,527.648,0.271,0.003,62.57,44.08,69.824,0.588,0.389,0.059,0.139,0.588,0.035,0.101,-4.741e-4,0,0.002,0.715,0.714,1.446e-8,978.593,0.001,339.225,0.383,6.4,32.17
3.594,0.142,2712.81,526.63,0.271,0.003,62.566,44.067,69.075,0.588,0.389,0.06,0.139,0.588,0.036,0.103,-3.249e-5,0,0.002,0.715,0.714,-2.653e-6,978.171,0.001,339.211,0.384,6.4,32.17
3.623,0.156,2711.765,525.585,0.271,0.003,62.56,44.054,68.307,0.588,0.389,0.06,0.139,0.588,0.039,0.114,-3.04e-4,0,0.001,0.715,0.714,-1.712e-7,977.738,0.001,339.196,0.385,6.4,32.17
3.653,0.146,2710.676,524.496,0.271,0.003,62.564,44.04,67.507,0.588,0.389,0.06,0.139,0.588,0.037,0.106,-3.29e-4,0,0.001,0.715,0.714,2.271e-6,977.286,0.001,339.181,0.385,6.4,32.17
3.684,0.119,2709.538,523.358,0.27,0.003,62.576,44.026,66.671,0.589,0.389,0.06,0.139,0.589,0.03,0.087,4.518e-4,0,0.001,0.715,0.714,1.468e-6,976.813,0.001,339.165,0.386,6.4,32.17
3.716,0.12,2708.344,522.164,0.27,0.003,62.579,44.011,65.793,0.589,0.389,0.06,0.139,0.589,0.03,0.087,5.654e-5,0,0.001,0.715,0.714,-1.239e-6,976.315,0.001,339.148,0.387,6.4,32.17
3.75,0.141,2707.089,520.909,0.27,0.003,62.573,43.995,64.871,0.589,0.389,0.061,0.14,0.589,0.035,0.102,2.108e-4,0,0.001,0.715,0.714,-4.158e-7,975.791,0.001,339.131,0.388,6.4,32.17
3.786,0.131,2705.767,519.587,0.27,0.003,62.58,43.978,63.899,0.589,0.389,0.061,0.14,0.589,0.033,0.095,3.623e-5,0,0.001,0.716,0.714,-6.773e-7,975.238,0.001,339.112,0.388,6.4,32.17
3.824,0.126,2704.391,518.211,0.27,0.003,62.583,43.961,62.887,0.589,0.389,0.061,0.14,0.59,0.032,0.093,4.793e-4,0,0.001,0.716,0.715,0,974.661,0.001,339.093,0.389,6.4,32.17
3.864,0.114,2702.919,516.739,0.27,0.003,62.586,43.942,61.805,0.59,0.389,0.061,0.14,0.59,0.029,0.083,3.132e-5,0,9.756e-4,0.716,0.715,-3.387e-7,974.043,0.001,339.072,0.39,6.4,32.17
3.907,0.118,2701.336,515.156,0.269,0.003,62.583,43.922,60.642,0.59,0.389,0.061,0.14,0.59,0.03,0.086,-4.588e-4,0,9.07e-4,0.716,0.715,1.078e-8,973.378,0.001,339.05,0.391,6.4,32.17
3.953,0.075,2699.639,513.459,0.269,0.003,62.599,43.901,59.394,0.59,0.389,0.061,0.14,0.59,0.019,0.056,1.702e-4,0,8.441e-4,0.716,0.715,-3.083e-6,972.663,0.001,339.026,0.391,6.4,32.17
4.002,0.13,2697.855,511.675,0.269,0.003,62.58,43.878,58.083,0.59,0.389,0.062,0.14,0.59,0.033,0.096,-2.09e-4,0,7.542e-4,0.716,0.715,-7.068e-6,971.909,0.001,339,0.392,6.4,32.17
4.05,0.132,2696.073,509.893,0.269,0.003,62.579,43.855,56.773,0.591,0.389,0.062,0.14,0.591,0.033,0.097,3.811e-4,0,6.683e-4,0.716,0.715,5.563e-6,971.156,0.001,338.975,0.393,6.4,32.17
4.095,0.096,2694.427,508.247,0.269,0.003,62.593,43.834,55.563,0.591,0.389,0.062,0.14,0.591,0.024,0.07,2.111e-4,0,6.23e-4,0.716,0.715,5.297e-5,970.459,0.001,338.952,0.393,6.4,32.17
4.143,0.076,2693.181,507.001,0.268,0.003,62.603,43.819,54.475,0.591,0.389,0.062,0.14,0.591,0.019,0.056,-1.205e-4,0,5.282e-4,0.716,0.715,-6.396e-5,969.706,0.001,338.926,0.394,6.4,32.17
4.192,0.176,2691.935,505.756,0.268,0.003,62.566,43.803,53.389,0.591,0.389,0.062,0.14,0.591,0.044,0.13,4.937e-4,0,4.487e-4,0.716,0.716,-3.708e-6,968.953,0.001,338.901,0.394,6.4,32.17
4.24,0.147,2690.692,504.512,0.268,0.003,62.578,43.787,52.304,0.591,0.389,0.062,0.14,0.591,0.037,0.108,-4.506e-4,0,4.093e-4,0.716,0.716,1.531e-5,968.2,0.001,338.876,0.395,6.4,32.17
4.288,0.037,2689.449,503.269,0.268,0.003,62.618,43.771,51.22,0.591,0.389,0.062,0.14,0.591,0.009,0.027,3.074e-4,0,3.163e-4,0.716,0.716,-5.031e-7,967.447,0.001,338.851,0.395,6.4,32.17
4.336,0.163,2688.207,502.027,0.268,0.003,62.572,43.755,50.136,0.591,0.389,0.062,0.14,0.591,0.041,0.12,-2.798e-4,0,2.35e-4,0.716,0.716,-1.218e-5,966.694,0.001,338.825,0.395,6.4,32.17
4.385,0.162,2686.966,500.786,0.268,0.003,62.57,43.739,49.053,0.591,0.389,0.062,0.14,0.591,0.041,0.12,2.082e-4,0,1.677e-4,0.716,0.716,2.499e-5,965.941,0.001,338.8,0.395,6.4,32.17
4.433,0.029,2685.725,499.545,0.267,0.003,62.626,43.723,47.971,0.591,0.389,0.063,0.14,0.592,0.007,0.022,-1.63e-4,0,1.287e-4,0.716,0.716,-4.103e-5,965.188,0.001,338.775,0.395,6.4,32.17
4.481,0.165,2684.485,498.305,0.267,0.003,62.571,43.707,46.889,0.592,0.389,0.063,0.14,0.592,0.041,0.122,-3.046e-4,0,5.596e-5,0.716,0.716,-1.59e-5,964.436,0.001,338.749,0.395,6.4,32.17
4.529,0.155,2683.245,497.065,0.267,0.003,62.578,43.691,45.807,0.592,0.389,0.063,0.14,0.592,0.039,0.115,-4.736e-4,0,1.239e-5,0.716,0.716,2.095e-5,963.683,0.001,338.724,0.395,6.4,32.17
4.577,0.022,2682.005,495.825,0.267,0.003,62.629,43.675,44.725,0.592,0.389,0.063,0.14,0.592,0.006,0.017,-8.896e-5,0,-4.184e-5,0.716,0.716,-2.839e-5,962.93,0.001,338.699,0.395,6.4,32.17
4.625,0.187,2680.765,494.585,0.267,0.003,62.563,43.659,43.643,0.592,0.389,0.063,0.14,0.592,0.047,0.138,-4.442e-4,0,-9.953e-5,0.716,0.716,-2.058e-5,962.178,0.001,338.674,0.395,6.4,32.17
4.673,0.19,2679.524,493.345,0.267,0.003,62.558,43.643,42.561,0.591,0.389,0.062,0.14,0.592,0.048,0.141,4.851e-4,0,-1.713e-4,0.716,0.716,2.041e-5,961.426,0.001,338.648,0.395,6.4,32.17
4.722,0.036,2678.284,492.104,0.267,0.003,62.624,43.627,41.478,0.591,0.389,0.062,0.14,0.591,0.009,0.027,1.884e-4,0,-2.558e-4,0.716,0.716,-8.147e-7,960.674,0.001,338.623,0.395,6.4,32.17
4.77,0.157,2677.043,490.863,0.266,0.003,62.573,43.611,40.396,0.591,0.389,0.062,0.14,0.591,0.039,0.117,2.451e-5,0,-2.98e-4,0.716,0.716,-2.061e-5,959.922,0.001,338.598,0.395,6.4,32.17
4.818,0.146,2675.801,489.621,0.266,0.003,62.58,43.595,39.312,0.591,0.389,0.062,0.14,0.591,0.037,0.109,4.317e-4,0,-3.432e-4,0.716,0.716,4.513e-6,959.17,0.001,338.573,0.395,6.4,32.17
4.866,0.042,2674.559,488.379,0.266,0.003,62.621,43.579,38.228,0.591,0.389,0.062,0.14,0.591,0.011,0.031,-2.533e-4,0,-4.069e-4,0.716,0.716,3.578e-5,958.419,0.001,338.547,0.394,6.4,32.17
4.914,0.069,2673.315,487.135,0.266,0.003,62.607,43.563,37.143,0.591,0.389,0.062,0.14,0.591,0.017,0.051,-3.189e-4,0,-4.664e-4,0.716,0.716,-1.519e-5,957.668,0.001,338.522,0.394,6.4,32.17
4.919,0.074,2673.199,487.019,0.266,0.003,62.605,43.562,37.042,0.591,0.389,0.062,0.14,0.591,0.019,0.055,-2.42e-4,0,-4.717e-4,0.716,0.716,-1.299e-5,957.598,0.001,338.52,0.394,6.4,32.17
4.926,0.08,2673.089,486.909,0.266,0.003,62.602,43.56,36.939,0.591,0.389,0.062,0.14,0.591,0.02,0.06,2.58e-4,0,-4.794e-4,0.716,0.716,-9.696e-6,957.492,0.001,338.516,0.394,6.4,32.17
4.936,0.086,2672.924,486.745,0.266,0.003,62.6,43.558,36.784,0.591,0.389,0.062,0.14,0.591,0.022,0.065,4.765e-4,0,-4.903e-4,0.716,0.716,-5.375e-6,957.335,0.001,338.511,0.394,6.4,32.17
4.951,0.087,2672.677,486.497,0.266,0.003,62.599,43.555,36.551,0.591,0.389,0.062,0.14,0.591,0.022,0.065,3.422e-4,0,-5.068e-4,0.716,0.716,-1.432e-6,957.098,0.001,338.503,0.393,6.4,32.17
4.974,0.093,2672.307,486.127,0.266,0.003,62.597,43.55,36.202,0.591,0.389,0.062,0.14,0.591,0.023,0.069,-3.012e-4,0,-5.45e-4,0.716,0.717,7.352e-8,956.744,0.001,338.491,0.393,6.4,32.17
5.008,0.068,2671.751,485.571,0.266,0.003,62.607,43.543,35.679,0.591,0.389,0.062,0.14,0.591,0.017,0.051,-2.011e-4,0,-5.819e-4,0.716,0.717,3.448e-6,956.213,0.001,338.473,0.393,6.4,32.17
5.057,0.081,2670.964,484.784,0.266,0.003,62.603,43.533,34.939,0.591,0.389,0.062,0.14,0.591,0.02,0.061,-1.873e-4,0,-6.128e-4,0.716,0.717,-3.443e-6,955.463,0.001,338.448,0.392,6.4,32.17
5.105,0.108,2670.177,483.997,0.266,0.003,62.593,43.522,34.198,0.59,0.389,0.062,0.14,0.59,0.027,0.08,4.006e-4,0,-6.501e-4,0.716,0.716,5.981e-6,954.712,0.001,338.423,0.392,6.4,32.17
5.154,0.047,2669.388,483.208,0.265,0.003,62.612,43.512,33.456,0.59,0.389,0.061,0.14,0.59,0.012,0.036,-3.474e-4,0,-7.166e-4,0.716,0.717,3.913e-7,953.993,0.001,338.398,0.391,6.4,32.17
5.202,0.087,2668.598,482.419,0.265,0.003,62.594,43.502,32.713,0.59,0.389,0.061,0.14,0.59,0.022,0.065,-5.732e-5,0,-7.632e-4,0.716,0.716,-3.822e-6,953.279,0.001,338.373,0.391,6.4,32.17
5.251,0.128,2667.808,481.628,0.265,0.003,62.578,43.492,31.969,0.59,0.389,0.061,0.14,0.59,0.032,0.096,-4.988e-4,0,-7.731e-4,0.716,0.716,-7.031e-8,952.565,0.001,338.347,0.39,6.4,32.17
5.299,0.132,2667.016,480.836,0.265,0.003,62.575,43.481,31.224,0.59,0.389,0.061,0.14,0.59,0.033,0.099,-2.453e-4,0,-7.987e-4,0.716,0.716,3.212e-5,951.851,0.001,338.322,0.389,6.4,32.17
5.348,0.015,2666.223,480.043,0.265,0.003,62.625,43.471,30.478,0.589,0.389,0.061,0.14,0.589,0.004,0.011,-2.655e-4,0,-8.547e-4,0.716,0.716,-2.447e-6,951.138,0.001,338.297,0.388,6.4,32.17
5.397,0.15,2665.428,479.249,0.265,0.003,62.565,43.461,29.731,0.589,0.389,0.061,0.14,0.589,0.038,0.112,1.049e-4,0,-8.651e-4,0.715,0.716,-3.913e-5,950.425,0.001,338.272,0.388,6.4,32.17
5.446,0.213,2664.633,478.453,0.265,0.003,62.543,43.45,28.982,0.589,0.389,0.06,0.139,0.589,0.054,0.16,-3.883e-4,0,-9.327e-4,0.715,0.716,2.274e-7,949.712,0.001,338.247,0.387,6.4,32.17
5.493,0.122,2663.874,477.694,0.265,0.003,62.58,43.44,28.268,0.589,0.389,0.06,0.139,0.589,0.031,0.091,7.215e-7,0,-0.001,0.715,0.716,2.993e-5,949.034,0.001,338.223,0.386,6.4,32.17
5.536,0.074,2663.172,476.993,0.265,0.003,62.595,43.431,27.608,0.588,0.389,0.06,0.139,0.588,0.019,0.056,-2.901e-4,0,-0.001,0.715,0.716,-2.197e-5,948.408,0.001,338.201,0.385,6.4,32.17
5.578,0.126,2662.486,476.306,0.265,0.003,62.577,43.422,26.962,0.588,0.389,0.06,0.139,0.588,0.031,0.094,-1.178e-4,0,-0.001,0.715,0.716,-1.831e-5,947.797,0.001,338.179,0.385,6.4,32.17
5.62,0.111,2661.816,475.636,0.264,0.003,62.579,43.413,26.331,0.588,0.389,0.06,0.139,0.588,0.028,0.084,-4.97e-4,0,-0.001,0.715,0.716,1.325e-8,947.202,0.001,338.158,0.384,6.4,32.17
5.66,0.054,2661.163,474.983,0.264,0.003,62.601,43.405,25.717,0.588,0.389,0.059,0.139,0.588,0.013,0.04,-2.888e-4,0,-0.001,0.715,0.716,6.251e-6,946.624,0.001,338.138,0.383,6.4,32.17
5.699,0.035,2660.53,474.35,0.264,0.003,62.611,43.397,25.122,0.587,0.389,0.059,0.139,0.587,0.009,0.026,-4.148e-4,0,-0.001,0.715,0.716,7.782e-8,946.064,0.001,338.118,0.382,6.4,32.17
5.736,0.053,2659.92,473.74,0.264,0.003,62.598,43.389,24.547,0.587,0.389,0.059,0.139,0.587,0.013,0.04,-4.521e-5,0,-0.001,0.715,0.716,-3.212e-6,945.526,0.001,338.099,0.381,6.4,32.17
5.772,0.078,2659.34,473.16,0.264,0.003,62.587,43.381,24.002,0.587,0.389,0.059,0.139,0.587,0.019,0.059,3.924e-5,0,-0.001,0.715,0.716,0,945.015,0.001,338.081,0.381,6.4,32.17
5.806,0.064,2658.779,472.599,0.264,0.003,62.593,43.374,23.474,0.587,0.389,0.059,0.139,0.587,0.016,0.048,-3.709e-5,0,-0.001,0.715,0.716,5.784e-6,944.523,0.001,338.064,0.38,6.4,32.17
5.84,0.013,2658.23,472.05,0.264,0.003,62.612,43.366,22.958,0.586,0.389,0.058,0.139,0.586,0.003,0.01,4.488e-4,0,-0.001,0.715,0.716,-1.777e-6,944.041,0.001,338.047,0.379,6.4,32.17
5.874,0.079,2657.686,471.507,0.264,0.003,62.589,43.359,22.446,0.586,0.389,0.058,0.139,0.586,0.02,0.059,2.407e-4,0,-0.001,0.715,0.716,-6.328e-6,943.566,0.001,338.03,0.378,6.4,32.17
5.907,0.11,2657.148,470.968,0.264,0.003,62.574,43.352,21.939,0.586,0.389,0.058,0.139,0.586,0.028,0.083,5.565e-5,0,-0.001,0.715,0.716,5.415e-7,943.095,0.001,338.013,0.378,6.4,32.17
5.939,0.064,2656.621,470.441,0.264,0.003,62.591,43.345,21.444,0.586,0.389,0.058,0.138,0.586,0.016,0.049,1.156e-4,0,-0.001,0.715,0.716,9.763e-6,942.636,0.001,337.997,0.377,6.4,32.17
5.944,0.056,2656.543,470.363,0.264,0.003,62.594,43.344,21.37,0.586,0.389,0.058,0.138,0.586,0.014,0.042,-4.385e-4,0,-0.001,0.715,0.716,1.083e-5,942.568,0.001,337.995,0.377,6.4,32.17
5.951,0.045,2656.475,470.295,0.264,0.003,62.599,43.343,21.287,0.585,0.389,0.058,0.138,0.585,0.011,0.034,2.986e-4,0,-0.002,0.715,0.716,1.176e-5,942.466,0.001,337.991,0.377,6.4,32.17
5.962,0.031,2656.374,470.194,0.264,0.003,62.604,43.342,21.162,0.585,0.389,0.058,0.138,0.585,0.008,0.023,7.419e-5,0,-0.002,0.715,0.716,1.508e-5,942.313,0.001,337.986,0.376,6.4,32.17
5.978,0.005,2656.221,470.041,0.264,0.003,62.614,43.34,20.974,0.585,0.389,0.058,0.138,0.585,0.001,0.004,-1.599e-4,0,-0.002,0.714,0.716,1.353e-5,942.084,0.001,337.978,0.376,6.4,32.17
6.003,0.037,2655.993,469.813,0.264,0.003,62.597,43.337,20.693,0.585,0.389,0.057,0.138,0.585,0.009,0.028,-3.02e-4,0,-0.002,0.714,0.716,-1.887e-5,941.741,0.001,337.966,0.375,6.4,32.17
6.033,0.081,2655.706,469.526,0.264,0.003,62.578,43.333,20.341,0.585,0.389,0.057,0.138,0.585,0.02,0.061,-1.913e-5,0,-0.002,0.714,0.716,-8.233e-6,941.311,0.001,337.951,0.375,6.4,32.17
6.063,0.096,2655.423,469.243,0.264,0.003,62.571,43.33,19.993,0.585,0.389,0.057,0.138,0.585,0.024,0.072,2.695e-4,0,-0.002,0.714,0.716,-1.315e-7,940.888,0.001,337.936,0.374,6.4,32.17
6.093,0.073,2655.145,468.965,0.264,0.003,62.582,43.326,19.651,0.584,0.389,0.057,0.138,0.584,0.018,0.054,3.966e-4,0,-0.002,0.714,0.716,4.461e-6,940.472,0.001,337.921,0.373,6.4,32.17
6.122,0.035,2654.872,468.692,0.264,0.003,62.598,43.322,19.315,0.584,0.389,0.057,0.138,0.584,0.009,0.026,-2.63e-4,0,-0.002,0.714,0.716,1.217e-5,940.066,0.001,337.907,0.372,6.4,32.17
6.151,0.008,2654.602,468.422,0.264,0.003,62.609,43.319,18.982,0.584,0.389,0.057,0.138,0.584,0.002,0.006,3.376e-4,0,-0.002,0.714,0.716,-1.431e-5,939.664,0.001,337.893,0.371,6.4,32.17
6.179,0.053,2654.334,468.154,0.264,0.003,62.591,43.315,18.653,0.584,0.389,0.056,0.138,0.584,0.013,0.04,-3.151e-4,0,-0.002,0.714,0.716,-7.928e-6,939.266,0.001,337.878,0.371,6.4,32.17
6.208,0.075,2654.07,467.89,0.264,0.003,62.582,43.312,18.328,0.583,0.389,0.056,0.138,0.583,0.019,0.057,1.631e-4,0,-0.002,0.714,0.716,-8.153e-7,938.875,0.001,337.865,0.37,6.4,32.17
6.235,0.065,2653.809,467.629,0.263,0.003,62.584,43.308,18.007,0.583,0.389,0.056,0.138,0.583,0.016,0.049,-4.975e-4,0,-0.002,0.714,0.716,1.049e-6,938.489,0.001,337.851,0.369,6.4,32.17
6.263,0.035,2653.55,467.37,0.263,0.003,62.596,43.305,17.688,0.583,0.389,0.056,0.138,0.583,0.009,0.026,-2.306e-4,0,-0.002,0.714,0.716,3.215e-6,938.107,0.001,337.838,0.368,6.4,32.17
6.291,0.037,2653.292,467.112,0.263,0.003,62.591,43.302,17.371,0.583,0.39,0.056,0.138,0.583,0.009,0.028,-3.023e-4,0,-0.002,0.714,0.716,-8.575e-7,937.727,0.001,337.824,0.368,6.4,32.17
6.318,0.061,2653.035,466.855,0.263,0.003,62.58,43.298,17.054,0.582,0.39,0.055,0.138,0.583,0.015,0.046,4.136e-4,0,-0.002,0.714,0.716,-7.89e-8,937.35,0.001,337.811,0.367,6.4,32.17
6.345,0.067,2652.78,466.6,0.263,0.003,62.578,43.295,16.741,0.582,0.39,0.055,0.137,0.582,0.017,0.05,-1.456e-4,0,-0.002,0.714,0.716,2.036e-6,936.977,0.001,337.798,0.366,6.4,32.17
6.372,0.058,2652.528,466.348,0.263,0.003,62.583,43.292,16.431,0.582,0.39,0.055,0.137,0.582,0.015,0.044,4.308e-4,0,-0.002,0.714,0.715,1.328e-5,936.608,0.001,337.785,0.365,6.4,32.17
6.399,0.038,2652.277,466.097,0.263,0.003,62.588,43.288,16.122,0.582,0.39,0.055,0.137,0.582,0.01,0.029,-2.645e-4,0,-0.002,0.714,0.715,1.407e-5,936.241,0.001,337.772,0.365,6.4,32.17
6.425,0.036,2652.027,465.847,0.263,0.003,62.59,43.285,15.815,0.582,0.39,0.055,0.137,0.582,0.009,0.028,3.467e-4,0,-0.002,0.714,0.715,-1.531e-5,935.878,0.001,337.759,0.364,6.4,32.17
6.451,0.075,2651.783,465.603,0.263,0.003,62.575,43.282,15.514,0.581,0.39,0.055,0.137,0.581,0.019,0.056,2.943e-5,0,-0.002,0.713,0.715,-1.447e-5,935.523,0.001,337.747,0.363,6.4,32.17
6.477,0.125,2651.542,465.362,0.263,0.003,62.554,43.279,15.218,0.581,0.39,0.054,0.137,0.581,0.031,0.094,-1.162e-4,0,-0.002,0.713,0.715,-3.993e-6,935.173,0.001,337.734,0.362,6.4,32.17
6.503,0.16,2651.299,465.119,0.263,0.003,62.538,43.275,14.919,0.581,0.39,0.054,0.137,0.581,0.04,0.121,2.419e-4,0,-0.002,0.713,0.715,5.402e-7,934.821,0.001,337.722,0.362,6.4,32.17
6.529,0.138,2651.056,464.876,0.263,0.003,62.543,43.272,14.62,0.581,0.39,0.054,0.137,0.581,0.035,0.104,3.635e-4,0,-0.002,0.713,0.715,1.2e-5,934.471,0.001,337.709,0.361,6.4,32.17
6.554,0.099,2650.818,464.638,0.263,0.003,62.556,43.269,14.328,0.58,0.39,0.054,0.137,0.58,0.025,0.075,2.319e-4,0,-0.002,0.713,0.715,2.112e-5,934.128,0.001,337.697,0.36,6.4,32.17
6.579,0.074,2650.583,464.403,0.263,0.003,62.568,43.266,14.039,0.58,0.39,0.054,0.137,0.58,0.018,0.055,9.371e-7,0,-0.002,0.713,0.715,5.744e-6,933.791,0.001,337.685,0.359,6.4,32.17
6.604,0.079,2650.35,464.17,0.263,0.003,62.568,43.263,13.752,0.58,0.39,0.053,0.137,0.58,0.02,0.06,-1.077e-4,0,-0.002,0.713,0.715,-9.899e-6,933.456,0.001,337.674,0.359,6.4,32.17
6.629,0.119,2650.119,463.939,0.263,0.003,62.547,43.26,13.467,0.58,0.39,0.053,0.137,0.58,0.03,0.09,-4.038e-4,0,-0.002,0.713,0.715,-2.381e-5,933.125,0.001,337.662,0.358,6.4,32.17
6.653,0.152,2649.892,463.712,0.263,0.003,62.532,43.257,13.188,0.58,0.39,0.053,0.137,0.58,0.038,0.114,4.747e-4,0,-0.002,0.713,0.715,-7.641e-6,932.801,0.001,337.651,0.357,6.4,32.17
6.677,0.153,2649.668,463.488,0.263,0.003,62.532,43.254,12.913,0.579,0.39,0.053,0.137,0.579,0.038,0.115,1.186e-4,0,-0.002,0.713,0.715,1.787e-8,932.482,0.001,337.639,0.356,6.4,32.17
6.701,0.129,2649.445,463.265,0.263,0.003,62.543,43.251,12.639,0.579,0.39,0.053,0.136,0.579,0.032,0.097,5.945e-5,0,-0.002,0.713,0.715,7.837e-6,932.166,0.001,337.628,0.356,6.4,32.17
6.726,0.101,2649.208,463.028,0.263,0.003,62.556,43.248,12.347,0.579,0.39,0.053,0.136,0.579,0.025,0.076,-3.136e-4,0,-0.002,0.713,0.715,1.582e-5,931.829,0.001,337.616,0.355,6.4,32.17
6.749,0.098,2649.089,462.91,0.263,0.003,62.551,43.246,12.147,0.579,0.39,0.052,0.136,0.579,0.025,0.074,-3.303e-4,0,-0.002,0.713,0.715,7.526e-7,931.523,0.001,337.606,0.354,6.4,32.17
6.772,0.095,2648.973,462.793,0.263,0.003,62.552,43.245,11.951,0.578,0.39,0.052,0.136,0.578,0.024,0.072,4.406e-4,0,-0.002,0.713,0.715,-8.151e-6,931.223,0.001,337.595,0.353,6.4,32.17
6.794,0.116,2648.855,462.675,0.263,0.003,62.548,43.243,11.753,0.578,0.39,0.052,0.136,0.578,0.029,0.087,-4.702e-4,0,-0.002,0.713,0.715,-1.373e-5,930.922,0.001,337.584,0.353,6.4,32.17
6.817,0.13,2648.737,462.557,0.263,0.003,62.541,43.242,11.554,0.578,0.39,0.052,0.136,0.578,0.032,0.098,-1.866e-4,0,-0.002,0.713,0.715,-4.77e-6,930.62,0.001,337.574,0.352,6.4,32.17
6.84,0.127,2648.619,462.439,0.263,0.003,62.538,43.24,11.355,0.578,0.39,0.052,0.136,0.578,0.032,0.095,-3.102e-5,0,-0.002,0.713,0.715,1.747e-8,930.318,0.001,337.563,0.351,6.4,32.17
6.863,0.108,2648.501,462.321,0.263,0.003,62.542,43.239,11.156,0.577,0.39,0.052,0.136,0.578,0.027,0.082,-3.087e-4,0,-0.002,0.712,0.715,4.955e-6,930.017,0.001,337.552,0.35,6.4,32.17
6.886,0.08,2648.384,462.204,0.263,0.003,62.554,43.237,10.959,0.577,0.39,0.051,0.136,0.577,0.02,0.06,4.688e-4,0,-0.002,0.712,0.715,1.085e-5,929.719,0.001,337.542,0.35,6.4,32.17
6.909,0.056,2648.267,462.087,0.263,0.003,62.567,43.235,10.762,0.577,0.39,0.051,0.136,0.577,0.014,0.042,-2.761e-5,0,-0.002,0.712,0.715,4.749e-6,929.423,0.001,337.531,0.349,6.4,32.17
6.931,0.047,2648.152,461.972,0.263,0.003,62.57,43.234,10.568,0.577,0.39,0.051,0.136,0.577,0.012,0.035,3.556e-4,0,-0.002,0.712,0.715,-2.445e-7,929.131,0.001,337.521,0.348,6.4,32.17
6.953,0.059,2648.038,461.859,0.263,0.003,62.56,43.232,10.377,0.577,0.39,0.051,0.136,0.577,0.015,0.044,1.882e-5,0,-0.003,0.712,0.715,-9.211e-6,928.844,0.001,337.511,0.347,6.4,32.17
6.975,0.113,2647.926,461.746,0.263,0.003,62.538,43.231,10.186,0.576,0.39,0.051,0.136,0.576,0.028,0.085,-3.629e-4,0,-0.002,0.712,0.715,-9.532e-6,928.559,0.001,337.501,0.347,6.4,32.17
6.997,0.158,2647.812,461.632,0.263,0.003,62.522,43.229,9.994,0.576,0.39,0.051,0.136,0.576,0.04,0.119,-4.97e-4,0,-0.003,0.712,0.715,-1.016e-6,928.272,0.001,337.491,0.346,6.4,32.17
7.019,0.14,2647.697,461.517,0.263,0.003,62.53,43.228,9.801,0.576,0.39,0.05,0.135,0.576,0.035,0.106,4.842e-4,0,-0.003,0.712,0.715,2.118e-6,927.984,0.001,337.481,0.345,6.4,32.17
7.041,0.1,2647.585,461.405,0.263,0.003,62.546,43.226,9.612,0.576,0.39,0.05,0.135,0.576,0.025,0.075,1.488e-4,0,-0.003,0.712,0.715,1.075e-5,927.703,0.001,337.471,0.345,6.4,32.17
7.063,0.081,2647.474,461.294,0.263,0.003,62.552,43.225,9.425,0.576,0.39,0.05,0.135,0.576,0.02,0.061,-1.437e-4,0,-0.003,0.712,0.715,1.454e-5,927.425,0.001,337.461,0.344,6.4,32.17
7.084,0.092,2647.362,461.182,0.263,0.003,62.542,43.223,9.237,0.575,0.39,0.05,0.135,0.575,0.023,0.07,-1.327e-4,0,-0.003,0.712,0.714,4.273e-6,927.147,0.001,337.451,0.343,6.4,32.17
7.106,0.114,2647.25,461.07,0.263,0.003,62.533,43.222,9.048,0.575,0.39,0.05,0.135,0.575,0.028,0.086,-2.28e-4,0,-0.003,0.712,0.714,-1.356e-7,926.867,0.001,337.441,0.342,6.4,32.17
7.128,0.129,2647.137,460.958,0.263,0.003,62.531,43.221,8.858,0.575,0.39,0.05,0.135,0.575,0.032,0.098,-2.129e-4,0,-0.003,0.712,0.714,-4.538e-6,926.588,0.001,337.432,0.342,6.4,32.17
7.149,0.15,2647.026,460.846,0.263,0.003,62.523,43.219,8.671,0.575,0.39,0.049,0.135,0.575,0.038,0.113,-2.757e-4,0,-0.003,0.712,0.714,-5.34e-6,926.312,0.001,337.422,0.341,6.4,32.17
7.171,0.165,2646.916,460.736,0.263,0.003,62.514,43.218,8.484,0.575,0.39,0.049,0.135,0.575,0.041,0.125,-3.213e-4,0,-0.003,0.712,0.714,-1.891e-6,926.038,0.001,337.412,0.34,6.4,32.17
7.192,0.17,2646.806,460.626,0.263,0.003,62.509,43.216,8.299,0.574,0.39,0.049,0.135,0.575,0.043,0.128,-2.604e-4,0,-0.003,0.712,0.714,0,925.767,0.001,337.403,0.339,6.4,32.17
7.213,0.164,2646.696,460.517,0.263,0.003,62.509,43.215,8.115,0.574,0.39,0.049,0.135,0.574,0.041,0.123,2.738e-4,0,-0.003,0.712,0.714,2.182e-6,925.498,0.001,337.393,0.339,6.4,32.17
7.235,0.148,2646.588,460.408,0.263,0.003,62.515,43.213,7.932,0.574,0.39,0.049,0.135,0.574,0.037,0.111,-4.18e-4,0,-0.003,0.712,0.714,5.835e-6,925.231,0.001,337.384,0.338,6.4,32.17
7.256,0.131,2646.479,460.299,0.263,0.003,62.523,43.212,7.749,0.574,0.39,0.049,0.135,0.574,0.033,0.099,-2.06e-5,0,-0.003,0.711,0.714,6.689e-6,924.965,0.001,337.374,0.337,6.4,32.17
7.277,0.124,2646.371,460.191,0.263,0.003,62.528,43.21,7.567,0.574,0.39,0.049,0.135,0.574,0.031,0.093,-3.983e-4,0,-0.003,0.711,0.714,6.103e-6,924.7,0.001,337.365,0.336,6.4,32.17
7.298,0.119,2646.262,460.082,0.263,0.003,62.53,43.209,7.383,0.573,0.39,0.048,0.135,0.574,0.03,0.09,4.858e-4,0,-0.003,0.711,0.714,2.357e-6,924.435,0.001,337.356,0.336,6.4,32.17
7.319,0.115,2646.153,459.973,0.263,0.003,62.527,43.208,7.2,0.573,0.39,0.048,0.135,0.573,0.029,0.087,-2.718e-4,0,-0.003,0.711,0.714,-6.272e-6,924.169,0.001,337.346,0.335,6.4,32.17
7.34,0.141,2646.046,459.866,0.263,0.003,62.514,43.206,7.019,0.573,0.39,0.048,0.135,0.573,0.035,0.106,-2.304e-4,0,-0.003,0.711,0.714,-1.883e-5,923.909,0.001,337.337,0.334,6.4,32.17
7.36,0.161,2645.94,459.761,0.262,0.003,62.507,43.205,6.841,0.573,0.39,0.048,0.134,0.573,0.04,0.121,1.08e-4,0,-0.003,0.711,0.714,-1.103e-5,923.653,0.001,337.328,0.334,6.4,32.17
7.381,0.16,2645.835,459.655,0.262,0.003,62.508,43.203,6.664,0.573,0.39,0.048,0.134,0.573,0.04,0.121,-9.164e-6,0,-0.003,0.711,0.714,-2.184e-6,923.399,0.001,337.319,0.333,6.4,32.17
7.401,0.147,2645.73,459.55,0.262,0.003,62.514,43.202,6.487,0.573,0.39,0.048,0.134,0.573,0.037,0.111,-1.137e-4,0,-0.003,0.711,0.714,1.667e-7,923.145,0.001,337.31,0.332,6.4,32.17
7.421,0.125,2645.625,459.445,0.262,0.003,62.523,43.201,6.309,0.572,0.391,0.048,0.134,0.572,0.031,0.095,-2.148e-4,0,-0.003,0.711,0.714,3.965e-6,922.891,0.001,337.301,0.331,6.4,32.17
7.437,0.103,2645.544,459.365,0.262,0.003,62.532,43.199,6.174,0.572,0.391,0.047,0.134,0.572,0.026,0.078,-3.659e-4,0,-0.003,0.711,0.714,7.986e-6,922.698,0.001,337.294,0.331,6.4,32.17
7.457,0.068,2645.494,459.314,0.262,0.003,62.544,43.199,6.078,0.572,0.391,0.047,0.134,0.572,0.017,0.051,4.502e-4,0,-0.003,0.711,0.714,1.076e-5,922.448,0.001,337.286,0.33,6.4,32.17
7.477,0.03,2645.443,459.263,0.262,0.003,62.557,43.198,5.983,0.572,0.391,0.047,0.134,0.572,0.008,0.023,-8.074e-5,0,-0.003,0.711,0.714,1.161e-5,922.199,0.001,337.277,0.329,6.4,32.17
7.498,0.003,2645.392,459.212,0.262,0.003,62.568,43.197,5.887,0.572,0.391,0.047,0.134,0.572,8.081e-4,0.002,-4.736e-4,0,-0.003,0.711,0.714,1.935e-5,921.95,0.001,337.268,0.329,6.4,32.17
7.518,0.029,2645.341,459.161,0.262,0.003,62.558,43.197,5.792,0.571,0.391,0.047,0.134,0.571,0.007,0.022,-4.778e-4,0,-0.003,0.711,0.714,-1.823e-5,921.701,0.001,337.259,0.328,6.4,32.17
7.538,0.058,2645.291,459.111,0.262,0.003,62.546,43.196,5.697,0.571,0.391,0.047,0.134,0.571,0.014,0.044,2.726e-4,0,-0.003,0.711,0.714,-1.226e-5,921.455,0.001,337.251,0.327,6.4,32.17
7.558,0.061,2645.241,459.061,0.262,0.003,62.543,43.195,5.603,0.571,0.391,0.047,0.134,0.571,0.015,0.046,-2.039e-4,0,-0.003,0.711,0.714,-4.642e-6,921.211,0.001,337.242,0.326,6.4,32.17
7.578,0.032,2645.19,459.011,0.262,0.003,62.553,43.195,5.509,0.571,0.391,0.046,0.134,0.571,0.008,0.024,-4.639e-4,0,-0.003,0.711,0.714,-1.413e-6,920.968,0.001,337.233,0.326,6.4,32.17
7.598,0.018,2645.14,458.96,0.262,0.003,62.556,43.194,5.414,0.571,0.391,0.046,0.134,0.571,0.004,0.013,-3.282e-4,0,-0.003,0.711,0.714,-8.864e-6,920.723,0.001,337.225,0.325,6.4,32.17
7.618,0.065,2645.089,458.909,0.262,0.003,62.535,43.193,5.319,0.57,0.391,0.046,0.134,0.57,0.016,0.049,-4.83e-4,0,-0.003,0.711,0.714,-3.568e-6,920.478,0.001,337.216,0.324,6.4,32.17
7.639,0.118,2645.038,458.858,0.262,0.003,62.514,43.193,5.223,0.57,0.391,0.046,0.134,0.57,0.029,0.089,-1.927e-4,0,-0.003,0.71,0.714,-1.262e-6,920.232,0.001,337.207,0.324,6.4,32.17
7.659,0.14,2644.987,458.807,0.262,0.003,62.507,43.192,5.127,0.57,0.391,0.046,0.134,0.57,0.035,0.105,-7.226e-5,0,-0.003,0.71,0.714,0,919.987,0.001,337.199,0.323,6.4,32.17
7.679,0.123,2644.937,458.757,0.262,0.003,62.515,43.191,5.032,0.57,0.391,0.046,0.133,0.57,0.031,0.093,3.81e-4,0,-0.003,0.71,0.714,9.59e-7,919.744,0.001,337.19,0.322,6.4,32.17
7.699,0.103,2644.887,458.707,0.262,0.003,62.523,43.191,4.939,0.57,0.391,0.046,0.133,0.57,0.026,0.077,4.623e-5,0,-0.003,0.71,0.714,1.793e-6,919.506,0.001,337.182,0.321,6.4,32.17
7.719,0.094,2644.838,458.658,0.262,0.003,62.524,43.19,4.846,0.57,0.391,0.045,0.133,0.57,0.023,0.071,3.08e-5,0,-0.003,0.71,0.714,1.634e-6,919.271,0.001,337.174,0.321,6.4,32.17
7.738,0.088,2644.789,458.609,0.262,0.003,62.523,43.189,4.754,0.569,0.391,0.045,0.133,0.569,0.022,0.066,1.643e-4,0,-0.003,0.71,0.714,5.057e-7,919.036,0.001,337.165,0.32,6.4,32.17
7.758,0.084,2644.739,458.56,0.262,0.003,62.522,43.189,4.662,0.569,0.391,0.045,0.133,0.569,0.021,0.064,4.366e-4,0,-0.003,0.71,0.714,-8.579e-8,918.803,0.001,337.157,0.319,6.4,32.17
7.777,0.085,2644.691,458.511,0.262,0.003,62.524,43.188,4.57,0.569,0.391,0.045,0.133,0.569,0.021,0.064,-6.974e-5,0,-0.003,0.71,0.714,-1.75e-6,918.571,0.001,337.149,0.319,6.4,32.17
7.797,0.091,2644.642,458.462,0.262,0.003,62.524,43.188,4.478,0.569,0.391,0.045,0.133,0.569,0.023,0.068,4.791e-5,0,-0.003,0.71,0.713,-3.113e-6,918.34,0.001,337.141,0.318,6.4,32.17
7.816,0.099,2644.593,458.413,0.262,0.003,62.521,43.187,4.386,0.569,0.391,0.045,0.133,0.569,0.025,0.075,8.613e-5,0,-0.003,0.71,0.713,-3.101e-6,918.11,0.001,337.133,0.317,6.4,32.17
7.835,0.108,2644.545,458.365,0.262,0.003,62.514,43.186,4.296,0.568,0.391,0.044,0.133,0.568,0.027,0.081,4.557e-4,0,-0.004,0.71,0.713,-1.134e-6,917.882,0.001,337.125,0.316,6.4,32.17
7.854,0.107,2644.497,458.317,0.262,0.003,62.511,43.186,4.205,0.568,0.391,0.044,0.133,0.568,0.027,0.08,9.945e-5,0,-0.004,0.71,0.713,0,917.656,0.001,337.117,0.316,6.4,32.17
7.874,0.087,2644.448,458.269,0.262,0.003,62.518,43.185,4.115,0.568,0.391,0.044,0.133,0.568,0.022,0.066,-9.109e-5,0,-0.004,0.71,0.713,1.197e-6,917.43,0.001,337.109,0.315,6.4,32.17
7.893,0.065,2644.4,458.22,0.262,0.003,62.526,43.184,4.024,0.568,0.391,0.044,0.133,0.568,0.016,0.049,1.894e-4,0,-0.004,0.71,0.713,3.873e-6,917.203,0.001,337.101,0.314,6.4,32.17
7.912,0.045,2644.351,458.171,0.262,0.003,62.533,43.184,3.932,0.568,0.391,0.044,0.133,0.568,0.011,0.034,4.758e-4,0,-0.004,0.71,0.713,6.395e-6,916.976,0.001,337.093,0.314,6.4,32.17
7.932,0.024,2644.303,458.123,0.262,0.003,62.541,43.183,3.841,0.567,0.391,0.044,0.133,0.567,0.006,0.018,2.479e-4,0,-0.004,0.71,0.713,6.547e-6,916.749,0.001,337.085,0.313,6.4,32.17
7.951,0.006,2644.254,458.074,0.262,0.003,62.552,43.182,3.75,0.567,0.391,0.044,0.133,0.567,0.002,0.004,3.49e-4,0,-0.004,0.71,0.713,4.468e-8,916.524,0.001,337.077,0.312,6.4,32.17
7.97,0.007,2644.206,458.026,0.262,0.003,62.55,43.182,3.659,0.567,0.391,0.044,0.133,0.567,0.002,0.006,1.546e-4,0,-0.004,0.71,0.713,-4.007e-7,916.3,0.001,337.069,0.311,6.4,32.17
7.99,0.013,2644.157,457.977,0.262,0.003,62.549,43.181,3.568,0.567,0.391,0.043,0.133,0.567,0.003,0.009,-2.039e-4,0,-0.004,0.71,0.713,7.414e-7,916.075,0.001,337.061,0.311,6.4,32.17
8.009,0.013,2644.109,457.929,0.262,0.003,62.546,43.18,3.477,0.567,0.391,0.043,0.132,0.567,0.003,0.009,-1.308e-5,0,-0.004,0.71,0.713,8.83e-6,915.851,0.001,337.053,0.31,6.4,32.17
8.028,0.021,2644.06,457.88,0.262,0.003,62.539,43.18,3.385,0.567,0.391,0.043,0.132,0.567,0.005,0.016,2.54e-4,0,-0.004,0.709,0.713,6.505e-6,915.628,0.001,337.045,0.309,6.4,32.17
8.048,0.039,2644.011,457.832,0.262,0.003,62.535,43.179,3.294,0.566,0.391,0.043,0.132,0.566,0.01,0.029,-3.755e-4,0,-0.004,0.709,0.713,5.476e-7,915.404,0.001,337.037,0.309,6.4,32.17
8.067,0.042,2643.963,457.783,0.262,0.003,62.535,43.179,3.202,0.566,0.391,0.043,0.132,0.566,0.011,0.032,6.825e-5,0,-0.004,0.709,0.713,-2.212e-6,915.181,0.001,337.029,0.308,6.4,32.17
8.086,0.053,2643.915,457.735,0.262,0.003,62.527,43.178,3.112,0.566,0.391,0.043,0.132,0.566,0.013,0.04,2.48e-4,0,-0.004,0.709,0.713,-6.726e-6,914.96,0.001,337.022,0.307,6.4,32.17
8.105,0.065,2643.867,457.687,0.262,0.003,62.519,43.177,3.022,0.566,0.391,0.043,0.132,0.566,0.016,0.049,3.765e-4,0,-0.004,0.709,0.713,-6.22e-6,914.742,0.001,337.014,0.306,6.4,32.17
8.124,0.076,2643.819,457.639,0.262,0.003,62.514,43.177,2.932,0.566,0.391,0.042,0.132,0.566,0.019,0.057,2.327e-4,0,-0.004,0.709,0.713,-3.408e-6,914.525,0.001,337.006,0.306,6.4,32.17
8.142,0.081,2643.775,457.595,0.262,0.003,62.511,43.176,2.849,0.566,0.391,0.042,0.132,0.566,0.02,0.061,-3.63e-4,0,-0.004,0.709,0.713,-1.085e-6,914.324,0.001,336.999,0.305,6.4,32.17
8.161,0.079,2643.755,457.575,0.262,0.003,62.512,43.176,2.788,0.565,0.391,0.042,0.132,0.565,0.02,0.059,-6.353e-5,0,-0.004,0.709,0.713,-7.711e-9,914.11,0.001,336.992,0.304,6.4,32.17
8.18,0.07,2643.735,457.555,0.262,0.003,62.517,43.176,2.728,0.565,0.391,0.042,0.132,0.565,0.018,0.053,3.012e-4,0,-0.004,0.709,0.713,6.526e-7,913.896,0.001,336.984,0.304,6.4,32.17
8.198,0.056,2643.715,457.535,0.262,0.003,62.524,43.175,2.668,0.565,0.391,0.042,0.132,0.565,0.014,0.042,-1.179e-4,0,-0.004,0.709,0.713,2.247e-6,913.684,0.001,336.977,0.303,6.4,32.17
8.217,0.049,2643.695,457.515,0.262,0.003,62.526,43.175,2.608,0.565,0.391,0.042,0.132,0.565,0.012,0.037,1.311e-4,0,-0.004,0.709,0.713,4.249e-6,913.473,0.001,336.969,0.302,6.4,32.17
8.236,0.044,2643.675,457.496,0.262,0.003,62.528,43.175,2.548,0.565,0.391,0.042,0.132,0.565,0.011,0.033,-1.653e-4,0,-0.004,0.709,0.713,6.545e-6,913.261,0.001,336.962,0.301,6.4,32.17
8.255,0.035,2643.656,457.476,0.262,0.003,62.532,43.174,2.488,0.564,0.391,0.041,0.132,0.564,0.009,0.027,-3.389e-4,0,-0.004,0.709,0.713,8.498e-6,913.049,0.001,336.954,0.301,6.4,32.17
8.274,0.015,2643.636,457.456,0.262,0.003,62.539,43.174,2.427,0.564,0.391,0.041,0.132,0.564,0.004,0.011,2.729e-4,0,-0.004,0.709,0.713,4.751e-6,912.838,0.001,336.947,0.3,6.4,32.17
8.292,0.014,2643.616,457.436,0.262,0.003,62.535,43.174,2.367,0.564,0.391,0.041,0.132,0.564,0.004,0.011,3.043e-4,0,-0.004,0.709,0.713,-8.571e-6,912.628,0.001,336.939,0.299,6.4,32.17
8.311,0.029,2643.596,457.416,0.262,0.003,62.532,43.174,2.307,0.564,0.391,0.041,0.132,0.564,0.007,0.021,-2.447e-4,0,-0.004,0.709,0.713,-9.269e-6,912.42,0.001,336.932,0.299,6.4,32.17
8.33,0.04,2643.576,457.396,0.262,0.003,62.528,43.173,2.247,0.564,0.391,0.041,0.132,0.564,0.01,0.029,-3.968e-4,0,-0.004,0.709,0.713,-6.49e-6,912.212,0.001,336.925,0.298,6.4,32.17
8.349,0.047,2643.556,457.377,0.262,0.003,62.524,43.173,2.188,0.564,0.391,0.041,0.131,0.564,0.012,0.035,-3.189e-4,0,-0.004,0.709,0.713,-3.667e-6,912.004,0.001,336.917,0.297,6.4,32.17
8.367,0.047,2643.537,457.357,0.262,0.003,62.524,43.173,2.128,0.563,0.391,0.041,0.131,0.563,0.012,0.036,1.257e-4,0,-0.004,0.709,0.713,-1.972e-6,911.798,0.001,336.91,0.296,6.4,32.17
8.386,0.046,2643.517,457.337,0.262,0.003,62.524,43.173,2.068,0.563,0.391,0.041,0.131,0.563,0.011,0.035,-5.521e-5,0,-0.004,0.709,0.713,-9.856e-7,911.591,0.001,336.903,0.296,6.4,32.17
8.405,0.046,2643.497,457.317,0.262,0.003,62.523,43.172,2.008,0.563,0.391,0.04,0.131,0.563,0.011,0.034,-4.957e-4,0,-0.004,0.709,0.713,-2.717e-7,911.385,0.001,336.896,0.295,6.4,32.17
8.423,0.04,2643.477,457.298,0.262,0.003,62.525,43.172,1.948,0.563,0.391,0.04,0.131,0.563,0.01,0.03,-1.334e-5,0,-0.004,0.709,0.713,4.909e-8,911.18,0.001,336.888,0.294,6.4,32.17
8.442,0.03,2643.458,457.278,0.262,0.003,62.527,43.172,1.889,0.563,0.391,0.04,0.131,0.563,0.007,0.022,1.211e-4,0,-0.004,0.708,0.713,7.16e-7,910.976,0.001,336.881,0.294,6.4,32.17
8.46,0.016,2643.438,457.258,0.262,0.003,62.531,43.172,1.829,0.563,0.391,0.04,0.131,0.563,0.004,0.012,-2.636e-4,0,-0.004,0.708,0.713,1.709e-6,910.773,0.001,336.874,0.293,6.4,32.17
8.479,4.91e-4,2643.419,457.239,0.262,0.003,62.533,43.171,1.77,0.563,0.391,0.04,0.131,0.563,1.221e-4,6.333e-4,-6.325e-5,0,-0.004,0.708,0.713,0,910.571,0.001,336.867,0.292,6.4,32.17
8.497,0.016,2643.399,457.219,0.262,0.003,62.527,43.171,1.711,0.562,0.391,0.04,0.131,0.562,0.004,0.013,-4.781e-5,0,-0.004,0.708,0.713,-2.427e-6,910.37,0.001,336.86,0.292,6.4,32.17
8.516,0.028,2643.38,457.2,0.262,0.003,62.523,43.171,1.652,0.562,0.392,0.04,0.131,0.562,0.007,0.021,-3.633e-5,0,-0.004,0.708,0.713,-3.054e-7,910.17,0.001,336.853,0.291,6.4,32.17
8.534,0.048,2643.36,457.18,0.262,0.003,62.518,43.171,1.592,0.562,0.392,0.04,0.131,0.562,0.012,0.036,4.539e-4,0,-0.004,0.708,0.713,5.705e-7,909.969,0.001,336.846,0.29,6.4,32.17
8.553,0.065,2643.34,457.16,0.262,0.003,62.511,43.17,1.533,0.562,0.392,0.04,0.131,0.562,0.016,0.048,-1.155e-4,0,-0.004,0.708,0.713,3.298e-6,909.767,0.001,336.838,0.289,6.4,32.17
8.572,0.069,2643.32,457.141,0.262,0.003,62.506,43.17,1.473,0.562,0.392,0.039,0.131,0.562,0.017,0.052,-2.492e-4,0,-0.004,0.708,0.713,6.959e-6,909.565,0.001,336.831,0.289,6.4,32.17
8.591,0.07,2643.301,457.121,0.262,0.003,62.503,43.17,1.412,0.562,0.392,0.039,0.131,0.562,0.018,0.053,3.145e-4,0,-0.004,0.708,0.712,9.389e-6,909.363,0.001,336.824,0.288,6.4,32.17
8.609,0.056,2643.281,457.101,0.262,0.003,62.506,43.169,1.352,0.561,0.392,0.039,0.131,0.561,0.014,0.042,-4.355e-4,0,-0.004,0.708,0.712,8.46e-6,909.162,0.001,336.817,0.287,6.4,32.17
8.628,0.029,2643.261,457.081,0.262,0.003,62.518,43.169,1.293,0.561,0.392,0.039,0.131,0.561,0.007,0.022,2.087e-4,0,-0.004,0.708,0.713,1.208e-6,908.963,0.001,336.81,0.287,6.4,32.17
8.646,0.024,2643.242,457.062,0.262,0.003,62.524,43.169,1.233,0.561,0.392,0.039,0.131,0.561,0.006,0.018,-2.551e-4,0,-0.005,0.708,0.713,-1.292e-5,908.765,0.001,336.803,0.286,6.4,32.17
8.665,0.047,2643.222,457.042,0.262,0.003,62.513,43.169,1.175,0.561,0.392,0.039,0.131,0.561,0.012,0.035,-8.639e-5,0,-0.005,0.708,0.712,-1.23e-5,908.57,0.001,336.796,0.285,6.4,32.17
8.683,0.074,2643.203,457.023,0.262,0.003,62.501,43.168,1.115,0.561,0.392,0.039,0.131,0.561,0.018,0.056,8.249e-5,0,-0.005,0.708,0.712,-9.148e-6,908.374,0.001,336.789,0.285,6.4,32.17
8.702,0.101,2643.183,457.003,0.262,0.003,62.489,43.168,1.056,0.561,0.392,0.039,0.13,0.561,0.025,0.076,3.635e-4,0,-0.005,0.708,0.712,-5.319e-6,908.177,0.001,336.782,0.284,6.4,32.17
8.72,0.12,2643.163,456.984,0.262,0.003,62.48,43.168,0.997,0.561,0.392,0.038,0.13,0.561,0.03,0.09,-4.861e-4,0,-0.005,0.708,0.712,-1.774e-6,907.981,0.001,336.776,0.283,6.4,32.17
8.735,0.131,2643.148,456.968,0.262,0.003,62.474,43.168,0.95,0.56,0.392,0.038,0.13,0.56,0.033,0.099,-7.9e-5,0,-0.005,0.708,0.712,-1.702e-7,907.827,0.001,336.77,0.283,6.4,32.17
8.754,0.138,2643.143,456.963,0.262,0.003,62.47,43.168,0.882,0.56,0.392,0.038,0.13,0.56,0.035,0.104,2.225e-4,0,-0.005,0.708,0.712,7.435e-7,907.632,0.001,336.763,0.282,6.4,32.17
8.772,0.136,2643.138,456.958,0.262,0.003,62.47,43.168,0.813,0.56,0.392,0.038,0.13,0.56,0.034,0.102,3.623e-4,0,-0.005,0.708,0.712,4.402e-6,907.437,0.001,336.756,0.281,6.4,32.17
8.791,0.127,2643.133,456.953,0.262,0.003,62.473,43.168,0.745,0.56,0.392,0.038,0.13,0.56,0.032,0.096,1.332e-4,0,-0.005,0.708,0.712,9.781e-6,907.244,0.001,336.75,0.28,6.4,32.17
8.809,0.112,2643.128,456.949,0.262,0.003,62.48,43.167,0.677,0.56,0.392,0.038,0.13,0.56,0.028,0.084,-4.929e-4,0,-0.005,0.708,0.712,1.375e-5,907.05,0.001,336.743,0.28,6.4,32.17
8.828,0.092,2643.124,456.944,0.262,0.003,62.49,43.167,0.609,0.56,0.392,0.038,0.13,0.56,0.023,0.07,3.025e-4,0,-0.005,0.708,0.712,1.17e-5,906.858,0.001,336.736,0.279,6.4,32.17
8.846,0.077,2643.119,456.939,0.262,0.003,62.497,43.167,0.541,0.56,0.392,0.038,0.13,0.56,0.019,0.058,-7.197e-6,0,-0.005,0.708,0.712,3.277e-6,906.667,0.001,336.729,0.278,6.4,32.17
8.864,0.08,2643.114,456.934,0.262,0.003,62.495,43.167,0.474,0.559,0.392,0.038,0.13,0.559,0.02,0.061,-2.979e-4,0,-0.005,0.707,0.712,6.891e-9,906.477,0.001,336.722,0.278,6.4,32.17
8.883,0.092,2643.109,456.929,0.262,0.003,62.488,43.167,0.406,0.559,0.392,0.037,0.13,0.559,0.023,0.069,-3.064e-4,0,-0.005,0.707,0.712,-1.498e-6,906.286,0.001,336.716,0.277,6.4,32.17
8.901,0.107,2643.104,456.924,0.262,0.003,62.479,43.167,0.338,0.559,0.392,0.037,0.13,0.559,0.027,0.08,-1.022e-4,0,-0.005,0.707,0.712,-4.49e-6,906.096,0.001,336.709,0.276,6.4,32.17
8.92,0.115,2643.099,456.919,0.262,0.003,62.474,43.167,0.27,0.559,0.392,0.037,0.13,0.559,0.029,0.086,2.836e-4,0,-0.005,0.707,0.712,-1.172e-5,905.906,0.001,336.702,0.276,6.4,32.17
8.938,0.127,2643.094,456.915,0.262,0.003,62.47,43.167,0.202,0.559,0.392,0.037,0.13,0.559,0.032,0.095,1.223e-4,0,-0.005,0.707,0.712,-1.222e-5,905.718,0.001,336.696,0.275,6.4,32.17
8.956,0.137,2643.09,456.91,0.262,0.003,62.467,43.167,0.135,0.559,0.392,0.037,0.13,0.559,0.034,0.104,4.448e-4,0,-0.005,0.707,0.712,-6.949e-6,905.532,0.001,336.689,0.274,6.4,32.17
8.975,0.144,2643.085,456.905,0.262,0.003,62.464,43.167,0.068,0.558,0.392,0.037,0.13,0.559,0.036,0.108,2.434e-4,0,-0.005,0.707,0.712,-1.882e-6,905.346,0.001,336.683,0.274,6.4,32.17
8.993,0.149,2643.08,456.9,0.262,0.003,62.462,43.167,0,0.558,0.392,0.037,0.13,0.558,0.037,0.112,2.195e-4,0,-0.005,0.707,0.712,0,905.158,0.001,336.676,0.273,6.4,32.17
9.011,0.16,2643.08,456.9,0.262,0.003,62.458,43.167,0,0.558,0.392,0.037,0.13,0.558,0.04,0.12,1.259e-4,0,-0.005,0.707,0.712,1.989e-6,904.972,0.001,336.669,0.272,6.4,32.17
9.03,0.176,2643.08,456.9,0.262,0.003,62.451,43.167,0,0.558,0.392,0.037,0.13,0.558,0.044,0.132,7.564e-6,0,-0.005,0.707,0.712,8.94e-6,904.784,0.001,336.663,0.271,6.4,32.17
9.049,0.192,2643.08,456.9,0.262,0.003,62.445,43.167,0,0.558,0.392,0.036,0.13,0.558,0.048,0.144,-1.116e-4,0,-0.005,0.707,0.712,2.169e-5,904.596,0.001,336.656,0.271,6.4,32.17
9.067,0.165,2643.08,456.9,0.262,0.003,62.456,43.167,0,0.558,0.392,0.036,0.129,0.558,0.041,0.124,-2.924e-4,0,-0.005,0.707,0.712,3.393e-5,904.408,0.001,336.65,0.27,6.4,32.17
9.086,0.131,2643.08,456.9,0.262,0.003,62.469,43.167,0,0.558,0.392,0.036,0.129,0.558,0.033,0.099,-4.456e-4,0,-0.005,0.707,0.712,3.373e-5,904.221,0.001,336.643,0.269,6.4,32.17
9.104,0.104,2643.08,456.9,0.262,0.003,62.477,43.167,0,0.557,0.392,0.036,0.129,0.557,0.026,0.078,-4.97e-4,0,-0.005,0.707,0.712,1.463e-5,904.036,0.001,336.636,0.269,6.4,32.17
9.123,0.094,2643.08,456.9,0.262,0.003,62.477,43.167,0,0.557,0.392,0.036,0.129,0.557,0.023,0.071,-4.017e-4,0,-0.005,0.707,0.712,0,903.852,0.001,336.63,0.268,6.4,32.17
9.141,0.101,2643.08,456.9,0.262,0.003,62.473,43.167,0,0.557,0.392,0.036,0.129,0.557,0.025,0.076,-2.071e-4,0,-0.005,0.707,0.712,-1.479e-5,903.669,0.001,336.623,0.267,6.4,32.17
9.16,0.12,2643.08,456.9,0.262,0.003,62.467,43.167,0,0.557,0.392,0.036,0.129,0.557,0.03,0.091,-1.14e-4,0,-0.005,0.707,0.712,-3.13e-5,903.487,0.001,336.617,0.267,6.4,32.17
9.178,0.142,2643.08,456.9,0.262,0.003,62.46,43.167,0,0.557,0.392,0.036,0.129,0.557,0.035,0.107,-2.333e-4,0,-0.005,0.707,0.712,-3.306e-5,903.304,0.001,336.611,0.266,6.4,32.17
9.196,0.161,2643.08,456.9,0.262,0.003,62.453,43.167,0,0.557,0.392,0.036,0.129,0.557,0.04,0.122,-4.908e-4,0,-0.005,0.707,0.712,-2.587e-5,903.122,0.001,336.604,0.265,6.4,32.17
9.215,0.178,2643.08,456.9,0.262,0.003,62.446,43.167,0,0.557,0.392,0.035,0.129,0.557,0.045,0.134,1.243e-4,0,-0.005,0.707,0.712,-1.268e-5,902.94,0.001,336.598,0.265,6.4,32.17
9.234,0.203,2643.08,456.9,0.262,0.003,62.436,43.167,0,0.556,0.392,0.035,0.129,0.557,0.051,0.152,1.516e-5,0,-0.005,0.707,0.712,-3.229e-6,902.756,0.001,336.591,0.264,6.4,32.17
9.252,0.226,2643.08,456.9,0.262,0.003,62.427,43.167,0,0.556,0.392,0.035,0.129,0.556,0.057,0.17,4.398e-4,0,-0.005,0.707,0.712,0,902.571,0.001,336.585,0.263,6.4,32.17
9.271,0.214,2643.08,456.9,0.262,0.003,62.432,43.167,0,0.556,0.392,0.035,0.129,0.556,0.053,0.161,-4.695e-4,0,-0.005,0.707,0.712,1.762e-6,902.386,0.001,336.578,0.262,6.4,32.17
9.29,0.195,2643.08,456.9,0.262,0.003,62.438,43.167,0,0.556,0.392,0.035,0.129,0.556,0.049,0.147,-3.295e-4,0,-0.005,0.707,0.712,5.158e-6,902.203,0.001,336.572,0.262,6.4,32.17
9.309,0.175,2643.08,456.9,0.262,0.003,62.443,43.167,0,0.556,0.392,0.035,0.129,0.556,0.044,0.132,2.798e-4,0,-0.005,0.707,0.712,7.496e-6,902.023,0.001,336.565,0.261,6.4,32.17
9.327,0.155,2643.08,456.9,0.262,0.003,62.448,43.167,0,0.556,0.392,0.035,0.129,0.556,0.039,0.117,3.098e-4,0,-0.005,0.707,0.712,6.982e-6,901.843,0.001,336.559,0.26,6.4,32.17
9.346,0.138,2643.08,456.9,0.262,0.003,62.453,43.167,0,0.556,0.392,0.035,0.129,0.556,0.034,0.104,-1.615e-6,0,-0.005,0.706,0.712,3.11e-6,901.664,0.001,336.553,0.26,6.4,32.17
9.364,0.125,2643.08,456.9,0.262,0.003,62.458,43.167,0,0.555,0.392,0.035,0.129,0.555,0.031,0.094,-3.146e-4,0,-0.006,0.706,0.712,0,901.486,0.001,336.547,0.259,6.4,32.17
9.383,0.122,2643.08,456.9,0.262,0.003,62.462,43.167,0,0.555,0.392,0.034,0.129,0.555,0.03,0.092,-2.598e-4,0,-0.006,0.706,0.712,-3.839e-6,901.308,0.001,336.54,0.258,6.4,32.17
9.401,0.126,2643.08,456.9,0.262,0.003,62.462,43.167,0,0.555,0.392,0.034,0.129,0.555,0.031,0.095,-9.876e-5,0,-0.006,0.706,0.712,-1.084e-5,901.131,0.001,336.534,0.258,6.4,32.17
9.42,0.119,2643.08,456.9,0.262,0.003,62.465,43.167,0,0.555,0.392,0.034,0.129,0.555,0.03,0.09,-4.206e-4,0,-0.006,0.706,0.712,-9.192e-6,900.954,0.001,336.528,0.257,6.4,32.17
9.438,0.114,2643.08,456.9,0.262,0.003,62.466,43.167,0,0.555,0.392,0.034,0.129,0.555,0.028,0.086,-7.555e-5,0,-0.006,0.706,0.712,-6.534e-6,900.777,0.001,336.522,0.256,6.4,32.17
9.457,0.111,2643.08,456.9,0.262,0.003,62.467,43.167,0,0.555,0.392,0.034,0.128,0.555,0.028,0.083,-2.927e-4,0,-0.006,0.706,0.712,-3.869e-6,900.598,0.001,336.515,0.256,6.4,32.17
9.476,0.11,2643.08,456.9,0.262,0.003,62.467,43.167,0,0.555,0.392,0.034,0.128,0.555,0.027,0.082,3.167e-4,0,-0.006,0.706,0.712,-1.781e-6,900.42,0.001,336.509,0.255,6.4,32.17
9.495,0.111,2643.08,456.9,0.262,0.003,62.465,43.167,0,0.554,0.392,0.034,0.128,0.555,0.028,0.083,4.233e-4,0,-0.006,0.706,0.712,-3.995e-7,900.241,0.001,336.503,0.254,6.4,32.17
9.514,0.113,2643.08,456.9,0.262,0.003,62.463,43.167,0,0.554,0.392,0.034,0.128,0.554,0.028,0.085,1.101e-4,0,-0.006,0.706,0.712,-8.163e-9,900.062,0.001,336.496,0.254,6.4,32.17
9.533,0.115,2643.08,456.9,0.262,0.003,62.461,43.167,0,0.554,0.392,0.034,0.128,0.554,0.029,0.086,-4.792e-4,0,-0.006,0.706,0.712,1.508e-7,899.884,0.001,336.49,0.253,6.4,32.17
9.552,0.115,2643.08,456.9,0.262,0.003,62.46,43.167,0,0.554,0.392,0.033,0.128,0.554,0.029,0.086,3.275e-4,0,-0.006,0.706,0.712,5.747e-7,899.706,0.001,336.484,0.252,6.4,32.17
9.571,0.103,2643.08,456.9,0.262,0.003,62.461,43.167,0,0.554,0.392,0.033,0.128,0.554,0.026,0.077,-4.33e-4,0,-0.006,0.706,0.712,0,899.529,0.001,336.478,0.251,6.4,32.17
9.589,0.097,2643.08,456.9,0.262,0.003,62.463,43.167,0,0.554,0.392,0.033,0.128,0.554,0.024,0.073,-3.523e-4,0,-0.006,0.706,0.712,-9.22e-7,899.354,0.001,336.471,0.251,6.4,32.17
9.608,0.096,2643.08,456.9,0.262,0.003,62.465,43.167,0,0.554,0.392,0.033,0.128,0.554,0.024,0.072,-4.222e-4,0,-0.006,0.706,0.712,-2.565e-6,899.18,0.001,336.465,0.25,6.4,32.17
9.627,0.097,2643.08,456.9,0.262,0.003,62.467,43.167,0,0.554,0.392,0.033,0.128,0.554,0.024,0.073,-2.853e-4,0,-0.006,0.706,0.712,-3.034e-6,899.008,0.001,336.459,0.249,6.4,32.17
9.645,0.098,2643.08,456.9,0.262,0.003,62.467,43.167,0,0.553,0.392,0.033,0.128,0.553,0.024,0.074,-4.128e-4,0,-0.006,0.706,0.712,-2.467e-6,898.836,0.001,336.453,0.249,6.4,32.17
9.664,0.102,2643.08,456.9,0.262,0.003,62.465,43.167,0,0.553,0.392,0.033,0.128,0.553,0.025,0.077,-4.084e-4,0,-0.006,0.706,0.712,-1.499e-6,898.668,0.001,336.447,0.248,6.4,32.17
9.682,0.107,2643.08,456.9,0.262,0.003,62.46,43.167,0,0.553,0.392,0.033,0.128,0.553,0.027,0.081,-3.892e-4,0,-0.006,0.706,0.712,-4.044e-7,898.505,0.001,336.441,0.247,6.4,32.17
9.701,0.107,2643.08,456.9,0.262,0.003,62.457,43.167,0,0.553,0.392,0.033,0.128,0.553,0.027,0.08,-1.405e-4,0,-0.006,0.706,0.712,1.012e-8,898.344,0.001,336.435,0.247,6.4,32.17
9.719,0.057,2643.08,456.9,0.262,0.003,62.479,43.167,0,0.553,0.392,0.033,0.128,0.553,0.014,0.043,-4.958e-4,0,-0.006,0.706,0.712,9.424e-7,898.182,0.001,336.429,0.246,6.4,32.17
9.738,0.073,2643.08,456.9,0.262,0.003,62.475,43.167,0,0.553,0.392,0.033,0.128,0.553,0.018,0.054,-1.397e-4,0,-0.006,0.706,0.712,1.55e-6,898.018,0.001,336.423,0.245,6.4,32.17
9.757,0.088,2643.08,456.9,0.262,0.003,62.468,43.167,0,0.553,0.392,0.032,0.128,0.553,0.022,0.066,2.161e-4,0,-0.006,0.706,0.712,4.148e-6,897.853,0.001,336.417,0.245,6.4,32.17
9.777,0.039,2643.08,456.9,0.262,0.003,62.488,43.167,0,0.553,0.392,0.032,0.128,0.553,0.01,0.029,-4.154e-4,0,-0.006,0.706,0.712,7.564e-6,897.687,0.001,336.411,0.244,6.4,32.17
9.795,0.014,2643.08,456.9,0.262,0.003,62.496,43.167,0,0.552,0.393,0.032,0.128,0.552,0.004,0.011,-6.493e-5,0,-0.006,0.706,0.712,-6.926e-6,897.525,0.001,336.405,0.243,6.4,32.17
9.814,0.006,2643.08,456.9,0.262,0.003,62.498,43.167,0,0.552,0.393,0.032,0.128,0.552,0.002,0.004,-2.968e-4,0,-0.006,0.706,0.712,5.524e-6,897.365,0.001,336.399,0.243,6.4,32.17
9.833,0.046,2643.08,456.9,0.262,0.003,62.483,43.167,0,0.552,0.393,0.032,0.128,0.552,0.012,0.035,-3.678e-4,0,-0.006,0.706,0.712,8.831e-6,897.204,0.001,336.393,0.242,6.4,32.17
9.852,0.083,2643.08,456.9,0.262,0.003,62.467,43.167,0,0.552,0.393,0.032,0.128,0.552,0.021,0.062,2.446e-4,0,-0.006,0.705,0.712,1.041e-5,897.042,0.001,336.387,0.241,6.4,32.17
9.871,0.085,2643.08,456.9,0.262,0.003,62.464,43.167,0,0.552,0.393,0.032,0.128,0.552,0.021,0.064,4.969e-4,0,-0.006,0.705,0.712,1.121e-5,896.878,0.001,336.381,0.241,6.4,32.17
9.89,0.087,2643.08,456.9,0.262,0.003,62.46,43.167,0,0.552,0.393,0.032,0.127,0.552,0.022,0.065,4.156e-4,0,-0.006,0.705,0.712,9.067e-6,896.715,0.001,336.375,0.24,6.4,32.17
9.909,0.075,2643.08,456.9,0.262,0.003,62.463,43.167,0,0.552,0.393,0.032,0.127,0.552,0.019,0.057,-2.318e-4,0,-0.006,0.705,0.712,3.764e-6,896.553,0.001,336.369,0.239,6.4,32.17
9.928,0.056,2643.08,456.9,0.262,0.003,62.473,43.167,0,0.552,0.393,0.032,0.127,0.552,0.014,0.043,6.717e-5,0,-0.006,0.705,0.712,-6.504e-7,896.393,0.001,336.363,0.238,6.4,32.17
9.947,0.054,2643.08,456.9,0.262,0.003,62.477,43.167,0,0.551,0.393,0.032,0.127,0.551,0.013,0.041,4.601e-4,0,-0.006,0.705,0.712,-1.451e-5,896.233,0.001,336.357,0.238,6.4,32.17
9.966,0.096,2643.08,456.9,0.262,0.003,62.46,43.167,0,0.551,0.393,0.031,0.127,0.551,0.024,0.072,3.049e-4,0,-0.006,0.705,0.712,-6.469e-6,896.075,0.001,336.351,0.237,6.4,32.17
9.985,0.156,2643.08,456.9,0.262,0.003,62.436,43.167,0,0.551,0.393,0.031,0.127,0.551,0.039,0.117,4.818e-4,0,-0.006,0.705,0.712,-2.545e-6,895.916,0.001,336.345,0.237,6.4,32.17
10.005,0.206,2643.08,456.9,0.262,0.003,62.416,43.167,0,0.551,0.393,0.031,0.127,0.551,0.052,0.155,-2.565e-4,0,-0.006,0.705,0.712,-4.044e-7,895.755,0.001,336.339,0.236,6.4,32.17
10.024,0.221,2643.08,456.9,0.262,0.003,62.41,43.167,0,0.551,0.393,0.031,0.127,0.551,0.055,0.166,-3.479e-4,0,-0.006,0.705,0.712,6.866e-8,895.593,0.001,336.333,0.235,6.4,32.17
10.044,0.231,2643.08,456.9,0.262,0.003,62.405,43.167,0,0.551,0.393,0.031,0.127,0.551,0.058,0.173,-9.364e-5,0,-0.006,0.705,0.712,1.538e-6,895.432,0.001,336.327,0.234,6.4,32.17
10.063,0.226,2643.08,456.9,0.262,0.003,62.405,43.167,0,0.551,0.393,0.031,0.127,0.551,0.056,0.169,1.082e-4,0,-0.007,0.705,0.712,4.185e-6,895.272,0.001,336.321,0.234,6.4,32.17
10.082,0.213,2643.08,456.9,0.262,0.003,62.407,43.167,0,0.551,0.393,0.031,0.127,0.551,0.053,0.16,2.693e-4,0,-0.007,0.705,0.712,6.028e-6,895.113,0.001,336.315,0.233,6.4,32.17
10.101,0.2,2643.08,456.9,0.262,0.003,62.41,43.167,0,0.551,0.393,0.031,0.127,0.551,0.05,0.15,-3.9e-4,0,-0.007,0.705,0.712,5.844e-6,894.955,0.001,336.31,0.232,6.4,32.17
10.121,0.207,2643.08,456.9,0.262,0.003,62.407,43.167,0,0.55,0.393,0.031,0.127,0.551,0.052,0.156,4.49e-4,0,-0.007,0.705,0.712,6.3e-6,894.798,0.001,336.304,0.232,6.4,32.17
10.14,0.214,2643.08,456.9,0.262,0.003,62.404,43.167,0,0.55,0.393,0.031,0.127,0.55,0.053,0.16,2.376e-4,0,-0.007,0.705,0.712,5.752e-6,894.641,0.001,336.298,0.231,6.4,32.17
10.159,0.22,2643.08,456.9,0.262,0.003,62.403,43.167,0,0.55,0.393,0.031,0.127,0.55,0.055,0.165,3.584e-5,0,-0.007,0.705,0.712,4.194e-6,894.483,0.001,336.292,0.23,6.4,32.17
10.179,0.226,2643.08,456.9,0.262,0.003,62.402,43.167,0,0.55,0.393,0.03,0.127,0.55,0.056,0.169,-1.555e-5,0,-0.007,0.705,0.712,2.188e-6,894.326,0.001,336.286,0.23,6.4,32.17
10.198,0.234,2643.08,456.9,0.262,0.003,62.4,43.167,0,0.55,0.393,0.03,0.127,0.55,0.058,0.175,-4.287e-4,0,-0.007,0.705,0.712,6.44e-7,894.168,0.001,336.28,0.229,6.4,32.17
10.218,0.267,2643.08,456.9,0.262,0.003,62.387,43.167,0,0.55,0.393,0.03,0.127,0.55,0.067,0.2,-2.557e-4,0,-0.007,0.705,0.712,1.567e-6,894.011,0.001,336.275,0.228,6.4,32.17
10.237,0.305,2643.08,456.9,0.262,0.003,62.372,43.167,0,0.55,0.393,0.03,0.127,0.55,0.076,0.229,1.703e-4,0,-0.007,0.705,0.712,3.584e-6,893.853,0.001,336.269,0.228,6.4,32.17
10.257,0.316,2643.08,456.9,0.262,0.003,62.367,43.167,0,0.55,0.393,0.03,0.127,0.55,0.079,0.237,1.929e-4,0,-0.007,0.705,0.712,3.321e-6,893.694,0.001,336.263,0.227,6.4,32.17
10.277,0.289,2643.08,456.9,0.262,0.003,62.375,43.167,0,0.55,0.393,0.03,0.127,0.55,0.072,0.217,2.871e-4,0,-0.007,0.705,0.712,-9.451e-8,893.535,0.001,336.257,0.226,6.4,32.17
10.296,0.277,2643.08,456.9,0.262,0.003,62.376,43.167,0,0.549,0.393,0.03,0.127,0.55,0.069,0.207,6.446e-5,0,-0.007,0.705,0.712,-7.709e-6,893.379,0.001,336.251,0.226,6.4,32.17
10.316,0.285,2643.08,456.9,0.262,0.003,62.372,43.167,0,0.549,0.393,0.03,0.127,0.549,0.071,0.214,1.27e-4,0,-0.007,0.705,0.712,-1.26e-5,893.226,0.001,336.246,0.225,6.4,32.17
10.335,0.296,2643.08,456.9,0.262,0.003,62.368,43.167,0,0.549,0.393,0.03,0.127,0.549,0.074,0.222,3.225e-4,0,-0.007,0.705,0.712,-1.225e-5,893.073,0.001,336.24,0.224,6.4,32.17
10.355,0.304,2643.08,456.9,0.262,0.003,62.365,43.167,0,0.549,0.393,0.03,0.126,0.549,0.076,0.229,2.013e-4,0,-0.007,0.705,0.712,-8.609e-6,892.92,0.001,336.234,0.224,6.4,32.17
10.374,0.31,2643.08,456.9,0.262,0.003,62.364,43.167,0,0.549,0.393,0.03,0.126,0.549,0.077,0.232,-2.751e-4,0,-0.007,0.705,0.712,-3.539e-6,892.767,0.001,336.229,0.223,6.4,32.17
10.393,0.31,2643.08,456.9,0.262,0.003,62.364,43.167,0,0.549,0.393,0.03,0.126,0.549,0.078,0.233,-4.721e-4,0,-0.007,0.705,0.712,-4.505e-7,892.614,0.001,336.223,0.222,6.4,32.17
10.413,0.303,2643.08,456.9,0.262,0.003,62.368,43.167,0,0.549,0.393,0.029,0.126,0.549,0.076,0.227,2.84e-4,0,-0.007,0.705,0.712,8.317e-8,892.461,0.001,336.217,0.222,6.4,32.17
10.433,0.29,2643.08,456.9,0.262,0.003,62.374,43.167,0,0.549,0.393,0.029,0.126,0.549,0.072,0.217,-2.421e-5,0,-0.007,0.704,0.712,9.387e-7,892.308,0.001,336.212,0.221,6.4,32.17
10.452,0.274,2643.08,456.9,0.262,0.003,62.38,43.167,0,0.549,0.393,0.029,0.126,0.549,0.068,0.205,1.21e-4,0,-0.007,0.704,0.712,2.035e-6,892.156,0.001,336.206,0.22,6.4,32.17
10.472,0.256,2643.08,456.9,0.262,0.003,62.385,43.167,0,0.548,0.393,0.029,0.126,0.549,0.064,0.192,2.539e-4,0,-0.007,0.704,0.712,3.271e-6,892.005,0.001,336.2,0.22,6.4,32.17
10.491,0.236,2643.08,456.9,0.262,0.003,62.391,43.167,0,0.548,0.393,0.029,0.126,0.548,0.059,0.177,2.146e-4,0,-0.007,0.704,0.712,3.345e-6,891.854,0.001,336.195,0.219,6.4,32.17
10.511,0.217,2643.08,456.9,0.262,0.003,62.397,43.167,0,0.548,0.393,0.029,0.126,0.548,0.054,0.163,4.529e-5,0,-0.007,0.704,0.712,1.859e-6,891.703,0.001,336.189,0.218,6.4,32.17
10.53,0.199,2643.08,456.9,0.262,0.003,62.401,43.167,0,0.548,0.393,0.029,0.126,0.548,0.05,0.149,-4.549e-4,0,-0.007,0.704,0.712,1.753e-7,891.553,0.001,336.184,0.218,6.4,32.17
10.55,0.185,2643.08,456.9,0.262,0.003,62.406,43.167,0,0.548,0.393,0.029,0.126,0.548,0.046,0.138,-2.15e-4,0,-0.008,0.704,0.712,-6.791e-7,891.403,0.001,336.178,0.217,6.4,32.17
10.57,0.17,2643.08,456.9,0.262,0.003,62.412,43.167,0,0.548,0.393,0.029,0.126,0.548,0.042,0.127,1.317e-4,0,-0.008,0.704,0.712,-1.527e-6,891.253,0.001,336.172,0.216,6.4,32.17
10.589,0.157,2643.08,456.9,0.262,0.003,62.418,43.167,0,0.548,0.393,0.029,0.126,0.548,0.039,0.118,-4.169e-4,0,-0.008,0.704,0.712,-2.589e-6,891.103,0.001,336.167,0.216,6.4,32.17
10.609,0.15,2643.08,456.9,0.262,0.003,62.422,43.167,0,0.548,0.393,0.029,0.126,0.548,0.037,0.113,4.653e-4,0,-0.008,0.704,0.712,-6.781e-6,890.953,0.001,336.161,0.215,6.4,32.17
10.629,0.151,2643.08,456.9,0.262,0.003,62.423,43.167,0,0.548,0.393,0.029,0.126,0.548,0.038,0.113,-2.083e-4,0,-0.008,0.704,0.712,-1.577e-5,890.803,0.001,336.156,0.214,6.4,32.17
10.649,0.155,2643.08,456.9,0.262,0.003,62.422,43.167,0,0.547,0.393,0.028,0.126,0.547,0.039,0.117,-1.643e-4,0,-0.008,0.704,0.712,-2.127e-5,890.655,0.001,336.15,0.213,6.4,32.17
10.669,0.145,2643.08,456.9,0.262,0.003,62.426,43.167,0,0.547,0.393,0.028,0.126,0.547,0.036,0.108,-2.83e-4,0,-0.008,0.704,0.712,-1.494e-5,890.507,0.001,336.145,0.213,6.4,32.17
10.688,0.137,2643.08,456.9,0.262,0.003,62.429,43.167,0,0.547,0.393,0.028,0.126,0.547,0.034,0.102,5.295e-5,0,-0.008,0.704,0.712,-8.397e-6,890.359,0.001,336.139,0.212,6.4,32.17
10.708,0.135,2643.08,456.9,0.262,0.003,62.429,43.167,0,0.547,0.393,0.028,0.126,0.547,0.034,0.101,-2.458e-5,0,-0.008,0.704,0.712,-5.871e-6,890.21,0.001,336.134,0.212,6.4,32.17
10.728,0.135,2643.08,456.9,0.262,0.003,62.427,43.167,0,0.547,0.393,0.028,0.126,0.547,0.034,0.101,6.37e-5,0,-0.008,0.704,0.712,-6.394e-6,890.062,0.001,336.128,0.211,6.4,32.17
10.748,0.135,2643.08,456.9,0.262,0.003,62.425,43.167,0,0.547,0.393,0.028,0.126,0.547,0.034,0.101,-5.168e-6,0,-0.008,0.704,0.712,-5.329e-6,889.915,0.001,336.123,0.21,6.4,32.17
10.768,0.126,2643.08,456.9,0.262,0.003,62.428,43.167,0,0.547,0.393,0.028,0.126,0.547,0.031,0.095,-3.834e-5,0,-0.008,0.704,0.712,-1.346e-6,889.77,0.001,336.118,0.209,6.4,32.17
10.788,0.129,2643.08,456.9,0.262,0.003,62.428,43.167,0,0.547,0.393,0.028,0.126,0.547,0.032,0.096,1.596e-4,0,-0.008,0.704,0.712,1.714e-8,889.624,0.001,336.112,0.209,6.4,32.17
10.808,0.14,2643.08,456.9,0.262,0.003,62.423,43.167,0,0.547,0.393,0.028,0.126,0.547,0.035,0.105,-1.072e-4,0,-0.008,0.704,0.712,1.696e-6,889.477,0.001,336.107,0.208,6.4,32.17
10.828,0.151,2643.08,456.9,0.262,0.003,62.418,43.167,0,0.546,0.393,0.028,0.126,0.546,0.038,0.114,1.008e-4,0,-0.008,0.704,0.712,5.362e-6,889.33,0.001,336.101,0.207,6.4,32.17
10.848,0.163,2643.08,456.9,0.262,0.003,62.412,43.167,0,0.546,0.393,0.028,0.126,0.546,0.041,0.122,3.553e-4,0,-0.008,0.704,0.712,1.092e-5,889.184,0.001,336.096,0.207,6.4,32.17
10.868,0.165,2643.08,456.9,0.262,0.003,62.41,43.167,0,0.546,0.393,0.028,0.126,0.546,0.041,0.124,-3.696e-4,0,-0.008,0.704,0.712,1.687e-5,889.038,0.001,336.09,0.206,6.4,32.17
10.888,0.165,2643.08,456.9,0.262,0.003,62.409,43.167,0,0.546,0.393,0.027,0.125,0.546,0.041,0.124,3.934e-4,0,-0.008,0.704,0.712,2.197e-5,888.892,0.001,336.085,0.205,6.4,32.17
10.908,0.159,2643.08,456.9,0.262,0.003,62.41,43.167,0,0.546,0.393,0.027,0.125,0.546,0.04,0.119,-1.793e-4,0,-0.008,0.704,0.712,2.354e-5,888.748,0.001,336.08,0.205,6.4,32.17
10.928,0.147,2643.08,456.9,0.262,0.003,62.414,43.167,0,0.546,0.393,0.027,0.125,0.546,0.037,0.111,1.865e-4,0,-0.008,0.704,0.712,1.848e-5,888.603,0.001,336.074,0.204,6.4,32.17
10.948,0.138,2643.08,456.9,0.262,0.003,62.418,43.167,0,0.546,0.393,0.027,0.125,0.546,0.034,0.104,-2.726e-4,0,-0.008,0.704,0.712,9.03e-6,888.46,0.001,336.069,0.203,6.4,32.17
10.968,0.133,2643.08,456.9,0.262,0.003,62.421,43.167,0,0.546,0.393,0.027,0.125,0.546,0.033,0.1,-4.678e-4,0,-0.008,0.704,0.712,9.729e-7,888.318,0.001,336.064,0.203,6.4,32.17
10.988,0.135,2643.08,456.9,0.262,0.003,62.422,43.167,0,0.546,0.393,0.027,0.125,0.546,0.034,0.101,2.582e-4,0,-0.009,0.704,0.712,-1.592e-6,888.176,0.001,336.058,0.202,6.4,32.17
11.008,0.151,2643.08,456.9,0.262,0.003,62.417,43.167,0,0.545,0.393,0.027,0.125,0.546,0.038,0.114,-2.754e-4,0,-0.009,0.704,0.712,-5.79e-6,888.035,0.001,336.053,0.201,6.4,32.17
11.028,0.183,2643.08,456.9,0.262,0.003,62.404,43.167,0,0.545,0.393,0.027,0.125,0.545,0.046,0.137,-3.152e-4,0,-0.009,0.704,0.712,-5.019e-6,887.894,0.001,336.048,0.201,6.4,32.17
11.048,0.218,2643.08,456.9,0.262,0.003,62.39,43.167,0,0.545,0.393,0.027,0.125,0.545,0.054,0.163,3.261e-4,0,-0.009,0.704,0.712,-3.633e-6,887.752,0.001,336.043,0.2,6.4,32.17
11.069,0.237,2643.08,456.9,0.262,0.003,62.382,43.167,0,0.545,0.393,0.027,0.125,0.545,0.059,0.177,3.005e-4,0,-0.009,0.704,0.712,-3.681e-6,887.61,0.001,336.038,0.199,6.4,32.17
11.089,0.254,2643.08,456.9,0.262,0.003,62.374,43.167,0,0.545,0.393,0.027,0.125,0.545,0.063,0.189,3.346e-4,0,-0.009,0.704,0.712,-2.816e-6,887.469,0.001,336.032,0.199,6.4,32.17
11.109,0.279,2643.08,456.9,0.262,0.003,62.362,43.167,0,0.545,0.393,0.027,0.125,0.545,0.07,0.209,-2.783e-4,0,-0.009,0.703,0.712,-8.058e-7,887.328,0.001,336.027,0.198,6.4,32.17
11.129,0.316,2643.08,456.9,0.262,0.003,62.346,43.167,0,0.545,0.393,0.027,0.125,0.545,0.079,0.237,2.45e-4,0,-0.009,0.703,0.712,1.882e-7,887.187,0.001,336.022,0.197,6.4,32.17
11.15,0.351,2643.08,456.9,0.262,0.003,62.332,43.167,0,0.545,0.393,0.026,0.125,0.545,0.088,0.263,3.341e-4,0,-0.009,0.703,0.712,3.662e-6,887.046,0.001,336.017,0.197,6.4,32.17
11.17,0.352,2643.08,456.9,0.262,0.003,62.33,43.167,0,0.545,0.393,0.026,0.125,0.545,0.088,0.264,-4.952e-4,0,-0.009,0.703,0.712,8.531e-6,886.904,0.001,336.011,0.196,6.4,32.17
11.191,0.348,2643.08,456.9,0.262,0.003,62.33,43.167,0,0.545,0.393,0.026,0.125,0.545,0.087,0.261,3.834e-4,0,-0.009,0.703,0.712,1.353e-5,886.764,0.001,336.006,0.195,6.4,32.17
11.211,0.354,2643.08,456.9,0.262,0.003,62.327,43.167,0,0.545,0.393,0.026,0.125,0.545,0.089,0.265,-1.347e-4,0,-0.009,0.703,0.712,1.939e-5,886.624,0.001,336.001,0.195,6.4,32.17
11.232,0.369,2643.08,456.9,0.262,0.003,62.322,43.167,0,0.544,0.393,0.026,0.125,0.545,0.092,0.277,2.106e-4,0,-0.009,0.703,0.712,2.678e-5,886.485,0.001,335.996,0.194,6.4,32.17
11.252,0.379,2643.08,456.9,0.262,0.003,62.319,43.167,0,0.544,0.393,0.026,0.125,0.545,0.095,0.284,1.257e-4,0,-0.009,0.703,0.712,3.154e-5,886.346,0.001,335.991,0.193,6.4,32.17
11.273,0.368,2643.08,456.9,0.262,0.003,62.325,43.167,0,0.544,0.393,0.026,0.125,0.545,0.092,0.275,1.319e-4,0,-0.009,0.703,0.712,2.497e-5,886.206,0.001,335.986,0.193,6.4,32.17
11.293,0.359,2643.08,456.9,0.262,0.003,62.329,43.167,0,0.544,0.393,0.026,0.125,0.544,0.09,0.268,-2.266e-4,0,-0.009,0.703,0.712,1.357e-5,886.068,0.001,335.98,0.192,6.4,32.17
11.314,0.343,2643.08,456.9,0.262,0.003,62.336,43.167,0,0.544,0.393,0.026,0.125,0.544,0.086,0.257,4.628e-4,0,-0.009,0.703,0.713,1.216e-6,885.93,0.001,335.975,0.191,6.4,32.17
11.334,0.333,2643.08,456.9,0.262,0.003,62.34,43.167,0,0.544,0.393,0.026,0.125,0.544,0.083,0.249,1.773e-5,0,-0.009,0.703,0.713,-5.132e-6,885.794,0.001,335.97,0.191,6.4,32.17
11.354,0.335,2643.08,456.9,0.262,0.003,62.336,43.167,0,0.544,0.393,0.026,0.125,0.544,0.084,0.251,1.87e-4,0,-0.01,0.703,0.713,-2.825e-5,885.659,0.001,335.965,0.19,6.4,32.17
11.375,0.347,2643.08,456.9,0.262,0.003,62.329,43.167,0,0.544,0.393,0.026,0.125,0.544,0.087,0.26,-2.813e-4,0,-0.01,0.703,0.713,-5.512e-5,885.525,0.001,335.96,0.189,6.4,32.17
11.395,0.365,2643.08,456.9,0.262,0.003,62.32,43.167,0,0.544,0.393,0.026,0.125,0.544,0.091,0.273,-2.299e-4,0,-0.01,0.703,0.713,-6.758e-5,885.392,0.001,335.955,0.189,6.4,32.17
11.415,0.381,2643.08,456.9,0.262,0.003,62.313,43.167,0,0.544,0.393,0.026,0.125,0.544,0.095,0.285,-2.898e-4,0,-0.01,0.703,0.713,-5.61e-5,885.26,0.001,335.951,0.188,6.4,32.17
11.435,0.392,2643.08,456.9,0.262,0.003,62.309,43.167,0,0.544,0.393,0.026,0.125,0.544,0.098,0.293,-3.831e-4,0,-0.01,0.703,0.713,-3.636e-5,885.128,0.001,335.946,0.187,6.4,32.17
11.455,0.397,2643.08,456.9,0.262,0.003,62.308,43.167,0,0.543,0.393,0.025,0.125,0.544,0.099,0.296,1.739e-5,0,-0.01,0.703,0.713,-1.847e-5,884.996,0.001,335.941,0.187,6.4,32.17
11.475,0.394,2643.08,456.9,0.262,0.003,62.31,43.167,0,0.543,0.393,0.025,0.124,0.544,0.099,0.295,-3.254e-4,0,-0.01,0.703,0.713,-6.515e-6,884.864,0.001,335.936,0.186,6.4,32.17
11.495,0.384,2643.08,456.9,0.262,0.003,62.315,43.167,0,0.543,0.393,0.025,0.124,0.544,0.096,0.288,4.692e-4,0,-0.01,0.703,0.713,-4.708e-7,884.734,0.001,335.931,0.185,6.4,32.17
11.515,0.365,2643.08,456.9,0.262,0.003,62.323,43.167,0,0.543,0.393,0.025,0.124,0.543,0.091,0.273,-3.21e-4,0,-0.01,0.703,0.713,1.351e-6,884.604,0.001,335.926,0.185,6.4,32.17
11.535,0.339,2643.08,456.9,0.262,0.003,62.334,43.167,0,0.543,0.394,0.025,0.124,0.543,0.085,0.254,2.051e-4,0,-0.01,0.703,0.713,7.801e-6,884.474,0.001,335.921,0.184,6.4,32.17
11.555,0.307,2643.08,456.9,0.262,0.003,62.347,43.167,0,0.543,0.394,0.025,0.124,0.543,0.077,0.229,-4.532e-4,0,-0.01,0.703,0.713,1.671e-5,884.346,0.001,335.917,0.183,6.4,32.17
11.575,0.268,2643.08,456.9,0.262,0.003,62.361,43.167,0,0.543,0.394,0.025,0.124,0.543,0.067,0.2,-4.24e-4,0,-0.01,0.703,0.713,2.574e-5,884.217,0.001,335.912,0.183,6.4,32.17
11.596,0.226,2643.08,456.9,0.262,0.003,62.376,43.167,0,0.543,0.394,0.025,0.124,0.543,0.056,0.169,4.109e-4,0,-0.01,0.703,0.713,2.995e-5,884.088,0.001,335.907,0.182,6.4,32.17
11.616,0.189,2643.08,456.9,0.262,0.003,62.388,43.167,0,0.543,0.394,0.025,0.124,0.543,0.047,0.141,-5.929e-5,0,-0.011,0.703,0.713,1.875e-5,883.96,0.001,335.902,0.181,6.4,32.17
11.636,0.162,2643.08,456.9,0.262,0.003,62.396,43.167,0,0.543,0.394,0.025,0.124,0.543,0.04,0.121,-1.984e-4,0,-0.011,0.703,0.713,2.122e-6,883.832,0.001,335.898,0.181,6.4,32.17
11.656,0.151,2643.08,456.9,0.262,0.003,62.4,43.167,0,0.543,0.394,0.025,0.124,0.543,0.037,0.113,-1.445e-4,0,-0.011,0.703,0.713,-5.879e-6,883.705,0.001,335.893,0.18,6.4,32.17
11.676,0.154,2643.08,456.9,0.262,0.003,62.4,43.167,0,0.543,0.394,0.025,0.124,0.543,0.038,0.115,4.712e-4,0,-0.011,0.703,0.714,-3.22e-5,883.578,0.001,335.888,0.179,6.4,32.17
11.696,0.169,2643.08,456.9,0.262,0.003,62.397,43.167,0,0.542,0.394,0.025,0.124,0.543,0.042,0.126,1.597e-4,0,-0.011,0.703,0.714,-5.302e-5,883.452,0.001,335.884,0.179,6.4,32.17
11.717,0.159,2643.08,456.9,0.262,0.003,62.401,43.167,0,0.542,0.394,0.025,0.124,0.542,0.04,0.12,3.639e-4,0,-0.011,0.703,0.714,-5.493e-5,883.327,0.001,335.879,0.178,6.4,32.17
11.737,0.143,2643.08,456.9,0.262,0.003,62.408,43.167,0,0.542,0.394,0.025,0.124,0.542,0.036,0.107,4.544e-4,0,-0.011,0.703,0.714,-4.617e-5,883.201,0.001,335.874,0.177,6.4,32.17
11.757,0.127,2643.08,456.9,0.262,0.003,62.412,43.167,0,0.542,0.394,0.025,0.124,0.542,0.032,0.095,2.301e-4,0,-0.011,0.703,0.714,-3.152e-5,883.075,0.001,335.87,0.177,6.4,32.17
11.778,0.111,2643.08,456.9,0.262,0.003,62.417,43.167,0,0.542,0.394,0.024,0.124,0.542,0.028,0.082,4.771e-4,0,-0.011,0.703,0.714,-1.631e-5,882.949,0.001,335.865,0.176,6.4,32.17
11.798,0.09,2643.08,456.9,0.262,0.003,62.423,43.167,0,0.542,0.394,0.024,0.124,0.542,0.022,0.067,3.846e-4,0,-0.011,0.703,0.714,-4.832e-6,882.822,0.001,335.86,0.175,6.4,32.17
11.819,0.046,2643.08,456.9,0.262,0.003,62.438,43.167,0,0.542,0.394,0.024,0.124,0.542,0.011,0.034,-1.305e-4,0,-0.011,0.703,0.714,1.179e-6,882.696,0.001,335.856,0.175,6.4,32.17
11.84,0.039,2643.08,456.9,0.262,0.003,62.447,43.167,0,0.542,0.394,0.024,0.124,0.542,0.01,0.029,1.104e-4,0,-0.011,0.703,0.714,2.132e-5,882.57,0.001,335.851,0.174,6.4,32.17
11.86,0.089,2643.08,456.9,0.262,0.003,62.423,43.167,0,0.542,0.394,0.024,0.124,0.542,0.022,0.067,-1.589e-4,0,-0.011,0.703,0.714,5.623e-6,882.443,0.001,335.846,0.173,6.4,32.17
11.881,0.15,2643.08,456.9,0.262,0.003,62.397,43.167,0,0.542,0.394,0.024,0.124,0.542,0.037,0.112,2.061e-4,0,-0.011,0.703,0.714,1.932e-6,882.317,0.001,335.842,0.173,6.4,32.17
11.902,0.211,2643.08,456.9,0.262,0.003,62.372,43.167,0,0.542,0.394,0.024,0.124,0.542,0.053,0.157,2.263e-4,0,-0.011,0.702,0.714,1.266e-6,882.19,0.001,335.837,0.172,6.4,32.17
11.924,0.261,2643.08,456.9,0.262,0.003,62.353,43.167,0,0.542,0.394,0.024,0.124,0.542,0.065,0.195,1.783e-4,0,-0.011,0.702,0.714,1.722e-6,882.063,0.001,335.832,0.171,6.4,32.17
11.945,0.308,2643.08,456.9,0.262,0.003,62.335,43.167,0,0.541,0.394,0.024,0.124,0.542,0.077,0.23,4.364e-4,0,-0.011,0.702,0.714,3.27e-6,881.937,0.001,335.827,0.171,6.4,32.17
11.966,0.332,2643.08,456.9,0.262,0.003,62.327,43.167,0,0.541,0.394,0.024,0.124,0.542,0.083,0.249,-4.215e-4,0,-0.011,0.702,0.714,6.083e-6,881.811,0.001,335.823,0.17,6.4,32.17
11.987,0.347,2643.08,456.9,0.262,0.003,62.322,43.167,0,0.541,0.394,0.024,0.124,0.542,0.087,0.259,-1.932e-4,0,-0.012,0.702,0.714,9.479e-6,881.686,0.001,335.818,0.169,6.4,32.17
12.008,0.36,2643.08,456.9,0.262,0.003,62.318,43.167,0,0.541,0.394,0.024,0.124,0.541,0.09,0.269,-1.566e-5,0,-0.012,0.702,0.714,1.285e-5,881.562,0.001,335.814,0.169,6.4,32.17
12.029,0.373,2643.08,456.9,0.262,0.003,62.313,43.167,0,0.541,0.394,0.024,0.124,0.541,0.093,0.279,-1.626e-4,0,-0.012,0.702,0.714,1.56e-5,881.439,0.001,335.809,0.168,6.4,32.17
12.05,0.385,2643.08,456.9,0.262,0.003,62.308,43.167,0,0.541,0.394,0.024,0.124,0.541,0.096,0.288,1.254e-4,0,-0.012,0.702,0.714,1.706e-5,881.317,0.001,335.804,0.167,6.4,32.17
12.071,0.4,2643.08,456.9,0.262,0.003,62.301,43.167,0,0.541,0.394,0.024,0.124,0.541,0.1,0.299,-1.714e-4,0,-0.012,0.702,0.714,1.713e-5,881.195,0.001,335.8,0.167,6.4,32.17
12.092,0.415,2643.08,456.9,0.262,0.003,62.294,43.167,0,0.541,0.394,0.024,0.124,0.541,0.104,0.31,-3.461e-4,0,-0.012,0.702,0.714,1.567e-5,881.073,0.001,335.795,0.166,6.4,32.17
12.113,0.418,2643.08,456.9,0.262,0.003,62.291,43.167,0,0.541,0.394,0.023,0.124,0.541,0.105,0.313,4.114e-4,0,-0.012,0.702,0.714,1.19e-5,880.952,0.001,335.791,0.165,6.4,32.17
12.134,0.416,2643.08,456.9,0.262,0.003,62.29,43.167,0,0.541,0.394,0.023,0.124,0.541,0.104,0.311,5.945e-5,0,-0.012,0.702,0.715,6.484e-6,880.832,0.001,335.787,0.165,6.4,32.17
12.155,0.419,2643.08,456.9,0.262,0.003,62.288,43.167,0,0.541,0.394,0.023,0.123,0.541,0.105,0.312,4.723e-4,0,-0.012,0.702,0.715,2.049e-6,880.712,0.001,335.782,0.164,6.4,32.17
12.176,0.429,2643.08,456.9,0.262,0.003,62.283,43.167,0,0.541,0.394,0.023,0.123,0.541,0.107,0.321,2.284e-4,0,-0.013,0.702,0.715,1.423e-7,880.593,0.001,335.778,0.163,6.4,32.17
12.196,0.442,2643.08,456.9,0.262,0.003,62.278,43.167,0,0.54,0.394,0.023,0.123,0.541,0.111,0.33,-2.781e-5,0,-0.013,0.702,0.715,-3.469e-7,880.475,0.001,335.773,0.163,6.4,32.17
12.217,0.503,2643.08,456.9,0.262,0.003,62.255,43.167,0,0.54,0.394,0.023,0.123,0.541,0.126,0.377,1.482e-4,0,-0.013,0.702,0.715,-2.548e-8,880.357,0.001,335.769,0.162,6.4,32.17
12.238,0.575,2643.08,456.9,0.262,0.003,62.228,43.167,0,0.54,0.394,0.023,0.123,0.541,0.144,0.43,1.605e-4,0,-0.013,0.702,0.715,7.045e-7,880.238,0.001,335.765,0.161,6.4,32.17
12.26,0.642,2643.08,456.9,0.262,0.003,62.203,43.167,0,0.54,0.394,0.023,0.123,0.541,0.161,0.48,2.558e-4,0,-0.013,0.702,0.715,4.576e-6,880.118,0.001,335.76,0.161,6.4,32.17
12.281,0.703,2643.08,456.9,0.262,0.003,62.18,43.167,0,0.54,0.394,0.023,0.123,0.541,0.177,0.526,-3.168e-4,0,-0.013,0.702,0.715,1.35e-5,879.998,0.001,335.756,0.16,6.4,32.17
12.303,0.75,2643.08,456.9,0.262,0.003,62.163,43.167,0,0.54,0.394,0.023,0.123,0.541,0.189,0.561,-6.965e-5,0,-0.013,0.702,0.715,2.748e-5,879.877,0.001,335.751,0.16,6.4,32.17
12.325,0.729,2643.08,456.9,0.262,0.003,62.172,43.167,0,0.54,0.394,0.023,0.123,0.541,0.184,0.546,8.594e-5,0,-0.013,0.702,0.715,3.203e-5,879.757,0.001,335.747,0.159,6.4,32.17
12.346,0.708,2643.08,456.9,0.262,0.003,62.18,43.167,0,0.54,0.394,0.023,0.123,0.541,0.178,0.53,-3.685e-4,0,-0.013,0.702,0.715,2.931e-5,879.638,0.001,335.742,0.158,6.4,32.17
12.368,0.692,2643.08,456.9,0.262,0.003,62.185,43.167,0,0.54,0.394,0.023,0.123,0.541,0.174,0.518,2.11e-4,0,-0.013,0.702,0.715,2.155e-5,879.52,0.001,335.738,0.157,6.4,32.17
12.389,0.679,2643.08,456.9,0.262,0.003,62.188,43.167,0,0.54,0.394,0.023,0.123,0.541,0.171,0.507,1.809e-4,0,-0.013,0.702,0.715,1.124e-5,879.404,0.001,335.734,0.157,6.4,32.17
12.41,0.668,2643.08,456.9,0.262,0.003,62.19,43.167,0,0.54,0.394,0.023,0.123,0.54,0.168,0.5,-1.032e-5,0,-0.014,0.702,0.716,2.59e-6,879.289,0.001,335.729,0.156,6.4,32.17
12.432,0.662,2643.08,456.9,0.262,0.003,62.191,43.167,0,0.54,0.394,0.023,0.123,0.54,0.166,0.495,-3.107e-4,0,-0.014,0.702,0.716,-1.699e-7,879.174,0.001,335.725,0.155,6.4,32.17
12.453,0.66,2643.08,456.9,0.262,0.003,62.19,43.167,0,0.54,0.394,0.023,0.123,0.54,0.166,0.494,1.283e-4,0,-0.014,0.702,0.716,-5.901e-6,879.06,0.001,335.721,0.155,6.4,32.17
12.474,0.666,2643.08,456.9,0.262,0.003,62.188,43.167,0,0.539,0.394,0.022,0.123,0.54,0.167,0.497,-3.724e-4,0,-0.014,0.702,0.716,-1.672e-5,878.947,0.001,335.717,0.154,6.4,32.17
12.495,0.673,2643.08,456.9,0.262,0.003,62.185,43.167,0,0.539,0.394,0.022,0.123,0.54,0.169,0.503,1.896e-4,0,-0.014,0.702,0.716,-2.868e-5,878.834,0.001,335.713,0.153,6.4,32.17
12.516,0.683,2643.08,456.9,0.262,0.003,62.182,43.167,0,0.539,0.394,0.022,0.123,0.54,0.172,0.511,-4.577e-4,0,-0.014,0.702,0.716,-3.682e-5,878.722,0.001,335.708,0.153,6.4,32.17
12.537,0.693,2643.08,456.9,0.262,0.003,62.179,43.167,0,0.539,0.394,0.022,0.123,0.54,0.174,0.518,-4.324e-4,0,-0.014,0.702,0.716,-3.919e-5,878.61,0.001,335.704,0.152,6.4,32.17
12.558,0.701,2643.08,456.9,0.262,0.003,62.177,43.167,0,0.539,0.394,0.022,0.123,0.54,0.176,0.524,-8.378e-5,0,-0.014,0.702,0.716,-3.636e-5,878.499,0.001,335.7,0.151,6.4,32.17
12.579,0.704,2643.08,456.9,0.262,0.003,62.177,43.167,0,0.539,0.394,0.022,0.123,0.54,0.177,0.526,-1.415e-4,0,-0.015,0.702,0.716,-2.983e-5,878.388,0.001,335.696,0.151,6.4,32.17
12.601,0.704,2643.08,456.9,0.262,0.003,62.178,43.167,0,0.539,0.394,0.022,0.123,0.54,0.177,0.527,-3.269e-4,0,-0.015,0.702,0.717,-2.103e-5,878.278,0.001,335.692,0.15,6.4,32.17
12.622,0.696,2643.08,456.9,0.262,0.003,62.181,43.167,0,0.539,0.394,0.022,0.123,0.54,0.175,0.521,1.243e-4,0,-0.015,0.702,0.717,-1.449e-5,878.168,0.001,335.688,0.149,6.4,32.17
12.643,0.684,2643.08,456.9,0.262,0.003,62.185,43.167,0,0.539,0.394,0.022,0.123,0.54,0.172,0.511,-1.73e-4,0,-0.015,0.702,0.717,-8.314e-6,878.059,0.001,335.684,0.149,6.4,32.17
12.664,0.678,2643.08,456.9,0.262,0.003,62.186,43.167,0,0.539,0.394,0.022,0.123,0.54,0.171,0.507,-4.473e-4,0,-0.015,0.702,0.717,-2.88e-7,877.95,0.001,335.68,0.148,6.4,32.17
12.685,0.681,2643.08,456.9,0.262,0.003,62.185,43.167,0,0.539,0.394,0.022,0.123,0.54,0.171,0.509,-2.244e-4,0,-0.015,0.702,0.717,6.532e-6,877.841,0.001,335.676,0.147,6.4,32.17
12.707,0.673,2643.08,456.9,0.262,0.003,62.187,43.167,0,0.539,0.394,0.022,0.123,0.539,0.169,0.503,1.009e-5,0,-0.015,0.702,0.717,2.53e-5,877.731,0.001,335.672,0.147,6.4,32.17
12.729,0.637,2643.08,456.9,0.262,0.003,62.199,43.167,0,0.539,0.394,0.022,0.123,0.539,0.16,0.476,-2.603e-4,0,-0.015,0.702,0.717,3.326e-5,877.621,0.001,335.668,0.146,6.4,32.17
12.75,0.598,2643.08,456.9,0.262,0.003,62.213,43.167,0,0.539,0.394,0.022,0.123,0.539,0.15,0.447,-9.834e-6,0,-0.015,0.702,0.717,3.446e-5,877.512,0.001,335.664,0.145,6.4,32.17
12.772,0.571,2643.08,456.9,0.262,0.003,62.222,43.167,0,0.539,0.394,0.022,0.123,0.539,0.143,0.426,-1.55e-4,0,-0.016,0.702,0.717,4.241e-5,877.403,0.001,335.66,0.145,6.4,32.17
12.793,0.544,2643.08,456.9,0.262,0.003,62.231,43.167,0,0.538,0.394,0.022,0.123,0.539,0.136,0.406,4.563e-4,0,-0.016,0.702,0.717,4.541e-5,877.296,0.001,335.656,0.144,6.4,32.17
12.815,0.519,2643.08,456.9,0.262,0.003,62.24,43.167,0,0.538,0.394,0.022,0.123,0.539,0.13,0.387,3.502e-4,0,-0.016,0.702,0.717,4.448e-5,877.188,0.001,335.652,0.144,6.4,32.17
12.837,0.497,2643.08,456.9,0.262,0.003,62.248,43.167,0,0.538,0.394,0.022,0.123,0.539,0.125,0.371,7.894e-5,0,-0.016,0.702,0.717,3.901e-5,877.08,0.001,335.648,0.143,6.4,32.17
12.858,0.475,2643.08,456.9,0.262,0.003,62.256,43.167,0,0.538,0.394,0.022,0.123,0.539,0.119,0.355,-4.811e-4,0,-0.016,0.702,0.717,2.484e-5,876.973,0.001,335.644,0.142,6.4,32.17
12.88,0.453,2643.08,456.9,0.262,0.003,62.266,43.167,0,0.538,0.394,0.022,0.123,0.539,0.113,0.338,3.672e-4,0,-0.016,0.701,0.718,6.404e-6,876.866,0.001,335.64,0.142,6.4,32.17
12.902,0.436,2643.08,456.9,0.262,0.003,62.273,43.167,0,0.538,0.394,0.022,0.123,0.538,0.109,0.326,-3.642e-4,0,-0.016,0.701,0.718,-2.069e-7,876.76,0.001,335.636,0.141,6.4,32.17
12.924,0.423,2643.08,456.9,0.262,0.003,62.28,43.167,0,0.538,0.394,0.021,0.123,0.538,0.106,0.316,1.953e-4,0,-0.017,0.701,0.718,-2.351e-5,876.654,0.001,335.632,0.14,6.4,32.17
12.945,0.42,2643.08,456.9,0.262,0.003,62.282,43.167,0,0.538,0.394,0.021,0.123,0.538,0.105,0.314,-3.318e-4,0,-0.017,0.701,0.718,-7.815e-5,876.55,0.001,335.628,0.139,6.4,32.17
12.967,0.427,2643.08,456.9,0.262,0.003,62.28,43.167,0,0.538,0.394,0.021,0.123,0.538,0.107,0.319,2.233e-4,0,-0.017,0.701,0.718,-7.623e-5,876.446,0.001,335.624,0.139,6.4,32.17
12.989,0.443,2643.08,456.9,0.262,0.003,62.274,43.167,0,0.538,0.394,0.021,0.122,0.538,0.111,0.33,7.121e-5,0,-0.017,0.701,0.718,-5.552e-5,876.342,0.001,335.62,0.138,6.4,32.17
13.011,0.468,2643.08,456.9,0.262,0.003,62.264,43.167,0,0.538,0.394,0.021,0.122,0.538,0.117,0.35,-2.876e-4,0,-0.017,0.701,0.718,-3.535e-5,876.238,0.001,335.616,0.138,6.4,32.17
13.033,0.503,2643.08,456.9,0.262,0.003,62.25,43.167,0,0.538,0.394,0.021,0.122,0.538,0.126,0.376,2.379e-4,0,-0.017,0.701,0.718,-1.851e-5,876.133,0.001,335.613,0.137,6.4,32.17
13.055,0.543,2643.08,456.9,0.262,0.003,62.234,43.167,0,0.538,0.394,0.021,0.122,0.538,0.136,0.406,2.347e-4,0,-0.017,0.701,0.718,-8.08e-6,876.028,0.001,335.609,0.136,6.4,32.17
13.078,0.577,2643.08,456.9,0.262,0.003,62.221,43.167,0,0.538,0.394,0.021,0.122,0.538,0.145,0.431,9.425e-5,0,-0.017,0.701,0.718,-3.798e-6,875.923,0.001,335.605,0.136,6.4,32.17
13.1,0.612,2643.08,456.9,0.262,0.003,62.207,43.167,0,0.538,0.394,0.021,0.122,0.538,0.154,0.457,-2.22e-4,0,-0.017,0.701,0.718,-8.736e-7,875.818,0.001,335.601,0.135,6.4,32.17
13.123,0.595,2643.08,456.9,0.262,0.003,62.212,43.167,0,0.538,0.394,0.021,0.122,0.538,0.149,0.445,3.378e-4,0,-0.018,0.701,0.719,-4.62e-6,875.714,0.001,335.597,0.134,6.4,32.17
13.145,0.582,2643.08,456.9,0.262,0.003,62.216,43.167,0,0.537,0.394,0.021,0.122,0.538,0.146,0.434,-2.557e-4,0,-0.018,0.701,0.719,-1.125e-5,875.611,0.001,335.593,0.134,6.4,32.17
13.167,0.571,2643.08,456.9,0.262,0.003,62.218,43.167,0,0.537,0.394,0.021,0.122,0.538,0.143,0.426,-1.781e-4,0,-0.018,0.701,0.72,-1.929e-5,875.51,0.001,335.589,0.133,6.4,32.17
13.189,0.562,2643.08,456.9,0.262,0.003,62.22,43.167,0,0.537,0.394,0.021,0.122,0.538,0.141,0.42,3.435e-4,0,-0.019,0.701,0.72,-2.724e-5,875.411,0.001,335.586,0.132,6.4,32.17
13.211,0.575,2643.08,456.9,0.262,0.003,62.215,43.167,0,0.537,0.394,0.021,0.122,0.538,0.144,0.429,-4.165e-4,0,-0.019,0.701,0.72,-1.873e-5,875.312,0.001,335.582,0.132,6.4,32.17
13.232,0.615,2643.08,456.9,0.262,0.003,62.199,43.167,0,0.537,0.394,0.021,0.122,0.538,0.154,0.46,-1.187e-4,0,-0.019,0.701,0.72,-3.201e-6,875.214,0.001,335.579,0.131,6.4,32.17
13.254,0.646,2643.08,456.9,0.262,0.003,62.186,43.167,0,0.537,0.394,0.021,0.122,0.538,0.162,0.482,1.6e-5,0,-0.019,0.701,0.72,4.041e-8,875.115,0.001,335.575,0.13,6.4,32.17
13.277,0.61,2643.08,456.9,0.262,0.003,62.199,43.167,0,0.537,0.394,0.021,0.122,0.538,0.153,0.455,4.418e-4,0,-0.019,0.701,0.72,-9.125e-8,875.016,0.001,335.571,0.13,6.4,32.17
13.299,0.577,2643.08,456.9,0.262,0.003,62.213,43.167,0,0.537,0.394,0.021,0.122,0.538,0.145,0.431,-3.131e-4,0,-0.02,0.701,0.721,-1.242e-6,874.919,0.001,335.568,0.129,6.4,32.17
13.32,0.542,2643.08,456.9,0.262,0.003,62.227,43.167,0,0.537,0.394,0.021,0.122,0.538,0.136,0.405,4.645e-4,0,-0.02,0.701,0.721,-6.323e-6,874.823,0.001,335.564,0.128,6.4,32.17
13.342,0.512,2643.08,456.9,0.262,0.003,62.24,43.167,0,0.537,0.394,0.021,0.122,0.537,0.128,0.382,2.99e-4,0,-0.02,0.701,0.721,-1.692e-5,874.729,0.001,335.561,0.127,6.4,32.17
13.363,0.497,2643.08,456.9,0.262,0.003,62.247,43.167,0,0.537,0.394,0.021,0.122,0.537,0.124,0.371,-2.842e-4,0,-0.021,0.701,0.722,-1.934e-5,874.636,0.001,335.557,0.127,6.4,32.17
13.384,0.488,2643.08,456.9,0.262,0.003,62.251,43.167,0,0.537,0.394,0.021,0.122,0.537,0.122,0.364,2.974e-4,0,-0.021,0.701,0.722,-1.417e-5,874.543,0.001,335.554,0.126,6.4,32.17
13.406,0.484,2643.08,456.9,0.262,0.003,62.252,43.167,0,0.537,0.394,0.021,0.122,0.537,0.121,0.361,1.554e-4,0,-0.021,0.701,0.722,-6.546e-6,874.451,0.001,335.55,0.125,6.4,32.17
13.427,0.501,2643.08,456.9,0.262,0.003,62.246,43.167,0,0.537,0.394,0.02,0.122,0.537,0.125,0.373,-3.801e-4,0,-0.021,0.701,0.722,0,874.358,0.001,335.547,0.125,6.4,32.17
13.449,0.528,2643.08,456.9,0.262,0.003,62.235,43.167,0,0.537,0.394,0.02,0.122,0.537,0.132,0.395,1.966e-4,0,-0.021,0.701,0.722,6.165e-6,874.265,0.001,335.543,0.124,6.4,32.17
13.471,0.507,2643.08,456.9,0.262,0.003,62.243,43.167,0,0.537,0.394,0.02,0.122,0.537,0.127,0.378,9.258e-5,0,-0.021,0.701,0.722,8.572e-6,874.172,0.001,335.54,0.124,6.4,32.17
13.493,0.484,2643.08,456.9,0.262,0.003,62.252,43.167,0,0.537,0.394,0.02,0.122,0.537,0.121,0.361,-1.383e-4,0,-0.021,0.701,0.722,9.444e-6,874.079,0.001,335.536,0.123,6.4,32.17
13.515,0.483,2643.08,456.9,0.262,0.003,62.253,43.167,0,0.537,0.394,0.02,0.122,0.537,0.121,0.36,-3.009e-5,0,-0.022,0.701,0.723,1.594e-5,873.987,0.001,335.533,0.122,6.4,32.17
13.537,0.494,2643.08,456.9,0.262,0.003,62.248,43.167,0,0.536,0.394,0.02,0.122,0.537,0.124,0.369,3.318e-4,0,-0.022,0.701,0.723,2.779e-5,873.895,0.001,335.53,0.122,6.4,32.17
13.559,0.507,2643.08,456.9,0.262,0.003,62.243,43.167,0,0.536,0.394,0.02,0.122,0.537,0.127,0.379,1.19e-4,0,-0.022,0.701,0.723,4.183e-5,873.804,0.001,335.526,0.121,6.4,32.17
13.581,0.524,2643.08,456.9,0.262,0.003,62.236,43.167,0,0.536,0.394,0.02,0.122,0.537,0.131,0.39,3.908e-4,0,-0.022,0.701,0.723,5.703e-5,873.713,0.001,335.523,0.12,6.4,32.17
13.604,0.539,2643.08,456.9,0.262,0.003,62.229,43.167,0,0.536,0.394,0.02,0.122,0.537,0.135,0.403,3.486e-4,0,-0.022,0.701,0.723,7.116e-5,873.622,0.001,335.52,0.12,6.4,32.17
13.626,0.544,2643.08,456.9,0.262,0.003,62.227,43.167,0,0.536,0.394,0.02,0.122,0.537,0.136,0.405,2.641e-4,0,-0.022,0.701,0.723,7.748e-5,873.531,0.001,335.516,0.119,6.4,32.17
13.648,0.549,2643.08,456.9,0.262,0.003,62.224,43.167,0,0.536,0.394,0.02,0.122,0.537,0.138,0.41,3.828e-4,0,-0.023,0.701,0.724,7.95e-5,873.441,0.001,335.513,0.118,6.4,32.17
13.67,0.604,2643.08,456.9,0.262,0.003,62.202,43.167,0,0.536,0.394,0.02,0.122,0.537,0.151,0.451,3.525e-4,0,-0.023,0.701,0.724,9.934e-5,873.351,0.001,335.51,0.118,6.4,32.17
13.693,0.666,2643.08,456.9,0.262,0.003,62.177,43.167,0,0.536,0.394,0.02,0.122,0.537,0.167,0.497,-2.081e-5,0,-0.023,0.701,0.724,1.2e-4,873.261,0.001,335.506,0.117,6.4,32.17
13.716,0.68,2643.08,456.9,0.262,0.003,62.17,43.167,0,0.536,0.394,0.02,0.122,0.537,0.171,0.508,3.594e-4,0,-0.023,0.701,0.724,1.181e-4,873.171,0.001,335.503,0.116,6.4,32.17
13.738,0.674,2643.08,456.9,0.262,0.003,62.172,43.167,0,0.536,0.394,0.02,0.122,0.537,0.169,0.503,-3.089e-4,0,-0.023,0.701,0.724,9.792e-5,873.082,0.001,335.5,0.116,6.4,32.17
13.761,0.678,2643.08,456.9,0.262,0.003,62.169,43.167,0,0.536,0.394,0.02,0.122,0.537,0.17,0.506,3.133e-4,0,-0.024,0.701,0.725,7.427e-5,872.993,0.001,335.496,0.115,6.4,32.17
13.783,0.692,2643.08,456.9,0.262,0.003,62.163,43.167,0,0.536,0.394,0.02,0.122,0.537,0.174,0.516,-2.25e-4,0,-0.024,0.701,0.725,5.207e-5,872.905,0.001,335.493,0.114,6.4,32.17
13.806,0.709,2643.08,456.9,0.262,0.003,62.156,43.167,0,0.536,0.394,0.02,0.122,0.537,0.178,0.529,-1.51e-5,0,-0.024,0.701,0.725,3.127e-5,872.818,0.001,335.49,0.114,6.4,32.17
13.828,0.73,2643.08,456.9,0.262,0.003,62.149,43.167,0,0.536,0.394,0.02,0.122,0.537,0.184,0.544,-2.579e-4,0,-0.025,0.701,0.725,1.458e-5,872.732,0.001,335.487,0.113,6.4,32.17
13.851,0.757,2643.08,456.9,0.262,0.003,62.138,43.167,0,0.536,0.394,0.02,0.122,0.537,0.191,0.565,1.986e-4,0,-0.025,0.701,0.726,4.546e-6,872.645,0.001,335.483,0.112,6.4,32.17
13.873,0.889,2643.08,456.9,0.262,0.003,62.088,43.167,0,0.536,0.394,0.02,0.122,0.537,0.225,0.664,5.465e-5,0,-0.025,0.701,0.726,1.131e-5,872.56,0.001,335.48,0.112,6.4,32.17
13.896,1.028,2643.08,456.9,0.262,0.003,62.036,43.167,0,0.536,0.394,0.02,0.122,0.537,0.26,0.768,-4.62e-4,0,-0.025,0.701,0.725,2.178e-5,872.473,0.001,335.477,0.111,6.4,32.17
13.919,1.044,2643.08,456.9,0.262,0.003,62.031,43.167,0,0.536,0.394,0.02,0.122,0.537,0.265,0.78,4.665e-4,0,-0.025,0.701,0.726,1.485e-5,872.386,0.001,335.474,0.11,6.4,32.17
13.942,1.037,2643.08,456.9,0.262,0.003,62.035,43.167,0,0.536,0.394,0.02,0.122,0.537,0.263,0.774,-5.314e-5,0,-0.026,0.701,0.726,5.669e-6,872.3,0.001,335.471,0.11,6.4,32.17
13.965,1.1,2643.08,456.9,0.262,0.003,62.011,43.167,0,0.535,0.394,0.02,0.122,0.537,0.279,0.823,-4.916e-4,0,-0.026,0.701,0.727,5.497e-6,872.216,0.001,335.467,0.109,6.4,32.17
13.988,1.199,2643.08,456.9,0.262,0.003,61.975,43.167,0,0.535,0.394,0.019,0.122,0.538,0.305,0.896,-2.76e-4,0,-0.026,0.701,0.727,1.092e-5,872.131,0.001,335.464,0.108,6.4,32.17
14.011,1.284,2643.08,456.9,0.262,0.003,61.944,43.167,0,0.535,0.394,0.019,0.122,0.538,0.327,0.961,-3.82e-4,0,-0.026,0.701,0.727,1.844e-5,872.046,0.001,335.461,0.108,6.4,32.17
14.035,1.353,2643.08,456.9,0.262,0.003,61.918,43.167,0,0.535,0.394,0.019,0.121,0.538,0.345,1.012,4.127e-4,0,-0.026,0.701,0.727,2.732e-5,871.962,0.001,335.458,0.107,6.4,32.17
14.058,1.435,2643.08,456.9,0.262,0.003,61.888,43.167,0,0.535,0.394,0.019,0.121,0.538,0.367,1.074,4.137e-4,0,-0.027,0.701,0.727,4.293e-5,871.878,0.001,335.455,0.106,6.4,32.17
14.082,1.543,2643.08,456.9,0.262,0.003,61.848,43.167,0,0.535,0.394,0.019,0.121,0.539,0.396,1.155,8.49e-5,0,-0.027,0.701,0.727,7.29e-5,871.794,0.001,335.452,0.106,6.4,32.17
14.105,1.636,2643.08,456.9,0.262,0.003,61.813,43.167,0,0.535,0.394,0.019,0.121,0.539,0.42,1.225,-3.859e-4,0,-0.027,0.701,0.728,1.113e-4,871.71,0.001,335.449,0.105,6.4,32.17
14.129,1.677,2643.08,456.9,0.262,0.003,61.798,43.167,0,0.535,0.394,0.019,0.121,0.539,0.431,1.255,-4.801e-4,0,-0.027,0.701,0.728,1.407e-4,871.626,0.001,335.446,0.104,6.4,32.17
14.153,1.715,2643.08,456.9,0.262,0.003,61.783,43.167,0,0.535,0.394,0.019,0.121,0.54,0.441,1.284,1.009e-4,0,-0.028,0.701,0.728,1.688e-4,871.543,0.001,335.443,0.104,6.4,32.17
14.176,1.757,2643.08,456.9,0.262,0.003,61.766,43.167,0,0.535,0.394,0.019,0.121,0.54,0.453,1.316,-2.225e-4,0,-0.028,0.701,0.729,1.963e-4,871.461,0.001,335.44,0.103,6.4,32.17
14.2,1.797,2643.08,456.9,0.262,0.003,61.75,43.167,0,0.535,0.394,0.019,0.121,0.54,0.464,1.345,-3.728e-4,0,-0.028,0.701,0.729,2.181e-4,871.379,0.001,335.436,0.102,6.4,32.17
14.224,1.762,2643.08,456.9,0.262,0.003,61.762,43.167,0,0.535,0.394,0.019,0.121,0.54,0.454,1.319,-3.347e-4,0,-0.029,0.7,0.73,1.887e-4,871.297,0.001,335.433,0.102,6.4,32.17
14.247,1.73,2643.08,456.9,0.262,0.003,61.773,43.167,0,0.535,0.394,0.019,0.121,0.539,0.445,1.295,-3.305e-4,0,-0.03,0.7,0.73,1.411e-4,871.218,0.001,335.431,0.101,6.4,32.17
14.271,1.78,2643.08,456.9,0.262,0.003,61.753,43.167,0,0.535,0.394,0.019,0.121,0.54,0.459,1.333,-3.984e-4,0,-0.03,0.7,0.731,1.299e-4,871.139,0.001,335.428,0.1,6.4,32.17
14.294,1.843,2643.08,456.9,0.262,0.003,61.73,43.167,0,0.535,0.394,0.019,0.121,0.54,0.476,1.38,-7.486e-5,0,-0.03,0.7,0.731,1.229e-4,871.061,0.001,335.425,0.1,6.4,32.17
14.318,1.872,2643.08,456.9,0.262,0.003,61.72,43.167,0,0.535,0.394,0.019,0.121,0.54,0.483,1.402,3.715e-4,0,-0.031,0.7,0.731,9.65e-5,870.982,0.001,335.422,0.099,6.4,32.17
14.341,1.89,2643.08,456.9,0.262,0.003,61.713,43.167,0,0.535,0.394,0.019,0.121,0.54,0.489,1.416,-4.652e-5,0,-0.031,0.7,0.732,6.434e-5,870.905,0.001,335.419,0.098,6.4,32.17
14.365,1.893,2643.08,456.9,0.262,0.003,61.712,43.167,0,0.535,0.394,0.019,0.121,0.54,0.489,1.418,2.786e-4,0,-0.032,0.7,0.732,2.991e-5,870.828,0.001,335.416,0.098,6.4,32.17
14.388,1.89,2643.08,456.9,0.262,0.003,61.714,43.167,0,0.535,0.394,0.019,0.121,0.54,0.488,1.416,4.621e-4,0,-0.032,0.7,0.733,5.471e-6,870.751,0.001,335.413,0.097,6.4,32.17
14.412,1.965,2643.08,456.9,0.262,0.003,61.688,43.167,0,0.535,0.394,0.019,0.121,0.54,0.509,1.473,1.906e-4,0,-0.032,0.7,0.733,2.6e-6,870.676,0.001,335.41,0.096,6.4,32.17
14.435,2.122,2643.08,456.9,0.262,0.003,61.632,43.167,0,0.535,0.394,0.019,0.121,0.541,0.551,1.591,-2.626e-4,0,-0.032,0.7,0.733,1.387e-5,870.601,0.001,335.408,0.096,6.4,32.17
14.459,2.228,2643.08,456.9,0.262,0.003,61.595,43.167,0,0.534,0.394,0.019,0.121,0.542,0.58,1.671,-2.026e-5,0,-0.032,0.7,0.733,2.253e-5,870.524,0.001,335.405,0.095,6.4,32.17
14.484,2.245,2643.08,456.9,0.262,0.003,61.59,43.167,0,0.534,0.394,0.019,0.121,0.542,0.585,1.683,-2.805e-4,0,-0.033,0.7,0.733,1.179e-5,870.448,0.001,335.402,0.094,6.4,32.17
14.508,2.24,2643.08,456.9,0.262,0.003,61.592,43.167,0,0.534,0.394,0.019,0.121,0.542,0.584,1.68,-1.425e-4,0,-0.034,0.7,0.734,2.019e-6,870.373,0.001,335.399,0.094,6.4,32.17
14.532,2.194,2643.08,456.9,0.262,0.003,61.609,43.167,0,0.534,0.395,0.019,0.121,0.542,0.571,1.645,2.222e-4,0,-0.035,0.7,0.735,-5.243e-6,870.299,0.001,335.396,0.093,6.4,32.17
14.555,2.169,2643.08,456.9,0.262,0.003,61.617,43.167,0,0.534,0.395,0.019,0.121,0.541,0.564,1.626,1.042e-4,0,-0.036,0.7,0.736,-3.204e-5,870.226,0.001,335.394,0.092,6.4,32.17
14.579,2.203,2643.08,456.9,0.262,0.003,61.605,43.167,0,0.534,0.395,0.019,0.121,0.542,0.573,1.652,-2.032e-4,0,-0.036,0.7,0.736,-4.591e-5,870.155,0.001,335.391,0.092,6.4,32.17
14.602,2.232,2643.08,456.9,0.262,0.003,61.594,43.167,0,0.534,0.395,0.019,0.121,0.542,0.581,1.674,-3.071e-4,0,-0.037,0.7,0.737,-5.982e-5,870.084,0.001,335.389,0.091,6.4,32.17
14.626,2.215,2643.08,456.9,0.262,0.003,61.599,43.167,0,0.534,0.395,0.019,0.121,0.542,0.577,1.661,-2.591e-4,0,-0.037,0.7,0.738,-1.063e-4,870.014,0.001,335.386,0.09,6.4,32.17
14.649,2.201,2643.08,456.9,0.262,0.003,61.604,43.167,0,0.534,0.395,0.019,0.121,0.542,0.573,1.65,3.077e-4,0,-0.038,0.7,0.738,-1.608e-4,869.945,0.001,335.383,0.089,6.4,32.17
14.672,2.168,2643.08,456.9,0.262,0.003,61.614,43.167,0,0.534,0.395,0.019,0.121,0.541,0.564,1.625,-2.48e-4,0,-0.039,0.7,0.739,-2.487e-4,869.877,0.001,335.381,0.089,6.4,32.17
14.695,2.138,2643.08,456.9,0.262,0.003,61.624,43.167,0,0.534,0.395,0.019,0.121,0.541,0.556,1.603,2.57e-4,0,-0.04,0.7,0.74,-3.466e-4,869.809,0.001,335.378,0.088,6.4,32.17
14.718,2.192,2643.08,456.9,0.262,0.003,61.604,43.167,0,0.534,0.395,0.019,0.121,0.541,0.57,1.643,-2.754e-4,0,-0.04,0.7,0.74,-2.795e-4,869.743,0.001,335.376,0.087,6.4,32.17
14.741,2.271,2643.08,456.9,0.262,0.003,61.575,43.167,0,0.534,0.395,0.018,0.121,0.542,0.592,1.703,-2.192e-4,0,-0.04,0.7,0.74,-1.748e-4,869.677,0.001,335.373,0.087,6.4,32.17
14.764,2.299,2643.08,456.9,0.262,0.003,61.564,43.167,0,0.534,0.395,0.018,0.121,0.542,0.6,1.724,1.931e-4,0,-0.041,0.7,0.741,-1.306e-4,869.61,0.001,335.371,0.086,6.4,32.17
14.788,2.292,2643.08,456.9,0.262,0.003,61.566,43.167,0,0.534,0.395,0.018,0.121,0.542,0.598,1.718,2.526e-4,0,-0.041,0.7,0.742,-1.146e-4,869.544,0.001,335.369,0.085,6.4,32.17
14.811,2.362,2643.08,456.9,0.262,0.003,61.541,43.167,0,0.534,0.395,0.018,0.121,0.542,0.617,1.771,-8.178e-5,0,-0.042,0.7,0.742,-4.483e-5,869.479,0.001,335.366,0.085,6.4,32.17
14.835,2.531,2643.08,456.9,0.262,0.003,61.482,43.167,0,0.534,0.395,0.018,0.121,0.543,0.663,1.899,-2.232e-4,0,-0.041,0.7,0.741,5.671e-7,869.413,0.001,335.364,0.084,6.4,32.17
14.86,2.65,2643.08,456.9,0.262,0.003,61.44,43.167,0,0.534,0.395,0.018,0.121,0.544,0.697,1.989,1.185e-4,0,-0.041,0.7,0.741,4.688e-5,869.346,0.001,335.361,0.084,6.4,32.17
14.884,2.666,2643.08,456.9,0.262,0.003,61.434,43.167,0,0.534,0.395,0.018,0.121,0.544,0.701,2,-3.214e-4,0,-0.042,0.7,0.742,1.102e-4,869.279,0.001,335.359,0.083,6.4,32.17
14.909,2.671,2643.08,456.9,0.262,0.003,61.432,43.167,0,0.534,0.395,0.018,0.121,0.544,0.702,2.005,-1.539e-4,0,-0.042,0.7,0.743,1.926e-4,869.212,0.001,335.356,0.082,6.4,32.17
14.934,2.663,2643.08,456.9,0.262,0.003,61.435,43.167,0,0.534,0.395,0.018,0.121,0.544,0.7,1.998,3.907e-4,0,-0.043,0.7,0.743,2.815e-4,869.146,0.001,335.354,0.082,6.4,32.17
14.958,2.67,2643.08,456.9,0.262,0.003,61.433,43.167,0,0.534,0.395,0.018,0.121,0.544,0.702,2.003,7.578e-6,0,-0.044,0.7,0.744,3.928e-4,869.081,0.001,335.351,0.081,6.4,32.17
14.983,2.714,2643.08,456.9,0.262,0.003,61.418,43.167,0,0.534,0.395,0.018,0.121,0.545,0.714,2.036,2.329e-4,0,-0.044,0.7,0.745,5.559e-4,869.017,0.001,335.349,0.08,6.4,32.17
15.008,2.724,2643.08,456.9,0.262,0.003,61.415,43.167,0,0.534,0.395,0.018,0.121,0.545,0.717,2.044,-4.717e-4,0,-0.045,0.7,0.745,6.959e-4,868.953,0.001,335.347,0.08,6.4,32.17
15.033,2.663,2643.08,456.9,0.262,0.003,61.437,43.167,0,0.534,0.395,0.018,0.121,0.544,0.7,1.998,-4.129e-4,0,-0.046,0.7,0.746,7.223e-4,868.889,0.001,335.344,0.079,6.4,32.17
15.057,2.619,2643.08,456.9,0.262,0.003,61.452,43.167,0,0.534,0.395,0.018,0.121,0.544,0.688,1.965,1.622e-4,0,-0.047,0.7,0.747,7.268e-4,868.827,0.001,335.342,0.078,6.4,32.17
15.082,2.616,2643.08,456.9,0.262,0.003,61.454,43.167,0,0.534,0.395,0.018,0.121,0.544,0.687,1.963,-3.37e-5,0,-0.048,0.7,0.748,7.578e-4,868.765,0.001,335.34,0.077,6.4,32.17
15.107,2.618,2643.08,456.9,0.262,0.003,61.454,43.167,0,0.534,0.395,0.018,0.121,0.544,0.688,1.965,4.458e-4,0,-0.049,0.7,0.749,7.684e-4,868.704,0.001,335.337,0.077,6.4,32.17
15.131,2.635,2643.08,456.9,0.262,0.003,61.448,43.167,0,0.533,0.395,0.018,0.121,0.544,0.692,1.977,4.786e-4,0,-0.05,0.7,0.75,7.732e-4,868.644,0.001,335.335,0.076,6.4,32.17
15.156,2.654,2643.08,456.9,0.262,0.003,61.442,43.167,0,0.533,0.395,0.018,0.121,0.544,0.698,1.991,2.969e-4,0,-0.05,0.7,0.75,7.504e-4,868.584,0.001,335.333,0.075,6.4,32.17
15.181,2.668,2643.08,456.9,0.262,0.003,61.438,43.167,0,0.533,0.395,0.018,0.121,0.544,0.702,2.002,1.855e-4,0,-0.051,0.7,0.751,6.899e-4,868.524,0.001,335.331,0.075,6.4,32.17
15.206,2.696,2643.08,456.9,0.262,0.003,61.428,43.167,0,0.533,0.395,0.018,0.121,0.544,0.709,2.023,-2.429e-4,0,-0.052,0.7,0.752,6.247e-4,868.465,0.001,335.329,0.074,6.4,32.17
15.231,2.76,2643.08,456.9,0.262,0.003,61.406,43.167,0,0.533,0.395,0.018,0.121,0.545,0.727,2.071,-1.457e-4,0,-0.052,0.7,0.752,5.94e-4,868.406,0.001,335.326,0.073,6.4,32.17
15.256,2.841,2643.08,456.9,0.262,0.003,61.378,43.167,0,0.533,0.395,0.018,0.121,0.545,0.75,2.133,3.8e-4,0,-0.053,0.7,0.753,5.7e-4,868.348,0.001,335.324,0.073,6.4,32.17
15.281,2.965,2643.08,456.9,0.262,0.003,61.335,43.167,0,0.533,0.395,0.018,0.121,0.546,0.785,2.227,-3.937e-4,0,-0.053,0.7,0.753,5.896e-4,868.289,0.001,335.322,0.072,6.4,32.17
15.307,3.061,2643.08,456.9,0.262,0.003,61.302,43.167,0,0.533,0.395,0.018,0.121,0.547,0.812,2.3,-2.368e-4,0,-0.054,0.7,0.754,5.585e-4,868.231,0.001,335.32,0.072,6.4,32.17
15.333,3.067,2643.08,456.9,0.262,0.003,61.299,43.167,0,0.533,0.395,0.018,0.121,0.547,0.814,2.305,-4.22e-5,0,-0.055,0.7,0.755,3.983e-4,868.173,0.001,335.318,0.071,6.4,32.17
15.359,3.128,2643.08,456.9,0.262,0.003,61.278,43.167,0,0.533,0.395,0.018,0.121,0.547,0.831,2.351,-2.755e-4,0,-0.056,0.7,0.756,3.011e-4,868.116,0.001,335.316,0.07,6.4,32.17
15.384,3.296,2643.08,456.9,0.262,0.003,61.22,43.167,0,0.533,0.395,0.018,0.121,0.549,0.879,2.479,-2.428e-4,0,-0.056,0.7,0.756,3.108e-4,868.06,0.001,335.314,0.069,6.4,32.17
15.41,3.44,2643.08,456.9,0.262,0.003,61.171,43.167,0,0.533,0.395,0.018,0.121,0.55,0.92,2.588,-3.76e-4,0,-0.057,0.7,0.757,2.947e-4,868.004,0.001,335.311,0.069,6.4,32.17
15.437,3.54,2643.08,456.9,0.262,0.003,61.137,43.167,0,0.533,0.395,0.018,0.121,0.551,0.949,2.664,-4.843e-4,0,-0.058,0.7,0.758,2.376e-4,867.947,0.001,335.309,0.068,6.4,32.17
15.463,3.62,2643.08,456.9,0.262,0.003,61.11,43.167,0,0.533,0.395,0.018,0.121,0.552,0.972,2.725,3.288e-4,0,-0.059,0.7,0.759,1.712e-4,867.892,0.001,335.307,0.067,6.4,32.17
15.49,3.681,2643.08,456.9,0.262,0.003,61.089,43.167,0,0.533,0.395,0.018,0.121,0.552,0.99,2.772,-3.673e-4,0,-0.061,0.7,0.761,1.018e-4,867.837,0.001,335.305,0.067,6.4,32.17
15.516,3.85,2643.08,456.9,0.262,0.003,61.033,43.167,0,0.533,0.395,0.018,0.121,0.554,1.039,2.9,3.24e-4,0,-0.061,0.7,0.761,9.448e-5,867.783,0.001,335.303,0.066,6.4,32.17
15.542,4.097,2643.08,456.9,0.262,0.003,60.951,43.167,0,0.533,0.395,0.018,0.121,0.556,1.111,3.088,1.601e-5,0,-0.062,0.7,0.761,1.299e-4,867.73,0.001,335.301,0.065,6.4,32.17
15.569,4.207,2643.08,456.9,0.262,0.003,60.915,43.167,0,0.533,0.395,0.018,0.121,0.557,1.144,3.173,4.672e-4,0,-0.063,0.7,0.763,1.065e-4,867.676,0.001,335.299,0.065,6.4,32.17
15.596,4.263,2643.08,456.9,0.262,0.003,60.896,43.167,0,0.533,0.395,0.018,0.121,0.558,1.161,3.216,-4.037e-4,0,-0.065,0.7,0.765,6.44e-5,867.623,0.001,335.297,0.064,6.4,32.17
15.623,4.395,2643.08,456.9,0.262,0.003,60.854,43.167,0,0.533,0.395,0.018,0.121,0.559,1.2,3.316,-1.121e-4,0,-0.066,0.7,0.766,5.447e-5,867.571,0.001,335.295,0.063,6.4,32.17
15.65,4.544,2643.08,456.9,0.262,0.003,60.806,43.167,0,0.533,0.395,0.018,0.121,0.561,1.244,3.43,2.363e-4,0,-0.067,0.7,0.767,5.353e-5,867.52,0.001,335.294,0.063,6.4,32.17
15.677,4.87,2643.08,456.9,0.262,0.003,60.703,43.167,0,0.533,0.395,0.018,0.121,0.565,1.343,3.68,-4.687e-4,0,-0.067,0.7,0.767,1.217e-4,867.47,0.001,335.292,0.062,6.4,32.17
15.704,5.168,2643.08,456.9,0.262,0.003,60.611,43.167,0,0.533,0.395,0.018,0.12,0.568,1.434,3.909,-4.658e-4,0,-0.067,0.7,0.767,2.136e-4,867.419,0.001,335.29,0.062,6.4,32.17
15.732,5.209,2643.08,456.9,0.262,0.003,60.598,43.167,0,0.533,0.395,0.018,0.12,0.569,1.447,3.94,-1.533e-4,0,-0.07,0.7,0.77,2.016e-4,867.368,0.001,335.288,0.061,6.4,32.17
15.76,5.342,2643.08,456.9,0.262,0.003,60.557,43.167,0,0.533,0.395,0.018,0.12,0.57,1.488,4.043,2.211e-5,0,-0.072,0.7,0.771,2.292e-4,867.318,0.001,335.286,0.06,6.4,32.17
15.787,5.646,2643.08,456.9,0.262,0.003,60.465,43.167,0,0.533,0.395,0.018,0.12,0.574,1.583,4.278,1.205e-4,0,-0.072,0.7,0.772,3.666e-4,867.27,0.001,335.284,0.059,6.4,32.17
15.815,5.81,2643.08,456.9,0.262,0.003,60.416,43.167,0,0.533,0.395,0.018,0.12,0.576,1.634,4.404,2.584e-4,0,-0.074,0.7,0.773,4.662e-4,867.221,0.001,335.283,0.059,6.4,32.17
15.843,5.852,2643.08,456.9,0.262,0.003,60.404,43.167,0,0.533,0.395,0.018,0.12,0.576,1.647,4.437,-4.652e-5,0,-0.076,0.7,0.776,4.9e-4,867.173,0.001,335.281,0.058,6.4,32.17
15.871,6.03,2643.08,456.9,0.262,0.003,60.351,43.167,0,0.533,0.395,0.018,0.12,0.579,1.704,4.575,3.153e-4,0,-0.078,0.7,0.778,5.996e-4,867.126,0.001,335.279,0.057,6.4,32.17
15.899,6.257,2643.08,456.9,0.262,0.003,60.285,43.167,0,0.533,0.395,0.017,0.12,0.582,1.776,4.749,3.829e-4,0,-0.079,0.7,0.779,7.685e-4,867.08,0.001,335.277,0.057,6.4,32.17
15.927,6.582,2643.08,456.9,0.262,0.003,60.191,43.167,0,0.533,0.395,0.017,0.12,0.586,1.881,5.002,1.601e-4,0,-0.08,0.7,0.779,0.001,867.035,0.001,335.276,0.056,6.4,32.17
15.956,6.932,2643.08,456.9,0.262,0.003,60.091,43.167,0,0.533,0.395,0.017,0.12,0.591,1.995,5.274,1.489e-4,0,-0.08,0.7,0.78,0.001,866.989,0.001,335.274,0.055,6.4,32.17
15.985,7.334,2643.08,456.9,0.262,0.003,59.979,43.167,0,0.533,0.395,0.017,0.12,0.596,2.128,5.587,4.321e-4,0,-0.08,0.7,0.78,0.002,866.944,0.001,335.272,0.055,6.4,32.17
16.015,7.524,2643.08,456.9,0.262,0.003,59.927,43.167,0,0.533,0.395,0.017,0.12,0.599,2.191,5.735,-3.941e-4,0,-0.082,0.7,0.782,0.002,866.899,0.001,335.271,0.054,6.4,32.17
16.044,7.483,2643.08,456.9,0.262,0.003,59.938,43.167,0,0.532,0.395,0.017,0.12,0.598,2.177,5.702,1.13e-4,0,-0.087,0.7,0.786,0.003,866.854,0.001,335.269,0.053,6.4,32.17
16.073,7.591,2643.08,456.9,0.262,0.003,59.909,43.167,0,0.532,0.395,0.017,0.12,0.6,2.213,5.786,-2.224e-4,0,-0.089,0.7,0.789,0.003,866.811,0.001,335.267,0.052,6.4,32.17
16.102,7.74,2643.08,456.9,0.262,0.003,59.868,43.167,0,0.532,0.395,0.017,0.12,0.602,2.263,5.903,-4.079e-4,0,-0.092,0.7,0.792,0.003,866.77,0.001,335.266,0.052,6.4,32.17
16.131,7.911,2643.08,456.9,0.262,0.003,59.822,43.167,0,0.532,0.395,0.017,0.12,0.604,2.321,6.037,5.741e-5,0,-0.094,0.7,0.794,0.004,866.729,0.001,335.264,0.051,6.4,32.17
16.16,8.136,2643.08,456.9,0.262,0.003,59.761,43.167,0,0.532,0.395,0.017,0.12,0.607,2.398,6.213,-3.734e-4,0,-0.096,0.7,0.796,0.004,866.689,0.001,335.263,0.05,6.4,32.17
16.19,8.454,2643.08,456.9,0.262,0.003,59.676,43.167,0,0.532,0.395,0.017,0.12,0.612,2.507,6.462,5.325e-5,0,-0.097,0.7,0.797,0.004,866.649,0.001,335.261,0.05,6.4,32.17
16.219,8.736,2643.08,456.9,0.262,0.003,59.602,43.167,0,0.532,0.395,0.017,0.12,0.616,2.604,6.684,-3.044e-4,0,-0.099,0.7,0.799,0.005,866.61,0.001,335.26,0.049,6.4,32.17
16.249,9.004,2643.08,456.9,0.262,0.003,59.533,43.167,0,0.532,0.395,0.017,0.12,0.619,2.698,6.895,7.636e-5,0,-0.101,0.7,0.801,0.005,866.572,0.001,335.258,0.048,6.4,32.17
16.28,9.493,2643.08,456.9,0.262,0.003,59.408,43.167,0,0.532,0.395,0.017,0.12,0.626,2.871,7.281,2.495e-4,0,-0.101,0.7,0.801,0.006,866.534,0.001,335.257,0.048,6.4,32.17
16.311,9.896,2643.08,456.9,0.262,0.003,59.307,43.167,0,0.532,0.395,0.017,0.12,0.632,3.016,7.599,-2.248e-4,0,-0.102,0.7,0.802,0.007,866.496,0.001,335.256,0.047,6.4,32.17
16.342,10.086,2643.08,456.9,0.262,0.003,59.26,43.167,0,0.532,0.395,0.017,0.12,0.634,3.085,7.749,3.529e-4,0,-0.106,0.7,0.806,0.007,866.459,0.001,335.254,0.046,6.4,32.17
16.373,10.514,2643.08,456.9,0.262,0.003,59.156,43.167,0,0.532,0.395,0.017,0.12,0.64,3.241,8.089,4.137e-4,0,-0.107,0.7,0.807,0.008,866.422,0.001,335.253,0.046,6.4,32.17
16.405,11.009,2643.08,456.9,0.262,0.003,59.038,43.167,0,0.532,0.395,0.017,0.12,0.646,3.424,8.483,2.229e-4,0,-0.108,0.7,0.807,0.009,866.387,0.001,335.252,0.045,6.4,32.17
16.437,11.341,2643.08,456.9,0.262,0.003,58.96,43.167,0,0.532,0.395,0.017,0.12,0.651,3.549,8.747,2.937e-4,0,-0.111,0.7,0.81,0.01,866.351,0.001,335.25,0.044,6.4,32.17
16.47,11.698,2643.08,456.9,0.262,0.003,58.877,43.167,0,0.532,0.395,0.017,0.12,0.655,3.684,9.033,1.618e-4,0,-0.113,0.7,0.813,0.011,866.317,0.001,335.249,0.044,6.4,32.17
16.503,12.077,2643.08,456.9,0.262,0.003,58.792,43.167,0,0.532,0.395,0.017,0.12,0.659,3.829,9.336,-1.77e-4,0,-0.116,0.7,0.816,0.011,866.283,0.001,335.248,0.043,6.4,32.17
16.536,12.429,2643.08,456.9,0.262,0.003,58.713,43.167,0,0.532,0.395,0.017,0.12,0.663,3.965,9.619,3.837e-4,0,-0.12,0.7,0.819,0.012,866.25,0.001,335.247,0.042,6.4,32.17
16.569,13.025,2643.08,456.9,0.262,0.003,58.583,43.167,0,0.532,0.395,0.017,0.12,0.67,4.198,10.099,-2.739e-4,0,-0.12,0.7,0.82,0.013,866.218,0.001,335.245,0.042,6.4,32.17
16.603,13.797,2643.08,456.9,0.262,0.003,58.421,43.167,0,0.532,0.395,0.017,0.12,0.677,4.506,10.724,2.366e-4,0,-0.118,0.7,0.818,0.014,866.187,0.001,335.244,0.041,6.4,32.17
16.639,14.408,2643.08,456.9,0.262,0.003,58.296,43.167,0,0.532,0.395,0.017,0.12,0.682,4.754,11.222,-9.85e-5,0,-0.12,0.7,0.819,0.016,866.155,0.001,335.243,0.041,6.4,32.17
16.675,15.025,2643.08,456.9,0.262,0.003,58.173,43.167,0,0.532,0.395,0.017,0.12,0.686,5.008,11.725,3.179e-4,0,-0.121,0.7,0.821,0.018,866.125,0.001,335.242,0.04,6.4,32.17
16.711,15.549,2643.08,456.9,0.262,0.003,58.072,43.167,0,0.532,0.395,0.017,0.12,0.688,5.226,12.152,4.222e-4,0,-0.125,0.7,0.825,0.019,866.095,0.001,335.241,0.039,6.4,32.17
16.748,15.837,2643.08,456.9,0.262,0.003,58.017,43.167,0,0.533,0.396,0.017,0.12,0.691,5.348,12.388,-1.412e-5,0,-0.132,0.7,0.832,0.021,866.066,0.001,335.24,0.038,6.4,32.17
16.784,16.499,2643.08,456.9,0.262,0.003,57.894,43.167,0,0.534,0.397,0.017,0.12,0.694,5.63,12.933,1.81e-4,0,-0.134,0.7,0.834,0.023,866.04,0.001,335.239,0.038,6.4,32.17
16.821,17.283,2643.08,456.9,0.262,0.003,57.753,43.167,0,0.536,0.398,0.017,0.12,0.696,5.97,13.581,-2.36e-4,0,-0.134,0.7,0.834,0.025,866.014,0.001,335.238,0.037,6.4,32.17
16.86,18.177,2643.08,456.9,0.262,0.003,57.599,43.167,0,0.537,0.399,0.017,0.12,0.697,6.364,14.325,-3.194e-4,0,-0.133,0.7,0.833,0.027,865.988,0.001,335.237,0.037,6.4,32.17
16.899,19.175,2643.08,456.9,0.262,0.003,57.434,43.167,0,0.538,0.4,0.017,0.12,0.695,6.814,15.161,1.412e-4,0,-0.131,0.7,0.831,0.029,865.964,0.001,335.236,0.036,6.4,32.17
16.94,19.968,2643.08,456.9,0.262,0.003,57.308,43.167,0,0.539,0.402,0.017,0.12,0.694,7.177,15.826,4.682e-4,0,-0.133,0.7,0.833,0.033,865.94,0.001,335.235,0.036,6.4,32.17
16.982,20.826,2643.08,456.9,0.262,0.003,57.177,43.167,0,0.54,0.403,0.017,0.12,0.692,7.401,15.752,2.66e-4,0,-0.191,0.642,0.832,0.036,865.917,0.001,335.234,0.035,6.4,32.17
17.012,21.479,2643.08,456.9,0.262,0.003,57.081,43.167,0,0.541,0.404,0.017,0.12,0.689,7.571,15.676,-2.857e-4,0,-0.232,0.596,0.828,0.038,865.902,0.001,335.234,0.035,6.4,32.17
17.038,22.046,2643.08,456.9,0.262,0.003,57,43.167,0,0.542,0.405,0.017,0.12,0.687,7.721,15.613,3.526e-5,0,-0.266,0.556,0.822,0.04,865.889,0.001,335.233,0.034,6.4,32.17
17.06,22.566,2643.08,456.9,0.262,0.003,56.927,43.167,0,0.543,0.406,0.017,0.12,0.684,7.861,15.555,4.362e-4,0,-0.295,0.52,0.815,0.041,865.879,0.001,335.233,0.034,6.4,32.17
17.081,23.055,2643.08,456.9,0.262,0.003,56.86,43.167,0,0.544,0.406,0.017,0.12,0.681,7.995,15.503,7.733e-5,0,-0.322,0.486,0.808,0.042,865.87,0.001,335.233,0.034,6.4,32.17
17.1,23.518,2643.08,456.9,0.262,0.003,56.799,43.167,0,0.544,0.407,0.017,0.12,0.677,8.123,15.455,-1.336e-4,0,-0.346,0.453,0.799,0.042,865.862,0.001,335.232,0.034,6.4,32.17
17.118,23.882,2643.08,456.9,0.262,0.003,56.751,43.167,0,0.545,0.408,0.017,0.12,0.675,8.225,15.416,1.302e-4,0,-0.365,0.428,0.793,0.044,865.855,0.001,335.232,0.033,6.4,32.17
17.136,24.242,2643.08,456.9,0.262,0.003,56.705,43.167,0,0.546,0.408,0.017,0.12,0.673,8.327,15.379,4.647e-4,0,-0.382,0.403,0.785,0.045,865.849,0.001,335.232,0.033,6.4,32.17
17.153,24.62,2643.08,456.9,0.262,0.003,56.657,43.167,0,0.546,0.409,0.017,0.12,0.67,8.436,15.342,3.135e-4,0,-0.401,0.376,0.777,0.046,865.843,0.001,335.231,0.033,6.4,32.17
17.169,25.09,2643.08,456.9,0.262,0.003,56.599,43.167,0,0.546,0.409,0.017,0.12,0.665,8.571,15.297,7.596e-5,0,-0.422,0.344,0.766,0.046,865.837,0.001,335.231,0.033,6.4,32.17
17.185,25.542,2643.08,456.9,0.262,0.003,56.544,43.167,0,0.547,0.41,0.017,0.12,0.661,8.704,15.255,-2.041e-4,0,-0.443,0.312,0.755,0.046,865.832,0.001,335.231,0.033,6.4,32.17
17.2,25.98,2643.08,456.9,0.262,0.003,56.492,43.167,0,0.547,0.41,0.017,0.12,0.657,8.833,15.215,-2.688e-4,0,-0.462,0.281,0.743,0.046,865.827,0.001,335.231,0.033,6.4,32.17
17.215,26.385,2643.08,456.9,0.262,0.003,56.444,43.167,0,0.547,0.41,0.017,0.12,0.652,8.954,15.178,3.559e-4,0,-0.479,0.253,0.732,0.046,865.823,0.001,335.231,0.032,6.4,32.17
17.229,26.782,2643.08,456.9,0.262,0.003,56.399,43.167,0,0.548,0.41,0.017,0.12,0.648,9.074,15.143,-4.059e-4,0,-0.495,0.225,0.72,0.047,865.819,0.001,335.231,0.032,6.4,32.17
17.243,27.172,2643.08,456.9,0.262,0.003,56.355,43.167,0,0.548,0.411,0.017,0.12,0.644,9.192,15.11,3.384e-4,0,-0.51,0.198,0.708,0.047,865.815,0.001,335.23,0.032,6.4,32.17
17.256,27.582,2643.08,456.9,0.262,0.003,56.31,43.167,0,0.548,0.411,0.017,0.12,0.639,9.318,15.075,-4.483e-4,0,-0.526,0.169,0.696,0.048,865.812,0.001,335.23,0.032,6.4,32.17
17.269,28.011,2643.08,456.9,0.262,0.003,56.264,43.167,0,0.548,0.411,0.017,0.12,0.634,9.451,15.039,-4.952e-4,0,-0.543,0.139,0.682,0.048,865.809,0.001,335.23,0.032,6.4,32.17
17.282,28.429,2643.08,456.9,0.262,0.003,56.22,43.167,0,0.548,0.411,0.017,0.12,0.628,9.581,15.006,-5.046e-5,0,-0.559,0.11,0.668,0.048,865.806,0.001,335.23,0.032,6.4,32.17
17.295,28.835,2643.08,456.9,0.262,0.003,56.178,43.167,0,0.548,0.411,0.017,0.12,0.623,9.709,14.974,2.783e-4,0,-0.573,0.082,0.655,0.048,865.803,0.001,335.23,0.032,6.4,32.17
17.307,29.168,2643.08,456.9,0.262,0.003,56.144,43.167,0,0.548,0.411,0.017,0.12,0.619,9.815,14.948,-2.846e-5,0,-0.584,0.058,0.642,0.049,865.801,0.001,335.23,0.032,6.4,32.17
17.319,29.45,2643.08,456.9,0.262,0.003,56.116,43.167,0,0.549,0.412,0.017,0.12,0.615,9.905,14.926,-1.169e-4,0,-0.593,0.038,0.631,0.05,865.799,0.001,335.23,0.032,6.4,32.17
17.33,29.734,2643.08,456.9,0.262,0.003,56.088,43.167,0,0.549,0.412,0.017,0.12,0.612,9.995,14.903,1.644e-4,0,-0.601,0.019,0.62,0.052,865.796,0.001,335.23,0.032,6.4,32.17
17.342,30.018,2643.08,456.9,0.262,0.003,56.06,43.167,0,0.55,0.412,0.017,0.12,0.608,10.087,14.88,-1.212e-4,0,-0.608,0,0.608,0.054,865.794,0.001,335.23,0.032,6.4,32.17
17.354,30.307,2643.08,456.9,0.262,0.003,56.033,43.167,0,0.55,0.413,0.017,0.12,0.605,10.18,14.858,-3.938e-4,0,-0.596,0,0.596,0.056,865.793,0.001,335.23,0.031,6.4,32.17
17.366,30.613,2643.08,456.9,0.262,0.003,56.004,43.167,0,0.55,0.413,0.017,0.12,0.601,10.28,14.835,-4.111e-4,0,-0.584,0,0.584,0.058,865.791,0.001,335.23,0.031,6.4,32.17
17.379,30.93,2643.08,456.9,0.262,0.003,55.974,43.167,0,0.55,0.413,0.017,0.12,0.596,10.383,14.81,2.201e-4,0,-0.572,0,0.572,0.06,865.789,0.001,335.23,0.031,6.4,32.17
17.391,31.257,2643.08,456.9,0.262,0.003,55.944,43.167,0,0.551,0.414,0.017,0.12,0.592,10.491,14.786,-7.586e-5,0,-0.56,0,0.56,0.062,865.788,0.001,335.229,0.031,6.4,32.17
17.404,31.611,2643.08,456.9,0.262,0.003,55.913,43.167,0,0.551,0.414,0.017,0.12,0.587,10.608,14.76,-2.68e-4,0,-0.548,0,0.548,0.064,865.787,0.001,335.229,0.031,6.4,32.17
17.418,32.007,2643.08,456.9,0.262,0.003,55.878,43.167,0,0.551,0.414,0.017,0.12,0.581,10.739,14.733,9.977e-5,0,-0.534,0,0.534,0.066,865.785,0.001,335.229,0.031,6.4,32.17
17.432,32.413,2643.08,456.9,0.262,0.003,55.843,43.167,0,0.551,0.414,0.017,0.12,0.575,10.875,14.705,-2.268e-4,0,-0.521,0,0.521,0.069,865.784,0.001,335.229,0.031,6.4,32.17
17.446,32.83,2643.08,456.9,0.262,0.003,55.807,43.167,0,0.551,0.414,0.017,0.12,0.568,11.015,14.677,-2.519e-4,0,-0.507,0,0.507,0.071,865.783,0.001,335.229,0.031,6.4,32.17
17.461,33.222,2643.08,456.9,0.262,0.003,55.775,43.167,0,0.552,0.415,0.017,0.12,0.562,11.147,14.65,-3.727e-4,0,-0.495,0,0.495,0.075,865.783,0.001,335.229,0.031,6.4,32.17
17.476,33.613,2643.08,456.9,0.262,0.003,55.743,43.167,0,0.552,0.415,0.017,0.12,0.556,11.28,14.624,-7.473e-5,0,-0.482,0,0.482,0.079,865.782,0.001,335.229,0.031,6.4,32.17
17.492,34.017,2643.08,456.9,0.262,0.003,55.711,43.167,0,0.552,0.415,0.017,0.12,0.55,11.418,14.596,1.215e-4,0,-0.469,0,0.469,0.084,865.782,0.001,335.229,0.031,6.4,32.17
17.508,34.425,2643.08,456.9,0.262,0.003,55.68,43.167,0,0.553,0.415,0.017,0.12,0.544,11.558,14.568,-4.878e-4,0,-0.457,0,0.457,0.089,865.782,0.001,335.229,0.03,6.4,32.17
17.525,34.837,2643.08,456.9,0.262,0.003,55.648,43.167,0,0.553,0.416,0.017,0.12,0.538,11.7,14.54,1.629e-4,0,-0.444,0,0.444,0.096,865.782,0.001,335.229,0.03,6.4,32.17
17.542,35.264,2643.08,456.9,0.262,0.003,55.617,43.167,0,0.553,0.416,0.017,0.12,0.531,11.847,14.511,-4.893e-4,0,-0.431,0,0.431,0.103,865.783,0.001,335.229,0.03,6.4,32.17
17.56,35.733,2643.08,456.9,0.262,0.003,55.583,43.167,0,0.554,0.416,0.017,0.12,0.523,12.01,14.48,4.19e-4,0,-0.418,0,0.418,0.11,865.783,0.001,335.229,0.03,6.4,32.17
17.579,36.236,2643.08,456.9,0.262,0.003,55.548,43.167,0,0.554,0.417,0.017,0.12,0.515,12.186,14.45,-2.662e-4,0,-0.404,0,0.404,0.116,865.785,0.001,335.229,0.03,6.4,32.17
17.599,36.751,2643.08,456.9,0.262,0.003,55.512,43.167,0,0.554,0.417,0.017,0.12,0.506,12.367,14.419,-3.57e-4,0,-0.39,0,0.39,0.124,865.786,0.001,335.229,0.03,6.4,32.17
17.619,37.346,2643.08,456.9,0.262,0.003,55.473,43.167,0,0.553,0.416,0.017,0.12,0.496,12.577,14.388,3.903e-4,0,-0.374,0,0.374,0.129,865.788,0.001,335.229,0.03,6.4,32.17
17.64,37.949,2643.08,456.9,0.262,0.003,55.435,43.167,0,0.553,0.416,0.017,0.12,0.485,12.79,14.358,1.429e-4,0,-0.358,0,0.358,0.134,865.791,0.001,335.23,0.03,6.4,32.17
17.661,38.506,2643.08,456.9,0.262,0.003,55.4,43.167,0,0.553,0.416,0.017,0.12,0.475,12.988,14.327,6.473e-5,0,-0.343,0,0.343,0.143,865.794,0.001,335.23,0.03,6.4,32.17
17.684,39.025,2643.08,456.9,0.262,0.003,55.369,43.167,0,0.553,0.416,0.017,0.12,0.466,13.174,14.295,-1.038e-4,0,-0.329,0,0.329,0.156,865.798,0.001,335.23,0.03,6.4,32.17
17.708,39.562,2643.08,456.9,0.262,0.003,55.339,43.167,0,0.553,0.416,0.017,0.12,0.457,13.366,14.261,-4.094e-4,0,-0.314,0,0.314,0.169,865.803,0.001,335.23,0.03,6.4,32.17
17.732,40.122,2643.08,456.9,0.262,0.003,55.307,43.167,0,0.553,0.416,0.017,0.12,0.447,13.567,14.228,-1.916e-4,0,-0.299,0,0.299,0.183,865.808,0.001,335.23,0.03,6.4,32.17
17.758,40.72,2643.08,456.9,0.262,0.003,55.275,43.167,0,0.552,0.415,0.017,0.12,0.436,13.782,14.198,3.196e-4,0,-0.283,0,0.283,0.194,865.814,0.001,335.23,0.031,6.4,32.17
17.785,41.387,2643.08,456.9,0.262,0.003,55.241,43.167,0,0.551,0.414,0.017,0.12,0.424,14.022,14.173,-3.839e-4,0,-0.265,0,0.265,0.199,865.821,0.001,335.231,0.031,6.4,32.17
17.813,41.957,2643.08,456.9,0.262,0.003,55.213,43.167,0,0.55,0.413,0.017,0.12,0.413,14.229,14.143,2.837e-4,0,-0.249,0,0.249,0.212,865.829,0.001,335.231,0.031,6.4,32.17
17.842,42.434,2643.08,456.9,0.262,0.003,55.191,43.167,0,0.55,0.413,0.017,0.12,0.405,14.401,14.105,-6.499e-5,0,-0.235,0,0.235,0.238,865.838,0.001,335.231,0.031,6.4,32.17
17.873,42.925,2643.08,456.9,0.262,0.003,55.168,43.167,0,0.55,0.413,0.017,0.12,0.396,14.579,14.068,-2.462e-4,0,-0.22,0,0.22,0.263,865.849,0.001,335.232,0.031,6.4,32.17
17.906,43.419,2643.08,456.9,0.262,0.003,55.147,43.167,0,0.549,0.412,0.017,0.12,0.387,14.758,14.034,-4.791e-5,0,-0.205,0,0.205,0.286,865.862,0.001,335.232,0.032,6.4,32.17
17.941,43.949,2643.08,456.9,0.262,0.003,55.124,43.167,0,0.547,0.41,0.017,0.12,0.377,14.95,14.015,-3.094e-4,0,-0.187,0,0.187,0.293,865.876,0.001,335.233,0.032,6.4,32.17
17.977,44.381,2643.08,456.9,0.262,0.003,55.107,43.167,0,0.546,0.409,0.017,0.12,0.368,15.107,13.991,2.624e-4,0,-0.17,0,0.17,0.309,865.892,0.001,335.233,0.033,6.4,32.17
17.993,44.534,2643.08,456.9,0.262,0.003,55.101,43.167,0,0.545,0.408,0.017,0.12,0.365,15.162,13.979,-4.078e-4,0,-0.164,0,0.164,0.317,865.899,0.001,335.234,0.033,6.4,32.17
18.017,44.69,2643.08,456.9,0.262,0.003,55.095,43.167,0,0.545,0.408,0.017,0.12,0.362,15.219,13.953,3.504e-4,0,-0.155,0,0.155,0.34,865.911,0.001,335.234,0.033,6.4,32.17
18.052,44.838,2643.08,456.9,0.262,0.003,55.089,43.167,0,0.544,0.407,0.017,0.12,0.359,15.272,13.906,2.344e-4,0,-0.143,0,0.143,0.384,865.929,0.001,335.235,0.034,6.4,32.17
18.096,44.903,2643.08,456.9,0.262,0.003,55.086,43.167,0,0.544,0.407,0.017,0.12,0.358,15.296,13.838,2.16e-4,0,-0.13,0,0.13,0.451,865.954,0.001,335.236,0.034,6.4,32.17
18.145,44.903,2643.08,456.9,0.262,0.003,55.086,43.167,0,0.542,0.405,0.017,0.12,0.357,15.296,13.797,-1.928e-4,0,-0.115,0,0.115,0.492,865.982,0.001,335.237,0.034,6.4,32.17
18.195,44.719,2643.08,456.9,0.262,0.003,55.094,43.167,0,0.541,0.403,0.017,0.12,0.359,15.229,13.753,-3.552e-4,0,-0.101,0,0.101,0.54,866.014,0.001,335.238,0.035,6.4,32.17
18.245,44.326,2643.08,456.9,0.262,0.003,55.109,43.167,0,0.539,0.402,0.017,0.12,0.365,15.087,13.694,-5.591e-5,0,-0.089,0,0.089,0.607,866.049,0.001,335.239,0.036,6.4,32.17
18.295,43.748,2643.08,456.9,0.262,0.003,55.133,43.167,0,0.538,0.401,0.017,0.12,0.373,14.877,13.632,-3.77e-4,0,-0.078,0,0.078,0.68,866.085,0.001,335.24,0.036,6.4,32.17
18.345,42.996,2643.08,456.9,0.262,0.003,55.166,43.167,0,0.536,0.399,0.017,0.12,0.385,14.605,13.582,1.474e-4,0,-0.068,0,0.068,0.749,866.124,0.001,335.242,0.037,6.4,32.17
18.395,42.083,2643.08,456.9,0.262,0.003,55.208,43.167,0,0.534,0.397,0.017,0.12,0.399,14.274,13.557,3.973e-4,0,-0.059,0,0.059,0.797,866.166,0.001,335.243,0.038,6.4,32.17
18.445,40.944,2643.08,456.9,0.262,0.003,55.265,43.167,0,0.533,0.396,0.017,0.12,0.417,13.863,13.512,1.072e-4,0,-0.052,0,0.052,0.875,866.209,0.001,335.245,0.039,6.4,32.17
18.495,39.639,2643.08,456.9,0.262,0.003,55.335,43.167,0,0.532,0.395,0.017,0.12,0.438,13.394,13.493,-3.218e-4,0,-0.045,0,0.045,0.937,866.255,0.001,335.247,0.039,6.4,32.17
18.545,38.107,2643.08,456.9,0.262,0.003,55.426,43.167,0,0.532,0.395,0.017,0.12,0.464,12.846,13.462,4.153e-4,0,-0.039,0,0.039,1.025,866.303,0.001,335.249,0.04,6.4,32.17
18.595,36.403,2643.08,456.9,0.262,0.003,55.538,43.167,0,0.532,0.395,0.017,0.12,0.492,12.245,13.462,4.891e-4,0,-0.033,0,0.033,1.099,866.354,0.001,335.25,0.041,6.4,32.17
18.644,34.514,2643.08,456.9,0.262,0.003,55.675,43.167,0,0.532,0.395,0.017,0.12,0.522,11.589,13.483,1.735e-4,0,0,0,0,1.173,866.406,0.001,335.252,0.042,6.4,32.17
18.692,32.539,2643.08,456.9,0.262,0.003,55.834,43.167,0,0.532,0.395,0.017,0.12,0.553,10.918,13.537,1.594e-4,0,0,0,0,1.232,866.459,0.001,335.254,0.043,6.4,32.17
18.738,30.502,2643.08,456.9,0.262,0.003,56.017,43.167,0,0.532,0.395,0.017,0.12,0.582,10.244,13.628,-3.7e-6,0,0,0,0,1.275,866.511,0.001,335.256,0.044,6.4,32.17
18.782,28.455,2643.08,456.9,0.262,0.003,56.22,43.167,0,0.532,0.395,0.017,0.12,0.61,9.59,13.77,-3.844e-5,0,0.077,0.108,0.031,1.287,866.564,0.001,335.258,0.045,6.4,32.17
18.825,26.288,2643.08,456.9,0.262,0.003,56.459,43.167,0,0.532,0.395,0.017,0.12,0.636,8.926,13.918,-9.158e-5,0,0.212,0.26,0.048,1.321,866.616,0.001,335.26,0.046,6.4,32.17
18.841,25.406,2643.08,456.9,0.262,0.003,56.564,43.167,0,0.532,0.395,0.017,0.12,0.645,8.664,13.979,-1.061e-4,0,0.263,0.321,0.059,1.34,866.636,0.001,335.261,0.046,6.4,32.17
18.854,24.7,2643.08,456.9,0.262,0.003,56.651,43.167,0,0.532,0.395,0.017,0.12,0.652,8.459,14.036,-3.634e-4,0,0.302,0.371,0.069,1.349,866.652,0.001,335.261,0.046,6.4,32.17
18.865,24.103,2643.08,456.9,0.262,0.003,56.727,43.167,0,0.532,0.395,0.017,0.12,0.658,8.288,14.097,1.066e-4,0,0.334,0.413,0.079,1.348,866.666,0.001,335.262,0.046,6.4,32.17
18.875,23.563,2643.08,456.9,0.262,0.003,56.797,43.167,0,0.532,0.395,0.017,0.12,0.662,8.136,14.155,-2.039e-4,0,0.362,0.45,0.088,1.345,866.679,0.001,335.262,0.047,6.4,32.17
18.884,23.066,2643.08,456.9,0.262,0.003,56.864,43.167,0,0.532,0.395,0.017,0.12,0.666,7.999,14.211,4.737e-4,0,0.387,0.485,0.098,1.34,866.691,0.001,335.263,0.047,6.4,32.17
18.892,22.602,2643.08,456.9,0.262,0.003,56.927,43.167,0,0.532,0.395,0.017,0.12,0.67,7.872,14.267,4.717e-4,0,0.41,0.518,0.107,1.333,866.702,0.001,335.263,0.047,6.4,32.17
18.9,22.165,2643.08,456.9,0.262,0.003,56.988,43.167,0,0.532,0.395,0.017,0.12,0.673,7.754,14.321,-1.92e-4,0,0.431,0.548,0.117,1.325,866.712,0.001,335.264,0.047,6.4,32.17
18.908,21.763,2643.08,456.9,0.262,0.003,57.045,43.167,0,0.532,0.395,0.017,0.12,0.676,7.646,14.379,-3.07e-4,0,0.45,0.576,0.126,1.312,866.722,0.001,335.264,0.047,6.4,32.17
18.915,21.38,2643.08,456.9,0.262,0.003,57.101,43.167,0,0.532,0.395,0.017,0.12,0.678,7.546,14.435,2.219e-4,0,0.468,0.603,0.135,1.298,866.731,0.001,335.264,0.048,6.4,32.17
18.921,21.013,2643.08,456.9,0.262,0.003,57.155,43.167,0,0.532,0.395,0.017,0.12,0.68,7.45,14.493,3.046e-4,0,0.485,0.629,0.144,1.283,866.74,0.001,335.265,0.048,6.4,32.17
18.928,20.661,2643.08,456.9,0.262,0.003,57.208,43.167,0,0.532,0.395,0.017,0.12,0.682,7.36,14.549,1.319e-4,0,0.5,0.653,0.153,1.266,866.749,0.001,335.265,0.048,6.4,32.17
18.934,20.322,2643.08,456.9,0.262,0.003,57.259,43.167,0,0.532,0.395,0.017,0.12,0.684,7.274,14.606,-2.693e-4,0,0.515,0.677,0.162,1.249,866.757,0.001,335.265,0.048,6.4,32.17
18.94,19.996,2643.08,456.9,0.262,0.003,57.31,43.167,0,0.532,0.395,0.017,0.12,0.685,7.191,14.66,4.08e-4,0,0.528,0.7,0.171,1.231,866.765,0.001,335.266,0.048,6.4,32.17
18.946,19.68,2643.08,456.9,0.262,0.003,57.359,43.167,0,0.532,0.395,0.017,0.12,0.687,7.045,14.412,1.342e-4,0,0.52,0.7,0.18,1.211,866.773,0.001,335.266,0.048,6.4,32.17
18.952,19.348,2643.08,456.9,0.262,0.003,57.412,43.167,0,0.532,0.395,0.017,0.12,0.688,6.893,14.148,1.676e-4,0,0.511,0.7,0.189,1.194,866.781,0.001,335.266,0.048,6.4,32.17
18.958,18.977,2643.08,456.9,0.262,0.003,57.472,43.167,0,0.532,0.395,0.017,0.12,0.689,6.725,13.845,4.7e-4,0,0.502,0.7,0.197,1.185,866.789,0.001,335.267,0.049,6.4,32.17
18.964,18.601,2643.08,456.9,0.262,0.003,57.534,43.167,0,0.532,0.395,0.017,0.12,0.69,6.555,13.54,-2.861e-4,0,0.494,0.7,0.206,1.175,866.798,0.001,335.267,0.049,6.4,32.17
18.97,18.22,2643.08,456.9,0.262,0.003,57.598,43.167,0,0.532,0.395,0.017,0.12,0.691,6.384,13.234,-6.646e-5,0,0.485,0.7,0.215,1.161,866.806,0.001,335.267,0.049,6.4,32.17
18.976,17.834,2643.08,456.9,0.262,0.003,57.663,43.167,0,0.532,0.395,0.017,0.12,0.692,6.213,12.927,1.187e-4,0,0.476,0.7,0.224,1.146,866.815,0.001,335.267,0.049,6.4,32.17
18.982,17.443,2643.08,456.9,0.262,0.003,57.731,43.167,0,0.532,0.395,0.017,0.12,0.692,6.04,12.619,3.034e-4,0,0.468,0.7,0.232,1.127,866.824,0.001,335.268,0.049,6.4,32.17
18.989,17.047,2643.08,456.9,0.262,0.003,57.801,43.167,0,0.532,0.395,0.017,0.12,0.692,5.868,12.311,-5.011e-5,0,0.459,0.7,0.241,1.105,866.832,0.001,335.268,0.049,6.4,32.17
18.995,16.646,2643.08,456.9,0.262,0.003,57.873,43.167,0,0.532,0.395,0.017,0.12,0.692,5.694,12.004,-3.217e-4,0,0.45,0.7,0.249,1.081,866.842,0.001,335.268,0.049,6.4,32.17
19.002,16.26,2643.08,456.9,0.262,0.003,57.944,43.167,0,0.532,0.395,0.017,0.12,0.691,5.528,11.717,-3.565e-4,0,0.442,0.7,0.258,1.047,866.851,0.001,335.269,0.049,6.4,32.17
19.008,15.926,2643.08,456.9,0.262,0.003,58.006,43.167,0,0.532,0.395,0.017,0.12,0.69,5.386,11.494,1.092e-4,0,0.434,0.7,0.266,0.994,866.86,0.001,335.269,0.049,6.4,32.17
19.015,15.595,2643.08,456.9,0.262,0.003,58.068,43.167,0,0.532,0.395,0.017,0.12,0.689,5.246,11.278,2.026e-5,0,0.426,0.7,0.274,0.938,866.87,0.001,335.27,0.05,6.4,32.17
19.022,15.269,2643.08,456.9,0.262,0.003,58.131,43.167,0,0.532,0.395,0.017,0.12,0.687,5.11,11.07,-3.75e-4,0,0.418,0.7,0.282,0.877,866.88,0.001,335.27,0.05,6.4,32.17
19.029,14.949,2643.08,456.9,0.262,0.003,58.193,43.167,0,0.532,0.395,0.017,0.12,0.686,4.976,10.87,4.463e-4,0,0.41,0.7,0.29,0.814,866.889,0.001,335.27,0.05,6.4,32.17
19.036,14.635,2643.08,456.9,0.262,0.003,58.255,43.167,0,0.532,0.395,0.017,0.12,0.684,4.847,10.679,1.541e-4,0,0.402,0.7,0.297,0.747,866.9,0.001,335.271,0.05,6.4,32.17
19.043,14.329,2643.08,456.9,0.262,0.003,58.316,43.167,0,0.532,0.395,0.017,0.12,0.682,4.722,10.499,1.392e-4,0,0.395,0.7,0.305,0.678,866.91,0.001,335.271,0.05,6.4,32.17
19.05,14.033,2643.08,456.9,0.262,0.003,58.376,43.167,0,0.532,0.395,0.017,0.12,0.679,4.601,10.329,-1.608e-4,0,0.387,0.7,0.313,0.606,866.92,0.001,335.271,0.051,6.4,32.17
19.057,13.695,2643.08,456.9,0.262,0.003,58.445,43.167,0,0.532,0.395,0.017,0.12,0.676,4.465,10.116,1.177e-4,0,0.379,0.7,0.32,0.543,866.931,0.001,335.272,0.051,6.4,32.17
19.064,13.363,2643.08,456.9,0.262,0.003,58.515,43.167,0,0.532,0.395,0.017,0.12,0.673,4.332,9.912,2.473e-4,0,0.372,0.7,0.328,0.477,866.941,0.001,335.272,0.051,6.4,32.17
19.072,13.041,2643.08,456.9,0.262,0.003,58.583,43.167,0,0.532,0.395,0.017,0.12,0.67,4.205,9.718,2.967e-4,0,0.364,0.7,0.336,0.41,866.952,0.001,335.273,0.051,6.4,32.17
19.079,12.732,2643.08,456.9,0.262,0.003,58.649,43.167,0,0.532,0.395,0.017,0.12,0.667,4.083,9.534,-2.597e-5,0,0.356,0.7,0.343,0.343,866.964,0.001,335.273,0.051,6.4,32.17
19.087,12.437,2643.08,456.9,0.262,0.003,58.713,43.167,0,0.532,0.395,0.017,0.12,0.664,3.968,9.363,2.259e-4,0,0.349,0.7,0.351,0.277,866.975,0.001,335.273,0.051,6.4,32.17
19.095,12.159,2643.08,456.9,0.262,0.003,58.775,43.167,0,0.532,0.395,0.017,0.12,0.661,3.861,9.203,1.429e-4,0,0.341,0.7,0.358,0.212,866.987,0.001,335.274,0.052,6.4,32.17
19.102,11.912,2643.08,456.9,0.262,0.003,58.83,43.167,0,0.532,0.395,0.017,0.12,0.658,3.766,9.063,-2.596e-5,0,0.334,0.7,0.366,0.152,866.999,0.001,335.274,0.052,6.4,32.17
19.11,11.714,2643.08,456.9,0.262,0.003,58.874,43.167,0,0.532,0.395,0.017,0.12,0.655,3.69,8.96,2.984e-4,0,0.327,0.7,0.373,0.097,867.011,0.001,335.275,0.052,6.4,32.17
19.118,11.545,2643.08,456.9,0.262,0.003,58.912,43.167,0,0.532,0.395,0.017,0.12,0.653,3.626,8.869,-3.43e-4,0,0.32,0.7,0.38,0.052,867.023,0.001,335.275,0.052,6.4,32.17
19.127,11.408,2643.08,456.9,0.262,0.003,58.944,43.167,0,0.532,0.395,0.017,0.12,0.652,3.574,8.791,1.941e-4,0,0.313,0.7,0.387,0.02,867.036,0.001,335.276,0.052,6.4,32.17
19.135,11.305,2643.08,456.9,0.262,0.003,58.967,43.167,0,0.532,0.395,0.017,0.12,0.65,3.535,8.726,1.102e-4,0,0.306,0.7,0.394,0.003,867.049,0.001,335.276,0.053,6.4,32.17
19.143,11.24,2643.08,456.9,0.262,0.003,58.982,43.167,0,0.532,0.395,0.017,0.12,0.65,3.511,8.677,-2.465e-5,0,0.299,0.7,0.401,-0.002,867.062,0.001,335.277,0.053,6.4,32.17
19.152,11.193,2643.08,456.9,0.262,0.003,58.992,43.167,0,0.532,0.395,0.017,0.12,0.649,3.493,8.657,2.063e-4,0,0.292,0.7,0.408,-0.019,867.075,0.001,335.277,0.053,6.4,32.17
19.161,11.118,2643.08,456.9,0.262,0.003,59.01,43.167,0,0.532,0.395,0.017,0.12,0.648,3.465,8.63,2.56e-4,0,0.285,0.7,0.415,-0.052,867.089,0.001,335.278,0.053,6.4,32.17
19.17,11.083,2643.08,456.9,0.262,0.003,59.018,43.167,0,0.532,0.395,0.017,0.12,0.648,3.452,8.653,3.17e-4,0,0.278,0.7,0.422,-0.104,867.103,0.001,335.278,0.053,6.4,32.17
19.179,11.09,2643.08,456.9,0.262,0.003,59.016,43.167,0,0.532,0.395,0.017,0.12,0.648,3.455,8.727,-4.096e-4,0,0.271,0.7,0.429,-0.172,867.118,0.001,335.279,0.053,6.4,32.17
19.188,11.143,2643.08,456.9,0.262,0.003,59.004,43.167,0,0.533,0.395,0.017,0.12,0.648,3.474,8.853,4.191e-4,0,0.264,0.7,0.435,-0.256,867.132,0.001,335.279,0.054,6.4,32.17
19.197,11.241,2643.08,456.9,0.262,0.003,58.981,43.167,0,0.533,0.395,0.017,0.12,0.65,3.511,9.028,-1.61e-4,0,0.258,0.7,0.442,-0.352,867.147,0.001,335.28,0.054,6.4,32.17
19.207,11.481,2643.08,456.9,0.262,0.003,58.925,43.167,0,0.533,0.395,0.017,0.12,0.653,3.602,9.325,3.456e-4,0,0.251,0.7,0.448,-0.456,867.163,0.001,335.28,0.054,6.4,32.17
19.216,11.806,2643.08,456.9,0.262,0.003,58.851,43.167,0,0.533,0.395,0.017,0.12,0.657,3.725,9.693,-7.032e-5,0,0.245,0.7,0.455,-0.563,867.179,0.001,335.281,0.054,6.4,32.17
19.226,12.175,2643.08,456.9,0.262,0.003,58.769,43.167,0,0.533,0.395,0.017,0.12,0.661,3.867,10.093,-3.189e-4,0,0.239,0.7,0.461,-0.667,867.195,0.001,335.282,0.055,6.4,32.17
19.236,12.584,2643.08,456.9,0.262,0.003,58.679,43.167,0,0.533,0.395,0.017,0.12,0.666,4.025,10.522,-4.877e-4,0,0.233,0.7,0.466,-0.765,867.211,0.001,335.282,0.055,6.4,32.17
19.246,13.031,2643.08,456.9,0.262,0.003,58.582,43.167,0,0.533,0.395,0.017,0.12,0.67,4.201,10.974,-1.983e-4,0,0.228,0.7,0.472,-0.855,867.228,0.001,335.283,0.055,6.4,32.17
19.257,13.44,2643.08,456.9,0.262,0.003,58.496,43.167,0,0.533,0.395,0.017,0.12,0.674,4.363,11.39,8.637e-6,0,0.222,0.7,0.478,-0.939,867.246,0.001,335.283,0.055,6.4,32.17
19.267,13.845,2643.08,456.9,0.262,0.003,58.412,43.167,0,0.533,0.395,0.017,0.12,0.678,4.525,11.794,-4.405e-4,0,0.216,0.7,0.484,-1.014,867.263,0.001,335.284,0.056,6.4,32.17
19.278,14.282,2643.08,456.9,0.262,0.003,58.323,43.167,0,0.533,0.395,0.017,0.12,0.681,4.703,12.214,-4.431e-4,0,0.21,0.7,0.49,-1.077,867.281,0.001,335.285,0.056,6.4,32.17
19.289,14.748,2643.08,456.9,0.262,0.003,58.23,43.167,0,0.533,0.395,0.017,0.12,0.685,4.894,12.646,1.117e-4,0,0.204,0.7,0.496,-1.128,867.3,0.001,335.285,0.056,6.4,32.17
19.3,15.241,2643.08,456.9,0.262,0.003,58.134,43.167,0,0.533,0.395,0.017,0.12,0.688,5.098,13.089,3.5e-4,0,0.198,0.7,0.502,-1.166,867.319,0.001,335.286,0.056,6.4,32.17
19.311,15.901,2643.08,456.9,0.262,0.003,58.009,43.167,0,0.533,0.395,0.017,0.12,0.69,5.376,13.649,3.939e-4,0,0.193,0.7,0.507,-1.183,867.339,0.001,335.287,0.057,6.4,32.17
19.323,16.574,2643.08,456.9,0.262,0.003,57.885,43.167,0,0.533,0.395,0.017,0.12,0.692,5.663,14.21,-1.308e-4,0,0.188,0.7,0.512,-1.187,867.359,0.001,335.288,0.057,6.4,32.17
19.335,17.259,2643.08,456.9,0.262,0.003,57.762,43.167,0,0.533,0.395,0.018,0.12,0.692,5.96,14.772,-2.615e-4,0,0.183,0.7,0.517,-1.18,867.38,0.001,335.288,0.057,6.4,32.17
19.347,17.952,2643.08,456.9,0.262,0.003,57.642,43.167,0,0.533,0.395,0.018,0.12,0.692,6.265,15.333,-4.879e-4,0,0.178,0.7,0.522,-1.163,867.401,0.001,335.289,0.058,6.4,32.17
19.359,18.602,2643.08,456.9,0.262,0.003,57.533,43.167,0,0.533,0.395,0.018,0.12,0.691,6.555,15.854,1.37e-4,0,0.173,0.7,0.527,-1.139,867.422,0.001,335.29,0.058,6.4,32.17
19.371,19.236,2643.08,456.9,0.262,0.003,57.429,43.167,0,0.533,0.395,0.018,0.12,0.689,6.842,16.356,1.145e-4,0,0.168,0.7,0.532,-1.108,867.444,0.001,335.291,0.058,6.4,32.17
19.383,19.872,2643.08,456.9,0.262,0.003,57.329,43.167,0,0.533,0.395,0.018,0.12,0.686,7.134,16.853,-3.527e-4,0,0.163,0.7,0.536,-1.068,867.467,0.001,335.292,0.058,6.4,32.17
19.396,20.506,2643.08,456.9,0.262,0.003,57.231,43.167,0,0.533,0.395,0.018,0.12,0.684,7.32,16.857,-1.324e-4,0,0.124,0.664,0.54,-1.023,867.49,0.001,335.292,0.059,6.4,32.17
19.413,21.323,2643.08,456.9,0.262,0.003,57.109,43.167,0,0.533,0.395,0.018,0.12,0.679,7.531,16.699,4.454e-4,0,0.065,0.607,0.543,-0.958,867.52,0.001,335.294,0.059,6.4,32.17
19.438,22.498,2643.08,456.9,0.262,0.003,56.942,43.167,0,0.533,0.395,0.018,0.12,0.671,7.844,16.467,1.296e-4,0,-0.014,0.525,0.539,-0.855,867.567,0.001,335.295,0.06,6.4,32.17
19.466,23.593,2643.08,456.9,0.262,0.003,56.794,43.167,0,0.533,0.395,0.018,0.12,0.663,8.145,16.238,2.135e-5,0,-0.08,0.448,0.529,-0.739,867.619,0.001,335.297,0.06,6.4,32.17
19.49,24.382,2643.08,456.9,0.262,0.003,56.693,43.167,0,0.533,0.395,0.018,0.12,0.656,8.368,16.06,-3.687e-4,0,-0.122,0.393,0.515,-0.64,867.666,0.001,335.299,0.061,6.4,32.17
19.506,24.842,2643.08,456.9,0.262,0.003,56.635,43.167,0,0.533,0.395,0.018,0.12,0.651,8.501,15.952,2.039e-5,0,-0.143,0.361,0.504,-0.577,867.696,0.001,335.3,0.061,6.4,32.17
19.519,25.191,2643.08,456.9,0.262,0.003,56.592,43.167,0,0.533,0.395,0.018,0.12,0.648,8.602,15.868,-4.232e-4,0,-0.158,0.337,0.494,-0.525,867.722,0.001,335.301,0.061,6.4,32.17
19.531,25.481,2643.08,456.9,0.262,0.003,56.557,43.167,0,0.533,0.395,0.018,0.12,0.645,8.687,15.796,2.278e-4,0,-0.169,0.316,0.485,-0.48,867.746,0.001,335.302,0.062,6.4,32.17
19.542,25.73,2643.08,456.9,0.262,0.003,56.527,43.167,0,0.533,0.395,0.018,0.12,0.642,8.76,15.733,1.387e-4,0,-0.177,0.299,0.476,-0.44,867.768,0.001,335.303,0.062,6.4,32.17
19.553,25.969,2643.08,456.9,0.262,0.003,56.499,43.167,0,0.533,0.395,0.018,0.121,0.64,8.831,15.674,1.99e-4,0,-0.185,0.282,0.467,-0.403,867.788,0.001,335.304,0.062,6.4,32.17
19.563,26.244,2643.08,456.9,0.262,0.003,56.467,43.167,0,0.533,0.395,0.018,0.121,0.637,8.913,15.615,-1.529e-4,0,-0.195,0.263,0.458,-0.369,867.808,0.001,335.304,0.062,6.4,32.17
19.572,26.486,2643.08,456.9,0.262,0.003,56.439,43.167,0,0.533,0.395,0.018,0.121,0.634,8.986,15.562,3.362e-5,0,-0.203,0.246,0.449,-0.338,867.827,0.001,335.305,0.063,6.4,32.17
19.581,26.704,2643.08,456.9,0.262,0.003,56.414,43.167,0,0.533,0.395,0.018,0.121,0.632,9.051,15.516,3.744e-4,0,-0.209,0.231,0.44,-0.31,867.845,0.001,335.306,0.063,6.4,32.17
19.59,26.9,2643.08,456.9,0.262,0.003,56.392,43.167,0,0.533,0.395,0.018,0.121,0.629,9.111,15.473,-2.054e-4,0,-0.214,0.217,0.431,-0.284,867.863,0.001,335.306,0.063,6.4,32.17
19.598,27.077,2643.08,456.9,0.262,0.003,56.372,43.167,0,0.533,0.395,0.018,0.121,0.627,9.165,15.434,2.133e-4,0,-0.218,0.205,0.423,-0.259,867.88,0.001,335.307,0.063,6.4,32.17
19.606,27.277,2643.08,456.9,0.262,0.003,56.349,43.167,0,0.533,0.395,0.018,0.121,0.625,9.226,15.394,7.125e-5,0,-0.224,0.191,0.414,-0.237,867.896,0.001,335.308,0.063,6.4,32.17
19.614,27.472,2643.08,456.9,0.262,0.003,56.328,43.167,0,0.533,0.395,0.018,0.121,0.623,9.286,15.357,-2.497e-4,0,-0.229,0.177,0.406,-0.216,867.913,0.001,335.308,0.064,6.4,32.17
19.622,27.651,2643.08,456.9,0.262,0.003,56.308,43.167,0,0.533,0.395,0.018,0.121,0.621,9.341,15.323,1.876e-4,0,-0.233,0.164,0.397,-0.197,867.928,0.001,335.309,0.064,6.4,32.17
19.629,27.816,2643.08,456.9,0.262,0.003,56.291,43.167,0,0.533,0.395,0.018,0.121,0.619,9.392,15.291,2.334e-4,0,-0.236,0.153,0.389,-0.179,867.944,0.001,335.309,0.064,6.4,32.17
19.637,27.967,2643.08,456.9,0.262,0.003,56.274,43.167,0,0.533,0.395,0.018,0.121,0.617,9.438,15.262,-4.455e-4,0,-0.239,0.142,0.381,-0.162,867.959,0.001,335.31,0.064,6.4,32.17
19.644,28.106,2643.08,456.9,0.262,0.003,56.26,43.167,0,0.533,0.395,0.018,0.121,0.615,9.482,15.236,1.34e-4,0,-0.24,0.133,0.373,-0.146,867.974,0.001,335.31,0.064,6.4,32.17
19.651,28.222,2643.08,456.9,0.262,0.003,56.247,43.167,0,0.533,0.395,0.018,0.121,0.614,9.518,15.212,-3.332e-4,0,-0.24,0.124,0.365,-0.132,867.989,0.001,335.311,0.065,6.4,32.17
19.658,28.242,2643.08,456.9,0.262,0.003,56.245,43.167,0,0.533,0.395,0.018,0.121,0.613,9.524,15.197,4.04e-4,0,-0.234,0.123,0.357,-0.118,868.004,0.001,335.312,0.065,6.4,32.17
19.665,28.254,2643.08,456.9,0.262,0.003,56.244,43.167,0,0.533,0.395,0.018,0.121,0.613,9.528,15.183,2.446e-4,0,-0.227,0.122,0.35,-0.105,868.019,0.001,335.312,0.065,6.4,32.17
19.673,28.256,2643.08,456.9,0.262,0.003,56.244,43.167,0,0.533,0.395,0.018,0.121,0.613,9.528,15.17,1.269e-4,0,-0.22,0.122,0.342,-0.092,868.035,0.001,335.313,0.065,6.4,32.17
19.68,28.248,2643.08,456.9,0.262,0.003,56.245,43.167,0,0.533,0.395,0.018,0.121,0.613,9.526,15.158,1.954e-5,0,-0.212,0.123,0.335,-0.08,868.051,0.001,335.313,0.065,6.4,32.17
19.688,28.228,2643.08,456.9,0.262,0.003,56.247,43.167,0,0.533,0.395,0.018,0.121,0.614,9.52,15.148,6.355e-5,0,-0.203,0.124,0.327,-0.068,868.068,0.001,335.314,0.065,6.4,32.17
19.697,28.196,2643.08,456.9,0.262,0.003,56.25,43.167,0,0.533,0.395,0.018,0.121,0.614,9.51,15.139,-3.346e-4,0,-0.193,0.126,0.32,-0.057,868.085,0.001,335.315,0.065,6.4,32.17
19.705,28.205,2643.08,456.9,0.262,0.003,56.249,43.167,0,0.533,0.395,0.018,0.121,0.614,9.513,15.128,-4.073e-4,0,-0.186,0.126,0.312,-0.046,868.104,0.001,335.315,0.066,6.4,32.17
19.714,28.24,2643.08,456.9,0.262,0.003,56.246,43.167,0,0.533,0.395,0.018,0.121,0.613,9.523,15.115,3.73e-4,0,-0.181,0.123,0.304,-0.037,868.123,0.001,335.316,0.066,6.4,32.17
19.723,28.26,2643.08,456.9,0.262,0.003,56.244,43.167,0,0.533,0.395,0.018,0.121,0.613,9.53,15.105,-4.542e-4,0,-0.175,0.122,0.296,-0.028,868.142,0.001,335.317,0.066,6.4,32.17
19.732,28.265,2643.08,456.9,0.262,0.003,56.243,43.167,0,0.533,0.395,0.018,0.121,0.613,9.531,15.097,-4.3e-4,0,-0.167,0.121,0.289,-0.02,868.163,0.001,335.317,0.066,6.4,32.17
19.742,28.253,2643.08,456.9,0.262,0.003,56.244,43.167,0,0.533,0.395,0.018,0.121,0.613,9.528,15.092,4.36e-4,0,-0.159,0.122,0.281,-0.014,868.184,0.001,335.318,0.066,6.4,32.17
19.752,28.21,2643.08,456.9,0.262,0.003,56.249,43.167,0,0.533,0.395,0.018,0.121,0.614,9.514,15.089,2.848e-4,0,-0.148,0.125,0.274,-0.008,868.206,0.001,335.319,0.067,6.4,32.17
19.763,28.101,2643.08,456.9,0.262,0.003,56.261,43.167,0,0.533,0.395,0.018,0.121,0.615,9.48,15.094,-4.171e-4,0,-0.133,0.133,0.266,-0.004,868.229,0.001,335.32,0.067,6.4,32.17
19.775,27.955,2643.08,456.9,0.262,0.003,56.276,43.167,0,0.533,0.395,0.018,0.121,0.617,9.435,15.102,-3.442e-4,0,-0.116,0.143,0.259,-8.98e-4,868.256,0.001,335.321,0.067,6.4,32.17
19.788,27.757,2643.08,456.9,0.262,0.003,56.298,43.167,0,0.533,0.395,0.018,0.121,0.619,9.373,15.119,-3.699e-4,0,-0.095,0.157,0.252,3.542e-5,868.286,0.001,335.322,0.068,6.4,32.17
19.805,27.472,2643.08,456.9,0.262,0.003,56.329,43.167,0,0.533,0.395,0.018,0.121,0.623,9.286,15.14,8.395e-5,0,-0.068,0.177,0.245,0.002,868.322,0.001,335.323,0.068,6.4,32.17
19.826,27.038,2643.08,456.9,0.262,0.003,56.377,43.167,0,0.533,0.395,0.018,0.121,0.628,9.153,15.168,-4.118e-5,0,-0.031,0.207,0.238,0.011,868.37,0.001,335.325,0.068,6.4,32.17
19.847,26.524,2643.08,456.9,0.262,0.003,56.435,43.167,0,0.533,0.395,0.018,0.121,0.634,8.997,15.198,-4.69e-4,0,0.008,0.243,0.236,0.026,868.418,0.001,335.327,0.069,6.4,32.17
19.868,25.981,2643.08,456.9,0.262,0.003,56.498,43.167,0,0.533,0.395,0.018,0.121,0.64,8.835,15.226,4.954e-4,0,0.045,0.281,0.236,0.046,868.465,0.001,335.329,0.069,6.4,32.17
19.888,25.37,2643.08,456.9,0.262,0.003,56.571,43.167,0,0.533,0.395,0.018,0.121,0.646,8.655,15.256,4.615e-4,0,0.084,0.324,0.241,0.072,868.513,0.001,335.33,0.07,6.4,32.17
19.906,24.765,2643.08,456.9,0.262,0.003,56.646,43.167,0,0.533,0.395,0.018,0.121,0.653,8.479,15.286,4.129e-4,0,0.12,0.366,0.247,0.099,868.553,0.001,335.332,0.07,6.4,32.17
19.918,24.287,2643.08,456.9,0.262,0.003,56.706,43.167,0,0.533,0.395,0.018,0.121,0.657,8.342,15.312,-7.012e-5,0,0.147,0.4,0.253,0.12,868.581,0.001,335.333,0.071,6.4,32.17
19.927,23.879,2643.08,456.9,0.262,0.003,56.759,43.167,0,0.533,0.395,0.018,0.121,0.661,8.226,15.334,2.281e-4,0,0.169,0.428,0.259,0.139,868.604,0.001,335.334,0.071,6.4,32.17
19.936,23.513,2643.08,456.9,0.262,0.003,56.807,43.167,0,0.533,0.395,0.018,0.121,0.664,8.123,15.354,3.116e-4,0,0.189,0.454,0.265,0.156,868.624,0.001,335.334,0.071,6.4,32.17
19.943,23.174,2643.08,456.9,0.262,0.003,56.852,43.167,0,0.533,0.395,0.018,0.121,0.667,8.029,15.372,-2.074e-4,0,0.207,0.478,0.271,0.172,868.642,0.001,335.335,0.071,6.4,32.17
19.95,22.855,2643.08,456.9,0.262,0.003,56.895,43.167,0,0.533,0.395,0.018,0.121,0.669,7.942,15.391,1.79e-4,0,0.223,0.5,0.277,0.188,868.658,0.001,335.336,0.071,6.4,32.17
19.956,22.522,2643.08,456.9,0.262,0.003,56.941,43.167,0,0.533,0.395,0.018,0.121,0.672,7.851,15.411,-3.217e-4,0,0.241,0.523,0.283,0.203,868.673,0.001,335.336,0.071,6.4,32.17
19.962,22.208,2643.08,456.9,0.262,0.003,56.985,43.167,0,0.533,0.395,0.018,0.121,0.674,7.766,15.431,-1.781e-4,0,0.257,0.545,0.289,0.217,868.687,0.001,335.337,0.072,6.4,32.17
19.967,21.907,2643.08,456.9,0.262,0.003,57.028,43.167,0,0.533,0.395,0.018,0.121,0.676,7.686,15.45,4.576e-4,0,0.272,0.566,0.295,0.231,868.7,0.001,335.337,0.072,6.4,32.17
19.973,21.619,2643.08,456.9,0.262,0.003,57.069,43.167,0,0.533,0.395,0.018,0.121,0.678,7.609,15.468,-8.736e-5,0,0.286,0.587,0.301,0.244,868.712,0.001,335.338,0.072,6.4,32.17
19.977,21.34,2643.08,456.9,0.262,0.003,57.11,43.167,0,0.533,0.395,0.018,0.121,0.68,7.536,15.486,3.782e-4,0,0.299,0.606,0.307,0.257,868.724,0.001,335.338,0.072,6.4,32.17
19.982,21.071,2643.08,456.9,0.262,0.003,57.149,43.167,0,0.533,0.395,0.018,0.121,0.681,7.466,15.504,-1.849e-4,0,0.312,0.625,0.313,0.27,868.735,0.001,335.339,0.072,6.4,32.17
19.986,20.809,2643.08,456.9,0.262,0.003,57.188,43.167,0,0.533,0.395,0.018,0.121,0.683,7.399,15.522,-6.765e-5,0,0.325,0.643,0.319,0.283,868.745,0.001,335.339,0.072,6.4,32.17
19.991,20.554,2643.08,456.9,0.262,0.003,57.227,43.167,0,0.533,0.395,0.018,0.121,0.684,7.333,15.539,3.91e-5,0,0.337,0.661,0.324,0.295,868.756,0.001,335.339,0.072,6.4,32.17
19.995,20.305,2643.08,456.9,0.262,0.003,57.265,43.167,0,0.533,0.395,0.018,0.121,0.685,7.27,15.556,-1.794e-4,0,0.348,0.679,0.33,0.307,868.765,0.001,335.34,0.072,6.4,32.17
19.999,20.062,2643.08,456.9,0.262,0.003,57.302,43.167,0,0.533,0.395,0.018,0.121,0.686,7.209,15.573,3.389e-4,0,0.359,0.696,0.336,0.319,868.775,0.001,335.34,0.072,6.4,32.17
20.002,19.838,2643.08,456.9,0.262,0.003,57.337,43.167,0,0.533,0.395,0.018,0.121,0.687,7.119,15.431,-1.901e-4,0,0.358,0.7,0.342,0.331,868.784,0.001,335.34,0.072,6.4,32.17
20.006,19.62,2643.08,456.9,0.262,0.003,57.372,43.167,0,0.533,0.395,0.018,0.121,0.688,7.019,15.236,-4.389e-5,0,0.352,0.7,0.348,0.343,868.793,0.001,335.341,0.073,6.4,32.17
20.01,19.397,2643.08,456.9,0.262,0.003,57.407,43.167,0,0.533,0.395,0.018,0.121,0.689,6.917,15.036,-1.302e-5,0,0.347,0.7,0.353,0.354,868.803,0.001,335.341,0.073,6.4,32.17
20.014,19.167,2643.08,456.9,0.262,0.003,57.444,43.167,0,0.533,0.395,0.018,0.121,0.69,6.812,14.829,-4.925e-4,0,0.341,0.7,0.359,0.366,868.812,0.001,335.341,0.073,6.4,32.17
20.018,18.932,2643.08,456.9,0.262,0.003,57.482,43.167,0,0.533,0.395,0.018,0.121,0.691,6.705,14.619,-9.492e-5,0,0.335,0.7,0.365,0.379,868.822,0.001,335.342,0.073,6.4,32.17
20.022,18.689,2643.08,456.9,0.262,0.003,57.522,43.167,0,0.533,0.395,0.018,0.121,0.691,6.596,14.403,1.682e-5,0,0.33,0.7,0.37,0.391,868.832,0.001,335.342,0.073,6.4,32.17
20.026,18.441,2643.08,456.9,0.262,0.003,57.564,43.167,0,0.533,0.395,0.018,0.121,0.692,6.484,14.182,1.263e-4,0,0.324,0.7,0.376,0.404,868.842,0.001,335.343,0.073,6.4,32.17
20.03,18.185,2643.08,456.9,0.262,0.003,57.607,43.167,0,0.533,0.395,0.018,0.121,0.692,6.37,13.955,-4.081e-4,0,0.319,0.7,0.381,0.416,868.852,0.001,335.343,0.073,6.4,32.17
20.034,17.923,2643.08,456.9,0.262,0.003,57.651,43.167,0,0.533,0.395,0.018,0.121,0.693,6.253,13.723,-3.423e-4,0,0.313,0.7,0.387,0.429,868.862,0.001,335.343,0.073,6.4,32.17
20.038,17.653,2643.08,456.9,0.262,0.003,57.698,43.167,0,0.533,0.395,0.018,0.121,0.693,6.134,13.485,2.456e-4,0,0.308,0.7,0.392,0.442,868.872,0.001,335.344,0.073,6.4,32.17
20.043,17.377,2643.08,456.9,0.262,0.003,57.746,43.167,0,0.533,0.395,0.018,0.121,0.693,6.012,13.241,-2.173e-4,0,0.302,0.7,0.398,0.455,868.883,0.001,335.344,0.073,6.4,32.17
20.047,17.092,2643.08,456.9,0.262,0.003,57.796,43.167,0,0.533,0.395,0.018,0.121,0.693,5.888,12.991,3.614e-4,0,0.297,0.7,0.403,0.468,868.894,0.001,335.344,0.074,6.4,32.17
20.051,16.806,2643.08,456.9,0.262,0.003,57.847,43.167,0,0.533,0.395,0.018,0.121,0.693,5.764,12.74,-2.14e-4,0,0.291,0.7,0.409,0.481,868.905,0.001,335.345,0.074,6.4,32.17
20.056,16.526,2643.08,456.9,0.262,0.003,57.898,43.167,0,0.533,0.395,0.018,0.121,0.693,5.643,12.494,3.04e-4,0,0.286,0.7,0.414,0.495,868.916,0.001,335.345,0.074,6.4,32.17
20.06,16.238,2643.08,456.9,0.262,0.003,57.951,43.167,0,0.533,0.395,0.018,0.121,0.692,5.52,12.243,7.431e-5,0,0.281,0.7,0.419,0.508,868.927,0.001,335.346,0.074,6.4,32.17
20.065,15.941,2643.08,456.9,0.262,0.003,58.006,43.167,0,0.533,0.395,0.018,0.121,0.692,5.394,11.985,-3.263e-4,0,0.275,0.7,0.425,0.521,868.939,0.001,335.346,0.074,6.4,32.17
20.07,15.637,2643.08,456.9,0.262,0.003,58.064,43.167,0,0.533,0.395,0.018,0.121,0.69,5.265,11.721,1.901e-4,0,0.27,0.7,0.43,0.534,868.951,0.001,335.347,0.074,6.4,32.17
20.075,15.324,2643.08,456.9,0.262,0.003,58.123,43.167,0,0.533,0.395,0.018,0.121,0.689,5.134,11.451,-2.939e-4,0,0.265,0.7,0.435,0.547,868.963,0.001,335.347,0.074,6.4,32.17
20.079,15.003,2643.08,456.9,0.262,0.003,58.186,43.167,0,0.533,0.395,0.018,0.121,0.687,5,11.174,2.214e-4,0,0.26,0.7,0.44,0.56,868.975,0.001,335.347,0.074,6.4,32.17
20.084,14.674,2643.08,456.9,0.262,0.003,58.251,43.167,0,0.533,0.395,0.018,0.121,0.685,4.864,10.891,3.159e-4,0,0.255,0.7,0.445,0.573,868.987,0.001,335.348,0.075,6.4,32.17
20.089,14.335,2643.08,456.9,0.262,0.003,58.318,43.167,0,0.533,0.395,0.018,0.121,0.683,4.725,10.601,1.049e-4,0,0.249,0.7,0.451,0.585,869,0.001,335.348,0.075,6.4,32.17
20.094,13.987,2643.08,456.9,0.262,0.003,58.389,43.167,0,0.533,0.395,0.018,0.121,0.68,4.584,10.305,2.851e-4,0,0.244,0.7,0.456,0.597,869.013,0.001,335.349,0.075,6.4,32.17
20.1,13.63,2643.08,456.9,0.262,0.003,58.463,43.167,0,0.533,0.395,0.018,0.121,0.677,4.44,10.002,3.245e-4,0,0.239,0.7,0.461,0.609,869.026,0.001,335.349,0.075,6.4,32.17
20.105,13.189,2643.08,456.9,0.262,0.003,58.555,43.167,0,0.533,0.395,0.018,0.121,0.673,4.264,9.632,9.586e-5,0,0.234,0.7,0.466,0.621,869.039,0.001,335.35,0.075,6.4,32.17
20.11,12.731,2643.08,456.9,0.262,0.003,58.654,43.167,0,0.533,0.395,0.018,0.121,0.668,4.084,9.249,-4.962e-4,0,0.229,0.7,0.471,0.632,869.053,0.001,335.35,0.075,6.4,32.17
20.116,12.262,2643.08,456.9,0.262,0.003,58.756,43.167,0,0.533,0.395,0.018,0.121,0.663,3.901,8.86,-9.169e-5,0,0.224,0.7,0.476,0.642,869.067,0.001,335.351,0.075,6.4,32.17
20.121,11.781,2643.08,456.9,0.262,0.003,58.864,43.167,0,0.533,0.395,0.018,0.121,0.657,3.716,8.463,3.932e-4,0,0.219,0.7,0.481,0.651,869.081,0.001,335.351,0.076,6.4,32.17
20.127,11.288,2643.08,456.9,0.262,0.003,58.977,43.167,0,0.533,0.395,0.018,0.121,0.651,3.53,8.06,1.822e-4,0,0.214,0.7,0.486,0.66,869.096,0.001,335.352,0.076,6.4,32.17
20.133,10.784,2643.08,456.9,0.262,0.003,59.095,43.167,0,0.533,0.395,0.018,0.121,0.645,3.342,7.65,-2.481e-4,0,0.209,0.7,0.491,0.666,869.111,0.001,335.353,0.076,6.4,32.17
20.139,10.269,2643.08,456.9,0.262,0.003,59.218,43.167,0,0.533,0.395,0.018,0.121,0.638,3.152,7.233,4.436e-4,0,0.204,0.7,0.496,0.672,869.126,0.001,335.353,0.076,6.4,32.17
20.145,9.742,2643.08,456.9,0.262,0.003,59.348,43.167,0,0.533,0.395,0.018,0.121,0.631,2.961,6.811,-3.76e-4,0,0.199,0.7,0.501,0.675,869.142,0.001,335.354,0.076,6.4,32.17
20.151,9.212,2643.08,456.9,0.262,0.003,59.481,43.167,0,0.533,0.395,0.018,0.121,0.624,2.772,6.391,-3.042e-4,0,0.194,0.7,0.506,0.676,869.158,0.001,335.354,0.076,6.4,32.17
20.157,8.71,2643.08,456.9,0.262,0.003,59.611,43.167,0,0.533,0.395,0.018,0.121,0.616,2.596,5.996,-4.907e-4,0,0.189,0.7,0.511,0.674,869.174,0.001,335.355,0.076,6.4,32.17
20.164,8.198,2643.08,456.9,0.262,0.003,59.746,43.167,0,0.534,0.395,0.018,0.121,0.609,2.419,5.598,-2.501e-5,0,0.185,0.7,0.515,0.669,869.191,0.001,335.355,0.077,6.4,32.17
20.17,7.679,2643.08,456.9,0.262,0.003,59.886,43.167,0,0.534,0.395,0.018,0.121,0.602,2.243,5.2,-7.121e-5,0,0.18,0.7,0.52,0.66,869.208,0.001,335.356,0.077,6.4,32.17
20.177,7.153,2643.08,456.9,0.262,0.003,60.032,43.167,0,0.534,0.395,0.018,0.121,0.595,2.068,4.802,-4.498e-4,0,0.175,0.7,0.525,0.647,869.225,0.001,335.357,0.077,6.4,32.17
20.184,6.621,2643.08,456.9,0.262,0.003,60.183,43.167,0,0.534,0.395,0.018,0.121,0.587,1.894,4.408,-1.156e-4,0,0.171,0.7,0.529,0.627,869.243,0.001,335.357,0.077,6.4,32.17
20.191,6.087,2643.08,456.9,0.262,0.003,60.338,43.167,0,0.534,0.395,0.018,0.121,0.58,1.722,4.021,2.683e-4,0,0.166,0.7,0.534,0.599,869.262,0.001,335.358,0.077,6.4,32.17
20.198,5.555,2643.08,456.9,0.262,0.003,60.497,43.167,0,0.534,0.395,0.018,0.121,0.574,1.554,3.648,-2.867e-4,0,0.162,0.7,0.538,0.56,869.28,0.001,335.359,0.077,6.4,32.17
20.205,5.027,2643.08,456.9,0.262,0.003,60.658,43.167,0,0.534,0.395,0.018,0.121,0.567,1.391,3.294,-4.574e-4,0,0.158,0.7,0.542,0.508,869.3,0.001,335.359,0.078,6.4,32.17
20.213,4.514,2643.08,456.9,0.262,0.003,60.819,43.167,0,0.534,0.395,0.018,0.121,0.561,1.236,2.97,-1.629e-4,0,0.153,0.7,0.547,0.438,869.319,0.001,335.36,0.078,6.4,32.17
20.22,4.03,2643.08,456.9,0.262,0.003,60.974,43.167,0,0.534,0.395,0.018,0.121,0.556,1.092,2.692,4.872e-4,0,0.149,0.7,0.551,0.347,869.34,0.001,335.361,0.078,6.4,32.17
20.228,3.597,2643.08,456.9,0.262,0.003,61.117,43.167,0,0.534,0.395,0.018,0.121,0.552,0.965,2.473,-9.485e-5,0,0.145,0.7,0.555,0.235,869.361,0.001,335.362,0.078,6.4,32.17
20.236,3.244,2643.08,456.9,0.262,0.003,61.235,43.167,0,0.534,0.395,0.018,0.121,0.549,0.864,2.325,-3.053e-4,0,0.141,0.7,0.559,0.114,869.382,0.001,335.363,0.078,6.4,32.17
20.244,3.01,2643.08,456.9,0.262,0.003,61.315,43.167,0,0.534,0.395,0.018,0.121,0.547,0.798,2.241,-1.675e-4,0,0.137,0.7,0.563,0.021,869.404,0.001,335.363,0.079,6.4,32.17
20.253,2.935,2643.08,456.9,0.262,0.003,61.343,43.167,0,0.534,0.395,0.018,0.121,0.546,0.776,2.211,1.592e-4,0,0.133,0.7,0.567,-0.006,869.427,0.001,335.364,0.079,6.4,32.17
20.261,3.044,2643.08,456.9,0.262,0.003,61.307,43.167,0,0.534,0.395,0.018,0.121,0.547,0.807,2.38,2.325e-4,0,0.129,0.7,0.571,-0.092,869.45,0.001,335.365,0.079,6.4,32.17
20.27,3.332,2643.08,456.9,0.262,0.003,61.211,43.167,0,0.534,0.395,0.018,0.121,0.55,0.889,2.742,-1.566e-4,0,0.125,0.7,0.575,-0.235,869.474,0.001,335.366,0.079,6.4,32.17
20.279,3.765,2643.08,456.9,0.262,0.003,61.067,43.167,0,0.534,0.395,0.018,0.121,0.554,1.014,3.212,-2.561e-4,0,0.121,0.7,0.579,-0.376,869.498,0.001,335.367,0.08,6.4,32.17
20.289,4.307,2643.08,456.9,0.262,0.003,60.891,43.167,0,0.534,0.395,0.018,0.121,0.559,1.174,3.735,3.908e-4,0,0.117,0.7,0.583,-0.483,869.524,0.001,335.368,0.08,6.4,32.17
20.298,4.928,2643.08,456.9,0.262,0.003,60.695,43.167,0,0.534,0.395,0.018,0.121,0.566,1.361,4.282,-2.477e-4,0,0.113,0.7,0.587,-0.554,869.55,0.001,335.369,0.08,6.4,32.17
20.308,5.617,2643.08,456.9,0.262,0.003,60.483,43.167,0,0.534,0.395,0.018,0.121,0.575,1.574,4.856,4.816e-4,0,0.11,0.7,0.59,-0.597,869.576,0.001,335.37,0.08,6.4,32.17
20.318,6.354,2643.08,456.9,0.262,0.003,60.264,43.167,0,0.534,0.395,0.018,0.121,0.584,1.808,5.445,6.198e-6,0,0.106,0.7,0.594,-0.617,869.604,0.001,335.371,0.081,6.4,32.17
20.328,7.121,2643.08,456.9,0.262,0.003,60.044,43.167,0,0.534,0.395,0.018,0.121,0.594,2.057,6.046,3.34e-4,0,0.102,0.7,0.598,-0.62,869.633,0.001,335.372,0.081,6.4,32.17
20.339,7.91,2643.08,456.9,0.262,0.003,59.826,43.167,0,0.534,0.395,0.018,0.121,0.605,2.322,6.654,-3.719e-4,0,0.099,0.7,0.601,-0.611,869.662,0.001,335.373,0.081,6.4,32.17
20.35,8.715,2643.08,456.9,0.262,0.003,59.612,43.167,0,0.534,0.395,0.018,0.121,0.617,2.598,7.269,-1.507e-4,0,0.095,0.7,0.605,-0.593,869.692,0.001,335.374,0.081,6.4,32.17
20.361,9.477,2643.08,456.9,0.262,0.003,59.416,43.167,0,0.534,0.395,0.018,0.121,0.628,2.866,7.844,1.914e-5,0,0.092,0.7,0.608,-0.566,869.724,0.001,335.375,0.082,6.4,32.17
20.372,10.238,2643.08,456.9,0.262,0.003,59.228,43.167,0,0.534,0.395,0.018,0.121,0.638,3.141,8.416,-9.799e-5,0,0.089,0.7,0.611,-0.534,869.756,0.001,335.376,0.082,6.4,32.17
20.384,10.994,2643.08,456.9,0.262,0.003,59.047,43.167,0,0.534,0.395,0.018,0.121,0.648,3.42,8.984,1.592e-4,0,0.086,0.7,0.614,-0.498,869.789,0.001,335.378,0.082,6.4,32.17
20.396,11.741,2643.08,456.9,0.262,0.003,58.874,43.167,0,0.534,0.395,0.018,0.121,0.657,3.701,9.543,2.742e-4,0,0.083,0.7,0.617,-0.459,869.824,0.001,335.379,0.083,6.4,32.17
20.409,12.474,2643.08,456.9,0.262,0.003,58.71,43.167,0,0.534,0.395,0.018,0.121,0.666,3.983,10.091,-1.992e-4,0,0.08,0.7,0.62,-0.416,869.86,0.001,335.38,0.083,6.4,32.17
20.422,13.187,2643.08,456.9,0.262,0.003,58.556,43.167,0,0.534,0.395,0.018,0.121,0.673,4.263,10.623,-2.654e-4,0,0.077,0.7,0.623,-0.372,869.896,0.001,335.382,0.083,6.4,32.17
20.435,13.874,2643.08,456.9,0.262,0.003,58.412,43.167,0,0.534,0.395,0.018,0.121,0.68,4.538,11.136,5.832e-5,0,0.075,0.7,0.626,-0.326,869.934,0.001,335.383,0.084,6.4,32.17
20.449,14.528,2643.08,456.9,0.262,0.003,58.28,43.167,0,0.534,0.395,0.018,0.121,0.685,4.804,11.624,-2.377e-4,0,0.072,0.7,0.628,-0.279,869.973,0.001,335.384,0.084,6.4,32.17
20.463,15.121,2643.08,456.9,0.262,0.003,58.163,43.167,0,0.534,0.395,0.018,0.121,0.689,5.049,12.065,-1.092e-4,0,0.069,0.7,0.631,-0.233,870.014,0.001,335.386,0.084,6.4,32.17
20.477,15.664,2643.08,456.9,0.262,0.003,58.058,43.167,0,0.534,0.395,0.018,0.121,0.691,5.277,12.466,4.145e-4,0,0.067,0.7,0.633,-0.189,870.056,0.001,335.387,0.085,6.4,32.17
20.492,16.151,2643.08,456.9,0.262,0.003,57.967,43.167,0,0.534,0.395,0.018,0.121,0.693,5.483,12.826,-1.97e-5,0,0.064,0.7,0.636,-0.146,870.099,0.001,335.389,0.085,6.4,32.17
20.507,16.579,2643.08,456.9,0.262,0.003,57.888,43.167,0,0.534,0.395,0.018,0.121,0.694,5.666,13.141,-1.607e-4,0,0.062,0.7,0.638,-0.107,870.144,0.001,335.391,0.085,6.4,32.17
20.523,16.938,2643.08,456.9,0.262,0.003,57.823,43.167,0,0.534,0.395,0.018,0.121,0.694,5.821,13.404,-4.963e-4,0,0.06,0.7,0.64,-0.073,870.19,0.001,335.392,0.086,6.4,32.17
20.539,17.214,2643.08,456.9,0.262,0.003,57.774,43.167,0,0.534,0.395,0.018,0.121,0.694,5.942,13.604,-6.714e-5,0,0.058,0.7,0.643,-0.044,870.237,0.001,335.394,0.086,6.4,32.17
20.555,17.408,2643.08,456.9,0.262,0.003,57.739,43.167,0,0.534,0.395,0.018,0.121,0.694,6.027,13.745,3.002e-4,0,0.056,0.7,0.645,-0.022,870.284,0.001,335.396,0.087,6.4,32.17
20.57,17.541,2643.08,456.9,0.262,0.003,57.716,43.167,0,0.534,0.395,0.019,0.121,0.694,6.085,13.841,-3.591e-4,0,0.054,0.7,0.647,-0.008,870.33,0.001,335.398,0.087,6.4,32.17
20.585,17.583,2643.08,456.9,0.262,0.003,57.709,43.167,0,0.534,0.395,0.019,0.121,0.694,6.104,13.869,-6.785e-5,0,0.052,0.7,0.648,-9.111e-4,870.374,0.001,335.399,0.087,6.4,32.17
20.599,17.542,2643.08,456.9,0.262,0.003,57.716,43.167,0,0.534,0.395,0.019,0.121,0.694,6.086,13.833,4.052e-4,0,0.05,0.7,0.65,7.075e-4,870.417,0.001,335.401,0.088,6.4,32.17
20.613,17.387,2643.08,456.9,0.262,0.003,57.743,43.167,0,0.534,0.395,0.019,0.121,0.694,6.018,13.698,1.416e-4,0,0.049,0.7,0.651,0.007,870.46,0.001,335.402,0.088,6.4,32.17
20.627,17.156,2643.08,456.9,0.262,0.003,57.784,43.167,0,0.534,0.395,0.019,0.121,0.694,5.917,13.494,2.538e-4,0,0.048,0.7,0.653,0.018,870.502,0.001,335.404,0.088,6.4,32.17
20.641,16.851,2643.08,456.9,0.262,0.003,57.838,43.167,0,0.534,0.395,0.019,0.121,0.694,5.784,13.225,2.004e-4,0,0.046,0.7,0.654,0.035,870.545,0.001,335.406,0.089,6.4,32.17
20.655,16.469,2643.08,456.9,0.262,0.003,57.907,43.167,0,0.534,0.395,0.019,0.121,0.694,5.619,12.884,3.71e-5,0,0.045,0.7,0.655,0.058,870.588,0.001,335.407,0.089,6.4,32.17
20.67,16.003,2643.08,456.9,0.262,0.003,57.994,43.167,0,0.534,0.395,0.019,0.121,0.693,5.42,12.473,-3.448e-4,0,0.044,0.7,0.656,0.085,870.632,0.001,335.409,0.089,6.4,32.17
20.684,15.454,2643.08,456.9,0.262,0.003,58.098,43.167,0,0.534,0.395,0.019,0.121,0.691,5.188,11.988,3.067e-4,0,0.043,0.7,0.657,0.116,870.678,0.001,335.411,0.09,6.4,32.17
20.699,14.812,2643.08,456.9,0.262,0.003,58.223,43.167,0,0.534,0.395,0.019,0.121,0.687,4.921,11.424,-3.252e-5,0,0.042,0.7,0.658,0.153,870.725,0.001,335.412,0.09,6.4,32.17
20.715,14.047,2643.08,456.9,0.262,0.003,58.376,43.167,0,0.534,0.395,0.019,0.121,0.682,4.608,10.759,3.403e-4,0,0.042,0.7,0.659,0.192,870.774,0.001,335.414,0.09,6.4,32.17
20.732,13.159,2643.08,456.9,0.262,0.003,58.561,43.167,0,0.534,0.395,0.019,0.121,0.674,4.253,9.993,-4.531e-4,0,0.041,0.7,0.659,0.236,870.826,0.001,335.416,0.091,6.4,32.17
20.75,12.12,2643.08,456.9,0.262,0.003,58.788,43.167,0,0.534,0.395,0.019,0.121,0.663,3.847,9.106,-1.894e-4,0,0.04,0.7,0.66,0.283,870.883,0.001,335.418,0.091,6.4,32.17
20.77,10.904,2643.08,456.9,0.262,0.003,59.067,43.167,0,0.534,0.395,0.019,0.121,0.648,3.386,8.081,-3.193e-4,0,0.039,0.7,0.661,0.332,870.946,0.001,335.42,0.092,6.4,32.17
20.791,9.506,2643.08,456.9,0.262,0.003,59.408,43.167,0,0.534,0.395,0.019,0.121,0.629,2.877,6.922,-4.016e-4,0,0.038,0.7,0.662,0.379,871.014,0.001,335.423,0.092,6.4,32.17
20.813,8.043,2643.08,456.9,0.262,0.003,59.79,43.167,0,0.534,0.395,0.019,0.121,0.608,2.367,5.734,-1.438e-4,0,0.038,0.7,0.663,0.413,871.083,0.001,335.426,0.093,6.4,32.17
20.834,6.542,2643.08,456.9,0.262,0.003,60.209,43.167,0,0.534,0.394,0.019,0.121,0.587,1.869,4.551,2.504e-4,0,0.037,0.7,0.663,0.425,871.153,0.001,335.428,0.094,6.4,32.17
20.856,5.059,2643.08,456.9,0.262,0.003,60.655,43.167,0,0.534,0.394,0.019,0.121,0.569,1.401,3.434,-2.124e-5,0,0.036,0.7,0.664,0.394,871.224,0.001,335.431,0.094,6.4,32.17
20.878,3.741,2643.08,456.9,0.262,0.003,61.078,43.167,0,0.534,0.394,0.019,0.121,0.554,1.007,2.546,-4.177e-4,0,0.035,0.7,0.665,0.272,871.296,0.001,335.433,0.095,6.4,32.17
20.901,2.904,2643.08,456.9,0.262,0.003,61.361,43.167,0,0.534,0.394,0.019,0.121,0.547,0.768,2.134,-1.578e-5,0,0.035,0.7,0.666,0.048,871.369,0.001,335.436,0.095,6.4,32.17
20.923,3.039,2643.08,456.9,0.262,0.003,61.311,43.167,0,0.535,0.394,0.019,0.121,0.548,0.806,2.338,-7.499e-5,0,0.034,0.7,0.666,-0.054,871.444,0.001,335.439,0.096,6.4,32.17
20.945,4.068,2643.08,456.9,0.262,0.003,60.966,43.167,0,0.535,0.394,0.019,0.121,0.558,1.103,3.311,3.452e-4,0,0.034,0.7,0.667,-0.243,871.519,0.001,335.442,0.097,6.4,32.17
20.968,5.439,2643.08,456.9,0.262,0.003,60.535,43.167,0,0.535,0.394,0.019,0.121,0.573,1.519,4.462,-4.833e-4,0,0.033,0.7,0.667,-0.341,871.595,0.001,335.444,0.097,6.4,32.17
20.991,6.911,2643.08,456.9,0.262,0.003,60.103,43.167,0,0.535,0.394,0.019,0.121,0.593,1.989,5.622,-2.728e-5,0,0.033,0.7,0.668,-0.36,871.671,0.001,335.447,0.098,6.4,32.17
21.013,8.438,2643.08,456.9,0.262,0.003,59.685,43.167,0,0.535,0.394,0.019,0.121,0.614,2.502,6.796,-4.615e-4,0,0.032,0.7,0.668,-0.337,871.748,0.001,335.45,0.098,6.4,32.17
21.036,9.952,2643.08,456.9,0.262,0.003,59.299,43.167,0,0.535,0.394,0.019,0.121,0.635,3.038,7.951,1.174e-5,0,0.031,0.7,0.669,-0.294,871.826,0.001,335.453,0.099,6.4,32.17
21.058,11.28,2643.08,456.9,0.262,0.003,58.983,43.167,0,0.535,0.394,0.019,0.121,0.653,3.527,8.96,2.953e-4,0,0.03,0.7,0.67,-0.244,871.902,0.001,335.456,0.099,6.4,32.17
21.079,12.346,2643.08,456.9,0.262,0.003,58.742,43.167,0,0.535,0.394,0.019,0.121,0.666,3.934,9.766,3.173e-5,0,0.03,0.7,0.671,-0.192,871.975,0.001,335.459,0.1,6.4,32.17
21.1,13.258,2643.08,456.9,0.262,0.003,58.545,43.167,0,0.535,0.394,0.019,0.121,0.675,4.292,10.455,4.085e-5,0,0.029,0.7,0.671,-0.141,872.048,0.001,335.461,0.1,6.4,32.17
21.118,13.904,2643.08,456.9,0.262,0.003,58.411,43.167,0,0.535,0.394,0.019,0.121,0.681,4.551,10.94,1.114e-4,0,0.029,0.7,0.671,-0.1,872.111,0.001,335.464,0.101,6.4,32.17
21.135,14.371,2643.08,456.9,0.262,0.003,58.317,43.167,0,0.535,0.394,0.019,0.121,0.685,4.741,11.29,-5.285e-5,0,0.029,0.7,0.672,-0.068,872.168,0.001,335.466,0.101,6.4,32.17
21.149,14.706,2643.08,456.9,0.262,0.003,58.25,43.167,0,0.535,0.394,0.019,0.121,0.687,4.878,11.54,3.182e-4,0,0.029,0.7,0.672,-0.043,872.221,0.001,335.468,0.102,6.4,32.17
21.163,14.995,2643.08,456.9,0.262,0.003,58.193,43.167,0,0.535,0.394,0.019,0.121,0.689,4.998,11.759,-2.811e-4,0,0.028,0.701,0.672,-0.024,872.27,0.001,335.469,0.102,6.4,32.17
21.177,15.199,2643.08,456.9,0.262,0.003,58.154,43.167,0,0.535,0.394,0.019,0.121,0.69,5.083,11.914,8.215e-5,0,0.028,0.701,0.673,-0.012,872.317,0.001,335.471,0.102,6.4,32.17
21.189,15.325,2643.08,456.9,0.262,0.003,58.13,43.167,0,0.535,0.394,0.019,0.121,0.691,5.135,12.01,3.52e-4,0,0.027,0.701,0.673,-0.004,872.362,0.001,335.473,0.103,6.4,32.17
21.202,15.376,2643.08,456.9,0.262,0.003,58.12,43.167,0,0.535,0.394,0.019,0.121,0.691,5.157,12.049,-3.568e-5,0,0.027,0.701,0.674,-2.021e-4,872.406,0.001,335.475,0.103,6.4,32.17
21.214,15.325,2643.08,456.9,0.262,0.003,58.13,43.167,0,0.535,0.394,0.019,0.121,0.691,5.135,12.006,-4.631e-4,0,0.027,0.701,0.674,9.884e-4,872.449,0.001,335.476,0.103,6.4,32.17
21.225,15.214,2643.08,456.9,0.262,0.003,58.152,43.167,0,0.535,0.394,0.019,0.121,0.691,5.089,11.91,3.199e-4,0,0.026,0.701,0.674,0.006,872.491,0.001,335.478,0.103,6.4,32.17
21.237,15.044,2643.08,456.9,0.262,0.003,58.185,43.167,0,0.535,0.394,0.019,0.121,0.69,5.018,11.762,2.064e-4,0,0.026,0.701,0.674,0.014,872.533,0.001,335.479,0.104,6.4,32.17
21.249,14.817,2643.08,456.9,0.262,0.003,58.23,43.167,0,0.535,0.394,0.019,0.121,0.688,4.925,11.563,3.557e-4,0,0.026,0.701,0.675,0.026,872.575,0.001,335.481,0.104,6.4,32.17
21.26,14.543,2643.08,456.9,0.262,0.003,58.284,43.167,0,0.535,0.394,0.019,0.121,0.687,4.812,11.323,-2.723e-4,0,0.026,0.701,0.675,0.042,872.618,0.001,335.482,0.104,6.4,32.17
21.272,14.211,2643.08,456.9,0.262,0.003,58.351,43.167,0,0.535,0.394,0.019,0.121,0.684,4.676,11.033,8.205e-5,0,0.026,0.701,0.675,0.061,872.661,0.001,335.484,0.105,6.4,32.17
21.284,13.817,2643.08,456.9,0.262,0.003,58.432,43.167,0,0.535,0.394,0.019,0.121,0.681,4.516,10.691,2.395e-4,0,0.025,0.701,0.675,0.082,872.704,0.001,335.486,0.105,6.4,32.17
21.297,13.355,2643.08,456.9,0.262,0.003,58.528,43.167,0,0.535,0.394,0.019,0.121,0.677,4.331,10.29,-3.403e-4,0,0.025,0.701,0.675,0.106,872.75,0.001,335.487,0.105,6.4,32.17
21.31,12.8,2643.08,456.9,0.262,0.003,58.647,43.167,0,0.535,0.394,0.019,0.121,0.671,4.112,9.813,-3.668e-4,0,0.025,0.701,0.676,0.133,872.796,0.001,335.489,0.105,6.4,32.17
21.323,12.153,2643.08,456.9,0.262,0.003,58.789,43.167,0,0.535,0.394,0.019,0.121,0.664,3.86,9.26,-3.593e-4,0,0.025,0.701,0.676,0.162,872.846,0.001,335.491,0.106,6.4,32.17
21.337,11.402,2643.08,456.9,0.262,0.003,58.959,43.167,0,0.535,0.394,0.019,0.121,0.655,3.574,8.625,-3.212e-4,0,0.025,0.701,0.676,0.193,872.899,0.001,335.493,0.106,6.4,32.17
21.353,10.529,2643.08,456.9,0.262,0.003,59.164,43.167,0,0.535,0.394,0.019,0.121,0.644,3.248,7.895,-3.96e-4,0,0.025,0.701,0.676,0.224,872.956,0.001,335.495,0.107,6.4,32.17
21.37,9.512,2643.08,456.9,0.262,0.003,59.414,43.167,0,0.535,0.394,0.019,0.121,0.63,2.88,7.057,-2.047e-4,0,0.025,0.701,0.676,0.253,873.02,0.001,335.497,0.107,6.4,32.17
21.391,8.273,2643.08,456.9,0.262,0.003,59.734,43.167,0,0.535,0.394,0.019,0.122,0.612,2.446,6.056,-3.14e-4,0,0.025,0.701,0.676,0.276,873.096,0.001,335.5,0.108,6.4,32.17
21.416,6.692,2643.08,456.9,0.262,0.003,60.171,43.167,0,0.535,0.394,0.019,0.122,0.59,1.917,4.821,-3.411e-5,0,0.024,0.701,0.676,0.273,873.189,0.001,335.504,0.108,6.4,32.17
21.44,5.208,2643.08,456.9,0.262,0.003,60.61,43.167,0,0.535,0.394,0.02,0.122,0.571,1.447,3.733,-4.953e-4,0,0.024,0.701,0.676,0.212,873.282,0.001,335.507,0.109,6.4,32.17
21.465,4.08,2643.08,456.9,0.262,0.003,60.966,43.167,0,0.535,0.394,0.02,0.122,0.559,1.107,3,2.969e-4,0,0.024,0.701,0.676,0.079,873.374,0.001,335.51,0.11,6.4,32.17
21.489,3.716,2643.08,456.9,0.262,0.003,61.087,43.167,0,0.536,0.394,0.02,0.122,0.555,1,2.803,-2.052e-5,0,0.024,0.701,0.676,-0.002,873.466,0.001,335.514,0.11,6.4,32.17
21.513,4.264,2643.08,456.9,0.262,0.003,60.911,43.167,0,0.536,0.394,0.02,0.122,0.561,1.162,3.323,-2.775e-4,0,0.024,0.701,0.677,-0.102,873.558,0.001,335.517,0.111,6.4,32.17
21.537,5.348,2643.08,456.9,0.262,0.003,60.573,43.167,0,0.536,0.394,0.02,0.122,0.573,1.491,4.258,-4.555e-4,0,0.024,0.701,0.677,-0.204,873.65,0.001,335.521,0.111,6.4,32.17
21.56,6.69,2643.08,456.9,0.262,0.003,60.175,43.167,0,0.536,0.394,0.02,0.122,0.591,1.917,5.338,3.525e-4,0,0.024,0.701,0.677,-0.244,873.743,0.001,335.524,0.112,6.4,32.17
21.582,7.997,2643.08,456.9,0.262,0.003,59.811,43.167,0,0.536,0.394,0.02,0.122,0.609,2.352,6.354,2.573e-4,0,0.023,0.701,0.677,-0.238,873.829,0.001,335.527,0.113,6.4,32.17
21.602,9.086,2643.08,456.9,0.262,0.003,59.524,43.167,0,0.536,0.394,0.02,0.122,0.624,2.729,7.188,-3.389e-5,0,0.023,0.701,0.678,-0.213,873.904,0.001,335.53,0.113,6.4,32.17
21.619,9.989,2643.08,456.9,0.262,0.003,59.297,43.167,0,0.536,0.394,0.02,0.122,0.637,3.051,7.872,3.015e-4,0,0.023,0.701,0.678,-0.182,873.974,0.001,335.533,0.114,6.4,32.17
21.637,10.772,2643.08,456.9,0.262,0.003,59.107,43.167,0,0.536,0.394,0.02,0.122,0.648,3.339,8.463,1.49e-4,0,0.023,0.701,0.678,-0.148,874.042,0.001,335.535,0.114,6.4,32.17
21.654,11.452,2643.08,456.9,0.262,0.003,58.948,43.167,0,0.536,0.394,0.02,0.122,0.656,3.593,8.973,3.838e-4,0,0.022,0.701,0.679,-0.114,874.11,0.001,335.538,0.114,6.4,32.17
21.671,12.035,2643.08,456.9,0.262,0.003,58.815,43.167,0,0.536,0.394,0.02,0.122,0.664,3.815,9.409,-4.241e-4,0,0.022,0.701,0.679,-0.081,874.179,0.001,335.54,0.115,6.4,32.17
21.687,12.45,2643.08,456.9,0.262,0.003,58.723,43.167,0,0.536,0.394,0.02,0.122,0.668,3.976,9.718,-4.732e-4,0,0.022,0.701,0.679,-0.055,874.241,0.001,335.542,0.115,6.4,32.17
21.7,12.74,2643.08,456.9,0.262,0.003,58.659,43.167,0,0.536,0.394,0.02,0.122,0.672,4.089,9.932,-6.317e-5,0,0.021,0.701,0.679,-0.035,874.297,0.001,335.545,0.116,6.4,32.17
21.713,12.929,2643.08,456.9,0.262,0.003,58.618,43.167,0,0.536,0.394,0.02,0.122,0.674,4.163,10.072,-2.455e-4,0,0.021,0.701,0.68,-0.02,874.349,0.001,335.546,0.116,6.4,32.17
21.726,13.039,2643.08,456.9,0.262,0.003,58.594,43.167,0,0.536,0.394,0.02,0.122,0.675,4.206,10.15,8.551e-6,0,0.021,0.701,0.68,-0.01,874.399,0.001,335.548,0.116,6.4,32.17
21.738,13.08,2643.08,456.9,0.262,0.003,58.585,43.167,0,0.536,0.394,0.02,0.122,0.675,4.223,10.176,1.737e-4,0,0.021,0.701,0.68,-0.003,874.447,0.001,335.55,0.116,6.4,32.17
21.749,13.059,2643.08,456.9,0.262,0.003,58.59,43.167,0,0.536,0.394,0.02,0.122,0.675,4.215,10.157,3.703e-4,0,0.021,0.701,0.68,-2.55e-4,874.493,0.001,335.552,0.117,6.4,32.17
21.76,12.998,2643.08,456.9,0.262,0.003,58.603,43.167,0,0.536,0.394,0.02,0.122,0.674,4.19,10.106,-5.05e-5,0,0.02,0.701,0.68,5.75e-4,874.538,0.001,335.553,0.117,6.4,32.17
21.771,12.883,2643.08,456.9,0.262,0.003,58.628,43.167,0,0.536,0.394,0.02,0.122,0.673,4.145,10.009,2.639e-4,0,0.02,0.701,0.681,0.004,874.583,0.001,335.555,0.117,6.4,32.17
21.782,12.715,2643.08,456.9,0.262,0.003,58.664,43.167,0,0.536,0.394,0.02,0.122,0.671,4.079,9.867,-3.248e-4,0,0.02,0.701,0.681,0.01,874.628,0.001,335.557,0.117,6.4,32.17
21.793,12.495,2643.08,456.9,0.262,0.003,58.712,43.167,0,0.536,0.394,0.02,0.122,0.669,3.993,9.68,9.884e-5,0,0.02,0.701,0.681,0.019,874.672,0.001,335.558,0.118,6.4,32.17
21.804,12.212,2643.08,456.9,0.262,0.003,58.774,43.167,0,0.536,0.394,0.02,0.122,0.666,3.883,9.44,-3.629e-4,0,0.02,0.701,0.681,0.031,874.717,0.001,335.56,0.118,6.4,32.17
21.815,11.855,2643.08,456.9,0.262,0.003,58.854,43.167,0,0.536,0.394,0.02,0.122,0.662,3.746,9.138,1.011e-4,0,0.02,0.701,0.681,0.044,874.763,0.001,335.562,0.118,6.4,32.17
21.826,11.438,2643.08,456.9,0.262,0.003,58.949,43.167,0,0.536,0.394,0.02,0.122,0.657,3.588,8.788,4.73e-4,0,0.02,0.701,0.681,0.06,874.81,0.001,335.564,0.119,6.4,32.17
21.838,10.957,2643.08,456.9,0.262,0.003,59.061,43.167,0,0.536,0.394,0.02,0.122,0.651,3.407,8.384,-3.924e-4,0,0.019,0.701,0.681,0.078,874.858,0.001,335.565,0.119,6.4,32.17
21.85,10.402,2643.08,456.9,0.262,0.003,59.194,43.167,0,0.536,0.394,0.02,0.122,0.643,3.202,7.921,-2.734e-4,0,0.019,0.701,0.682,0.098,874.909,0.001,335.567,0.119,6.4,32.17
21.863,9.779,2643.08,456.9,0.262,0.003,59.347,43.167,0,0.536,0.394,0.02,0.122,0.635,2.976,7.404,-4.959e-4,0,0.019,0.701,0.682,0.119,874.964,0.001,335.569,0.119,6.4,32.17
21.877,9.053,2643.08,456.9,0.262,0.003,59.531,43.167,0,0.536,0.394,0.02,0.122,0.625,2.717,6.807,-2.048e-4,0,0.019,0.701,0.682,0.141,875.022,0.001,335.571,0.12,6.4,32.17
21.893,8.195,2643.08,456.9,0.262,0.003,59.756,43.167,0,0.536,0.394,0.02,0.122,0.612,2.419,6.109,3.084e-4,0,0.019,0.701,0.682,0.162,875.087,0.001,335.574,0.12,6.4,32.17
21.911,7.171,2643.08,456.9,0.262,0.003,60.037,43.167,0,0.536,0.394,0.02,0.122,0.598,2.075,5.29,-2.277e-4,0,0.019,0.701,0.682,0.18,875.162,0.001,335.577,0.121,6.4,32.17
21.932,5.898,2643.08,456.9,0.262,0.003,60.406,43.167,0,0.536,0.394,0.02,0.122,0.581,1.663,4.295,3.976e-4,0,0.019,0.701,0.682,0.185,875.253,0.001,335.58,0.121,6.4,32.17
21.957,4.457,2643.08,456.9,0.262,0.003,60.853,43.167,0,0.536,0.394,0.02,0.122,0.564,1.219,3.218,-3.149e-4,0,0.019,0.701,0.682,0.152,875.359,0.001,335.584,0.122,6.4,32.17
21.982,3.287,2643.08,456.9,0.262,0.003,61.238,43.167,0,0.537,0.394,0.02,0.122,0.552,0.877,2.418,-1.197e-4,0,0.019,0.701,0.682,0.058,875.465,0.001,335.588,0.123,6.4,32.17
22.007,2.894,2643.08,456.9,0.262,0.003,61.371,43.167,0,0.537,0.394,0.02,0.122,0.549,0.765,2.181,-3.74e-4,0,0.019,0.701,0.682,-0.004,875.571,0.001,335.592,0.123,6.4,32.17
22.031,3.533,2643.08,456.9,0.262,0.003,61.151,43.167,0,0.537,0.394,0.02,0.122,0.555,0.948,2.764,-3.871e-4,0,0.019,0.701,0.682,-0.102,875.677,0.001,335.596,0.124,6.4,32.17
22.055,4.688,2643.08,456.9,0.262,0.003,60.776,43.167,0,0.537,0.394,0.02,0.122,0.567,1.289,3.713,2.792e-4,0,0.019,0.701,0.682,-0.167,875.782,0.001,335.6,0.124,6.4,32.17
22.08,5.922,2643.08,456.9,0.262,0.003,60.398,43.167,0,0.537,0.394,0.02,0.122,0.582,1.671,4.674,-1.392e-4,0,0.018,0.701,0.683,-0.175,875.888,0.001,335.603,0.125,6.4,32.17
22.1,6.948,2643.08,456.9,0.262,0.003,60.101,43.167,0,0.537,0.394,0.021,0.122,0.596,2.002,5.453,3.411e-4,0,0.018,0.701,0.683,-0.157,875.978,0.001,335.607,0.126,6.4,32.17
22.119,7.884,2643.08,456.9,0.262,0.003,59.842,43.167,0,0.537,0.394,0.021,0.122,0.609,2.314,6.159,1.038e-4,0,0.018,0.701,0.683,-0.13,876.061,0.001,335.61,0.126,6.4,32.17
22.137,8.666,2643.08,456.9,0.262,0.003,59.635,43.167,0,0.537,0.394,0.021,0.122,0.62,2.582,6.747,3.359e-4,0,0.018,0.701,0.683,-0.103,876.139,0.001,335.613,0.127,6.4,32.17
22.154,9.305,2643.08,456.9,0.262,0.003,59.471,43.167,0,0.537,0.394,0.021,0.122,0.629,2.807,7.226,4.863e-4,0,0.018,0.701,0.683,-0.076,876.216,0.001,335.616,0.127,6.4,32.17
22.171,9.774,2643.08,456.9,0.262,0.003,59.354,43.167,0,0.537,0.394,0.021,0.122,0.635,2.974,7.573,3.254e-4,0,0.018,0.701,0.683,-0.05,876.294,0.001,335.618,0.127,6.4,32.17
22.187,10.078,2643.08,456.9,0.262,0.003,59.279,43.167,0,0.537,0.394,0.021,0.122,0.64,3.084,7.796,4.12e-4,0,0.017,0.701,0.684,-0.031,876.362,0.001,335.621,0.128,6.4,32.17
22.201,10.264,2643.08,456.9,0.262,0.003,59.234,43.167,0,0.537,0.394,0.021,0.122,0.642,3.152,7.932,1.342e-5,0,0.017,0.701,0.684,-0.018,876.425,0.001,335.623,0.128,6.4,32.17
22.214,10.418,2643.08,456.9,0.262,0.003,59.197,43.167,0,0.537,0.394,0.021,0.122,0.644,3.209,8.045,-2.169e-4,0,0.017,0.701,0.684,-0.008,876.483,0.001,335.626,0.128,6.4,32.17
22.226,10.494,2643.08,456.9,0.262,0.003,59.179,43.167,0,0.537,0.394,0.021,0.122,0.645,3.236,8.1,-2.554e-4,0,0.017,0.701,0.684,-0.003,876.539,0.001,335.628,0.129,6.4,32.17
22.238,10.5,2643.08,456.9,0.262,0.003,59.178,43.167,0,0.537,0.394,0.021,0.122,0.646,3.239,8.102,3.837e-4,0,0.017,0.701,0.684,-1.708e-4,876.592,0.001,335.63,0.129,6.4,32.17
22.249,10.445,2643.08,456.9,0.262,0.003,59.192,43.167,0,0.537,0.394,0.021,0.122,0.645,3.218,8.058,-1.018e-4,0,0.017,0.701,0.684,5.918e-4,876.644,0.001,335.631,0.129,6.4,32.17
22.261,10.292,2643.08,456.9,0.262,0.003,59.229,43.167,0,0.537,0.394,0.021,0.122,0.643,3.162,7.933,-9.171e-5,0,0.017,0.701,0.684,0.004,876.696,0.001,335.633,0.13,6.4,32.17
22.272,10.079,2643.08,456.9,0.262,0.003,59.281,43.167,0,0.537,0.394,0.021,0.122,0.64,3.085,7.758,1.757e-4,0,0.017,0.701,0.685,0.009,876.747,0.001,335.635,0.13,6.4,32.17
22.283,9.808,2643.08,456.9,0.262,0.003,59.348,43.167,0,0.537,0.394,0.021,0.122,0.636,2.987,7.534,1.345e-4,0,0.016,0.701,0.685,0.017,876.799,0.001,335.637,0.13,6.4,32.17
22.294,9.476,2643.08,456.9,0.262,0.003,59.431,43.167,0,0.537,0.394,0.021,0.122,0.632,2.868,7.261,2.835e-4,0,0.016,0.701,0.685,0.028,876.851,0.001,335.639,0.13,6.4,32.17
22.306,9.093,2643.08,456.9,0.262,0.003,59.529,43.167,0,0.537,0.394,0.021,0.122,0.626,2.732,6.944,-2.596e-4,0,0.016,0.701,0.685,0.04,876.905,0.001,335.641,0.131,6.4,32.17
22.318,8.651,2643.08,456.9,0.262,0.003,59.644,43.167,0,0.537,0.394,0.021,0.122,0.62,2.577,6.582,-4.899e-4,0,0.016,0.701,0.685,0.054,876.961,0.001,335.643,0.131,6.4,32.17
22.331,8.129,2643.08,456.9,0.262,0.003,59.782,43.167,0,0.537,0.394,0.021,0.122,0.613,2.398,6.155,2.661e-4,0,0.016,0.701,0.685,0.07,877.02,0.001,335.645,0.131,6.4,32.17
22.345,7.512,2643.08,456.9,0.262,0.003,59.95,43.167,0,0.537,0.394,0.021,0.122,0.604,2.189,5.653,-3.026e-4,0,0.016,0.701,0.685,0.087,877.084,0.001,335.648,0.132,6.4,32.17
22.36,6.76,2643.08,456.9,0.262,0.003,60.161,43.167,0,0.537,0.394,0.021,0.122,0.594,1.94,5.047,-2.797e-4,0,0.016,0.701,0.685,0.105,877.153,0.001,335.65,0.132,6.4,32.17
22.377,5.831,2643.08,456.9,0.262,0.003,60.433,43.167,0,0.537,0.394,0.021,0.122,0.581,1.642,4.308,1.071e-4,0,0.016,0.701,0.685,0.123,877.233,0.001,335.653,0.133,6.4,32.17
22.398,4.646,2643.08,456.9,0.262,0.003,60.797,43.167,0,0.537,0.394,0.021,0.122,0.567,1.276,3.381,3.313e-4,0,0.016,0.701,0.685,0.135,877.329,0.001,335.657,0.133,6.4,32.17
22.423,3.26,2643.08,456.9,0.262,0.003,61.248,43.167,0,0.538,0.394,0.021,0.122,0.553,0.869,2.33,-3.188e-4,0,0.016,0.701,0.685,0.126,877.446,0.001,335.661,0.134,6.4,32.17
22.447,2.096,2643.08,456.9,0.262,0.003,61.651,43.167,0,0.538,0.394,0.021,0.122,0.544,0.545,1.517,-5.799e-5,0,0.016,0.701,0.685,0.056,877.562,0.001,335.665,0.134,6.4,32.17
22.471,1.797,2643.08,456.9,0.262,0.003,61.761,43.167,0,0.538,0.394,0.021,0.122,0.543,0.464,1.366,1.972e-4,0,0.016,0.701,0.685,-0.019,877.678,0.001,335.67,0.135,6.4,32.17
22.496,2.775,2643.08,456.9,0.262,0.003,61.418,43.167,0,0.538,0.394,0.021,0.122,0.549,0.732,2.203,-4.496e-4,0,0.016,0.701,0.686,-0.116,877.794,0.001,335.674,0.136,6.4,32.17
22.52,4.039,2643.08,456.9,0.262,0.003,60.994,43.167,0,0.538,0.394,0.021,0.122,0.561,1.095,3.183,-1.821e-4,0,0.016,0.701,0.686,-0.132,877.911,0.001,335.678,0.136,6.4,32.17
22.545,5.253,2643.08,456.9,0.262,0.003,60.609,43.167,0,0.538,0.394,0.021,0.122,0.575,1.462,4.1,4.936e-4,0,0.015,0.701,0.686,-0.115,878.028,0.001,335.683,0.137,6.4,32.17
22.566,6.25,2643.08,456.9,0.262,0.003,60.309,43.167,0,0.538,0.394,0.021,0.122,0.587,1.776,4.848,-4.645e-4,0,0.015,0.701,0.686,-0.092,878.13,0.001,335.686,0.138,6.4,32.17
22.585,7.056,2643.08,456.9,0.262,0.003,60.077,43.167,0,0.538,0.394,0.021,0.122,0.598,2.038,5.452,-2.231e-4,0,0.015,0.701,0.686,-0.068,878.224,0.001,335.69,0.138,6.4,32.17
22.604,7.703,2643.08,456.9,0.262,0.003,59.897,43.167,0,0.538,0.394,0.021,0.122,0.607,2.253,5.935,1.045e-5,0,0.015,0.701,0.687,-0.045,878.316,0.001,335.693,0.138,6.4,32.17
22.621,8.147,2643.08,456.9,0.262,0.003,59.776,43.167,0,0.538,0.394,0.021,0.123,0.614,2.404,6.266,4.776e-5,0,0.015,0.701,0.687,-0.028,878.398,0.001,335.696,0.139,6.4,32.17
22.636,8.43,2643.08,456.9,0.262,0.003,59.7,43.167,0,0.538,0.394,0.021,0.123,0.618,2.501,6.477,3.047e-4,0,0.015,0.701,0.687,-0.015,878.471,0.001,335.699,0.139,6.4,32.17
22.649,8.599,2643.08,456.9,0.262,0.003,59.656,43.167,0,0.538,0.394,0.021,0.123,0.62,2.56,6.602,-2.868e-4,0,0.014,0.701,0.687,-0.007,878.537,0.001,335.702,0.14,6.4,32.17
22.662,8.679,2643.08,456.9,0.262,0.003,59.635,43.167,0,0.538,0.394,0.021,0.123,0.621,2.587,6.659,9.83e-6,0,0.014,0.701,0.687,-0.002,878.6,0.001,335.704,0.14,6.4,32.17
22.674,8.683,2643.08,456.9,0.262,0.003,59.634,43.167,0,0.538,0.394,0.021,0.123,0.621,2.589,6.661,-2.97e-4,0,0.014,0.701,0.687,-4.645e-5,878.659,0.001,335.706,0.14,6.4,32.17
22.686,8.619,2643.08,456.9,0.262,0.003,59.65,43.167,0,0.538,0.394,0.021,0.123,0.621,2.566,6.609,2.689e-4,0,0.014,0.701,0.687,8.494e-4,878.718,0.001,335.708,0.14,6.4,32.17
22.697,8.491,2643.08,456.9,0.262,0.003,59.684,43.167,0,0.538,0.394,0.022,0.123,0.619,2.522,6.506,3.765e-4,0,0.014,0.701,0.688,0.004,878.775,0.001,335.71,0.141,6.4,32.17
22.709,8.288,2643.08,456.9,0.262,0.003,59.738,43.167,0,0.538,0.394,0.022,0.123,0.616,2.452,6.34,1.937e-4,0,0.014,0.701,0.688,0.01,878.832,0.001,335.712,0.141,6.4,32.17
22.72,8.018,2643.08,456.9,0.262,0.003,59.81,43.167,0,0.538,0.394,0.022,0.123,0.612,2.36,6.12,7.421e-5,0,0.014,0.701,0.688,0.017,878.89,0.001,335.715,0.141,6.4,32.17
22.732,7.683,2643.08,456.9,0.262,0.003,59.901,43.167,0,0.538,0.394,0.022,0.123,0.607,2.246,5.847,1.763e-4,0,0.014,0.702,0.688,0.027,878.949,0.001,335.717,0.142,6.4,32.17
22.744,7.274,2643.08,456.9,0.262,0.003,60.014,43.167,0,0.538,0.394,0.022,0.123,0.602,2.11,5.517,-1.856e-4,0,0.014,0.702,0.688,0.038,879.011,0.001,335.719,0.142,6.4,32.17
22.757,6.803,2643.08,456.9,0.262,0.003,60.147,43.167,0,0.538,0.394,0.022,0.123,0.595,1.955,5.134,-4.054e-4,0,0.014,0.702,0.688,0.051,879.076,0.001,335.722,0.142,6.4,32.17
22.771,6.246,2643.08,456.9,0.262,0.003,60.309,43.167,0,0.538,0.394,0.022,0.123,0.588,1.774,4.687,-3.665e-4,0,0.013,0.702,0.688,0.066,879.146,0.001,335.724,0.143,6.4,32.17
22.787,5.56,2643.08,456.9,0.262,0.003,60.513,43.167,0,0.538,0.394,0.022,0.123,0.579,1.558,4.139,4.131e-4,0,0.013,0.702,0.688,0.082,879.224,0.001,335.727,0.143,6.4,32.17
22.805,4.679,2643.08,456.9,0.262,0.003,60.786,43.167,0,0.538,0.394,0.022,0.123,0.568,1.287,3.444,7.123e-5,0,0.013,0.702,0.688,0.098,879.313,0.001,335.73,0.143,6.4,32.17
22.827,3.449,2643.08,456.9,0.262,0.003,61.188,43.167,0,0.538,0.394,0.022,0.123,0.556,0.924,2.493,1.781e-4,0,0.013,0.702,0.688,0.108,879.426,0.001,335.734,0.144,6.4,32.17
22.852,2.068,2643.08,456.9,0.262,0.003,61.668,43.167,0,0.539,0.394,0.022,0.123,0.545,0.537,1.463,3.009e-4,0,0.013,0.702,0.688,0.09,879.555,0.001,335.739,0.145,6.4,32.17
22.877,1.237,2643.08,456.9,0.262,0.003,61.974,43.167,0,0.539,0.394,0.022,0.123,0.541,0.315,0.926,-9.33e-5,0,0.013,0.702,0.688,0.001,879.683,0.001,335.744,0.145,6.4,32.17
22.902,1.877,2643.08,456.9,0.262,0.003,61.733,43.167,0,0.539,0.394,0.022,0.123,0.544,0.485,1.487,4.034e-4,0,0.013,0.702,0.688,-0.078,879.81,0.001,335.749,0.146,6.4,32.17
22.927,3.106,2643.08,456.9,0.262,0.003,61.303,43.167,0,0.539,0.394,0.022,0.123,0.553,0.825,2.442,3.715e-4,0,0.013,0.702,0.688,-0.104,879.937,0.001,335.753,0.147,6.4,32.17
22.951,4.339,2643.08,456.9,0.262,0.003,60.897,43.167,0,0.539,0.394,0.022,0.123,0.565,1.185,3.374,2.858e-4,0,0.013,0.702,0.688,-0.092,880.064,0.001,335.758,0.147,6.4,32.17
22.974,5.431,2643.08,456.9,0.262,0.003,60.556,43.167,0,0.539,0.394,0.022,0.123,0.578,1.517,4.195,2.787e-4,0,0.013,0.702,0.689,-0.071,880.182,0.001,335.762,0.148,6.4,32.17
22.994,6.259,2643.08,456.9,0.262,0.003,60.31,43.167,0,0.539,0.394,0.022,0.123,0.588,1.779,4.817,-2.547e-4,0,0.013,0.702,0.689,-0.052,880.286,0.001,335.766,0.148,6.4,32.17
23.012,6.917,2643.08,456.9,0.262,0.003,60.121,43.167,0,0.539,0.394,0.022,0.123,0.597,1.992,5.312,-1.583e-4,0,0.012,0.702,0.689,-0.034,880.385,0.001,335.77,0.149,6.4,32.17
23.029,7.364,2643.08,456.9,0.262,0.003,59.996,43.167,0,0.539,0.394,0.022,0.123,0.604,2.14,5.648,1.768e-4,0,0.012,0.702,0.69,-0.02,880.47,0.001,335.773,0.149,6.4,32.17
23.043,7.663,2643.08,456.9,0.262,0.003,59.914,43.167,0,0.539,0.394,0.022,0.123,0.608,2.24,5.872,2.485e-4,0,0.012,0.702,0.69,-0.011,880.544,0.001,335.776,0.149,6.4,32.17
23.056,7.843,2643.08,456.9,0.262,0.003,59.865,43.167,0,0.539,0.394,0.022,0.123,0.61,2.301,6.008,4.253e-4,0,0.012,0.702,0.69,-0.005,880.612,0.001,335.778,0.15,6.4,32.17
23.068,7.923,2643.08,456.9,0.262,0.003,59.843,43.167,0,0.539,0.394,0.022,0.123,0.612,2.328,6.067,-4.76e-4,0,0.012,0.702,0.69,-0.001,880.676,0.001,335.781,0.15,6.4,32.17
23.079,7.934,2643.08,456.9,0.262,0.003,59.841,43.167,0,0.539,0.394,0.022,0.123,0.612,2.332,6.075,2.833e-4,0,0.012,0.702,0.69,8.428e-7,880.738,0.001,335.783,0.15,6.4,32.17
23.09,7.882,2643.08,456.9,0.262,0.003,59.855,43.167,0,0.539,0.394,0.022,0.123,0.611,2.314,6.034,2.866e-4,0,0.012,0.702,0.69,0.001,880.797,0.001,335.785,0.151,6.4,32.17
23.101,7.769,2643.08,456.9,0.262,0.003,59.886,43.167,0,0.539,0.394,0.022,0.123,0.61,2.276,5.942,1.316e-4,0,0.012,0.702,0.69,0.004,880.856,0.001,335.787,0.151,6.4,32.17
23.112,7.576,2643.08,456.9,0.262,0.003,59.94,43.167,0,0.539,0.394,0.022,0.123,0.607,2.211,5.785,-1.001e-4,0,0.012,0.702,0.69,0.009,880.914,0.001,335.79,0.151,6.4,32.17
23.123,7.323,2643.08,456.9,0.262,0.003,60.01,43.167,0,0.539,0.394,0.022,0.123,0.603,2.127,5.581,2.26e-4,0,0.012,0.702,0.69,0.016,880.973,0.001,335.792,0.151,6.4,32.17
23.135,7.009,2643.08,456.9,0.262,0.003,60.098,43.167,0,0.539,0.394,0.022,0.123,0.599,2.023,5.327,-4.821e-4,0,0.012,0.702,0.69,0.025,881.034,0.001,335.794,0.152,6.4,32.17
23.147,6.625,2643.08,456.9,0.262,0.003,60.208,43.167,0,0.539,0.394,0.022,0.123,0.594,1.897,5.018,1.276e-4,0,0.012,0.702,0.69,0.034,881.097,0.001,335.796,0.152,6.4,32.17
23.159,6.178,2643.08,456.9,0.262,0.003,60.338,43.167,0,0.539,0.394,0.022,0.123,0.588,1.753,4.659,-4.742e-4,0,0.012,0.702,0.69,0.046,881.164,0.001,335.799,0.152,6.4,32.17
23.172,5.643,2643.08,456.9,0.262,0.003,60.497,43.167,0,0.539,0.394,0.022,0.123,0.581,1.584,4.231,-2.221e-4,0,0.012,0.702,0.69,0.058,881.236,0.001,335.801,0.153,6.4,32.17
23.187,4.985,2643.08,456.9,0.262,0.003,60.699,43.167,0,0.539,0.394,0.022,0.123,0.573,1.38,3.71,-1.251e-4,0,0.011,0.702,0.69,0.071,881.316,0.001,335.804,0.153,6.4,32.17
23.205,4.154,2643.08,456.9,0.262,0.003,60.962,43.167,0,0.539,0.394,0.022,0.123,0.564,1.13,3.059,-2.816e-4,0,0.011,0.702,0.69,0.083,881.41,0.001,335.808,0.153,6.4,32.17
23.227,3.048,2643.08,456.9,0.262,0.003,61.329,43.167,0,0.539,0.394,0.022,0.123,0.553,0.809,2.21,-1.886e-4,0,0.011,0.702,0.69,0.087,881.531,0.001,335.812,0.154,6.4,32.17
23.253,1.855,2643.08,456.9,0.262,0.003,61.746,43.167,0,0.54,0.394,0.023,0.123,0.545,0.48,1.341,-4.52e-5,0,0.011,0.702,0.691,0.052,881.671,0.001,335.818,0.155,6.4,32.17
23.278,1.457,2643.08,456.9,0.262,0.003,61.893,43.167,0,0.54,0.394,0.023,0.123,0.543,0.373,1.1,-4.989e-4,0,0.011,0.702,0.691,-0.007,881.812,0.001,335.823,0.155,6.4,32.17
23.304,2.335,2643.08,456.9,0.262,0.003,61.58,43.167,0,0.54,0.394,0.023,0.123,0.548,0.61,1.829,-3.413e-5,0,0.011,0.702,0.691,-0.073,881.952,0.001,335.828,0.156,6.4,32.17
23.329,3.485,2643.08,456.9,0.262,0.003,61.184,43.167,0,0.54,0.394,0.023,0.123,0.557,0.934,2.712,4.747e-5,0,0.011,0.702,0.691,-0.082,882.091,0.001,335.833,0.157,6.4,32.17
23.352,4.472,2643.08,456.9,0.262,0.003,60.862,43.167,0,0.54,0.394,0.023,0.123,0.568,1.225,3.455,3.564e-4,0,0.011,0.702,0.691,-0.07,882.216,0.001,335.838,0.157,6.4,32.17
23.371,5.223,2643.08,456.9,0.262,0.003,60.626,43.167,0,0.54,0.394,0.023,0.123,0.576,1.453,4.019,4.046e-4,0,0.011,0.702,0.691,-0.054,882.322,0.001,335.842,0.158,6.4,32.17
23.389,5.817,2643.08,456.9,0.262,0.003,60.445,43.167,0,0.54,0.394,0.023,0.123,0.584,1.639,4.463,-3.448e-4,0,0.011,0.702,0.691,-0.039,882.422,0.001,335.845,0.158,6.4,32.17
23.406,6.293,2643.08,456.9,0.262,0.003,60.304,43.167,0,0.54,0.394,0.023,0.123,0.59,1.79,4.818,-3.152e-4,0,0.011,0.702,0.691,-0.025,882.521,0.001,335.849,0.158,6.4,32.17
23.422,6.619,2643.08,456.9,0.262,0.003,60.209,43.167,0,0.54,0.394,0.023,0.123,0.595,1.896,5.062,-2.429e-4,0,0.011,0.702,0.691,-0.014,882.609,0.001,335.852,0.159,6.4,32.17
23.436,6.814,2643.08,456.9,0.262,0.003,60.152,43.167,0,0.54,0.394,0.023,0.123,0.597,1.959,5.206,3.608e-4,0,0.011,0.702,0.691,-0.007,882.686,0.001,335.855,0.159,6.4,32.17
23.449,6.914,2643.08,456.9,0.262,0.003,60.124,43.167,0,0.54,0.394,0.023,0.123,0.599,1.992,5.28,-4.898e-4,0,0.01,0.702,0.692,-0.002,882.758,0.001,335.858,0.159,6.4,32.17
23.461,6.948,2643.08,456.9,0.262,0.003,60.114,43.167,0,0.54,0.394,0.023,0.123,0.599,2.003,5.303,-1.379e-4,0,0.01,0.702,0.692,-2.841e-4,882.825,0.001,335.86,0.16,6.4,32.17
23.472,6.916,2643.08,456.9,0.262,0.003,60.123,43.167,0,0.54,0.394,0.023,0.123,0.599,1.992,5.278,-5.325e-5,0,0.01,0.702,0.692,2.074e-4,882.89,0.001,335.863,0.16,6.4,32.17
23.483,6.824,2643.08,456.9,0.262,0.003,60.149,43.167,0,0.54,0.394,0.023,0.123,0.598,1.962,5.205,6.627e-5,0,0.01,0.702,0.692,0.002,882.954,0.001,335.865,0.16,6.4,32.17
23.494,6.675,2643.08,456.9,0.262,0.003,60.192,43.167,0,0.54,0.394,0.023,0.123,0.596,1.914,5.085,-3.406e-4,0,0.01,0.702,0.692,0.005,883.017,0.001,335.867,0.161,6.4,32.17
23.506,6.473,2643.08,456.9,0.262,0.003,60.25,43.167,0,0.54,0.394,0.023,0.123,0.593,1.848,4.923,1.845e-4,0,0.01,0.702,0.692,0.011,883.08,0.001,335.87,0.161,6.4,32.17
23.517,6.217,2643.08,456.9,0.262,0.003,60.325,43.167,0,0.54,0.394,0.023,0.123,0.589,1.766,4.717,-1.786e-4,0,0.01,0.702,0.692,0.017,883.145,0.001,335.872,0.161,6.4,32.17
23.529,5.894,2643.08,456.9,0.262,0.003,60.42,43.167,0,0.54,0.394,0.023,0.123,0.585,1.663,4.459,-4.581e-4,0,0.01,0.702,0.692,0.025,883.212,0.001,335.875,0.161,6.4,32.17
23.541,5.496,2643.08,456.9,0.262,0.003,60.54,43.167,0,0.54,0.394,0.023,0.123,0.58,1.538,4.141,3.516e-4,0,0.01,0.702,0.692,0.034,883.283,0.001,335.877,0.162,6.4,32.17
23.554,5.003,2643.08,456.9,0.262,0.003,60.692,43.167,0,0.54,0.394,0.023,0.123,0.574,1.386,3.75,-2.48e-4,0,0.01,0.702,0.692,0.044,883.359,0.001,335.88,0.162,6.4,32.17
23.569,4.381,2643.08,456.9,0.262,0.003,60.889,43.167,0,0.54,0.394,0.023,0.123,0.567,1.197,3.262,-2.758e-4,0,0.01,0.702,0.692,0.055,883.444,0.001,335.883,0.162,6.4,32.17
23.587,3.582,2643.08,456.9,0.262,0.003,61.15,43.167,0,0.541,0.394,0.023,0.123,0.559,0.963,2.641,-2.139e-4,0,0.01,0.702,0.692,0.064,883.546,0.001,335.887,0.163,6.4,32.17
23.61,2.483,2643.08,456.9,0.262,0.003,61.528,43.167,0,0.541,0.394,0.023,0.123,0.55,0.651,1.804,-7.783e-5,0,0.01,0.702,0.692,0.065,883.679,0.001,335.892,0.164,6.4,32.17
23.636,1.42,2643.08,456.9,0.262,0.003,61.914,43.167,0,0.541,0.394,0.023,0.124,0.544,0.364,1.04,4.373e-4,0,0.01,0.702,0.692,0.025,883.827,0.001,335.897,0.164,6.4,32.17
23.661,1.384,2643.08,456.9,0.262,0.003,61.923,43.167,0,0.541,0.394,0.023,0.124,0.544,0.354,1.061,3.634e-5,0,0.01,0.702,0.692,-0.024,883.976,0.001,335.903,0.165,6.4,32.17
23.687,2.382,2643.08,456.9,0.262,0.003,61.561,43.167,0,0.541,0.394,0.024,0.124,0.549,0.623,1.854,-3.216e-4,0,0.01,0.702,0.692,-0.063,884.124,0.001,335.908,0.165,6.4,32.17
23.712,3.492,2643.08,456.9,0.262,0.003,61.181,43.167,0,0.541,0.394,0.024,0.124,0.559,0.937,2.696,8.23e-6,0,0.01,0.702,0.692,-0.06,884.273,0.001,335.914,0.166,6.4,32.17
23.733,4.321,2643.08,456.9,0.262,0.003,60.911,43.167,0,0.541,0.394,0.024,0.124,0.567,1.18,3.318,4.148e-4,0,0.01,0.702,0.692,-0.047,884.397,0.001,335.919,0.167,6.4,32.17
23.752,4.946,2643.08,456.9,0.262,0.003,60.714,43.167,0,0.541,0.394,0.024,0.124,0.574,1.369,3.786,1.767e-5,0,0.01,0.702,0.693,-0.033,884.509,0.001,335.923,0.167,6.4,32.17
23.771,5.412,2643.08,456.9,0.262,0.003,60.572,43.167,0,0.541,0.394,0.024,0.124,0.58,1.512,4.133,1.323e-4,0,0.01,0.702,0.693,-0.021,884.619,0.001,335.927,0.168,6.4,32.17
23.787,5.695,2643.08,456.9,0.262,0.003,60.487,43.167,0,0.541,0.394,0.024,0.124,0.584,1.601,4.343,1.499e-5,0,0.009,0.702,0.693,-0.011,884.714,0.001,335.93,0.168,6.4,32.17
23.801,5.848,2643.08,456.9,0.262,0.003,60.441,43.167,0,0.541,0.394,0.024,0.124,0.586,1.649,4.456,-6.164e-5,0,0.009,0.702,0.693,-0.005,884.798,0.001,335.933,0.168,6.4,32.17
23.814,5.925,2643.08,456.9,0.262,0.003,60.419,43.167,0,0.541,0.394,0.024,0.124,0.587,1.673,4.512,-1.024e-4,0,0.009,0.702,0.693,-0.002,884.875,0.001,335.936,0.169,6.4,32.17
23.826,5.925,2643.08,456.9,0.262,0.003,60.419,43.167,0,0.541,0.394,0.024,0.124,0.587,1.673,4.51,4.991e-4,0,0.009,0.702,0.693,-9.156e-5,884.948,0.001,335.939,0.169,6.4,32.17
23.838,5.858,2643.08,456.9,0.262,0.003,60.44,43.167,0,0.541,0.394,0.024,0.124,0.586,1.652,4.459,-1.687e-4,0,0.009,0.702,0.693,3.941e-4,885.019,0.001,335.942,0.169,6.4,32.17
23.85,5.73,2643.08,456.9,0.262,0.003,60.478,43.167,0,0.541,0.394,0.024,0.124,0.584,1.612,4.357,3.699e-4,0,0.009,0.702,0.693,0.002,885.089,0.001,335.944,0.169,6.4,32.17
23.861,5.548,2643.08,456.9,0.262,0.003,60.534,43.167,0,0.541,0.394,0.024,0.124,0.582,1.555,4.213,2.16e-4,0,0.009,0.702,0.693,0.006,885.16,0.001,335.947,0.17,6.4,32.17
23.873,5.302,2643.08,456.9,0.262,0.003,60.609,43.167,0,0.541,0.394,0.024,0.124,0.579,1.478,4.019,2.209e-4,0,0.009,0.702,0.693,0.011,885.232,0.001,335.949,0.17,6.4,32.17
23.886,4.987,2643.08,456.9,0.262,0.003,60.706,43.167,0,0.541,0.394,0.024,0.124,0.575,1.381,3.768,-2.043e-4,0,0.009,0.702,0.693,0.017,885.306,0.001,335.952,0.17,6.4,32.17
23.899,4.592,2643.08,456.9,0.262,0.003,60.831,43.167,0,0.541,0.394,0.024,0.124,0.571,1.261,3.457,4.575e-4,0,0.009,0.702,0.693,0.024,885.385,0.001,335.955,0.171,6.4,32.17
23.913,4.101,2643.08,456.9,0.262,0.003,60.988,43.167,0,0.542,0.394,0.024,0.124,0.565,1.115,3.071,4.138e-4,0,0.009,0.702,0.693,0.032,885.472,0.001,335.958,0.171,6.4,32.17
23.929,3.476,2643.08,456.9,0.262,0.003,61.194,43.167,0,0.542,0.394,0.024,0.124,0.559,0.932,2.583,-2.658e-4,0,0.009,0.702,0.693,0.041,885.57,0.001,335.962,0.171,6.4,32.17
23.949,2.639,2643.08,456.9,0.262,0.003,61.479,43.167,0,0.542,0.394,0.024,0.124,0.552,0.695,1.938,-8.812e-5,0,0.009,0.702,0.693,0.05,885.69,0.001,335.966,0.172,6.4,32.17
23.975,1.41,2643.08,456.9,0.262,0.003,61.919,43.167,0,0.542,0.394,0.024,0.124,0.545,0.361,1.007,-1.358e-4,0,0.009,0.703,0.694,0.05,885.849,0.001,335.972,0.173,6.4,32.17
24.001,0.627,2643.08,456.9,0.262,0.003,62.213,43.167,0,0.542,0.394,0.024,0.124,0.542,0.158,0.471,-3.26e-4,0,0.009,0.703,0.694,-0.002,886.01,0.001,335.978,0.173,6.4,32.17
24.027,1.469,2643.08,456.9,0.262,0.003,61.901,43.167,0,0.542,0.394,0.024,0.124,0.545,0.377,1.153,-3.772e-4,0,0.009,0.703,0.694,-0.051,886.17,0.001,335.984,0.174,6.4,32.17
24.053,2.565,2643.08,456.9,0.262,0.003,61.506,43.167,0,0.542,0.394,0.024,0.124,0.552,0.674,1.978,3.149e-4,0,0.009,0.703,0.694,-0.047,886.33,0.001,335.99,0.175,6.4,32.17
24.079,3.653,2643.08,456.9,0.262,0.003,61.134,43.167,0,0.542,0.394,0.024,0.124,0.561,0.983,2.794,-5.437e-5,0,0.009,0.703,0.694,-0.033,886.491,0.001,335.996,0.175,6.4,32.17
24.102,4.409,2643.08,456.9,0.262,0.003,60.887,43.167,0,0.542,0.394,0.024,0.124,0.569,1.206,3.361,1.263e-5,0,0.008,0.703,0.694,-0.02,886.631,0.001,336.001,0.176,6.4,32.17
24.119,4.804,2643.08,456.9,0.262,0.003,60.762,43.167,0,0.542,0.394,0.024,0.124,0.574,1.325,3.655,2.142e-5,0,0.008,0.703,0.694,-0.011,886.741,0.001,336.005,0.176,6.4,32.17
24.134,5.029,2643.08,456.9,0.262,0.003,60.691,43.167,0,0.542,0.394,0.025,0.124,0.576,1.394,3.823,-1.338e-5,0,0.008,0.703,0.694,-0.005,886.835,0.001,336.009,0.176,6.4,32.17
24.148,5.144,2643.08,456.9,0.262,0.003,60.655,43.167,0,0.542,0.394,0.025,0.124,0.578,1.43,3.908,-2.21e-4,0,0.008,0.703,0.694,-0.002,886.92,0.001,336.012,0.177,6.4,32.17
24.161,5.177,2643.08,456.9,0.262,0.003,60.645,43.167,0,0.542,0.394,0.025,0.124,0.578,1.44,3.932,-3.809e-4,0,0.008,0.703,0.694,-9.15e-5,887,0.001,336.015,0.177,6.4,32.17
24.173,5.138,2643.08,456.9,0.262,0.003,60.657,43.167,0,0.542,0.394,0.025,0.124,0.578,1.428,3.901,2.691e-4,0,0.008,0.703,0.695,3.726e-4,887.077,0.001,336.018,0.177,6.4,32.17
24.185,5.03,2643.08,456.9,0.262,0.003,60.69,43.167,0,0.542,0.394,0.025,0.124,0.577,1.395,3.816,-2.78e-4,0,0.008,0.703,0.695,0.002,887.152,0.001,336.021,0.178,6.4,32.17
24.197,4.856,2643.08,456.9,0.262,0.003,60.745,43.167,0,0.542,0.394,0.025,0.124,0.575,1.341,3.678,4.408e-4,0,0.008,0.703,0.695,0.006,887.229,0.001,336.023,0.178,6.4,32.17
24.209,4.6,2643.08,456.9,0.262,0.003,60.825,43.167,0,0.542,0.394,0.025,0.124,0.572,1.264,3.477,4.475e-4,0,0.008,0.703,0.695,0.01,887.307,0.001,336.026,0.178,6.4,32.17
24.222,4.263,2643.08,456.9,0.262,0.003,60.933,43.167,0,0.542,0.394,0.025,0.124,0.568,1.163,3.213,-1.878e-4,0,0.008,0.703,0.695,0.016,887.389,0.001,336.029,0.178,6.4,32.17
24.236,3.832,2643.08,456.9,0.262,0.003,61.074,43.167,0,0.542,0.394,0.025,0.124,0.564,1.036,2.875,3.443e-4,0,0.008,0.703,0.695,0.023,887.478,0.001,336.033,0.179,6.4,32.17
24.252,3.277,2643.08,456.9,0.262,0.003,61.259,43.167,0,0.543,0.394,0.025,0.124,0.558,0.875,2.443,-4.642e-4,0,0.008,0.703,0.695,0.031,887.577,0.001,336.036,0.179,6.4,32.17
24.271,2.546,2643.08,456.9,0.262,0.003,61.511,43.167,0,0.543,0.394,0.025,0.124,0.552,0.669,1.878,5.718e-5,0,0.008,0.703,0.695,0.04,887.696,0.001,336.041,0.18,6.4,32.17
24.296,1.464,2643.08,456.9,0.262,0.003,61.901,43.167,0,0.543,0.394,0.025,0.124,0.546,0.375,1.053,3.581e-4,0,0.008,0.703,0.695,0.046,887.857,0.001,336.047,0.18,6.4,32.17
24.323,0.482,2643.08,456.9,0.262,0.003,62.277,43.167,0,0.543,0.394,0.025,0.124,0.543,0.121,0.356,1.717e-4,0,0.008,0.703,0.695,0.004,888.029,0.001,336.053,0.181,6.4,32.17
24.35,1.242,2643.08,456.9,0.262,0.003,61.983,43.167,0,0.543,0.394,0.025,0.124,0.545,0.317,0.974,-2.538e-5,0,0.008,0.703,0.695,-0.043,888.202,0.001,336.059,0.182,6.4,32.17
24.376,2.384,2643.08,456.9,0.262,0.003,61.57,43.167,0,0.543,0.394,0.025,0.124,0.552,0.624,1.835,-2.965e-4,0,0.008,0.703,0.695,-0.04,888.375,0.001,336.066,0.182,6.4,32.17
24.403,3.394,2643.08,456.9,0.262,0.003,61.224,43.167,0,0.543,0.394,0.025,0.124,0.56,0.909,2.592,2.782e-4,0,0.008,0.703,0.695,-0.028,888.549,0.001,336.072,0.183,6.4,32.17
24.426,4.051,2643.08,456.9,0.262,0.003,61.008,43.167,0,0.543,0.394,0.025,0.124,0.566,1.1,3.084,-2.678e-4,0,0.008,0.703,0.695,-0.017,888.695,0.001,336.078,0.183,6.4,32.17
24.443,4.426,2643.08,456.9,0.262,0.003,60.888,43.167,0,0.543,0.394,0.025,0.124,0.571,1.212,3.364,2.715e-6,0,0.008,0.703,0.695,-0.009,888.809,0.001,336.082,0.184,6.4,32.17
24.458,4.646,2643.08,456.9,0.262,0.003,60.819,43.167,0,0.543,0.394,0.025,0.124,0.573,1.278,3.529,-3.21e-4,0,0.008,0.703,0.695,-0.004,888.906,0.001,336.086,0.184,6.4,32.17
24.471,4.765,2643.08,456.9,0.262,0.003,60.782,43.167,0,0.543,0.394,0.025,0.124,0.574,1.314,3.617,2.612e-4,0,0.008,0.703,0.695,-0.001,888.993,0.001,336.089,0.184,6.4,32.17
24.484,4.804,2643.08,456.9,0.262,0.003,60.77,43.167,0,0.543,0.393,0.025,0.124,0.575,1.326,3.646,-2.699e-4,0,0.007,0.703,0.696,-6.82e-5,889.075,0.001,336.092,0.185,6.4,32.17
24.496,4.774,2643.08,456.9,0.262,0.003,60.78,43.167,0,0.543,0.393,0.025,0.124,0.575,1.317,3.623,4.783e-4,0,0.007,0.703,0.696,3.387e-4,889.154,0.001,336.095,0.185,6.4,32.17
24.508,4.673,2643.08,456.9,0.262,0.003,60.812,43.167,0,0.543,0.393,0.025,0.124,0.573,1.286,3.544,-9.625e-5,0,0.007,0.703,0.696,0.002,889.231,0.001,336.098,0.185,6.4,32.17
24.519,4.504,2643.08,456.9,0.262,0.003,60.866,43.167,0,0.543,0.393,0.025,0.124,0.572,1.235,3.411,2.17e-4,0,0.007,0.703,0.696,0.005,889.31,0.001,336.1,0.186,6.4,32.17
24.532,4.269,2643.08,456.9,0.262,0.003,60.941,43.167,0,0.543,0.393,0.025,0.124,0.569,1.165,3.227,2.618e-4,0,0.007,0.703,0.696,0.009,889.39,0.001,336.103,0.186,6.4,32.17
24.544,3.959,2643.08,456.9,0.262,0.003,61.042,43.167,0,0.543,0.393,0.025,0.125,0.566,1.073,2.983,4.008e-4,0,0.007,0.703,0.696,0.014,889.475,0.001,336.107,0.186,6.4,32.17
24.558,3.578,2643.08,456.9,0.262,0.003,61.168,43.167,0,0.543,0.393,0.025,0.125,0.562,0.962,2.685,-2.335e-4,0,0.007,0.703,0.696,0.02,889.566,0.001,336.11,0.187,6.4,32.17
24.574,3.096,2643.08,456.9,0.262,0.003,61.33,43.167,0,0.544,0.393,0.026,0.125,0.558,0.824,2.31,4.292e-4,0,0.007,0.703,0.696,0.027,889.669,0.001,336.114,0.187,6.4,32.17
24.592,2.445,2643.08,456.9,0.262,0.003,61.555,43.167,0,0.544,0.393,0.026,0.125,0.553,0.641,1.808,2.812e-4,0,0.007,0.703,0.696,0.035,889.791,0.001,336.118,0.187,6.4,32.17
24.617,1.448,2643.08,456.9,0.262,0.003,61.913,43.167,0,0.544,0.393,0.026,0.125,0.547,0.371,1.049,-3.109e-4,0,0.007,0.703,0.696,0.039,889.955,0.001,336.124,0.188,6.4,32.17
24.644,0.557,2643.08,456.9,0.262,0.003,62.246,43.167,0,0.544,0.393,0.026,0.125,0.544,0.14,0.416,2.155e-4,0,0.007,0.703,0.696,0.001,890.138,0.001,336.131,0.189,6.4,32.17
24.671,1.265,2643.08,456.9,0.262,0.003,61.984,43.167,0,0.544,0.393,0.026,0.125,0.546,0.323,0.986,-4.09e-5,0,0.007,0.703,0.696,-0.036,890.32,0.001,336.138,0.189,6.4,32.17
24.698,2.318,2643.08,456.9,0.262,0.003,61.6,43.167,0,0.544,0.393,0.026,0.125,0.552,0.606,1.78,3.157e-4,0,0.007,0.703,0.696,-0.034,890.502,0.001,336.145,0.19,6.4,32.17
24.724,3.2,2643.08,456.9,0.262,0.003,61.294,43.167,0,0.544,0.393,0.026,0.125,0.559,0.853,2.44,2.1e-4,0,0.007,0.703,0.696,-0.023,890.678,0.001,336.151,0.191,6.4,32.17
24.747,3.784,2643.08,456.9,0.262,0.003,61.098,43.167,0,0.544,0.393,0.026,0.125,0.565,1.022,2.877,9.902e-5,0,0.007,0.703,0.696,-0.013,890.83,0.001,336.157,0.191,6.4,32.17
24.764,4.118,2643.08,456.9,0.262,0.003,60.988,43.167,0,0.544,0.393,0.026,0.125,0.568,1.12,3.126,2.985e-4,0,0.007,0.703,0.696,-0.007,890.946,0.001,336.161,0.191,6.4,32.17
24.778,4.308,2643.08,456.9,0.262,0.003,60.926,43.167,0,0.544,0.393,0.026,0.125,0.57,1.177,3.269,4.325e-4,0,0.007,0.703,0.696,-0.003,891.044,0.001,336.165,0.192,6.4,32.17
24.791,4.399,2643.08,456.9,0.262,0.003,60.897,43.167,0,0.544,0.393,0.026,0.125,0.571,1.204,3.336,5.644e-5,0,0.007,0.703,0.696,-6.889e-4,891.133,0.001,336.168,0.192,6.4,32.17
24.804,4.412,2643.08,456.9,0.262,0.003,60.893,43.167,0,0.544,0.393,0.026,0.125,0.572,1.208,3.345,-2.434e-4,0,0.007,0.703,0.696,2.065e-8,891.217,0.001,336.171,0.192,6.4,32.17
24.816,4.355,2643.08,456.9,0.262,0.003,60.911,43.167,0,0.544,0.393,0.026,0.125,0.571,1.191,3.301,2.736e-4,0,0.007,0.703,0.696,6.527e-4,891.299,0.001,336.174,0.193,6.4,32.17
24.827,4.236,2643.08,456.9,0.262,0.003,60.949,43.167,0,0.544,0.393,0.026,0.125,0.57,1.155,3.207,4.535e-4,0,0.007,0.703,0.696,0.003,891.38,0.001,336.177,0.193,6.4,32.17
24.839,4.052,2643.08,456.9,0.262,0.003,61.009,43.167,0,0.544,0.393,0.026,0.125,0.568,1.101,3.063,7.58e-5,0,0.007,0.703,0.697,0.006,891.462,0.001,336.18,0.193,6.4,32.17
24.852,3.8,2643.08,456.9,0.262,0.003,61.092,43.167,0,0.544,0.393,0.026,0.125,0.565,1.027,2.866,-1.406e-4,0,0.007,0.703,0.697,0.01,891.548,0.001,336.183,0.194,6.4,32.17
24.865,3.471,2643.08,456.9,0.262,0.003,61.201,43.167,0,0.544,0.393,0.026,0.125,0.562,0.931,2.609,1.975e-4,0,0.007,0.703,0.697,0.015,891.639,0.001,336.187,0.194,6.4,32.17
24.88,3.037,2643.08,456.9,0.262,0.003,61.348,43.167,0,0.544,0.393,0.026,0.125,0.558,0.807,2.272,4.22e-4,0,0.007,0.703,0.697,0.021,891.74,0.001,336.19,0.194,6.4,32.17
24.897,2.453,2643.08,456.9,0.262,0.003,61.552,43.167,0,0.545,0.393,0.026,0.125,0.554,0.643,1.821,-3.517e-4,0,0.007,0.703,0.697,0.027,891.859,0.001,336.195,0.195,6.4,32.17
24.919,1.579,2643.08,456.9,0.262,0.003,61.867,43.167,0,0.545,0.393,0.026,0.125,0.549,0.406,1.154,-4.984e-4,0,0.007,0.703,0.697,0.033,892.013,0.001,336.201,0.195,6.4,32.17
24.947,0.518,2643.08,456.9,0.262,0.003,62.27,43.167,0,0.545,0.393,0.026,0.125,0.545,0.13,0.37,2.745e-4,0,0.007,0.703,0.697,0.018,892.203,0.001,336.208,0.196,6.4,32.17
24.974,0.885,2643.08,456.9,0.262,0.003,62.124,43.167,0,0.545,0.393,0.026,0.125,0.546,0.224,0.696,3.179e-4,0,0.007,0.703,0.697,-0.031,892.394,0.001,336.215,0.197,6.4,32.17
25.001,1.912,2643.08,456.9,0.262,0.003,61.747,43.167,0,0.545,0.393,0.027,0.125,0.551,0.495,1.468,-2.848e-4,0,0.007,0.703,0.697,-0.029,892.585,0.001,336.222,0.197,6.4,32.17
25.029,2.768,2643.08,456.9,0.262,0.003,61.446,43.167,0,0.545,0.393,0.027,0.125,0.557,0.731,2.108,-4.595e-4,0,0.006,0.703,0.697,-0.019,892.777,0.001,336.229,0.198,6.4,32.17
25.052,3.307,2643.08,456.9,0.262,0.003,61.263,43.167,0,0.545,0.393,0.027,0.125,0.561,0.884,2.51,2.526e-4,0,0.006,0.704,0.697,-0.011,892.941,0.001,336.235,0.198,6.4,32.17
25.069,3.577,2643.08,456.9,0.262,0.003,61.173,43.167,0,0.545,0.393,0.027,0.125,0.564,0.962,2.711,2.407e-5,0,0.006,0.704,0.697,-0.005,893.062,0.001,336.239,0.199,6.4,32.17
25.084,3.711,2643.08,456.9,0.262,0.003,61.129,43.167,0,0.545,0.393,0.027,0.125,0.565,1.001,2.812,5.729e-5,0,0.006,0.704,0.697,-0.002,893.168,0.001,336.243,0.199,6.4,32.17
25.098,3.751,2643.08,456.9,0.262,0.003,61.116,43.167,0,0.545,0.393,0.027,0.125,0.566,1.013,2.84,1.881e-4,0,0.006,0.704,0.697,-3.333e-4,893.265,0.001,336.247,0.199,6.4,32.17
25.111,3.727,2643.08,456.9,0.262,0.003,61.125,43.167,0,0.545,0.393,0.027,0.125,0.565,1.006,2.822,3.274e-4,0,0.006,0.704,0.697,4.557e-5,893.358,0.001,336.25,0.2,6.4,32.17
25.124,3.636,2643.08,456.9,0.262,0.003,61.155,43.167,0,0.545,0.393,0.027,0.125,0.565,0.979,2.751,-4.585e-4,0,0.006,0.704,0.697,9.557e-4,893.45,0.001,336.254,0.2,6.4,32.17
25.137,3.477,2643.08,456.9,0.262,0.003,61.209,43.167,0,0.545,0.393,0.027,0.125,0.563,0.933,2.627,-1.77e-4,0,0.006,0.704,0.697,0.003,893.543,0.001,336.257,0.2,6.4,32.17
25.15,3.242,2643.08,456.9,0.262,0.003,61.288,43.167,0,0.545,0.393,0.027,0.125,0.561,0.865,2.444,-1.487e-4,0,0.006,0.704,0.697,0.006,893.64,0.001,336.261,0.201,6.4,32.17
25.165,2.887,2643.08,456.9,0.262,0.003,61.409,43.167,0,0.545,0.393,0.027,0.125,0.558,0.765,2.17,2.949e-4,0,0.006,0.704,0.698,0.01,893.743,0.001,336.265,0.201,6.4,32.17
25.181,2.41,2643.08,456.9,0.262,0.003,61.576,43.167,0,0.545,0.393,0.027,0.125,0.554,0.632,1.802,4.558e-4,0,0.006,0.704,0.698,0.015,893.859,0.001,336.269,0.201,6.4,32.17
25.201,1.745,2643.08,456.9,0.262,0.003,61.814,43.167,0,0.546,0.393,0.027,0.125,0.55,0.45,1.291,3.07e-4,0,0.006,0.704,0.698,0.02,894.001,0.001,336.274,0.202,6.4,32.17
25.229,0.773,2643.08,456.9,0.262,0.003,62.176,43.167,0,0.546,0.393,0.027,0.125,0.547,0.195,0.554,2.23e-4,0,0.006,0.704,0.698,0.025,894.203,0.001,336.282,0.202,6.4,32.17
25.257,0.266,2643.08,456.9,0.262,0.003,62.37,43.167,0,0.546,0.393,0.027,0.125,0.546,0.066,0.224,-4.484e-5,0,0.006,0.704,0.698,-0.026,894.405,0.001,336.289,0.203,6.4,32.17
25.285,1.302,2643.08,456.9,0.262,0.003,61.975,43.167,0,0.546,0.393,0.027,0.125,0.549,0.333,1,-3.475e-4,0,0.006,0.704,0.698,-0.022,894.607,0.001,336.297,0.204,6.4,32.17
25.313,2.151,2643.08,456.9,0.262,0.003,61.665,43.167,0,0.546,0.393,0.027,0.125,0.553,0.56,1.634,-2.174e-5,0,0.006,0.704,0.698,-0.015,894.81,0.001,336.304,0.204,6.4,32.17
25.339,2.697,2643.08,456.9,0.262,0.003,61.473,43.167,0,0.546,0.393,0.027,0.125,0.557,0.711,2.043,-3.77e-4,0,0.006,0.704,0.698,-0.008,894.999,0.001,336.311,0.205,6.4,32.17
25.358,2.969,2643.08,456.9,0.262,0.003,61.378,43.167,0,0.546,0.393,0.027,0.125,0.559,0.788,2.246,-2.343e-4,0,0.006,0.704,0.698,-0.004,895.138,0.001,336.316,0.205,6.4,32.17
25.374,3.113,2643.08,456.9,0.262,0.003,61.329,43.167,0,0.546,0.393,0.028,0.126,0.561,0.829,2.353,2.832e-4,0,0.006,0.704,0.698,-0.001,895.257,0.001,336.321,0.206,6.4,32.17
25.389,3.154,2643.08,456.9,0.262,0.003,61.315,43.167,0,0.546,0.393,0.028,0.126,0.561,0.84,2.383,-2.416e-4,0,0.006,0.704,0.698,-8.756e-5,895.368,0.001,336.325,0.206,6.4,32.17
25.404,3.108,2643.08,456.9,0.262,0.003,61.331,43.167,0,0.546,0.393,0.028,0.126,0.561,0.827,2.348,-4.114e-4,0,0.006,0.704,0.698,2.129e-4,895.474,0.001,336.329,0.207,6.4,32.17
25.418,2.975,2643.08,456.9,0.262,0.003,61.376,43.167,0,0.546,0.393,0.028,0.126,0.56,0.79,2.246,-2.554e-4,0,0.006,0.704,0.698,0.001,895.58,0.001,336.333,0.207,6.4,32.17
25.433,2.764,2643.08,456.9,0.262,0.003,61.449,43.167,0,0.546,0.393,0.028,0.126,0.558,0.73,2.083,-1.878e-5,0,0.006,0.704,0.698,0.004,895.69,0.001,336.337,0.207,6.4,32.17
25.449,2.463,2643.08,456.9,0.262,0.003,61.554,43.167,0,0.546,0.393,0.028,0.126,0.556,0.646,1.851,-4.498e-4,0,0.006,0.704,0.698,0.006,895.807,0.001,336.341,0.208,6.4,32.17
25.467,2.049,2643.08,456.9,0.262,0.003,61.701,43.167,0,0.547,0.393,0.028,0.126,0.553,0.533,1.533,-2.845e-4,0,0.006,0.704,0.698,0.01,895.938,0.001,336.346,0.208,6.4,32.17
25.488,1.461,2643.08,456.9,0.262,0.003,61.916,43.167,0,0.547,0.393,0.028,0.126,0.55,0.375,1.084,-3.763e-4,0,0.006,0.704,0.698,0.014,896.097,0.001,336.352,0.209,6.4,32.17
25.516,0.624,2643.08,456.9,0.262,0.003,62.231,43.167,0,0.547,0.393,0.028,0.126,0.547,0.157,0.454,3.274e-4,0,0.006,0.704,0.698,0.015,896.305,0.001,336.36,0.209,6.4,32.17
25.544,0.455,2643.08,456.9,0.262,0.003,62.303,43.167,0,0.547,0.393,0.028,0.126,0.547,0.114,0.352,1.563e-5,0,0.006,0.704,0.698,-0.011,896.514,0.001,336.367,0.21,6.4,32.17
25.572,1.24,2643.08,456.9,0.262,0.003,62.003,43.167,0,0.547,0.393,0.028,0.126,0.549,0.317,0.947,-2.511e-4,0,0.006,0.704,0.698,-0.015,896.723,0.001,336.375,0.21,6.4,32.17
25.6,1.959,2643.08,456.9,0.262,0.003,61.74,43.167,0,0.547,0.393,0.028,0.126,0.553,0.508,1.485,2.524e-4,0,0.005,0.704,0.699,-0.01,896.933,0.001,336.383,0.211,6.4,32.17
25.625,2.421,2643.08,456.9,0.262,0.003,61.577,43.167,0,0.547,0.393,0.028,0.126,0.556,0.635,1.831,-4.338e-4,0,0.005,0.704,0.699,-0.005,897.121,0.001,336.39,0.212,6.4,32.17
25.644,2.638,2643.08,456.9,0.262,0.003,61.501,43.167,0,0.547,0.393,0.028,0.126,0.558,0.695,1.993,-3.954e-4,0,0.005,0.704,0.699,-0.002,897.264,0.001,336.395,0.212,6.4,32.17
25.661,2.734,2643.08,456.9,0.262,0.003,61.468,43.167,0,0.547,0.393,0.028,0.126,0.559,0.722,2.065,-7.628e-5,0,0.005,0.704,0.699,-3.391e-4,897.391,0.001,336.4,0.213,6.4,32.17
25.676,2.74,2643.08,456.9,0.262,0.003,61.467,43.167,0,0.547,0.393,0.028,0.126,0.559,0.724,2.069,2.504e-4,0,0.005,0.704,0.699,2.224e-5,897.51,0.001,336.404,0.213,6.4,32.17
25.692,2.662,2643.08,456.9,0.262,0.003,61.494,43.167,0,0.547,0.393,0.028,0.126,0.558,0.702,2.009,-4.289e-4,0,0.005,0.704,0.699,7.318e-4,897.626,0.001,336.408,0.213,6.4,32.17
25.707,2.508,2643.08,456.9,0.262,0.003,61.548,43.167,0,0.547,0.393,0.028,0.126,0.557,0.659,1.891,-1.672e-4,0,0.005,0.704,0.699,0.002,897.745,0.001,336.413,0.214,6.4,32.17
25.724,2.271,2643.08,456.9,0.262,0.003,61.632,43.167,0,0.547,0.393,0.028,0.126,0.555,0.594,1.708,-4.44e-4,0,0.005,0.704,0.699,0.005,897.87,0.001,336.417,0.214,6.4,32.17
25.742,1.925,2643.08,456.9,0.262,0.003,61.756,43.167,0,0.548,0.393,0.029,0.126,0.553,0.499,1.442,-8.839e-5,0,0.005,0.704,0.699,0.008,898.008,0.001,336.423,0.214,6.4,32.17
25.763,1.408,2643.08,456.9,0.262,0.003,61.945,43.167,0,0.548,0.393,0.029,0.126,0.551,0.361,1.047,6.074e-5,0,0.005,0.704,0.699,0.011,898.171,0.001,336.429,0.215,6.4,32.17
25.792,0.616,2643.08,456.9,0.262,0.003,62.244,43.167,0,0.548,0.393,0.029,0.126,0.548,0.155,0.451,-1.897e-4,0,0.005,0.704,0.699,0.011,898.392,0.001,336.437,0.216,6.4,32.17
25.821,0.473,2643.08,456.9,0.262,0.003,62.294,43.167,0,0.548,0.393,0.029,0.126,0.548,0.119,0.364,-1.165e-4,0,0.005,0.704,0.699,-0.01,898.613,0.001,336.445,0.216,6.4,32.17
25.849,1.242,2643.08,456.9,0.262,0.003,62.003,43.167,0,0.548,0.393,0.029,0.126,0.55,0.317,0.945,3.569e-4,0,0.005,0.704,0.699,-0.012,898.838,0.001,336.453,0.217,6.4,32.17
25.878,1.906,2643.08,456.9,0.262,0.003,61.76,43.167,0,0.548,0.393,0.029,0.126,0.554,0.494,1.443,6.456e-5,0,0.005,0.704,0.699,-0.008,899.069,0.001,336.461,0.218,6.4,32.17
25.901,2.3,2643.08,456.9,0.262,0.003,61.619,43.167,0,0.548,0.393,0.029,0.126,0.556,0.602,1.739,1.985e-5,0,0.005,0.704,0.699,-0.004,899.26,0.001,336.468,0.218,6.4,32.17
25.92,2.466,2643.08,456.9,0.262,0.003,61.56,43.167,0,0.548,0.393,0.029,0.126,0.558,0.647,1.862,1.564e-4,0,0.005,0.704,0.699,-0.001,899.412,0.001,336.473,0.218,6.4,32.17
25.937,2.524,2643.08,456.9,0.262,0.003,61.54,43.167,0,0.548,0.393,0.029,0.126,0.558,0.663,1.905,-6.21e-5,0,0.005,0.704,0.7,-2.314e-4,899.55,0.001,336.478,0.219,6.4,32.17
25.953,2.493,2643.08,456.9,0.262,0.003,61.551,43.167,0,0.548,0.393,0.029,0.126,0.558,0.655,1.882,-3.613e-4,0,0.005,0.704,0.7,3.683e-5,899.681,0.001,336.483,0.219,6.4,32.17
25.969,2.375,2643.08,456.9,0.262,0.003,61.592,43.167,0,0.548,0.393,0.029,0.126,0.557,0.622,1.791,3.451e-4,0,0.005,0.704,0.7,6.625e-4,899.812,0.001,336.488,0.22,6.4,32.17
25.985,2.184,2643.08,456.9,0.262,0.003,61.66,43.167,0,0.548,0.393,0.029,0.126,0.556,0.57,1.644,-2.18e-5,0,0.005,0.704,0.7,0.002,899.949,0.001,336.492,0.22,6.4,32.17
26.003,1.916,2643.08,456.9,0.262,0.003,61.756,43.167,0,0.549,0.393,0.029,0.126,0.554,0.497,1.439,-1.101e-4,0,0.005,0.704,0.7,0.004,900.096,0.001,336.498,0.22,6.4,32.17
26.024,1.547,2643.08,456.9,0.262,0.003,61.891,43.167,0,0.549,0.393,0.029,0.126,0.552,0.398,1.157,-1.68e-4,0,0.005,0.704,0.7,0.006,900.263,0.001,336.503,0.221,6.4,32.17
26.049,1.013,2643.08,456.9,0.262,0.003,62.09,43.167,0,0.549,0.393,0.029,0.126,0.55,0.257,0.754,3.49e-4,0,0.005,0.705,0.7,0.008,900.471,0.001,336.511,0.221,6.4,32.17
26.078,0.477,2643.08,456.9,0.262,0.003,62.299,43.167,0,0.549,0.393,0.029,0.126,0.549,0.12,0.356,-1.033e-4,0,0.005,0.705,0.7,0.001,900.717,0.001,336.519,0.222,6.4,32.17
26.108,0.759,2643.08,456.9,0.262,0.003,62.193,43.167,0,0.549,0.393,0.03,0.126,0.55,0.192,0.577,2.356e-4,0,0.005,0.705,0.7,-0.007,900.963,0.001,336.528,0.223,6.4,32.17
26.137,1.339,2643.08,456.9,0.262,0.003,61.975,43.167,0,0.549,0.393,0.03,0.126,0.552,0.343,1.013,-9.868e-5,0,0.005,0.705,0.7,-0.006,901.209,0.001,336.537,0.223,6.4,32.17
26.167,1.799,2643.08,456.9,0.262,0.003,61.806,43.167,0,0.549,0.393,0.03,0.127,0.554,0.465,1.358,-1.978e-4,0,0.005,0.705,0.7,-0.003,901.456,0.001,336.545,0.224,6.4,32.17
26.19,2.021,2643.08,456.9,0.262,0.003,61.727,43.167,0,0.549,0.393,0.03,0.127,0.556,0.525,1.525,2.447e-4,0,0.005,0.705,0.7,-0.001,901.646,0.001,336.552,0.224,6.4,32.17
26.209,2.105,2643.08,456.9,0.262,0.003,61.697,43.167,0,0.549,0.393,0.03,0.127,0.556,0.548,1.588,-6.198e-5,0,0.005,0.705,0.7,-1.791e-4,901.812,0.001,336.558,0.225,6.4,32.17
26.228,2.09,2643.08,456.9,0.262,0.003,61.703,43.167,0,0.549,0.393,0.03,0.127,0.556,0.544,1.576,-2.221e-4,0,0.005,0.705,0.7,5.107e-5,901.967,0.001,336.563,0.225,6.4,32.17
26.246,1.985,2643.08,456.9,0.262,0.003,61.741,43.167,0,0.549,0.393,0.03,0.127,0.556,0.516,1.496,4.61e-4,0,0.005,0.705,0.7,7.097e-4,902.121,0.001,336.569,0.226,6.4,32.17
26.265,1.791,2643.08,456.9,0.262,0.003,61.811,43.167,0,0.549,0.393,0.03,0.127,0.555,0.463,1.348,2.307e-4,0,0.005,0.705,0.7,0.002,902.281,0.001,336.575,0.226,6.4,32.17
26.286,1.495,2643.08,456.9,0.262,0.003,61.92,43.167,0,0.55,0.393,0.03,0.127,0.553,0.384,1.122,3.041e-4,0,0.004,0.705,0.7,0.004,902.457,0.001,336.581,0.227,6.4,32.17
26.31,1.031,2643.08,456.9,0.262,0.003,62.093,43.167,0,0.55,0.393,0.03,0.127,0.551,0.262,0.77,-2.172e-4,0,0.004,0.705,0.7,0.004,902.668,0.001,336.588,0.227,6.4,32.17
26.34,0.615,2643.08,456.9,0.262,0.003,62.247,43.167,0,0.55,0.393,0.03,0.127,0.55,0.155,0.461,9.626e-5,0,0.004,0.705,0.7,2.032e-5,902.923,0.001,336.597,0.228,6.4,32.17
26.371,0.915,2643.08,456.9,0.262,0.003,62.132,43.167,0,0.55,0.393,0.03,0.127,0.551,0.232,0.69,2.798e-4,0,0.004,0.705,0.701,-0.004,903.182,0.001,336.606,0.228,6.4,32.17
26.401,1.368,2643.08,456.9,0.262,0.003,61.963,43.167,0,0.55,0.393,0.03,0.127,0.553,0.35,1.033,-3.621e-4,0,0.004,0.705,0.701,-0.003,903.442,0.001,336.615,0.229,6.4,32.17
26.428,1.645,2643.08,456.9,0.262,0.003,61.861,43.167,0,0.55,0.393,0.03,0.127,0.554,0.424,1.24,-4.069e-4,0,0.004,0.705,0.701,-0.002,903.677,0.001,336.624,0.23,6.4,32.17
26.451,1.765,2643.08,456.9,0.262,0.003,61.818,43.167,0,0.55,0.393,0.031,0.127,0.555,0.456,1.33,-2.288e-4,0,0.004,0.705,0.701,-4.21e-4,903.872,0.001,336.631,0.23,6.4,32.17
26.472,1.798,2643.08,456.9,0.262,0.003,61.806,43.167,0,0.55,0.393,0.031,0.127,0.555,0.465,1.355,-3.752e-4,0,0.004,0.705,0.701,-6.564e-7,904.053,0.001,336.637,0.231,6.4,32.17
26.492,1.726,2643.08,456.9,0.262,0.003,61.832,43.167,0,0.55,0.393,0.031,0.127,0.555,0.446,1.301,1.441e-4,0,0.004,0.705,0.701,3.195e-4,904.228,0.001,336.643,0.231,6.4,32.17
26.513,1.55,2643.08,456.9,0.262,0.003,61.897,43.167,0,0.55,0.393,0.031,0.127,0.554,0.399,1.166,4.572e-4,0,0.004,0.705,0.701,0.001,904.407,0.001,336.65,0.232,6.4,32.17
26.536,1.277,2643.08,456.9,0.262,0.003,61.998,43.167,0,0.551,0.393,0.031,0.127,0.553,0.326,0.959,3.7e-4,0,0.004,0.705,0.701,0.002,904.607,0.001,336.657,0.232,6.4,32.17
26.564,0.917,2643.08,456.9,0.262,0.003,62.135,43.167,0,0.551,0.393,0.031,0.127,0.552,0.233,0.688,1.465e-4,0,0.004,0.705,0.701,0.002,904.852,0.001,336.665,0.233,6.4,32.17
26.594,0.723,2643.08,456.9,0.262,0.003,62.212,43.167,0,0.551,0.393,0.031,0.127,0.552,0.183,0.543,8.089e-5,0,0.004,0.705,0.701,-4.472e-7,905.114,0.001,336.674,0.233,6.4,32.17
26.624,0.897,2643.08,456.9,0.262,0.003,62.148,43.167,0,0.551,0.393,0.031,0.127,0.552,0.227,0.676,-3.388e-4,0,0.004,0.705,0.701,-0.002,905.377,0.001,336.684,0.234,6.4,32.17
26.654,1.252,2643.08,456.9,0.262,0.003,62.015,43.167,0,0.551,0.393,0.031,0.127,0.554,0.32,0.944,3.759e-4,0,0.004,0.705,0.701,-0.002,905.643,0.001,336.693,0.235,6.4,32.17
26.682,1.529,2643.08,456.9,0.262,0.003,61.913,43.167,0,0.551,0.393,0.031,0.127,0.555,0.393,1.153,4.649e-4,0,0.004,0.705,0.701,-9.851e-4,905.888,0.001,336.702,0.235,6.4,32.17
26.705,1.649,2643.08,456.9,0.262,0.003,61.869,43.167,0,0.551,0.393,0.031,0.127,0.556,0.425,1.243,1.638e-4,0,0.004,0.705,0.701,-1.775e-4,906.091,0.001,336.709,0.236,6.4,32.17
26.726,1.627,2643.08,456.9,0.262,0.003,61.877,43.167,0,0.551,0.393,0.031,0.127,0.555,0.419,1.227,2.442e-4,0,0.004,0.705,0.701,2.975e-5,906.277,0.001,336.715,0.236,6.4,32.17
26.747,1.5,2643.08,456.9,0.262,0.003,61.924,43.167,0,0.551,0.393,0.031,0.127,0.555,0.386,1.13,-1e-4,0,0.004,0.705,0.701,5.086e-4,906.463,0.001,336.722,0.237,6.4,32.17
26.77,1.303,2643.08,456.9,0.262,0.003,61.998,43.167,0,0.551,0.393,0.031,0.127,0.554,0.333,0.98,2.8e-4,0,0.004,0.705,0.701,0.001,906.664,0.001,336.729,0.237,6.4,32.17
26.796,1.007,2643.08,456.9,0.262,0.003,62.109,43.167,0,0.551,0.393,0.032,0.127,0.553,0.256,0.755,2.187e-4,0,0.004,0.705,0.701,0.002,906.895,0.001,336.737,0.238,6.4,32.17
26.827,0.699,2643.08,456.9,0.262,0.003,62.224,43.167,0,0.552,0.393,0.032,0.127,0.552,0.176,0.524,-3.538e-5,0,0.004,0.705,0.701,6.518e-4,907.169,0.001,336.747,0.238,6.4,32.17
26.858,0.682,2643.08,456.9,0.262,0.003,62.228,43.167,0,0.552,0.393,0.032,0.127,0.552,0.172,0.513,-4.117e-5,0,0.004,0.705,0.702,-8.109e-4,907.446,0.001,336.757,0.239,6.4,32.17
26.889,1.028,2643.08,456.9,0.262,0.003,62.096,43.167,0,0.552,0.393,0.032,0.127,0.554,0.261,0.775,-3.758e-5,0,0.004,0.705,0.702,-0.002,907.724,0.001,336.766,0.24,6.4,32.17
26.919,1.33,2643.08,456.9,0.262,0.003,61.984,43.167,0,0.552,0.393,0.032,0.128,0.555,0.341,1.003,8.517e-5,0,0.004,0.705,0.702,-0.001,908.002,0.001,336.776,0.24,6.4,32.17
26.944,1.46,2643.08,456.9,0.262,0.003,61.937,43.167,0,0.552,0.393,0.032,0.128,0.555,0.375,1.1,-4.844e-4,0,0.004,0.705,0.702,-4.345e-4,908.228,0.001,336.784,0.241,6.4,32.17
26.967,1.505,2643.08,456.9,0.262,0.003,61.92,43.167,0,0.552,0.393,0.032,0.128,0.556,0.387,1.133,3.362e-6,0,0.004,0.705,0.702,-1.739e-5,908.434,0.001,336.791,0.241,6.4,32.17
26.989,1.458,2643.08,456.9,0.262,0.003,61.938,43.167,0,0.552,0.393,0.032,0.128,0.556,0.374,1.098,3.943e-4,0,0.004,0.706,0.702,1.481e-4,908.633,0.001,336.798,0.242,6.4,32.17
27.012,1.318,2643.08,456.9,0.262,0.003,61.99,43.167,0,0.552,0.393,0.032,0.128,0.555,0.337,0.992,-2.3e-4,0,0.004,0.706,0.702,6.758e-4,908.837,0.001,336.806,0.242,6.4,32.17
27.037,1.099,2643.08,456.9,0.262,0.003,62.072,43.167,0,0.552,0.393,0.032,0.128,0.554,0.28,0.826,-8.863e-6,0,0.004,0.706,0.702,0.001,909.063,0.001,336.814,0.243,6.4,32.17
27.067,0.798,2643.08,456.9,0.262,0.003,62.188,43.167,0,0.552,0.393,0.032,0.128,0.554,0.202,0.599,-3.031e-4,0,0.004,0.706,0.702,0.001,909.34,0.001,336.823,0.244,6.4,32.17
27.099,0.612,2643.08,456.9,0.262,0.003,62.263,43.167,0,0.553,0.392,0.032,0.128,0.553,0.154,0.459,6.034e-5,0,0.004,0.706,0.702,-3.907e-5,909.63,0.001,336.834,0.244,6.4,32.17
27.13,0.817,2643.08,456.9,0.262,0.003,62.186,43.167,0,0.553,0.392,0.032,0.128,0.554,0.207,0.616,-1.497e-4,0,0.004,0.706,0.702,-0.001,909.918,0.001,336.844,0.245,6.4,32.17
27.162,1.106,2643.08,456.9,0.262,0.003,62.077,43.167,0,0.553,0.392,0.033,0.128,0.555,0.282,0.834,-3.984e-4,0,0.004,0.706,0.702,-0.001,910.208,0.001,336.854,0.246,6.4,32.17
27.191,1.299,2643.08,456.9,0.262,0.003,62.005,43.167,0,0.553,0.392,0.033,0.128,0.556,0.333,0.98,-5.627e-5,0,0.004,0.706,0.702,-4.327e-4,910.475,0.001,336.863,0.246,6.4,32.17
27.215,1.321,2643.08,456.9,0.262,0.003,61.997,43.167,0,0.553,0.392,0.033,0.128,0.556,0.338,0.996,3.882e-4,0,0.003,0.706,0.702,-1.623e-5,910.704,0.001,336.872,0.247,6.4,32.17
27.24,1.205,2643.08,456.9,0.262,0.003,62.04,43.167,0,0.553,0.392,0.033,0.128,0.556,0.308,0.908,1.268e-4,0,0.003,0.706,0.702,1.186e-4,910.928,0.001,336.879,0.247,6.4,32.17
27.266,1.032,2643.08,456.9,0.262,0.003,62.106,43.167,0,0.553,0.392,0.033,0.128,0.555,0.263,0.777,-3.602e-4,0,0.003,0.706,0.702,4.259e-4,911.173,0.001,336.888,0.248,6.4,32.17
27.297,0.821,2643.08,456.9,0.262,0.003,62.185,43.167,0,0.553,0.392,0.033,0.128,0.554,0.208,0.618,1.67e-4,0,0.003,0.706,0.702,4.221e-4,911.465,0.001,336.898,0.248,6.4,32.17
27.33,0.705,2643.08,456.9,0.262,0.003,62.227,43.167,0,0.553,0.392,0.033,0.128,0.554,0.178,0.53,3.398e-4,0,0.003,0.706,0.703,-3.642e-6,911.766,0.001,336.909,0.249,6.4,32.17
27.362,0.815,2643.08,456.9,0.262,0.003,62.184,43.167,0,0.554,0.392,0.033,0.128,0.555,0.206,0.613,-4.726e-4,0,0.003,0.706,0.703,-4.015e-4,912.069,0.001,336.92,0.25,6.4,32.17
27.394,0.951,2643.08,456.9,0.262,0.003,62.132,43.167,0,0.554,0.392,0.033,0.128,0.555,0.241,0.716,-3.032e-4,0,0.003,0.706,0.703,-3.884e-4,912.372,0.001,336.93,0.25,6.4,32.17
27.426,1.091,2643.08,456.9,0.262,0.003,62.08,43.167,0,0.554,0.392,0.033,0.128,0.556,0.278,0.821,-1.624e-4,0,0.003,0.706,0.703,-8.895e-5,912.665,0.001,336.941,0.251,6.4,32.17
27.453,1.106,2643.08,456.9,0.262,0.003,62.075,43.167,0,0.554,0.392,0.033,0.128,0.556,0.282,0.833,2.516e-4,0,0.003,0.706,0.703,1.303e-5,912.924,0.001,336.95,0.252,6.4,32.17
27.48,0.998,2643.08,456.9,0.262,0.003,62.117,43.167,0,0.554,0.392,0.033,0.128,0.556,0.254,0.751,2.603e-4,0,0.003,0.706,0.703,7.468e-5,913.179,0.001,336.959,0.252,6.4,32.17
27.511,0.895,2643.08,456.9,0.262,0.003,62.157,43.167,0,0.554,0.392,0.034,0.128,0.556,0.227,0.674,1.276e-4,0,0.003,0.706,0.703,7.567e-5,913.474,0.001,336.969,0.253,6.4,32.17
27.543,0.813,2643.08,456.9,0.262,0.003,62.191,43.167,0,0.554,0.392,0.034,0.128,0.555,0.206,0.611,2.519e-4,0,0.003,0.706,0.703,1.842e-5,913.778,0.001,336.98,0.253,6.4,32.17
27.575,0.76,2643.08,456.9,0.262,0.003,62.213,43.167,0,0.554,0.392,0.034,0.128,0.555,0.192,0.572,-7.39e-5,0,0.003,0.706,0.703,-3.652e-5,914.085,0.001,336.991,0.254,6.4,32.17
27.608,0.825,2643.08,456.9,0.262,0.003,62.19,43.167,0,0.555,0.392,0.034,0.128,0.556,0.209,0.621,2.174e-4,0,0.003,0.706,0.703,-2.642e-4,914.397,0.001,337.002,0.255,6.4,32.17
27.641,0.97,2643.08,456.9,0.262,0.003,62.135,43.167,0,0.555,0.392,0.034,0.128,0.556,0.246,0.73,-2.332e-4,0,0.003,0.706,0.703,-2.176e-4,914.714,0.001,337.013,0.255,6.4,32.17
27.671,1.043,2643.08,456.9,0.262,0.003,62.107,43.167,0,0.555,0.392,0.034,0.129,0.557,0.266,0.786,-4.395e-4,0,0.003,0.706,0.703,-1.414e-5,914.999,0.001,337.023,0.256,6.4,32.17
27.699,1.007,2643.08,456.9,0.262,0.003,62.122,43.167,0,0.555,0.392,0.034,0.129,0.557,0.256,0.758,-2.81e-5,0,0.003,0.706,0.703,6.807e-5,915.269,0.001,337.032,0.257,6.4,32.17
27.728,0.878,2643.08,456.9,0.262,0.003,62.17,43.167,0,0.555,0.392,0.034,0.129,0.556,0.223,0.66,-3.725e-4,0,0.003,0.706,0.703,2.952e-4,915.551,0.001,337.042,0.257,6.4,32.17
27.761,0.686,2643.08,456.9,0.262,0.003,62.243,43.167,0,0.555,0.392,0.034,0.129,0.556,0.173,0.515,-1.05e-4,0,0.003,0.706,0.703,2.397e-4,915.873,0.001,337.054,0.258,6.4,32.17
27.795,0.599,2643.08,456.9,0.262,0.003,62.274,43.167,0,0.555,0.392,0.034,0.129,0.556,0.151,0.451,4.638e-5,0,0.003,0.706,0.703,-2.656e-5,916.196,0.001,337.065,0.259,6.4,32.17
27.828,0.723,2643.08,456.9,0.262,0.003,62.225,43.167,0,0.555,0.392,0.035,0.129,0.556,0.183,0.545,3.951e-4,0,0.003,0.706,0.703,-4.859e-4,916.52,0.001,337.077,0.259,6.4,32.17
27.862,0.928,2643.08,456.9,0.262,0.003,62.148,43.167,0,0.556,0.392,0.035,0.129,0.557,0.236,0.7,-4.015e-5,0,0.003,0.706,0.703,-3.392e-4,916.846,0.001,337.088,0.26,6.4,32.17
27.891,1.051,2643.08,456.9,0.262,0.003,62.102,43.167,0,0.556,0.392,0.035,0.129,0.558,0.268,0.792,4.541e-4,0,0.003,0.707,0.704,-2.204e-5,917.138,0.001,337.098,0.26,6.4,32.17
27.918,1.021,2643.08,456.9,0.262,0.003,62.114,43.167,0,0.556,0.392,0.035,0.129,0.558,0.26,0.769,-3.467e-4,0,0.003,0.707,0.704,6.888e-5,917.396,0.001,337.107,0.261,6.4,32.17
27.945,0.895,2643.08,456.9,0.262,0.003,62.162,43.167,0,0.556,0.392,0.035,0.129,0.557,0.227,0.673,4.399e-4,0,0.003,0.707,0.704,3.18e-4,917.663,0.001,337.117,0.262,6.4,32.17
27.977,0.706,2643.08,456.9,0.262,0.003,62.236,43.167,0,0.556,0.392,0.035,0.129,0.557,0.178,0.531,7.725e-5,0,0.003,0.707,0.704,3.675e-4,917.973,0.001,337.128,0.262,6.4,32.17
28.011,0.583,2643.08,456.9,0.262,0.003,62.286,43.167,0,0.556,0.392,0.035,0.129,0.557,0.147,0.439,-4.868e-4,0,0.003,0.707,0.704,3.837e-6,918.308,0.001,337.14,0.263,6.4,32.17
28.045,0.655,2643.08,456.9,0.262,0.003,62.261,43.167,0,0.556,0.392,0.035,0.129,0.557,0.165,0.493,-2.36e-4,0,0.003,0.707,0.704,-3.379e-4,918.644,0.001,337.151,0.263,6.4,32.17
28.079,0.827,2643.08,456.9,0.262,0.003,62.196,43.167,0,0.557,0.392,0.035,0.129,0.558,0.21,0.623,-3.206e-4,0,0.003,0.707,0.704,-3.637e-4,918.981,0.001,337.163,0.264,6.4,32.17
28.111,0.926,2643.08,456.9,0.262,0.003,62.158,43.167,0,0.557,0.392,0.035,0.129,0.558,0.235,0.697,-3.605e-4,0,0.003,0.707,0.704,-7.837e-5,919.301,0.001,337.175,0.265,6.4,32.17
28.14,0.904,2643.08,456.9,0.262,0.003,62.167,43.167,0,0.557,0.392,0.036,0.129,0.558,0.229,0.682,-1.54e-5,0,0.003,0.707,0.704,6.266e-6,919.591,0.001,337.185,0.265,6.4,32.17
28.17,0.807,2643.08,456.9,0.262,0.003,62.204,43.167,0,0.557,0.392,0.036,0.129,0.558,0.204,0.607,2.287e-4,0,0.003,0.707,0.704,1.077e-4,919.89,0.001,337.195,0.266,6.4,32.17
28.205,0.66,2643.08,456.9,0.262,0.003,62.259,43.167,0,0.557,0.392,0.036,0.129,0.558,0.167,0.497,3.565e-4,0,0.003,0.707,0.704,8.782e-5,920.237,0.001,337.208,0.267,6.4,32.17
28.239,0.629,2643.08,456.9,0.262,0.003,62.268,43.167,0,0.557,0.392,0.036,0.129,0.558,0.159,0.474,-2.435e-4,0,0.003,0.707,0.704,-9.088e-5,920.585,0.001,337.22,0.267,6.4,32.17
28.275,0.796,2643.08,456.9,0.262,0.003,62.204,43.167,0,0.557,0.392,0.036,0.129,0.558,0.201,0.599,-4.105e-4,0,0.003,0.707,0.704,-1.765e-4,920.94,0.001,337.232,0.268,6.4,32.17
28.307,0.889,2643.08,456.9,0.262,0.003,62.169,43.167,0,0.557,0.392,0.036,0.129,0.559,0.226,0.67,-3.57e-4,0,0.003,0.707,0.704,-1.066e-5,921.264,0.001,337.244,0.269,6.4,32.17
28.335,0.823,2643.08,456.9,0.262,0.003,62.195,43.167,0,0.558,0.392,0.036,0.129,0.559,0.208,0.62,-2.543e-5,0,0.003,0.707,0.704,3.636e-5,921.552,0.001,337.254,0.269,6.4,32.17
28.366,0.703,2643.08,456.9,0.262,0.003,62.241,43.167,0,0.558,0.392,0.036,0.129,0.559,0.178,0.529,-1.079e-4,0,0.003,0.707,0.704,1.148e-4,921.865,0.001,337.265,0.27,6.4,32.17
28.401,0.577,2643.08,456.9,0.262,0.003,62.292,43.167,0,0.558,0.392,0.036,0.13,0.558,0.145,0.434,7.371e-5,0,0.003,0.707,0.704,2.627e-5,922.22,0.001,337.278,0.27,6.4,32.17
28.436,0.545,2643.08,456.9,0.262,0.003,62.307,43.167,0,0.558,0.392,0.036,0.13,0.558,0.137,0.411,-1.232e-4,0,0.003,0.707,0.705,-1.004e-4,922.578,0.001,337.29,0.271,6.4,32.17
28.472,0.663,2643.08,456.9,0.262,0.003,62.264,43.167,0,0.558,0.392,0.037,0.13,0.559,0.167,0.499,1.385e-4,0,0.003,0.707,0.705,-3.249e-4,922.941,0.001,337.303,0.272,6.4,32.17
28.508,0.806,2643.08,456.9,0.262,0.003,62.21,43.167,0,0.558,0.392,0.037,0.13,0.559,0.204,0.607,1.682e-5,0,0.003,0.707,0.705,-1.17e-4,923.306,0.001,337.316,0.272,6.4,32.17
28.538,0.83,2643.08,456.9,0.262,0.003,62.201,43.167,0,0.558,0.392,0.037,0.13,0.56,0.21,0.625,-3.262e-4,0,0.003,0.707,0.705,6.099e-6,923.619,0.001,337.327,0.273,6.4,32.17
28.568,0.743,2643.08,456.9,0.262,0.003,62.235,43.167,0,0.558,0.392,0.037,0.13,0.559,0.188,0.56,-1.477e-4,0,0.003,0.707,0.705,1.666e-4,923.922,0.001,337.338,0.274,6.4,32.17
28.601,0.583,2643.08,456.9,0.262,0.003,62.296,43.167,0,0.559,0.392,0.037,0.13,0.559,0.147,0.438,-3.545e-4,0,0.002,0.707,0.705,2.66e-4,924.261,0.001,337.349,0.274,6.4,32.17
28.637,0.47,2643.08,456.9,0.262,0.003,62.338,43.167,0,0.559,0.392,0.037,0.13,0.559,0.118,0.353,1.137e-5,0,0.002,0.707,0.705,9.165e-6,924.631,0.001,337.363,0.275,6.4,32.17
28.673,0.529,2643.08,456.9,0.262,0.003,62.312,43.167,0,0.559,0.392,0.037,0.13,0.559,0.133,0.399,-1.673e-4,0,0.002,0.707,0.705,-2.331e-4,925.005,0.001,337.376,0.275,6.4,32.17
28.709,0.68,2643.08,456.9,0.262,0.003,62.254,43.167,0,0.559,0.392,0.037,0.13,0.56,0.172,0.512,-4.277e-4,0,0.002,0.707,0.705,-2.465e-4,925.381,0.001,337.389,0.276,6.4,32.17
28.744,0.759,2643.08,456.9,0.262,0.003,62.225,43.167,0,0.559,0.392,0.037,0.13,0.56,0.192,0.572,-1.746e-4,0,0.002,0.707,0.705,-3.969e-5,925.746,0.001,337.402,0.277,6.4,32.17
28.776,0.77,2643.08,456.9,0.262,0.003,62.221,43.167,0,0.559,0.392,0.038,0.13,0.56,0.195,0.58,3.202e-4,0,0.002,0.707,0.705,2.638e-5,926.074,0.001,337.413,0.277,6.4,32.17
28.807,0.664,2643.08,456.9,0.262,0.003,62.262,43.167,0,0.559,0.392,0.038,0.13,0.56,0.168,0.5,1.654e-4,0,0.002,0.708,0.705,1.953e-4,926.398,0.001,337.425,0.278,6.4,32.17
28.843,0.553,2643.08,456.9,0.262,0.003,62.308,43.167,0,0.56,0.392,0.038,0.13,0.56,0.139,0.417,3.984e-4,0,0.002,0.708,0.705,2.053e-5,926.777,0.001,337.438,0.279,6.4,32.17
28.88,0.518,2643.08,456.9,0.262,0.003,62.324,43.167,0,0.56,0.392,0.038,0.13,0.56,0.13,0.391,1.324e-4,0,0.002,0.708,0.705,-2.083e-5,927.169,0.001,337.452,0.279,6.4,32.17
28.917,0.574,2643.08,456.9,0.262,0.003,62.305,43.167,0,0.56,0.392,0.038,0.13,0.56,0.145,0.433,-1.456e-4,0,0.002,0.708,0.705,-1.43e-4,927.558,0.001,337.466,0.28,6.4,32.17
28.954,0.665,2643.08,456.9,0.262,0.003,62.27,43.167,0,0.56,0.392,0.038,0.13,0.561,0.168,0.502,-3.251e-4,0,0.002,0.708,0.705,-6.225e-5,927.945,0.001,337.479,0.281,6.4,32.17
28.989,0.647,2643.08,456.9,0.262,0.003,62.277,43.167,0,0.56,0.392,0.038,0.13,0.561,0.163,0.488,-4.202e-4,0,0.002,0.708,0.705,3.119e-6,928.314,0.001,337.492,0.281,6.4,32.17
29.025,0.535,2643.08,456.9,0.262,0.003,62.32,43.167,0,0.56,0.392,0.038,0.13,0.561,0.135,0.403,-1.497e-5,0,0.002,0.708,0.706,2.781e-5,928.699,0.001,337.506,0.282,6.4,32.17
29.063,0.485,2643.08,456.9,0.262,0.003,62.337,43.167,0,0.56,0.392,0.038,0.13,0.561,0.122,0.366,1.455e-4,0,0.002,0.708,0.706,-4.627e-6,929.099,0.001,337.52,0.283,6.4,32.17
29.1,0.525,2643.08,456.9,0.262,0.003,62.321,43.167,0,0.561,0.392,0.038,0.13,0.561,0.132,0.396,2.182e-4,0,0.002,0.708,0.706,-1.77e-5,929.5,0.001,337.534,0.283,6.4,32.17
29.138,0.558,2643.08,456.9,0.262,0.003,62.308,43.167,0,0.561,0.392,0.039,0.13,0.561,0.141,0.42,3.105e-5,0,0.002,0.708,0.706,-1.063e-5,929.899,0.001,337.548,0.284,6.4,32.17
29.175,0.578,2643.08,456.9,0.262,0.003,62.3,43.167,0,0.561,0.392,0.039,0.131,0.561,0.146,0.435,-1.425e-4,0,0.002,0.708,0.706,3.168e-7,930.3,0.001,337.562,0.285,6.4,32.17
29.213,0.527,2643.08,456.9,0.262,0.003,62.321,43.167,0,0.561,0.392,0.039,0.131,0.562,0.133,0.397,-2.515e-4,0,0.002,0.708,0.706,1.283e-5,930.706,0.001,337.577,0.285,6.4,32.17
29.251,0.494,2643.08,456.9,0.262,0.003,62.337,43.167,0,0.561,0.392,0.039,0.131,0.562,0.124,0.372,2.219e-4,0,0.002,0.708,0.706,-8.225e-6,931.115,0.001,337.591,0.286,6.4,32.17
29.289,0.479,2643.08,456.9,0.262,0.003,62.345,43.167,0,0.561,0.392,0.039,0.131,0.562,0.12,0.361,3.608e-4,0,0.002,0.708,0.706,-2.905e-5,931.522,0.001,337.605,0.287,6.4,32.17
29.327,0.55,2643.08,456.9,0.262,0.003,62.319,43.167,0,0.561,0.392,0.039,0.131,0.562,0.139,0.415,-3.798e-4,0,0.002,0.708,0.706,-2.424e-5,931.937,0.001,337.62,0.287,6.4,32.17
29.366,0.566,2643.08,456.9,0.262,0.003,62.314,43.167,0,0.562,0.392,0.039,0.131,0.562,0.143,0.426,-1.05e-4,0,0.002,0.708,0.706,1.879e-6,932.351,0.001,337.635,0.288,6.4,32.17
29.404,0.528,2643.08,456.9,0.262,0.003,62.329,43.167,0,0.562,0.392,0.039,0.131,0.562,0.133,0.398,-3.519e-4,0,0.002,0.708,0.706,1.846e-5,932.769,0.001,337.649,0.289,6.4,32.17
29.443,0.47,2643.08,456.9,0.262,0.003,62.351,43.167,0,0.562,0.392,0.039,0.131,0.562,0.118,0.354,1.498e-4,0,0.002,0.708,0.706,1.58e-5,933.192,0.001,337.664,0.289,6.4,32.17
29.482,0.426,2643.08,456.9,0.262,0.003,62.366,43.167,0,0.562,0.392,0.04,0.131,0.562,0.107,0.321,1.308e-4,0,0.002,0.708,0.706,-2.147e-5,933.617,0.001,337.679,0.29,6.4,32.17
29.521,0.496,2643.08,456.9,0.262,0.003,62.337,43.167,0,0.562,0.392,0.04,0.131,0.563,0.125,0.374,3.972e-4,0,0.002,0.708,0.706,-7.274e-5,934.042,0.001,337.694,0.291,6.4,32.17
29.56,0.536,2643.08,456.9,0.262,0.003,62.322,43.167,0,0.562,0.391,0.04,0.131,0.563,0.135,0.404,2.1e-4,0,0.002,0.708,0.706,-1.143e-5,934.469,0.001,337.709,0.291,6.4,32.17
29.599,0.504,2643.08,456.9,0.262,0.003,62.335,43.167,0,0.563,0.391,0.04,0.131,0.563,0.127,0.38,4.795e-4,0,0.002,0.708,0.706,3.138e-6,934.901,0.001,337.725,0.292,6.4,32.17
29.639,0.453,2643.08,456.9,0.262,0.003,62.356,43.167,0,0.563,0.391,0.04,0.131,0.563,0.114,0.342,7.484e-5,0,0.002,0.708,0.706,1.932e-5,935.338,0.001,337.74,0.293,6.4,32.17
29.678,0.418,2643.08,456.9,0.262,0.003,62.373,43.167,0,0.563,0.391,0.04,0.131,0.563,0.105,0.315,-1.997e-4,0,0.002,0.708,0.707,0,935.775,0.001,337.755,0.294,6.4,32.17
29.718,0.44,2643.08,456.9,0.262,0.003,62.367,43.167,0,0.563,0.391,0.04,0.131,0.563,0.11,0.332,-1.618e-4,0,0.002,0.709,0.707,-1.064e-5,936.216,0.001,337.771,0.294,6.4,32.17
29.758,0.462,2643.08,456.9,0.262,0.003,62.36,43.167,0,0.563,0.391,0.04,0.131,0.564,0.116,0.348,-2.899e-4,0,0.002,0.709,0.707,-5.181e-6,936.66,0.001,337.787,0.295,6.4,32.17
29.798,0.416,2643.08,456.9,0.262,0.003,62.378,43.167,0,0.563,0.391,0.041,0.131,0.564,0.105,0.314,5.669e-5,0,0.002,0.709,0.707,9.502e-6,937.107,0.001,337.802,0.296,6.4,32.17
29.839,0.394,2643.08,456.9,0.262,0.003,62.386,43.167,0,0.563,0.391,0.041,0.131,0.564,0.099,0.297,-2.134e-4,0,0.002,0.709,0.707,-9.465e-6,937.562,0.001,337.818,0.296,6.4,32.17
29.88,0.444,2643.08,456.9,0.262,0.003,62.365,43.167,0,0.564,0.391,0.041,0.131,0.564,0.112,0.334,3.961e-4,0,0.002,0.709,0.707,-3.24e-5,938.016,0.001,337.834,0.297,6.4,32.17
29.921,0.476,2643.08,456.9,0.262,0.003,62.352,43.167,0,0.564,0.391,0.041,0.132,0.564,0.12,0.359,-4.908e-4,0,0.002,0.709,0.707,1.96e-7,938.472,0.001,337.851,0.298,6.4,32.17
29.961,0.395,2643.08,456.9,0.262,0.003,62.383,43.167,0,0.564,0.391,0.041,0.132,0.564,0.099,0.298,-5.971e-5,0,0.002,0.709,0.707,2.847e-5,938.928,0.001,337.867,0.298,6.4,32.17
30.002,0.346,2643.08,456.9,0.262,0.003,62.402,43.167,0,0.564,0.391,0.041,0.132,0.564,0.087,0.261,-1.715e-4,0,0.002,0.709,0.707,-2.117e-7,939.384,0.001,337.883,0.299,6.4,32.17
30.043,0.385,2643.08,456.9,0.262,0.003,62.39,43.167,0,0.564,0.391,0.041,0.132,0.564,0.097,0.29,-3.542e-4,0,0.002,0.709,0.707,-5.336e-5,939.846,0.001,337.899,0.3,6.4,32.17
30.084,0.428,2643.08,456.9,0.262,0.003,62.375,43.167,0,0.564,0.391,0.041,0.132,0.565,0.108,0.322,1.297e-4,0,0.002,0.709,0.707,-1.707e-5,940.311,0.001,337.915,0.3,6.4,32.17
30.126,0.41,2643.08,456.9,0.262,0.003,62.384,43.167,0,0.565,0.391,0.041,0.132,0.565,0.103,0.31,4.4e-4,0,0.002,0.709,0.707,-1.726e-7,940.782,0.001,337.932,0.301,6.4,32.17
30.167,0.385,2643.08,456.9,0.262,0.003,62.395,43.167,0,0.565,0.391,0.042,0.132,0.565,0.097,0.291,9.162e-5,0,0.002,0.709,0.707,3.207e-8,941.259,0.001,337.949,0.302,6.4,32.17
30.21,0.396,2643.08,456.9,0.262,0.003,62.391,43.167,0,0.565,0.391,0.042,0.132,0.565,0.099,0.299,4.642e-4,0,0.002,0.709,0.707,-5.242e-9,941.739,0.001,337.966,0.302,6.4,32.17
30.252,0.426,2643.08,456.9,0.262,0.003,62.379,43.167,0,0.565,0.391,0.042,0.132,0.565,0.107,0.321,-6.138e-5,0,0.002,0.709,0.707,1.897e-5,942.224,0.001,337.983,0.303,6.4,32.17
30.295,0.333,2643.08,456.9,0.262,0.003,62.415,43.167,0,0.565,0.391,0.042,0.132,0.565,0.083,0.251,-3.854e-5,0,0.002,0.709,0.707,4.867e-5,942.716,0.001,338,0.304,6.4,32.17
30.338,0.33,2643.08,456.9,0.262,0.003,62.413,43.167,0,0.565,0.391,0.042,0.132,0.566,0.083,0.249,-4.114e-4,0,0.002,0.709,0.708,-5.987e-5,943.209,0.001,338.017,0.304,6.4,32.17
30.381,0.426,2643.08,456.9,0.262,0.003,62.376,43.167,0,0.566,0.391,0.042,0.132,0.566,0.107,0.322,3.084e-4,0,0.002,0.709,0.708,-4.82e-5,943.697,0.001,338.035,0.305,6.4,32.17
30.424,0.457,2643.08,456.9,0.262,0.003,62.365,43.167,0,0.566,0.391,0.042,0.132,0.566,0.115,0.345,1.949e-4,0,0.002,0.709,0.708,5.528e-6,944.19,0.001,338.052,0.306,6.4,32.17
30.466,0.359,2643.08,456.9,0.262,0.003,62.405,43.167,0,0.566,0.391,0.043,0.132,0.566,0.09,0.271,-3.077e-4,0,0.002,0.709,0.708,6.727e-5,944.684,0.001,338.07,0.307,6.4,32.17
30.51,0.319,2643.08,456.9,0.262,0.003,62.424,43.167,0,0.566,0.391,0.043,0.132,0.566,0.08,0.241,-4.179e-4,0,0.002,0.709,0.708,3.953e-6,945.185,0.001,338.087,0.307,6.4,32.17
30.553,0.339,2643.08,456.9,0.262,0.003,62.419,43.167,0,0.566,0.391,0.043,0.132,0.566,0.085,0.255,-6.813e-5,0,0.002,0.709,0.708,-4.653e-5,945.694,0.001,338.105,0.308,6.4,32.17
30.597,0.4,2643.08,456.9,0.262,0.003,62.395,43.167,0,0.566,0.391,0.043,0.132,0.567,0.1,0.302,7.801e-5,0,0.002,0.709,0.708,-1.98e-5,946.202,0.001,338.123,0.309,6.4,32.17
30.641,0.459,2643.08,456.9,0.262,0.003,62.372,43.167,0,0.567,0.391,0.043,0.132,0.567,0.115,0.347,-5.683e-5,0,0.002,0.709,0.708,1.239e-5,946.714,0.001,338.141,0.309,6.4,32.17
30.685,0.336,2643.08,456.9,0.262,0.003,62.418,43.167,0,0.567,0.391,0.043,0.132,0.567,0.084,0.254,2.381e-4,0,0.002,0.71,0.708,5.04e-5,947.221,0.001,338.159,0.31,6.4,32.17
30.729,0.276,2643.08,456.9,0.262,0.003,62.44,43.167,0,0.567,0.391,0.043,0.133,0.567,0.069,0.208,3.499e-4,0,0.002,0.71,0.708,-7.395e-6,947.739,0.001,338.177,0.311,6.4,32.17
30.773,0.386,2643.08,456.9,0.262,0.003,62.397,43.167,0,0.567,0.391,0.043,0.133,0.567,0.097,0.291,-3.36e-5,0,0.001,0.71,0.708,-4.55e-5,948.257,0.001,338.195,0.311,6.4,32.17
30.818,0.411,2643.08,456.9,0.262,0.003,62.388,43.167,0,0.567,0.391,0.044,0.133,0.568,0.103,0.31,-2.617e-4,0,0.001,0.71,0.708,3.16e-5,948.785,0.001,338.214,0.312,6.4,32.17
30.864,0.226,2643.08,456.9,0.262,0.003,62.462,43.167,0,0.567,0.391,0.044,0.133,0.568,0.057,0.171,-4.706e-4,0,0.001,0.71,0.708,4.235e-5,949.323,0.001,338.233,0.313,6.4,32.17
30.91,0.31,2643.08,456.9,0.262,0.003,62.435,43.167,0,0.568,0.391,0.044,0.133,0.568,0.078,0.235,5.594e-5,0,0.001,0.71,0.708,-2.689e-4,949.868,0.001,338.252,0.313,6.4,32.17
30.956,0.505,2643.08,456.9,0.262,0.003,62.359,43.167,0,0.568,0.391,0.044,0.133,0.568,0.127,0.382,-3.452e-5,0,0.001,0.71,0.708,-3.278e-5,950.414,0.001,338.272,0.314,6.4,32.17
30.992,0.472,2643.08,456.9,0.262,0.003,62.373,43.167,0,0.568,0.391,0.044,0.133,0.568,0.119,0.356,-3.436e-4,0,0.001,0.71,0.708,6.795e-5,950.84,0.001,338.287,0.315,6.4,32.17
31.03,0.28,2643.08,456.9,0.262,0.003,62.448,43.167,0,0.568,0.391,0.044,0.133,0.568,0.07,0.211,3.886e-4,0,0.001,0.71,0.708,3.084e-4,951.289,0.001,338.302,0.315,6.4,32.17
31.076,0.171,2643.08,456.9,0.262,0.003,62.485,43.167,0,0.568,0.391,0.044,0.133,0.568,0.043,0.13,4.869e-4,0,0.001,0.71,0.709,-2.64e-4,951.838,0.001,338.322,0.316,6.4,32.17
31.122,0.412,2643.08,456.9,0.262,0.003,62.391,43.167,0,0.568,0.391,0.045,0.133,0.569,0.104,0.312,-3.138e-4,0,0.001,0.71,0.709,-1.533e-4,952.39,0.001,338.341,0.317,6.4,32.17
31.166,0.473,2643.08,456.9,0.262,0.003,62.368,43.167,0,0.569,0.391,0.045,0.133,0.569,0.119,0.358,-7.837e-5,0,0.001,0.71,0.709,5.82e-6,952.911,0.001,338.36,0.317,6.4,32.17
31.203,0.361,2643.08,456.9,0.262,0.003,62.413,43.167,0,0.569,0.391,0.045,0.133,0.569,0.091,0.272,1.12e-4,0,0.001,0.71,0.709,2.478e-4,953.355,0.001,338.375,0.318,6.4,32.17
31.249,0.058,2643.08,456.9,0.262,0.003,62.535,43.167,0,0.569,0.391,0.045,0.133,0.569,0.015,0.044,-2.608e-4,0,0.001,0.71,0.709,5.676e-6,953.913,0.001,338.395,0.318,6.4,32.17
31.296,0.354,2643.08,456.9,0.262,0.003,62.422,43.167,0,0.569,0.391,0.045,0.133,0.569,0.089,0.268,2.732e-4,0,0.001,0.71,0.709,-3.244e-4,954.472,0.001,338.415,0.319,6.4,32.17
31.342,0.476,2643.08,456.9,0.262,0.003,62.376,43.167,0,0.569,0.391,0.045,0.133,0.57,0.12,0.36,-2.557e-4,0,0.001,0.71,0.709,-1.843e-7,955.059,0.001,338.435,0.32,6.4,32.17
31.379,0.397,2643.08,456.9,0.262,0.003,62.407,43.167,0,0.569,0.391,0.045,0.133,0.57,0.1,0.299,1.237e-5,0,0.001,0.71,0.709,1.391e-4,955.517,0.001,338.45,0.32,6.4,32.17
31.422,0.146,2643.08,456.9,0.262,0.003,62.506,43.167,0,0.57,0.391,0.045,0.133,0.57,0.037,0.111,-4.653e-4,0,0.001,0.71,0.709,2.896e-4,956.073,0.001,338.469,0.321,6.4,32.17
31.47,0.291,2643.08,456.9,0.262,0.003,62.444,43.167,0,0.57,0.391,0.046,0.133,0.57,0.073,0.22,-3.166e-4,0,0.001,0.71,0.709,-2.944e-4,956.682,0.001,338.489,0.322,6.4,32.17
31.519,0.496,2643.08,456.9,0.262,0.003,62.364,43.167,0,0.57,0.391,0.046,0.134,0.57,0.125,0.375,-8.821e-5,0,0.001,0.71,0.709,-1.822e-7,957.303,0.001,338.51,0.322,6.4,32.17
31.553,0.417,2643.08,456.9,0.262,0.003,62.395,43.167,0,0.57,0.391,0.046,0.134,0.57,0.105,0.315,3.225e-4,0,0.001,0.71,0.709,1.797e-4,957.738,0.001,338.525,0.323,6.4,32.17
31.595,0.129,2643.08,456.9,0.262,0.003,62.51,43.167,0,0.57,0.391,0.046,0.134,0.57,0.032,0.097,4.364e-4,0,0.001,0.71,0.709,5.795e-4,958.275,0.001,338.543,0.323,6.4,32.17
31.645,0.322,2643.08,456.9,0.262,0.003,62.439,43.167,0,0.57,0.391,0.046,0.134,0.571,0.081,0.244,2.138e-4,0,0.001,0.711,0.709,-3.937e-4,958.915,0.001,338.564,0.324,6.4,32.17
31.694,0.525,2643.08,456.9,0.262,0.003,62.361,43.167,0,0.571,0.391,0.046,0.134,0.571,0.133,0.397,-3.71e-4,0,0.001,0.711,0.709,-8.786e-6,959.549,0.001,338.585,0.325,6.4,32.17
31.725,0.499,2643.08,456.9,0.262,0.003,62.372,43.167,0,0.571,0.391,0.046,0.134,0.571,0.126,0.377,3.487e-4,0,0.001,0.711,0.709,9.695e-5,959.956,0.001,338.599,0.325,6.4,32.17
31.759,0.319,2643.08,456.9,0.262,0.003,62.441,43.167,0,0.571,0.391,0.046,0.134,0.571,0.08,0.241,3.142e-4,0,0.001,0.711,0.709,4.58e-4,960.39,0.001,338.614,0.326,6.4,32.17
31.809,0.174,2643.08,456.9,0.262,0.003,62.495,43.167,0,0.571,0.391,0.047,0.134,0.571,0.044,0.132,2.805e-4,0,0.001,0.711,0.709,-6.256e-4,961.036,0.001,338.635,0.326,6.4,32.17
31.859,0.484,2643.08,456.9,0.262,0.003,62.373,43.167,0,0.571,0.391,0.047,0.134,0.572,0.122,0.366,-3.902e-4,0,0.001,0.711,0.71,-1.091e-4,961.684,0.001,338.657,0.327,6.4,32.17
31.894,0.537,2643.08,456.9,0.262,0.003,62.353,43.167,0,0.571,0.391,0.047,0.134,0.572,0.136,0.406,-1.265e-4,0,0.001,0.711,0.71,3.005e-5,962.133,0.001,338.672,0.327,6.4,32.17
31.924,0.395,2643.08,456.9,0.262,0.003,62.409,43.167,0,0.571,0.391,0.047,0.134,0.572,0.099,0.299,6.08e-5,0,0.001,0.711,0.71,3.267e-4,962.528,0.001,338.685,0.328,6.4,32.17
31.968,0.021,2643.08,456.9,0.262,0.003,62.556,43.167,0,0.572,0.391,0.047,0.134,0.572,0.005,0.016,4.464e-4,0,0.001,0.711,0.71,5.043e-4,963.096,0.001,338.704,0.328,6.4,32.17
32.018,0.389,2643.08,456.9,0.262,0.003,62.418,43.167,0,0.572,0.391,0.047,0.134,0.572,0.098,0.295,4.173e-4,0,0.001,0.711,0.71,-2.864e-4,963.749,0.001,338.726,0.329,6.4,32.17
32.061,0.492,2643.08,456.9,0.262,0.003,62.379,43.167,0,0.572,0.391,0.047,0.134,0.572,0.124,0.372,-1.901e-4,0,0.001,0.711,0.71,4.439e-7,964.315,0.001,338.745,0.33,6.4,32.17
32.094,0.401,2643.08,456.9,0.262,0.003,62.414,43.167,0,0.572,0.391,0.047,0.134,0.572,0.101,0.303,-4.425e-4,0,0.001,0.711,0.71,1.598e-4,964.741,0.001,338.76,0.33,6.4,32.17
32.134,0.082,2643.08,456.9,0.262,0.003,62.54,43.167,0,0.572,0.391,0.047,0.134,0.572,0.02,0.062,-3.002e-4,0,0.001,0.711,0.71,3.253e-4,965.273,0.001,338.778,0.331,6.4,32.17
32.184,0.332,2643.08,456.9,0.262,0.003,62.437,43.167,0,0.572,0.391,0.048,0.134,0.573,0.083,0.252,5.485e-5,0,0.001,0.711,0.71,-2.465e-4,965.93,0.001,338.8,0.331,6.4,32.17
32.233,0.431,2643.08,456.9,0.262,0.003,62.398,43.167,0,0.572,0.39,0.048,0.134,0.573,0.109,0.326,1.038e-4,0,0.001,0.711,0.71,3.111e-6,966.579,0.001,338.821,0.332,6.4,32.17
32.27,0.295,2643.08,456.9,0.262,0.003,62.452,43.167,0,0.573,0.39,0.048,0.134,0.573,0.074,0.223,-1.1e-4,0,0.001,0.711,0.71,1.775e-4,967.063,0.001,338.838,0.333,6.4,32.17
32.32,0.113,2643.08,456.9,0.262,0.003,62.53,43.167,0,0.573,0.39,0.048,0.134,0.573,0.028,0.086,-1.711e-5,0,0.001,0.711,0.71,-1.59e-4,967.724,0.001,338.86,0.333,6.4,32.17
32.37,0.358,2643.08,456.9,0.262,0.003,62.435,43.167,0,0.573,0.39,0.048,0.134,0.573,0.09,0.271,-1.93e-4,0,0.001,0.711,0.71,-5.323e-5,968.386,0.001,338.882,0.334,6.4,32.17
32.414,0.361,2643.08,456.9,0.262,0.003,62.434,43.167,0,0.573,0.39,0.048,0.135,0.573,0.091,0.273,-1.122e-4,0,0.001,0.711,0.71,2.618e-5,968.961,0.001,338.901,0.334,6.4,32.17
32.457,0.211,2643.08,456.9,0.262,0.003,62.493,43.167,0,0.573,0.39,0.048,0.135,0.573,0.053,0.159,-1.857e-4,0,0.001,0.711,0.71,1.547e-4,969.537,0.001,338.921,0.335,6.4,32.17
32.507,0.169,2643.08,456.9,0.262,0.003,62.504,43.167,0,0.573,0.39,0.048,0.135,0.573,0.042,0.128,-3.037e-5,0,0.001,0.711,0.71,-1.987e-4,970.202,0.001,338.943,0.336,6.4,32.17
32.557,0.333,2643.08,456.9,0.262,0.003,62.44,43.167,0,0.574,0.39,0.049,0.135,0.574,0.084,0.252,3.302e-4,0,0.001,0.711,0.71,-2.778e-5,970.869,0.001,338.966,0.336,6.4,32.17
32.603,0.348,2643.08,456.9,0.262,0.003,62.435,43.167,0,0.574,0.39,0.049,0.135,0.574,0.088,0.263,-1.154e-4,0,0.001,0.711,0.71,6.665e-5,971.482,0.001,338.986,0.337,6.4,32.17
32.647,0.126,2643.08,456.9,0.262,0.003,62.523,43.167,0,0.574,0.39,0.049,0.135,0.574,0.031,0.095,4.725e-4,0,9.973e-4,0.711,0.71,9.69e-5,972.077,0.001,339.006,0.337,6.4,32.17
32.697,0.253,2643.08,456.9,0.262,0.003,62.479,43.167,0,0.574,0.39,0.049,0.135,0.574,0.064,0.192,9.444e-5,0,9.826e-4,0.712,0.711,-1.047e-4,972.748,0.001,339.029,0.338,6.4,32.17
32.747,0.325,2643.08,456.9,0.262,0.003,62.452,43.167,0,0.574,0.39,0.049,0.135,0.574,0.082,0.246,-6.462e-6,0,9.781e-4,0.712,0.711,5.639e-7,973.419,0.001,339.051,0.339,6.4,32.17
32.794,0.206,2643.08,456.9,0.262,0.003,62.499,43.167,0,0.574,0.39,0.049,0.135,0.574,0.052,0.156,5.998e-5,0,9.681e-4,0.712,0.711,7.26e-5,974.043,0.001,339.072,0.339,6.4,32.17
32.844,0.173,2643.08,456.9,0.262,0.003,62.508,43.167,0,0.575,0.39,0.049,0.135,0.575,0.043,0.131,3.586e-4,0,9.682e-4,0.712,0.711,-1.97e-5,974.718,0.001,339.095,0.34,6.4,32.17
32.894,0.293,2643.08,456.9,0.262,0.003,62.46,43.167,0,0.575,0.39,0.049,0.135,0.575,0.074,0.221,-1.696e-4,0,9.444e-4,0.712,0.711,-1.706e-5,975.393,0.001,339.117,0.34,6.4,32.17
32.944,0.266,2643.08,456.9,0.262,0.003,62.471,43.167,0,0.575,0.39,0.05,0.135,0.575,0.067,0.201,4.697e-4,0,9.351e-4,0.712,0.711,3.93e-5,976.069,0.001,339.14,0.341,6.4,32.17
32.994,0.13,2643.08,456.9,0.262,0.003,62.528,43.167,0,0.575,0.39,0.05,0.135,0.575,0.033,0.099,-4.738e-4,0,9.322e-4,0.712,0.711,-2.48e-6,976.747,0.001,339.163,0.342,6.4,32.17
33.044,0.187,2643.08,456.9,0.262,0.003,62.51,43.167,0,0.575,0.39,0.05,0.135,0.575,0.047,0.142,-4.66e-4,0,8.997e-4,0.712,0.711,-1.027e-4,977.426,0.001,339.186,0.342,6.4,32.17
33.094,0.294,2643.08,456.9,0.262,0.003,62.468,43.167,0,0.575,0.39,0.05,0.135,0.576,0.074,0.223,2.175e-4,0,8.92e-4,0.712,0.711,-8.463e-6,978.107,0.001,339.209,0.343,6.4,32.17
33.144,0.197,2643.08,456.9,0.262,0.003,62.506,43.167,0,0.576,0.39,0.05,0.135,0.576,0.049,0.149,-4.242e-4,0,9.072e-4,0.712,0.711,1.059e-4,978.787,0.001,339.231,0.343,6.4,32.17
33.194,0.077,2643.08,456.9,0.262,0.003,62.55,43.167,0,0.576,0.39,0.05,0.135,0.576,0.019,0.059,-3.043e-4,0,8.82e-4,0.712,0.711,-1.996e-5,979.47,0.001,339.254,0.344,6.4,32.17
33.244,0.258,2643.08,456.9,0.262,0.003,62.478,43.167,0,0.576,0.39,0.05,0.135,0.576,0.065,0.196,9.405e-5,0,8.869e-4,0.712,0.711,-5.125e-5,980.154,0.001,339.277,0.344,6.4,32.17
33.294,0.266,2643.08,456.9,0.262,0.003,62.475,43.167,0,0.576,0.39,0.05,0.135,0.576,0.067,0.201,-3.59e-4,0,8.735e-4,0.712,0.711,2.423e-5,980.839,0.001,339.3,0.345,6.4,32.17
33.344,0.084,2643.08,456.9,0.262,0.003,62.547,43.167,0,0.576,0.39,0.05,0.136,0.576,0.021,0.063,3.64e-4,0,8.585e-4,0.712,0.711,4.918e-5,981.525,0.001,339.323,0.346,6.4,32.17
33.394,0.174,2643.08,456.9,0.262,0.003,62.519,43.167,0,0.576,0.39,0.051,0.136,0.576,0.044,0.132,-3.163e-4,0,8.539e-4,0.712,0.711,-6.977e-5,982.213,0.001,339.346,0.346,6.4,32.17
33.444,0.261,2643.08,456.9,0.262,0.003,62.484,43.167,0,0.576,0.39,0.051,0.136,0.577,0.066,0.198,-1.168e-4,0,8.223e-4,0.712,0.711,2.163e-5,982.901,0.001,339.37,0.347,6.4,32.17
33.494,0.073,2643.08,456.9,0.262,0.003,62.559,43.167,0,0.577,0.39,0.051,0.136,0.577,0.018,0.056,-1.4e-4,0,8.261e-4,0.712,0.711,8.429e-5,983.591,0.001,339.393,0.347,6.4,32.17
33.544,0.2,2643.08,456.9,0.262,0.003,62.504,43.167,0,0.577,0.39,0.051,0.136,0.577,0.05,0.152,4.626e-4,0,8.276e-4,0.712,0.711,-7.765e-5,984.282,0.001,339.416,0.348,6.4,32.17
33.594,0.26,2643.08,456.9,0.262,0.003,62.482,43.167,0,0.577,0.39,0.051,0.136,0.577,0.065,0.197,-3.757e-5,0,8.206e-4,0.712,0.711,4.532e-6,984.974,0.001,339.439,0.348,6.4,32.17
33.644,0.135,2643.08,456.9,0.262,0.003,62.532,43.167,0,0.577,0.39,0.051,0.136,0.577,0.034,0.103,4.612e-4,0,8.064e-4,0.712,0.712,9.276e-5,985.668,0.001,339.463,0.349,6.4,32.17
33.694,0.111,2643.08,456.9,0.262,0.003,62.546,43.167,0,0.577,0.39,0.051,0.136,0.577,0.028,0.084,2.852e-4,0,7.959e-4,0.712,0.712,-9.403e-5,986.362,0.001,339.486,0.349,6.4,32.17
33.744,0.222,2643.08,456.9,0.262,0.003,62.503,43.167,0,0.577,0.39,0.051,0.136,0.577,0.056,0.168,-3.334e-4,0,7.843e-4,0.712,0.712,-2.113e-5,987.058,0.001,339.509,0.35,6.4,32.17
33.794,0.225,2643.08,456.9,0.262,0.003,62.5,43.167,0,0.578,0.39,0.052,0.136,0.578,0.057,0.171,2.636e-4,0,7.916e-4,0.712,0.712,4.584e-5,987.754,0.001,339.533,0.351,6.4,32.17
33.844,0.042,2643.08,456.9,0.262,0.003,62.576,43.167,0,0.578,0.39,0.052,0.136,0.578,0.011,0.032,3.187e-4,0,7.788e-4,0.712,0.712,1.387e-5,988.452,0.001,339.556,0.351,6.4,32.17
33.894,0.199,2643.08,456.9,0.262,0.003,62.509,43.167,0,0.578,0.39,0.052,0.136,0.578,0.05,0.151,-4.921e-4,0,7.643e-4,0.713,0.712,-4.908e-5,989.151,0.001,339.58,0.352,6.4,32.17
33.944,0.219,2643.08,456.9,0.262,0.003,62.503,43.167,0,0.578,0.39,0.052,0.136,0.578,0.055,0.166,-2.211e-4,0,7.57e-4,0.713,0.712,7.184e-6,989.851,0.001,339.603,0.352,6.4,32.17
33.994,0.127,2643.08,456.9,0.262,0.003,62.538,43.167,0,0.578,0.39,0.052,0.136,0.578,0.032,0.096,-2.678e-4,0,7.583e-4,0.713,0.712,4.815e-5,990.552,0.001,339.627,0.353,6.4,32.17
34.044,0.165,2643.08,456.9,0.262,0.003,62.528,43.167,0,0.578,0.39,0.052,0.136,0.578,0.041,0.125,3.432e-4,0,7.364e-4,0.713,0.712,-5.537e-5,991.255,0.001,339.65,0.353,6.4,32.17
34.094,0.249,2643.08,456.9,0.262,0.003,62.494,43.167,0,0.578,0.39,0.052,0.136,0.579,0.062,0.188,7.76e-5,0,7.281e-4,0.713,0.712,4.024e-6,991.958,0.001,339.674,0.354,6.4,32.17
34.144,0.103,2643.08,456.9,0.262,0.003,62.553,43.167,0,0.579,0.39,0.052,0.136,0.579,0.026,0.078,-2.995e-4,0,7.283e-4,0.713,0.712,6.13e-5,992.663,0.001,339.697,0.354,6.4,32.17
34.194,0.17,2643.08,456.9,0.262,0.003,62.525,43.167,0,0.579,0.39,0.053,0.136,0.579,0.043,0.129,3.297e-4,0,7.279e-4,0.713,0.712,-4.532e-5,993.368,0.001,339.721,0.355,6.4,32.17
34.244,0.232,2643.08,456.9,0.262,0.003,62.503,43.167,0,0.579,0.39,0.053,0.136,0.579,0.058,0.176,-4.653e-4,0,7.262e-4,0.713,0.712,1.425e-5,994.075,0.001,339.745,0.355,6.4,32.17
34.294,0.118,2643.08,456.9,0.262,0.003,62.546,43.167,0,0.579,0.39,0.053,0.136,0.579,0.029,0.089,-4.69e-4,0,7.011e-4,0.713,0.712,2.426e-5,994.782,0.001,339.769,0.356,6.4,32.17
34.344,0.151,2643.08,456.9,0.262,0.003,62.534,43.167,0,0.579,0.39,0.053,0.136,0.579,0.038,0.114,-2.28e-4,0,6.996e-4,0.713,0.712,-4.912e-5,995.491,0.001,339.792,0.356,6.4,32.17
34.394,0.237,2643.08,456.9,0.262,0.003,62.501,43.167,0,0.579,0.39,0.053,0.137,0.579,0.06,0.18,4.875e-4,0,6.958e-4,0.713,0.712,-3.477e-7,996.201,0.001,339.816,0.357,6.4,32.17
34.444,0.1,2643.08,456.9,0.262,0.003,62.557,43.167,0,0.58,0.39,0.053,0.137,0.58,0.025,0.076,-2.81e-5,0,6.709e-4,0.713,0.712,1.034e-5,996.911,0.001,339.84,0.357,6.4,32.17
34.494,0.161,2643.08,456.9,0.262,0.003,62.534,43.167,0,0.58,0.39,0.053,0.137,0.58,0.04,0.122,-3.3e-4,0,6.68e-4,0.713,0.712,-1.905e-5,997.623,0.001,339.864,0.358,6.4,32.17
34.544,0.159,2643.08,456.9,0.262,0.003,62.535,43.167,0,0.58,0.39,0.053,0.137,0.58,0.04,0.12,3.639e-4,0,6.704e-4,0.713,0.712,3.123e-6,998.336,0.001,339.888,0.358,6.4,32.17
34.594,0.131,2643.08,456.9,0.262,0.003,62.542,43.167,0,0.58,0.39,0.053,0.137,0.58,0.033,0.1,9.956e-6,0,6.769e-4,0.713,0.712,-5.761e-6,999.05,0.001,339.912,0.359,6.4,32.17
34.644,0.133,2643.08,456.9,0.262,0.003,62.542,43.167,0,0.58,0.39,0.054,0.137,0.58,0.033,0.101,2.754e-5,0,6.561e-4,0.713,0.712,3.493e-8,999.765,0.001,339.936,0.359,6.4,32.17
34.694,0.113,2643.08,456.9,0.262,0.003,62.552,43.167,0,0.58,0.39,0.054,0.137,0.58,0.028,0.086,8.983e-5,0,6.482e-4,0.713,0.713,9.843e-7,1000.48,0.001,339.96,0.36,6.4,32.17
34.744,0.066,2643.08,456.9,0.262,0.003,62.575,43.167,0,0.58,0.39,0.054,0.137,0.58,0.016,0.05,-2.822e-4,0,6.512e-4,0.713,0.713,-9.096e-6,1001.197,0.001,339.984,0.36,6.4,32.17
34.794,0.139,2643.08,456.9,0.262,0.003,62.546,43.167,0,0.581,0.39,0.054,0.137,0.581,0.035,0.106,2.279e-4,0,6.41e-4,0.713,0.713,-1.052e-5,1001.915,0.001,340.008,0.361,6.4,32.17
34.844,0.072,2643.08,456.9,0.262,0.003,62.574,43.167,0,0.581,0.39,0.054,0.137,0.581,0.018,0.055,-1.654e-4,0,6.152e-4,0.713,0.713,1.348e-5,1002.634,0.001,340.032,0.361,6.4,32.17
34.894,0.077,2643.08,456.9,0.262,0.003,62.569,43.167,0,0.581,0.39,0.054,0.137,0.581,0.019,0.058,-4.225e-5,0,6.281e-4,0.713,0.713,0,1003.354,0.001,340.057,0.362,6.4,32.17
34.944,0.061,2643.08,456.9,0.262,0.003,62.574,43.167,0,0.581,0.39,0.054,0.137,0.581,0.015,0.046,3.695e-5,0,6.255e-4,0.713,0.713,0,1004.074,0.001,340.081,0.362,6.4,32.17
34.994,0.131,2643.08,456.9,0.262,0.003,62.546,43.167,0,0.581,0.39,0.054,0.137,0.581,0.033,0.099,4.02e-4,0,5.977e-4,0.713,0.713,1.307e-6,1004.796,0.001,340.105,0.362,6.4,32.17
35.044,0.065,2643.08,456.9,0.262,0.003,62.574,43.167,0,0.581,0.39,0.054,0.137,0.581,0.016,0.049,1.826e-6,0,5.874e-4,0.713,0.713,5.889e-5,1005.519,0.001,340.129,0.363,6.4,32.17
35.094,0.104,2643.08,456.9,0.262,0.003,62.562,43.167,0,0.581,0.39,0.055,0.137,0.581,0.026,0.079,4.114e-5,0,5.836e-4,0.713,0.713,-6.517e-5,1006.242,0.001,340.154,0.363,6.4,32.17
35.144,0.196,2643.08,456.9,0.262,0.003,62.528,43.167,0,0.582,0.39,0.055,0.137,0.582,0.049,0.149,-1.728e-4,0,5.863e-4,0.713,0.713,-2.34e-7,1006.967,0.001,340.178,0.364,6.4,32.17
35.194,0.103,2643.08,456.9,0.262,0.003,62.56,43.167,0,0.582,0.39,0.055,0.137,0.582,0.026,0.078,3.76e-4,0,5.875e-4,0.714,0.713,5.442e-5,1007.692,0.001,340.202,0.364,6.4,32.17
35.244,0.168,2643.08,456.9,0.262,0.003,62.536,43.167,0,0.582,0.39,0.055,0.137,0.582,0.042,0.128,-4.201e-4,0,5.972e-4,0.714,0.713,-3.796e-5,1008.419,0.001,340.227,0.365,6.4,32.17
35.294,0.175,2643.08,456.9,0.262,0.003,62.532,43.167,0,0.582,0.39,0.055,0.137,0.582,0.044,0.133,-1.411e-5,0,5.66e-4,0.714,0.713,1.52e-7,1009.146,0.001,340.251,0.365,6.4,32.17
35.344,0.062,2643.08,456.9,0.262,0.003,62.582,43.167,0,0.582,0.39,0.055,0.137,0.582,0.016,0.047,4.878e-4,0,5.563e-4,0.714,0.713,1.455e-5,1009.874,0.001,340.276,0.366,6.4,32.17
35.394,0.079,2643.08,456.9,0.262,0.003,62.574,43.167,0,0.582,0.39,0.055,0.137,0.582,0.02,0.061,4.8e-4,0,5.576e-4,0.714,0.713,-1.709e-5,1010.604,0.001,340.3,0.366,6.4,32.17
35.444,0.113,2643.08,456.9,0.262,0.003,62.562,43.167,0,0.582,0.39,0.055,0.137,0.582,0.028,0.086,2.768e-4,0,5.532e-4,0.714,0.713,1.79e-8,1011.334,0.001,340.325,0.366,6.4,32.17
35.494,0.052,2643.08,456.9,0.262,0.003,62.582,43.167,0,0.582,0.39,0.055,0.137,0.582,0.013,0.04,-1.553e-4,0,5.491e-4,0.714,0.713,1.427e-5,1012.065,0.001,340.349,0.367,6.4,32.17
35.544,0.093,2643.08,456.9,0.262,0.003,62.569,43.167,0,0.583,0.39,0.056,0.138,0.583,0.023,0.07,1.521e-4,0,5.329e-4,0.714,0.713,-8.361e-6,1012.796,0.001,340.374,0.367,6.4,32.17
35.594,0.136,2643.08,456.9,0.262,0.003,62.55,43.167,0,0.583,0.39,0.056,0.138,0.583,0.034,0.102,-3.161e-4,0,5.293e-4,0.714,0.713,3.13e-7,1013.25,0.001,340.389,0.368,6.4,32.17
